"barcode"	"cluster"	"library"	"experiment"	"tissue"	"cell_type"	"anatId_a_posteriori"	"anatName_a_posteriori"	"anat_a_posteriori_annotationStatus"	"cellTypeId"	"cellTypeName"	"cellTypeAnnotationStatus"	"name_Library"	"comments"	"internal_cluster_id"
"AAACCCACATCTATCT"	""	"ERX6700411"	"ERP132578"	"testis"	"Elongated_spermatids"	NA	NA	NA	"CL:4030037"	"late spermatid"	"perfect match"	"SN253"	NA	1
"AAACCCACATGACGTT"	""	"ERX6700411"	"ERP132578"	"testis"	"Round_spermatids"	NA	NA	NA	"CL:4030036"	"early spermatid"	"perfect match"	"SN253"	NA	2
"AAACCCAGTATGGAAT"	""	"ERX6700411"	"ERP132578"	"testis"	"Elongated_spermatids"	NA	NA	NA	"CL:4030037"	"late spermatid"	"perfect match"	"SN253"	NA	1
"AAACCCAGTTTAAGGA"	""	"ERX6700411"	"ERP132578"	"testis"	"Other_somatic"	NA	NA	NA	"CL:0002371"	"somatic cell"	"perfect match"	"SN253"	NA	3
"AAACCCATCTAGGCAT"	""	"ERX6700411"	"ERP132578"	"testis"	"Spermatogonia"	NA	NA	NA	"CL:0000020"	"spermatogonium"	"perfect match"	"SN253"	NA	4
"AAACGAAAGACCCGCT"	""	"ERX6700411"	"ERP132578"	"testis"	"Round_spermatids"	NA	NA	NA	"CL:4030036"	"early spermatid"	"perfect match"	"SN253"	NA	2
"AAACGAAAGAGCAGCT"	""	"ERX6700411"	"ERP132578"	"testis"	"Spermatocytes"	NA	NA	NA	"CL:0000017"	"spermatocyte"	"perfect match"	"SN253"	NA	5
"AAACGAAAGGGCAATC"	""	"ERX6700411"	"ERP132578"	"testis"	"Round_spermatids"	NA	NA	NA	"CL:4030036"	"early spermatid"	"perfect match"	"SN253"	NA	2
"AAACGAATCTGCATAG"	""	"ERX6700411"	"ERP132578"	"testis"	"Spermatocytes"	NA	NA	NA	"CL:0000017"	"spermatocyte"	"perfect match"	"SN253"	NA	5
"AAACGCTAGCATAGGC"	""	"ERX6700411"	"ERP132578"	"testis"	"Spermatocytes"	NA	NA	NA	"CL:0000017"	"spermatocyte"	"perfect match"	"SN253"	NA	5
"AAACGCTAGGGCCTCT"	""	"ERX6700411"	"ERP132578"	"testis"	"Spermatocytes"	NA	NA	NA	"CL:0000017"	"spermatocyte"	"perfect match"	"SN253"	NA	5
"AAACGCTCACTGAGGA"	""	"ERX6700411"	"ERP132578"	"testis"	"Round_spermatids"	NA	NA	NA	"CL:4030036"	"early spermatid"	"perfect match"	"SN253"	NA	2
"AAACGCTGTAGTCTTG"	""	"ERX6700411"	"ERP132578"	"testis"	"Round_spermatids"	NA	NA	NA	"CL:4030036"	"early spermatid"	"perfect match"	"SN253"	NA	2
"AAACGCTTCAGTCATG"	""	"ERX6700411"	"ERP132578"	"testis"	"Elongated_spermatids"	NA	NA	NA	"CL:4030037"	"late spermatid"	"perfect match"	"SN253"	NA	1
"AAACGCTTCGTCCATC"	""	"ERX6700411"	"ERP132578"	"testis"	"Round_spermatids"	NA	NA	NA	"CL:4030036"	"early spermatid"	"perfect match"	"SN253"	NA	2
"AAAGAACAGCTGTTCA"	""	"ERX6700411"	"ERP132578"	"testis"	"Other_somatic"	NA	NA	NA	"CL:0002371"	"somatic cell"	"perfect match"	"SN253"	NA	3
"AAAGAACAGCTTAAGA"	""	"ERX6700411"	"ERP132578"	"testis"	"Other_somatic"	NA	NA	NA	"CL:0002371"	"somatic cell"	"perfect match"	"SN253"	NA	3
"AAAGAACAGTCAATCC"	""	"ERX6700411"	"ERP132578"	"testis"	"Spermatogonia"	NA	NA	NA	"CL:0000020"	"spermatogonium"	"perfect match"	"SN253"	NA	4
"AAAGAACCACGTAGTT"	""	"ERX6700411"	"ERP132578"	"testis"	"Round_spermatids"	NA	NA	NA	"CL:4030036"	"early spermatid"	"perfect match"	"SN253"	NA	2
"AAAGGATAGAGGTTAT"	""	"ERX6700411"	"ERP132578"	"testis"	"Round_spermatids"	NA	NA	NA	"CL:4030036"	"early spermatid"	"perfect match"	"SN253"	NA	2
"AAAGGATAGGTGCTGA"	""	"ERX6700411"	"ERP132578"	"testis"	"Spermatocytes"	NA	NA	NA	"CL:0000017"	"spermatocyte"	"perfect match"	"SN253"	NA	5
"AAAGGATAGGTTCCAT"	""	"ERX6700411"	"ERP132578"	"testis"	"Elongated_spermatids"	NA	NA	NA	"CL:4030037"	"late spermatid"	"perfect match"	"SN253"	NA	1
"AAAGGATAGTTAACAG"	""	"ERX6700411"	"ERP132578"	"testis"	"Round_spermatids"	NA	NA	NA	"CL:4030036"	"early spermatid"	"perfect match"	"SN253"	NA	2
"AAAGGATCAGGTTCAT"	""	"ERX6700411"	"ERP132578"	"testis"	"Spermatocytes"	NA	NA	NA	"CL:0000017"	"spermatocyte"	"perfect match"	"SN253"	NA	5
"AAAGGATTCCATTGTT"	""	"ERX6700411"	"ERP132578"	"testis"	"Spermatocytes"	NA	NA	NA	"CL:0000017"	"spermatocyte"	"perfect match"	"SN253"	NA	5
"AAAGGGCAGCTACTGT"	""	"ERX6700411"	"ERP132578"	"testis"	"Round_spermatids"	NA	NA	NA	"CL:4030036"	"early spermatid"	"perfect match"	"SN253"	NA	2
"AAAGGGCAGGTTCCAT"	""	"ERX6700411"	"ERP132578"	"testis"	"Elongated_spermatids"	NA	NA	NA	"CL:4030037"	"late spermatid"	"perfect match"	"SN253"	NA	1
"AAAGGGCGTTCAAAGA"	""	"ERX6700411"	"ERP132578"	"testis"	"Round_spermatids"	NA	NA	NA	"CL:4030036"	"early spermatid"	"perfect match"	"SN253"	NA	2
"AAAGGGCTCCTATTGT"	""	"ERX6700411"	"ERP132578"	"testis"	"Elongated_spermatids"	NA	NA	NA	"CL:4030037"	"late spermatid"	"perfect match"	"SN253"	NA	1
"AAAGGTAGTAACCCTA"	""	"ERX6700411"	"ERP132578"	"testis"	"Round_spermatids"	NA	NA	NA	"CL:4030036"	"early spermatid"	"perfect match"	"SN253"	NA	2
"AAAGGTAGTAGGCTCC"	""	"ERX6700411"	"ERP132578"	"testis"	"Round_spermatids"	NA	NA	NA	"CL:4030036"	"early spermatid"	"perfect match"	"SN253"	NA	2
"AAAGGTAGTTCGGGTC"	""	"ERX6700411"	"ERP132578"	"testis"	"Other_somatic"	NA	NA	NA	"CL:0002371"	"somatic cell"	"perfect match"	"SN253"	NA	3
"AAAGTCCTCGAGAGCA"	""	"ERX6700411"	"ERP132578"	"testis"	"Round_spermatids"	NA	NA	NA	"CL:4030036"	"early spermatid"	"perfect match"	"SN253"	NA	2
"AAAGTGAAGAATCCCT"	""	"ERX6700411"	"ERP132578"	"testis"	"Round_spermatids"	NA	NA	NA	"CL:4030036"	"early spermatid"	"perfect match"	"SN253"	NA	2
"AAAGTGAAGATAGTCA"	""	"ERX6700411"	"ERP132578"	"testis"	"Round_spermatids"	NA	NA	NA	"CL:4030036"	"early spermatid"	"perfect match"	"SN253"	NA	2
"AAAGTGACAACTGAAA"	""	"ERX6700411"	"ERP132578"	"testis"	"Spermatogonia"	NA	NA	NA	"CL:0000020"	"spermatogonium"	"perfect match"	"SN253"	NA	4
"AAAGTGATCAGCTCTC"	""	"ERX6700411"	"ERP132578"	"testis"	"Round_spermatids"	NA	NA	NA	"CL:4030036"	"early spermatid"	"perfect match"	"SN253"	NA	2
"AAATGGAAGATAGCTA"	""	"ERX6700411"	"ERP132578"	"testis"	"Round_spermatids"	NA	NA	NA	"CL:4030036"	"early spermatid"	"perfect match"	"SN253"	NA	2
"AAATGGAAGGGATGTC"	""	"ERX6700411"	"ERP132578"	"testis"	"Elongated_spermatids"	NA	NA	NA	"CL:4030037"	"late spermatid"	"perfect match"	"SN253"	NA	1
"AAATGGAAGTGCGACA"	""	"ERX6700411"	"ERP132578"	"testis"	"Spermatogonia"	NA	NA	NA	"CL:0000020"	"spermatogonium"	"perfect match"	"SN253"	NA	4
"AAATGGACATCCCGTT"	""	"ERX6700411"	"ERP132578"	"testis"	"Spermatogonia"	NA	NA	NA	"CL:0000020"	"spermatogonium"	"perfect match"	"SN253"	NA	4
"AAATGGAGTACCAATC"	""	"ERX6700411"	"ERP132578"	"testis"	"Round_spermatids"	NA	NA	NA	"CL:4030036"	"early spermatid"	"perfect match"	"SN253"	NA	2
"AAATGGATCCACAAGT"	""	"ERX6700411"	"ERP132578"	"testis"	"Spermatogonia"	NA	NA	NA	"CL:0000020"	"spermatogonium"	"perfect match"	"SN253"	NA	4
"AAATGGATCGTACCTC"	""	"ERX6700411"	"ERP132578"	"testis"	"Round_spermatids"	NA	NA	NA	"CL:4030036"	"early spermatid"	"perfect match"	"SN253"	NA	2
"AAATGGATCTATCACT"	""	"ERX6700411"	"ERP132578"	"testis"	"Elongated_spermatids"	NA	NA	NA	"CL:4030037"	"late spermatid"	"perfect match"	"SN253"	NA	1
"AACAAAGGTACAGAAT"	""	"ERX6700411"	"ERP132578"	"testis"	"Elongated_spermatids"	NA	NA	NA	"CL:4030037"	"late spermatid"	"perfect match"	"SN253"	NA	1
"AACAAAGGTCCGAAGA"	""	"ERX6700411"	"ERP132578"	"testis"	"Other_somatic"	NA	NA	NA	"CL:0002371"	"somatic cell"	"perfect match"	"SN253"	NA	3
"AACAAAGGTTATAGCC"	""	"ERX6700411"	"ERP132578"	"testis"	"Round_spermatids"	NA	NA	NA	"CL:4030036"	"early spermatid"	"perfect match"	"SN253"	NA	2
"AACAAAGTCCATTTCA"	""	"ERX6700411"	"ERP132578"	"testis"	"Spermatocytes"	NA	NA	NA	"CL:0000017"	"spermatocyte"	"perfect match"	"SN253"	NA	5
"AACAAAGTCCGATAAC"	""	"ERX6700411"	"ERP132578"	"testis"	"Elongated_spermatids"	NA	NA	NA	"CL:4030037"	"late spermatid"	"perfect match"	"SN253"	NA	1
"AACAACCAGAGTCTTC"	""	"ERX6700411"	"ERP132578"	"testis"	"Round_spermatids"	NA	NA	NA	"CL:4030036"	"early spermatid"	"perfect match"	"SN253"	NA	2
"AACAACCAGCTATCTG"	""	"ERX6700411"	"ERP132578"	"testis"	"Elongated_spermatids"	NA	NA	NA	"CL:4030037"	"late spermatid"	"perfect match"	"SN253"	NA	1
"AACAACCAGGGTTAGC"	""	"ERX6700411"	"ERP132578"	"testis"	"Elongated_spermatids"	NA	NA	NA	"CL:4030037"	"late spermatid"	"perfect match"	"SN253"	NA	1
"AACAAGAAGTATTGCC"	""	"ERX6700411"	"ERP132578"	"testis"	"Round_spermatids"	NA	NA	NA	"CL:4030036"	"early spermatid"	"perfect match"	"SN253"	NA	2
"AACAAGAGTGACCGAA"	""	"ERX6700411"	"ERP132578"	"testis"	"Spermatocytes"	NA	NA	NA	"CL:0000017"	"spermatocyte"	"perfect match"	"SN253"	NA	5
"AACACACGTCGTTATG"	""	"ERX6700411"	"ERP132578"	"testis"	"Elongated_spermatids"	NA	NA	NA	"CL:4030037"	"late spermatid"	"perfect match"	"SN253"	NA	1
"AACACACTCCATAAGC"	""	"ERX6700411"	"ERP132578"	"testis"	"Round_spermatids"	NA	NA	NA	"CL:4030036"	"early spermatid"	"perfect match"	"SN253"	NA	2
"AACACACTCGAGAGAC"	""	"ERX6700411"	"ERP132578"	"testis"	"Round_spermatids"	NA	NA	NA	"CL:4030036"	"early spermatid"	"perfect match"	"SN253"	NA	2
"AACAGGGCACAATGCT"	""	"ERX6700411"	"ERP132578"	"testis"	"Spermatocytes"	NA	NA	NA	"CL:0000017"	"spermatocyte"	"perfect match"	"SN253"	NA	5
"AACAGGGCAGGTACGA"	""	"ERX6700411"	"ERP132578"	"testis"	"Elongated_spermatids"	NA	NA	NA	"CL:4030037"	"late spermatid"	"perfect match"	"SN253"	NA	1
"AACAGGGGTGGTGATG"	""	"ERX6700411"	"ERP132578"	"testis"	"Round_spermatids"	NA	NA	NA	"CL:4030036"	"early spermatid"	"perfect match"	"SN253"	NA	2
"AACAGGGTCAACTCTT"	""	"ERX6700411"	"ERP132578"	"testis"	"Other_somatic"	NA	NA	NA	"CL:0002371"	"somatic cell"	"perfect match"	"SN253"	NA	3
"AACAGGGTCATTCACT"	""	"ERX6700411"	"ERP132578"	"testis"	"Elongated_spermatids"	NA	NA	NA	"CL:4030037"	"late spermatid"	"perfect match"	"SN253"	NA	1
"AACAGGGTCTGAGATC"	""	"ERX6700411"	"ERP132578"	"testis"	"Round_spermatids"	NA	NA	NA	"CL:4030036"	"early spermatid"	"perfect match"	"SN253"	NA	2
"AACCAACCAAAGCTAA"	""	"ERX6700411"	"ERP132578"	"testis"	"Other_somatic"	NA	NA	NA	"CL:0002371"	"somatic cell"	"perfect match"	"SN253"	NA	3
"AACCAACGTGGAACAC"	""	"ERX6700411"	"ERP132578"	"testis"	"Round_spermatids"	NA	NA	NA	"CL:4030036"	"early spermatid"	"perfect match"	"SN253"	NA	2
"AACCAACGTTGAGGAC"	""	"ERX6700411"	"ERP132578"	"testis"	"Round_spermatids"	NA	NA	NA	"CL:4030036"	"early spermatid"	"perfect match"	"SN253"	NA	2
"AACCACACATAGTCAC"	""	"ERX6700411"	"ERP132578"	"testis"	"Round_spermatids"	NA	NA	NA	"CL:4030036"	"early spermatid"	"perfect match"	"SN253"	NA	2
"AACCACAGTTAGGGTG"	""	"ERX6700411"	"ERP132578"	"testis"	"Round_spermatids"	NA	NA	NA	"CL:4030036"	"early spermatid"	"perfect match"	"SN253"	NA	2
"AACCACATCCGTAGTA"	""	"ERX6700411"	"ERP132578"	"testis"	"Round_spermatids"	NA	NA	NA	"CL:4030036"	"early spermatid"	"perfect match"	"SN253"	NA	2
"AACCATGAGAGAAGGT"	""	"ERX6700411"	"ERP132578"	"testis"	"Elongated_spermatids"	NA	NA	NA	"CL:4030037"	"late spermatid"	"perfect match"	"SN253"	NA	1
"AACCATGAGCACCCAC"	""	"ERX6700411"	"ERP132578"	"testis"	"Round_spermatids"	NA	NA	NA	"CL:4030036"	"early spermatid"	"perfect match"	"SN253"	NA	2
"AACCATGAGTGCAACG"	""	"ERX6700411"	"ERP132578"	"testis"	"Spermatocytes"	NA	NA	NA	"CL:0000017"	"spermatocyte"	"perfect match"	"SN253"	NA	5
"AACCATGGTTCTGACA"	""	"ERX6700411"	"ERP132578"	"testis"	"Spermatocytes"	NA	NA	NA	"CL:0000017"	"spermatocyte"	"perfect match"	"SN253"	NA	5
"AACCATGGTTGTTGAC"	""	"ERX6700411"	"ERP132578"	"testis"	"Spermatocytes"	NA	NA	NA	"CL:0000017"	"spermatocyte"	"perfect match"	"SN253"	NA	5
"AACCATGTCAAGCCAT"	""	"ERX6700411"	"ERP132578"	"testis"	"Elongated_spermatids"	NA	NA	NA	"CL:4030037"	"late spermatid"	"perfect match"	"SN253"	NA	1
"AACCATGTCACCCATC"	""	"ERX6700411"	"ERP132578"	"testis"	"Spermatogonia"	NA	NA	NA	"CL:0000020"	"spermatogonium"	"perfect match"	"SN253"	NA	4
"AACCCAAAGCTCCACG"	""	"ERX6700411"	"ERP132578"	"testis"	"Round_spermatids"	NA	NA	NA	"CL:4030036"	"early spermatid"	"perfect match"	"SN253"	NA	2
"AACCCAAAGGCGAACT"	""	"ERX6700411"	"ERP132578"	"testis"	"Round_spermatids"	NA	NA	NA	"CL:4030036"	"early spermatid"	"perfect match"	"SN253"	NA	2
"AACCCAAGTCCGCAGT"	""	"ERX6700411"	"ERP132578"	"testis"	"Round_spermatids"	NA	NA	NA	"CL:4030036"	"early spermatid"	"perfect match"	"SN253"	NA	2
"AACCTGATCACTGCTC"	""	"ERX6700411"	"ERP132578"	"testis"	"Elongated_spermatids"	NA	NA	NA	"CL:4030037"	"late spermatid"	"perfect match"	"SN253"	NA	1
"AACCTGATCCTCTTTC"	""	"ERX6700411"	"ERP132578"	"testis"	"Spermatocytes"	NA	NA	NA	"CL:0000017"	"spermatocyte"	"perfect match"	"SN253"	NA	5
"AACCTTTGTGAGCCAA"	""	"ERX6700411"	"ERP132578"	"testis"	"Elongated_spermatids"	NA	NA	NA	"CL:4030037"	"late spermatid"	"perfect match"	"SN253"	NA	1
"AACCTTTTCAAATGAG"	""	"ERX6700411"	"ERP132578"	"testis"	"Spermatocytes"	NA	NA	NA	"CL:0000017"	"spermatocyte"	"perfect match"	"SN253"	NA	5
"AACCTTTTCAGCTGTA"	""	"ERX6700411"	"ERP132578"	"testis"	"Round_spermatids"	NA	NA	NA	"CL:4030036"	"early spermatid"	"perfect match"	"SN253"	NA	2
"AACCTTTTCTCCGAGG"	""	"ERX6700411"	"ERP132578"	"testis"	"Round_spermatids"	NA	NA	NA	"CL:4030036"	"early spermatid"	"perfect match"	"SN253"	NA	2
"AACGAAAAGATCGCTT"	""	"ERX6700411"	"ERP132578"	"testis"	"Elongated_spermatids"	NA	NA	NA	"CL:4030037"	"late spermatid"	"perfect match"	"SN253"	NA	1
"AACGAAACAACTTCTT"	""	"ERX6700411"	"ERP132578"	"testis"	"Round_spermatids"	NA	NA	NA	"CL:4030036"	"early spermatid"	"perfect match"	"SN253"	NA	2
"AACGAAACATCGATAC"	""	"ERX6700411"	"ERP132578"	"testis"	"Spermatogonia"	NA	NA	NA	"CL:0000020"	"spermatogonium"	"perfect match"	"SN253"	NA	4
"AACGGGAAGGCTCTCG"	""	"ERX6700411"	"ERP132578"	"testis"	"Round_spermatids"	NA	NA	NA	"CL:4030036"	"early spermatid"	"perfect match"	"SN253"	NA	2
"AACGGGACAGAGGTTG"	""	"ERX6700411"	"ERP132578"	"testis"	"Round_spermatids"	NA	NA	NA	"CL:4030036"	"early spermatid"	"perfect match"	"SN253"	NA	2
"AACGGGATCATTACGG"	""	"ERX6700411"	"ERP132578"	"testis"	"Spermatogonia"	NA	NA	NA	"CL:0000020"	"spermatogonium"	"perfect match"	"SN253"	NA	4
"AACGTCAAGAACCGCA"	""	"ERX6700411"	"ERP132578"	"testis"	"Round_spermatids"	NA	NA	NA	"CL:4030036"	"early spermatid"	"perfect match"	"SN253"	NA	2
"AACGTCAAGATGATTG"	""	"ERX6700411"	"ERP132578"	"testis"	"Elongated_spermatids"	NA	NA	NA	"CL:4030037"	"late spermatid"	"perfect match"	"SN253"	NA	1
"AACGTCAAGGGTAATT"	""	"ERX6700411"	"ERP132578"	"testis"	"Round_spermatids"	NA	NA	NA	"CL:4030036"	"early spermatid"	"perfect match"	"SN253"	NA	2
"AACGTCAAGGTTGGAC"	""	"ERX6700411"	"ERP132578"	"testis"	"Round_spermatids"	NA	NA	NA	"CL:4030036"	"early spermatid"	"perfect match"	"SN253"	NA	2
"AACGTCAAGTTCGGTT"	""	"ERX6700411"	"ERP132578"	"testis"	"Spermatogonia"	NA	NA	NA	"CL:0000020"	"spermatogonium"	"perfect match"	"SN253"	NA	4
"AACGTCACAAGCAATA"	""	"ERX6700411"	"ERP132578"	"testis"	"Elongated_spermatids"	NA	NA	NA	"CL:4030037"	"late spermatid"	"perfect match"	"SN253"	NA	1
"AACGTCACAAGGTCGA"	""	"ERX6700411"	"ERP132578"	"testis"	"Round_spermatids"	NA	NA	NA	"CL:4030036"	"early spermatid"	"perfect match"	"SN253"	NA	2
"AACGTCACACATGTTG"	""	"ERX6700411"	"ERP132578"	"testis"	"Round_spermatids"	NA	NA	NA	"CL:4030036"	"early spermatid"	"perfect match"	"SN253"	NA	2
"AACGTCACAGCTTCCT"	""	"ERX6700411"	"ERP132578"	"testis"	"Round_spermatids"	NA	NA	NA	"CL:4030036"	"early spermatid"	"perfect match"	"SN253"	NA	2
"AACGTCATCATCGGGC"	""	"ERX6700411"	"ERP132578"	"testis"	"Round_spermatids"	NA	NA	NA	"CL:4030036"	"early spermatid"	"perfect match"	"SN253"	NA	2
"AACGTCATCTACCAGA"	""	"ERX6700411"	"ERP132578"	"testis"	"Elongated_spermatids"	NA	NA	NA	"CL:4030037"	"late spermatid"	"perfect match"	"SN253"	NA	1
"AACTTCTAGCGGATCA"	""	"ERX6700411"	"ERP132578"	"testis"	"Round_spermatids"	NA	NA	NA	"CL:4030036"	"early spermatid"	"perfect match"	"SN253"	NA	2
"AACTTCTGTTAGTTCG"	""	"ERX6700411"	"ERP132578"	"testis"	"Round_spermatids"	NA	NA	NA	"CL:4030036"	"early spermatid"	"perfect match"	"SN253"	NA	2
"AACTTCTGTTTAGACC"	""	"ERX6700411"	"ERP132578"	"testis"	"Spermatocytes"	NA	NA	NA	"CL:0000017"	"spermatocyte"	"perfect match"	"SN253"	NA	5
"AACTTCTTCGATCCAA"	""	"ERX6700411"	"ERP132578"	"testis"	"Round_spermatids"	NA	NA	NA	"CL:4030036"	"early spermatid"	"perfect match"	"SN253"	NA	2
"AAGAACACACGGAAGT"	""	"ERX6700411"	"ERP132578"	"testis"	"Round_spermatids"	NA	NA	NA	"CL:4030036"	"early spermatid"	"perfect match"	"SN253"	NA	2
"AAGAACAGTATGGTAA"	""	"ERX6700411"	"ERP132578"	"testis"	"Round_spermatids"	NA	NA	NA	"CL:4030036"	"early spermatid"	"perfect match"	"SN253"	NA	2
"AAGAACAGTCGTTATG"	""	"ERX6700411"	"ERP132578"	"testis"	"Spermatogonia"	NA	NA	NA	"CL:0000020"	"spermatogonium"	"perfect match"	"SN253"	NA	4
"AAGAACATCTAACGGT"	""	"ERX6700411"	"ERP132578"	"testis"	"Spermatocytes"	NA	NA	NA	"CL:0000017"	"spermatocyte"	"perfect match"	"SN253"	NA	5
"AAGACAAAGAAGAACG"	""	"ERX6700411"	"ERP132578"	"testis"	"Spermatocytes"	NA	NA	NA	"CL:0000017"	"spermatocyte"	"perfect match"	"SN253"	NA	5
"AAGACAAAGTCATCCA"	""	"ERX6700411"	"ERP132578"	"testis"	"Round_spermatids"	NA	NA	NA	"CL:4030036"	"early spermatid"	"perfect match"	"SN253"	NA	2
"AAGACAACATCCGGTG"	""	"ERX6700411"	"ERP132578"	"testis"	"Other_somatic"	NA	NA	NA	"CL:0002371"	"somatic cell"	"perfect match"	"SN253"	NA	3
"AAGACAAGTTAGGCCC"	""	"ERX6700411"	"ERP132578"	"testis"	"Spermatocytes"	NA	NA	NA	"CL:0000017"	"spermatocyte"	"perfect match"	"SN253"	NA	5
"AAGACAATCCGGCAGT"	""	"ERX6700411"	"ERP132578"	"testis"	"Round_spermatids"	NA	NA	NA	"CL:4030036"	"early spermatid"	"perfect match"	"SN253"	NA	2
"AAGACTCAGAGGCGTT"	""	"ERX6700411"	"ERP132578"	"testis"	"Elongated_spermatids"	NA	NA	NA	"CL:4030037"	"late spermatid"	"perfect match"	"SN253"	NA	1
"AAGACTCGTCATCTAG"	""	"ERX6700411"	"ERP132578"	"testis"	"Round_spermatids"	NA	NA	NA	"CL:4030036"	"early spermatid"	"perfect match"	"SN253"	NA	2
"AAGATAGAGCATCAGG"	""	"ERX6700411"	"ERP132578"	"testis"	"Round_spermatids"	NA	NA	NA	"CL:4030036"	"early spermatid"	"perfect match"	"SN253"	NA	2
"AAGATAGAGTATGACA"	""	"ERX6700411"	"ERP132578"	"testis"	"Spermatocytes"	NA	NA	NA	"CL:0000017"	"spermatocyte"	"perfect match"	"SN253"	NA	5
"AAGATAGTCATCGCCT"	""	"ERX6700411"	"ERP132578"	"testis"	"Elongated_spermatids"	NA	NA	NA	"CL:4030037"	"late spermatid"	"perfect match"	"SN253"	NA	1
"AAGCATCAGCAATTCC"	""	"ERX6700411"	"ERP132578"	"testis"	"Round_spermatids"	NA	NA	NA	"CL:4030036"	"early spermatid"	"perfect match"	"SN253"	NA	2
"AAGCATCGTAACGTTC"	""	"ERX6700411"	"ERP132578"	"testis"	"Spermatogonia"	NA	NA	NA	"CL:0000020"	"spermatogonium"	"perfect match"	"SN253"	NA	4
"AAGCATCGTCAGGTGA"	""	"ERX6700411"	"ERP132578"	"testis"	"Round_spermatids"	NA	NA	NA	"CL:4030036"	"early spermatid"	"perfect match"	"SN253"	NA	2
"AAGCATCGTTGCGTAT"	""	"ERX6700411"	"ERP132578"	"testis"	"Spermatocytes"	NA	NA	NA	"CL:0000017"	"spermatocyte"	"perfect match"	"SN253"	NA	5
"AAGCATCTCGTAATGC"	""	"ERX6700411"	"ERP132578"	"testis"	"Round_spermatids"	NA	NA	NA	"CL:4030036"	"early spermatid"	"perfect match"	"SN253"	NA	2
"AAGCCATTCTCAAAGC"	""	"ERX6700411"	"ERP132578"	"testis"	"Round_spermatids"	NA	NA	NA	"CL:4030036"	"early spermatid"	"perfect match"	"SN253"	NA	2
"AAGCGAGCAAGGCAAC"	""	"ERX6700411"	"ERP132578"	"testis"	"Round_spermatids"	NA	NA	NA	"CL:4030036"	"early spermatid"	"perfect match"	"SN253"	NA	2
"AAGCGAGTCTCCAATT"	""	"ERX6700411"	"ERP132578"	"testis"	"Round_spermatids"	NA	NA	NA	"CL:4030036"	"early spermatid"	"perfect match"	"SN253"	NA	2
"AAGCGTTCAGGGCTTC"	""	"ERX6700411"	"ERP132578"	"testis"	"Elongated_spermatids"	NA	NA	NA	"CL:4030037"	"late spermatid"	"perfect match"	"SN253"	NA	1
"AAGCGTTGTGATCATC"	""	"ERX6700411"	"ERP132578"	"testis"	"Spermatogonia"	NA	NA	NA	"CL:0000020"	"spermatogonium"	"perfect match"	"SN253"	NA	4
"AAGCGTTTCGTGTTCC"	""	"ERX6700411"	"ERP132578"	"testis"	"Elongated_spermatids"	NA	NA	NA	"CL:4030037"	"late spermatid"	"perfect match"	"SN253"	NA	1
"AAGGAATAGAGCATAT"	""	"ERX6700411"	"ERP132578"	"testis"	"Elongated_spermatids"	NA	NA	NA	"CL:4030037"	"late spermatid"	"perfect match"	"SN253"	NA	1
"AAGGAATAGCGACAGT"	""	"ERX6700411"	"ERP132578"	"testis"	"Round_spermatids"	NA	NA	NA	"CL:4030036"	"early spermatid"	"perfect match"	"SN253"	NA	2
"AAGGAATAGTTTGAGA"	""	"ERX6700411"	"ERP132578"	"testis"	"Round_spermatids"	NA	NA	NA	"CL:4030036"	"early spermatid"	"perfect match"	"SN253"	NA	2
"AAGGAATGTTGACGGA"	""	"ERX6700411"	"ERP132578"	"testis"	"Round_spermatids"	NA	NA	NA	"CL:4030036"	"early spermatid"	"perfect match"	"SN253"	NA	2
"AAGGAATTCCATCTGC"	""	"ERX6700411"	"ERP132578"	"testis"	"Round_spermatids"	NA	NA	NA	"CL:4030036"	"early spermatid"	"perfect match"	"SN253"	NA	2
"AAGGTAAGTTCTTGCC"	""	"ERX6700411"	"ERP132578"	"testis"	"Round_spermatids"	NA	NA	NA	"CL:4030036"	"early spermatid"	"perfect match"	"SN253"	NA	2
"AAGGTAATCTGCGTCT"	""	"ERX6700411"	"ERP132578"	"testis"	"Elongated_spermatids"	NA	NA	NA	"CL:4030037"	"late spermatid"	"perfect match"	"SN253"	NA	1
"AAGTACCCAAATAGCA"	""	"ERX6700411"	"ERP132578"	"testis"	"Round_spermatids"	NA	NA	NA	"CL:4030036"	"early spermatid"	"perfect match"	"SN253"	NA	2
"AAGTACCCAGAGTGAC"	""	"ERX6700411"	"ERP132578"	"testis"	"Round_spermatids"	NA	NA	NA	"CL:4030036"	"early spermatid"	"perfect match"	"SN253"	NA	2
"AAGTACCCAGGTGACA"	""	"ERX6700411"	"ERP132578"	"testis"	"Elongated_spermatids"	NA	NA	NA	"CL:4030037"	"late spermatid"	"perfect match"	"SN253"	NA	1
"AAGTACCTCGAGAGCA"	""	"ERX6700411"	"ERP132578"	"testis"	"Round_spermatids"	NA	NA	NA	"CL:4030036"	"early spermatid"	"perfect match"	"SN253"	NA	2
"AAGTACCTCTCTGGTC"	""	"ERX6700411"	"ERP132578"	"testis"	"Round_spermatids"	NA	NA	NA	"CL:4030036"	"early spermatid"	"perfect match"	"SN253"	NA	2
"AAGTCGTAGCCGTTGC"	""	"ERX6700411"	"ERP132578"	"testis"	"Round_spermatids"	NA	NA	NA	"CL:4030036"	"early spermatid"	"perfect match"	"SN253"	NA	2
"AAGTCGTAGTTGCCTA"	""	"ERX6700411"	"ERP132578"	"testis"	"Round_spermatids"	NA	NA	NA	"CL:4030036"	"early spermatid"	"perfect match"	"SN253"	NA	2
"AAGTGAAAGAGCTTTC"	""	"ERX6700411"	"ERP132578"	"testis"	"Elongated_spermatids"	NA	NA	NA	"CL:4030037"	"late spermatid"	"perfect match"	"SN253"	NA	1
"AAGTGAACAGAAATTG"	""	"ERX6700411"	"ERP132578"	"testis"	"Elongated_spermatids"	NA	NA	NA	"CL:4030037"	"late spermatid"	"perfect match"	"SN253"	NA	1
"AAGTGAAGTTCCGGTG"	""	"ERX6700411"	"ERP132578"	"testis"	"Round_spermatids"	NA	NA	NA	"CL:4030036"	"early spermatid"	"perfect match"	"SN253"	NA	2
"AAGTGAATCCGAACGC"	""	"ERX6700411"	"ERP132578"	"testis"	"Elongated_spermatids"	NA	NA	NA	"CL:4030037"	"late spermatid"	"perfect match"	"SN253"	NA	1
"AAGTGAATCGTAATGC"	""	"ERX6700411"	"ERP132578"	"testis"	"Elongated_spermatids"	NA	NA	NA	"CL:4030037"	"late spermatid"	"perfect match"	"SN253"	NA	1
"AAGTGAATCTGCTTTA"	""	"ERX6700411"	"ERP132578"	"testis"	"Round_spermatids"	NA	NA	NA	"CL:4030036"	"early spermatid"	"perfect match"	"SN253"	NA	2
"AAGTTCGAGTCGTTAC"	""	"ERX6700411"	"ERP132578"	"testis"	"Round_spermatids"	NA	NA	NA	"CL:4030036"	"early spermatid"	"perfect match"	"SN253"	NA	2
"AAGTTCGTCACGATAC"	""	"ERX6700411"	"ERP132578"	"testis"	"Spermatocytes"	NA	NA	NA	"CL:0000017"	"spermatocyte"	"perfect match"	"SN253"	NA	5
"AAGTTCGTCTGGACCG"	""	"ERX6700411"	"ERP132578"	"testis"	"Spermatogonia"	NA	NA	NA	"CL:0000020"	"spermatogonium"	"perfect match"	"SN253"	NA	4
"AAGTTCGTCTGGGTCG"	""	"ERX6700411"	"ERP132578"	"testis"	"Other_somatic"	NA	NA	NA	"CL:0002371"	"somatic cell"	"perfect match"	"SN253"	NA	3
"AATAGAGAGAGCTGCA"	""	"ERX6700411"	"ERP132578"	"testis"	"Round_spermatids"	NA	NA	NA	"CL:4030036"	"early spermatid"	"perfect match"	"SN253"	NA	2
"AATCACGAGATTGTGA"	""	"ERX6700411"	"ERP132578"	"testis"	"Spermatocytes"	NA	NA	NA	"CL:0000017"	"spermatocyte"	"perfect match"	"SN253"	NA	5
"AATCACGAGCTAGTTC"	""	"ERX6700411"	"ERP132578"	"testis"	"Round_spermatids"	NA	NA	NA	"CL:4030036"	"early spermatid"	"perfect match"	"SN253"	NA	2
"AATCACGCAAGGCGTA"	""	"ERX6700411"	"ERP132578"	"testis"	"Elongated_spermatids"	NA	NA	NA	"CL:4030037"	"late spermatid"	"perfect match"	"SN253"	NA	1
"AATCACGGTTGCAAGG"	""	"ERX6700411"	"ERP132578"	"testis"	"Spermatocytes"	NA	NA	NA	"CL:0000017"	"spermatocyte"	"perfect match"	"SN253"	NA	5
"AATCACGTCAAGCTTG"	""	"ERX6700411"	"ERP132578"	"testis"	"Round_spermatids"	NA	NA	NA	"CL:4030036"	"early spermatid"	"perfect match"	"SN253"	NA	2
"AATCACGTCTGCTAGA"	""	"ERX6700411"	"ERP132578"	"testis"	"Other_somatic"	NA	NA	NA	"CL:0002371"	"somatic cell"	"perfect match"	"SN253"	NA	3
"AATCGACTCTACGCAA"	""	"ERX6700411"	"ERP132578"	"testis"	"Spermatocytes"	NA	NA	NA	"CL:0000017"	"spermatocyte"	"perfect match"	"SN253"	NA	5
"AATCGTGCAAAGGGTC"	""	"ERX6700411"	"ERP132578"	"testis"	"Spermatogonia"	NA	NA	NA	"CL:0000020"	"spermatogonium"	"perfect match"	"SN253"	NA	4
"AATCGTGCAGAGGTTG"	""	"ERX6700411"	"ERP132578"	"testis"	"Spermatogonia"	NA	NA	NA	"CL:0000020"	"spermatogonium"	"perfect match"	"SN253"	NA	4
"AATCGTGCATCATGAC"	""	"ERX6700411"	"ERP132578"	"testis"	"Round_spermatids"	NA	NA	NA	"CL:4030036"	"early spermatid"	"perfect match"	"SN253"	NA	2
"AATCGTGGTATGGTAA"	""	"ERX6700411"	"ERP132578"	"testis"	"Round_spermatids"	NA	NA	NA	"CL:4030036"	"early spermatid"	"perfect match"	"SN253"	NA	2
"AATCGTGGTGAATAAC"	""	"ERX6700411"	"ERP132578"	"testis"	"Spermatocytes"	NA	NA	NA	"CL:0000017"	"spermatocyte"	"perfect match"	"SN253"	NA	5
"AATGAAGAGTATTCCG"	""	"ERX6700411"	"ERP132578"	"testis"	"Spermatocytes"	NA	NA	NA	"CL:0000017"	"spermatocyte"	"perfect match"	"SN253"	NA	5
"AATGAAGCAATTCACG"	""	"ERX6700411"	"ERP132578"	"testis"	"Round_spermatids"	NA	NA	NA	"CL:4030036"	"early spermatid"	"perfect match"	"SN253"	NA	2
"AATGAAGCATTACTCT"	""	"ERX6700411"	"ERP132578"	"testis"	"Spermatogonia"	NA	NA	NA	"CL:0000020"	"spermatogonium"	"perfect match"	"SN253"	NA	4
"AATGAAGTCAACCGAT"	""	"ERX6700411"	"ERP132578"	"testis"	"Elongated_spermatids"	NA	NA	NA	"CL:4030037"	"late spermatid"	"perfect match"	"SN253"	NA	1
"AATGAAGTCCTCACCA"	""	"ERX6700411"	"ERP132578"	"testis"	"Elongated_spermatids"	NA	NA	NA	"CL:4030037"	"late spermatid"	"perfect match"	"SN253"	NA	1
"AATGAAGTCGACGCTG"	""	"ERX6700411"	"ERP132578"	"testis"	"Round_spermatids"	NA	NA	NA	"CL:4030036"	"early spermatid"	"perfect match"	"SN253"	NA	2
"AATGAAGTCGAGAAGC"	""	"ERX6700411"	"ERP132578"	"testis"	"Elongated_spermatids"	NA	NA	NA	"CL:4030037"	"late spermatid"	"perfect match"	"SN253"	NA	1
"AATGACCGTGAGAGGG"	""	"ERX6700411"	"ERP132578"	"testis"	"Elongated_spermatids"	NA	NA	NA	"CL:4030037"	"late spermatid"	"perfect match"	"SN253"	NA	1
"AATGCCAAGGCTTAGG"	""	"ERX6700411"	"ERP132578"	"testis"	"Elongated_spermatids"	NA	NA	NA	"CL:4030037"	"late spermatid"	"perfect match"	"SN253"	NA	1
"AATGCCAAGGTCCGAA"	""	"ERX6700411"	"ERP132578"	"testis"	"Spermatocytes"	NA	NA	NA	"CL:0000017"	"spermatocyte"	"perfect match"	"SN253"	NA	5
"AATGCCACACTTTATC"	""	"ERX6700411"	"ERP132578"	"testis"	"Spermatocytes"	NA	NA	NA	"CL:0000017"	"spermatocyte"	"perfect match"	"SN253"	NA	5
"AATGCCACAGGTCAAG"	""	"ERX6700411"	"ERP132578"	"testis"	"Spermatogonia"	NA	NA	NA	"CL:0000020"	"spermatogonium"	"perfect match"	"SN253"	NA	4
"AATGCCAGTGTTGATC"	""	"ERX6700411"	"ERP132578"	"testis"	"Elongated_spermatids"	NA	NA	NA	"CL:4030037"	"late spermatid"	"perfect match"	"SN253"	NA	1
"AATGCCATCAATGTCG"	""	"ERX6700411"	"ERP132578"	"testis"	"Round_spermatids"	NA	NA	NA	"CL:4030036"	"early spermatid"	"perfect match"	"SN253"	NA	2
"AATGGAACACGGTGCT"	""	"ERX6700411"	"ERP132578"	"testis"	"Round_spermatids"	NA	NA	NA	"CL:4030036"	"early spermatid"	"perfect match"	"SN253"	NA	2
"AATGGAACAGAAATTG"	""	"ERX6700411"	"ERP132578"	"testis"	"Round_spermatids"	NA	NA	NA	"CL:4030036"	"early spermatid"	"perfect match"	"SN253"	NA	2
"AATGGAATCCGTGTAA"	""	"ERX6700411"	"ERP132578"	"testis"	"Spermatocytes"	NA	NA	NA	"CL:0000017"	"spermatocyte"	"perfect match"	"SN253"	NA	5
"AATGGAATCTGCTCTG"	""	"ERX6700411"	"ERP132578"	"testis"	"Spermatocytes"	NA	NA	NA	"CL:0000017"	"spermatocyte"	"perfect match"	"SN253"	NA	5
"AATGGCTAGCGTGCCT"	""	"ERX6700411"	"ERP132578"	"testis"	"Spermatogonia"	NA	NA	NA	"CL:0000020"	"spermatogonium"	"perfect match"	"SN253"	NA	4
"AATGGCTCACCAGCCA"	""	"ERX6700411"	"ERP132578"	"testis"	"Spermatocytes"	NA	NA	NA	"CL:0000017"	"spermatocyte"	"perfect match"	"SN253"	NA	5
"AATGGCTTCAGGACGA"	""	"ERX6700411"	"ERP132578"	"testis"	"Spermatocytes"	NA	NA	NA	"CL:0000017"	"spermatocyte"	"perfect match"	"SN253"	NA	5
"AATGGCTTCCTGCCAT"	""	"ERX6700411"	"ERP132578"	"testis"	"Elongated_spermatids"	NA	NA	NA	"CL:4030037"	"late spermatid"	"perfect match"	"SN253"	NA	1
"AATTCCTAGGAATCGC"	""	"ERX6700411"	"ERP132578"	"testis"	"Spermatocytes"	NA	NA	NA	"CL:0000017"	"spermatocyte"	"perfect match"	"SN253"	NA	5
"AATTCCTCAAAGCTAA"	""	"ERX6700411"	"ERP132578"	"testis"	"Spermatocytes"	NA	NA	NA	"CL:0000017"	"spermatocyte"	"perfect match"	"SN253"	NA	5
"AATTCCTGTGGACTAG"	""	"ERX6700411"	"ERP132578"	"testis"	"Round_spermatids"	NA	NA	NA	"CL:4030036"	"early spermatid"	"perfect match"	"SN253"	NA	2
"AATTTCCCAACACTAC"	""	"ERX6700411"	"ERP132578"	"testis"	"Spermatocytes"	NA	NA	NA	"CL:0000017"	"spermatocyte"	"perfect match"	"SN253"	NA	5
"AATTTCCCACGGCGTT"	""	"ERX6700411"	"ERP132578"	"testis"	"Other_somatic"	NA	NA	NA	"CL:0002371"	"somatic cell"	"perfect match"	"SN253"	NA	3
"AATTTCCCACTCCGGA"	""	"ERX6700411"	"ERP132578"	"testis"	"Round_spermatids"	NA	NA	NA	"CL:4030036"	"early spermatid"	"perfect match"	"SN253"	NA	2
"AATTTCCCACTTTAGG"	""	"ERX6700411"	"ERP132578"	"testis"	"Round_spermatids"	NA	NA	NA	"CL:4030036"	"early spermatid"	"perfect match"	"SN253"	NA	2
"AATTTCCGTTCGGGTC"	""	"ERX6700411"	"ERP132578"	"testis"	"Elongated_spermatids"	NA	NA	NA	"CL:4030037"	"late spermatid"	"perfect match"	"SN253"	NA	1
"AATTTCCGTTGTCCCT"	""	"ERX6700411"	"ERP132578"	"testis"	"Elongated_spermatids"	NA	NA	NA	"CL:4030037"	"late spermatid"	"perfect match"	"SN253"	NA	1
"AATTTCCTCAGGGTAG"	""	"ERX6700411"	"ERP132578"	"testis"	"Elongated_spermatids"	NA	NA	NA	"CL:4030037"	"late spermatid"	"perfect match"	"SN253"	NA	1
"ACAAAGAGTCCTCATC"	""	"ERX6700411"	"ERP132578"	"testis"	"Round_spermatids"	NA	NA	NA	"CL:4030036"	"early spermatid"	"perfect match"	"SN253"	NA	2
"ACAAAGATCCCTCGAT"	""	"ERX6700411"	"ERP132578"	"testis"	"Spermatocytes"	NA	NA	NA	"CL:0000017"	"spermatocyte"	"perfect match"	"SN253"	NA	5
"ACAAAGATCCGATGCG"	""	"ERX6700411"	"ERP132578"	"testis"	"Round_spermatids"	NA	NA	NA	"CL:4030036"	"early spermatid"	"perfect match"	"SN253"	NA	2
"ACAACCAAGATGGCGT"	""	"ERX6700411"	"ERP132578"	"testis"	"Round_spermatids"	NA	NA	NA	"CL:4030036"	"early spermatid"	"perfect match"	"SN253"	NA	2
"ACAACCACAAAGGCTG"	""	"ERX6700411"	"ERP132578"	"testis"	"Round_spermatids"	NA	NA	NA	"CL:4030036"	"early spermatid"	"perfect match"	"SN253"	NA	2
"ACAACCATCCCTCTAG"	""	"ERX6700411"	"ERP132578"	"testis"	"Elongated_spermatids"	NA	NA	NA	"CL:4030037"	"late spermatid"	"perfect match"	"SN253"	NA	1
"ACAACCATCGGCATCG"	""	"ERX6700411"	"ERP132578"	"testis"	"Round_spermatids"	NA	NA	NA	"CL:4030036"	"early spermatid"	"perfect match"	"SN253"	NA	2
"ACAAGCTAGGATTCCT"	""	"ERX6700411"	"ERP132578"	"testis"	"Round_spermatids"	NA	NA	NA	"CL:4030036"	"early spermatid"	"perfect match"	"SN253"	NA	2
"ACAAGCTCACATTGTG"	""	"ERX6700411"	"ERP132578"	"testis"	"Spermatocytes"	NA	NA	NA	"CL:0000017"	"spermatocyte"	"perfect match"	"SN253"	NA	5
"ACAAGCTCAGTAGTGG"	""	"ERX6700411"	"ERP132578"	"testis"	"Round_spermatids"	NA	NA	NA	"CL:4030036"	"early spermatid"	"perfect match"	"SN253"	NA	2
"ACAAGCTCATTGAGCT"	""	"ERX6700411"	"ERP132578"	"testis"	"Spermatocytes"	NA	NA	NA	"CL:0000017"	"spermatocyte"	"perfect match"	"SN253"	NA	5
"ACAAGCTTCTCCCAAC"	""	"ERX6700411"	"ERP132578"	"testis"	"Elongated_spermatids"	NA	NA	NA	"CL:4030037"	"late spermatid"	"perfect match"	"SN253"	NA	1
"ACACAGTAGCGTGAAC"	""	"ERX6700411"	"ERP132578"	"testis"	"Spermatocytes"	NA	NA	NA	"CL:0000017"	"spermatocyte"	"perfect match"	"SN253"	NA	5
"ACACAGTAGGCATCGA"	""	"ERX6700411"	"ERP132578"	"testis"	"Spermatogonia"	NA	NA	NA	"CL:0000020"	"spermatogonium"	"perfect match"	"SN253"	NA	4
"ACACAGTGTCTTAGTG"	""	"ERX6700411"	"ERP132578"	"testis"	"Spermatocytes"	NA	NA	NA	"CL:0000017"	"spermatocyte"	"perfect match"	"SN253"	NA	5
"ACACCAAAGTGCCGAA"	""	"ERX6700411"	"ERP132578"	"testis"	"Elongated_spermatids"	NA	NA	NA	"CL:4030037"	"late spermatid"	"perfect match"	"SN253"	NA	1
"ACACCAAGTATCGTAC"	""	"ERX6700411"	"ERP132578"	"testis"	"Round_spermatids"	NA	NA	NA	"CL:4030036"	"early spermatid"	"perfect match"	"SN253"	NA	2
"ACACCAATCTCTATGT"	""	"ERX6700411"	"ERP132578"	"testis"	"Round_spermatids"	NA	NA	NA	"CL:4030036"	"early spermatid"	"perfect match"	"SN253"	NA	2
"ACACCAATCTTCTTCC"	""	"ERX6700411"	"ERP132578"	"testis"	"Spermatogonia"	NA	NA	NA	"CL:0000020"	"spermatogonium"	"perfect match"	"SN253"	NA	4
"ACACGCGAGAGGCTGT"	""	"ERX6700411"	"ERP132578"	"testis"	"Round_spermatids"	NA	NA	NA	"CL:4030036"	"early spermatid"	"perfect match"	"SN253"	NA	2
"ACACGCGAGCTGACCC"	""	"ERX6700411"	"ERP132578"	"testis"	"Other_somatic"	NA	NA	NA	"CL:0002371"	"somatic cell"	"perfect match"	"SN253"	NA	3
"ACACGCGCATCGCTGG"	""	"ERX6700411"	"ERP132578"	"testis"	"Elongated_spermatids"	NA	NA	NA	"CL:4030037"	"late spermatid"	"perfect match"	"SN253"	NA	1
"ACACTGATCTCTCTTC"	""	"ERX6700411"	"ERP132578"	"testis"	"Spermatogonia"	NA	NA	NA	"CL:0000020"	"spermatogonium"	"perfect match"	"SN253"	NA	4
"ACAGAAAAGGAAGAAC"	""	"ERX6700411"	"ERP132578"	"testis"	"Round_spermatids"	NA	NA	NA	"CL:4030036"	"early spermatid"	"perfect match"	"SN253"	NA	2
"ACAGAAAAGGTTATAG"	""	"ERX6700411"	"ERP132578"	"testis"	"Round_spermatids"	NA	NA	NA	"CL:4030036"	"early spermatid"	"perfect match"	"SN253"	NA	2
"ACAGAAACAGAGGACT"	""	"ERX6700411"	"ERP132578"	"testis"	"Round_spermatids"	NA	NA	NA	"CL:4030036"	"early spermatid"	"perfect match"	"SN253"	NA	2
"ACAGAAAGTAAGGTCG"	""	"ERX6700411"	"ERP132578"	"testis"	"Round_spermatids"	NA	NA	NA	"CL:4030036"	"early spermatid"	"perfect match"	"SN253"	NA	2
"ACAGAAAGTACTAGCT"	""	"ERX6700411"	"ERP132578"	"testis"	"Round_spermatids"	NA	NA	NA	"CL:4030036"	"early spermatid"	"perfect match"	"SN253"	NA	2
"ACAGAAATCTTTGCGC"	""	"ERX6700411"	"ERP132578"	"testis"	"Spermatocytes"	NA	NA	NA	"CL:0000017"	"spermatocyte"	"perfect match"	"SN253"	NA	5
"ACAGCCGAGGCTCAAG"	""	"ERX6700411"	"ERP132578"	"testis"	"Round_spermatids"	NA	NA	NA	"CL:4030036"	"early spermatid"	"perfect match"	"SN253"	NA	2
"ACAGCCGCAAATGGCG"	""	"ERX6700411"	"ERP132578"	"testis"	"Spermatogonia"	NA	NA	NA	"CL:0000020"	"spermatogonium"	"perfect match"	"SN253"	NA	4
"ACAGCCGCACGAGGTA"	""	"ERX6700411"	"ERP132578"	"testis"	"Spermatocytes"	NA	NA	NA	"CL:0000017"	"spermatocyte"	"perfect match"	"SN253"	NA	5
"ACAGCCGCACGGCTAC"	""	"ERX6700411"	"ERP132578"	"testis"	"Elongated_spermatids"	NA	NA	NA	"CL:4030037"	"late spermatid"	"perfect match"	"SN253"	NA	1
"ACAGCCGTCAGGACAG"	""	"ERX6700411"	"ERP132578"	"testis"	"Round_spermatids"	NA	NA	NA	"CL:4030036"	"early spermatid"	"perfect match"	"SN253"	NA	2
"ACAGGGAAGCTAGAGC"	""	"ERX6700411"	"ERP132578"	"testis"	"Spermatocytes"	NA	NA	NA	"CL:0000017"	"spermatocyte"	"perfect match"	"SN253"	NA	5
"ACAGGGAAGTAGCATA"	""	"ERX6700411"	"ERP132578"	"testis"	"Round_spermatids"	NA	NA	NA	"CL:4030036"	"early spermatid"	"perfect match"	"SN253"	NA	2
"ACATCCCAGAGGTCAC"	""	"ERX6700411"	"ERP132578"	"testis"	"Round_spermatids"	NA	NA	NA	"CL:4030036"	"early spermatid"	"perfect match"	"SN253"	NA	2
"ACATCCCAGCGGACAT"	""	"ERX6700411"	"ERP132578"	"testis"	"Round_spermatids"	NA	NA	NA	"CL:4030036"	"early spermatid"	"perfect match"	"SN253"	NA	2
"ACATCCCCAGAACTAA"	""	"ERX6700411"	"ERP132578"	"testis"	"Elongated_spermatids"	NA	NA	NA	"CL:4030037"	"late spermatid"	"perfect match"	"SN253"	NA	1
"ACATCCCCAGTATTCG"	""	"ERX6700411"	"ERP132578"	"testis"	"Round_spermatids"	NA	NA	NA	"CL:4030036"	"early spermatid"	"perfect match"	"SN253"	NA	2
"ACATCCCTCACCGGGT"	""	"ERX6700411"	"ERP132578"	"testis"	"Elongated_spermatids"	NA	NA	NA	"CL:4030037"	"late spermatid"	"perfect match"	"SN253"	NA	1
"ACATCCCTCCACCCTA"	""	"ERX6700411"	"ERP132578"	"testis"	"Other_somatic"	NA	NA	NA	"CL:0002371"	"somatic cell"	"perfect match"	"SN253"	NA	3
"ACATCGATCCGCTGTT"	""	"ERX6700411"	"ERP132578"	"testis"	"Spermatocytes"	NA	NA	NA	"CL:0000017"	"spermatocyte"	"perfect match"	"SN253"	NA	5
"ACATCGATCTGGCCAG"	""	"ERX6700411"	"ERP132578"	"testis"	"Spermatocytes"	NA	NA	NA	"CL:0000017"	"spermatocyte"	"perfect match"	"SN253"	NA	5
"ACATGCAAGACCTTTG"	""	"ERX6700411"	"ERP132578"	"testis"	"Spermatogonia"	NA	NA	NA	"CL:0000020"	"spermatogonium"	"perfect match"	"SN253"	NA	4
"ACATGCAGTAGCTGCC"	""	"ERX6700411"	"ERP132578"	"testis"	"Round_spermatids"	NA	NA	NA	"CL:4030036"	"early spermatid"	"perfect match"	"SN253"	NA	2
"ACATTTCTCCCGTAAA"	""	"ERX6700411"	"ERP132578"	"testis"	"Round_spermatids"	NA	NA	NA	"CL:4030036"	"early spermatid"	"perfect match"	"SN253"	NA	2
"ACATTTCTCCGAGATT"	""	"ERX6700411"	"ERP132578"	"testis"	"Round_spermatids"	NA	NA	NA	"CL:4030036"	"early spermatid"	"perfect match"	"SN253"	NA	2
"ACATTTCTCGGTAACT"	""	"ERX6700411"	"ERP132578"	"testis"	"Round_spermatids"	NA	NA	NA	"CL:4030036"	"early spermatid"	"perfect match"	"SN253"	NA	2
"ACCAAACCACGAGGTA"	""	"ERX6700411"	"ERP132578"	"testis"	"Spermatocytes"	NA	NA	NA	"CL:0000017"	"spermatocyte"	"perfect match"	"SN253"	NA	5
"ACCAAACCAGGACGAT"	""	"ERX6700411"	"ERP132578"	"testis"	"Round_spermatids"	NA	NA	NA	"CL:4030036"	"early spermatid"	"perfect match"	"SN253"	NA	2
"ACCAAACGTATGTCAC"	""	"ERX6700411"	"ERP132578"	"testis"	"Elongated_spermatids"	NA	NA	NA	"CL:4030037"	"late spermatid"	"perfect match"	"SN253"	NA	1
"ACCAAACTCATTCGGA"	""	"ERX6700411"	"ERP132578"	"testis"	"Round_spermatids"	NA	NA	NA	"CL:4030036"	"early spermatid"	"perfect match"	"SN253"	NA	2
"ACCAACAAGGTGAGAA"	""	"ERX6700411"	"ERP132578"	"testis"	"Elongated_spermatids"	NA	NA	NA	"CL:4030037"	"late spermatid"	"perfect match"	"SN253"	NA	1
"ACCAACAAGTCGAAGC"	""	"ERX6700411"	"ERP132578"	"testis"	"Spermatocytes"	NA	NA	NA	"CL:0000017"	"spermatocyte"	"perfect match"	"SN253"	NA	5
"ACCAACAAGTGACACG"	""	"ERX6700411"	"ERP132578"	"testis"	"Elongated_spermatids"	NA	NA	NA	"CL:4030037"	"late spermatid"	"perfect match"	"SN253"	NA	1
"ACCAACACAACCCTCT"	""	"ERX6700411"	"ERP132578"	"testis"	"Elongated_spermatids"	NA	NA	NA	"CL:4030037"	"late spermatid"	"perfect match"	"SN253"	NA	1
"ACCAACACAGCATACT"	""	"ERX6700411"	"ERP132578"	"testis"	"Round_spermatids"	NA	NA	NA	"CL:4030036"	"early spermatid"	"perfect match"	"SN253"	NA	2
"ACCAACAGTCTTGGTA"	""	"ERX6700411"	"ERP132578"	"testis"	"Spermatocytes"	NA	NA	NA	"CL:0000017"	"spermatocyte"	"perfect match"	"SN253"	NA	5
"ACCAACATCTAGCCAA"	""	"ERX6700411"	"ERP132578"	"testis"	"Other_somatic"	NA	NA	NA	"CL:0002371"	"somatic cell"	"perfect match"	"SN253"	NA	3
"ACCACAACACTTGACA"	""	"ERX6700411"	"ERP132578"	"testis"	"Round_spermatids"	NA	NA	NA	"CL:4030036"	"early spermatid"	"perfect match"	"SN253"	NA	2
"ACCACAACAGGAACCA"	""	"ERX6700411"	"ERP132578"	"testis"	"Round_spermatids"	NA	NA	NA	"CL:4030036"	"early spermatid"	"perfect match"	"SN253"	NA	2
"ACCATTTAGCTACGTT"	""	"ERX6700411"	"ERP132578"	"testis"	"Elongated_spermatids"	NA	NA	NA	"CL:4030037"	"late spermatid"	"perfect match"	"SN253"	NA	1
"ACCATTTCACGCGCAT"	""	"ERX6700411"	"ERP132578"	"testis"	"Round_spermatids"	NA	NA	NA	"CL:4030036"	"early spermatid"	"perfect match"	"SN253"	NA	2
"ACCATTTGTACGCGTC"	""	"ERX6700411"	"ERP132578"	"testis"	"Round_spermatids"	NA	NA	NA	"CL:4030036"	"early spermatid"	"perfect match"	"SN253"	NA	2
"ACCATTTGTTACGTAC"	""	"ERX6700411"	"ERP132578"	"testis"	"Round_spermatids"	NA	NA	NA	"CL:4030036"	"early spermatid"	"perfect match"	"SN253"	NA	2
"ACCCAAAAGACTACGG"	""	"ERX6700411"	"ERP132578"	"testis"	"Spermatocytes"	NA	NA	NA	"CL:0000017"	"spermatocyte"	"perfect match"	"SN253"	NA	5
"ACCCAAAAGATGTTCC"	""	"ERX6700411"	"ERP132578"	"testis"	"Elongated_spermatids"	NA	NA	NA	"CL:4030037"	"late spermatid"	"perfect match"	"SN253"	NA	1
"ACCCAAAAGGCCTTGC"	""	"ERX6700411"	"ERP132578"	"testis"	"Elongated_spermatids"	NA	NA	NA	"CL:4030037"	"late spermatid"	"perfect match"	"SN253"	NA	1
"ACCCAAACAACTAGAA"	""	"ERX6700411"	"ERP132578"	"testis"	"Round_spermatids"	NA	NA	NA	"CL:4030036"	"early spermatid"	"perfect match"	"SN253"	NA	2
"ACCCAAAGTTGGCCTG"	""	"ERX6700411"	"ERP132578"	"testis"	"Elongated_spermatids"	NA	NA	NA	"CL:4030037"	"late spermatid"	"perfect match"	"SN253"	NA	1
"ACCCAAATCCCGGTAG"	""	"ERX6700411"	"ERP132578"	"testis"	"Spermatocytes"	NA	NA	NA	"CL:0000017"	"spermatocyte"	"perfect match"	"SN253"	NA	5
"ACCCTCACAAATCGTC"	""	"ERX6700411"	"ERP132578"	"testis"	"Elongated_spermatids"	NA	NA	NA	"CL:4030037"	"late spermatid"	"perfect match"	"SN253"	NA	1
"ACCCTCACAAGTGGAC"	""	"ERX6700411"	"ERP132578"	"testis"	"Round_spermatids"	NA	NA	NA	"CL:4030036"	"early spermatid"	"perfect match"	"SN253"	NA	2
"ACCCTCAGTAGGTCAG"	""	"ERX6700411"	"ERP132578"	"testis"	"Elongated_spermatids"	NA	NA	NA	"CL:4030037"	"late spermatid"	"perfect match"	"SN253"	NA	1
"ACCCTCAGTCGCCACA"	""	"ERX6700411"	"ERP132578"	"testis"	"Round_spermatids"	NA	NA	NA	"CL:4030036"	"early spermatid"	"perfect match"	"SN253"	NA	2
"ACCCTCAGTCTCCCTA"	""	"ERX6700411"	"ERP132578"	"testis"	"Round_spermatids"	NA	NA	NA	"CL:4030036"	"early spermatid"	"perfect match"	"SN253"	NA	2
"ACCCTTGAGGTTCACT"	""	"ERX6700411"	"ERP132578"	"testis"	"Elongated_spermatids"	NA	NA	NA	"CL:4030037"	"late spermatid"	"perfect match"	"SN253"	NA	1
"ACCCTTGCAACGGCTC"	""	"ERX6700411"	"ERP132578"	"testis"	"Spermatogonia"	NA	NA	NA	"CL:0000020"	"spermatogonium"	"perfect match"	"SN253"	NA	4
"ACCCTTGCAATCCAGT"	""	"ERX6700411"	"ERP132578"	"testis"	"Round_spermatids"	NA	NA	NA	"CL:4030036"	"early spermatid"	"perfect match"	"SN253"	NA	2
"ACCCTTGGTGTTCAGT"	""	"ERX6700411"	"ERP132578"	"testis"	"Other_somatic"	NA	NA	NA	"CL:0002371"	"somatic cell"	"perfect match"	"SN253"	NA	3
"ACCCTTGGTTAAGAAC"	""	"ERX6700411"	"ERP132578"	"testis"	"Round_spermatids"	NA	NA	NA	"CL:4030036"	"early spermatid"	"perfect match"	"SN253"	NA	2
"ACCCTTGTCAGACCCG"	""	"ERX6700411"	"ERP132578"	"testis"	"Round_spermatids"	NA	NA	NA	"CL:4030036"	"early spermatid"	"perfect match"	"SN253"	NA	2
"ACCCTTGTCGAGATGG"	""	"ERX6700411"	"ERP132578"	"testis"	"Spermatocytes"	NA	NA	NA	"CL:0000017"	"spermatocyte"	"perfect match"	"SN253"	NA	5
"ACCGTTCCAGATGCGA"	""	"ERX6700411"	"ERP132578"	"testis"	"Round_spermatids"	NA	NA	NA	"CL:4030036"	"early spermatid"	"perfect match"	"SN253"	NA	2
"ACCGTTCGTCTTGTCC"	""	"ERX6700411"	"ERP132578"	"testis"	"Elongated_spermatids"	NA	NA	NA	"CL:4030037"	"late spermatid"	"perfect match"	"SN253"	NA	1
"ACCGTTCTCGAACGGA"	""	"ERX6700411"	"ERP132578"	"testis"	"Round_spermatids"	NA	NA	NA	"CL:4030036"	"early spermatid"	"perfect match"	"SN253"	NA	2
"ACCGTTCTCGGTCATA"	""	"ERX6700411"	"ERP132578"	"testis"	"Spermatocytes"	NA	NA	NA	"CL:0000017"	"spermatocyte"	"perfect match"	"SN253"	NA	5
"ACCTACCCAGCGTACC"	""	"ERX6700411"	"ERP132578"	"testis"	"Round_spermatids"	NA	NA	NA	"CL:4030036"	"early spermatid"	"perfect match"	"SN253"	NA	2
"ACCTGAAAGGCGCTTC"	""	"ERX6700411"	"ERP132578"	"testis"	"Round_spermatids"	NA	NA	NA	"CL:4030036"	"early spermatid"	"perfect match"	"SN253"	NA	2
"ACCTGAACACAAAGTA"	""	"ERX6700411"	"ERP132578"	"testis"	"Elongated_spermatids"	NA	NA	NA	"CL:4030037"	"late spermatid"	"perfect match"	"SN253"	NA	1
"ACCTGAACATAGACTC"	""	"ERX6700411"	"ERP132578"	"testis"	"Round_spermatids"	NA	NA	NA	"CL:4030036"	"early spermatid"	"perfect match"	"SN253"	NA	2
"ACGATCAAGGTAAAGG"	""	"ERX6700411"	"ERP132578"	"testis"	"Round_spermatids"	NA	NA	NA	"CL:4030036"	"early spermatid"	"perfect match"	"SN253"	NA	2
"ACGATCAGTAGGAAAG"	""	"ERX6700411"	"ERP132578"	"testis"	"Spermatogonia"	NA	NA	NA	"CL:0000020"	"spermatogonium"	"perfect match"	"SN253"	NA	4
"ACGATGTAGGACAAGA"	""	"ERX6700411"	"ERP132578"	"testis"	"Other_somatic"	NA	NA	NA	"CL:0002371"	"somatic cell"	"perfect match"	"SN253"	NA	3
"ACGCACGGTCGTAATC"	""	"ERX6700411"	"ERP132578"	"testis"	"Elongated_spermatids"	NA	NA	NA	"CL:4030037"	"late spermatid"	"perfect match"	"SN253"	NA	1
"ACGCACGGTCTACATG"	""	"ERX6700411"	"ERP132578"	"testis"	"Spermatocytes"	NA	NA	NA	"CL:0000017"	"spermatocyte"	"perfect match"	"SN253"	NA	5
"ACGCACGGTTCTCCCA"	""	"ERX6700411"	"ERP132578"	"testis"	"Elongated_spermatids"	NA	NA	NA	"CL:4030037"	"late spermatid"	"perfect match"	"SN253"	NA	1
"ACGCACGTCCAAATGC"	""	"ERX6700411"	"ERP132578"	"testis"	"Round_spermatids"	NA	NA	NA	"CL:4030036"	"early spermatid"	"perfect match"	"SN253"	NA	2
"ACGCACGTCGTCGGGT"	""	"ERX6700411"	"ERP132578"	"testis"	"Round_spermatids"	NA	NA	NA	"CL:4030036"	"early spermatid"	"perfect match"	"SN253"	NA	2
"ACGGAAGCAATAGTGA"	""	"ERX6700411"	"ERP132578"	"testis"	"Round_spermatids"	NA	NA	NA	"CL:4030036"	"early spermatid"	"perfect match"	"SN253"	NA	2
"ACGGAAGTCCTTTGAT"	""	"ERX6700411"	"ERP132578"	"testis"	"Round_spermatids"	NA	NA	NA	"CL:4030036"	"early spermatid"	"perfect match"	"SN253"	NA	2
"ACGGGTCAGATCGCTT"	""	"ERX6700411"	"ERP132578"	"testis"	"Spermatocytes"	NA	NA	NA	"CL:0000017"	"spermatocyte"	"perfect match"	"SN253"	NA	5
"ACGGGTCAGGCTTAGG"	""	"ERX6700411"	"ERP132578"	"testis"	"Round_spermatids"	NA	NA	NA	"CL:4030036"	"early spermatid"	"perfect match"	"SN253"	NA	2
"ACGGGTCTCCTAGCCT"	""	"ERX6700411"	"ERP132578"	"testis"	"Elongated_spermatids"	NA	NA	NA	"CL:4030037"	"late spermatid"	"perfect match"	"SN253"	NA	1
"ACGGGTCTCGAGCACC"	""	"ERX6700411"	"ERP132578"	"testis"	"Elongated_spermatids"	NA	NA	NA	"CL:4030037"	"late spermatid"	"perfect match"	"SN253"	NA	1
"ACGGGTCTCTCGCTTG"	""	"ERX6700411"	"ERP132578"	"testis"	"Spermatocytes"	NA	NA	NA	"CL:0000017"	"spermatocyte"	"perfect match"	"SN253"	NA	5
"ACGGGTCTCTTGGAAC"	""	"ERX6700411"	"ERP132578"	"testis"	"Round_spermatids"	NA	NA	NA	"CL:4030036"	"early spermatid"	"perfect match"	"SN253"	NA	2
"ACGGTCGAGTATAACG"	""	"ERX6700411"	"ERP132578"	"testis"	"Round_spermatids"	NA	NA	NA	"CL:4030036"	"early spermatid"	"perfect match"	"SN253"	NA	2
"ACGGTCGCACTCCACT"	""	"ERX6700411"	"ERP132578"	"testis"	"Elongated_spermatids"	NA	NA	NA	"CL:4030037"	"late spermatid"	"perfect match"	"SN253"	NA	1
"ACGGTCGGTCATCCCT"	""	"ERX6700411"	"ERP132578"	"testis"	"Round_spermatids"	NA	NA	NA	"CL:4030036"	"early spermatid"	"perfect match"	"SN253"	NA	2
"ACGGTCGGTGACATCT"	""	"ERX6700411"	"ERP132578"	"testis"	"Elongated_spermatids"	NA	NA	NA	"CL:4030037"	"late spermatid"	"perfect match"	"SN253"	NA	1
"ACGGTCGGTGGACCTC"	""	"ERX6700411"	"ERP132578"	"testis"	"Other_somatic"	NA	NA	NA	"CL:0002371"	"somatic cell"	"perfect match"	"SN253"	NA	3
"ACGGTCGTCACGGAGA"	""	"ERX6700411"	"ERP132578"	"testis"	"Spermatogonia"	NA	NA	NA	"CL:0000020"	"spermatogonium"	"perfect match"	"SN253"	NA	4
"ACGGTTAAGATTTGCC"	""	"ERX6700411"	"ERP132578"	"testis"	"Spermatocytes"	NA	NA	NA	"CL:0000017"	"spermatocyte"	"perfect match"	"SN253"	NA	5
"ACGGTTACAAATTGCC"	""	"ERX6700411"	"ERP132578"	"testis"	"Round_spermatids"	NA	NA	NA	"CL:4030036"	"early spermatid"	"perfect match"	"SN253"	NA	2
"ACGTAACCAAGACCGA"	""	"ERX6700411"	"ERP132578"	"testis"	"Spermatocytes"	NA	NA	NA	"CL:0000017"	"spermatocyte"	"perfect match"	"SN253"	NA	5
"ACGTAACCACACAGCC"	""	"ERX6700411"	"ERP132578"	"testis"	"Elongated_spermatids"	NA	NA	NA	"CL:4030037"	"late spermatid"	"perfect match"	"SN253"	NA	1
"ACGTAACGTCTCCTGT"	""	"ERX6700411"	"ERP132578"	"testis"	"Elongated_spermatids"	NA	NA	NA	"CL:4030037"	"late spermatid"	"perfect match"	"SN253"	NA	1
"ACGTAACTCCCTGGTT"	""	"ERX6700411"	"ERP132578"	"testis"	"Spermatocytes"	NA	NA	NA	"CL:0000017"	"spermatocyte"	"perfect match"	"SN253"	NA	5
"ACGTACACAATCCTTT"	""	"ERX6700411"	"ERP132578"	"testis"	"Elongated_spermatids"	NA	NA	NA	"CL:4030037"	"late spermatid"	"perfect match"	"SN253"	NA	1
"ACGTACATCGCAGTTA"	""	"ERX6700411"	"ERP132578"	"testis"	"Spermatogonia"	NA	NA	NA	"CL:0000020"	"spermatogonium"	"perfect match"	"SN253"	NA	4
"ACGTAGTAGAATTTGG"	""	"ERX6700411"	"ERP132578"	"testis"	"Spermatocytes"	NA	NA	NA	"CL:0000017"	"spermatocyte"	"perfect match"	"SN253"	NA	5
"ACGTAGTAGATCGCCC"	""	"ERX6700411"	"ERP132578"	"testis"	"Elongated_spermatids"	NA	NA	NA	"CL:4030037"	"late spermatid"	"perfect match"	"SN253"	NA	1
"ACGTAGTAGGTGCTGA"	""	"ERX6700411"	"ERP132578"	"testis"	"Round_spermatids"	NA	NA	NA	"CL:4030036"	"early spermatid"	"perfect match"	"SN253"	NA	2
"ACGTAGTCATCTAACG"	""	"ERX6700411"	"ERP132578"	"testis"	"Round_spermatids"	NA	NA	NA	"CL:4030036"	"early spermatid"	"perfect match"	"SN253"	NA	2
"ACGTAGTCATGGAATA"	""	"ERX6700411"	"ERP132578"	"testis"	"Round_spermatids"	NA	NA	NA	"CL:4030036"	"early spermatid"	"perfect match"	"SN253"	NA	2
"ACGTCCTAGAAATGGG"	""	"ERX6700411"	"ERP132578"	"testis"	"Round_spermatids"	NA	NA	NA	"CL:4030036"	"early spermatid"	"perfect match"	"SN253"	NA	2
"ACGTCCTAGCGACTGA"	""	"ERX6700411"	"ERP132578"	"testis"	"Elongated_spermatids"	NA	NA	NA	"CL:4030037"	"late spermatid"	"perfect match"	"SN253"	NA	1
"ACGTTCCCAAGTGGCA"	""	"ERX6700411"	"ERP132578"	"testis"	"Spermatocytes"	NA	NA	NA	"CL:0000017"	"spermatocyte"	"perfect match"	"SN253"	NA	5
"ACGTTCCGTCATTGCA"	""	"ERX6700411"	"ERP132578"	"testis"	"Round_spermatids"	NA	NA	NA	"CL:4030036"	"early spermatid"	"perfect match"	"SN253"	NA	2
"ACTACGACACTGTGAT"	""	"ERX6700411"	"ERP132578"	"testis"	"Spermatocytes"	NA	NA	NA	"CL:0000017"	"spermatocyte"	"perfect match"	"SN253"	NA	5
"ACTACGACATCCTATT"	""	"ERX6700411"	"ERP132578"	"testis"	"Round_spermatids"	NA	NA	NA	"CL:4030036"	"early spermatid"	"perfect match"	"SN253"	NA	2
"ACTACGAGTTTCCCAC"	""	"ERX6700411"	"ERP132578"	"testis"	"Round_spermatids"	NA	NA	NA	"CL:4030036"	"early spermatid"	"perfect match"	"SN253"	NA	2
"ACTACGATCGGCTGGT"	""	"ERX6700411"	"ERP132578"	"testis"	"Round_spermatids"	NA	NA	NA	"CL:4030036"	"early spermatid"	"perfect match"	"SN253"	NA	2
"ACTATCTAGCATCCTA"	""	"ERX6700411"	"ERP132578"	"testis"	"Spermatocytes"	NA	NA	NA	"CL:0000017"	"spermatocyte"	"perfect match"	"SN253"	NA	5
"ACTATCTAGTGGCGAT"	""	"ERX6700411"	"ERP132578"	"testis"	"Round_spermatids"	NA	NA	NA	"CL:4030036"	"early spermatid"	"perfect match"	"SN253"	NA	2
"ACTATGGAGCAGCCCT"	""	"ERX6700411"	"ERP132578"	"testis"	"Round_spermatids"	NA	NA	NA	"CL:4030036"	"early spermatid"	"perfect match"	"SN253"	NA	2
"ACTATTCAGACATACA"	""	"ERX6700411"	"ERP132578"	"testis"	"Spermatocytes"	NA	NA	NA	"CL:0000017"	"spermatocyte"	"perfect match"	"SN253"	NA	5
"ACTATTCAGGTCGTGA"	""	"ERX6700411"	"ERP132578"	"testis"	"Elongated_spermatids"	NA	NA	NA	"CL:4030037"	"late spermatid"	"perfect match"	"SN253"	NA	1
"ACTATTCAGTGGTTCT"	""	"ERX6700411"	"ERP132578"	"testis"	"Elongated_spermatids"	NA	NA	NA	"CL:4030037"	"late spermatid"	"perfect match"	"SN253"	NA	1
"ACTATTCCAACAAAGT"	""	"ERX6700411"	"ERP132578"	"testis"	"Round_spermatids"	NA	NA	NA	"CL:4030036"	"early spermatid"	"perfect match"	"SN253"	NA	2
"ACTATTCCACATATCG"	""	"ERX6700411"	"ERP132578"	"testis"	"Elongated_spermatids"	NA	NA	NA	"CL:4030037"	"late spermatid"	"perfect match"	"SN253"	NA	1
"ACTATTCGTGGGAGAG"	""	"ERX6700411"	"ERP132578"	"testis"	"Elongated_spermatids"	NA	NA	NA	"CL:4030037"	"late spermatid"	"perfect match"	"SN253"	NA	1
"ACTATTCTCCGTAGTA"	""	"ERX6700411"	"ERP132578"	"testis"	"Round_spermatids"	NA	NA	NA	"CL:4030036"	"early spermatid"	"perfect match"	"SN253"	NA	2
"ACTATTCTCGCAATGT"	""	"ERX6700411"	"ERP132578"	"testis"	"Round_spermatids"	NA	NA	NA	"CL:4030036"	"early spermatid"	"perfect match"	"SN253"	NA	2
"ACTATTCTCGGATTAC"	""	"ERX6700411"	"ERP132578"	"testis"	"Round_spermatids"	NA	NA	NA	"CL:4030036"	"early spermatid"	"perfect match"	"SN253"	NA	2
"ACTCCCACAAACGGCA"	""	"ERX6700411"	"ERP132578"	"testis"	"Round_spermatids"	NA	NA	NA	"CL:4030036"	"early spermatid"	"perfect match"	"SN253"	NA	2
"ACTCCCATCTACGGTA"	""	"ERX6700411"	"ERP132578"	"testis"	"Spermatocytes"	NA	NA	NA	"CL:0000017"	"spermatocyte"	"perfect match"	"SN253"	NA	5
"ACTCTCGAGAATCCCT"	""	"ERX6700411"	"ERP132578"	"testis"	"Spermatocytes"	NA	NA	NA	"CL:0000017"	"spermatocyte"	"perfect match"	"SN253"	NA	5
"ACTCTCGAGACGATAT"	""	"ERX6700411"	"ERP132578"	"testis"	"Spermatocytes"	NA	NA	NA	"CL:0000017"	"spermatocyte"	"perfect match"	"SN253"	NA	5
"ACTCTCGCATAGCACT"	""	"ERX6700411"	"ERP132578"	"testis"	"Round_spermatids"	NA	NA	NA	"CL:4030036"	"early spermatid"	"perfect match"	"SN253"	NA	2
"ACTCTCGTCGTCAAAC"	""	"ERX6700411"	"ERP132578"	"testis"	"Elongated_spermatids"	NA	NA	NA	"CL:4030037"	"late spermatid"	"perfect match"	"SN253"	NA	1
"ACTGATGAGGAAACGA"	""	"ERX6700411"	"ERP132578"	"testis"	"Elongated_spermatids"	NA	NA	NA	"CL:4030037"	"late spermatid"	"perfect match"	"SN253"	NA	1
"ACTGATGGTAGTCACT"	""	"ERX6700411"	"ERP132578"	"testis"	"Round_spermatids"	NA	NA	NA	"CL:4030036"	"early spermatid"	"perfect match"	"SN253"	NA	2
"ACTGATGTCACGGACC"	""	"ERX6700411"	"ERP132578"	"testis"	"Round_spermatids"	NA	NA	NA	"CL:4030036"	"early spermatid"	"perfect match"	"SN253"	NA	2
"ACTGATGTCATAGCAC"	""	"ERX6700411"	"ERP132578"	"testis"	"Spermatocytes"	NA	NA	NA	"CL:0000017"	"spermatocyte"	"perfect match"	"SN253"	NA	5
"ACTGCAAAGCTCGACC"	""	"ERX6700411"	"ERP132578"	"testis"	"Spermatogonia"	NA	NA	NA	"CL:0000020"	"spermatogonium"	"perfect match"	"SN253"	NA	4
"ACTGCAAGTCATACCA"	""	"ERX6700411"	"ERP132578"	"testis"	"Round_spermatids"	NA	NA	NA	"CL:4030036"	"early spermatid"	"perfect match"	"SN253"	NA	2
"ACTGTCCAGTAACCGG"	""	"ERX6700411"	"ERP132578"	"testis"	"Spermatocytes"	NA	NA	NA	"CL:0000017"	"spermatocyte"	"perfect match"	"SN253"	NA	5
"ACTGTCCAGTAGATCA"	""	"ERX6700411"	"ERP132578"	"testis"	"Spermatocytes"	NA	NA	NA	"CL:0000017"	"spermatocyte"	"perfect match"	"SN253"	NA	5
"ACTGTCCAGTTGGAGC"	""	"ERX6700411"	"ERP132578"	"testis"	"Other_somatic"	NA	NA	NA	"CL:0002371"	"somatic cell"	"perfect match"	"SN253"	NA	3
"ACTGTCCGTCACGCTG"	""	"ERX6700411"	"ERP132578"	"testis"	"Round_spermatids"	NA	NA	NA	"CL:4030036"	"early spermatid"	"perfect match"	"SN253"	NA	2
"ACTGTCCGTGTGATGG"	""	"ERX6700411"	"ERP132578"	"testis"	"Elongated_spermatids"	NA	NA	NA	"CL:4030037"	"late spermatid"	"perfect match"	"SN253"	NA	1
"ACTGTCCTCGGATAAA"	""	"ERX6700411"	"ERP132578"	"testis"	"Round_spermatids"	NA	NA	NA	"CL:4030036"	"early spermatid"	"perfect match"	"SN253"	NA	2
"ACTGTGAAGTGGTGGT"	""	"ERX6700411"	"ERP132578"	"testis"	"Spermatocytes"	NA	NA	NA	"CL:0000017"	"spermatocyte"	"perfect match"	"SN253"	NA	5
"ACTGTGACACACGGTC"	""	"ERX6700411"	"ERP132578"	"testis"	"Round_spermatids"	NA	NA	NA	"CL:4030036"	"early spermatid"	"perfect match"	"SN253"	NA	2
"ACTGTGACACTGCTTC"	""	"ERX6700411"	"ERP132578"	"testis"	"Spermatocytes"	NA	NA	NA	"CL:0000017"	"spermatocyte"	"perfect match"	"SN253"	NA	5
"ACTGTGAGTTGCCGAC"	""	"ERX6700411"	"ERP132578"	"testis"	"Round_spermatids"	NA	NA	NA	"CL:4030036"	"early spermatid"	"perfect match"	"SN253"	NA	2
"ACTGTGATCTTGGATG"	""	"ERX6700411"	"ERP132578"	"testis"	"Spermatocytes"	NA	NA	NA	"CL:0000017"	"spermatocyte"	"perfect match"	"SN253"	NA	5
"ACTGTGATCTTTGATC"	""	"ERX6700411"	"ERP132578"	"testis"	"Elongated_spermatids"	NA	NA	NA	"CL:4030037"	"late spermatid"	"perfect match"	"SN253"	NA	1
"ACTTAGGCAGACAAAT"	""	"ERX6700411"	"ERP132578"	"testis"	"Elongated_spermatids"	NA	NA	NA	"CL:4030037"	"late spermatid"	"perfect match"	"SN253"	NA	1
"ACTTAGGCATAGGTAA"	""	"ERX6700411"	"ERP132578"	"testis"	"Spermatocytes"	NA	NA	NA	"CL:0000017"	"spermatocyte"	"perfect match"	"SN253"	NA	5
"ACTTAGGTCGCCAACG"	""	"ERX6700411"	"ERP132578"	"testis"	"Round_spermatids"	NA	NA	NA	"CL:4030036"	"early spermatid"	"perfect match"	"SN253"	NA	2
"ACTTATCAGGTGAGCT"	""	"ERX6700411"	"ERP132578"	"testis"	"Spermatocytes"	NA	NA	NA	"CL:0000017"	"spermatocyte"	"perfect match"	"SN253"	NA	5
"ACTTATCTCAAGCTGT"	""	"ERX6700411"	"ERP132578"	"testis"	"Spermatocytes"	NA	NA	NA	"CL:0000017"	"spermatocyte"	"perfect match"	"SN253"	NA	5
"ACTTATCTCTAGTACG"	""	"ERX6700411"	"ERP132578"	"testis"	"Round_spermatids"	NA	NA	NA	"CL:4030036"	"early spermatid"	"perfect match"	"SN253"	NA	2
"ACTTCCGCATGACAAA"	""	"ERX6700411"	"ERP132578"	"testis"	"Round_spermatids"	NA	NA	NA	"CL:4030036"	"early spermatid"	"perfect match"	"SN253"	NA	2
"ACTTCCGGTAACGCGA"	""	"ERX6700411"	"ERP132578"	"testis"	"Round_spermatids"	NA	NA	NA	"CL:4030036"	"early spermatid"	"perfect match"	"SN253"	NA	2
"ACTTCCGTCGACCAAT"	""	"ERX6700411"	"ERP132578"	"testis"	"Spermatocytes"	NA	NA	NA	"CL:0000017"	"spermatocyte"	"perfect match"	"SN253"	NA	5
"ACTTCGCAGCGACATG"	""	"ERX6700411"	"ERP132578"	"testis"	"Spermatogonia"	NA	NA	NA	"CL:0000020"	"spermatogonium"	"perfect match"	"SN253"	NA	4
"ACTTCGCCACAAAGTA"	""	"ERX6700411"	"ERP132578"	"testis"	"Elongated_spermatids"	NA	NA	NA	"CL:4030037"	"late spermatid"	"perfect match"	"SN253"	NA	1
"ACTTCGCGTACAAGCG"	""	"ERX6700411"	"ERP132578"	"testis"	"Spermatocytes"	NA	NA	NA	"CL:0000017"	"spermatocyte"	"perfect match"	"SN253"	NA	5
"ACTTCGCGTCCGATCG"	""	"ERX6700411"	"ERP132578"	"testis"	"Spermatocytes"	NA	NA	NA	"CL:0000017"	"spermatocyte"	"perfect match"	"SN253"	NA	5
"ACTTCGCTCTGCGGAC"	""	"ERX6700411"	"ERP132578"	"testis"	"Elongated_spermatids"	NA	NA	NA	"CL:4030037"	"late spermatid"	"perfect match"	"SN253"	NA	1
"ACTTTCAAGAAAGCGA"	""	"ERX6700411"	"ERP132578"	"testis"	"Round_spermatids"	NA	NA	NA	"CL:4030036"	"early spermatid"	"perfect match"	"SN253"	NA	2
"ACTTTCACACCGTGAC"	""	"ERX6700411"	"ERP132578"	"testis"	"Elongated_spermatids"	NA	NA	NA	"CL:4030037"	"late spermatid"	"perfect match"	"SN253"	NA	1
"ACTTTCACAGTAGAGC"	""	"ERX6700411"	"ERP132578"	"testis"	"Round_spermatids"	NA	NA	NA	"CL:4030036"	"early spermatid"	"perfect match"	"SN253"	NA	2
"ACTTTCAGTCCAGGTC"	""	"ERX6700411"	"ERP132578"	"testis"	"Elongated_spermatids"	NA	NA	NA	"CL:4030037"	"late spermatid"	"perfect match"	"SN253"	NA	1
"ACTTTCAGTTCGTAAC"	""	"ERX6700411"	"ERP132578"	"testis"	"Round_spermatids"	NA	NA	NA	"CL:4030036"	"early spermatid"	"perfect match"	"SN253"	NA	2
"ACTTTCATCCGTGACG"	""	"ERX6700411"	"ERP132578"	"testis"	"Round_spermatids"	NA	NA	NA	"CL:4030036"	"early spermatid"	"perfect match"	"SN253"	NA	2
"ACTTTCATCGAGATGG"	""	"ERX6700411"	"ERP132578"	"testis"	"Other_somatic"	NA	NA	NA	"CL:0002371"	"somatic cell"	"perfect match"	"SN253"	NA	3
"ACTTTCATCGGTCACG"	""	"ERX6700411"	"ERP132578"	"testis"	"Elongated_spermatids"	NA	NA	NA	"CL:4030037"	"late spermatid"	"perfect match"	"SN253"	NA	1
"ACTTTGTAGAAGCGGG"	""	"ERX6700411"	"ERP132578"	"testis"	"Round_spermatids"	NA	NA	NA	"CL:4030036"	"early spermatid"	"perfect match"	"SN253"	NA	2
"ACTTTGTAGCGCCGTT"	""	"ERX6700411"	"ERP132578"	"testis"	"Round_spermatids"	NA	NA	NA	"CL:4030036"	"early spermatid"	"perfect match"	"SN253"	NA	2
"ACTTTGTCAGCGTACC"	""	"ERX6700411"	"ERP132578"	"testis"	"Spermatocytes"	NA	NA	NA	"CL:0000017"	"spermatocyte"	"perfect match"	"SN253"	NA	5
"ACTTTGTGTACGTGAG"	""	"ERX6700411"	"ERP132578"	"testis"	"Spermatogonia"	NA	NA	NA	"CL:0000020"	"spermatogonium"	"perfect match"	"SN253"	NA	4
"ACTTTGTTCAAATGAG"	""	"ERX6700411"	"ERP132578"	"testis"	"Elongated_spermatids"	NA	NA	NA	"CL:4030037"	"late spermatid"	"perfect match"	"SN253"	NA	1
"AGAAATGAGTCTTCGA"	""	"ERX6700411"	"ERP132578"	"testis"	"Spermatocytes"	NA	NA	NA	"CL:0000017"	"spermatocyte"	"perfect match"	"SN253"	NA	5
"AGAAATGCAGACAAGC"	""	"ERX6700411"	"ERP132578"	"testis"	"Round_spermatids"	NA	NA	NA	"CL:4030036"	"early spermatid"	"perfect match"	"SN253"	NA	2
"AGAAATGGTAGACACG"	""	"ERX6700411"	"ERP132578"	"testis"	"Round_spermatids"	NA	NA	NA	"CL:4030036"	"early spermatid"	"perfect match"	"SN253"	NA	2
"AGAAATGGTTTACCTT"	""	"ERX6700411"	"ERP132578"	"testis"	"Round_spermatids"	NA	NA	NA	"CL:4030036"	"early spermatid"	"perfect match"	"SN253"	NA	2
"AGAAATGTCCTACCGT"	""	"ERX6700411"	"ERP132578"	"testis"	"Round_spermatids"	NA	NA	NA	"CL:4030036"	"early spermatid"	"perfect match"	"SN253"	NA	2
"AGAAATGTCGATGCTA"	""	"ERX6700411"	"ERP132578"	"testis"	"Spermatocytes"	NA	NA	NA	"CL:0000017"	"spermatocyte"	"perfect match"	"SN253"	NA	5
"AGAACAAAGCGCATCC"	""	"ERX6700411"	"ERP132578"	"testis"	"Spermatocytes"	NA	NA	NA	"CL:0000017"	"spermatocyte"	"perfect match"	"SN253"	NA	5
"AGAACAACAACTGTGT"	""	"ERX6700411"	"ERP132578"	"testis"	"Round_spermatids"	NA	NA	NA	"CL:4030036"	"early spermatid"	"perfect match"	"SN253"	NA	2
"AGAACAACAATGGCCC"	""	"ERX6700411"	"ERP132578"	"testis"	"Round_spermatids"	NA	NA	NA	"CL:4030036"	"early spermatid"	"perfect match"	"SN253"	NA	2
"AGAACAATCTTGGTGA"	""	"ERX6700411"	"ERP132578"	"testis"	"Round_spermatids"	NA	NA	NA	"CL:4030036"	"early spermatid"	"perfect match"	"SN253"	NA	2
"AGAACCTAGACCATAA"	""	"ERX6700411"	"ERP132578"	"testis"	"Spermatogonia"	NA	NA	NA	"CL:0000020"	"spermatogonium"	"perfect match"	"SN253"	NA	4
"AGAACCTAGGGTCACA"	""	"ERX6700411"	"ERP132578"	"testis"	"Round_spermatids"	NA	NA	NA	"CL:4030036"	"early spermatid"	"perfect match"	"SN253"	NA	2
"AGAACCTCAACTGCCG"	""	"ERX6700411"	"ERP132578"	"testis"	"Round_spermatids"	NA	NA	NA	"CL:4030036"	"early spermatid"	"perfect match"	"SN253"	NA	2
"AGAACCTCATTAAAGG"	""	"ERX6700411"	"ERP132578"	"testis"	"Round_spermatids"	NA	NA	NA	"CL:4030036"	"early spermatid"	"perfect match"	"SN253"	NA	2
"AGAACCTGTACTAGCT"	""	"ERX6700411"	"ERP132578"	"testis"	"Spermatogonia"	NA	NA	NA	"CL:0000020"	"spermatogonium"	"perfect match"	"SN253"	NA	4
"AGAACCTGTACTGCCG"	""	"ERX6700411"	"ERP132578"	"testis"	"Round_spermatids"	NA	NA	NA	"CL:4030036"	"early spermatid"	"perfect match"	"SN253"	NA	2
"AGAAGCGAGCGCTTCG"	""	"ERX6700411"	"ERP132578"	"testis"	"Spermatogonia"	NA	NA	NA	"CL:0000020"	"spermatogonium"	"perfect match"	"SN253"	NA	4
"AGAAGCGGTCGACTTA"	""	"ERX6700411"	"ERP132578"	"testis"	"Spermatocytes"	NA	NA	NA	"CL:0000017"	"spermatocyte"	"perfect match"	"SN253"	NA	5
"AGAAGCGTCCTGGGTG"	""	"ERX6700411"	"ERP132578"	"testis"	"Round_spermatids"	NA	NA	NA	"CL:4030036"	"early spermatid"	"perfect match"	"SN253"	NA	2
"AGAAGTAAGCTAAACA"	""	"ERX6700411"	"ERP132578"	"testis"	"Spermatocytes"	NA	NA	NA	"CL:0000017"	"spermatocyte"	"perfect match"	"SN253"	NA	5
"AGAAGTACAAGCGGAT"	""	"ERX6700411"	"ERP132578"	"testis"	"Spermatocytes"	NA	NA	NA	"CL:0000017"	"spermatocyte"	"perfect match"	"SN253"	NA	5
"AGAAGTACAGAGACTG"	""	"ERX6700411"	"ERP132578"	"testis"	"Elongated_spermatids"	NA	NA	NA	"CL:4030037"	"late spermatid"	"perfect match"	"SN253"	NA	1
"AGAAGTAGTTCTGACA"	""	"ERX6700411"	"ERP132578"	"testis"	"Elongated_spermatids"	NA	NA	NA	"CL:4030037"	"late spermatid"	"perfect match"	"SN253"	NA	1
"AGAAGTATCCCAATAG"	""	"ERX6700411"	"ERP132578"	"testis"	"Spermatocytes"	NA	NA	NA	"CL:0000017"	"spermatocyte"	"perfect match"	"SN253"	NA	5
"AGACAAACAATTCTTC"	""	"ERX6700411"	"ERP132578"	"testis"	"Spermatogonia"	NA	NA	NA	"CL:0000020"	"spermatogonium"	"perfect match"	"SN253"	NA	4
"AGACAAACACGGTCTG"	""	"ERX6700411"	"ERP132578"	"testis"	"Elongated_spermatids"	NA	NA	NA	"CL:4030037"	"late spermatid"	"perfect match"	"SN253"	NA	1
"AGACAAAGTCCTCATC"	""	"ERX6700411"	"ERP132578"	"testis"	"Round_spermatids"	NA	NA	NA	"CL:4030036"	"early spermatid"	"perfect match"	"SN253"	NA	2
"AGACAAATCCCAGCGA"	""	"ERX6700411"	"ERP132578"	"testis"	"Round_spermatids"	NA	NA	NA	"CL:4030036"	"early spermatid"	"perfect match"	"SN253"	NA	2
"AGACAAATCGTTGCCT"	""	"ERX6700411"	"ERP132578"	"testis"	"Spermatocytes"	NA	NA	NA	"CL:0000017"	"spermatocyte"	"perfect match"	"SN253"	NA	5
"AGACACTAGAGTCAAT"	""	"ERX6700411"	"ERP132578"	"testis"	"Round_spermatids"	NA	NA	NA	"CL:4030036"	"early spermatid"	"perfect match"	"SN253"	NA	2
"AGACACTCAAGCGATG"	""	"ERX6700411"	"ERP132578"	"testis"	"Round_spermatids"	NA	NA	NA	"CL:4030036"	"early spermatid"	"perfect match"	"SN253"	NA	2
"AGACACTCAGCCATTA"	""	"ERX6700411"	"ERP132578"	"testis"	"Spermatocytes"	NA	NA	NA	"CL:0000017"	"spermatocyte"	"perfect match"	"SN253"	NA	5
"AGACACTGTAGTGCGA"	""	"ERX6700411"	"ERP132578"	"testis"	"Spermatocytes"	NA	NA	NA	"CL:0000017"	"spermatocyte"	"perfect match"	"SN253"	NA	5
"AGACACTGTCTTCTAT"	""	"ERX6700411"	"ERP132578"	"testis"	"Elongated_spermatids"	NA	NA	NA	"CL:4030037"	"late spermatid"	"perfect match"	"SN253"	NA	1
"AGACACTTCCGATAAC"	""	"ERX6700411"	"ERP132578"	"testis"	"Round_spermatids"	NA	NA	NA	"CL:4030036"	"early spermatid"	"perfect match"	"SN253"	NA	2
"AGACAGGGTCAGTTTG"	""	"ERX6700411"	"ERP132578"	"testis"	"Elongated_spermatids"	NA	NA	NA	"CL:4030037"	"late spermatid"	"perfect match"	"SN253"	NA	1
"AGACAGGGTGCCGAAA"	""	"ERX6700411"	"ERP132578"	"testis"	"Elongated_spermatids"	NA	NA	NA	"CL:4030037"	"late spermatid"	"perfect match"	"SN253"	NA	1
"AGACCATTCGCAGTTA"	""	"ERX6700411"	"ERP132578"	"testis"	"Elongated_spermatids"	NA	NA	NA	"CL:4030037"	"late spermatid"	"perfect match"	"SN253"	NA	1
"AGACCCGCAGGACGAT"	""	"ERX6700411"	"ERP132578"	"testis"	"Spermatocytes"	NA	NA	NA	"CL:0000017"	"spermatocyte"	"perfect match"	"SN253"	NA	5
"AGACTCATCGTTCCCA"	""	"ERX6700411"	"ERP132578"	"testis"	"Round_spermatids"	NA	NA	NA	"CL:4030036"	"early spermatid"	"perfect match"	"SN253"	NA	2
"AGAGAATCATGTGCCG"	""	"ERX6700411"	"ERP132578"	"testis"	"Spermatogonia"	NA	NA	NA	"CL:0000020"	"spermatogonium"	"perfect match"	"SN253"	NA	4
"AGAGAATGTAAGCTCT"	""	"ERX6700411"	"ERP132578"	"testis"	"Spermatogonia"	NA	NA	NA	"CL:0000020"	"spermatogonium"	"perfect match"	"SN253"	NA	4
"AGAGAATGTCTTCATT"	""	"ERX6700411"	"ERP132578"	"testis"	"Spermatocytes"	NA	NA	NA	"CL:0000017"	"spermatocyte"	"perfect match"	"SN253"	NA	5
"AGAGAATGTTCAATCG"	""	"ERX6700411"	"ERP132578"	"testis"	"Round_spermatids"	NA	NA	NA	"CL:4030036"	"early spermatid"	"perfect match"	"SN253"	NA	2
"AGAGAATTCTTCACAT"	""	"ERX6700411"	"ERP132578"	"testis"	"Elongated_spermatids"	NA	NA	NA	"CL:4030037"	"late spermatid"	"perfect match"	"SN253"	NA	1
"AGAGAGCCAACCAACT"	""	"ERX6700411"	"ERP132578"	"testis"	"Round_spermatids"	NA	NA	NA	"CL:4030036"	"early spermatid"	"perfect match"	"SN253"	NA	2
"AGAGAGCGTGAGACCA"	""	"ERX6700411"	"ERP132578"	"testis"	"Round_spermatids"	NA	NA	NA	"CL:4030036"	"early spermatid"	"perfect match"	"SN253"	NA	2
"AGAGCAGAGAGCCTGA"	""	"ERX6700411"	"ERP132578"	"testis"	"Spermatocytes"	NA	NA	NA	"CL:0000017"	"spermatocyte"	"perfect match"	"SN253"	NA	5
"AGAGCAGAGCAGTCTT"	""	"ERX6700411"	"ERP132578"	"testis"	"Round_spermatids"	NA	NA	NA	"CL:4030036"	"early spermatid"	"perfect match"	"SN253"	NA	2
"AGAGCAGCAAATGCGG"	""	"ERX6700411"	"ERP132578"	"testis"	"Round_spermatids"	NA	NA	NA	"CL:4030036"	"early spermatid"	"perfect match"	"SN253"	NA	2
"AGAGCAGCAAGCAGGT"	""	"ERX6700411"	"ERP132578"	"testis"	"Round_spermatids"	NA	NA	NA	"CL:4030036"	"early spermatid"	"perfect match"	"SN253"	NA	2
"AGAGCCCAGCACTAGG"	""	"ERX6700411"	"ERP132578"	"testis"	"Round_spermatids"	NA	NA	NA	"CL:4030036"	"early spermatid"	"perfect match"	"SN253"	NA	2
"AGAGCCCCAAAGAGTT"	""	"ERX6700411"	"ERP132578"	"testis"	"Round_spermatids"	NA	NA	NA	"CL:4030036"	"early spermatid"	"perfect match"	"SN253"	NA	2
"AGAGCCCGTGGCAGAT"	""	"ERX6700411"	"ERP132578"	"testis"	"Elongated_spermatids"	NA	NA	NA	"CL:4030037"	"late spermatid"	"perfect match"	"SN253"	NA	1
"AGAGCCCTCCACACCT"	""	"ERX6700411"	"ERP132578"	"testis"	"Round_spermatids"	NA	NA	NA	"CL:4030036"	"early spermatid"	"perfect match"	"SN253"	NA	2
"AGAGCCCTCGAGAATA"	""	"ERX6700411"	"ERP132578"	"testis"	"Round_spermatids"	NA	NA	NA	"CL:4030036"	"early spermatid"	"perfect match"	"SN253"	NA	2
"AGAGCCCTCGGATACT"	""	"ERX6700411"	"ERP132578"	"testis"	"Elongated_spermatids"	NA	NA	NA	"CL:4030037"	"late spermatid"	"perfect match"	"SN253"	NA	1
"AGATAGAGTGCCGGTT"	""	"ERX6700411"	"ERP132578"	"testis"	"Elongated_spermatids"	NA	NA	NA	"CL:4030037"	"late spermatid"	"perfect match"	"SN253"	NA	1
"AGATAGAGTTCGGACC"	""	"ERX6700411"	"ERP132578"	"testis"	"Elongated_spermatids"	NA	NA	NA	"CL:4030037"	"late spermatid"	"perfect match"	"SN253"	NA	1
"AGATAGATCTACGCGG"	""	"ERX6700411"	"ERP132578"	"testis"	"Round_spermatids"	NA	NA	NA	"CL:4030036"	"early spermatid"	"perfect match"	"SN253"	NA	2
"AGATAGATCTATGTGG"	""	"ERX6700411"	"ERP132578"	"testis"	"Round_spermatids"	NA	NA	NA	"CL:4030036"	"early spermatid"	"perfect match"	"SN253"	NA	2
"AGATCCAAGCAGAAAG"	""	"ERX6700411"	"ERP132578"	"testis"	"Round_spermatids"	NA	NA	NA	"CL:4030036"	"early spermatid"	"perfect match"	"SN253"	NA	2
"AGATCCACAAAGGCTG"	""	"ERX6700411"	"ERP132578"	"testis"	"Spermatocytes"	NA	NA	NA	"CL:0000017"	"spermatocyte"	"perfect match"	"SN253"	NA	5
"AGATCCACACTTACAG"	""	"ERX6700411"	"ERP132578"	"testis"	"Round_spermatids"	NA	NA	NA	"CL:4030036"	"early spermatid"	"perfect match"	"SN253"	NA	2
"AGATCCAGTAAGAACT"	""	"ERX6700411"	"ERP132578"	"testis"	"Elongated_spermatids"	NA	NA	NA	"CL:4030037"	"late spermatid"	"perfect match"	"SN253"	NA	1
"AGATCCAGTACAAACA"	""	"ERX6700411"	"ERP132578"	"testis"	"Elongated_spermatids"	NA	NA	NA	"CL:4030037"	"late spermatid"	"perfect match"	"SN253"	NA	1
"AGATCCATCCAGTGCG"	""	"ERX6700411"	"ERP132578"	"testis"	"Spermatogonia"	NA	NA	NA	"CL:0000020"	"spermatogonium"	"perfect match"	"SN253"	NA	4
"AGATCGTAGGGATCGT"	""	"ERX6700411"	"ERP132578"	"testis"	"Round_spermatids"	NA	NA	NA	"CL:4030036"	"early spermatid"	"perfect match"	"SN253"	NA	2
"AGATCGTTCAAGCCTA"	""	"ERX6700411"	"ERP132578"	"testis"	"Round_spermatids"	NA	NA	NA	"CL:4030036"	"early spermatid"	"perfect match"	"SN253"	NA	2
"AGATCGTTCACATCAG"	""	"ERX6700411"	"ERP132578"	"testis"	"Elongated_spermatids"	NA	NA	NA	"CL:4030037"	"late spermatid"	"perfect match"	"SN253"	NA	1
"AGATCGTTCACTACGA"	""	"ERX6700411"	"ERP132578"	"testis"	"Round_spermatids"	NA	NA	NA	"CL:4030036"	"early spermatid"	"perfect match"	"SN253"	NA	2
"AGATCGTTCGTAATGC"	""	"ERX6700411"	"ERP132578"	"testis"	"Spermatogonia"	NA	NA	NA	"CL:0000020"	"spermatogonium"	"perfect match"	"SN253"	NA	4
"AGATGAAAGAATTGTG"	""	"ERX6700411"	"ERP132578"	"testis"	"Round_spermatids"	NA	NA	NA	"CL:4030036"	"early spermatid"	"perfect match"	"SN253"	NA	2
"AGATGAAAGTAGAATC"	""	"ERX6700411"	"ERP132578"	"testis"	"Spermatocytes"	NA	NA	NA	"CL:0000017"	"spermatocyte"	"perfect match"	"SN253"	NA	5
"AGATGAATCACTCACC"	""	"ERX6700411"	"ERP132578"	"testis"	"Round_spermatids"	NA	NA	NA	"CL:4030036"	"early spermatid"	"perfect match"	"SN253"	NA	2
"AGATGAATCCGATTAG"	""	"ERX6700411"	"ERP132578"	"testis"	"Elongated_spermatids"	NA	NA	NA	"CL:4030037"	"late spermatid"	"perfect match"	"SN253"	NA	1
"AGATGCTAGATGAAGG"	""	"ERX6700411"	"ERP132578"	"testis"	"Round_spermatids"	NA	NA	NA	"CL:4030036"	"early spermatid"	"perfect match"	"SN253"	NA	2
"AGATGCTGTCACAATC"	""	"ERX6700411"	"ERP132578"	"testis"	"Spermatogonia"	NA	NA	NA	"CL:0000020"	"spermatogonium"	"perfect match"	"SN253"	NA	4
"AGATGCTTCATCCTAT"	""	"ERX6700411"	"ERP132578"	"testis"	"Round_spermatids"	NA	NA	NA	"CL:4030036"	"early spermatid"	"perfect match"	"SN253"	NA	2
"AGCATCATCCATTCAT"	""	"ERX6700411"	"ERP132578"	"testis"	"Round_spermatids"	NA	NA	NA	"CL:4030036"	"early spermatid"	"perfect match"	"SN253"	NA	2
"AGCCAATGTCTTCGAA"	""	"ERX6700411"	"ERP132578"	"testis"	"Other_somatic"	NA	NA	NA	"CL:0002371"	"somatic cell"	"perfect match"	"SN253"	NA	3
"AGCCAATGTGTCCTAA"	""	"ERX6700411"	"ERP132578"	"testis"	"Round_spermatids"	NA	NA	NA	"CL:4030036"	"early spermatid"	"perfect match"	"SN253"	NA	2
"AGCCAATTCTATTTCG"	""	"ERX6700411"	"ERP132578"	"testis"	"Round_spermatids"	NA	NA	NA	"CL:4030036"	"early spermatid"	"perfect match"	"SN253"	NA	2
"AGCCAGCAGCTGGTGA"	""	"ERX6700411"	"ERP132578"	"testis"	"Round_spermatids"	NA	NA	NA	"CL:4030036"	"early spermatid"	"perfect match"	"SN253"	NA	2
"AGCCAGCAGGACTAAT"	""	"ERX6700411"	"ERP132578"	"testis"	"Spermatogonia"	NA	NA	NA	"CL:0000020"	"spermatogonium"	"perfect match"	"SN253"	NA	4
"AGCCAGCGTTGGGAAC"	""	"ERX6700411"	"ERP132578"	"testis"	"Spermatocytes"	NA	NA	NA	"CL:0000017"	"spermatocyte"	"perfect match"	"SN253"	NA	5
"AGCGATTCAGATTTCG"	""	"ERX6700411"	"ERP132578"	"testis"	"Spermatocytes"	NA	NA	NA	"CL:0000017"	"spermatocyte"	"perfect match"	"SN253"	NA	5
"AGCGATTTCGTCAACA"	""	"ERX6700411"	"ERP132578"	"testis"	"Spermatocytes"	NA	NA	NA	"CL:0000017"	"spermatocyte"	"perfect match"	"SN253"	NA	5
"AGCGCCAAGCGTGAGT"	""	"ERX6700411"	"ERP132578"	"testis"	"Round_spermatids"	NA	NA	NA	"CL:4030036"	"early spermatid"	"perfect match"	"SN253"	NA	2
"AGCGCCAAGCTGGCTC"	""	"ERX6700411"	"ERP132578"	"testis"	"Round_spermatids"	NA	NA	NA	"CL:4030036"	"early spermatid"	"perfect match"	"SN253"	NA	2
"AGCGCCAGTGTCCGGT"	""	"ERX6700411"	"ERP132578"	"testis"	"Round_spermatids"	NA	NA	NA	"CL:4030036"	"early spermatid"	"perfect match"	"SN253"	NA	2
"AGCGCTGAGGCTGAAC"	""	"ERX6700411"	"ERP132578"	"testis"	"Spermatocytes"	NA	NA	NA	"CL:0000017"	"spermatocyte"	"perfect match"	"SN253"	NA	5
"AGCGCTGCAGCTACCG"	""	"ERX6700411"	"ERP132578"	"testis"	"Round_spermatids"	NA	NA	NA	"CL:4030036"	"early spermatid"	"perfect match"	"SN253"	NA	2
"AGCGCTGTCGGCTGTG"	""	"ERX6700411"	"ERP132578"	"testis"	"Round_spermatids"	NA	NA	NA	"CL:4030036"	"early spermatid"	"perfect match"	"SN253"	NA	2
"AGCGTATCAAGCAGGT"	""	"ERX6700411"	"ERP132578"	"testis"	"Other_somatic"	NA	NA	NA	"CL:0002371"	"somatic cell"	"perfect match"	"SN253"	NA	3
"AGCGTCGCACGGCACT"	""	"ERX6700411"	"ERP132578"	"testis"	"Round_spermatids"	NA	NA	NA	"CL:4030036"	"early spermatid"	"perfect match"	"SN253"	NA	2
"AGCTACACAGATGCGA"	""	"ERX6700411"	"ERP132578"	"testis"	"Elongated_spermatids"	NA	NA	NA	"CL:4030037"	"late spermatid"	"perfect match"	"SN253"	NA	1
"AGCTACACAGTCGGAA"	""	"ERX6700411"	"ERP132578"	"testis"	"Elongated_spermatids"	NA	NA	NA	"CL:4030037"	"late spermatid"	"perfect match"	"SN253"	NA	1
"AGCTACATCATCGGGC"	""	"ERX6700411"	"ERP132578"	"testis"	"Round_spermatids"	NA	NA	NA	"CL:4030036"	"early spermatid"	"perfect match"	"SN253"	NA	2
"AGCTACATCGCTTACC"	""	"ERX6700411"	"ERP132578"	"testis"	"Elongated_spermatids"	NA	NA	NA	"CL:4030037"	"late spermatid"	"perfect match"	"SN253"	NA	1
"AGCTACATCTTTCTAG"	""	"ERX6700411"	"ERP132578"	"testis"	"Round_spermatids"	NA	NA	NA	"CL:4030036"	"early spermatid"	"perfect match"	"SN253"	NA	2
"AGCTCAAAGTAGAATC"	""	"ERX6700411"	"ERP132578"	"testis"	"Round_spermatids"	NA	NA	NA	"CL:4030036"	"early spermatid"	"perfect match"	"SN253"	NA	2
"AGCTCAACAACGTAAA"	""	"ERX6700411"	"ERP132578"	"testis"	"Spermatocytes"	NA	NA	NA	"CL:0000017"	"spermatocyte"	"perfect match"	"SN253"	NA	5
"AGCTCAACACGACGTC"	""	"ERX6700411"	"ERP132578"	"testis"	"Round_spermatids"	NA	NA	NA	"CL:4030036"	"early spermatid"	"perfect match"	"SN253"	NA	2
"AGCTCAACATTCGATG"	""	"ERX6700411"	"ERP132578"	"testis"	"Round_spermatids"	NA	NA	NA	"CL:4030036"	"early spermatid"	"perfect match"	"SN253"	NA	2
"AGCTCAAGTAAGGCTG"	""	"ERX6700411"	"ERP132578"	"testis"	"Elongated_spermatids"	NA	NA	NA	"CL:4030037"	"late spermatid"	"perfect match"	"SN253"	NA	1
"AGCTCAAGTCCGGTGT"	""	"ERX6700411"	"ERP132578"	"testis"	"Round_spermatids"	NA	NA	NA	"CL:4030036"	"early spermatid"	"perfect match"	"SN253"	NA	2
"AGCTCAAGTGAGAACC"	""	"ERX6700411"	"ERP132578"	"testis"	"Elongated_spermatids"	NA	NA	NA	"CL:4030037"	"late spermatid"	"perfect match"	"SN253"	NA	1
"AGCTCAATCAGTGATC"	""	"ERX6700411"	"ERP132578"	"testis"	"Round_spermatids"	NA	NA	NA	"CL:4030036"	"early spermatid"	"perfect match"	"SN253"	NA	2
"AGCTTCCAGGAGAGTA"	""	"ERX6700411"	"ERP132578"	"testis"	"Elongated_spermatids"	NA	NA	NA	"CL:4030037"	"late spermatid"	"perfect match"	"SN253"	NA	1
"AGCTTCCGTACACGTT"	""	"ERX6700411"	"ERP132578"	"testis"	"Round_spermatids"	NA	NA	NA	"CL:4030036"	"early spermatid"	"perfect match"	"SN253"	NA	2
"AGCTTCCGTTCGTGCG"	""	"ERX6700411"	"ERP132578"	"testis"	"Elongated_spermatids"	NA	NA	NA	"CL:4030037"	"late spermatid"	"perfect match"	"SN253"	NA	1
"AGGAAATGTCATAACC"	""	"ERX6700411"	"ERP132578"	"testis"	"Round_spermatids"	NA	NA	NA	"CL:4030036"	"early spermatid"	"perfect match"	"SN253"	NA	2
"AGGAAATTCTTCGTGC"	""	"ERX6700411"	"ERP132578"	"testis"	"Elongated_spermatids"	NA	NA	NA	"CL:4030037"	"late spermatid"	"perfect match"	"SN253"	NA	1
"AGGAATAAGGTCCTGC"	""	"ERX6700411"	"ERP132578"	"testis"	"Round_spermatids"	NA	NA	NA	"CL:4030036"	"early spermatid"	"perfect match"	"SN253"	NA	2
"AGGAATAAGTGATTCC"	""	"ERX6700411"	"ERP132578"	"testis"	"Round_spermatids"	NA	NA	NA	"CL:4030036"	"early spermatid"	"perfect match"	"SN253"	NA	2
"AGGAATACAACAGTGG"	""	"ERX6700411"	"ERP132578"	"testis"	"Round_spermatids"	NA	NA	NA	"CL:4030036"	"early spermatid"	"perfect match"	"SN253"	NA	2
"AGGAATACACGACAAG"	""	"ERX6700411"	"ERP132578"	"testis"	"Round_spermatids"	NA	NA	NA	"CL:4030036"	"early spermatid"	"perfect match"	"SN253"	NA	2
"AGGAATACATGTGGCC"	""	"ERX6700411"	"ERP132578"	"testis"	"Spermatocytes"	NA	NA	NA	"CL:0000017"	"spermatocyte"	"perfect match"	"SN253"	NA	5
"AGGAATAGTCTAACGT"	""	"ERX6700411"	"ERP132578"	"testis"	"Round_spermatids"	NA	NA	NA	"CL:4030036"	"early spermatid"	"perfect match"	"SN253"	NA	2
"AGGAATAGTGCCTGAC"	""	"ERX6700411"	"ERP132578"	"testis"	"Other_somatic"	NA	NA	NA	"CL:0002371"	"somatic cell"	"perfect match"	"SN253"	NA	3
"AGGACGAAGAATCCCT"	""	"ERX6700411"	"ERP132578"	"testis"	"Round_spermatids"	NA	NA	NA	"CL:4030036"	"early spermatid"	"perfect match"	"SN253"	NA	2
"AGGACGACAAGCTGTT"	""	"ERX6700411"	"ERP132578"	"testis"	"Round_spermatids"	NA	NA	NA	"CL:4030036"	"early spermatid"	"perfect match"	"SN253"	NA	2
"AGGACTTGTAGACGGT"	""	"ERX6700411"	"ERP132578"	"testis"	"Spermatocytes"	NA	NA	NA	"CL:0000017"	"spermatocyte"	"perfect match"	"SN253"	NA	5
"AGGACTTGTCTATGAC"	""	"ERX6700411"	"ERP132578"	"testis"	"Round_spermatids"	NA	NA	NA	"CL:4030036"	"early spermatid"	"perfect match"	"SN253"	NA	2
"AGGACTTTCAACTGAC"	""	"ERX6700411"	"ERP132578"	"testis"	"Round_spermatids"	NA	NA	NA	"CL:4030036"	"early spermatid"	"perfect match"	"SN253"	NA	2
"AGGAGGTAGTCAGCGA"	""	"ERX6700411"	"ERP132578"	"testis"	"Other_somatic"	NA	NA	NA	"CL:0002371"	"somatic cell"	"perfect match"	"SN253"	NA	3
"AGGAGGTAGTCATTGC"	""	"ERX6700411"	"ERP132578"	"testis"	"Round_spermatids"	NA	NA	NA	"CL:4030036"	"early spermatid"	"perfect match"	"SN253"	NA	2
"AGGAGGTCACCCAAGC"	""	"ERX6700411"	"ERP132578"	"testis"	"Round_spermatids"	NA	NA	NA	"CL:4030036"	"early spermatid"	"perfect match"	"SN253"	NA	2
"AGGAGGTGTCGTGCCA"	""	"ERX6700411"	"ERP132578"	"testis"	"Spermatocytes"	NA	NA	NA	"CL:0000017"	"spermatocyte"	"perfect match"	"SN253"	NA	5
"AGGAGGTGTGTTACAC"	""	"ERX6700411"	"ERP132578"	"testis"	"Elongated_spermatids"	NA	NA	NA	"CL:4030037"	"late spermatid"	"perfect match"	"SN253"	NA	1
"AGGAGGTTCCGCAGTG"	""	"ERX6700411"	"ERP132578"	"testis"	"Elongated_spermatids"	NA	NA	NA	"CL:4030037"	"late spermatid"	"perfect match"	"SN253"	NA	1
"AGGATAAAGGACCCAA"	""	"ERX6700411"	"ERP132578"	"testis"	"Spermatogonia"	NA	NA	NA	"CL:0000020"	"spermatogonium"	"perfect match"	"SN253"	NA	4
"AGGATAATCCTTGGAA"	""	"ERX6700411"	"ERP132578"	"testis"	"Elongated_spermatids"	NA	NA	NA	"CL:4030037"	"late spermatid"	"perfect match"	"SN253"	NA	1
"AGGATCTCAGCATCTA"	""	"ERX6700411"	"ERP132578"	"testis"	"Round_spermatids"	NA	NA	NA	"CL:4030036"	"early spermatid"	"perfect match"	"SN253"	NA	2
"AGGATCTCAGCTAACT"	""	"ERX6700411"	"ERP132578"	"testis"	"Round_spermatids"	NA	NA	NA	"CL:4030036"	"early spermatid"	"perfect match"	"SN253"	NA	2
"AGGATCTTCCATTTCA"	""	"ERX6700411"	"ERP132578"	"testis"	"Elongated_spermatids"	NA	NA	NA	"CL:4030037"	"late spermatid"	"perfect match"	"SN253"	NA	1
"AGGATCTTCTCTGACC"	""	"ERX6700411"	"ERP132578"	"testis"	"Elongated_spermatids"	NA	NA	NA	"CL:4030037"	"late spermatid"	"perfect match"	"SN253"	NA	1
"AGGCATTAGTCTAGCT"	""	"ERX6700411"	"ERP132578"	"testis"	"Round_spermatids"	NA	NA	NA	"CL:4030036"	"early spermatid"	"perfect match"	"SN253"	NA	2
"AGGCATTGTAGGTAGC"	""	"ERX6700411"	"ERP132578"	"testis"	"Spermatocytes"	NA	NA	NA	"CL:0000017"	"spermatocyte"	"perfect match"	"SN253"	NA	5
"AGGCATTGTTGCATAC"	""	"ERX6700411"	"ERP132578"	"testis"	"Spermatocytes"	NA	NA	NA	"CL:0000017"	"spermatocyte"	"perfect match"	"SN253"	NA	5
"AGGCATTTCACACGAT"	""	"ERX6700411"	"ERP132578"	"testis"	"Other_somatic"	NA	NA	NA	"CL:0002371"	"somatic cell"	"perfect match"	"SN253"	NA	3
"AGGCATTTCGCAGTTA"	""	"ERX6700411"	"ERP132578"	"testis"	"Elongated_spermatids"	NA	NA	NA	"CL:4030037"	"late spermatid"	"perfect match"	"SN253"	NA	1
"AGGCCACAGAGTACCG"	""	"ERX6700411"	"ERP132578"	"testis"	"Round_spermatids"	NA	NA	NA	"CL:4030036"	"early spermatid"	"perfect match"	"SN253"	NA	2
"AGGCCACAGTCTTCGA"	""	"ERX6700411"	"ERP132578"	"testis"	"Spermatocytes"	NA	NA	NA	"CL:0000017"	"spermatocyte"	"perfect match"	"SN253"	NA	5
"AGGCTGCTCACCACAA"	""	"ERX6700411"	"ERP132578"	"testis"	"Round_spermatids"	NA	NA	NA	"CL:4030036"	"early spermatid"	"perfect match"	"SN253"	NA	2
"AGGCTGCTCTTCTCAA"	""	"ERX6700411"	"ERP132578"	"testis"	"Round_spermatids"	NA	NA	NA	"CL:4030036"	"early spermatid"	"perfect match"	"SN253"	NA	2
"AGGGAGTAGATCGCTT"	""	"ERX6700411"	"ERP132578"	"testis"	"Round_spermatids"	NA	NA	NA	"CL:4030036"	"early spermatid"	"perfect match"	"SN253"	NA	2
"AGGGAGTCACAACATC"	""	"ERX6700411"	"ERP132578"	"testis"	"Elongated_spermatids"	NA	NA	NA	"CL:4030037"	"late spermatid"	"perfect match"	"SN253"	NA	1
"AGGGAGTCACTACTTT"	""	"ERX6700411"	"ERP132578"	"testis"	"Round_spermatids"	NA	NA	NA	"CL:4030036"	"early spermatid"	"perfect match"	"SN253"	NA	2
"AGGGAGTCATCGATCA"	""	"ERX6700411"	"ERP132578"	"testis"	"Round_spermatids"	NA	NA	NA	"CL:4030036"	"early spermatid"	"perfect match"	"SN253"	NA	2
"AGGGAGTGTGGATCAG"	""	"ERX6700411"	"ERP132578"	"testis"	"Spermatocytes"	NA	NA	NA	"CL:0000017"	"spermatocyte"	"perfect match"	"SN253"	NA	5
"AGGGAGTGTTGACTAC"	""	"ERX6700411"	"ERP132578"	"testis"	"Round_spermatids"	NA	NA	NA	"CL:4030036"	"early spermatid"	"perfect match"	"SN253"	NA	2
"AGGGAGTTCCAAGGGA"	""	"ERX6700411"	"ERP132578"	"testis"	"Elongated_spermatids"	NA	NA	NA	"CL:4030037"	"late spermatid"	"perfect match"	"SN253"	NA	1
"AGGGCCTAGAAGAGCA"	""	"ERX6700411"	"ERP132578"	"testis"	"Spermatogonia"	NA	NA	NA	"CL:0000020"	"spermatogonium"	"perfect match"	"SN253"	NA	4
"AGGGCCTCACATCCCT"	""	"ERX6700411"	"ERP132578"	"testis"	"Spermatogonia"	NA	NA	NA	"CL:0000020"	"spermatogonium"	"perfect match"	"SN253"	NA	4
"AGGGCCTCAGCCGTCA"	""	"ERX6700411"	"ERP132578"	"testis"	"Round_spermatids"	NA	NA	NA	"CL:4030036"	"early spermatid"	"perfect match"	"SN253"	NA	2
"AGGGCCTGTACTCGAT"	""	"ERX6700411"	"ERP132578"	"testis"	"Other_somatic"	NA	NA	NA	"CL:0002371"	"somatic cell"	"perfect match"	"SN253"	NA	3
"AGGGCCTGTATTGAGA"	""	"ERX6700411"	"ERP132578"	"testis"	"Spermatocytes"	NA	NA	NA	"CL:0000017"	"spermatocyte"	"perfect match"	"SN253"	NA	5
"AGGGCCTGTCGCACGT"	""	"ERX6700411"	"ERP132578"	"testis"	"Spermatocytes"	NA	NA	NA	"CL:0000017"	"spermatocyte"	"perfect match"	"SN253"	NA	5
"AGGGCCTGTTAGCTAC"	""	"ERX6700411"	"ERP132578"	"testis"	"Spermatocytes"	NA	NA	NA	"CL:0000017"	"spermatocyte"	"perfect match"	"SN253"	NA	5
"AGGGCCTGTTCTTGTT"	""	"ERX6700411"	"ERP132578"	"testis"	"Round_spermatids"	NA	NA	NA	"CL:4030036"	"early spermatid"	"perfect match"	"SN253"	NA	2
"AGGGCTCAGCATCTTG"	""	"ERX6700411"	"ERP132578"	"testis"	"Round_spermatids"	NA	NA	NA	"CL:4030036"	"early spermatid"	"perfect match"	"SN253"	NA	2
"AGGGCTCCAGCTATAC"	""	"ERX6700411"	"ERP132578"	"testis"	"Round_spermatids"	NA	NA	NA	"CL:4030036"	"early spermatid"	"perfect match"	"SN253"	NA	2
"AGGGCTCGTTGCTCAA"	""	"ERX6700411"	"ERP132578"	"testis"	"Elongated_spermatids"	NA	NA	NA	"CL:4030037"	"late spermatid"	"perfect match"	"SN253"	NA	1
"AGGGCTCTCCCAGTGG"	""	"ERX6700411"	"ERP132578"	"testis"	"Round_spermatids"	NA	NA	NA	"CL:4030036"	"early spermatid"	"perfect match"	"SN253"	NA	2
"AGGGCTCTCTGTCGCT"	""	"ERX6700411"	"ERP132578"	"testis"	"Spermatocytes"	NA	NA	NA	"CL:0000017"	"spermatocyte"	"perfect match"	"SN253"	NA	5
"AGGGTGAAGCCAAGCA"	""	"ERX6700411"	"ERP132578"	"testis"	"Spermatocytes"	NA	NA	NA	"CL:0000017"	"spermatocyte"	"perfect match"	"SN253"	NA	5
"AGGGTGAAGTGCACAG"	""	"ERX6700411"	"ERP132578"	"testis"	"Round_spermatids"	NA	NA	NA	"CL:4030036"	"early spermatid"	"perfect match"	"SN253"	NA	2
"AGGGTGACAAGCGATG"	""	"ERX6700411"	"ERP132578"	"testis"	"Round_spermatids"	NA	NA	NA	"CL:4030036"	"early spermatid"	"perfect match"	"SN253"	NA	2
"AGGGTGACACGTAGAG"	""	"ERX6700411"	"ERP132578"	"testis"	"Other_somatic"	NA	NA	NA	"CL:0002371"	"somatic cell"	"perfect match"	"SN253"	NA	3
"AGGGTGACATCACGGC"	""	"ERX6700411"	"ERP132578"	"testis"	"Spermatocytes"	NA	NA	NA	"CL:0000017"	"spermatocyte"	"perfect match"	"SN253"	NA	5
"AGGGTGATCAGGGATG"	""	"ERX6700411"	"ERP132578"	"testis"	"Round_spermatids"	NA	NA	NA	"CL:4030036"	"early spermatid"	"perfect match"	"SN253"	NA	2
"AGGGTTTAGATCCTAC"	""	"ERX6700411"	"ERP132578"	"testis"	"Spermatogonia"	NA	NA	NA	"CL:0000020"	"spermatogonium"	"perfect match"	"SN253"	NA	4
"AGGGTTTCAGCCGTTG"	""	"ERX6700411"	"ERP132578"	"testis"	"Spermatocytes"	NA	NA	NA	"CL:0000017"	"spermatocyte"	"perfect match"	"SN253"	NA	5
"AGGGTTTGTCGGAAAC"	""	"ERX6700411"	"ERP132578"	"testis"	"Round_spermatids"	NA	NA	NA	"CL:4030036"	"early spermatid"	"perfect match"	"SN253"	NA	2
"AGGGTTTGTGCGTCGT"	""	"ERX6700411"	"ERP132578"	"testis"	"Round_spermatids"	NA	NA	NA	"CL:4030036"	"early spermatid"	"perfect match"	"SN253"	NA	2
"AGGTAGGAGCAACAGC"	""	"ERX6700411"	"ERP132578"	"testis"	"Round_spermatids"	NA	NA	NA	"CL:4030036"	"early spermatid"	"perfect match"	"SN253"	NA	2
"AGGTAGGAGTAAGACT"	""	"ERX6700411"	"ERP132578"	"testis"	"Round_spermatids"	NA	NA	NA	"CL:4030036"	"early spermatid"	"perfect match"	"SN253"	NA	2
"AGGTAGGCAGATAAAC"	""	"ERX6700411"	"ERP132578"	"testis"	"Spermatogonia"	NA	NA	NA	"CL:0000020"	"spermatogonium"	"perfect match"	"SN253"	NA	4
"AGGTAGGTCGTTCCTG"	""	"ERX6700411"	"ERP132578"	"testis"	"Spermatocytes"	NA	NA	NA	"CL:0000017"	"spermatocyte"	"perfect match"	"SN253"	NA	5
"AGGTAGGTCTGACGCG"	""	"ERX6700411"	"ERP132578"	"testis"	"Elongated_spermatids"	NA	NA	NA	"CL:4030037"	"late spermatid"	"perfect match"	"SN253"	NA	1
"AGGTCATAGGTGTGAC"	""	"ERX6700411"	"ERP132578"	"testis"	"Round_spermatids"	NA	NA	NA	"CL:4030036"	"early spermatid"	"perfect match"	"SN253"	NA	2
"AGGTCATAGTCACGAG"	""	"ERX6700411"	"ERP132578"	"testis"	"Spermatocytes"	NA	NA	NA	"CL:0000017"	"spermatocyte"	"perfect match"	"SN253"	NA	5
"AGGTCATGTCAAAGCG"	""	"ERX6700411"	"ERP132578"	"testis"	"Round_spermatids"	NA	NA	NA	"CL:4030036"	"early spermatid"	"perfect match"	"SN253"	NA	2
"AGGTCTAAGACCACGA"	""	"ERX6700411"	"ERP132578"	"testis"	"Round_spermatids"	NA	NA	NA	"CL:4030036"	"early spermatid"	"perfect match"	"SN253"	NA	2
"AGGTCTACAATGTTGC"	""	"ERX6700411"	"ERP132578"	"testis"	"Spermatocytes"	NA	NA	NA	"CL:0000017"	"spermatocyte"	"perfect match"	"SN253"	NA	5
"AGGTCTATCCAGTACA"	""	"ERX6700411"	"ERP132578"	"testis"	"Spermatogonia"	NA	NA	NA	"CL:0000020"	"spermatogonium"	"perfect match"	"SN253"	NA	4
"AGGTGTTGTCTACATG"	""	"ERX6700411"	"ERP132578"	"testis"	"Spermatocytes"	NA	NA	NA	"CL:0000017"	"spermatocyte"	"perfect match"	"SN253"	NA	5
"AGGTTACAGTGTTGTC"	""	"ERX6700411"	"ERP132578"	"testis"	"Round_spermatids"	NA	NA	NA	"CL:4030036"	"early spermatid"	"perfect match"	"SN253"	NA	2
"AGGTTGTAGTCATGCT"	""	"ERX6700411"	"ERP132578"	"testis"	"Round_spermatids"	NA	NA	NA	"CL:4030036"	"early spermatid"	"perfect match"	"SN253"	NA	2
"AGGTTGTAGTGCCCGT"	""	"ERX6700411"	"ERP132578"	"testis"	"Elongated_spermatids"	NA	NA	NA	"CL:4030037"	"late spermatid"	"perfect match"	"SN253"	NA	1
"AGGTTGTTCATGGAGG"	""	"ERX6700411"	"ERP132578"	"testis"	"Round_spermatids"	NA	NA	NA	"CL:4030036"	"early spermatid"	"perfect match"	"SN253"	NA	2
"AGGTTGTTCATGGCCG"	""	"ERX6700411"	"ERP132578"	"testis"	"Round_spermatids"	NA	NA	NA	"CL:4030036"	"early spermatid"	"perfect match"	"SN253"	NA	2
"AGGTTGTTCGCTTTAT"	""	"ERX6700411"	"ERP132578"	"testis"	"Round_spermatids"	NA	NA	NA	"CL:4030036"	"early spermatid"	"perfect match"	"SN253"	NA	2
"AGTAACCCATATCTCT"	""	"ERX6700411"	"ERP132578"	"testis"	"Other_somatic"	NA	NA	NA	"CL:0002371"	"somatic cell"	"perfect match"	"SN253"	NA	3
"AGTACCAAGAGCACTG"	""	"ERX6700411"	"ERP132578"	"testis"	"Spermatocytes"	NA	NA	NA	"CL:0000017"	"spermatocyte"	"perfect match"	"SN253"	NA	5
"AGTACCAGTCATAACC"	""	"ERX6700411"	"ERP132578"	"testis"	"Round_spermatids"	NA	NA	NA	"CL:4030036"	"early spermatid"	"perfect match"	"SN253"	NA	2
"AGTACCATCTAAGCGT"	""	"ERX6700411"	"ERP132578"	"testis"	"Spermatocytes"	NA	NA	NA	"CL:0000017"	"spermatocyte"	"perfect match"	"SN253"	NA	5
"AGTACTGCAGGGATAC"	""	"ERX6700411"	"ERP132578"	"testis"	"Other_somatic"	NA	NA	NA	"CL:0002371"	"somatic cell"	"perfect match"	"SN253"	NA	3
"AGTACTGGTAAGGCCA"	""	"ERX6700411"	"ERP132578"	"testis"	"Round_spermatids"	NA	NA	NA	"CL:4030036"	"early spermatid"	"perfect match"	"SN253"	NA	2
"AGTACTGGTGAGCGAT"	""	"ERX6700411"	"ERP132578"	"testis"	"Round_spermatids"	NA	NA	NA	"CL:4030036"	"early spermatid"	"perfect match"	"SN253"	NA	2
"AGTAGCTGTAGAGGAA"	""	"ERX6700411"	"ERP132578"	"testis"	"Spermatocytes"	NA	NA	NA	"CL:0000017"	"spermatocyte"	"perfect match"	"SN253"	NA	5
"AGTAGCTGTGATGTAA"	""	"ERX6700411"	"ERP132578"	"testis"	"Round_spermatids"	NA	NA	NA	"CL:4030036"	"early spermatid"	"perfect match"	"SN253"	NA	2
"AGTAGCTGTGGAAATT"	""	"ERX6700411"	"ERP132578"	"testis"	"Elongated_spermatids"	NA	NA	NA	"CL:4030037"	"late spermatid"	"perfect match"	"SN253"	NA	1
"AGTAGCTGTGGACCAA"	""	"ERX6700411"	"ERP132578"	"testis"	"Round_spermatids"	NA	NA	NA	"CL:4030036"	"early spermatid"	"perfect match"	"SN253"	NA	2
"AGTAGTCAGGAGACCT"	""	"ERX6700411"	"ERP132578"	"testis"	"Round_spermatids"	NA	NA	NA	"CL:4030036"	"early spermatid"	"perfect match"	"SN253"	NA	2
"AGTAGTCCAGTTGTTG"	""	"ERX6700411"	"ERP132578"	"testis"	"Round_spermatids"	NA	NA	NA	"CL:4030036"	"early spermatid"	"perfect match"	"SN253"	NA	2
"AGTAGTCGTCGTATTG"	""	"ERX6700411"	"ERP132578"	"testis"	"Round_spermatids"	NA	NA	NA	"CL:4030036"	"early spermatid"	"perfect match"	"SN253"	NA	2
"AGTCAACGTTGCATCA"	""	"ERX6700411"	"ERP132578"	"testis"	"Elongated_spermatids"	NA	NA	NA	"CL:4030037"	"late spermatid"	"perfect match"	"SN253"	NA	1
"AGTCAACTCATGGTAC"	""	"ERX6700411"	"ERP132578"	"testis"	"Spermatocytes"	NA	NA	NA	"CL:0000017"	"spermatocyte"	"perfect match"	"SN253"	NA	5
"AGTCAACTCCATTGCC"	""	"ERX6700411"	"ERP132578"	"testis"	"Spermatogonia"	NA	NA	NA	"CL:0000020"	"spermatogonium"	"perfect match"	"SN253"	NA	4
"AGTCAACTCCGTATGA"	""	"ERX6700411"	"ERP132578"	"testis"	"Elongated_spermatids"	NA	NA	NA	"CL:4030037"	"late spermatid"	"perfect match"	"SN253"	NA	1
"AGTCACACAACACGTT"	""	"ERX6700411"	"ERP132578"	"testis"	"Elongated_spermatids"	NA	NA	NA	"CL:4030037"	"late spermatid"	"perfect match"	"SN253"	NA	1
"AGTCACACACCCAACG"	""	"ERX6700411"	"ERP132578"	"testis"	"Elongated_spermatids"	NA	NA	NA	"CL:4030037"	"late spermatid"	"perfect match"	"SN253"	NA	1
"AGTCATGGTAACGGTG"	""	"ERX6700411"	"ERP132578"	"testis"	"Spermatogonia"	NA	NA	NA	"CL:0000020"	"spermatogonium"	"perfect match"	"SN253"	NA	4
"AGTCATGGTGTGAATA"	""	"ERX6700411"	"ERP132578"	"testis"	"Round_spermatids"	NA	NA	NA	"CL:4030036"	"early spermatid"	"perfect match"	"SN253"	NA	2
"AGTCTCCAGGCATGCA"	""	"ERX6700411"	"ERP132578"	"testis"	"Round_spermatids"	NA	NA	NA	"CL:4030036"	"early spermatid"	"perfect match"	"SN253"	NA	2
"AGTCTCCCAGTTCACA"	""	"ERX6700411"	"ERP132578"	"testis"	"Round_spermatids"	NA	NA	NA	"CL:4030036"	"early spermatid"	"perfect match"	"SN253"	NA	2
"AGTCTCCCATCATCTT"	""	"ERX6700411"	"ERP132578"	"testis"	"Elongated_spermatids"	NA	NA	NA	"CL:4030037"	"late spermatid"	"perfect match"	"SN253"	NA	1
"AGTCTCCGTAGTATAG"	""	"ERX6700411"	"ERP132578"	"testis"	"Round_spermatids"	NA	NA	NA	"CL:4030036"	"early spermatid"	"perfect match"	"SN253"	NA	2
"AGTGACTAGGGAGGAC"	""	"ERX6700411"	"ERP132578"	"testis"	"Spermatogonia"	NA	NA	NA	"CL:0000020"	"spermatogonium"	"perfect match"	"SN253"	NA	4
"AGTGACTGTACTGAGG"	""	"ERX6700411"	"ERP132578"	"testis"	"Round_spermatids"	NA	NA	NA	"CL:4030036"	"early spermatid"	"perfect match"	"SN253"	NA	2
"AGTGACTGTGGACCAA"	""	"ERX6700411"	"ERP132578"	"testis"	"Spermatocytes"	NA	NA	NA	"CL:0000017"	"spermatocyte"	"perfect match"	"SN253"	NA	5
"AGTGACTTCAACCTCC"	""	"ERX6700411"	"ERP132578"	"testis"	"Round_spermatids"	NA	NA	NA	"CL:4030036"	"early spermatid"	"perfect match"	"SN253"	NA	2
"AGTGACTTCACTTATC"	""	"ERX6700411"	"ERP132578"	"testis"	"Spermatocytes"	NA	NA	NA	"CL:0000017"	"spermatocyte"	"perfect match"	"SN253"	NA	5
"AGTGACTTCCATCTCG"	""	"ERX6700411"	"ERP132578"	"testis"	"Round_spermatids"	NA	NA	NA	"CL:4030036"	"early spermatid"	"perfect match"	"SN253"	NA	2
"AGTGATCCAGAGTGTG"	""	"ERX6700411"	"ERP132578"	"testis"	"Round_spermatids"	NA	NA	NA	"CL:4030036"	"early spermatid"	"perfect match"	"SN253"	NA	2
"AGTGATCGTGGCACTC"	""	"ERX6700411"	"ERP132578"	"testis"	"Spermatogonia"	NA	NA	NA	"CL:0000020"	"spermatogonium"	"perfect match"	"SN253"	NA	4
"AGTGATCGTGTTGAGG"	""	"ERX6700411"	"ERP132578"	"testis"	"Round_spermatids"	NA	NA	NA	"CL:4030036"	"early spermatid"	"perfect match"	"SN253"	NA	2
"AGTGATCTCATCCTGC"	""	"ERX6700411"	"ERP132578"	"testis"	"Round_spermatids"	NA	NA	NA	"CL:4030036"	"early spermatid"	"perfect match"	"SN253"	NA	2
"AGTGCCGAGATGCCGA"	""	"ERX6700411"	"ERP132578"	"testis"	"Round_spermatids"	NA	NA	NA	"CL:4030036"	"early spermatid"	"perfect match"	"SN253"	NA	2
"AGTGCCGAGCACTCCG"	""	"ERX6700411"	"ERP132578"	"testis"	"Round_spermatids"	NA	NA	NA	"CL:4030036"	"early spermatid"	"perfect match"	"SN253"	NA	2
"AGTGCCGAGCATCAGG"	""	"ERX6700411"	"ERP132578"	"testis"	"Spermatogonia"	NA	NA	NA	"CL:0000020"	"spermatogonium"	"perfect match"	"SN253"	NA	4
"AGTGCCGTCTCACCCA"	""	"ERX6700411"	"ERP132578"	"testis"	"Spermatocytes"	NA	NA	NA	"CL:0000017"	"spermatocyte"	"perfect match"	"SN253"	NA	5
"AGTGTTGGTTATTCCT"	""	"ERX6700411"	"ERP132578"	"testis"	"Spermatocytes"	NA	NA	NA	"CL:0000017"	"spermatocyte"	"perfect match"	"SN253"	NA	5
"AGTTAGCAGGCTAGCA"	""	"ERX6700411"	"ERP132578"	"testis"	"Elongated_spermatids"	NA	NA	NA	"CL:4030037"	"late spermatid"	"perfect match"	"SN253"	NA	1
"AGTTAGCAGGGACAGG"	""	"ERX6700411"	"ERP132578"	"testis"	"Round_spermatids"	NA	NA	NA	"CL:4030036"	"early spermatid"	"perfect match"	"SN253"	NA	2
"AGTTAGCCAACAGATA"	""	"ERX6700411"	"ERP132578"	"testis"	"Elongated_spermatids"	NA	NA	NA	"CL:4030037"	"late spermatid"	"perfect match"	"SN253"	NA	1
"AGTTAGCGTGAAGCGT"	""	"ERX6700411"	"ERP132578"	"testis"	"Round_spermatids"	NA	NA	NA	"CL:4030036"	"early spermatid"	"perfect match"	"SN253"	NA	2
"AGTTAGCTCATGTCTT"	""	"ERX6700411"	"ERP132578"	"testis"	"Elongated_spermatids"	NA	NA	NA	"CL:4030037"	"late spermatid"	"perfect match"	"SN253"	NA	1
"AGTTAGCTCGGTCGGT"	""	"ERX6700411"	"ERP132578"	"testis"	"Round_spermatids"	NA	NA	NA	"CL:4030036"	"early spermatid"	"perfect match"	"SN253"	NA	2
"AGTTCCCAGCACTTTG"	""	"ERX6700411"	"ERP132578"	"testis"	"Spermatogonia"	NA	NA	NA	"CL:0000020"	"spermatogonium"	"perfect match"	"SN253"	NA	4
"AGTTCCCAGGTTGGTG"	""	"ERX6700411"	"ERP132578"	"testis"	"Spermatocytes"	NA	NA	NA	"CL:0000017"	"spermatocyte"	"perfect match"	"SN253"	NA	5
"AGTTCCCGTACTCGAT"	""	"ERX6700411"	"ERP132578"	"testis"	"Spermatocytes"	NA	NA	NA	"CL:0000017"	"spermatocyte"	"perfect match"	"SN253"	NA	5
"AGTTCGAAGGGATCTG"	""	"ERX6700411"	"ERP132578"	"testis"	"Round_spermatids"	NA	NA	NA	"CL:4030036"	"early spermatid"	"perfect match"	"SN253"	NA	2
"AGTTCGACAATGGGTG"	""	"ERX6700411"	"ERP132578"	"testis"	"Elongated_spermatids"	NA	NA	NA	"CL:4030037"	"late spermatid"	"perfect match"	"SN253"	NA	1
"AGTTCGAGTAAGGAGA"	""	"ERX6700411"	"ERP132578"	"testis"	"Elongated_spermatids"	NA	NA	NA	"CL:4030037"	"late spermatid"	"perfect match"	"SN253"	NA	1
"AGTTCGAGTCCGGATC"	""	"ERX6700411"	"ERP132578"	"testis"	"Round_spermatids"	NA	NA	NA	"CL:4030036"	"early spermatid"	"perfect match"	"SN253"	NA	2
"AGTTCGATCTGCGGCA"	""	"ERX6700411"	"ERP132578"	"testis"	"Elongated_spermatids"	NA	NA	NA	"CL:4030037"	"late spermatid"	"perfect match"	"SN253"	NA	1
"AGTTCGATCTGTAAGC"	""	"ERX6700411"	"ERP132578"	"testis"	"Round_spermatids"	NA	NA	NA	"CL:4030036"	"early spermatid"	"perfect match"	"SN253"	NA	2
"ATACCGAAGTTTGGCT"	""	"ERX6700411"	"ERP132578"	"testis"	"Round_spermatids"	NA	NA	NA	"CL:4030036"	"early spermatid"	"perfect match"	"SN253"	NA	2
"ATACCGAGTCACCCTT"	""	"ERX6700411"	"ERP132578"	"testis"	"Spermatocytes"	NA	NA	NA	"CL:0000017"	"spermatocyte"	"perfect match"	"SN253"	NA	5
"ATACCGATCACCGCTT"	""	"ERX6700411"	"ERP132578"	"testis"	"Elongated_spermatids"	NA	NA	NA	"CL:4030037"	"late spermatid"	"perfect match"	"SN253"	NA	1
"ATACCTTAGAAACACT"	""	"ERX6700411"	"ERP132578"	"testis"	"Spermatocytes"	NA	NA	NA	"CL:0000017"	"spermatocyte"	"perfect match"	"SN253"	NA	5
"ATACCTTAGAGGCGGA"	""	"ERX6700411"	"ERP132578"	"testis"	"Round_spermatids"	NA	NA	NA	"CL:4030036"	"early spermatid"	"perfect match"	"SN253"	NA	2
"ATACCTTCATCCTAAG"	""	"ERX6700411"	"ERP132578"	"testis"	"Spermatocytes"	NA	NA	NA	"CL:0000017"	"spermatocyte"	"perfect match"	"SN253"	NA	5
"ATACCTTTCCAAGCAT"	""	"ERX6700411"	"ERP132578"	"testis"	"Round_spermatids"	NA	NA	NA	"CL:4030036"	"early spermatid"	"perfect match"	"SN253"	NA	2
"ATACTTCAGGCCACTC"	""	"ERX6700411"	"ERP132578"	"testis"	"Elongated_spermatids"	NA	NA	NA	"CL:4030037"	"late spermatid"	"perfect match"	"SN253"	NA	1
"ATACTTCAGGTCATTC"	""	"ERX6700411"	"ERP132578"	"testis"	"Spermatocytes"	NA	NA	NA	"CL:0000017"	"spermatocyte"	"perfect match"	"SN253"	NA	5
"ATACTTCCACATAACC"	""	"ERX6700411"	"ERP132578"	"testis"	"Spermatocytes"	NA	NA	NA	"CL:0000017"	"spermatocyte"	"perfect match"	"SN253"	NA	5
"ATACTTCCACGTCATA"	""	"ERX6700411"	"ERP132578"	"testis"	"Round_spermatids"	NA	NA	NA	"CL:4030036"	"early spermatid"	"perfect match"	"SN253"	NA	2
"ATACTTCGTGAGACCA"	""	"ERX6700411"	"ERP132578"	"testis"	"Elongated_spermatids"	NA	NA	NA	"CL:4030037"	"late spermatid"	"perfect match"	"SN253"	NA	1
"ATACTTCGTTTGCAGT"	""	"ERX6700411"	"ERP132578"	"testis"	"Spermatocytes"	NA	NA	NA	"CL:0000017"	"spermatocyte"	"perfect match"	"SN253"	NA	5
"ATAGACCAGGTTAGTA"	""	"ERX6700411"	"ERP132578"	"testis"	"Other_somatic"	NA	NA	NA	"CL:0002371"	"somatic cell"	"perfect match"	"SN253"	NA	3
"ATAGACCCAACTGTGT"	""	"ERX6700411"	"ERP132578"	"testis"	"Round_spermatids"	NA	NA	NA	"CL:4030036"	"early spermatid"	"perfect match"	"SN253"	NA	2
"ATAGACCGTACGACTT"	""	"ERX6700411"	"ERP132578"	"testis"	"Spermatocytes"	NA	NA	NA	"CL:0000017"	"spermatocyte"	"perfect match"	"SN253"	NA	5
"ATAGACCTCGTTCATT"	""	"ERX6700411"	"ERP132578"	"testis"	"Spermatocytes"	NA	NA	NA	"CL:0000017"	"spermatocyte"	"perfect match"	"SN253"	NA	5
"ATAGAGAAGGATTCAA"	""	"ERX6700411"	"ERP132578"	"testis"	"Spermatocytes"	NA	NA	NA	"CL:0000017"	"spermatocyte"	"perfect match"	"SN253"	NA	5
"ATAGAGACACTATGTG"	""	"ERX6700411"	"ERP132578"	"testis"	"Elongated_spermatids"	NA	NA	NA	"CL:4030037"	"late spermatid"	"perfect match"	"SN253"	NA	1
"ATAGAGAGTGAGACGT"	""	"ERX6700411"	"ERP132578"	"testis"	"Round_spermatids"	NA	NA	NA	"CL:4030036"	"early spermatid"	"perfect match"	"SN253"	NA	2
"ATAGGCTCATGATCTG"	""	"ERX6700411"	"ERP132578"	"testis"	"Round_spermatids"	NA	NA	NA	"CL:4030036"	"early spermatid"	"perfect match"	"SN253"	NA	2
"ATAGGCTGTATGGGAC"	""	"ERX6700411"	"ERP132578"	"testis"	"Round_spermatids"	NA	NA	NA	"CL:4030036"	"early spermatid"	"perfect match"	"SN253"	NA	2
"ATAGGCTTCAAACGTC"	""	"ERX6700411"	"ERP132578"	"testis"	"Round_spermatids"	NA	NA	NA	"CL:4030036"	"early spermatid"	"perfect match"	"SN253"	NA	2
"ATATCCTAGACAAGCC"	""	"ERX6700411"	"ERP132578"	"testis"	"Round_spermatids"	NA	NA	NA	"CL:4030036"	"early spermatid"	"perfect match"	"SN253"	NA	2
"ATATCCTAGGACATCG"	""	"ERX6700411"	"ERP132578"	"testis"	"Elongated_spermatids"	NA	NA	NA	"CL:4030037"	"late spermatid"	"perfect match"	"SN253"	NA	1
"ATATCCTAGGGTTAGC"	""	"ERX6700411"	"ERP132578"	"testis"	"Elongated_spermatids"	NA	NA	NA	"CL:4030037"	"late spermatid"	"perfect match"	"SN253"	NA	1
"ATATCCTGTAAGTTGA"	""	"ERX6700411"	"ERP132578"	"testis"	"Round_spermatids"	NA	NA	NA	"CL:4030036"	"early spermatid"	"perfect match"	"SN253"	NA	2
"ATATCCTGTGAATTGA"	""	"ERX6700411"	"ERP132578"	"testis"	"Round_spermatids"	NA	NA	NA	"CL:4030036"	"early spermatid"	"perfect match"	"SN253"	NA	2
"ATATCCTTCCAAAGGG"	""	"ERX6700411"	"ERP132578"	"testis"	"Elongated_spermatids"	NA	NA	NA	"CL:4030037"	"late spermatid"	"perfect match"	"SN253"	NA	1
"ATCACAGCAGGACTTT"	""	"ERX6700411"	"ERP132578"	"testis"	"Round_spermatids"	NA	NA	NA	"CL:4030036"	"early spermatid"	"perfect match"	"SN253"	NA	2
"ATCACAGGTTTGTTGG"	""	"ERX6700411"	"ERP132578"	"testis"	"Other_somatic"	NA	NA	NA	"CL:0002371"	"somatic cell"	"perfect match"	"SN253"	NA	3
"ATCACAGTCGAAGGAC"	""	"ERX6700411"	"ERP132578"	"testis"	"Round_spermatids"	NA	NA	NA	"CL:4030036"	"early spermatid"	"perfect match"	"SN253"	NA	2
"ATCACAGTCGTAGGGA"	""	"ERX6700411"	"ERP132578"	"testis"	"Spermatocytes"	NA	NA	NA	"CL:0000017"	"spermatocyte"	"perfect match"	"SN253"	NA	5
"ATCACGAAGCGAAACC"	""	"ERX6700411"	"ERP132578"	"testis"	"Spermatogonia"	NA	NA	NA	"CL:0000020"	"spermatogonium"	"perfect match"	"SN253"	NA	4
"ATCACGACAATATCCG"	""	"ERX6700411"	"ERP132578"	"testis"	"Spermatocytes"	NA	NA	NA	"CL:0000017"	"spermatocyte"	"perfect match"	"SN253"	NA	5
"ATCACGACACGTGTGC"	""	"ERX6700411"	"ERP132578"	"testis"	"Round_spermatids"	NA	NA	NA	"CL:4030036"	"early spermatid"	"perfect match"	"SN253"	NA	2
"ATCACGATCGCATAGT"	""	"ERX6700411"	"ERP132578"	"testis"	"Round_spermatids"	NA	NA	NA	"CL:4030036"	"early spermatid"	"perfect match"	"SN253"	NA	2
"ATCACGATCGGATAAA"	""	"ERX6700411"	"ERP132578"	"testis"	"Spermatocytes"	NA	NA	NA	"CL:0000017"	"spermatocyte"	"perfect match"	"SN253"	NA	5
"ATCACTTAGTTGTCGT"	""	"ERX6700411"	"ERP132578"	"testis"	"Round_spermatids"	NA	NA	NA	"CL:4030036"	"early spermatid"	"perfect match"	"SN253"	NA	2
"ATCACTTCAGAGCCCT"	""	"ERX6700411"	"ERP132578"	"testis"	"Other_somatic"	NA	NA	NA	"CL:0002371"	"somatic cell"	"perfect match"	"SN253"	NA	3
"ATCACTTGTAATGCTC"	""	"ERX6700411"	"ERP132578"	"testis"	"Round_spermatids"	NA	NA	NA	"CL:4030036"	"early spermatid"	"perfect match"	"SN253"	NA	2
"ATCACTTGTCCAAAGG"	""	"ERX6700411"	"ERP132578"	"testis"	"Elongated_spermatids"	NA	NA	NA	"CL:4030037"	"late spermatid"	"perfect match"	"SN253"	NA	1
"ATCACTTGTGGCCTCA"	""	"ERX6700411"	"ERP132578"	"testis"	"Round_spermatids"	NA	NA	NA	"CL:4030036"	"early spermatid"	"perfect match"	"SN253"	NA	2
"ATCACTTTCATAAGGA"	""	"ERX6700411"	"ERP132578"	"testis"	"Elongated_spermatids"	NA	NA	NA	"CL:4030037"	"late spermatid"	"perfect match"	"SN253"	NA	1
"ATCAGGTAGGATAATC"	""	"ERX6700411"	"ERP132578"	"testis"	"Round_spermatids"	NA	NA	NA	"CL:4030036"	"early spermatid"	"perfect match"	"SN253"	NA	2
"ATCAGGTTCATTGCCC"	""	"ERX6700411"	"ERP132578"	"testis"	"Round_spermatids"	NA	NA	NA	"CL:4030036"	"early spermatid"	"perfect match"	"SN253"	NA	2
"ATCATTCGTCAACATC"	""	"ERX6700411"	"ERP132578"	"testis"	"Spermatocytes"	NA	NA	NA	"CL:0000017"	"spermatocyte"	"perfect match"	"SN253"	NA	5
"ATCATTCTCGAGAGCA"	""	"ERX6700411"	"ERP132578"	"testis"	"Spermatocytes"	NA	NA	NA	"CL:0000017"	"spermatocyte"	"perfect match"	"SN253"	NA	5
"ATCATTCTCTGGGAGA"	""	"ERX6700411"	"ERP132578"	"testis"	"Spermatocytes"	NA	NA	NA	"CL:0000017"	"spermatocyte"	"perfect match"	"SN253"	NA	5
"ATCCACCAGATGCGAC"	""	"ERX6700411"	"ERP132578"	"testis"	"Elongated_spermatids"	NA	NA	NA	"CL:4030037"	"late spermatid"	"perfect match"	"SN253"	NA	1
"ATCCACCCAGTTAGAA"	""	"ERX6700411"	"ERP132578"	"testis"	"Round_spermatids"	NA	NA	NA	"CL:4030036"	"early spermatid"	"perfect match"	"SN253"	NA	2
"ATCCACCGTATATGGA"	""	"ERX6700411"	"ERP132578"	"testis"	"Spermatocytes"	NA	NA	NA	"CL:0000017"	"spermatocyte"	"perfect match"	"SN253"	NA	5
"ATCCACCGTCATCCCT"	""	"ERX6700411"	"ERP132578"	"testis"	"Round_spermatids"	NA	NA	NA	"CL:4030036"	"early spermatid"	"perfect match"	"SN253"	NA	2
"ATCCACCGTCGAGTTT"	""	"ERX6700411"	"ERP132578"	"testis"	"Spermatocytes"	NA	NA	NA	"CL:0000017"	"spermatocyte"	"perfect match"	"SN253"	NA	5
"ATCCACCGTTGGCTAT"	""	"ERX6700411"	"ERP132578"	"testis"	"Round_spermatids"	NA	NA	NA	"CL:4030036"	"early spermatid"	"perfect match"	"SN253"	NA	2
"ATCCACCTCTAACGCA"	""	"ERX6700411"	"ERP132578"	"testis"	"Elongated_spermatids"	NA	NA	NA	"CL:4030037"	"late spermatid"	"perfect match"	"SN253"	NA	1
"ATCCACCTCTCAGTCC"	""	"ERX6700411"	"ERP132578"	"testis"	"Round_spermatids"	NA	NA	NA	"CL:4030036"	"early spermatid"	"perfect match"	"SN253"	NA	2
"ATCCATTAGCGATTCT"	""	"ERX6700411"	"ERP132578"	"testis"	"Round_spermatids"	NA	NA	NA	"CL:4030036"	"early spermatid"	"perfect match"	"SN253"	NA	2
"ATCCATTAGTAGTGCG"	""	"ERX6700411"	"ERP132578"	"testis"	"Round_spermatids"	NA	NA	NA	"CL:4030036"	"early spermatid"	"perfect match"	"SN253"	NA	2
"ATCCATTGTAGACAAT"	""	"ERX6700411"	"ERP132578"	"testis"	"Round_spermatids"	NA	NA	NA	"CL:4030036"	"early spermatid"	"perfect match"	"SN253"	NA	2
"ATCCATTGTCGGTAAG"	""	"ERX6700411"	"ERP132578"	"testis"	"Round_spermatids"	NA	NA	NA	"CL:4030036"	"early spermatid"	"perfect match"	"SN253"	NA	2
"ATCCATTGTGGCTAGA"	""	"ERX6700411"	"ERP132578"	"testis"	"Spermatocytes"	NA	NA	NA	"CL:0000017"	"spermatocyte"	"perfect match"	"SN253"	NA	5
"ATCCATTTCAGAGTGG"	""	"ERX6700411"	"ERP132578"	"testis"	"Other_somatic"	NA	NA	NA	"CL:0002371"	"somatic cell"	"perfect match"	"SN253"	NA	3
"ATCCCTGAGCTCACTA"	""	"ERX6700411"	"ERP132578"	"testis"	"Other_somatic"	NA	NA	NA	"CL:0002371"	"somatic cell"	"perfect match"	"SN253"	NA	3
"ATCCCTGCAATTCTTC"	""	"ERX6700411"	"ERP132578"	"testis"	"Round_spermatids"	NA	NA	NA	"CL:4030036"	"early spermatid"	"perfect match"	"SN253"	NA	2
"ATCCCTGCACTATCCC"	""	"ERX6700411"	"ERP132578"	"testis"	"Spermatocytes"	NA	NA	NA	"CL:0000017"	"spermatocyte"	"perfect match"	"SN253"	NA	5
"ATCCCTGCATTGTGCA"	""	"ERX6700411"	"ERP132578"	"testis"	"Round_spermatids"	NA	NA	NA	"CL:4030036"	"early spermatid"	"perfect match"	"SN253"	NA	2
"ATCCCTGGTAGAGATT"	""	"ERX6700411"	"ERP132578"	"testis"	"Round_spermatids"	NA	NA	NA	"CL:4030036"	"early spermatid"	"perfect match"	"SN253"	NA	2
"ATCCCTGGTAGCCCTG"	""	"ERX6700411"	"ERP132578"	"testis"	"Round_spermatids"	NA	NA	NA	"CL:4030036"	"early spermatid"	"perfect match"	"SN253"	NA	2
"ATCCCTGTCAGTGATC"	""	"ERX6700411"	"ERP132578"	"testis"	"Round_spermatids"	NA	NA	NA	"CL:4030036"	"early spermatid"	"perfect match"	"SN253"	NA	2
"ATCCCTGTCATGCAGT"	""	"ERX6700411"	"ERP132578"	"testis"	"Elongated_spermatids"	NA	NA	NA	"CL:4030037"	"late spermatid"	"perfect match"	"SN253"	NA	1
"ATCCGTCAGACTCTAC"	""	"ERX6700411"	"ERP132578"	"testis"	"Spermatocytes"	NA	NA	NA	"CL:0000017"	"spermatocyte"	"perfect match"	"SN253"	NA	5
"ATCCGTCCATCGATCA"	""	"ERX6700411"	"ERP132578"	"testis"	"Elongated_spermatids"	NA	NA	NA	"CL:4030037"	"late spermatid"	"perfect match"	"SN253"	NA	1
"ATCCGTCGTTGAATCC"	""	"ERX6700411"	"ERP132578"	"testis"	"Round_spermatids"	NA	NA	NA	"CL:4030036"	"early spermatid"	"perfect match"	"SN253"	NA	2
"ATCCTATCACCTAAAC"	""	"ERX6700411"	"ERP132578"	"testis"	"Elongated_spermatids"	NA	NA	NA	"CL:4030037"	"late spermatid"	"perfect match"	"SN253"	NA	1
"ATCCTATGTGCGACAA"	""	"ERX6700411"	"ERP132578"	"testis"	"Round_spermatids"	NA	NA	NA	"CL:4030036"	"early spermatid"	"perfect match"	"SN253"	NA	2
"ATCCTATGTTTGGAGG"	""	"ERX6700411"	"ERP132578"	"testis"	"Spermatogonia"	NA	NA	NA	"CL:0000020"	"spermatogonium"	"perfect match"	"SN253"	NA	4
"ATCGATGAGAGTAACT"	""	"ERX6700411"	"ERP132578"	"testis"	"Round_spermatids"	NA	NA	NA	"CL:4030036"	"early spermatid"	"perfect match"	"SN253"	NA	2
"ATCGATGAGCAAGTGC"	""	"ERX6700411"	"ERP132578"	"testis"	"Spermatocytes"	NA	NA	NA	"CL:0000017"	"spermatocyte"	"perfect match"	"SN253"	NA	5
"ATCGATGAGGGTACAC"	""	"ERX6700411"	"ERP132578"	"testis"	"Round_spermatids"	NA	NA	NA	"CL:4030036"	"early spermatid"	"perfect match"	"SN253"	NA	2
"ATCGATGGTCCGAAGA"	""	"ERX6700411"	"ERP132578"	"testis"	"Round_spermatids"	NA	NA	NA	"CL:4030036"	"early spermatid"	"perfect match"	"SN253"	NA	2
"ATCGCCTAGCGTATAA"	""	"ERX6700411"	"ERP132578"	"testis"	"Round_spermatids"	NA	NA	NA	"CL:4030036"	"early spermatid"	"perfect match"	"SN253"	NA	2
"ATCGGATAGATGTAGT"	""	"ERX6700411"	"ERP132578"	"testis"	"Spermatogonia"	NA	NA	NA	"CL:0000020"	"spermatogonium"	"perfect match"	"SN253"	NA	4
"ATCGGATAGCACTCCG"	""	"ERX6700411"	"ERP132578"	"testis"	"Other_somatic"	NA	NA	NA	"CL:0002371"	"somatic cell"	"perfect match"	"SN253"	NA	3
"ATCGGATCAAGTTGGG"	""	"ERX6700411"	"ERP132578"	"testis"	"Spermatocytes"	NA	NA	NA	"CL:0000017"	"spermatocyte"	"perfect match"	"SN253"	NA	5
"ATCGGATGTATATGGA"	""	"ERX6700411"	"ERP132578"	"testis"	"Elongated_spermatids"	NA	NA	NA	"CL:4030037"	"late spermatid"	"perfect match"	"SN253"	NA	1
"ATCGGATTCAAAGGAT"	""	"ERX6700411"	"ERP132578"	"testis"	"Spermatogonia"	NA	NA	NA	"CL:0000020"	"spermatogonium"	"perfect match"	"SN253"	NA	4
"ATCGGATTCATTGCTT"	""	"ERX6700411"	"ERP132578"	"testis"	"Spermatocytes"	NA	NA	NA	"CL:0000017"	"spermatocyte"	"perfect match"	"SN253"	NA	5
"ATCGGCGCATGCACTA"	""	"ERX6700411"	"ERP132578"	"testis"	"Round_spermatids"	NA	NA	NA	"CL:4030036"	"early spermatid"	"perfect match"	"SN253"	NA	2
"ATCGTAGAGTATCTGC"	""	"ERX6700411"	"ERP132578"	"testis"	"Round_spermatids"	NA	NA	NA	"CL:4030036"	"early spermatid"	"perfect match"	"SN253"	NA	2
"ATCGTAGAGTCCGTCG"	""	"ERX6700411"	"ERP132578"	"testis"	"Spermatocytes"	NA	NA	NA	"CL:0000017"	"spermatocyte"	"perfect match"	"SN253"	NA	5
"ATCGTAGCAACTTGGT"	""	"ERX6700411"	"ERP132578"	"testis"	"Round_spermatids"	NA	NA	NA	"CL:4030036"	"early spermatid"	"perfect match"	"SN253"	NA	2
"ATCGTAGCAGCAGAAC"	""	"ERX6700411"	"ERP132578"	"testis"	"Elongated_spermatids"	NA	NA	NA	"CL:4030037"	"late spermatid"	"perfect match"	"SN253"	NA	1
"ATCGTCCAGTATCTGC"	""	"ERX6700411"	"ERP132578"	"testis"	"Spermatogonia"	NA	NA	NA	"CL:0000020"	"spermatogonium"	"perfect match"	"SN253"	NA	4
"ATCGTCCGTATCATGC"	""	"ERX6700411"	"ERP132578"	"testis"	"Other_somatic"	NA	NA	NA	"CL:0002371"	"somatic cell"	"perfect match"	"SN253"	NA	3
"ATCGTGAAGTCGCTAT"	""	"ERX6700411"	"ERP132578"	"testis"	"Spermatocytes"	NA	NA	NA	"CL:0000017"	"spermatocyte"	"perfect match"	"SN253"	NA	5
"ATCGTGACAACAAAGT"	""	"ERX6700411"	"ERP132578"	"testis"	"Round_spermatids"	NA	NA	NA	"CL:4030036"	"early spermatid"	"perfect match"	"SN253"	NA	2
"ATCGTGACATCATCTT"	""	"ERX6700411"	"ERP132578"	"testis"	"Elongated_spermatids"	NA	NA	NA	"CL:4030037"	"late spermatid"	"perfect match"	"SN253"	NA	1
"ATCGTGAGTCTCTCTG"	""	"ERX6700411"	"ERP132578"	"testis"	"Spermatocytes"	NA	NA	NA	"CL:0000017"	"spermatocyte"	"perfect match"	"SN253"	NA	5
"ATCGTGAGTGATAGTA"	""	"ERX6700411"	"ERP132578"	"testis"	"Spermatogonia"	NA	NA	NA	"CL:0000020"	"spermatogonium"	"perfect match"	"SN253"	NA	4
"ATCGTGAGTGGTATGG"	""	"ERX6700411"	"ERP132578"	"testis"	"Spermatocytes"	NA	NA	NA	"CL:0000017"	"spermatocyte"	"perfect match"	"SN253"	NA	5
"ATCGTGAGTTAGGACG"	""	"ERX6700411"	"ERP132578"	"testis"	"Elongated_spermatids"	NA	NA	NA	"CL:4030037"	"late spermatid"	"perfect match"	"SN253"	NA	1
"ATCGTGATCGGCTTGG"	""	"ERX6700411"	"ERP132578"	"testis"	"Round_spermatids"	NA	NA	NA	"CL:4030036"	"early spermatid"	"perfect match"	"SN253"	NA	2
"ATCGTGATCTTCCCGA"	""	"ERX6700411"	"ERP132578"	"testis"	"Round_spermatids"	NA	NA	NA	"CL:4030036"	"early spermatid"	"perfect match"	"SN253"	NA	2
"ATCTCTATCAGAGCGA"	""	"ERX6700411"	"ERP132578"	"testis"	"Round_spermatids"	NA	NA	NA	"CL:4030036"	"early spermatid"	"perfect match"	"SN253"	NA	2
"ATCTTCAGTGCGAACA"	""	"ERX6700411"	"ERP132578"	"testis"	"Round_spermatids"	NA	NA	NA	"CL:4030036"	"early spermatid"	"perfect match"	"SN253"	NA	2
"ATCTTCATCCAGCCTT"	""	"ERX6700411"	"ERP132578"	"testis"	"Elongated_spermatids"	NA	NA	NA	"CL:4030037"	"late spermatid"	"perfect match"	"SN253"	NA	1
"ATCTTCATCCATAGAC"	""	"ERX6700411"	"ERP132578"	"testis"	"Round_spermatids"	NA	NA	NA	"CL:4030036"	"early spermatid"	"perfect match"	"SN253"	NA	2
"ATCTTCATCGGAATGG"	""	"ERX6700411"	"ERP132578"	"testis"	"Round_spermatids"	NA	NA	NA	"CL:4030036"	"early spermatid"	"perfect match"	"SN253"	NA	2
"ATGACCAGTGAAGCGT"	""	"ERX6700411"	"ERP132578"	"testis"	"Spermatogonia"	NA	NA	NA	"CL:0000020"	"spermatogonium"	"perfect match"	"SN253"	NA	4
"ATGACCATCTCGCAGG"	""	"ERX6700411"	"ERP132578"	"testis"	"Round_spermatids"	NA	NA	NA	"CL:4030036"	"early spermatid"	"perfect match"	"SN253"	NA	2
"ATGAGGGAGACTCGAG"	""	"ERX6700411"	"ERP132578"	"testis"	"Round_spermatids"	NA	NA	NA	"CL:4030036"	"early spermatid"	"perfect match"	"SN253"	NA	2
"ATGAGGGGTAAGAACT"	""	"ERX6700411"	"ERP132578"	"testis"	"Spermatocytes"	NA	NA	NA	"CL:0000017"	"spermatocyte"	"perfect match"	"SN253"	NA	5
"ATGAGGGGTGGCACTC"	""	"ERX6700411"	"ERP132578"	"testis"	"Round_spermatids"	NA	NA	NA	"CL:4030036"	"early spermatid"	"perfect match"	"SN253"	NA	2
"ATGAGTCCACTCTGCT"	""	"ERX6700411"	"ERP132578"	"testis"	"Spermatogonia"	NA	NA	NA	"CL:0000020"	"spermatogonium"	"perfect match"	"SN253"	NA	4
"ATGAGTCTCTGACAGT"	""	"ERX6700411"	"ERP132578"	"testis"	"Round_spermatids"	NA	NA	NA	"CL:4030036"	"early spermatid"	"perfect match"	"SN253"	NA	2
"ATGATCGAGCTCATAC"	""	"ERX6700411"	"ERP132578"	"testis"	"Spermatocytes"	NA	NA	NA	"CL:0000017"	"spermatocyte"	"perfect match"	"SN253"	NA	5
"ATGATCGGTACTGCGC"	""	"ERX6700411"	"ERP132578"	"testis"	"Other_somatic"	NA	NA	NA	"CL:0002371"	"somatic cell"	"perfect match"	"SN253"	NA	3
"ATGATCGGTATGAAAC"	""	"ERX6700411"	"ERP132578"	"testis"	"Spermatogonia"	NA	NA	NA	"CL:0000020"	"spermatogonium"	"perfect match"	"SN253"	NA	4
"ATGATCGGTTAGAGTA"	""	"ERX6700411"	"ERP132578"	"testis"	"Spermatocytes"	NA	NA	NA	"CL:0000017"	"spermatocyte"	"perfect match"	"SN253"	NA	5
"ATGATCGGTTGAGAGC"	""	"ERX6700411"	"ERP132578"	"testis"	"Round_spermatids"	NA	NA	NA	"CL:4030036"	"early spermatid"	"perfect match"	"SN253"	NA	2
"ATGATCGTCGGCTGAC"	""	"ERX6700411"	"ERP132578"	"testis"	"Spermatocytes"	NA	NA	NA	"CL:0000017"	"spermatocyte"	"perfect match"	"SN253"	NA	5
"ATGCATGAGCGTTGTT"	""	"ERX6700411"	"ERP132578"	"testis"	"Spermatocytes"	NA	NA	NA	"CL:0000017"	"spermatocyte"	"perfect match"	"SN253"	NA	5
"ATGCATGAGTAAACGT"	""	"ERX6700411"	"ERP132578"	"testis"	"Round_spermatids"	NA	NA	NA	"CL:4030036"	"early spermatid"	"perfect match"	"SN253"	NA	2
"ATGCATGCACCAGCTG"	""	"ERX6700411"	"ERP132578"	"testis"	"Round_spermatids"	NA	NA	NA	"CL:4030036"	"early spermatid"	"perfect match"	"SN253"	NA	2
"ATGCATGCAGGTACGA"	""	"ERX6700411"	"ERP132578"	"testis"	"Round_spermatids"	NA	NA	NA	"CL:4030036"	"early spermatid"	"perfect match"	"SN253"	NA	2
"ATGCATGCATATCTGG"	""	"ERX6700411"	"ERP132578"	"testis"	"Spermatocytes"	NA	NA	NA	"CL:0000017"	"spermatocyte"	"perfect match"	"SN253"	NA	5
"ATGCATGGTGCCTAAT"	""	"ERX6700411"	"ERP132578"	"testis"	"Round_spermatids"	NA	NA	NA	"CL:4030036"	"early spermatid"	"perfect match"	"SN253"	NA	2
"ATGCCTCAGCGGACAT"	""	"ERX6700411"	"ERP132578"	"testis"	"Round_spermatids"	NA	NA	NA	"CL:4030036"	"early spermatid"	"perfect match"	"SN253"	NA	2
"ATGCCTCCAGTCGGTC"	""	"ERX6700411"	"ERP132578"	"testis"	"Round_spermatids"	NA	NA	NA	"CL:4030036"	"early spermatid"	"perfect match"	"SN253"	NA	2
"ATGCCTCGTTGTGGCC"	""	"ERX6700411"	"ERP132578"	"testis"	"Round_spermatids"	NA	NA	NA	"CL:4030036"	"early spermatid"	"perfect match"	"SN253"	NA	2
"ATGCCTCTCTACAGGT"	""	"ERX6700411"	"ERP132578"	"testis"	"Spermatocytes"	NA	NA	NA	"CL:0000017"	"spermatocyte"	"perfect match"	"SN253"	NA	5
"ATGCGATAGCGTATAA"	""	"ERX6700411"	"ERP132578"	"testis"	"Round_spermatids"	NA	NA	NA	"CL:4030036"	"early spermatid"	"perfect match"	"SN253"	NA	2
"ATGCGATCAGCGCTTG"	""	"ERX6700411"	"ERP132578"	"testis"	"Elongated_spermatids"	NA	NA	NA	"CL:4030037"	"late spermatid"	"perfect match"	"SN253"	NA	1
"ATGGAGGAGTCTCGTA"	""	"ERX6700411"	"ERP132578"	"testis"	"Round_spermatids"	NA	NA	NA	"CL:4030036"	"early spermatid"	"perfect match"	"SN253"	NA	2
"ATGGAGGTCATATGGC"	""	"ERX6700411"	"ERP132578"	"testis"	"Round_spermatids"	NA	NA	NA	"CL:4030036"	"early spermatid"	"perfect match"	"SN253"	NA	2
"ATGGATCAGGTAAGTT"	""	"ERX6700411"	"ERP132578"	"testis"	"Round_spermatids"	NA	NA	NA	"CL:4030036"	"early spermatid"	"perfect match"	"SN253"	NA	2
"ATGGATCCAACACGAG"	""	"ERX6700411"	"ERP132578"	"testis"	"Round_spermatids"	NA	NA	NA	"CL:4030036"	"early spermatid"	"perfect match"	"SN253"	NA	2
"ATGGATCCAGTAACCT"	""	"ERX6700411"	"ERP132578"	"testis"	"Spermatocytes"	NA	NA	NA	"CL:0000017"	"spermatocyte"	"perfect match"	"SN253"	NA	5
"ATGGATCGTGATACTC"	""	"ERX6700411"	"ERP132578"	"testis"	"Round_spermatids"	NA	NA	NA	"CL:4030036"	"early spermatid"	"perfect match"	"SN253"	NA	2
"ATGGATCTCATGACAC"	""	"ERX6700411"	"ERP132578"	"testis"	"Round_spermatids"	NA	NA	NA	"CL:4030036"	"early spermatid"	"perfect match"	"SN253"	NA	2
"ATGGATCTCCCTCGTA"	""	"ERX6700411"	"ERP132578"	"testis"	"Elongated_spermatids"	NA	NA	NA	"CL:4030037"	"late spermatid"	"perfect match"	"SN253"	NA	1
"ATGGGTTAGCACCAGA"	""	"ERX6700411"	"ERP132578"	"testis"	"Spermatocytes"	NA	NA	NA	"CL:0000017"	"spermatocyte"	"perfect match"	"SN253"	NA	5
"ATGGGTTAGCTGTACT"	""	"ERX6700411"	"ERP132578"	"testis"	"Round_spermatids"	NA	NA	NA	"CL:4030036"	"early spermatid"	"perfect match"	"SN253"	NA	2
"ATGGGTTCATCCTGTC"	""	"ERX6700411"	"ERP132578"	"testis"	"Round_spermatids"	NA	NA	NA	"CL:4030036"	"early spermatid"	"perfect match"	"SN253"	NA	2
"ATGGGTTGTCGAACAG"	""	"ERX6700411"	"ERP132578"	"testis"	"Round_spermatids"	NA	NA	NA	"CL:4030036"	"early spermatid"	"perfect match"	"SN253"	NA	2
"ATGGGTTTCACCCTGT"	""	"ERX6700411"	"ERP132578"	"testis"	"Round_spermatids"	NA	NA	NA	"CL:4030036"	"early spermatid"	"perfect match"	"SN253"	NA	2
"ATGGTTGAGTTAGTAG"	""	"ERX6700411"	"ERP132578"	"testis"	"Round_spermatids"	NA	NA	NA	"CL:4030036"	"early spermatid"	"perfect match"	"SN253"	NA	2
"ATGGTTGCAGTTCACA"	""	"ERX6700411"	"ERP132578"	"testis"	"Elongated_spermatids"	NA	NA	NA	"CL:4030037"	"late spermatid"	"perfect match"	"SN253"	NA	1
"ATGGTTGTCTGAGATC"	""	"ERX6700411"	"ERP132578"	"testis"	"Round_spermatids"	NA	NA	NA	"CL:4030036"	"early spermatid"	"perfect match"	"SN253"	NA	2
"ATGTCCCGTGCGGTAA"	""	"ERX6700411"	"ERP132578"	"testis"	"Round_spermatids"	NA	NA	NA	"CL:4030036"	"early spermatid"	"perfect match"	"SN253"	NA	2
"ATGTCCCTCTCATGGA"	""	"ERX6700411"	"ERP132578"	"testis"	"Spermatocytes"	NA	NA	NA	"CL:0000017"	"spermatocyte"	"perfect match"	"SN253"	NA	5
"ATGTCTTTCGCCAGAC"	""	"ERX6700411"	"ERP132578"	"testis"	"Other_somatic"	NA	NA	NA	"CL:0002371"	"somatic cell"	"perfect match"	"SN253"	NA	3
"ATTACCTAGCGACCCT"	""	"ERX6700411"	"ERP132578"	"testis"	"Round_spermatids"	NA	NA	NA	"CL:4030036"	"early spermatid"	"perfect match"	"SN253"	NA	2
"ATTACCTAGCGGACAT"	""	"ERX6700411"	"ERP132578"	"testis"	"Other_somatic"	NA	NA	NA	"CL:0002371"	"somatic cell"	"perfect match"	"SN253"	NA	3
"ATTACCTCAGCATCTA"	""	"ERX6700411"	"ERP132578"	"testis"	"Elongated_spermatids"	NA	NA	NA	"CL:4030037"	"late spermatid"	"perfect match"	"SN253"	NA	1
"ATTACCTTCCTTATCA"	""	"ERX6700411"	"ERP132578"	"testis"	"Round_spermatids"	NA	NA	NA	"CL:4030036"	"early spermatid"	"perfect match"	"SN253"	NA	2
"ATTACCTTCGGAACTT"	""	"ERX6700411"	"ERP132578"	"testis"	"Round_spermatids"	NA	NA	NA	"CL:4030036"	"early spermatid"	"perfect match"	"SN253"	NA	2
"ATTACTCAGCGTGCTC"	""	"ERX6700411"	"ERP132578"	"testis"	"Round_spermatids"	NA	NA	NA	"CL:4030036"	"early spermatid"	"perfect match"	"SN253"	NA	2
"ATTACTCAGCTGAGTG"	""	"ERX6700411"	"ERP132578"	"testis"	"Round_spermatids"	NA	NA	NA	"CL:4030036"	"early spermatid"	"perfect match"	"SN253"	NA	2
"ATTACTCTCACCGCTT"	""	"ERX6700411"	"ERP132578"	"testis"	"Spermatogonia"	NA	NA	NA	"CL:0000020"	"spermatogonium"	"perfect match"	"SN253"	NA	4
"ATTACTCTCGGACGTC"	""	"ERX6700411"	"ERP132578"	"testis"	"Spermatocytes"	NA	NA	NA	"CL:0000017"	"spermatocyte"	"perfect match"	"SN253"	NA	5
"ATTCACTCACAGACGA"	""	"ERX6700411"	"ERP132578"	"testis"	"Round_spermatids"	NA	NA	NA	"CL:4030036"	"early spermatid"	"perfect match"	"SN253"	NA	2
"ATTCACTCAGGCACTC"	""	"ERX6700411"	"ERP132578"	"testis"	"Spermatocytes"	NA	NA	NA	"CL:0000017"	"spermatocyte"	"perfect match"	"SN253"	NA	5
"ATTCACTTCGCAATGT"	""	"ERX6700411"	"ERP132578"	"testis"	"Round_spermatids"	NA	NA	NA	"CL:4030036"	"early spermatid"	"perfect match"	"SN253"	NA	2
"ATTCACTTCTAGTGAC"	""	"ERX6700411"	"ERP132578"	"testis"	"Round_spermatids"	NA	NA	NA	"CL:4030036"	"early spermatid"	"perfect match"	"SN253"	NA	2
"ATTCAGGGTCAGGCAA"	""	"ERX6700411"	"ERP132578"	"testis"	"Round_spermatids"	NA	NA	NA	"CL:4030036"	"early spermatid"	"perfect match"	"SN253"	NA	2
"ATTCATCAGCATGTTC"	""	"ERX6700411"	"ERP132578"	"testis"	"Spermatocytes"	NA	NA	NA	"CL:0000017"	"spermatocyte"	"perfect match"	"SN253"	NA	5
"ATTCATCTCATCACTT"	""	"ERX6700411"	"ERP132578"	"testis"	"Round_spermatids"	NA	NA	NA	"CL:4030036"	"early spermatid"	"perfect match"	"SN253"	NA	2
"ATTCATCTCTTTCCGG"	""	"ERX6700411"	"ERP132578"	"testis"	"Round_spermatids"	NA	NA	NA	"CL:4030036"	"early spermatid"	"perfect match"	"SN253"	NA	2
"ATTCCATAGCAACTTC"	""	"ERX6700411"	"ERP132578"	"testis"	"Round_spermatids"	NA	NA	NA	"CL:4030036"	"early spermatid"	"perfect match"	"SN253"	NA	2
"ATTCCATAGCTGCCTG"	""	"ERX6700411"	"ERP132578"	"testis"	"Round_spermatids"	NA	NA	NA	"CL:4030036"	"early spermatid"	"perfect match"	"SN253"	NA	2
"ATTCCATCACGGATCC"	""	"ERX6700411"	"ERP132578"	"testis"	"Round_spermatids"	NA	NA	NA	"CL:4030036"	"early spermatid"	"perfect match"	"SN253"	NA	2
"ATTCCATCACGGCCAT"	""	"ERX6700411"	"ERP132578"	"testis"	"Round_spermatids"	NA	NA	NA	"CL:4030036"	"early spermatid"	"perfect match"	"SN253"	NA	2
"ATTCCATTCAGACCCG"	""	"ERX6700411"	"ERP132578"	"testis"	"Spermatocytes"	NA	NA	NA	"CL:0000017"	"spermatocyte"	"perfect match"	"SN253"	NA	5
"ATTCCCGAGACATCAA"	""	"ERX6700411"	"ERP132578"	"testis"	"Round_spermatids"	NA	NA	NA	"CL:4030036"	"early spermatid"	"perfect match"	"SN253"	NA	2
"ATTCCCGAGTGTAGAT"	""	"ERX6700411"	"ERP132578"	"testis"	"Elongated_spermatids"	NA	NA	NA	"CL:4030037"	"late spermatid"	"perfect match"	"SN253"	NA	1
"ATTCCCGCAGCTGCCA"	""	"ERX6700411"	"ERP132578"	"testis"	"Elongated_spermatids"	NA	NA	NA	"CL:4030037"	"late spermatid"	"perfect match"	"SN253"	NA	1
"ATTCCCGGTAGAATGT"	""	"ERX6700411"	"ERP132578"	"testis"	"Spermatogonia"	NA	NA	NA	"CL:0000020"	"spermatogonium"	"perfect match"	"SN253"	NA	4
"ATTCCCGGTTCAAACC"	""	"ERX6700411"	"ERP132578"	"testis"	"Round_spermatids"	NA	NA	NA	"CL:4030036"	"early spermatid"	"perfect match"	"SN253"	NA	2
"ATTCCCGTCCACACAA"	""	"ERX6700411"	"ERP132578"	"testis"	"Spermatocytes"	NA	NA	NA	"CL:0000017"	"spermatocyte"	"perfect match"	"SN253"	NA	5
"ATTCCCGTCTGCCTCA"	""	"ERX6700411"	"ERP132578"	"testis"	"Round_spermatids"	NA	NA	NA	"CL:4030036"	"early spermatid"	"perfect match"	"SN253"	NA	2
"ATTCCTAAGATGGGCT"	""	"ERX6700411"	"ERP132578"	"testis"	"Round_spermatids"	NA	NA	NA	"CL:4030036"	"early spermatid"	"perfect match"	"SN253"	NA	2
"ATTCCTAAGCTACGTT"	""	"ERX6700411"	"ERP132578"	"testis"	"Round_spermatids"	NA	NA	NA	"CL:4030036"	"early spermatid"	"perfect match"	"SN253"	NA	2
"ATTCCTAAGGAACGAA"	""	"ERX6700411"	"ERP132578"	"testis"	"Elongated_spermatids"	NA	NA	NA	"CL:4030037"	"late spermatid"	"perfect match"	"SN253"	NA	1
"ATTCCTACAAATGAAC"	""	"ERX6700411"	"ERP132578"	"testis"	"Round_spermatids"	NA	NA	NA	"CL:4030036"	"early spermatid"	"perfect match"	"SN253"	NA	2
"ATTCCTAGTAACTTCG"	""	"ERX6700411"	"ERP132578"	"testis"	"Elongated_spermatids"	NA	NA	NA	"CL:4030037"	"late spermatid"	"perfect match"	"SN253"	NA	1
"ATTCCTAGTACGCTTA"	""	"ERX6700411"	"ERP132578"	"testis"	"Round_spermatids"	NA	NA	NA	"CL:4030036"	"early spermatid"	"perfect match"	"SN253"	NA	2
"ATTCCTATCATACAGC"	""	"ERX6700411"	"ERP132578"	"testis"	"Spermatogonia"	NA	NA	NA	"CL:0000020"	"spermatogonium"	"perfect match"	"SN253"	NA	4
"ATTCGTTAGCCGCTTG"	""	"ERX6700411"	"ERP132578"	"testis"	"Spermatocytes"	NA	NA	NA	"CL:0000017"	"spermatocyte"	"perfect match"	"SN253"	NA	5
"ATTCGTTCAGACCGCT"	""	"ERX6700411"	"ERP132578"	"testis"	"Round_spermatids"	NA	NA	NA	"CL:4030036"	"early spermatid"	"perfect match"	"SN253"	NA	2
"ATTCGTTTCAGACAAA"	""	"ERX6700411"	"ERP132578"	"testis"	"Round_spermatids"	NA	NA	NA	"CL:4030036"	"early spermatid"	"perfect match"	"SN253"	NA	2
"ATTCGTTTCCGTGCGA"	""	"ERX6700411"	"ERP132578"	"testis"	"Round_spermatids"	NA	NA	NA	"CL:4030036"	"early spermatid"	"perfect match"	"SN253"	NA	2
"ATTCGTTTCGGAGTAG"	""	"ERX6700411"	"ERP132578"	"testis"	"Round_spermatids"	NA	NA	NA	"CL:4030036"	"early spermatid"	"perfect match"	"SN253"	NA	2
"ATTCTACAGTGGTTAA"	""	"ERX6700411"	"ERP132578"	"testis"	"Round_spermatids"	NA	NA	NA	"CL:4030036"	"early spermatid"	"perfect match"	"SN253"	NA	2
"ATTCTACAGTGTTGAA"	""	"ERX6700411"	"ERP132578"	"testis"	"Spermatogonia"	NA	NA	NA	"CL:0000020"	"spermatogonium"	"perfect match"	"SN253"	NA	4
"ATTCTACTCAAGAGTA"	""	"ERX6700411"	"ERP132578"	"testis"	"Round_spermatids"	NA	NA	NA	"CL:4030036"	"early spermatid"	"perfect match"	"SN253"	NA	2
"ATTCTTGGTTACCGTA"	""	"ERX6700411"	"ERP132578"	"testis"	"Spermatocytes"	NA	NA	NA	"CL:0000017"	"spermatocyte"	"perfect match"	"SN253"	NA	5
"ATTGGGTAGGCCTGAA"	""	"ERX6700411"	"ERP132578"	"testis"	"Elongated_spermatids"	NA	NA	NA	"CL:4030037"	"late spermatid"	"perfect match"	"SN253"	NA	1
"ATTGGGTAGTTCCGGC"	""	"ERX6700411"	"ERP132578"	"testis"	"Round_spermatids"	NA	NA	NA	"CL:4030036"	"early spermatid"	"perfect match"	"SN253"	NA	2
"ATTGGGTCAAACACCT"	""	"ERX6700411"	"ERP132578"	"testis"	"Spermatocytes"	NA	NA	NA	"CL:0000017"	"spermatocyte"	"perfect match"	"SN253"	NA	5
"ATTGGGTCAGCTCGGT"	""	"ERX6700411"	"ERP132578"	"testis"	"Elongated_spermatids"	NA	NA	NA	"CL:4030037"	"late spermatid"	"perfect match"	"SN253"	NA	1
"ATTGGGTGTTCGGTTA"	""	"ERX6700411"	"ERP132578"	"testis"	"Elongated_spermatids"	NA	NA	NA	"CL:4030037"	"late spermatid"	"perfect match"	"SN253"	NA	1
"ATTGTTCAGACGGAAA"	""	"ERX6700411"	"ERP132578"	"testis"	"Round_spermatids"	NA	NA	NA	"CL:4030036"	"early spermatid"	"perfect match"	"SN253"	NA	2
"ATTGTTCAGGTCCTGC"	""	"ERX6700411"	"ERP132578"	"testis"	"Round_spermatids"	NA	NA	NA	"CL:4030036"	"early spermatid"	"perfect match"	"SN253"	NA	2
"ATTGTTCTCCGAGTGC"	""	"ERX6700411"	"ERP132578"	"testis"	"Round_spermatids"	NA	NA	NA	"CL:4030036"	"early spermatid"	"perfect match"	"SN253"	NA	2
"ATTTACCCACCGTGAC"	""	"ERX6700411"	"ERP132578"	"testis"	"Round_spermatids"	NA	NA	NA	"CL:4030036"	"early spermatid"	"perfect match"	"SN253"	NA	2
"ATTTCACAGCAGGCTA"	""	"ERX6700411"	"ERP132578"	"testis"	"Round_spermatids"	NA	NA	NA	"CL:4030036"	"early spermatid"	"perfect match"	"SN253"	NA	2
"ATTTCACCACATTCTT"	""	"ERX6700411"	"ERP132578"	"testis"	"Spermatocytes"	NA	NA	NA	"CL:0000017"	"spermatocyte"	"perfect match"	"SN253"	NA	5
"ATTTCACCATGAAGCG"	""	"ERX6700411"	"ERP132578"	"testis"	"Round_spermatids"	NA	NA	NA	"CL:4030036"	"early spermatid"	"perfect match"	"SN253"	NA	2
"ATTTCACGTAAGATAC"	""	"ERX6700411"	"ERP132578"	"testis"	"Elongated_spermatids"	NA	NA	NA	"CL:4030037"	"late spermatid"	"perfect match"	"SN253"	NA	1
"ATTTCACTCGCGATCG"	""	"ERX6700411"	"ERP132578"	"testis"	"Other_somatic"	NA	NA	NA	"CL:0002371"	"somatic cell"	"perfect match"	"SN253"	NA	3
"ATTTCTGAGGTAAGAG"	""	"ERX6700411"	"ERP132578"	"testis"	"Spermatogonia"	NA	NA	NA	"CL:0000020"	"spermatogonium"	"perfect match"	"SN253"	NA	4
"ATTTCTGGTTATTCTC"	""	"ERX6700411"	"ERP132578"	"testis"	"Elongated_spermatids"	NA	NA	NA	"CL:4030037"	"late spermatid"	"perfect match"	"SN253"	NA	1
"ATTTCTGTCAAGCCTA"	""	"ERX6700411"	"ERP132578"	"testis"	"Elongated_spermatids"	NA	NA	NA	"CL:4030037"	"late spermatid"	"perfect match"	"SN253"	NA	1
"ATTTCTGTCCATATGG"	""	"ERX6700411"	"ERP132578"	"testis"	"Other_somatic"	NA	NA	NA	"CL:0002371"	"somatic cell"	"perfect match"	"SN253"	NA	3
"ATTTCTGTCCGTGTCT"	""	"ERX6700411"	"ERP132578"	"testis"	"Spermatocytes"	NA	NA	NA	"CL:0000017"	"spermatocyte"	"perfect match"	"SN253"	NA	5
"ATTTCTGTCGGTCAGC"	""	"ERX6700411"	"ERP132578"	"testis"	"Round_spermatids"	NA	NA	NA	"CL:4030036"	"early spermatid"	"perfect match"	"SN253"	NA	2
"CAAAGAAGTAGAGTTA"	""	"ERX6700411"	"ERP132578"	"testis"	"Round_spermatids"	NA	NA	NA	"CL:4030036"	"early spermatid"	"perfect match"	"SN253"	NA	2
"CAAAGAATCCAATCTT"	""	"ERX6700411"	"ERP132578"	"testis"	"Spermatocytes"	NA	NA	NA	"CL:0000017"	"spermatocyte"	"perfect match"	"SN253"	NA	5
"CAACAACCACGGCCAT"	""	"ERX6700411"	"ERP132578"	"testis"	"Other_somatic"	NA	NA	NA	"CL:0002371"	"somatic cell"	"perfect match"	"SN253"	NA	3
"CAACAACGTACCCGAC"	""	"ERX6700411"	"ERP132578"	"testis"	"Round_spermatids"	NA	NA	NA	"CL:4030036"	"early spermatid"	"perfect match"	"SN253"	NA	2
"CAACAGTAGCGTGTCC"	""	"ERX6700411"	"ERP132578"	"testis"	"Spermatogonia"	NA	NA	NA	"CL:0000020"	"spermatogonium"	"perfect match"	"SN253"	NA	4
"CAACAGTAGGCTCACC"	""	"ERX6700411"	"ERP132578"	"testis"	"Round_spermatids"	NA	NA	NA	"CL:4030036"	"early spermatid"	"perfect match"	"SN253"	NA	2
"CAACAGTCATGCTGCG"	""	"ERX6700411"	"ERP132578"	"testis"	"Other_somatic"	NA	NA	NA	"CL:0002371"	"somatic cell"	"perfect match"	"SN253"	NA	3
"CAACAGTCATTCGATG"	""	"ERX6700411"	"ERP132578"	"testis"	"Other_somatic"	NA	NA	NA	"CL:0002371"	"somatic cell"	"perfect match"	"SN253"	NA	3
"CAACAGTGTGGAAATT"	""	"ERX6700411"	"ERP132578"	"testis"	"Round_spermatids"	NA	NA	NA	"CL:4030036"	"early spermatid"	"perfect match"	"SN253"	NA	2
"CAACAGTGTTATCTTC"	""	"ERX6700411"	"ERP132578"	"testis"	"Round_spermatids"	NA	NA	NA	"CL:4030036"	"early spermatid"	"perfect match"	"SN253"	NA	2
"CAACAGTTCAGCGTCG"	""	"ERX6700411"	"ERP132578"	"testis"	"Round_spermatids"	NA	NA	NA	"CL:4030036"	"early spermatid"	"perfect match"	"SN253"	NA	2
"CAACCAAAGGGAGGGT"	""	"ERX6700411"	"ERP132578"	"testis"	"Elongated_spermatids"	NA	NA	NA	"CL:4030037"	"late spermatid"	"perfect match"	"SN253"	NA	1
"CAACCAAAGGTCCCGT"	""	"ERX6700411"	"ERP132578"	"testis"	"Spermatogonia"	NA	NA	NA	"CL:0000020"	"spermatogonium"	"perfect match"	"SN253"	NA	4
"CAACCAACAGAAACCG"	""	"ERX6700411"	"ERP132578"	"testis"	"Elongated_spermatids"	NA	NA	NA	"CL:4030037"	"late spermatid"	"perfect match"	"SN253"	NA	1
"CAACCAATCAAAGAAC"	""	"ERX6700411"	"ERP132578"	"testis"	"Round_spermatids"	NA	NA	NA	"CL:4030036"	"early spermatid"	"perfect match"	"SN253"	NA	2
"CAACCAATCGGCTGAC"	""	"ERX6700411"	"ERP132578"	"testis"	"Spermatogonia"	NA	NA	NA	"CL:0000020"	"spermatogonium"	"perfect match"	"SN253"	NA	4
"CAACCTCAGAGTCAAT"	""	"ERX6700411"	"ERP132578"	"testis"	"Round_spermatids"	NA	NA	NA	"CL:4030036"	"early spermatid"	"perfect match"	"SN253"	NA	2
"CAACCTCCAACCGTGC"	""	"ERX6700411"	"ERP132578"	"testis"	"Round_spermatids"	NA	NA	NA	"CL:4030036"	"early spermatid"	"perfect match"	"SN253"	NA	2
"CAACCTCGTTAGGAGC"	""	"ERX6700411"	"ERP132578"	"testis"	"Round_spermatids"	NA	NA	NA	"CL:4030036"	"early spermatid"	"perfect match"	"SN253"	NA	2
"CAACCTCTCTCTGGTC"	""	"ERX6700411"	"ERP132578"	"testis"	"Elongated_spermatids"	NA	NA	NA	"CL:4030037"	"late spermatid"	"perfect match"	"SN253"	NA	1
"CAACGATCATCATCTT"	""	"ERX6700411"	"ERP132578"	"testis"	"Round_spermatids"	NA	NA	NA	"CL:4030036"	"early spermatid"	"perfect match"	"SN253"	NA	2
"CAACGATGTGAATTAG"	""	"ERX6700411"	"ERP132578"	"testis"	"Spermatocytes"	NA	NA	NA	"CL:0000017"	"spermatocyte"	"perfect match"	"SN253"	NA	5
"CAACGATGTGACATCT"	""	"ERX6700411"	"ERP132578"	"testis"	"Round_spermatids"	NA	NA	NA	"CL:4030036"	"early spermatid"	"perfect match"	"SN253"	NA	2
"CAACGATTCCGTCAAA"	""	"ERX6700411"	"ERP132578"	"testis"	"Round_spermatids"	NA	NA	NA	"CL:4030036"	"early spermatid"	"perfect match"	"SN253"	NA	2
"CAACGATTCTTCCGTG"	""	"ERX6700411"	"ERP132578"	"testis"	"Elongated_spermatids"	NA	NA	NA	"CL:4030037"	"late spermatid"	"perfect match"	"SN253"	NA	1
"CAACGGCAGGATAATC"	""	"ERX6700411"	"ERP132578"	"testis"	"Spermatocytes"	NA	NA	NA	"CL:0000017"	"spermatocyte"	"perfect match"	"SN253"	NA	5
"CAACGGCAGGTAAACT"	""	"ERX6700411"	"ERP132578"	"testis"	"Round_spermatids"	NA	NA	NA	"CL:4030036"	"early spermatid"	"perfect match"	"SN253"	NA	2
"CAACGGCAGTAAGCAT"	""	"ERX6700411"	"ERP132578"	"testis"	"Elongated_spermatids"	NA	NA	NA	"CL:4030037"	"late spermatid"	"perfect match"	"SN253"	NA	1
"CAACGGCCAGAACTTC"	""	"ERX6700411"	"ERP132578"	"testis"	"Round_spermatids"	NA	NA	NA	"CL:4030036"	"early spermatid"	"perfect match"	"SN253"	NA	2
"CAACGGCCATGCGTGC"	""	"ERX6700411"	"ERP132578"	"testis"	"Spermatocytes"	NA	NA	NA	"CL:0000017"	"spermatocyte"	"perfect match"	"SN253"	NA	5
"CAACGGCTCGACATTG"	""	"ERX6700411"	"ERP132578"	"testis"	"Round_spermatids"	NA	NA	NA	"CL:4030036"	"early spermatid"	"perfect match"	"SN253"	NA	2
"CAAGACTAGCTGCCTG"	""	"ERX6700411"	"ERP132578"	"testis"	"Spermatocytes"	NA	NA	NA	"CL:0000017"	"spermatocyte"	"perfect match"	"SN253"	NA	5
"CAAGACTTCTGTCTCG"	""	"ERX6700411"	"ERP132578"	"testis"	"Spermatocytes"	NA	NA	NA	"CL:0000017"	"spermatocyte"	"perfect match"	"SN253"	NA	5
"CAAGAGGAGGATTACA"	""	"ERX6700411"	"ERP132578"	"testis"	"Spermatogonia"	NA	NA	NA	"CL:0000020"	"spermatogonium"	"perfect match"	"SN253"	NA	4
"CAAGAGGAGGTCTGGA"	""	"ERX6700411"	"ERP132578"	"testis"	"Round_spermatids"	NA	NA	NA	"CL:4030036"	"early spermatid"	"perfect match"	"SN253"	NA	2
"CAAGAGGCACCAGACC"	""	"ERX6700411"	"ERP132578"	"testis"	"Round_spermatids"	NA	NA	NA	"CL:4030036"	"early spermatid"	"perfect match"	"SN253"	NA	2
"CAAGAGGCATAGGTAA"	""	"ERX6700411"	"ERP132578"	"testis"	"Round_spermatids"	NA	NA	NA	"CL:4030036"	"early spermatid"	"perfect match"	"SN253"	NA	2
"CAAGAGGCATTCTCCG"	""	"ERX6700411"	"ERP132578"	"testis"	"Spermatocytes"	NA	NA	NA	"CL:0000017"	"spermatocyte"	"perfect match"	"SN253"	NA	5
"CAAGAGGTCAAGGTGG"	""	"ERX6700411"	"ERP132578"	"testis"	"Round_spermatids"	NA	NA	NA	"CL:4030036"	"early spermatid"	"perfect match"	"SN253"	NA	2
"CAAGAGGTCATACGAC"	""	"ERX6700411"	"ERP132578"	"testis"	"Round_spermatids"	NA	NA	NA	"CL:4030036"	"early spermatid"	"perfect match"	"SN253"	NA	2
"CAAGAGGTCGTCAGAT"	""	"ERX6700411"	"ERP132578"	"testis"	"Round_spermatids"	NA	NA	NA	"CL:4030036"	"early spermatid"	"perfect match"	"SN253"	NA	2
"CAAGCTAAGGGAGATA"	""	"ERX6700411"	"ERP132578"	"testis"	"Round_spermatids"	NA	NA	NA	"CL:4030036"	"early spermatid"	"perfect match"	"SN253"	NA	2
"CAAGCTAAGGGTGAAA"	""	"ERX6700411"	"ERP132578"	"testis"	"Round_spermatids"	NA	NA	NA	"CL:4030036"	"early spermatid"	"perfect match"	"SN253"	NA	2
"CAAGCTAAGTCATCCA"	""	"ERX6700411"	"ERP132578"	"testis"	"Spermatogonia"	NA	NA	NA	"CL:0000020"	"spermatogonium"	"perfect match"	"SN253"	NA	4
"CAAGCTACAAGCGAAC"	""	"ERX6700411"	"ERP132578"	"testis"	"Other_somatic"	NA	NA	NA	"CL:0002371"	"somatic cell"	"perfect match"	"SN253"	NA	3
"CAAGCTACAGGCGAAT"	""	"ERX6700411"	"ERP132578"	"testis"	"Elongated_spermatids"	NA	NA	NA	"CL:4030037"	"late spermatid"	"perfect match"	"SN253"	NA	1
"CAAGCTACATGGTACT"	""	"ERX6700411"	"ERP132578"	"testis"	"Round_spermatids"	NA	NA	NA	"CL:4030036"	"early spermatid"	"perfect match"	"SN253"	NA	2
"CAAGCTAGTCCCTGTT"	""	"ERX6700411"	"ERP132578"	"testis"	"Spermatocytes"	NA	NA	NA	"CL:0000017"	"spermatocyte"	"perfect match"	"SN253"	NA	5
"CAAGCTATCACTCGAA"	""	"ERX6700411"	"ERP132578"	"testis"	"Round_spermatids"	NA	NA	NA	"CL:4030036"	"early spermatid"	"perfect match"	"SN253"	NA	2
"CAAGGGAAGCTATCCA"	""	"ERX6700411"	"ERP132578"	"testis"	"Round_spermatids"	NA	NA	NA	"CL:4030036"	"early spermatid"	"perfect match"	"SN253"	NA	2
"CAAGGGAAGGGCGAAG"	""	"ERX6700411"	"ERP132578"	"testis"	"Round_spermatids"	NA	NA	NA	"CL:4030036"	"early spermatid"	"perfect match"	"SN253"	NA	2
"CAAGGGAGTGTCATTG"	""	"ERX6700411"	"ERP132578"	"testis"	"Spermatogonia"	NA	NA	NA	"CL:0000020"	"spermatogonium"	"perfect match"	"SN253"	NA	4
"CAAGGGATCTCGTGGG"	""	"ERX6700411"	"ERP132578"	"testis"	"Elongated_spermatids"	NA	NA	NA	"CL:4030037"	"late spermatid"	"perfect match"	"SN253"	NA	1
"CAATACGAGCAAACAT"	""	"ERX6700411"	"ERP132578"	"testis"	"Round_spermatids"	NA	NA	NA	"CL:4030036"	"early spermatid"	"perfect match"	"SN253"	NA	2
"CAATACGAGCTTTCCC"	""	"ERX6700411"	"ERP132578"	"testis"	"Round_spermatids"	NA	NA	NA	"CL:4030036"	"early spermatid"	"perfect match"	"SN253"	NA	2
"CAATACGCAGCCATTA"	""	"ERX6700411"	"ERP132578"	"testis"	"Round_spermatids"	NA	NA	NA	"CL:4030036"	"early spermatid"	"perfect match"	"SN253"	NA	2
"CAATCGACAGTGGTGA"	""	"ERX6700411"	"ERP132578"	"testis"	"Elongated_spermatids"	NA	NA	NA	"CL:4030037"	"late spermatid"	"perfect match"	"SN253"	NA	1
"CAATCGATCGACCAAT"	""	"ERX6700411"	"ERP132578"	"testis"	"Elongated_spermatids"	NA	NA	NA	"CL:4030037"	"late spermatid"	"perfect match"	"SN253"	NA	1
"CAATGACCAATCGAAA"	""	"ERX6700411"	"ERP132578"	"testis"	"Round_spermatids"	NA	NA	NA	"CL:4030036"	"early spermatid"	"perfect match"	"SN253"	NA	2
"CAATGACCACAGGATG"	""	"ERX6700411"	"ERP132578"	"testis"	"Spermatocytes"	NA	NA	NA	"CL:0000017"	"spermatocyte"	"perfect match"	"SN253"	NA	5
"CAATGACCACGACGCT"	""	"ERX6700411"	"ERP132578"	"testis"	"Spermatocytes"	NA	NA	NA	"CL:0000017"	"spermatocyte"	"perfect match"	"SN253"	NA	5
"CAATGACGTAGATTGA"	""	"ERX6700411"	"ERP132578"	"testis"	"Round_spermatids"	NA	NA	NA	"CL:4030036"	"early spermatid"	"perfect match"	"SN253"	NA	2
"CAATGACTCTGTTCAT"	""	"ERX6700411"	"ERP132578"	"testis"	"Other_somatic"	NA	NA	NA	"CL:0002371"	"somatic cell"	"perfect match"	"SN253"	NA	3
"CAATTTCCATTGTAGC"	""	"ERX6700411"	"ERP132578"	"testis"	"Spermatocytes"	NA	NA	NA	"CL:0000017"	"spermatocyte"	"perfect match"	"SN253"	NA	5
"CAATTTCGTCCATACA"	""	"ERX6700411"	"ERP132578"	"testis"	"Spermatocytes"	NA	NA	NA	"CL:0000017"	"spermatocyte"	"perfect match"	"SN253"	NA	5
"CAATTTCTCCAAACCA"	""	"ERX6700411"	"ERP132578"	"testis"	"Spermatocytes"	NA	NA	NA	"CL:0000017"	"spermatocyte"	"perfect match"	"SN253"	NA	5
"CAATTTCTCGCTCCTA"	""	"ERX6700411"	"ERP132578"	"testis"	"Spermatocytes"	NA	NA	NA	"CL:0000017"	"spermatocyte"	"perfect match"	"SN253"	NA	5
"CACAACACAGCCATTA"	""	"ERX6700411"	"ERP132578"	"testis"	"Round_spermatids"	NA	NA	NA	"CL:4030036"	"early spermatid"	"perfect match"	"SN253"	NA	2
"CACAACAGTCCAGCGT"	""	"ERX6700411"	"ERP132578"	"testis"	"Round_spermatids"	NA	NA	NA	"CL:4030036"	"early spermatid"	"perfect match"	"SN253"	NA	2
"CACAACATCCATATGG"	""	"ERX6700411"	"ERP132578"	"testis"	"Round_spermatids"	NA	NA	NA	"CL:4030036"	"early spermatid"	"perfect match"	"SN253"	NA	2
"CACAACATCGTCAACA"	""	"ERX6700411"	"ERP132578"	"testis"	"Elongated_spermatids"	NA	NA	NA	"CL:4030037"	"late spermatid"	"perfect match"	"SN253"	NA	1
"CACAACATCGTTCTAT"	""	"ERX6700411"	"ERP132578"	"testis"	"Elongated_spermatids"	NA	NA	NA	"CL:4030037"	"late spermatid"	"perfect match"	"SN253"	NA	1
"CACAACATCTTCGTGC"	""	"ERX6700411"	"ERP132578"	"testis"	"Spermatocytes"	NA	NA	NA	"CL:0000017"	"spermatocyte"	"perfect match"	"SN253"	NA	5
"CACACAAAGACCAGAC"	""	"ERX6700411"	"ERP132578"	"testis"	"Round_spermatids"	NA	NA	NA	"CL:4030036"	"early spermatid"	"perfect match"	"SN253"	NA	2
"CACACAAAGCTCAGAG"	""	"ERX6700411"	"ERP132578"	"testis"	"Elongated_spermatids"	NA	NA	NA	"CL:4030037"	"late spermatid"	"perfect match"	"SN253"	NA	1
"CACACAAAGTGGTTGG"	""	"ERX6700411"	"ERP132578"	"testis"	"Spermatogonia"	NA	NA	NA	"CL:0000020"	"spermatogonium"	"perfect match"	"SN253"	NA	4
"CACAGATCAAATGGTA"	""	"ERX6700411"	"ERP132578"	"testis"	"Elongated_spermatids"	NA	NA	NA	"CL:4030037"	"late spermatid"	"perfect match"	"SN253"	NA	1
"CACAGATTCGGAAGGT"	""	"ERX6700411"	"ERP132578"	"testis"	"Spermatocytes"	NA	NA	NA	"CL:0000017"	"spermatocyte"	"perfect match"	"SN253"	NA	5
"CACAGGCAGCCTCTGG"	""	"ERX6700411"	"ERP132578"	"testis"	"Round_spermatids"	NA	NA	NA	"CL:4030036"	"early spermatid"	"perfect match"	"SN253"	NA	2
"CACAGGCAGGATTTGA"	""	"ERX6700411"	"ERP132578"	"testis"	"Round_spermatids"	NA	NA	NA	"CL:4030036"	"early spermatid"	"perfect match"	"SN253"	NA	2
"CACAGGCCACCACATA"	""	"ERX6700411"	"ERP132578"	"testis"	"Other_somatic"	NA	NA	NA	"CL:0002371"	"somatic cell"	"perfect match"	"SN253"	NA	3
"CACAGGCCAGTGAGCA"	""	"ERX6700411"	"ERP132578"	"testis"	"Elongated_spermatids"	NA	NA	NA	"CL:4030037"	"late spermatid"	"perfect match"	"SN253"	NA	1
"CACAGGCGTTGCATAC"	""	"ERX6700411"	"ERP132578"	"testis"	"Spermatogonia"	NA	NA	NA	"CL:0000020"	"spermatogonium"	"perfect match"	"SN253"	NA	4
"CACATGAAGGGCATGT"	""	"ERX6700411"	"ERP132578"	"testis"	"Spermatocytes"	NA	NA	NA	"CL:0000017"	"spermatocyte"	"perfect match"	"SN253"	NA	5
"CACATGAAGGTGCTAG"	""	"ERX6700411"	"ERP132578"	"testis"	"Round_spermatids"	NA	NA	NA	"CL:4030036"	"early spermatid"	"perfect match"	"SN253"	NA	2
"CACATGAAGTCAATCC"	""	"ERX6700411"	"ERP132578"	"testis"	"Elongated_spermatids"	NA	NA	NA	"CL:4030037"	"late spermatid"	"perfect match"	"SN253"	NA	1
"CACATGACAACGCCCA"	""	"ERX6700411"	"ERP132578"	"testis"	"Other_somatic"	NA	NA	NA	"CL:0002371"	"somatic cell"	"perfect match"	"SN253"	NA	3
"CACATGACAGCAGAAC"	""	"ERX6700411"	"ERP132578"	"testis"	"Round_spermatids"	NA	NA	NA	"CL:4030036"	"early spermatid"	"perfect match"	"SN253"	NA	2
"CACATGACAGGACTTT"	""	"ERX6700411"	"ERP132578"	"testis"	"Elongated_spermatids"	NA	NA	NA	"CL:4030037"	"late spermatid"	"perfect match"	"SN253"	NA	1
"CACATGAGTAGTCACT"	""	"ERX6700411"	"ERP132578"	"testis"	"Elongated_spermatids"	NA	NA	NA	"CL:4030037"	"late spermatid"	"perfect match"	"SN253"	NA	1
"CACATGAGTTAGGGAC"	""	"ERX6700411"	"ERP132578"	"testis"	"Round_spermatids"	NA	NA	NA	"CL:4030036"	"early spermatid"	"perfect match"	"SN253"	NA	2
"CACCAAAGTCGACGCT"	""	"ERX6700411"	"ERP132578"	"testis"	"Spermatogonia"	NA	NA	NA	"CL:0000020"	"spermatogonium"	"perfect match"	"SN253"	NA	4
"CACCAAAGTGACAGCA"	""	"ERX6700411"	"ERP132578"	"testis"	"Round_spermatids"	NA	NA	NA	"CL:4030036"	"early spermatid"	"perfect match"	"SN253"	NA	2
"CACCGTTAGCTTTCTT"	""	"ERX6700411"	"ERP132578"	"testis"	"Other_somatic"	NA	NA	NA	"CL:0002371"	"somatic cell"	"perfect match"	"SN253"	NA	3
"CACCGTTGTTACCCTC"	""	"ERX6700411"	"ERP132578"	"testis"	"Spermatocytes"	NA	NA	NA	"CL:0000017"	"spermatocyte"	"perfect match"	"SN253"	NA	5
"CACGAATAGGCCTTCG"	""	"ERX6700411"	"ERP132578"	"testis"	"Round_spermatids"	NA	NA	NA	"CL:4030036"	"early spermatid"	"perfect match"	"SN253"	NA	2
"CACGAATAGTGTAGAT"	""	"ERX6700411"	"ERP132578"	"testis"	"Elongated_spermatids"	NA	NA	NA	"CL:4030037"	"late spermatid"	"perfect match"	"SN253"	NA	1
"CACGAATCAACTTCTT"	""	"ERX6700411"	"ERP132578"	"testis"	"Spermatogonia"	NA	NA	NA	"CL:0000020"	"spermatogonium"	"perfect match"	"SN253"	NA	4
"CACGAATGTTGTAAAG"	""	"ERX6700411"	"ERP132578"	"testis"	"Round_spermatids"	NA	NA	NA	"CL:4030036"	"early spermatid"	"perfect match"	"SN253"	NA	2
"CACGAATTCCATTCGC"	""	"ERX6700411"	"ERP132578"	"testis"	"Round_spermatids"	NA	NA	NA	"CL:4030036"	"early spermatid"	"perfect match"	"SN253"	NA	2
"CACGAATTCTATTGTC"	""	"ERX6700411"	"ERP132578"	"testis"	"Round_spermatids"	NA	NA	NA	"CL:4030036"	"early spermatid"	"perfect match"	"SN253"	NA	2
"CACGGGTCAGCTCCTT"	""	"ERX6700411"	"ERP132578"	"testis"	"Round_spermatids"	NA	NA	NA	"CL:4030036"	"early spermatid"	"perfect match"	"SN253"	NA	2
"CACGGGTGTCAAACGG"	""	"ERX6700411"	"ERP132578"	"testis"	"Round_spermatids"	NA	NA	NA	"CL:4030036"	"early spermatid"	"perfect match"	"SN253"	NA	2
"CACGGGTTCGCCAACG"	""	"ERX6700411"	"ERP132578"	"testis"	"Spermatocytes"	NA	NA	NA	"CL:0000017"	"spermatocyte"	"perfect match"	"SN253"	NA	5
"CACGTGGGTTGCATTG"	""	"ERX6700411"	"ERP132578"	"testis"	"Round_spermatids"	NA	NA	NA	"CL:4030036"	"early spermatid"	"perfect match"	"SN253"	NA	2
"CACGTTCAGATAGGGA"	""	"ERX6700411"	"ERP132578"	"testis"	"Round_spermatids"	NA	NA	NA	"CL:4030036"	"early spermatid"	"perfect match"	"SN253"	NA	2
"CACGTTCAGCGTCGAA"	""	"ERX6700411"	"ERP132578"	"testis"	"Spermatocytes"	NA	NA	NA	"CL:0000017"	"spermatocyte"	"perfect match"	"SN253"	NA	5
"CACGTTCCATCAGCGC"	""	"ERX6700411"	"ERP132578"	"testis"	"Round_spermatids"	NA	NA	NA	"CL:4030036"	"early spermatid"	"perfect match"	"SN253"	NA	2
"CACGTTCGTCAGTTTG"	""	"ERX6700411"	"ERP132578"	"testis"	"Spermatocytes"	NA	NA	NA	"CL:0000017"	"spermatocyte"	"perfect match"	"SN253"	NA	5
"CACGTTCGTTACAGCT"	""	"ERX6700411"	"ERP132578"	"testis"	"Other_somatic"	NA	NA	NA	"CL:0002371"	"somatic cell"	"perfect match"	"SN253"	NA	3
"CACTAAGAGCGAGAAA"	""	"ERX6700411"	"ERP132578"	"testis"	"Spermatogonia"	NA	NA	NA	"CL:0000020"	"spermatogonium"	"perfect match"	"SN253"	NA	4
"CACTAAGAGTCACTCA"	""	"ERX6700411"	"ERP132578"	"testis"	"Spermatogonia"	NA	NA	NA	"CL:0000020"	"spermatogonium"	"perfect match"	"SN253"	NA	4
"CACTAAGCACTTGAGT"	""	"ERX6700411"	"ERP132578"	"testis"	"Round_spermatids"	NA	NA	NA	"CL:4030036"	"early spermatid"	"perfect match"	"SN253"	NA	2
"CACTAAGGTAACATCC"	""	"ERX6700411"	"ERP132578"	"testis"	"Round_spermatids"	NA	NA	NA	"CL:4030036"	"early spermatid"	"perfect match"	"SN253"	NA	2
"CACTAAGGTCCTACAA"	""	"ERX6700411"	"ERP132578"	"testis"	"Round_spermatids"	NA	NA	NA	"CL:4030036"	"early spermatid"	"perfect match"	"SN253"	NA	2
"CACTAAGGTGCCCAGT"	""	"ERX6700411"	"ERP132578"	"testis"	"Spermatocytes"	NA	NA	NA	"CL:0000017"	"spermatocyte"	"perfect match"	"SN253"	NA	5
"CACTAAGTCGTCGCTT"	""	"ERX6700411"	"ERP132578"	"testis"	"Spermatocytes"	NA	NA	NA	"CL:0000017"	"spermatocyte"	"perfect match"	"SN253"	NA	5
"CACTAAGTCTGGCTGG"	""	"ERX6700411"	"ERP132578"	"testis"	"Round_spermatids"	NA	NA	NA	"CL:4030036"	"early spermatid"	"perfect match"	"SN253"	NA	2
"CACTGAACAGACCAAG"	""	"ERX6700411"	"ERP132578"	"testis"	"Spermatocytes"	NA	NA	NA	"CL:0000017"	"spermatocyte"	"perfect match"	"SN253"	NA	5
"CACTGAACAGTCGGTC"	""	"ERX6700411"	"ERP132578"	"testis"	"Other_somatic"	NA	NA	NA	"CL:0002371"	"somatic cell"	"perfect match"	"SN253"	NA	3
"CACTGAAGTGTACGCC"	""	"ERX6700411"	"ERP132578"	"testis"	"Round_spermatids"	NA	NA	NA	"CL:4030036"	"early spermatid"	"perfect match"	"SN253"	NA	2
"CACTGAATCCGATGCG"	""	"ERX6700411"	"ERP132578"	"testis"	"Elongated_spermatids"	NA	NA	NA	"CL:4030037"	"late spermatid"	"perfect match"	"SN253"	NA	1
"CACTGGGCATTCTGTT"	""	"ERX6700411"	"ERP132578"	"testis"	"Other_somatic"	NA	NA	NA	"CL:0002371"	"somatic cell"	"perfect match"	"SN253"	NA	3
"CACTGGGGTATCGCAT"	""	"ERX6700411"	"ERP132578"	"testis"	"Elongated_spermatids"	NA	NA	NA	"CL:4030037"	"late spermatid"	"perfect match"	"SN253"	NA	1
"CACTGGGGTCCATCTC"	""	"ERX6700411"	"ERP132578"	"testis"	"Round_spermatids"	NA	NA	NA	"CL:4030036"	"early spermatid"	"perfect match"	"SN253"	NA	2
"CACTGGGGTCTCACAA"	""	"ERX6700411"	"ERP132578"	"testis"	"Round_spermatids"	NA	NA	NA	"CL:4030036"	"early spermatid"	"perfect match"	"SN253"	NA	2
"CACTGGGTCACGAGGA"	""	"ERX6700411"	"ERP132578"	"testis"	"Elongated_spermatids"	NA	NA	NA	"CL:4030037"	"late spermatid"	"perfect match"	"SN253"	NA	1
"CACTGTCCAAGCGAAC"	""	"ERX6700411"	"ERP132578"	"testis"	"Spermatocytes"	NA	NA	NA	"CL:0000017"	"spermatocyte"	"perfect match"	"SN253"	NA	5
"CACTGTCCAGACGGAT"	""	"ERX6700411"	"ERP132578"	"testis"	"Round_spermatids"	NA	NA	NA	"CL:4030036"	"early spermatid"	"perfect match"	"SN253"	NA	2
"CACTGTCCAGGTACGA"	""	"ERX6700411"	"ERP132578"	"testis"	"Round_spermatids"	NA	NA	NA	"CL:4030036"	"early spermatid"	"perfect match"	"SN253"	NA	2
"CACTGTCGTAGACAGC"	""	"ERX6700411"	"ERP132578"	"testis"	"Spermatocytes"	NA	NA	NA	"CL:0000017"	"spermatocyte"	"perfect match"	"SN253"	NA	5
"CACTGTCGTATGCGTT"	""	"ERX6700411"	"ERP132578"	"testis"	"Spermatocytes"	NA	NA	NA	"CL:0000017"	"spermatocyte"	"perfect match"	"SN253"	NA	5
"CACTGTCGTCAGTTTG"	""	"ERX6700411"	"ERP132578"	"testis"	"Elongated_spermatids"	NA	NA	NA	"CL:4030037"	"late spermatid"	"perfect match"	"SN253"	NA	1
"CACTGTCTCACCTACC"	""	"ERX6700411"	"ERP132578"	"testis"	"Spermatocytes"	NA	NA	NA	"CL:0000017"	"spermatocyte"	"perfect match"	"SN253"	NA	5
"CACTTCGAGCTAAATG"	""	"ERX6700411"	"ERP132578"	"testis"	"Round_spermatids"	NA	NA	NA	"CL:4030036"	"early spermatid"	"perfect match"	"SN253"	NA	2
"CACTTCGGTCCACATA"	""	"ERX6700411"	"ERP132578"	"testis"	"Round_spermatids"	NA	NA	NA	"CL:4030036"	"early spermatid"	"perfect match"	"SN253"	NA	2
"CACTTCGGTCTGGTTA"	""	"ERX6700411"	"ERP132578"	"testis"	"Round_spermatids"	NA	NA	NA	"CL:4030036"	"early spermatid"	"perfect match"	"SN253"	NA	2
"CACTTCGGTTGCCAAT"	""	"ERX6700411"	"ERP132578"	"testis"	"Spermatocytes"	NA	NA	NA	"CL:0000017"	"spermatocyte"	"perfect match"	"SN253"	NA	5
"CAGAGCCCAAGCGAAC"	""	"ERX6700411"	"ERP132578"	"testis"	"Round_spermatids"	NA	NA	NA	"CL:4030036"	"early spermatid"	"perfect match"	"SN253"	NA	2
"CAGAGCCGTTAAGTCC"	""	"ERX6700411"	"ERP132578"	"testis"	"Spermatocytes"	NA	NA	NA	"CL:0000017"	"spermatocyte"	"perfect match"	"SN253"	NA	5
"CAGAGCCGTTGTTGAC"	""	"ERX6700411"	"ERP132578"	"testis"	"Round_spermatids"	NA	NA	NA	"CL:4030036"	"early spermatid"	"perfect match"	"SN253"	NA	2
"CAGAGCCTCTGTGCGG"	""	"ERX6700411"	"ERP132578"	"testis"	"Round_spermatids"	NA	NA	NA	"CL:4030036"	"early spermatid"	"perfect match"	"SN253"	NA	2
"CAGATACTCACATACG"	""	"ERX6700411"	"ERP132578"	"testis"	"Spermatocytes"	NA	NA	NA	"CL:0000017"	"spermatocyte"	"perfect match"	"SN253"	NA	5
"CAGATACTCTGCTAGA"	""	"ERX6700411"	"ERP132578"	"testis"	"Round_spermatids"	NA	NA	NA	"CL:4030036"	"early spermatid"	"perfect match"	"SN253"	NA	2
"CAGATACTCTGGGTCG"	""	"ERX6700411"	"ERP132578"	"testis"	"Other_somatic"	NA	NA	NA	"CL:0002371"	"somatic cell"	"perfect match"	"SN253"	NA	3
"CAGATCAAGGTACAGC"	""	"ERX6700411"	"ERP132578"	"testis"	"Spermatogonia"	NA	NA	NA	"CL:0000020"	"spermatogonium"	"perfect match"	"SN253"	NA	4
"CAGATCATCCACTGAA"	""	"ERX6700411"	"ERP132578"	"testis"	"Other_somatic"	NA	NA	NA	"CL:0002371"	"somatic cell"	"perfect match"	"SN253"	NA	3
"CAGATTGTCCATCACC"	""	"ERX6700411"	"ERP132578"	"testis"	"Spermatocytes"	NA	NA	NA	"CL:0000017"	"spermatocyte"	"perfect match"	"SN253"	NA	5
"CAGATTGTCCGACATA"	""	"ERX6700411"	"ERP132578"	"testis"	"Round_spermatids"	NA	NA	NA	"CL:4030036"	"early spermatid"	"perfect match"	"SN253"	NA	2
"CAGCAATAGCCGATCC"	""	"ERX6700411"	"ERP132578"	"testis"	"Elongated_spermatids"	NA	NA	NA	"CL:4030037"	"late spermatid"	"perfect match"	"SN253"	NA	1
"CAGCAATCAGGCCTGT"	""	"ERX6700411"	"ERP132578"	"testis"	"Spermatocytes"	NA	NA	NA	"CL:0000017"	"spermatocyte"	"perfect match"	"SN253"	NA	5
"CAGCAATGTTTGGGAG"	""	"ERX6700411"	"ERP132578"	"testis"	"Elongated_spermatids"	NA	NA	NA	"CL:4030037"	"late spermatid"	"perfect match"	"SN253"	NA	1
"CAGCACGCACAAATAG"	""	"ERX6700411"	"ERP132578"	"testis"	"Round_spermatids"	NA	NA	NA	"CL:4030036"	"early spermatid"	"perfect match"	"SN253"	NA	2
"CAGCACGCAGAAATTG"	""	"ERX6700411"	"ERP132578"	"testis"	"Elongated_spermatids"	NA	NA	NA	"CL:4030037"	"late spermatid"	"perfect match"	"SN253"	NA	1
"CAGCACGCAGCACAAG"	""	"ERX6700411"	"ERP132578"	"testis"	"Elongated_spermatids"	NA	NA	NA	"CL:4030037"	"late spermatid"	"perfect match"	"SN253"	NA	1
"CAGCAGCAGTTTCAGC"	""	"ERX6700411"	"ERP132578"	"testis"	"Round_spermatids"	NA	NA	NA	"CL:4030036"	"early spermatid"	"perfect match"	"SN253"	NA	2
"CAGCAGCCACTCCGAG"	""	"ERX6700411"	"ERP132578"	"testis"	"Round_spermatids"	NA	NA	NA	"CL:4030036"	"early spermatid"	"perfect match"	"SN253"	NA	2
"CAGCAGCCATTAGGAA"	""	"ERX6700411"	"ERP132578"	"testis"	"Spermatocytes"	NA	NA	NA	"CL:0000017"	"spermatocyte"	"perfect match"	"SN253"	NA	5
"CAGCAGCGTCTGTTAG"	""	"ERX6700411"	"ERP132578"	"testis"	"Round_spermatids"	NA	NA	NA	"CL:4030036"	"early spermatid"	"perfect match"	"SN253"	NA	2
"CAGCAGCGTTTCTTAC"	""	"ERX6700411"	"ERP132578"	"testis"	"Round_spermatids"	NA	NA	NA	"CL:4030036"	"early spermatid"	"perfect match"	"SN253"	NA	2
"CAGCAGCTCGATTTCT"	""	"ERX6700411"	"ERP132578"	"testis"	"Spermatocytes"	NA	NA	NA	"CL:0000017"	"spermatocyte"	"perfect match"	"SN253"	NA	5
"CAGCCAGAGCTGTCCG"	""	"ERX6700411"	"ERP132578"	"testis"	"Spermatogonia"	NA	NA	NA	"CL:0000020"	"spermatogonium"	"perfect match"	"SN253"	NA	4
"CAGCCAGGTACGTGTT"	""	"ERX6700411"	"ERP132578"	"testis"	"Round_spermatids"	NA	NA	NA	"CL:4030036"	"early spermatid"	"perfect match"	"SN253"	NA	2
"CAGCCAGGTCCCTCAT"	""	"ERX6700411"	"ERP132578"	"testis"	"Round_spermatids"	NA	NA	NA	"CL:4030036"	"early spermatid"	"perfect match"	"SN253"	NA	2
"CAGCCAGTCAAGATAG"	""	"ERX6700411"	"ERP132578"	"testis"	"Round_spermatids"	NA	NA	NA	"CL:4030036"	"early spermatid"	"perfect match"	"SN253"	NA	2
"CAGCCAGTCGGAACTT"	""	"ERX6700411"	"ERP132578"	"testis"	"Round_spermatids"	NA	NA	NA	"CL:4030036"	"early spermatid"	"perfect match"	"SN253"	NA	2
"CAGCGTGCATGAGGGT"	""	"ERX6700411"	"ERP132578"	"testis"	"Round_spermatids"	NA	NA	NA	"CL:4030036"	"early spermatid"	"perfect match"	"SN253"	NA	2
"CAGCGTGTCAGTGGGA"	""	"ERX6700411"	"ERP132578"	"testis"	"Round_spermatids"	NA	NA	NA	"CL:4030036"	"early spermatid"	"perfect match"	"SN253"	NA	2
"CAGCGTGTCCAACCAA"	""	"ERX6700411"	"ERP132578"	"testis"	"Spermatocytes"	NA	NA	NA	"CL:0000017"	"spermatocyte"	"perfect match"	"SN253"	NA	5
"CAGGCCACATCAACCA"	""	"ERX6700411"	"ERP132578"	"testis"	"Spermatocytes"	NA	NA	NA	"CL:0000017"	"spermatocyte"	"perfect match"	"SN253"	NA	5
"CAGGCCAGTAAGCAAT"	""	"ERX6700411"	"ERP132578"	"testis"	"Other_somatic"	NA	NA	NA	"CL:0002371"	"somatic cell"	"perfect match"	"SN253"	NA	3
"CAGGCCATCATATGGC"	""	"ERX6700411"	"ERP132578"	"testis"	"Round_spermatids"	NA	NA	NA	"CL:4030036"	"early spermatid"	"perfect match"	"SN253"	NA	2
"CAGGGCTAGATTTGCC"	""	"ERX6700411"	"ERP132578"	"testis"	"Spermatocytes"	NA	NA	NA	"CL:0000017"	"spermatocyte"	"perfect match"	"SN253"	NA	5
"CAGGGCTAGCGAGTCA"	""	"ERX6700411"	"ERP132578"	"testis"	"Spermatogonia"	NA	NA	NA	"CL:0000020"	"spermatogonium"	"perfect match"	"SN253"	NA	4
"CAGGGCTAGGACCCAA"	""	"ERX6700411"	"ERP132578"	"testis"	"Elongated_spermatids"	NA	NA	NA	"CL:4030037"	"late spermatid"	"perfect match"	"SN253"	NA	1
"CAGGGCTGTCCTCAGG"	""	"ERX6700411"	"ERP132578"	"testis"	"Round_spermatids"	NA	NA	NA	"CL:4030036"	"early spermatid"	"perfect match"	"SN253"	NA	2
"CAGGGCTGTGTGGTCC"	""	"ERX6700411"	"ERP132578"	"testis"	"Round_spermatids"	NA	NA	NA	"CL:4030036"	"early spermatid"	"perfect match"	"SN253"	NA	2
"CAGGGCTTCCTTCAGC"	""	"ERX6700411"	"ERP132578"	"testis"	"Spermatogonia"	NA	NA	NA	"CL:0000020"	"spermatogonium"	"perfect match"	"SN253"	NA	4
"CAGGGCTTCGCCTTGT"	""	"ERX6700411"	"ERP132578"	"testis"	"Elongated_spermatids"	NA	NA	NA	"CL:4030037"	"late spermatid"	"perfect match"	"SN253"	NA	1
"CAGGTATGTCCAGAAG"	""	"ERX6700411"	"ERP132578"	"testis"	"Elongated_spermatids"	NA	NA	NA	"CL:4030037"	"late spermatid"	"perfect match"	"SN253"	NA	1
"CAGTGCGAGAAAGCGA"	""	"ERX6700411"	"ERP132578"	"testis"	"Round_spermatids"	NA	NA	NA	"CL:4030036"	"early spermatid"	"perfect match"	"SN253"	NA	2
"CAGTTAGAGTACCATC"	""	"ERX6700411"	"ERP132578"	"testis"	"Round_spermatids"	NA	NA	NA	"CL:4030036"	"early spermatid"	"perfect match"	"SN253"	NA	2
"CAGTTAGCACACCGAC"	""	"ERX6700411"	"ERP132578"	"testis"	"Spermatocytes"	NA	NA	NA	"CL:0000017"	"spermatocyte"	"perfect match"	"SN253"	NA	5
"CAGTTAGTCCGACGGT"	""	"ERX6700411"	"ERP132578"	"testis"	"Spermatogonia"	NA	NA	NA	"CL:0000020"	"spermatogonium"	"perfect match"	"SN253"	NA	4
"CAGTTAGTCTCGTCGT"	""	"ERX6700411"	"ERP132578"	"testis"	"Round_spermatids"	NA	NA	NA	"CL:4030036"	"early spermatid"	"perfect match"	"SN253"	NA	2
"CAGTTCCGTCCTCCTA"	""	"ERX6700411"	"ERP132578"	"testis"	"Spermatocytes"	NA	NA	NA	"CL:0000017"	"spermatocyte"	"perfect match"	"SN253"	NA	5
"CAGTTCCGTCTATGAC"	""	"ERX6700411"	"ERP132578"	"testis"	"Round_spermatids"	NA	NA	NA	"CL:4030036"	"early spermatid"	"perfect match"	"SN253"	NA	2
"CAGTTCCGTCTTGCTC"	""	"ERX6700411"	"ERP132578"	"testis"	"Spermatocytes"	NA	NA	NA	"CL:0000017"	"spermatocyte"	"perfect match"	"SN253"	NA	5
"CAGTTCCTCAAGCCCG"	""	"ERX6700411"	"ERP132578"	"testis"	"Spermatocytes"	NA	NA	NA	"CL:0000017"	"spermatocyte"	"perfect match"	"SN253"	NA	5
"CAGTTCCTCCAACTAG"	""	"ERX6700411"	"ERP132578"	"testis"	"Spermatocytes"	NA	NA	NA	"CL:0000017"	"spermatocyte"	"perfect match"	"SN253"	NA	5
"CAGTTCCTCTTCCAGC"	""	"ERX6700411"	"ERP132578"	"testis"	"Round_spermatids"	NA	NA	NA	"CL:4030036"	"early spermatid"	"perfect match"	"SN253"	NA	2
"CATAAGCAGACATAGT"	""	"ERX6700411"	"ERP132578"	"testis"	"Elongated_spermatids"	NA	NA	NA	"CL:4030037"	"late spermatid"	"perfect match"	"SN253"	NA	1
"CATAAGCAGCCTCTTC"	""	"ERX6700411"	"ERP132578"	"testis"	"Spermatocytes"	NA	NA	NA	"CL:0000017"	"spermatocyte"	"perfect match"	"SN253"	NA	5
"CATAAGCCAAATGAAC"	""	"ERX6700411"	"ERP132578"	"testis"	"Round_spermatids"	NA	NA	NA	"CL:4030036"	"early spermatid"	"perfect match"	"SN253"	NA	2
"CATAAGCCACTGGCGT"	""	"ERX6700411"	"ERP132578"	"testis"	"Round_spermatids"	NA	NA	NA	"CL:4030036"	"early spermatid"	"perfect match"	"SN253"	NA	2
"CATAAGCGTTAGTTCG"	""	"ERX6700411"	"ERP132578"	"testis"	"Round_spermatids"	NA	NA	NA	"CL:4030036"	"early spermatid"	"perfect match"	"SN253"	NA	2
"CATACAGCATAATGCC"	""	"ERX6700411"	"ERP132578"	"testis"	"Round_spermatids"	NA	NA	NA	"CL:4030036"	"early spermatid"	"perfect match"	"SN253"	NA	2
"CATACAGGTTACGGAG"	""	"ERX6700411"	"ERP132578"	"testis"	"Round_spermatids"	NA	NA	NA	"CL:4030036"	"early spermatid"	"perfect match"	"SN253"	NA	2
"CATACAGTCATTGGTG"	""	"ERX6700411"	"ERP132578"	"testis"	"Round_spermatids"	NA	NA	NA	"CL:4030036"	"early spermatid"	"perfect match"	"SN253"	NA	2
"CATACAGTCGCTGACG"	""	"ERX6700411"	"ERP132578"	"testis"	"Round_spermatids"	NA	NA	NA	"CL:4030036"	"early spermatid"	"perfect match"	"SN253"	NA	2
"CATACCCTCGTGTCAA"	""	"ERX6700411"	"ERP132578"	"testis"	"Elongated_spermatids"	NA	NA	NA	"CL:4030037"	"late spermatid"	"perfect match"	"SN253"	NA	1
"CATACTTAGGTCACAG"	""	"ERX6700411"	"ERP132578"	"testis"	"Spermatocytes"	NA	NA	NA	"CL:0000017"	"spermatocyte"	"perfect match"	"SN253"	NA	5
"CATACTTAGTCTGCGC"	""	"ERX6700411"	"ERP132578"	"testis"	"Spermatocytes"	NA	NA	NA	"CL:0000017"	"spermatocyte"	"perfect match"	"SN253"	NA	5
"CATACTTCACATATGC"	""	"ERX6700411"	"ERP132578"	"testis"	"Spermatogonia"	NA	NA	NA	"CL:0000020"	"spermatogonium"	"perfect match"	"SN253"	NA	4
"CATACTTCAGCCGTTG"	""	"ERX6700411"	"ERP132578"	"testis"	"Round_spermatids"	NA	NA	NA	"CL:4030036"	"early spermatid"	"perfect match"	"SN253"	NA	2
"CATACTTCAGGTTACT"	""	"ERX6700411"	"ERP132578"	"testis"	"Round_spermatids"	NA	NA	NA	"CL:4030036"	"early spermatid"	"perfect match"	"SN253"	NA	2
"CATACTTGTCGCTGCA"	""	"ERX6700411"	"ERP132578"	"testis"	"Round_spermatids"	NA	NA	NA	"CL:4030036"	"early spermatid"	"perfect match"	"SN253"	NA	2
"CATACTTTCTTTCAGT"	""	"ERX6700411"	"ERP132578"	"testis"	"Spermatocytes"	NA	NA	NA	"CL:0000017"	"spermatocyte"	"perfect match"	"SN253"	NA	5
"CATAGACAGTTAGAAC"	""	"ERX6700411"	"ERP132578"	"testis"	"Round_spermatids"	NA	NA	NA	"CL:4030036"	"early spermatid"	"perfect match"	"SN253"	NA	2
"CATAGACCAAATAGCA"	""	"ERX6700411"	"ERP132578"	"testis"	"Elongated_spermatids"	NA	NA	NA	"CL:4030037"	"late spermatid"	"perfect match"	"SN253"	NA	1
"CATAGACTCCGAGGCT"	""	"ERX6700411"	"ERP132578"	"testis"	"Spermatocytes"	NA	NA	NA	"CL:0000017"	"spermatocyte"	"perfect match"	"SN253"	NA	5
"CATAGACTCTTCCCAG"	""	"ERX6700411"	"ERP132578"	"testis"	"Elongated_spermatids"	NA	NA	NA	"CL:4030037"	"late spermatid"	"perfect match"	"SN253"	NA	1
"CATCAAGAGGTCATAA"	""	"ERX6700411"	"ERP132578"	"testis"	"Round_spermatids"	NA	NA	NA	"CL:4030036"	"early spermatid"	"perfect match"	"SN253"	NA	2
"CATCAAGCAGCGAGTA"	""	"ERX6700411"	"ERP132578"	"testis"	"Spermatogonia"	NA	NA	NA	"CL:0000020"	"spermatogonium"	"perfect match"	"SN253"	NA	4
"CATCAAGCATGAAGCG"	""	"ERX6700411"	"ERP132578"	"testis"	"Spermatocytes"	NA	NA	NA	"CL:0000017"	"spermatocyte"	"perfect match"	"SN253"	NA	5
"CATCAAGTCACCCTTG"	""	"ERX6700411"	"ERP132578"	"testis"	"Round_spermatids"	NA	NA	NA	"CL:4030036"	"early spermatid"	"perfect match"	"SN253"	NA	2
"CATCCACAGAGAGCGG"	""	"ERX6700411"	"ERP132578"	"testis"	"Round_spermatids"	NA	NA	NA	"CL:4030036"	"early spermatid"	"perfect match"	"SN253"	NA	2
"CATCCACCAGGTGAGT"	""	"ERX6700411"	"ERP132578"	"testis"	"Round_spermatids"	NA	NA	NA	"CL:4030036"	"early spermatid"	"perfect match"	"SN253"	NA	2
"CATCCACGTGTTCATG"	""	"ERX6700411"	"ERP132578"	"testis"	"Round_spermatids"	NA	NA	NA	"CL:4030036"	"early spermatid"	"perfect match"	"SN253"	NA	2
"CATCCACTCGTGACTA"	""	"ERX6700411"	"ERP132578"	"testis"	"Spermatocytes"	NA	NA	NA	"CL:0000017"	"spermatocyte"	"perfect match"	"SN253"	NA	5
"CATCCCAAGGTGCCTC"	""	"ERX6700411"	"ERP132578"	"testis"	"Spermatocytes"	NA	NA	NA	"CL:0000017"	"spermatocyte"	"perfect match"	"SN253"	NA	5
"CATCCCACACGAAAGC"	""	"ERX6700411"	"ERP132578"	"testis"	"Round_spermatids"	NA	NA	NA	"CL:4030036"	"early spermatid"	"perfect match"	"SN253"	NA	2
"CATCCCACATAGATGA"	""	"ERX6700411"	"ERP132578"	"testis"	"Round_spermatids"	NA	NA	NA	"CL:4030036"	"early spermatid"	"perfect match"	"SN253"	NA	2
"CATCCCAGTGGTAACG"	""	"ERX6700411"	"ERP132578"	"testis"	"Round_spermatids"	NA	NA	NA	"CL:4030036"	"early spermatid"	"perfect match"	"SN253"	NA	2
"CATCCCAGTGTTCGTA"	""	"ERX6700411"	"ERP132578"	"testis"	"Spermatocytes"	NA	NA	NA	"CL:0000017"	"spermatocyte"	"perfect match"	"SN253"	NA	5
"CATCCGTGTATAATGG"	""	"ERX6700411"	"ERP132578"	"testis"	"Spermatogonia"	NA	NA	NA	"CL:0000020"	"spermatogonium"	"perfect match"	"SN253"	NA	4
"CATCGCTTCCGTATAG"	""	"ERX6700411"	"ERP132578"	"testis"	"Round_spermatids"	NA	NA	NA	"CL:4030036"	"early spermatid"	"perfect match"	"SN253"	NA	2
"CATCGGGCAACTCCAA"	""	"ERX6700411"	"ERP132578"	"testis"	"Round_spermatids"	NA	NA	NA	"CL:4030036"	"early spermatid"	"perfect match"	"SN253"	NA	2
"CATCGGGGTTGGGAAC"	""	"ERX6700411"	"ERP132578"	"testis"	"Round_spermatids"	NA	NA	NA	"CL:4030036"	"early spermatid"	"perfect match"	"SN253"	NA	2
"CATCGTCCAAGCACCC"	""	"ERX6700411"	"ERP132578"	"testis"	"Round_spermatids"	NA	NA	NA	"CL:4030036"	"early spermatid"	"perfect match"	"SN253"	NA	2
"CATCGTCCACATACGT"	""	"ERX6700411"	"ERP132578"	"testis"	"Round_spermatids"	NA	NA	NA	"CL:4030036"	"early spermatid"	"perfect match"	"SN253"	NA	2
"CATCGTCTCATTGGTG"	""	"ERX6700411"	"ERP132578"	"testis"	"Spermatogonia"	NA	NA	NA	"CL:0000020"	"spermatogonium"	"perfect match"	"SN253"	NA	4
"CATCGTCTCGAAGCCC"	""	"ERX6700411"	"ERP132578"	"testis"	"Round_spermatids"	NA	NA	NA	"CL:4030036"	"early spermatid"	"perfect match"	"SN253"	NA	2
"CATGAGTAGGTCGTCC"	""	"ERX6700411"	"ERP132578"	"testis"	"Round_spermatids"	NA	NA	NA	"CL:4030036"	"early spermatid"	"perfect match"	"SN253"	NA	2
"CATGAGTTCTTAGCCC"	""	"ERX6700411"	"ERP132578"	"testis"	"Spermatogonia"	NA	NA	NA	"CL:0000020"	"spermatogonium"	"perfect match"	"SN253"	NA	4
"CATGCAAAGATCGACG"	""	"ERX6700411"	"ERP132578"	"testis"	"Round_spermatids"	NA	NA	NA	"CL:4030036"	"early spermatid"	"perfect match"	"SN253"	NA	2
"CATGCAAAGGACATCG"	""	"ERX6700411"	"ERP132578"	"testis"	"Spermatocytes"	NA	NA	NA	"CL:0000017"	"spermatocyte"	"perfect match"	"SN253"	NA	5
"CATGCAAAGGGCATGT"	""	"ERX6700411"	"ERP132578"	"testis"	"Round_spermatids"	NA	NA	NA	"CL:4030036"	"early spermatid"	"perfect match"	"SN253"	NA	2
"CATGCAACAAAGCTAA"	""	"ERX6700411"	"ERP132578"	"testis"	"Spermatocytes"	NA	NA	NA	"CL:0000017"	"spermatocyte"	"perfect match"	"SN253"	NA	5
"CATGCAACAGCTGTCG"	""	"ERX6700411"	"ERP132578"	"testis"	"Other_somatic"	NA	NA	NA	"CL:0002371"	"somatic cell"	"perfect match"	"SN253"	NA	3
"CATGCCTAGGCGTTGA"	""	"ERX6700411"	"ERP132578"	"testis"	"Elongated_spermatids"	NA	NA	NA	"CL:4030037"	"late spermatid"	"perfect match"	"SN253"	NA	1
"CATGCCTGTTTAGAGA"	""	"ERX6700411"	"ERP132578"	"testis"	"Spermatocytes"	NA	NA	NA	"CL:0000017"	"spermatocyte"	"perfect match"	"SN253"	NA	5
"CATGCGGAGTGCAGCA"	""	"ERX6700411"	"ERP132578"	"testis"	"Round_spermatids"	NA	NA	NA	"CL:4030036"	"early spermatid"	"perfect match"	"SN253"	NA	2
"CATGCGGGTTGTTGAC"	""	"ERX6700411"	"ERP132578"	"testis"	"Round_spermatids"	NA	NA	NA	"CL:4030036"	"early spermatid"	"perfect match"	"SN253"	NA	2
"CATGCGGTCCACATAG"	""	"ERX6700411"	"ERP132578"	"testis"	"Round_spermatids"	NA	NA	NA	"CL:4030036"	"early spermatid"	"perfect match"	"SN253"	NA	2
"CATGCTCCACCCTAGG"	""	"ERX6700411"	"ERP132578"	"testis"	"Spermatocytes"	NA	NA	NA	"CL:0000017"	"spermatocyte"	"perfect match"	"SN253"	NA	5
"CATGCTCCATTGTAGC"	""	"ERX6700411"	"ERP132578"	"testis"	"Round_spermatids"	NA	NA	NA	"CL:4030036"	"early spermatid"	"perfect match"	"SN253"	NA	2
"CATGCTCGTGCAACAG"	""	"ERX6700411"	"ERP132578"	"testis"	"Round_spermatids"	NA	NA	NA	"CL:4030036"	"early spermatid"	"perfect match"	"SN253"	NA	2
"CATGGATAGGCATCTT"	""	"ERX6700411"	"ERP132578"	"testis"	"Round_spermatids"	NA	NA	NA	"CL:4030036"	"early spermatid"	"perfect match"	"SN253"	NA	2
"CATGGATCAAGTGACG"	""	"ERX6700411"	"ERP132578"	"testis"	"Round_spermatids"	NA	NA	NA	"CL:4030036"	"early spermatid"	"perfect match"	"SN253"	NA	2
"CATGGATTCGGCTATA"	""	"ERX6700411"	"ERP132578"	"testis"	"Round_spermatids"	NA	NA	NA	"CL:4030036"	"early spermatid"	"perfect match"	"SN253"	NA	2
"CATGGATTCTGAGAAA"	""	"ERX6700411"	"ERP132578"	"testis"	"Round_spermatids"	NA	NA	NA	"CL:4030036"	"early spermatid"	"perfect match"	"SN253"	NA	2
"CATGGTAAGGCCACTC"	""	"ERX6700411"	"ERP132578"	"testis"	"Round_spermatids"	NA	NA	NA	"CL:4030036"	"early spermatid"	"perfect match"	"SN253"	NA	2
"CATGGTAAGTAAGGGA"	""	"ERX6700411"	"ERP132578"	"testis"	"Elongated_spermatids"	NA	NA	NA	"CL:4030037"	"late spermatid"	"perfect match"	"SN253"	NA	1
"CATGGTAAGTCGGCAA"	""	"ERX6700411"	"ERP132578"	"testis"	"Round_spermatids"	NA	NA	NA	"CL:4030036"	"early spermatid"	"perfect match"	"SN253"	NA	2
"CATGGTAAGTGAGGCT"	""	"ERX6700411"	"ERP132578"	"testis"	"Round_spermatids"	NA	NA	NA	"CL:4030036"	"early spermatid"	"perfect match"	"SN253"	NA	2
"CATGGTACACTCAAGT"	""	"ERX6700411"	"ERP132578"	"testis"	"Elongated_spermatids"	NA	NA	NA	"CL:4030037"	"late spermatid"	"perfect match"	"SN253"	NA	1
"CATGGTAGTAATGCTC"	""	"ERX6700411"	"ERP132578"	"testis"	"Elongated_spermatids"	NA	NA	NA	"CL:4030037"	"late spermatid"	"perfect match"	"SN253"	NA	1
"CATGGTAGTCGAAACG"	""	"ERX6700411"	"ERP132578"	"testis"	"Spermatogonia"	NA	NA	NA	"CL:0000020"	"spermatogonium"	"perfect match"	"SN253"	NA	4
"CATGGTAGTTGTTGAC"	""	"ERX6700411"	"ERP132578"	"testis"	"Spermatocytes"	NA	NA	NA	"CL:0000017"	"spermatocyte"	"perfect match"	"SN253"	NA	5
"CATGGTATCTCGACCT"	""	"ERX6700411"	"ERP132578"	"testis"	"Spermatocytes"	NA	NA	NA	"CL:0000017"	"spermatocyte"	"perfect match"	"SN253"	NA	5
"CATTCATAGACGATAT"	""	"ERX6700411"	"ERP132578"	"testis"	"Round_spermatids"	NA	NA	NA	"CL:4030036"	"early spermatid"	"perfect match"	"SN253"	NA	2
"CATTCATCACGTCGGT"	""	"ERX6700411"	"ERP132578"	"testis"	"Spermatocytes"	NA	NA	NA	"CL:0000017"	"spermatocyte"	"perfect match"	"SN253"	NA	5
"CATTCATCAGCGTTGC"	""	"ERX6700411"	"ERP132578"	"testis"	"Elongated_spermatids"	NA	NA	NA	"CL:4030037"	"late spermatid"	"perfect match"	"SN253"	NA	1
"CATTCATTCTGTGCGG"	""	"ERX6700411"	"ERP132578"	"testis"	"Elongated_spermatids"	NA	NA	NA	"CL:4030037"	"late spermatid"	"perfect match"	"SN253"	NA	1
"CATTCCGAGTGGTTCT"	""	"ERX6700411"	"ERP132578"	"testis"	"Other_somatic"	NA	NA	NA	"CL:0002371"	"somatic cell"	"perfect match"	"SN253"	NA	3
"CATTCCGCATGGGTTT"	""	"ERX6700411"	"ERP132578"	"testis"	"Spermatocytes"	NA	NA	NA	"CL:0000017"	"spermatocyte"	"perfect match"	"SN253"	NA	5
"CATTCCGGTACTGTTG"	""	"ERX6700411"	"ERP132578"	"testis"	"Round_spermatids"	NA	NA	NA	"CL:4030036"	"early spermatid"	"perfect match"	"SN253"	NA	2
"CATTCTACACTCCTGT"	""	"ERX6700411"	"ERP132578"	"testis"	"Elongated_spermatids"	NA	NA	NA	"CL:4030037"	"late spermatid"	"perfect match"	"SN253"	NA	1
"CATTCTACAGGAATCG"	""	"ERX6700411"	"ERP132578"	"testis"	"Spermatogonia"	NA	NA	NA	"CL:0000020"	"spermatogonium"	"perfect match"	"SN253"	NA	4
"CATTCTAGTCTAGGTT"	""	"ERX6700411"	"ERP132578"	"testis"	"Round_spermatids"	NA	NA	NA	"CL:4030036"	"early spermatid"	"perfect match"	"SN253"	NA	2
"CATTCTAGTTGAAGTA"	""	"ERX6700411"	"ERP132578"	"testis"	"Elongated_spermatids"	NA	NA	NA	"CL:4030037"	"late spermatid"	"perfect match"	"SN253"	NA	1
"CATTCTATCACAAGGG"	""	"ERX6700411"	"ERP132578"	"testis"	"Elongated_spermatids"	NA	NA	NA	"CL:4030037"	"late spermatid"	"perfect match"	"SN253"	NA	1
"CATTCTATCCAGCACG"	""	"ERX6700411"	"ERP132578"	"testis"	"Round_spermatids"	NA	NA	NA	"CL:4030036"	"early spermatid"	"perfect match"	"SN253"	NA	2
"CATTCTATCCCTCATG"	""	"ERX6700411"	"ERP132578"	"testis"	"Spermatocytes"	NA	NA	NA	"CL:0000017"	"spermatocyte"	"perfect match"	"SN253"	NA	5
"CATTGAGCAACCCGCA"	""	"ERX6700411"	"ERP132578"	"testis"	"Elongated_spermatids"	NA	NA	NA	"CL:4030037"	"late spermatid"	"perfect match"	"SN253"	NA	1
"CATTGAGGTAAGATCA"	""	"ERX6700411"	"ERP132578"	"testis"	"Spermatocytes"	NA	NA	NA	"CL:0000017"	"spermatocyte"	"perfect match"	"SN253"	NA	5
"CATTGAGGTTCTCGCT"	""	"ERX6700411"	"ERP132578"	"testis"	"Round_spermatids"	NA	NA	NA	"CL:4030036"	"early spermatid"	"perfect match"	"SN253"	NA	2
"CATTGAGTCTACACAG"	""	"ERX6700411"	"ERP132578"	"testis"	"Elongated_spermatids"	NA	NA	NA	"CL:4030037"	"late spermatid"	"perfect match"	"SN253"	NA	1
"CATTGCCCAGAACCGA"	""	"ERX6700411"	"ERP132578"	"testis"	"Round_spermatids"	NA	NA	NA	"CL:4030036"	"early spermatid"	"perfect match"	"SN253"	NA	2
"CATTGCCGTGTCCACG"	""	"ERX6700411"	"ERP132578"	"testis"	"Spermatocytes"	NA	NA	NA	"CL:0000017"	"spermatocyte"	"perfect match"	"SN253"	NA	5
"CATTGCCGTGTTAACC"	""	"ERX6700411"	"ERP132578"	"testis"	"Elongated_spermatids"	NA	NA	NA	"CL:4030037"	"late spermatid"	"perfect match"	"SN253"	NA	1
"CATTGCCTCAAGAATG"	""	"ERX6700411"	"ERP132578"	"testis"	"Round_spermatids"	NA	NA	NA	"CL:4030036"	"early spermatid"	"perfect match"	"SN253"	NA	2
"CATTGCCTCCCGTAAA"	""	"ERX6700411"	"ERP132578"	"testis"	"Spermatocytes"	NA	NA	NA	"CL:0000017"	"spermatocyte"	"perfect match"	"SN253"	NA	5
"CATTGCCTCTTTCTAG"	""	"ERX6700411"	"ERP132578"	"testis"	"Round_spermatids"	NA	NA	NA	"CL:4030036"	"early spermatid"	"perfect match"	"SN253"	NA	2
"CATTGTTTCACACCCT"	""	"ERX6700411"	"ERP132578"	"testis"	"Elongated_spermatids"	NA	NA	NA	"CL:4030037"	"late spermatid"	"perfect match"	"SN253"	NA	1
"CATTGTTTCAGGTGTT"	""	"ERX6700411"	"ERP132578"	"testis"	"Round_spermatids"	NA	NA	NA	"CL:4030036"	"early spermatid"	"perfect match"	"SN253"	NA	2
"CATTGTTTCTGCGTCT"	""	"ERX6700411"	"ERP132578"	"testis"	"Spermatocytes"	NA	NA	NA	"CL:0000017"	"spermatocyte"	"perfect match"	"SN253"	NA	5
"CATTTCAAGGAACGCT"	""	"ERX6700411"	"ERP132578"	"testis"	"Round_spermatids"	NA	NA	NA	"CL:4030036"	"early spermatid"	"perfect match"	"SN253"	NA	2
"CATTTCACACGAGAAC"	""	"ERX6700411"	"ERP132578"	"testis"	"Spermatocytes"	NA	NA	NA	"CL:0000017"	"spermatocyte"	"perfect match"	"SN253"	NA	5
"CCAAGCGAGATGATTG"	""	"ERX6700411"	"ERP132578"	"testis"	"Spermatocytes"	NA	NA	NA	"CL:0000017"	"spermatocyte"	"perfect match"	"SN253"	NA	5
"CCAAGCGAGCCGATCC"	""	"ERX6700411"	"ERP132578"	"testis"	"Round_spermatids"	NA	NA	NA	"CL:4030036"	"early spermatid"	"perfect match"	"SN253"	NA	2
"CCAAGCGAGTGCAACG"	""	"ERX6700411"	"ERP132578"	"testis"	"Spermatocytes"	NA	NA	NA	"CL:0000017"	"spermatocyte"	"perfect match"	"SN253"	NA	5
"CCAAGCGCACTCCCTA"	""	"ERX6700411"	"ERP132578"	"testis"	"Spermatocytes"	NA	NA	NA	"CL:0000017"	"spermatocyte"	"perfect match"	"SN253"	NA	5
"CCAAGCGGTCGTGCCA"	""	"ERX6700411"	"ERP132578"	"testis"	"Round_spermatids"	NA	NA	NA	"CL:4030036"	"early spermatid"	"perfect match"	"SN253"	NA	2
"CCAAGCGGTGCCTACG"	""	"ERX6700411"	"ERP132578"	"testis"	"Round_spermatids"	NA	NA	NA	"CL:4030036"	"early spermatid"	"perfect match"	"SN253"	NA	2
"CCAAGCGTCTTAATCC"	""	"ERX6700411"	"ERP132578"	"testis"	"Round_spermatids"	NA	NA	NA	"CL:4030036"	"early spermatid"	"perfect match"	"SN253"	NA	2
"CCAATGAAGTCATGAA"	""	"ERX6700411"	"ERP132578"	"testis"	"Round_spermatids"	NA	NA	NA	"CL:4030036"	"early spermatid"	"perfect match"	"SN253"	NA	2
"CCAATGAAGTCTAACC"	""	"ERX6700411"	"ERP132578"	"testis"	"Elongated_spermatids"	NA	NA	NA	"CL:4030037"	"late spermatid"	"perfect match"	"SN253"	NA	1
"CCAATGACAGTCAACT"	""	"ERX6700411"	"ERP132578"	"testis"	"Spermatocytes"	NA	NA	NA	"CL:0000017"	"spermatocyte"	"perfect match"	"SN253"	NA	5
"CCAATGACATAAGCGG"	""	"ERX6700411"	"ERP132578"	"testis"	"Round_spermatids"	NA	NA	NA	"CL:4030036"	"early spermatid"	"perfect match"	"SN253"	NA	2
"CCAATGATCCGGCTTT"	""	"ERX6700411"	"ERP132578"	"testis"	"Round_spermatids"	NA	NA	NA	"CL:4030036"	"early spermatid"	"perfect match"	"SN253"	NA	2
"CCAATGATCTACGCGG"	""	"ERX6700411"	"ERP132578"	"testis"	"Other_somatic"	NA	NA	NA	"CL:0002371"	"somatic cell"	"perfect match"	"SN253"	NA	3
"CCAATTTCAGCTTCCT"	""	"ERX6700411"	"ERP132578"	"testis"	"Spermatogonia"	NA	NA	NA	"CL:0000020"	"spermatogonium"	"perfect match"	"SN253"	NA	4
"CCAATTTCATTGCCGG"	""	"ERX6700411"	"ERP132578"	"testis"	"Elongated_spermatids"	NA	NA	NA	"CL:4030037"	"late spermatid"	"perfect match"	"SN253"	NA	1
"CCAATTTGTCTCCTGT"	""	"ERX6700411"	"ERP132578"	"testis"	"Round_spermatids"	NA	NA	NA	"CL:4030036"	"early spermatid"	"perfect match"	"SN253"	NA	2
"CCACAAAGTTGGCCTG"	""	"ERX6700411"	"ERP132578"	"testis"	"Spermatocytes"	NA	NA	NA	"CL:0000017"	"spermatocyte"	"perfect match"	"SN253"	NA	5
"CCACACTGTTGTCAGT"	""	"ERX6700411"	"ERP132578"	"testis"	"Round_spermatids"	NA	NA	NA	"CL:4030036"	"early spermatid"	"perfect match"	"SN253"	NA	2
"CCACACTTCACCTCGT"	""	"ERX6700411"	"ERP132578"	"testis"	"Round_spermatids"	NA	NA	NA	"CL:4030036"	"early spermatid"	"perfect match"	"SN253"	NA	2
"CCACACTTCGAAACAA"	""	"ERX6700411"	"ERP132578"	"testis"	"Round_spermatids"	NA	NA	NA	"CL:4030036"	"early spermatid"	"perfect match"	"SN253"	NA	2
"CCACCATGTGGTTTAC"	""	"ERX6700411"	"ERP132578"	"testis"	"Spermatogonia"	NA	NA	NA	"CL:0000020"	"spermatogonium"	"perfect match"	"SN253"	NA	4
"CCACCATTCGACCATA"	""	"ERX6700411"	"ERP132578"	"testis"	"Round_spermatids"	NA	NA	NA	"CL:4030036"	"early spermatid"	"perfect match"	"SN253"	NA	2
"CCACGAGGTCACAGTT"	""	"ERX6700411"	"ERP132578"	"testis"	"Spermatocytes"	NA	NA	NA	"CL:0000017"	"spermatocyte"	"perfect match"	"SN253"	NA	5
"CCACGTTAGAAATGGG"	""	"ERX6700411"	"ERP132578"	"testis"	"Round_spermatids"	NA	NA	NA	"CL:4030036"	"early spermatid"	"perfect match"	"SN253"	NA	2
"CCACGTTAGAGTCGAC"	""	"ERX6700411"	"ERP132578"	"testis"	"Round_spermatids"	NA	NA	NA	"CL:4030036"	"early spermatid"	"perfect match"	"SN253"	NA	2
"CCACGTTAGCCGTCGT"	""	"ERX6700411"	"ERP132578"	"testis"	"Elongated_spermatids"	NA	NA	NA	"CL:4030037"	"late spermatid"	"perfect match"	"SN253"	NA	1
"CCACGTTAGGCTCTCG"	""	"ERX6700411"	"ERP132578"	"testis"	"Round_spermatids"	NA	NA	NA	"CL:4030036"	"early spermatid"	"perfect match"	"SN253"	NA	2
"CCACGTTCACAGGATG"	""	"ERX6700411"	"ERP132578"	"testis"	"Elongated_spermatids"	NA	NA	NA	"CL:4030037"	"late spermatid"	"perfect match"	"SN253"	NA	1
"CCACGTTCACGACGCT"	""	"ERX6700411"	"ERP132578"	"testis"	"Other_somatic"	NA	NA	NA	"CL:0002371"	"somatic cell"	"perfect match"	"SN253"	NA	3
"CCACGTTTCAATCAGC"	""	"ERX6700411"	"ERP132578"	"testis"	"Round_spermatids"	NA	NA	NA	"CL:4030036"	"early spermatid"	"perfect match"	"SN253"	NA	2
"CCACGTTTCGTTCCCA"	""	"ERX6700411"	"ERP132578"	"testis"	"Spermatogonia"	NA	NA	NA	"CL:0000020"	"spermatogonium"	"perfect match"	"SN253"	NA	4
"CCACTTGAGTCATAGA"	""	"ERX6700411"	"ERP132578"	"testis"	"Round_spermatids"	NA	NA	NA	"CL:4030036"	"early spermatid"	"perfect match"	"SN253"	NA	2
"CCACTTGCATGACTTG"	""	"ERX6700411"	"ERP132578"	"testis"	"Round_spermatids"	NA	NA	NA	"CL:4030036"	"early spermatid"	"perfect match"	"SN253"	NA	2
"CCACTTGGTATCACCA"	""	"ERX6700411"	"ERP132578"	"testis"	"Round_spermatids"	NA	NA	NA	"CL:4030036"	"early spermatid"	"perfect match"	"SN253"	NA	2
"CCACTTGGTCCCACGA"	""	"ERX6700411"	"ERP132578"	"testis"	"Round_spermatids"	NA	NA	NA	"CL:4030036"	"early spermatid"	"perfect match"	"SN253"	NA	2
"CCACTTGGTTTACGTG"	""	"ERX6700411"	"ERP132578"	"testis"	"Round_spermatids"	NA	NA	NA	"CL:4030036"	"early spermatid"	"perfect match"	"SN253"	NA	2
"CCATAAGGTTTCCAAG"	""	"ERX6700411"	"ERP132578"	"testis"	"Round_spermatids"	NA	NA	NA	"CL:4030036"	"early spermatid"	"perfect match"	"SN253"	NA	2
"CCATAAGTCTATTGTC"	""	"ERX6700411"	"ERP132578"	"testis"	"Round_spermatids"	NA	NA	NA	"CL:4030036"	"early spermatid"	"perfect match"	"SN253"	NA	2
"CCATCACAGCAGGCAT"	""	"ERX6700411"	"ERP132578"	"testis"	"Round_spermatids"	NA	NA	NA	"CL:4030036"	"early spermatid"	"perfect match"	"SN253"	NA	2
"CCATCACGTGCGGCTT"	""	"ERX6700411"	"ERP132578"	"testis"	"Spermatogonia"	NA	NA	NA	"CL:0000020"	"spermatogonium"	"perfect match"	"SN253"	NA	4
"CCCAACTAGTCACGAG"	""	"ERX6700411"	"ERP132578"	"testis"	"Spermatocytes"	NA	NA	NA	"CL:0000017"	"spermatocyte"	"perfect match"	"SN253"	NA	5
"CCCAACTGTACTCGTA"	""	"ERX6700411"	"ERP132578"	"testis"	"Round_spermatids"	NA	NA	NA	"CL:4030036"	"early spermatid"	"perfect match"	"SN253"	NA	2
"CCCAACTGTGTTAGCT"	""	"ERX6700411"	"ERP132578"	"testis"	"Spermatogonia"	NA	NA	NA	"CL:0000020"	"spermatogonium"	"perfect match"	"SN253"	NA	4
"CCCATTGAGACAGTCG"	""	"ERX6700411"	"ERP132578"	"testis"	"Spermatocytes"	NA	NA	NA	"CL:0000017"	"spermatocyte"	"perfect match"	"SN253"	NA	5
"CCCATTGAGAGGCTGT"	""	"ERX6700411"	"ERP132578"	"testis"	"Round_spermatids"	NA	NA	NA	"CL:4030036"	"early spermatid"	"perfect match"	"SN253"	NA	2
"CCCATTGCAGGTTCGC"	""	"ERX6700411"	"ERP132578"	"testis"	"Spermatocytes"	NA	NA	NA	"CL:0000017"	"spermatocyte"	"perfect match"	"SN253"	NA	5
"CCCATTGCATGGGCAA"	""	"ERX6700411"	"ERP132578"	"testis"	"Round_spermatids"	NA	NA	NA	"CL:4030036"	"early spermatid"	"perfect match"	"SN253"	NA	2
"CCCATTGGTAACATCC"	""	"ERX6700411"	"ERP132578"	"testis"	"Round_spermatids"	NA	NA	NA	"CL:4030036"	"early spermatid"	"perfect match"	"SN253"	NA	2
"CCCATTGTCGACGACC"	""	"ERX6700411"	"ERP132578"	"testis"	"Elongated_spermatids"	NA	NA	NA	"CL:4030037"	"late spermatid"	"perfect match"	"SN253"	NA	1
"CCCATTGTCGCCTTTG"	""	"ERX6700411"	"ERP132578"	"testis"	"Round_spermatids"	NA	NA	NA	"CL:4030036"	"early spermatid"	"perfect match"	"SN253"	NA	2
"CCCGAAGAGACGACGT"	""	"ERX6700411"	"ERP132578"	"testis"	"Spermatogonia"	NA	NA	NA	"CL:0000020"	"spermatogonium"	"perfect match"	"SN253"	NA	4
"CCCGAAGAGAGCGACT"	""	"ERX6700411"	"ERP132578"	"testis"	"Spermatocytes"	NA	NA	NA	"CL:0000017"	"spermatocyte"	"perfect match"	"SN253"	NA	5
"CCCGAAGAGGGACTGT"	""	"ERX6700411"	"ERP132578"	"testis"	"Round_spermatids"	NA	NA	NA	"CL:4030036"	"early spermatid"	"perfect match"	"SN253"	NA	2
"CCCGAAGGTACGATTC"	""	"ERX6700411"	"ERP132578"	"testis"	"Round_spermatids"	NA	NA	NA	"CL:4030036"	"early spermatid"	"perfect match"	"SN253"	NA	2
"CCCGAAGTCTAGTGTG"	""	"ERX6700411"	"ERP132578"	"testis"	"Round_spermatids"	NA	NA	NA	"CL:4030036"	"early spermatid"	"perfect match"	"SN253"	NA	2
"CCCGGAAAGTAGTCCT"	""	"ERX6700411"	"ERP132578"	"testis"	"Spermatocytes"	NA	NA	NA	"CL:0000017"	"spermatocyte"	"perfect match"	"SN253"	NA	5
"CCCGGAACAATATCCG"	""	"ERX6700411"	"ERP132578"	"testis"	"Other_somatic"	NA	NA	NA	"CL:0002371"	"somatic cell"	"perfect match"	"SN253"	NA	3
"CCCGGAATCCATCACC"	""	"ERX6700411"	"ERP132578"	"testis"	"Elongated_spermatids"	NA	NA	NA	"CL:4030037"	"late spermatid"	"perfect match"	"SN253"	NA	1
"CCCGGAATCCCGTAAA"	""	"ERX6700411"	"ERP132578"	"testis"	"Round_spermatids"	NA	NA	NA	"CL:4030036"	"early spermatid"	"perfect match"	"SN253"	NA	2
"CCCTAACAGGACCCAA"	""	"ERX6700411"	"ERP132578"	"testis"	"Round_spermatids"	NA	NA	NA	"CL:4030036"	"early spermatid"	"perfect match"	"SN253"	NA	2
"CCCTAACTCGTGGAAG"	""	"ERX6700411"	"ERP132578"	"testis"	"Round_spermatids"	NA	NA	NA	"CL:4030036"	"early spermatid"	"perfect match"	"SN253"	NA	2
"CCCTCAACACGTAGAG"	""	"ERX6700411"	"ERP132578"	"testis"	"Spermatocytes"	NA	NA	NA	"CL:0000017"	"spermatocyte"	"perfect match"	"SN253"	NA	5
"CCCTCAACAGCAGTAG"	""	"ERX6700411"	"ERP132578"	"testis"	"Round_spermatids"	NA	NA	NA	"CL:4030036"	"early spermatid"	"perfect match"	"SN253"	NA	2
"CCCTCAAGTCCACGCA"	""	"ERX6700411"	"ERP132578"	"testis"	"Elongated_spermatids"	NA	NA	NA	"CL:4030037"	"late spermatid"	"perfect match"	"SN253"	NA	1
"CCCTCAAGTCCTCAGG"	""	"ERX6700411"	"ERP132578"	"testis"	"Round_spermatids"	NA	NA	NA	"CL:4030036"	"early spermatid"	"perfect match"	"SN253"	NA	2
"CCCTCAATCTCTCGCA"	""	"ERX6700411"	"ERP132578"	"testis"	"Round_spermatids"	NA	NA	NA	"CL:4030036"	"early spermatid"	"perfect match"	"SN253"	NA	2
"CCCTCAATCTCTTCAA"	""	"ERX6700411"	"ERP132578"	"testis"	"Round_spermatids"	NA	NA	NA	"CL:4030036"	"early spermatid"	"perfect match"	"SN253"	NA	2
"CCCTCTCAGAGTTCGG"	""	"ERX6700411"	"ERP132578"	"testis"	"Round_spermatids"	NA	NA	NA	"CL:4030036"	"early spermatid"	"perfect match"	"SN253"	NA	2
"CCCTCTCCAATTGCGT"	""	"ERX6700411"	"ERP132578"	"testis"	"Elongated_spermatids"	NA	NA	NA	"CL:4030037"	"late spermatid"	"perfect match"	"SN253"	NA	1
"CCCTCTCGTAGTTCCA"	""	"ERX6700411"	"ERP132578"	"testis"	"Elongated_spermatids"	NA	NA	NA	"CL:4030037"	"late spermatid"	"perfect match"	"SN253"	NA	1
"CCCTCTCGTGTCGCTG"	""	"ERX6700411"	"ERP132578"	"testis"	"Spermatogonia"	NA	NA	NA	"CL:0000020"	"spermatogonium"	"perfect match"	"SN253"	NA	4
"CCCTCTCTCAGACCGC"	""	"ERX6700411"	"ERP132578"	"testis"	"Round_spermatids"	NA	NA	NA	"CL:4030036"	"early spermatid"	"perfect match"	"SN253"	NA	2
"CCCTCTCTCCTTATGT"	""	"ERX6700411"	"ERP132578"	"testis"	"Elongated_spermatids"	NA	NA	NA	"CL:4030037"	"late spermatid"	"perfect match"	"SN253"	NA	1
"CCCTGATCAAAGCAAT"	""	"ERX6700411"	"ERP132578"	"testis"	"Round_spermatids"	NA	NA	NA	"CL:4030036"	"early spermatid"	"perfect match"	"SN253"	NA	2
"CCCTGATCAAGACCTT"	""	"ERX6700411"	"ERP132578"	"testis"	"Round_spermatids"	NA	NA	NA	"CL:4030036"	"early spermatid"	"perfect match"	"SN253"	NA	2
"CCCTGATGTATGTCAC"	""	"ERX6700411"	"ERP132578"	"testis"	"Spermatogonia"	NA	NA	NA	"CL:0000020"	"spermatogonium"	"perfect match"	"SN253"	NA	4
"CCCTTAGCAACCGCTG"	""	"ERX6700411"	"ERP132578"	"testis"	"Round_spermatids"	NA	NA	NA	"CL:4030036"	"early spermatid"	"perfect match"	"SN253"	NA	2
"CCCTTAGGTATGACAA"	""	"ERX6700411"	"ERP132578"	"testis"	"Spermatogonia"	NA	NA	NA	"CL:0000020"	"spermatogonium"	"perfect match"	"SN253"	NA	4
"CCCTTAGGTCACAGTT"	""	"ERX6700411"	"ERP132578"	"testis"	"Spermatocytes"	NA	NA	NA	"CL:0000017"	"spermatocyte"	"perfect match"	"SN253"	NA	5
"CCGAACGAGCTCCCTT"	""	"ERX6700411"	"ERP132578"	"testis"	"Round_spermatids"	NA	NA	NA	"CL:4030036"	"early spermatid"	"perfect match"	"SN253"	NA	2
"CCGAACGAGGAGGTTC"	""	"ERX6700411"	"ERP132578"	"testis"	"Elongated_spermatids"	NA	NA	NA	"CL:4030037"	"late spermatid"	"perfect match"	"SN253"	NA	1
"CCGAACGCAAGACCGA"	""	"ERX6700411"	"ERP132578"	"testis"	"Round_spermatids"	NA	NA	NA	"CL:4030036"	"early spermatid"	"perfect match"	"SN253"	NA	2
"CCGAACGCAGATCCAT"	""	"ERX6700411"	"ERP132578"	"testis"	"Elongated_spermatids"	NA	NA	NA	"CL:4030037"	"late spermatid"	"perfect match"	"SN253"	NA	1
"CCGAACGCAGGCTTGC"	""	"ERX6700411"	"ERP132578"	"testis"	"Elongated_spermatids"	NA	NA	NA	"CL:4030037"	"late spermatid"	"perfect match"	"SN253"	NA	1
"CCGAACGGTCGCACAC"	""	"ERX6700411"	"ERP132578"	"testis"	"Spermatogonia"	NA	NA	NA	"CL:0000020"	"spermatogonium"	"perfect match"	"SN253"	NA	4
"CCGATCTAGGAATCGC"	""	"ERX6700411"	"ERP132578"	"testis"	"Round_spermatids"	NA	NA	NA	"CL:4030036"	"early spermatid"	"perfect match"	"SN253"	NA	2
"CCGATCTTCTCGCTTG"	""	"ERX6700411"	"ERP132578"	"testis"	"Round_spermatids"	NA	NA	NA	"CL:4030036"	"early spermatid"	"perfect match"	"SN253"	NA	2
"CCGATGGCAGTGACCC"	""	"ERX6700411"	"ERP132578"	"testis"	"Elongated_spermatids"	NA	NA	NA	"CL:4030037"	"late spermatid"	"perfect match"	"SN253"	NA	1
"CCGCAAGAGTACTGTC"	""	"ERX6700411"	"ERP132578"	"testis"	"Spermatocytes"	NA	NA	NA	"CL:0000017"	"spermatocyte"	"perfect match"	"SN253"	NA	5
"CCGCAAGCATACAGCT"	""	"ERX6700411"	"ERP132578"	"testis"	"Elongated_spermatids"	NA	NA	NA	"CL:4030037"	"late spermatid"	"perfect match"	"SN253"	NA	1
"CCGCAAGGTAGGAGGG"	""	"ERX6700411"	"ERP132578"	"testis"	"Round_spermatids"	NA	NA	NA	"CL:4030036"	"early spermatid"	"perfect match"	"SN253"	NA	2
"CCGCAAGTCACCGGGT"	""	"ERX6700411"	"ERP132578"	"testis"	"Elongated_spermatids"	NA	NA	NA	"CL:4030037"	"late spermatid"	"perfect match"	"SN253"	NA	1
"CCGGACAAGGATTCCT"	""	"ERX6700411"	"ERP132578"	"testis"	"Elongated_spermatids"	NA	NA	NA	"CL:4030037"	"late spermatid"	"perfect match"	"SN253"	NA	1
"CCGGACAAGTAGCTCT"	""	"ERX6700411"	"ERP132578"	"testis"	"Spermatogonia"	NA	NA	NA	"CL:0000020"	"spermatogonium"	"perfect match"	"SN253"	NA	4
"CCGGACACAATCCTAG"	""	"ERX6700411"	"ERP132578"	"testis"	"Elongated_spermatids"	NA	NA	NA	"CL:4030037"	"late spermatid"	"perfect match"	"SN253"	NA	1
"CCGGACACAGCCTATA"	""	"ERX6700411"	"ERP132578"	"testis"	"Spermatocytes"	NA	NA	NA	"CL:0000017"	"spermatocyte"	"perfect match"	"SN253"	NA	5
"CCGGACAGTCCCGTGA"	""	"ERX6700411"	"ERP132578"	"testis"	"Elongated_spermatids"	NA	NA	NA	"CL:4030037"	"late spermatid"	"perfect match"	"SN253"	NA	1
"CCGGACAGTTCTCAGA"	""	"ERX6700411"	"ERP132578"	"testis"	"Round_spermatids"	NA	NA	NA	"CL:4030036"	"early spermatid"	"perfect match"	"SN253"	NA	2
"CCGGACATCCACGTAA"	""	"ERX6700411"	"ERP132578"	"testis"	"Round_spermatids"	NA	NA	NA	"CL:4030036"	"early spermatid"	"perfect match"	"SN253"	NA	2
"CCGGACATCGTCGACG"	""	"ERX6700411"	"ERP132578"	"testis"	"Round_spermatids"	NA	NA	NA	"CL:4030036"	"early spermatid"	"perfect match"	"SN253"	NA	2
"CCGGGTAGTCCGAAGA"	""	"ERX6700411"	"ERP132578"	"testis"	"Spermatocytes"	NA	NA	NA	"CL:0000017"	"spermatocyte"	"perfect match"	"SN253"	NA	5
"CCGGGTATCCCGAGAC"	""	"ERX6700411"	"ERP132578"	"testis"	"Round_spermatids"	NA	NA	NA	"CL:4030036"	"early spermatid"	"perfect match"	"SN253"	NA	2
"CCGGTAGAGCACCCAC"	""	"ERX6700411"	"ERP132578"	"testis"	"Round_spermatids"	NA	NA	NA	"CL:4030036"	"early spermatid"	"perfect match"	"SN253"	NA	2
"CCGGTAGGTGGAATGC"	""	"ERX6700411"	"ERP132578"	"testis"	"Round_spermatids"	NA	NA	NA	"CL:4030036"	"early spermatid"	"perfect match"	"SN253"	NA	2
"CCGGTAGTCCTGCCAT"	""	"ERX6700411"	"ERP132578"	"testis"	"Round_spermatids"	NA	NA	NA	"CL:4030036"	"early spermatid"	"perfect match"	"SN253"	NA	2
"CCGGTGAAGCTCTTCC"	""	"ERX6700411"	"ERP132578"	"testis"	"Spermatocytes"	NA	NA	NA	"CL:0000017"	"spermatocyte"	"perfect match"	"SN253"	NA	5
"CCGGTGACAAAGACGC"	""	"ERX6700411"	"ERP132578"	"testis"	"Round_spermatids"	NA	NA	NA	"CL:4030036"	"early spermatid"	"perfect match"	"SN253"	NA	2
"CCGTAGGAGATACATG"	""	"ERX6700411"	"ERP132578"	"testis"	"Round_spermatids"	NA	NA	NA	"CL:4030036"	"early spermatid"	"perfect match"	"SN253"	NA	2
"CCGTAGGCAACTGAAA"	""	"ERX6700411"	"ERP132578"	"testis"	"Round_spermatids"	NA	NA	NA	"CL:4030036"	"early spermatid"	"perfect match"	"SN253"	NA	2
"CCGTGAGAGCGATGCA"	""	"ERX6700411"	"ERP132578"	"testis"	"Round_spermatids"	NA	NA	NA	"CL:4030036"	"early spermatid"	"perfect match"	"SN253"	NA	2
"CCGTGAGAGGCAGTCA"	""	"ERX6700411"	"ERP132578"	"testis"	"Round_spermatids"	NA	NA	NA	"CL:4030036"	"early spermatid"	"perfect match"	"SN253"	NA	2
"CCGTTCACATGCAGCC"	""	"ERX6700411"	"ERP132578"	"testis"	"Elongated_spermatids"	NA	NA	NA	"CL:4030037"	"late spermatid"	"perfect match"	"SN253"	NA	1
"CCGTTCATCTCCGCAT"	""	"ERX6700411"	"ERP132578"	"testis"	"Spermatocytes"	NA	NA	NA	"CL:0000017"	"spermatocyte"	"perfect match"	"SN253"	NA	5
"CCTAACCTCGTGGAAG"	""	"ERX6700411"	"ERP132578"	"testis"	"Spermatogonia"	NA	NA	NA	"CL:0000020"	"spermatogonium"	"perfect match"	"SN253"	NA	4
"CCTAAGAAGCATCTTG"	""	"ERX6700411"	"ERP132578"	"testis"	"Round_spermatids"	NA	NA	NA	"CL:4030036"	"early spermatid"	"perfect match"	"SN253"	NA	2
"CCTAAGAAGTTTCGAC"	""	"ERX6700411"	"ERP132578"	"testis"	"Round_spermatids"	NA	NA	NA	"CL:4030036"	"early spermatid"	"perfect match"	"SN253"	NA	2
"CCTAAGACACAAACGG"	""	"ERX6700411"	"ERP132578"	"testis"	"Elongated_spermatids"	NA	NA	NA	"CL:4030037"	"late spermatid"	"perfect match"	"SN253"	NA	1
"CCTAAGAGTAACGATA"	""	"ERX6700411"	"ERP132578"	"testis"	"Spermatocytes"	NA	NA	NA	"CL:0000017"	"spermatocyte"	"perfect match"	"SN253"	NA	5
"CCTAAGAGTCTTGTCC"	""	"ERX6700411"	"ERP132578"	"testis"	"Round_spermatids"	NA	NA	NA	"CL:4030036"	"early spermatid"	"perfect match"	"SN253"	NA	2
"CCTAAGATCCGGACGT"	""	"ERX6700411"	"ERP132578"	"testis"	"Round_spermatids"	NA	NA	NA	"CL:4030036"	"early spermatid"	"perfect match"	"SN253"	NA	2
"CCTAAGATCTTGGTCC"	""	"ERX6700411"	"ERP132578"	"testis"	"Elongated_spermatids"	NA	NA	NA	"CL:4030037"	"late spermatid"	"perfect match"	"SN253"	NA	1
"CCTACGTCAATGAGCG"	""	"ERX6700411"	"ERP132578"	"testis"	"Elongated_spermatids"	NA	NA	NA	"CL:4030037"	"late spermatid"	"perfect match"	"SN253"	NA	1
"CCTACGTGTAACAGGC"	""	"ERX6700411"	"ERP132578"	"testis"	"Round_spermatids"	NA	NA	NA	"CL:4030036"	"early spermatid"	"perfect match"	"SN253"	NA	2
"CCTACGTGTAAGATAC"	""	"ERX6700411"	"ERP132578"	"testis"	"Round_spermatids"	NA	NA	NA	"CL:4030036"	"early spermatid"	"perfect match"	"SN253"	NA	2
"CCTACGTGTATGGAGC"	""	"ERX6700411"	"ERP132578"	"testis"	"Elongated_spermatids"	NA	NA	NA	"CL:4030037"	"late spermatid"	"perfect match"	"SN253"	NA	1
"CCTACGTGTGCAGATG"	""	"ERX6700411"	"ERP132578"	"testis"	"Round_spermatids"	NA	NA	NA	"CL:4030036"	"early spermatid"	"perfect match"	"SN253"	NA	2
"CCTACGTTCCACTTCG"	""	"ERX6700411"	"ERP132578"	"testis"	"Round_spermatids"	NA	NA	NA	"CL:4030036"	"early spermatid"	"perfect match"	"SN253"	NA	2
"CCTACGTTCCTATGGA"	""	"ERX6700411"	"ERP132578"	"testis"	"Spermatocytes"	NA	NA	NA	"CL:0000017"	"spermatocyte"	"perfect match"	"SN253"	NA	5
"CCTACGTTCTGAGATC"	""	"ERX6700411"	"ERP132578"	"testis"	"Spermatocytes"	NA	NA	NA	"CL:0000017"	"spermatocyte"	"perfect match"	"SN253"	NA	5
"CCTATCGGTACGGATG"	""	"ERX6700411"	"ERP132578"	"testis"	"Round_spermatids"	NA	NA	NA	"CL:4030036"	"early spermatid"	"perfect match"	"SN253"	NA	2
"CCTATCGTCTTCCCGA"	""	"ERX6700411"	"ERP132578"	"testis"	"Spermatogonia"	NA	NA	NA	"CL:0000020"	"spermatogonium"	"perfect match"	"SN253"	NA	4
"CCTCAACCACTGTCCT"	""	"ERX6700411"	"ERP132578"	"testis"	"Spermatocytes"	NA	NA	NA	"CL:0000017"	"spermatocyte"	"perfect match"	"SN253"	NA	5
"CCTCAACTCCTGCCAT"	""	"ERX6700411"	"ERP132578"	"testis"	"Spermatocytes"	NA	NA	NA	"CL:0000017"	"spermatocyte"	"perfect match"	"SN253"	NA	5
"CCTCACAAGTTCAACC"	""	"ERX6700411"	"ERP132578"	"testis"	"Round_spermatids"	NA	NA	NA	"CL:4030036"	"early spermatid"	"perfect match"	"SN253"	NA	2
"CCTCACAGTACGGGAT"	""	"ERX6700411"	"ERP132578"	"testis"	"Elongated_spermatids"	NA	NA	NA	"CL:4030037"	"late spermatid"	"perfect match"	"SN253"	NA	1
"CCTCAGTAGGGAGGTG"	""	"ERX6700411"	"ERP132578"	"testis"	"Round_spermatids"	NA	NA	NA	"CL:4030036"	"early spermatid"	"perfect match"	"SN253"	NA	2
"CCTCAGTCAATTTCCT"	""	"ERX6700411"	"ERP132578"	"testis"	"Spermatogonia"	NA	NA	NA	"CL:0000020"	"spermatogonium"	"perfect match"	"SN253"	NA	4
"CCTCAGTCAGATTAAG"	""	"ERX6700411"	"ERP132578"	"testis"	"Spermatocytes"	NA	NA	NA	"CL:0000017"	"spermatocyte"	"perfect match"	"SN253"	NA	5
"CCTCATGAGACCACGA"	""	"ERX6700411"	"ERP132578"	"testis"	"Round_spermatids"	NA	NA	NA	"CL:4030036"	"early spermatid"	"perfect match"	"SN253"	NA	2
"CCTCATGAGATTTGCC"	""	"ERX6700411"	"ERP132578"	"testis"	"Round_spermatids"	NA	NA	NA	"CL:4030036"	"early spermatid"	"perfect match"	"SN253"	NA	2
"CCTCATGCAGCAATTC"	""	"ERX6700411"	"ERP132578"	"testis"	"Spermatocytes"	NA	NA	NA	"CL:0000017"	"spermatocyte"	"perfect match"	"SN253"	NA	5
"CCTCATGGTATCGTAC"	""	"ERX6700411"	"ERP132578"	"testis"	"Elongated_spermatids"	NA	NA	NA	"CL:4030037"	"late spermatid"	"perfect match"	"SN253"	NA	1
"CCTCATGGTGTCCATA"	""	"ERX6700411"	"ERP132578"	"testis"	"Round_spermatids"	NA	NA	NA	"CL:4030036"	"early spermatid"	"perfect match"	"SN253"	NA	2
"CCTCCAACAGGCGAAT"	""	"ERX6700411"	"ERP132578"	"testis"	"Other_somatic"	NA	NA	NA	"CL:0002371"	"somatic cell"	"perfect match"	"SN253"	NA	3
"CCTCCAATCAAGCTTG"	""	"ERX6700411"	"ERP132578"	"testis"	"Spermatogonia"	NA	NA	NA	"CL:0000020"	"spermatogonium"	"perfect match"	"SN253"	NA	4
"CCTCCAATCGTAACTG"	""	"ERX6700411"	"ERP132578"	"testis"	"Elongated_spermatids"	NA	NA	NA	"CL:4030037"	"late spermatid"	"perfect match"	"SN253"	NA	1
"CCTCCAATCTCGCAGG"	""	"ERX6700411"	"ERP132578"	"testis"	"Round_spermatids"	NA	NA	NA	"CL:4030036"	"early spermatid"	"perfect match"	"SN253"	NA	2
"CCTCCTCAGCAAATGT"	""	"ERX6700411"	"ERP132578"	"testis"	"Round_spermatids"	NA	NA	NA	"CL:4030036"	"early spermatid"	"perfect match"	"SN253"	NA	2
"CCTCCTCTCTTGAACG"	""	"ERX6700411"	"ERP132578"	"testis"	"Elongated_spermatids"	NA	NA	NA	"CL:4030037"	"late spermatid"	"perfect match"	"SN253"	NA	1
"CCTCTAGAGACGATAT"	""	"ERX6700411"	"ERP132578"	"testis"	"Spermatogonia"	NA	NA	NA	"CL:0000020"	"spermatogonium"	"perfect match"	"SN253"	NA	4
"CCTCTAGGTGGGTCAA"	""	"ERX6700411"	"ERP132578"	"testis"	"Round_spermatids"	NA	NA	NA	"CL:4030036"	"early spermatid"	"perfect match"	"SN253"	NA	2
"CCTCTCCAGCCTTTCC"	""	"ERX6700411"	"ERP132578"	"testis"	"Round_spermatids"	NA	NA	NA	"CL:4030036"	"early spermatid"	"perfect match"	"SN253"	NA	2
"CCTGCATAGAGCAGCT"	""	"ERX6700411"	"ERP132578"	"testis"	"Elongated_spermatids"	NA	NA	NA	"CL:4030037"	"late spermatid"	"perfect match"	"SN253"	NA	1
"CCTGCATCACACCTTC"	""	"ERX6700411"	"ERP132578"	"testis"	"Spermatocytes"	NA	NA	NA	"CL:0000017"	"spermatocyte"	"perfect match"	"SN253"	NA	5
"CCTGTTGAGCCATGCC"	""	"ERX6700411"	"ERP132578"	"testis"	"Other_somatic"	NA	NA	NA	"CL:0002371"	"somatic cell"	"perfect match"	"SN253"	NA	3
"CCTGTTGAGGAGGCAG"	""	"ERX6700411"	"ERP132578"	"testis"	"Spermatocytes"	NA	NA	NA	"CL:0000017"	"spermatocyte"	"perfect match"	"SN253"	NA	5
"CCTGTTGGTCCGGTCA"	""	"ERX6700411"	"ERP132578"	"testis"	"Round_spermatids"	NA	NA	NA	"CL:4030036"	"early spermatid"	"perfect match"	"SN253"	NA	2
"CCTGTTGGTTTGGCTA"	""	"ERX6700411"	"ERP132578"	"testis"	"Spermatocytes"	NA	NA	NA	"CL:0000017"	"spermatocyte"	"perfect match"	"SN253"	NA	5
"CCTTCAGAGCCGTAAG"	""	"ERX6700411"	"ERP132578"	"testis"	"Spermatocytes"	NA	NA	NA	"CL:0000017"	"spermatocyte"	"perfect match"	"SN253"	NA	5
"CCTTCAGAGTGTCATC"	""	"ERX6700411"	"ERP132578"	"testis"	"Other_somatic"	NA	NA	NA	"CL:0002371"	"somatic cell"	"perfect match"	"SN253"	NA	3
"CCTTCAGCAAGACCGA"	""	"ERX6700411"	"ERP132578"	"testis"	"Elongated_spermatids"	NA	NA	NA	"CL:4030037"	"late spermatid"	"perfect match"	"SN253"	NA	1
"CCTTCAGGTGTACATC"	""	"ERX6700411"	"ERP132578"	"testis"	"Round_spermatids"	NA	NA	NA	"CL:4030036"	"early spermatid"	"perfect match"	"SN253"	NA	2
"CCTTGTGAGCCGTTAT"	""	"ERX6700411"	"ERP132578"	"testis"	"Other_somatic"	NA	NA	NA	"CL:0002371"	"somatic cell"	"perfect match"	"SN253"	NA	3
"CCTTGTGCAAACTCGT"	""	"ERX6700411"	"ERP132578"	"testis"	"Spermatocytes"	NA	NA	NA	"CL:0000017"	"spermatocyte"	"perfect match"	"SN253"	NA	5
"CCTTGTGCAAGGCTTT"	""	"ERX6700411"	"ERP132578"	"testis"	"Spermatocytes"	NA	NA	NA	"CL:0000017"	"spermatocyte"	"perfect match"	"SN253"	NA	5
"CCTTGTGGTACCACGC"	""	"ERX6700411"	"ERP132578"	"testis"	"Round_spermatids"	NA	NA	NA	"CL:4030036"	"early spermatid"	"perfect match"	"SN253"	NA	2
"CCTTGTGTCACCATGA"	""	"ERX6700411"	"ERP132578"	"testis"	"Round_spermatids"	NA	NA	NA	"CL:4030036"	"early spermatid"	"perfect match"	"SN253"	NA	2
"CCTTGTGTCACCTTAT"	""	"ERX6700411"	"ERP132578"	"testis"	"Round_spermatids"	NA	NA	NA	"CL:4030036"	"early spermatid"	"perfect match"	"SN253"	NA	2
"CCTTTGGTCAGCTGAT"	""	"ERX6700411"	"ERP132578"	"testis"	"Round_spermatids"	NA	NA	NA	"CL:4030036"	"early spermatid"	"perfect match"	"SN253"	NA	2
"CCTTTGGTCGACGCTG"	""	"ERX6700411"	"ERP132578"	"testis"	"Round_spermatids"	NA	NA	NA	"CL:4030036"	"early spermatid"	"perfect match"	"SN253"	NA	2
"CGAAGGAAGCCTGGAA"	""	"ERX6700411"	"ERP132578"	"testis"	"Elongated_spermatids"	NA	NA	NA	"CL:4030037"	"late spermatid"	"perfect match"	"SN253"	NA	1
"CGAAGGACACAGTATC"	""	"ERX6700411"	"ERP132578"	"testis"	"Spermatocytes"	NA	NA	NA	"CL:0000017"	"spermatocyte"	"perfect match"	"SN253"	NA	5
"CGAAGGAGTCTTGTCC"	""	"ERX6700411"	"ERP132578"	"testis"	"Spermatocytes"	NA	NA	NA	"CL:0000017"	"spermatocyte"	"perfect match"	"SN253"	NA	5
"CGAAGTTCACACCTTC"	""	"ERX6700411"	"ERP132578"	"testis"	"Elongated_spermatids"	NA	NA	NA	"CL:4030037"	"late spermatid"	"perfect match"	"SN253"	NA	1
"CGAAGTTTCAGCCTCT"	""	"ERX6700411"	"ERP132578"	"testis"	"Round_spermatids"	NA	NA	NA	"CL:4030036"	"early spermatid"	"perfect match"	"SN253"	NA	2
"CGAAGTTTCTCAAAGC"	""	"ERX6700411"	"ERP132578"	"testis"	"Spermatocytes"	NA	NA	NA	"CL:0000017"	"spermatocyte"	"perfect match"	"SN253"	NA	5
"CGAATTGAGTAACGTA"	""	"ERX6700411"	"ERP132578"	"testis"	"Elongated_spermatids"	NA	NA	NA	"CL:4030037"	"late spermatid"	"perfect match"	"SN253"	NA	1
"CGAATTGAGTGTAGTA"	""	"ERX6700411"	"ERP132578"	"testis"	"Round_spermatids"	NA	NA	NA	"CL:4030036"	"early spermatid"	"perfect match"	"SN253"	NA	2
"CGAATTGGTGATAGTA"	""	"ERX6700411"	"ERP132578"	"testis"	"Spermatocytes"	NA	NA	NA	"CL:0000017"	"spermatocyte"	"perfect match"	"SN253"	NA	5
"CGAATTGGTTTGCAGT"	""	"ERX6700411"	"ERP132578"	"testis"	"Spermatogonia"	NA	NA	NA	"CL:0000020"	"spermatogonium"	"perfect match"	"SN253"	NA	4
"CGACAGCAGATTGCGG"	""	"ERX6700411"	"ERP132578"	"testis"	"Elongated_spermatids"	NA	NA	NA	"CL:4030037"	"late spermatid"	"perfect match"	"SN253"	NA	1
"CGACAGCAGTCGAGGT"	""	"ERX6700411"	"ERP132578"	"testis"	"Round_spermatids"	NA	NA	NA	"CL:4030036"	"early spermatid"	"perfect match"	"SN253"	NA	2
"CGACAGCGTGGCATCC"	""	"ERX6700411"	"ERP132578"	"testis"	"Spermatocytes"	NA	NA	NA	"CL:0000017"	"spermatocyte"	"perfect match"	"SN253"	NA	5
"CGACAGCGTTTCGCTC"	""	"ERX6700411"	"ERP132578"	"testis"	"Other_somatic"	NA	NA	NA	"CL:0002371"	"somatic cell"	"perfect match"	"SN253"	NA	3
"CGACAGCTCACGATCA"	""	"ERX6700411"	"ERP132578"	"testis"	"Round_spermatids"	NA	NA	NA	"CL:4030036"	"early spermatid"	"perfect match"	"SN253"	NA	2
"CGACAGCTCGGTCTGG"	""	"ERX6700411"	"ERP132578"	"testis"	"Elongated_spermatids"	NA	NA	NA	"CL:4030037"	"late spermatid"	"perfect match"	"SN253"	NA	1
"CGAGAAGAGATGACAT"	""	"ERX6700411"	"ERP132578"	"testis"	"Spermatogonia"	NA	NA	NA	"CL:0000020"	"spermatogonium"	"perfect match"	"SN253"	NA	4
"CGAGAAGAGGCACTCC"	""	"ERX6700411"	"ERP132578"	"testis"	"Round_spermatids"	NA	NA	NA	"CL:4030036"	"early spermatid"	"perfect match"	"SN253"	NA	2
"CGAGAAGAGGCTCACC"	""	"ERX6700411"	"ERP132578"	"testis"	"Elongated_spermatids"	NA	NA	NA	"CL:4030037"	"late spermatid"	"perfect match"	"SN253"	NA	1
"CGAGAAGCAGTAGAAT"	""	"ERX6700411"	"ERP132578"	"testis"	"Spermatogonia"	NA	NA	NA	"CL:0000020"	"spermatogonium"	"perfect match"	"SN253"	NA	4
"CGAGAAGTCAGACCCG"	""	"ERX6700411"	"ERP132578"	"testis"	"Round_spermatids"	NA	NA	NA	"CL:4030036"	"early spermatid"	"perfect match"	"SN253"	NA	2
"CGAGGAAGTCTGTGGC"	""	"ERX6700411"	"ERP132578"	"testis"	"Spermatocytes"	NA	NA	NA	"CL:0000017"	"spermatocyte"	"perfect match"	"SN253"	NA	5
"CGAGGCTAGGAATTAC"	""	"ERX6700411"	"ERP132578"	"testis"	"Round_spermatids"	NA	NA	NA	"CL:4030036"	"early spermatid"	"perfect match"	"SN253"	NA	2
"CGAGGCTAGGGACACT"	""	"ERX6700411"	"ERP132578"	"testis"	"Spermatogonia"	NA	NA	NA	"CL:0000020"	"spermatogonium"	"perfect match"	"SN253"	NA	4
"CGAGGCTCATGTGCTA"	""	"ERX6700411"	"ERP132578"	"testis"	"Spermatogonia"	NA	NA	NA	"CL:0000020"	"spermatogonium"	"perfect match"	"SN253"	NA	4
"CGAGGCTGTACAAAGT"	""	"ERX6700411"	"ERP132578"	"testis"	"Round_spermatids"	NA	NA	NA	"CL:4030036"	"early spermatid"	"perfect match"	"SN253"	NA	2
"CGAGGCTGTGCTATTG"	""	"ERX6700411"	"ERP132578"	"testis"	"Elongated_spermatids"	NA	NA	NA	"CL:4030037"	"late spermatid"	"perfect match"	"SN253"	NA	1
"CGAGGCTGTTGAGTCT"	""	"ERX6700411"	"ERP132578"	"testis"	"Spermatocytes"	NA	NA	NA	"CL:0000017"	"spermatocyte"	"perfect match"	"SN253"	NA	5
"CGAGGCTTCGTTAGAC"	""	"ERX6700411"	"ERP132578"	"testis"	"Round_spermatids"	NA	NA	NA	"CL:4030036"	"early spermatid"	"perfect match"	"SN253"	NA	2
"CGAGTGCAGAGCAGCT"	""	"ERX6700411"	"ERP132578"	"testis"	"Elongated_spermatids"	NA	NA	NA	"CL:4030037"	"late spermatid"	"perfect match"	"SN253"	NA	1
"CGAGTGCGTACAATAG"	""	"ERX6700411"	"ERP132578"	"testis"	"Round_spermatids"	NA	NA	NA	"CL:4030036"	"early spermatid"	"perfect match"	"SN253"	NA	2
"CGAGTGCTCATGCTAG"	""	"ERX6700411"	"ERP132578"	"testis"	"Round_spermatids"	NA	NA	NA	"CL:4030036"	"early spermatid"	"perfect match"	"SN253"	NA	2
"CGAGTGCTCCAAACCA"	""	"ERX6700411"	"ERP132578"	"testis"	"Spermatogonia"	NA	NA	NA	"CL:0000020"	"spermatogonium"	"perfect match"	"SN253"	NA	4
"CGAGTGCTCTACTCAT"	""	"ERX6700411"	"ERP132578"	"testis"	"Spermatogonia"	NA	NA	NA	"CL:0000020"	"spermatogonium"	"perfect match"	"SN253"	NA	4
"CGAGTTAAGGGCATGT"	""	"ERX6700411"	"ERP132578"	"testis"	"Round_spermatids"	NA	NA	NA	"CL:4030036"	"early spermatid"	"perfect match"	"SN253"	NA	2
"CGAGTTACACACGGAA"	""	"ERX6700411"	"ERP132578"	"testis"	"Elongated_spermatids"	NA	NA	NA	"CL:4030037"	"late spermatid"	"perfect match"	"SN253"	NA	1
"CGAGTTACAGAGGACT"	""	"ERX6700411"	"ERP132578"	"testis"	"Elongated_spermatids"	NA	NA	NA	"CL:4030037"	"late spermatid"	"perfect match"	"SN253"	NA	1
"CGAGTTACATAGTCGT"	""	"ERX6700411"	"ERP132578"	"testis"	"Round_spermatids"	NA	NA	NA	"CL:4030036"	"early spermatid"	"perfect match"	"SN253"	NA	2
"CGATCGGAGCACTAGG"	""	"ERX6700411"	"ERP132578"	"testis"	"Round_spermatids"	NA	NA	NA	"CL:4030036"	"early spermatid"	"perfect match"	"SN253"	NA	2
"CGATCGGCAAACCACT"	""	"ERX6700411"	"ERP132578"	"testis"	"Round_spermatids"	NA	NA	NA	"CL:4030036"	"early spermatid"	"perfect match"	"SN253"	NA	2
"CGATCGGCACCTCTAC"	""	"ERX6700411"	"ERP132578"	"testis"	"Spermatocytes"	NA	NA	NA	"CL:0000017"	"spermatocyte"	"perfect match"	"SN253"	NA	5
"CGATCGGCACGACAGA"	""	"ERX6700411"	"ERP132578"	"testis"	"Round_spermatids"	NA	NA	NA	"CL:4030036"	"early spermatid"	"perfect match"	"SN253"	NA	2
"CGATCGGCATGTAACC"	""	"ERX6700411"	"ERP132578"	"testis"	"Round_spermatids"	NA	NA	NA	"CL:4030036"	"early spermatid"	"perfect match"	"SN253"	NA	2
"CGATCGGGTTAGGACG"	""	"ERX6700411"	"ERP132578"	"testis"	"Round_spermatids"	NA	NA	NA	"CL:4030036"	"early spermatid"	"perfect match"	"SN253"	NA	2
"CGATGCGAGGCCACCT"	""	"ERX6700411"	"ERP132578"	"testis"	"Spermatocytes"	NA	NA	NA	"CL:0000017"	"spermatocyte"	"perfect match"	"SN253"	NA	5
"CGATGGCCAGTTCTAG"	""	"ERX6700411"	"ERP132578"	"testis"	"Spermatocytes"	NA	NA	NA	"CL:0000017"	"spermatocyte"	"perfect match"	"SN253"	NA	5
"CGATGGCGTAACGTTC"	""	"ERX6700411"	"ERP132578"	"testis"	"Round_spermatids"	NA	NA	NA	"CL:4030036"	"early spermatid"	"perfect match"	"SN253"	NA	2
"CGCAGGTAGTGCAGGT"	""	"ERX6700411"	"ERP132578"	"testis"	"Spermatogonia"	NA	NA	NA	"CL:0000020"	"spermatogonium"	"perfect match"	"SN253"	NA	4
"CGCAGGTGTCTAGATC"	""	"ERX6700411"	"ERP132578"	"testis"	"Round_spermatids"	NA	NA	NA	"CL:4030036"	"early spermatid"	"perfect match"	"SN253"	NA	2
"CGCAGGTGTGGCAGAT"	""	"ERX6700411"	"ERP132578"	"testis"	"Round_spermatids"	NA	NA	NA	"CL:4030036"	"early spermatid"	"perfect match"	"SN253"	NA	2
"CGCAGGTTCACGAGGA"	""	"ERX6700411"	"ERP132578"	"testis"	"Round_spermatids"	NA	NA	NA	"CL:4030036"	"early spermatid"	"perfect match"	"SN253"	NA	2
"CGCAGGTTCGATTTCT"	""	"ERX6700411"	"ERP132578"	"testis"	"Spermatocytes"	NA	NA	NA	"CL:0000017"	"spermatocyte"	"perfect match"	"SN253"	NA	5
"CGCAGGTTCGCATAGT"	""	"ERX6700411"	"ERP132578"	"testis"	"Round_spermatids"	NA	NA	NA	"CL:4030036"	"early spermatid"	"perfect match"	"SN253"	NA	2
"CGCAGGTTCGCTAATG"	""	"ERX6700411"	"ERP132578"	"testis"	"Round_spermatids"	NA	NA	NA	"CL:4030036"	"early spermatid"	"perfect match"	"SN253"	NA	2
"CGCATAAAGATTAGTG"	""	"ERX6700411"	"ERP132578"	"testis"	"Spermatocytes"	NA	NA	NA	"CL:0000017"	"spermatocyte"	"perfect match"	"SN253"	NA	5
"CGCATAAAGCAGCGAT"	""	"ERX6700411"	"ERP132578"	"testis"	"Round_spermatids"	NA	NA	NA	"CL:4030036"	"early spermatid"	"perfect match"	"SN253"	NA	2
"CGCATAACAGGCTTGC"	""	"ERX6700411"	"ERP132578"	"testis"	"Round_spermatids"	NA	NA	NA	"CL:4030036"	"early spermatid"	"perfect match"	"SN253"	NA	2
"CGCATAAGTCCAAATC"	""	"ERX6700411"	"ERP132578"	"testis"	"Spermatogonia"	NA	NA	NA	"CL:0000020"	"spermatogonium"	"perfect match"	"SN253"	NA	4
"CGCATAAGTCTTGAGT"	""	"ERX6700411"	"ERP132578"	"testis"	"Elongated_spermatids"	NA	NA	NA	"CL:4030037"	"late spermatid"	"perfect match"	"SN253"	NA	1
"CGCATAATCGAGAGAC"	""	"ERX6700411"	"ERP132578"	"testis"	"Round_spermatids"	NA	NA	NA	"CL:4030036"	"early spermatid"	"perfect match"	"SN253"	NA	2
"CGCATAATCGTTCTAT"	""	"ERX6700411"	"ERP132578"	"testis"	"Round_spermatids"	NA	NA	NA	"CL:4030036"	"early spermatid"	"perfect match"	"SN253"	NA	2
"CGCATGGAGACTCGAG"	""	"ERX6700411"	"ERP132578"	"testis"	"Spermatocytes"	NA	NA	NA	"CL:0000017"	"spermatocyte"	"perfect match"	"SN253"	NA	5
"CGCATGGAGGACGCTA"	""	"ERX6700411"	"ERP132578"	"testis"	"Round_spermatids"	NA	NA	NA	"CL:4030036"	"early spermatid"	"perfect match"	"SN253"	NA	2
"CGCATGGAGGTGCTTT"	""	"ERX6700411"	"ERP132578"	"testis"	"Spermatocytes"	NA	NA	NA	"CL:0000017"	"spermatocyte"	"perfect match"	"SN253"	NA	5
"CGCATGGTCAGAGCGA"	""	"ERX6700411"	"ERP132578"	"testis"	"Elongated_spermatids"	NA	NA	NA	"CL:4030037"	"late spermatid"	"perfect match"	"SN253"	NA	1
"CGCATGGTCTGTGCTC"	""	"ERX6700411"	"ERP132578"	"testis"	"Round_spermatids"	NA	NA	NA	"CL:4030036"	"early spermatid"	"perfect match"	"SN253"	NA	2
"CGCCAGAAGCTTGTGT"	""	"ERX6700411"	"ERP132578"	"testis"	"Spermatocytes"	NA	NA	NA	"CL:0000017"	"spermatocyte"	"perfect match"	"SN253"	NA	5
"CGCCAGAGTCACGACC"	""	"ERX6700411"	"ERP132578"	"testis"	"Other_somatic"	NA	NA	NA	"CL:0002371"	"somatic cell"	"perfect match"	"SN253"	NA	3
"CGCCAGATCCGCGAGT"	""	"ERX6700411"	"ERP132578"	"testis"	"Round_spermatids"	NA	NA	NA	"CL:4030036"	"early spermatid"	"perfect match"	"SN253"	NA	2
"CGCCAGATCTACTGCC"	""	"ERX6700411"	"ERP132578"	"testis"	"Spermatogonia"	NA	NA	NA	"CL:0000020"	"spermatogonium"	"perfect match"	"SN253"	NA	4
"CGCCAGATCTGGCCAG"	""	"ERX6700411"	"ERP132578"	"testis"	"Spermatogonia"	NA	NA	NA	"CL:0000020"	"spermatogonium"	"perfect match"	"SN253"	NA	4
"CGCCATTAGACCCGCT"	""	"ERX6700411"	"ERP132578"	"testis"	"Round_spermatids"	NA	NA	NA	"CL:4030036"	"early spermatid"	"perfect match"	"SN253"	NA	2
"CGCCATTAGCATCAAA"	""	"ERX6700411"	"ERP132578"	"testis"	"Elongated_spermatids"	NA	NA	NA	"CL:4030037"	"late spermatid"	"perfect match"	"SN253"	NA	1
"CGCCATTAGCGATTCT"	""	"ERX6700411"	"ERP132578"	"testis"	"Round_spermatids"	NA	NA	NA	"CL:4030036"	"early spermatid"	"perfect match"	"SN253"	NA	2
"CGCCATTAGGCTGAAC"	""	"ERX6700411"	"ERP132578"	"testis"	"Spermatocytes"	NA	NA	NA	"CL:0000017"	"spermatocyte"	"perfect match"	"SN253"	NA	5
"CGCCATTCACGAGGAT"	""	"ERX6700411"	"ERP132578"	"testis"	"Spermatogonia"	NA	NA	NA	"CL:0000020"	"spermatogonium"	"perfect match"	"SN253"	NA	4
"CGCCATTTCGTAGCTA"	""	"ERX6700411"	"ERP132578"	"testis"	"Round_spermatids"	NA	NA	NA	"CL:4030036"	"early spermatid"	"perfect match"	"SN253"	NA	2
"CGCGTGACATATCTCT"	""	"ERX6700411"	"ERP132578"	"testis"	"Round_spermatids"	NA	NA	NA	"CL:4030036"	"early spermatid"	"perfect match"	"SN253"	NA	2
"CGCGTGAGTAGGACTG"	""	"ERX6700411"	"ERP132578"	"testis"	"Round_spermatids"	NA	NA	NA	"CL:4030036"	"early spermatid"	"perfect match"	"SN253"	NA	2
"CGGAACCAGAGTATAC"	""	"ERX6700411"	"ERP132578"	"testis"	"Round_spermatids"	NA	NA	NA	"CL:4030036"	"early spermatid"	"perfect match"	"SN253"	NA	2
"CGGAACCTCGCCTAGG"	""	"ERX6700411"	"ERP132578"	"testis"	"Round_spermatids"	NA	NA	NA	"CL:4030036"	"early spermatid"	"perfect match"	"SN253"	NA	2
"CGGAATTAGCCATATC"	""	"ERX6700411"	"ERP132578"	"testis"	"Round_spermatids"	NA	NA	NA	"CL:4030036"	"early spermatid"	"perfect match"	"SN253"	NA	2
"CGGAATTAGTGGCCTC"	""	"ERX6700411"	"ERP132578"	"testis"	"Round_spermatids"	NA	NA	NA	"CL:4030036"	"early spermatid"	"perfect match"	"SN253"	NA	2
"CGGAATTAGTTAACAG"	""	"ERX6700411"	"ERP132578"	"testis"	"Round_spermatids"	NA	NA	NA	"CL:4030036"	"early spermatid"	"perfect match"	"SN253"	NA	2
"CGGAATTCAAAGGCTG"	""	"ERX6700411"	"ERP132578"	"testis"	"Round_spermatids"	NA	NA	NA	"CL:4030036"	"early spermatid"	"perfect match"	"SN253"	NA	2
"CGGAATTGTGATGGCA"	""	"ERX6700411"	"ERP132578"	"testis"	"Round_spermatids"	NA	NA	NA	"CL:4030036"	"early spermatid"	"perfect match"	"SN253"	NA	2
"CGGACACCAGAATCGG"	""	"ERX6700411"	"ERP132578"	"testis"	"Round_spermatids"	NA	NA	NA	"CL:4030036"	"early spermatid"	"perfect match"	"SN253"	NA	2
"CGGACACGTCTACATG"	""	"ERX6700411"	"ERP132578"	"testis"	"Round_spermatids"	NA	NA	NA	"CL:4030036"	"early spermatid"	"perfect match"	"SN253"	NA	2
"CGGACACGTTAAACCC"	""	"ERX6700411"	"ERP132578"	"testis"	"Elongated_spermatids"	NA	NA	NA	"CL:4030037"	"late spermatid"	"perfect match"	"SN253"	NA	1
"CGGACACTCAAAGGTA"	""	"ERX6700411"	"ERP132578"	"testis"	"Round_spermatids"	NA	NA	NA	"CL:4030036"	"early spermatid"	"perfect match"	"SN253"	NA	2
"CGGACACTCTTCGACC"	""	"ERX6700411"	"ERP132578"	"testis"	"Round_spermatids"	NA	NA	NA	"CL:4030036"	"early spermatid"	"perfect match"	"SN253"	NA	2
"CGGAGAAGTACCTATG"	""	"ERX6700411"	"ERP132578"	"testis"	"Elongated_spermatids"	NA	NA	NA	"CL:4030037"	"late spermatid"	"perfect match"	"SN253"	NA	1
"CGGAGAAGTGTCGATT"	""	"ERX6700411"	"ERP132578"	"testis"	"Spermatocytes"	NA	NA	NA	"CL:0000017"	"spermatocyte"	"perfect match"	"SN253"	NA	5
"CGGCAGTAGGATGTTA"	""	"ERX6700411"	"ERP132578"	"testis"	"Round_spermatids"	NA	NA	NA	"CL:4030036"	"early spermatid"	"perfect match"	"SN253"	NA	2
"CGGCAGTCAACCGCCA"	""	"ERX6700411"	"ERP132578"	"testis"	"Spermatocytes"	NA	NA	NA	"CL:0000017"	"spermatocyte"	"perfect match"	"SN253"	NA	5
"CGGCAGTTCGGAACTT"	""	"ERX6700411"	"ERP132578"	"testis"	"Other_somatic"	NA	NA	NA	"CL:0002371"	"somatic cell"	"perfect match"	"SN253"	NA	3
"CGGGACTAGATGTTCC"	""	"ERX6700411"	"ERP132578"	"testis"	"Round_spermatids"	NA	NA	NA	"CL:4030036"	"early spermatid"	"perfect match"	"SN253"	NA	2
"CGGGACTAGCTAGCCC"	""	"ERX6700411"	"ERP132578"	"testis"	"Spermatogonia"	NA	NA	NA	"CL:0000020"	"spermatogonium"	"perfect match"	"SN253"	NA	4
"CGGGACTGTAACGATA"	""	"ERX6700411"	"ERP132578"	"testis"	"Round_spermatids"	NA	NA	NA	"CL:4030036"	"early spermatid"	"perfect match"	"SN253"	NA	2
"CGGGACTGTGACCGAA"	""	"ERX6700411"	"ERP132578"	"testis"	"Round_spermatids"	NA	NA	NA	"CL:4030036"	"early spermatid"	"perfect match"	"SN253"	NA	2
"CGGGACTGTGAGAACC"	""	"ERX6700411"	"ERP132578"	"testis"	"Round_spermatids"	NA	NA	NA	"CL:4030036"	"early spermatid"	"perfect match"	"SN253"	NA	2
"CGGGACTGTGCAACGA"	""	"ERX6700411"	"ERP132578"	"testis"	"Spermatocytes"	NA	NA	NA	"CL:0000017"	"spermatocyte"	"perfect match"	"SN253"	NA	5
"CGGGACTGTGCCCAGT"	""	"ERX6700411"	"ERP132578"	"testis"	"Spermatocytes"	NA	NA	NA	"CL:0000017"	"spermatocyte"	"perfect match"	"SN253"	NA	5
"CGGGCATAGTGGTTAA"	""	"ERX6700411"	"ERP132578"	"testis"	"Round_spermatids"	NA	NA	NA	"CL:4030036"	"early spermatid"	"perfect match"	"SN253"	NA	2
"CGGGCATCACAGCCTG"	""	"ERX6700411"	"ERP132578"	"testis"	"Round_spermatids"	NA	NA	NA	"CL:4030036"	"early spermatid"	"perfect match"	"SN253"	NA	2
"CGGGCATGTGAACTAA"	""	"ERX6700411"	"ERP132578"	"testis"	"Other_somatic"	NA	NA	NA	"CL:0002371"	"somatic cell"	"perfect match"	"SN253"	NA	3
"CGGGTCAAGGCATTTC"	""	"ERX6700411"	"ERP132578"	"testis"	"Round_spermatids"	NA	NA	NA	"CL:4030036"	"early spermatid"	"perfect match"	"SN253"	NA	2
"CGGGTCAAGGTTCAGG"	""	"ERX6700411"	"ERP132578"	"testis"	"Round_spermatids"	NA	NA	NA	"CL:4030036"	"early spermatid"	"perfect match"	"SN253"	NA	2
"CGGGTCACAGGAATAT"	""	"ERX6700411"	"ERP132578"	"testis"	"Round_spermatids"	NA	NA	NA	"CL:4030036"	"early spermatid"	"perfect match"	"SN253"	NA	2
"CGGGTCATCGTCCTTG"	""	"ERX6700411"	"ERP132578"	"testis"	"Other_somatic"	NA	NA	NA	"CL:0002371"	"somatic cell"	"perfect match"	"SN253"	NA	3
"CGGGTGTAGAGCGACT"	""	"ERX6700411"	"ERP132578"	"testis"	"Round_spermatids"	NA	NA	NA	"CL:4030036"	"early spermatid"	"perfect match"	"SN253"	NA	2
"CGGGTGTCATTGAGGG"	""	"ERX6700411"	"ERP132578"	"testis"	"Spermatocytes"	NA	NA	NA	"CL:0000017"	"spermatocyte"	"perfect match"	"SN253"	NA	5
"CGGGTGTGTGATGAAT"	""	"ERX6700411"	"ERP132578"	"testis"	"Round_spermatids"	NA	NA	NA	"CL:4030036"	"early spermatid"	"perfect match"	"SN253"	NA	2
"CGGGTGTTCACATCAG"	""	"ERX6700411"	"ERP132578"	"testis"	"Spermatocytes"	NA	NA	NA	"CL:0000017"	"spermatocyte"	"perfect match"	"SN253"	NA	5
"CGGGTGTTCGTTGTGA"	""	"ERX6700411"	"ERP132578"	"testis"	"Spermatocytes"	NA	NA	NA	"CL:0000017"	"spermatocyte"	"perfect match"	"SN253"	NA	5
"CGGTCAGAGCAGCCCT"	""	"ERX6700411"	"ERP132578"	"testis"	"Elongated_spermatids"	NA	NA	NA	"CL:4030037"	"late spermatid"	"perfect match"	"SN253"	NA	1
"CGGTCAGGTCCACAGC"	""	"ERX6700411"	"ERP132578"	"testis"	"Spermatogonia"	NA	NA	NA	"CL:0000020"	"spermatogonium"	"perfect match"	"SN253"	NA	4
"CGGTCAGTCATGGAGG"	""	"ERX6700411"	"ERP132578"	"testis"	"Spermatocytes"	NA	NA	NA	"CL:0000017"	"spermatocyte"	"perfect match"	"SN253"	NA	5
"CGGTCAGTCTACTCAT"	""	"ERX6700411"	"ERP132578"	"testis"	"Other_somatic"	NA	NA	NA	"CL:0002371"	"somatic cell"	"perfect match"	"SN253"	NA	3
"CGTAAGTAGTTGCTGT"	""	"ERX6700411"	"ERP132578"	"testis"	"Elongated_spermatids"	NA	NA	NA	"CL:4030037"	"late spermatid"	"perfect match"	"SN253"	NA	1
"CGTAAGTGTGGGTATG"	""	"ERX6700411"	"ERP132578"	"testis"	"Round_spermatids"	NA	NA	NA	"CL:4030036"	"early spermatid"	"perfect match"	"SN253"	NA	2
"CGTAAGTGTTGAATCC"	""	"ERX6700411"	"ERP132578"	"testis"	"Spermatogonia"	NA	NA	NA	"CL:0000020"	"spermatogonium"	"perfect match"	"SN253"	NA	4
"CGTAAGTGTTTCGTAG"	""	"ERX6700411"	"ERP132578"	"testis"	"Round_spermatids"	NA	NA	NA	"CL:4030036"	"early spermatid"	"perfect match"	"SN253"	NA	2
"CGTAAGTTCCGACAGC"	""	"ERX6700411"	"ERP132578"	"testis"	"Round_spermatids"	NA	NA	NA	"CL:4030036"	"early spermatid"	"perfect match"	"SN253"	NA	2
"CGTAATGTCGGTGAAG"	""	"ERX6700411"	"ERP132578"	"testis"	"Round_spermatids"	NA	NA	NA	"CL:4030036"	"early spermatid"	"perfect match"	"SN253"	NA	2
"CGTAATGTCTGACCCT"	""	"ERX6700411"	"ERP132578"	"testis"	"Round_spermatids"	NA	NA	NA	"CL:4030036"	"early spermatid"	"perfect match"	"SN253"	NA	2
"CGTAGTAAGGTGCTTT"	""	"ERX6700411"	"ERP132578"	"testis"	"Elongated_spermatids"	NA	NA	NA	"CL:4030037"	"late spermatid"	"perfect match"	"SN253"	NA	1
"CGTAGTACACTGGACC"	""	"ERX6700411"	"ERP132578"	"testis"	"Elongated_spermatids"	NA	NA	NA	"CL:4030037"	"late spermatid"	"perfect match"	"SN253"	NA	1
"CGTAGTAGTAAGATTG"	""	"ERX6700411"	"ERP132578"	"testis"	"Round_spermatids"	NA	NA	NA	"CL:4030036"	"early spermatid"	"perfect match"	"SN253"	NA	2
"CGTCAAAAGGATTACA"	""	"ERX6700411"	"ERP132578"	"testis"	"Round_spermatids"	NA	NA	NA	"CL:4030036"	"early spermatid"	"perfect match"	"SN253"	NA	2
"CGTCAAAAGTCAACAA"	""	"ERX6700411"	"ERP132578"	"testis"	"Elongated_spermatids"	NA	NA	NA	"CL:4030037"	"late spermatid"	"perfect match"	"SN253"	NA	1
"CGTCAAATCACTCACC"	""	"ERX6700411"	"ERP132578"	"testis"	"Spermatogonia"	NA	NA	NA	"CL:0000020"	"spermatogonium"	"perfect match"	"SN253"	NA	4
"CGTCAAATCGACACCG"	""	"ERX6700411"	"ERP132578"	"testis"	"Round_spermatids"	NA	NA	NA	"CL:4030036"	"early spermatid"	"perfect match"	"SN253"	NA	2
"CGTCAAATCGTTCTAT"	""	"ERX6700411"	"ERP132578"	"testis"	"Round_spermatids"	NA	NA	NA	"CL:4030036"	"early spermatid"	"perfect match"	"SN253"	NA	2
"CGTCCATCACCTGCGA"	""	"ERX6700411"	"ERP132578"	"testis"	"Round_spermatids"	NA	NA	NA	"CL:4030036"	"early spermatid"	"perfect match"	"SN253"	NA	2
"CGTCCATCACGATAGG"	""	"ERX6700411"	"ERP132578"	"testis"	"Round_spermatids"	NA	NA	NA	"CL:4030036"	"early spermatid"	"perfect match"	"SN253"	NA	2
"CGTCCATCACTTGTCC"	""	"ERX6700411"	"ERP132578"	"testis"	"Round_spermatids"	NA	NA	NA	"CL:4030036"	"early spermatid"	"perfect match"	"SN253"	NA	2
"CGTCCATCATGAATAG"	""	"ERX6700411"	"ERP132578"	"testis"	"Round_spermatids"	NA	NA	NA	"CL:4030036"	"early spermatid"	"perfect match"	"SN253"	NA	2
"CGTCCATGTGACCTGC"	""	"ERX6700411"	"ERP132578"	"testis"	"Spermatogonia"	NA	NA	NA	"CL:0000020"	"spermatogonium"	"perfect match"	"SN253"	NA	4
"CGTCCATGTGGCGTAA"	""	"ERX6700411"	"ERP132578"	"testis"	"Round_spermatids"	NA	NA	NA	"CL:4030036"	"early spermatid"	"perfect match"	"SN253"	NA	2
"CGTGAATCACGACGAA"	""	"ERX6700411"	"ERP132578"	"testis"	"Spermatogonia"	NA	NA	NA	"CL:0000020"	"spermatogonium"	"perfect match"	"SN253"	NA	4
"CGTGAATCAGGTGACA"	""	"ERX6700411"	"ERP132578"	"testis"	"Round_spermatids"	NA	NA	NA	"CL:4030036"	"early spermatid"	"perfect match"	"SN253"	NA	2
"CGTGATAAGAATTGTG"	""	"ERX6700411"	"ERP132578"	"testis"	"Spermatogonia"	NA	NA	NA	"CL:0000020"	"spermatogonium"	"perfect match"	"SN253"	NA	4
"CGTGATAAGCTATCCA"	""	"ERX6700411"	"ERP132578"	"testis"	"Spermatocytes"	NA	NA	NA	"CL:0000017"	"spermatocyte"	"perfect match"	"SN253"	NA	5
"CGTGATACAAGTGCAG"	""	"ERX6700411"	"ERP132578"	"testis"	"Round_spermatids"	NA	NA	NA	"CL:4030036"	"early spermatid"	"perfect match"	"SN253"	NA	2
"CGTGATACAATGTCTG"	""	"ERX6700411"	"ERP132578"	"testis"	"Round_spermatids"	NA	NA	NA	"CL:4030036"	"early spermatid"	"perfect match"	"SN253"	NA	2
"CGTGATACAGCCGGTT"	""	"ERX6700411"	"ERP132578"	"testis"	"Round_spermatids"	NA	NA	NA	"CL:4030036"	"early spermatid"	"perfect match"	"SN253"	NA	2
"CGTGATACAGGCCTGT"	""	"ERX6700411"	"ERP132578"	"testis"	"Round_spermatids"	NA	NA	NA	"CL:4030036"	"early spermatid"	"perfect match"	"SN253"	NA	2
"CGTGATAGTTAATCGC"	""	"ERX6700411"	"ERP132578"	"testis"	"Spermatocytes"	NA	NA	NA	"CL:0000017"	"spermatocyte"	"perfect match"	"SN253"	NA	5
"CGTGCTTAGACTGAGC"	""	"ERX6700411"	"ERP132578"	"testis"	"Round_spermatids"	NA	NA	NA	"CL:4030036"	"early spermatid"	"perfect match"	"SN253"	NA	2
"CGTGCTTAGTTCATGC"	""	"ERX6700411"	"ERP132578"	"testis"	"Round_spermatids"	NA	NA	NA	"CL:4030036"	"early spermatid"	"perfect match"	"SN253"	NA	2
"CGTGTCTAGATGTAGT"	""	"ERX6700411"	"ERP132578"	"testis"	"Round_spermatids"	NA	NA	NA	"CL:4030036"	"early spermatid"	"perfect match"	"SN253"	NA	2
"CGTGTCTTCCGAACGC"	""	"ERX6700411"	"ERP132578"	"testis"	"Round_spermatids"	NA	NA	NA	"CL:4030036"	"early spermatid"	"perfect match"	"SN253"	NA	2
"CGTTAGAAGAGCAGAA"	""	"ERX6700411"	"ERP132578"	"testis"	"Round_spermatids"	NA	NA	NA	"CL:4030036"	"early spermatid"	"perfect match"	"SN253"	NA	2
"CGTTAGAAGCCTGACC"	""	"ERX6700411"	"ERP132578"	"testis"	"Round_spermatids"	NA	NA	NA	"CL:4030036"	"early spermatid"	"perfect match"	"SN253"	NA	2
"CGTTAGAGTGCTCTCT"	""	"ERX6700411"	"ERP132578"	"testis"	"Round_spermatids"	NA	NA	NA	"CL:4030036"	"early spermatid"	"perfect match"	"SN253"	NA	2
"CGTTAGAGTGTTAAAG"	""	"ERX6700411"	"ERP132578"	"testis"	"Spermatocytes"	NA	NA	NA	"CL:0000017"	"spermatocyte"	"perfect match"	"SN253"	NA	5
"CGTTAGATCAAGTTGC"	""	"ERX6700411"	"ERP132578"	"testis"	"Round_spermatids"	NA	NA	NA	"CL:4030036"	"early spermatid"	"perfect match"	"SN253"	NA	2
"CGTTAGATCCATTTAC"	""	"ERX6700411"	"ERP132578"	"testis"	"Round_spermatids"	NA	NA	NA	"CL:4030036"	"early spermatid"	"perfect match"	"SN253"	NA	2
"CGTTCTGAGCCTCACG"	""	"ERX6700411"	"ERP132578"	"testis"	"Round_spermatids"	NA	NA	NA	"CL:4030036"	"early spermatid"	"perfect match"	"SN253"	NA	2
"CGTTCTGAGGTGCAGT"	""	"ERX6700411"	"ERP132578"	"testis"	"Spermatocytes"	NA	NA	NA	"CL:0000017"	"spermatocyte"	"perfect match"	"SN253"	NA	5
"CGTTCTGAGTTCCAGT"	""	"ERX6700411"	"ERP132578"	"testis"	"Round_spermatids"	NA	NA	NA	"CL:4030036"	"early spermatid"	"perfect match"	"SN253"	NA	2
"CGTTCTGTCTTGATTC"	""	"ERX6700411"	"ERP132578"	"testis"	"Spermatocytes"	NA	NA	NA	"CL:0000017"	"spermatocyte"	"perfect match"	"SN253"	NA	5
"CGTTGGGAGAAACACT"	""	"ERX6700411"	"ERP132578"	"testis"	"Spermatogonia"	NA	NA	NA	"CL:0000020"	"spermatogonium"	"perfect match"	"SN253"	NA	4
"CGTTGGGCATGCGTGC"	""	"ERX6700411"	"ERP132578"	"testis"	"Elongated_spermatids"	NA	NA	NA	"CL:4030037"	"late spermatid"	"perfect match"	"SN253"	NA	1
"CGTTGGGGTCCCACGA"	""	"ERX6700411"	"ERP132578"	"testis"	"Round_spermatids"	NA	NA	NA	"CL:4030036"	"early spermatid"	"perfect match"	"SN253"	NA	2
"CGTTGGGTCCCGAGAC"	""	"ERX6700411"	"ERP132578"	"testis"	"Round_spermatids"	NA	NA	NA	"CL:4030036"	"early spermatid"	"perfect match"	"SN253"	NA	2
"CGTTGGGTCGGTTAGT"	""	"ERX6700411"	"ERP132578"	"testis"	"Elongated_spermatids"	NA	NA	NA	"CL:4030037"	"late spermatid"	"perfect match"	"SN253"	NA	1
"CTAACCCAGCCGTAAG"	""	"ERX6700411"	"ERP132578"	"testis"	"Round_spermatids"	NA	NA	NA	"CL:4030036"	"early spermatid"	"perfect match"	"SN253"	NA	2
"CTAACCCAGGCAGGTT"	""	"ERX6700411"	"ERP132578"	"testis"	"Elongated_spermatids"	NA	NA	NA	"CL:4030037"	"late spermatid"	"perfect match"	"SN253"	NA	1
"CTAACCCCAATTGAAG"	""	"ERX6700411"	"ERP132578"	"testis"	"Spermatocytes"	NA	NA	NA	"CL:0000017"	"spermatocyte"	"perfect match"	"SN253"	NA	5
"CTAACCCGTACCGGCT"	""	"ERX6700411"	"ERP132578"	"testis"	"Round_spermatids"	NA	NA	NA	"CL:4030036"	"early spermatid"	"perfect match"	"SN253"	NA	2
"CTAACCCGTGCAATGG"	""	"ERX6700411"	"ERP132578"	"testis"	"Elongated_spermatids"	NA	NA	NA	"CL:4030037"	"late spermatid"	"perfect match"	"SN253"	NA	1
"CTAACCCGTTCCGTTC"	""	"ERX6700411"	"ERP132578"	"testis"	"Elongated_spermatids"	NA	NA	NA	"CL:4030037"	"late spermatid"	"perfect match"	"SN253"	NA	1
"CTAACCCTCCCAAGCG"	""	"ERX6700411"	"ERP132578"	"testis"	"Round_spermatids"	NA	NA	NA	"CL:4030036"	"early spermatid"	"perfect match"	"SN253"	NA	2
"CTAACTTAGTTGCATC"	""	"ERX6700411"	"ERP132578"	"testis"	"Round_spermatids"	NA	NA	NA	"CL:4030036"	"early spermatid"	"perfect match"	"SN253"	NA	2
"CTAACTTCAACCGCCA"	""	"ERX6700411"	"ERP132578"	"testis"	"Other_somatic"	NA	NA	NA	"CL:0002371"	"somatic cell"	"perfect match"	"SN253"	NA	3
"CTAACTTTCGGTATGT"	""	"ERX6700411"	"ERP132578"	"testis"	"Round_spermatids"	NA	NA	NA	"CL:4030036"	"early spermatid"	"perfect match"	"SN253"	NA	2
"CTAACTTTCTACCAGA"	""	"ERX6700411"	"ERP132578"	"testis"	"Spermatocytes"	NA	NA	NA	"CL:0000017"	"spermatocyte"	"perfect match"	"SN253"	NA	5
"CTAAGTGCACATTACG"	""	"ERX6700411"	"ERP132578"	"testis"	"Elongated_spermatids"	NA	NA	NA	"CL:4030037"	"late spermatid"	"perfect match"	"SN253"	NA	1
"CTAAGTGGTGTTGACT"	""	"ERX6700411"	"ERP132578"	"testis"	"Spermatocytes"	NA	NA	NA	"CL:0000017"	"spermatocyte"	"perfect match"	"SN253"	NA	5
"CTACAGAAGCGCTTCG"	""	"ERX6700411"	"ERP132578"	"testis"	"Elongated_spermatids"	NA	NA	NA	"CL:4030037"	"late spermatid"	"perfect match"	"SN253"	NA	1
"CTACAGAAGTGTTCCA"	""	"ERX6700411"	"ERP132578"	"testis"	"Elongated_spermatids"	NA	NA	NA	"CL:4030037"	"late spermatid"	"perfect match"	"SN253"	NA	1
"CTACAGACAAATACAG"	""	"ERX6700411"	"ERP132578"	"testis"	"Elongated_spermatids"	NA	NA	NA	"CL:4030037"	"late spermatid"	"perfect match"	"SN253"	NA	1
"CTACAGACAGAGTAAT"	""	"ERX6700411"	"ERP132578"	"testis"	"Spermatocytes"	NA	NA	NA	"CL:0000017"	"spermatocyte"	"perfect match"	"SN253"	NA	5
"CTACAGACATCGTTCC"	""	"ERX6700411"	"ERP132578"	"testis"	"Spermatocytes"	NA	NA	NA	"CL:0000017"	"spermatocyte"	"perfect match"	"SN253"	NA	5
"CTACAGAGTTCTATCT"	""	"ERX6700411"	"ERP132578"	"testis"	"Round_spermatids"	NA	NA	NA	"CL:4030036"	"early spermatid"	"perfect match"	"SN253"	NA	2
"CTACATTGTCCTTAAG"	""	"ERX6700411"	"ERP132578"	"testis"	"Elongated_spermatids"	NA	NA	NA	"CL:4030037"	"late spermatid"	"perfect match"	"SN253"	NA	1
"CTACATTGTTCGATTG"	""	"ERX6700411"	"ERP132578"	"testis"	"Round_spermatids"	NA	NA	NA	"CL:4030036"	"early spermatid"	"perfect match"	"SN253"	NA	2
"CTACATTGTTGGAGAC"	""	"ERX6700411"	"ERP132578"	"testis"	"Round_spermatids"	NA	NA	NA	"CL:4030036"	"early spermatid"	"perfect match"	"SN253"	NA	2
"CTACCCAGTCTCAAGT"	""	"ERX6700411"	"ERP132578"	"testis"	"Round_spermatids"	NA	NA	NA	"CL:4030036"	"early spermatid"	"perfect match"	"SN253"	NA	2
"CTACCCAGTCTCGGGT"	""	"ERX6700411"	"ERP132578"	"testis"	"Round_spermatids"	NA	NA	NA	"CL:4030036"	"early spermatid"	"perfect match"	"SN253"	NA	2
"CTACCCAGTGCATCTA"	""	"ERX6700411"	"ERP132578"	"testis"	"Spermatocytes"	NA	NA	NA	"CL:0000017"	"spermatocyte"	"perfect match"	"SN253"	NA	5
"CTACCCAGTGCCTGAC"	""	"ERX6700411"	"ERP132578"	"testis"	"Round_spermatids"	NA	NA	NA	"CL:4030036"	"early spermatid"	"perfect match"	"SN253"	NA	2
"CTACCCAGTTTACGAC"	""	"ERX6700411"	"ERP132578"	"testis"	"Round_spermatids"	NA	NA	NA	"CL:4030036"	"early spermatid"	"perfect match"	"SN253"	NA	2
"CTACCTGCAACTCCAA"	""	"ERX6700411"	"ERP132578"	"testis"	"Elongated_spermatids"	NA	NA	NA	"CL:4030037"	"late spermatid"	"perfect match"	"SN253"	NA	1
"CTACCTGTCCATATGG"	""	"ERX6700411"	"ERP132578"	"testis"	"Round_spermatids"	NA	NA	NA	"CL:4030036"	"early spermatid"	"perfect match"	"SN253"	NA	2
"CTACGGGAGCCGGAAT"	""	"ERX6700411"	"ERP132578"	"testis"	"Round_spermatids"	NA	NA	NA	"CL:4030036"	"early spermatid"	"perfect match"	"SN253"	NA	2
"CTACGGGCAGTGTATC"	""	"ERX6700411"	"ERP132578"	"testis"	"Round_spermatids"	NA	NA	NA	"CL:4030036"	"early spermatid"	"perfect match"	"SN253"	NA	2
"CTACGGGCATAACCCA"	""	"ERX6700411"	"ERP132578"	"testis"	"Elongated_spermatids"	NA	NA	NA	"CL:4030037"	"late spermatid"	"perfect match"	"SN253"	NA	1
"CTACGGGCATAGAGGC"	""	"ERX6700411"	"ERP132578"	"testis"	"Spermatogonia"	NA	NA	NA	"CL:0000020"	"spermatogonium"	"perfect match"	"SN253"	NA	4
"CTACGGGGTAACCAGG"	""	"ERX6700411"	"ERP132578"	"testis"	"Round_spermatids"	NA	NA	NA	"CL:4030036"	"early spermatid"	"perfect match"	"SN253"	NA	2
"CTACGGGTCGTAGGGA"	""	"ERX6700411"	"ERP132578"	"testis"	"Round_spermatids"	NA	NA	NA	"CL:4030036"	"early spermatid"	"perfect match"	"SN253"	NA	2
"CTACTATAGGGTTGCA"	""	"ERX6700411"	"ERP132578"	"testis"	"Round_spermatids"	NA	NA	NA	"CL:4030036"	"early spermatid"	"perfect match"	"SN253"	NA	2
"CTACTATGTGACAGGT"	""	"ERX6700411"	"ERP132578"	"testis"	"Elongated_spermatids"	NA	NA	NA	"CL:4030037"	"late spermatid"	"perfect match"	"SN253"	NA	1
"CTACTATTCAGCCTCT"	""	"ERX6700411"	"ERP132578"	"testis"	"Spermatocytes"	NA	NA	NA	"CL:0000017"	"spermatocyte"	"perfect match"	"SN253"	NA	5
"CTACTATTCCGCAGTG"	""	"ERX6700411"	"ERP132578"	"testis"	"Elongated_spermatids"	NA	NA	NA	"CL:4030037"	"late spermatid"	"perfect match"	"SN253"	NA	1
"CTAGACAAGCACGATG"	""	"ERX6700411"	"ERP132578"	"testis"	"Elongated_spermatids"	NA	NA	NA	"CL:4030037"	"late spermatid"	"perfect match"	"SN253"	NA	1
"CTAGACACACAGCGCT"	""	"ERX6700411"	"ERP132578"	"testis"	"Spermatocytes"	NA	NA	NA	"CL:0000017"	"spermatocyte"	"perfect match"	"SN253"	NA	5
"CTAGACATCCCTATTA"	""	"ERX6700411"	"ERP132578"	"testis"	"Spermatogonia"	NA	NA	NA	"CL:0000020"	"spermatogonium"	"perfect match"	"SN253"	NA	4
"CTAGACATCGATACTG"	""	"ERX6700411"	"ERP132578"	"testis"	"Elongated_spermatids"	NA	NA	NA	"CL:4030037"	"late spermatid"	"perfect match"	"SN253"	NA	1
"CTAGGTATCTACCCAC"	""	"ERX6700411"	"ERP132578"	"testis"	"Round_spermatids"	NA	NA	NA	"CL:4030036"	"early spermatid"	"perfect match"	"SN253"	NA	2
"CTATAGGGTGATACCT"	""	"ERX6700411"	"ERP132578"	"testis"	"Round_spermatids"	NA	NA	NA	"CL:4030036"	"early spermatid"	"perfect match"	"SN253"	NA	2
"CTATCCGAGCCAGAGT"	""	"ERX6700411"	"ERP132578"	"testis"	"Round_spermatids"	NA	NA	NA	"CL:4030036"	"early spermatid"	"perfect match"	"SN253"	NA	2
"CTATCCGAGGATCACG"	""	"ERX6700411"	"ERP132578"	"testis"	"Round_spermatids"	NA	NA	NA	"CL:4030036"	"early spermatid"	"perfect match"	"SN253"	NA	2
"CTATCCGGTGTCCTAA"	""	"ERX6700411"	"ERP132578"	"testis"	"Round_spermatids"	NA	NA	NA	"CL:4030036"	"early spermatid"	"perfect match"	"SN253"	NA	2
"CTATCTAAGGACGGAG"	""	"ERX6700411"	"ERP132578"	"testis"	"Round_spermatids"	NA	NA	NA	"CL:4030036"	"early spermatid"	"perfect match"	"SN253"	NA	2
"CTATCTAGTACTAACC"	""	"ERX6700411"	"ERP132578"	"testis"	"Spermatocytes"	NA	NA	NA	"CL:0000017"	"spermatocyte"	"perfect match"	"SN253"	NA	5
"CTATCTAGTCATCCGG"	""	"ERX6700411"	"ERP132578"	"testis"	"Elongated_spermatids"	NA	NA	NA	"CL:4030037"	"late spermatid"	"perfect match"	"SN253"	NA	1
"CTATCTATCCACGTGG"	""	"ERX6700411"	"ERP132578"	"testis"	"Round_spermatids"	NA	NA	NA	"CL:4030036"	"early spermatid"	"perfect match"	"SN253"	NA	2
"CTCAACCAGTACAGAT"	""	"ERX6700411"	"ERP132578"	"testis"	"Round_spermatids"	NA	NA	NA	"CL:4030036"	"early spermatid"	"perfect match"	"SN253"	NA	2
"CTCAACCCAGTCTCTC"	""	"ERX6700411"	"ERP132578"	"testis"	"Spermatogonia"	NA	NA	NA	"CL:0000020"	"spermatogonium"	"perfect match"	"SN253"	NA	4
"CTCAACCCATCGTTCC"	""	"ERX6700411"	"ERP132578"	"testis"	"Round_spermatids"	NA	NA	NA	"CL:4030036"	"early spermatid"	"perfect match"	"SN253"	NA	2
"CTCAACCTCGGACGTC"	""	"ERX6700411"	"ERP132578"	"testis"	"Spermatocytes"	NA	NA	NA	"CL:0000017"	"spermatocyte"	"perfect match"	"SN253"	NA	5
"CTCAAGAAGCATGCGA"	""	"ERX6700411"	"ERP132578"	"testis"	"Round_spermatids"	NA	NA	NA	"CL:4030036"	"early spermatid"	"perfect match"	"SN253"	NA	2
"CTCAAGAAGGAGAGGC"	""	"ERX6700411"	"ERP132578"	"testis"	"Round_spermatids"	NA	NA	NA	"CL:4030036"	"early spermatid"	"perfect match"	"SN253"	NA	2
"CTCAAGAAGTGTACCT"	""	"ERX6700411"	"ERP132578"	"testis"	"Elongated_spermatids"	NA	NA	NA	"CL:4030037"	"late spermatid"	"perfect match"	"SN253"	NA	1
"CTCAAGACACAGAGCA"	""	"ERX6700411"	"ERP132578"	"testis"	"Round_spermatids"	NA	NA	NA	"CL:4030036"	"early spermatid"	"perfect match"	"SN253"	NA	2
"CTCAAGACACGTTGGC"	""	"ERX6700411"	"ERP132578"	"testis"	"Round_spermatids"	NA	NA	NA	"CL:4030036"	"early spermatid"	"perfect match"	"SN253"	NA	2
"CTCAAGATCCAGCCTT"	""	"ERX6700411"	"ERP132578"	"testis"	"Round_spermatids"	NA	NA	NA	"CL:4030036"	"early spermatid"	"perfect match"	"SN253"	NA	2
"CTCAAGATCGTAGTGT"	""	"ERX6700411"	"ERP132578"	"testis"	"Round_spermatids"	NA	NA	NA	"CL:4030036"	"early spermatid"	"perfect match"	"SN253"	NA	2
"CTCAATTGTCTTCTAT"	""	"ERX6700411"	"ERP132578"	"testis"	"Spermatogonia"	NA	NA	NA	"CL:0000020"	"spermatogonium"	"perfect match"	"SN253"	NA	4
"CTCAATTGTGTGTGTT"	""	"ERX6700411"	"ERP132578"	"testis"	"Spermatocytes"	NA	NA	NA	"CL:0000017"	"spermatocyte"	"perfect match"	"SN253"	NA	5
"CTCAATTGTTCCTTGC"	""	"ERX6700411"	"ERP132578"	"testis"	"Round_spermatids"	NA	NA	NA	"CL:4030036"	"early spermatid"	"perfect match"	"SN253"	NA	2
"CTCACTGAGATCCCGC"	""	"ERX6700411"	"ERP132578"	"testis"	"Elongated_spermatids"	NA	NA	NA	"CL:4030037"	"late spermatid"	"perfect match"	"SN253"	NA	1
"CTCACTGAGCGTCAGA"	""	"ERX6700411"	"ERP132578"	"testis"	"Spermatocytes"	NA	NA	NA	"CL:0000017"	"spermatocyte"	"perfect match"	"SN253"	NA	5
"CTCACTGCATCCGCGA"	""	"ERX6700411"	"ERP132578"	"testis"	"Elongated_spermatids"	NA	NA	NA	"CL:4030037"	"late spermatid"	"perfect match"	"SN253"	NA	1
"CTCACTGCATCGGTTA"	""	"ERX6700411"	"ERP132578"	"testis"	"Round_spermatids"	NA	NA	NA	"CL:4030036"	"early spermatid"	"perfect match"	"SN253"	NA	2
"CTCACTGGTCTCTCAC"	""	"ERX6700411"	"ERP132578"	"testis"	"Spermatocytes"	NA	NA	NA	"CL:0000017"	"spermatocyte"	"perfect match"	"SN253"	NA	5
"CTCAGAAAGGTTGAGC"	""	"ERX6700411"	"ERP132578"	"testis"	"Spermatocytes"	NA	NA	NA	"CL:0000017"	"spermatocyte"	"perfect match"	"SN253"	NA	5
"CTCAGAACAATGAAAC"	""	"ERX6700411"	"ERP132578"	"testis"	"Elongated_spermatids"	NA	NA	NA	"CL:4030037"	"late spermatid"	"perfect match"	"SN253"	NA	1
"CTCAGAACACGAGAAC"	""	"ERX6700411"	"ERP132578"	"testis"	"Round_spermatids"	NA	NA	NA	"CL:4030036"	"early spermatid"	"perfect match"	"SN253"	NA	2
"CTCAGAATCCTTCAGC"	""	"ERX6700411"	"ERP132578"	"testis"	"Round_spermatids"	NA	NA	NA	"CL:4030036"	"early spermatid"	"perfect match"	"SN253"	NA	2
"CTCAGGGAGACTCAAA"	""	"ERX6700411"	"ERP132578"	"testis"	"Spermatogonia"	NA	NA	NA	"CL:0000020"	"spermatogonium"	"perfect match"	"SN253"	NA	4
"CTCAGGGGTTCGTGCG"	""	"ERX6700411"	"ERP132578"	"testis"	"Round_spermatids"	NA	NA	NA	"CL:4030036"	"early spermatid"	"perfect match"	"SN253"	NA	2
"CTCAGTCAGCCATTTG"	""	"ERX6700411"	"ERP132578"	"testis"	"Round_spermatids"	NA	NA	NA	"CL:4030036"	"early spermatid"	"perfect match"	"SN253"	NA	2
"CTCAGTCCAACGTATC"	""	"ERX6700411"	"ERP132578"	"testis"	"Round_spermatids"	NA	NA	NA	"CL:4030036"	"early spermatid"	"perfect match"	"SN253"	NA	2
"CTCAGTCCAATCCTTT"	""	"ERX6700411"	"ERP132578"	"testis"	"Spermatocytes"	NA	NA	NA	"CL:0000017"	"spermatocyte"	"perfect match"	"SN253"	NA	5
"CTCAGTCCACAAACGG"	""	"ERX6700411"	"ERP132578"	"testis"	"Other_somatic"	NA	NA	NA	"CL:0002371"	"somatic cell"	"perfect match"	"SN253"	NA	3
"CTCAGTCGTTGGTACT"	""	"ERX6700411"	"ERP132578"	"testis"	"Round_spermatids"	NA	NA	NA	"CL:4030036"	"early spermatid"	"perfect match"	"SN253"	NA	2
"CTCAGTCTCGTGGGAA"	""	"ERX6700411"	"ERP132578"	"testis"	"Spermatocytes"	NA	NA	NA	"CL:0000017"	"spermatocyte"	"perfect match"	"SN253"	NA	5
"CTCATCGAGCAGATAT"	""	"ERX6700411"	"ERP132578"	"testis"	"Round_spermatids"	NA	NA	NA	"CL:4030036"	"early spermatid"	"perfect match"	"SN253"	NA	2
"CTCATCGAGCTTACGT"	""	"ERX6700411"	"ERP132578"	"testis"	"Spermatogonia"	NA	NA	NA	"CL:0000020"	"spermatogonium"	"perfect match"	"SN253"	NA	4
"CTCATCGCACCTCTGT"	""	"ERX6700411"	"ERP132578"	"testis"	"Round_spermatids"	NA	NA	NA	"CL:4030036"	"early spermatid"	"perfect match"	"SN253"	NA	2
"CTCATCGTCATGAGGG"	""	"ERX6700411"	"ERP132578"	"testis"	"Round_spermatids"	NA	NA	NA	"CL:4030036"	"early spermatid"	"perfect match"	"SN253"	NA	2
"CTCATGCGTGGCACTC"	""	"ERX6700411"	"ERP132578"	"testis"	"Round_spermatids"	NA	NA	NA	"CL:4030036"	"early spermatid"	"perfect match"	"SN253"	NA	2
"CTCATGCGTTTACTTC"	""	"ERX6700411"	"ERP132578"	"testis"	"Spermatocytes"	NA	NA	NA	"CL:0000017"	"spermatocyte"	"perfect match"	"SN253"	NA	5
"CTCATTAAGAGGTTTA"	""	"ERX6700411"	"ERP132578"	"testis"	"Elongated_spermatids"	NA	NA	NA	"CL:4030037"	"late spermatid"	"perfect match"	"SN253"	NA	1
"CTCATTACACATTCGA"	""	"ERX6700411"	"ERP132578"	"testis"	"Spermatocytes"	NA	NA	NA	"CL:0000017"	"spermatocyte"	"perfect match"	"SN253"	NA	5
"CTCATTATCCGTGCGA"	""	"ERX6700411"	"ERP132578"	"testis"	"Round_spermatids"	NA	NA	NA	"CL:4030036"	"early spermatid"	"perfect match"	"SN253"	NA	2
"CTCCAACAGTACCATC"	""	"ERX6700411"	"ERP132578"	"testis"	"Elongated_spermatids"	NA	NA	NA	"CL:4030037"	"late spermatid"	"perfect match"	"SN253"	NA	1
"CTCCAACCAATCCAGT"	""	"ERX6700411"	"ERP132578"	"testis"	"Spermatocytes"	NA	NA	NA	"CL:0000017"	"spermatocyte"	"perfect match"	"SN253"	NA	5
"CTCCAACGTAACGTTC"	""	"ERX6700411"	"ERP132578"	"testis"	"Round_spermatids"	NA	NA	NA	"CL:4030036"	"early spermatid"	"perfect match"	"SN253"	NA	2
"CTCCAACGTCATCCCT"	""	"ERX6700411"	"ERP132578"	"testis"	"Spermatocytes"	NA	NA	NA	"CL:0000017"	"spermatocyte"	"perfect match"	"SN253"	NA	5
"CTCCACACATCCTATT"	""	"ERX6700411"	"ERP132578"	"testis"	"Round_spermatids"	NA	NA	NA	"CL:4030036"	"early spermatid"	"perfect match"	"SN253"	NA	2
"CTCCACAGTTCGGCTG"	""	"ERX6700411"	"ERP132578"	"testis"	"Spermatocytes"	NA	NA	NA	"CL:0000017"	"spermatocyte"	"perfect match"	"SN253"	NA	5
"CTCCACAGTTGGGATG"	""	"ERX6700411"	"ERP132578"	"testis"	"Round_spermatids"	NA	NA	NA	"CL:4030036"	"early spermatid"	"perfect match"	"SN253"	NA	2
"CTCCACATCTATCCAT"	""	"ERX6700411"	"ERP132578"	"testis"	"Spermatogonia"	NA	NA	NA	"CL:0000020"	"spermatogonium"	"perfect match"	"SN253"	NA	4
"CTCCATGCATGGCCAC"	""	"ERX6700411"	"ERP132578"	"testis"	"Spermatocytes"	NA	NA	NA	"CL:0000017"	"spermatocyte"	"perfect match"	"SN253"	NA	5
"CTCCATGTCAGCCCAG"	""	"ERX6700411"	"ERP132578"	"testis"	"Elongated_spermatids"	NA	NA	NA	"CL:4030037"	"late spermatid"	"perfect match"	"SN253"	NA	1
"CTCCATGTCCAGCCTT"	""	"ERX6700411"	"ERP132578"	"testis"	"Spermatocytes"	NA	NA	NA	"CL:0000017"	"spermatocyte"	"perfect match"	"SN253"	NA	5
"CTCCATGTCTGCATGA"	""	"ERX6700411"	"ERP132578"	"testis"	"Elongated_spermatids"	NA	NA	NA	"CL:4030037"	"late spermatid"	"perfect match"	"SN253"	NA	1
"CTCCCAAAGAAGCGAA"	""	"ERX6700411"	"ERP132578"	"testis"	"Elongated_spermatids"	NA	NA	NA	"CL:4030037"	"late spermatid"	"perfect match"	"SN253"	NA	1
"CTCCCAAAGATTGCGG"	""	"ERX6700411"	"ERP132578"	"testis"	"Elongated_spermatids"	NA	NA	NA	"CL:4030037"	"late spermatid"	"perfect match"	"SN253"	NA	1
"CTCCCAAAGGAGATAG"	""	"ERX6700411"	"ERP132578"	"testis"	"Spermatocytes"	NA	NA	NA	"CL:0000017"	"spermatocyte"	"perfect match"	"SN253"	NA	5
"CTCCCAACACCGGCTA"	""	"ERX6700411"	"ERP132578"	"testis"	"Round_spermatids"	NA	NA	NA	"CL:4030036"	"early spermatid"	"perfect match"	"SN253"	NA	2
"CTCCCAAGTGCGGTAA"	""	"ERX6700411"	"ERP132578"	"testis"	"Spermatocytes"	NA	NA	NA	"CL:0000017"	"spermatocyte"	"perfect match"	"SN253"	NA	5
"CTCCCAATCAAGCTGT"	""	"ERX6700411"	"ERP132578"	"testis"	"Round_spermatids"	NA	NA	NA	"CL:4030036"	"early spermatid"	"perfect match"	"SN253"	NA	2
"CTCCCAATCCACAAGT"	""	"ERX6700411"	"ERP132578"	"testis"	"Round_spermatids"	NA	NA	NA	"CL:4030036"	"early spermatid"	"perfect match"	"SN253"	NA	2
"CTCCCTCAGAGTAACT"	""	"ERX6700411"	"ERP132578"	"testis"	"Elongated_spermatids"	NA	NA	NA	"CL:4030037"	"late spermatid"	"perfect match"	"SN253"	NA	1
"CTCCCTCAGCTGTTAC"	""	"ERX6700411"	"ERP132578"	"testis"	"Elongated_spermatids"	NA	NA	NA	"CL:4030037"	"late spermatid"	"perfect match"	"SN253"	NA	1
"CTCCCTCGTTTACGAC"	""	"ERX6700411"	"ERP132578"	"testis"	"Round_spermatids"	NA	NA	NA	"CL:4030036"	"early spermatid"	"perfect match"	"SN253"	NA	2
"CTCCGATAGAAACTGT"	""	"ERX6700411"	"ERP132578"	"testis"	"Elongated_spermatids"	NA	NA	NA	"CL:4030037"	"late spermatid"	"perfect match"	"SN253"	NA	1
"CTCCGATAGCGGATCA"	""	"ERX6700411"	"ERP132578"	"testis"	"Spermatocytes"	NA	NA	NA	"CL:0000017"	"spermatocyte"	"perfect match"	"SN253"	NA	5
"CTCCGATTCGAAGCAG"	""	"ERX6700411"	"ERP132578"	"testis"	"Elongated_spermatids"	NA	NA	NA	"CL:4030037"	"late spermatid"	"perfect match"	"SN253"	NA	1
"CTCCTCCAGCCGTCGT"	""	"ERX6700411"	"ERP132578"	"testis"	"Round_spermatids"	NA	NA	NA	"CL:4030036"	"early spermatid"	"perfect match"	"SN253"	NA	2
"CTCCTCCCAACACGTT"	""	"ERX6700411"	"ERP132578"	"testis"	"Round_spermatids"	NA	NA	NA	"CL:4030036"	"early spermatid"	"perfect match"	"SN253"	NA	2
"CTCCTCCGTAACCCTA"	""	"ERX6700411"	"ERP132578"	"testis"	"Round_spermatids"	NA	NA	NA	"CL:4030036"	"early spermatid"	"perfect match"	"SN253"	NA	2
"CTCCTTTAGACCTCAT"	""	"ERX6700411"	"ERP132578"	"testis"	"Spermatocytes"	NA	NA	NA	"CL:0000017"	"spermatocyte"	"perfect match"	"SN253"	NA	5
"CTCCTTTCAAACTCTG"	""	"ERX6700411"	"ERP132578"	"testis"	"Round_spermatids"	NA	NA	NA	"CL:4030036"	"early spermatid"	"perfect match"	"SN253"	NA	2
"CTCCTTTGTGGCTGAA"	""	"ERX6700411"	"ERP132578"	"testis"	"Spermatogonia"	NA	NA	NA	"CL:0000020"	"spermatogonium"	"perfect match"	"SN253"	NA	4
"CTCCTTTGTTGGACTT"	""	"ERX6700411"	"ERP132578"	"testis"	"Spermatocytes"	NA	NA	NA	"CL:0000017"	"spermatocyte"	"perfect match"	"SN253"	NA	5
"CTCCTTTTCCAAAGGG"	""	"ERX6700411"	"ERP132578"	"testis"	"Round_spermatids"	NA	NA	NA	"CL:4030036"	"early spermatid"	"perfect match"	"SN253"	NA	2
"CTCCTTTTCGAGTGGA"	""	"ERX6700411"	"ERP132578"	"testis"	"Spermatocytes"	NA	NA	NA	"CL:0000017"	"spermatocyte"	"perfect match"	"SN253"	NA	5
"CTCGAGGAGGTTGACG"	""	"ERX6700411"	"ERP132578"	"testis"	"Spermatocytes"	NA	NA	NA	"CL:0000017"	"spermatocyte"	"perfect match"	"SN253"	NA	5
"CTCGAGGAGTTGGACG"	""	"ERX6700411"	"ERP132578"	"testis"	"Other_somatic"	NA	NA	NA	"CL:0002371"	"somatic cell"	"perfect match"	"SN253"	NA	3
"CTCGAGGCACTGCACG"	""	"ERX6700411"	"ERP132578"	"testis"	"Spermatocytes"	NA	NA	NA	"CL:0000017"	"spermatocyte"	"perfect match"	"SN253"	NA	5
"CTCGAGGGTGAGCCAA"	""	"ERX6700411"	"ERP132578"	"testis"	"Round_spermatids"	NA	NA	NA	"CL:4030036"	"early spermatid"	"perfect match"	"SN253"	NA	2
"CTCGAGGTCTATCCAT"	""	"ERX6700411"	"ERP132578"	"testis"	"Round_spermatids"	NA	NA	NA	"CL:4030036"	"early spermatid"	"perfect match"	"SN253"	NA	2
"CTCGAGGTCTTCTAAC"	""	"ERX6700411"	"ERP132578"	"testis"	"Round_spermatids"	NA	NA	NA	"CL:4030036"	"early spermatid"	"perfect match"	"SN253"	NA	2
"CTCTCAGAGCAGAAAG"	""	"ERX6700411"	"ERP132578"	"testis"	"Round_spermatids"	NA	NA	NA	"CL:4030036"	"early spermatid"	"perfect match"	"SN253"	NA	2
"CTCTCAGAGGTCGACA"	""	"ERX6700411"	"ERP132578"	"testis"	"Spermatocytes"	NA	NA	NA	"CL:0000017"	"spermatocyte"	"perfect match"	"SN253"	NA	5
"CTCTCAGGTTCCCAAA"	""	"ERX6700411"	"ERP132578"	"testis"	"Elongated_spermatids"	NA	NA	NA	"CL:4030037"	"late spermatid"	"perfect match"	"SN253"	NA	1
"CTCTCAGTCCTAGCGG"	""	"ERX6700411"	"ERP132578"	"testis"	"Round_spermatids"	NA	NA	NA	"CL:4030036"	"early spermatid"	"perfect match"	"SN253"	NA	2
"CTCTCGAAGGTCGACA"	""	"ERX6700411"	"ERP132578"	"testis"	"Round_spermatids"	NA	NA	NA	"CL:4030036"	"early spermatid"	"perfect match"	"SN253"	NA	2
"CTCTCGACAAACAGGC"	""	"ERX6700411"	"ERP132578"	"testis"	"Round_spermatids"	NA	NA	NA	"CL:4030036"	"early spermatid"	"perfect match"	"SN253"	NA	2
"CTCTCGAGTATTAAGG"	""	"ERX6700411"	"ERP132578"	"testis"	"Round_spermatids"	NA	NA	NA	"CL:4030036"	"early spermatid"	"perfect match"	"SN253"	NA	2
"CTCTCGAGTTAGGGTG"	""	"ERX6700411"	"ERP132578"	"testis"	"Round_spermatids"	NA	NA	NA	"CL:4030036"	"early spermatid"	"perfect match"	"SN253"	NA	2
"CTCTCGATCATTACGG"	""	"ERX6700411"	"ERP132578"	"testis"	"Round_spermatids"	NA	NA	NA	"CL:4030036"	"early spermatid"	"perfect match"	"SN253"	NA	2
"CTCTCGATCGTGCATA"	""	"ERX6700411"	"ERP132578"	"testis"	"Round_spermatids"	NA	NA	NA	"CL:4030036"	"early spermatid"	"perfect match"	"SN253"	NA	2
"CTCTGGTAGGCTCTAT"	""	"ERX6700411"	"ERP132578"	"testis"	"Spermatocytes"	NA	NA	NA	"CL:0000017"	"spermatocyte"	"perfect match"	"SN253"	NA	5
"CTCTGGTGTAGTGGCA"	""	"ERX6700411"	"ERP132578"	"testis"	"Round_spermatids"	NA	NA	NA	"CL:4030036"	"early spermatid"	"perfect match"	"SN253"	NA	2
"CTGAATGCAAGGCTTT"	""	"ERX6700411"	"ERP132578"	"testis"	"Round_spermatids"	NA	NA	NA	"CL:4030036"	"early spermatid"	"perfect match"	"SN253"	NA	2
"CTGAATGGTACCGTGC"	""	"ERX6700411"	"ERP132578"	"testis"	"Round_spermatids"	NA	NA	NA	"CL:4030036"	"early spermatid"	"perfect match"	"SN253"	NA	2
"CTGAATGTCCGGCTTT"	""	"ERX6700411"	"ERP132578"	"testis"	"Round_spermatids"	NA	NA	NA	"CL:4030036"	"early spermatid"	"perfect match"	"SN253"	NA	2
"CTGAGCGCATGACACT"	""	"ERX6700411"	"ERP132578"	"testis"	"Spermatocytes"	NA	NA	NA	"CL:0000017"	"spermatocyte"	"perfect match"	"SN253"	NA	5
"CTGAGCGGTATATGGA"	""	"ERX6700411"	"ERP132578"	"testis"	"Elongated_spermatids"	NA	NA	NA	"CL:4030037"	"late spermatid"	"perfect match"	"SN253"	NA	1
"CTGAGCGGTCGAACGA"	""	"ERX6700411"	"ERP132578"	"testis"	"Round_spermatids"	NA	NA	NA	"CL:4030036"	"early spermatid"	"perfect match"	"SN253"	NA	2
"CTGAGCGGTGATCGTT"	""	"ERX6700411"	"ERP132578"	"testis"	"Elongated_spermatids"	NA	NA	NA	"CL:4030037"	"late spermatid"	"perfect match"	"SN253"	NA	1
"CTGAGCGGTGCCTATA"	""	"ERX6700411"	"ERP132578"	"testis"	"Spermatocytes"	NA	NA	NA	"CL:0000017"	"spermatocyte"	"perfect match"	"SN253"	NA	5
"CTGAGGCAGAGGTTAT"	""	"ERX6700411"	"ERP132578"	"testis"	"Elongated_spermatids"	NA	NA	NA	"CL:4030037"	"late spermatid"	"perfect match"	"SN253"	NA	1
"CTGAGGCCATTATGCG"	""	"ERX6700411"	"ERP132578"	"testis"	"Spermatocytes"	NA	NA	NA	"CL:0000017"	"spermatocyte"	"perfect match"	"SN253"	NA	5
"CTGAGGCGTACAGAGC"	""	"ERX6700411"	"ERP132578"	"testis"	"Round_spermatids"	NA	NA	NA	"CL:4030036"	"early spermatid"	"perfect match"	"SN253"	NA	2
"CTGAGGCTCACGTCCT"	""	"ERX6700411"	"ERP132578"	"testis"	"Other_somatic"	NA	NA	NA	"CL:0002371"	"somatic cell"	"perfect match"	"SN253"	NA	3
"CTGAGGCTCGACGACC"	""	"ERX6700411"	"ERP132578"	"testis"	"Spermatogonia"	NA	NA	NA	"CL:0000020"	"spermatogonium"	"perfect match"	"SN253"	NA	4
"CTGAGGCTCTAGCCAA"	""	"ERX6700411"	"ERP132578"	"testis"	"Spermatocytes"	NA	NA	NA	"CL:0000017"	"spermatocyte"	"perfect match"	"SN253"	NA	5
"CTGCAGGAGCTTCGTA"	""	"ERX6700411"	"ERP132578"	"testis"	"Spermatocytes"	NA	NA	NA	"CL:0000017"	"spermatocyte"	"perfect match"	"SN253"	NA	5
"CTGCAGGCACTTCATT"	""	"ERX6700411"	"ERP132578"	"testis"	"Round_spermatids"	NA	NA	NA	"CL:4030036"	"early spermatid"	"perfect match"	"SN253"	NA	2
"CTGCAGGCAGCTGAAG"	""	"ERX6700411"	"ERP132578"	"testis"	"Spermatocytes"	NA	NA	NA	"CL:0000017"	"spermatocyte"	"perfect match"	"SN253"	NA	5
"CTGCAGGCAGTTTGGT"	""	"ERX6700411"	"ERP132578"	"testis"	"Round_spermatids"	NA	NA	NA	"CL:4030036"	"early spermatid"	"perfect match"	"SN253"	NA	2
"CTGCAGGGTACTAGCT"	""	"ERX6700411"	"ERP132578"	"testis"	"Round_spermatids"	NA	NA	NA	"CL:4030036"	"early spermatid"	"perfect match"	"SN253"	NA	2
"CTGCAGGTCTGGCCAG"	""	"ERX6700411"	"ERP132578"	"testis"	"Spermatocytes"	NA	NA	NA	"CL:0000017"	"spermatocyte"	"perfect match"	"SN253"	NA	5
"CTGCATCAGACTCTTG"	""	"ERX6700411"	"ERP132578"	"testis"	"Elongated_spermatids"	NA	NA	NA	"CL:4030037"	"late spermatid"	"perfect match"	"SN253"	NA	1
"CTGCATCCAGCACAGA"	""	"ERX6700411"	"ERP132578"	"testis"	"Round_spermatids"	NA	NA	NA	"CL:4030036"	"early spermatid"	"perfect match"	"SN253"	NA	2
"CTGCATCCAGCTTCGG"	""	"ERX6700411"	"ERP132578"	"testis"	"Round_spermatids"	NA	NA	NA	"CL:4030036"	"early spermatid"	"perfect match"	"SN253"	NA	2
"CTGCATCTCGGCCTTT"	""	"ERX6700411"	"ERP132578"	"testis"	"Round_spermatids"	NA	NA	NA	"CL:4030036"	"early spermatid"	"perfect match"	"SN253"	NA	2
"CTGCCATAGTCCTACA"	""	"ERX6700411"	"ERP132578"	"testis"	"Round_spermatids"	NA	NA	NA	"CL:4030036"	"early spermatid"	"perfect match"	"SN253"	NA	2
"CTGCCATGTATGGTAA"	""	"ERX6700411"	"ERP132578"	"testis"	"Round_spermatids"	NA	NA	NA	"CL:4030036"	"early spermatid"	"perfect match"	"SN253"	NA	2
"CTGCCATGTCGCATGC"	""	"ERX6700411"	"ERP132578"	"testis"	"Round_spermatids"	NA	NA	NA	"CL:4030036"	"early spermatid"	"perfect match"	"SN253"	NA	2
"CTGCCATGTCTTTATC"	""	"ERX6700411"	"ERP132578"	"testis"	"Elongated_spermatids"	NA	NA	NA	"CL:4030037"	"late spermatid"	"perfect match"	"SN253"	NA	1
"CTGCCATTCTGTGTGA"	""	"ERX6700411"	"ERP132578"	"testis"	"Elongated_spermatids"	NA	NA	NA	"CL:4030037"	"late spermatid"	"perfect match"	"SN253"	NA	1
"CTGCCTACACTATCCC"	""	"ERX6700411"	"ERP132578"	"testis"	"Spermatocytes"	NA	NA	NA	"CL:0000017"	"spermatocyte"	"perfect match"	"SN253"	NA	5
"CTGCCTACAGCCTATA"	""	"ERX6700411"	"ERP132578"	"testis"	"Round_spermatids"	NA	NA	NA	"CL:4030036"	"early spermatid"	"perfect match"	"SN253"	NA	2
"CTGCCTACAGTGCGCT"	""	"ERX6700411"	"ERP132578"	"testis"	"Round_spermatids"	NA	NA	NA	"CL:4030036"	"early spermatid"	"perfect match"	"SN253"	NA	2
"CTGCCTAGTCTATGAC"	""	"ERX6700411"	"ERP132578"	"testis"	"Other_somatic"	NA	NA	NA	"CL:0002371"	"somatic cell"	"perfect match"	"SN253"	NA	3
"CTGCCTATCCATTCGC"	""	"ERX6700411"	"ERP132578"	"testis"	"Spermatocytes"	NA	NA	NA	"CL:0000017"	"spermatocyte"	"perfect match"	"SN253"	NA	5
"CTGCCTATCGTTCTGC"	""	"ERX6700411"	"ERP132578"	"testis"	"Round_spermatids"	NA	NA	NA	"CL:4030036"	"early spermatid"	"perfect match"	"SN253"	NA	2
"CTGCGAGAGACGAAGA"	""	"ERX6700411"	"ERP132578"	"testis"	"Spermatocytes"	NA	NA	NA	"CL:0000017"	"spermatocyte"	"perfect match"	"SN253"	NA	5
"CTGCGAGAGCACTTTG"	""	"ERX6700411"	"ERP132578"	"testis"	"Elongated_spermatids"	NA	NA	NA	"CL:4030037"	"late spermatid"	"perfect match"	"SN253"	NA	1
"CTGCGAGAGTACGAGC"	""	"ERX6700411"	"ERP132578"	"testis"	"Round_spermatids"	NA	NA	NA	"CL:4030036"	"early spermatid"	"perfect match"	"SN253"	NA	2
"CTGCTCAGTGGTAACG"	""	"ERX6700411"	"ERP132578"	"testis"	"Elongated_spermatids"	NA	NA	NA	"CL:4030037"	"late spermatid"	"perfect match"	"SN253"	NA	1
"CTGCTCATCATAAGGA"	""	"ERX6700411"	"ERP132578"	"testis"	"Elongated_spermatids"	NA	NA	NA	"CL:4030037"	"late spermatid"	"perfect match"	"SN253"	NA	1
"CTGCTCATCATGAGAA"	""	"ERX6700411"	"ERP132578"	"testis"	"Round_spermatids"	NA	NA	NA	"CL:4030036"	"early spermatid"	"perfect match"	"SN253"	NA	2
"CTGGACGCAAGAGTTA"	""	"ERX6700411"	"ERP132578"	"testis"	"Spermatogonia"	NA	NA	NA	"CL:0000020"	"spermatogonium"	"perfect match"	"SN253"	NA	4
"CTGGCAGCACGCGCAT"	""	"ERX6700411"	"ERP132578"	"testis"	"Elongated_spermatids"	NA	NA	NA	"CL:4030037"	"late spermatid"	"perfect match"	"SN253"	NA	1
"CTGGCAGGTCACAATC"	""	"ERX6700411"	"ERP132578"	"testis"	"Round_spermatids"	NA	NA	NA	"CL:4030036"	"early spermatid"	"perfect match"	"SN253"	NA	2
"CTGGCAGGTTTGAACC"	""	"ERX6700411"	"ERP132578"	"testis"	"Round_spermatids"	NA	NA	NA	"CL:4030036"	"early spermatid"	"perfect match"	"SN253"	NA	2
"CTGGCAGTCCTAAGTG"	""	"ERX6700411"	"ERP132578"	"testis"	"Elongated_spermatids"	NA	NA	NA	"CL:4030037"	"late spermatid"	"perfect match"	"SN253"	NA	1
"CTGGCAGTCTGGTGGC"	""	"ERX6700411"	"ERP132578"	"testis"	"Round_spermatids"	NA	NA	NA	"CL:4030036"	"early spermatid"	"perfect match"	"SN253"	NA	2
"CTGGTCTCAGGCTACC"	""	"ERX6700411"	"ERP132578"	"testis"	"Elongated_spermatids"	NA	NA	NA	"CL:4030037"	"late spermatid"	"perfect match"	"SN253"	NA	1
"CTGGTCTCAGTTTGGT"	""	"ERX6700411"	"ERP132578"	"testis"	"Spermatocytes"	NA	NA	NA	"CL:0000017"	"spermatocyte"	"perfect match"	"SN253"	NA	5
"CTGTACCAGCTGTTAC"	""	"ERX6700411"	"ERP132578"	"testis"	"Spermatocytes"	NA	NA	NA	"CL:0000017"	"spermatocyte"	"perfect match"	"SN253"	NA	5
"CTGTACCAGGATACAT"	""	"ERX6700411"	"ERP132578"	"testis"	"Round_spermatids"	NA	NA	NA	"CL:4030036"	"early spermatid"	"perfect match"	"SN253"	NA	2
"CTGTACCAGGCACCAA"	""	"ERX6700411"	"ERP132578"	"testis"	"Spermatogonia"	NA	NA	NA	"CL:0000020"	"spermatogonium"	"perfect match"	"SN253"	NA	4
"CTGTACCCATAGGTAA"	""	"ERX6700411"	"ERP132578"	"testis"	"Spermatocytes"	NA	NA	NA	"CL:0000017"	"spermatocyte"	"perfect match"	"SN253"	NA	5
"CTGTACCTCCCGAGAC"	""	"ERX6700411"	"ERP132578"	"testis"	"Round_spermatids"	NA	NA	NA	"CL:4030036"	"early spermatid"	"perfect match"	"SN253"	NA	2
"CTGTACCTCTGTGCTC"	""	"ERX6700411"	"ERP132578"	"testis"	"Spermatocytes"	NA	NA	NA	"CL:0000017"	"spermatocyte"	"perfect match"	"SN253"	NA	5
"CTGTAGATCACCGACG"	""	"ERX6700411"	"ERP132578"	"testis"	"Elongated_spermatids"	NA	NA	NA	"CL:4030037"	"late spermatid"	"perfect match"	"SN253"	NA	1
"CTGTATTAGATAGTCA"	""	"ERX6700411"	"ERP132578"	"testis"	"Elongated_spermatids"	NA	NA	NA	"CL:4030037"	"late spermatid"	"perfect match"	"SN253"	NA	1
"CTGTATTGTCTAGTGT"	""	"ERX6700411"	"ERP132578"	"testis"	"Elongated_spermatids"	NA	NA	NA	"CL:4030037"	"late spermatid"	"perfect match"	"SN253"	NA	1
"CTGTATTTCCTCTAGC"	""	"ERX6700411"	"ERP132578"	"testis"	"Round_spermatids"	NA	NA	NA	"CL:4030036"	"early spermatid"	"perfect match"	"SN253"	NA	2
"CTGTATTTCGCCATAA"	""	"ERX6700411"	"ERP132578"	"testis"	"Elongated_spermatids"	NA	NA	NA	"CL:4030037"	"late spermatid"	"perfect match"	"SN253"	NA	1
"CTGTCGTAGGGAGGCA"	""	"ERX6700411"	"ERP132578"	"testis"	"Spermatocytes"	NA	NA	NA	"CL:0000017"	"spermatocyte"	"perfect match"	"SN253"	NA	5
"CTGTCGTAGTTGTACC"	""	"ERX6700411"	"ERP132578"	"testis"	"Elongated_spermatids"	NA	NA	NA	"CL:4030037"	"late spermatid"	"perfect match"	"SN253"	NA	1
"CTGTCGTCATCGCTAA"	""	"ERX6700411"	"ERP132578"	"testis"	"Spermatocytes"	NA	NA	NA	"CL:0000017"	"spermatocyte"	"perfect match"	"SN253"	NA	5
"CTGTCGTTCGATTGGT"	""	"ERX6700411"	"ERP132578"	"testis"	"Round_spermatids"	NA	NA	NA	"CL:4030036"	"early spermatid"	"perfect match"	"SN253"	NA	2
"CTGTCGTTCTTAAGGC"	""	"ERX6700411"	"ERP132578"	"testis"	"Round_spermatids"	NA	NA	NA	"CL:4030036"	"early spermatid"	"perfect match"	"SN253"	NA	2
"CTGTGAACAACTGATC"	""	"ERX6700411"	"ERP132578"	"testis"	"Spermatocytes"	NA	NA	NA	"CL:0000017"	"spermatocyte"	"perfect match"	"SN253"	NA	5
"CTGTGAAGTTCTTGTT"	""	"ERX6700411"	"ERP132578"	"testis"	"Spermatocytes"	NA	NA	NA	"CL:0000017"	"spermatocyte"	"perfect match"	"SN253"	NA	5
"CTGTGAATCATCCTAT"	""	"ERX6700411"	"ERP132578"	"testis"	"Round_spermatids"	NA	NA	NA	"CL:4030036"	"early spermatid"	"perfect match"	"SN253"	NA	2
"CTGTGGGAGAACTTCC"	""	"ERX6700411"	"ERP132578"	"testis"	"Round_spermatids"	NA	NA	NA	"CL:4030036"	"early spermatid"	"perfect match"	"SN253"	NA	2
"CTGTGGGCACCCTCTA"	""	"ERX6700411"	"ERP132578"	"testis"	"Round_spermatids"	NA	NA	NA	"CL:4030036"	"early spermatid"	"perfect match"	"SN253"	NA	2
"CTGTGGGGTCGTTGGC"	""	"ERX6700411"	"ERP132578"	"testis"	"Other_somatic"	NA	NA	NA	"CL:0002371"	"somatic cell"	"perfect match"	"SN253"	NA	3
"CTGTGGGTCTGCCCTA"	""	"ERX6700411"	"ERP132578"	"testis"	"Spermatocytes"	NA	NA	NA	"CL:0000017"	"spermatocyte"	"perfect match"	"SN253"	NA	5
"CTTACCGAGAATTCAG"	""	"ERX6700411"	"ERP132578"	"testis"	"Round_spermatids"	NA	NA	NA	"CL:4030036"	"early spermatid"	"perfect match"	"SN253"	NA	2
"CTTACCGTCCCGTTGT"	""	"ERX6700411"	"ERP132578"	"testis"	"Round_spermatids"	NA	NA	NA	"CL:4030036"	"early spermatid"	"perfect match"	"SN253"	NA	2
"CTTAGGAAGACGTCGA"	""	"ERX6700411"	"ERP132578"	"testis"	"Round_spermatids"	NA	NA	NA	"CL:4030036"	"early spermatid"	"perfect match"	"SN253"	NA	2
"CTTAGGAAGTTTCTTC"	""	"ERX6700411"	"ERP132578"	"testis"	"Round_spermatids"	NA	NA	NA	"CL:4030036"	"early spermatid"	"perfect match"	"SN253"	NA	2
"CTTAGGAGTTGTCCCT"	""	"ERX6700411"	"ERP132578"	"testis"	"Round_spermatids"	NA	NA	NA	"CL:4030036"	"early spermatid"	"perfect match"	"SN253"	NA	2
"CTTCAATGTCTGCATA"	""	"ERX6700411"	"ERP132578"	"testis"	"Spermatocytes"	NA	NA	NA	"CL:0000017"	"spermatocyte"	"perfect match"	"SN253"	NA	5
"CTTCAATGTGGTGATG"	""	"ERX6700411"	"ERP132578"	"testis"	"Spermatogonia"	NA	NA	NA	"CL:0000020"	"spermatogonium"	"perfect match"	"SN253"	NA	4
"CTTCAATTCCTCAGAA"	""	"ERX6700411"	"ERP132578"	"testis"	"Spermatogonia"	NA	NA	NA	"CL:0000020"	"spermatogonium"	"perfect match"	"SN253"	NA	4
"CTTCAATTCTCTGACC"	""	"ERX6700411"	"ERP132578"	"testis"	"Spermatogonia"	NA	NA	NA	"CL:0000020"	"spermatogonium"	"perfect match"	"SN253"	NA	4
"CTTCAATTCTTCGGTC"	""	"ERX6700411"	"ERP132578"	"testis"	"Round_spermatids"	NA	NA	NA	"CL:4030036"	"early spermatid"	"perfect match"	"SN253"	NA	2
"CTTCCGAAGAGATTCA"	""	"ERX6700411"	"ERP132578"	"testis"	"Round_spermatids"	NA	NA	NA	"CL:4030036"	"early spermatid"	"perfect match"	"SN253"	NA	2
"CTTCCGACATTCCTCG"	""	"ERX6700411"	"ERP132578"	"testis"	"Spermatocytes"	NA	NA	NA	"CL:0000017"	"spermatocyte"	"perfect match"	"SN253"	NA	5
"CTTCCGAGTGAATTAG"	""	"ERX6700411"	"ERP132578"	"testis"	"Round_spermatids"	NA	NA	NA	"CL:4030036"	"early spermatid"	"perfect match"	"SN253"	NA	2
"CTTCCGATCATCCCGT"	""	"ERX6700411"	"ERP132578"	"testis"	"Round_spermatids"	NA	NA	NA	"CL:4030036"	"early spermatid"	"perfect match"	"SN253"	NA	2
"CTTCCGATCTCGCTCA"	""	"ERX6700411"	"ERP132578"	"testis"	"Round_spermatids"	NA	NA	NA	"CL:4030036"	"early spermatid"	"perfect match"	"SN253"	NA	2
"CTTCCGATCTTTCCGG"	""	"ERX6700411"	"ERP132578"	"testis"	"Round_spermatids"	NA	NA	NA	"CL:4030036"	"early spermatid"	"perfect match"	"SN253"	NA	2
"CTTCCTTCAGGATCTT"	""	"ERX6700411"	"ERP132578"	"testis"	"Round_spermatids"	NA	NA	NA	"CL:4030036"	"early spermatid"	"perfect match"	"SN253"	NA	2
"CTTCCTTTCATACGAC"	""	"ERX6700411"	"ERP132578"	"testis"	"Elongated_spermatids"	NA	NA	NA	"CL:4030037"	"late spermatid"	"perfect match"	"SN253"	NA	1
"CTTCCTTTCATTCGGA"	""	"ERX6700411"	"ERP132578"	"testis"	"Round_spermatids"	NA	NA	NA	"CL:4030036"	"early spermatid"	"perfect match"	"SN253"	NA	2
"CTTCCTTTCTCATTAC"	""	"ERX6700411"	"ERP132578"	"testis"	"Round_spermatids"	NA	NA	NA	"CL:4030036"	"early spermatid"	"perfect match"	"SN253"	NA	2
"CTTCGGTAGTGGTCAG"	""	"ERX6700411"	"ERP132578"	"testis"	"Spermatocytes"	NA	NA	NA	"CL:0000017"	"spermatocyte"	"perfect match"	"SN253"	NA	5
"CTTCGGTCAGGTCAGA"	""	"ERX6700411"	"ERP132578"	"testis"	"Spermatocytes"	NA	NA	NA	"CL:0000017"	"spermatocyte"	"perfect match"	"SN253"	NA	5
"CTTCGGTGTCCGGTCA"	""	"ERX6700411"	"ERP132578"	"testis"	"Elongated_spermatids"	NA	NA	NA	"CL:4030037"	"late spermatid"	"perfect match"	"SN253"	NA	1
"CTTCTAAAGCACTCTA"	""	"ERX6700411"	"ERP132578"	"testis"	"Spermatogonia"	NA	NA	NA	"CL:0000020"	"spermatogonium"	"perfect match"	"SN253"	NA	4
"CTTCTAAAGCTATCTG"	""	"ERX6700411"	"ERP132578"	"testis"	"Spermatocytes"	NA	NA	NA	"CL:0000017"	"spermatocyte"	"perfect match"	"SN253"	NA	5
"CTTCTAAAGGTTAAAC"	""	"ERX6700411"	"ERP132578"	"testis"	"Spermatocytes"	NA	NA	NA	"CL:0000017"	"spermatocyte"	"perfect match"	"SN253"	NA	5
"CTTCTAATCCAACACA"	""	"ERX6700411"	"ERP132578"	"testis"	"Spermatogonia"	NA	NA	NA	"CL:0000020"	"spermatogonium"	"perfect match"	"SN253"	NA	4
"CTTCTCTAGCGTGCTC"	""	"ERX6700411"	"ERP132578"	"testis"	"Round_spermatids"	NA	NA	NA	"CL:4030036"	"early spermatid"	"perfect match"	"SN253"	NA	2
"CTTCTCTAGGCCCAAA"	""	"ERX6700411"	"ERP132578"	"testis"	"Round_spermatids"	NA	NA	NA	"CL:4030036"	"early spermatid"	"perfect match"	"SN253"	NA	2
"CTTCTCTAGGGAGTGG"	""	"ERX6700411"	"ERP132578"	"testis"	"Round_spermatids"	NA	NA	NA	"CL:4030036"	"early spermatid"	"perfect match"	"SN253"	NA	2
"CTTCTCTCACTATCGA"	""	"ERX6700411"	"ERP132578"	"testis"	"Round_spermatids"	NA	NA	NA	"CL:4030036"	"early spermatid"	"perfect match"	"SN253"	NA	2
"CTTCTCTCATAAGATG"	""	"ERX6700411"	"ERP132578"	"testis"	"Elongated_spermatids"	NA	NA	NA	"CL:4030037"	"late spermatid"	"perfect match"	"SN253"	NA	1
"CTTCTCTGTACGTTCA"	""	"ERX6700411"	"ERP132578"	"testis"	"Elongated_spermatids"	NA	NA	NA	"CL:4030037"	"late spermatid"	"perfect match"	"SN253"	NA	1
"CTTCTCTGTCGAAGCA"	""	"ERX6700411"	"ERP132578"	"testis"	"Round_spermatids"	NA	NA	NA	"CL:4030036"	"early spermatid"	"perfect match"	"SN253"	NA	2
"CTTCTCTTCTTGGTGA"	""	"ERX6700411"	"ERP132578"	"testis"	"Spermatogonia"	NA	NA	NA	"CL:0000020"	"spermatogonium"	"perfect match"	"SN253"	NA	4
"CTTGAGAAGCATGGGT"	""	"ERX6700411"	"ERP132578"	"testis"	"Spermatogonia"	NA	NA	NA	"CL:0000020"	"spermatogonium"	"perfect match"	"SN253"	NA	4
"CTTGAGACAAGGCTTT"	""	"ERX6700411"	"ERP132578"	"testis"	"Elongated_spermatids"	NA	NA	NA	"CL:4030037"	"late spermatid"	"perfect match"	"SN253"	NA	1
"CTTGAGAGTACCTATG"	""	"ERX6700411"	"ERP132578"	"testis"	"Round_spermatids"	NA	NA	NA	"CL:4030036"	"early spermatid"	"perfect match"	"SN253"	NA	2
"CTTGAGAGTAGCACGA"	""	"ERX6700411"	"ERP132578"	"testis"	"Spermatocytes"	NA	NA	NA	"CL:0000017"	"spermatocyte"	"perfect match"	"SN253"	NA	5
"CTTGATTCATTGACAC"	""	"ERX6700411"	"ERP132578"	"testis"	"Round_spermatids"	NA	NA	NA	"CL:4030036"	"early spermatid"	"perfect match"	"SN253"	NA	2
"CTTGATTTCGTACCTC"	""	"ERX6700411"	"ERP132578"	"testis"	"Round_spermatids"	NA	NA	NA	"CL:4030036"	"early spermatid"	"perfect match"	"SN253"	NA	2
"CTTTCAACACTAGGCC"	""	"ERX6700411"	"ERP132578"	"testis"	"Spermatocytes"	NA	NA	NA	"CL:0000017"	"spermatocyte"	"perfect match"	"SN253"	NA	5
"CTTTCAACACTAGTAC"	""	"ERX6700411"	"ERP132578"	"testis"	"Round_spermatids"	NA	NA	NA	"CL:4030036"	"early spermatid"	"perfect match"	"SN253"	NA	2
"CTTTCAAGTCGTGGAA"	""	"ERX6700411"	"ERP132578"	"testis"	"Spermatogonia"	NA	NA	NA	"CL:0000020"	"spermatogonium"	"perfect match"	"SN253"	NA	4
"CTTTCGGAGCATCTTG"	""	"ERX6700411"	"ERP132578"	"testis"	"Round_spermatids"	NA	NA	NA	"CL:4030036"	"early spermatid"	"perfect match"	"SN253"	NA	2
"CTTTCGGAGCTGGTGA"	""	"ERX6700411"	"ERP132578"	"testis"	"Round_spermatids"	NA	NA	NA	"CL:4030036"	"early spermatid"	"perfect match"	"SN253"	NA	2
"CTTTCGGCAGCGGTCT"	""	"ERX6700411"	"ERP132578"	"testis"	"Elongated_spermatids"	NA	NA	NA	"CL:4030037"	"late spermatid"	"perfect match"	"SN253"	NA	1
"CTTTCGGGTCCAAGAG"	""	"ERX6700411"	"ERP132578"	"testis"	"Spermatogonia"	NA	NA	NA	"CL:0000020"	"spermatogonium"	"perfect match"	"SN253"	NA	4
"CTTTCGGGTTCTATCT"	""	"ERX6700411"	"ERP132578"	"testis"	"Spermatogonia"	NA	NA	NA	"CL:0000020"	"spermatogonium"	"perfect match"	"SN253"	NA	4
"CTTTCGGGTTGTTGAC"	""	"ERX6700411"	"ERP132578"	"testis"	"Elongated_spermatids"	NA	NA	NA	"CL:4030037"	"late spermatid"	"perfect match"	"SN253"	NA	1
"CTTTCGGTCGTAGTGT"	""	"ERX6700411"	"ERP132578"	"testis"	"Round_spermatids"	NA	NA	NA	"CL:4030036"	"early spermatid"	"perfect match"	"SN253"	NA	2
"GAAACCTCACATAGCT"	""	"ERX6700411"	"ERP132578"	"testis"	"Round_spermatids"	NA	NA	NA	"CL:4030036"	"early spermatid"	"perfect match"	"SN253"	NA	2
"GAAACCTCAGGGAATC"	""	"ERX6700411"	"ERP132578"	"testis"	"Other_somatic"	NA	NA	NA	"CL:0002371"	"somatic cell"	"perfect match"	"SN253"	NA	3
"GAAACCTGTCGAGTGA"	""	"ERX6700411"	"ERP132578"	"testis"	"Round_spermatids"	NA	NA	NA	"CL:4030036"	"early spermatid"	"perfect match"	"SN253"	NA	2
"GAAATGAAGGAGGGTG"	""	"ERX6700411"	"ERP132578"	"testis"	"Round_spermatids"	NA	NA	NA	"CL:4030036"	"early spermatid"	"perfect match"	"SN253"	NA	2
"GAAATGAAGTCCGCCA"	""	"ERX6700411"	"ERP132578"	"testis"	"Elongated_spermatids"	NA	NA	NA	"CL:4030037"	"late spermatid"	"perfect match"	"SN253"	NA	1
"GAAATGACAAGGTCAG"	""	"ERX6700411"	"ERP132578"	"testis"	"Spermatogonia"	NA	NA	NA	"CL:0000020"	"spermatogonium"	"perfect match"	"SN253"	NA	4
"GAAATGAGTCGAGCAA"	""	"ERX6700411"	"ERP132578"	"testis"	"Elongated_spermatids"	NA	NA	NA	"CL:4030037"	"late spermatid"	"perfect match"	"SN253"	NA	1
"GAAATGAGTCGCAACC"	""	"ERX6700411"	"ERP132578"	"testis"	"Round_spermatids"	NA	NA	NA	"CL:4030036"	"early spermatid"	"perfect match"	"SN253"	NA	2
"GAACACTAGAGTGACC"	""	"ERX6700411"	"ERP132578"	"testis"	"Elongated_spermatids"	NA	NA	NA	"CL:4030037"	"late spermatid"	"perfect match"	"SN253"	NA	1
"GAACACTAGAGTGTTA"	""	"ERX6700411"	"ERP132578"	"testis"	"Spermatocytes"	NA	NA	NA	"CL:0000017"	"spermatocyte"	"perfect match"	"SN253"	NA	5
"GAACACTTCGAAGCAG"	""	"ERX6700411"	"ERP132578"	"testis"	"Spermatocytes"	NA	NA	NA	"CL:0000017"	"spermatocyte"	"perfect match"	"SN253"	NA	5
"GAACACTTCGCGTTTC"	""	"ERX6700411"	"ERP132578"	"testis"	"Round_spermatids"	NA	NA	NA	"CL:4030036"	"early spermatid"	"perfect match"	"SN253"	NA	2
"GAACTGTAGTGGATAT"	""	"ERX6700411"	"ERP132578"	"testis"	"Other_somatic"	NA	NA	NA	"CL:0002371"	"somatic cell"	"perfect match"	"SN253"	NA	3
"GAACTGTCAACCAGAG"	""	"ERX6700411"	"ERP132578"	"testis"	"Round_spermatids"	NA	NA	NA	"CL:4030036"	"early spermatid"	"perfect match"	"SN253"	NA	2
"GAACTGTCAGTCGGAA"	""	"ERX6700411"	"ERP132578"	"testis"	"Spermatocytes"	NA	NA	NA	"CL:0000017"	"spermatocyte"	"perfect match"	"SN253"	NA	5
"GAACTGTGTTCTATCT"	""	"ERX6700411"	"ERP132578"	"testis"	"Round_spermatids"	NA	NA	NA	"CL:4030036"	"early spermatid"	"perfect match"	"SN253"	NA	2
"GAAGAATAGTAAACTG"	""	"ERX6700411"	"ERP132578"	"testis"	"Round_spermatids"	NA	NA	NA	"CL:4030036"	"early spermatid"	"perfect match"	"SN253"	NA	2
"GAAGAATAGTTTCGAC"	""	"ERX6700411"	"ERP132578"	"testis"	"Spermatogonia"	NA	NA	NA	"CL:0000020"	"spermatogonium"	"perfect match"	"SN253"	NA	4
"GAAGCCCAGAGCGACT"	""	"ERX6700411"	"ERP132578"	"testis"	"Spermatocytes"	NA	NA	NA	"CL:0000017"	"spermatocyte"	"perfect match"	"SN253"	NA	5
"GAAGCCCCAGGACATG"	""	"ERX6700411"	"ERP132578"	"testis"	"Round_spermatids"	NA	NA	NA	"CL:4030036"	"early spermatid"	"perfect match"	"SN253"	NA	2
"GAAGCCCGTCTAACGT"	""	"ERX6700411"	"ERP132578"	"testis"	"Round_spermatids"	NA	NA	NA	"CL:4030036"	"early spermatid"	"perfect match"	"SN253"	NA	2
"GAAGCCCGTTAGGGAC"	""	"ERX6700411"	"ERP132578"	"testis"	"Other_somatic"	NA	NA	NA	"CL:0002371"	"somatic cell"	"perfect match"	"SN253"	NA	3
"GAAGCCCGTTCAGGTT"	""	"ERX6700411"	"ERP132578"	"testis"	"Round_spermatids"	NA	NA	NA	"CL:4030036"	"early spermatid"	"perfect match"	"SN253"	NA	2
"GAAGCCCTCGGTAACT"	""	"ERX6700411"	"ERP132578"	"testis"	"Elongated_spermatids"	NA	NA	NA	"CL:4030037"	"late spermatid"	"perfect match"	"SN253"	NA	1
"GAAGCGAAGGTAAACT"	""	"ERX6700411"	"ERP132578"	"testis"	"Round_spermatids"	NA	NA	NA	"CL:4030036"	"early spermatid"	"perfect match"	"SN253"	NA	2
"GAAGCGAGTTAGTCGT"	""	"ERX6700411"	"ERP132578"	"testis"	"Spermatocytes"	NA	NA	NA	"CL:0000017"	"spermatocyte"	"perfect match"	"SN253"	NA	5
"GAAGGACAGCTCGGCT"	""	"ERX6700411"	"ERP132578"	"testis"	"Round_spermatids"	NA	NA	NA	"CL:4030036"	"early spermatid"	"perfect match"	"SN253"	NA	2
"GAAGGGTAGCTAAATG"	""	"ERX6700411"	"ERP132578"	"testis"	"Elongated_spermatids"	NA	NA	NA	"CL:4030037"	"late spermatid"	"perfect match"	"SN253"	NA	1
"GAAGTAACATGAAAGT"	""	"ERX6700411"	"ERP132578"	"testis"	"Elongated_spermatids"	NA	NA	NA	"CL:4030037"	"late spermatid"	"perfect match"	"SN253"	NA	1
"GAAGTAAGTGGCTTAT"	""	"ERX6700411"	"ERP132578"	"testis"	"Round_spermatids"	NA	NA	NA	"CL:4030036"	"early spermatid"	"perfect match"	"SN253"	NA	2
"GAATAGAAGCTCTGTA"	""	"ERX6700411"	"ERP132578"	"testis"	"Spermatogonia"	NA	NA	NA	"CL:0000020"	"spermatogonium"	"perfect match"	"SN253"	NA	4
"GAATAGACAGAACATA"	""	"ERX6700411"	"ERP132578"	"testis"	"Spermatogonia"	NA	NA	NA	"CL:0000020"	"spermatogonium"	"perfect match"	"SN253"	NA	4
"GAATAGAGTCCATAGT"	""	"ERX6700411"	"ERP132578"	"testis"	"Spermatocytes"	NA	NA	NA	"CL:0000017"	"spermatocyte"	"perfect match"	"SN253"	NA	5
"GAATAGATCATTCACT"	""	"ERX6700411"	"ERP132578"	"testis"	"Round_spermatids"	NA	NA	NA	"CL:4030036"	"early spermatid"	"perfect match"	"SN253"	NA	2
"GAATCACAGACCATGG"	""	"ERX6700411"	"ERP132578"	"testis"	"Round_spermatids"	NA	NA	NA	"CL:4030036"	"early spermatid"	"perfect match"	"SN253"	NA	2
"GAATCACCACTAGAGG"	""	"ERX6700411"	"ERP132578"	"testis"	"Round_spermatids"	NA	NA	NA	"CL:4030036"	"early spermatid"	"perfect match"	"SN253"	NA	2
"GAATCACCAGCAAGAC"	""	"ERX6700411"	"ERP132578"	"testis"	"Round_spermatids"	NA	NA	NA	"CL:4030036"	"early spermatid"	"perfect match"	"SN253"	NA	2
"GAATCACCATTGAAAG"	""	"ERX6700411"	"ERP132578"	"testis"	"Spermatocytes"	NA	NA	NA	"CL:0000017"	"spermatocyte"	"perfect match"	"SN253"	NA	5
"GAATCACGTCTTCTAT"	""	"ERX6700411"	"ERP132578"	"testis"	"Spermatogonia"	NA	NA	NA	"CL:0000020"	"spermatogonium"	"perfect match"	"SN253"	NA	4
"GAATCACGTCTTTCAT"	""	"ERX6700411"	"ERP132578"	"testis"	"Round_spermatids"	NA	NA	NA	"CL:4030036"	"early spermatid"	"perfect match"	"SN253"	NA	2
"GAATCGTGTTGCAAGG"	""	"ERX6700411"	"ERP132578"	"testis"	"Elongated_spermatids"	NA	NA	NA	"CL:4030037"	"late spermatid"	"perfect match"	"SN253"	NA	1
"GAATCGTTCTCGCCTA"	""	"ERX6700411"	"ERP132578"	"testis"	"Spermatocytes"	NA	NA	NA	"CL:0000017"	"spermatocyte"	"perfect match"	"SN253"	NA	5
"GACACGCAGACGATAT"	""	"ERX6700411"	"ERP132578"	"testis"	"Elongated_spermatids"	NA	NA	NA	"CL:4030037"	"late spermatid"	"perfect match"	"SN253"	NA	1
"GACACGCAGTCCGTCG"	""	"ERX6700411"	"ERP132578"	"testis"	"Elongated_spermatids"	NA	NA	NA	"CL:4030037"	"late spermatid"	"perfect match"	"SN253"	NA	1
"GACACGCAGTCGCTAT"	""	"ERX6700411"	"ERP132578"	"testis"	"Spermatocytes"	NA	NA	NA	"CL:0000017"	"spermatocyte"	"perfect match"	"SN253"	NA	5
"GACACGCGTCCAATCA"	""	"ERX6700411"	"ERP132578"	"testis"	"Round_spermatids"	NA	NA	NA	"CL:4030036"	"early spermatid"	"perfect match"	"SN253"	NA	2
"GACAGCCAGTATGATG"	""	"ERX6700411"	"ERP132578"	"testis"	"Elongated_spermatids"	NA	NA	NA	"CL:4030037"	"late spermatid"	"perfect match"	"SN253"	NA	1
"GACAGCCCAATTAGGA"	""	"ERX6700411"	"ERP132578"	"testis"	"Round_spermatids"	NA	NA	NA	"CL:4030036"	"early spermatid"	"perfect match"	"SN253"	NA	2
"GACAGCCCACTTCCTG"	""	"ERX6700411"	"ERP132578"	"testis"	"Spermatocytes"	NA	NA	NA	"CL:0000017"	"spermatocyte"	"perfect match"	"SN253"	NA	5
"GACATCAAGAAGGCTC"	""	"ERX6700411"	"ERP132578"	"testis"	"Elongated_spermatids"	NA	NA	NA	"CL:4030037"	"late spermatid"	"perfect match"	"SN253"	NA	1
"GACATCAAGGAACTCG"	""	"ERX6700411"	"ERP132578"	"testis"	"Spermatogonia"	NA	NA	NA	"CL:0000020"	"spermatogonium"	"perfect match"	"SN253"	NA	4
"GACATCAGTACCATAC"	""	"ERX6700411"	"ERP132578"	"testis"	"Round_spermatids"	NA	NA	NA	"CL:4030036"	"early spermatid"	"perfect match"	"SN253"	NA	2
"GACATCATCCACTTCG"	""	"ERX6700411"	"ERP132578"	"testis"	"Spermatocytes"	NA	NA	NA	"CL:0000017"	"spermatocyte"	"perfect match"	"SN253"	NA	5
"GACCAATCAGCTGTTA"	""	"ERX6700411"	"ERP132578"	"testis"	"Round_spermatids"	NA	NA	NA	"CL:4030036"	"early spermatid"	"perfect match"	"SN253"	NA	2
"GACCAATCATACAGAA"	""	"ERX6700411"	"ERP132578"	"testis"	"Elongated_spermatids"	NA	NA	NA	"CL:4030037"	"late spermatid"	"perfect match"	"SN253"	NA	1
"GACCAATTCGGTGTAT"	""	"ERX6700411"	"ERP132578"	"testis"	"Round_spermatids"	NA	NA	NA	"CL:4030036"	"early spermatid"	"perfect match"	"SN253"	NA	2
"GACCCAGCATCGTCCT"	""	"ERX6700411"	"ERP132578"	"testis"	"Elongated_spermatids"	NA	NA	NA	"CL:4030037"	"late spermatid"	"perfect match"	"SN253"	NA	1
"GACCCAGTCAGCGCAC"	""	"ERX6700411"	"ERP132578"	"testis"	"Round_spermatids"	NA	NA	NA	"CL:4030036"	"early spermatid"	"perfect match"	"SN253"	NA	2
"GACCCTTAGTCAGAGC"	""	"ERX6700411"	"ERP132578"	"testis"	"Spermatocytes"	NA	NA	NA	"CL:0000017"	"spermatocyte"	"perfect match"	"SN253"	NA	5
"GACCCTTTCGATACGT"	""	"ERX6700411"	"ERP132578"	"testis"	"Spermatocytes"	NA	NA	NA	"CL:0000017"	"spermatocyte"	"perfect match"	"SN253"	NA	5
"GACCGTGAGCACGATG"	""	"ERX6700411"	"ERP132578"	"testis"	"Spermatocytes"	NA	NA	NA	"CL:0000017"	"spermatocyte"	"perfect match"	"SN253"	NA	5
"GACCGTGAGCTACGTT"	""	"ERX6700411"	"ERP132578"	"testis"	"Spermatocytes"	NA	NA	NA	"CL:0000017"	"spermatocyte"	"perfect match"	"SN253"	NA	5
"GACCGTGCACAAATCC"	""	"ERX6700411"	"ERP132578"	"testis"	"Round_spermatids"	NA	NA	NA	"CL:4030036"	"early spermatid"	"perfect match"	"SN253"	NA	2
"GACCGTGCAGAACGCA"	""	"ERX6700411"	"ERP132578"	"testis"	"Round_spermatids"	NA	NA	NA	"CL:4030036"	"early spermatid"	"perfect match"	"SN253"	NA	2
"GACCGTGCAGGTTCCG"	""	"ERX6700411"	"ERP132578"	"testis"	"Round_spermatids"	NA	NA	NA	"CL:4030036"	"early spermatid"	"perfect match"	"SN253"	NA	2
"GACCGTGTCAGCCTTC"	""	"ERX6700411"	"ERP132578"	"testis"	"Elongated_spermatids"	NA	NA	NA	"CL:4030037"	"late spermatid"	"perfect match"	"SN253"	NA	1
"GACCGTGTCCGTGTAA"	""	"ERX6700411"	"ERP132578"	"testis"	"Elongated_spermatids"	NA	NA	NA	"CL:4030037"	"late spermatid"	"perfect match"	"SN253"	NA	1
"GACCGTGTCTGGGAGA"	""	"ERX6700411"	"ERP132578"	"testis"	"Round_spermatids"	NA	NA	NA	"CL:4030036"	"early spermatid"	"perfect match"	"SN253"	NA	2
"GACCTTCCATGGAATA"	""	"ERX6700411"	"ERP132578"	"testis"	"Spermatocytes"	NA	NA	NA	"CL:0000017"	"spermatocyte"	"perfect match"	"SN253"	NA	5
"GACCTTCCATTGCTTT"	""	"ERX6700411"	"ERP132578"	"testis"	"Elongated_spermatids"	NA	NA	NA	"CL:4030037"	"late spermatid"	"perfect match"	"SN253"	NA	1
"GACCTTCGTATGCAAA"	""	"ERX6700411"	"ERP132578"	"testis"	"Round_spermatids"	NA	NA	NA	"CL:4030036"	"early spermatid"	"perfect match"	"SN253"	NA	2
"GACCTTCTCCATGATG"	""	"ERX6700411"	"ERP132578"	"testis"	"Spermatogonia"	NA	NA	NA	"CL:0000020"	"spermatogonium"	"perfect match"	"SN253"	NA	4
"GACGCTGAGCAGATAT"	""	"ERX6700411"	"ERP132578"	"testis"	"Spermatocytes"	NA	NA	NA	"CL:0000017"	"spermatocyte"	"perfect match"	"SN253"	NA	5
"GACGCTGAGGGACCAT"	""	"ERX6700411"	"ERP132578"	"testis"	"Round_spermatids"	NA	NA	NA	"CL:4030036"	"early spermatid"	"perfect match"	"SN253"	NA	2
"GACGCTGCACCAGTTA"	""	"ERX6700411"	"ERP132578"	"testis"	"Round_spermatids"	NA	NA	NA	"CL:4030036"	"early spermatid"	"perfect match"	"SN253"	NA	2
"GACGCTGGTACGGGAT"	""	"ERX6700411"	"ERP132578"	"testis"	"Elongated_spermatids"	NA	NA	NA	"CL:4030037"	"late spermatid"	"perfect match"	"SN253"	NA	1
"GACGTTACAACTTGGT"	""	"ERX6700411"	"ERP132578"	"testis"	"Spermatogonia"	NA	NA	NA	"CL:0000020"	"spermatogonium"	"perfect match"	"SN253"	NA	4
"GACGTTATCATTTGTC"	""	"ERX6700411"	"ERP132578"	"testis"	"Round_spermatids"	NA	NA	NA	"CL:4030036"	"early spermatid"	"perfect match"	"SN253"	NA	2
"GACTATGAGAGGGCGA"	""	"ERX6700411"	"ERP132578"	"testis"	"Spermatocytes"	NA	NA	NA	"CL:0000017"	"spermatocyte"	"perfect match"	"SN253"	NA	5
"GACTATGAGTATCCTG"	""	"ERX6700411"	"ERP132578"	"testis"	"Spermatocytes"	NA	NA	NA	"CL:0000017"	"spermatocyte"	"perfect match"	"SN253"	NA	5
"GACTATGAGTGGATAT"	""	"ERX6700411"	"ERP132578"	"testis"	"Spermatocytes"	NA	NA	NA	"CL:0000017"	"spermatocyte"	"perfect match"	"SN253"	NA	5
"GACTATGCATAACCCA"	""	"ERX6700411"	"ERP132578"	"testis"	"Round_spermatids"	NA	NA	NA	"CL:4030036"	"early spermatid"	"perfect match"	"SN253"	NA	2
"GACTATGCATGTGGTT"	""	"ERX6700411"	"ERP132578"	"testis"	"Round_spermatids"	NA	NA	NA	"CL:4030036"	"early spermatid"	"perfect match"	"SN253"	NA	2
"GACTATGTCCAACCAA"	""	"ERX6700411"	"ERP132578"	"testis"	"Round_spermatids"	NA	NA	NA	"CL:4030036"	"early spermatid"	"perfect match"	"SN253"	NA	2
"GACTCAAAGGAAGTAG"	""	"ERX6700411"	"ERP132578"	"testis"	"Round_spermatids"	NA	NA	NA	"CL:4030036"	"early spermatid"	"perfect match"	"SN253"	NA	2
"GACTCAAGTTCTAACG"	""	"ERX6700411"	"ERP132578"	"testis"	"Spermatocytes"	NA	NA	NA	"CL:0000017"	"spermatocyte"	"perfect match"	"SN253"	NA	5
"GACTCAATCTGAGGCC"	""	"ERX6700411"	"ERP132578"	"testis"	"Spermatogonia"	NA	NA	NA	"CL:0000020"	"spermatogonium"	"perfect match"	"SN253"	NA	4
"GACTCTCAGACAAGCC"	""	"ERX6700411"	"ERP132578"	"testis"	"Spermatocytes"	NA	NA	NA	"CL:0000017"	"spermatocyte"	"perfect match"	"SN253"	NA	5
"GACTCTCAGGCCCGTT"	""	"ERX6700411"	"ERP132578"	"testis"	"Elongated_spermatids"	NA	NA	NA	"CL:4030037"	"late spermatid"	"perfect match"	"SN253"	NA	1
"GACTCTCTCTGGTCAA"	""	"ERX6700411"	"ERP132578"	"testis"	"Round_spermatids"	NA	NA	NA	"CL:4030036"	"early spermatid"	"perfect match"	"SN253"	NA	2
"GACTGATCACTATCGA"	""	"ERX6700411"	"ERP132578"	"testis"	"Spermatocytes"	NA	NA	NA	"CL:0000017"	"spermatocyte"	"perfect match"	"SN253"	NA	5
"GACTGATCAGAGTTCT"	""	"ERX6700411"	"ERP132578"	"testis"	"Spermatocytes"	NA	NA	NA	"CL:0000017"	"spermatocyte"	"perfect match"	"SN253"	NA	5
"GACTGATTCCCTCTCC"	""	"ERX6700411"	"ERP132578"	"testis"	"Elongated_spermatids"	NA	NA	NA	"CL:4030037"	"late spermatid"	"perfect match"	"SN253"	NA	1
"GACTGATTCCGATGTA"	""	"ERX6700411"	"ERP132578"	"testis"	"Elongated_spermatids"	NA	NA	NA	"CL:4030037"	"late spermatid"	"perfect match"	"SN253"	NA	1
"GACTGATTCGATTGGT"	""	"ERX6700411"	"ERP132578"	"testis"	"Spermatocytes"	NA	NA	NA	"CL:0000017"	"spermatocyte"	"perfect match"	"SN253"	NA	5
"GACTTCCCAACGACAG"	""	"ERX6700411"	"ERP132578"	"testis"	"Elongated_spermatids"	NA	NA	NA	"CL:4030037"	"late spermatid"	"perfect match"	"SN253"	NA	1
"GACTTCCCAGTTGAAA"	""	"ERX6700411"	"ERP132578"	"testis"	"Spermatocytes"	NA	NA	NA	"CL:0000017"	"spermatocyte"	"perfect match"	"SN253"	NA	5
"GACTTCCGTCCCTGTT"	""	"ERX6700411"	"ERP132578"	"testis"	"Elongated_spermatids"	NA	NA	NA	"CL:4030037"	"late spermatid"	"perfect match"	"SN253"	NA	1
"GACTTCCGTCGTAATC"	""	"ERX6700411"	"ERP132578"	"testis"	"Elongated_spermatids"	NA	NA	NA	"CL:4030037"	"late spermatid"	"perfect match"	"SN253"	NA	1
"GACTTCCTCCGATAGT"	""	"ERX6700411"	"ERP132578"	"testis"	"Round_spermatids"	NA	NA	NA	"CL:4030036"	"early spermatid"	"perfect match"	"SN253"	NA	2
"GACTTCCTCGTTAGTG"	""	"ERX6700411"	"ERP132578"	"testis"	"Elongated_spermatids"	NA	NA	NA	"CL:4030037"	"late spermatid"	"perfect match"	"SN253"	NA	1
"GACTTCCTCTTTGGAG"	""	"ERX6700411"	"ERP132578"	"testis"	"Round_spermatids"	NA	NA	NA	"CL:4030036"	"early spermatid"	"perfect match"	"SN253"	NA	2
"GAGAAATGTGAGAGGG"	""	"ERX6700411"	"ERP132578"	"testis"	"Round_spermatids"	NA	NA	NA	"CL:4030036"	"early spermatid"	"perfect match"	"SN253"	NA	2
"GAGAAATGTTTCCAAG"	""	"ERX6700411"	"ERP132578"	"testis"	"Other_somatic"	NA	NA	NA	"CL:0002371"	"somatic cell"	"perfect match"	"SN253"	NA	3
"GAGAAATTCATTCATC"	""	"ERX6700411"	"ERP132578"	"testis"	"Round_spermatids"	NA	NA	NA	"CL:4030036"	"early spermatid"	"perfect match"	"SN253"	NA	2
"GAGACCCCAAGCCATT"	""	"ERX6700411"	"ERP132578"	"testis"	"Spermatocytes"	NA	NA	NA	"CL:0000017"	"spermatocyte"	"perfect match"	"SN253"	NA	5
"GAGACCCCACGTAACT"	""	"ERX6700411"	"ERP132578"	"testis"	"Round_spermatids"	NA	NA	NA	"CL:4030036"	"early spermatid"	"perfect match"	"SN253"	NA	2
"GAGACCCGTCTGTCCT"	""	"ERX6700411"	"ERP132578"	"testis"	"Spermatocytes"	NA	NA	NA	"CL:0000017"	"spermatocyte"	"perfect match"	"SN253"	NA	5
"GAGACCCGTTAAGTCC"	""	"ERX6700411"	"ERP132578"	"testis"	"Other_somatic"	NA	NA	NA	"CL:0002371"	"somatic cell"	"perfect match"	"SN253"	NA	3
"GAGACCCTCGCTGTTC"	""	"ERX6700411"	"ERP132578"	"testis"	"Elongated_spermatids"	NA	NA	NA	"CL:4030037"	"late spermatid"	"perfect match"	"SN253"	NA	1
"GAGACTTGTCTCTCTG"	""	"ERX6700411"	"ERP132578"	"testis"	"Round_spermatids"	NA	NA	NA	"CL:4030036"	"early spermatid"	"perfect match"	"SN253"	NA	2
"GAGAGGTAGTATCCTG"	""	"ERX6700411"	"ERP132578"	"testis"	"Elongated_spermatids"	NA	NA	NA	"CL:4030037"	"late spermatid"	"perfect match"	"SN253"	NA	1
"GAGAGGTCATTCCTCG"	""	"ERX6700411"	"ERP132578"	"testis"	"Spermatocytes"	NA	NA	NA	"CL:0000017"	"spermatocyte"	"perfect match"	"SN253"	NA	5
"GAGAGGTCATTGAGCT"	""	"ERX6700411"	"ERP132578"	"testis"	"Round_spermatids"	NA	NA	NA	"CL:4030036"	"early spermatid"	"perfect match"	"SN253"	NA	2
"GAGATGGAGGTAAAGG"	""	"ERX6700411"	"ERP132578"	"testis"	"Spermatocytes"	NA	NA	NA	"CL:0000017"	"spermatocyte"	"perfect match"	"SN253"	NA	5
"GAGATGGAGTGCACCC"	""	"ERX6700411"	"ERP132578"	"testis"	"Elongated_spermatids"	NA	NA	NA	"CL:4030037"	"late spermatid"	"perfect match"	"SN253"	NA	1
"GAGATGGGTATGTCTG"	""	"ERX6700411"	"ERP132578"	"testis"	"Elongated_spermatids"	NA	NA	NA	"CL:4030037"	"late spermatid"	"perfect match"	"SN253"	NA	1
"GAGATGGTCCCAGCGA"	""	"ERX6700411"	"ERP132578"	"testis"	"Elongated_spermatids"	NA	NA	NA	"CL:4030037"	"late spermatid"	"perfect match"	"SN253"	NA	1
"GAGCCTGCAGACAAAT"	""	"ERX6700411"	"ERP132578"	"testis"	"Elongated_spermatids"	NA	NA	NA	"CL:4030037"	"late spermatid"	"perfect match"	"SN253"	NA	1
"GAGCCTGGTAACATCC"	""	"ERX6700411"	"ERP132578"	"testis"	"Elongated_spermatids"	NA	NA	NA	"CL:4030037"	"late spermatid"	"perfect match"	"SN253"	NA	1
"GAGCTGCAGCCGATTT"	""	"ERX6700411"	"ERP132578"	"testis"	"Round_spermatids"	NA	NA	NA	"CL:4030036"	"early spermatid"	"perfect match"	"SN253"	NA	2
"GAGCTGCGTTGCCATA"	""	"ERX6700411"	"ERP132578"	"testis"	"Round_spermatids"	NA	NA	NA	"CL:4030036"	"early spermatid"	"perfect match"	"SN253"	NA	2
"GAGCTGCTCCTGGTCT"	""	"ERX6700411"	"ERP132578"	"testis"	"Round_spermatids"	NA	NA	NA	"CL:4030036"	"early spermatid"	"perfect match"	"SN253"	NA	2
"GAGGCAAAGCGACTGA"	""	"ERX6700411"	"ERP132578"	"testis"	"Spermatocytes"	NA	NA	NA	"CL:0000017"	"spermatocyte"	"perfect match"	"SN253"	NA	5
"GAGGCAAAGTGACACG"	""	"ERX6700411"	"ERP132578"	"testis"	"Round_spermatids"	NA	NA	NA	"CL:4030036"	"early spermatid"	"perfect match"	"SN253"	NA	2
"GAGGCAACAGCCTACG"	""	"ERX6700411"	"ERP132578"	"testis"	"Spermatocytes"	NA	NA	NA	"CL:0000017"	"spermatocyte"	"perfect match"	"SN253"	NA	5
"GAGGCAACAGCGTGCT"	""	"ERX6700411"	"ERP132578"	"testis"	"Round_spermatids"	NA	NA	NA	"CL:4030036"	"early spermatid"	"perfect match"	"SN253"	NA	2
"GAGGCAAGTCTCTCCA"	""	"ERX6700411"	"ERP132578"	"testis"	"Elongated_spermatids"	NA	NA	NA	"CL:4030037"	"late spermatid"	"perfect match"	"SN253"	NA	1
"GAGGCAATCCTCAGGG"	""	"ERX6700411"	"ERP132578"	"testis"	"Round_spermatids"	NA	NA	NA	"CL:4030036"	"early spermatid"	"perfect match"	"SN253"	NA	2
"GAGGCAATCTTCACGC"	""	"ERX6700411"	"ERP132578"	"testis"	"Spermatocytes"	NA	NA	NA	"CL:0000017"	"spermatocyte"	"perfect match"	"SN253"	NA	5
"GAGGCAATCTTCCGTG"	""	"ERX6700411"	"ERP132578"	"testis"	"Round_spermatids"	NA	NA	NA	"CL:4030036"	"early spermatid"	"perfect match"	"SN253"	NA	2
"GAGGCCTAGTCTGCAT"	""	"ERX6700411"	"ERP132578"	"testis"	"Round_spermatids"	NA	NA	NA	"CL:4030036"	"early spermatid"	"perfect match"	"SN253"	NA	2
"GAGGCCTAGTCTTCGA"	""	"ERX6700411"	"ERP132578"	"testis"	"Elongated_spermatids"	NA	NA	NA	"CL:4030037"	"late spermatid"	"perfect match"	"SN253"	NA	1
"GAGGCCTCAGCAAGAC"	""	"ERX6700411"	"ERP132578"	"testis"	"Spermatogonia"	NA	NA	NA	"CL:0000020"	"spermatogonium"	"perfect match"	"SN253"	NA	4
"GAGGCCTGTCACGCTG"	""	"ERX6700411"	"ERP132578"	"testis"	"Other_somatic"	NA	NA	NA	"CL:0002371"	"somatic cell"	"perfect match"	"SN253"	NA	3
"GAGGCCTGTGCTGATT"	""	"ERX6700411"	"ERP132578"	"testis"	"Spermatocytes"	NA	NA	NA	"CL:0000017"	"spermatocyte"	"perfect match"	"SN253"	NA	5
"GAGGCCTTCGCTGATA"	""	"ERX6700411"	"ERP132578"	"testis"	"Spermatocytes"	NA	NA	NA	"CL:0000017"	"spermatocyte"	"perfect match"	"SN253"	NA	5
"GAGGGATCATCAGCGC"	""	"ERX6700411"	"ERP132578"	"testis"	"Round_spermatids"	NA	NA	NA	"CL:4030036"	"early spermatid"	"perfect match"	"SN253"	NA	2
"GAGGGATGTACAGTCT"	""	"ERX6700411"	"ERP132578"	"testis"	"Spermatogonia"	NA	NA	NA	"CL:0000020"	"spermatogonium"	"perfect match"	"SN253"	NA	4
"GAGGGATGTACCTGTA"	""	"ERX6700411"	"ERP132578"	"testis"	"Round_spermatids"	NA	NA	NA	"CL:4030036"	"early spermatid"	"perfect match"	"SN253"	NA	2
"GAGGGATGTCCCGCAA"	""	"ERX6700411"	"ERP132578"	"testis"	"Elongated_spermatids"	NA	NA	NA	"CL:4030037"	"late spermatid"	"perfect match"	"SN253"	NA	1
"GAGGGATGTGGCGCTT"	""	"ERX6700411"	"ERP132578"	"testis"	"Round_spermatids"	NA	NA	NA	"CL:4030036"	"early spermatid"	"perfect match"	"SN253"	NA	2
"GAGGGATTCGCTAATG"	""	"ERX6700411"	"ERP132578"	"testis"	"Elongated_spermatids"	NA	NA	NA	"CL:4030037"	"late spermatid"	"perfect match"	"SN253"	NA	1
"GAGGGTACAAGGTCTT"	""	"ERX6700411"	"ERP132578"	"testis"	"Round_spermatids"	NA	NA	NA	"CL:4030036"	"early spermatid"	"perfect match"	"SN253"	NA	2
"GAGGGTACACGTCTCT"	""	"ERX6700411"	"ERP132578"	"testis"	"Round_spermatids"	NA	NA	NA	"CL:4030036"	"early spermatid"	"perfect match"	"SN253"	NA	2
"GAGGGTAGTACTCGTA"	""	"ERX6700411"	"ERP132578"	"testis"	"Spermatocytes"	NA	NA	NA	"CL:0000017"	"spermatocyte"	"perfect match"	"SN253"	NA	5
"GAGGGTATCTTCCACG"	""	"ERX6700411"	"ERP132578"	"testis"	"Round_spermatids"	NA	NA	NA	"CL:4030036"	"early spermatid"	"perfect match"	"SN253"	NA	2
"GAGTCATGTCCCTGAG"	""	"ERX6700411"	"ERP132578"	"testis"	"Round_spermatids"	NA	NA	NA	"CL:4030036"	"early spermatid"	"perfect match"	"SN253"	NA	2
"GAGTCATGTCGCCTAG"	""	"ERX6700411"	"ERP132578"	"testis"	"Spermatocytes"	NA	NA	NA	"CL:0000017"	"spermatocyte"	"perfect match"	"SN253"	NA	5
"GAGTCTAAGCTAGAAT"	""	"ERX6700411"	"ERP132578"	"testis"	"Round_spermatids"	NA	NA	NA	"CL:4030036"	"early spermatid"	"perfect match"	"SN253"	NA	2
"GAGTCTACAGGATCTT"	""	"ERX6700411"	"ERP132578"	"testis"	"Round_spermatids"	NA	NA	NA	"CL:4030036"	"early spermatid"	"perfect match"	"SN253"	NA	2
"GAGTCTATCCTTACCG"	""	"ERX6700411"	"ERP132578"	"testis"	"Round_spermatids"	NA	NA	NA	"CL:4030036"	"early spermatid"	"perfect match"	"SN253"	NA	2
"GAGTGAGGTGAATTAG"	""	"ERX6700411"	"ERP132578"	"testis"	"Elongated_spermatids"	NA	NA	NA	"CL:4030037"	"late spermatid"	"perfect match"	"SN253"	NA	1
"GAGTTACAGCAGAAAG"	""	"ERX6700411"	"ERP132578"	"testis"	"Spermatocytes"	NA	NA	NA	"CL:0000017"	"spermatocyte"	"perfect match"	"SN253"	NA	5
"GAGTTACAGTATTGCC"	""	"ERX6700411"	"ERP132578"	"testis"	"Spermatocytes"	NA	NA	NA	"CL:0000017"	"spermatocyte"	"perfect match"	"SN253"	NA	5
"GAGTTACTCCTACGGG"	""	"ERX6700411"	"ERP132578"	"testis"	"Spermatogonia"	NA	NA	NA	"CL:0000020"	"spermatogonium"	"perfect match"	"SN253"	NA	4
"GAGTTGTAGAATCGCG"	""	"ERX6700411"	"ERP132578"	"testis"	"Round_spermatids"	NA	NA	NA	"CL:4030036"	"early spermatid"	"perfect match"	"SN253"	NA	2
"GAGTTGTAGTCTGCGC"	""	"ERX6700411"	"ERP132578"	"testis"	"Spermatogonia"	NA	NA	NA	"CL:0000020"	"spermatogonium"	"perfect match"	"SN253"	NA	4
"GAGTTGTAGTGATCGG"	""	"ERX6700411"	"ERP132578"	"testis"	"Round_spermatids"	NA	NA	NA	"CL:4030036"	"early spermatid"	"perfect match"	"SN253"	NA	2
"GAGTTGTCAGTCTACA"	""	"ERX6700411"	"ERP132578"	"testis"	"Round_spermatids"	NA	NA	NA	"CL:4030036"	"early spermatid"	"perfect match"	"SN253"	NA	2
"GAGTTGTCAGTTTGGT"	""	"ERX6700411"	"ERP132578"	"testis"	"Spermatogonia"	NA	NA	NA	"CL:0000020"	"spermatogonium"	"perfect match"	"SN253"	NA	4
"GAGTTGTTCCACTGAA"	""	"ERX6700411"	"ERP132578"	"testis"	"Round_spermatids"	NA	NA	NA	"CL:4030036"	"early spermatid"	"perfect match"	"SN253"	NA	2
"GAGTTTGAGGCAGCTA"	""	"ERX6700411"	"ERP132578"	"testis"	"Round_spermatids"	NA	NA	NA	"CL:4030036"	"early spermatid"	"perfect match"	"SN253"	NA	2
"GAGTTTGGTAGATTGA"	""	"ERX6700411"	"ERP132578"	"testis"	"Round_spermatids"	NA	NA	NA	"CL:4030036"	"early spermatid"	"perfect match"	"SN253"	NA	2
"GAGTTTGTCCGGTTCT"	""	"ERX6700411"	"ERP132578"	"testis"	"Round_spermatids"	NA	NA	NA	"CL:4030036"	"early spermatid"	"perfect match"	"SN253"	NA	2
"GAGTTTGTCTCCGAAA"	""	"ERX6700411"	"ERP132578"	"testis"	"Elongated_spermatids"	NA	NA	NA	"CL:4030037"	"late spermatid"	"perfect match"	"SN253"	NA	1
"GATAGAACACGGTAGA"	""	"ERX6700411"	"ERP132578"	"testis"	"Spermatocytes"	NA	NA	NA	"CL:0000017"	"spermatocyte"	"perfect match"	"SN253"	NA	5
"GATAGAAGTAGTGATA"	""	"ERX6700411"	"ERP132578"	"testis"	"Round_spermatids"	NA	NA	NA	"CL:4030036"	"early spermatid"	"perfect match"	"SN253"	NA	2
"GATAGCTAGAGATCGC"	""	"ERX6700411"	"ERP132578"	"testis"	"Round_spermatids"	NA	NA	NA	"CL:4030036"	"early spermatid"	"perfect match"	"SN253"	NA	2
"GATAGCTCACGGTCTG"	""	"ERX6700411"	"ERP132578"	"testis"	"Round_spermatids"	NA	NA	NA	"CL:4030036"	"early spermatid"	"perfect match"	"SN253"	NA	2
"GATAGCTGTCACGCTG"	""	"ERX6700411"	"ERP132578"	"testis"	"Round_spermatids"	NA	NA	NA	"CL:4030036"	"early spermatid"	"perfect match"	"SN253"	NA	2
"GATAGCTTCCTCCACA"	""	"ERX6700411"	"ERP132578"	"testis"	"Round_spermatids"	NA	NA	NA	"CL:4030036"	"early spermatid"	"perfect match"	"SN253"	NA	2
"GATCACACACCATATG"	""	"ERX6700411"	"ERP132578"	"testis"	"Round_spermatids"	NA	NA	NA	"CL:4030036"	"early spermatid"	"perfect match"	"SN253"	NA	2
"GATCACACAGGAATAT"	""	"ERX6700411"	"ERP132578"	"testis"	"Spermatocytes"	NA	NA	NA	"CL:0000017"	"spermatocyte"	"perfect match"	"SN253"	NA	5
"GATCACACATAATCGC"	""	"ERX6700411"	"ERP132578"	"testis"	"Elongated_spermatids"	NA	NA	NA	"CL:4030037"	"late spermatid"	"perfect match"	"SN253"	NA	1
"GATCACACATGAAGGC"	""	"ERX6700411"	"ERP132578"	"testis"	"Round_spermatids"	NA	NA	NA	"CL:4030036"	"early spermatid"	"perfect match"	"SN253"	NA	2
"GATCACAGTCTCTCTG"	""	"ERX6700411"	"ERP132578"	"testis"	"Spermatocytes"	NA	NA	NA	"CL:0000017"	"spermatocyte"	"perfect match"	"SN253"	NA	5
"GATCACATCGCCAGTG"	""	"ERX6700411"	"ERP132578"	"testis"	"Round_spermatids"	NA	NA	NA	"CL:4030036"	"early spermatid"	"perfect match"	"SN253"	NA	2
"GATCAGTCAAATGCGG"	""	"ERX6700411"	"ERP132578"	"testis"	"Round_spermatids"	NA	NA	NA	"CL:4030036"	"early spermatid"	"perfect match"	"SN253"	NA	2
"GATCAGTCATAGCTGT"	""	"ERX6700411"	"ERP132578"	"testis"	"Spermatocytes"	NA	NA	NA	"CL:0000017"	"spermatocyte"	"perfect match"	"SN253"	NA	5
"GATCAGTGTTACCTGA"	""	"ERX6700411"	"ERP132578"	"testis"	"Elongated_spermatids"	NA	NA	NA	"CL:4030037"	"late spermatid"	"perfect match"	"SN253"	NA	1
"GATCAGTTCTGCACCT"	""	"ERX6700411"	"ERP132578"	"testis"	"Other_somatic"	NA	NA	NA	"CL:0002371"	"somatic cell"	"perfect match"	"SN253"	NA	3
"GATCATGAGCAAGGAA"	""	"ERX6700411"	"ERP132578"	"testis"	"Round_spermatids"	NA	NA	NA	"CL:4030036"	"early spermatid"	"perfect match"	"SN253"	NA	2
"GATCATGAGGTAACTA"	""	"ERX6700411"	"ERP132578"	"testis"	"Elongated_spermatids"	NA	NA	NA	"CL:4030037"	"late spermatid"	"perfect match"	"SN253"	NA	1
"GATCATGGTACGTGAG"	""	"ERX6700411"	"ERP132578"	"testis"	"Round_spermatids"	NA	NA	NA	"CL:4030036"	"early spermatid"	"perfect match"	"SN253"	NA	2
"GATCCCTAGTCACAGG"	""	"ERX6700411"	"ERP132578"	"testis"	"Round_spermatids"	NA	NA	NA	"CL:4030036"	"early spermatid"	"perfect match"	"SN253"	NA	2
"GATCGTAGTCTTCTAT"	""	"ERX6700411"	"ERP132578"	"testis"	"Spermatocytes"	NA	NA	NA	"CL:0000017"	"spermatocyte"	"perfect match"	"SN253"	NA	5
"GATCGTAGTTTCGTTT"	""	"ERX6700411"	"ERP132578"	"testis"	"Round_spermatids"	NA	NA	NA	"CL:4030036"	"early spermatid"	"perfect match"	"SN253"	NA	2
"GATGACTAGATGTAGT"	""	"ERX6700411"	"ERP132578"	"testis"	"Spermatocytes"	NA	NA	NA	"CL:0000017"	"spermatocyte"	"perfect match"	"SN253"	NA	5
"GATGACTAGGAAGTGA"	""	"ERX6700411"	"ERP132578"	"testis"	"Elongated_spermatids"	NA	NA	NA	"CL:4030037"	"late spermatid"	"perfect match"	"SN253"	NA	1
"GATGACTAGTAAACTG"	""	"ERX6700411"	"ERP132578"	"testis"	"Elongated_spermatids"	NA	NA	NA	"CL:4030037"	"late spermatid"	"perfect match"	"SN253"	NA	1
"GATGACTGTTTCCATT"	""	"ERX6700411"	"ERP132578"	"testis"	"Spermatocytes"	NA	NA	NA	"CL:0000017"	"spermatocyte"	"perfect match"	"SN253"	NA	5
"GATGACTGTTTGCCGG"	""	"ERX6700411"	"ERP132578"	"testis"	"Elongated_spermatids"	NA	NA	NA	"CL:4030037"	"late spermatid"	"perfect match"	"SN253"	NA	1
"GATGACTTCTTTCGAT"	""	"ERX6700411"	"ERP132578"	"testis"	"Spermatocytes"	NA	NA	NA	"CL:0000017"	"spermatocyte"	"perfect match"	"SN253"	NA	5
"GATGAGGTCACCTTAT"	""	"ERX6700411"	"ERP132578"	"testis"	"Round_spermatids"	NA	NA	NA	"CL:4030036"	"early spermatid"	"perfect match"	"SN253"	NA	2
"GATGAGGTCATCGACA"	""	"ERX6700411"	"ERP132578"	"testis"	"Round_spermatids"	NA	NA	NA	"CL:4030036"	"early spermatid"	"perfect match"	"SN253"	NA	2
"GATGATCCACTCCCTA"	""	"ERX6700411"	"ERP132578"	"testis"	"Spermatocytes"	NA	NA	NA	"CL:0000017"	"spermatocyte"	"perfect match"	"SN253"	NA	5
"GATGATCGTCGACTTA"	""	"ERX6700411"	"ERP132578"	"testis"	"Spermatocytes"	NA	NA	NA	"CL:0000017"	"spermatocyte"	"perfect match"	"SN253"	NA	5
"GATGATCGTGTTGCCG"	""	"ERX6700411"	"ERP132578"	"testis"	"Round_spermatids"	NA	NA	NA	"CL:4030036"	"early spermatid"	"perfect match"	"SN253"	NA	2
"GATGATCTCCCGATCT"	""	"ERX6700411"	"ERP132578"	"testis"	"Elongated_spermatids"	NA	NA	NA	"CL:4030037"	"late spermatid"	"perfect match"	"SN253"	NA	1
"GATGATCTCGTTAGTG"	""	"ERX6700411"	"ERP132578"	"testis"	"Round_spermatids"	NA	NA	NA	"CL:4030036"	"early spermatid"	"perfect match"	"SN253"	NA	2
"GATGATCTCTCATTGT"	""	"ERX6700411"	"ERP132578"	"testis"	"Round_spermatids"	NA	NA	NA	"CL:4030036"	"early spermatid"	"perfect match"	"SN253"	NA	2
"GATGCTAAGCATAGGC"	""	"ERX6700411"	"ERP132578"	"testis"	"Elongated_spermatids"	NA	NA	NA	"CL:4030037"	"late spermatid"	"perfect match"	"SN253"	NA	1
"GATGCTACAGTGGCTC"	""	"ERX6700411"	"ERP132578"	"testis"	"Spermatocytes"	NA	NA	NA	"CL:0000017"	"spermatocyte"	"perfect match"	"SN253"	NA	5
"GATGCTATCCGGTTCT"	""	"ERX6700411"	"ERP132578"	"testis"	"Elongated_spermatids"	NA	NA	NA	"CL:4030037"	"late spermatid"	"perfect match"	"SN253"	NA	1
"GATGGAGAGACAGCTG"	""	"ERX6700411"	"ERP132578"	"testis"	"Round_spermatids"	NA	NA	NA	"CL:4030036"	"early spermatid"	"perfect match"	"SN253"	NA	2
"GATGGAGAGGAAAGGT"	""	"ERX6700411"	"ERP132578"	"testis"	"Round_spermatids"	NA	NA	NA	"CL:4030036"	"early spermatid"	"perfect match"	"SN253"	NA	2
"GATGGAGGTACTGTTG"	""	"ERX6700411"	"ERP132578"	"testis"	"Round_spermatids"	NA	NA	NA	"CL:4030036"	"early spermatid"	"perfect match"	"SN253"	NA	2
"GATGTTGAGATAGCAT"	""	"ERX6700411"	"ERP132578"	"testis"	"Spermatocytes"	NA	NA	NA	"CL:0000017"	"spermatocyte"	"perfect match"	"SN253"	NA	5
"GATGTTGCAGCATGCC"	""	"ERX6700411"	"ERP132578"	"testis"	"Other_somatic"	NA	NA	NA	"CL:0002371"	"somatic cell"	"perfect match"	"SN253"	NA	3
"GATGTTGCAGTTTCGA"	""	"ERX6700411"	"ERP132578"	"testis"	"Spermatocytes"	NA	NA	NA	"CL:0000017"	"spermatocyte"	"perfect match"	"SN253"	NA	5
"GATGTTGCATCAGCAT"	""	"ERX6700411"	"ERP132578"	"testis"	"Round_spermatids"	NA	NA	NA	"CL:4030036"	"early spermatid"	"perfect match"	"SN253"	NA	2
"GATGTTGGTACTAGCT"	""	"ERX6700411"	"ERP132578"	"testis"	"Elongated_spermatids"	NA	NA	NA	"CL:4030037"	"late spermatid"	"perfect match"	"SN253"	NA	1
"GATGTTGTCTTCGACC"	""	"ERX6700411"	"ERP132578"	"testis"	"Round_spermatids"	NA	NA	NA	"CL:4030036"	"early spermatid"	"perfect match"	"SN253"	NA	2
"GATTCGAAGACTTAAG"	""	"ERX6700411"	"ERP132578"	"testis"	"Other_somatic"	NA	NA	NA	"CL:0002371"	"somatic cell"	"perfect match"	"SN253"	NA	3
"GATTCGAAGATACAGT"	""	"ERX6700411"	"ERP132578"	"testis"	"Round_spermatids"	NA	NA	NA	"CL:4030036"	"early spermatid"	"perfect match"	"SN253"	NA	2
"GATTCGAAGGGCGAAG"	""	"ERX6700411"	"ERP132578"	"testis"	"Round_spermatids"	NA	NA	NA	"CL:4030036"	"early spermatid"	"perfect match"	"SN253"	NA	2
"GATTCGACAAGCCATT"	""	"ERX6700411"	"ERP132578"	"testis"	"Elongated_spermatids"	NA	NA	NA	"CL:4030037"	"late spermatid"	"perfect match"	"SN253"	NA	1
"GATTCGAGTTGTAAAG"	""	"ERX6700411"	"ERP132578"	"testis"	"Round_spermatids"	NA	NA	NA	"CL:4030036"	"early spermatid"	"perfect match"	"SN253"	NA	2
"GATTCGATCATCACAG"	""	"ERX6700411"	"ERP132578"	"testis"	"Spermatocytes"	NA	NA	NA	"CL:0000017"	"spermatocyte"	"perfect match"	"SN253"	NA	5
"GATTCTTGTGATGTAA"	""	"ERX6700411"	"ERP132578"	"testis"	"Elongated_spermatids"	NA	NA	NA	"CL:4030037"	"late spermatid"	"perfect match"	"SN253"	NA	1
"GATTCTTTCTCATAGG"	""	"ERX6700411"	"ERP132578"	"testis"	"Round_spermatids"	NA	NA	NA	"CL:4030036"	"early spermatid"	"perfect match"	"SN253"	NA	2
"GATTGGTCAGACAAAT"	""	"ERX6700411"	"ERP132578"	"testis"	"Round_spermatids"	NA	NA	NA	"CL:4030036"	"early spermatid"	"perfect match"	"SN253"	NA	2
"GATTGGTGTCCGGTCA"	""	"ERX6700411"	"ERP132578"	"testis"	"Elongated_spermatids"	NA	NA	NA	"CL:4030037"	"late spermatid"	"perfect match"	"SN253"	NA	1
"GATTGGTTCGGTGAAG"	""	"ERX6700411"	"ERP132578"	"testis"	"Round_spermatids"	NA	NA	NA	"CL:4030036"	"early spermatid"	"perfect match"	"SN253"	NA	2
"GATTTCTAGCGTTACT"	""	"ERX6700411"	"ERP132578"	"testis"	"Spermatocytes"	NA	NA	NA	"CL:0000017"	"spermatocyte"	"perfect match"	"SN253"	NA	5
"GATTTCTCAATACGCT"	""	"ERX6700411"	"ERP132578"	"testis"	"Round_spermatids"	NA	NA	NA	"CL:4030036"	"early spermatid"	"perfect match"	"SN253"	NA	2
"GATTTCTCACAAACGG"	""	"ERX6700411"	"ERP132578"	"testis"	"Round_spermatids"	NA	NA	NA	"CL:4030036"	"early spermatid"	"perfect match"	"SN253"	NA	2
"GATTTCTCAGAAACCG"	""	"ERX6700411"	"ERP132578"	"testis"	"Spermatocytes"	NA	NA	NA	"CL:0000017"	"spermatocyte"	"perfect match"	"SN253"	NA	5
"GATTTCTGTTGGTAGG"	""	"ERX6700411"	"ERP132578"	"testis"	"Spermatocytes"	NA	NA	NA	"CL:0000017"	"spermatocyte"	"perfect match"	"SN253"	NA	5
"GATTTCTTCATCACAG"	""	"ERX6700411"	"ERP132578"	"testis"	"Round_spermatids"	NA	NA	NA	"CL:4030036"	"early spermatid"	"perfect match"	"SN253"	NA	2
"GCAACATCAGGCGAAT"	""	"ERX6700411"	"ERP132578"	"testis"	"Round_spermatids"	NA	NA	NA	"CL:4030036"	"early spermatid"	"perfect match"	"SN253"	NA	2
"GCAACATGTATAGCTC"	""	"ERX6700411"	"ERP132578"	"testis"	"Spermatocytes"	NA	NA	NA	"CL:0000017"	"spermatocyte"	"perfect match"	"SN253"	NA	5
"GCAACATTCTGGCCGA"	""	"ERX6700411"	"ERP132578"	"testis"	"Elongated_spermatids"	NA	NA	NA	"CL:4030037"	"late spermatid"	"perfect match"	"SN253"	NA	1
"GCAACCGAGCTGTCCG"	""	"ERX6700411"	"ERP132578"	"testis"	"Spermatocytes"	NA	NA	NA	"CL:0000017"	"spermatocyte"	"perfect match"	"SN253"	NA	5
"GCAACCGCATAATGAG"	""	"ERX6700411"	"ERP132578"	"testis"	"Spermatocytes"	NA	NA	NA	"CL:0000017"	"spermatocyte"	"perfect match"	"SN253"	NA	5
"GCAACCGGTAATTAGG"	""	"ERX6700411"	"ERP132578"	"testis"	"Round_spermatids"	NA	NA	NA	"CL:4030036"	"early spermatid"	"perfect match"	"SN253"	NA	2
"GCACATAAGCTCGTGC"	""	"ERX6700411"	"ERP132578"	"testis"	"Round_spermatids"	NA	NA	NA	"CL:4030036"	"early spermatid"	"perfect match"	"SN253"	NA	2
"GCACATAGTGTTACTG"	""	"ERX6700411"	"ERP132578"	"testis"	"Round_spermatids"	NA	NA	NA	"CL:4030036"	"early spermatid"	"perfect match"	"SN253"	NA	2
"GCACATATCCATATGG"	""	"ERX6700411"	"ERP132578"	"testis"	"Round_spermatids"	NA	NA	NA	"CL:4030036"	"early spermatid"	"perfect match"	"SN253"	NA	2
"GCACATATCTTTCCGG"	""	"ERX6700411"	"ERP132578"	"testis"	"Round_spermatids"	NA	NA	NA	"CL:4030036"	"early spermatid"	"perfect match"	"SN253"	NA	2
"GCACGGTAGGCACTCC"	""	"ERX6700411"	"ERP132578"	"testis"	"Elongated_spermatids"	NA	NA	NA	"CL:4030037"	"late spermatid"	"perfect match"	"SN253"	NA	1
"GCACGGTCATCCGTTC"	""	"ERX6700411"	"ERP132578"	"testis"	"Round_spermatids"	NA	NA	NA	"CL:4030036"	"early spermatid"	"perfect match"	"SN253"	NA	2
"GCACGGTTCAGGAACG"	""	"ERX6700411"	"ERP132578"	"testis"	"Round_spermatids"	NA	NA	NA	"CL:4030036"	"early spermatid"	"perfect match"	"SN253"	NA	2
"GCACGGTTCATGGTAC"	""	"ERX6700411"	"ERP132578"	"testis"	"Elongated_spermatids"	NA	NA	NA	"CL:4030037"	"late spermatid"	"perfect match"	"SN253"	NA	1
"GCACGGTTCTTCGTAT"	""	"ERX6700411"	"ERP132578"	"testis"	"Round_spermatids"	NA	NA	NA	"CL:4030036"	"early spermatid"	"perfect match"	"SN253"	NA	2
"GCACGTGCAAGTGCTT"	""	"ERX6700411"	"ERP132578"	"testis"	"Other_somatic"	NA	NA	NA	"CL:0002371"	"somatic cell"	"perfect match"	"SN253"	NA	3
"GCACGTGGTCAACCTA"	""	"ERX6700411"	"ERP132578"	"testis"	"Spermatocytes"	NA	NA	NA	"CL:0000017"	"spermatocyte"	"perfect match"	"SN253"	NA	5
"GCACGTGGTCGAGTGA"	""	"ERX6700411"	"ERP132578"	"testis"	"Round_spermatids"	NA	NA	NA	"CL:4030036"	"early spermatid"	"perfect match"	"SN253"	NA	2
"GCACGTGGTGCAACGA"	""	"ERX6700411"	"ERP132578"	"testis"	"Round_spermatids"	NA	NA	NA	"CL:4030036"	"early spermatid"	"perfect match"	"SN253"	NA	2
"GCACGTGGTGCGGATA"	""	"ERX6700411"	"ERP132578"	"testis"	"Spermatocytes"	NA	NA	NA	"CL:0000017"	"spermatocyte"	"perfect match"	"SN253"	NA	5
"GCACTAAAGTTGGGAC"	""	"ERX6700411"	"ERP132578"	"testis"	"Spermatocytes"	NA	NA	NA	"CL:0000017"	"spermatocyte"	"perfect match"	"SN253"	NA	5
"GCACTAAGTTGCCGAC"	""	"ERX6700411"	"ERP132578"	"testis"	"Elongated_spermatids"	NA	NA	NA	"CL:4030037"	"late spermatid"	"perfect match"	"SN253"	NA	1
"GCAGCCACAGACCCGT"	""	"ERX6700411"	"ERP132578"	"testis"	"Round_spermatids"	NA	NA	NA	"CL:4030036"	"early spermatid"	"perfect match"	"SN253"	NA	2
"GCAGCCACAGTCACGC"	""	"ERX6700411"	"ERP132578"	"testis"	"Round_spermatids"	NA	NA	NA	"CL:4030036"	"early spermatid"	"perfect match"	"SN253"	NA	2
"GCAGCCAGTTTAGACC"	""	"ERX6700411"	"ERP132578"	"testis"	"Elongated_spermatids"	NA	NA	NA	"CL:4030037"	"late spermatid"	"perfect match"	"SN253"	NA	1
"GCAGCCATCTGCTGAA"	""	"ERX6700411"	"ERP132578"	"testis"	"Spermatocytes"	NA	NA	NA	"CL:0000017"	"spermatocyte"	"perfect match"	"SN253"	NA	5
"GCAGCTGAGCATCAGG"	""	"ERX6700411"	"ERP132578"	"testis"	"Round_spermatids"	NA	NA	NA	"CL:4030036"	"early spermatid"	"perfect match"	"SN253"	NA	2
"GCAGCTGAGGCTGTAG"	""	"ERX6700411"	"ERP132578"	"testis"	"Round_spermatids"	NA	NA	NA	"CL:4030036"	"early spermatid"	"perfect match"	"SN253"	NA	2
"GCAGCTGCAATGAAAC"	""	"ERX6700411"	"ERP132578"	"testis"	"Round_spermatids"	NA	NA	NA	"CL:4030036"	"early spermatid"	"perfect match"	"SN253"	NA	2
"GCAGCTGCACGTGTGC"	""	"ERX6700411"	"ERP132578"	"testis"	"Round_spermatids"	NA	NA	NA	"CL:4030036"	"early spermatid"	"perfect match"	"SN253"	NA	2
"GCAGCTGGTGTTGATC"	""	"ERX6700411"	"ERP132578"	"testis"	"Spermatocytes"	NA	NA	NA	"CL:0000017"	"spermatocyte"	"perfect match"	"SN253"	NA	5
"GCAGCTGGTTGCTCGG"	""	"ERX6700411"	"ERP132578"	"testis"	"Round_spermatids"	NA	NA	NA	"CL:4030036"	"early spermatid"	"perfect match"	"SN253"	NA	2
"GCAGCTGTCCCGAGAC"	""	"ERX6700411"	"ERP132578"	"testis"	"Spermatocytes"	NA	NA	NA	"CL:0000017"	"spermatocyte"	"perfect match"	"SN253"	NA	5
"GCAGGCTCAGGCTCTG"	""	"ERX6700411"	"ERP132578"	"testis"	"Round_spermatids"	NA	NA	NA	"CL:4030036"	"early spermatid"	"perfect match"	"SN253"	NA	2
"GCAGGCTGTCACGTGC"	""	"ERX6700411"	"ERP132578"	"testis"	"Round_spermatids"	NA	NA	NA	"CL:4030036"	"early spermatid"	"perfect match"	"SN253"	NA	2
"GCAGGCTGTCGCCTAG"	""	"ERX6700411"	"ERP132578"	"testis"	"Spermatocytes"	NA	NA	NA	"CL:0000017"	"spermatocyte"	"perfect match"	"SN253"	NA	5
"GCAGTTAAGGAGCTGT"	""	"ERX6700411"	"ERP132578"	"testis"	"Round_spermatids"	NA	NA	NA	"CL:4030036"	"early spermatid"	"perfect match"	"SN253"	NA	2
"GCAGTTAAGTTACGGG"	""	"ERX6700411"	"ERP132578"	"testis"	"Elongated_spermatids"	NA	NA	NA	"CL:4030037"	"late spermatid"	"perfect match"	"SN253"	NA	1
"GCAGTTACAAGCAGGT"	""	"ERX6700411"	"ERP132578"	"testis"	"Elongated_spermatids"	NA	NA	NA	"CL:4030037"	"late spermatid"	"perfect match"	"SN253"	NA	1
"GCAGTTACAAGCTGCC"	""	"ERX6700411"	"ERP132578"	"testis"	"Round_spermatids"	NA	NA	NA	"CL:4030036"	"early spermatid"	"perfect match"	"SN253"	NA	2
"GCAGTTAGTTCTCTAT"	""	"ERX6700411"	"ERP132578"	"testis"	"Other_somatic"	NA	NA	NA	"CL:0002371"	"somatic cell"	"perfect match"	"SN253"	NA	3
"GCAGTTAGTTGAAGTA"	""	"ERX6700411"	"ERP132578"	"testis"	"Round_spermatids"	NA	NA	NA	"CL:4030036"	"early spermatid"	"perfect match"	"SN253"	NA	2
"GCATCGGAGGTTACCT"	""	"ERX6700411"	"ERP132578"	"testis"	"Spermatocytes"	NA	NA	NA	"CL:0000017"	"spermatocyte"	"perfect match"	"SN253"	NA	5
"GCATCGGTCGCTAATG"	""	"ERX6700411"	"ERP132578"	"testis"	"Round_spermatids"	NA	NA	NA	"CL:4030036"	"early spermatid"	"perfect match"	"SN253"	NA	2
"GCATCTCTCTGTCCGT"	""	"ERX6700411"	"ERP132578"	"testis"	"Elongated_spermatids"	NA	NA	NA	"CL:4030037"	"late spermatid"	"perfect match"	"SN253"	NA	1
"GCATGATGTTTAGTCG"	""	"ERX6700411"	"ERP132578"	"testis"	"Spermatogonia"	NA	NA	NA	"CL:0000020"	"spermatogonium"	"perfect match"	"SN253"	NA	4
"GCATTAGAGCCTGTCG"	""	"ERX6700411"	"ERP132578"	"testis"	"Round_spermatids"	NA	NA	NA	"CL:4030036"	"early spermatid"	"perfect match"	"SN253"	NA	2
"GCATTAGCAGATCCAT"	""	"ERX6700411"	"ERP132578"	"testis"	"Round_spermatids"	NA	NA	NA	"CL:4030036"	"early spermatid"	"perfect match"	"SN253"	NA	2
"GCATTAGCAGCGTGCT"	""	"ERX6700411"	"ERP132578"	"testis"	"Spermatocytes"	NA	NA	NA	"CL:0000017"	"spermatocyte"	"perfect match"	"SN253"	NA	5
"GCATTAGTCTCCCTAG"	""	"ERX6700411"	"ERP132578"	"testis"	"Elongated_spermatids"	NA	NA	NA	"CL:4030037"	"late spermatid"	"perfect match"	"SN253"	NA	1
"GCCAACGAGCTGGTGA"	""	"ERX6700411"	"ERP132578"	"testis"	"Spermatocytes"	NA	NA	NA	"CL:0000017"	"spermatocyte"	"perfect match"	"SN253"	NA	5
"GCCAACGCAAAGCACG"	""	"ERX6700411"	"ERP132578"	"testis"	"Round_spermatids"	NA	NA	NA	"CL:4030036"	"early spermatid"	"perfect match"	"SN253"	NA	2
"GCCAACGGTGGAAGTC"	""	"ERX6700411"	"ERP132578"	"testis"	"Round_spermatids"	NA	NA	NA	"CL:4030036"	"early spermatid"	"perfect match"	"SN253"	NA	2
"GCCAACGTCGGTAGAG"	""	"ERX6700411"	"ERP132578"	"testis"	"Round_spermatids"	NA	NA	NA	"CL:4030036"	"early spermatid"	"perfect match"	"SN253"	NA	2
"GCCAGCAAGGTCATAA"	""	"ERX6700411"	"ERP132578"	"testis"	"Spermatocytes"	NA	NA	NA	"CL:0000017"	"spermatocyte"	"perfect match"	"SN253"	NA	5
"GCCAGGTAGAATCGTA"	""	"ERX6700411"	"ERP132578"	"testis"	"Spermatocytes"	NA	NA	NA	"CL:0000017"	"spermatocyte"	"perfect match"	"SN253"	NA	5
"GCCAGGTAGTACTGTC"	""	"ERX6700411"	"ERP132578"	"testis"	"Elongated_spermatids"	NA	NA	NA	"CL:4030037"	"late spermatid"	"perfect match"	"SN253"	NA	1
"GCCAGGTTCATGCATG"	""	"ERX6700411"	"ERP132578"	"testis"	"Spermatocytes"	NA	NA	NA	"CL:0000017"	"spermatocyte"	"perfect match"	"SN253"	NA	5
"GCCAGTGCACAGCTGC"	""	"ERX6700411"	"ERP132578"	"testis"	"Spermatocytes"	NA	NA	NA	"CL:0000017"	"spermatocyte"	"perfect match"	"SN253"	NA	5
"GCCAGTGCACCCTGTT"	""	"ERX6700411"	"ERP132578"	"testis"	"Spermatocytes"	NA	NA	NA	"CL:0000017"	"spermatocyte"	"perfect match"	"SN253"	NA	5
"GCCAGTGCATCGCTAA"	""	"ERX6700411"	"ERP132578"	"testis"	"Elongated_spermatids"	NA	NA	NA	"CL:4030037"	"late spermatid"	"perfect match"	"SN253"	NA	1
"GCCAGTGTCTATTGTC"	""	"ERX6700411"	"ERP132578"	"testis"	"Spermatocytes"	NA	NA	NA	"CL:0000017"	"spermatocyte"	"perfect match"	"SN253"	NA	5
"GCCATGGTCCTGTTGC"	""	"ERX6700411"	"ERP132578"	"testis"	"Round_spermatids"	NA	NA	NA	"CL:4030036"	"early spermatid"	"perfect match"	"SN253"	NA	2
"GCCATTCTCCCTCATG"	""	"ERX6700411"	"ERP132578"	"testis"	"Round_spermatids"	NA	NA	NA	"CL:4030036"	"early spermatid"	"perfect match"	"SN253"	NA	2
"GCCATTCTCGAGCCTG"	""	"ERX6700411"	"ERP132578"	"testis"	"Round_spermatids"	NA	NA	NA	"CL:4030036"	"early spermatid"	"perfect match"	"SN253"	NA	2
"GCCCAGAAGCGCCGTT"	""	"ERX6700411"	"ERP132578"	"testis"	"Round_spermatids"	NA	NA	NA	"CL:4030036"	"early spermatid"	"perfect match"	"SN253"	NA	2
"GCCCAGAAGCTCCACG"	""	"ERX6700411"	"ERP132578"	"testis"	"Spermatocytes"	NA	NA	NA	"CL:0000017"	"spermatocyte"	"perfect match"	"SN253"	NA	5
"GCCCAGAAGGGAGGAC"	""	"ERX6700411"	"ERP132578"	"testis"	"Elongated_spermatids"	NA	NA	NA	"CL:4030037"	"late spermatid"	"perfect match"	"SN253"	NA	1
"GCCCAGAAGGGATCGT"	""	"ERX6700411"	"ERP132578"	"testis"	"Round_spermatids"	NA	NA	NA	"CL:4030036"	"early spermatid"	"perfect match"	"SN253"	NA	2
"GCCCAGAGTCGTAATC"	""	"ERX6700411"	"ERP132578"	"testis"	"Round_spermatids"	NA	NA	NA	"CL:4030036"	"early spermatid"	"perfect match"	"SN253"	NA	2
"GCCCAGATCGATCCCT"	""	"ERX6700411"	"ERP132578"	"testis"	"Spermatocytes"	NA	NA	NA	"CL:0000017"	"spermatocyte"	"perfect match"	"SN253"	NA	5
"GCCCGAAAGAAATTCG"	""	"ERX6700411"	"ERP132578"	"testis"	"Round_spermatids"	NA	NA	NA	"CL:4030036"	"early spermatid"	"perfect match"	"SN253"	NA	2
"GCCCGAAAGACGACGT"	""	"ERX6700411"	"ERP132578"	"testis"	"Round_spermatids"	NA	NA	NA	"CL:4030036"	"early spermatid"	"perfect match"	"SN253"	NA	2
"GCCCGAAGTATCGTAC"	""	"ERX6700411"	"ERP132578"	"testis"	"Round_spermatids"	NA	NA	NA	"CL:4030036"	"early spermatid"	"perfect match"	"SN253"	NA	2
"GCCCGAAGTCGAATGG"	""	"ERX6700411"	"ERP132578"	"testis"	"Elongated_spermatids"	NA	NA	NA	"CL:4030037"	"late spermatid"	"perfect match"	"SN253"	NA	1
"GCCCGAATCAGCGCAC"	""	"ERX6700411"	"ERP132578"	"testis"	"Round_spermatids"	NA	NA	NA	"CL:4030036"	"early spermatid"	"perfect match"	"SN253"	NA	2
"GCCGATGAGAGTCACG"	""	"ERX6700411"	"ERP132578"	"testis"	"Round_spermatids"	NA	NA	NA	"CL:4030036"	"early spermatid"	"perfect match"	"SN253"	NA	2
"GCCGATGCAAAGCGTG"	""	"ERX6700411"	"ERP132578"	"testis"	"Round_spermatids"	NA	NA	NA	"CL:4030036"	"early spermatid"	"perfect match"	"SN253"	NA	2
"GCCGATGCAGAGGAAA"	""	"ERX6700411"	"ERP132578"	"testis"	"Round_spermatids"	NA	NA	NA	"CL:4030036"	"early spermatid"	"perfect match"	"SN253"	NA	2
"GCCGATGGTGGATCGA"	""	"ERX6700411"	"ERP132578"	"testis"	"Round_spermatids"	NA	NA	NA	"CL:4030036"	"early spermatid"	"perfect match"	"SN253"	NA	2
"GCCGTGACAAAGCAAT"	""	"ERX6700411"	"ERP132578"	"testis"	"Round_spermatids"	NA	NA	NA	"CL:4030036"	"early spermatid"	"perfect match"	"SN253"	NA	2
"GCCGTGACAATCTCGA"	""	"ERX6700411"	"ERP132578"	"testis"	"Spermatocytes"	NA	NA	NA	"CL:0000017"	"spermatocyte"	"perfect match"	"SN253"	NA	5
"GCCGTGACACAGAGAC"	""	"ERX6700411"	"ERP132578"	"testis"	"Spermatogonia"	NA	NA	NA	"CL:0000020"	"spermatogonium"	"perfect match"	"SN253"	NA	4
"GCCGTGACATTGAGCT"	""	"ERX6700411"	"ERP132578"	"testis"	"Spermatocytes"	NA	NA	NA	"CL:0000017"	"spermatocyte"	"perfect match"	"SN253"	NA	5
"GCCGTGAGTAGCGTCC"	""	"ERX6700411"	"ERP132578"	"testis"	"Round_spermatids"	NA	NA	NA	"CL:4030036"	"early spermatid"	"perfect match"	"SN253"	NA	2
"GCCGTGATCACAACCA"	""	"ERX6700411"	"ERP132578"	"testis"	"Spermatocytes"	NA	NA	NA	"CL:0000017"	"spermatocyte"	"perfect match"	"SN253"	NA	5
"GCCTGTTCAAATCAGA"	""	"ERX6700411"	"ERP132578"	"testis"	"Spermatocytes"	NA	NA	NA	"CL:0000017"	"spermatocyte"	"perfect match"	"SN253"	NA	5
"GCCTGTTCACTAGAGG"	""	"ERX6700411"	"ERP132578"	"testis"	"Round_spermatids"	NA	NA	NA	"CL:4030036"	"early spermatid"	"perfect match"	"SN253"	NA	2
"GCCTGTTGTACTAACC"	""	"ERX6700411"	"ERP132578"	"testis"	"Spermatocytes"	NA	NA	NA	"CL:0000017"	"spermatocyte"	"perfect match"	"SN253"	NA	5
"GCCTGTTGTCTCGACG"	""	"ERX6700411"	"ERP132578"	"testis"	"Round_spermatids"	NA	NA	NA	"CL:4030036"	"early spermatid"	"perfect match"	"SN253"	NA	2
"GCCTGTTTCGAACTCA"	""	"ERX6700411"	"ERP132578"	"testis"	"Round_spermatids"	NA	NA	NA	"CL:4030036"	"early spermatid"	"perfect match"	"SN253"	NA	2
"GCGAGAAAGACGACGT"	""	"ERX6700411"	"ERP132578"	"testis"	"Round_spermatids"	NA	NA	NA	"CL:4030036"	"early spermatid"	"perfect match"	"SN253"	NA	2
"GCGAGAACACGTGAGA"	""	"ERX6700411"	"ERP132578"	"testis"	"Round_spermatids"	NA	NA	NA	"CL:4030036"	"early spermatid"	"perfect match"	"SN253"	NA	2
"GCGATCGCAGGAACCA"	""	"ERX6700411"	"ERP132578"	"testis"	"Elongated_spermatids"	NA	NA	NA	"CL:4030037"	"late spermatid"	"perfect match"	"SN253"	NA	1
"GCGATCGGTGCGGTAA"	""	"ERX6700411"	"ERP132578"	"testis"	"Round_spermatids"	NA	NA	NA	"CL:4030036"	"early spermatid"	"perfect match"	"SN253"	NA	2
"GCGATCGGTTGCGTAT"	""	"ERX6700411"	"ERP132578"	"testis"	"Round_spermatids"	NA	NA	NA	"CL:4030036"	"early spermatid"	"perfect match"	"SN253"	NA	2
"GCGGAAAAGCAAGCCA"	""	"ERX6700411"	"ERP132578"	"testis"	"Round_spermatids"	NA	NA	NA	"CL:4030036"	"early spermatid"	"perfect match"	"SN253"	NA	2
"GCGGAAAAGCAATTAG"	""	"ERX6700411"	"ERP132578"	"testis"	"Round_spermatids"	NA	NA	NA	"CL:4030036"	"early spermatid"	"perfect match"	"SN253"	NA	2
"GCGGAAACACTTCTCG"	""	"ERX6700411"	"ERP132578"	"testis"	"Round_spermatids"	NA	NA	NA	"CL:4030036"	"early spermatid"	"perfect match"	"SN253"	NA	2
"GCGGAAACATGGGATG"	""	"ERX6700411"	"ERP132578"	"testis"	"Round_spermatids"	NA	NA	NA	"CL:4030036"	"early spermatid"	"perfect match"	"SN253"	NA	2
"GCGGAAATCATTCGTT"	""	"ERX6700411"	"ERP132578"	"testis"	"Spermatogonia"	NA	NA	NA	"CL:0000020"	"spermatogonium"	"perfect match"	"SN253"	NA	4
"GCGGAAATCTTAGCAG"	""	"ERX6700411"	"ERP132578"	"testis"	"Spermatocytes"	NA	NA	NA	"CL:0000017"	"spermatocyte"	"perfect match"	"SN253"	NA	5
"GCGGATCGTTGCGGCT"	""	"ERX6700411"	"ERP132578"	"testis"	"Elongated_spermatids"	NA	NA	NA	"CL:4030037"	"late spermatid"	"perfect match"	"SN253"	NA	1
"GCGGATCTCCTACTGC"	""	"ERX6700411"	"ERP132578"	"testis"	"Spermatogonia"	NA	NA	NA	"CL:0000020"	"spermatogonium"	"perfect match"	"SN253"	NA	4
"GCGGATCTCTACTGCC"	""	"ERX6700411"	"ERP132578"	"testis"	"Round_spermatids"	NA	NA	NA	"CL:4030036"	"early spermatid"	"perfect match"	"SN253"	NA	2
"GCGTGCAAGTAGATCA"	""	"ERX6700411"	"ERP132578"	"testis"	"Spermatogonia"	NA	NA	NA	"CL:0000020"	"spermatogonium"	"perfect match"	"SN253"	NA	4
"GCGTGCATCCGTATGA"	""	"ERX6700411"	"ERP132578"	"testis"	"Round_spermatids"	NA	NA	NA	"CL:4030036"	"early spermatid"	"perfect match"	"SN253"	NA	2
"GCGTTTCCACGTCGTG"	""	"ERX6700411"	"ERP132578"	"testis"	"Round_spermatids"	NA	NA	NA	"CL:4030036"	"early spermatid"	"perfect match"	"SN253"	NA	2
"GCTACAACAAAGCTAA"	""	"ERX6700411"	"ERP132578"	"testis"	"Elongated_spermatids"	NA	NA	NA	"CL:4030037"	"late spermatid"	"perfect match"	"SN253"	NA	1
"GCTACAAGTGGCTTGC"	""	"ERX6700411"	"ERP132578"	"testis"	"Spermatocytes"	NA	NA	NA	"CL:0000017"	"spermatocyte"	"perfect match"	"SN253"	NA	5
"GCTACCTAGAGCCTGA"	""	"ERX6700411"	"ERP132578"	"testis"	"Round_spermatids"	NA	NA	NA	"CL:4030036"	"early spermatid"	"perfect match"	"SN253"	NA	2
"GCTACCTCACTCATAG"	""	"ERX6700411"	"ERP132578"	"testis"	"Round_spermatids"	NA	NA	NA	"CL:4030036"	"early spermatid"	"perfect match"	"SN253"	NA	2
"GCTACCTCAGCCTTCT"	""	"ERX6700411"	"ERP132578"	"testis"	"Round_spermatids"	NA	NA	NA	"CL:4030036"	"early spermatid"	"perfect match"	"SN253"	NA	2
"GCTACCTCAGGATCTT"	""	"ERX6700411"	"ERP132578"	"testis"	"Round_spermatids"	NA	NA	NA	"CL:4030036"	"early spermatid"	"perfect match"	"SN253"	NA	2
"GCTACCTGTATAGGGC"	""	"ERX6700411"	"ERP132578"	"testis"	"Round_spermatids"	NA	NA	NA	"CL:4030036"	"early spermatid"	"perfect match"	"SN253"	NA	2
"GCTACCTTCCTGGGAC"	""	"ERX6700411"	"ERP132578"	"testis"	"Round_spermatids"	NA	NA	NA	"CL:4030036"	"early spermatid"	"perfect match"	"SN253"	NA	2
"GCTCAAACAAATGAAC"	""	"ERX6700411"	"ERP132578"	"testis"	"Spermatogonia"	NA	NA	NA	"CL:0000020"	"spermatogonium"	"perfect match"	"SN253"	NA	4
"GCTCAAAGTCTACTGA"	""	"ERX6700411"	"ERP132578"	"testis"	"Round_spermatids"	NA	NA	NA	"CL:4030036"	"early spermatid"	"perfect match"	"SN253"	NA	2
"GCTCAAATCGCAGTGC"	""	"ERX6700411"	"ERP132578"	"testis"	"Round_spermatids"	NA	NA	NA	"CL:4030036"	"early spermatid"	"perfect match"	"SN253"	NA	2
"GCTGAATAGATACAGT"	""	"ERX6700411"	"ERP132578"	"testis"	"Round_spermatids"	NA	NA	NA	"CL:4030036"	"early spermatid"	"perfect match"	"SN253"	NA	2
"GCTGAATGTTTCGCTC"	""	"ERX6700411"	"ERP132578"	"testis"	"Spermatocytes"	NA	NA	NA	"CL:0000017"	"spermatocyte"	"perfect match"	"SN253"	NA	5
"GCTGAATTCCCAAGCG"	""	"ERX6700411"	"ERP132578"	"testis"	"Round_spermatids"	NA	NA	NA	"CL:4030036"	"early spermatid"	"perfect match"	"SN253"	NA	2
"GCTGAATTCTGTCCGT"	""	"ERX6700411"	"ERP132578"	"testis"	"Spermatocytes"	NA	NA	NA	"CL:0000017"	"spermatocyte"	"perfect match"	"SN253"	NA	5
"GCTGCAGAGCCTGAAG"	""	"ERX6700411"	"ERP132578"	"testis"	"Round_spermatids"	NA	NA	NA	"CL:4030036"	"early spermatid"	"perfect match"	"SN253"	NA	2
"GCTGCAGGTCGGTACC"	""	"ERX6700411"	"ERP132578"	"testis"	"Spermatocytes"	NA	NA	NA	"CL:0000017"	"spermatocyte"	"perfect match"	"SN253"	NA	5
"GCTGCAGGTGAGGCAT"	""	"ERX6700411"	"ERP132578"	"testis"	"Round_spermatids"	NA	NA	NA	"CL:4030036"	"early spermatid"	"perfect match"	"SN253"	NA	2
"GCTGCAGTCAGCAGAG"	""	"ERX6700411"	"ERP132578"	"testis"	"Round_spermatids"	NA	NA	NA	"CL:4030036"	"early spermatid"	"perfect match"	"SN253"	NA	2
"GCTGCAGTCGTAGGAG"	""	"ERX6700411"	"ERP132578"	"testis"	"Round_spermatids"	NA	NA	NA	"CL:4030036"	"early spermatid"	"perfect match"	"SN253"	NA	2
"GCTGCAGTCTCAGAAC"	""	"ERX6700411"	"ERP132578"	"testis"	"Round_spermatids"	NA	NA	NA	"CL:4030036"	"early spermatid"	"perfect match"	"SN253"	NA	2
"GCTGCAGTCTTCGTGC"	""	"ERX6700411"	"ERP132578"	"testis"	"Elongated_spermatids"	NA	NA	NA	"CL:4030037"	"late spermatid"	"perfect match"	"SN253"	NA	1
"GCTGGGTAGATTAGAC"	""	"ERX6700411"	"ERP132578"	"testis"	"Spermatocytes"	NA	NA	NA	"CL:0000017"	"spermatocyte"	"perfect match"	"SN253"	NA	5
"GCTGGGTCACAAATGA"	""	"ERX6700411"	"ERP132578"	"testis"	"Elongated_spermatids"	NA	NA	NA	"CL:4030037"	"late spermatid"	"perfect match"	"SN253"	NA	1
"GCTGGGTCAGCCTATA"	""	"ERX6700411"	"ERP132578"	"testis"	"Other_somatic"	NA	NA	NA	"CL:0002371"	"somatic cell"	"perfect match"	"SN253"	NA	3
"GCTGGGTCAGCGACAA"	""	"ERX6700411"	"ERP132578"	"testis"	"Round_spermatids"	NA	NA	NA	"CL:4030036"	"early spermatid"	"perfect match"	"SN253"	NA	2
"GCTGGGTGTTGGAGGT"	""	"ERX6700411"	"ERP132578"	"testis"	"Round_spermatids"	NA	NA	NA	"CL:4030036"	"early spermatid"	"perfect match"	"SN253"	NA	2
"GCTGGGTTCGAAACAA"	""	"ERX6700411"	"ERP132578"	"testis"	"Round_spermatids"	NA	NA	NA	"CL:4030036"	"early spermatid"	"perfect match"	"SN253"	NA	2
"GCTTCACGTCCATACA"	""	"ERX6700411"	"ERP132578"	"testis"	"Spermatocytes"	NA	NA	NA	"CL:0000017"	"spermatocyte"	"perfect match"	"SN253"	NA	5
"GCTTCACTCGTTGTTT"	""	"ERX6700411"	"ERP132578"	"testis"	"Round_spermatids"	NA	NA	NA	"CL:4030036"	"early spermatid"	"perfect match"	"SN253"	NA	2
"GCTTGGGCAAGAGTTA"	""	"ERX6700411"	"ERP132578"	"testis"	"Round_spermatids"	NA	NA	NA	"CL:4030036"	"early spermatid"	"perfect match"	"SN253"	NA	2
"GCTTGGGGTACAGAAT"	""	"ERX6700411"	"ERP132578"	"testis"	"Round_spermatids"	NA	NA	NA	"CL:4030036"	"early spermatid"	"perfect match"	"SN253"	NA	2
"GCTTTCGAGACCATGG"	""	"ERX6700411"	"ERP132578"	"testis"	"Elongated_spermatids"	NA	NA	NA	"CL:4030037"	"late spermatid"	"perfect match"	"SN253"	NA	1
"GCTTTCGAGCGCGTTC"	""	"ERX6700411"	"ERP132578"	"testis"	"Spermatocytes"	NA	NA	NA	"CL:0000017"	"spermatocyte"	"perfect match"	"SN253"	NA	5
"GCTTTCGAGTTAGAAC"	""	"ERX6700411"	"ERP132578"	"testis"	"Round_spermatids"	NA	NA	NA	"CL:4030036"	"early spermatid"	"perfect match"	"SN253"	NA	2
"GGAACCCAGGGTGAAA"	""	"ERX6700411"	"ERP132578"	"testis"	"Spermatocytes"	NA	NA	NA	"CL:0000017"	"spermatocyte"	"perfect match"	"SN253"	NA	5
"GGAACCCAGTGTTCCA"	""	"ERX6700411"	"ERP132578"	"testis"	"Round_spermatids"	NA	NA	NA	"CL:4030036"	"early spermatid"	"perfect match"	"SN253"	NA	2
"GGAACCCCACTGCACG"	""	"ERX6700411"	"ERP132578"	"testis"	"Elongated_spermatids"	NA	NA	NA	"CL:4030037"	"late spermatid"	"perfect match"	"SN253"	NA	1
"GGAACCCCAGAAGTGC"	""	"ERX6700411"	"ERP132578"	"testis"	"Round_spermatids"	NA	NA	NA	"CL:4030036"	"early spermatid"	"perfect match"	"SN253"	NA	2
"GGAACCCCATCAGCTA"	""	"ERX6700411"	"ERP132578"	"testis"	"Round_spermatids"	NA	NA	NA	"CL:4030036"	"early spermatid"	"perfect match"	"SN253"	NA	2
"GGAACCCGTCTGGTTA"	""	"ERX6700411"	"ERP132578"	"testis"	"Round_spermatids"	NA	NA	NA	"CL:4030036"	"early spermatid"	"perfect match"	"SN253"	NA	2
"GGAAGTGTCATCACCC"	""	"ERX6700411"	"ERP132578"	"testis"	"Round_spermatids"	NA	NA	NA	"CL:4030036"	"early spermatid"	"perfect match"	"SN253"	NA	2
"GGAATCTAGGAACTCG"	""	"ERX6700411"	"ERP132578"	"testis"	"Spermatocytes"	NA	NA	NA	"CL:0000017"	"spermatocyte"	"perfect match"	"SN253"	NA	5
"GGAATCTTCGCATAGT"	""	"ERX6700411"	"ERP132578"	"testis"	"Round_spermatids"	NA	NA	NA	"CL:4030036"	"early spermatid"	"perfect match"	"SN253"	NA	2
"GGACGTCAGAGGGTCT"	""	"ERX6700411"	"ERP132578"	"testis"	"Spermatocytes"	NA	NA	NA	"CL:0000017"	"spermatocyte"	"perfect match"	"SN253"	NA	5
"GGACGTCCACCTGCTT"	""	"ERX6700411"	"ERP132578"	"testis"	"Round_spermatids"	NA	NA	NA	"CL:4030036"	"early spermatid"	"perfect match"	"SN253"	NA	2
"GGACGTCCAGCTCCTT"	""	"ERX6700411"	"ERP132578"	"testis"	"Spermatocytes"	NA	NA	NA	"CL:0000017"	"spermatocyte"	"perfect match"	"SN253"	NA	5
"GGAGAACAGAGACAAG"	""	"ERX6700411"	"ERP132578"	"testis"	"Spermatocytes"	NA	NA	NA	"CL:0000017"	"spermatocyte"	"perfect match"	"SN253"	NA	5
"GGAGAACAGTGGTGGT"	""	"ERX6700411"	"ERP132578"	"testis"	"Elongated_spermatids"	NA	NA	NA	"CL:4030037"	"late spermatid"	"perfect match"	"SN253"	NA	1
"GGAGAACTCCATTGCC"	""	"ERX6700411"	"ERP132578"	"testis"	"Elongated_spermatids"	NA	NA	NA	"CL:4030037"	"late spermatid"	"perfect match"	"SN253"	NA	1
"GGAGAACTCTGATTCT"	""	"ERX6700411"	"ERP132578"	"testis"	"Round_spermatids"	NA	NA	NA	"CL:4030036"	"early spermatid"	"perfect match"	"SN253"	NA	2
"GGAGATGAGCGGTATG"	""	"ERX6700411"	"ERP132578"	"testis"	"Spermatocytes"	NA	NA	NA	"CL:0000017"	"spermatocyte"	"perfect match"	"SN253"	NA	5
"GGAGATGAGGCAGTCA"	""	"ERX6700411"	"ERP132578"	"testis"	"Round_spermatids"	NA	NA	NA	"CL:4030036"	"early spermatid"	"perfect match"	"SN253"	NA	2
"GGAGATGCAACTCCCT"	""	"ERX6700411"	"ERP132578"	"testis"	"Spermatocytes"	NA	NA	NA	"CL:0000017"	"spermatocyte"	"perfect match"	"SN253"	NA	5
"GGAGATGCAAGGATGC"	""	"ERX6700411"	"ERP132578"	"testis"	"Spermatocytes"	NA	NA	NA	"CL:0000017"	"spermatocyte"	"perfect match"	"SN253"	NA	5
"GGAGATGGTCCGAAAG"	""	"ERX6700411"	"ERP132578"	"testis"	"Round_spermatids"	NA	NA	NA	"CL:4030036"	"early spermatid"	"perfect match"	"SN253"	NA	2
"GGAGATGTCTGCACCT"	""	"ERX6700411"	"ERP132578"	"testis"	"Spermatocytes"	NA	NA	NA	"CL:0000017"	"spermatocyte"	"perfect match"	"SN253"	NA	5
"GGAGCAAAGATCCTAC"	""	"ERX6700411"	"ERP132578"	"testis"	"Round_spermatids"	NA	NA	NA	"CL:4030036"	"early spermatid"	"perfect match"	"SN253"	NA	2
"GGAGCAACAAGCTGCC"	""	"ERX6700411"	"ERP132578"	"testis"	"Spermatogonia"	NA	NA	NA	"CL:0000020"	"spermatogonium"	"perfect match"	"SN253"	NA	4
"GGAGGATAGCGATGGT"	""	"ERX6700411"	"ERP132578"	"testis"	"Spermatogonia"	NA	NA	NA	"CL:0000020"	"spermatogonium"	"perfect match"	"SN253"	NA	4
"GGAGGATCATAGAGGC"	""	"ERX6700411"	"ERP132578"	"testis"	"Round_spermatids"	NA	NA	NA	"CL:4030036"	"early spermatid"	"perfect match"	"SN253"	NA	2
"GGAGGATTCGCCTTTG"	""	"ERX6700411"	"ERP132578"	"testis"	"Round_spermatids"	NA	NA	NA	"CL:4030036"	"early spermatid"	"perfect match"	"SN253"	NA	2
"GGAGGTAAGACCATAA"	""	"ERX6700411"	"ERP132578"	"testis"	"Elongated_spermatids"	NA	NA	NA	"CL:4030037"	"late spermatid"	"perfect match"	"SN253"	NA	1
"GGAGGTAGTCTCACAA"	""	"ERX6700411"	"ERP132578"	"testis"	"Round_spermatids"	NA	NA	NA	"CL:4030036"	"early spermatid"	"perfect match"	"SN253"	NA	2
"GGAGGTATCGTAGTCA"	""	"ERX6700411"	"ERP132578"	"testis"	"Spermatocytes"	NA	NA	NA	"CL:0000017"	"spermatocyte"	"perfect match"	"SN253"	NA	5
"GGATCTACAGTGCCTG"	""	"ERX6700411"	"ERP132578"	"testis"	"Round_spermatids"	NA	NA	NA	"CL:4030036"	"early spermatid"	"perfect match"	"SN253"	NA	2
"GGATCTATCATGCCGG"	""	"ERX6700411"	"ERP132578"	"testis"	"Round_spermatids"	NA	NA	NA	"CL:4030036"	"early spermatid"	"perfect match"	"SN253"	NA	2
"GGATGTTGTCCAGCGT"	""	"ERX6700411"	"ERP132578"	"testis"	"Round_spermatids"	NA	NA	NA	"CL:4030036"	"early spermatid"	"perfect match"	"SN253"	NA	2
"GGATGTTTCCTTACCG"	""	"ERX6700411"	"ERP132578"	"testis"	"Spermatocytes"	NA	NA	NA	"CL:0000017"	"spermatocyte"	"perfect match"	"SN253"	NA	5
"GGCACGTAGTTGGAGC"	""	"ERX6700411"	"ERP132578"	"testis"	"Other_somatic"	NA	NA	NA	"CL:0002371"	"somatic cell"	"perfect match"	"SN253"	NA	3
"GGCACGTGTGAGCTCC"	""	"ERX6700411"	"ERP132578"	"testis"	"Round_spermatids"	NA	NA	NA	"CL:4030036"	"early spermatid"	"perfect match"	"SN253"	NA	2
"GGCACGTTCTTTCAGT"	""	"ERX6700411"	"ERP132578"	"testis"	"Spermatocytes"	NA	NA	NA	"CL:0000017"	"spermatocyte"	"perfect match"	"SN253"	NA	5
"GGCAGTCAGTGCACTT"	""	"ERX6700411"	"ERP132578"	"testis"	"Round_spermatids"	NA	NA	NA	"CL:4030036"	"early spermatid"	"perfect match"	"SN253"	NA	2
"GGCAGTCCAGCGAACA"	""	"ERX6700411"	"ERP132578"	"testis"	"Round_spermatids"	NA	NA	NA	"CL:4030036"	"early spermatid"	"perfect match"	"SN253"	NA	2
"GGCAGTCGTCGTCATA"	""	"ERX6700411"	"ERP132578"	"testis"	"Spermatocytes"	NA	NA	NA	"CL:0000017"	"spermatocyte"	"perfect match"	"SN253"	NA	5
"GGCAGTCTCCGCGATG"	""	"ERX6700411"	"ERP132578"	"testis"	"Round_spermatids"	NA	NA	NA	"CL:4030036"	"early spermatid"	"perfect match"	"SN253"	NA	2
"GGCGTCATCCTAAGTG"	""	"ERX6700411"	"ERP132578"	"testis"	"Round_spermatids"	NA	NA	NA	"CL:4030036"	"early spermatid"	"perfect match"	"SN253"	NA	2
"GGCTGTGAGATGTTCC"	""	"ERX6700411"	"ERP132578"	"testis"	"Elongated_spermatids"	NA	NA	NA	"CL:4030037"	"late spermatid"	"perfect match"	"SN253"	NA	1
"GGCTGTGAGGCTCTAT"	""	"ERX6700411"	"ERP132578"	"testis"	"Spermatogonia"	NA	NA	NA	"CL:0000020"	"spermatogonium"	"perfect match"	"SN253"	NA	4
"GGCTGTGAGGTTACAA"	""	"ERX6700411"	"ERP132578"	"testis"	"Round_spermatids"	NA	NA	NA	"CL:4030036"	"early spermatid"	"perfect match"	"SN253"	NA	2
"GGCTGTGGTCGTTGGC"	""	"ERX6700411"	"ERP132578"	"testis"	"Other_somatic"	NA	NA	NA	"CL:0002371"	"somatic cell"	"perfect match"	"SN253"	NA	3
"GGCTGTGTCGAGAGCA"	""	"ERX6700411"	"ERP132578"	"testis"	"Round_spermatids"	NA	NA	NA	"CL:4030036"	"early spermatid"	"perfect match"	"SN253"	NA	2
"GGCTTGGAGTCTTCCC"	""	"ERX6700411"	"ERP132578"	"testis"	"Elongated_spermatids"	NA	NA	NA	"CL:4030037"	"late spermatid"	"perfect match"	"SN253"	NA	1
"GGCTTGGGTCCTGGTG"	""	"ERX6700411"	"ERP132578"	"testis"	"Round_spermatids"	NA	NA	NA	"CL:4030036"	"early spermatid"	"perfect match"	"SN253"	NA	2
"GGCTTGGGTCGAACGA"	""	"ERX6700411"	"ERP132578"	"testis"	"Round_spermatids"	NA	NA	NA	"CL:4030036"	"early spermatid"	"perfect match"	"SN253"	NA	2
"GGCTTGGTCTCTTCAA"	""	"ERX6700411"	"ERP132578"	"testis"	"Round_spermatids"	NA	NA	NA	"CL:4030036"	"early spermatid"	"perfect match"	"SN253"	NA	2
"GGCTTTCAGAATCTAG"	""	"ERX6700411"	"ERP132578"	"testis"	"Round_spermatids"	NA	NA	NA	"CL:4030036"	"early spermatid"	"perfect match"	"SN253"	NA	2
"GGCTTTCAGCCTGAAG"	""	"ERX6700411"	"ERP132578"	"testis"	"Elongated_spermatids"	NA	NA	NA	"CL:4030037"	"late spermatid"	"perfect match"	"SN253"	NA	1
"GGCTTTCTCACTGCTC"	""	"ERX6700411"	"ERP132578"	"testis"	"Elongated_spermatids"	NA	NA	NA	"CL:4030037"	"late spermatid"	"perfect match"	"SN253"	NA	1
"GGGAAGTGTAGGTCAG"	""	"ERX6700411"	"ERP132578"	"testis"	"Round_spermatids"	NA	NA	NA	"CL:4030036"	"early spermatid"	"perfect match"	"SN253"	NA	2
"GGGACAAAGAAGAACG"	""	"ERX6700411"	"ERP132578"	"testis"	"Round_spermatids"	NA	NA	NA	"CL:4030036"	"early spermatid"	"perfect match"	"SN253"	NA	2
"GGGACAAAGCGTCTGC"	""	"ERX6700411"	"ERP132578"	"testis"	"Spermatogonia"	NA	NA	NA	"CL:0000020"	"spermatogonium"	"perfect match"	"SN253"	NA	4
"GGGACAAAGTGGCGAT"	""	"ERX6700411"	"ERP132578"	"testis"	"Round_spermatids"	NA	NA	NA	"CL:4030036"	"early spermatid"	"perfect match"	"SN253"	NA	2
"GGGACAAGTAGTCGTT"	""	"ERX6700411"	"ERP132578"	"testis"	"Spermatocytes"	NA	NA	NA	"CL:0000017"	"spermatocyte"	"perfect match"	"SN253"	NA	5
"GGGACCTAGCATCAAA"	""	"ERX6700411"	"ERP132578"	"testis"	"Round_spermatids"	NA	NA	NA	"CL:4030036"	"early spermatid"	"perfect match"	"SN253"	NA	2
"GGGACCTAGCCTGGAA"	""	"ERX6700411"	"ERP132578"	"testis"	"Elongated_spermatids"	NA	NA	NA	"CL:4030037"	"late spermatid"	"perfect match"	"SN253"	NA	1
"GGGACCTCAGATACCT"	""	"ERX6700411"	"ERP132578"	"testis"	"Round_spermatids"	NA	NA	NA	"CL:4030036"	"early spermatid"	"perfect match"	"SN253"	NA	2
"GGGACTCAGACCAAGC"	""	"ERX6700411"	"ERP132578"	"testis"	"Round_spermatids"	NA	NA	NA	"CL:4030036"	"early spermatid"	"perfect match"	"SN253"	NA	2
"GGGACTCAGGCATCGA"	""	"ERX6700411"	"ERP132578"	"testis"	"Spermatogonia"	NA	NA	NA	"CL:0000020"	"spermatogonium"	"perfect match"	"SN253"	NA	4
"GGGACTCCACGACAGA"	""	"ERX6700411"	"ERP132578"	"testis"	"Round_spermatids"	NA	NA	NA	"CL:4030036"	"early spermatid"	"perfect match"	"SN253"	NA	2
"GGGACTCCATCTCATT"	""	"ERX6700411"	"ERP132578"	"testis"	"Round_spermatids"	NA	NA	NA	"CL:4030036"	"early spermatid"	"perfect match"	"SN253"	NA	2
"GGGACTCTCCGGGACT"	""	"ERX6700411"	"ERP132578"	"testis"	"Round_spermatids"	NA	NA	NA	"CL:4030036"	"early spermatid"	"perfect match"	"SN253"	NA	2
"GGGAGATAGGGCCAAT"	""	"ERX6700411"	"ERP132578"	"testis"	"Spermatocytes"	NA	NA	NA	"CL:0000017"	"spermatocyte"	"perfect match"	"SN253"	NA	5
"GGGAGATGTAACGGTG"	""	"ERX6700411"	"ERP132578"	"testis"	"Round_spermatids"	NA	NA	NA	"CL:4030036"	"early spermatid"	"perfect match"	"SN253"	NA	2
"GGGAGTAAGAAACTCA"	""	"ERX6700411"	"ERP132578"	"testis"	"Spermatogonia"	NA	NA	NA	"CL:0000020"	"spermatogonium"	"perfect match"	"SN253"	NA	4
"GGGAGTAGTCGGCTAC"	""	"ERX6700411"	"ERP132578"	"testis"	"Round_spermatids"	NA	NA	NA	"CL:4030036"	"early spermatid"	"perfect match"	"SN253"	NA	2
"GGGATCCAGCACTAGG"	""	"ERX6700411"	"ERP132578"	"testis"	"Round_spermatids"	NA	NA	NA	"CL:4030036"	"early spermatid"	"perfect match"	"SN253"	NA	2
"GGGATCCAGGCCACTC"	""	"ERX6700411"	"ERP132578"	"testis"	"Round_spermatids"	NA	NA	NA	"CL:4030036"	"early spermatid"	"perfect match"	"SN253"	NA	2
"GGGATCCAGGGTCACA"	""	"ERX6700411"	"ERP132578"	"testis"	"Spermatocytes"	NA	NA	NA	"CL:0000017"	"spermatocyte"	"perfect match"	"SN253"	NA	5
"GGGATCCCACCAGCGT"	""	"ERX6700411"	"ERP132578"	"testis"	"Elongated_spermatids"	NA	NA	NA	"CL:4030037"	"late spermatid"	"perfect match"	"SN253"	NA	1
"GGGATCCCAGAACTCT"	""	"ERX6700411"	"ERP132578"	"testis"	"Elongated_spermatids"	NA	NA	NA	"CL:4030037"	"late spermatid"	"perfect match"	"SN253"	NA	1
"GGGATCCCAGGCAATG"	""	"ERX6700411"	"ERP132578"	"testis"	"Elongated_spermatids"	NA	NA	NA	"CL:4030037"	"late spermatid"	"perfect match"	"SN253"	NA	1
"GGGATCCGTCCTACAA"	""	"ERX6700411"	"ERP132578"	"testis"	"Elongated_spermatids"	NA	NA	NA	"CL:4030037"	"late spermatid"	"perfect match"	"SN253"	NA	1
"GGGATCCTCTAGACAC"	""	"ERX6700411"	"ERP132578"	"testis"	"Elongated_spermatids"	NA	NA	NA	"CL:4030037"	"late spermatid"	"perfect match"	"SN253"	NA	1
"GGGATGAAGAGAACCC"	""	"ERX6700411"	"ERP132578"	"testis"	"Spermatogonia"	NA	NA	NA	"CL:0000020"	"spermatogonium"	"perfect match"	"SN253"	NA	4
"GGGATGAAGTATAGAC"	""	"ERX6700411"	"ERP132578"	"testis"	"Round_spermatids"	NA	NA	NA	"CL:4030036"	"early spermatid"	"perfect match"	"SN253"	NA	2
"GGGATGACAAGAGGCT"	""	"ERX6700411"	"ERP132578"	"testis"	"Elongated_spermatids"	NA	NA	NA	"CL:4030037"	"late spermatid"	"perfect match"	"SN253"	NA	1
"GGGATGACAGCTCCTT"	""	"ERX6700411"	"ERP132578"	"testis"	"Round_spermatids"	NA	NA	NA	"CL:4030036"	"early spermatid"	"perfect match"	"SN253"	NA	2
"GGGCCATCAATTGAGA"	""	"ERX6700411"	"ERP132578"	"testis"	"Elongated_spermatids"	NA	NA	NA	"CL:4030037"	"late spermatid"	"perfect match"	"SN253"	NA	1
"GGGCCATGTCAGTTTG"	""	"ERX6700411"	"ERP132578"	"testis"	"Spermatocytes"	NA	NA	NA	"CL:0000017"	"spermatocyte"	"perfect match"	"SN253"	NA	5
"GGGCCATTCAGTGCGC"	""	"ERX6700411"	"ERP132578"	"testis"	"Other_somatic"	NA	NA	NA	"CL:0002371"	"somatic cell"	"perfect match"	"SN253"	NA	3
"GGGCGTTAGGTTACAA"	""	"ERX6700411"	"ERP132578"	"testis"	"Elongated_spermatids"	NA	NA	NA	"CL:4030037"	"late spermatid"	"perfect match"	"SN253"	NA	1
"GGGCGTTAGTCAGGGT"	""	"ERX6700411"	"ERP132578"	"testis"	"Elongated_spermatids"	NA	NA	NA	"CL:4030037"	"late spermatid"	"perfect match"	"SN253"	NA	1
"GGGCGTTCACCCTTAC"	""	"ERX6700411"	"ERP132578"	"testis"	"Round_spermatids"	NA	NA	NA	"CL:4030036"	"early spermatid"	"perfect match"	"SN253"	NA	2
"GGGCGTTCATAACCCA"	""	"ERX6700411"	"ERP132578"	"testis"	"Spermatocytes"	NA	NA	NA	"CL:0000017"	"spermatocyte"	"perfect match"	"SN253"	NA	5
"GGGCGTTTCTGTGCTC"	""	"ERX6700411"	"ERP132578"	"testis"	"Round_spermatids"	NA	NA	NA	"CL:4030036"	"early spermatid"	"perfect match"	"SN253"	NA	2
"GGGCTACAGGCCTTCG"	""	"ERX6700411"	"ERP132578"	"testis"	"Round_spermatids"	NA	NA	NA	"CL:4030036"	"early spermatid"	"perfect match"	"SN253"	NA	2
"GGGCTACAGGTCGTGA"	""	"ERX6700411"	"ERP132578"	"testis"	"Round_spermatids"	NA	NA	NA	"CL:4030036"	"early spermatid"	"perfect match"	"SN253"	NA	2
"GGGCTACCAAGCAATA"	""	"ERX6700411"	"ERP132578"	"testis"	"Elongated_spermatids"	NA	NA	NA	"CL:4030037"	"late spermatid"	"perfect match"	"SN253"	NA	1
"GGGCTACCATTGAGGG"	""	"ERX6700411"	"ERP132578"	"testis"	"Spermatocytes"	NA	NA	NA	"CL:0000017"	"spermatocyte"	"perfect match"	"SN253"	NA	5
"GGGCTCACACAATTCG"	""	"ERX6700411"	"ERP132578"	"testis"	"Round_spermatids"	NA	NA	NA	"CL:4030036"	"early spermatid"	"perfect match"	"SN253"	NA	2
"GGGCTCACACCCTATC"	""	"ERX6700411"	"ERP132578"	"testis"	"Round_spermatids"	NA	NA	NA	"CL:4030036"	"early spermatid"	"perfect match"	"SN253"	NA	2
"GGGCTCACACTAACCA"	""	"ERX6700411"	"ERP132578"	"testis"	"Elongated_spermatids"	NA	NA	NA	"CL:4030037"	"late spermatid"	"perfect match"	"SN253"	NA	1
"GGGCTCAGTCAAACGG"	""	"ERX6700411"	"ERP132578"	"testis"	"Round_spermatids"	NA	NA	NA	"CL:4030036"	"early spermatid"	"perfect match"	"SN253"	NA	2
"GGGCTCAGTGCTGCAC"	""	"ERX6700411"	"ERP132578"	"testis"	"Spermatogonia"	NA	NA	NA	"CL:0000020"	"spermatogonium"	"perfect match"	"SN253"	NA	4
"GGGCTCAGTTGATCGT"	""	"ERX6700411"	"ERP132578"	"testis"	"Round_spermatids"	NA	NA	NA	"CL:4030036"	"early spermatid"	"perfect match"	"SN253"	NA	2
"GGGCTCAGTTGCTCAA"	""	"ERX6700411"	"ERP132578"	"testis"	"Round_spermatids"	NA	NA	NA	"CL:4030036"	"early spermatid"	"perfect match"	"SN253"	NA	2
"GGGCTCATCGCAGTGC"	""	"ERX6700411"	"ERP132578"	"testis"	"Round_spermatids"	NA	NA	NA	"CL:4030036"	"early spermatid"	"perfect match"	"SN253"	NA	2
"GGGTAGACACATTCGA"	""	"ERX6700411"	"ERP132578"	"testis"	"Round_spermatids"	NA	NA	NA	"CL:4030036"	"early spermatid"	"perfect match"	"SN253"	NA	2
"GGGTAGAGTATACGGG"	""	"ERX6700411"	"ERP132578"	"testis"	"Spermatocytes"	NA	NA	NA	"CL:0000017"	"spermatocyte"	"perfect match"	"SN253"	NA	5
"GGGTAGAGTGTGCTTA"	""	"ERX6700411"	"ERP132578"	"testis"	"Round_spermatids"	NA	NA	NA	"CL:4030036"	"early spermatid"	"perfect match"	"SN253"	NA	2
"GGGTAGATCGTGGACC"	""	"ERX6700411"	"ERP132578"	"testis"	"Spermatocytes"	NA	NA	NA	"CL:0000017"	"spermatocyte"	"perfect match"	"SN253"	NA	5
"GGGTATTCAAGCGCTC"	""	"ERX6700411"	"ERP132578"	"testis"	"Round_spermatids"	NA	NA	NA	"CL:4030036"	"early spermatid"	"perfect match"	"SN253"	NA	2
"GGGTATTGTCCAACGC"	""	"ERX6700411"	"ERP132578"	"testis"	"Round_spermatids"	NA	NA	NA	"CL:4030036"	"early spermatid"	"perfect match"	"SN253"	NA	2
"GGGTATTGTTCTTGCC"	""	"ERX6700411"	"ERP132578"	"testis"	"Elongated_spermatids"	NA	NA	NA	"CL:4030037"	"late spermatid"	"perfect match"	"SN253"	NA	1
"GGGTCACGTGTCATTG"	""	"ERX6700411"	"ERP132578"	"testis"	"Spermatocytes"	NA	NA	NA	"CL:0000017"	"spermatocyte"	"perfect match"	"SN253"	NA	5
"GGGTCTGAGGGCAGGA"	""	"ERX6700411"	"ERP132578"	"testis"	"Round_spermatids"	NA	NA	NA	"CL:4030036"	"early spermatid"	"perfect match"	"SN253"	NA	2
"GGGTCTGAGGTTCTTG"	""	"ERX6700411"	"ERP132578"	"testis"	"Other_somatic"	NA	NA	NA	"CL:0002371"	"somatic cell"	"perfect match"	"SN253"	NA	3
"GGGTCTGCAAGCGATG"	""	"ERX6700411"	"ERP132578"	"testis"	"Elongated_spermatids"	NA	NA	NA	"CL:4030037"	"late spermatid"	"perfect match"	"SN253"	NA	1
"GGGTCTGCAAGGTCTT"	""	"ERX6700411"	"ERP132578"	"testis"	"Round_spermatids"	NA	NA	NA	"CL:4030036"	"early spermatid"	"perfect match"	"SN253"	NA	2
"GGGTCTGCATTCTGTT"	""	"ERX6700411"	"ERP132578"	"testis"	"Spermatocytes"	NA	NA	NA	"CL:0000017"	"spermatocyte"	"perfect match"	"SN253"	NA	5
"GGGTCTGGTATCGATC"	""	"ERX6700411"	"ERP132578"	"testis"	"Round_spermatids"	NA	NA	NA	"CL:4030036"	"early spermatid"	"perfect match"	"SN253"	NA	2
"GGGTCTGTCACACCCT"	""	"ERX6700411"	"ERP132578"	"testis"	"Round_spermatids"	NA	NA	NA	"CL:4030036"	"early spermatid"	"perfect match"	"SN253"	NA	2
"GGGTCTGTCCAGCCTT"	""	"ERX6700411"	"ERP132578"	"testis"	"Spermatocytes"	NA	NA	NA	"CL:0000017"	"spermatocyte"	"perfect match"	"SN253"	NA	5
"GGGTCTGTCGCTCATC"	""	"ERX6700411"	"ERP132578"	"testis"	"Elongated_spermatids"	NA	NA	NA	"CL:4030037"	"late spermatid"	"perfect match"	"SN253"	NA	1
"GGGTGAACAGCTCGGT"	""	"ERX6700411"	"ERP132578"	"testis"	"Round_spermatids"	NA	NA	NA	"CL:4030036"	"early spermatid"	"perfect match"	"SN253"	NA	2
"GGGTGAAGTCACGACC"	""	"ERX6700411"	"ERP132578"	"testis"	"Spermatocytes"	NA	NA	NA	"CL:0000017"	"spermatocyte"	"perfect match"	"SN253"	NA	5
"GGGTGAAGTGGTCTCG"	""	"ERX6700411"	"ERP132578"	"testis"	"Round_spermatids"	NA	NA	NA	"CL:4030036"	"early spermatid"	"perfect match"	"SN253"	NA	2
"GGGTGTCTCTCGCAGG"	""	"ERX6700411"	"ERP132578"	"testis"	"Round_spermatids"	NA	NA	NA	"CL:4030036"	"early spermatid"	"perfect match"	"SN253"	NA	2
"GGGTTATCACCTGCTT"	""	"ERX6700411"	"ERP132578"	"testis"	"Round_spermatids"	NA	NA	NA	"CL:4030036"	"early spermatid"	"perfect match"	"SN253"	NA	2
"GGGTTATTCATTCGTT"	""	"ERX6700411"	"ERP132578"	"testis"	"Round_spermatids"	NA	NA	NA	"CL:4030036"	"early spermatid"	"perfect match"	"SN253"	NA	2
"GGGTTTAAGTGGTCAG"	""	"ERX6700411"	"ERP132578"	"testis"	"Round_spermatids"	NA	NA	NA	"CL:4030036"	"early spermatid"	"perfect match"	"SN253"	NA	2
"GGGTTTAGTACGCGTC"	""	"ERX6700411"	"ERP132578"	"testis"	"Spermatocytes"	NA	NA	NA	"CL:0000017"	"spermatocyte"	"perfect match"	"SN253"	NA	5
"GGGTTTAGTCCACTCT"	""	"ERX6700411"	"ERP132578"	"testis"	"Spermatocytes"	NA	NA	NA	"CL:0000017"	"spermatocyte"	"perfect match"	"SN253"	NA	5
"GGGTTTAGTCCCAAAT"	""	"ERX6700411"	"ERP132578"	"testis"	"Round_spermatids"	NA	NA	NA	"CL:4030036"	"early spermatid"	"perfect match"	"SN253"	NA	2
"GGGTTTAGTGACACAG"	""	"ERX6700411"	"ERP132578"	"testis"	"Other_somatic"	NA	NA	NA	"CL:0002371"	"somatic cell"	"perfect match"	"SN253"	NA	3
"GGGTTTATCAAGCGTT"	""	"ERX6700411"	"ERP132578"	"testis"	"Spermatocytes"	NA	NA	NA	"CL:0000017"	"spermatocyte"	"perfect match"	"SN253"	NA	5
"GGGTTTATCTTGAACG"	""	"ERX6700411"	"ERP132578"	"testis"	"Round_spermatids"	NA	NA	NA	"CL:4030036"	"early spermatid"	"perfect match"	"SN253"	NA	2
"GGTAACTAGTAAAGCT"	""	"ERX6700411"	"ERP132578"	"testis"	"Round_spermatids"	NA	NA	NA	"CL:4030036"	"early spermatid"	"perfect match"	"SN253"	NA	2
"GGTAACTCACAAATGA"	""	"ERX6700411"	"ERP132578"	"testis"	"Elongated_spermatids"	NA	NA	NA	"CL:4030037"	"late spermatid"	"perfect match"	"SN253"	NA	1
"GGTAACTTCCAATCTT"	""	"ERX6700411"	"ERP132578"	"testis"	"Elongated_spermatids"	NA	NA	NA	"CL:4030037"	"late spermatid"	"perfect match"	"SN253"	NA	1
"GGTAATCCACTGGCGT"	""	"ERX6700411"	"ERP132578"	"testis"	"Round_spermatids"	NA	NA	NA	"CL:4030036"	"early spermatid"	"perfect match"	"SN253"	NA	2
"GGTAATCCATCCGAAT"	""	"ERX6700411"	"ERP132578"	"testis"	"Spermatocytes"	NA	NA	NA	"CL:0000017"	"spermatocyte"	"perfect match"	"SN253"	NA	5
"GGTAATCGTGACTATC"	""	"ERX6700411"	"ERP132578"	"testis"	"Round_spermatids"	NA	NA	NA	"CL:4030036"	"early spermatid"	"perfect match"	"SN253"	NA	2
"GGTAATCGTGCTCGTG"	""	"ERX6700411"	"ERP132578"	"testis"	"Round_spermatids"	NA	NA	NA	"CL:4030036"	"early spermatid"	"perfect match"	"SN253"	NA	2
"GGTAATCTCCCTCAAC"	""	"ERX6700411"	"ERP132578"	"testis"	"Round_spermatids"	NA	NA	NA	"CL:4030036"	"early spermatid"	"perfect match"	"SN253"	NA	2
"GGTAGAGAGATGGTCG"	""	"ERX6700411"	"ERP132578"	"testis"	"Round_spermatids"	NA	NA	NA	"CL:4030036"	"early spermatid"	"perfect match"	"SN253"	NA	2
"GGTAGAGTCGATGCAT"	""	"ERX6700411"	"ERP132578"	"testis"	"Round_spermatids"	NA	NA	NA	"CL:4030036"	"early spermatid"	"perfect match"	"SN253"	NA	2
"GGTAGAGTCGTAACAC"	""	"ERX6700411"	"ERP132578"	"testis"	"Spermatocytes"	NA	NA	NA	"CL:0000017"	"spermatocyte"	"perfect match"	"SN253"	NA	5
"GGTAGAGTCTCGGTAA"	""	"ERX6700411"	"ERP132578"	"testis"	"Spermatocytes"	NA	NA	NA	"CL:0000017"	"spermatocyte"	"perfect match"	"SN253"	NA	5
"GGTCACGAGAAATCCA"	""	"ERX6700411"	"ERP132578"	"testis"	"Round_spermatids"	NA	NA	NA	"CL:4030036"	"early spermatid"	"perfect match"	"SN253"	NA	2
"GGTCACGAGATAACGT"	""	"ERX6700411"	"ERP132578"	"testis"	"Spermatocytes"	NA	NA	NA	"CL:0000017"	"spermatocyte"	"perfect match"	"SN253"	NA	5
"GGTCACGGTTCGGCTG"	""	"ERX6700411"	"ERP132578"	"testis"	"Round_spermatids"	NA	NA	NA	"CL:4030036"	"early spermatid"	"perfect match"	"SN253"	NA	2
"GGTCTGGCAGAACTCT"	""	"ERX6700411"	"ERP132578"	"testis"	"Spermatocytes"	NA	NA	NA	"CL:0000017"	"spermatocyte"	"perfect match"	"SN253"	NA	5
"GGTCTGGTCATGGCCG"	""	"ERX6700411"	"ERP132578"	"testis"	"Round_spermatids"	NA	NA	NA	"CL:4030036"	"early spermatid"	"perfect match"	"SN253"	NA	2
"GGTCTGGTCCATGCAA"	""	"ERX6700411"	"ERP132578"	"testis"	"Elongated_spermatids"	NA	NA	NA	"CL:4030037"	"late spermatid"	"perfect match"	"SN253"	NA	1
"GGTGAAGCATACTGAC"	""	"ERX6700411"	"ERP132578"	"testis"	"Round_spermatids"	NA	NA	NA	"CL:4030036"	"early spermatid"	"perfect match"	"SN253"	NA	2
"GGTGAAGGTATTCCGA"	""	"ERX6700411"	"ERP132578"	"testis"	"Round_spermatids"	NA	NA	NA	"CL:4030036"	"early spermatid"	"perfect match"	"SN253"	NA	2
"GGTGATTCAATACGAA"	""	"ERX6700411"	"ERP132578"	"testis"	"Round_spermatids"	NA	NA	NA	"CL:4030036"	"early spermatid"	"perfect match"	"SN253"	NA	2
"GGTGATTCACCTCGTT"	""	"ERX6700411"	"ERP132578"	"testis"	"Round_spermatids"	NA	NA	NA	"CL:4030036"	"early spermatid"	"perfect match"	"SN253"	NA	2
"GGTGATTCACGGTGCT"	""	"ERX6700411"	"ERP132578"	"testis"	"Spermatocytes"	NA	NA	NA	"CL:0000017"	"spermatocyte"	"perfect match"	"SN253"	NA	5
"GGTGATTGTCGAAACG"	""	"ERX6700411"	"ERP132578"	"testis"	"Round_spermatids"	NA	NA	NA	"CL:4030036"	"early spermatid"	"perfect match"	"SN253"	NA	2
"GGTGATTTCGAAGCCC"	""	"ERX6700411"	"ERP132578"	"testis"	"Round_spermatids"	NA	NA	NA	"CL:4030036"	"early spermatid"	"perfect match"	"SN253"	NA	2
"GGTGGCTAGGGACAGG"	""	"ERX6700411"	"ERP132578"	"testis"	"Round_spermatids"	NA	NA	NA	"CL:4030036"	"early spermatid"	"perfect match"	"SN253"	NA	2
"GGTGGCTCACGCGTCA"	""	"ERX6700411"	"ERP132578"	"testis"	"Spermatogonia"	NA	NA	NA	"CL:0000020"	"spermatogonium"	"perfect match"	"SN253"	NA	4
"GGTGTCGCAGCAATTC"	""	"ERX6700411"	"ERP132578"	"testis"	"Elongated_spermatids"	NA	NA	NA	"CL:4030037"	"late spermatid"	"perfect match"	"SN253"	NA	1
"GGTGTTAAGGGTTAGC"	""	"ERX6700411"	"ERP132578"	"testis"	"Elongated_spermatids"	NA	NA	NA	"CL:4030037"	"late spermatid"	"perfect match"	"SN253"	NA	1
"GGTGTTACAGTCAGTT"	""	"ERX6700411"	"ERP132578"	"testis"	"Elongated_spermatids"	NA	NA	NA	"CL:4030037"	"late spermatid"	"perfect match"	"SN253"	NA	1
"GGTGTTAGTGAGTTGG"	""	"ERX6700411"	"ERP132578"	"testis"	"Round_spermatids"	NA	NA	NA	"CL:4030036"	"early spermatid"	"perfect match"	"SN253"	NA	2
"GGTGTTATCATTGCCC"	""	"ERX6700411"	"ERP132578"	"testis"	"Round_spermatids"	NA	NA	NA	"CL:4030036"	"early spermatid"	"perfect match"	"SN253"	NA	2
"GGTTAACAGCTCTATG"	""	"ERX6700411"	"ERP132578"	"testis"	"Round_spermatids"	NA	NA	NA	"CL:4030036"	"early spermatid"	"perfect match"	"SN253"	NA	2
"GGTTAACGTCATAGTC"	""	"ERX6700411"	"ERP132578"	"testis"	"Round_spermatids"	NA	NA	NA	"CL:4030036"	"early spermatid"	"perfect match"	"SN253"	NA	2
"GGTTAACTCCTCACTG"	""	"ERX6700411"	"ERP132578"	"testis"	"Spermatocytes"	NA	NA	NA	"CL:0000017"	"spermatocyte"	"perfect match"	"SN253"	NA	5
"GGTTCTCAGCAACAGC"	""	"ERX6700411"	"ERP132578"	"testis"	"Elongated_spermatids"	NA	NA	NA	"CL:4030037"	"late spermatid"	"perfect match"	"SN253"	NA	1
"GGTTCTCCAGCCGTCA"	""	"ERX6700411"	"ERP132578"	"testis"	"Spermatocytes"	NA	NA	NA	"CL:0000017"	"spermatocyte"	"perfect match"	"SN253"	NA	5
"GGTTGTATCACTCTTA"	""	"ERX6700411"	"ERP132578"	"testis"	"Other_somatic"	NA	NA	NA	"CL:0002371"	"somatic cell"	"perfect match"	"SN253"	NA	3
"GGTTGTATCCAAGCCG"	""	"ERX6700411"	"ERP132578"	"testis"	"Round_spermatids"	NA	NA	NA	"CL:4030036"	"early spermatid"	"perfect match"	"SN253"	NA	2
"GGTTGTATCGCAACAT"	""	"ERX6700411"	"ERP132578"	"testis"	"Round_spermatids"	NA	NA	NA	"CL:4030036"	"early spermatid"	"perfect match"	"SN253"	NA	2
"GTAACACAGAGTCTGG"	""	"ERX6700411"	"ERP132578"	"testis"	"Round_spermatids"	NA	NA	NA	"CL:4030036"	"early spermatid"	"perfect match"	"SN253"	NA	2
"GTAACACCACTGAGGA"	""	"ERX6700411"	"ERP132578"	"testis"	"Round_spermatids"	NA	NA	NA	"CL:4030036"	"early spermatid"	"perfect match"	"SN253"	NA	2
"GTAACACGTTGGATCT"	""	"ERX6700411"	"ERP132578"	"testis"	"Spermatocytes"	NA	NA	NA	"CL:0000017"	"spermatocyte"	"perfect match"	"SN253"	NA	5
"GTAACACTCGCAGTTA"	""	"ERX6700411"	"ERP132578"	"testis"	"Spermatogonia"	NA	NA	NA	"CL:0000020"	"spermatogonium"	"perfect match"	"SN253"	NA	4
"GTAACACTCTCATTAC"	""	"ERX6700411"	"ERP132578"	"testis"	"Round_spermatids"	NA	NA	NA	"CL:4030036"	"early spermatid"	"perfect match"	"SN253"	NA	2
"GTAACCAAGACATAAC"	""	"ERX6700411"	"ERP132578"	"testis"	"Round_spermatids"	NA	NA	NA	"CL:4030036"	"early spermatid"	"perfect match"	"SN253"	NA	2
"GTAACCACAAGTCCAT"	""	"ERX6700411"	"ERP132578"	"testis"	"Other_somatic"	NA	NA	NA	"CL:0002371"	"somatic cell"	"perfect match"	"SN253"	NA	3
"GTAACCACAGTAGATA"	""	"ERX6700411"	"ERP132578"	"testis"	"Spermatogonia"	NA	NA	NA	"CL:0000020"	"spermatogonium"	"perfect match"	"SN253"	NA	4
"GTAAGTCCACTAGTAC"	""	"ERX6700411"	"ERP132578"	"testis"	"Round_spermatids"	NA	NA	NA	"CL:4030036"	"early spermatid"	"perfect match"	"SN253"	NA	2
"GTAAGTCCATCGATGT"	""	"ERX6700411"	"ERP132578"	"testis"	"Round_spermatids"	NA	NA	NA	"CL:4030036"	"early spermatid"	"perfect match"	"SN253"	NA	2
"GTAAGTCTCAGGACAG"	""	"ERX6700411"	"ERP132578"	"testis"	"Elongated_spermatids"	NA	NA	NA	"CL:4030037"	"late spermatid"	"perfect match"	"SN253"	NA	1
"GTAAGTCTCGGTAACT"	""	"ERX6700411"	"ERP132578"	"testis"	"Round_spermatids"	NA	NA	NA	"CL:4030036"	"early spermatid"	"perfect match"	"SN253"	NA	2
"GTAATCGAGAAGCGCT"	""	"ERX6700411"	"ERP132578"	"testis"	"Spermatocytes"	NA	NA	NA	"CL:0000017"	"spermatocyte"	"perfect match"	"SN253"	NA	5
"GTAATCGAGGATAATC"	""	"ERX6700411"	"ERP132578"	"testis"	"Elongated_spermatids"	NA	NA	NA	"CL:4030037"	"late spermatid"	"perfect match"	"SN253"	NA	1
"GTAATCGAGGGTACAC"	""	"ERX6700411"	"ERP132578"	"testis"	"Elongated_spermatids"	NA	NA	NA	"CL:4030037"	"late spermatid"	"perfect match"	"SN253"	NA	1
"GTAATCGGTTTGGAGG"	""	"ERX6700411"	"ERP132578"	"testis"	"Round_spermatids"	NA	NA	NA	"CL:4030036"	"early spermatid"	"perfect match"	"SN253"	NA	2
"GTAATCGTCAGATTGC"	""	"ERX6700411"	"ERP132578"	"testis"	"Round_spermatids"	NA	NA	NA	"CL:4030036"	"early spermatid"	"perfect match"	"SN253"	NA	2
"GTAATCGTCCACTGGG"	""	"ERX6700411"	"ERP132578"	"testis"	"Elongated_spermatids"	NA	NA	NA	"CL:4030037"	"late spermatid"	"perfect match"	"SN253"	NA	1
"GTAATGCAGTGCGACA"	""	"ERX6700411"	"ERP132578"	"testis"	"Elongated_spermatids"	NA	NA	NA	"CL:4030037"	"late spermatid"	"perfect match"	"SN253"	NA	1
"GTAATGCCAAGAGGCT"	""	"ERX6700411"	"ERP132578"	"testis"	"Round_spermatids"	NA	NA	NA	"CL:4030036"	"early spermatid"	"perfect match"	"SN253"	NA	2
"GTAATGCGTAATCAAG"	""	"ERX6700411"	"ERP132578"	"testis"	"Spermatocytes"	NA	NA	NA	"CL:0000017"	"spermatocyte"	"perfect match"	"SN253"	NA	5
"GTACAACAGATGAAGG"	""	"ERX6700411"	"ERP132578"	"testis"	"Round_spermatids"	NA	NA	NA	"CL:4030036"	"early spermatid"	"perfect match"	"SN253"	NA	2
"GTAGAAAAGAAGCGCT"	""	"ERX6700411"	"ERP132578"	"testis"	"Round_spermatids"	NA	NA	NA	"CL:4030036"	"early spermatid"	"perfect match"	"SN253"	NA	2
"GTAGAAAAGTTAACGA"	""	"ERX6700411"	"ERP132578"	"testis"	"Other_somatic"	NA	NA	NA	"CL:0002371"	"somatic cell"	"perfect match"	"SN253"	NA	3
"GTAGAAAGTCGAATGG"	""	"ERX6700411"	"ERP132578"	"testis"	"Round_spermatids"	NA	NA	NA	"CL:4030036"	"early spermatid"	"perfect match"	"SN253"	NA	2
"GTAGAAATCCGCATAA"	""	"ERX6700411"	"ERP132578"	"testis"	"Round_spermatids"	NA	NA	NA	"CL:4030036"	"early spermatid"	"perfect match"	"SN253"	NA	2
"GTAGAAATCGACACTA"	""	"ERX6700411"	"ERP132578"	"testis"	"Spermatogonia"	NA	NA	NA	"CL:0000020"	"spermatogonium"	"perfect match"	"SN253"	NA	4
"GTAGAGGAGACTTGTC"	""	"ERX6700411"	"ERP132578"	"testis"	"Round_spermatids"	NA	NA	NA	"CL:4030036"	"early spermatid"	"perfect match"	"SN253"	NA	2
"GTAGAGGAGGAGAATG"	""	"ERX6700411"	"ERP132578"	"testis"	"Round_spermatids"	NA	NA	NA	"CL:4030036"	"early spermatid"	"perfect match"	"SN253"	NA	2
"GTAGAGGGTATCGTAC"	""	"ERX6700411"	"ERP132578"	"testis"	"Elongated_spermatids"	NA	NA	NA	"CL:4030037"	"late spermatid"	"perfect match"	"SN253"	NA	1
"GTAGAGGGTCTGGTTA"	""	"ERX6700411"	"ERP132578"	"testis"	"Round_spermatids"	NA	NA	NA	"CL:4030036"	"early spermatid"	"perfect match"	"SN253"	NA	2
"GTAGATCAGGCACTCC"	""	"ERX6700411"	"ERP132578"	"testis"	"Round_spermatids"	NA	NA	NA	"CL:4030036"	"early spermatid"	"perfect match"	"SN253"	NA	2
"GTAGATCCATTCGATG"	""	"ERX6700411"	"ERP132578"	"testis"	"Round_spermatids"	NA	NA	NA	"CL:4030036"	"early spermatid"	"perfect match"	"SN253"	NA	2
"GTAGCTACACACACTA"	""	"ERX6700411"	"ERP132578"	"testis"	"Spermatocytes"	NA	NA	NA	"CL:0000017"	"spermatocyte"	"perfect match"	"SN253"	NA	5
"GTAGCTACAGGTCAAG"	""	"ERX6700411"	"ERP132578"	"testis"	"Round_spermatids"	NA	NA	NA	"CL:4030036"	"early spermatid"	"perfect match"	"SN253"	NA	2
"GTAGCTAGTCACAATC"	""	"ERX6700411"	"ERP132578"	"testis"	"Round_spermatids"	NA	NA	NA	"CL:4030036"	"early spermatid"	"perfect match"	"SN253"	NA	2
"GTAGCTAGTCTACGTA"	""	"ERX6700411"	"ERP132578"	"testis"	"Round_spermatids"	NA	NA	NA	"CL:4030036"	"early spermatid"	"perfect match"	"SN253"	NA	2
"GTAGCTAGTCTTTATC"	""	"ERX6700411"	"ERP132578"	"testis"	"Spermatogonia"	NA	NA	NA	"CL:0000020"	"spermatogonium"	"perfect match"	"SN253"	NA	4
"GTAGCTATCGGCATCG"	""	"ERX6700411"	"ERP132578"	"testis"	"Round_spermatids"	NA	NA	NA	"CL:4030036"	"early spermatid"	"perfect match"	"SN253"	NA	2
"GTAGGAGCAACAGCTT"	""	"ERX6700411"	"ERP132578"	"testis"	"Round_spermatids"	NA	NA	NA	"CL:4030036"	"early spermatid"	"perfect match"	"SN253"	NA	2
"GTAGGAGTCACCACAA"	""	"ERX6700411"	"ERP132578"	"testis"	"Round_spermatids"	NA	NA	NA	"CL:4030036"	"early spermatid"	"perfect match"	"SN253"	NA	2
"GTAGGAGTCTAGTGTG"	""	"ERX6700411"	"ERP132578"	"testis"	"Other_somatic"	NA	NA	NA	"CL:0002371"	"somatic cell"	"perfect match"	"SN253"	NA	3
"GTAGGTTAGTATAGGT"	""	"ERX6700411"	"ERP132578"	"testis"	"Elongated_spermatids"	NA	NA	NA	"CL:4030037"	"late spermatid"	"perfect match"	"SN253"	NA	1
"GTAGGTTAGTGCAGGT"	""	"ERX6700411"	"ERP132578"	"testis"	"Elongated_spermatids"	NA	NA	NA	"CL:4030037"	"late spermatid"	"perfect match"	"SN253"	NA	1
"GTAGGTTCAGAGGCAT"	""	"ERX6700411"	"ERP132578"	"testis"	"Round_spermatids"	NA	NA	NA	"CL:4030036"	"early spermatid"	"perfect match"	"SN253"	NA	2
"GTAGGTTCAGCGTTTA"	""	"ERX6700411"	"ERP132578"	"testis"	"Round_spermatids"	NA	NA	NA	"CL:4030036"	"early spermatid"	"perfect match"	"SN253"	NA	2
"GTAGGTTCAGTCACGC"	""	"ERX6700411"	"ERP132578"	"testis"	"Other_somatic"	NA	NA	NA	"CL:0002371"	"somatic cell"	"perfect match"	"SN253"	NA	3
"GTAGGTTCATGACGTT"	""	"ERX6700411"	"ERP132578"	"testis"	"Elongated_spermatids"	NA	NA	NA	"CL:4030037"	"late spermatid"	"perfect match"	"SN253"	NA	1
"GTAGGTTGTTAGCGGA"	""	"ERX6700411"	"ERP132578"	"testis"	"Spermatogonia"	NA	NA	NA	"CL:0000020"	"spermatogonium"	"perfect match"	"SN253"	NA	4
"GTAGGTTTCCCTCAAC"	""	"ERX6700411"	"ERP132578"	"testis"	"Round_spermatids"	NA	NA	NA	"CL:4030036"	"early spermatid"	"perfect match"	"SN253"	NA	2
"GTAGTACGTAAGAACT"	""	"ERX6700411"	"ERP132578"	"testis"	"Round_spermatids"	NA	NA	NA	"CL:4030036"	"early spermatid"	"perfect match"	"SN253"	NA	2
"GTAGTACGTTGGTAGG"	""	"ERX6700411"	"ERP132578"	"testis"	"Spermatocytes"	NA	NA	NA	"CL:0000017"	"spermatocyte"	"perfect match"	"SN253"	NA	5
"GTAGTACTCACGATAC"	""	"ERX6700411"	"ERP132578"	"testis"	"Spermatocytes"	NA	NA	NA	"CL:0000017"	"spermatocyte"	"perfect match"	"SN253"	NA	5
"GTATTGGAGTTTGTCG"	""	"ERX6700411"	"ERP132578"	"testis"	"Round_spermatids"	NA	NA	NA	"CL:4030036"	"early spermatid"	"perfect match"	"SN253"	NA	2
"GTATTGGGTGTAACGG"	""	"ERX6700411"	"ERP132578"	"testis"	"Elongated_spermatids"	NA	NA	NA	"CL:4030037"	"late spermatid"	"perfect match"	"SN253"	NA	1
"GTATTGGTCGGCGATC"	""	"ERX6700411"	"ERP132578"	"testis"	"Elongated_spermatids"	NA	NA	NA	"CL:4030037"	"late spermatid"	"perfect match"	"SN253"	NA	1
"GTATTTCAGTCCGCCA"	""	"ERX6700411"	"ERP132578"	"testis"	"Elongated_spermatids"	NA	NA	NA	"CL:4030037"	"late spermatid"	"perfect match"	"SN253"	NA	1
"GTATTTCGTCGCATTA"	""	"ERX6700411"	"ERP132578"	"testis"	"Elongated_spermatids"	NA	NA	NA	"CL:4030037"	"late spermatid"	"perfect match"	"SN253"	NA	1
"GTATTTCGTGTATTCG"	""	"ERX6700411"	"ERP132578"	"testis"	"Round_spermatids"	NA	NA	NA	"CL:4030036"	"early spermatid"	"perfect match"	"SN253"	NA	2
"GTATTTCGTTGTGCAT"	""	"ERX6700411"	"ERP132578"	"testis"	"Spermatocytes"	NA	NA	NA	"CL:0000017"	"spermatocyte"	"perfect match"	"SN253"	NA	5
"GTATTTCTCATCTCTA"	""	"ERX6700411"	"ERP132578"	"testis"	"Elongated_spermatids"	NA	NA	NA	"CL:4030037"	"late spermatid"	"perfect match"	"SN253"	NA	1
"GTCAAACAGGTTCACT"	""	"ERX6700411"	"ERP132578"	"testis"	"Round_spermatids"	NA	NA	NA	"CL:4030036"	"early spermatid"	"perfect match"	"SN253"	NA	2
"GTCAAACCAATAACGA"	""	"ERX6700411"	"ERP132578"	"testis"	"Spermatogonia"	NA	NA	NA	"CL:0000020"	"spermatogonium"	"perfect match"	"SN253"	NA	4
"GTCAAGTGTATCGTTG"	""	"ERX6700411"	"ERP132578"	"testis"	"Elongated_spermatids"	NA	NA	NA	"CL:4030037"	"late spermatid"	"perfect match"	"SN253"	NA	1
"GTCACGGAGTAACCGG"	""	"ERX6700411"	"ERP132578"	"testis"	"Spermatocytes"	NA	NA	NA	"CL:0000017"	"spermatocyte"	"perfect match"	"SN253"	NA	5
"GTCACGGCAATAGGGC"	""	"ERX6700411"	"ERP132578"	"testis"	"Round_spermatids"	NA	NA	NA	"CL:4030036"	"early spermatid"	"perfect match"	"SN253"	NA	2
"GTCACTCCACGCGTGT"	""	"ERX6700411"	"ERP132578"	"testis"	"Round_spermatids"	NA	NA	NA	"CL:4030036"	"early spermatid"	"perfect match"	"SN253"	NA	2
"GTCACTCGTCGTTCAA"	""	"ERX6700411"	"ERP132578"	"testis"	"Round_spermatids"	NA	NA	NA	"CL:4030036"	"early spermatid"	"perfect match"	"SN253"	NA	2
"GTCACTCTCCGTTGGG"	""	"ERX6700411"	"ERP132578"	"testis"	"Round_spermatids"	NA	NA	NA	"CL:4030036"	"early spermatid"	"perfect match"	"SN253"	NA	2
"GTCACTCTCTGGTGCG"	""	"ERX6700411"	"ERP132578"	"testis"	"Round_spermatids"	NA	NA	NA	"CL:4030036"	"early spermatid"	"perfect match"	"SN253"	NA	2
"GTCAGCGAGGCAGCTA"	""	"ERX6700411"	"ERP132578"	"testis"	"Spermatogonia"	NA	NA	NA	"CL:0000020"	"spermatogonium"	"perfect match"	"SN253"	NA	4
"GTCAGCGCAAATGGCG"	""	"ERX6700411"	"ERP132578"	"testis"	"Round_spermatids"	NA	NA	NA	"CL:4030036"	"early spermatid"	"perfect match"	"SN253"	NA	2
"GTCAGCGGTTGGGTTT"	""	"ERX6700411"	"ERP132578"	"testis"	"Spermatogonia"	NA	NA	NA	"CL:0000020"	"spermatogonium"	"perfect match"	"SN253"	NA	4
"GTCAGCGTCCTGCCAT"	""	"ERX6700411"	"ERP132578"	"testis"	"Round_spermatids"	NA	NA	NA	"CL:4030036"	"early spermatid"	"perfect match"	"SN253"	NA	2
"GTCAGCGTCTCATTGT"	""	"ERX6700411"	"ERP132578"	"testis"	"Elongated_spermatids"	NA	NA	NA	"CL:4030037"	"late spermatid"	"perfect match"	"SN253"	NA	1
"GTCATCCCACACAGCC"	""	"ERX6700411"	"ERP132578"	"testis"	"Round_spermatids"	NA	NA	NA	"CL:4030036"	"early spermatid"	"perfect match"	"SN253"	NA	2
"GTCATCCGTGAGATAT"	""	"ERX6700411"	"ERP132578"	"testis"	"Round_spermatids"	NA	NA	NA	"CL:4030036"	"early spermatid"	"perfect match"	"SN253"	NA	2
"GTCATCCTCTCCGATC"	""	"ERX6700411"	"ERP132578"	"testis"	"Round_spermatids"	NA	NA	NA	"CL:4030036"	"early spermatid"	"perfect match"	"SN253"	NA	2
"GTCATGATCTTAAGGC"	""	"ERX6700411"	"ERP132578"	"testis"	"Round_spermatids"	NA	NA	NA	"CL:4030036"	"early spermatid"	"perfect match"	"SN253"	NA	2
"GTCATTTAGAGAGCCT"	""	"ERX6700411"	"ERP132578"	"testis"	"Spermatogonia"	NA	NA	NA	"CL:0000020"	"spermatogonium"	"perfect match"	"SN253"	NA	4
"GTCATTTGTTCCGTTC"	""	"ERX6700411"	"ERP132578"	"testis"	"Round_spermatids"	NA	NA	NA	"CL:4030036"	"early spermatid"	"perfect match"	"SN253"	NA	2
"GTCCACTAGTTTAGGA"	""	"ERX6700411"	"ERP132578"	"testis"	"Spermatocytes"	NA	NA	NA	"CL:0000017"	"spermatocyte"	"perfect match"	"SN253"	NA	5
"GTCCACTCAAGGCCTC"	""	"ERX6700411"	"ERP132578"	"testis"	"Spermatocytes"	NA	NA	NA	"CL:0000017"	"spermatocyte"	"perfect match"	"SN253"	NA	5
"GTCCACTCACGCAGTC"	""	"ERX6700411"	"ERP132578"	"testis"	"Spermatocytes"	NA	NA	NA	"CL:0000017"	"spermatocyte"	"perfect match"	"SN253"	NA	5
"GTCCACTCAGAACATA"	""	"ERX6700411"	"ERP132578"	"testis"	"Spermatocytes"	NA	NA	NA	"CL:0000017"	"spermatocyte"	"perfect match"	"SN253"	NA	5
"GTCCACTGTATCGGTT"	""	"ERX6700411"	"ERP132578"	"testis"	"Other_somatic"	NA	NA	NA	"CL:0002371"	"somatic cell"	"perfect match"	"SN253"	NA	3
"GTCCCATAGACAGTCG"	""	"ERX6700411"	"ERP132578"	"testis"	"Other_somatic"	NA	NA	NA	"CL:0002371"	"somatic cell"	"perfect match"	"SN253"	NA	3
"GTCCCATAGCGTGTCC"	""	"ERX6700411"	"ERP132578"	"testis"	"Spermatocytes"	NA	NA	NA	"CL:0000017"	"spermatocyte"	"perfect match"	"SN253"	NA	5
"GTCCCATCAGTAGGAC"	""	"ERX6700411"	"ERP132578"	"testis"	"Round_spermatids"	NA	NA	NA	"CL:4030036"	"early spermatid"	"perfect match"	"SN253"	NA	2
"GTCCTCAAGACAACAT"	""	"ERX6700411"	"ERP132578"	"testis"	"Elongated_spermatids"	NA	NA	NA	"CL:4030037"	"late spermatid"	"perfect match"	"SN253"	NA	1
"GTCGAATCATCCGTGG"	""	"ERX6700411"	"ERP132578"	"testis"	"Round_spermatids"	NA	NA	NA	"CL:4030036"	"early spermatid"	"perfect match"	"SN253"	NA	2
"GTCGAATTCGAACACT"	""	"ERX6700411"	"ERP132578"	"testis"	"Round_spermatids"	NA	NA	NA	"CL:4030036"	"early spermatid"	"perfect match"	"SN253"	NA	2
"GTCGCGACATCGTTCC"	""	"ERX6700411"	"ERP132578"	"testis"	"Round_spermatids"	NA	NA	NA	"CL:4030036"	"early spermatid"	"perfect match"	"SN253"	NA	2
"GTCGCGAGTACTGCGC"	""	"ERX6700411"	"ERP132578"	"testis"	"Spermatocytes"	NA	NA	NA	"CL:0000017"	"spermatocyte"	"perfect match"	"SN253"	NA	5
"GTCGCGATCGACGCTG"	""	"ERX6700411"	"ERP132578"	"testis"	"Round_spermatids"	NA	NA	NA	"CL:4030036"	"early spermatid"	"perfect match"	"SN253"	NA	2
"GTCGCGATCGGAGCAA"	""	"ERX6700411"	"ERP132578"	"testis"	"Round_spermatids"	NA	NA	NA	"CL:4030036"	"early spermatid"	"perfect match"	"SN253"	NA	2
"GTCGTAAAGTCGGCAA"	""	"ERX6700411"	"ERP132578"	"testis"	"Spermatocytes"	NA	NA	NA	"CL:0000017"	"spermatocyte"	"perfect match"	"SN253"	NA	5
"GTCGTAACAGATAAAC"	""	"ERX6700411"	"ERP132578"	"testis"	"Round_spermatids"	NA	NA	NA	"CL:4030036"	"early spermatid"	"perfect match"	"SN253"	NA	2
"GTCGTTCGTACAGGTG"	""	"ERX6700411"	"ERP132578"	"testis"	"Spermatocytes"	NA	NA	NA	"CL:0000017"	"spermatocyte"	"perfect match"	"SN253"	NA	5
"GTCGTTCGTCACATTG"	""	"ERX6700411"	"ERP132578"	"testis"	"Spermatogonia"	NA	NA	NA	"CL:0000020"	"spermatogonium"	"perfect match"	"SN253"	NA	4
"GTCTACCAGAGTCAAT"	""	"ERX6700411"	"ERP132578"	"testis"	"Spermatocytes"	NA	NA	NA	"CL:0000017"	"spermatocyte"	"perfect match"	"SN253"	NA	5
"GTCTACCCAGACTCTA"	""	"ERX6700411"	"ERP132578"	"testis"	"Elongated_spermatids"	NA	NA	NA	"CL:4030037"	"late spermatid"	"perfect match"	"SN253"	NA	1
"GTCTACCCATGTGCCG"	""	"ERX6700411"	"ERP132578"	"testis"	"Round_spermatids"	NA	NA	NA	"CL:4030036"	"early spermatid"	"perfect match"	"SN253"	NA	2
"GTCTACCGTGTGTGGA"	""	"ERX6700411"	"ERP132578"	"testis"	"Round_spermatids"	NA	NA	NA	"CL:4030036"	"early spermatid"	"perfect match"	"SN253"	NA	2
"GTCTACCTCTTTGCGC"	""	"ERX6700411"	"ERP132578"	"testis"	"Round_spermatids"	NA	NA	NA	"CL:4030036"	"early spermatid"	"perfect match"	"SN253"	NA	2
"GTCTAGAAGTTGGCGA"	""	"ERX6700411"	"ERP132578"	"testis"	"Spermatogonia"	NA	NA	NA	"CL:0000020"	"spermatogonium"	"perfect match"	"SN253"	NA	4
"GTCTAGAGTTCTCAGA"	""	"ERX6700411"	"ERP132578"	"testis"	"Round_spermatids"	NA	NA	NA	"CL:4030036"	"early spermatid"	"perfect match"	"SN253"	NA	2
"GTCTAGATCCTATGGA"	""	"ERX6700411"	"ERP132578"	"testis"	"Round_spermatids"	NA	NA	NA	"CL:4030036"	"early spermatid"	"perfect match"	"SN253"	NA	2
"GTCTAGATCGACACCG"	""	"ERX6700411"	"ERP132578"	"testis"	"Elongated_spermatids"	NA	NA	NA	"CL:4030037"	"late spermatid"	"perfect match"	"SN253"	NA	1
"GTCTCACAGACGCAGT"	""	"ERX6700411"	"ERP132578"	"testis"	"Round_spermatids"	NA	NA	NA	"CL:4030036"	"early spermatid"	"perfect match"	"SN253"	NA	2
"GTCTCACAGATCCGAG"	""	"ERX6700411"	"ERP132578"	"testis"	"Round_spermatids"	NA	NA	NA	"CL:4030036"	"early spermatid"	"perfect match"	"SN253"	NA	2
"GTCTGTCCAGGATCTT"	""	"ERX6700411"	"ERP132578"	"testis"	"Round_spermatids"	NA	NA	NA	"CL:4030036"	"early spermatid"	"perfect match"	"SN253"	NA	2
"GTCTGTCCATCGTGCG"	""	"ERX6700411"	"ERP132578"	"testis"	"Round_spermatids"	NA	NA	NA	"CL:4030036"	"early spermatid"	"perfect match"	"SN253"	NA	2
"GTCTTTACAGATTTCG"	""	"ERX6700411"	"ERP132578"	"testis"	"Spermatocytes"	NA	NA	NA	"CL:0000017"	"spermatocyte"	"perfect match"	"SN253"	NA	5
"GTGACGCCACAAATGA"	""	"ERX6700411"	"ERP132578"	"testis"	"Spermatogonia"	NA	NA	NA	"CL:0000020"	"spermatogonium"	"perfect match"	"SN253"	NA	4
"GTGACGCGTGATTCAC"	""	"ERX6700411"	"ERP132578"	"testis"	"Spermatocytes"	NA	NA	NA	"CL:0000017"	"spermatocyte"	"perfect match"	"SN253"	NA	5
"GTGAGCCGTTGCGTAT"	""	"ERX6700411"	"ERP132578"	"testis"	"Spermatocytes"	NA	NA	NA	"CL:0000017"	"spermatocyte"	"perfect match"	"SN253"	NA	5
"GTGAGCCTCAGGCGAA"	""	"ERX6700411"	"ERP132578"	"testis"	"Elongated_spermatids"	NA	NA	NA	"CL:4030037"	"late spermatid"	"perfect match"	"SN253"	NA	1
"GTGAGCCTCCCAACTC"	""	"ERX6700411"	"ERP132578"	"testis"	"Spermatocytes"	NA	NA	NA	"CL:0000017"	"spermatocyte"	"perfect match"	"SN253"	NA	5
"GTGAGCCTCGTTATCT"	""	"ERX6700411"	"ERP132578"	"testis"	"Round_spermatids"	NA	NA	NA	"CL:4030036"	"early spermatid"	"perfect match"	"SN253"	NA	2
"GTGAGGAAGTGTGTTC"	""	"ERX6700411"	"ERP132578"	"testis"	"Round_spermatids"	NA	NA	NA	"CL:4030036"	"early spermatid"	"perfect match"	"SN253"	NA	2
"GTGAGGACAAAGCTCT"	""	"ERX6700411"	"ERP132578"	"testis"	"Round_spermatids"	NA	NA	NA	"CL:4030036"	"early spermatid"	"perfect match"	"SN253"	NA	2
"GTGAGGAGTGGTTTAC"	""	"ERX6700411"	"ERP132578"	"testis"	"Round_spermatids"	NA	NA	NA	"CL:4030036"	"early spermatid"	"perfect match"	"SN253"	NA	2
"GTGAGGATCACGGGAA"	""	"ERX6700411"	"ERP132578"	"testis"	"Spermatocytes"	NA	NA	NA	"CL:0000017"	"spermatocyte"	"perfect match"	"SN253"	NA	5
"GTGAGGATCTATCGTT"	""	"ERX6700411"	"ERP132578"	"testis"	"Round_spermatids"	NA	NA	NA	"CL:4030036"	"early spermatid"	"perfect match"	"SN253"	NA	2
"GTGAGTTAGAAGAGCA"	""	"ERX6700411"	"ERP132578"	"testis"	"Round_spermatids"	NA	NA	NA	"CL:4030036"	"early spermatid"	"perfect match"	"SN253"	NA	2
"GTGAGTTAGAGAGCGG"	""	"ERX6700411"	"ERP132578"	"testis"	"Round_spermatids"	NA	NA	NA	"CL:4030036"	"early spermatid"	"perfect match"	"SN253"	NA	2
"GTGAGTTCAAAGGAGA"	""	"ERX6700411"	"ERP132578"	"testis"	"Round_spermatids"	NA	NA	NA	"CL:4030036"	"early spermatid"	"perfect match"	"SN253"	NA	2
"GTGAGTTCATGACAAA"	""	"ERX6700411"	"ERP132578"	"testis"	"Round_spermatids"	NA	NA	NA	"CL:4030036"	"early spermatid"	"perfect match"	"SN253"	NA	2
"GTGAGTTCATGGCCAC"	""	"ERX6700411"	"ERP132578"	"testis"	"Other_somatic"	NA	NA	NA	"CL:0002371"	"somatic cell"	"perfect match"	"SN253"	NA	3
"GTGAGTTGTTCTGACA"	""	"ERX6700411"	"ERP132578"	"testis"	"Round_spermatids"	NA	NA	NA	"CL:4030036"	"early spermatid"	"perfect match"	"SN253"	NA	2
"GTGATGTGTGTAAACA"	""	"ERX6700411"	"ERP132578"	"testis"	"Round_spermatids"	NA	NA	NA	"CL:4030036"	"early spermatid"	"perfect match"	"SN253"	NA	2
"GTGATGTTCCAAGGGA"	""	"ERX6700411"	"ERP132578"	"testis"	"Round_spermatids"	NA	NA	NA	"CL:4030036"	"early spermatid"	"perfect match"	"SN253"	NA	2
"GTGATGTTCCCGAGAC"	""	"ERX6700411"	"ERP132578"	"testis"	"Round_spermatids"	NA	NA	NA	"CL:4030036"	"early spermatid"	"perfect match"	"SN253"	NA	2
"GTGCACGCAACAGAGC"	""	"ERX6700411"	"ERP132578"	"testis"	"Round_spermatids"	NA	NA	NA	"CL:4030036"	"early spermatid"	"perfect match"	"SN253"	NA	2
"GTGCACGGTTCGTTCC"	""	"ERX6700411"	"ERP132578"	"testis"	"Spermatogonia"	NA	NA	NA	"CL:0000020"	"spermatogonium"	"perfect match"	"SN253"	NA	4
"GTGCAGCCACAGAGCA"	""	"ERX6700411"	"ERP132578"	"testis"	"Spermatocytes"	NA	NA	NA	"CL:0000017"	"spermatocyte"	"perfect match"	"SN253"	NA	5
"GTGCGTGAGACATATG"	""	"ERX6700411"	"ERP132578"	"testis"	"Round_spermatids"	NA	NA	NA	"CL:4030036"	"early spermatid"	"perfect match"	"SN253"	NA	2
"GTGCGTGAGAGGATCC"	""	"ERX6700411"	"ERP132578"	"testis"	"Round_spermatids"	NA	NA	NA	"CL:4030036"	"early spermatid"	"perfect match"	"SN253"	NA	2
"GTGCGTGAGTATCTGC"	""	"ERX6700411"	"ERP132578"	"testis"	"Spermatocytes"	NA	NA	NA	"CL:0000017"	"spermatocyte"	"perfect match"	"SN253"	NA	5
"GTGCGTGGTCGCTTAA"	""	"ERX6700411"	"ERP132578"	"testis"	"Round_spermatids"	NA	NA	NA	"CL:4030036"	"early spermatid"	"perfect match"	"SN253"	NA	2
"GTGCGTGTCCCGAGAC"	""	"ERX6700411"	"ERP132578"	"testis"	"Round_spermatids"	NA	NA	NA	"CL:4030036"	"early spermatid"	"perfect match"	"SN253"	NA	2
"GTGCGTGTCGAAGCAG"	""	"ERX6700411"	"ERP132578"	"testis"	"Round_spermatids"	NA	NA	NA	"CL:4030036"	"early spermatid"	"perfect match"	"SN253"	NA	2
"GTGCTGGTCCGAAGGA"	""	"ERX6700411"	"ERP132578"	"testis"	"Elongated_spermatids"	NA	NA	NA	"CL:4030037"	"late spermatid"	"perfect match"	"SN253"	NA	1
"GTGCTTCCATTCTCTA"	""	"ERX6700411"	"ERP132578"	"testis"	"Round_spermatids"	NA	NA	NA	"CL:4030036"	"early spermatid"	"perfect match"	"SN253"	NA	2
"GTGCTTCTCCAGCCTT"	""	"ERX6700411"	"ERP132578"	"testis"	"Spermatocytes"	NA	NA	NA	"CL:0000017"	"spermatocyte"	"perfect match"	"SN253"	NA	5
"GTGGAAGAGGGCTGAT"	""	"ERX6700411"	"ERP132578"	"testis"	"Elongated_spermatids"	NA	NA	NA	"CL:4030037"	"late spermatid"	"perfect match"	"SN253"	NA	1
"GTGGAAGCACATACGT"	""	"ERX6700411"	"ERP132578"	"testis"	"Round_spermatids"	NA	NA	NA	"CL:4030036"	"early spermatid"	"perfect match"	"SN253"	NA	2
"GTGGAAGCAGGTCAGA"	""	"ERX6700411"	"ERP132578"	"testis"	"Round_spermatids"	NA	NA	NA	"CL:4030036"	"early spermatid"	"perfect match"	"SN253"	NA	2
"GTGGAAGTCTCGGTCT"	""	"ERX6700411"	"ERP132578"	"testis"	"Spermatogonia"	NA	NA	NA	"CL:0000020"	"spermatogonium"	"perfect match"	"SN253"	NA	4
"GTGGAGAAGACAGCGT"	""	"ERX6700411"	"ERP132578"	"testis"	"Spermatogonia"	NA	NA	NA	"CL:0000020"	"spermatogonium"	"perfect match"	"SN253"	NA	4
"GTGGAGACAAGTATCC"	""	"ERX6700411"	"ERP132578"	"testis"	"Round_spermatids"	NA	NA	NA	"CL:4030036"	"early spermatid"	"perfect match"	"SN253"	NA	2
"GTGGAGACAGCTTTCC"	""	"ERX6700411"	"ERP132578"	"testis"	"Round_spermatids"	NA	NA	NA	"CL:4030036"	"early spermatid"	"perfect match"	"SN253"	NA	2
"GTGGAGACATCCGGTG"	""	"ERX6700411"	"ERP132578"	"testis"	"Round_spermatids"	NA	NA	NA	"CL:4030036"	"early spermatid"	"perfect match"	"SN253"	NA	2
"GTGGAGAGTACCGCGT"	""	"ERX6700411"	"ERP132578"	"testis"	"Elongated_spermatids"	NA	NA	NA	"CL:4030037"	"late spermatid"	"perfect match"	"SN253"	NA	1
"GTGGAGAGTGTCCACG"	""	"ERX6700411"	"ERP132578"	"testis"	"Round_spermatids"	NA	NA	NA	"CL:4030036"	"early spermatid"	"perfect match"	"SN253"	NA	2
"GTGGAGATCACAAGGG"	""	"ERX6700411"	"ERP132578"	"testis"	"Elongated_spermatids"	NA	NA	NA	"CL:4030037"	"late spermatid"	"perfect match"	"SN253"	NA	1
"GTGGAGATCTGAGATC"	""	"ERX6700411"	"ERP132578"	"testis"	"Round_spermatids"	NA	NA	NA	"CL:4030036"	"early spermatid"	"perfect match"	"SN253"	NA	2
"GTGGCGTAGGGTCTTT"	""	"ERX6700411"	"ERP132578"	"testis"	"Round_spermatids"	NA	NA	NA	"CL:4030036"	"early spermatid"	"perfect match"	"SN253"	NA	2
"GTGGCGTGTGACCGAA"	""	"ERX6700411"	"ERP132578"	"testis"	"Round_spermatids"	NA	NA	NA	"CL:4030036"	"early spermatid"	"perfect match"	"SN253"	NA	2
"GTGGCGTTCGAAATCC"	""	"ERX6700411"	"ERP132578"	"testis"	"Round_spermatids"	NA	NA	NA	"CL:4030036"	"early spermatid"	"perfect match"	"SN253"	NA	2
"GTGGGAAAGCTCGGCT"	""	"ERX6700411"	"ERP132578"	"testis"	"Round_spermatids"	NA	NA	NA	"CL:4030036"	"early spermatid"	"perfect match"	"SN253"	NA	2
"GTGGGAACAACGGTAG"	""	"ERX6700411"	"ERP132578"	"testis"	"Elongated_spermatids"	NA	NA	NA	"CL:4030037"	"late spermatid"	"perfect match"	"SN253"	NA	1
"GTGGGAACATGCTGCG"	""	"ERX6700411"	"ERP132578"	"testis"	"Other_somatic"	NA	NA	NA	"CL:0002371"	"somatic cell"	"perfect match"	"SN253"	NA	3
"GTGGGAAGTCCGTTTC"	""	"ERX6700411"	"ERP132578"	"testis"	"Round_spermatids"	NA	NA	NA	"CL:4030036"	"early spermatid"	"perfect match"	"SN253"	NA	2
"GTGGGAATCGCTCATC"	""	"ERX6700411"	"ERP132578"	"testis"	"Spermatogonia"	NA	NA	NA	"CL:0000020"	"spermatogonium"	"perfect match"	"SN253"	NA	4
"GTGGTTAAGATGTTGA"	""	"ERX6700411"	"ERP132578"	"testis"	"Round_spermatids"	NA	NA	NA	"CL:4030036"	"early spermatid"	"perfect match"	"SN253"	NA	2
"GTGGTTAAGTATGACA"	""	"ERX6700411"	"ERP132578"	"testis"	"Round_spermatids"	NA	NA	NA	"CL:4030036"	"early spermatid"	"perfect match"	"SN253"	NA	2
"GTGGTTACAGCGACCT"	""	"ERX6700411"	"ERP132578"	"testis"	"Spermatocytes"	NA	NA	NA	"CL:0000017"	"spermatocyte"	"perfect match"	"SN253"	NA	5
"GTGGTTAGTAAGATAC"	""	"ERX6700411"	"ERP132578"	"testis"	"Elongated_spermatids"	NA	NA	NA	"CL:4030037"	"late spermatid"	"perfect match"	"SN253"	NA	1
"GTGGTTAGTGCTATTG"	""	"ERX6700411"	"ERP132578"	"testis"	"Spermatogonia"	NA	NA	NA	"CL:0000020"	"spermatogonium"	"perfect match"	"SN253"	NA	4
"GTGTAACAGGTCCTGC"	""	"ERX6700411"	"ERP132578"	"testis"	"Round_spermatids"	NA	NA	NA	"CL:4030036"	"early spermatid"	"perfect match"	"SN253"	NA	2
"GTGTAACGTCAGGAGT"	""	"ERX6700411"	"ERP132578"	"testis"	"Round_spermatids"	NA	NA	NA	"CL:4030036"	"early spermatid"	"perfect match"	"SN253"	NA	2
"GTGTAACGTCGAGCTC"	""	"ERX6700411"	"ERP132578"	"testis"	"Round_spermatids"	NA	NA	NA	"CL:4030036"	"early spermatid"	"perfect match"	"SN253"	NA	2
"GTGTAACTCCGAGATT"	""	"ERX6700411"	"ERP132578"	"testis"	"Round_spermatids"	NA	NA	NA	"CL:4030036"	"early spermatid"	"perfect match"	"SN253"	NA	2
"GTGTAACTCCTACCGT"	""	"ERX6700411"	"ERP132578"	"testis"	"Round_spermatids"	NA	NA	NA	"CL:4030036"	"early spermatid"	"perfect match"	"SN253"	NA	2
"GTGTAACTCGAAGTGG"	""	"ERX6700411"	"ERP132578"	"testis"	"Round_spermatids"	NA	NA	NA	"CL:4030036"	"early spermatid"	"perfect match"	"SN253"	NA	2
"GTGTAACTCTAGTACG"	""	"ERX6700411"	"ERP132578"	"testis"	"Round_spermatids"	NA	NA	NA	"CL:4030036"	"early spermatid"	"perfect match"	"SN253"	NA	2
"GTGTAACTCTGAGGTT"	""	"ERX6700411"	"ERP132578"	"testis"	"Round_spermatids"	NA	NA	NA	"CL:4030036"	"early spermatid"	"perfect match"	"SN253"	NA	2
"GTGTCCTGTCGTTCAA"	""	"ERX6700411"	"ERP132578"	"testis"	"Round_spermatids"	NA	NA	NA	"CL:4030036"	"early spermatid"	"perfect match"	"SN253"	NA	2
"GTGTGATCACAAGGTG"	""	"ERX6700411"	"ERP132578"	"testis"	"Spermatogonia"	NA	NA	NA	"CL:0000020"	"spermatogonium"	"perfect match"	"SN253"	NA	4
"GTGTGATCAGCAGTAG"	""	"ERX6700411"	"ERP132578"	"testis"	"Round_spermatids"	NA	NA	NA	"CL:4030036"	"early spermatid"	"perfect match"	"SN253"	NA	2
"GTGTGATTCTGCGATA"	""	"ERX6700411"	"ERP132578"	"testis"	"Round_spermatids"	NA	NA	NA	"CL:4030036"	"early spermatid"	"perfect match"	"SN253"	NA	2
"GTGTGGCCATAGAATG"	""	"ERX6700411"	"ERP132578"	"testis"	"Round_spermatids"	NA	NA	NA	"CL:4030036"	"early spermatid"	"perfect match"	"SN253"	NA	2
"GTGTGGCGTCACTCGG"	""	"ERX6700411"	"ERP132578"	"testis"	"Spermatocytes"	NA	NA	NA	"CL:0000017"	"spermatocyte"	"perfect match"	"SN253"	NA	5
"GTGTGGCTCAGATGCT"	""	"ERX6700411"	"ERP132578"	"testis"	"Round_spermatids"	NA	NA	NA	"CL:4030036"	"early spermatid"	"perfect match"	"SN253"	NA	2
"GTGTGGCTCGCATTGA"	""	"ERX6700411"	"ERP132578"	"testis"	"Spermatogonia"	NA	NA	NA	"CL:0000020"	"spermatogonium"	"perfect match"	"SN253"	NA	4
"GTGTTAGCAGAGGCTA"	""	"ERX6700411"	"ERP132578"	"testis"	"Spermatocytes"	NA	NA	NA	"CL:0000017"	"spermatocyte"	"perfect match"	"SN253"	NA	5
"GTGTTAGGTGCTAGCC"	""	"ERX6700411"	"ERP132578"	"testis"	"Round_spermatids"	NA	NA	NA	"CL:4030036"	"early spermatid"	"perfect match"	"SN253"	NA	2
"GTGTTAGTCGCCAACG"	""	"ERX6700411"	"ERP132578"	"testis"	"Round_spermatids"	NA	NA	NA	"CL:4030036"	"early spermatid"	"perfect match"	"SN253"	NA	2
"GTGTTAGTCGGAACTT"	""	"ERX6700411"	"ERP132578"	"testis"	"Spermatocytes"	NA	NA	NA	"CL:0000017"	"spermatocyte"	"perfect match"	"SN253"	NA	5
"GTGTTCCAGACCATAA"	""	"ERX6700411"	"ERP132578"	"testis"	"Round_spermatids"	NA	NA	NA	"CL:4030036"	"early spermatid"	"perfect match"	"SN253"	NA	2
"GTGTTCCCAGCACAGA"	""	"ERX6700411"	"ERP132578"	"testis"	"Round_spermatids"	NA	NA	NA	"CL:4030036"	"early spermatid"	"perfect match"	"SN253"	NA	2
"GTGTTCCCATCATCCC"	""	"ERX6700411"	"ERP132578"	"testis"	"Spermatocytes"	NA	NA	NA	"CL:0000017"	"spermatocyte"	"perfect match"	"SN253"	NA	5
"GTTACAGCAAGATGGC"	""	"ERX6700411"	"ERP132578"	"testis"	"Spermatogonia"	NA	NA	NA	"CL:0000020"	"spermatogonium"	"perfect match"	"SN253"	NA	4
"GTTACAGCACAGGATG"	""	"ERX6700411"	"ERP132578"	"testis"	"Round_spermatids"	NA	NA	NA	"CL:4030036"	"early spermatid"	"perfect match"	"SN253"	NA	2
"GTTACAGGTGAATGAT"	""	"ERX6700411"	"ERP132578"	"testis"	"Spermatocytes"	NA	NA	NA	"CL:0000017"	"spermatocyte"	"perfect match"	"SN253"	NA	5
"GTTACAGGTGCAACGA"	""	"ERX6700411"	"ERP132578"	"testis"	"Round_spermatids"	NA	NA	NA	"CL:4030036"	"early spermatid"	"perfect match"	"SN253"	NA	2
"GTTACCCAGAGAACCC"	""	"ERX6700411"	"ERP132578"	"testis"	"Round_spermatids"	NA	NA	NA	"CL:4030036"	"early spermatid"	"perfect match"	"SN253"	NA	2
"GTTACCCAGCCAAGTG"	""	"ERX6700411"	"ERP132578"	"testis"	"Round_spermatids"	NA	NA	NA	"CL:4030036"	"early spermatid"	"perfect match"	"SN253"	NA	2
"GTTACCCCAAGAGCTG"	""	"ERX6700411"	"ERP132578"	"testis"	"Spermatocytes"	NA	NA	NA	"CL:0000017"	"spermatocyte"	"perfect match"	"SN253"	NA	5
"GTTACCCCAATTGGTC"	""	"ERX6700411"	"ERP132578"	"testis"	"Spermatocytes"	NA	NA	NA	"CL:0000017"	"spermatocyte"	"perfect match"	"SN253"	NA	5
"GTTACCCCAGGACTAG"	""	"ERX6700411"	"ERP132578"	"testis"	"Round_spermatids"	NA	NA	NA	"CL:4030036"	"early spermatid"	"perfect match"	"SN253"	NA	2
"GTTACCCTCACGGGCT"	""	"ERX6700411"	"ERP132578"	"testis"	"Round_spermatids"	NA	NA	NA	"CL:4030036"	"early spermatid"	"perfect match"	"SN253"	NA	2
"GTTACGAAGACTTAAG"	""	"ERX6700411"	"ERP132578"	"testis"	"Other_somatic"	NA	NA	NA	"CL:0002371"	"somatic cell"	"perfect match"	"SN253"	NA	3
"GTTACGAGTGCAGTGA"	""	"ERX6700411"	"ERP132578"	"testis"	"Round_spermatids"	NA	NA	NA	"CL:4030036"	"early spermatid"	"perfect match"	"SN253"	NA	2
"GTTACGATCACAGTGT"	""	"ERX6700411"	"ERP132578"	"testis"	"Elongated_spermatids"	NA	NA	NA	"CL:4030037"	"late spermatid"	"perfect match"	"SN253"	NA	1
"GTTACGATCTTAATCC"	""	"ERX6700411"	"ERP132578"	"testis"	"Spermatocytes"	NA	NA	NA	"CL:0000017"	"spermatocyte"	"perfect match"	"SN253"	NA	5
"GTTAGACAGAGCAGCT"	""	"ERX6700411"	"ERP132578"	"testis"	"Spermatogonia"	NA	NA	NA	"CL:0000020"	"spermatogonium"	"perfect match"	"SN253"	NA	4
"GTTAGACCACAGTGTT"	""	"ERX6700411"	"ERP132578"	"testis"	"Spermatocytes"	NA	NA	NA	"CL:0000017"	"spermatocyte"	"perfect match"	"SN253"	NA	5
"GTTAGACCAGGACATG"	""	"ERX6700411"	"ERP132578"	"testis"	"Round_spermatids"	NA	NA	NA	"CL:4030036"	"early spermatid"	"perfect match"	"SN253"	NA	2
"GTTAGACCATACATCG"	""	"ERX6700411"	"ERP132578"	"testis"	"Spermatocytes"	NA	NA	NA	"CL:0000017"	"spermatocyte"	"perfect match"	"SN253"	NA	5
"GTTAGACTCCAACCAA"	""	"ERX6700411"	"ERP132578"	"testis"	"Spermatocytes"	NA	NA	NA	"CL:0000017"	"spermatocyte"	"perfect match"	"SN253"	NA	5
"GTTAGACTCTAGTACG"	""	"ERX6700411"	"ERP132578"	"testis"	"Elongated_spermatids"	NA	NA	NA	"CL:4030037"	"late spermatid"	"perfect match"	"SN253"	NA	1
"GTTAGTGAGCTGTTCA"	""	"ERX6700411"	"ERP132578"	"testis"	"Spermatogonia"	NA	NA	NA	"CL:0000020"	"spermatogonium"	"perfect match"	"SN253"	NA	4
"GTTAGTGAGGTAAGTT"	""	"ERX6700411"	"ERP132578"	"testis"	"Spermatocytes"	NA	NA	NA	"CL:0000017"	"spermatocyte"	"perfect match"	"SN253"	NA	5
"GTTAGTGCACAGACGA"	""	"ERX6700411"	"ERP132578"	"testis"	"Spermatogonia"	NA	NA	NA	"CL:0000020"	"spermatogonium"	"perfect match"	"SN253"	NA	4
"GTTAGTGGTGGAGGTT"	""	"ERX6700411"	"ERP132578"	"testis"	"Round_spermatids"	NA	NA	NA	"CL:4030036"	"early spermatid"	"perfect match"	"SN253"	NA	2
"GTTATGGCAAGTGGGT"	""	"ERX6700411"	"ERP132578"	"testis"	"Round_spermatids"	NA	NA	NA	"CL:4030036"	"early spermatid"	"perfect match"	"SN253"	NA	2
"GTTATGGCAGCTATTG"	""	"ERX6700411"	"ERP132578"	"testis"	"Spermatocytes"	NA	NA	NA	"CL:0000017"	"spermatocyte"	"perfect match"	"SN253"	NA	5
"GTTATGGGTTCCCACT"	""	"ERX6700411"	"ERP132578"	"testis"	"Round_spermatids"	NA	NA	NA	"CL:4030036"	"early spermatid"	"perfect match"	"SN253"	NA	2
"GTTATGGTCAGGAAAT"	""	"ERX6700411"	"ERP132578"	"testis"	"Elongated_spermatids"	NA	NA	NA	"CL:4030037"	"late spermatid"	"perfect match"	"SN253"	NA	1
"GTTCATTAGCATCTTG"	""	"ERX6700411"	"ERP132578"	"testis"	"Round_spermatids"	NA	NA	NA	"CL:4030036"	"early spermatid"	"perfect match"	"SN253"	NA	2
"GTTCATTAGTCGCTAT"	""	"ERX6700411"	"ERP132578"	"testis"	"Round_spermatids"	NA	NA	NA	"CL:4030036"	"early spermatid"	"perfect match"	"SN253"	NA	2
"GTTCATTGTACAAGTA"	""	"ERX6700411"	"ERP132578"	"testis"	"Elongated_spermatids"	NA	NA	NA	"CL:4030037"	"late spermatid"	"perfect match"	"SN253"	NA	1
"GTTCATTTCGTAGTCA"	""	"ERX6700411"	"ERP132578"	"testis"	"Elongated_spermatids"	NA	NA	NA	"CL:4030037"	"late spermatid"	"perfect match"	"SN253"	NA	1
"GTTCCGTAGGGAGATA"	""	"ERX6700411"	"ERP132578"	"testis"	"Spermatogonia"	NA	NA	NA	"CL:0000020"	"spermatogonium"	"perfect match"	"SN253"	NA	4
"GTTCCGTCAGTCGCAC"	""	"ERX6700411"	"ERP132578"	"testis"	"Round_spermatids"	NA	NA	NA	"CL:4030036"	"early spermatid"	"perfect match"	"SN253"	NA	2
"GTTCCGTCATTAAGCC"	""	"ERX6700411"	"ERP132578"	"testis"	"Round_spermatids"	NA	NA	NA	"CL:4030036"	"early spermatid"	"perfect match"	"SN253"	NA	2
"GTTCGCTAGCCGAACA"	""	"ERX6700411"	"ERP132578"	"testis"	"Spermatocytes"	NA	NA	NA	"CL:0000017"	"spermatocyte"	"perfect match"	"SN253"	NA	5
"GTTCGCTCAAACCACT"	""	"ERX6700411"	"ERP132578"	"testis"	"Round_spermatids"	NA	NA	NA	"CL:4030036"	"early spermatid"	"perfect match"	"SN253"	NA	2
"GTTCGCTGTATCCCTC"	""	"ERX6700411"	"ERP132578"	"testis"	"Round_spermatids"	NA	NA	NA	"CL:4030036"	"early spermatid"	"perfect match"	"SN253"	NA	2
"GTTCGCTTCATCCTGC"	""	"ERX6700411"	"ERP132578"	"testis"	"Round_spermatids"	NA	NA	NA	"CL:4030036"	"early spermatid"	"perfect match"	"SN253"	NA	2
"GTTCGCTTCCTGCCAT"	""	"ERX6700411"	"ERP132578"	"testis"	"Elongated_spermatids"	NA	NA	NA	"CL:4030037"	"late spermatid"	"perfect match"	"SN253"	NA	1
"GTTCGCTTCGCTAAAC"	""	"ERX6700411"	"ERP132578"	"testis"	"Round_spermatids"	NA	NA	NA	"CL:4030036"	"early spermatid"	"perfect match"	"SN253"	NA	2
"GTTCTATAGGTGGGTT"	""	"ERX6700411"	"ERP132578"	"testis"	"Spermatocytes"	NA	NA	NA	"CL:0000017"	"spermatocyte"	"perfect match"	"SN253"	NA	5
"GTTCTATCAAGCGCAA"	""	"ERX6700411"	"ERP132578"	"testis"	"Spermatocytes"	NA	NA	NA	"CL:0000017"	"spermatocyte"	"perfect match"	"SN253"	NA	5
"GTTCTATGTCTTTCAT"	""	"ERX6700411"	"ERP132578"	"testis"	"Round_spermatids"	NA	NA	NA	"CL:4030036"	"early spermatid"	"perfect match"	"SN253"	NA	2
"GTTGAACAGAGTCCGA"	""	"ERX6700411"	"ERP132578"	"testis"	"Round_spermatids"	NA	NA	NA	"CL:4030036"	"early spermatid"	"perfect match"	"SN253"	NA	2
"GTTGAACCAATTGGTC"	""	"ERX6700411"	"ERP132578"	"testis"	"Round_spermatids"	NA	NA	NA	"CL:4030036"	"early spermatid"	"perfect match"	"SN253"	NA	2
"GTTGAACGTGGCTGAA"	""	"ERX6700411"	"ERP132578"	"testis"	"Round_spermatids"	NA	NA	NA	"CL:4030036"	"early spermatid"	"perfect match"	"SN253"	NA	2
"GTTGCGGAGCACTTTG"	""	"ERX6700411"	"ERP132578"	"testis"	"Spermatocytes"	NA	NA	NA	"CL:0000017"	"spermatocyte"	"perfect match"	"SN253"	NA	5
"GTTGCGGAGCATAGGC"	""	"ERX6700411"	"ERP132578"	"testis"	"Other_somatic"	NA	NA	NA	"CL:0002371"	"somatic cell"	"perfect match"	"SN253"	NA	3
"GTTGCGGAGCTCCCTT"	""	"ERX6700411"	"ERP132578"	"testis"	"Round_spermatids"	NA	NA	NA	"CL:4030036"	"early spermatid"	"perfect match"	"SN253"	NA	2
"GTTGCGGCAGAAGCTG"	""	"ERX6700411"	"ERP132578"	"testis"	"Spermatocytes"	NA	NA	NA	"CL:0000017"	"spermatocyte"	"perfect match"	"SN253"	NA	5
"GTTGCGGCATAAGCAA"	""	"ERX6700411"	"ERP132578"	"testis"	"Round_spermatids"	NA	NA	NA	"CL:4030036"	"early spermatid"	"perfect match"	"SN253"	NA	2
"GTTGCGGGTATAGCTC"	""	"ERX6700411"	"ERP132578"	"testis"	"Round_spermatids"	NA	NA	NA	"CL:4030036"	"early spermatid"	"perfect match"	"SN253"	NA	2
"GTTGCGGGTCCAGTTA"	""	"ERX6700411"	"ERP132578"	"testis"	"Round_spermatids"	NA	NA	NA	"CL:4030036"	"early spermatid"	"perfect match"	"SN253"	NA	2
"GTTGCGGTCATGTCTT"	""	"ERX6700411"	"ERP132578"	"testis"	"Spermatocytes"	NA	NA	NA	"CL:0000017"	"spermatocyte"	"perfect match"	"SN253"	NA	5
"GTTGCTCCAAGAGCTG"	""	"ERX6700411"	"ERP132578"	"testis"	"Spermatogonia"	NA	NA	NA	"CL:0000020"	"spermatogonium"	"perfect match"	"SN253"	NA	4
"GTTGCTCGTCGACGCT"	""	"ERX6700411"	"ERP132578"	"testis"	"Round_spermatids"	NA	NA	NA	"CL:4030036"	"early spermatid"	"perfect match"	"SN253"	NA	2
"GTTGCTCTCTTACTGT"	""	"ERX6700411"	"ERP132578"	"testis"	"Round_spermatids"	NA	NA	NA	"CL:4030036"	"early spermatid"	"perfect match"	"SN253"	NA	2
"GTTGTAGAGAAACTAC"	""	"ERX6700411"	"ERP132578"	"testis"	"Round_spermatids"	NA	NA	NA	"CL:4030036"	"early spermatid"	"perfect match"	"SN253"	NA	2
"GTTGTAGAGTTCGCAT"	""	"ERX6700411"	"ERP132578"	"testis"	"Round_spermatids"	NA	NA	NA	"CL:4030036"	"early spermatid"	"perfect match"	"SN253"	NA	2
"GTTGTAGCAACACGTT"	""	"ERX6700411"	"ERP132578"	"testis"	"Spermatocytes"	NA	NA	NA	"CL:0000017"	"spermatocyte"	"perfect match"	"SN253"	NA	5
"GTTGTAGGTCAAAGCG"	""	"ERX6700411"	"ERP132578"	"testis"	"Spermatocytes"	NA	NA	NA	"CL:0000017"	"spermatocyte"	"perfect match"	"SN253"	NA	5
"GTTGTAGTCACCTGTC"	""	"ERX6700411"	"ERP132578"	"testis"	"Round_spermatids"	NA	NA	NA	"CL:4030036"	"early spermatid"	"perfect match"	"SN253"	NA	2
"GTTGTCCAGCTGTGCC"	""	"ERX6700411"	"ERP132578"	"testis"	"Elongated_spermatids"	NA	NA	NA	"CL:4030037"	"late spermatid"	"perfect match"	"SN253"	NA	1
"GTTGTCCCACTGGATT"	""	"ERX6700411"	"ERP132578"	"testis"	"Other_somatic"	NA	NA	NA	"CL:0002371"	"somatic cell"	"perfect match"	"SN253"	NA	3
"GTTGTCCCATGGCCAC"	""	"ERX6700411"	"ERP132578"	"testis"	"Round_spermatids"	NA	NA	NA	"CL:4030036"	"early spermatid"	"perfect match"	"SN253"	NA	2
"GTTGTCCCATTCATCT"	""	"ERX6700411"	"ERP132578"	"testis"	"Spermatocytes"	NA	NA	NA	"CL:0000017"	"spermatocyte"	"perfect match"	"SN253"	NA	5
"GTTGTCCGTCTACAAC"	""	"ERX6700411"	"ERP132578"	"testis"	"Round_spermatids"	NA	NA	NA	"CL:4030036"	"early spermatid"	"perfect match"	"SN253"	NA	2
"GTTGTCCGTTACCCTC"	""	"ERX6700411"	"ERP132578"	"testis"	"Round_spermatids"	NA	NA	NA	"CL:4030036"	"early spermatid"	"perfect match"	"SN253"	NA	2
"GTTGTGAAGGGTTGCA"	""	"ERX6700411"	"ERP132578"	"testis"	"Round_spermatids"	NA	NA	NA	"CL:4030036"	"early spermatid"	"perfect match"	"SN253"	NA	2
"GTTGTGACAAGAGGTC"	""	"ERX6700411"	"ERP132578"	"testis"	"Elongated_spermatids"	NA	NA	NA	"CL:4030037"	"late spermatid"	"perfect match"	"SN253"	NA	1
"GTTGTGACAGGACTTT"	""	"ERX6700411"	"ERP132578"	"testis"	"Spermatocytes"	NA	NA	NA	"CL:0000017"	"spermatocyte"	"perfect match"	"SN253"	NA	5
"GTTGTGAGTAACTTCG"	""	"ERX6700411"	"ERP132578"	"testis"	"Round_spermatids"	NA	NA	NA	"CL:4030036"	"early spermatid"	"perfect match"	"SN253"	NA	2
"GTTGTGATCTCGGTAA"	""	"ERX6700411"	"ERP132578"	"testis"	"Elongated_spermatids"	NA	NA	NA	"CL:4030037"	"late spermatid"	"perfect match"	"SN253"	NA	1
"GTTTACTCATCCAATG"	""	"ERX6700411"	"ERP132578"	"testis"	"Spermatogonia"	NA	NA	NA	"CL:0000020"	"spermatogonium"	"perfect match"	"SN253"	NA	4
"GTTTACTTCCGGTAGC"	""	"ERX6700411"	"ERP132578"	"testis"	"Elongated_spermatids"	NA	NA	NA	"CL:4030037"	"late spermatid"	"perfect match"	"SN253"	NA	1
"GTTTACTTCGGCTGGT"	""	"ERX6700411"	"ERP132578"	"testis"	"Spermatogonia"	NA	NA	NA	"CL:0000020"	"spermatogonium"	"perfect match"	"SN253"	NA	4
"GTTTACTTCTGTCAGA"	""	"ERX6700411"	"ERP132578"	"testis"	"Elongated_spermatids"	NA	NA	NA	"CL:4030037"	"late spermatid"	"perfect match"	"SN253"	NA	1
"GTTTACTTCTTGCAGA"	""	"ERX6700411"	"ERP132578"	"testis"	"Round_spermatids"	NA	NA	NA	"CL:4030036"	"early spermatid"	"perfect match"	"SN253"	NA	2
"GTTTGGAAGACGCTCC"	""	"ERX6700411"	"ERP132578"	"testis"	"Round_spermatids"	NA	NA	NA	"CL:4030036"	"early spermatid"	"perfect match"	"SN253"	NA	2
"GTTTGGACAACCGTAT"	""	"ERX6700411"	"ERP132578"	"testis"	"Other_somatic"	NA	NA	NA	"CL:0002371"	"somatic cell"	"perfect match"	"SN253"	NA	3
"GTTTGGATCAATCAGC"	""	"ERX6700411"	"ERP132578"	"testis"	"Spermatogonia"	NA	NA	NA	"CL:0000020"	"spermatogonium"	"perfect match"	"SN253"	NA	4
"GTTTGGATCCCGTTGT"	""	"ERX6700411"	"ERP132578"	"testis"	"Elongated_spermatids"	NA	NA	NA	"CL:4030037"	"late spermatid"	"perfect match"	"SN253"	NA	1
"GTTTGGATCGACGCGT"	""	"ERX6700411"	"ERP132578"	"testis"	"Spermatogonia"	NA	NA	NA	"CL:0000020"	"spermatogonium"	"perfect match"	"SN253"	NA	4
"GTTTGGATCGTTCGCT"	""	"ERX6700411"	"ERP132578"	"testis"	"Round_spermatids"	NA	NA	NA	"CL:4030036"	"early spermatid"	"perfect match"	"SN253"	NA	2
"TAACACGAGACCACGA"	""	"ERX6700411"	"ERP132578"	"testis"	"Round_spermatids"	NA	NA	NA	"CL:4030036"	"early spermatid"	"perfect match"	"SN253"	NA	2
"TAACACGTCATGCGGC"	""	"ERX6700411"	"ERP132578"	"testis"	"Spermatogonia"	NA	NA	NA	"CL:0000020"	"spermatogonium"	"perfect match"	"SN253"	NA	4
"TAACACGTCCACAAGT"	""	"ERX6700411"	"ERP132578"	"testis"	"Round_spermatids"	NA	NA	NA	"CL:4030036"	"early spermatid"	"perfect match"	"SN253"	NA	2
"TAACCAGAGAATTCAG"	""	"ERX6700411"	"ERP132578"	"testis"	"Round_spermatids"	NA	NA	NA	"CL:4030036"	"early spermatid"	"perfect match"	"SN253"	NA	2
"TAACCAGCAAAGGGCT"	""	"ERX6700411"	"ERP132578"	"testis"	"Round_spermatids"	NA	NA	NA	"CL:4030036"	"early spermatid"	"perfect match"	"SN253"	NA	2
"TAACCAGGTTGTGTTG"	""	"ERX6700411"	"ERP132578"	"testis"	"Round_spermatids"	NA	NA	NA	"CL:4030036"	"early spermatid"	"perfect match"	"SN253"	NA	2
"TAACCAGGTTTGTTGG"	""	"ERX6700411"	"ERP132578"	"testis"	"Round_spermatids"	NA	NA	NA	"CL:4030036"	"early spermatid"	"perfect match"	"SN253"	NA	2
"TAACCAGTCCGTTTCG"	""	"ERX6700411"	"ERP132578"	"testis"	"Elongated_spermatids"	NA	NA	NA	"CL:4030037"	"late spermatid"	"perfect match"	"SN253"	NA	1
"TAACGACAGGTGGCTA"	""	"ERX6700411"	"ERP132578"	"testis"	"Round_spermatids"	NA	NA	NA	"CL:4030036"	"early spermatid"	"perfect match"	"SN253"	NA	2
"TAACGACGTAGATTAG"	""	"ERX6700411"	"ERP132578"	"testis"	"Elongated_spermatids"	NA	NA	NA	"CL:4030037"	"late spermatid"	"perfect match"	"SN253"	NA	1
"TAACGACGTCAGACTT"	""	"ERX6700411"	"ERP132578"	"testis"	"Round_spermatids"	NA	NA	NA	"CL:4030036"	"early spermatid"	"perfect match"	"SN253"	NA	2
"TAACGACGTCGCACAC"	""	"ERX6700411"	"ERP132578"	"testis"	"Elongated_spermatids"	NA	NA	NA	"CL:4030037"	"late spermatid"	"perfect match"	"SN253"	NA	1
"TAACGACTCCGTAGTA"	""	"ERX6700411"	"ERP132578"	"testis"	"Spermatocytes"	NA	NA	NA	"CL:0000017"	"spermatocyte"	"perfect match"	"SN253"	NA	5
"TAACTTCCAATCAAGA"	""	"ERX6700411"	"ERP132578"	"testis"	"Spermatocytes"	NA	NA	NA	"CL:0000017"	"spermatocyte"	"perfect match"	"SN253"	NA	5
"TAACTTCGTACTGCCG"	""	"ERX6700411"	"ERP132578"	"testis"	"Round_spermatids"	NA	NA	NA	"CL:4030036"	"early spermatid"	"perfect match"	"SN253"	NA	2
"TAACTTCGTTCAGCTA"	""	"ERX6700411"	"ERP132578"	"testis"	"Spermatocytes"	NA	NA	NA	"CL:0000017"	"spermatocyte"	"perfect match"	"SN253"	NA	5
"TAACTTCTCACACGAT"	""	"ERX6700411"	"ERP132578"	"testis"	"Round_spermatids"	NA	NA	NA	"CL:4030036"	"early spermatid"	"perfect match"	"SN253"	NA	2
"TAACTTCTCATAGGCT"	""	"ERX6700411"	"ERP132578"	"testis"	"Spermatogonia"	NA	NA	NA	"CL:0000020"	"spermatogonium"	"perfect match"	"SN253"	NA	4
"TAAGCACAGAAAGCGA"	""	"ERX6700411"	"ERP132578"	"testis"	"Round_spermatids"	NA	NA	NA	"CL:4030036"	"early spermatid"	"perfect match"	"SN253"	NA	2
"TAAGCACCACAGAGCA"	""	"ERX6700411"	"ERP132578"	"testis"	"Round_spermatids"	NA	NA	NA	"CL:4030036"	"early spermatid"	"perfect match"	"SN253"	NA	2
"TAAGCACTCTTCCGTG"	""	"ERX6700411"	"ERP132578"	"testis"	"Round_spermatids"	NA	NA	NA	"CL:4030036"	"early spermatid"	"perfect match"	"SN253"	NA	2
"TAAGCCAAGCCTTTCC"	""	"ERX6700411"	"ERP132578"	"testis"	"Spermatocytes"	NA	NA	NA	"CL:0000017"	"spermatocyte"	"perfect match"	"SN253"	NA	5
"TAAGCCACAATACAGA"	""	"ERX6700411"	"ERP132578"	"testis"	"Round_spermatids"	NA	NA	NA	"CL:4030036"	"early spermatid"	"perfect match"	"SN253"	NA	2
"TAAGCCAGTAGACAGC"	""	"ERX6700411"	"ERP132578"	"testis"	"Elongated_spermatids"	NA	NA	NA	"CL:4030037"	"late spermatid"	"perfect match"	"SN253"	NA	1
"TAAGCCATCCTACCGT"	""	"ERX6700411"	"ERP132578"	"testis"	"Round_spermatids"	NA	NA	NA	"CL:4030036"	"early spermatid"	"perfect match"	"SN253"	NA	2
"TAAGCGTAGAGGCGGA"	""	"ERX6700411"	"ERP132578"	"testis"	"Spermatocytes"	NA	NA	NA	"CL:0000017"	"spermatocyte"	"perfect match"	"SN253"	NA	5
"TAAGCGTAGAGTTGTA"	""	"ERX6700411"	"ERP132578"	"testis"	"Spermatocytes"	NA	NA	NA	"CL:0000017"	"spermatocyte"	"perfect match"	"SN253"	NA	5
"TAAGCGTCACACAGAG"	""	"ERX6700411"	"ERP132578"	"testis"	"Round_spermatids"	NA	NA	NA	"CL:4030036"	"early spermatid"	"perfect match"	"SN253"	NA	2
"TAAGCGTCACGTGTGC"	""	"ERX6700411"	"ERP132578"	"testis"	"Other_somatic"	NA	NA	NA	"CL:0002371"	"somatic cell"	"perfect match"	"SN253"	NA	3
"TAAGCGTGTATAATGG"	""	"ERX6700411"	"ERP132578"	"testis"	"Round_spermatids"	NA	NA	NA	"CL:4030036"	"early spermatid"	"perfect match"	"SN253"	NA	2
"TAAGCGTGTGACTCGC"	""	"ERX6700411"	"ERP132578"	"testis"	"Round_spermatids"	NA	NA	NA	"CL:4030036"	"early spermatid"	"perfect match"	"SN253"	NA	2
"TAAGCGTGTTCCACGG"	""	"ERX6700411"	"ERP132578"	"testis"	"Spermatocytes"	NA	NA	NA	"CL:0000017"	"spermatocyte"	"perfect match"	"SN253"	NA	5
"TAAGCGTTCCAACCGG"	""	"ERX6700411"	"ERP132578"	"testis"	"Round_spermatids"	NA	NA	NA	"CL:4030036"	"early spermatid"	"perfect match"	"SN253"	NA	2
"TAAGTCGCACTCTGCT"	""	"ERX6700411"	"ERP132578"	"testis"	"Round_spermatids"	NA	NA	NA	"CL:4030036"	"early spermatid"	"perfect match"	"SN253"	NA	2
"TAAGTCGGTGGCTGAA"	""	"ERX6700411"	"ERP132578"	"testis"	"Round_spermatids"	NA	NA	NA	"CL:4030036"	"early spermatid"	"perfect match"	"SN253"	NA	2
"TAAGTCGTCTTACTGT"	""	"ERX6700411"	"ERP132578"	"testis"	"Spermatocytes"	NA	NA	NA	"CL:0000017"	"spermatocyte"	"perfect match"	"SN253"	NA	5
"TAAGTCGTCTTCGTGC"	""	"ERX6700411"	"ERP132578"	"testis"	"Round_spermatids"	NA	NA	NA	"CL:4030036"	"early spermatid"	"perfect match"	"SN253"	NA	2
"TAATCTCAGGCAGGGA"	""	"ERX6700411"	"ERP132578"	"testis"	"Elongated_spermatids"	NA	NA	NA	"CL:4030037"	"late spermatid"	"perfect match"	"SN253"	NA	1
"TAATCTCCAGGTGGAT"	""	"ERX6700411"	"ERP132578"	"testis"	"Round_spermatids"	NA	NA	NA	"CL:4030036"	"early spermatid"	"perfect match"	"SN253"	NA	2
"TAATCTCGTCTTGCGG"	""	"ERX6700411"	"ERP132578"	"testis"	"Round_spermatids"	NA	NA	NA	"CL:4030036"	"early spermatid"	"perfect match"	"SN253"	NA	2
"TAATCTCTCCGGTAAT"	""	"ERX6700411"	"ERP132578"	"testis"	"Spermatogonia"	NA	NA	NA	"CL:0000020"	"spermatogonium"	"perfect match"	"SN253"	NA	4
"TAATTCCAGGCTTCCG"	""	"ERX6700411"	"ERP132578"	"testis"	"Other_somatic"	NA	NA	NA	"CL:0002371"	"somatic cell"	"perfect match"	"SN253"	NA	3
"TAATTCCCAAGGACAC"	""	"ERX6700411"	"ERP132578"	"testis"	"Round_spermatids"	NA	NA	NA	"CL:4030036"	"early spermatid"	"perfect match"	"SN253"	NA	2
"TACAACGGTACGTGAG"	""	"ERX6700411"	"ERP132578"	"testis"	"Round_spermatids"	NA	NA	NA	"CL:4030036"	"early spermatid"	"perfect match"	"SN253"	NA	2
"TACAACGTCTGTAACG"	""	"ERX6700411"	"ERP132578"	"testis"	"Other_somatic"	NA	NA	NA	"CL:0002371"	"somatic cell"	"perfect match"	"SN253"	NA	3
"TACACCCAGAAACCCG"	""	"ERX6700411"	"ERP132578"	"testis"	"Round_spermatids"	NA	NA	NA	"CL:4030036"	"early spermatid"	"perfect match"	"SN253"	NA	2
"TACACCCGTCACATTG"	""	"ERX6700411"	"ERP132578"	"testis"	"Elongated_spermatids"	NA	NA	NA	"CL:4030037"	"late spermatid"	"perfect match"	"SN253"	NA	1
"TACAGGTAGCATTTCG"	""	"ERX6700411"	"ERP132578"	"testis"	"Round_spermatids"	NA	NA	NA	"CL:4030036"	"early spermatid"	"perfect match"	"SN253"	NA	2
"TACAGGTAGTCATAGA"	""	"ERX6700411"	"ERP132578"	"testis"	"Round_spermatids"	NA	NA	NA	"CL:4030036"	"early spermatid"	"perfect match"	"SN253"	NA	2
"TACAGGTCAGTCTACA"	""	"ERX6700411"	"ERP132578"	"testis"	"Round_spermatids"	NA	NA	NA	"CL:4030036"	"early spermatid"	"perfect match"	"SN253"	NA	2
"TACAGGTGTCAAACGG"	""	"ERX6700411"	"ERP132578"	"testis"	"Round_spermatids"	NA	NA	NA	"CL:4030036"	"early spermatid"	"perfect match"	"SN253"	NA	2
"TACATTCAGGGCGAAG"	""	"ERX6700411"	"ERP132578"	"testis"	"Round_spermatids"	NA	NA	NA	"CL:4030036"	"early spermatid"	"perfect match"	"SN253"	NA	2
"TACATTCCAATAACCC"	""	"ERX6700411"	"ERP132578"	"testis"	"Elongated_spermatids"	NA	NA	NA	"CL:4030037"	"late spermatid"	"perfect match"	"SN253"	NA	1
"TACATTCCAGATCACT"	""	"ERX6700411"	"ERP132578"	"testis"	"Other_somatic"	NA	NA	NA	"CL:0002371"	"somatic cell"	"perfect match"	"SN253"	NA	3
"TACATTCCATTACGGT"	""	"ERX6700411"	"ERP132578"	"testis"	"Round_spermatids"	NA	NA	NA	"CL:4030036"	"early spermatid"	"perfect match"	"SN253"	NA	2
"TACCCACAGCTGGCTC"	""	"ERX6700411"	"ERP132578"	"testis"	"Round_spermatids"	NA	NA	NA	"CL:4030036"	"early spermatid"	"perfect match"	"SN253"	NA	2
"TACCCACAGGTCATCT"	""	"ERX6700411"	"ERP132578"	"testis"	"Spermatocytes"	NA	NA	NA	"CL:0000017"	"spermatocyte"	"perfect match"	"SN253"	NA	5
"TACCCACCACCTCAGG"	""	"ERX6700411"	"ERP132578"	"testis"	"Elongated_spermatids"	NA	NA	NA	"CL:4030037"	"late spermatid"	"perfect match"	"SN253"	NA	1
"TACCCACCATCGGTTA"	""	"ERX6700411"	"ERP132578"	"testis"	"Round_spermatids"	NA	NA	NA	"CL:4030036"	"early spermatid"	"perfect match"	"SN253"	NA	2
"TACCCACGTGCAGATG"	""	"ERX6700411"	"ERP132578"	"testis"	"Elongated_spermatids"	NA	NA	NA	"CL:4030037"	"late spermatid"	"perfect match"	"SN253"	NA	1
"TACCCGTCAACTCGAT"	""	"ERX6700411"	"ERP132578"	"testis"	"Round_spermatids"	NA	NA	NA	"CL:4030036"	"early spermatid"	"perfect match"	"SN253"	NA	2
"TACCGAAAGTGATAGT"	""	"ERX6700411"	"ERP132578"	"testis"	"Round_spermatids"	NA	NA	NA	"CL:4030036"	"early spermatid"	"perfect match"	"SN253"	NA	2
"TACCGGGAGGATGGCT"	""	"ERX6700411"	"ERP132578"	"testis"	"Spermatogonia"	NA	NA	NA	"CL:0000020"	"spermatogonium"	"perfect match"	"SN253"	NA	4
"TACCGGGTCCATAAGC"	""	"ERX6700411"	"ERP132578"	"testis"	"Spermatogonia"	NA	NA	NA	"CL:0000020"	"spermatogonium"	"perfect match"	"SN253"	NA	4
"TACCTCGAGAGGGTAA"	""	"ERX6700411"	"ERP132578"	"testis"	"Elongated_spermatids"	NA	NA	NA	"CL:4030037"	"late spermatid"	"perfect match"	"SN253"	NA	1
"TACCTCGAGGGAGGCA"	""	"ERX6700411"	"ERP132578"	"testis"	"Round_spermatids"	NA	NA	NA	"CL:4030036"	"early spermatid"	"perfect match"	"SN253"	NA	2
"TACCTCGAGGGTGGGA"	""	"ERX6700411"	"ERP132578"	"testis"	"Elongated_spermatids"	NA	NA	NA	"CL:4030037"	"late spermatid"	"perfect match"	"SN253"	NA	1
"TACCTCGAGTAACGAT"	""	"ERX6700411"	"ERP132578"	"testis"	"Round_spermatids"	NA	NA	NA	"CL:4030036"	"early spermatid"	"perfect match"	"SN253"	NA	2
"TACCTCGGTACGATGG"	""	"ERX6700411"	"ERP132578"	"testis"	"Round_spermatids"	NA	NA	NA	"CL:4030036"	"early spermatid"	"perfect match"	"SN253"	NA	2
"TACCTCGGTCACCACG"	""	"ERX6700411"	"ERP132578"	"testis"	"Round_spermatids"	NA	NA	NA	"CL:4030036"	"early spermatid"	"perfect match"	"SN253"	NA	2
"TACCTCGTCCTGATAG"	""	"ERX6700411"	"ERP132578"	"testis"	"Elongated_spermatids"	NA	NA	NA	"CL:4030037"	"late spermatid"	"perfect match"	"SN253"	NA	1
"TACCTGCAGTACGTCT"	""	"ERX6700411"	"ERP132578"	"testis"	"Round_spermatids"	NA	NA	NA	"CL:4030036"	"early spermatid"	"perfect match"	"SN253"	NA	2
"TACCTGCCAACAGCTT"	""	"ERX6700411"	"ERP132578"	"testis"	"Spermatogonia"	NA	NA	NA	"CL:0000020"	"spermatogonium"	"perfect match"	"SN253"	NA	4
"TACCTGCCACCAGTTA"	""	"ERX6700411"	"ERP132578"	"testis"	"Spermatocytes"	NA	NA	NA	"CL:0000017"	"spermatocyte"	"perfect match"	"SN253"	NA	5
"TACCTGCCATAAGCAA"	""	"ERX6700411"	"ERP132578"	"testis"	"Other_somatic"	NA	NA	NA	"CL:0002371"	"somatic cell"	"perfect match"	"SN253"	NA	3
"TACGCTCAGAGCTGCA"	""	"ERX6700411"	"ERP132578"	"testis"	"Spermatocytes"	NA	NA	NA	"CL:0000017"	"spermatocyte"	"perfect match"	"SN253"	NA	5
"TACGCTCCAGAACTTC"	""	"ERX6700411"	"ERP132578"	"testis"	"Elongated_spermatids"	NA	NA	NA	"CL:4030037"	"late spermatid"	"perfect match"	"SN253"	NA	1
"TACGCTCCATGCCGCA"	""	"ERX6700411"	"ERP132578"	"testis"	"Spermatocytes"	NA	NA	NA	"CL:0000017"	"spermatocyte"	"perfect match"	"SN253"	NA	5
"TACGCTCGTCACTTAG"	""	"ERX6700411"	"ERP132578"	"testis"	"Spermatocytes"	NA	NA	NA	"CL:0000017"	"spermatocyte"	"perfect match"	"SN253"	NA	5
"TACGCTCGTCGCTTGG"	""	"ERX6700411"	"ERP132578"	"testis"	"Round_spermatids"	NA	NA	NA	"CL:4030036"	"early spermatid"	"perfect match"	"SN253"	NA	2
"TACGGGCAGAGTTGAT"	""	"ERX6700411"	"ERP132578"	"testis"	"Spermatocytes"	NA	NA	NA	"CL:0000017"	"spermatocyte"	"perfect match"	"SN253"	NA	5
"TACGGGCCACCGTCTT"	""	"ERX6700411"	"ERP132578"	"testis"	"Round_spermatids"	NA	NA	NA	"CL:4030036"	"early spermatid"	"perfect match"	"SN253"	NA	2
"TACGGGCCAGACCCGT"	""	"ERX6700411"	"ERP132578"	"testis"	"Spermatocytes"	NA	NA	NA	"CL:0000017"	"spermatocyte"	"perfect match"	"SN253"	NA	5
"TACGGTACAAGGTCGA"	""	"ERX6700411"	"ERP132578"	"testis"	"Round_spermatids"	NA	NA	NA	"CL:4030036"	"early spermatid"	"perfect match"	"SN253"	NA	2
"TACGGTACAGTGAGCA"	""	"ERX6700411"	"ERP132578"	"testis"	"Round_spermatids"	NA	NA	NA	"CL:4030036"	"early spermatid"	"perfect match"	"SN253"	NA	2
"TACGGTAGTAGGCTCC"	""	"ERX6700411"	"ERP132578"	"testis"	"Spermatocytes"	NA	NA	NA	"CL:0000017"	"spermatocyte"	"perfect match"	"SN253"	NA	5
"TACGGTAGTCAAGCCC"	""	"ERX6700411"	"ERP132578"	"testis"	"Elongated_spermatids"	NA	NA	NA	"CL:4030037"	"late spermatid"	"perfect match"	"SN253"	NA	1
"TACGGTAGTCGCATGC"	""	"ERX6700411"	"ERP132578"	"testis"	"Round_spermatids"	NA	NA	NA	"CL:4030036"	"early spermatid"	"perfect match"	"SN253"	NA	2
"TACGTCCGTAACAAGT"	""	"ERX6700411"	"ERP132578"	"testis"	"Round_spermatids"	NA	NA	NA	"CL:4030036"	"early spermatid"	"perfect match"	"SN253"	NA	2
"TACGTCCGTGGTCTGC"	""	"ERX6700411"	"ERP132578"	"testis"	"Spermatocytes"	NA	NA	NA	"CL:0000017"	"spermatocyte"	"perfect match"	"SN253"	NA	5
"TACGTCCTCAAGTCGT"	""	"ERX6700411"	"ERP132578"	"testis"	"Round_spermatids"	NA	NA	NA	"CL:4030036"	"early spermatid"	"perfect match"	"SN253"	NA	2
"TACTGCCAGAGATTCA"	""	"ERX6700411"	"ERP132578"	"testis"	"Spermatogonia"	NA	NA	NA	"CL:0000020"	"spermatogonium"	"perfect match"	"SN253"	NA	4
"TACTTACAGCAGGCTA"	""	"ERX6700411"	"ERP132578"	"testis"	"Round_spermatids"	NA	NA	NA	"CL:4030036"	"early spermatid"	"perfect match"	"SN253"	NA	2
"TACTTACAGTGATCGG"	""	"ERX6700411"	"ERP132578"	"testis"	"Spermatocytes"	NA	NA	NA	"CL:0000017"	"spermatocyte"	"perfect match"	"SN253"	NA	5
"TACTTACCACTTCAAG"	""	"ERX6700411"	"ERP132578"	"testis"	"Spermatogonia"	NA	NA	NA	"CL:0000020"	"spermatogonium"	"perfect match"	"SN253"	NA	4
"TACTTACCAGGCGAAT"	""	"ERX6700411"	"ERP132578"	"testis"	"Round_spermatids"	NA	NA	NA	"CL:4030036"	"early spermatid"	"perfect match"	"SN253"	NA	2
"TACTTACCATACAGAA"	""	"ERX6700411"	"ERP132578"	"testis"	"Round_spermatids"	NA	NA	NA	"CL:4030036"	"early spermatid"	"perfect match"	"SN253"	NA	2
"TACTTACGTCACGTGC"	""	"ERX6700411"	"ERP132578"	"testis"	"Spermatocytes"	NA	NA	NA	"CL:0000017"	"spermatocyte"	"perfect match"	"SN253"	NA	5
"TACTTACGTGCAGTGA"	""	"ERX6700411"	"ERP132578"	"testis"	"Elongated_spermatids"	NA	NA	NA	"CL:4030037"	"late spermatid"	"perfect match"	"SN253"	NA	1
"TACTTACGTGCCTGAC"	""	"ERX6700411"	"ERP132578"	"testis"	"Elongated_spermatids"	NA	NA	NA	"CL:4030037"	"late spermatid"	"perfect match"	"SN253"	NA	1
"TACTTCAAGTATGGCG"	""	"ERX6700411"	"ERP132578"	"testis"	"Round_spermatids"	NA	NA	NA	"CL:4030036"	"early spermatid"	"perfect match"	"SN253"	NA	2
"TACTTCACACGCTGCA"	""	"ERX6700411"	"ERP132578"	"testis"	"Round_spermatids"	NA	NA	NA	"CL:4030036"	"early spermatid"	"perfect match"	"SN253"	NA	2
"TACTTGTAGCCGTTAT"	""	"ERX6700411"	"ERP132578"	"testis"	"Round_spermatids"	NA	NA	NA	"CL:4030036"	"early spermatid"	"perfect match"	"SN253"	NA	2
"TACTTGTCATCCGTGG"	""	"ERX6700411"	"ERP132578"	"testis"	"Elongated_spermatids"	NA	NA	NA	"CL:4030037"	"late spermatid"	"perfect match"	"SN253"	NA	1
"TAGACCACACCAACAT"	""	"ERX6700411"	"ERP132578"	"testis"	"Round_spermatids"	NA	NA	NA	"CL:4030036"	"early spermatid"	"perfect match"	"SN253"	NA	2
"TAGACTGAGGTCCTGC"	""	"ERX6700411"	"ERP132578"	"testis"	"Round_spermatids"	NA	NA	NA	"CL:4030036"	"early spermatid"	"perfect match"	"SN253"	NA	2
"TAGACTGCAAATGGCG"	""	"ERX6700411"	"ERP132578"	"testis"	"Round_spermatids"	NA	NA	NA	"CL:4030036"	"early spermatid"	"perfect match"	"SN253"	NA	2
"TAGACTGGTATCGAGG"	""	"ERX6700411"	"ERP132578"	"testis"	"Spermatogonia"	NA	NA	NA	"CL:0000020"	"spermatogonium"	"perfect match"	"SN253"	NA	4
"TAGAGTCAGCCGAATG"	""	"ERX6700411"	"ERP132578"	"testis"	"Round_spermatids"	NA	NA	NA	"CL:4030036"	"early spermatid"	"perfect match"	"SN253"	NA	2
"TAGAGTCAGGAAAGTG"	""	"ERX6700411"	"ERP132578"	"testis"	"Spermatocytes"	NA	NA	NA	"CL:0000017"	"spermatocyte"	"perfect match"	"SN253"	NA	5
"TAGAGTCTCCTGTAAG"	""	"ERX6700411"	"ERP132578"	"testis"	"Elongated_spermatids"	NA	NA	NA	"CL:4030037"	"late spermatid"	"perfect match"	"SN253"	NA	1
"TAGATCGAGTATGGCG"	""	"ERX6700411"	"ERP132578"	"testis"	"Round_spermatids"	NA	NA	NA	"CL:4030036"	"early spermatid"	"perfect match"	"SN253"	NA	2
"TAGATCGCACCGGCTA"	""	"ERX6700411"	"ERP132578"	"testis"	"Spermatogonia"	NA	NA	NA	"CL:0000020"	"spermatogonium"	"perfect match"	"SN253"	NA	4
"TAGATCGGTGCTGATT"	""	"ERX6700411"	"ERP132578"	"testis"	"Round_spermatids"	NA	NA	NA	"CL:4030036"	"early spermatid"	"perfect match"	"SN253"	NA	2
"TAGCACAAGATAGCAT"	""	"ERX6700411"	"ERP132578"	"testis"	"Elongated_spermatids"	NA	NA	NA	"CL:4030037"	"late spermatid"	"perfect match"	"SN253"	NA	1
"TAGCACAAGCAATAGT"	""	"ERX6700411"	"ERP132578"	"testis"	"Round_spermatids"	NA	NA	NA	"CL:4030036"	"early spermatid"	"perfect match"	"SN253"	NA	2
"TAGCACAAGGCATCGA"	""	"ERX6700411"	"ERP132578"	"testis"	"Round_spermatids"	NA	NA	NA	"CL:4030036"	"early spermatid"	"perfect match"	"SN253"	NA	2
"TAGCACAAGGTAAAGG"	""	"ERX6700411"	"ERP132578"	"testis"	"Spermatocytes"	NA	NA	NA	"CL:0000017"	"spermatocyte"	"perfect match"	"SN253"	NA	5
"TAGCACAAGGTTACCT"	""	"ERX6700411"	"ERP132578"	"testis"	"Round_spermatids"	NA	NA	NA	"CL:4030036"	"early spermatid"	"perfect match"	"SN253"	NA	2
"TAGCACAGTGTGGACA"	""	"ERX6700411"	"ERP132578"	"testis"	"Round_spermatids"	NA	NA	NA	"CL:4030036"	"early spermatid"	"perfect match"	"SN253"	NA	2
"TAGGAGGGTCAACATC"	""	"ERX6700411"	"ERP132578"	"testis"	"Round_spermatids"	NA	NA	NA	"CL:4030036"	"early spermatid"	"perfect match"	"SN253"	NA	2
"TAGGAGGTCAACTGGT"	""	"ERX6700411"	"ERP132578"	"testis"	"Round_spermatids"	NA	NA	NA	"CL:4030036"	"early spermatid"	"perfect match"	"SN253"	NA	2
"TAGGGTTAGAGAGTGA"	""	"ERX6700411"	"ERP132578"	"testis"	"Round_spermatids"	NA	NA	NA	"CL:4030036"	"early spermatid"	"perfect match"	"SN253"	NA	2
"TAGGGTTAGATGGCGT"	""	"ERX6700411"	"ERP132578"	"testis"	"Round_spermatids"	NA	NA	NA	"CL:4030036"	"early spermatid"	"perfect match"	"SN253"	NA	2
"TAGGGTTGTCATCGGC"	""	"ERX6700411"	"ERP132578"	"testis"	"Spermatocytes"	NA	NA	NA	"CL:0000017"	"spermatocyte"	"perfect match"	"SN253"	NA	5
"TAGGGTTTCCGGACTG"	""	"ERX6700411"	"ERP132578"	"testis"	"Round_spermatids"	NA	NA	NA	"CL:4030036"	"early spermatid"	"perfect match"	"SN253"	NA	2
"TAGGGTTTCGACCACG"	""	"ERX6700411"	"ERP132578"	"testis"	"Spermatocytes"	NA	NA	NA	"CL:0000017"	"spermatocyte"	"perfect match"	"SN253"	NA	5
"TAGGTACAGCTTCTAG"	""	"ERX6700411"	"ERP132578"	"testis"	"Spermatogonia"	NA	NA	NA	"CL:0000020"	"spermatogonium"	"perfect match"	"SN253"	NA	4
"TAGGTACCACTCCCTA"	""	"ERX6700411"	"ERP132578"	"testis"	"Round_spermatids"	NA	NA	NA	"CL:4030036"	"early spermatid"	"perfect match"	"SN253"	NA	2
"TAGGTACTCATAGCAC"	""	"ERX6700411"	"ERP132578"	"testis"	"Round_spermatids"	NA	NA	NA	"CL:4030036"	"early spermatid"	"perfect match"	"SN253"	NA	2
"TAGGTTGAGCGGACAT"	""	"ERX6700411"	"ERP132578"	"testis"	"Spermatocytes"	NA	NA	NA	"CL:0000017"	"spermatocyte"	"perfect match"	"SN253"	NA	5
"TAGGTTGGTCAAAGAT"	""	"ERX6700411"	"ERP132578"	"testis"	"Round_spermatids"	NA	NA	NA	"CL:4030036"	"early spermatid"	"perfect match"	"SN253"	NA	2
"TAGGTTGTCCTCCACA"	""	"ERX6700411"	"ERP132578"	"testis"	"Spermatocytes"	NA	NA	NA	"CL:0000017"	"spermatocyte"	"perfect match"	"SN253"	NA	5
"TAGTGCAAGATACATG"	""	"ERX6700411"	"ERP132578"	"testis"	"Spermatocytes"	NA	NA	NA	"CL:0000017"	"spermatocyte"	"perfect match"	"SN253"	NA	5
"TAGTGCAAGCTAAACA"	""	"ERX6700411"	"ERP132578"	"testis"	"Spermatocytes"	NA	NA	NA	"CL:0000017"	"spermatocyte"	"perfect match"	"SN253"	NA	5
"TAGTGCACAGGTTCAT"	""	"ERX6700411"	"ERP132578"	"testis"	"Round_spermatids"	NA	NA	NA	"CL:4030036"	"early spermatid"	"perfect match"	"SN253"	NA	2
"TAGTGCAGTCTAATCG"	""	"ERX6700411"	"ERP132578"	"testis"	"Elongated_spermatids"	NA	NA	NA	"CL:4030037"	"late spermatid"	"perfect match"	"SN253"	NA	1
"TAGTGCAGTGGGACAT"	""	"ERX6700411"	"ERP132578"	"testis"	"Elongated_spermatids"	NA	NA	NA	"CL:4030037"	"late spermatid"	"perfect match"	"SN253"	NA	1
"TATACCTAGACGAAGA"	""	"ERX6700411"	"ERP132578"	"testis"	"Elongated_spermatids"	NA	NA	NA	"CL:4030037"	"late spermatid"	"perfect match"	"SN253"	NA	1
"TATACCTAGGTGGGTT"	""	"ERX6700411"	"ERP132578"	"testis"	"Elongated_spermatids"	NA	NA	NA	"CL:4030037"	"late spermatid"	"perfect match"	"SN253"	NA	1
"TATACCTGTCAGTTTG"	""	"ERX6700411"	"ERP132578"	"testis"	"Round_spermatids"	NA	NA	NA	"CL:4030036"	"early spermatid"	"perfect match"	"SN253"	NA	2
"TATATCCAGAGTTGCG"	""	"ERX6700411"	"ERP132578"	"testis"	"Round_spermatids"	NA	NA	NA	"CL:4030036"	"early spermatid"	"perfect match"	"SN253"	NA	2
"TATATCCAGCGACATG"	""	"ERX6700411"	"ERP132578"	"testis"	"Round_spermatids"	NA	NA	NA	"CL:4030036"	"early spermatid"	"perfect match"	"SN253"	NA	2
"TATATCCAGCTCCATA"	""	"ERX6700411"	"ERP132578"	"testis"	"Elongated_spermatids"	NA	NA	NA	"CL:4030037"	"late spermatid"	"perfect match"	"SN253"	NA	1
"TATATCCCATGACAAA"	""	"ERX6700411"	"ERP132578"	"testis"	"Spermatogonia"	NA	NA	NA	"CL:0000020"	"spermatogonium"	"perfect match"	"SN253"	NA	4
"TATATCCGTAGATTAG"	""	"ERX6700411"	"ERP132578"	"testis"	"Round_spermatids"	NA	NA	NA	"CL:4030036"	"early spermatid"	"perfect match"	"SN253"	NA	2
"TATATCCGTCGAATGG"	""	"ERX6700411"	"ERP132578"	"testis"	"Elongated_spermatids"	NA	NA	NA	"CL:4030037"	"late spermatid"	"perfect match"	"SN253"	NA	1
"TATCAGGGTGTAGGAC"	""	"ERX6700411"	"ERP132578"	"testis"	"Round_spermatids"	NA	NA	NA	"CL:4030036"	"early spermatid"	"perfect match"	"SN253"	NA	2
"TATCAGGGTGTTACTG"	""	"ERX6700411"	"ERP132578"	"testis"	"Spermatocytes"	NA	NA	NA	"CL:0000017"	"spermatocyte"	"perfect match"	"SN253"	NA	5
"TATCCTAAGAGTCACG"	""	"ERX6700411"	"ERP132578"	"testis"	"Spermatocytes"	NA	NA	NA	"CL:0000017"	"spermatocyte"	"perfect match"	"SN253"	NA	5
"TATCCTAAGGTCGAGT"	""	"ERX6700411"	"ERP132578"	"testis"	"Spermatocytes"	NA	NA	NA	"CL:0000017"	"spermatocyte"	"perfect match"	"SN253"	NA	5
"TATCCTACAACATACC"	""	"ERX6700411"	"ERP132578"	"testis"	"Round_spermatids"	NA	NA	NA	"CL:4030036"	"early spermatid"	"perfect match"	"SN253"	NA	2
"TATCGCCAGACATGCG"	""	"ERX6700411"	"ERP132578"	"testis"	"Other_somatic"	NA	NA	NA	"CL:0002371"	"somatic cell"	"perfect match"	"SN253"	NA	3
"TATCGCCAGAGCAAGA"	""	"ERX6700411"	"ERP132578"	"testis"	"Round_spermatids"	NA	NA	NA	"CL:4030036"	"early spermatid"	"perfect match"	"SN253"	NA	2
"TATCGCCCATAATCCG"	""	"ERX6700411"	"ERP132578"	"testis"	"Elongated_spermatids"	NA	NA	NA	"CL:4030037"	"late spermatid"	"perfect match"	"SN253"	NA	1
"TATCGCCCATCAGTCA"	""	"ERX6700411"	"ERP132578"	"testis"	"Spermatogonia"	NA	NA	NA	"CL:0000020"	"spermatogonium"	"perfect match"	"SN253"	NA	4
"TATCGCCGTTGCAACT"	""	"ERX6700411"	"ERP132578"	"testis"	"Round_spermatids"	NA	NA	NA	"CL:4030036"	"early spermatid"	"perfect match"	"SN253"	NA	2
"TATCGCCTCTCTTAAC"	""	"ERX6700411"	"ERP132578"	"testis"	"Spermatocytes"	NA	NA	NA	"CL:0000017"	"spermatocyte"	"perfect match"	"SN253"	NA	5
"TATCTGTCACGGTCTG"	""	"ERX6700411"	"ERP132578"	"testis"	"Round_spermatids"	NA	NA	NA	"CL:4030036"	"early spermatid"	"perfect match"	"SN253"	NA	2
"TATCTGTCATATCTCT"	""	"ERX6700411"	"ERP132578"	"testis"	"Spermatocytes"	NA	NA	NA	"CL:0000017"	"spermatocyte"	"perfect match"	"SN253"	NA	5
"TATCTGTGTATCAAGA"	""	"ERX6700411"	"ERP132578"	"testis"	"Spermatocytes"	NA	NA	NA	"CL:0000017"	"spermatocyte"	"perfect match"	"SN253"	NA	5
"TATCTTGAGGATTACA"	""	"ERX6700411"	"ERP132578"	"testis"	"Other_somatic"	NA	NA	NA	"CL:0002371"	"somatic cell"	"perfect match"	"SN253"	NA	3
"TATCTTGTCCGAACGC"	""	"ERX6700411"	"ERP132578"	"testis"	"Elongated_spermatids"	NA	NA	NA	"CL:4030037"	"late spermatid"	"perfect match"	"SN253"	NA	1
"TATGTTCCAAATTGGA"	""	"ERX6700411"	"ERP132578"	"testis"	"Spermatogonia"	NA	NA	NA	"CL:0000020"	"spermatogonium"	"perfect match"	"SN253"	NA	4
"TATGTTCGTACCTTCC"	""	"ERX6700411"	"ERP132578"	"testis"	"Spermatogonia"	NA	NA	NA	"CL:0000020"	"spermatogonium"	"perfect match"	"SN253"	NA	4
"TATGTTCGTGAACCGA"	""	"ERX6700411"	"ERP132578"	"testis"	"Elongated_spermatids"	NA	NA	NA	"CL:4030037"	"late spermatid"	"perfect match"	"SN253"	NA	1
"TATGTTCTCAGAGCAG"	""	"ERX6700411"	"ERP132578"	"testis"	"Spermatocytes"	NA	NA	NA	"CL:0000017"	"spermatocyte"	"perfect match"	"SN253"	NA	5
"TATTCCAAGGTTTACC"	""	"ERX6700411"	"ERP132578"	"testis"	"Round_spermatids"	NA	NA	NA	"CL:4030036"	"early spermatid"	"perfect match"	"SN253"	NA	2
"TATTCCAAGTCATCGT"	""	"ERX6700411"	"ERP132578"	"testis"	"Round_spermatids"	NA	NA	NA	"CL:4030036"	"early spermatid"	"perfect match"	"SN253"	NA	2
"TATTCCAGTAGCCCTG"	""	"ERX6700411"	"ERP132578"	"testis"	"Spermatocytes"	NA	NA	NA	"CL:0000017"	"spermatocyte"	"perfect match"	"SN253"	NA	5
"TATTCCAGTCCCGTGA"	""	"ERX6700411"	"ERP132578"	"testis"	"Other_somatic"	NA	NA	NA	"CL:0002371"	"somatic cell"	"perfect match"	"SN253"	NA	3
"TATTGCTGTCAAAGTA"	""	"ERX6700411"	"ERP132578"	"testis"	"Spermatocytes"	NA	NA	NA	"CL:0000017"	"spermatocyte"	"perfect match"	"SN253"	NA	5
"TATTGCTGTTTAGACC"	""	"ERX6700411"	"ERP132578"	"testis"	"Round_spermatids"	NA	NA	NA	"CL:4030036"	"early spermatid"	"perfect match"	"SN253"	NA	2
"TATTGCTTCATGAGGG"	""	"ERX6700411"	"ERP132578"	"testis"	"Other_somatic"	NA	NA	NA	"CL:0002371"	"somatic cell"	"perfect match"	"SN253"	NA	3
"TATTGGGAGACTTCCA"	""	"ERX6700411"	"ERP132578"	"testis"	"Other_somatic"	NA	NA	NA	"CL:0002371"	"somatic cell"	"perfect match"	"SN253"	NA	3
"TATTGGGAGCTATCCA"	""	"ERX6700411"	"ERP132578"	"testis"	"Other_somatic"	NA	NA	NA	"CL:0002371"	"somatic cell"	"perfect match"	"SN253"	NA	3
"TATTGGGGTGTGCCTG"	""	"ERX6700411"	"ERP132578"	"testis"	"Spermatocytes"	NA	NA	NA	"CL:0000017"	"spermatocyte"	"perfect match"	"SN253"	NA	5
"TATTTCGAGCGAAACC"	""	"ERX6700411"	"ERP132578"	"testis"	"Round_spermatids"	NA	NA	NA	"CL:4030036"	"early spermatid"	"perfect match"	"SN253"	NA	2
"TATTTCGAGCGGATCA"	""	"ERX6700411"	"ERP132578"	"testis"	"Spermatocytes"	NA	NA	NA	"CL:0000017"	"spermatocyte"	"perfect match"	"SN253"	NA	5
"TATTTCGCAAATGAAC"	""	"ERX6700411"	"ERP132578"	"testis"	"Round_spermatids"	NA	NA	NA	"CL:4030036"	"early spermatid"	"perfect match"	"SN253"	NA	2
"TATTTCGCACTTCAAG"	""	"ERX6700411"	"ERP132578"	"testis"	"Round_spermatids"	NA	NA	NA	"CL:4030036"	"early spermatid"	"perfect match"	"SN253"	NA	2
"TATTTCGGTCTGTGCG"	""	"ERX6700411"	"ERP132578"	"testis"	"Spermatocytes"	NA	NA	NA	"CL:0000017"	"spermatocyte"	"perfect match"	"SN253"	NA	5
"TATTTCGGTGCGACAA"	""	"ERX6700411"	"ERP132578"	"testis"	"Round_spermatids"	NA	NA	NA	"CL:4030036"	"early spermatid"	"perfect match"	"SN253"	NA	2
"TATTTCGGTGGTACAG"	""	"ERX6700411"	"ERP132578"	"testis"	"Spermatogonia"	NA	NA	NA	"CL:0000020"	"spermatogonium"	"perfect match"	"SN253"	NA	4
"TCAAGACAGCCTGGAA"	""	"ERX6700411"	"ERP132578"	"testis"	"Spermatocytes"	NA	NA	NA	"CL:0000017"	"spermatocyte"	"perfect match"	"SN253"	NA	5
"TCAAGACTCCAGCAAT"	""	"ERX6700411"	"ERP132578"	"testis"	"Elongated_spermatids"	NA	NA	NA	"CL:4030037"	"late spermatid"	"perfect match"	"SN253"	NA	1
"TCAAGCAAGGGCAGAG"	""	"ERX6700411"	"ERP132578"	"testis"	"Elongated_spermatids"	NA	NA	NA	"CL:4030037"	"late spermatid"	"perfect match"	"SN253"	NA	1
"TCAAGCACACTGTCGG"	""	"ERX6700411"	"ERP132578"	"testis"	"Elongated_spermatids"	NA	NA	NA	"CL:4030037"	"late spermatid"	"perfect match"	"SN253"	NA	1
"TCAAGCAGTCTTGTCC"	""	"ERX6700411"	"ERP132578"	"testis"	"Round_spermatids"	NA	NA	NA	"CL:4030036"	"early spermatid"	"perfect match"	"SN253"	NA	2
"TCAAGCAGTGAACCGA"	""	"ERX6700411"	"ERP132578"	"testis"	"Round_spermatids"	NA	NA	NA	"CL:4030036"	"early spermatid"	"perfect match"	"SN253"	NA	2
"TCAAGTGCACACACGC"	""	"ERX6700411"	"ERP132578"	"testis"	"Round_spermatids"	NA	NA	NA	"CL:4030036"	"early spermatid"	"perfect match"	"SN253"	NA	2
"TCAAGTGGTCGCTTGG"	""	"ERX6700411"	"ERP132578"	"testis"	"Round_spermatids"	NA	NA	NA	"CL:4030036"	"early spermatid"	"perfect match"	"SN253"	NA	2
"TCAAGTGGTCTTGCGG"	""	"ERX6700411"	"ERP132578"	"testis"	"Elongated_spermatids"	NA	NA	NA	"CL:4030037"	"late spermatid"	"perfect match"	"SN253"	NA	1
"TCAAGTGGTGGATACG"	""	"ERX6700411"	"ERP132578"	"testis"	"Spermatocytes"	NA	NA	NA	"CL:0000017"	"spermatocyte"	"perfect match"	"SN253"	NA	5
"TCAAGTGGTTCTGAGT"	""	"ERX6700411"	"ERP132578"	"testis"	"Spermatocytes"	NA	NA	NA	"CL:0000017"	"spermatocyte"	"perfect match"	"SN253"	NA	5
"TCAAGTGTCTTGGTCC"	""	"ERX6700411"	"ERP132578"	"testis"	"Round_spermatids"	NA	NA	NA	"CL:4030036"	"early spermatid"	"perfect match"	"SN253"	NA	2
"TCAATCTAGCTCGACC"	""	"ERX6700411"	"ERP132578"	"testis"	"Spermatogonia"	NA	NA	NA	"CL:0000020"	"spermatogonium"	"perfect match"	"SN253"	NA	4
"TCAATCTCAACACGTT"	""	"ERX6700411"	"ERP132578"	"testis"	"Round_spermatids"	NA	NA	NA	"CL:4030036"	"early spermatid"	"perfect match"	"SN253"	NA	2
"TCAATCTCATAAGATG"	""	"ERX6700411"	"ERP132578"	"testis"	"Elongated_spermatids"	NA	NA	NA	"CL:4030037"	"late spermatid"	"perfect match"	"SN253"	NA	1
"TCAATCTGTACTTGTG"	""	"ERX6700411"	"ERP132578"	"testis"	"Elongated_spermatids"	NA	NA	NA	"CL:4030037"	"late spermatid"	"perfect match"	"SN253"	NA	1
"TCAATCTTCCCTGTTG"	""	"ERX6700411"	"ERP132578"	"testis"	"Round_spermatids"	NA	NA	NA	"CL:4030036"	"early spermatid"	"perfect match"	"SN253"	NA	2
"TCAATCTTCTAGGCAT"	""	"ERX6700411"	"ERP132578"	"testis"	"Spermatocytes"	NA	NA	NA	"CL:0000017"	"spermatocyte"	"perfect match"	"SN253"	NA	5
"TCAATTCCAAGGTCTT"	""	"ERX6700411"	"ERP132578"	"testis"	"Spermatocytes"	NA	NA	NA	"CL:0000017"	"spermatocyte"	"perfect match"	"SN253"	NA	5
"TCAATTCCACAAGCTT"	""	"ERX6700411"	"ERP132578"	"testis"	"Round_spermatids"	NA	NA	NA	"CL:4030036"	"early spermatid"	"perfect match"	"SN253"	NA	2
"TCACAAGCAAGTGGCA"	""	"ERX6700411"	"ERP132578"	"testis"	"Spermatocytes"	NA	NA	NA	"CL:0000017"	"spermatocyte"	"perfect match"	"SN253"	NA	5
"TCACACCAGCTGAAGC"	""	"ERX6700411"	"ERP132578"	"testis"	"Spermatocytes"	NA	NA	NA	"CL:0000017"	"spermatocyte"	"perfect match"	"SN253"	NA	5
"TCACACCGTCATCACA"	""	"ERX6700411"	"ERP132578"	"testis"	"Spermatocytes"	NA	NA	NA	"CL:0000017"	"spermatocyte"	"perfect match"	"SN253"	NA	5
"TCACACCGTGCGGATA"	""	"ERX6700411"	"ERP132578"	"testis"	"Spermatocytes"	NA	NA	NA	"CL:0000017"	"spermatocyte"	"perfect match"	"SN253"	NA	5
"TCACATTAGGCTGAAC"	""	"ERX6700411"	"ERP132578"	"testis"	"Elongated_spermatids"	NA	NA	NA	"CL:4030037"	"late spermatid"	"perfect match"	"SN253"	NA	1
"TCACATTGTATCTCGA"	""	"ERX6700411"	"ERP132578"	"testis"	"Round_spermatids"	NA	NA	NA	"CL:4030036"	"early spermatid"	"perfect match"	"SN253"	NA	2
"TCACATTGTTACCCAA"	""	"ERX6700411"	"ERP132578"	"testis"	"Round_spermatids"	NA	NA	NA	"CL:4030036"	"early spermatid"	"perfect match"	"SN253"	NA	2
"TCACATTTCCCATAGA"	""	"ERX6700411"	"ERP132578"	"testis"	"Spermatogonia"	NA	NA	NA	"CL:0000020"	"spermatogonium"	"perfect match"	"SN253"	NA	4
"TCACATTTCGGCTTCT"	""	"ERX6700411"	"ERP132578"	"testis"	"Elongated_spermatids"	NA	NA	NA	"CL:4030037"	"late spermatid"	"perfect match"	"SN253"	NA	1
"TCACGCTAGAGTTGTA"	""	"ERX6700411"	"ERP132578"	"testis"	"Round_spermatids"	NA	NA	NA	"CL:4030036"	"early spermatid"	"perfect match"	"SN253"	NA	2
"TCACGCTAGCATCCCG"	""	"ERX6700411"	"ERP132578"	"testis"	"Round_spermatids"	NA	NA	NA	"CL:4030036"	"early spermatid"	"perfect match"	"SN253"	NA	2
"TCACGCTGTGATTCTG"	""	"ERX6700411"	"ERP132578"	"testis"	"Round_spermatids"	NA	NA	NA	"CL:4030036"	"early spermatid"	"perfect match"	"SN253"	NA	2
"TCACGCTGTGGACCAA"	""	"ERX6700411"	"ERP132578"	"testis"	"Round_spermatids"	NA	NA	NA	"CL:4030036"	"early spermatid"	"perfect match"	"SN253"	NA	2
"TCACGGGCATGGAATA"	""	"ERX6700411"	"ERP132578"	"testis"	"Round_spermatids"	NA	NA	NA	"CL:4030036"	"early spermatid"	"perfect match"	"SN253"	NA	2
"TCACGGGGTACAGTCT"	""	"ERX6700411"	"ERP132578"	"testis"	"Spermatocytes"	NA	NA	NA	"CL:0000017"	"spermatocyte"	"perfect match"	"SN253"	NA	5
"TCACGGGGTGCTCTCT"	""	"ERX6700411"	"ERP132578"	"testis"	"Spermatocytes"	NA	NA	NA	"CL:0000017"	"spermatocyte"	"perfect match"	"SN253"	NA	5
"TCACTATCAGGTTCAT"	""	"ERX6700411"	"ERP132578"	"testis"	"Round_spermatids"	NA	NA	NA	"CL:4030036"	"early spermatid"	"perfect match"	"SN253"	NA	2
"TCACTATTCAAGTAAG"	""	"ERX6700411"	"ERP132578"	"testis"	"Spermatocytes"	NA	NA	NA	"CL:0000017"	"spermatocyte"	"perfect match"	"SN253"	NA	5
"TCACTCGCAAAGCTAA"	""	"ERX6700411"	"ERP132578"	"testis"	"Spermatocytes"	NA	NA	NA	"CL:0000017"	"spermatocyte"	"perfect match"	"SN253"	NA	5
"TCACTCGCAGAAATTG"	""	"ERX6700411"	"ERP132578"	"testis"	"Round_spermatids"	NA	NA	NA	"CL:4030036"	"early spermatid"	"perfect match"	"SN253"	NA	2
"TCACTCGGTAATGTGA"	""	"ERX6700411"	"ERP132578"	"testis"	"Elongated_spermatids"	NA	NA	NA	"CL:4030037"	"late spermatid"	"perfect match"	"SN253"	NA	1
"TCACTCGGTCTGTGGC"	""	"ERX6700411"	"ERP132578"	"testis"	"Round_spermatids"	NA	NA	NA	"CL:4030036"	"early spermatid"	"perfect match"	"SN253"	NA	2
"TCACTCGTCCTAAGTG"	""	"ERX6700411"	"ERP132578"	"testis"	"Spermatocytes"	NA	NA	NA	"CL:0000017"	"spermatocyte"	"perfect match"	"SN253"	NA	5
"TCAGCAAAGAGCTGCA"	""	"ERX6700411"	"ERP132578"	"testis"	"Spermatocytes"	NA	NA	NA	"CL:0000017"	"spermatocyte"	"perfect match"	"SN253"	NA	5
"TCAGCAAGTCCACATA"	""	"ERX6700411"	"ERP132578"	"testis"	"Other_somatic"	NA	NA	NA	"CL:0002371"	"somatic cell"	"perfect match"	"SN253"	NA	3
"TCAGCAAGTCCTTTGC"	""	"ERX6700411"	"ERP132578"	"testis"	"Round_spermatids"	NA	NA	NA	"CL:4030036"	"early spermatid"	"perfect match"	"SN253"	NA	2
"TCAGCCTTCACCTGTC"	""	"ERX6700411"	"ERP132578"	"testis"	"Round_spermatids"	NA	NA	NA	"CL:4030036"	"early spermatid"	"perfect match"	"SN253"	NA	2
"TCAGCCTTCAGATTGC"	""	"ERX6700411"	"ERP132578"	"testis"	"Round_spermatids"	NA	NA	NA	"CL:4030036"	"early spermatid"	"perfect match"	"SN253"	NA	2
"TCAGCCTTCTCACGAA"	""	"ERX6700411"	"ERP132578"	"testis"	"Round_spermatids"	NA	NA	NA	"CL:4030036"	"early spermatid"	"perfect match"	"SN253"	NA	2
"TCAGGGCAGAGATCGC"	""	"ERX6700411"	"ERP132578"	"testis"	"Other_somatic"	NA	NA	NA	"CL:0002371"	"somatic cell"	"perfect match"	"SN253"	NA	3
"TCAGGGCGTGCCCACA"	""	"ERX6700411"	"ERP132578"	"testis"	"Round_spermatids"	NA	NA	NA	"CL:4030036"	"early spermatid"	"perfect match"	"SN253"	NA	2
"TCAGTCCAGCACACAG"	""	"ERX6700411"	"ERP132578"	"testis"	"Round_spermatids"	NA	NA	NA	"CL:4030036"	"early spermatid"	"perfect match"	"SN253"	NA	2
"TCAGTCCCAATACAGA"	""	"ERX6700411"	"ERP132578"	"testis"	"Round_spermatids"	NA	NA	NA	"CL:4030036"	"early spermatid"	"perfect match"	"SN253"	NA	2
"TCAGTCCCATAGACTC"	""	"ERX6700411"	"ERP132578"	"testis"	"Round_spermatids"	NA	NA	NA	"CL:4030036"	"early spermatid"	"perfect match"	"SN253"	NA	2
"TCAGTCCGTCATAAAG"	""	"ERX6700411"	"ERP132578"	"testis"	"Round_spermatids"	NA	NA	NA	"CL:4030036"	"early spermatid"	"perfect match"	"SN253"	NA	2
"TCAGTCCTCCATTTCA"	""	"ERX6700411"	"ERP132578"	"testis"	"Round_spermatids"	NA	NA	NA	"CL:4030036"	"early spermatid"	"perfect match"	"SN253"	NA	2
"TCAGTGACAACAAGTA"	""	"ERX6700411"	"ERP132578"	"testis"	"Spermatocytes"	NA	NA	NA	"CL:0000017"	"spermatocyte"	"perfect match"	"SN253"	NA	5
"TCAGTGAGTCCTATAG"	""	"ERX6700411"	"ERP132578"	"testis"	"Round_spermatids"	NA	NA	NA	"CL:4030036"	"early spermatid"	"perfect match"	"SN253"	NA	2
"TCAGTGATCACCTCAC"	""	"ERX6700411"	"ERP132578"	"testis"	"Elongated_spermatids"	NA	NA	NA	"CL:4030037"	"late spermatid"	"perfect match"	"SN253"	NA	1
"TCAGTTTGTACGCTTA"	""	"ERX6700411"	"ERP132578"	"testis"	"Spermatogonia"	NA	NA	NA	"CL:0000020"	"spermatogonium"	"perfect match"	"SN253"	NA	4
"TCAGTTTTCAATGTCG"	""	"ERX6700411"	"ERP132578"	"testis"	"Round_spermatids"	NA	NA	NA	"CL:4030036"	"early spermatid"	"perfect match"	"SN253"	NA	2
"TCAGTTTTCCGAAGGA"	""	"ERX6700411"	"ERP132578"	"testis"	"Round_spermatids"	NA	NA	NA	"CL:4030036"	"early spermatid"	"perfect match"	"SN253"	NA	2
"TCAGTTTTCTTTCTAG"	""	"ERX6700411"	"ERP132578"	"testis"	"Spermatogonia"	NA	NA	NA	"CL:0000020"	"spermatogonium"	"perfect match"	"SN253"	NA	4
"TCATACTGTTATAGCC"	""	"ERX6700411"	"ERP132578"	"testis"	"Round_spermatids"	NA	NA	NA	"CL:4030036"	"early spermatid"	"perfect match"	"SN253"	NA	2
"TCATACTTCAAGGAGC"	""	"ERX6700411"	"ERP132578"	"testis"	"Other_somatic"	NA	NA	NA	"CL:0002371"	"somatic cell"	"perfect match"	"SN253"	NA	3
"TCATATCCACAAATGA"	""	"ERX6700411"	"ERP132578"	"testis"	"Round_spermatids"	NA	NA	NA	"CL:4030036"	"early spermatid"	"perfect match"	"SN253"	NA	2
"TCATATCTCACCTGGG"	""	"ERX6700411"	"ERP132578"	"testis"	"Round_spermatids"	NA	NA	NA	"CL:4030036"	"early spermatid"	"perfect match"	"SN253"	NA	2
"TCATCATCAAATCAAG"	""	"ERX6700411"	"ERP132578"	"testis"	"Other_somatic"	NA	NA	NA	"CL:0002371"	"somatic cell"	"perfect match"	"SN253"	NA	3
"TCATCATCAGGACAGT"	""	"ERX6700411"	"ERP132578"	"testis"	"Spermatocytes"	NA	NA	NA	"CL:0000017"	"spermatocyte"	"perfect match"	"SN253"	NA	5
"TCATCATTCGTCAAAC"	""	"ERX6700411"	"ERP132578"	"testis"	"Spermatogonia"	NA	NA	NA	"CL:0000020"	"spermatogonium"	"perfect match"	"SN253"	NA	4
"TCATCCGAGGCGAACT"	""	"ERX6700411"	"ERP132578"	"testis"	"Round_spermatids"	NA	NA	NA	"CL:4030036"	"early spermatid"	"perfect match"	"SN253"	NA	2
"TCATCCGCAAGAGAGA"	""	"ERX6700411"	"ERP132578"	"testis"	"Elongated_spermatids"	NA	NA	NA	"CL:4030037"	"late spermatid"	"perfect match"	"SN253"	NA	1
"TCATCCGGTGAACGGT"	""	"ERX6700411"	"ERP132578"	"testis"	"Round_spermatids"	NA	NA	NA	"CL:4030036"	"early spermatid"	"perfect match"	"SN253"	NA	2
"TCATCCGTCAAGTTGC"	""	"ERX6700411"	"ERP132578"	"testis"	"Round_spermatids"	NA	NA	NA	"CL:4030036"	"early spermatid"	"perfect match"	"SN253"	NA	2
"TCATGAGCATACTGAC"	""	"ERX6700411"	"ERP132578"	"testis"	"Round_spermatids"	NA	NA	NA	"CL:4030036"	"early spermatid"	"perfect match"	"SN253"	NA	2
"TCATGAGCATGGCGCT"	""	"ERX6700411"	"ERP132578"	"testis"	"Elongated_spermatids"	NA	NA	NA	"CL:4030037"	"late spermatid"	"perfect match"	"SN253"	NA	1
"TCATGAGGTGTGCCTG"	""	"ERX6700411"	"ERP132578"	"testis"	"Round_spermatids"	NA	NA	NA	"CL:4030036"	"early spermatid"	"perfect match"	"SN253"	NA	2
"TCATGAGGTTAATCGC"	""	"ERX6700411"	"ERP132578"	"testis"	"Elongated_spermatids"	NA	NA	NA	"CL:4030037"	"late spermatid"	"perfect match"	"SN253"	NA	1
"TCATGAGGTTACCTGA"	""	"ERX6700411"	"ERP132578"	"testis"	"Elongated_spermatids"	NA	NA	NA	"CL:4030037"	"late spermatid"	"perfect match"	"SN253"	NA	1
"TCATGAGTCCTGGCTT"	""	"ERX6700411"	"ERP132578"	"testis"	"Spermatogonia"	NA	NA	NA	"CL:0000020"	"spermatogonium"	"perfect match"	"SN253"	NA	4
"TCATGCCTCAGTGTCA"	""	"ERX6700411"	"ERP132578"	"testis"	"Elongated_spermatids"	NA	NA	NA	"CL:4030037"	"late spermatid"	"perfect match"	"SN253"	NA	1
"TCATGCCTCCCAGTGG"	""	"ERX6700411"	"ERP132578"	"testis"	"Round_spermatids"	NA	NA	NA	"CL:4030036"	"early spermatid"	"perfect match"	"SN253"	NA	2
"TCATGCCTCTTTGCAT"	""	"ERX6700411"	"ERP132578"	"testis"	"Elongated_spermatids"	NA	NA	NA	"CL:4030037"	"late spermatid"	"perfect match"	"SN253"	NA	1
"TCATGGACAATACAGA"	""	"ERX6700411"	"ERP132578"	"testis"	"Elongated_spermatids"	NA	NA	NA	"CL:4030037"	"late spermatid"	"perfect match"	"SN253"	NA	1
"TCATGGACAGCCCAGT"	""	"ERX6700411"	"ERP132578"	"testis"	"Spermatocytes"	NA	NA	NA	"CL:0000017"	"spermatocyte"	"perfect match"	"SN253"	NA	5
"TCATGGATCTTTCCGG"	""	"ERX6700411"	"ERP132578"	"testis"	"Round_spermatids"	NA	NA	NA	"CL:4030036"	"early spermatid"	"perfect match"	"SN253"	NA	2
"TCATGTTAGAACAAGG"	""	"ERX6700411"	"ERP132578"	"testis"	"Spermatocytes"	NA	NA	NA	"CL:0000017"	"spermatocyte"	"perfect match"	"SN253"	NA	5
"TCATGTTAGTAAGACT"	""	"ERX6700411"	"ERP132578"	"testis"	"Spermatocytes"	NA	NA	NA	"CL:0000017"	"spermatocyte"	"perfect match"	"SN253"	NA	5
"TCATGTTGTCGCACGT"	""	"ERX6700411"	"ERP132578"	"testis"	"Other_somatic"	NA	NA	NA	"CL:0002371"	"somatic cell"	"perfect match"	"SN253"	NA	3
"TCATTACAGGTAAGTT"	""	"ERX6700411"	"ERP132578"	"testis"	"Round_spermatids"	NA	NA	NA	"CL:4030036"	"early spermatid"	"perfect match"	"SN253"	NA	2
"TCATTACCAGCTATAC"	""	"ERX6700411"	"ERP132578"	"testis"	"Elongated_spermatids"	NA	NA	NA	"CL:4030037"	"late spermatid"	"perfect match"	"SN253"	NA	1
"TCATTCACACAAGCCC"	""	"ERX6700411"	"ERP132578"	"testis"	"Elongated_spermatids"	NA	NA	NA	"CL:4030037"	"late spermatid"	"perfect match"	"SN253"	NA	1
"TCATTCACAGCTACAT"	""	"ERX6700411"	"ERP132578"	"testis"	"Spermatogonia"	NA	NA	NA	"CL:0000020"	"spermatogonium"	"perfect match"	"SN253"	NA	4
"TCATTCAGTCAGGCAA"	""	"ERX6700411"	"ERP132578"	"testis"	"Round_spermatids"	NA	NA	NA	"CL:4030036"	"early spermatid"	"perfect match"	"SN253"	NA	2
"TCATTCAGTTAACAGA"	""	"ERX6700411"	"ERP132578"	"testis"	"Spermatogonia"	NA	NA	NA	"CL:0000020"	"spermatogonium"	"perfect match"	"SN253"	NA	4
"TCATTCATCGCAGTCG"	""	"ERX6700411"	"ERP132578"	"testis"	"Spermatocytes"	NA	NA	NA	"CL:0000017"	"spermatocyte"	"perfect match"	"SN253"	NA	5
"TCATTGTGTGGTCCCA"	""	"ERX6700411"	"ERP132578"	"testis"	"Round_spermatids"	NA	NA	NA	"CL:4030036"	"early spermatid"	"perfect match"	"SN253"	NA	2
"TCATTTGCAGTCCCGA"	""	"ERX6700411"	"ERP132578"	"testis"	"Round_spermatids"	NA	NA	NA	"CL:4030036"	"early spermatid"	"perfect match"	"SN253"	NA	2
"TCATTTGGTACTGAGG"	""	"ERX6700411"	"ERP132578"	"testis"	"Round_spermatids"	NA	NA	NA	"CL:4030036"	"early spermatid"	"perfect match"	"SN253"	NA	2
"TCCACCAAGCGATCGA"	""	"ERX6700411"	"ERP132578"	"testis"	"Round_spermatids"	NA	NA	NA	"CL:4030036"	"early spermatid"	"perfect match"	"SN253"	NA	2
"TCCACCAGTTTGTTCT"	""	"ERX6700411"	"ERP132578"	"testis"	"Elongated_spermatids"	NA	NA	NA	"CL:4030037"	"late spermatid"	"perfect match"	"SN253"	NA	1
"TCCACGTCAAGGTACG"	""	"ERX6700411"	"ERP132578"	"testis"	"Round_spermatids"	NA	NA	NA	"CL:4030036"	"early spermatid"	"perfect match"	"SN253"	NA	2
"TCCACGTCACCAGACC"	""	"ERX6700411"	"ERP132578"	"testis"	"Spermatocytes"	NA	NA	NA	"CL:0000017"	"spermatocyte"	"perfect match"	"SN253"	NA	5
"TCCACGTCAGAGTGAC"	""	"ERX6700411"	"ERP132578"	"testis"	"Round_spermatids"	NA	NA	NA	"CL:4030036"	"early spermatid"	"perfect match"	"SN253"	NA	2
"TCCACGTGTACAGTAA"	""	"ERX6700411"	"ERP132578"	"testis"	"Elongated_spermatids"	NA	NA	NA	"CL:4030037"	"late spermatid"	"perfect match"	"SN253"	NA	1
"TCCACGTGTTGCCTAA"	""	"ERX6700411"	"ERP132578"	"testis"	"Round_spermatids"	NA	NA	NA	"CL:4030036"	"early spermatid"	"perfect match"	"SN253"	NA	2
"TCCAGAAAGCACTAGG"	""	"ERX6700411"	"ERP132578"	"testis"	"Spermatocytes"	NA	NA	NA	"CL:0000017"	"spermatocyte"	"perfect match"	"SN253"	NA	5
"TCCAGAAAGGTAAGGA"	""	"ERX6700411"	"ERP132578"	"testis"	"Other_somatic"	NA	NA	NA	"CL:0002371"	"somatic cell"	"perfect match"	"SN253"	NA	3
"TCCAGAAGTTGCATTG"	""	"ERX6700411"	"ERP132578"	"testis"	"Other_somatic"	NA	NA	NA	"CL:0002371"	"somatic cell"	"perfect match"	"SN253"	NA	3
"TCCAGAATCCCAGTGG"	""	"ERX6700411"	"ERP132578"	"testis"	"Other_somatic"	NA	NA	NA	"CL:0002371"	"somatic cell"	"perfect match"	"SN253"	NA	3
"TCCAGAATCGCTACGG"	""	"ERX6700411"	"ERP132578"	"testis"	"Elongated_spermatids"	NA	NA	NA	"CL:4030037"	"late spermatid"	"perfect match"	"SN253"	NA	1
"TCCATCGAGTCTAGCT"	""	"ERX6700411"	"ERP132578"	"testis"	"Round_spermatids"	NA	NA	NA	"CL:4030036"	"early spermatid"	"perfect match"	"SN253"	NA	2
"TCCATCGCACATATCG"	""	"ERX6700411"	"ERP132578"	"testis"	"Round_spermatids"	NA	NA	NA	"CL:4030036"	"early spermatid"	"perfect match"	"SN253"	NA	2
"TCCATCGGTTTACGAC"	""	"ERX6700411"	"ERP132578"	"testis"	"Round_spermatids"	NA	NA	NA	"CL:4030036"	"early spermatid"	"perfect match"	"SN253"	NA	2
"TCCATGCAGCTTGTGT"	""	"ERX6700411"	"ERP132578"	"testis"	"Round_spermatids"	NA	NA	NA	"CL:4030036"	"early spermatid"	"perfect match"	"SN253"	NA	2
"TCCATGCAGGGAGGTG"	""	"ERX6700411"	"ERP132578"	"testis"	"Elongated_spermatids"	NA	NA	NA	"CL:4030037"	"late spermatid"	"perfect match"	"SN253"	NA	1
"TCCATGCGTCGCATGC"	""	"ERX6700411"	"ERP132578"	"testis"	"Spermatogonia"	NA	NA	NA	"CL:0000020"	"spermatogonium"	"perfect match"	"SN253"	NA	4
"TCCATGCTCGCGTCGA"	""	"ERX6700411"	"ERP132578"	"testis"	"Round_spermatids"	NA	NA	NA	"CL:4030036"	"early spermatid"	"perfect match"	"SN253"	NA	2
"TCCATGCTCTGTTGGA"	""	"ERX6700411"	"ERP132578"	"testis"	"Round_spermatids"	NA	NA	NA	"CL:4030036"	"early spermatid"	"perfect match"	"SN253"	NA	2
"TCCCACAAGTGGATAT"	""	"ERX6700411"	"ERP132578"	"testis"	"Round_spermatids"	NA	NA	NA	"CL:4030036"	"early spermatid"	"perfect match"	"SN253"	NA	2
"TCCCACAAGTTAGAAC"	""	"ERX6700411"	"ERP132578"	"testis"	"Spermatocytes"	NA	NA	NA	"CL:0000017"	"spermatocyte"	"perfect match"	"SN253"	NA	5
"TCCCACACATTGTAGC"	""	"ERX6700411"	"ERP132578"	"testis"	"Elongated_spermatids"	NA	NA	NA	"CL:4030037"	"late spermatid"	"perfect match"	"SN253"	NA	1
"TCCCACATCTGTGCTC"	""	"ERX6700411"	"ERP132578"	"testis"	"Round_spermatids"	NA	NA	NA	"CL:4030036"	"early spermatid"	"perfect match"	"SN253"	NA	2
"TCCCAGTAGTTAGTAG"	""	"ERX6700411"	"ERP132578"	"testis"	"Spermatocytes"	NA	NA	NA	"CL:0000017"	"spermatocyte"	"perfect match"	"SN253"	NA	5
"TCCCAGTGTTCCACGG"	""	"ERX6700411"	"ERP132578"	"testis"	"Round_spermatids"	NA	NA	NA	"CL:4030036"	"early spermatid"	"perfect match"	"SN253"	NA	2
"TCCCAGTTCCATAGAC"	""	"ERX6700411"	"ERP132578"	"testis"	"Spermatocytes"	NA	NA	NA	"CL:0000017"	"spermatocyte"	"perfect match"	"SN253"	NA	5
"TCCCATGCATCAGCTA"	""	"ERX6700411"	"ERP132578"	"testis"	"Elongated_spermatids"	NA	NA	NA	"CL:4030037"	"late spermatid"	"perfect match"	"SN253"	NA	1
"TCCCATGGTACCGTCG"	""	"ERX6700411"	"ERP132578"	"testis"	"Spermatocytes"	NA	NA	NA	"CL:0000017"	"spermatocyte"	"perfect match"	"SN253"	NA	5
"TCCCATGGTGATTCTG"	""	"ERX6700411"	"ERP132578"	"testis"	"Elongated_spermatids"	NA	NA	NA	"CL:4030037"	"late spermatid"	"perfect match"	"SN253"	NA	1
"TCCGAAACACATATCG"	""	"ERX6700411"	"ERP132578"	"testis"	"Round_spermatids"	NA	NA	NA	"CL:4030036"	"early spermatid"	"perfect match"	"SN253"	NA	2
"TCCGAAACATTCAGCA"	""	"ERX6700411"	"ERP132578"	"testis"	"Spermatocytes"	NA	NA	NA	"CL:0000017"	"spermatocyte"	"perfect match"	"SN253"	NA	5
"TCCGAAATCAATGCAC"	""	"ERX6700411"	"ERP132578"	"testis"	"Round_spermatids"	NA	NA	NA	"CL:4030036"	"early spermatid"	"perfect match"	"SN253"	NA	2
"TCCGAAATCTACGCAA"	""	"ERX6700411"	"ERP132578"	"testis"	"Round_spermatids"	NA	NA	NA	"CL:4030036"	"early spermatid"	"perfect match"	"SN253"	NA	2
"TCCGAAATCTGGTGCG"	""	"ERX6700411"	"ERP132578"	"testis"	"Spermatocytes"	NA	NA	NA	"CL:0000017"	"spermatocyte"	"perfect match"	"SN253"	NA	5
"TCCGATCAGATAGTCA"	""	"ERX6700411"	"ERP132578"	"testis"	"Round_spermatids"	NA	NA	NA	"CL:4030036"	"early spermatid"	"perfect match"	"SN253"	NA	2
"TCCGATCGTACGTTCA"	""	"ERX6700411"	"ERP132578"	"testis"	"Round_spermatids"	NA	NA	NA	"CL:4030036"	"early spermatid"	"perfect match"	"SN253"	NA	2
"TCCGGGACAGAACGCA"	""	"ERX6700411"	"ERP132578"	"testis"	"Round_spermatids"	NA	NA	NA	"CL:4030036"	"early spermatid"	"perfect match"	"SN253"	NA	2
"TCCGGGAGTATCACGT"	""	"ERX6700411"	"ERP132578"	"testis"	"Elongated_spermatids"	NA	NA	NA	"CL:4030037"	"late spermatid"	"perfect match"	"SN253"	NA	1
"TCCGGGAGTTCTAAGC"	""	"ERX6700411"	"ERP132578"	"testis"	"Round_spermatids"	NA	NA	NA	"CL:4030036"	"early spermatid"	"perfect match"	"SN253"	NA	2
"TCCGTGTCAAAGCAAT"	""	"ERX6700411"	"ERP132578"	"testis"	"Spermatocytes"	NA	NA	NA	"CL:0000017"	"spermatocyte"	"perfect match"	"SN253"	NA	5
"TCCGTGTCAGCTCGGT"	""	"ERX6700411"	"ERP132578"	"testis"	"Spermatocytes"	NA	NA	NA	"CL:0000017"	"spermatocyte"	"perfect match"	"SN253"	NA	5
"TCCGTGTGTCAAGCGA"	""	"ERX6700411"	"ERP132578"	"testis"	"Round_spermatids"	NA	NA	NA	"CL:4030036"	"early spermatid"	"perfect match"	"SN253"	NA	2
"TCCGTGTTCATTGTGG"	""	"ERX6700411"	"ERP132578"	"testis"	"Round_spermatids"	NA	NA	NA	"CL:4030036"	"early spermatid"	"perfect match"	"SN253"	NA	2
"TCCGTGTTCTATGTGG"	""	"ERX6700411"	"ERP132578"	"testis"	"Round_spermatids"	NA	NA	NA	"CL:4030036"	"early spermatid"	"perfect match"	"SN253"	NA	2
"TCCTAATCAATGCTCA"	""	"ERX6700411"	"ERP132578"	"testis"	"Spermatogonia"	NA	NA	NA	"CL:0000020"	"spermatogonium"	"perfect match"	"SN253"	NA	4
"TCCTAATCACGGTGAA"	""	"ERX6700411"	"ERP132578"	"testis"	"Round_spermatids"	NA	NA	NA	"CL:4030036"	"early spermatid"	"perfect match"	"SN253"	NA	2
"TCCTAATCAGATCACT"	""	"ERX6700411"	"ERP132578"	"testis"	"Round_spermatids"	NA	NA	NA	"CL:4030036"	"early spermatid"	"perfect match"	"SN253"	NA	2
"TCCTAATCATACAGCT"	""	"ERX6700411"	"ERP132578"	"testis"	"Other_somatic"	NA	NA	NA	"CL:0002371"	"somatic cell"	"perfect match"	"SN253"	NA	3
"TCCTAATGTATCGCTA"	""	"ERX6700411"	"ERP132578"	"testis"	"Round_spermatids"	NA	NA	NA	"CL:4030036"	"early spermatid"	"perfect match"	"SN253"	NA	2
"TCCTAATTCAGTGCGC"	""	"ERX6700411"	"ERP132578"	"testis"	"Round_spermatids"	NA	NA	NA	"CL:4030036"	"early spermatid"	"perfect match"	"SN253"	NA	2
"TCCTAATTCCCATGGG"	""	"ERX6700411"	"ERP132578"	"testis"	"Other_somatic"	NA	NA	NA	"CL:0002371"	"somatic cell"	"perfect match"	"SN253"	NA	3
"TCCTCCCAGACGCAGT"	""	"ERX6700411"	"ERP132578"	"testis"	"Spermatocytes"	NA	NA	NA	"CL:0000017"	"spermatocyte"	"perfect match"	"SN253"	NA	5
"TCCTCCCAGGTCACTT"	""	"ERX6700411"	"ERP132578"	"testis"	"Elongated_spermatids"	NA	NA	NA	"CL:4030037"	"late spermatid"	"perfect match"	"SN253"	NA	1
"TCCTCCCAGTGCGACA"	""	"ERX6700411"	"ERP132578"	"testis"	"Spermatocytes"	NA	NA	NA	"CL:0000017"	"spermatocyte"	"perfect match"	"SN253"	NA	5
"TCCTCCCGTCGTTGCG"	""	"ERX6700411"	"ERP132578"	"testis"	"Round_spermatids"	NA	NA	NA	"CL:4030036"	"early spermatid"	"perfect match"	"SN253"	NA	2
"TCCTCCCTCACAGAGG"	""	"ERX6700411"	"ERP132578"	"testis"	"Spermatogonia"	NA	NA	NA	"CL:0000020"	"spermatogonium"	"perfect match"	"SN253"	NA	4
"TCCTCCCTCTACGCAA"	""	"ERX6700411"	"ERP132578"	"testis"	"Spermatocytes"	NA	NA	NA	"CL:0000017"	"spermatocyte"	"perfect match"	"SN253"	NA	5
"TCCTCGACACGACGCT"	""	"ERX6700411"	"ERP132578"	"testis"	"Round_spermatids"	NA	NA	NA	"CL:4030036"	"early spermatid"	"perfect match"	"SN253"	NA	2
"TCCTCGAGTCTTACTT"	""	"ERX6700411"	"ERP132578"	"testis"	"Other_somatic"	NA	NA	NA	"CL:0002371"	"somatic cell"	"perfect match"	"SN253"	NA	3
"TCCTCGAGTGACTATC"	""	"ERX6700411"	"ERP132578"	"testis"	"Spermatocytes"	NA	NA	NA	"CL:0000017"	"spermatocyte"	"perfect match"	"SN253"	NA	5
"TCCTCTTAGACTACGG"	""	"ERX6700411"	"ERP132578"	"testis"	"Spermatocytes"	NA	NA	NA	"CL:0000017"	"spermatocyte"	"perfect match"	"SN253"	NA	5
"TCCTCTTCAAGCCCAC"	""	"ERX6700411"	"ERP132578"	"testis"	"Spermatogonia"	NA	NA	NA	"CL:0000020"	"spermatogonium"	"perfect match"	"SN253"	NA	4
"TCCTCTTCAGACCCGT"	""	"ERX6700411"	"ERP132578"	"testis"	"Round_spermatids"	NA	NA	NA	"CL:4030036"	"early spermatid"	"perfect match"	"SN253"	NA	2
"TCCTCTTCATGAGATA"	""	"ERX6700411"	"ERP132578"	"testis"	"Spermatocytes"	NA	NA	NA	"CL:0000017"	"spermatocyte"	"perfect match"	"SN253"	NA	5
"TCCTCTTTCTAGTGAC"	""	"ERX6700411"	"ERP132578"	"testis"	"Round_spermatids"	NA	NA	NA	"CL:4030036"	"early spermatid"	"perfect match"	"SN253"	NA	2
"TCCTCTTTCTCATGGA"	""	"ERX6700411"	"ERP132578"	"testis"	"Round_spermatids"	NA	NA	NA	"CL:4030036"	"early spermatid"	"perfect match"	"SN253"	NA	2
"TCCTGCACAGACCAGA"	""	"ERX6700411"	"ERP132578"	"testis"	"Round_spermatids"	NA	NA	NA	"CL:4030036"	"early spermatid"	"perfect match"	"SN253"	NA	2
"TCCTGCACAGGCGTTC"	""	"ERX6700411"	"ERP132578"	"testis"	"Spermatocytes"	NA	NA	NA	"CL:0000017"	"spermatocyte"	"perfect match"	"SN253"	NA	5
"TCCTGCACATCTATCT"	""	"ERX6700411"	"ERP132578"	"testis"	"Spermatogonia"	NA	NA	NA	"CL:0000020"	"spermatogonium"	"perfect match"	"SN253"	NA	4
"TCCTGCATCGCCAGTG"	""	"ERX6700411"	"ERP132578"	"testis"	"Elongated_spermatids"	NA	NA	NA	"CL:4030037"	"late spermatid"	"perfect match"	"SN253"	NA	1
"TCCTTCTAGTGCCAGA"	""	"ERX6700411"	"ERP132578"	"testis"	"Round_spermatids"	NA	NA	NA	"CL:4030036"	"early spermatid"	"perfect match"	"SN253"	NA	2
"TCCTTCTCACAACGTT"	""	"ERX6700411"	"ERP132578"	"testis"	"Other_somatic"	NA	NA	NA	"CL:0002371"	"somatic cell"	"perfect match"	"SN253"	NA	3
"TCCTTTCAGGCGACAT"	""	"ERX6700411"	"ERP132578"	"testis"	"Elongated_spermatids"	NA	NA	NA	"CL:4030037"	"late spermatid"	"perfect match"	"SN253"	NA	1
"TCCTTTCCATCCGGCA"	""	"ERX6700411"	"ERP132578"	"testis"	"Spermatocytes"	NA	NA	NA	"CL:0000017"	"spermatocyte"	"perfect match"	"SN253"	NA	5
"TCCTTTCGTTGGTAGG"	""	"ERX6700411"	"ERP132578"	"testis"	"Elongated_spermatids"	NA	NA	NA	"CL:4030037"	"late spermatid"	"perfect match"	"SN253"	NA	1
"TCGAACACAGAGAATT"	""	"ERX6700411"	"ERP132578"	"testis"	"Round_spermatids"	NA	NA	NA	"CL:4030036"	"early spermatid"	"perfect match"	"SN253"	NA	2
"TCGAACAGTACAAAGT"	""	"ERX6700411"	"ERP132578"	"testis"	"Round_spermatids"	NA	NA	NA	"CL:4030036"	"early spermatid"	"perfect match"	"SN253"	NA	2
"TCGAACAGTGCGTCGT"	""	"ERX6700411"	"ERP132578"	"testis"	"Spermatocytes"	NA	NA	NA	"CL:0000017"	"spermatocyte"	"perfect match"	"SN253"	NA	5
"TCGAACATCATTACGG"	""	"ERX6700411"	"ERP132578"	"testis"	"Spermatogonia"	NA	NA	NA	"CL:0000020"	"spermatogonium"	"perfect match"	"SN253"	NA	4
"TCGAAGTCAGAAGTTA"	""	"ERX6700411"	"ERP132578"	"testis"	"Round_spermatids"	NA	NA	NA	"CL:4030036"	"early spermatid"	"perfect match"	"SN253"	NA	2
"TCGAAGTGTAGATCGG"	""	"ERX6700411"	"ERP132578"	"testis"	"Round_spermatids"	NA	NA	NA	"CL:4030036"	"early spermatid"	"perfect match"	"SN253"	NA	2
"TCGAAGTTCGCTATTT"	""	"ERX6700411"	"ERP132578"	"testis"	"Elongated_spermatids"	NA	NA	NA	"CL:4030037"	"late spermatid"	"perfect match"	"SN253"	NA	1
"TCGAAGTTCTGAGTCA"	""	"ERX6700411"	"ERP132578"	"testis"	"Round_spermatids"	NA	NA	NA	"CL:4030036"	"early spermatid"	"perfect match"	"SN253"	NA	2
"TCGACCTAGAGAATCT"	""	"ERX6700411"	"ERP132578"	"testis"	"Round_spermatids"	NA	NA	NA	"CL:4030036"	"early spermatid"	"perfect match"	"SN253"	NA	2
"TCGACCTAGAGTCACG"	""	"ERX6700411"	"ERP132578"	"testis"	"Round_spermatids"	NA	NA	NA	"CL:4030036"	"early spermatid"	"perfect match"	"SN253"	NA	2
"TCGACCTAGGTTCTTG"	""	"ERX6700411"	"ERP132578"	"testis"	"Other_somatic"	NA	NA	NA	"CL:0002371"	"somatic cell"	"perfect match"	"SN253"	NA	3
"TCGACCTAGTTAGTAG"	""	"ERX6700411"	"ERP132578"	"testis"	"Round_spermatids"	NA	NA	NA	"CL:4030036"	"early spermatid"	"perfect match"	"SN253"	NA	2
"TCGACCTCATTCCTAT"	""	"ERX6700411"	"ERP132578"	"testis"	"Round_spermatids"	NA	NA	NA	"CL:4030036"	"early spermatid"	"perfect match"	"SN253"	NA	2
"TCGACCTGTAAGATCA"	""	"ERX6700411"	"ERP132578"	"testis"	"Elongated_spermatids"	NA	NA	NA	"CL:4030037"	"late spermatid"	"perfect match"	"SN253"	NA	1
"TCGACCTGTATCGCGC"	""	"ERX6700411"	"ERP132578"	"testis"	"Elongated_spermatids"	NA	NA	NA	"CL:4030037"	"late spermatid"	"perfect match"	"SN253"	NA	1
"TCGACCTTCTCCAAGA"	""	"ERX6700411"	"ERP132578"	"testis"	"Round_spermatids"	NA	NA	NA	"CL:4030036"	"early spermatid"	"perfect match"	"SN253"	NA	2
"TCGACGGCACTACAGT"	""	"ERX6700411"	"ERP132578"	"testis"	"Elongated_spermatids"	NA	NA	NA	"CL:4030037"	"late spermatid"	"perfect match"	"SN253"	NA	1
"TCGACGGCACTTCTCG"	""	"ERX6700411"	"ERP132578"	"testis"	"Elongated_spermatids"	NA	NA	NA	"CL:4030037"	"late spermatid"	"perfect match"	"SN253"	NA	1
"TCGACGGGTGCATTTG"	""	"ERX6700411"	"ERP132578"	"testis"	"Round_spermatids"	NA	NA	NA	"CL:4030036"	"early spermatid"	"perfect match"	"SN253"	NA	2
"TCGATTTAGTTTCGGT"	""	"ERX6700411"	"ERP132578"	"testis"	"Round_spermatids"	NA	NA	NA	"CL:4030036"	"early spermatid"	"perfect match"	"SN253"	NA	2
"TCGATTTAGTTTGTCG"	""	"ERX6700411"	"ERP132578"	"testis"	"Round_spermatids"	NA	NA	NA	"CL:4030036"	"early spermatid"	"perfect match"	"SN253"	NA	2
"TCGATTTCAGTTAAAG"	""	"ERX6700411"	"ERP132578"	"testis"	"Spermatogonia"	NA	NA	NA	"CL:0000020"	"spermatogonium"	"perfect match"	"SN253"	NA	4
"TCGATTTGTGTATTGC"	""	"ERX6700411"	"ERP132578"	"testis"	"Spermatocytes"	NA	NA	NA	"CL:0000017"	"spermatocyte"	"perfect match"	"SN253"	NA	5
"TCGATTTTCAGCTTCC"	""	"ERX6700411"	"ERP132578"	"testis"	"Round_spermatids"	NA	NA	NA	"CL:4030036"	"early spermatid"	"perfect match"	"SN253"	NA	2
"TCGATTTTCATTTCCA"	""	"ERX6700411"	"ERP132578"	"testis"	"Elongated_spermatids"	NA	NA	NA	"CL:4030037"	"late spermatid"	"perfect match"	"SN253"	NA	1
"TCGCACTCACAGTACT"	""	"ERX6700411"	"ERP132578"	"testis"	"Round_spermatids"	NA	NA	NA	"CL:4030036"	"early spermatid"	"perfect match"	"SN253"	NA	2
"TCGCACTCATCAGCGC"	""	"ERX6700411"	"ERP132578"	"testis"	"Elongated_spermatids"	NA	NA	NA	"CL:4030037"	"late spermatid"	"perfect match"	"SN253"	NA	1
"TCGCACTCATGAAGCG"	""	"ERX6700411"	"ERP132578"	"testis"	"Spermatocytes"	NA	NA	NA	"CL:0000017"	"spermatocyte"	"perfect match"	"SN253"	NA	5
"TCGCTCACACACCGAC"	""	"ERX6700411"	"ERP132578"	"testis"	"Spermatogonia"	NA	NA	NA	"CL:0000020"	"spermatogonium"	"perfect match"	"SN253"	NA	4
"TCGCTCAGTAAGCTCT"	""	"ERX6700411"	"ERP132578"	"testis"	"Spermatocytes"	NA	NA	NA	"CL:0000017"	"spermatocyte"	"perfect match"	"SN253"	NA	5
"TCGCTCAGTCAGGAGT"	""	"ERX6700411"	"ERP132578"	"testis"	"Spermatocytes"	NA	NA	NA	"CL:0000017"	"spermatocyte"	"perfect match"	"SN253"	NA	5
"TCGCTCATCACGTCCT"	""	"ERX6700411"	"ERP132578"	"testis"	"Round_spermatids"	NA	NA	NA	"CL:4030036"	"early spermatid"	"perfect match"	"SN253"	NA	2
"TCGCTCATCTGAGAAA"	""	"ERX6700411"	"ERP132578"	"testis"	"Elongated_spermatids"	NA	NA	NA	"CL:4030037"	"late spermatid"	"perfect match"	"SN253"	NA	1
"TCGCTTGAGCACTCGC"	""	"ERX6700411"	"ERP132578"	"testis"	"Spermatocytes"	NA	NA	NA	"CL:0000017"	"spermatocyte"	"perfect match"	"SN253"	NA	5
"TCGCTTGCATCGTGCG"	""	"ERX6700411"	"ERP132578"	"testis"	"Round_spermatids"	NA	NA	NA	"CL:4030036"	"early spermatid"	"perfect match"	"SN253"	NA	2
"TCGCTTGGTGTTGCCG"	""	"ERX6700411"	"ERP132578"	"testis"	"Round_spermatids"	NA	NA	NA	"CL:4030036"	"early spermatid"	"perfect match"	"SN253"	NA	2
"TCGCTTGTCACCACAA"	""	"ERX6700411"	"ERP132578"	"testis"	"Spermatocytes"	NA	NA	NA	"CL:0000017"	"spermatocyte"	"perfect match"	"SN253"	NA	5
"TCGCTTGTCGGCTTGG"	""	"ERX6700411"	"ERP132578"	"testis"	"Round_spermatids"	NA	NA	NA	"CL:4030036"	"early spermatid"	"perfect match"	"SN253"	NA	2
"TCGGATAAGGCCACCT"	""	"ERX6700411"	"ERP132578"	"testis"	"Spermatocytes"	NA	NA	NA	"CL:0000017"	"spermatocyte"	"perfect match"	"SN253"	NA	5
"TCGGATAGTCTTTCAT"	""	"ERX6700411"	"ERP132578"	"testis"	"Round_spermatids"	NA	NA	NA	"CL:4030036"	"early spermatid"	"perfect match"	"SN253"	NA	2
"TCGGGACAGGGAGGTG"	""	"ERX6700411"	"ERP132578"	"testis"	"Spermatocytes"	NA	NA	NA	"CL:0000017"	"spermatocyte"	"perfect match"	"SN253"	NA	5
"TCGGGACCACACGCCA"	""	"ERX6700411"	"ERP132578"	"testis"	"Spermatogonia"	NA	NA	NA	"CL:0000020"	"spermatogonium"	"perfect match"	"SN253"	NA	4
"TCGGGACCATATACCG"	""	"ERX6700411"	"ERP132578"	"testis"	"Round_spermatids"	NA	NA	NA	"CL:4030036"	"early spermatid"	"perfect match"	"SN253"	NA	2
"TCGGGACTCCTTATGT"	""	"ERX6700411"	"ERP132578"	"testis"	"Round_spermatids"	NA	NA	NA	"CL:4030036"	"early spermatid"	"perfect match"	"SN253"	NA	2
"TCGGGCAAGCCGTTGC"	""	"ERX6700411"	"ERP132578"	"testis"	"Elongated_spermatids"	NA	NA	NA	"CL:4030037"	"late spermatid"	"perfect match"	"SN253"	NA	1
"TCGGGCAAGTACCGGA"	""	"ERX6700411"	"ERP132578"	"testis"	"Spermatocytes"	NA	NA	NA	"CL:0000017"	"spermatocyte"	"perfect match"	"SN253"	NA	5
"TCGGGCAAGTTCATGC"	""	"ERX6700411"	"ERP132578"	"testis"	"Spermatocytes"	NA	NA	NA	"CL:0000017"	"spermatocyte"	"perfect match"	"SN253"	NA	5
"TCGGGCAGTTCACCGG"	""	"ERX6700411"	"ERP132578"	"testis"	"Round_spermatids"	NA	NA	NA	"CL:4030036"	"early spermatid"	"perfect match"	"SN253"	NA	2
"TCGGGTGAGCATTTCG"	""	"ERX6700411"	"ERP132578"	"testis"	"Spermatocytes"	NA	NA	NA	"CL:0000017"	"spermatocyte"	"perfect match"	"SN253"	NA	5
"TCGGGTGAGCGGATCA"	""	"ERX6700411"	"ERP132578"	"testis"	"Round_spermatids"	NA	NA	NA	"CL:4030036"	"early spermatid"	"perfect match"	"SN253"	NA	2
"TCGGGTGAGCTAGTTC"	""	"ERX6700411"	"ERP132578"	"testis"	"Round_spermatids"	NA	NA	NA	"CL:4030036"	"early spermatid"	"perfect match"	"SN253"	NA	2
"TCGGTCTAGGGACCAT"	""	"ERX6700411"	"ERP132578"	"testis"	"Round_spermatids"	NA	NA	NA	"CL:4030036"	"early spermatid"	"perfect match"	"SN253"	NA	2
"TCGGTCTGTAGTATAG"	""	"ERX6700411"	"ERP132578"	"testis"	"Round_spermatids"	NA	NA	NA	"CL:4030036"	"early spermatid"	"perfect match"	"SN253"	NA	2
"TCGTAGAAGTTACTCG"	""	"ERX6700411"	"ERP132578"	"testis"	"Elongated_spermatids"	NA	NA	NA	"CL:4030037"	"late spermatid"	"perfect match"	"SN253"	NA	1
"TCGTAGACAGAATGTA"	""	"ERX6700411"	"ERP132578"	"testis"	"Round_spermatids"	NA	NA	NA	"CL:4030036"	"early spermatid"	"perfect match"	"SN253"	NA	2
"TCGTCCACAGCTATAC"	""	"ERX6700411"	"ERP132578"	"testis"	"Spermatocytes"	NA	NA	NA	"CL:0000017"	"spermatocyte"	"perfect match"	"SN253"	NA	5
"TCGTCCATCACAACCA"	""	"ERX6700411"	"ERP132578"	"testis"	"Spermatocytes"	NA	NA	NA	"CL:0000017"	"spermatocyte"	"perfect match"	"SN253"	NA	5
"TCGTGCTAGAGAGGGC"	""	"ERX6700411"	"ERP132578"	"testis"	"Spermatocytes"	NA	NA	NA	"CL:0000017"	"spermatocyte"	"perfect match"	"SN253"	NA	5
"TCGTGCTAGATACCAA"	""	"ERX6700411"	"ERP132578"	"testis"	"Spermatocytes"	NA	NA	NA	"CL:0000017"	"spermatocyte"	"perfect match"	"SN253"	NA	5
"TCGTGGGCATATACCG"	""	"ERX6700411"	"ERP132578"	"testis"	"Spermatocytes"	NA	NA	NA	"CL:0000017"	"spermatocyte"	"perfect match"	"SN253"	NA	5
"TCGTGGGTCTATCCAT"	""	"ERX6700411"	"ERP132578"	"testis"	"Round_spermatids"	NA	NA	NA	"CL:4030036"	"early spermatid"	"perfect match"	"SN253"	NA	2
"TCTAACTAGCAACAGC"	""	"ERX6700411"	"ERP132578"	"testis"	"Round_spermatids"	NA	NA	NA	"CL:4030036"	"early spermatid"	"perfect match"	"SN253"	NA	2
"TCTAACTAGCGTATGG"	""	"ERX6700411"	"ERP132578"	"testis"	"Round_spermatids"	NA	NA	NA	"CL:4030036"	"early spermatid"	"perfect match"	"SN253"	NA	2
"TCTAACTGTGTCATCA"	""	"ERX6700411"	"ERP132578"	"testis"	"Other_somatic"	NA	NA	NA	"CL:0002371"	"somatic cell"	"perfect match"	"SN253"	NA	3
"TCTAACTTCCCAGTGG"	""	"ERX6700411"	"ERP132578"	"testis"	"Round_spermatids"	NA	NA	NA	"CL:4030036"	"early spermatid"	"perfect match"	"SN253"	NA	2
"TCTACATAGAGGTCGT"	""	"ERX6700411"	"ERP132578"	"testis"	"Round_spermatids"	NA	NA	NA	"CL:4030036"	"early spermatid"	"perfect match"	"SN253"	NA	2
"TCTACATCACTGCGTG"	""	"ERX6700411"	"ERP132578"	"testis"	"Spermatocytes"	NA	NA	NA	"CL:0000017"	"spermatocyte"	"perfect match"	"SN253"	NA	5
"TCTACATGTGCCTGAC"	""	"ERX6700411"	"ERP132578"	"testis"	"Spermatogonia"	NA	NA	NA	"CL:0000020"	"spermatogonium"	"perfect match"	"SN253"	NA	4
"TCTACATTCCGCCTAT"	""	"ERX6700411"	"ERP132578"	"testis"	"Round_spermatids"	NA	NA	NA	"CL:4030036"	"early spermatid"	"perfect match"	"SN253"	NA	2
"TCTACATTCGTTCTAT"	""	"ERX6700411"	"ERP132578"	"testis"	"Spermatocytes"	NA	NA	NA	"CL:0000017"	"spermatocyte"	"perfect match"	"SN253"	NA	5
"TCTACCGAGGAATGTT"	""	"ERX6700411"	"ERP132578"	"testis"	"Round_spermatids"	NA	NA	NA	"CL:4030036"	"early spermatid"	"perfect match"	"SN253"	NA	2
"TCTACCGCACCAACAT"	""	"ERX6700411"	"ERP132578"	"testis"	"Elongated_spermatids"	NA	NA	NA	"CL:4030037"	"late spermatid"	"perfect match"	"SN253"	NA	1
"TCTACCGGTTGTCATG"	""	"ERX6700411"	"ERP132578"	"testis"	"Elongated_spermatids"	NA	NA	NA	"CL:4030037"	"late spermatid"	"perfect match"	"SN253"	NA	1
"TCTACCGTCGAGTACT"	""	"ERX6700411"	"ERP132578"	"testis"	"Spermatocytes"	NA	NA	NA	"CL:0000017"	"spermatocyte"	"perfect match"	"SN253"	NA	5
"TCTATACAGATACCAA"	""	"ERX6700411"	"ERP132578"	"testis"	"Round_spermatids"	NA	NA	NA	"CL:4030036"	"early spermatid"	"perfect match"	"SN253"	NA	2
"TCTATACGTGGTACAG"	""	"ERX6700411"	"ERP132578"	"testis"	"Round_spermatids"	NA	NA	NA	"CL:4030036"	"early spermatid"	"perfect match"	"SN253"	NA	2
"TCTATACTCCATTGTT"	""	"ERX6700411"	"ERP132578"	"testis"	"Round_spermatids"	NA	NA	NA	"CL:4030036"	"early spermatid"	"perfect match"	"SN253"	NA	2
"TCTATCACACAAGGTG"	""	"ERX6700411"	"ERP132578"	"testis"	"Spermatogonia"	NA	NA	NA	"CL:0000020"	"spermatogonium"	"perfect match"	"SN253"	NA	4
"TCTATCACATGCCGAC"	""	"ERX6700411"	"ERP132578"	"testis"	"Round_spermatids"	NA	NA	NA	"CL:4030036"	"early spermatid"	"perfect match"	"SN253"	NA	2
"TCTCACGCAAGCGATG"	""	"ERX6700411"	"ERP132578"	"testis"	"Round_spermatids"	NA	NA	NA	"CL:4030036"	"early spermatid"	"perfect match"	"SN253"	NA	2
"TCTCACGCATCCTTGC"	""	"ERX6700411"	"ERP132578"	"testis"	"Spermatocytes"	NA	NA	NA	"CL:0000017"	"spermatocyte"	"perfect match"	"SN253"	NA	5
"TCTCAGCAGCCGTTGC"	""	"ERX6700411"	"ERP132578"	"testis"	"Elongated_spermatids"	NA	NA	NA	"CL:4030037"	"late spermatid"	"perfect match"	"SN253"	NA	1
"TCTCAGCAGCTCCGAC"	""	"ERX6700411"	"ERP132578"	"testis"	"Round_spermatids"	NA	NA	NA	"CL:4030036"	"early spermatid"	"perfect match"	"SN253"	NA	2
"TCTCAGCAGGAACTAT"	""	"ERX6700411"	"ERP132578"	"testis"	"Round_spermatids"	NA	NA	NA	"CL:4030036"	"early spermatid"	"perfect match"	"SN253"	NA	2
"TCTCAGCGTTTACCTT"	""	"ERX6700411"	"ERP132578"	"testis"	"Round_spermatids"	NA	NA	NA	"CL:4030036"	"early spermatid"	"perfect match"	"SN253"	NA	2
"TCTCCGAAGGAGAGTA"	""	"ERX6700411"	"ERP132578"	"testis"	"Round_spermatids"	NA	NA	NA	"CL:4030036"	"early spermatid"	"perfect match"	"SN253"	NA	2
"TCTCCGACAGCAGTAG"	""	"ERX6700411"	"ERP132578"	"testis"	"Round_spermatids"	NA	NA	NA	"CL:4030036"	"early spermatid"	"perfect match"	"SN253"	NA	2
"TCTCTGGAGCGTACAG"	""	"ERX6700411"	"ERP132578"	"testis"	"Round_spermatids"	NA	NA	NA	"CL:4030036"	"early spermatid"	"perfect match"	"SN253"	NA	2
"TCTCTGGAGTAACCGG"	""	"ERX6700411"	"ERP132578"	"testis"	"Spermatocytes"	NA	NA	NA	"CL:0000017"	"spermatocyte"	"perfect match"	"SN253"	NA	5
"TCTCTGGAGTAGACAT"	""	"ERX6700411"	"ERP132578"	"testis"	"Round_spermatids"	NA	NA	NA	"CL:4030036"	"early spermatid"	"perfect match"	"SN253"	NA	2
"TCTCTGGCAATAGAGT"	""	"ERX6700411"	"ERP132578"	"testis"	"Elongated_spermatids"	NA	NA	NA	"CL:4030037"	"late spermatid"	"perfect match"	"SN253"	NA	1
"TCTCTGGCAGCAGACA"	""	"ERX6700411"	"ERP132578"	"testis"	"Other_somatic"	NA	NA	NA	"CL:0002371"	"somatic cell"	"perfect match"	"SN253"	NA	3
"TCTCTGGGTCCTACAA"	""	"ERX6700411"	"ERP132578"	"testis"	"Round_spermatids"	NA	NA	NA	"CL:4030036"	"early spermatid"	"perfect match"	"SN253"	NA	2
"TCTCTGGGTCTTGAAC"	""	"ERX6700411"	"ERP132578"	"testis"	"Spermatocytes"	NA	NA	NA	"CL:0000017"	"spermatocyte"	"perfect match"	"SN253"	NA	5
"TCTCTGGTCACGACTA"	""	"ERX6700411"	"ERP132578"	"testis"	"Elongated_spermatids"	NA	NA	NA	"CL:4030037"	"late spermatid"	"perfect match"	"SN253"	NA	1
"TCTGCCAAGATGAAGG"	""	"ERX6700411"	"ERP132578"	"testis"	"Round_spermatids"	NA	NA	NA	"CL:4030036"	"early spermatid"	"perfect match"	"SN253"	NA	2
"TCTGCCAAGGCCCACT"	""	"ERX6700411"	"ERP132578"	"testis"	"Round_spermatids"	NA	NA	NA	"CL:4030036"	"early spermatid"	"perfect match"	"SN253"	NA	2
"TCTGCCACAAGGTACG"	""	"ERX6700411"	"ERP132578"	"testis"	"Spermatogonia"	NA	NA	NA	"CL:0000020"	"spermatogonium"	"perfect match"	"SN253"	NA	4
"TCTGCCACACGTGAGA"	""	"ERX6700411"	"ERP132578"	"testis"	"Spermatocytes"	NA	NA	NA	"CL:0000017"	"spermatocyte"	"perfect match"	"SN253"	NA	5
"TCTGGCTAGTGGAATT"	""	"ERX6700411"	"ERP132578"	"testis"	"Spermatogonia"	NA	NA	NA	"CL:0000020"	"spermatogonium"	"perfect match"	"SN253"	NA	4
"TCTGGCTCAAAGGCAC"	""	"ERX6700411"	"ERP132578"	"testis"	"Spermatogonia"	NA	NA	NA	"CL:0000020"	"spermatogonium"	"perfect match"	"SN253"	NA	4
"TCTGGCTCACGGTCTG"	""	"ERX6700411"	"ERP132578"	"testis"	"Spermatogonia"	NA	NA	NA	"CL:0000020"	"spermatogonium"	"perfect match"	"SN253"	NA	4
"TCTGGCTCAGTCGGAA"	""	"ERX6700411"	"ERP132578"	"testis"	"Round_spermatids"	NA	NA	NA	"CL:4030036"	"early spermatid"	"perfect match"	"SN253"	NA	2
"TCTGGCTTCGCAAGAG"	""	"ERX6700411"	"ERP132578"	"testis"	"Round_spermatids"	NA	NA	NA	"CL:4030036"	"early spermatid"	"perfect match"	"SN253"	NA	2
"TCTGTCGAGACATCAA"	""	"ERX6700411"	"ERP132578"	"testis"	"Spermatocytes"	NA	NA	NA	"CL:0000017"	"spermatocyte"	"perfect match"	"SN253"	NA	5
"TCTGTCGCACATTCGA"	""	"ERX6700411"	"ERP132578"	"testis"	"Spermatocytes"	NA	NA	NA	"CL:0000017"	"spermatocyte"	"perfect match"	"SN253"	NA	5
"TCTTAGTAGGCATCAG"	""	"ERX6700411"	"ERP132578"	"testis"	"Spermatogonia"	NA	NA	NA	"CL:0000020"	"spermatogonium"	"perfect match"	"SN253"	NA	4
"TCTTAGTCAAATGGTA"	""	"ERX6700411"	"ERP132578"	"testis"	"Spermatogonia"	NA	NA	NA	"CL:0000020"	"spermatogonium"	"perfect match"	"SN253"	NA	4
"TCTTAGTCACCCTGAG"	""	"ERX6700411"	"ERP132578"	"testis"	"Elongated_spermatids"	NA	NA	NA	"CL:4030037"	"late spermatid"	"perfect match"	"SN253"	NA	1
"TCTTAGTGTCACAGTT"	""	"ERX6700411"	"ERP132578"	"testis"	"Spermatocytes"	NA	NA	NA	"CL:0000017"	"spermatocyte"	"perfect match"	"SN253"	NA	5
"TCTTAGTGTCGTTCAA"	""	"ERX6700411"	"ERP132578"	"testis"	"Spermatogonia"	NA	NA	NA	"CL:0000020"	"spermatogonium"	"perfect match"	"SN253"	NA	4
"TCTTCCTCAGCGTTTA"	""	"ERX6700411"	"ERP132578"	"testis"	"Round_spermatids"	NA	NA	NA	"CL:4030036"	"early spermatid"	"perfect match"	"SN253"	NA	2
"TCTTCCTCATTGACAC"	""	"ERX6700411"	"ERP132578"	"testis"	"Round_spermatids"	NA	NA	NA	"CL:4030036"	"early spermatid"	"perfect match"	"SN253"	NA	2
"TCTTCCTTCCGGTTCT"	""	"ERX6700411"	"ERP132578"	"testis"	"Spermatocytes"	NA	NA	NA	"CL:0000017"	"spermatocyte"	"perfect match"	"SN253"	NA	5
"TCTTGCGAGAACTGAT"	""	"ERX6700411"	"ERP132578"	"testis"	"Round_spermatids"	NA	NA	NA	"CL:4030036"	"early spermatid"	"perfect match"	"SN253"	NA	2
"TCTTGCGAGCCTGAAG"	""	"ERX6700411"	"ERP132578"	"testis"	"Spermatocytes"	NA	NA	NA	"CL:0000017"	"spermatocyte"	"perfect match"	"SN253"	NA	5
"TCTTGCGAGGCGTTAG"	""	"ERX6700411"	"ERP132578"	"testis"	"Elongated_spermatids"	NA	NA	NA	"CL:4030037"	"late spermatid"	"perfect match"	"SN253"	NA	1
"TCTTGCGCAACATACC"	""	"ERX6700411"	"ERP132578"	"testis"	"Round_spermatids"	NA	NA	NA	"CL:4030036"	"early spermatid"	"perfect match"	"SN253"	NA	2
"TCTTGCGTCCAAGCAT"	""	"ERX6700411"	"ERP132578"	"testis"	"Elongated_spermatids"	NA	NA	NA	"CL:4030037"	"late spermatid"	"perfect match"	"SN253"	NA	1
"TCTTGCGTCCGTTTCG"	""	"ERX6700411"	"ERP132578"	"testis"	"Spermatocytes"	NA	NA	NA	"CL:0000017"	"spermatocyte"	"perfect match"	"SN253"	NA	5
"TCTTGCGTCTGTACAG"	""	"ERX6700411"	"ERP132578"	"testis"	"Round_spermatids"	NA	NA	NA	"CL:4030036"	"early spermatid"	"perfect match"	"SN253"	NA	2
"TCTTTGAAGAGCAAGA"	""	"ERX6700411"	"ERP132578"	"testis"	"Round_spermatids"	NA	NA	NA	"CL:4030036"	"early spermatid"	"perfect match"	"SN253"	NA	2
"TCTTTGAAGATAGTGT"	""	"ERX6700411"	"ERP132578"	"testis"	"Round_spermatids"	NA	NA	NA	"CL:4030036"	"early spermatid"	"perfect match"	"SN253"	NA	2
"TCTTTGACACGCGCAT"	""	"ERX6700411"	"ERP132578"	"testis"	"Elongated_spermatids"	NA	NA	NA	"CL:4030037"	"late spermatid"	"perfect match"	"SN253"	NA	1
"TCTTTGAGTAACATAG"	""	"ERX6700411"	"ERP132578"	"testis"	"Round_spermatids"	NA	NA	NA	"CL:4030036"	"early spermatid"	"perfect match"	"SN253"	NA	2
"TCTTTGATCCCAGTGG"	""	"ERX6700411"	"ERP132578"	"testis"	"Round_spermatids"	NA	NA	NA	"CL:4030036"	"early spermatid"	"perfect match"	"SN253"	NA	2
"TGAACGTAGCATTTCG"	""	"ERX6700411"	"ERP132578"	"testis"	"Elongated_spermatids"	NA	NA	NA	"CL:4030037"	"late spermatid"	"perfect match"	"SN253"	NA	1
"TGAACGTAGCTGACAG"	""	"ERX6700411"	"ERP132578"	"testis"	"Round_spermatids"	NA	NA	NA	"CL:4030036"	"early spermatid"	"perfect match"	"SN253"	NA	2
"TGAACGTAGGAATGTT"	""	"ERX6700411"	"ERP132578"	"testis"	"Round_spermatids"	NA	NA	NA	"CL:4030036"	"early spermatid"	"perfect match"	"SN253"	NA	2
"TGAACGTAGTTTCGGT"	""	"ERX6700411"	"ERP132578"	"testis"	"Spermatocytes"	NA	NA	NA	"CL:0000017"	"spermatocyte"	"perfect match"	"SN253"	NA	5
"TGAACGTCAGCAGTGA"	""	"ERX6700411"	"ERP132578"	"testis"	"Spermatocytes"	NA	NA	NA	"CL:0000017"	"spermatocyte"	"perfect match"	"SN253"	NA	5
"TGAACGTGTCAAAGAT"	""	"ERX6700411"	"ERP132578"	"testis"	"Round_spermatids"	NA	NA	NA	"CL:4030036"	"early spermatid"	"perfect match"	"SN253"	NA	2
"TGAACGTGTGCATTTG"	""	"ERX6700411"	"ERP132578"	"testis"	"Round_spermatids"	NA	NA	NA	"CL:4030036"	"early spermatid"	"perfect match"	"SN253"	NA	2
"TGAACGTGTTGTGTTG"	""	"ERX6700411"	"ERP132578"	"testis"	"Round_spermatids"	NA	NA	NA	"CL:4030036"	"early spermatid"	"perfect match"	"SN253"	NA	2
"TGAACGTTCATACGAC"	""	"ERX6700411"	"ERP132578"	"testis"	"Round_spermatids"	NA	NA	NA	"CL:4030036"	"early spermatid"	"perfect match"	"SN253"	NA	2
"TGAATCGCACATCCCT"	""	"ERX6700411"	"ERP132578"	"testis"	"Round_spermatids"	NA	NA	NA	"CL:4030036"	"early spermatid"	"perfect match"	"SN253"	NA	2
"TGAATCGGTAGCTTTG"	""	"ERX6700411"	"ERP132578"	"testis"	"Spermatocytes"	NA	NA	NA	"CL:0000017"	"spermatocyte"	"perfect match"	"SN253"	NA	5
"TGAATCGTCATTCGGA"	""	"ERX6700411"	"ERP132578"	"testis"	"Round_spermatids"	NA	NA	NA	"CL:4030036"	"early spermatid"	"perfect match"	"SN253"	NA	2
"TGAATGCCACGACGTC"	""	"ERX6700411"	"ERP132578"	"testis"	"Spermatocytes"	NA	NA	NA	"CL:0000017"	"spermatocyte"	"perfect match"	"SN253"	NA	5
"TGAATGCCAGGGATAC"	""	"ERX6700411"	"ERP132578"	"testis"	"Elongated_spermatids"	NA	NA	NA	"CL:4030037"	"late spermatid"	"perfect match"	"SN253"	NA	1
"TGACAGTAGCCAAGGT"	""	"ERX6700411"	"ERP132578"	"testis"	"Round_spermatids"	NA	NA	NA	"CL:4030036"	"early spermatid"	"perfect match"	"SN253"	NA	2
"TGACCCTCATCAGTGT"	""	"ERX6700411"	"ERP132578"	"testis"	"Elongated_spermatids"	NA	NA	NA	"CL:4030037"	"late spermatid"	"perfect match"	"SN253"	NA	1
"TGACCCTTCCAGTACA"	""	"ERX6700411"	"ERP132578"	"testis"	"Round_spermatids"	NA	NA	NA	"CL:4030036"	"early spermatid"	"perfect match"	"SN253"	NA	2
"TGACGCGCAACAGATA"	""	"ERX6700411"	"ERP132578"	"testis"	"Spermatocytes"	NA	NA	NA	"CL:0000017"	"spermatocyte"	"perfect match"	"SN253"	NA	5
"TGACGCGCAGCTAACT"	""	"ERX6700411"	"ERP132578"	"testis"	"Round_spermatids"	NA	NA	NA	"CL:4030036"	"early spermatid"	"perfect match"	"SN253"	NA	2
"TGACTCCTCATCGGGC"	""	"ERX6700411"	"ERP132578"	"testis"	"Other_somatic"	NA	NA	NA	"CL:0002371"	"somatic cell"	"perfect match"	"SN253"	NA	3
"TGACTCCTCGCCTTTG"	""	"ERX6700411"	"ERP132578"	"testis"	"Elongated_spermatids"	NA	NA	NA	"CL:4030037"	"late spermatid"	"perfect match"	"SN253"	NA	1
"TGAGACTAGACCTCCG"	""	"ERX6700411"	"ERP132578"	"testis"	"Round_spermatids"	NA	NA	NA	"CL:4030036"	"early spermatid"	"perfect match"	"SN253"	NA	2
"TGAGACTAGTCACTCA"	""	"ERX6700411"	"ERP132578"	"testis"	"Spermatocytes"	NA	NA	NA	"CL:0000017"	"spermatocyte"	"perfect match"	"SN253"	NA	5
"TGAGACTCACCGTGCA"	""	"ERX6700411"	"ERP132578"	"testis"	"Round_spermatids"	NA	NA	NA	"CL:4030036"	"early spermatid"	"perfect match"	"SN253"	NA	2
"TGAGCATAGATTAGTG"	""	"ERX6700411"	"ERP132578"	"testis"	"Spermatogonia"	NA	NA	NA	"CL:0000020"	"spermatogonium"	"perfect match"	"SN253"	NA	4
"TGAGCATCAACACAAA"	""	"ERX6700411"	"ERP132578"	"testis"	"Round_spermatids"	NA	NA	NA	"CL:4030036"	"early spermatid"	"perfect match"	"SN253"	NA	2
"TGAGCATCAATTGGTC"	""	"ERX6700411"	"ERP132578"	"testis"	"Elongated_spermatids"	NA	NA	NA	"CL:4030037"	"late spermatid"	"perfect match"	"SN253"	NA	1
"TGAGCATTCCCATGGG"	""	"ERX6700411"	"ERP132578"	"testis"	"Round_spermatids"	NA	NA	NA	"CL:4030036"	"early spermatid"	"perfect match"	"SN253"	NA	2
"TGAGCATTCGAGTGAG"	""	"ERX6700411"	"ERP132578"	"testis"	"Other_somatic"	NA	NA	NA	"CL:0002371"	"somatic cell"	"perfect match"	"SN253"	NA	3
"TGAGCGCTCAGAGTTC"	""	"ERX6700411"	"ERP132578"	"testis"	"Elongated_spermatids"	NA	NA	NA	"CL:4030037"	"late spermatid"	"perfect match"	"SN253"	NA	1
"TGAGGAGCAAGAGATT"	""	"ERX6700411"	"ERP132578"	"testis"	"Spermatogonia"	NA	NA	NA	"CL:0000020"	"spermatogonium"	"perfect match"	"SN253"	NA	4
"TGAGGAGGTACCTATG"	""	"ERX6700411"	"ERP132578"	"testis"	"Round_spermatids"	NA	NA	NA	"CL:4030036"	"early spermatid"	"perfect match"	"SN253"	NA	2
"TGAGGGACACCAGACC"	""	"ERX6700411"	"ERP132578"	"testis"	"Round_spermatids"	NA	NA	NA	"CL:4030036"	"early spermatid"	"perfect match"	"SN253"	NA	2
"TGAGGGACACGTCGGT"	""	"ERX6700411"	"ERP132578"	"testis"	"Round_spermatids"	NA	NA	NA	"CL:4030036"	"early spermatid"	"perfect match"	"SN253"	NA	2
"TGAGGGACACTTGACA"	""	"ERX6700411"	"ERP132578"	"testis"	"Round_spermatids"	NA	NA	NA	"CL:4030036"	"early spermatid"	"perfect match"	"SN253"	NA	2
"TGAGGGACAGAAATCA"	""	"ERX6700411"	"ERP132578"	"testis"	"Other_somatic"	NA	NA	NA	"CL:0002371"	"somatic cell"	"perfect match"	"SN253"	NA	3
"TGAGGGACAGAGGCAT"	""	"ERX6700411"	"ERP132578"	"testis"	"Round_spermatids"	NA	NA	NA	"CL:4030036"	"early spermatid"	"perfect match"	"SN253"	NA	2
"TGAGGGAGTTATTCTC"	""	"ERX6700411"	"ERP132578"	"testis"	"Spermatocytes"	NA	NA	NA	"CL:0000017"	"spermatocyte"	"perfect match"	"SN253"	NA	5
"TGAGGTTAGGAGGGTG"	""	"ERX6700411"	"ERP132578"	"testis"	"Spermatocytes"	NA	NA	NA	"CL:0000017"	"spermatocyte"	"perfect match"	"SN253"	NA	5
"TGAGGTTCAGTTGCGC"	""	"ERX6700411"	"ERP132578"	"testis"	"Other_somatic"	NA	NA	NA	"CL:0002371"	"somatic cell"	"perfect match"	"SN253"	NA	3
"TGAGGTTGTGCCAAGA"	""	"ERX6700411"	"ERP132578"	"testis"	"Round_spermatids"	NA	NA	NA	"CL:4030036"	"early spermatid"	"perfect match"	"SN253"	NA	2
"TGAGGTTTCTACGCGG"	""	"ERX6700411"	"ERP132578"	"testis"	"Elongated_spermatids"	NA	NA	NA	"CL:4030037"	"late spermatid"	"perfect match"	"SN253"	NA	1
"TGAGTCAAGCCTATTG"	""	"ERX6700411"	"ERP132578"	"testis"	"Spermatogonia"	NA	NA	NA	"CL:0000020"	"spermatogonium"	"perfect match"	"SN253"	NA	4
"TGAGTCACAATACCTG"	""	"ERX6700411"	"ERP132578"	"testis"	"Spermatocytes"	NA	NA	NA	"CL:0000017"	"spermatocyte"	"perfect match"	"SN253"	NA	5
"TGAGTCAGTACCTAGT"	""	"ERX6700411"	"ERP132578"	"testis"	"Round_spermatids"	NA	NA	NA	"CL:4030036"	"early spermatid"	"perfect match"	"SN253"	NA	2
"TGATCAGAGTAATTGG"	""	"ERX6700411"	"ERP132578"	"testis"	"Elongated_spermatids"	NA	NA	NA	"CL:4030037"	"late spermatid"	"perfect match"	"SN253"	NA	1
"TGATCAGCAGAAACCG"	""	"ERX6700411"	"ERP132578"	"testis"	"Elongated_spermatids"	NA	NA	NA	"CL:4030037"	"late spermatid"	"perfect match"	"SN253"	NA	1
"TGATCAGGTGGCCACT"	""	"ERX6700411"	"ERP132578"	"testis"	"Round_spermatids"	NA	NA	NA	"CL:4030036"	"early spermatid"	"perfect match"	"SN253"	NA	2
"TGATCTTAGAGTCAAT"	""	"ERX6700411"	"ERP132578"	"testis"	"Spermatocytes"	NA	NA	NA	"CL:0000017"	"spermatocyte"	"perfect match"	"SN253"	NA	5
"TGATCTTAGCCATTCA"	""	"ERX6700411"	"ERP132578"	"testis"	"Spermatocytes"	NA	NA	NA	"CL:0000017"	"spermatocyte"	"perfect match"	"SN253"	NA	5
"TGATCTTCAATTCTCT"	""	"ERX6700411"	"ERP132578"	"testis"	"Round_spermatids"	NA	NA	NA	"CL:4030036"	"early spermatid"	"perfect match"	"SN253"	NA	2
"TGATCTTGTCGCATTA"	""	"ERX6700411"	"ERP132578"	"testis"	"Round_spermatids"	NA	NA	NA	"CL:4030036"	"early spermatid"	"perfect match"	"SN253"	NA	2
"TGATCTTTCCTCGCAT"	""	"ERX6700411"	"ERP132578"	"testis"	"Elongated_spermatids"	NA	NA	NA	"CL:4030037"	"late spermatid"	"perfect match"	"SN253"	NA	1
"TGATCTTTCCTTACCG"	""	"ERX6700411"	"ERP132578"	"testis"	"Round_spermatids"	NA	NA	NA	"CL:4030036"	"early spermatid"	"perfect match"	"SN253"	NA	2
"TGATCTTTCTACCACC"	""	"ERX6700411"	"ERP132578"	"testis"	"Elongated_spermatids"	NA	NA	NA	"CL:4030037"	"late spermatid"	"perfect match"	"SN253"	NA	1
"TGATGCAAGCTCCACG"	""	"ERX6700411"	"ERP132578"	"testis"	"Spermatocytes"	NA	NA	NA	"CL:0000017"	"spermatocyte"	"perfect match"	"SN253"	NA	5
"TGATGCAAGTCGAATA"	""	"ERX6700411"	"ERP132578"	"testis"	"Elongated_spermatids"	NA	NA	NA	"CL:4030037"	"late spermatid"	"perfect match"	"SN253"	NA	1
"TGATGCACAGAGACTG"	""	"ERX6700411"	"ERP132578"	"testis"	"Elongated_spermatids"	NA	NA	NA	"CL:4030037"	"late spermatid"	"perfect match"	"SN253"	NA	1
"TGATGCAGTAGAGTTA"	""	"ERX6700411"	"ERP132578"	"testis"	"Round_spermatids"	NA	NA	NA	"CL:4030036"	"early spermatid"	"perfect match"	"SN253"	NA	2
"TGATGGTAGACATCAA"	""	"ERX6700411"	"ERP132578"	"testis"	"Spermatogonia"	NA	NA	NA	"CL:0000020"	"spermatogonium"	"perfect match"	"SN253"	NA	4
"TGATGGTAGCCGTTAT"	""	"ERX6700411"	"ERP132578"	"testis"	"Round_spermatids"	NA	NA	NA	"CL:4030036"	"early spermatid"	"perfect match"	"SN253"	NA	2
"TGATGGTCAAAGCGTG"	""	"ERX6700411"	"ERP132578"	"testis"	"Round_spermatids"	NA	NA	NA	"CL:4030036"	"early spermatid"	"perfect match"	"SN253"	NA	2
"TGATGGTCATGGGATG"	""	"ERX6700411"	"ERP132578"	"testis"	"Round_spermatids"	NA	NA	NA	"CL:4030036"	"early spermatid"	"perfect match"	"SN253"	NA	2
"TGATGGTTCCCAGGAC"	""	"ERX6700411"	"ERP132578"	"testis"	"Round_spermatids"	NA	NA	NA	"CL:4030036"	"early spermatid"	"perfect match"	"SN253"	NA	2
"TGATTCTAGACGACGT"	""	"ERX6700411"	"ERP132578"	"testis"	"Other_somatic"	NA	NA	NA	"CL:0002371"	"somatic cell"	"perfect match"	"SN253"	NA	3
"TGATTCTAGTTCGGTT"	""	"ERX6700411"	"ERP132578"	"testis"	"Spermatocytes"	NA	NA	NA	"CL:0000017"	"spermatocyte"	"perfect match"	"SN253"	NA	5
"TGATTCTCAGTTGGTT"	""	"ERX6700411"	"ERP132578"	"testis"	"Round_spermatids"	NA	NA	NA	"CL:4030036"	"early spermatid"	"perfect match"	"SN253"	NA	2
"TGATTCTCATGCTGCG"	""	"ERX6700411"	"ERP132578"	"testis"	"Elongated_spermatids"	NA	NA	NA	"CL:4030037"	"late spermatid"	"perfect match"	"SN253"	NA	1
"TGATTCTCATTGAGGG"	""	"ERX6700411"	"ERP132578"	"testis"	"Round_spermatids"	NA	NA	NA	"CL:4030036"	"early spermatid"	"perfect match"	"SN253"	NA	2
"TGATTCTGTGCCCACA"	""	"ERX6700411"	"ERP132578"	"testis"	"Round_spermatids"	NA	NA	NA	"CL:4030036"	"early spermatid"	"perfect match"	"SN253"	NA	2
"TGATTCTGTTTAAGGA"	""	"ERX6700411"	"ERP132578"	"testis"	"Round_spermatids"	NA	NA	NA	"CL:4030036"	"early spermatid"	"perfect match"	"SN253"	NA	2
"TGATTCTTCGGTCATA"	""	"ERX6700411"	"ERP132578"	"testis"	"Round_spermatids"	NA	NA	NA	"CL:4030036"	"early spermatid"	"perfect match"	"SN253"	NA	2
"TGATTCTTCTTAGCAG"	""	"ERX6700411"	"ERP132578"	"testis"	"Round_spermatids"	NA	NA	NA	"CL:4030036"	"early spermatid"	"perfect match"	"SN253"	NA	2
"TGATTTCAGACCTGGA"	""	"ERX6700411"	"ERP132578"	"testis"	"Spermatocytes"	NA	NA	NA	"CL:0000017"	"spermatocyte"	"perfect match"	"SN253"	NA	5
"TGATTTCAGCAATTCC"	""	"ERX6700411"	"ERP132578"	"testis"	"Round_spermatids"	NA	NA	NA	"CL:4030036"	"early spermatid"	"perfect match"	"SN253"	NA	2
"TGATTTCAGTATGTAG"	""	"ERX6700411"	"ERP132578"	"testis"	"Spermatocytes"	NA	NA	NA	"CL:0000017"	"spermatocyte"	"perfect match"	"SN253"	NA	5
"TGATTTCCACACCGCA"	""	"ERX6700411"	"ERP132578"	"testis"	"Spermatocytes"	NA	NA	NA	"CL:0000017"	"spermatocyte"	"perfect match"	"SN253"	NA	5
"TGCACGGTCGAACACT"	""	"ERX6700411"	"ERP132578"	"testis"	"Round_spermatids"	NA	NA	NA	"CL:4030036"	"early spermatid"	"perfect match"	"SN253"	NA	2
"TGCAGATAGGAGAATG"	""	"ERX6700411"	"ERP132578"	"testis"	"Spermatocytes"	NA	NA	NA	"CL:0000017"	"spermatocyte"	"perfect match"	"SN253"	NA	5
"TGCAGATCAGCGACCT"	""	"ERX6700411"	"ERP132578"	"testis"	"Spermatocytes"	NA	NA	NA	"CL:0000017"	"spermatocyte"	"perfect match"	"SN253"	NA	5
"TGCAGATCAGTCAGTT"	""	"ERX6700411"	"ERP132578"	"testis"	"Round_spermatids"	NA	NA	NA	"CL:4030036"	"early spermatid"	"perfect match"	"SN253"	NA	2
"TGCAGATGTTCTAACG"	""	"ERX6700411"	"ERP132578"	"testis"	"Spermatocytes"	NA	NA	NA	"CL:0000017"	"spermatocyte"	"perfect match"	"SN253"	NA	5
"TGCAGATTCCGCAGTG"	""	"ERX6700411"	"ERP132578"	"testis"	"Spermatocytes"	NA	NA	NA	"CL:0000017"	"spermatocyte"	"perfect match"	"SN253"	NA	5
"TGCAGGCCAGTGAGCA"	""	"ERX6700411"	"ERP132578"	"testis"	"Elongated_spermatids"	NA	NA	NA	"CL:4030037"	"late spermatid"	"perfect match"	"SN253"	NA	1
"TGCAGGCTCCGAGCTG"	""	"ERX6700411"	"ERP132578"	"testis"	"Spermatogonia"	NA	NA	NA	"CL:0000020"	"spermatogonium"	"perfect match"	"SN253"	NA	4
"TGCAGTAAGGCTGAAC"	""	"ERX6700411"	"ERP132578"	"testis"	"Round_spermatids"	NA	NA	NA	"CL:4030036"	"early spermatid"	"perfect match"	"SN253"	NA	2
"TGCAGTAGTACAACGG"	""	"ERX6700411"	"ERP132578"	"testis"	"Spermatocytes"	NA	NA	NA	"CL:0000017"	"spermatocyte"	"perfect match"	"SN253"	NA	5
"TGCAGTAGTCCGAAGA"	""	"ERX6700411"	"ERP132578"	"testis"	"Round_spermatids"	NA	NA	NA	"CL:4030036"	"early spermatid"	"perfect match"	"SN253"	NA	2
"TGCAGTAGTGCAACGA"	""	"ERX6700411"	"ERP132578"	"testis"	"Round_spermatids"	NA	NA	NA	"CL:4030036"	"early spermatid"	"perfect match"	"SN253"	NA	2
"TGCAGTAGTGTCATTG"	""	"ERX6700411"	"ERP132578"	"testis"	"Round_spermatids"	NA	NA	NA	"CL:4030036"	"early spermatid"	"perfect match"	"SN253"	NA	2
"TGCAGTATCAAAGAAC"	""	"ERX6700411"	"ERP132578"	"testis"	"Round_spermatids"	NA	NA	NA	"CL:4030036"	"early spermatid"	"perfect match"	"SN253"	NA	2
"TGCATCCCAGCCCACA"	""	"ERX6700411"	"ERP132578"	"testis"	"Spermatocytes"	NA	NA	NA	"CL:0000017"	"spermatocyte"	"perfect match"	"SN253"	NA	5
"TGCATCCTCTGATTCT"	""	"ERX6700411"	"ERP132578"	"testis"	"Spermatogonia"	NA	NA	NA	"CL:0000020"	"spermatogonium"	"perfect match"	"SN253"	NA	4
"TGCATGAAGACTCGAG"	""	"ERX6700411"	"ERP132578"	"testis"	"Spermatocytes"	NA	NA	NA	"CL:0000017"	"spermatocyte"	"perfect match"	"SN253"	NA	5
"TGCATGAAGCGATGGT"	""	"ERX6700411"	"ERP132578"	"testis"	"Round_spermatids"	NA	NA	NA	"CL:4030036"	"early spermatid"	"perfect match"	"SN253"	NA	2
"TGCATGAAGCTAATGA"	""	"ERX6700411"	"ERP132578"	"testis"	"Round_spermatids"	NA	NA	NA	"CL:4030036"	"early spermatid"	"perfect match"	"SN253"	NA	2
"TGCATGAGTGCTAGCC"	""	"ERX6700411"	"ERP132578"	"testis"	"Round_spermatids"	NA	NA	NA	"CL:4030036"	"early spermatid"	"perfect match"	"SN253"	NA	2
"TGCATGAGTTCGGTCG"	""	"ERX6700411"	"ERP132578"	"testis"	"Round_spermatids"	NA	NA	NA	"CL:4030036"	"early spermatid"	"perfect match"	"SN253"	NA	2
"TGCATGATCCGTCACT"	""	"ERX6700411"	"ERP132578"	"testis"	"Round_spermatids"	NA	NA	NA	"CL:4030036"	"early spermatid"	"perfect match"	"SN253"	NA	2
"TGCATGATCGAACGCC"	""	"ERX6700411"	"ERP132578"	"testis"	"Round_spermatids"	NA	NA	NA	"CL:4030036"	"early spermatid"	"perfect match"	"SN253"	NA	2
"TGCATGATCTAGGCAT"	""	"ERX6700411"	"ERP132578"	"testis"	"Round_spermatids"	NA	NA	NA	"CL:4030036"	"early spermatid"	"perfect match"	"SN253"	NA	2
"TGCCGAGCACACAGAG"	""	"ERX6700411"	"ERP132578"	"testis"	"Elongated_spermatids"	NA	NA	NA	"CL:4030037"	"late spermatid"	"perfect match"	"SN253"	NA	1
"TGCCGAGGTTAGAGTA"	""	"ERX6700411"	"ERP132578"	"testis"	"Round_spermatids"	NA	NA	NA	"CL:4030036"	"early spermatid"	"perfect match"	"SN253"	NA	2
"TGCGACGAGACAGCGT"	""	"ERX6700411"	"ERP132578"	"testis"	"Other_somatic"	NA	NA	NA	"CL:0002371"	"somatic cell"	"perfect match"	"SN253"	NA	3
"TGCGACGAGTCCTGTA"	""	"ERX6700411"	"ERP132578"	"testis"	"Spermatogonia"	NA	NA	NA	"CL:0000020"	"spermatogonium"	"perfect match"	"SN253"	NA	4
"TGCGACGAGTTACGTC"	""	"ERX6700411"	"ERP132578"	"testis"	"Round_spermatids"	NA	NA	NA	"CL:4030036"	"early spermatid"	"perfect match"	"SN253"	NA	2
"TGCGATAGTACAGCGA"	""	"ERX6700411"	"ERP132578"	"testis"	"Round_spermatids"	NA	NA	NA	"CL:4030036"	"early spermatid"	"perfect match"	"SN253"	NA	2
"TGCGATAGTAGCGATG"	""	"ERX6700411"	"ERP132578"	"testis"	"Round_spermatids"	NA	NA	NA	"CL:4030036"	"early spermatid"	"perfect match"	"SN253"	NA	2
"TGCGATATCAGGCGAA"	""	"ERX6700411"	"ERP132578"	"testis"	"Spermatocytes"	NA	NA	NA	"CL:0000017"	"spermatocyte"	"perfect match"	"SN253"	NA	5
"TGCGATATCCCTTGTG"	""	"ERX6700411"	"ERP132578"	"testis"	"Round_spermatids"	NA	NA	NA	"CL:4030036"	"early spermatid"	"perfect match"	"SN253"	NA	2
"TGCGATATCCTCTTTC"	""	"ERX6700411"	"ERP132578"	"testis"	"Round_spermatids"	NA	NA	NA	"CL:4030036"	"early spermatid"	"perfect match"	"SN253"	NA	2
"TGCGATATCTCTCGAC"	""	"ERX6700411"	"ERP132578"	"testis"	"Round_spermatids"	NA	NA	NA	"CL:4030036"	"early spermatid"	"perfect match"	"SN253"	NA	2
"TGCGGCAAGAACGTGC"	""	"ERX6700411"	"ERP132578"	"testis"	"Round_spermatids"	NA	NA	NA	"CL:4030036"	"early spermatid"	"perfect match"	"SN253"	NA	2
"TGCGGCAAGCGACTGA"	""	"ERX6700411"	"ERP132578"	"testis"	"Spermatocytes"	NA	NA	NA	"CL:0000017"	"spermatocyte"	"perfect match"	"SN253"	NA	5
"TGCGGCACAACACGTT"	""	"ERX6700411"	"ERP132578"	"testis"	"Elongated_spermatids"	NA	NA	NA	"CL:4030037"	"late spermatid"	"perfect match"	"SN253"	NA	1
"TGCGGCACACAGTCGC"	""	"ERX6700411"	"ERP132578"	"testis"	"Elongated_spermatids"	NA	NA	NA	"CL:4030037"	"late spermatid"	"perfect match"	"SN253"	NA	1
"TGCGGCAGTCGTCAGC"	""	"ERX6700411"	"ERP132578"	"testis"	"Elongated_spermatids"	NA	NA	NA	"CL:4030037"	"late spermatid"	"perfect match"	"SN253"	NA	1
"TGCGGGTCAGTTACCA"	""	"ERX6700411"	"ERP132578"	"testis"	"Round_spermatids"	NA	NA	NA	"CL:4030036"	"early spermatid"	"perfect match"	"SN253"	NA	2
"TGCGGGTTCATTCCTA"	""	"ERX6700411"	"ERP132578"	"testis"	"Elongated_spermatids"	NA	NA	NA	"CL:4030037"	"late spermatid"	"perfect match"	"SN253"	NA	1
"TGCTCCAAGACCATTC"	""	"ERX6700411"	"ERP132578"	"testis"	"Round_spermatids"	NA	NA	NA	"CL:4030036"	"early spermatid"	"perfect match"	"SN253"	NA	2
"TGCTCCAAGTGGATTA"	""	"ERX6700411"	"ERP132578"	"testis"	"Round_spermatids"	NA	NA	NA	"CL:4030036"	"early spermatid"	"perfect match"	"SN253"	NA	2
"TGCTCCACAGTTAGGG"	""	"ERX6700411"	"ERP132578"	"testis"	"Elongated_spermatids"	NA	NA	NA	"CL:4030037"	"late spermatid"	"perfect match"	"SN253"	NA	1
"TGCTCGTAGGTACCTT"	""	"ERX6700411"	"ERP132578"	"testis"	"Spermatogonia"	NA	NA	NA	"CL:0000020"	"spermatogonium"	"perfect match"	"SN253"	NA	4
"TGCTCGTCAAACAGGC"	""	"ERX6700411"	"ERP132578"	"testis"	"Round_spermatids"	NA	NA	NA	"CL:4030036"	"early spermatid"	"perfect match"	"SN253"	NA	2
"TGCTCGTCAAGCACAG"	""	"ERX6700411"	"ERP132578"	"testis"	"Round_spermatids"	NA	NA	NA	"CL:4030036"	"early spermatid"	"perfect match"	"SN253"	NA	2
"TGCTGAAGTAAGATAC"	""	"ERX6700411"	"ERP132578"	"testis"	"Other_somatic"	NA	NA	NA	"CL:0002371"	"somatic cell"	"perfect match"	"SN253"	NA	3
"TGCTGAAGTGTGTGTT"	""	"ERX6700411"	"ERP132578"	"testis"	"Round_spermatids"	NA	NA	NA	"CL:4030036"	"early spermatid"	"perfect match"	"SN253"	NA	2
"TGCTGAATCACTGTCC"	""	"ERX6700411"	"ERP132578"	"testis"	"Elongated_spermatids"	NA	NA	NA	"CL:4030037"	"late spermatid"	"perfect match"	"SN253"	NA	1
"TGCTTCGAGGCCTAAG"	""	"ERX6700411"	"ERP132578"	"testis"	"Round_spermatids"	NA	NA	NA	"CL:4030036"	"early spermatid"	"perfect match"	"SN253"	NA	2
"TGCTTCGGTATACGGG"	""	"ERX6700411"	"ERP132578"	"testis"	"Elongated_spermatids"	NA	NA	NA	"CL:4030037"	"late spermatid"	"perfect match"	"SN253"	NA	1
"TGCTTCGTCCGCAACG"	""	"ERX6700411"	"ERP132578"	"testis"	"Spermatocytes"	NA	NA	NA	"CL:0000017"	"spermatocyte"	"perfect match"	"SN253"	NA	5
"TGCTTGCAGGCTTCCG"	""	"ERX6700411"	"ERP132578"	"testis"	"Spermatogonia"	NA	NA	NA	"CL:0000020"	"spermatogonium"	"perfect match"	"SN253"	NA	4
"TGCTTGCCAATCAAGA"	""	"ERX6700411"	"ERP132578"	"testis"	"Spermatocytes"	NA	NA	NA	"CL:0000017"	"spermatocyte"	"perfect match"	"SN253"	NA	5
"TGCTTGCCACGCGCTA"	""	"ERX6700411"	"ERP132578"	"testis"	"Spermatocytes"	NA	NA	NA	"CL:0000017"	"spermatocyte"	"perfect match"	"SN253"	NA	5
"TGCTTGCCAGACCCGT"	""	"ERX6700411"	"ERP132578"	"testis"	"Elongated_spermatids"	NA	NA	NA	"CL:4030037"	"late spermatid"	"perfect match"	"SN253"	NA	1
"TGCTTGCCATAATCCG"	""	"ERX6700411"	"ERP132578"	"testis"	"Round_spermatids"	NA	NA	NA	"CL:4030036"	"early spermatid"	"perfect match"	"SN253"	NA	2
"TGCTTGCGTCTGTAAC"	""	"ERX6700411"	"ERP132578"	"testis"	"Round_spermatids"	NA	NA	NA	"CL:4030036"	"early spermatid"	"perfect match"	"SN253"	NA	2
"TGGAACTAGCCGATAG"	""	"ERX6700411"	"ERP132578"	"testis"	"Round_spermatids"	NA	NA	NA	"CL:4030036"	"early spermatid"	"perfect match"	"SN253"	NA	2
"TGGAACTAGGGCGAGA"	""	"ERX6700411"	"ERP132578"	"testis"	"Spermatocytes"	NA	NA	NA	"CL:0000017"	"spermatocyte"	"perfect match"	"SN253"	NA	5
"TGGAACTAGTGGTTGG"	""	"ERX6700411"	"ERP132578"	"testis"	"Round_spermatids"	NA	NA	NA	"CL:4030036"	"early spermatid"	"perfect match"	"SN253"	NA	2
"TGGAACTCATCCTAAG"	""	"ERX6700411"	"ERP132578"	"testis"	"Other_somatic"	NA	NA	NA	"CL:0002371"	"somatic cell"	"perfect match"	"SN253"	NA	3
"TGGAACTGTACGTACT"	""	"ERX6700411"	"ERP132578"	"testis"	"Round_spermatids"	NA	NA	NA	"CL:4030036"	"early spermatid"	"perfect match"	"SN253"	NA	2
"TGGAACTGTCGCGGTT"	""	"ERX6700411"	"ERP132578"	"testis"	"Round_spermatids"	NA	NA	NA	"CL:4030036"	"early spermatid"	"perfect match"	"SN253"	NA	2
"TGGAACTGTGTTAACC"	""	"ERX6700411"	"ERP132578"	"testis"	"Round_spermatids"	NA	NA	NA	"CL:4030036"	"early spermatid"	"perfect match"	"SN253"	NA	2
"TGGAGAGAGTCCGCCA"	""	"ERX6700411"	"ERP132578"	"testis"	"Elongated_spermatids"	NA	NA	NA	"CL:4030037"	"late spermatid"	"perfect match"	"SN253"	NA	1
"TGGAGAGCACTGAGTT"	""	"ERX6700411"	"ERP132578"	"testis"	"Spermatocytes"	NA	NA	NA	"CL:0000017"	"spermatocyte"	"perfect match"	"SN253"	NA	5
"TGGAGAGGTCCGACGT"	""	"ERX6700411"	"ERP132578"	"testis"	"Spermatogonia"	NA	NA	NA	"CL:0000020"	"spermatogonium"	"perfect match"	"SN253"	NA	4
"TGGAGAGGTCTATGAC"	""	"ERX6700411"	"ERP132578"	"testis"	"Round_spermatids"	NA	NA	NA	"CL:4030036"	"early spermatid"	"perfect match"	"SN253"	NA	2
"TGGAGAGGTGCTGTCG"	""	"ERX6700411"	"ERP132578"	"testis"	"Spermatocytes"	NA	NA	NA	"CL:0000017"	"spermatocyte"	"perfect match"	"SN253"	NA	5
"TGGAGAGGTTCAAGTC"	""	"ERX6700411"	"ERP132578"	"testis"	"Round_spermatids"	NA	NA	NA	"CL:4030036"	"early spermatid"	"perfect match"	"SN253"	NA	2
"TGGAGAGGTTTGTTCT"	""	"ERX6700411"	"ERP132578"	"testis"	"Round_spermatids"	NA	NA	NA	"CL:4030036"	"early spermatid"	"perfect match"	"SN253"	NA	2
"TGGAGAGTCCACATAG"	""	"ERX6700411"	"ERP132578"	"testis"	"Spermatocytes"	NA	NA	NA	"CL:0000017"	"spermatocyte"	"perfect match"	"SN253"	NA	5
"TGGAGAGTCTCGTTTA"	""	"ERX6700411"	"ERP132578"	"testis"	"Spermatocytes"	NA	NA	NA	"CL:0000017"	"spermatocyte"	"perfect match"	"SN253"	NA	5
"TGGAGAGTCTTCCCAG"	""	"ERX6700411"	"ERP132578"	"testis"	"Spermatocytes"	NA	NA	NA	"CL:0000017"	"spermatocyte"	"perfect match"	"SN253"	NA	5
"TGGAGGACAGTGTACT"	""	"ERX6700411"	"ERP132578"	"testis"	"Elongated_spermatids"	NA	NA	NA	"CL:4030037"	"late spermatid"	"perfect match"	"SN253"	NA	1
"TGGAGGAGTCACCTTC"	""	"ERX6700411"	"ERP132578"	"testis"	"Spermatocytes"	NA	NA	NA	"CL:0000017"	"spermatocyte"	"perfect match"	"SN253"	NA	5
"TGGAGGAGTGGTAATA"	""	"ERX6700411"	"ERP132578"	"testis"	"Round_spermatids"	NA	NA	NA	"CL:4030036"	"early spermatid"	"perfect match"	"SN253"	NA	2
"TGGAGGATCCAAGCTA"	""	"ERX6700411"	"ERP132578"	"testis"	"Round_spermatids"	NA	NA	NA	"CL:4030036"	"early spermatid"	"perfect match"	"SN253"	NA	2
"TGGATCAAGTGCAAAT"	""	"ERX6700411"	"ERP132578"	"testis"	"Spermatocytes"	NA	NA	NA	"CL:0000017"	"spermatocyte"	"perfect match"	"SN253"	NA	5
"TGGATCACATGAATAG"	""	"ERX6700411"	"ERP132578"	"testis"	"Spermatocytes"	NA	NA	NA	"CL:0000017"	"spermatocyte"	"perfect match"	"SN253"	NA	5
"TGGATCAGTCTACTGA"	""	"ERX6700411"	"ERP132578"	"testis"	"Round_spermatids"	NA	NA	NA	"CL:4030036"	"early spermatid"	"perfect match"	"SN253"	NA	2
"TGGATCAGTTAACCTG"	""	"ERX6700411"	"ERP132578"	"testis"	"Spermatocytes"	NA	NA	NA	"CL:0000017"	"spermatocyte"	"perfect match"	"SN253"	NA	5
"TGGATCATCCATCTCG"	""	"ERX6700411"	"ERP132578"	"testis"	"Round_spermatids"	NA	NA	NA	"CL:4030036"	"early spermatid"	"perfect match"	"SN253"	NA	2
"TGGATCATCGCAGAGA"	""	"ERX6700411"	"ERP132578"	"testis"	"Round_spermatids"	NA	NA	NA	"CL:4030036"	"early spermatid"	"perfect match"	"SN253"	NA	2
"TGGATGTCATAGGCGA"	""	"ERX6700411"	"ERP132578"	"testis"	"Round_spermatids"	NA	NA	NA	"CL:4030036"	"early spermatid"	"perfect match"	"SN253"	NA	2
"TGGATGTTCCCTGTTG"	""	"ERX6700411"	"ERP132578"	"testis"	"Elongated_spermatids"	NA	NA	NA	"CL:4030037"	"late spermatid"	"perfect match"	"SN253"	NA	1
"TGGATGTTCTTCACGC"	""	"ERX6700411"	"ERP132578"	"testis"	"Spermatocytes"	NA	NA	NA	"CL:0000017"	"spermatocyte"	"perfect match"	"SN253"	NA	5
"TGGCGTGAGGGCCAAT"	""	"ERX6700411"	"ERP132578"	"testis"	"Elongated_spermatids"	NA	NA	NA	"CL:4030037"	"late spermatid"	"perfect match"	"SN253"	NA	1
"TGGCGTGAGTACAACA"	""	"ERX6700411"	"ERP132578"	"testis"	"Spermatocytes"	NA	NA	NA	"CL:0000017"	"spermatocyte"	"perfect match"	"SN253"	NA	5
"TGGGAAGAGCCTCTGG"	""	"ERX6700411"	"ERP132578"	"testis"	"Elongated_spermatids"	NA	NA	NA	"CL:4030037"	"late spermatid"	"perfect match"	"SN253"	NA	1
"TGGGAAGCAACCAGAG"	""	"ERX6700411"	"ERP132578"	"testis"	"Round_spermatids"	NA	NA	NA	"CL:4030036"	"early spermatid"	"perfect match"	"SN253"	NA	2
"TGGGAAGCAGCACACC"	""	"ERX6700411"	"ERP132578"	"testis"	"Elongated_spermatids"	NA	NA	NA	"CL:4030037"	"late spermatid"	"perfect match"	"SN253"	NA	1
"TGGGAAGCATCCTATT"	""	"ERX6700411"	"ERP132578"	"testis"	"Round_spermatids"	NA	NA	NA	"CL:4030036"	"early spermatid"	"perfect match"	"SN253"	NA	2
"TGGGAGAAGAAATCCA"	""	"ERX6700411"	"ERP132578"	"testis"	"Round_spermatids"	NA	NA	NA	"CL:4030036"	"early spermatid"	"perfect match"	"SN253"	NA	2
"TGGGAGATCTGTGTGA"	""	"ERX6700411"	"ERP132578"	"testis"	"Round_spermatids"	NA	NA	NA	"CL:4030036"	"early spermatid"	"perfect match"	"SN253"	NA	2
"TGGGATTAGGGATCAC"	""	"ERX6700411"	"ERP132578"	"testis"	"Spermatogonia"	NA	NA	NA	"CL:0000020"	"spermatogonium"	"perfect match"	"SN253"	NA	4
"TGGGATTAGTAGACAT"	""	"ERX6700411"	"ERP132578"	"testis"	"Round_spermatids"	NA	NA	NA	"CL:4030036"	"early spermatid"	"perfect match"	"SN253"	NA	2
"TGGGATTCAGTACTAC"	""	"ERX6700411"	"ERP132578"	"testis"	"Spermatogonia"	NA	NA	NA	"CL:0000020"	"spermatogonium"	"perfect match"	"SN253"	NA	4
"TGGGATTTCACGTCCT"	""	"ERX6700411"	"ERP132578"	"testis"	"Elongated_spermatids"	NA	NA	NA	"CL:4030037"	"late spermatid"	"perfect match"	"SN253"	NA	1
"TGGGCGTCAACCAGAG"	""	"ERX6700411"	"ERP132578"	"testis"	"Round_spermatids"	NA	NA	NA	"CL:4030036"	"early spermatid"	"perfect match"	"SN253"	NA	2
"TGGGCGTGTGGTCTAT"	""	"ERX6700411"	"ERP132578"	"testis"	"Elongated_spermatids"	NA	NA	NA	"CL:4030037"	"late spermatid"	"perfect match"	"SN253"	NA	1
"TGGGCGTGTGTCCAAT"	""	"ERX6700411"	"ERP132578"	"testis"	"Round_spermatids"	NA	NA	NA	"CL:4030036"	"early spermatid"	"perfect match"	"SN253"	NA	2
"TGGGCGTGTTCCATTT"	""	"ERX6700411"	"ERP132578"	"testis"	"Round_spermatids"	NA	NA	NA	"CL:4030036"	"early spermatid"	"perfect match"	"SN253"	NA	2
"TGGGCTGAGCATGCGA"	""	"ERX6700411"	"ERP132578"	"testis"	"Round_spermatids"	NA	NA	NA	"CL:4030036"	"early spermatid"	"perfect match"	"SN253"	NA	2
"TGGGCTGGTACGCTTA"	""	"ERX6700411"	"ERP132578"	"testis"	"Other_somatic"	NA	NA	NA	"CL:0002371"	"somatic cell"	"perfect match"	"SN253"	NA	3
"TGGGCTGGTCACAATC"	""	"ERX6700411"	"ERP132578"	"testis"	"Round_spermatids"	NA	NA	NA	"CL:4030036"	"early spermatid"	"perfect match"	"SN253"	NA	2
"TGGGCTGGTCCGGATC"	""	"ERX6700411"	"ERP132578"	"testis"	"Elongated_spermatids"	NA	NA	NA	"CL:4030037"	"late spermatid"	"perfect match"	"SN253"	NA	1
"TGGGTTAAGGTCCCGT"	""	"ERX6700411"	"ERP132578"	"testis"	"Spermatocytes"	NA	NA	NA	"CL:0000017"	"spermatocyte"	"perfect match"	"SN253"	NA	5
"TGGGTTACAACGTAAA"	""	"ERX6700411"	"ERP132578"	"testis"	"Round_spermatids"	NA	NA	NA	"CL:4030036"	"early spermatid"	"perfect match"	"SN253"	NA	2
"TGGGTTACAGTCGCAC"	""	"ERX6700411"	"ERP132578"	"testis"	"Round_spermatids"	NA	NA	NA	"CL:4030036"	"early spermatid"	"perfect match"	"SN253"	NA	2
"TGGGTTAGTCGTGGTC"	""	"ERX6700411"	"ERP132578"	"testis"	"Round_spermatids"	NA	NA	NA	"CL:4030036"	"early spermatid"	"perfect match"	"SN253"	NA	2
"TGGTAGTCAAGGAGTC"	""	"ERX6700411"	"ERP132578"	"testis"	"Round_spermatids"	NA	NA	NA	"CL:4030036"	"early spermatid"	"perfect match"	"SN253"	NA	2
"TGGTAGTCAGGGACTA"	""	"ERX6700411"	"ERP132578"	"testis"	"Elongated_spermatids"	NA	NA	NA	"CL:4030037"	"late spermatid"	"perfect match"	"SN253"	NA	1
"TGGTAGTCATTCGATG"	""	"ERX6700411"	"ERP132578"	"testis"	"Round_spermatids"	NA	NA	NA	"CL:4030036"	"early spermatid"	"perfect match"	"SN253"	NA	2
"TGGTAGTGTGCAACAG"	""	"ERX6700411"	"ERP132578"	"testis"	"Round_spermatids"	NA	NA	NA	"CL:4030036"	"early spermatid"	"perfect match"	"SN253"	NA	2
"TGGTAGTGTGTCTTGA"	""	"ERX6700411"	"ERP132578"	"testis"	"Spermatocytes"	NA	NA	NA	"CL:0000017"	"spermatocyte"	"perfect match"	"SN253"	NA	5
"TGGTTAGAGCTCCATA"	""	"ERX6700411"	"ERP132578"	"testis"	"Spermatogonia"	NA	NA	NA	"CL:0000020"	"spermatogonium"	"perfect match"	"SN253"	NA	4
"TGGTTAGGTCTGCCTT"	""	"ERX6700411"	"ERP132578"	"testis"	"Elongated_spermatids"	NA	NA	NA	"CL:4030037"	"late spermatid"	"perfect match"	"SN253"	NA	1
"TGGTTAGGTGAGACGT"	""	"ERX6700411"	"ERP132578"	"testis"	"Elongated_spermatids"	NA	NA	NA	"CL:4030037"	"late spermatid"	"perfect match"	"SN253"	NA	1
"TGTAACGAGGTAATCA"	""	"ERX6700411"	"ERP132578"	"testis"	"Round_spermatids"	NA	NA	NA	"CL:4030036"	"early spermatid"	"perfect match"	"SN253"	NA	2
"TGTAACGAGTGATAGT"	""	"ERX6700411"	"ERP132578"	"testis"	"Spermatocytes"	NA	NA	NA	"CL:0000017"	"spermatocyte"	"perfect match"	"SN253"	NA	5
"TGTAACGCACGTCGTG"	""	"ERX6700411"	"ERP132578"	"testis"	"Spermatocytes"	NA	NA	NA	"CL:0000017"	"spermatocyte"	"perfect match"	"SN253"	NA	5
"TGTAACGGTATACCCA"	""	"ERX6700411"	"ERP132578"	"testis"	"Round_spermatids"	NA	NA	NA	"CL:4030036"	"early spermatid"	"perfect match"	"SN253"	NA	2
"TGTAACGGTCTGCATA"	""	"ERX6700411"	"ERP132578"	"testis"	"Elongated_spermatids"	NA	NA	NA	"CL:4030037"	"late spermatid"	"perfect match"	"SN253"	NA	1
"TGTAACGGTGACACAG"	""	"ERX6700411"	"ERP132578"	"testis"	"Round_spermatids"	NA	NA	NA	"CL:4030036"	"early spermatid"	"perfect match"	"SN253"	NA	2
"TGTAACGGTGTGTCCG"	""	"ERX6700411"	"ERP132578"	"testis"	"Elongated_spermatids"	NA	NA	NA	"CL:4030037"	"late spermatid"	"perfect match"	"SN253"	NA	1
"TGTAACGTCGTAACCA"	""	"ERX6700411"	"ERP132578"	"testis"	"Round_spermatids"	NA	NA	NA	"CL:4030036"	"early spermatid"	"perfect match"	"SN253"	NA	2
"TGTAAGCGTCTCTCTG"	""	"ERX6700411"	"ERP132578"	"testis"	"Spermatocytes"	NA	NA	NA	"CL:0000017"	"spermatocyte"	"perfect match"	"SN253"	NA	5
"TGTAAGCGTTTGCAGT"	""	"ERX6700411"	"ERP132578"	"testis"	"Round_spermatids"	NA	NA	NA	"CL:4030036"	"early spermatid"	"perfect match"	"SN253"	NA	2
"TGTAAGCTCACCCTTG"	""	"ERX6700411"	"ERP132578"	"testis"	"Round_spermatids"	NA	NA	NA	"CL:4030036"	"early spermatid"	"perfect match"	"SN253"	NA	2
"TGTACAGCAGGCCTGT"	""	"ERX6700411"	"ERP132578"	"testis"	"Spermatocytes"	NA	NA	NA	"CL:0000017"	"spermatocyte"	"perfect match"	"SN253"	NA	5
"TGTAGACAGCCAAGCA"	""	"ERX6700411"	"ERP132578"	"testis"	"Elongated_spermatids"	NA	NA	NA	"CL:4030037"	"late spermatid"	"perfect match"	"SN253"	NA	1
"TGTAGACCATGATAGA"	""	"ERX6700411"	"ERP132578"	"testis"	"Round_spermatids"	NA	NA	NA	"CL:4030036"	"early spermatid"	"perfect match"	"SN253"	NA	2
"TGTCAGAAGGGATCAC"	""	"ERX6700411"	"ERP132578"	"testis"	"Round_spermatids"	NA	NA	NA	"CL:4030036"	"early spermatid"	"perfect match"	"SN253"	NA	2
"TGTCAGAAGTCAGGGT"	""	"ERX6700411"	"ERP132578"	"testis"	"Round_spermatids"	NA	NA	NA	"CL:4030036"	"early spermatid"	"perfect match"	"SN253"	NA	2
"TGTCAGACATGTTACG"	""	"ERX6700411"	"ERP132578"	"testis"	"Elongated_spermatids"	NA	NA	NA	"CL:4030037"	"late spermatid"	"perfect match"	"SN253"	NA	1
"TGTCAGATCAGGAAAT"	""	"ERX6700411"	"ERP132578"	"testis"	"Spermatocytes"	NA	NA	NA	"CL:0000017"	"spermatocyte"	"perfect match"	"SN253"	NA	5
"TGTCCACAGCGCCATC"	""	"ERX6700411"	"ERP132578"	"testis"	"Spermatocytes"	NA	NA	NA	"CL:0000017"	"spermatocyte"	"perfect match"	"SN253"	NA	5
"TGTCCACAGTTACGGG"	""	"ERX6700411"	"ERP132578"	"testis"	"Round_spermatids"	NA	NA	NA	"CL:4030036"	"early spermatid"	"perfect match"	"SN253"	NA	2
"TGTCCACCATCATTGG"	""	"ERX6700411"	"ERP132578"	"testis"	"Elongated_spermatids"	NA	NA	NA	"CL:4030037"	"late spermatid"	"perfect match"	"SN253"	NA	1
"TGTCCACGTCTGTCAA"	""	"ERX6700411"	"ERP132578"	"testis"	"Spermatogonia"	NA	NA	NA	"CL:0000020"	"spermatogonium"	"perfect match"	"SN253"	NA	4
"TGTCCCAAGACCATAA"	""	"ERX6700411"	"ERP132578"	"testis"	"Spermatocytes"	NA	NA	NA	"CL:0000017"	"spermatocyte"	"perfect match"	"SN253"	NA	5
"TGTCCCACAACGGGTA"	""	"ERX6700411"	"ERP132578"	"testis"	"Spermatocytes"	NA	NA	NA	"CL:0000017"	"spermatocyte"	"perfect match"	"SN253"	NA	5
"TGTCCCATCGGTCGGT"	""	"ERX6700411"	"ERP132578"	"testis"	"Round_spermatids"	NA	NA	NA	"CL:4030036"	"early spermatid"	"perfect match"	"SN253"	NA	2
"TGTCCCATCGTAACCA"	""	"ERX6700411"	"ERP132578"	"testis"	"Round_spermatids"	NA	NA	NA	"CL:4030036"	"early spermatid"	"perfect match"	"SN253"	NA	2
"TGTCCCATCTCGTCAC"	""	"ERX6700411"	"ERP132578"	"testis"	"Elongated_spermatids"	NA	NA	NA	"CL:4030037"	"late spermatid"	"perfect match"	"SN253"	NA	1
"TGTCCCATCTTGATTC"	""	"ERX6700411"	"ERP132578"	"testis"	"Spermatocytes"	NA	NA	NA	"CL:0000017"	"spermatocyte"	"perfect match"	"SN253"	NA	5
"TGTCCTGAGAGAACCC"	""	"ERX6700411"	"ERP132578"	"testis"	"Spermatogonia"	NA	NA	NA	"CL:0000020"	"spermatogonium"	"perfect match"	"SN253"	NA	4
"TGTCCTGAGATTGCGG"	""	"ERX6700411"	"ERP132578"	"testis"	"Round_spermatids"	NA	NA	NA	"CL:4030036"	"early spermatid"	"perfect match"	"SN253"	NA	2
"TGTCCTGAGTACAGAT"	""	"ERX6700411"	"ERP132578"	"testis"	"Elongated_spermatids"	NA	NA	NA	"CL:4030037"	"late spermatid"	"perfect match"	"SN253"	NA	1
"TGTCCTGCAACGATTC"	""	"ERX6700411"	"ERP132578"	"testis"	"Spermatogonia"	NA	NA	NA	"CL:0000020"	"spermatogonium"	"perfect match"	"SN253"	NA	4
"TGTCCTGCAAGTATAG"	""	"ERX6700411"	"ERP132578"	"testis"	"Round_spermatids"	NA	NA	NA	"CL:4030036"	"early spermatid"	"perfect match"	"SN253"	NA	2
"TGTCCTGCAGCCTATA"	""	"ERX6700411"	"ERP132578"	"testis"	"Round_spermatids"	NA	NA	NA	"CL:4030036"	"early spermatid"	"perfect match"	"SN253"	NA	2
"TGTCCTGTCATACGGT"	""	"ERX6700411"	"ERP132578"	"testis"	"Round_spermatids"	NA	NA	NA	"CL:4030036"	"early spermatid"	"perfect match"	"SN253"	NA	2
"TGTCCTGTCCCGTTGT"	""	"ERX6700411"	"ERP132578"	"testis"	"Round_spermatids"	NA	NA	NA	"CL:4030036"	"early spermatid"	"perfect match"	"SN253"	NA	2
"TGTCCTGTCCTTTGAT"	""	"ERX6700411"	"ERP132578"	"testis"	"Round_spermatids"	NA	NA	NA	"CL:4030036"	"early spermatid"	"perfect match"	"SN253"	NA	2
"TGTGAGTCAATTCTCT"	""	"ERX6700411"	"ERP132578"	"testis"	"Round_spermatids"	NA	NA	NA	"CL:4030036"	"early spermatid"	"perfect match"	"SN253"	NA	2
"TGTGAGTGTAACTTCG"	""	"ERX6700411"	"ERP132578"	"testis"	"Round_spermatids"	NA	NA	NA	"CL:4030036"	"early spermatid"	"perfect match"	"SN253"	NA	2
"TGTGAGTTCCGATCTC"	""	"ERX6700411"	"ERP132578"	"testis"	"Round_spermatids"	NA	NA	NA	"CL:4030036"	"early spermatid"	"perfect match"	"SN253"	NA	2
"TGTGATGAGCACTCCG"	""	"ERX6700411"	"ERP132578"	"testis"	"Spermatocytes"	NA	NA	NA	"CL:0000017"	"spermatocyte"	"perfect match"	"SN253"	NA	5
"TGTGATGGTGCAATGG"	""	"ERX6700411"	"ERP132578"	"testis"	"Elongated_spermatids"	NA	NA	NA	"CL:4030037"	"late spermatid"	"perfect match"	"SN253"	NA	1
"TGTGATGGTTGCTAGT"	""	"ERX6700411"	"ERP132578"	"testis"	"Round_spermatids"	NA	NA	NA	"CL:4030036"	"early spermatid"	"perfect match"	"SN253"	NA	2
"TGTGATGTCAGTCCGG"	""	"ERX6700411"	"ERP132578"	"testis"	"Round_spermatids"	NA	NA	NA	"CL:4030036"	"early spermatid"	"perfect match"	"SN253"	NA	2
"TGTGATGTCCCAACTC"	""	"ERX6700411"	"ERP132578"	"testis"	"Round_spermatids"	NA	NA	NA	"CL:4030036"	"early spermatid"	"perfect match"	"SN253"	NA	2
"TGTGGCGAGTTCGCAT"	""	"ERX6700411"	"ERP132578"	"testis"	"Round_spermatids"	NA	NA	NA	"CL:4030036"	"early spermatid"	"perfect match"	"SN253"	NA	2
"TGTGTGAAGAATCGCG"	""	"ERX6700411"	"ERP132578"	"testis"	"Round_spermatids"	NA	NA	NA	"CL:4030036"	"early spermatid"	"perfect match"	"SN253"	NA	2
"TGTGTGAAGTCTGTAC"	""	"ERX6700411"	"ERP132578"	"testis"	"Round_spermatids"	NA	NA	NA	"CL:4030036"	"early spermatid"	"perfect match"	"SN253"	NA	2
"TGTGTGAAGTGAGGTC"	""	"ERX6700411"	"ERP132578"	"testis"	"Elongated_spermatids"	NA	NA	NA	"CL:4030037"	"late spermatid"	"perfect match"	"SN253"	NA	1
"TGTGTGACAGGACAGT"	""	"ERX6700411"	"ERP132578"	"testis"	"Spermatogonia"	NA	NA	NA	"CL:0000020"	"spermatogonium"	"perfect match"	"SN253"	NA	4
"TGTGTGAGTTGTCTAG"	""	"ERX6700411"	"ERP132578"	"testis"	"Spermatocytes"	NA	NA	NA	"CL:0000017"	"spermatocyte"	"perfect match"	"SN253"	NA	5
"TGTTACTCATAGTCAC"	""	"ERX6700411"	"ERP132578"	"testis"	"Round_spermatids"	NA	NA	NA	"CL:4030036"	"early spermatid"	"perfect match"	"SN253"	NA	2
"TGTTACTTCCATTGCC"	""	"ERX6700411"	"ERP132578"	"testis"	"Round_spermatids"	NA	NA	NA	"CL:4030036"	"early spermatid"	"perfect match"	"SN253"	NA	2
"TGTTACTTCGAGTCTA"	""	"ERX6700411"	"ERP132578"	"testis"	"Round_spermatids"	NA	NA	NA	"CL:4030036"	"early spermatid"	"perfect match"	"SN253"	NA	2
"TGTTCATAGTTTGTCG"	""	"ERX6700411"	"ERP132578"	"testis"	"Round_spermatids"	NA	NA	NA	"CL:4030036"	"early spermatid"	"perfect match"	"SN253"	NA	2
"TGTTCATCAGAAATTG"	""	"ERX6700411"	"ERP132578"	"testis"	"Round_spermatids"	NA	NA	NA	"CL:4030036"	"early spermatid"	"perfect match"	"SN253"	NA	2
"TGTTCATCATGAGAAT"	""	"ERX6700411"	"ERP132578"	"testis"	"Round_spermatids"	NA	NA	NA	"CL:4030036"	"early spermatid"	"perfect match"	"SN253"	NA	2
"TGTTCATCATGGGCAA"	""	"ERX6700411"	"ERP132578"	"testis"	"Round_spermatids"	NA	NA	NA	"CL:4030036"	"early spermatid"	"perfect match"	"SN253"	NA	2
"TGTTCATGTCGCACAC"	""	"ERX6700411"	"ERP132578"	"testis"	"Round_spermatids"	NA	NA	NA	"CL:4030036"	"early spermatid"	"perfect match"	"SN253"	NA	2
"TGTTCATGTGCATTTG"	""	"ERX6700411"	"ERP132578"	"testis"	"Round_spermatids"	NA	NA	NA	"CL:4030036"	"early spermatid"	"perfect match"	"SN253"	NA	2
"TGTTCATGTGCCTGCA"	""	"ERX6700411"	"ERP132578"	"testis"	"Round_spermatids"	NA	NA	NA	"CL:4030036"	"early spermatid"	"perfect match"	"SN253"	NA	2
"TGTTCATGTTCAGTAC"	""	"ERX6700411"	"ERP132578"	"testis"	"Spermatocytes"	NA	NA	NA	"CL:0000017"	"spermatocyte"	"perfect match"	"SN253"	NA	5
"TGTTCATTCGATTCCC"	""	"ERX6700411"	"ERP132578"	"testis"	"Round_spermatids"	NA	NA	NA	"CL:4030036"	"early spermatid"	"perfect match"	"SN253"	NA	2
"TGTTCCGAGAAGGATG"	""	"ERX6700411"	"ERP132578"	"testis"	"Spermatocytes"	NA	NA	NA	"CL:0000017"	"spermatocyte"	"perfect match"	"SN253"	NA	5
"TGTTCCGAGAGTGAAG"	""	"ERX6700411"	"ERP132578"	"testis"	"Round_spermatids"	NA	NA	NA	"CL:4030036"	"early spermatid"	"perfect match"	"SN253"	NA	2
"TGTTCCGAGATTACCC"	""	"ERX6700411"	"ERP132578"	"testis"	"Spermatocytes"	NA	NA	NA	"CL:0000017"	"spermatocyte"	"perfect match"	"SN253"	NA	5
"TGTTCCGCAATTCGTG"	""	"ERX6700411"	"ERP132578"	"testis"	"Spermatogonia"	NA	NA	NA	"CL:0000020"	"spermatogonium"	"perfect match"	"SN253"	NA	4
"TGTTCCGGTAGGTCAG"	""	"ERX6700411"	"ERP132578"	"testis"	"Round_spermatids"	NA	NA	NA	"CL:4030036"	"early spermatid"	"perfect match"	"SN253"	NA	2
"TGTTCCGGTGAGTAAT"	""	"ERX6700411"	"ERP132578"	"testis"	"Spermatocytes"	NA	NA	NA	"CL:0000017"	"spermatocyte"	"perfect match"	"SN253"	NA	5
"TGTTCTAAGTCGAGGT"	""	"ERX6700411"	"ERP132578"	"testis"	"Spermatocytes"	NA	NA	NA	"CL:0000017"	"spermatocyte"	"perfect match"	"SN253"	NA	5
"TGTTCTAGTAATGATG"	""	"ERX6700411"	"ERP132578"	"testis"	"Round_spermatids"	NA	NA	NA	"CL:4030036"	"early spermatid"	"perfect match"	"SN253"	NA	2
"TGTTCTAGTAGCGTTT"	""	"ERX6700411"	"ERP132578"	"testis"	"Round_spermatids"	NA	NA	NA	"CL:4030036"	"early spermatid"	"perfect match"	"SN253"	NA	2
"TGTTCTAGTGTTATCG"	""	"ERX6700411"	"ERP132578"	"testis"	"Spermatogonia"	NA	NA	NA	"CL:0000020"	"spermatogonium"	"perfect match"	"SN253"	NA	4
"TGTTCTAGTTCAGCTA"	""	"ERX6700411"	"ERP132578"	"testis"	"Elongated_spermatids"	NA	NA	NA	"CL:4030037"	"late spermatid"	"perfect match"	"SN253"	NA	1
"TGTTCTATCGAATGCT"	""	"ERX6700411"	"ERP132578"	"testis"	"Round_spermatids"	NA	NA	NA	"CL:4030036"	"early spermatid"	"perfect match"	"SN253"	NA	2
"TGTTCTATCGTACCTC"	""	"ERX6700411"	"ERP132578"	"testis"	"Round_spermatids"	NA	NA	NA	"CL:4030036"	"early spermatid"	"perfect match"	"SN253"	NA	2
"TGTTGAGCACCCAATA"	""	"ERX6700411"	"ERP132578"	"testis"	"Spermatocytes"	NA	NA	NA	"CL:0000017"	"spermatocyte"	"perfect match"	"SN253"	NA	5
"TGTTGAGCAGGGTTGA"	""	"ERX6700411"	"ERP132578"	"testis"	"Spermatogonia"	NA	NA	NA	"CL:0000020"	"spermatogonium"	"perfect match"	"SN253"	NA	4
"TGTTGAGGTATCGAAA"	""	"ERX6700411"	"ERP132578"	"testis"	"Spermatocytes"	NA	NA	NA	"CL:0000017"	"spermatocyte"	"perfect match"	"SN253"	NA	5
"TGTTGAGGTGAACTAA"	""	"ERX6700411"	"ERP132578"	"testis"	"Spermatocytes"	NA	NA	NA	"CL:0000017"	"spermatocyte"	"perfect match"	"SN253"	NA	5
"TGTTGGAAGCCATTCA"	""	"ERX6700411"	"ERP132578"	"testis"	"Spermatocytes"	NA	NA	NA	"CL:0000017"	"spermatocyte"	"perfect match"	"SN253"	NA	5
"TGTTGGAAGCGACATG"	""	"ERX6700411"	"ERP132578"	"testis"	"Elongated_spermatids"	NA	NA	NA	"CL:4030037"	"late spermatid"	"perfect match"	"SN253"	NA	1
"TGTTGGAAGTAAGGGA"	""	"ERX6700411"	"ERP132578"	"testis"	"Elongated_spermatids"	NA	NA	NA	"CL:4030037"	"late spermatid"	"perfect match"	"SN253"	NA	1
"TGTTGGAAGTCTCTGA"	""	"ERX6700411"	"ERP132578"	"testis"	"Round_spermatids"	NA	NA	NA	"CL:4030036"	"early spermatid"	"perfect match"	"SN253"	NA	2
"TGTTTGTAGCGCCATC"	""	"ERX6700411"	"ERP132578"	"testis"	"Spermatogonia"	NA	NA	NA	"CL:0000020"	"spermatogonium"	"perfect match"	"SN253"	NA	4
"TGTTTGTAGGAAGAAC"	""	"ERX6700411"	"ERP132578"	"testis"	"Spermatogonia"	NA	NA	NA	"CL:0000020"	"spermatogonium"	"perfect match"	"SN253"	NA	4
"TGTTTGTCAAGGGTCA"	""	"ERX6700411"	"ERP132578"	"testis"	"Round_spermatids"	NA	NA	NA	"CL:4030036"	"early spermatid"	"perfect match"	"SN253"	NA	2
"TGTTTGTCATCCTTCG"	""	"ERX6700411"	"ERP132578"	"testis"	"Round_spermatids"	NA	NA	NA	"CL:4030036"	"early spermatid"	"perfect match"	"SN253"	NA	2
"TGTTTGTGTTCCACAA"	""	"ERX6700411"	"ERP132578"	"testis"	"Round_spermatids"	NA	NA	NA	"CL:4030036"	"early spermatid"	"perfect match"	"SN253"	NA	2
"TTAATCCAGTGGCCTC"	""	"ERX6700411"	"ERP132578"	"testis"	"Elongated_spermatids"	NA	NA	NA	"CL:4030037"	"late spermatid"	"perfect match"	"SN253"	NA	1
"TTAATCCGTAATCAAG"	""	"ERX6700411"	"ERP132578"	"testis"	"Round_spermatids"	NA	NA	NA	"CL:4030036"	"early spermatid"	"perfect match"	"SN253"	NA	2
"TTAATCCGTTCGGGTC"	""	"ERX6700411"	"ERP132578"	"testis"	"Elongated_spermatids"	NA	NA	NA	"CL:4030037"	"late spermatid"	"perfect match"	"SN253"	NA	1
"TTAATCCTCCTAAGTG"	""	"ERX6700411"	"ERP132578"	"testis"	"Round_spermatids"	NA	NA	NA	"CL:4030036"	"early spermatid"	"perfect match"	"SN253"	NA	2
"TTAATCCTCGGTATGT"	""	"ERX6700411"	"ERP132578"	"testis"	"Elongated_spermatids"	NA	NA	NA	"CL:4030037"	"late spermatid"	"perfect match"	"SN253"	NA	1
"TTACAGGAGTATCTGC"	""	"ERX6700411"	"ERP132578"	"testis"	"Round_spermatids"	NA	NA	NA	"CL:4030036"	"early spermatid"	"perfect match"	"SN253"	NA	2
"TTACAGGGTTATAGAG"	""	"ERX6700411"	"ERP132578"	"testis"	"Spermatocytes"	NA	NA	NA	"CL:0000017"	"spermatocyte"	"perfect match"	"SN253"	NA	5
"TTACAGGGTTTACGAC"	""	"ERX6700411"	"ERP132578"	"testis"	"Round_spermatids"	NA	NA	NA	"CL:4030036"	"early spermatid"	"perfect match"	"SN253"	NA	2
"TTACAGGTCAGCTCTC"	""	"ERX6700411"	"ERP132578"	"testis"	"Elongated_spermatids"	NA	NA	NA	"CL:4030037"	"late spermatid"	"perfect match"	"SN253"	NA	1
"TTACCATGTACTAACC"	""	"ERX6700411"	"ERP132578"	"testis"	"Elongated_spermatids"	NA	NA	NA	"CL:4030037"	"late spermatid"	"perfect match"	"SN253"	NA	1
"TTACCATGTTGCTCCT"	""	"ERX6700411"	"ERP132578"	"testis"	"Elongated_spermatids"	NA	NA	NA	"CL:4030037"	"late spermatid"	"perfect match"	"SN253"	NA	1
"TTACCATTCTATACGG"	""	"ERX6700411"	"ERP132578"	"testis"	"Spermatocytes"	NA	NA	NA	"CL:0000017"	"spermatocyte"	"perfect match"	"SN253"	NA	5
"TTACCGCAGATCCCAT"	""	"ERX6700411"	"ERP132578"	"testis"	"Spermatocytes"	NA	NA	NA	"CL:0000017"	"spermatocyte"	"perfect match"	"SN253"	NA	5
"TTACCGCAGCACTAAA"	""	"ERX6700411"	"ERP132578"	"testis"	"Spermatogonia"	NA	NA	NA	"CL:0000020"	"spermatogonium"	"perfect match"	"SN253"	NA	4
"TTACCGCAGGACATCG"	""	"ERX6700411"	"ERP132578"	"testis"	"Elongated_spermatids"	NA	NA	NA	"CL:4030037"	"late spermatid"	"perfect match"	"SN253"	NA	1
"TTACCGCAGGCATCAG"	""	"ERX6700411"	"ERP132578"	"testis"	"Elongated_spermatids"	NA	NA	NA	"CL:4030037"	"late spermatid"	"perfect match"	"SN253"	NA	1
"TTACCGCAGGGACTGT"	""	"ERX6700411"	"ERP132578"	"testis"	"Spermatocytes"	NA	NA	NA	"CL:0000017"	"spermatocyte"	"perfect match"	"SN253"	NA	5
"TTACCGCCAAAGGTTA"	""	"ERX6700411"	"ERP132578"	"testis"	"Elongated_spermatids"	NA	NA	NA	"CL:4030037"	"late spermatid"	"perfect match"	"SN253"	NA	1
"TTACCGCCACTACTTT"	""	"ERX6700411"	"ERP132578"	"testis"	"Round_spermatids"	NA	NA	NA	"CL:4030036"	"early spermatid"	"perfect match"	"SN253"	NA	2
"TTACCGCCAGTTGGTT"	""	"ERX6700411"	"ERP132578"	"testis"	"Spermatocytes"	NA	NA	NA	"CL:0000017"	"spermatocyte"	"perfect match"	"SN253"	NA	5
"TTACGCCAGGGATCAC"	""	"ERX6700411"	"ERP132578"	"testis"	"Round_spermatids"	NA	NA	NA	"CL:4030036"	"early spermatid"	"perfect match"	"SN253"	NA	2
"TTACGCCGTATACCCA"	""	"ERX6700411"	"ERP132578"	"testis"	"Other_somatic"	NA	NA	NA	"CL:0002371"	"somatic cell"	"perfect match"	"SN253"	NA	3
"TTACGCCTCGTGACTA"	""	"ERX6700411"	"ERP132578"	"testis"	"Spermatocytes"	NA	NA	NA	"CL:0000017"	"spermatocyte"	"perfect match"	"SN253"	NA	5
"TTACGTTAGCCGGAAT"	""	"ERX6700411"	"ERP132578"	"testis"	"Other_somatic"	NA	NA	NA	"CL:0002371"	"somatic cell"	"perfect match"	"SN253"	NA	3
"TTACGTTGTAGCACGA"	""	"ERX6700411"	"ERP132578"	"testis"	"Other_somatic"	NA	NA	NA	"CL:0002371"	"somatic cell"	"perfect match"	"SN253"	NA	3
"TTACGTTGTGTCGCTG"	""	"ERX6700411"	"ERP132578"	"testis"	"Round_spermatids"	NA	NA	NA	"CL:4030036"	"early spermatid"	"perfect match"	"SN253"	NA	2
"TTACTGTCAGTTGTTG"	""	"ERX6700411"	"ERP132578"	"testis"	"Elongated_spermatids"	NA	NA	NA	"CL:4030037"	"late spermatid"	"perfect match"	"SN253"	NA	1
"TTACTGTGTCTACTGA"	""	"ERX6700411"	"ERP132578"	"testis"	"Spermatogonia"	NA	NA	NA	"CL:0000020"	"spermatogonium"	"perfect match"	"SN253"	NA	4
"TTACTGTTCCAACTAG"	""	"ERX6700411"	"ERP132578"	"testis"	"Spermatocytes"	NA	NA	NA	"CL:0000017"	"spermatocyte"	"perfect match"	"SN253"	NA	5
"TTACTGTTCCTTCACG"	""	"ERX6700411"	"ERP132578"	"testis"	"Round_spermatids"	NA	NA	NA	"CL:4030036"	"early spermatid"	"perfect match"	"SN253"	NA	2
"TTAGGCACACGACTAT"	""	"ERX6700411"	"ERP132578"	"testis"	"Elongated_spermatids"	NA	NA	NA	"CL:4030037"	"late spermatid"	"perfect match"	"SN253"	NA	1
"TTAGGCAGTGCAAGAC"	""	"ERX6700411"	"ERP132578"	"testis"	"Spermatocytes"	NA	NA	NA	"CL:0000017"	"spermatocyte"	"perfect match"	"SN253"	NA	5
"TTAGGCAGTTGTCCCT"	""	"ERX6700411"	"ERP132578"	"testis"	"Spermatocytes"	NA	NA	NA	"CL:0000017"	"spermatocyte"	"perfect match"	"SN253"	NA	5
"TTAGGCATCAAGGTGG"	""	"ERX6700411"	"ERP132578"	"testis"	"Elongated_spermatids"	NA	NA	NA	"CL:4030037"	"late spermatid"	"perfect match"	"SN253"	NA	1
"TTAGGCATCCGTGGCA"	""	"ERX6700411"	"ERP132578"	"testis"	"Elongated_spermatids"	NA	NA	NA	"CL:4030037"	"late spermatid"	"perfect match"	"SN253"	NA	1
"TTAGGCATCGGCCCAA"	""	"ERX6700411"	"ERP132578"	"testis"	"Round_spermatids"	NA	NA	NA	"CL:4030036"	"early spermatid"	"perfect match"	"SN253"	NA	2
"TTAGGCATCGGTATGT"	""	"ERX6700411"	"ERP132578"	"testis"	"Round_spermatids"	NA	NA	NA	"CL:4030036"	"early spermatid"	"perfect match"	"SN253"	NA	2
"TTAGGGTAGGGTGAGG"	""	"ERX6700411"	"ERP132578"	"testis"	"Spermatogonia"	NA	NA	NA	"CL:0000020"	"spermatogonium"	"perfect match"	"SN253"	NA	4
"TTAGGGTCACGTTGGC"	""	"ERX6700411"	"ERP132578"	"testis"	"Elongated_spermatids"	NA	NA	NA	"CL:4030037"	"late spermatid"	"perfect match"	"SN253"	NA	1
"TTAGGGTCAGACCAAG"	""	"ERX6700411"	"ERP132578"	"testis"	"Round_spermatids"	NA	NA	NA	"CL:4030036"	"early spermatid"	"perfect match"	"SN253"	NA	2
"TTAGGGTCAGTCGTTA"	""	"ERX6700411"	"ERP132578"	"testis"	"Round_spermatids"	NA	NA	NA	"CL:4030036"	"early spermatid"	"perfect match"	"SN253"	NA	2
"TTAGTCTGTCCGTTTC"	""	"ERX6700411"	"ERP132578"	"testis"	"Spermatocytes"	NA	NA	NA	"CL:0000017"	"spermatocyte"	"perfect match"	"SN253"	NA	5
"TTAGTCTTCTGCTAGA"	""	"ERX6700411"	"ERP132578"	"testis"	"Spermatogonia"	NA	NA	NA	"CL:0000020"	"spermatogonium"	"perfect match"	"SN253"	NA	4
"TTATTGCAGGTCCCGT"	""	"ERX6700411"	"ERP132578"	"testis"	"Spermatocytes"	NA	NA	NA	"CL:0000017"	"spermatocyte"	"perfect match"	"SN253"	NA	5
"TTATTGCTCATGCAGT"	""	"ERX6700411"	"ERP132578"	"testis"	"Spermatogonia"	NA	NA	NA	"CL:0000020"	"spermatogonium"	"perfect match"	"SN253"	NA	4
"TTATTGCTCCAATGCA"	""	"ERX6700411"	"ERP132578"	"testis"	"Spermatocytes"	NA	NA	NA	"CL:0000017"	"spermatocyte"	"perfect match"	"SN253"	NA	5
"TTATTGCTCGTAATGC"	""	"ERX6700411"	"ERP132578"	"testis"	"Spermatocytes"	NA	NA	NA	"CL:0000017"	"spermatocyte"	"perfect match"	"SN253"	NA	5
"TTCAATCAGTACGTCT"	""	"ERX6700411"	"ERP132578"	"testis"	"Round_spermatids"	NA	NA	NA	"CL:4030036"	"early spermatid"	"perfect match"	"SN253"	NA	2
"TTCAATCCAGTCTGGC"	""	"ERX6700411"	"ERP132578"	"testis"	"Elongated_spermatids"	NA	NA	NA	"CL:4030037"	"late spermatid"	"perfect match"	"SN253"	NA	1
"TTCAATCCATCTTTCA"	""	"ERX6700411"	"ERP132578"	"testis"	"Spermatocytes"	NA	NA	NA	"CL:0000017"	"spermatocyte"	"perfect match"	"SN253"	NA	5
"TTCAATCTCGTAACAC"	""	"ERX6700411"	"ERP132578"	"testis"	"Spermatogonia"	NA	NA	NA	"CL:0000020"	"spermatogonium"	"perfect match"	"SN253"	NA	4
"TTCACCGAGTGCCAGA"	""	"ERX6700411"	"ERP132578"	"testis"	"Round_spermatids"	NA	NA	NA	"CL:4030036"	"early spermatid"	"perfect match"	"SN253"	NA	2
"TTCACCGCAAGGTCGA"	""	"ERX6700411"	"ERP132578"	"testis"	"Elongated_spermatids"	NA	NA	NA	"CL:4030037"	"late spermatid"	"perfect match"	"SN253"	NA	1
"TTCACCGTCCCAACTC"	""	"ERX6700411"	"ERP132578"	"testis"	"Elongated_spermatids"	NA	NA	NA	"CL:4030037"	"late spermatid"	"perfect match"	"SN253"	NA	1
"TTCACGCCAAGGCTTT"	""	"ERX6700411"	"ERP132578"	"testis"	"Spermatocytes"	NA	NA	NA	"CL:0000017"	"spermatocyte"	"perfect match"	"SN253"	NA	5
"TTCACGCCACCCTGTT"	""	"ERX6700411"	"ERP132578"	"testis"	"Round_spermatids"	NA	NA	NA	"CL:4030036"	"early spermatid"	"perfect match"	"SN253"	NA	2
"TTCACGCCAGAACGCA"	""	"ERX6700411"	"ERP132578"	"testis"	"Round_spermatids"	NA	NA	NA	"CL:4030036"	"early spermatid"	"perfect match"	"SN253"	NA	2
"TTCACGCGTTAGAAAC"	""	"ERX6700411"	"ERP132578"	"testis"	"Round_spermatids"	NA	NA	NA	"CL:4030036"	"early spermatid"	"perfect match"	"SN253"	NA	2
"TTCACGCTCCGGTAGC"	""	"ERX6700411"	"ERP132578"	"testis"	"Round_spermatids"	NA	NA	NA	"CL:4030036"	"early spermatid"	"perfect match"	"SN253"	NA	2
"TTCACGCTCTTTACAC"	""	"ERX6700411"	"ERP132578"	"testis"	"Round_spermatids"	NA	NA	NA	"CL:4030036"	"early spermatid"	"perfect match"	"SN253"	NA	2
"TTCAGGAAGCATGCAG"	""	"ERX6700411"	"ERP132578"	"testis"	"Round_spermatids"	NA	NA	NA	"CL:4030036"	"early spermatid"	"perfect match"	"SN253"	NA	2
"TTCAGGAAGGATGCGT"	""	"ERX6700411"	"ERP132578"	"testis"	"Round_spermatids"	NA	NA	NA	"CL:4030036"	"early spermatid"	"perfect match"	"SN253"	NA	2
"TTCAGGAAGGTTACAA"	""	"ERX6700411"	"ERP132578"	"testis"	"Spermatocytes"	NA	NA	NA	"CL:0000017"	"spermatocyte"	"perfect match"	"SN253"	NA	5
"TTCAGGACACACCTTC"	""	"ERX6700411"	"ERP132578"	"testis"	"Round_spermatids"	NA	NA	NA	"CL:4030036"	"early spermatid"	"perfect match"	"SN253"	NA	2
"TTCAGGATCGAACACT"	""	"ERX6700411"	"ERP132578"	"testis"	"Elongated_spermatids"	NA	NA	NA	"CL:4030037"	"late spermatid"	"perfect match"	"SN253"	NA	1
"TTCATGTGTGAATGTA"	""	"ERX6700411"	"ERP132578"	"testis"	"Round_spermatids"	NA	NA	NA	"CL:4030036"	"early spermatid"	"perfect match"	"SN253"	NA	2
"TTCATGTTCCATCTCG"	""	"ERX6700411"	"ERP132578"	"testis"	"Round_spermatids"	NA	NA	NA	"CL:4030036"	"early spermatid"	"perfect match"	"SN253"	NA	2
"TTCATTGAGGTTGGTG"	""	"ERX6700411"	"ERP132578"	"testis"	"Spermatocytes"	NA	NA	NA	"CL:0000017"	"spermatocyte"	"perfect match"	"SN253"	NA	5
"TTCATTGAGTTGCGAG"	""	"ERX6700411"	"ERP132578"	"testis"	"Elongated_spermatids"	NA	NA	NA	"CL:4030037"	"late spermatid"	"perfect match"	"SN253"	NA	1
"TTCATTGGTGAGAACC"	""	"ERX6700411"	"ERP132578"	"testis"	"Spermatogonia"	NA	NA	NA	"CL:0000020"	"spermatogonium"	"perfect match"	"SN253"	NA	4
"TTCCAATAGTAGACCG"	""	"ERX6700411"	"ERP132578"	"testis"	"Elongated_spermatids"	NA	NA	NA	"CL:4030037"	"late spermatid"	"perfect match"	"SN253"	NA	1
"TTCCAATCAACCTATG"	""	"ERX6700411"	"ERP132578"	"testis"	"Elongated_spermatids"	NA	NA	NA	"CL:4030037"	"late spermatid"	"perfect match"	"SN253"	NA	1
"TTCCAATCACGTACTA"	""	"ERX6700411"	"ERP132578"	"testis"	"Elongated_spermatids"	NA	NA	NA	"CL:4030037"	"late spermatid"	"perfect match"	"SN253"	NA	1
"TTCCACGAGCCAGAGT"	""	"ERX6700411"	"ERP132578"	"testis"	"Elongated_spermatids"	NA	NA	NA	"CL:4030037"	"late spermatid"	"perfect match"	"SN253"	NA	1
"TTCCACGAGGGCCTCT"	""	"ERX6700411"	"ERP132578"	"testis"	"Elongated_spermatids"	NA	NA	NA	"CL:4030037"	"late spermatid"	"perfect match"	"SN253"	NA	1
"TTCCGGTAGACGCCCT"	""	"ERX6700411"	"ERP132578"	"testis"	"Round_spermatids"	NA	NA	NA	"CL:4030036"	"early spermatid"	"perfect match"	"SN253"	NA	2
"TTCCGGTAGGCACAAC"	""	"ERX6700411"	"ERP132578"	"testis"	"Round_spermatids"	NA	NA	NA	"CL:4030036"	"early spermatid"	"perfect match"	"SN253"	NA	2
"TTCCGGTCACAAATGA"	""	"ERX6700411"	"ERP132578"	"testis"	"Round_spermatids"	NA	NA	NA	"CL:4030036"	"early spermatid"	"perfect match"	"SN253"	NA	2
"TTCCGGTCACATCATG"	""	"ERX6700411"	"ERP132578"	"testis"	"Round_spermatids"	NA	NA	NA	"CL:4030036"	"early spermatid"	"perfect match"	"SN253"	NA	2
"TTCCGGTCAGCTCCTT"	""	"ERX6700411"	"ERP132578"	"testis"	"Round_spermatids"	NA	NA	NA	"CL:4030036"	"early spermatid"	"perfect match"	"SN253"	NA	2
"TTCCGGTGTAATGCTC"	""	"ERX6700411"	"ERP132578"	"testis"	"Round_spermatids"	NA	NA	NA	"CL:4030036"	"early spermatid"	"perfect match"	"SN253"	NA	2
"TTCCGGTGTCAAGGCA"	""	"ERX6700411"	"ERP132578"	"testis"	"Round_spermatids"	NA	NA	NA	"CL:4030036"	"early spermatid"	"perfect match"	"SN253"	NA	2
"TTCCGGTTCCAGCCTT"	""	"ERX6700411"	"ERP132578"	"testis"	"Round_spermatids"	NA	NA	NA	"CL:4030036"	"early spermatid"	"perfect match"	"SN253"	NA	2
"TTCCGGTTCCTACAAG"	""	"ERX6700411"	"ERP132578"	"testis"	"Spermatocytes"	NA	NA	NA	"CL:0000017"	"spermatocyte"	"perfect match"	"SN253"	NA	5
"TTCCGTGCAGATTTCG"	""	"ERX6700411"	"ERP132578"	"testis"	"Round_spermatids"	NA	NA	NA	"CL:4030036"	"early spermatid"	"perfect match"	"SN253"	NA	2
"TTCCGTGGTGATGAAT"	""	"ERX6700411"	"ERP132578"	"testis"	"Round_spermatids"	NA	NA	NA	"CL:4030036"	"early spermatid"	"perfect match"	"SN253"	NA	2
"TTCCGTGTCAAGGAGC"	""	"ERX6700411"	"ERP132578"	"testis"	"Round_spermatids"	NA	NA	NA	"CL:4030036"	"early spermatid"	"perfect match"	"SN253"	NA	2
"TTCCGTGTCGTAGGAG"	""	"ERX6700411"	"ERP132578"	"testis"	"Round_spermatids"	NA	NA	NA	"CL:4030036"	"early spermatid"	"perfect match"	"SN253"	NA	2
"TTCCTAAAGCCTGCCA"	""	"ERX6700411"	"ERP132578"	"testis"	"Round_spermatids"	NA	NA	NA	"CL:4030036"	"early spermatid"	"perfect match"	"SN253"	NA	2
"TTCCTAACAGACCAAG"	""	"ERX6700411"	"ERP132578"	"testis"	"Elongated_spermatids"	NA	NA	NA	"CL:4030037"	"late spermatid"	"perfect match"	"SN253"	NA	1
"TTCCTAACAGTGGGTA"	""	"ERX6700411"	"ERP132578"	"testis"	"Round_spermatids"	NA	NA	NA	"CL:4030036"	"early spermatid"	"perfect match"	"SN253"	NA	2
"TTCCTAAGTCACGTGC"	""	"ERX6700411"	"ERP132578"	"testis"	"Round_spermatids"	NA	NA	NA	"CL:4030036"	"early spermatid"	"perfect match"	"SN253"	NA	2
"TTCCTAAGTGTGGACA"	""	"ERX6700411"	"ERP132578"	"testis"	"Elongated_spermatids"	NA	NA	NA	"CL:4030037"	"late spermatid"	"perfect match"	"SN253"	NA	1
"TTCCTAATCAACACCA"	""	"ERX6700411"	"ERP132578"	"testis"	"Elongated_spermatids"	NA	NA	NA	"CL:4030037"	"late spermatid"	"perfect match"	"SN253"	NA	1
"TTCCTAATCGCAGTGC"	""	"ERX6700411"	"ERP132578"	"testis"	"Round_spermatids"	NA	NA	NA	"CL:4030036"	"early spermatid"	"perfect match"	"SN253"	NA	2
"TTCCTCTGTCTTACTT"	""	"ERX6700411"	"ERP132578"	"testis"	"Spermatocytes"	NA	NA	NA	"CL:0000017"	"spermatocyte"	"perfect match"	"SN253"	NA	5
"TTCCTCTTCGCATTAG"	""	"ERX6700411"	"ERP132578"	"testis"	"Round_spermatids"	NA	NA	NA	"CL:4030036"	"early spermatid"	"perfect match"	"SN253"	NA	2
"TTCCTTCAGGCCTGAA"	""	"ERX6700411"	"ERP132578"	"testis"	"Round_spermatids"	NA	NA	NA	"CL:4030036"	"early spermatid"	"perfect match"	"SN253"	NA	2
"TTCCTTCCAAGTTGGG"	""	"ERX6700411"	"ERP132578"	"testis"	"Spermatocytes"	NA	NA	NA	"CL:0000017"	"spermatocyte"	"perfect match"	"SN253"	NA	5
"TTCCTTCTCTCTCGCA"	""	"ERX6700411"	"ERP132578"	"testis"	"Elongated_spermatids"	NA	NA	NA	"CL:4030037"	"late spermatid"	"perfect match"	"SN253"	NA	1
"TTCGATTCATCCTATT"	""	"ERX6700411"	"ERP132578"	"testis"	"Round_spermatids"	NA	NA	NA	"CL:4030036"	"early spermatid"	"perfect match"	"SN253"	NA	2
"TTCGATTTCTCTGGTC"	""	"ERX6700411"	"ERP132578"	"testis"	"Round_spermatids"	NA	NA	NA	"CL:4030036"	"early spermatid"	"perfect match"	"SN253"	NA	2
"TTCGATTTCTGAGGTT"	""	"ERX6700411"	"ERP132578"	"testis"	"Round_spermatids"	NA	NA	NA	"CL:4030036"	"early spermatid"	"perfect match"	"SN253"	NA	2
"TTCGCTGAGGCCTTCG"	""	"ERX6700411"	"ERP132578"	"testis"	"Round_spermatids"	NA	NA	NA	"CL:4030036"	"early spermatid"	"perfect match"	"SN253"	NA	2
"TTCGCTGAGTGCCAGA"	""	"ERX6700411"	"ERP132578"	"testis"	"Elongated_spermatids"	NA	NA	NA	"CL:4030037"	"late spermatid"	"perfect match"	"SN253"	NA	1
"TTCGCTGCAGCAGTCC"	""	"ERX6700411"	"ERP132578"	"testis"	"Spermatocytes"	NA	NA	NA	"CL:0000017"	"spermatocyte"	"perfect match"	"SN253"	NA	5
"TTCGCTGCAGTGACCC"	""	"ERX6700411"	"ERP132578"	"testis"	"Spermatocytes"	NA	NA	NA	"CL:0000017"	"spermatocyte"	"perfect match"	"SN253"	NA	5
"TTCGCTGGTGGCACTC"	""	"ERX6700411"	"ERP132578"	"testis"	"Round_spermatids"	NA	NA	NA	"CL:4030036"	"early spermatid"	"perfect match"	"SN253"	NA	2
"TTCGGTCAGAACTCCT"	""	"ERX6700411"	"ERP132578"	"testis"	"Other_somatic"	NA	NA	NA	"CL:0002371"	"somatic cell"	"perfect match"	"SN253"	NA	3
"TTCGGTCAGCTTCATG"	""	"ERX6700411"	"ERP132578"	"testis"	"Round_spermatids"	NA	NA	NA	"CL:4030036"	"early spermatid"	"perfect match"	"SN253"	NA	2
"TTCGGTCCACCCTATC"	""	"ERX6700411"	"ERP132578"	"testis"	"Spermatogonia"	NA	NA	NA	"CL:0000020"	"spermatogonium"	"perfect match"	"SN253"	NA	4
"TTCGGTCGTTTGGAAA"	""	"ERX6700411"	"ERP132578"	"testis"	"Spermatocytes"	NA	NA	NA	"CL:0000017"	"spermatocyte"	"perfect match"	"SN253"	NA	5
"TTCGGTCTCGATTGGT"	""	"ERX6700411"	"ERP132578"	"testis"	"Round_spermatids"	NA	NA	NA	"CL:4030036"	"early spermatid"	"perfect match"	"SN253"	NA	2
"TTCTAACAGAGAGCGG"	""	"ERX6700411"	"ERP132578"	"testis"	"Round_spermatids"	NA	NA	NA	"CL:4030036"	"early spermatid"	"perfect match"	"SN253"	NA	2
"TTCTAACAGGCTCTCG"	""	"ERX6700411"	"ERP132578"	"testis"	"Round_spermatids"	NA	NA	NA	"CL:4030036"	"early spermatid"	"perfect match"	"SN253"	NA	2
"TTCTAACCACGGTAGA"	""	"ERX6700411"	"ERP132578"	"testis"	"Spermatocytes"	NA	NA	NA	"CL:0000017"	"spermatocyte"	"perfect match"	"SN253"	NA	5
"TTCTAACCATCAGCGC"	""	"ERX6700411"	"ERP132578"	"testis"	"Spermatogonia"	NA	NA	NA	"CL:0000020"	"spermatogonium"	"perfect match"	"SN253"	NA	4
"TTCTAACGTAGATCGG"	""	"ERX6700411"	"ERP132578"	"testis"	"Round_spermatids"	NA	NA	NA	"CL:4030036"	"early spermatid"	"perfect match"	"SN253"	NA	2
"TTCTAACGTAGCGTAG"	""	"ERX6700411"	"ERP132578"	"testis"	"Elongated_spermatids"	NA	NA	NA	"CL:4030037"	"late spermatid"	"perfect match"	"SN253"	NA	1
"TTCTAACGTCTTTCAT"	""	"ERX6700411"	"ERP132578"	"testis"	"Round_spermatids"	NA	NA	NA	"CL:4030036"	"early spermatid"	"perfect match"	"SN253"	NA	2
"TTCTAACTCCTTATGT"	""	"ERX6700411"	"ERP132578"	"testis"	"Spermatocytes"	NA	NA	NA	"CL:0000017"	"spermatocyte"	"perfect match"	"SN253"	NA	5
"TTCTAGTAGTGAACAT"	""	"ERX6700411"	"ERP132578"	"testis"	"Round_spermatids"	NA	NA	NA	"CL:4030036"	"early spermatid"	"perfect match"	"SN253"	NA	2
"TTCTAGTGTCCTCAGG"	""	"ERX6700411"	"ERP132578"	"testis"	"Round_spermatids"	NA	NA	NA	"CL:4030036"	"early spermatid"	"perfect match"	"SN253"	NA	2
"TTCTAGTGTCGAGATG"	""	"ERX6700411"	"ERP132578"	"testis"	"Round_spermatids"	NA	NA	NA	"CL:4030036"	"early spermatid"	"perfect match"	"SN253"	NA	2
"TTCTAGTGTCGTACAT"	""	"ERX6700411"	"ERP132578"	"testis"	"Round_spermatids"	NA	NA	NA	"CL:4030036"	"early spermatid"	"perfect match"	"SN253"	NA	2
"TTCTAGTTCAGACAAA"	""	"ERX6700411"	"ERP132578"	"testis"	"Spermatogonia"	NA	NA	NA	"CL:0000020"	"spermatogonium"	"perfect match"	"SN253"	NA	4
"TTCTCTCCACAGCCTG"	""	"ERX6700411"	"ERP132578"	"testis"	"Spermatocytes"	NA	NA	NA	"CL:0000017"	"spermatocyte"	"perfect match"	"SN253"	NA	5
"TTCTCTCGTGCGGATA"	""	"ERX6700411"	"ERP132578"	"testis"	"Elongated_spermatids"	NA	NA	NA	"CL:4030037"	"late spermatid"	"perfect match"	"SN253"	NA	1
"TTCTGTAAGTAGAGTT"	""	"ERX6700411"	"ERP132578"	"testis"	"Round_spermatids"	NA	NA	NA	"CL:4030036"	"early spermatid"	"perfect match"	"SN253"	NA	2
"TTCTGTAAGTTTGGCT"	""	"ERX6700411"	"ERP132578"	"testis"	"Spermatocytes"	NA	NA	NA	"CL:0000017"	"spermatocyte"	"perfect match"	"SN253"	NA	5
"TTCTGTAGTGAGTAAT"	""	"ERX6700411"	"ERP132578"	"testis"	"Spermatocytes"	NA	NA	NA	"CL:0000017"	"spermatocyte"	"perfect match"	"SN253"	NA	5
"TTCTTCCAGGATATGT"	""	"ERX6700411"	"ERP132578"	"testis"	"Spermatocytes"	NA	NA	NA	"CL:0000017"	"spermatocyte"	"perfect match"	"SN253"	NA	5
"TTCTTCCGTGATAGAT"	""	"ERX6700411"	"ERP132578"	"testis"	"Round_spermatids"	NA	NA	NA	"CL:4030036"	"early spermatid"	"perfect match"	"SN253"	NA	2
"TTCTTCCGTGTTATCG"	""	"ERX6700411"	"ERP132578"	"testis"	"Round_spermatids"	NA	NA	NA	"CL:4030036"	"early spermatid"	"perfect match"	"SN253"	NA	2
"TTCTTCCTCTCTTAAC"	""	"ERX6700411"	"ERP132578"	"testis"	"Elongated_spermatids"	NA	NA	NA	"CL:4030037"	"late spermatid"	"perfect match"	"SN253"	NA	1
"TTCTTGAAGTCTGGTT"	""	"ERX6700411"	"ERP132578"	"testis"	"Elongated_spermatids"	NA	NA	NA	"CL:4030037"	"late spermatid"	"perfect match"	"SN253"	NA	1
"TTGAACGCACAAATGA"	""	"ERX6700411"	"ERP132578"	"testis"	"Round_spermatids"	NA	NA	NA	"CL:4030036"	"early spermatid"	"perfect match"	"SN253"	NA	2
"TTGAACGGTCTTGTCC"	""	"ERX6700411"	"ERP132578"	"testis"	"Round_spermatids"	NA	NA	NA	"CL:4030036"	"early spermatid"	"perfect match"	"SN253"	NA	2
"TTGAACGGTTTCTATC"	""	"ERX6700411"	"ERP132578"	"testis"	"Spermatocytes"	NA	NA	NA	"CL:0000017"	"spermatocyte"	"perfect match"	"SN253"	NA	5
"TTGACCCAGGAGACCT"	""	"ERX6700411"	"ERP132578"	"testis"	"Elongated_spermatids"	NA	NA	NA	"CL:4030037"	"late spermatid"	"perfect match"	"SN253"	NA	1
"TTGACCCAGGTTGGAC"	""	"ERX6700411"	"ERP132578"	"testis"	"Round_spermatids"	NA	NA	NA	"CL:4030036"	"early spermatid"	"perfect match"	"SN253"	NA	2
"TTGACCCAGTGATAAC"	""	"ERX6700411"	"ERP132578"	"testis"	"Elongated_spermatids"	NA	NA	NA	"CL:4030037"	"late spermatid"	"perfect match"	"SN253"	NA	1
"TTGACCCTCCCTTTGG"	""	"ERX6700411"	"ERP132578"	"testis"	"Round_spermatids"	NA	NA	NA	"CL:4030036"	"early spermatid"	"perfect match"	"SN253"	NA	2
"TTGAGTGAGATGGTCG"	""	"ERX6700411"	"ERP132578"	"testis"	"Round_spermatids"	NA	NA	NA	"CL:4030036"	"early spermatid"	"perfect match"	"SN253"	NA	2
"TTGAGTGAGTAGCCAG"	""	"ERX6700411"	"ERP132578"	"testis"	"Spermatocytes"	NA	NA	NA	"CL:0000017"	"spermatocyte"	"perfect match"	"SN253"	NA	5
"TTGAGTGCAGTCAGTT"	""	"ERX6700411"	"ERP132578"	"testis"	"Elongated_spermatids"	NA	NA	NA	"CL:4030037"	"late spermatid"	"perfect match"	"SN253"	NA	1
"TTGAGTGGTGCAACGA"	""	"ERX6700411"	"ERP132578"	"testis"	"Round_spermatids"	NA	NA	NA	"CL:4030036"	"early spermatid"	"perfect match"	"SN253"	NA	2
"TTGAGTGGTTATCCAG"	""	"ERX6700411"	"ERP132578"	"testis"	"Round_spermatids"	NA	NA	NA	"CL:4030036"	"early spermatid"	"perfect match"	"SN253"	NA	2
"TTGATGGAGATGCTAA"	""	"ERX6700411"	"ERP132578"	"testis"	"Spermatocytes"	NA	NA	NA	"CL:0000017"	"spermatocyte"	"perfect match"	"SN253"	NA	5
"TTGATGGGTCCGCAGT"	""	"ERX6700411"	"ERP132578"	"testis"	"Round_spermatids"	NA	NA	NA	"CL:4030036"	"early spermatid"	"perfect match"	"SN253"	NA	2
"TTGATGGTCGTGGTAT"	""	"ERX6700411"	"ERP132578"	"testis"	"Round_spermatids"	NA	NA	NA	"CL:4030036"	"early spermatid"	"perfect match"	"SN253"	NA	2
"TTGCATTCACTTCTCG"	""	"ERX6700411"	"ERP132578"	"testis"	"Elongated_spermatids"	NA	NA	NA	"CL:4030037"	"late spermatid"	"perfect match"	"SN253"	NA	1
"TTGCATTCAGGCGAAT"	""	"ERX6700411"	"ERP132578"	"testis"	"Round_spermatids"	NA	NA	NA	"CL:4030036"	"early spermatid"	"perfect match"	"SN253"	NA	2
"TTGCATTGTGTTTGCA"	""	"ERX6700411"	"ERP132578"	"testis"	"Spermatocytes"	NA	NA	NA	"CL:0000017"	"spermatocyte"	"perfect match"	"SN253"	NA	5
"TTGCATTGTTCGTAAC"	""	"ERX6700411"	"ERP132578"	"testis"	"Round_spermatids"	NA	NA	NA	"CL:4030036"	"early spermatid"	"perfect match"	"SN253"	NA	2
"TTGCATTTCCAAATGC"	""	"ERX6700411"	"ERP132578"	"testis"	"Spermatogonia"	NA	NA	NA	"CL:0000020"	"spermatogonium"	"perfect match"	"SN253"	NA	4
"TTGCATTTCTGTAAGC"	""	"ERX6700411"	"ERP132578"	"testis"	"Spermatocytes"	NA	NA	NA	"CL:0000017"	"spermatocyte"	"perfect match"	"SN253"	NA	5
"TTGCCTGGTACTCGTA"	""	"ERX6700411"	"ERP132578"	"testis"	"Spermatogonia"	NA	NA	NA	"CL:0000020"	"spermatogonium"	"perfect match"	"SN253"	NA	4
"TTGCTGCCAACCACAT"	""	"ERX6700411"	"ERP132578"	"testis"	"Round_spermatids"	NA	NA	NA	"CL:4030036"	"early spermatid"	"perfect match"	"SN253"	NA	2
"TTGCTGCCAAGACGAC"	""	"ERX6700411"	"ERP132578"	"testis"	"Round_spermatids"	NA	NA	NA	"CL:4030036"	"early spermatid"	"perfect match"	"SN253"	NA	2
"TTGCTGCCACCTCGTT"	""	"ERX6700411"	"ERP132578"	"testis"	"Spermatocytes"	NA	NA	NA	"CL:0000017"	"spermatocyte"	"perfect match"	"SN253"	NA	5
"TTGCTGCTCAGCTGTA"	""	"ERX6700411"	"ERP132578"	"testis"	"Round_spermatids"	NA	NA	NA	"CL:4030036"	"early spermatid"	"perfect match"	"SN253"	NA	2
"TTGGATGCAACGTATC"	""	"ERX6700411"	"ERP132578"	"testis"	"Round_spermatids"	NA	NA	NA	"CL:4030036"	"early spermatid"	"perfect match"	"SN253"	NA	2
"TTGGATGCACATATCG"	""	"ERX6700411"	"ERP132578"	"testis"	"Round_spermatids"	NA	NA	NA	"CL:4030036"	"early spermatid"	"perfect match"	"SN253"	NA	2
"TTGGATGTCAGGCGAA"	""	"ERX6700411"	"ERP132578"	"testis"	"Round_spermatids"	NA	NA	NA	"CL:4030036"	"early spermatid"	"perfect match"	"SN253"	NA	2
"TTGGATGTCATTTCCA"	""	"ERX6700411"	"ERP132578"	"testis"	"Spermatocytes"	NA	NA	NA	"CL:0000017"	"spermatocyte"	"perfect match"	"SN253"	NA	5
"TTGGATGTCTCCCAAC"	""	"ERX6700411"	"ERP132578"	"testis"	"Spermatocytes"	NA	NA	NA	"CL:0000017"	"spermatocyte"	"perfect match"	"SN253"	NA	5
"TTGGGATCAACCCTAA"	""	"ERX6700411"	"ERP132578"	"testis"	"Round_spermatids"	NA	NA	NA	"CL:4030036"	"early spermatid"	"perfect match"	"SN253"	NA	2
"TTGGGATTCCTTATGT"	""	"ERX6700411"	"ERP132578"	"testis"	"Elongated_spermatids"	NA	NA	NA	"CL:4030037"	"late spermatid"	"perfect match"	"SN253"	NA	1
"TTGGGCGAGTAGACAT"	""	"ERX6700411"	"ERP132578"	"testis"	"Round_spermatids"	NA	NA	NA	"CL:4030036"	"early spermatid"	"perfect match"	"SN253"	NA	2
"TTGGGCGCAACAAGAT"	""	"ERX6700411"	"ERP132578"	"testis"	"Elongated_spermatids"	NA	NA	NA	"CL:4030037"	"late spermatid"	"perfect match"	"SN253"	NA	1
"TTGGGCGCACACGGTC"	""	"ERX6700411"	"ERP132578"	"testis"	"Spermatocytes"	NA	NA	NA	"CL:0000017"	"spermatocyte"	"perfect match"	"SN253"	NA	5
"TTGGGCGCACTAAACC"	""	"ERX6700411"	"ERP132578"	"testis"	"Round_spermatids"	NA	NA	NA	"CL:4030036"	"early spermatid"	"perfect match"	"SN253"	NA	2
"TTGGGCGCAGATTCGT"	""	"ERX6700411"	"ERP132578"	"testis"	"Spermatocytes"	NA	NA	NA	"CL:0000017"	"spermatocyte"	"perfect match"	"SN253"	NA	5
"TTGGGCGGTAGGCTGA"	""	"ERX6700411"	"ERP132578"	"testis"	"Spermatocytes"	NA	NA	NA	"CL:0000017"	"spermatocyte"	"perfect match"	"SN253"	NA	5
"TTGGGCGTCACGAACT"	""	"ERX6700411"	"ERP132578"	"testis"	"Round_spermatids"	NA	NA	NA	"CL:4030036"	"early spermatid"	"perfect match"	"SN253"	NA	2
"TTGGGCGTCAGAACCT"	""	"ERX6700411"	"ERP132578"	"testis"	"Spermatocytes"	NA	NA	NA	"CL:0000017"	"spermatocyte"	"perfect match"	"SN253"	NA	5
"TTGGGCGTCTGGCCAG"	""	"ERX6700411"	"ERP132578"	"testis"	"Round_spermatids"	NA	NA	NA	"CL:4030036"	"early spermatid"	"perfect match"	"SN253"	NA	2
"TTGGGTACAAAGAACT"	""	"ERX6700411"	"ERP132578"	"testis"	"Round_spermatids"	NA	NA	NA	"CL:4030036"	"early spermatid"	"perfect match"	"SN253"	NA	2
"TTGGGTACACTGGCGT"	""	"ERX6700411"	"ERP132578"	"testis"	"Spermatocytes"	NA	NA	NA	"CL:0000017"	"spermatocyte"	"perfect match"	"SN253"	NA	5
"TTGGGTACATGCGTGC"	""	"ERX6700411"	"ERP132578"	"testis"	"Round_spermatids"	NA	NA	NA	"CL:4030036"	"early spermatid"	"perfect match"	"SN253"	NA	2
"TTGGGTAGTTCGGTCG"	""	"ERX6700411"	"ERP132578"	"testis"	"Elongated_spermatids"	NA	NA	NA	"CL:4030037"	"late spermatid"	"perfect match"	"SN253"	NA	1
"TTGGTTTAGGAGCAAA"	""	"ERX6700411"	"ERP132578"	"testis"	"Other_somatic"	NA	NA	NA	"CL:0002371"	"somatic cell"	"perfect match"	"SN253"	NA	3
"TTGGTTTCAGTAGGAC"	""	"ERX6700411"	"ERP132578"	"testis"	"Other_somatic"	NA	NA	NA	"CL:0002371"	"somatic cell"	"perfect match"	"SN253"	NA	3
"TTGGTTTCATGCACTA"	""	"ERX6700411"	"ERP132578"	"testis"	"Spermatocytes"	NA	NA	NA	"CL:0000017"	"spermatocyte"	"perfect match"	"SN253"	NA	5
"TTGGTTTGTGCCTACG"	""	"ERX6700411"	"ERP132578"	"testis"	"Round_spermatids"	NA	NA	NA	"CL:4030036"	"early spermatid"	"perfect match"	"SN253"	NA	2
"TTGTGGACACAAATAG"	""	"ERX6700411"	"ERP132578"	"testis"	"Spermatocytes"	NA	NA	NA	"CL:0000017"	"spermatocyte"	"perfect match"	"SN253"	NA	5
"TTGTGTTAGTGGACGT"	""	"ERX6700411"	"ERP132578"	"testis"	"Round_spermatids"	NA	NA	NA	"CL:4030036"	"early spermatid"	"perfect match"	"SN253"	NA	2
"TTGTGTTCAACCCGCA"	""	"ERX6700411"	"ERP132578"	"testis"	"Round_spermatids"	NA	NA	NA	"CL:4030036"	"early spermatid"	"perfect match"	"SN253"	NA	2
"TTGTGTTTCGCCTTGT"	""	"ERX6700411"	"ERP132578"	"testis"	"Spermatocytes"	NA	NA	NA	"CL:0000017"	"spermatocyte"	"perfect match"	"SN253"	NA	5
"TTGTGTTTCTGACGCG"	""	"ERX6700411"	"ERP132578"	"testis"	"Other_somatic"	NA	NA	NA	"CL:0002371"	"somatic cell"	"perfect match"	"SN253"	NA	3
"TTGTTCAAGAGTGACC"	""	"ERX6700411"	"ERP132578"	"testis"	"Spermatocytes"	NA	NA	NA	"CL:0000017"	"spermatocyte"	"perfect match"	"SN253"	NA	5
"TTGTTCAAGATGTAGT"	""	"ERX6700411"	"ERP132578"	"testis"	"Round_spermatids"	NA	NA	NA	"CL:4030036"	"early spermatid"	"perfect match"	"SN253"	NA	2
"TTGTTCAAGCAAACAT"	""	"ERX6700411"	"ERP132578"	"testis"	"Elongated_spermatids"	NA	NA	NA	"CL:4030037"	"late spermatid"	"perfect match"	"SN253"	NA	1
"TTGTTCAAGCCAAGCA"	""	"ERX6700411"	"ERP132578"	"testis"	"Elongated_spermatids"	NA	NA	NA	"CL:4030037"	"late spermatid"	"perfect match"	"SN253"	NA	1
"TTGTTCACAACGGTAG"	""	"ERX6700411"	"ERP132578"	"testis"	"Other_somatic"	NA	NA	NA	"CL:0002371"	"somatic cell"	"perfect match"	"SN253"	NA	3
"TTGTTCACAGTAGATA"	""	"ERX6700411"	"ERP132578"	"testis"	"Round_spermatids"	NA	NA	NA	"CL:4030036"	"early spermatid"	"perfect match"	"SN253"	NA	2
"TTGTTGTCAGGACTAG"	""	"ERX6700411"	"ERP132578"	"testis"	"Round_spermatids"	NA	NA	NA	"CL:4030036"	"early spermatid"	"perfect match"	"SN253"	NA	2
"TTGTTGTCATTCGGGC"	""	"ERX6700411"	"ERP132578"	"testis"	"Spermatocytes"	NA	NA	NA	"CL:0000017"	"spermatocyte"	"perfect match"	"SN253"	NA	5
"TTGTTGTTCGGAAGGT"	""	"ERX6700411"	"ERP132578"	"testis"	"Spermatocytes"	NA	NA	NA	"CL:0000017"	"spermatocyte"	"perfect match"	"SN253"	NA	5
"TTGTTTGCAACTTGCA"	""	"ERX6700411"	"ERP132578"	"testis"	"Round_spermatids"	NA	NA	NA	"CL:4030036"	"early spermatid"	"perfect match"	"SN253"	NA	2
"TTGTTTGCAGCGTAGA"	""	"ERX6700411"	"ERP132578"	"testis"	"Round_spermatids"	NA	NA	NA	"CL:4030036"	"early spermatid"	"perfect match"	"SN253"	NA	2
"TTTACCAAGCCAGTAG"	""	"ERX6700411"	"ERP132578"	"testis"	"Round_spermatids"	NA	NA	NA	"CL:4030036"	"early spermatid"	"perfect match"	"SN253"	NA	2
"TTTACCAAGGAAAGTG"	""	"ERX6700411"	"ERP132578"	"testis"	"Other_somatic"	NA	NA	NA	"CL:0002371"	"somatic cell"	"perfect match"	"SN253"	NA	3
"TTTACCAAGTATAGGT"	""	"ERX6700411"	"ERP132578"	"testis"	"Round_spermatids"	NA	NA	NA	"CL:4030036"	"early spermatid"	"perfect match"	"SN253"	NA	2
"TTTACCATCTCACCCA"	""	"ERX6700411"	"ERP132578"	"testis"	"Round_spermatids"	NA	NA	NA	"CL:4030036"	"early spermatid"	"perfect match"	"SN253"	NA	2
"TTTACGTAGGCTCCCA"	""	"ERX6700411"	"ERP132578"	"testis"	"Round_spermatids"	NA	NA	NA	"CL:4030036"	"early spermatid"	"perfect match"	"SN253"	NA	2
"TTTACGTCATAGATGA"	""	"ERX6700411"	"ERP132578"	"testis"	"Elongated_spermatids"	NA	NA	NA	"CL:4030037"	"late spermatid"	"perfect match"	"SN253"	NA	1
"TTTACGTGTCCAAAGG"	""	"ERX6700411"	"ERP132578"	"testis"	"Round_spermatids"	NA	NA	NA	"CL:4030036"	"early spermatid"	"perfect match"	"SN253"	NA	2
"TTTACTGAGGAAGTGA"	""	"ERX6700411"	"ERP132578"	"testis"	"Round_spermatids"	NA	NA	NA	"CL:4030036"	"early spermatid"	"perfect match"	"SN253"	NA	2
"TTTACTGGTCGCGGTT"	""	"ERX6700411"	"ERP132578"	"testis"	"Round_spermatids"	NA	NA	NA	"CL:4030036"	"early spermatid"	"perfect match"	"SN253"	NA	2
"TTTACTGGTCTTCATT"	""	"ERX6700411"	"ERP132578"	"testis"	"Round_spermatids"	NA	NA	NA	"CL:4030036"	"early spermatid"	"perfect match"	"SN253"	NA	2
"TTTACTGTCTATCACT"	""	"ERX6700411"	"ERP132578"	"testis"	"Spermatocytes"	NA	NA	NA	"CL:0000017"	"spermatocyte"	"perfect match"	"SN253"	NA	5
"TTTAGTCAGAATTGTG"	""	"ERX6700411"	"ERP132578"	"testis"	"Round_spermatids"	NA	NA	NA	"CL:4030036"	"early spermatid"	"perfect match"	"SN253"	NA	2
"TTTAGTCCAAGATGGC"	""	"ERX6700411"	"ERP132578"	"testis"	"Spermatocytes"	NA	NA	NA	"CL:0000017"	"spermatocyte"	"perfect match"	"SN253"	NA	5
"TTTATGCTCAGAACCT"	""	"ERX6700411"	"ERP132578"	"testis"	"Spermatocytes"	NA	NA	NA	"CL:0000017"	"spermatocyte"	"perfect match"	"SN253"	NA	5
"TTTATGCTCAGCATTG"	""	"ERX6700411"	"ERP132578"	"testis"	"Spermatocytes"	NA	NA	NA	"CL:0000017"	"spermatocyte"	"perfect match"	"SN253"	NA	5
"TTTCACAAGTGTCATC"	""	"ERX6700411"	"ERP132578"	"testis"	"Spermatocytes"	NA	NA	NA	"CL:0000017"	"spermatocyte"	"perfect match"	"SN253"	NA	5
"TTTCACAGTCGGTGAA"	""	"ERX6700411"	"ERP132578"	"testis"	"Round_spermatids"	NA	NA	NA	"CL:4030036"	"early spermatid"	"perfect match"	"SN253"	NA	2
"TTTCACAGTGCATGAG"	""	"ERX6700411"	"ERP132578"	"testis"	"Spermatocytes"	NA	NA	NA	"CL:0000017"	"spermatocyte"	"perfect match"	"SN253"	NA	5
"TTTCACATCGTGCTCT"	""	"ERX6700411"	"ERP132578"	"testis"	"Spermatocytes"	NA	NA	NA	"CL:0000017"	"spermatocyte"	"perfect match"	"SN253"	NA	5
"TTTCAGTCAATACAGA"	""	"ERX6700411"	"ERP132578"	"testis"	"Elongated_spermatids"	NA	NA	NA	"CL:4030037"	"late spermatid"	"perfect match"	"SN253"	NA	1
"TTTCAGTGTGGATCGA"	""	"ERX6700411"	"ERP132578"	"testis"	"Round_spermatids"	NA	NA	NA	"CL:4030036"	"early spermatid"	"perfect match"	"SN253"	NA	2
"TTTCATGAGGTCCCTG"	""	"ERX6700411"	"ERP132578"	"testis"	"Spermatocytes"	NA	NA	NA	"CL:0000017"	"spermatocyte"	"perfect match"	"SN253"	NA	5
"TTTCATGGTTCTCGCT"	""	"ERX6700411"	"ERP132578"	"testis"	"Other_somatic"	NA	NA	NA	"CL:0002371"	"somatic cell"	"perfect match"	"SN253"	NA	3
"TTTCCTCCAATTGAAG"	""	"ERX6700411"	"ERP132578"	"testis"	"Round_spermatids"	NA	NA	NA	"CL:4030036"	"early spermatid"	"perfect match"	"SN253"	NA	2
"TTTCCTCCACGGATCC"	""	"ERX6700411"	"ERP132578"	"testis"	"Round_spermatids"	NA	NA	NA	"CL:4030036"	"early spermatid"	"perfect match"	"SN253"	NA	2
"TTTCCTCGTGTGAGCA"	""	"ERX6700411"	"ERP132578"	"testis"	"Round_spermatids"	NA	NA	NA	"CL:4030036"	"early spermatid"	"perfect match"	"SN253"	NA	2
"TTTCCTCGTGTTGCCG"	""	"ERX6700411"	"ERP132578"	"testis"	"Elongated_spermatids"	NA	NA	NA	"CL:4030037"	"late spermatid"	"perfect match"	"SN253"	NA	1
"TTTCGATAGAAGAACG"	""	"ERX6700411"	"ERP132578"	"testis"	"Elongated_spermatids"	NA	NA	NA	"CL:4030037"	"late spermatid"	"perfect match"	"SN253"	NA	1
"TTTCGATCAGTCGCAC"	""	"ERX6700411"	"ERP132578"	"testis"	"Round_spermatids"	NA	NA	NA	"CL:4030036"	"early spermatid"	"perfect match"	"SN253"	NA	2
"TTTCGATGTAGTGCGA"	""	"ERX6700411"	"ERP132578"	"testis"	"Spermatocytes"	NA	NA	NA	"CL:0000017"	"spermatocyte"	"perfect match"	"SN253"	NA	5
"TTTCGATGTTGCTCGG"	""	"ERX6700411"	"ERP132578"	"testis"	"Round_spermatids"	NA	NA	NA	"CL:4030036"	"early spermatid"	"perfect match"	"SN253"	NA	2
"TTTGACTAGGAACTCG"	""	"ERX6700411"	"ERP132578"	"testis"	"Spermatocytes"	NA	NA	NA	"CL:0000017"	"spermatocyte"	"perfect match"	"SN253"	NA	5
"TTTGACTCAGTTAAAG"	""	"ERX6700411"	"ERP132578"	"testis"	"Round_spermatids"	NA	NA	NA	"CL:4030036"	"early spermatid"	"perfect match"	"SN253"	NA	2
"TTTGACTCATGTTACG"	""	"ERX6700411"	"ERP132578"	"testis"	"Spermatogonia"	NA	NA	NA	"CL:0000020"	"spermatogonium"	"perfect match"	"SN253"	NA	4
"TTTGACTTCAGTCATG"	""	"ERX6700411"	"ERP132578"	"testis"	"Round_spermatids"	NA	NA	NA	"CL:4030036"	"early spermatid"	"perfect match"	"SN253"	NA	2
"TTTGATCCAGGACTAG"	""	"ERX6700411"	"ERP132578"	"testis"	"Round_spermatids"	NA	NA	NA	"CL:4030036"	"early spermatid"	"perfect match"	"SN253"	NA	2
"TTTGATCTCAACTGAC"	""	"ERX6700411"	"ERP132578"	"testis"	"Round_spermatids"	NA	NA	NA	"CL:4030036"	"early spermatid"	"perfect match"	"SN253"	NA	2
"TTTGATCTCCGTCAAA"	""	"ERX6700411"	"ERP132578"	"testis"	"Round_spermatids"	NA	NA	NA	"CL:4030036"	"early spermatid"	"perfect match"	"SN253"	NA	2
"TTTGATCTCGTTGTGA"	""	"ERX6700411"	"ERP132578"	"testis"	"Round_spermatids"	NA	NA	NA	"CL:4030036"	"early spermatid"	"perfect match"	"SN253"	NA	2
"TTTGGAGAGCCAACCC"	""	"ERX6700411"	"ERP132578"	"testis"	"Elongated_spermatids"	NA	NA	NA	"CL:4030037"	"late spermatid"	"perfect match"	"SN253"	NA	1
"TTTGGAGAGGTACTGG"	""	"ERX6700411"	"ERP132578"	"testis"	"Spermatocytes"	NA	NA	NA	"CL:0000017"	"spermatocyte"	"perfect match"	"SN253"	NA	5
"TTTGGAGAGGTAGTAT"	""	"ERX6700411"	"ERP132578"	"testis"	"Elongated_spermatids"	NA	NA	NA	"CL:4030037"	"late spermatid"	"perfect match"	"SN253"	NA	1
"TTTGGAGAGTTTCGAC"	""	"ERX6700411"	"ERP132578"	"testis"	"Round_spermatids"	NA	NA	NA	"CL:4030036"	"early spermatid"	"perfect match"	"SN253"	NA	2
"TTTGGAGCAGGACTTT"	""	"ERX6700411"	"ERP132578"	"testis"	"Elongated_spermatids"	NA	NA	NA	"CL:4030037"	"late spermatid"	"perfect match"	"SN253"	NA	1
"TTTGGAGGTTTACGTG"	""	"ERX6700411"	"ERP132578"	"testis"	"Round_spermatids"	NA	NA	NA	"CL:4030036"	"early spermatid"	"perfect match"	"SN253"	NA	2
"TTTGGAGTCTCTAAGG"	""	"ERX6700411"	"ERP132578"	"testis"	"Spermatogonia"	NA	NA	NA	"CL:0000020"	"spermatogonium"	"perfect match"	"SN253"	NA	4
"TTTGGTTAGTGTACAA"	""	"ERX6700411"	"ERP132578"	"testis"	"Round_spermatids"	NA	NA	NA	"CL:4030036"	"early spermatid"	"perfect match"	"SN253"	NA	2
"TTTGGTTCAGGACTAG"	""	"ERX6700411"	"ERP132578"	"testis"	"Round_spermatids"	NA	NA	NA	"CL:4030036"	"early spermatid"	"perfect match"	"SN253"	NA	2
"TTTGGTTCAGGACTTT"	""	"ERX6700411"	"ERP132578"	"testis"	"Spermatocytes"	NA	NA	NA	"CL:0000017"	"spermatocyte"	"perfect match"	"SN253"	NA	5
"TTTGGTTGTCCCTAAA"	""	"ERX6700411"	"ERP132578"	"testis"	"Spermatocytes"	NA	NA	NA	"CL:0000017"	"spermatocyte"	"perfect match"	"SN253"	NA	5
"TTTGGTTTCTTCGTGC"	""	"ERX6700411"	"ERP132578"	"testis"	"Round_spermatids"	NA	NA	NA	"CL:4030036"	"early spermatid"	"perfect match"	"SN253"	NA	2
"TTTGTTGAGATCACCT"	""	"ERX6700411"	"ERP132578"	"testis"	"Round_spermatids"	NA	NA	NA	"CL:4030036"	"early spermatid"	"perfect match"	"SN253"	NA	2
"TTTGTTGCAATCTGCA"	""	"ERX6700411"	"ERP132578"	"testis"	"Round_spermatids"	NA	NA	NA	"CL:4030036"	"early spermatid"	"perfect match"	"SN253"	NA	2
"TTTGTTGCATACAGCT"	""	"ERX6700411"	"ERP132578"	"testis"	"Spermatogonia"	NA	NA	NA	"CL:0000020"	"spermatogonium"	"perfect match"	"SN253"	NA	4
"AAACCCACAGAAGTTA"	""	"ERX6700412"	"ERP132578"	"testis"	"Elongated_spermatids"	NA	NA	NA	"CL:4030037"	"late spermatid"	"perfect match"	"SN260"	NA	1
"AAACCCACATTGGCAT"	""	"ERX6700412"	"ERP132578"	"testis"	"Spermatocytes"	NA	NA	NA	"CL:0000017"	"spermatocyte"	"perfect match"	"SN260"	NA	2
"AAACGAAAGCCAGAGT"	""	"ERX6700412"	"ERP132578"	"testis"	"Round_spermatids"	NA	NA	NA	"CL:4030036"	"early spermatid"	"perfect match"	"SN260"	NA	3
"AAACGAACACTCAAGT"	""	"ERX6700412"	"ERP132578"	"testis"	"Spermatogonia"	NA	NA	NA	"CL:0000020"	"spermatogonium"	"perfect match"	"SN260"	NA	4
"AAACGAAGTATGCAAA"	""	"ERX6700412"	"ERP132578"	"testis"	"Elongated_spermatids"	NA	NA	NA	"CL:4030037"	"late spermatid"	"perfect match"	"SN260"	NA	1
"AAACGAAGTGGGTATG"	""	"ERX6700412"	"ERP132578"	"testis"	"Round_spermatids"	NA	NA	NA	"CL:4030036"	"early spermatid"	"perfect match"	"SN260"	NA	3
"AAACGCTAGCCTTCTC"	""	"ERX6700412"	"ERP132578"	"testis"	"Spermatocytes"	NA	NA	NA	"CL:0000017"	"spermatocyte"	"perfect match"	"SN260"	NA	2
"AAACGCTCAGGTAGTG"	""	"ERX6700412"	"ERP132578"	"testis"	"Round_spermatids"	NA	NA	NA	"CL:4030036"	"early spermatid"	"perfect match"	"SN260"	NA	3
"AAACGCTGTAGGAGGG"	""	"ERX6700412"	"ERP132578"	"testis"	"Round_spermatids"	NA	NA	NA	"CL:4030036"	"early spermatid"	"perfect match"	"SN260"	NA	3
"AAAGAACAGGGCCCTT"	""	"ERX6700412"	"ERP132578"	"testis"	"Round_spermatids"	NA	NA	NA	"CL:4030036"	"early spermatid"	"perfect match"	"SN260"	NA	3
"AAAGAACGTAACCCGC"	""	"ERX6700412"	"ERP132578"	"testis"	"Round_spermatids"	NA	NA	NA	"CL:4030036"	"early spermatid"	"perfect match"	"SN260"	NA	3
"AAAGAACGTGCAACAG"	""	"ERX6700412"	"ERP132578"	"testis"	"Spermatocytes"	NA	NA	NA	"CL:0000017"	"spermatocyte"	"perfect match"	"SN260"	NA	2
"AAAGAACGTGGCACTC"	""	"ERX6700412"	"ERP132578"	"testis"	"Other_somatic"	NA	NA	NA	"CL:0002371"	"somatic cell"	"perfect match"	"SN260"	NA	5
"AAAGAACGTTGTGTAC"	""	"ERX6700412"	"ERP132578"	"testis"	"Other_somatic"	NA	NA	NA	"CL:0002371"	"somatic cell"	"perfect match"	"SN260"	NA	5
"AAAGGATAGAGGGCGA"	""	"ERX6700412"	"ERP132578"	"testis"	"Round_spermatids"	NA	NA	NA	"CL:4030036"	"early spermatid"	"perfect match"	"SN260"	NA	3
"AAAGGATAGTATTGCC"	""	"ERX6700412"	"ERP132578"	"testis"	"Round_spermatids"	NA	NA	NA	"CL:4030036"	"early spermatid"	"perfect match"	"SN260"	NA	3
"AAAGGATAGTGTACAA"	""	"ERX6700412"	"ERP132578"	"testis"	"Elongated_spermatids"	NA	NA	NA	"CL:4030037"	"late spermatid"	"perfect match"	"SN260"	NA	1
"AAAGGATCAGCGATTT"	""	"ERX6700412"	"ERP132578"	"testis"	"Round_spermatids"	NA	NA	NA	"CL:4030036"	"early spermatid"	"perfect match"	"SN260"	NA	3
"AAAGGATGTAGGAAAG"	""	"ERX6700412"	"ERP132578"	"testis"	"Round_spermatids"	NA	NA	NA	"CL:4030036"	"early spermatid"	"perfect match"	"SN260"	NA	3
"AAAGGATGTCCATACA"	""	"ERX6700412"	"ERP132578"	"testis"	"Round_spermatids"	NA	NA	NA	"CL:4030036"	"early spermatid"	"perfect match"	"SN260"	NA	3
"AAAGGGCAGTCATTGC"	""	"ERX6700412"	"ERP132578"	"testis"	"Round_spermatids"	NA	NA	NA	"CL:4030036"	"early spermatid"	"perfect match"	"SN260"	NA	3
"AAAGGTACACAGGATG"	""	"ERX6700412"	"ERP132578"	"testis"	"Spermatogonia"	NA	NA	NA	"CL:0000020"	"spermatogonium"	"perfect match"	"SN260"	NA	4
"AAAGGTACACCTTCCA"	""	"ERX6700412"	"ERP132578"	"testis"	"Elongated_spermatids"	NA	NA	NA	"CL:4030037"	"late spermatid"	"perfect match"	"SN260"	NA	1
"AAAGGTACAGCAGTTT"	""	"ERX6700412"	"ERP132578"	"testis"	"Spermatogonia"	NA	NA	NA	"CL:0000020"	"spermatogonium"	"perfect match"	"SN260"	NA	4
"AAAGGTATCAAGATAG"	""	"ERX6700412"	"ERP132578"	"testis"	"Round_spermatids"	NA	NA	NA	"CL:4030036"	"early spermatid"	"perfect match"	"SN260"	NA	3
"AAAGTCCAGCCGAATG"	""	"ERX6700412"	"ERP132578"	"testis"	"Round_spermatids"	NA	NA	NA	"CL:4030036"	"early spermatid"	"perfect match"	"SN260"	NA	3
"AAAGTCCCATGTTTGG"	""	"ERX6700412"	"ERP132578"	"testis"	"Elongated_spermatids"	NA	NA	NA	"CL:4030037"	"late spermatid"	"perfect match"	"SN260"	NA	1
"AAAGTCCGTACGCGTC"	""	"ERX6700412"	"ERP132578"	"testis"	"Spermatocytes"	NA	NA	NA	"CL:0000017"	"spermatocyte"	"perfect match"	"SN260"	NA	2
"AAAGTGAAGGTAAGGA"	""	"ERX6700412"	"ERP132578"	"testis"	"Round_spermatids"	NA	NA	NA	"CL:4030036"	"early spermatid"	"perfect match"	"SN260"	NA	3
"AAAGTGACACAGTCCG"	""	"ERX6700412"	"ERP132578"	"testis"	"Spermatocytes"	NA	NA	NA	"CL:0000017"	"spermatocyte"	"perfect match"	"SN260"	NA	2
"AAAGTGATCGGCTGAC"	""	"ERX6700412"	"ERP132578"	"testis"	"Round_spermatids"	NA	NA	NA	"CL:4030036"	"early spermatid"	"perfect match"	"SN260"	NA	3
"AAAGTGATCTCTATAC"	""	"ERX6700412"	"ERP132578"	"testis"	"Elongated_spermatids"	NA	NA	NA	"CL:4030037"	"late spermatid"	"perfect match"	"SN260"	NA	1
"AAAGTGATCTTGCAAG"	""	"ERX6700412"	"ERP132578"	"testis"	"Elongated_spermatids"	NA	NA	NA	"CL:4030037"	"late spermatid"	"perfect match"	"SN260"	NA	1
"AAATGGAGTCGGTGAA"	""	"ERX6700412"	"ERP132578"	"testis"	"Round_spermatids"	NA	NA	NA	"CL:4030036"	"early spermatid"	"perfect match"	"SN260"	NA	3
"AACAAAGAGCGTACAG"	""	"ERX6700412"	"ERP132578"	"testis"	"Round_spermatids"	NA	NA	NA	"CL:4030036"	"early spermatid"	"perfect match"	"SN260"	NA	3
"AACAAAGCACGCGTCA"	""	"ERX6700412"	"ERP132578"	"testis"	"Round_spermatids"	NA	NA	NA	"CL:4030036"	"early spermatid"	"perfect match"	"SN260"	NA	3
"AACAAAGCATGAATCC"	""	"ERX6700412"	"ERP132578"	"testis"	"Spermatogonia"	NA	NA	NA	"CL:0000020"	"spermatogonium"	"perfect match"	"SN260"	NA	4
"AACAAAGGTACGTGTT"	""	"ERX6700412"	"ERP132578"	"testis"	"Elongated_spermatids"	NA	NA	NA	"CL:4030037"	"late spermatid"	"perfect match"	"SN260"	NA	1
"AACAAAGTCTTACCGC"	""	"ERX6700412"	"ERP132578"	"testis"	"Spermatocytes"	NA	NA	NA	"CL:0000017"	"spermatocyte"	"perfect match"	"SN260"	NA	2
"AACAACCTCTAAGCCA"	""	"ERX6700412"	"ERP132578"	"testis"	"Spermatocytes"	NA	NA	NA	"CL:0000017"	"spermatocyte"	"perfect match"	"SN260"	NA	2
"AACAAGAAGTTTCAGC"	""	"ERX6700412"	"ERP132578"	"testis"	"Round_spermatids"	NA	NA	NA	"CL:4030036"	"early spermatid"	"perfect match"	"SN260"	NA	3
"AACAAGATCCGATAAC"	""	"ERX6700412"	"ERP132578"	"testis"	"Round_spermatids"	NA	NA	NA	"CL:4030036"	"early spermatid"	"perfect match"	"SN260"	NA	3
"AACAAGATCGGCATAT"	""	"ERX6700412"	"ERP132578"	"testis"	"Elongated_spermatids"	NA	NA	NA	"CL:4030037"	"late spermatid"	"perfect match"	"SN260"	NA	1
"AACAAGATCGTGCATA"	""	"ERX6700412"	"ERP132578"	"testis"	"Round_spermatids"	NA	NA	NA	"CL:4030036"	"early spermatid"	"perfect match"	"SN260"	NA	3
"AACACACGTCGCAACC"	""	"ERX6700412"	"ERP132578"	"testis"	"Spermatogonia"	NA	NA	NA	"CL:0000020"	"spermatogonium"	"perfect match"	"SN260"	NA	4
"AACACACTCACTGGGC"	""	"ERX6700412"	"ERP132578"	"testis"	"Round_spermatids"	NA	NA	NA	"CL:4030036"	"early spermatid"	"perfect match"	"SN260"	NA	3
"AACAGGGAGGAAGTAG"	""	"ERX6700412"	"ERP132578"	"testis"	"Spermatogonia"	NA	NA	NA	"CL:0000020"	"spermatogonium"	"perfect match"	"SN260"	NA	4
"AACAGGGAGTGCGACA"	""	"ERX6700412"	"ERP132578"	"testis"	"Spermatocytes"	NA	NA	NA	"CL:0000017"	"spermatocyte"	"perfect match"	"SN260"	NA	2
"AACAGGGGTCAAGTTC"	""	"ERX6700412"	"ERP132578"	"testis"	"Spermatogonia"	NA	NA	NA	"CL:0000020"	"spermatogonium"	"perfect match"	"SN260"	NA	4
"AACAGGGGTGAGATAT"	""	"ERX6700412"	"ERP132578"	"testis"	"Round_spermatids"	NA	NA	NA	"CL:4030036"	"early spermatid"	"perfect match"	"SN260"	NA	3
"AACAGGGTCGCTCTAC"	""	"ERX6700412"	"ERP132578"	"testis"	"Round_spermatids"	NA	NA	NA	"CL:4030036"	"early spermatid"	"perfect match"	"SN260"	NA	3
"AACCAACAGTACAGCG"	""	"ERX6700412"	"ERP132578"	"testis"	"Round_spermatids"	NA	NA	NA	"CL:4030036"	"early spermatid"	"perfect match"	"SN260"	NA	3
"AACCAACCAAAGGTTA"	""	"ERX6700412"	"ERP132578"	"testis"	"Elongated_spermatids"	NA	NA	NA	"CL:4030037"	"late spermatid"	"perfect match"	"SN260"	NA	1
"AACCAACTCGCGGTAC"	""	"ERX6700412"	"ERP132578"	"testis"	"Round_spermatids"	NA	NA	NA	"CL:4030036"	"early spermatid"	"perfect match"	"SN260"	NA	3
"AACCACAAGATGACCG"	""	"ERX6700412"	"ERP132578"	"testis"	"Round_spermatids"	NA	NA	NA	"CL:4030036"	"early spermatid"	"perfect match"	"SN260"	NA	3
"AACCACACAATGTGGG"	""	"ERX6700412"	"ERP132578"	"testis"	"Round_spermatids"	NA	NA	NA	"CL:4030036"	"early spermatid"	"perfect match"	"SN260"	NA	3
"AACCACAGTCGCGTCA"	""	"ERX6700412"	"ERP132578"	"testis"	"Round_spermatids"	NA	NA	NA	"CL:4030036"	"early spermatid"	"perfect match"	"SN260"	NA	3
"AACCACATCGAACCTA"	""	"ERX6700412"	"ERP132578"	"testis"	"Elongated_spermatids"	NA	NA	NA	"CL:4030037"	"late spermatid"	"perfect match"	"SN260"	NA	1
"AACCACATCGTAGGAG"	""	"ERX6700412"	"ERP132578"	"testis"	"Round_spermatids"	NA	NA	NA	"CL:4030036"	"early spermatid"	"perfect match"	"SN260"	NA	3
"AACCATGCAGAGGCTA"	""	"ERX6700412"	"ERP132578"	"testis"	"Spermatocytes"	NA	NA	NA	"CL:0000017"	"spermatocyte"	"perfect match"	"SN260"	NA	2
"AACCATGTCTTTGGAG"	""	"ERX6700412"	"ERP132578"	"testis"	"Round_spermatids"	NA	NA	NA	"CL:4030036"	"early spermatid"	"perfect match"	"SN260"	NA	3
"AACCCAACACGGATCC"	""	"ERX6700412"	"ERP132578"	"testis"	"Other_somatic"	NA	NA	NA	"CL:0002371"	"somatic cell"	"perfect match"	"SN260"	NA	5
"AACCCAAGTTCTGACA"	""	"ERX6700412"	"ERP132578"	"testis"	"Elongated_spermatids"	NA	NA	NA	"CL:4030037"	"late spermatid"	"perfect match"	"SN260"	NA	1
"AACCCAATCCCAAGTA"	""	"ERX6700412"	"ERP132578"	"testis"	"Spermatocytes"	NA	NA	NA	"CL:0000017"	"spermatocyte"	"perfect match"	"SN260"	NA	2
"AACCCAATCCGCACGA"	""	"ERX6700412"	"ERP132578"	"testis"	"Round_spermatids"	NA	NA	NA	"CL:4030036"	"early spermatid"	"perfect match"	"SN260"	NA	3
"AACCCAATCTCCGTGT"	""	"ERX6700412"	"ERP132578"	"testis"	"Round_spermatids"	NA	NA	NA	"CL:4030036"	"early spermatid"	"perfect match"	"SN260"	NA	3
"AACCTGACACTGAATC"	""	"ERX6700412"	"ERP132578"	"testis"	"Round_spermatids"	NA	NA	NA	"CL:4030036"	"early spermatid"	"perfect match"	"SN260"	NA	3
"AACCTGACATATCTGG"	""	"ERX6700412"	"ERP132578"	"testis"	"Round_spermatids"	NA	NA	NA	"CL:4030036"	"early spermatid"	"perfect match"	"SN260"	NA	3
"AACCTGATCCCAGCGA"	""	"ERX6700412"	"ERP132578"	"testis"	"Round_spermatids"	NA	NA	NA	"CL:4030036"	"early spermatid"	"perfect match"	"SN260"	NA	3
"AACCTGATCCTACGGG"	""	"ERX6700412"	"ERP132578"	"testis"	"Round_spermatids"	NA	NA	NA	"CL:4030036"	"early spermatid"	"perfect match"	"SN260"	NA	3
"AACCTTTAGCGAACTG"	""	"ERX6700412"	"ERP132578"	"testis"	"Round_spermatids"	NA	NA	NA	"CL:4030036"	"early spermatid"	"perfect match"	"SN260"	NA	3
"AACCTTTCAATAGGGC"	""	"ERX6700412"	"ERP132578"	"testis"	"Elongated_spermatids"	NA	NA	NA	"CL:4030037"	"late spermatid"	"perfect match"	"SN260"	NA	1
"AACCTTTGTGAGACGT"	""	"ERX6700412"	"ERP132578"	"testis"	"Round_spermatids"	NA	NA	NA	"CL:4030036"	"early spermatid"	"perfect match"	"SN260"	NA	3
"AACCTTTTCAGTGGGA"	""	"ERX6700412"	"ERP132578"	"testis"	"Other_somatic"	NA	NA	NA	"CL:0002371"	"somatic cell"	"perfect match"	"SN260"	NA	5
"AACCTTTTCCCGGTAG"	""	"ERX6700412"	"ERP132578"	"testis"	"Elongated_spermatids"	NA	NA	NA	"CL:4030037"	"late spermatid"	"perfect match"	"SN260"	NA	1
"AACCTTTTCGCATTGA"	""	"ERX6700412"	"ERP132578"	"testis"	"Elongated_spermatids"	NA	NA	NA	"CL:4030037"	"late spermatid"	"perfect match"	"SN260"	NA	1
"AACCTTTTCGTGTGGC"	""	"ERX6700412"	"ERP132578"	"testis"	"Round_spermatids"	NA	NA	NA	"CL:4030036"	"early spermatid"	"perfect match"	"SN260"	NA	3
"AACGAAAAGAGAGCGG"	""	"ERX6700412"	"ERP132578"	"testis"	"Round_spermatids"	NA	NA	NA	"CL:4030036"	"early spermatid"	"perfect match"	"SN260"	NA	3
"AACGAAAAGGCGTCCT"	""	"ERX6700412"	"ERP132578"	"testis"	"Spermatocytes"	NA	NA	NA	"CL:0000017"	"spermatocyte"	"perfect match"	"SN260"	NA	2
"AACGAAAAGTATGGCG"	""	"ERX6700412"	"ERP132578"	"testis"	"Round_spermatids"	NA	NA	NA	"CL:4030036"	"early spermatid"	"perfect match"	"SN260"	NA	3
"AACGAAAAGTTGGCGA"	""	"ERX6700412"	"ERP132578"	"testis"	"Spermatocytes"	NA	NA	NA	"CL:0000017"	"spermatocyte"	"perfect match"	"SN260"	NA	2
"AACGAAATCAGAGTGG"	""	"ERX6700412"	"ERP132578"	"testis"	"Round_spermatids"	NA	NA	NA	"CL:4030036"	"early spermatid"	"perfect match"	"SN260"	NA	3
"AACGAAATCGAATGCT"	""	"ERX6700412"	"ERP132578"	"testis"	"Round_spermatids"	NA	NA	NA	"CL:4030036"	"early spermatid"	"perfect match"	"SN260"	NA	3
"AACGGGACATTCATCT"	""	"ERX6700412"	"ERP132578"	"testis"	"Elongated_spermatids"	NA	NA	NA	"CL:4030037"	"late spermatid"	"perfect match"	"SN260"	NA	1
"AACGGGAGTCACATTG"	""	"ERX6700412"	"ERP132578"	"testis"	"Spermatocytes"	NA	NA	NA	"CL:0000017"	"spermatocyte"	"perfect match"	"SN260"	NA	2
"AACGGGATCCTCTGCA"	""	"ERX6700412"	"ERP132578"	"testis"	"Round_spermatids"	NA	NA	NA	"CL:4030036"	"early spermatid"	"perfect match"	"SN260"	NA	3
"AACGTCAAGTGGCGAT"	""	"ERX6700412"	"ERP132578"	"testis"	"Round_spermatids"	NA	NA	NA	"CL:4030036"	"early spermatid"	"perfect match"	"SN260"	NA	3
"AACGTCACACTGTGAT"	""	"ERX6700412"	"ERP132578"	"testis"	"Round_spermatids"	NA	NA	NA	"CL:4030036"	"early spermatid"	"perfect match"	"SN260"	NA	3
"AACGTCACACTTCAGA"	""	"ERX6700412"	"ERP132578"	"testis"	"Spermatogonia"	NA	NA	NA	"CL:0000020"	"spermatogonium"	"perfect match"	"SN260"	NA	4
"AACGTCACATTCAGGT"	""	"ERX6700412"	"ERP132578"	"testis"	"Round_spermatids"	NA	NA	NA	"CL:4030036"	"early spermatid"	"perfect match"	"SN260"	NA	3
"AACGTCAGTCCGAAAG"	""	"ERX6700412"	"ERP132578"	"testis"	"Other_somatic"	NA	NA	NA	"CL:0002371"	"somatic cell"	"perfect match"	"SN260"	NA	5
"AACGTCATCAACGAGG"	""	"ERX6700412"	"ERP132578"	"testis"	"Spermatocytes"	NA	NA	NA	"CL:0000017"	"spermatocyte"	"perfect match"	"SN260"	NA	2
"AACGTCATCGTTACCC"	""	"ERX6700412"	"ERP132578"	"testis"	"Round_spermatids"	NA	NA	NA	"CL:4030036"	"early spermatid"	"perfect match"	"SN260"	NA	3
"AACGTCATCTGGTGCG"	""	"ERX6700412"	"ERP132578"	"testis"	"Elongated_spermatids"	NA	NA	NA	"CL:4030037"	"late spermatid"	"perfect match"	"SN260"	NA	1
"AACTTCTCAAACTCGT"	""	"ERX6700412"	"ERP132578"	"testis"	"Round_spermatids"	NA	NA	NA	"CL:4030036"	"early spermatid"	"perfect match"	"SN260"	NA	3
"AACTTCTCACCATATG"	""	"ERX6700412"	"ERP132578"	"testis"	"Round_spermatids"	NA	NA	NA	"CL:4030036"	"early spermatid"	"perfect match"	"SN260"	NA	3
"AACTTCTCATTGCCGG"	""	"ERX6700412"	"ERP132578"	"testis"	"Elongated_spermatids"	NA	NA	NA	"CL:4030037"	"late spermatid"	"perfect match"	"SN260"	NA	1
"AACTTCTTCGCGTAGC"	""	"ERX6700412"	"ERP132578"	"testis"	"Round_spermatids"	NA	NA	NA	"CL:4030036"	"early spermatid"	"perfect match"	"SN260"	NA	3
"AACTTCTTCTTAAGGC"	""	"ERX6700412"	"ERP132578"	"testis"	"Elongated_spermatids"	NA	NA	NA	"CL:4030037"	"late spermatid"	"perfect match"	"SN260"	NA	1
"AAGAACAAGACTAGAT"	""	"ERX6700412"	"ERP132578"	"testis"	"Elongated_spermatids"	NA	NA	NA	"CL:4030037"	"late spermatid"	"perfect match"	"SN260"	NA	1
"AAGAACAAGAGGCTGT"	""	"ERX6700412"	"ERP132578"	"testis"	"Round_spermatids"	NA	NA	NA	"CL:4030036"	"early spermatid"	"perfect match"	"SN260"	NA	3
"AAGAACACAACTCATG"	""	"ERX6700412"	"ERP132578"	"testis"	"Round_spermatids"	NA	NA	NA	"CL:4030036"	"early spermatid"	"perfect match"	"SN260"	NA	3
"AAGAACACATAGAATG"	""	"ERX6700412"	"ERP132578"	"testis"	"Elongated_spermatids"	NA	NA	NA	"CL:4030037"	"late spermatid"	"perfect match"	"SN260"	NA	1
"AAGAACACATGGAAGC"	""	"ERX6700412"	"ERP132578"	"testis"	"Spermatocytes"	NA	NA	NA	"CL:0000017"	"spermatocyte"	"perfect match"	"SN260"	NA	2
"AAGAACAGTCACTGAT"	""	"ERX6700412"	"ERP132578"	"testis"	"Round_spermatids"	NA	NA	NA	"CL:4030036"	"early spermatid"	"perfect match"	"SN260"	NA	3
"AAGAACAGTGTTACAC"	""	"ERX6700412"	"ERP132578"	"testis"	"Round_spermatids"	NA	NA	NA	"CL:4030036"	"early spermatid"	"perfect match"	"SN260"	NA	3
"AAGAACAGTTCCGCTT"	""	"ERX6700412"	"ERP132578"	"testis"	"Spermatocytes"	NA	NA	NA	"CL:0000017"	"spermatocyte"	"perfect match"	"SN260"	NA	2
"AAGAACATCCATCCGT"	""	"ERX6700412"	"ERP132578"	"testis"	"Elongated_spermatids"	NA	NA	NA	"CL:4030037"	"late spermatid"	"perfect match"	"SN260"	NA	1
"AAGAACATCCTTTAGT"	""	"ERX6700412"	"ERP132578"	"testis"	"Round_spermatids"	NA	NA	NA	"CL:4030036"	"early spermatid"	"perfect match"	"SN260"	NA	3
"AAGACAATCGCGTGCA"	""	"ERX6700412"	"ERP132578"	"testis"	"Elongated_spermatids"	NA	NA	NA	"CL:4030037"	"late spermatid"	"perfect match"	"SN260"	NA	1
"AAGACAATCTGAGGCC"	""	"ERX6700412"	"ERP132578"	"testis"	"Elongated_spermatids"	NA	NA	NA	"CL:4030037"	"late spermatid"	"perfect match"	"SN260"	NA	1
"AAGACTCAGAGGTGCT"	""	"ERX6700412"	"ERP132578"	"testis"	"Round_spermatids"	NA	NA	NA	"CL:4030036"	"early spermatid"	"perfect match"	"SN260"	NA	3
"AAGACTCAGATCGCCC"	""	"ERX6700412"	"ERP132578"	"testis"	"Round_spermatids"	NA	NA	NA	"CL:4030036"	"early spermatid"	"perfect match"	"SN260"	NA	3
"AAGACTCAGGAACTCG"	""	"ERX6700412"	"ERP132578"	"testis"	"Spermatogonia"	NA	NA	NA	"CL:0000020"	"spermatogonium"	"perfect match"	"SN260"	NA	4
"AAGACTCTCGCGTTTC"	""	"ERX6700412"	"ERP132578"	"testis"	"Round_spermatids"	NA	NA	NA	"CL:4030036"	"early spermatid"	"perfect match"	"SN260"	NA	3
"AAGATAGCAGTCTACA"	""	"ERX6700412"	"ERP132578"	"testis"	"Elongated_spermatids"	NA	NA	NA	"CL:4030037"	"late spermatid"	"perfect match"	"SN260"	NA	1
"AAGATAGGTATGTCTG"	""	"ERX6700412"	"ERP132578"	"testis"	"Round_spermatids"	NA	NA	NA	"CL:4030036"	"early spermatid"	"perfect match"	"SN260"	NA	3
"AAGATAGGTCGGTACC"	""	"ERX6700412"	"ERP132578"	"testis"	"Round_spermatids"	NA	NA	NA	"CL:4030036"	"early spermatid"	"perfect match"	"SN260"	NA	3
"AAGATAGGTTATGACC"	""	"ERX6700412"	"ERP132578"	"testis"	"Round_spermatids"	NA	NA	NA	"CL:4030036"	"early spermatid"	"perfect match"	"SN260"	NA	3
"AAGCATCAGAGAGAAC"	""	"ERX6700412"	"ERP132578"	"testis"	"Elongated_spermatids"	NA	NA	NA	"CL:4030037"	"late spermatid"	"perfect match"	"SN260"	NA	1
"AAGCATCAGATCCCAT"	""	"ERX6700412"	"ERP132578"	"testis"	"Round_spermatids"	NA	NA	NA	"CL:4030036"	"early spermatid"	"perfect match"	"SN260"	NA	3
"AAGCATCAGCTCGAAG"	""	"ERX6700412"	"ERP132578"	"testis"	"Other_somatic"	NA	NA	NA	"CL:0002371"	"somatic cell"	"perfect match"	"SN260"	NA	5
"AAGCATCAGCTGCCTG"	""	"ERX6700412"	"ERP132578"	"testis"	"Round_spermatids"	NA	NA	NA	"CL:4030036"	"early spermatid"	"perfect match"	"SN260"	NA	3
"AAGCATCAGGTGTGAC"	""	"ERX6700412"	"ERP132578"	"testis"	"Round_spermatids"	NA	NA	NA	"CL:4030036"	"early spermatid"	"perfect match"	"SN260"	NA	3
"AAGCATCAGTTCATGC"	""	"ERX6700412"	"ERP132578"	"testis"	"Spermatocytes"	NA	NA	NA	"CL:0000017"	"spermatocyte"	"perfect match"	"SN260"	NA	2
"AAGCATCCAAGCAATA"	""	"ERX6700412"	"ERP132578"	"testis"	"Spermatocytes"	NA	NA	NA	"CL:0000017"	"spermatocyte"	"perfect match"	"SN260"	NA	2
"AAGCATCGTAAGGCTG"	""	"ERX6700412"	"ERP132578"	"testis"	"Spermatogonia"	NA	NA	NA	"CL:0000020"	"spermatogonium"	"perfect match"	"SN260"	NA	4
"AAGCATCTCGGAGTAG"	""	"ERX6700412"	"ERP132578"	"testis"	"Elongated_spermatids"	NA	NA	NA	"CL:4030037"	"late spermatid"	"perfect match"	"SN260"	NA	1
"AAGCCATAGCCGCTTG"	""	"ERX6700412"	"ERP132578"	"testis"	"Spermatocytes"	NA	NA	NA	"CL:0000017"	"spermatocyte"	"perfect match"	"SN260"	NA	2
"AAGCCATCACTTCATT"	""	"ERX6700412"	"ERP132578"	"testis"	"Spermatocytes"	NA	NA	NA	"CL:0000017"	"spermatocyte"	"perfect match"	"SN260"	NA	2
"AAGCGAGGTGGGACAT"	""	"ERX6700412"	"ERP132578"	"testis"	"Round_spermatids"	NA	NA	NA	"CL:4030036"	"early spermatid"	"perfect match"	"SN260"	NA	3
"AAGCGAGTCCATCTCG"	""	"ERX6700412"	"ERP132578"	"testis"	"Elongated_spermatids"	NA	NA	NA	"CL:4030037"	"late spermatid"	"perfect match"	"SN260"	NA	1
"AAGGAATAGTACAGAT"	""	"ERX6700412"	"ERP132578"	"testis"	"Round_spermatids"	NA	NA	NA	"CL:4030036"	"early spermatid"	"perfect match"	"SN260"	NA	3
"AAGGAATCAATACCCA"	""	"ERX6700412"	"ERP132578"	"testis"	"Elongated_spermatids"	NA	NA	NA	"CL:4030037"	"late spermatid"	"perfect match"	"SN260"	NA	1
"AAGGAATCAGTTGTCA"	""	"ERX6700412"	"ERP132578"	"testis"	"Elongated_spermatids"	NA	NA	NA	"CL:4030037"	"late spermatid"	"perfect match"	"SN260"	NA	1
"AAGGAATCATGACTAC"	""	"ERX6700412"	"ERP132578"	"testis"	"Spermatocytes"	NA	NA	NA	"CL:0000017"	"spermatocyte"	"perfect match"	"SN260"	NA	2
"AAGGAATGTACCGGAA"	""	"ERX6700412"	"ERP132578"	"testis"	"Round_spermatids"	NA	NA	NA	"CL:4030036"	"early spermatid"	"perfect match"	"SN260"	NA	3
"AAGGAATTCCGACATA"	""	"ERX6700412"	"ERP132578"	"testis"	"Elongated_spermatids"	NA	NA	NA	"CL:4030037"	"late spermatid"	"perfect match"	"SN260"	NA	1
"AAGGTAAAGTTTGCTG"	""	"ERX6700412"	"ERP132578"	"testis"	"Round_spermatids"	NA	NA	NA	"CL:4030036"	"early spermatid"	"perfect match"	"SN260"	NA	3
"AAGGTAACACTGTGTA"	""	"ERX6700412"	"ERP132578"	"testis"	"Elongated_spermatids"	NA	NA	NA	"CL:4030037"	"late spermatid"	"perfect match"	"SN260"	NA	1
"AAGGTAACATATACCG"	""	"ERX6700412"	"ERP132578"	"testis"	"Spermatocytes"	NA	NA	NA	"CL:0000017"	"spermatocyte"	"perfect match"	"SN260"	NA	2
"AAGGTAAGTCGGATTT"	""	"ERX6700412"	"ERP132578"	"testis"	"Elongated_spermatids"	NA	NA	NA	"CL:4030037"	"late spermatid"	"perfect match"	"SN260"	NA	1
"AAGGTAAGTTTCAGAC"	""	"ERX6700412"	"ERP132578"	"testis"	"Round_spermatids"	NA	NA	NA	"CL:4030036"	"early spermatid"	"perfect match"	"SN260"	NA	3
"AAGTACCAGGAATCGC"	""	"ERX6700412"	"ERP132578"	"testis"	"Round_spermatids"	NA	NA	NA	"CL:4030036"	"early spermatid"	"perfect match"	"SN260"	NA	3
"AAGTACCTCCGGTTCT"	""	"ERX6700412"	"ERP132578"	"testis"	"Round_spermatids"	NA	NA	NA	"CL:4030036"	"early spermatid"	"perfect match"	"SN260"	NA	3
"AAGTACCTCCTGGGAC"	""	"ERX6700412"	"ERP132578"	"testis"	"Spermatocytes"	NA	NA	NA	"CL:0000017"	"spermatocyte"	"perfect match"	"SN260"	NA	2
"AAGTACCTCCTGGGTG"	""	"ERX6700412"	"ERP132578"	"testis"	"Spermatogonia"	NA	NA	NA	"CL:0000020"	"spermatogonium"	"perfect match"	"SN260"	NA	4
"AAGTCGTAGGCCACTC"	""	"ERX6700412"	"ERP132578"	"testis"	"Round_spermatids"	NA	NA	NA	"CL:4030036"	"early spermatid"	"perfect match"	"SN260"	NA	3
"AAGTCGTGTTCTCGTC"	""	"ERX6700412"	"ERP132578"	"testis"	"Round_spermatids"	NA	NA	NA	"CL:4030036"	"early spermatid"	"perfect match"	"SN260"	NA	3
"AAGTCGTTCATCACCC"	""	"ERX6700412"	"ERP132578"	"testis"	"Other_somatic"	NA	NA	NA	"CL:0002371"	"somatic cell"	"perfect match"	"SN260"	NA	5
"AAGTCGTTCCACGGAC"	""	"ERX6700412"	"ERP132578"	"testis"	"Round_spermatids"	NA	NA	NA	"CL:4030036"	"early spermatid"	"perfect match"	"SN260"	NA	3
"AAGTGAATCATAAGGA"	""	"ERX6700412"	"ERP132578"	"testis"	"Spermatocytes"	NA	NA	NA	"CL:0000017"	"spermatocyte"	"perfect match"	"SN260"	NA	2
"AAGTTCGAGTATAACG"	""	"ERX6700412"	"ERP132578"	"testis"	"Spermatocytes"	NA	NA	NA	"CL:0000017"	"spermatocyte"	"perfect match"	"SN260"	NA	2
"AAGTTCGCAAGTACCT"	""	"ERX6700412"	"ERP132578"	"testis"	"Round_spermatids"	NA	NA	NA	"CL:4030036"	"early spermatid"	"perfect match"	"SN260"	NA	3
"AAGTTCGGTCGCTTGG"	""	"ERX6700412"	"ERP132578"	"testis"	"Other_somatic"	NA	NA	NA	"CL:0002371"	"somatic cell"	"perfect match"	"SN260"	NA	5
"AAGTTCGTCCGACAGC"	""	"ERX6700412"	"ERP132578"	"testis"	"Round_spermatids"	NA	NA	NA	"CL:4030036"	"early spermatid"	"perfect match"	"SN260"	NA	3
"AATAGAGTCAGCTCTC"	""	"ERX6700412"	"ERP132578"	"testis"	"Spermatocytes"	NA	NA	NA	"CL:0000017"	"spermatocyte"	"perfect match"	"SN260"	NA	2
"AATAGAGTCGAGAGAC"	""	"ERX6700412"	"ERP132578"	"testis"	"Round_spermatids"	NA	NA	NA	"CL:4030036"	"early spermatid"	"perfect match"	"SN260"	NA	3
"AATCACGAGAGAACCC"	""	"ERX6700412"	"ERP132578"	"testis"	"Round_spermatids"	NA	NA	NA	"CL:4030036"	"early spermatid"	"perfect match"	"SN260"	NA	3
"AATCACGAGTCACACT"	""	"ERX6700412"	"ERP132578"	"testis"	"Round_spermatids"	NA	NA	NA	"CL:4030036"	"early spermatid"	"perfect match"	"SN260"	NA	3
"AATCACGTCCATACTT"	""	"ERX6700412"	"ERP132578"	"testis"	"Spermatocytes"	NA	NA	NA	"CL:0000017"	"spermatocyte"	"perfect match"	"SN260"	NA	2
"AATCACGTCTGGACTA"	""	"ERX6700412"	"ERP132578"	"testis"	"Round_spermatids"	NA	NA	NA	"CL:4030036"	"early spermatid"	"perfect match"	"SN260"	NA	3
"AATCGACAGTGATAGT"	""	"ERX6700412"	"ERP132578"	"testis"	"Elongated_spermatids"	NA	NA	NA	"CL:4030037"	"late spermatid"	"perfect match"	"SN260"	NA	1
"AATCGACTCAAATAGG"	""	"ERX6700412"	"ERP132578"	"testis"	"Elongated_spermatids"	NA	NA	NA	"CL:4030037"	"late spermatid"	"perfect match"	"SN260"	NA	1
"AATCGACTCATGGCCG"	""	"ERX6700412"	"ERP132578"	"testis"	"Round_spermatids"	NA	NA	NA	"CL:4030036"	"early spermatid"	"perfect match"	"SN260"	NA	3
"AATCGACTCCGTAGTA"	""	"ERX6700412"	"ERP132578"	"testis"	"Elongated_spermatids"	NA	NA	NA	"CL:4030037"	"late spermatid"	"perfect match"	"SN260"	NA	1
"AATCGACTCTCTCAAT"	""	"ERX6700412"	"ERP132578"	"testis"	"Round_spermatids"	NA	NA	NA	"CL:4030036"	"early spermatid"	"perfect match"	"SN260"	NA	3
"AATCGTGAGTTTGTCG"	""	"ERX6700412"	"ERP132578"	"testis"	"Elongated_spermatids"	NA	NA	NA	"CL:4030037"	"late spermatid"	"perfect match"	"SN260"	NA	1
"AATCGTGCAAAGGAGA"	""	"ERX6700412"	"ERP132578"	"testis"	"Other_somatic"	NA	NA	NA	"CL:0002371"	"somatic cell"	"perfect match"	"SN260"	NA	5
"AATCGTGCAAGGCCTC"	""	"ERX6700412"	"ERP132578"	"testis"	"Spermatogonia"	NA	NA	NA	"CL:0000020"	"spermatogonium"	"perfect match"	"SN260"	NA	4
"AATCGTGCACCAATTG"	""	"ERX6700412"	"ERP132578"	"testis"	"Round_spermatids"	NA	NA	NA	"CL:4030036"	"early spermatid"	"perfect match"	"SN260"	NA	3
"AATCGTGCACTTGACA"	""	"ERX6700412"	"ERP132578"	"testis"	"Round_spermatids"	NA	NA	NA	"CL:4030036"	"early spermatid"	"perfect match"	"SN260"	NA	3
"AATCGTGCAGACATCT"	""	"ERX6700412"	"ERP132578"	"testis"	"Other_somatic"	NA	NA	NA	"CL:0002371"	"somatic cell"	"perfect match"	"SN260"	NA	5
"AATCGTGGTAACCCTA"	""	"ERX6700412"	"ERP132578"	"testis"	"Round_spermatids"	NA	NA	NA	"CL:4030036"	"early spermatid"	"perfect match"	"SN260"	NA	3
"AATCGTGTCTATCACT"	""	"ERX6700412"	"ERP132578"	"testis"	"Round_spermatids"	NA	NA	NA	"CL:4030036"	"early spermatid"	"perfect match"	"SN260"	NA	3
"AATGAAGCAAGCACAG"	""	"ERX6700412"	"ERP132578"	"testis"	"Elongated_spermatids"	NA	NA	NA	"CL:4030037"	"late spermatid"	"perfect match"	"SN260"	NA	1
"AATGAAGCATATGAAG"	""	"ERX6700412"	"ERP132578"	"testis"	"Round_spermatids"	NA	NA	NA	"CL:4030036"	"early spermatid"	"perfect match"	"SN260"	NA	3
"AATGAAGCATCTTTCA"	""	"ERX6700412"	"ERP132578"	"testis"	"Elongated_spermatids"	NA	NA	NA	"CL:4030037"	"late spermatid"	"perfect match"	"SN260"	NA	1
"AATGACCAGACGGATC"	""	"ERX6700412"	"ERP132578"	"testis"	"Round_spermatids"	NA	NA	NA	"CL:4030036"	"early spermatid"	"perfect match"	"SN260"	NA	3
"AATGACCAGTATCTGC"	""	"ERX6700412"	"ERP132578"	"testis"	"Elongated_spermatids"	NA	NA	NA	"CL:4030037"	"late spermatid"	"perfect match"	"SN260"	NA	1
"AATGACCCACGCACCA"	""	"ERX6700412"	"ERP132578"	"testis"	"Round_spermatids"	NA	NA	NA	"CL:4030036"	"early spermatid"	"perfect match"	"SN260"	NA	3
"AATGACCTCCGGCAGT"	""	"ERX6700412"	"ERP132578"	"testis"	"Round_spermatids"	NA	NA	NA	"CL:4030036"	"early spermatid"	"perfect match"	"SN260"	NA	3
"AATGCCACAACGGCCT"	""	"ERX6700412"	"ERP132578"	"testis"	"Round_spermatids"	NA	NA	NA	"CL:4030036"	"early spermatid"	"perfect match"	"SN260"	NA	3
"AATGCCACACGCTTAA"	""	"ERX6700412"	"ERP132578"	"testis"	"Round_spermatids"	NA	NA	NA	"CL:4030036"	"early spermatid"	"perfect match"	"SN260"	NA	3
"AATGCCACACGGGTAA"	""	"ERX6700412"	"ERP132578"	"testis"	"Round_spermatids"	NA	NA	NA	"CL:4030036"	"early spermatid"	"perfect match"	"SN260"	NA	3
"AATGCCATCACCTACC"	""	"ERX6700412"	"ERP132578"	"testis"	"Spermatogonia"	NA	NA	NA	"CL:0000020"	"spermatogonium"	"perfect match"	"SN260"	NA	4
"AATGCCATCATAGCAC"	""	"ERX6700412"	"ERP132578"	"testis"	"Round_spermatids"	NA	NA	NA	"CL:4030036"	"early spermatid"	"perfect match"	"SN260"	NA	3
"AATGCCATCGAGCACC"	""	"ERX6700412"	"ERP132578"	"testis"	"Round_spermatids"	NA	NA	NA	"CL:4030036"	"early spermatid"	"perfect match"	"SN260"	NA	3
"AATGCCATCGATAACC"	""	"ERX6700412"	"ERP132578"	"testis"	"Elongated_spermatids"	NA	NA	NA	"CL:4030037"	"late spermatid"	"perfect match"	"SN260"	NA	1
"AATGCCATCGCGCCAA"	""	"ERX6700412"	"ERP132578"	"testis"	"Round_spermatids"	NA	NA	NA	"CL:4030036"	"early spermatid"	"perfect match"	"SN260"	NA	3
"AATGGAAAGCAATAAC"	""	"ERX6700412"	"ERP132578"	"testis"	"Round_spermatids"	NA	NA	NA	"CL:4030036"	"early spermatid"	"perfect match"	"SN260"	NA	3
"AATGGAAAGGAGGTTC"	""	"ERX6700412"	"ERP132578"	"testis"	"Spermatocytes"	NA	NA	NA	"CL:0000017"	"spermatocyte"	"perfect match"	"SN260"	NA	2
"AATGGAACAAGTGTCT"	""	"ERX6700412"	"ERP132578"	"testis"	"Round_spermatids"	NA	NA	NA	"CL:4030036"	"early spermatid"	"perfect match"	"SN260"	NA	3
"AATGGCTGTTATCCAG"	""	"ERX6700412"	"ERP132578"	"testis"	"Spermatocytes"	NA	NA	NA	"CL:0000017"	"spermatocyte"	"perfect match"	"SN260"	NA	2
"AATGGCTTCAGCCCAG"	""	"ERX6700412"	"ERP132578"	"testis"	"Spermatogonia"	NA	NA	NA	"CL:0000020"	"spermatogonium"	"perfect match"	"SN260"	NA	4
"AATGGCTTCCACAAGT"	""	"ERX6700412"	"ERP132578"	"testis"	"Round_spermatids"	NA	NA	NA	"CL:4030036"	"early spermatid"	"perfect match"	"SN260"	NA	3
"AATTCCTGTGCGACAA"	""	"ERX6700412"	"ERP132578"	"testis"	"Other_somatic"	NA	NA	NA	"CL:0002371"	"somatic cell"	"perfect match"	"SN260"	NA	5
"AATTTCCTCTGATGGT"	""	"ERX6700412"	"ERP132578"	"testis"	"Round_spermatids"	NA	NA	NA	"CL:4030036"	"early spermatid"	"perfect match"	"SN260"	NA	3
"ACAAAGACAACTGGTT"	""	"ERX6700412"	"ERP132578"	"testis"	"Round_spermatids"	NA	NA	NA	"CL:4030036"	"early spermatid"	"perfect match"	"SN260"	NA	3
"ACAAAGACACAAGCTT"	""	"ERX6700412"	"ERP132578"	"testis"	"Round_spermatids"	NA	NA	NA	"CL:4030036"	"early spermatid"	"perfect match"	"SN260"	NA	3
"ACAAAGATCGCGCCAA"	""	"ERX6700412"	"ERP132578"	"testis"	"Round_spermatids"	NA	NA	NA	"CL:4030036"	"early spermatid"	"perfect match"	"SN260"	NA	3
"ACAACCACACGCTGCA"	""	"ERX6700412"	"ERP132578"	"testis"	"Round_spermatids"	NA	NA	NA	"CL:4030036"	"early spermatid"	"perfect match"	"SN260"	NA	3
"ACAACCACAGCAATTC"	""	"ERX6700412"	"ERP132578"	"testis"	"Spermatocytes"	NA	NA	NA	"CL:0000017"	"spermatocyte"	"perfect match"	"SN260"	NA	2
"ACAACCATCGATTCCC"	""	"ERX6700412"	"ERP132578"	"testis"	"Spermatocytes"	NA	NA	NA	"CL:0000017"	"spermatocyte"	"perfect match"	"SN260"	NA	2
"ACAAGCTAGACTAAGT"	""	"ERX6700412"	"ERP132578"	"testis"	"Spermatocytes"	NA	NA	NA	"CL:0000017"	"spermatocyte"	"perfect match"	"SN260"	NA	2
"ACAAGCTCAAACTAGA"	""	"ERX6700412"	"ERP132578"	"testis"	"Elongated_spermatids"	NA	NA	NA	"CL:4030037"	"late spermatid"	"perfect match"	"SN260"	NA	1
"ACAAGCTCAGGTTACT"	""	"ERX6700412"	"ERP132578"	"testis"	"Spermatogonia"	NA	NA	NA	"CL:0000020"	"spermatogonium"	"perfect match"	"SN260"	NA	4
"ACAAGCTGTAGAGACC"	""	"ERX6700412"	"ERP132578"	"testis"	"Spermatogonia"	NA	NA	NA	"CL:0000020"	"spermatogonium"	"perfect match"	"SN260"	NA	4
"ACAAGCTGTTAGAGTA"	""	"ERX6700412"	"ERP132578"	"testis"	"Round_spermatids"	NA	NA	NA	"CL:4030036"	"early spermatid"	"perfect match"	"SN260"	NA	3
"ACAAGCTTCCGTGGCA"	""	"ERX6700412"	"ERP132578"	"testis"	"Round_spermatids"	NA	NA	NA	"CL:4030036"	"early spermatid"	"perfect match"	"SN260"	NA	3
"ACAAGCTTCGCGTTTC"	""	"ERX6700412"	"ERP132578"	"testis"	"Round_spermatids"	NA	NA	NA	"CL:4030036"	"early spermatid"	"perfect match"	"SN260"	NA	3
"ACACAGTCAAACCGGA"	""	"ERX6700412"	"ERP132578"	"testis"	"Spermatogonia"	NA	NA	NA	"CL:0000020"	"spermatogonium"	"perfect match"	"SN260"	NA	4
"ACACAGTCAAGTGTCT"	""	"ERX6700412"	"ERP132578"	"testis"	"Elongated_spermatids"	NA	NA	NA	"CL:4030037"	"late spermatid"	"perfect match"	"SN260"	NA	1
"ACACAGTTCCTGGGAC"	""	"ERX6700412"	"ERP132578"	"testis"	"Spermatocytes"	NA	NA	NA	"CL:0000017"	"spermatocyte"	"perfect match"	"SN260"	NA	2
"ACACCAAAGTTAACGA"	""	"ERX6700412"	"ERP132578"	"testis"	"Round_spermatids"	NA	NA	NA	"CL:4030036"	"early spermatid"	"perfect match"	"SN260"	NA	3
"ACACGCGCACGTAGAG"	""	"ERX6700412"	"ERP132578"	"testis"	"Elongated_spermatids"	NA	NA	NA	"CL:4030037"	"late spermatid"	"perfect match"	"SN260"	NA	1
"ACACGCGCAGTCAGTT"	""	"ERX6700412"	"ERP132578"	"testis"	"Spermatocytes"	NA	NA	NA	"CL:0000017"	"spermatocyte"	"perfect match"	"SN260"	NA	2
"ACACGCGTCCGCACGA"	""	"ERX6700412"	"ERP132578"	"testis"	"Round_spermatids"	NA	NA	NA	"CL:4030036"	"early spermatid"	"perfect match"	"SN260"	NA	3
"ACACGCGTCTCGACGG"	""	"ERX6700412"	"ERP132578"	"testis"	"Spermatocytes"	NA	NA	NA	"CL:0000017"	"spermatocyte"	"perfect match"	"SN260"	NA	2
"ACACGCGTCTCGGTCT"	""	"ERX6700412"	"ERP132578"	"testis"	"Round_spermatids"	NA	NA	NA	"CL:4030036"	"early spermatid"	"perfect match"	"SN260"	NA	3
"ACACTGAAGCGCAATG"	""	"ERX6700412"	"ERP132578"	"testis"	"Round_spermatids"	NA	NA	NA	"CL:4030036"	"early spermatid"	"perfect match"	"SN260"	NA	3
"ACACTGACAATAGGAT"	""	"ERX6700412"	"ERP132578"	"testis"	"Round_spermatids"	NA	NA	NA	"CL:4030036"	"early spermatid"	"perfect match"	"SN260"	NA	3
"ACACTGACACTATGTG"	""	"ERX6700412"	"ERP132578"	"testis"	"Spermatogonia"	NA	NA	NA	"CL:0000020"	"spermatogonium"	"perfect match"	"SN260"	NA	4
"ACACTGACAGAGATGC"	""	"ERX6700412"	"ERP132578"	"testis"	"Round_spermatids"	NA	NA	NA	"CL:4030036"	"early spermatid"	"perfect match"	"SN260"	NA	3
"ACACTGACAGCGTACC"	""	"ERX6700412"	"ERP132578"	"testis"	"Spermatocytes"	NA	NA	NA	"CL:0000017"	"spermatocyte"	"perfect match"	"SN260"	NA	2
"ACACTGAGTCGTCTCT"	""	"ERX6700412"	"ERP132578"	"testis"	"Spermatogonia"	NA	NA	NA	"CL:0000020"	"spermatogonium"	"perfect match"	"SN260"	NA	4
"ACACTGATCATGCTAG"	""	"ERX6700412"	"ERP132578"	"testis"	"Round_spermatids"	NA	NA	NA	"CL:4030036"	"early spermatid"	"perfect match"	"SN260"	NA	3
"ACACTGATCCAAATGC"	""	"ERX6700412"	"ERP132578"	"testis"	"Round_spermatids"	NA	NA	NA	"CL:4030036"	"early spermatid"	"perfect match"	"SN260"	NA	3
"ACACTGATCCTCCACA"	""	"ERX6700412"	"ERP132578"	"testis"	"Elongated_spermatids"	NA	NA	NA	"CL:4030037"	"late spermatid"	"perfect match"	"SN260"	NA	1
"ACACTGATCTTAGGAC"	""	"ERX6700412"	"ERP132578"	"testis"	"Spermatocytes"	NA	NA	NA	"CL:0000017"	"spermatocyte"	"perfect match"	"SN260"	NA	2
"ACAGAAACATACACCA"	""	"ERX6700412"	"ERP132578"	"testis"	"Spermatocytes"	NA	NA	NA	"CL:0000017"	"spermatocyte"	"perfect match"	"SN260"	NA	2
"ACAGAAAGTAAGAACT"	""	"ERX6700412"	"ERP132578"	"testis"	"Elongated_spermatids"	NA	NA	NA	"CL:4030037"	"late spermatid"	"perfect match"	"SN260"	NA	1
"ACAGAAAGTCTTTCTA"	""	"ERX6700412"	"ERP132578"	"testis"	"Spermatogonia"	NA	NA	NA	"CL:0000020"	"spermatogonium"	"perfect match"	"SN260"	NA	4
"ACAGAAAGTGGGCTCT"	""	"ERX6700412"	"ERP132578"	"testis"	"Round_spermatids"	NA	NA	NA	"CL:4030036"	"early spermatid"	"perfect match"	"SN260"	NA	3
"ACAGAAAGTTACGATC"	""	"ERX6700412"	"ERP132578"	"testis"	"Round_spermatids"	NA	NA	NA	"CL:4030036"	"early spermatid"	"perfect match"	"SN260"	NA	3
"ACAGCCGAGTTTAGGA"	""	"ERX6700412"	"ERP132578"	"testis"	"Spermatogonia"	NA	NA	NA	"CL:0000020"	"spermatogonium"	"perfect match"	"SN260"	NA	4
"ACAGCCGCATGACTGT"	""	"ERX6700412"	"ERP132578"	"testis"	"Spermatocytes"	NA	NA	NA	"CL:0000017"	"spermatocyte"	"perfect match"	"SN260"	NA	2
"ACAGCCGTCGGCTGGT"	""	"ERX6700412"	"ERP132578"	"testis"	"Elongated_spermatids"	NA	NA	NA	"CL:4030037"	"late spermatid"	"perfect match"	"SN260"	NA	1
"ACAGGGAAGCTCCCTT"	""	"ERX6700412"	"ERP132578"	"testis"	"Round_spermatids"	NA	NA	NA	"CL:4030036"	"early spermatid"	"perfect match"	"SN260"	NA	3
"ACAGGGAAGTCACACT"	""	"ERX6700412"	"ERP132578"	"testis"	"Round_spermatids"	NA	NA	NA	"CL:4030036"	"early spermatid"	"perfect match"	"SN260"	NA	3
"ACAGGGAGTAACCCTA"	""	"ERX6700412"	"ERP132578"	"testis"	"Spermatocytes"	NA	NA	NA	"CL:0000017"	"spermatocyte"	"perfect match"	"SN260"	NA	2
"ACATCCCAGCATGTTC"	""	"ERX6700412"	"ERP132578"	"testis"	"Elongated_spermatids"	NA	NA	NA	"CL:4030037"	"late spermatid"	"perfect match"	"SN260"	NA	1
"ACATCCCCAGCACGAA"	""	"ERX6700412"	"ERP132578"	"testis"	"Elongated_spermatids"	NA	NA	NA	"CL:4030037"	"late spermatid"	"perfect match"	"SN260"	NA	1
"ACATCCCGTGATCATC"	""	"ERX6700412"	"ERP132578"	"testis"	"Round_spermatids"	NA	NA	NA	"CL:4030036"	"early spermatid"	"perfect match"	"SN260"	NA	3
"ACATCCCTCCAAGCCG"	""	"ERX6700412"	"ERP132578"	"testis"	"Elongated_spermatids"	NA	NA	NA	"CL:4030037"	"late spermatid"	"perfect match"	"SN260"	NA	1
"ACATCCCTCGCCGATG"	""	"ERX6700412"	"ERP132578"	"testis"	"Round_spermatids"	NA	NA	NA	"CL:4030036"	"early spermatid"	"perfect match"	"SN260"	NA	3
"ACATCGACATGTGGCC"	""	"ERX6700412"	"ERP132578"	"testis"	"Elongated_spermatids"	NA	NA	NA	"CL:4030037"	"late spermatid"	"perfect match"	"SN260"	NA	1
"ACATCGAGTACGATTC"	""	"ERX6700412"	"ERP132578"	"testis"	"Elongated_spermatids"	NA	NA	NA	"CL:4030037"	"late spermatid"	"perfect match"	"SN260"	NA	1
"ACATGCAGTTAACCTG"	""	"ERX6700412"	"ERP132578"	"testis"	"Elongated_spermatids"	NA	NA	NA	"CL:4030037"	"late spermatid"	"perfect match"	"SN260"	NA	1
"ACATTTCAGAAGTCAT"	""	"ERX6700412"	"ERP132578"	"testis"	"Elongated_spermatids"	NA	NA	NA	"CL:4030037"	"late spermatid"	"perfect match"	"SN260"	NA	1
"ACATTTCCACAACGCC"	""	"ERX6700412"	"ERP132578"	"testis"	"Spermatocytes"	NA	NA	NA	"CL:0000017"	"spermatocyte"	"perfect match"	"SN260"	NA	2
"ACATTTCTCAGCTGTA"	""	"ERX6700412"	"ERP132578"	"testis"	"Round_spermatids"	NA	NA	NA	"CL:4030036"	"early spermatid"	"perfect match"	"SN260"	NA	3
"ACCAAACAGATTACCC"	""	"ERX6700412"	"ERP132578"	"testis"	"Elongated_spermatids"	NA	NA	NA	"CL:4030037"	"late spermatid"	"perfect match"	"SN260"	NA	1
"ACCAACAAGCCTATTG"	""	"ERX6700412"	"ERP132578"	"testis"	"Elongated_spermatids"	NA	NA	NA	"CL:4030037"	"late spermatid"	"perfect match"	"SN260"	NA	1
"ACCAACAAGGCTCAAG"	""	"ERX6700412"	"ERP132578"	"testis"	"Round_spermatids"	NA	NA	NA	"CL:4030036"	"early spermatid"	"perfect match"	"SN260"	NA	3
"ACCAACAGTCAGGTAG"	""	"ERX6700412"	"ERP132578"	"testis"	"Round_spermatids"	NA	NA	NA	"CL:4030036"	"early spermatid"	"perfect match"	"SN260"	NA	3
"ACCAACAGTGACAGGT"	""	"ERX6700412"	"ERP132578"	"testis"	"Round_spermatids"	NA	NA	NA	"CL:4030036"	"early spermatid"	"perfect match"	"SN260"	NA	3
"ACCAACATCGTTCTCG"	""	"ERX6700412"	"ERP132578"	"testis"	"Round_spermatids"	NA	NA	NA	"CL:4030036"	"early spermatid"	"perfect match"	"SN260"	NA	3
"ACCACAAAGTTAGTGA"	""	"ERX6700412"	"ERP132578"	"testis"	"Round_spermatids"	NA	NA	NA	"CL:4030036"	"early spermatid"	"perfect match"	"SN260"	NA	3
"ACCACAACATCACAGT"	""	"ERX6700412"	"ERP132578"	"testis"	"Spermatocytes"	NA	NA	NA	"CL:0000017"	"spermatocyte"	"perfect match"	"SN260"	NA	2
"ACCATTTAGTTCGCAT"	""	"ERX6700412"	"ERP132578"	"testis"	"Round_spermatids"	NA	NA	NA	"CL:4030036"	"early spermatid"	"perfect match"	"SN260"	NA	3
"ACCATTTGTACTCCGG"	""	"ERX6700412"	"ERP132578"	"testis"	"Round_spermatids"	NA	NA	NA	"CL:4030036"	"early spermatid"	"perfect match"	"SN260"	NA	3
"ACCATTTGTTCCCAAA"	""	"ERX6700412"	"ERP132578"	"testis"	"Round_spermatids"	NA	NA	NA	"CL:4030036"	"early spermatid"	"perfect match"	"SN260"	NA	3
"ACCATTTTCTGAGTCA"	""	"ERX6700412"	"ERP132578"	"testis"	"Elongated_spermatids"	NA	NA	NA	"CL:4030037"	"late spermatid"	"perfect match"	"SN260"	NA	1
"ACCCAAAAGCAGCGAT"	""	"ERX6700412"	"ERP132578"	"testis"	"Spermatocytes"	NA	NA	NA	"CL:0000017"	"spermatocyte"	"perfect match"	"SN260"	NA	2
"ACCCAAATCATCCCGT"	""	"ERX6700412"	"ERP132578"	"testis"	"Elongated_spermatids"	NA	NA	NA	"CL:4030037"	"late spermatid"	"perfect match"	"SN260"	NA	1
"ACCCTCAAGATAACGT"	""	"ERX6700412"	"ERP132578"	"testis"	"Spermatocytes"	NA	NA	NA	"CL:0000017"	"spermatocyte"	"perfect match"	"SN260"	NA	2
"ACCCTTGAGTCTCGTA"	""	"ERX6700412"	"ERP132578"	"testis"	"Round_spermatids"	NA	NA	NA	"CL:4030036"	"early spermatid"	"perfect match"	"SN260"	NA	3
"ACCCTTGCAACACGAG"	""	"ERX6700412"	"ERP132578"	"testis"	"Elongated_spermatids"	NA	NA	NA	"CL:4030037"	"late spermatid"	"perfect match"	"SN260"	NA	1
"ACCCTTGCACGCTGCA"	""	"ERX6700412"	"ERP132578"	"testis"	"Other_somatic"	NA	NA	NA	"CL:0002371"	"somatic cell"	"perfect match"	"SN260"	NA	5
"ACCCTTGCAGCGTTTA"	""	"ERX6700412"	"ERP132578"	"testis"	"Round_spermatids"	NA	NA	NA	"CL:4030036"	"early spermatid"	"perfect match"	"SN260"	NA	3
"ACCCTTGGTGCTGCAC"	""	"ERX6700412"	"ERP132578"	"testis"	"Round_spermatids"	NA	NA	NA	"CL:4030036"	"early spermatid"	"perfect match"	"SN260"	NA	3
"ACCGTTCAGACCTCCG"	""	"ERX6700412"	"ERP132578"	"testis"	"Round_spermatids"	NA	NA	NA	"CL:4030036"	"early spermatid"	"perfect match"	"SN260"	NA	3
"ACCGTTCAGTCAAGCG"	""	"ERX6700412"	"ERP132578"	"testis"	"Round_spermatids"	NA	NA	NA	"CL:4030036"	"early spermatid"	"perfect match"	"SN260"	NA	3
"ACCGTTCCACGTATAC"	""	"ERX6700412"	"ERP132578"	"testis"	"Spermatocytes"	NA	NA	NA	"CL:0000017"	"spermatocyte"	"perfect match"	"SN260"	NA	2
"ACCTACCAGCGCTGCT"	""	"ERX6700412"	"ERP132578"	"testis"	"Round_spermatids"	NA	NA	NA	"CL:4030036"	"early spermatid"	"perfect match"	"SN260"	NA	3
"ACCTACCAGGGCTAAC"	""	"ERX6700412"	"ERP132578"	"testis"	"Spermatocytes"	NA	NA	NA	"CL:0000017"	"spermatocyte"	"perfect match"	"SN260"	NA	2
"ACCTACCTCCTACTGC"	""	"ERX6700412"	"ERP132578"	"testis"	"Round_spermatids"	NA	NA	NA	"CL:4030036"	"early spermatid"	"perfect match"	"SN260"	NA	3
"ACCTACCTCTGGACTA"	""	"ERX6700412"	"ERP132578"	"testis"	"Elongated_spermatids"	NA	NA	NA	"CL:4030037"	"late spermatid"	"perfect match"	"SN260"	NA	1
"ACCTGAAAGTCCCAGC"	""	"ERX6700412"	"ERP132578"	"testis"	"Round_spermatids"	NA	NA	NA	"CL:4030036"	"early spermatid"	"perfect match"	"SN260"	NA	3
"ACCTGAACACGCCACA"	""	"ERX6700412"	"ERP132578"	"testis"	"Round_spermatids"	NA	NA	NA	"CL:4030036"	"early spermatid"	"perfect match"	"SN260"	NA	3
"ACCTGAACAGAGAGGG"	""	"ERX6700412"	"ERP132578"	"testis"	"Round_spermatids"	NA	NA	NA	"CL:4030036"	"early spermatid"	"perfect match"	"SN260"	NA	3
"ACCTGAAGTGATTCTG"	""	"ERX6700412"	"ERP132578"	"testis"	"Round_spermatids"	NA	NA	NA	"CL:4030036"	"early spermatid"	"perfect match"	"SN260"	NA	3
"ACCTGAAGTGTCTTCC"	""	"ERX6700412"	"ERP132578"	"testis"	"Elongated_spermatids"	NA	NA	NA	"CL:4030037"	"late spermatid"	"perfect match"	"SN260"	NA	1
"ACCTGAAGTTGCCGAC"	""	"ERX6700412"	"ERP132578"	"testis"	"Round_spermatids"	NA	NA	NA	"CL:4030036"	"early spermatid"	"perfect match"	"SN260"	NA	3
"ACCTGTCAGGCTTTCA"	""	"ERX6700412"	"ERP132578"	"testis"	"Round_spermatids"	NA	NA	NA	"CL:4030036"	"early spermatid"	"perfect match"	"SN260"	NA	3
"ACCTGTCCAATGTGGG"	""	"ERX6700412"	"ERP132578"	"testis"	"Spermatocytes"	NA	NA	NA	"CL:0000017"	"spermatocyte"	"perfect match"	"SN260"	NA	2
"ACCTGTCGTACCCACG"	""	"ERX6700412"	"ERP132578"	"testis"	"Round_spermatids"	NA	NA	NA	"CL:4030036"	"early spermatid"	"perfect match"	"SN260"	NA	3
"ACCTGTCTCTCCTGAC"	""	"ERX6700412"	"ERP132578"	"testis"	"Spermatocytes"	NA	NA	NA	"CL:0000017"	"spermatocyte"	"perfect match"	"SN260"	NA	2
"ACGATCACAATTCGTG"	""	"ERX6700412"	"ERP132578"	"testis"	"Round_spermatids"	NA	NA	NA	"CL:4030036"	"early spermatid"	"perfect match"	"SN260"	NA	3
"ACGATCAGTATGGAGC"	""	"ERX6700412"	"ERP132578"	"testis"	"Round_spermatids"	NA	NA	NA	"CL:4030036"	"early spermatid"	"perfect match"	"SN260"	NA	3
"ACGATCATCGGACTTA"	""	"ERX6700412"	"ERP132578"	"testis"	"Other_somatic"	NA	NA	NA	"CL:0002371"	"somatic cell"	"perfect match"	"SN260"	NA	5
"ACGATGTAGAAGTCTA"	""	"ERX6700412"	"ERP132578"	"testis"	"Other_somatic"	NA	NA	NA	"CL:0002371"	"somatic cell"	"perfect match"	"SN260"	NA	5
"ACGATGTAGTGCTCAT"	""	"ERX6700412"	"ERP132578"	"testis"	"Spermatogonia"	NA	NA	NA	"CL:0000020"	"spermatogonium"	"perfect match"	"SN260"	NA	4
"ACGATGTGTGAATATG"	""	"ERX6700412"	"ERP132578"	"testis"	"Round_spermatids"	NA	NA	NA	"CL:4030036"	"early spermatid"	"perfect match"	"SN260"	NA	3
"ACGCACGAGTAACGAT"	""	"ERX6700412"	"ERP132578"	"testis"	"Spermatocytes"	NA	NA	NA	"CL:0000017"	"spermatocyte"	"perfect match"	"SN260"	NA	2
"ACGCACGCAAGGCCTC"	""	"ERX6700412"	"ERP132578"	"testis"	"Round_spermatids"	NA	NA	NA	"CL:4030036"	"early spermatid"	"perfect match"	"SN260"	NA	3
"ACGCACGCAGTCTACA"	""	"ERX6700412"	"ERP132578"	"testis"	"Round_spermatids"	NA	NA	NA	"CL:4030036"	"early spermatid"	"perfect match"	"SN260"	NA	3
"ACGCACGTCGCCTATC"	""	"ERX6700412"	"ERP132578"	"testis"	"Spermatogonia"	NA	NA	NA	"CL:0000020"	"spermatogonium"	"perfect match"	"SN260"	NA	4
"ACGGAAGAGAAGCGGG"	""	"ERX6700412"	"ERP132578"	"testis"	"Round_spermatids"	NA	NA	NA	"CL:4030036"	"early spermatid"	"perfect match"	"SN260"	NA	3
"ACGGAAGCATTCTCTA"	""	"ERX6700412"	"ERP132578"	"testis"	"Spermatocytes"	NA	NA	NA	"CL:0000017"	"spermatocyte"	"perfect match"	"SN260"	NA	2
"ACGGAAGGTTATTCTC"	""	"ERX6700412"	"ERP132578"	"testis"	"Round_spermatids"	NA	NA	NA	"CL:4030036"	"early spermatid"	"perfect match"	"SN260"	NA	3
"ACGGGTCAGATAGGGA"	""	"ERX6700412"	"ERP132578"	"testis"	"Spermatocytes"	NA	NA	NA	"CL:0000017"	"spermatocyte"	"perfect match"	"SN260"	NA	2
"ACGGGTCGTACAGCGA"	""	"ERX6700412"	"ERP132578"	"testis"	"Round_spermatids"	NA	NA	NA	"CL:4030036"	"early spermatid"	"perfect match"	"SN260"	NA	3
"ACGGGTCGTCGGAACA"	""	"ERX6700412"	"ERP132578"	"testis"	"Elongated_spermatids"	NA	NA	NA	"CL:4030037"	"late spermatid"	"perfect match"	"SN260"	NA	1
"ACGGGTCGTGACCTGC"	""	"ERX6700412"	"ERP132578"	"testis"	"Round_spermatids"	NA	NA	NA	"CL:4030036"	"early spermatid"	"perfect match"	"SN260"	NA	3
"ACGGGTCTCATTTACC"	""	"ERX6700412"	"ERP132578"	"testis"	"Elongated_spermatids"	NA	NA	NA	"CL:4030037"	"late spermatid"	"perfect match"	"SN260"	NA	1
"ACGGGTCTCCGACATA"	""	"ERX6700412"	"ERP132578"	"testis"	"Elongated_spermatids"	NA	NA	NA	"CL:4030037"	"late spermatid"	"perfect match"	"SN260"	NA	1
"ACGGTCGAGGAAGTGA"	""	"ERX6700412"	"ERP132578"	"testis"	"Spermatocytes"	NA	NA	NA	"CL:0000017"	"spermatocyte"	"perfect match"	"SN260"	NA	2
"ACGGTCGCACTGTCCT"	""	"ERX6700412"	"ERP132578"	"testis"	"Other_somatic"	NA	NA	NA	"CL:0002371"	"somatic cell"	"perfect match"	"SN260"	NA	5
"ACGGTTAGTAAGTTGA"	""	"ERX6700412"	"ERP132578"	"testis"	"Elongated_spermatids"	NA	NA	NA	"CL:4030037"	"late spermatid"	"perfect match"	"SN260"	NA	1
"ACGTAACAGATAGCTA"	""	"ERX6700412"	"ERP132578"	"testis"	"Other_somatic"	NA	NA	NA	"CL:0002371"	"somatic cell"	"perfect match"	"SN260"	NA	5
"ACGTAACAGGTGCTGA"	""	"ERX6700412"	"ERP132578"	"testis"	"Spermatogonia"	NA	NA	NA	"CL:0000020"	"spermatogonium"	"perfect match"	"SN260"	NA	4
"ACGTAACGTTGGATCT"	""	"ERX6700412"	"ERP132578"	"testis"	"Elongated_spermatids"	NA	NA	NA	"CL:4030037"	"late spermatid"	"perfect match"	"SN260"	NA	1
"ACGTACAAGCCTTTGA"	""	"ERX6700412"	"ERP132578"	"testis"	"Round_spermatids"	NA	NA	NA	"CL:4030036"	"early spermatid"	"perfect match"	"SN260"	NA	3
"ACGTACACATGAGTAA"	""	"ERX6700412"	"ERP132578"	"testis"	"Round_spermatids"	NA	NA	NA	"CL:4030036"	"early spermatid"	"perfect match"	"SN260"	NA	3
"ACGTACAGTAATGCGG"	""	"ERX6700412"	"ERP132578"	"testis"	"Elongated_spermatids"	NA	NA	NA	"CL:4030037"	"late spermatid"	"perfect match"	"SN260"	NA	1
"ACGTACAGTATCAGGG"	""	"ERX6700412"	"ERP132578"	"testis"	"Round_spermatids"	NA	NA	NA	"CL:4030036"	"early spermatid"	"perfect match"	"SN260"	NA	3
"ACGTACAGTCGGCACT"	""	"ERX6700412"	"ERP132578"	"testis"	"Elongated_spermatids"	NA	NA	NA	"CL:4030037"	"late spermatid"	"perfect match"	"SN260"	NA	1
"ACGTACATCCAAGCAT"	""	"ERX6700412"	"ERP132578"	"testis"	"Round_spermatids"	NA	NA	NA	"CL:4030036"	"early spermatid"	"perfect match"	"SN260"	NA	3
"ACGTACATCTTACGTT"	""	"ERX6700412"	"ERP132578"	"testis"	"Round_spermatids"	NA	NA	NA	"CL:4030036"	"early spermatid"	"perfect match"	"SN260"	NA	3
"ACGTAGTTCAGGGATG"	""	"ERX6700412"	"ERP132578"	"testis"	"Round_spermatids"	NA	NA	NA	"CL:4030036"	"early spermatid"	"perfect match"	"SN260"	NA	3
"ACGTCCTAGTGGATAT"	""	"ERX6700412"	"ERP132578"	"testis"	"Round_spermatids"	NA	NA	NA	"CL:4030036"	"early spermatid"	"perfect match"	"SN260"	NA	3
"ACGTCCTCATAGGCGA"	""	"ERX6700412"	"ERP132578"	"testis"	"Spermatocytes"	NA	NA	NA	"CL:0000017"	"spermatocyte"	"perfect match"	"SN260"	NA	2
"ACGTCCTCATTATGCG"	""	"ERX6700412"	"ERP132578"	"testis"	"Elongated_spermatids"	NA	NA	NA	"CL:4030037"	"late spermatid"	"perfect match"	"SN260"	NA	1
"ACGTCCTGTCTTCCGT"	""	"ERX6700412"	"ERP132578"	"testis"	"Elongated_spermatids"	NA	NA	NA	"CL:4030037"	"late spermatid"	"perfect match"	"SN260"	NA	1
"ACGTCCTGTTAGTCGT"	""	"ERX6700412"	"ERP132578"	"testis"	"Spermatocytes"	NA	NA	NA	"CL:0000017"	"spermatocyte"	"perfect match"	"SN260"	NA	2
"ACGTCCTTCCTCGATC"	""	"ERX6700412"	"ERP132578"	"testis"	"Round_spermatids"	NA	NA	NA	"CL:4030036"	"early spermatid"	"perfect match"	"SN260"	NA	3
"ACGTTCCCATGCCGAC"	""	"ERX6700412"	"ERP132578"	"testis"	"Spermatogonia"	NA	NA	NA	"CL:0000020"	"spermatogonium"	"perfect match"	"SN260"	NA	4
"ACTACGAAGGAGGCAG"	""	"ERX6700412"	"ERP132578"	"testis"	"Spermatocytes"	NA	NA	NA	"CL:0000017"	"spermatocyte"	"perfect match"	"SN260"	NA	2
"ACTACGACACTACTTT"	""	"ERX6700412"	"ERP132578"	"testis"	"Spermatocytes"	NA	NA	NA	"CL:0000017"	"spermatocyte"	"perfect match"	"SN260"	NA	2
"ACTACGACACTCTGCT"	""	"ERX6700412"	"ERP132578"	"testis"	"Elongated_spermatids"	NA	NA	NA	"CL:4030037"	"late spermatid"	"perfect match"	"SN260"	NA	1
"ACTACGACATGTTTGG"	""	"ERX6700412"	"ERP132578"	"testis"	"Round_spermatids"	NA	NA	NA	"CL:4030036"	"early spermatid"	"perfect match"	"SN260"	NA	3
"ACTATCTAGTTAGTAG"	""	"ERX6700412"	"ERP132578"	"testis"	"Elongated_spermatids"	NA	NA	NA	"CL:4030037"	"late spermatid"	"perfect match"	"SN260"	NA	1
"ACTATCTCAGCCGGTT"	""	"ERX6700412"	"ERP132578"	"testis"	"Round_spermatids"	NA	NA	NA	"CL:4030036"	"early spermatid"	"perfect match"	"SN260"	NA	3
"ACTATCTGTATCAAGA"	""	"ERX6700412"	"ERP132578"	"testis"	"Round_spermatids"	NA	NA	NA	"CL:4030036"	"early spermatid"	"perfect match"	"SN260"	NA	3
"ACTATCTTCTATACTC"	""	"ERX6700412"	"ERP132578"	"testis"	"Elongated_spermatids"	NA	NA	NA	"CL:4030037"	"late spermatid"	"perfect match"	"SN260"	NA	1
"ACTATGGCAATTGCTG"	""	"ERX6700412"	"ERP132578"	"testis"	"Elongated_spermatids"	NA	NA	NA	"CL:4030037"	"late spermatid"	"perfect match"	"SN260"	NA	1
"ACTATGGCATTAGGAA"	""	"ERX6700412"	"ERP132578"	"testis"	"Round_spermatids"	NA	NA	NA	"CL:4030036"	"early spermatid"	"perfect match"	"SN260"	NA	3
"ACTATGGTCGGTCTGG"	""	"ERX6700412"	"ERP132578"	"testis"	"Elongated_spermatids"	NA	NA	NA	"CL:4030037"	"late spermatid"	"perfect match"	"SN260"	NA	1
"ACTATTCAGAGTTGTA"	""	"ERX6700412"	"ERP132578"	"testis"	"Round_spermatids"	NA	NA	NA	"CL:4030036"	"early spermatid"	"perfect match"	"SN260"	NA	3
"ACTATTCGTACGTGTT"	""	"ERX6700412"	"ERP132578"	"testis"	"Spermatocytes"	NA	NA	NA	"CL:0000017"	"spermatocyte"	"perfect match"	"SN260"	NA	2
"ACTCCCAAGTAGATCA"	""	"ERX6700412"	"ERP132578"	"testis"	"Round_spermatids"	NA	NA	NA	"CL:4030036"	"early spermatid"	"perfect match"	"SN260"	NA	3
"ACTCCCAGTACTTCCC"	""	"ERX6700412"	"ERP132578"	"testis"	"Round_spermatids"	NA	NA	NA	"CL:4030036"	"early spermatid"	"perfect match"	"SN260"	NA	3
"ACTCCCATCTGCTGAA"	""	"ERX6700412"	"ERP132578"	"testis"	"Spermatogonia"	NA	NA	NA	"CL:0000020"	"spermatogonium"	"perfect match"	"SN260"	NA	4
"ACTCCCATCTGGAAGG"	""	"ERX6700412"	"ERP132578"	"testis"	"Round_spermatids"	NA	NA	NA	"CL:4030036"	"early spermatid"	"perfect match"	"SN260"	NA	3
"ACTCTCGAGCCGCACT"	""	"ERX6700412"	"ERP132578"	"testis"	"Round_spermatids"	NA	NA	NA	"CL:4030036"	"early spermatid"	"perfect match"	"SN260"	NA	3
"ACTCTCGAGTAGACAT"	""	"ERX6700412"	"ERP132578"	"testis"	"Spermatocytes"	NA	NA	NA	"CL:0000017"	"spermatocyte"	"perfect match"	"SN260"	NA	2
"ACTCTCGCACCGTCGA"	""	"ERX6700412"	"ERP132578"	"testis"	"Elongated_spermatids"	NA	NA	NA	"CL:4030037"	"late spermatid"	"perfect match"	"SN260"	NA	1
"ACTCTCGCACTGATTG"	""	"ERX6700412"	"ERP132578"	"testis"	"Spermatocytes"	NA	NA	NA	"CL:0000017"	"spermatocyte"	"perfect match"	"SN260"	NA	2
"ACTCTCGGTCAGTCTA"	""	"ERX6700412"	"ERP132578"	"testis"	"Spermatocytes"	NA	NA	NA	"CL:0000017"	"spermatocyte"	"perfect match"	"SN260"	NA	2
"ACTCTCGGTGAGTTGG"	""	"ERX6700412"	"ERP132578"	"testis"	"Elongated_spermatids"	NA	NA	NA	"CL:4030037"	"late spermatid"	"perfect match"	"SN260"	NA	1
"ACTCTCGTCATGGGAG"	""	"ERX6700412"	"ERP132578"	"testis"	"Round_spermatids"	NA	NA	NA	"CL:4030036"	"early spermatid"	"perfect match"	"SN260"	NA	3
"ACTCTCGTCGCAAGAG"	""	"ERX6700412"	"ERP132578"	"testis"	"Spermatocytes"	NA	NA	NA	"CL:0000017"	"spermatocyte"	"perfect match"	"SN260"	NA	2
"ACTGATGAGATGCCGA"	""	"ERX6700412"	"ERP132578"	"testis"	"Spermatocytes"	NA	NA	NA	"CL:0000017"	"spermatocyte"	"perfect match"	"SN260"	NA	2
"ACTGATGCATTGAGCT"	""	"ERX6700412"	"ERP132578"	"testis"	"Round_spermatids"	NA	NA	NA	"CL:4030036"	"early spermatid"	"perfect match"	"SN260"	NA	3
"ACTGATGGTTCTCTCG"	""	"ERX6700412"	"ERP132578"	"testis"	"Spermatocytes"	NA	NA	NA	"CL:0000017"	"spermatocyte"	"perfect match"	"SN260"	NA	2
"ACTGATGTCAAACCCA"	""	"ERX6700412"	"ERP132578"	"testis"	"Elongated_spermatids"	NA	NA	NA	"CL:4030037"	"late spermatid"	"perfect match"	"SN260"	NA	1
"ACTGCAACATTCTCTA"	""	"ERX6700412"	"ERP132578"	"testis"	"Spermatocytes"	NA	NA	NA	"CL:0000017"	"spermatocyte"	"perfect match"	"SN260"	NA	2
"ACTGTCCCACGACGTC"	""	"ERX6700412"	"ERP132578"	"testis"	"Spermatocytes"	NA	NA	NA	"CL:0000017"	"spermatocyte"	"perfect match"	"SN260"	NA	2
"ACTGTCCGTAAGGCTG"	""	"ERX6700412"	"ERP132578"	"testis"	"Round_spermatids"	NA	NA	NA	"CL:4030036"	"early spermatid"	"perfect match"	"SN260"	NA	3
"ACTGTCCGTATGGGAC"	""	"ERX6700412"	"ERP132578"	"testis"	"Round_spermatids"	NA	NA	NA	"CL:4030036"	"early spermatid"	"perfect match"	"SN260"	NA	3
"ACTGTCCTCACGGGAA"	""	"ERX6700412"	"ERP132578"	"testis"	"Round_spermatids"	NA	NA	NA	"CL:4030036"	"early spermatid"	"perfect match"	"SN260"	NA	3
"ACTGTCCTCCATGAGT"	""	"ERX6700412"	"ERP132578"	"testis"	"Round_spermatids"	NA	NA	NA	"CL:4030036"	"early spermatid"	"perfect match"	"SN260"	NA	3
"ACTGTCCTCCGATGTA"	""	"ERX6700412"	"ERP132578"	"testis"	"Spermatocytes"	NA	NA	NA	"CL:0000017"	"spermatocyte"	"perfect match"	"SN260"	NA	2
"ACTGTCCTCTGCCCTA"	""	"ERX6700412"	"ERP132578"	"testis"	"Round_spermatids"	NA	NA	NA	"CL:4030036"	"early spermatid"	"perfect match"	"SN260"	NA	3
"ACTGTGAGTTATAGAG"	""	"ERX6700412"	"ERP132578"	"testis"	"Round_spermatids"	NA	NA	NA	"CL:4030036"	"early spermatid"	"perfect match"	"SN260"	NA	3
"ACTGTGATCGCCTCTA"	""	"ERX6700412"	"ERP132578"	"testis"	"Spermatocytes"	NA	NA	NA	"CL:0000017"	"spermatocyte"	"perfect match"	"SN260"	NA	2
"ACTTAGGGTGTCATCA"	""	"ERX6700412"	"ERP132578"	"testis"	"Round_spermatids"	NA	NA	NA	"CL:4030036"	"early spermatid"	"perfect match"	"SN260"	NA	3
"ACTTAGGGTTTGTTCT"	""	"ERX6700412"	"ERP132578"	"testis"	"Round_spermatids"	NA	NA	NA	"CL:4030036"	"early spermatid"	"perfect match"	"SN260"	NA	3
"ACTTATCGTAGTACGG"	""	"ERX6700412"	"ERP132578"	"testis"	"Spermatogonia"	NA	NA	NA	"CL:0000020"	"spermatogonium"	"perfect match"	"SN260"	NA	4
"ACTTCCGAGATCCTAC"	""	"ERX6700412"	"ERP132578"	"testis"	"Spermatogonia"	NA	NA	NA	"CL:0000020"	"spermatogonium"	"perfect match"	"SN260"	NA	4
"ACTTCCGTCACTGGTA"	""	"ERX6700412"	"ERP132578"	"testis"	"Round_spermatids"	NA	NA	NA	"CL:4030036"	"early spermatid"	"perfect match"	"SN260"	NA	3
"ACTTCCGTCAGCTTCC"	""	"ERX6700412"	"ERP132578"	"testis"	"Round_spermatids"	NA	NA	NA	"CL:4030036"	"early spermatid"	"perfect match"	"SN260"	NA	3
"ACTTCCGTCTAGCAAC"	""	"ERX6700412"	"ERP132578"	"testis"	"Round_spermatids"	NA	NA	NA	"CL:4030036"	"early spermatid"	"perfect match"	"SN260"	NA	3
"ACTTTGTCAGCCGTCA"	""	"ERX6700412"	"ERP132578"	"testis"	"Spermatocytes"	NA	NA	NA	"CL:0000017"	"spermatocyte"	"perfect match"	"SN260"	NA	2
"ACTTTGTGTCCGGCAT"	""	"ERX6700412"	"ERP132578"	"testis"	"Round_spermatids"	NA	NA	NA	"CL:4030036"	"early spermatid"	"perfect match"	"SN260"	NA	3
"ACTTTGTTCGCTCTCA"	""	"ERX6700412"	"ERP132578"	"testis"	"Elongated_spermatids"	NA	NA	NA	"CL:4030037"	"late spermatid"	"perfect match"	"SN260"	NA	1
"AGAACAAAGCTCGAAG"	""	"ERX6700412"	"ERP132578"	"testis"	"Elongated_spermatids"	NA	NA	NA	"CL:4030037"	"late spermatid"	"perfect match"	"SN260"	NA	1
"AGAACAAAGTCTCCTC"	""	"ERX6700412"	"ERP132578"	"testis"	"Round_spermatids"	NA	NA	NA	"CL:4030036"	"early spermatid"	"perfect match"	"SN260"	NA	3
"AGAACAAAGTGACACG"	""	"ERX6700412"	"ERP132578"	"testis"	"Round_spermatids"	NA	NA	NA	"CL:4030036"	"early spermatid"	"perfect match"	"SN260"	NA	3
"AGAACAACACTGCGAC"	""	"ERX6700412"	"ERP132578"	"testis"	"Elongated_spermatids"	NA	NA	NA	"CL:4030037"	"late spermatid"	"perfect match"	"SN260"	NA	1
"AGAACAAGTTATAGCC"	""	"ERX6700412"	"ERP132578"	"testis"	"Elongated_spermatids"	NA	NA	NA	"CL:4030037"	"late spermatid"	"perfect match"	"SN260"	NA	1
"AGAACAATCATCCCGT"	""	"ERX6700412"	"ERP132578"	"testis"	"Elongated_spermatids"	NA	NA	NA	"CL:4030037"	"late spermatid"	"perfect match"	"SN260"	NA	1
"AGAACCTGTAGCCAGA"	""	"ERX6700412"	"ERP132578"	"testis"	"Spermatocytes"	NA	NA	NA	"CL:0000017"	"spermatocyte"	"perfect match"	"SN260"	NA	2
"AGAACCTGTCACGTGC"	""	"ERX6700412"	"ERP132578"	"testis"	"Round_spermatids"	NA	NA	NA	"CL:4030036"	"early spermatid"	"perfect match"	"SN260"	NA	3
"AGAACCTGTGTATTGC"	""	"ERX6700412"	"ERP132578"	"testis"	"Spermatogonia"	NA	NA	NA	"CL:0000020"	"spermatogonium"	"perfect match"	"SN260"	NA	4
"AGAAGCGGTAGTCCTA"	""	"ERX6700412"	"ERP132578"	"testis"	"Elongated_spermatids"	NA	NA	NA	"CL:4030037"	"late spermatid"	"perfect match"	"SN260"	NA	1
"AGAAGTAAGTTTCTTC"	""	"ERX6700412"	"ERP132578"	"testis"	"Round_spermatids"	NA	NA	NA	"CL:4030036"	"early spermatid"	"perfect match"	"SN260"	NA	3
"AGAAGTATCATGACAC"	""	"ERX6700412"	"ERP132578"	"testis"	"Round_spermatids"	NA	NA	NA	"CL:4030036"	"early spermatid"	"perfect match"	"SN260"	NA	3
"AGACAAAAGCAGGCTA"	""	"ERX6700412"	"ERP132578"	"testis"	"Round_spermatids"	NA	NA	NA	"CL:4030036"	"early spermatid"	"perfect match"	"SN260"	NA	3
"AGACAAAAGCGACTGA"	""	"ERX6700412"	"ERP132578"	"testis"	"Round_spermatids"	NA	NA	NA	"CL:4030036"	"early spermatid"	"perfect match"	"SN260"	NA	3
"AGACAAACACCCAACG"	""	"ERX6700412"	"ERP132578"	"testis"	"Spermatocytes"	NA	NA	NA	"CL:0000017"	"spermatocyte"	"perfect match"	"SN260"	NA	2
"AGACAAAGTCACTCAA"	""	"ERX6700412"	"ERP132578"	"testis"	"Elongated_spermatids"	NA	NA	NA	"CL:4030037"	"late spermatid"	"perfect match"	"SN260"	NA	1
"AGACAAAGTGAGCCAA"	""	"ERX6700412"	"ERP132578"	"testis"	"Elongated_spermatids"	NA	NA	NA	"CL:4030037"	"late spermatid"	"perfect match"	"SN260"	NA	1
"AGACACTAGACATAGT"	""	"ERX6700412"	"ERP132578"	"testis"	"Round_spermatids"	NA	NA	NA	"CL:4030036"	"early spermatid"	"perfect match"	"SN260"	NA	3
"AGACACTGTCCGAAGA"	""	"ERX6700412"	"ERP132578"	"testis"	"Spermatogonia"	NA	NA	NA	"CL:0000020"	"spermatogonium"	"perfect match"	"SN260"	NA	4
"AGACACTGTGCGTTTA"	""	"ERX6700412"	"ERP132578"	"testis"	"Round_spermatids"	NA	NA	NA	"CL:4030036"	"early spermatid"	"perfect match"	"SN260"	NA	3
"AGACACTTCTCGGTAA"	""	"ERX6700412"	"ERP132578"	"testis"	"Spermatogonia"	NA	NA	NA	"CL:0000020"	"spermatogonium"	"perfect match"	"SN260"	NA	4
"AGACAGGCAAACTCTG"	""	"ERX6700412"	"ERP132578"	"testis"	"Round_spermatids"	NA	NA	NA	"CL:4030036"	"early spermatid"	"perfect match"	"SN260"	NA	3
"AGACAGGGTCGAATGG"	""	"ERX6700412"	"ERP132578"	"testis"	"Spermatocytes"	NA	NA	NA	"CL:0000017"	"spermatocyte"	"perfect match"	"SN260"	NA	2
"AGACAGGGTGCGGCTT"	""	"ERX6700412"	"ERP132578"	"testis"	"Round_spermatids"	NA	NA	NA	"CL:4030036"	"early spermatid"	"perfect match"	"SN260"	NA	3
"AGACAGGGTGTTCCTC"	""	"ERX6700412"	"ERP132578"	"testis"	"Spermatocytes"	NA	NA	NA	"CL:0000017"	"spermatocyte"	"perfect match"	"SN260"	NA	2
"AGACAGGTCGCTGATA"	""	"ERX6700412"	"ERP132578"	"testis"	"Elongated_spermatids"	NA	NA	NA	"CL:4030037"	"late spermatid"	"perfect match"	"SN260"	NA	1
"AGACAGGTCGGAAGGT"	""	"ERX6700412"	"ERP132578"	"testis"	"Spermatocytes"	NA	NA	NA	"CL:0000017"	"spermatocyte"	"perfect match"	"SN260"	NA	2
"AGACCATAGATAGCTA"	""	"ERX6700412"	"ERP132578"	"testis"	"Elongated_spermatids"	NA	NA	NA	"CL:4030037"	"late spermatid"	"perfect match"	"SN260"	NA	1
"AGACCATAGTTACGAA"	""	"ERX6700412"	"ERP132578"	"testis"	"Spermatocytes"	NA	NA	NA	"CL:0000017"	"spermatocyte"	"perfect match"	"SN260"	NA	2
"AGACCATCACTGAGGA"	""	"ERX6700412"	"ERP132578"	"testis"	"Spermatogonia"	NA	NA	NA	"CL:0000020"	"spermatogonium"	"perfect match"	"SN260"	NA	4
"AGACCATGTGCCGTAC"	""	"ERX6700412"	"ERP132578"	"testis"	"Spermatocytes"	NA	NA	NA	"CL:0000017"	"spermatocyte"	"perfect match"	"SN260"	NA	2
"AGACCATTCTGGTTGA"	""	"ERX6700412"	"ERP132578"	"testis"	"Round_spermatids"	NA	NA	NA	"CL:4030036"	"early spermatid"	"perfect match"	"SN260"	NA	3
"AGACCCGCATCGCTCT"	""	"ERX6700412"	"ERP132578"	"testis"	"Round_spermatids"	NA	NA	NA	"CL:4030036"	"early spermatid"	"perfect match"	"SN260"	NA	3
"AGACCCGGTGTGTCCG"	""	"ERX6700412"	"ERP132578"	"testis"	"Elongated_spermatids"	NA	NA	NA	"CL:4030037"	"late spermatid"	"perfect match"	"SN260"	NA	1
"AGACCCGTCAGCCCAG"	""	"ERX6700412"	"ERP132578"	"testis"	"Elongated_spermatids"	NA	NA	NA	"CL:4030037"	"late spermatid"	"perfect match"	"SN260"	NA	1
"AGACTCAGTCGATTTG"	""	"ERX6700412"	"ERP132578"	"testis"	"Round_spermatids"	NA	NA	NA	"CL:4030036"	"early spermatid"	"perfect match"	"SN260"	NA	3
"AGAGAATAGAGAAGGT"	""	"ERX6700412"	"ERP132578"	"testis"	"Spermatocytes"	NA	NA	NA	"CL:0000017"	"spermatocyte"	"perfect match"	"SN260"	NA	2
"AGAGAATAGTATAACG"	""	"ERX6700412"	"ERP132578"	"testis"	"Elongated_spermatids"	NA	NA	NA	"CL:4030037"	"late spermatid"	"perfect match"	"SN260"	NA	1
"AGAGAATAGTCGGCCT"	""	"ERX6700412"	"ERP132578"	"testis"	"Spermatocytes"	NA	NA	NA	"CL:0000017"	"spermatocyte"	"perfect match"	"SN260"	NA	2
"AGAGAATTCATGAGTC"	""	"ERX6700412"	"ERP132578"	"testis"	"Round_spermatids"	NA	NA	NA	"CL:4030036"	"early spermatid"	"perfect match"	"SN260"	NA	3
"AGAGAATTCTTTGCAT"	""	"ERX6700412"	"ERP132578"	"testis"	"Spermatocytes"	NA	NA	NA	"CL:0000017"	"spermatocyte"	"perfect match"	"SN260"	NA	2
"AGAGAGCAGTCCCTAA"	""	"ERX6700412"	"ERP132578"	"testis"	"Round_spermatids"	NA	NA	NA	"CL:4030036"	"early spermatid"	"perfect match"	"SN260"	NA	3
"AGAGAGCCAACGACTT"	""	"ERX6700412"	"ERP132578"	"testis"	"Elongated_spermatids"	NA	NA	NA	"CL:4030037"	"late spermatid"	"perfect match"	"SN260"	NA	1
"AGAGAGCGTCATTGCA"	""	"ERX6700412"	"ERP132578"	"testis"	"Spermatocytes"	NA	NA	NA	"CL:0000017"	"spermatocyte"	"perfect match"	"SN260"	NA	2
"AGAGAGCGTCCTTGTC"	""	"ERX6700412"	"ERP132578"	"testis"	"Spermatocytes"	NA	NA	NA	"CL:0000017"	"spermatocyte"	"perfect match"	"SN260"	NA	2
"AGAGCAGAGGAACGTC"	""	"ERX6700412"	"ERP132578"	"testis"	"Round_spermatids"	NA	NA	NA	"CL:4030036"	"early spermatid"	"perfect match"	"SN260"	NA	3
"AGAGCAGAGGGAGTTC"	""	"ERX6700412"	"ERP132578"	"testis"	"Round_spermatids"	NA	NA	NA	"CL:4030036"	"early spermatid"	"perfect match"	"SN260"	NA	3
"AGAGCCCAGCGGATCA"	""	"ERX6700412"	"ERP132578"	"testis"	"Round_spermatids"	NA	NA	NA	"CL:4030036"	"early spermatid"	"perfect match"	"SN260"	NA	3
"AGAGCCCAGTCGAGGT"	""	"ERX6700412"	"ERP132578"	"testis"	"Spermatocytes"	NA	NA	NA	"CL:0000017"	"spermatocyte"	"perfect match"	"SN260"	NA	2
"AGAGCCCTCACGATCA"	""	"ERX6700412"	"ERP132578"	"testis"	"Elongated_spermatids"	NA	NA	NA	"CL:4030037"	"late spermatid"	"perfect match"	"SN260"	NA	1
"AGAGCCCTCACGGACC"	""	"ERX6700412"	"ERP132578"	"testis"	"Round_spermatids"	NA	NA	NA	"CL:4030036"	"early spermatid"	"perfect match"	"SN260"	NA	3
"AGATAGAGTCGACTGC"	""	"ERX6700412"	"ERP132578"	"testis"	"Elongated_spermatids"	NA	NA	NA	"CL:4030037"	"late spermatid"	"perfect match"	"SN260"	NA	1
"AGATAGAGTTGGAGAC"	""	"ERX6700412"	"ERP132578"	"testis"	"Elongated_spermatids"	NA	NA	NA	"CL:4030037"	"late spermatid"	"perfect match"	"SN260"	NA	1
"AGATCCATCTCTTCAA"	""	"ERX6700412"	"ERP132578"	"testis"	"Spermatocytes"	NA	NA	NA	"CL:0000017"	"spermatocyte"	"perfect match"	"SN260"	NA	2
"AGATCCATCTTGAACG"	""	"ERX6700412"	"ERP132578"	"testis"	"Round_spermatids"	NA	NA	NA	"CL:4030036"	"early spermatid"	"perfect match"	"SN260"	NA	3
"AGATCGTAGGGAGAAT"	""	"ERX6700412"	"ERP132578"	"testis"	"Round_spermatids"	NA	NA	NA	"CL:4030036"	"early spermatid"	"perfect match"	"SN260"	NA	3
"AGATCGTCAGTGTATC"	""	"ERX6700412"	"ERP132578"	"testis"	"Round_spermatids"	NA	NA	NA	"CL:4030036"	"early spermatid"	"perfect match"	"SN260"	NA	3
"AGATGAACAGATCCAT"	""	"ERX6700412"	"ERP132578"	"testis"	"Elongated_spermatids"	NA	NA	NA	"CL:4030037"	"late spermatid"	"perfect match"	"SN260"	NA	1
"AGATGAAGTACACTCA"	""	"ERX6700412"	"ERP132578"	"testis"	"Spermatocytes"	NA	NA	NA	"CL:0000017"	"spermatocyte"	"perfect match"	"SN260"	NA	2
"AGATGAAGTCTAGGCC"	""	"ERX6700412"	"ERP132578"	"testis"	"Elongated_spermatids"	NA	NA	NA	"CL:4030037"	"late spermatid"	"perfect match"	"SN260"	NA	1
"AGATGAAGTGTTACTG"	""	"ERX6700412"	"ERP132578"	"testis"	"Other_somatic"	NA	NA	NA	"CL:0002371"	"somatic cell"	"perfect match"	"SN260"	NA	5
"AGATGCTAGCGAGGAG"	""	"ERX6700412"	"ERP132578"	"testis"	"Spermatocytes"	NA	NA	NA	"CL:0000017"	"spermatocyte"	"perfect match"	"SN260"	NA	2
"AGATGCTCACCACATA"	""	"ERX6700412"	"ERP132578"	"testis"	"Elongated_spermatids"	NA	NA	NA	"CL:4030037"	"late spermatid"	"perfect match"	"SN260"	NA	1
"AGATGCTGTACAATAG"	""	"ERX6700412"	"ERP132578"	"testis"	"Spermatocytes"	NA	NA	NA	"CL:0000017"	"spermatocyte"	"perfect match"	"SN260"	NA	2
"AGATGCTGTAGCGTCC"	""	"ERX6700412"	"ERP132578"	"testis"	"Round_spermatids"	NA	NA	NA	"CL:4030036"	"early spermatid"	"perfect match"	"SN260"	NA	3
"AGATGCTTCGCCAGTG"	""	"ERX6700412"	"ERP132578"	"testis"	"Round_spermatids"	NA	NA	NA	"CL:4030036"	"early spermatid"	"perfect match"	"SN260"	NA	3
"AGATGCTTCTAGCAAC"	""	"ERX6700412"	"ERP132578"	"testis"	"Spermatogonia"	NA	NA	NA	"CL:0000020"	"spermatogonium"	"perfect match"	"SN260"	NA	4
"AGCATCACAAACACCT"	""	"ERX6700412"	"ERP132578"	"testis"	"Elongated_spermatids"	NA	NA	NA	"CL:4030037"	"late spermatid"	"perfect match"	"SN260"	NA	1
"AGCATCACAGTAGGAC"	""	"ERX6700412"	"ERP132578"	"testis"	"Spermatocytes"	NA	NA	NA	"CL:0000017"	"spermatocyte"	"perfect match"	"SN260"	NA	2
"AGCATCATCAAGTGTC"	""	"ERX6700412"	"ERP132578"	"testis"	"Round_spermatids"	NA	NA	NA	"CL:4030036"	"early spermatid"	"perfect match"	"SN260"	NA	3
"AGCCAATAGAAGAGCA"	""	"ERX6700412"	"ERP132578"	"testis"	"Elongated_spermatids"	NA	NA	NA	"CL:4030037"	"late spermatid"	"perfect match"	"SN260"	NA	1
"AGCCAATGTATGGTTC"	""	"ERX6700412"	"ERP132578"	"testis"	"Spermatocytes"	NA	NA	NA	"CL:0000017"	"spermatocyte"	"perfect match"	"SN260"	NA	2
"AGCCACGAGATGGCAC"	""	"ERX6700412"	"ERP132578"	"testis"	"Round_spermatids"	NA	NA	NA	"CL:4030036"	"early spermatid"	"perfect match"	"SN260"	NA	3
"AGCCACGCATAGGTTC"	""	"ERX6700412"	"ERP132578"	"testis"	"Elongated_spermatids"	NA	NA	NA	"CL:4030037"	"late spermatid"	"perfect match"	"SN260"	NA	1
"AGCCACGGTCGAGCTC"	""	"ERX6700412"	"ERP132578"	"testis"	"Elongated_spermatids"	NA	NA	NA	"CL:4030037"	"late spermatid"	"perfect match"	"SN260"	NA	1
"AGCCACGGTCTGATAC"	""	"ERX6700412"	"ERP132578"	"testis"	"Round_spermatids"	NA	NA	NA	"CL:4030036"	"early spermatid"	"perfect match"	"SN260"	NA	3
"AGCCACGTCTCTCAAT"	""	"ERX6700412"	"ERP132578"	"testis"	"Elongated_spermatids"	NA	NA	NA	"CL:4030037"	"late spermatid"	"perfect match"	"SN260"	NA	1
"AGCCAGCAGTCTACCA"	""	"ERX6700412"	"ERP132578"	"testis"	"Round_spermatids"	NA	NA	NA	"CL:4030036"	"early spermatid"	"perfect match"	"SN260"	NA	3
"AGCCAGCGTGCATTAC"	""	"ERX6700412"	"ERP132578"	"testis"	"Round_spermatids"	NA	NA	NA	"CL:4030036"	"early spermatid"	"perfect match"	"SN260"	NA	3
"AGCCAGCGTGGAATGC"	""	"ERX6700412"	"ERP132578"	"testis"	"Round_spermatids"	NA	NA	NA	"CL:4030036"	"early spermatid"	"perfect match"	"SN260"	NA	3
"AGCCAGCGTGGCTGAA"	""	"ERX6700412"	"ERP132578"	"testis"	"Elongated_spermatids"	NA	NA	NA	"CL:4030037"	"late spermatid"	"perfect match"	"SN260"	NA	1
"AGCCAGCTCGGTGAAG"	""	"ERX6700412"	"ERP132578"	"testis"	"Elongated_spermatids"	NA	NA	NA	"CL:4030037"	"late spermatid"	"perfect match"	"SN260"	NA	1
"AGCCAGCTCTGTAACG"	""	"ERX6700412"	"ERP132578"	"testis"	"Spermatocytes"	NA	NA	NA	"CL:0000017"	"spermatocyte"	"perfect match"	"SN260"	NA	2
"AGCGATTGTGTCCAAT"	""	"ERX6700412"	"ERP132578"	"testis"	"Round_spermatids"	NA	NA	NA	"CL:4030036"	"early spermatid"	"perfect match"	"SN260"	NA	3
"AGCGCCAAGCCTCAAT"	""	"ERX6700412"	"ERP132578"	"testis"	"Round_spermatids"	NA	NA	NA	"CL:4030036"	"early spermatid"	"perfect match"	"SN260"	NA	3
"AGCGCCAAGGATTACA"	""	"ERX6700412"	"ERP132578"	"testis"	"Spermatocytes"	NA	NA	NA	"CL:0000017"	"spermatocyte"	"perfect match"	"SN260"	NA	2
"AGCGCCAAGGCTCAAG"	""	"ERX6700412"	"ERP132578"	"testis"	"Round_spermatids"	NA	NA	NA	"CL:4030036"	"early spermatid"	"perfect match"	"SN260"	NA	3
"AGCGCCACACCTGCAG"	""	"ERX6700412"	"ERP132578"	"testis"	"Elongated_spermatids"	NA	NA	NA	"CL:4030037"	"late spermatid"	"perfect match"	"SN260"	NA	1
"AGCGCTGGTGCTCTCT"	""	"ERX6700412"	"ERP132578"	"testis"	"Spermatocytes"	NA	NA	NA	"CL:0000017"	"spermatocyte"	"perfect match"	"SN260"	NA	2
"AGCGTATTCGCATGAT"	""	"ERX6700412"	"ERP132578"	"testis"	"Spermatocytes"	NA	NA	NA	"CL:0000017"	"spermatocyte"	"perfect match"	"SN260"	NA	2
"AGCGTCGAGAAGGATG"	""	"ERX6700412"	"ERP132578"	"testis"	"Spermatocytes"	NA	NA	NA	"CL:0000017"	"spermatocyte"	"perfect match"	"SN260"	NA	2
"AGCGTCGGTAACTTCG"	""	"ERX6700412"	"ERP132578"	"testis"	"Round_spermatids"	NA	NA	NA	"CL:4030036"	"early spermatid"	"perfect match"	"SN260"	NA	3
"AGCTACAAGTCTAGCT"	""	"ERX6700412"	"ERP132578"	"testis"	"Round_spermatids"	NA	NA	NA	"CL:4030036"	"early spermatid"	"perfect match"	"SN260"	NA	3
"AGCTACACAAGCACAG"	""	"ERX6700412"	"ERP132578"	"testis"	"Round_spermatids"	NA	NA	NA	"CL:4030036"	"early spermatid"	"perfect match"	"SN260"	NA	3
"AGCTACAGTGACGTCC"	""	"ERX6700412"	"ERP132578"	"testis"	"Round_spermatids"	NA	NA	NA	"CL:4030036"	"early spermatid"	"perfect match"	"SN260"	NA	3
"AGCTACATCCAGTACA"	""	"ERX6700412"	"ERP132578"	"testis"	"Round_spermatids"	NA	NA	NA	"CL:4030036"	"early spermatid"	"perfect match"	"SN260"	NA	3
"AGCTACATCTACGCGG"	""	"ERX6700412"	"ERP132578"	"testis"	"Spermatocytes"	NA	NA	NA	"CL:0000017"	"spermatocyte"	"perfect match"	"SN260"	NA	2
"AGCTACATCTGGTGGC"	""	"ERX6700412"	"ERP132578"	"testis"	"Round_spermatids"	NA	NA	NA	"CL:4030036"	"early spermatid"	"perfect match"	"SN260"	NA	3
"AGCTCAAAGCGTTCAT"	""	"ERX6700412"	"ERP132578"	"testis"	"Round_spermatids"	NA	NA	NA	"CL:4030036"	"early spermatid"	"perfect match"	"SN260"	NA	3
"AGCTCAAAGTACGTCT"	""	"ERX6700412"	"ERP132578"	"testis"	"Round_spermatids"	NA	NA	NA	"CL:4030036"	"early spermatid"	"perfect match"	"SN260"	NA	3
"AGCTCAACACTACCGG"	""	"ERX6700412"	"ERP132578"	"testis"	"Round_spermatids"	NA	NA	NA	"CL:4030036"	"early spermatid"	"perfect match"	"SN260"	NA	3
"AGCTCAAGTAGCCCTG"	""	"ERX6700412"	"ERP132578"	"testis"	"Spermatocytes"	NA	NA	NA	"CL:0000017"	"spermatocyte"	"perfect match"	"SN260"	NA	2
"AGCTCAAGTATAGGGC"	""	"ERX6700412"	"ERP132578"	"testis"	"Round_spermatids"	NA	NA	NA	"CL:4030036"	"early spermatid"	"perfect match"	"SN260"	NA	3
"AGCTCAAGTTATCCAG"	""	"ERX6700412"	"ERP132578"	"testis"	"Round_spermatids"	NA	NA	NA	"CL:4030036"	"early spermatid"	"perfect match"	"SN260"	NA	3
"AGCTCAATCAGGAGAC"	""	"ERX6700412"	"ERP132578"	"testis"	"Elongated_spermatids"	NA	NA	NA	"CL:4030037"	"late spermatid"	"perfect match"	"SN260"	NA	1
"AGCTTCCAGACTTCGT"	""	"ERX6700412"	"ERP132578"	"testis"	"Spermatogonia"	NA	NA	NA	"CL:0000020"	"spermatogonium"	"perfect match"	"SN260"	NA	4
"AGCTTCCGTGGTTTGT"	""	"ERX6700412"	"ERP132578"	"testis"	"Round_spermatids"	NA	NA	NA	"CL:4030036"	"early spermatid"	"perfect match"	"SN260"	NA	3
"AGCTTCCTCCGTACGG"	""	"ERX6700412"	"ERP132578"	"testis"	"Round_spermatids"	NA	NA	NA	"CL:4030036"	"early spermatid"	"perfect match"	"SN260"	NA	3
"AGGAAATAGAAGCCAC"	""	"ERX6700412"	"ERP132578"	"testis"	"Elongated_spermatids"	NA	NA	NA	"CL:4030037"	"late spermatid"	"perfect match"	"SN260"	NA	1
"AGGAAATCAAGCTGTT"	""	"ERX6700412"	"ERP132578"	"testis"	"Elongated_spermatids"	NA	NA	NA	"CL:4030037"	"late spermatid"	"perfect match"	"SN260"	NA	1
"AGGAAATGTAAGTCAA"	""	"ERX6700412"	"ERP132578"	"testis"	"Other_somatic"	NA	NA	NA	"CL:0002371"	"somatic cell"	"perfect match"	"SN260"	NA	5
"AGGAAATGTGCAATAA"	""	"ERX6700412"	"ERP132578"	"testis"	"Round_spermatids"	NA	NA	NA	"CL:4030036"	"early spermatid"	"perfect match"	"SN260"	NA	3
"AGGAAATGTGTGCTTA"	""	"ERX6700412"	"ERP132578"	"testis"	"Spermatocytes"	NA	NA	NA	"CL:0000017"	"spermatocyte"	"perfect match"	"SN260"	NA	2
"AGGAATACACCTGTCT"	""	"ERX6700412"	"ERP132578"	"testis"	"Round_spermatids"	NA	NA	NA	"CL:4030036"	"early spermatid"	"perfect match"	"SN260"	NA	3
"AGGAATAGTCGAAGCA"	""	"ERX6700412"	"ERP132578"	"testis"	"Round_spermatids"	NA	NA	NA	"CL:4030036"	"early spermatid"	"perfect match"	"SN260"	NA	3
"AGGAATATCCTTCTGG"	""	"ERX6700412"	"ERP132578"	"testis"	"Round_spermatids"	NA	NA	NA	"CL:4030036"	"early spermatid"	"perfect match"	"SN260"	NA	3
"AGGACGACAACCAGAG"	""	"ERX6700412"	"ERP132578"	"testis"	"Spermatocytes"	NA	NA	NA	"CL:0000017"	"spermatocyte"	"perfect match"	"SN260"	NA	2
"AGGACGATCGGTAGGA"	""	"ERX6700412"	"ERP132578"	"testis"	"Spermatogonia"	NA	NA	NA	"CL:0000020"	"spermatogonium"	"perfect match"	"SN260"	NA	4
"AGGACTTCAACCTATG"	""	"ERX6700412"	"ERP132578"	"testis"	"Round_spermatids"	NA	NA	NA	"CL:4030036"	"early spermatid"	"perfect match"	"SN260"	NA	3
"AGGACTTGTTGCGGAA"	""	"ERX6700412"	"ERP132578"	"testis"	"Round_spermatids"	NA	NA	NA	"CL:4030036"	"early spermatid"	"perfect match"	"SN260"	NA	3
"AGGACTTGTTTACGAC"	""	"ERX6700412"	"ERP132578"	"testis"	"Round_spermatids"	NA	NA	NA	"CL:4030036"	"early spermatid"	"perfect match"	"SN260"	NA	3
"AGGAGGTAGTAGCTCT"	""	"ERX6700412"	"ERP132578"	"testis"	"Round_spermatids"	NA	NA	NA	"CL:4030036"	"early spermatid"	"perfect match"	"SN260"	NA	3
"AGGAGGTAGTGGAAAG"	""	"ERX6700412"	"ERP132578"	"testis"	"Elongated_spermatids"	NA	NA	NA	"CL:4030037"	"late spermatid"	"perfect match"	"SN260"	NA	1
"AGGAGGTCAGCTTCCT"	""	"ERX6700412"	"ERP132578"	"testis"	"Spermatocytes"	NA	NA	NA	"CL:0000017"	"spermatocyte"	"perfect match"	"SN260"	NA	2
"AGGAGGTGTTGGGTAG"	""	"ERX6700412"	"ERP132578"	"testis"	"Spermatogonia"	NA	NA	NA	"CL:0000020"	"spermatogonium"	"perfect match"	"SN260"	NA	4
"AGGAGGTGTTTGGGTT"	""	"ERX6700412"	"ERP132578"	"testis"	"Round_spermatids"	NA	NA	NA	"CL:4030036"	"early spermatid"	"perfect match"	"SN260"	NA	3
"AGGAGGTTCAAATGCC"	""	"ERX6700412"	"ERP132578"	"testis"	"Round_spermatids"	NA	NA	NA	"CL:4030036"	"early spermatid"	"perfect match"	"SN260"	NA	3
"AGGATAACAGAATTCC"	""	"ERX6700412"	"ERP132578"	"testis"	"Round_spermatids"	NA	NA	NA	"CL:4030036"	"early spermatid"	"perfect match"	"SN260"	NA	3
"AGGATAAGTACTAGCT"	""	"ERX6700412"	"ERP132578"	"testis"	"Spermatogonia"	NA	NA	NA	"CL:0000020"	"spermatogonium"	"perfect match"	"SN260"	NA	4
"AGGATAAGTCGACTTA"	""	"ERX6700412"	"ERP132578"	"testis"	"Round_spermatids"	NA	NA	NA	"CL:4030036"	"early spermatid"	"perfect match"	"SN260"	NA	3
"AGGATAATCTCTGAGA"	""	"ERX6700412"	"ERP132578"	"testis"	"Other_somatic"	NA	NA	NA	"CL:0002371"	"somatic cell"	"perfect match"	"SN260"	NA	5
"AGGATCTCAAACGTGG"	""	"ERX6700412"	"ERP132578"	"testis"	"Round_spermatids"	NA	NA	NA	"CL:4030036"	"early spermatid"	"perfect match"	"SN260"	NA	3
"AGGATCTGTTACACTG"	""	"ERX6700412"	"ERP132578"	"testis"	"Elongated_spermatids"	NA	NA	NA	"CL:4030037"	"late spermatid"	"perfect match"	"SN260"	NA	1
"AGGATCTTCGTGTTCC"	""	"ERX6700412"	"ERP132578"	"testis"	"Round_spermatids"	NA	NA	NA	"CL:4030036"	"early spermatid"	"perfect match"	"SN260"	NA	3
"AGGCATTGTCGCTGCA"	""	"ERX6700412"	"ERP132578"	"testis"	"Round_spermatids"	NA	NA	NA	"CL:4030036"	"early spermatid"	"perfect match"	"SN260"	NA	3
"AGGCCACAGTGAGTTA"	""	"ERX6700412"	"ERP132578"	"testis"	"Spermatogonia"	NA	NA	NA	"CL:0000020"	"spermatogonium"	"perfect match"	"SN260"	NA	4
"AGGCCACCATCAGTGT"	""	"ERX6700412"	"ERP132578"	"testis"	"Elongated_spermatids"	NA	NA	NA	"CL:4030037"	"late spermatid"	"perfect match"	"SN260"	NA	1
"AGGCTGCAGACCTTTG"	""	"ERX6700412"	"ERP132578"	"testis"	"Spermatocytes"	NA	NA	NA	"CL:0000017"	"spermatocyte"	"perfect match"	"SN260"	NA	2
"AGGCTGCAGAGTCTGG"	""	"ERX6700412"	"ERP132578"	"testis"	"Round_spermatids"	NA	NA	NA	"CL:4030036"	"early spermatid"	"perfect match"	"SN260"	NA	3
"AGGCTGCCAGGAATCG"	""	"ERX6700412"	"ERP132578"	"testis"	"Elongated_spermatids"	NA	NA	NA	"CL:4030037"	"late spermatid"	"perfect match"	"SN260"	NA	1
"AGGGAGTAGCCTCATA"	""	"ERX6700412"	"ERP132578"	"testis"	"Elongated_spermatids"	NA	NA	NA	"CL:4030037"	"late spermatid"	"perfect match"	"SN260"	NA	1
"AGGGAGTGTCGTCTCT"	""	"ERX6700412"	"ERP132578"	"testis"	"Round_spermatids"	NA	NA	NA	"CL:4030036"	"early spermatid"	"perfect match"	"SN260"	NA	3
"AGGGAGTTCGTCAAAC"	""	"ERX6700412"	"ERP132578"	"testis"	"Round_spermatids"	NA	NA	NA	"CL:4030036"	"early spermatid"	"perfect match"	"SN260"	NA	3
"AGGGCCTAGAGTCTTC"	""	"ERX6700412"	"ERP132578"	"testis"	"Round_spermatids"	NA	NA	NA	"CL:4030036"	"early spermatid"	"perfect match"	"SN260"	NA	3
"AGGGCCTCAGAAGTTA"	""	"ERX6700412"	"ERP132578"	"testis"	"Elongated_spermatids"	NA	NA	NA	"CL:4030037"	"late spermatid"	"perfect match"	"SN260"	NA	1
"AGGGCCTCAGACGATG"	""	"ERX6700412"	"ERP132578"	"testis"	"Spermatocytes"	NA	NA	NA	"CL:0000017"	"spermatocyte"	"perfect match"	"SN260"	NA	2
"AGGGCCTTCTGGACTA"	""	"ERX6700412"	"ERP132578"	"testis"	"Spermatocytes"	NA	NA	NA	"CL:0000017"	"spermatocyte"	"perfect match"	"SN260"	NA	2
"AGGGCTCTCAAACGAA"	""	"ERX6700412"	"ERP132578"	"testis"	"Round_spermatids"	NA	NA	NA	"CL:4030036"	"early spermatid"	"perfect match"	"SN260"	NA	3
"AGGGTCCAGTGCCTCG"	""	"ERX6700412"	"ERP132578"	"testis"	"Spermatogonia"	NA	NA	NA	"CL:0000020"	"spermatogonium"	"perfect match"	"SN260"	NA	4
"AGGGTCCGTGGATTTC"	""	"ERX6700412"	"ERP132578"	"testis"	"Round_spermatids"	NA	NA	NA	"CL:4030036"	"early spermatid"	"perfect match"	"SN260"	NA	3
"AGGGTGAAGTTCGCAT"	""	"ERX6700412"	"ERP132578"	"testis"	"Round_spermatids"	NA	NA	NA	"CL:4030036"	"early spermatid"	"perfect match"	"SN260"	NA	3
"AGGGTGAGTGGAATGC"	""	"ERX6700412"	"ERP132578"	"testis"	"Spermatocytes"	NA	NA	NA	"CL:0000017"	"spermatocyte"	"perfect match"	"SN260"	NA	2
"AGGGTTTGTTGCCGAC"	""	"ERX6700412"	"ERP132578"	"testis"	"Other_somatic"	NA	NA	NA	"CL:0002371"	"somatic cell"	"perfect match"	"SN260"	NA	5
"AGGTAGGGTCAAGTTC"	""	"ERX6700412"	"ERP132578"	"testis"	"Elongated_spermatids"	NA	NA	NA	"CL:4030037"	"late spermatid"	"perfect match"	"SN260"	NA	1
"AGGTAGGTCCAGGACC"	""	"ERX6700412"	"ERP132578"	"testis"	"Round_spermatids"	NA	NA	NA	"CL:4030036"	"early spermatid"	"perfect match"	"SN260"	NA	3
"AGGTAGGTCTGCAGCG"	""	"ERX6700412"	"ERP132578"	"testis"	"Spermatocytes"	NA	NA	NA	"CL:0000017"	"spermatocyte"	"perfect match"	"SN260"	NA	2
"AGGTCATCACAGCCTG"	""	"ERX6700412"	"ERP132578"	"testis"	"Spermatocytes"	NA	NA	NA	"CL:0000017"	"spermatocyte"	"perfect match"	"SN260"	NA	2
"AGGTCATGTGTTCGAT"	""	"ERX6700412"	"ERP132578"	"testis"	"Spermatocytes"	NA	NA	NA	"CL:0000017"	"spermatocyte"	"perfect match"	"SN260"	NA	2
"AGGTCTAAGCACTAAA"	""	"ERX6700412"	"ERP132578"	"testis"	"Round_spermatids"	NA	NA	NA	"CL:4030036"	"early spermatid"	"perfect match"	"SN260"	NA	3
"AGGTCTAAGCTAATCC"	""	"ERX6700412"	"ERP132578"	"testis"	"Round_spermatids"	NA	NA	NA	"CL:4030036"	"early spermatid"	"perfect match"	"SN260"	NA	3
"AGGTGTTAGAAACTGT"	""	"ERX6700412"	"ERP132578"	"testis"	"Round_spermatids"	NA	NA	NA	"CL:4030036"	"early spermatid"	"perfect match"	"SN260"	NA	3
"AGGTGTTAGCACCAGA"	""	"ERX6700412"	"ERP132578"	"testis"	"Other_somatic"	NA	NA	NA	"CL:0002371"	"somatic cell"	"perfect match"	"SN260"	NA	5
"AGGTGTTAGGTAGCCA"	""	"ERX6700412"	"ERP132578"	"testis"	"Other_somatic"	NA	NA	NA	"CL:0002371"	"somatic cell"	"perfect match"	"SN260"	NA	5
"AGGTTACCACAAATAG"	""	"ERX6700412"	"ERP132578"	"testis"	"Spermatogonia"	NA	NA	NA	"CL:0000020"	"spermatogonium"	"perfect match"	"SN260"	NA	4
"AGGTTACGTCCGACGT"	""	"ERX6700412"	"ERP132578"	"testis"	"Round_spermatids"	NA	NA	NA	"CL:4030036"	"early spermatid"	"perfect match"	"SN260"	NA	3
"AGGTTGTAGTACGAGC"	""	"ERX6700412"	"ERP132578"	"testis"	"Round_spermatids"	NA	NA	NA	"CL:4030036"	"early spermatid"	"perfect match"	"SN260"	NA	3
"AGGTTGTCAAATCCCA"	""	"ERX6700412"	"ERP132578"	"testis"	"Elongated_spermatids"	NA	NA	NA	"CL:4030037"	"late spermatid"	"perfect match"	"SN260"	NA	1
"AGGTTGTCATCATCCC"	""	"ERX6700412"	"ERP132578"	"testis"	"Spermatocytes"	NA	NA	NA	"CL:0000017"	"spermatocyte"	"perfect match"	"SN260"	NA	2
"AGGTTGTGTGCAACAG"	""	"ERX6700412"	"ERP132578"	"testis"	"Round_spermatids"	NA	NA	NA	"CL:4030036"	"early spermatid"	"perfect match"	"SN260"	NA	3
"AGGTTGTTCGGTATGT"	""	"ERX6700412"	"ERP132578"	"testis"	"Round_spermatids"	NA	NA	NA	"CL:4030036"	"early spermatid"	"perfect match"	"SN260"	NA	3
"AGTAACCAGAGCACTG"	""	"ERX6700412"	"ERP132578"	"testis"	"Elongated_spermatids"	NA	NA	NA	"CL:4030037"	"late spermatid"	"perfect match"	"SN260"	NA	1
"AGTAACCCAATAGGAT"	""	"ERX6700412"	"ERP132578"	"testis"	"Spermatocytes"	NA	NA	NA	"CL:0000017"	"spermatocyte"	"perfect match"	"SN260"	NA	2
"AGTAACCTCCCATGGG"	""	"ERX6700412"	"ERP132578"	"testis"	"Other_somatic"	NA	NA	NA	"CL:0002371"	"somatic cell"	"perfect match"	"SN260"	NA	5
"AGTACCAGTTGGGACA"	""	"ERX6700412"	"ERP132578"	"testis"	"Spermatocytes"	NA	NA	NA	"CL:0000017"	"spermatocyte"	"perfect match"	"SN260"	NA	2
"AGTACCATCAGCAGAG"	""	"ERX6700412"	"ERP132578"	"testis"	"Round_spermatids"	NA	NA	NA	"CL:4030036"	"early spermatid"	"perfect match"	"SN260"	NA	3
"AGTACCATCGATTCCC"	""	"ERX6700412"	"ERP132578"	"testis"	"Spermatocytes"	NA	NA	NA	"CL:0000017"	"spermatocyte"	"perfect match"	"SN260"	NA	2
"AGTACCATCGGTCGGT"	""	"ERX6700412"	"ERP132578"	"testis"	"Other_somatic"	NA	NA	NA	"CL:0002371"	"somatic cell"	"perfect match"	"SN260"	NA	5
"AGTACTGCAGCTACTA"	""	"ERX6700412"	"ERP132578"	"testis"	"Elongated_spermatids"	NA	NA	NA	"CL:4030037"	"late spermatid"	"perfect match"	"SN260"	NA	1
"AGTACTGGTGTCATTG"	""	"ERX6700412"	"ERP132578"	"testis"	"Spermatocytes"	NA	NA	NA	"CL:0000017"	"spermatocyte"	"perfect match"	"SN260"	NA	2
"AGTACTGGTTCGTAAC"	""	"ERX6700412"	"ERP132578"	"testis"	"Spermatogonia"	NA	NA	NA	"CL:0000020"	"spermatogonium"	"perfect match"	"SN260"	NA	4
"AGTACTGTCGACCTAA"	""	"ERX6700412"	"ERP132578"	"testis"	"Spermatocytes"	NA	NA	NA	"CL:0000017"	"spermatocyte"	"perfect match"	"SN260"	NA	2
"AGTAGCTAGCTGCCAC"	""	"ERX6700412"	"ERP132578"	"testis"	"Round_spermatids"	NA	NA	NA	"CL:4030036"	"early spermatid"	"perfect match"	"SN260"	NA	3
"AGTAGCTGTGTACAGG"	""	"ERX6700412"	"ERP132578"	"testis"	"Elongated_spermatids"	NA	NA	NA	"CL:4030037"	"late spermatid"	"perfect match"	"SN260"	NA	1
"AGTAGTCAGATTTGCC"	""	"ERX6700412"	"ERP132578"	"testis"	"Spermatogonia"	NA	NA	NA	"CL:0000020"	"spermatogonium"	"perfect match"	"SN260"	NA	4
"AGTAGTCAGTTGCCCG"	""	"ERX6700412"	"ERP132578"	"testis"	"Spermatocytes"	NA	NA	NA	"CL:0000017"	"spermatocyte"	"perfect match"	"SN260"	NA	2
"AGTAGTCCATTGCCGG"	""	"ERX6700412"	"ERP132578"	"testis"	"Round_spermatids"	NA	NA	NA	"CL:4030036"	"early spermatid"	"perfect match"	"SN260"	NA	3
"AGTAGTCGTCTTGAGT"	""	"ERX6700412"	"ERP132578"	"testis"	"Spermatocytes"	NA	NA	NA	"CL:0000017"	"spermatocyte"	"perfect match"	"SN260"	NA	2
"AGTAGTCGTGTGTTTG"	""	"ERX6700412"	"ERP132578"	"testis"	"Spermatocytes"	NA	NA	NA	"CL:0000017"	"spermatocyte"	"perfect match"	"SN260"	NA	2
"AGTAGTCTCGGTCGGT"	""	"ERX6700412"	"ERP132578"	"testis"	"Elongated_spermatids"	NA	NA	NA	"CL:4030037"	"late spermatid"	"perfect match"	"SN260"	NA	1
"AGTCAACCAAGAAATC"	""	"ERX6700412"	"ERP132578"	"testis"	"Round_spermatids"	NA	NA	NA	"CL:4030036"	"early spermatid"	"perfect match"	"SN260"	NA	3
"AGTCAACCACAACGAG"	""	"ERX6700412"	"ERP132578"	"testis"	"Round_spermatids"	NA	NA	NA	"CL:4030036"	"early spermatid"	"perfect match"	"SN260"	NA	3
"AGTCAACCATGTGCCG"	""	"ERX6700412"	"ERP132578"	"testis"	"Elongated_spermatids"	NA	NA	NA	"CL:4030037"	"late spermatid"	"perfect match"	"SN260"	NA	1
"AGTCATGGTACTCGCG"	""	"ERX6700412"	"ERP132578"	"testis"	"Round_spermatids"	NA	NA	NA	"CL:4030036"	"early spermatid"	"perfect match"	"SN260"	NA	3
"AGTCATGGTGTCCGGT"	""	"ERX6700412"	"ERP132578"	"testis"	"Elongated_spermatids"	NA	NA	NA	"CL:4030037"	"late spermatid"	"perfect match"	"SN260"	NA	1
"AGTCATGGTTAACCTG"	""	"ERX6700412"	"ERP132578"	"testis"	"Round_spermatids"	NA	NA	NA	"CL:4030036"	"early spermatid"	"perfect match"	"SN260"	NA	3
"AGTCTCCCACAACCGC"	""	"ERX6700412"	"ERP132578"	"testis"	"Elongated_spermatids"	NA	NA	NA	"CL:4030037"	"late spermatid"	"perfect match"	"SN260"	NA	1
"AGTCTCCCAGGACATG"	""	"ERX6700412"	"ERP132578"	"testis"	"Round_spermatids"	NA	NA	NA	"CL:4030036"	"early spermatid"	"perfect match"	"SN260"	NA	3
"AGTCTCCCAGGCCCTA"	""	"ERX6700412"	"ERP132578"	"testis"	"Spermatocytes"	NA	NA	NA	"CL:0000017"	"spermatocyte"	"perfect match"	"SN260"	NA	2
"AGTCTCCGTCTCAGGC"	""	"ERX6700412"	"ERP132578"	"testis"	"Round_spermatids"	NA	NA	NA	"CL:4030036"	"early spermatid"	"perfect match"	"SN260"	NA	3
"AGTCTCCGTTCCTAGA"	""	"ERX6700412"	"ERP132578"	"testis"	"Spermatocytes"	NA	NA	NA	"CL:0000017"	"spermatocyte"	"perfect match"	"SN260"	NA	2
"AGTGACTAGTGTGTTC"	""	"ERX6700412"	"ERP132578"	"testis"	"Spermatocytes"	NA	NA	NA	"CL:0000017"	"spermatocyte"	"perfect match"	"SN260"	NA	2
"AGTGACTCACAAATGA"	""	"ERX6700412"	"ERP132578"	"testis"	"Spermatogonia"	NA	NA	NA	"CL:0000020"	"spermatogonium"	"perfect match"	"SN260"	NA	4
"AGTGACTCACCCAAGC"	""	"ERX6700412"	"ERP132578"	"testis"	"Round_spermatids"	NA	NA	NA	"CL:4030036"	"early spermatid"	"perfect match"	"SN260"	NA	3
"AGTGACTCACGACGTC"	""	"ERX6700412"	"ERP132578"	"testis"	"Other_somatic"	NA	NA	NA	"CL:0002371"	"somatic cell"	"perfect match"	"SN260"	NA	5
"AGTGACTCAGATCCTA"	""	"ERX6700412"	"ERP132578"	"testis"	"Round_spermatids"	NA	NA	NA	"CL:4030036"	"early spermatid"	"perfect match"	"SN260"	NA	3
"AGTGACTTCTCCGTGT"	""	"ERX6700412"	"ERP132578"	"testis"	"Round_spermatids"	NA	NA	NA	"CL:4030036"	"early spermatid"	"perfect match"	"SN260"	NA	3
"AGTGATCAGCAGGCAT"	""	"ERX6700412"	"ERP132578"	"testis"	"Elongated_spermatids"	NA	NA	NA	"CL:4030037"	"late spermatid"	"perfect match"	"SN260"	NA	1
"AGTGATCAGTAATCCC"	""	"ERX6700412"	"ERP132578"	"testis"	"Round_spermatids"	NA	NA	NA	"CL:4030036"	"early spermatid"	"perfect match"	"SN260"	NA	3
"AGTGATCTCAGATTGC"	""	"ERX6700412"	"ERP132578"	"testis"	"Elongated_spermatids"	NA	NA	NA	"CL:4030037"	"late spermatid"	"perfect match"	"SN260"	NA	1
"AGTGATCTCCGCAGTG"	""	"ERX6700412"	"ERP132578"	"testis"	"Spermatocytes"	NA	NA	NA	"CL:0000017"	"spermatocyte"	"perfect match"	"SN260"	NA	2
"AGTGCCGAGGTCACAG"	""	"ERX6700412"	"ERP132578"	"testis"	"Round_spermatids"	NA	NA	NA	"CL:4030036"	"early spermatid"	"perfect match"	"SN260"	NA	3
"AGTGCCGCATGGCTGC"	""	"ERX6700412"	"ERP132578"	"testis"	"Spermatocytes"	NA	NA	NA	"CL:0000017"	"spermatocyte"	"perfect match"	"SN260"	NA	2
"AGTGCCGTCAAACTGC"	""	"ERX6700412"	"ERP132578"	"testis"	"Spermatocytes"	NA	NA	NA	"CL:0000017"	"spermatocyte"	"perfect match"	"SN260"	NA	2
"AGTGCCGTCCAAATGC"	""	"ERX6700412"	"ERP132578"	"testis"	"Elongated_spermatids"	NA	NA	NA	"CL:4030037"	"late spermatid"	"perfect match"	"SN260"	NA	1
"AGTGTTGCAGGTCCCA"	""	"ERX6700412"	"ERP132578"	"testis"	"Spermatogonia"	NA	NA	NA	"CL:0000020"	"spermatogonium"	"perfect match"	"SN260"	NA	4
"AGTGTTGGTCGTATTG"	""	"ERX6700412"	"ERP132578"	"testis"	"Round_spermatids"	NA	NA	NA	"CL:4030036"	"early spermatid"	"perfect match"	"SN260"	NA	3
"AGTGTTGTCAGCCCAG"	""	"ERX6700412"	"ERP132578"	"testis"	"Other_somatic"	NA	NA	NA	"CL:0002371"	"somatic cell"	"perfect match"	"SN260"	NA	5
"AGTGTTGTCCAAATGC"	""	"ERX6700412"	"ERP132578"	"testis"	"Round_spermatids"	NA	NA	NA	"CL:4030036"	"early spermatid"	"perfect match"	"SN260"	NA	3
"AGTTAGCAGCCTAGGA"	""	"ERX6700412"	"ERP132578"	"testis"	"Other_somatic"	NA	NA	NA	"CL:0002371"	"somatic cell"	"perfect match"	"SN260"	NA	5
"AGTTAGCAGCTTCATG"	""	"ERX6700412"	"ERP132578"	"testis"	"Spermatocytes"	NA	NA	NA	"CL:0000017"	"spermatocyte"	"perfect match"	"SN260"	NA	2
"AGTTAGCAGTAACCTC"	""	"ERX6700412"	"ERP132578"	"testis"	"Elongated_spermatids"	NA	NA	NA	"CL:4030037"	"late spermatid"	"perfect match"	"SN260"	NA	1
"AGTTAGCCAGGAACCA"	""	"ERX6700412"	"ERP132578"	"testis"	"Round_spermatids"	NA	NA	NA	"CL:4030036"	"early spermatid"	"perfect match"	"SN260"	NA	3
"AGTTAGCGTAGACTGG"	""	"ERX6700412"	"ERP132578"	"testis"	"Round_spermatids"	NA	NA	NA	"CL:4030036"	"early spermatid"	"perfect match"	"SN260"	NA	3
"AGTTAGCGTCGCGTTG"	""	"ERX6700412"	"ERP132578"	"testis"	"Spermatocytes"	NA	NA	NA	"CL:0000017"	"spermatocyte"	"perfect match"	"SN260"	NA	2
"AGTTAGCTCGCACGGT"	""	"ERX6700412"	"ERP132578"	"testis"	"Spermatogonia"	NA	NA	NA	"CL:0000020"	"spermatogonium"	"perfect match"	"SN260"	NA	4
"AGTTCCCAGGATCATA"	""	"ERX6700412"	"ERP132578"	"testis"	"Spermatogonia"	NA	NA	NA	"CL:0000020"	"spermatogonium"	"perfect match"	"SN260"	NA	4
"AGTTCCCGTTGTATGC"	""	"ERX6700412"	"ERP132578"	"testis"	"Round_spermatids"	NA	NA	NA	"CL:4030036"	"early spermatid"	"perfect match"	"SN260"	NA	3
"AGTTCCCTCCTGTACC"	""	"ERX6700412"	"ERP132578"	"testis"	"Round_spermatids"	NA	NA	NA	"CL:4030036"	"early spermatid"	"perfect match"	"SN260"	NA	3
"AGTTCGAAGAATCGCG"	""	"ERX6700412"	"ERP132578"	"testis"	"Spermatocytes"	NA	NA	NA	"CL:0000017"	"spermatocyte"	"perfect match"	"SN260"	NA	2
"AGTTCGAAGCACTCCG"	""	"ERX6700412"	"ERP132578"	"testis"	"Spermatocytes"	NA	NA	NA	"CL:0000017"	"spermatocyte"	"perfect match"	"SN260"	NA	2
"AGTTCGACAATAACGA"	""	"ERX6700412"	"ERP132578"	"testis"	"Other_somatic"	NA	NA	NA	"CL:0002371"	"somatic cell"	"perfect match"	"SN260"	NA	5
"AGTTCGACACCGTCGA"	""	"ERX6700412"	"ERP132578"	"testis"	"Spermatocytes"	NA	NA	NA	"CL:0000017"	"spermatocyte"	"perfect match"	"SN260"	NA	2
"AGTTCGACACCGTGGT"	""	"ERX6700412"	"ERP132578"	"testis"	"Spermatocytes"	NA	NA	NA	"CL:0000017"	"spermatocyte"	"perfect match"	"SN260"	NA	2
"AGTTCGATCTCCGAGG"	""	"ERX6700412"	"ERP132578"	"testis"	"Elongated_spermatids"	NA	NA	NA	"CL:4030037"	"late spermatid"	"perfect match"	"SN260"	NA	1
"ATACCGAGTATGGTAA"	""	"ERX6700412"	"ERP132578"	"testis"	"Spermatocytes"	NA	NA	NA	"CL:0000017"	"spermatocyte"	"perfect match"	"SN260"	NA	2
"ATACCGATCCGTTGGG"	""	"ERX6700412"	"ERP132578"	"testis"	"Round_spermatids"	NA	NA	NA	"CL:4030036"	"early spermatid"	"perfect match"	"SN260"	NA	3
"ATACCGATCTGGGCGT"	""	"ERX6700412"	"ERP132578"	"testis"	"Round_spermatids"	NA	NA	NA	"CL:4030036"	"early spermatid"	"perfect match"	"SN260"	NA	3
"ATACTTCAGAAGTATC"	""	"ERX6700412"	"ERP132578"	"testis"	"Round_spermatids"	NA	NA	NA	"CL:4030036"	"early spermatid"	"perfect match"	"SN260"	NA	3
"ATACTTCAGAGGGCGA"	""	"ERX6700412"	"ERP132578"	"testis"	"Round_spermatids"	NA	NA	NA	"CL:4030036"	"early spermatid"	"perfect match"	"SN260"	NA	3
"ATACTTCAGCGGCTCT"	""	"ERX6700412"	"ERP132578"	"testis"	"Round_spermatids"	NA	NA	NA	"CL:4030036"	"early spermatid"	"perfect match"	"SN260"	NA	3
"ATACTTCCATAACCCA"	""	"ERX6700412"	"ERP132578"	"testis"	"Spermatogonia"	NA	NA	NA	"CL:0000020"	"spermatogonium"	"perfect match"	"SN260"	NA	4
"ATACTTCGTCACTAGT"	""	"ERX6700412"	"ERP132578"	"testis"	"Round_spermatids"	NA	NA	NA	"CL:4030036"	"early spermatid"	"perfect match"	"SN260"	NA	3
"ATACTTCGTGTCACAT"	""	"ERX6700412"	"ERP132578"	"testis"	"Elongated_spermatids"	NA	NA	NA	"CL:4030037"	"late spermatid"	"perfect match"	"SN260"	NA	1
"ATAGAGAAGAGCACTG"	""	"ERX6700412"	"ERP132578"	"testis"	"Round_spermatids"	NA	NA	NA	"CL:4030036"	"early spermatid"	"perfect match"	"SN260"	NA	3
"ATAGAGAAGCGAGAAA"	""	"ERX6700412"	"ERP132578"	"testis"	"Spermatogonia"	NA	NA	NA	"CL:0000020"	"spermatogonium"	"perfect match"	"SN260"	NA	4
"ATAGAGAAGGAAGTAG"	""	"ERX6700412"	"ERP132578"	"testis"	"Round_spermatids"	NA	NA	NA	"CL:4030036"	"early spermatid"	"perfect match"	"SN260"	NA	3
"ATAGAGAAGTCAGGGT"	""	"ERX6700412"	"ERP132578"	"testis"	"Elongated_spermatids"	NA	NA	NA	"CL:4030037"	"late spermatid"	"perfect match"	"SN260"	NA	1
"ATAGAGAAGTGTCATC"	""	"ERX6700412"	"ERP132578"	"testis"	"Round_spermatids"	NA	NA	NA	"CL:4030036"	"early spermatid"	"perfect match"	"SN260"	NA	3
"ATAGAGACACCACTGG"	""	"ERX6700412"	"ERP132578"	"testis"	"Spermatocytes"	NA	NA	NA	"CL:0000017"	"spermatocyte"	"perfect match"	"SN260"	NA	2
"ATAGGCTAGGAGAGTA"	""	"ERX6700412"	"ERP132578"	"testis"	"Spermatocytes"	NA	NA	NA	"CL:0000017"	"spermatocyte"	"perfect match"	"SN260"	NA	2
"ATAGGCTAGTCAGAGC"	""	"ERX6700412"	"ERP132578"	"testis"	"Elongated_spermatids"	NA	NA	NA	"CL:4030037"	"late spermatid"	"perfect match"	"SN260"	NA	1
"ATAGGCTCATTCGGGC"	""	"ERX6700412"	"ERP132578"	"testis"	"Spermatocytes"	NA	NA	NA	"CL:0000017"	"spermatocyte"	"perfect match"	"SN260"	NA	2
"ATAGGCTGTACGAAAT"	""	"ERX6700412"	"ERP132578"	"testis"	"Spermatocytes"	NA	NA	NA	"CL:0000017"	"spermatocyte"	"perfect match"	"SN260"	NA	2
"ATATCCTAGAACTGAT"	""	"ERX6700412"	"ERP132578"	"testis"	"Round_spermatids"	NA	NA	NA	"CL:4030036"	"early spermatid"	"perfect match"	"SN260"	NA	3
"ATATCCTAGATGATTG"	""	"ERX6700412"	"ERP132578"	"testis"	"Round_spermatids"	NA	NA	NA	"CL:4030036"	"early spermatid"	"perfect match"	"SN260"	NA	3
"ATATCCTAGCGTACAG"	""	"ERX6700412"	"ERP132578"	"testis"	"Spermatocytes"	NA	NA	NA	"CL:0000017"	"spermatocyte"	"perfect match"	"SN260"	NA	2
"ATATCCTAGGTCGTCC"	""	"ERX6700412"	"ERP132578"	"testis"	"Round_spermatids"	NA	NA	NA	"CL:4030036"	"early spermatid"	"perfect match"	"SN260"	NA	3
"ATATCCTCAGGACTTT"	""	"ERX6700412"	"ERP132578"	"testis"	"Round_spermatids"	NA	NA	NA	"CL:4030036"	"early spermatid"	"perfect match"	"SN260"	NA	3
"ATATCCTGTGGAAGTC"	""	"ERX6700412"	"ERP132578"	"testis"	"Elongated_spermatids"	NA	NA	NA	"CL:4030037"	"late spermatid"	"perfect match"	"SN260"	NA	1
"ATATCCTGTTAGAAAC"	""	"ERX6700412"	"ERP132578"	"testis"	"Elongated_spermatids"	NA	NA	NA	"CL:4030037"	"late spermatid"	"perfect match"	"SN260"	NA	1
"ATATCCTTCGTGTGGC"	""	"ERX6700412"	"ERP132578"	"testis"	"Round_spermatids"	NA	NA	NA	"CL:4030036"	"early spermatid"	"perfect match"	"SN260"	NA	3
"ATCACAGAGAGGTCAC"	""	"ERX6700412"	"ERP132578"	"testis"	"Elongated_spermatids"	NA	NA	NA	"CL:4030037"	"late spermatid"	"perfect match"	"SN260"	NA	1
"ATCACAGGTACGATTC"	""	"ERX6700412"	"ERP132578"	"testis"	"Elongated_spermatids"	NA	NA	NA	"CL:4030037"	"late spermatid"	"perfect match"	"SN260"	NA	1
"ATCACAGGTATCAAGA"	""	"ERX6700412"	"ERP132578"	"testis"	"Round_spermatids"	NA	NA	NA	"CL:4030036"	"early spermatid"	"perfect match"	"SN260"	NA	3
"ATCACGATCCGTTTCG"	""	"ERX6700412"	"ERP132578"	"testis"	"Round_spermatids"	NA	NA	NA	"CL:4030036"	"early spermatid"	"perfect match"	"SN260"	NA	3
"ATCACTTGTCTCTCAC"	""	"ERX6700412"	"ERP132578"	"testis"	"Elongated_spermatids"	NA	NA	NA	"CL:4030037"	"late spermatid"	"perfect match"	"SN260"	NA	1
"ATCACTTGTTAGTTCG"	""	"ERX6700412"	"ERP132578"	"testis"	"Round_spermatids"	NA	NA	NA	"CL:4030036"	"early spermatid"	"perfect match"	"SN260"	NA	3
"ATCACTTTCAGACCTA"	""	"ERX6700412"	"ERP132578"	"testis"	"Round_spermatids"	NA	NA	NA	"CL:4030036"	"early spermatid"	"perfect match"	"SN260"	NA	3
"ATCACTTTCCAAGCTA"	""	"ERX6700412"	"ERP132578"	"testis"	"Round_spermatids"	NA	NA	NA	"CL:4030036"	"early spermatid"	"perfect match"	"SN260"	NA	3
"ATCACTTTCGAAGCAG"	""	"ERX6700412"	"ERP132578"	"testis"	"Elongated_spermatids"	NA	NA	NA	"CL:4030037"	"late spermatid"	"perfect match"	"SN260"	NA	1
"ATCACTTTCTATACTC"	""	"ERX6700412"	"ERP132578"	"testis"	"Round_spermatids"	NA	NA	NA	"CL:4030036"	"early spermatid"	"perfect match"	"SN260"	NA	3
"ATCAGGTCAGCAGTAG"	""	"ERX6700412"	"ERP132578"	"testis"	"Round_spermatids"	NA	NA	NA	"CL:4030036"	"early spermatid"	"perfect match"	"SN260"	NA	3
"ATCATTCAGTTTGCTG"	""	"ERX6700412"	"ERP132578"	"testis"	"Round_spermatids"	NA	NA	NA	"CL:4030036"	"early spermatid"	"perfect match"	"SN260"	NA	3
"ATCATTCGTAACTGCT"	""	"ERX6700412"	"ERP132578"	"testis"	"Round_spermatids"	NA	NA	NA	"CL:4030036"	"early spermatid"	"perfect match"	"SN260"	NA	3
"ATCCACCGTGGAACAC"	""	"ERX6700412"	"ERP132578"	"testis"	"Round_spermatids"	NA	NA	NA	"CL:4030036"	"early spermatid"	"perfect match"	"SN260"	NA	3
"ATCCACCGTGTTGACT"	""	"ERX6700412"	"ERP132578"	"testis"	"Round_spermatids"	NA	NA	NA	"CL:4030036"	"early spermatid"	"perfect match"	"SN260"	NA	3
"ATCCACCGTTAGAGTA"	""	"ERX6700412"	"ERP132578"	"testis"	"Round_spermatids"	NA	NA	NA	"CL:4030036"	"early spermatid"	"perfect match"	"SN260"	NA	3
"ATCCATTTCAGGAAGC"	""	"ERX6700412"	"ERP132578"	"testis"	"Spermatocytes"	NA	NA	NA	"CL:0000017"	"spermatocyte"	"perfect match"	"SN260"	NA	2
"ATCCCTGGTAACAGGC"	""	"ERX6700412"	"ERP132578"	"testis"	"Round_spermatids"	NA	NA	NA	"CL:4030036"	"early spermatid"	"perfect match"	"SN260"	NA	3
"ATCCCTGGTAGATGTA"	""	"ERX6700412"	"ERP132578"	"testis"	"Spermatocytes"	NA	NA	NA	"CL:0000017"	"spermatocyte"	"perfect match"	"SN260"	NA	2
"ATCCCTGGTGCCGTAC"	""	"ERX6700412"	"ERP132578"	"testis"	"Elongated_spermatids"	NA	NA	NA	"CL:4030037"	"late spermatid"	"perfect match"	"SN260"	NA	1
"ATCCGTCAGTTTGTCG"	""	"ERX6700412"	"ERP132578"	"testis"	"Other_somatic"	NA	NA	NA	"CL:0002371"	"somatic cell"	"perfect match"	"SN260"	NA	5
"ATCCGTCCAAGCGCTC"	""	"ERX6700412"	"ERP132578"	"testis"	"Spermatocytes"	NA	NA	NA	"CL:0000017"	"spermatocyte"	"perfect match"	"SN260"	NA	2
"ATCCGTCCAGAGAGGG"	""	"ERX6700412"	"ERP132578"	"testis"	"Round_spermatids"	NA	NA	NA	"CL:4030036"	"early spermatid"	"perfect match"	"SN260"	NA	3
"ATCCTATCAAATGAGT"	""	"ERX6700412"	"ERP132578"	"testis"	"Round_spermatids"	NA	NA	NA	"CL:4030036"	"early spermatid"	"perfect match"	"SN260"	NA	3
"ATCCTATCACCTCTGT"	""	"ERX6700412"	"ERP132578"	"testis"	"Round_spermatids"	NA	NA	NA	"CL:4030036"	"early spermatid"	"perfect match"	"SN260"	NA	3
"ATCCTATGTAGAATAC"	""	"ERX6700412"	"ERP132578"	"testis"	"Spermatocytes"	NA	NA	NA	"CL:0000017"	"spermatocyte"	"perfect match"	"SN260"	NA	2
"ATCCTATGTCAGTCCG"	""	"ERX6700412"	"ERP132578"	"testis"	"Spermatocytes"	NA	NA	NA	"CL:0000017"	"spermatocyte"	"perfect match"	"SN260"	NA	2
"ATCCTATGTCGTACTA"	""	"ERX6700412"	"ERP132578"	"testis"	"Spermatogonia"	NA	NA	NA	"CL:0000020"	"spermatogonium"	"perfect match"	"SN260"	NA	4
"ATCCTATTCGATTGGT"	""	"ERX6700412"	"ERP132578"	"testis"	"Round_spermatids"	NA	NA	NA	"CL:4030036"	"early spermatid"	"perfect match"	"SN260"	NA	3
"ATCGATGAGAAGGTAG"	""	"ERX6700412"	"ERP132578"	"testis"	"Other_somatic"	NA	NA	NA	"CL:0002371"	"somatic cell"	"perfect match"	"SN260"	NA	5
"ATCGATGAGCGTGAGT"	""	"ERX6700412"	"ERP132578"	"testis"	"Spermatocytes"	NA	NA	NA	"CL:0000017"	"spermatocyte"	"perfect match"	"SN260"	NA	2
"ATCGATGAGGCCTAGA"	""	"ERX6700412"	"ERP132578"	"testis"	"Round_spermatids"	NA	NA	NA	"CL:4030036"	"early spermatid"	"perfect match"	"SN260"	NA	3
"ATCGATGCATGGTGGA"	""	"ERX6700412"	"ERP132578"	"testis"	"Spermatogonia"	NA	NA	NA	"CL:0000020"	"spermatogonium"	"perfect match"	"SN260"	NA	4
"ATCGATGGTCATAAAG"	""	"ERX6700412"	"ERP132578"	"testis"	"Elongated_spermatids"	NA	NA	NA	"CL:4030037"	"late spermatid"	"perfect match"	"SN260"	NA	1
"ATCGATGGTGCATACT"	""	"ERX6700412"	"ERP132578"	"testis"	"Round_spermatids"	NA	NA	NA	"CL:4030036"	"early spermatid"	"perfect match"	"SN260"	NA	3
"ATCGATGTCGAGTGGA"	""	"ERX6700412"	"ERP132578"	"testis"	"Spermatocytes"	NA	NA	NA	"CL:0000017"	"spermatocyte"	"perfect match"	"SN260"	NA	2
"ATCGCCTAGAGTCAGC"	""	"ERX6700412"	"ERP132578"	"testis"	"Elongated_spermatids"	NA	NA	NA	"CL:4030037"	"late spermatid"	"perfect match"	"SN260"	NA	1
"ATCGCCTAGGACAGTC"	""	"ERX6700412"	"ERP132578"	"testis"	"Spermatocytes"	NA	NA	NA	"CL:0000017"	"spermatocyte"	"perfect match"	"SN260"	NA	2
"ATCGCCTCACCAGTTA"	""	"ERX6700412"	"ERP132578"	"testis"	"Spermatocytes"	NA	NA	NA	"CL:0000017"	"spermatocyte"	"perfect match"	"SN260"	NA	2
"ATCGCCTGTTAGTTCG"	""	"ERX6700412"	"ERP132578"	"testis"	"Elongated_spermatids"	NA	NA	NA	"CL:4030037"	"late spermatid"	"perfect match"	"SN260"	NA	1
"ATCGCCTGTTTACCAG"	""	"ERX6700412"	"ERP132578"	"testis"	"Spermatocytes"	NA	NA	NA	"CL:0000017"	"spermatocyte"	"perfect match"	"SN260"	NA	2
"ATCGGATCACCGTGGT"	""	"ERX6700412"	"ERP132578"	"testis"	"Round_spermatids"	NA	NA	NA	"CL:4030036"	"early spermatid"	"perfect match"	"SN260"	NA	3
"ATCGGCGCATGACGTT"	""	"ERX6700412"	"ERP132578"	"testis"	"Round_spermatids"	NA	NA	NA	"CL:4030036"	"early spermatid"	"perfect match"	"SN260"	NA	3
"ATCGTAGAGGGTGAAA"	""	"ERX6700412"	"ERP132578"	"testis"	"Other_somatic"	NA	NA	NA	"CL:0002371"	"somatic cell"	"perfect match"	"SN260"	NA	5
"ATCGTAGAGTGGTTAA"	""	"ERX6700412"	"ERP132578"	"testis"	"Elongated_spermatids"	NA	NA	NA	"CL:4030037"	"late spermatid"	"perfect match"	"SN260"	NA	1
"ATCGTAGCAAAGACTA"	""	"ERX6700412"	"ERP132578"	"testis"	"Round_spermatids"	NA	NA	NA	"CL:4030036"	"early spermatid"	"perfect match"	"SN260"	NA	3
"ATCGTAGGTGACCGTC"	""	"ERX6700412"	"ERP132578"	"testis"	"Elongated_spermatids"	NA	NA	NA	"CL:4030037"	"late spermatid"	"perfect match"	"SN260"	NA	1
"ATCGTAGTCATCAGTG"	""	"ERX6700412"	"ERP132578"	"testis"	"Elongated_spermatids"	NA	NA	NA	"CL:4030037"	"late spermatid"	"perfect match"	"SN260"	NA	1
"ATCGTAGTCTGGTGCG"	""	"ERX6700412"	"ERP132578"	"testis"	"Round_spermatids"	NA	NA	NA	"CL:4030036"	"early spermatid"	"perfect match"	"SN260"	NA	3
"ATCGTCCCAAATGCGG"	""	"ERX6700412"	"ERP132578"	"testis"	"Round_spermatids"	NA	NA	NA	"CL:4030036"	"early spermatid"	"perfect match"	"SN260"	NA	3
"ATCGTCCGTCGGTAAG"	""	"ERX6700412"	"ERP132578"	"testis"	"Spermatogonia"	NA	NA	NA	"CL:0000020"	"spermatogonium"	"perfect match"	"SN260"	NA	4
"ATCGTCCTCAGGCGAA"	""	"ERX6700412"	"ERP132578"	"testis"	"Round_spermatids"	NA	NA	NA	"CL:4030036"	"early spermatid"	"perfect match"	"SN260"	NA	3
"ATCGTGAAGGCTTAAA"	""	"ERX6700412"	"ERP132578"	"testis"	"Elongated_spermatids"	NA	NA	NA	"CL:4030037"	"late spermatid"	"perfect match"	"SN260"	NA	1
"ATCGTGACACAACCGC"	""	"ERX6700412"	"ERP132578"	"testis"	"Elongated_spermatids"	NA	NA	NA	"CL:4030037"	"late spermatid"	"perfect match"	"SN260"	NA	1
"ATCGTGAGTCTTCTAT"	""	"ERX6700412"	"ERP132578"	"testis"	"Elongated_spermatids"	NA	NA	NA	"CL:4030037"	"late spermatid"	"perfect match"	"SN260"	NA	1
"ATCGTGAGTGCAGATG"	""	"ERX6700412"	"ERP132578"	"testis"	"Round_spermatids"	NA	NA	NA	"CL:4030036"	"early spermatid"	"perfect match"	"SN260"	NA	3
"ATCGTGATCACTGATG"	""	"ERX6700412"	"ERP132578"	"testis"	"Elongated_spermatids"	NA	NA	NA	"CL:4030037"	"late spermatid"	"perfect match"	"SN260"	NA	1
"ATCTCTAAGTGTCATC"	""	"ERX6700412"	"ERP132578"	"testis"	"Spermatocytes"	NA	NA	NA	"CL:0000017"	"spermatocyte"	"perfect match"	"SN260"	NA	2
"ATCTTCATCCACCCTA"	""	"ERX6700412"	"ERP132578"	"testis"	"Round_spermatids"	NA	NA	NA	"CL:4030036"	"early spermatid"	"perfect match"	"SN260"	NA	3
"ATCTTCATCGTTTACT"	""	"ERX6700412"	"ERP132578"	"testis"	"Spermatocytes"	NA	NA	NA	"CL:0000017"	"spermatocyte"	"perfect match"	"SN260"	NA	2
"ATGAAAGAGCTTTCTT"	""	"ERX6700412"	"ERP132578"	"testis"	"Round_spermatids"	NA	NA	NA	"CL:4030036"	"early spermatid"	"perfect match"	"SN260"	NA	3
"ATGAAAGCATTGTACG"	""	"ERX6700412"	"ERP132578"	"testis"	"Spermatocytes"	NA	NA	NA	"CL:0000017"	"spermatocyte"	"perfect match"	"SN260"	NA	2
"ATGAAAGGTACGATCT"	""	"ERX6700412"	"ERP132578"	"testis"	"Elongated_spermatids"	NA	NA	NA	"CL:4030037"	"late spermatid"	"perfect match"	"SN260"	NA	1
"ATGAAAGGTGTCGATT"	""	"ERX6700412"	"ERP132578"	"testis"	"Spermatocytes"	NA	NA	NA	"CL:0000017"	"spermatocyte"	"perfect match"	"SN260"	NA	2
"ATGACCAAGAGAGCCT"	""	"ERX6700412"	"ERP132578"	"testis"	"Round_spermatids"	NA	NA	NA	"CL:4030036"	"early spermatid"	"perfect match"	"SN260"	NA	3
"ATGACCAGTACGATCT"	""	"ERX6700412"	"ERP132578"	"testis"	"Round_spermatids"	NA	NA	NA	"CL:4030036"	"early spermatid"	"perfect match"	"SN260"	NA	3
"ATGAGTCCACTAACGT"	""	"ERX6700412"	"ERP132578"	"testis"	"Round_spermatids"	NA	NA	NA	"CL:4030036"	"early spermatid"	"perfect match"	"SN260"	NA	3
"ATGAGTCTCACCCTGT"	""	"ERX6700412"	"ERP132578"	"testis"	"Spermatocytes"	NA	NA	NA	"CL:0000017"	"spermatocyte"	"perfect match"	"SN260"	NA	2
"ATGATCGAGGCGAAGG"	""	"ERX6700412"	"ERP132578"	"testis"	"Round_spermatids"	NA	NA	NA	"CL:4030036"	"early spermatid"	"perfect match"	"SN260"	NA	3
"ATGATCGGTAACGGTG"	""	"ERX6700412"	"ERP132578"	"testis"	"Spermatocytes"	NA	NA	NA	"CL:0000017"	"spermatocyte"	"perfect match"	"SN260"	NA	2
"ATGATCGTCAAGCCCG"	""	"ERX6700412"	"ERP132578"	"testis"	"Spermatocytes"	NA	NA	NA	"CL:0000017"	"spermatocyte"	"perfect match"	"SN260"	NA	2
"ATGCATGTCCTGTTGC"	""	"ERX6700412"	"ERP132578"	"testis"	"Elongated_spermatids"	NA	NA	NA	"CL:4030037"	"late spermatid"	"perfect match"	"SN260"	NA	1
"ATGCATGTCGCCACTT"	""	"ERX6700412"	"ERP132578"	"testis"	"Round_spermatids"	NA	NA	NA	"CL:4030036"	"early spermatid"	"perfect match"	"SN260"	NA	3
"ATGCCTCAGCAACCAG"	""	"ERX6700412"	"ERP132578"	"testis"	"Elongated_spermatids"	NA	NA	NA	"CL:4030037"	"late spermatid"	"perfect match"	"SN260"	NA	1
"ATGCCTCAGGATGAGA"	""	"ERX6700412"	"ERP132578"	"testis"	"Elongated_spermatids"	NA	NA	NA	"CL:4030037"	"late spermatid"	"perfect match"	"SN260"	NA	1
"ATGCCTCTCCAGTGCG"	""	"ERX6700412"	"ERP132578"	"testis"	"Elongated_spermatids"	NA	NA	NA	"CL:4030037"	"late spermatid"	"perfect match"	"SN260"	NA	1
"ATGCCTCTCCTGGCTT"	""	"ERX6700412"	"ERP132578"	"testis"	"Spermatogonia"	NA	NA	NA	"CL:0000020"	"spermatogonium"	"perfect match"	"SN260"	NA	4
"ATGCGATAGTCGCGAA"	""	"ERX6700412"	"ERP132578"	"testis"	"Spermatocytes"	NA	NA	NA	"CL:0000017"	"spermatocyte"	"perfect match"	"SN260"	NA	2
"ATGCGATCAGCTGAAG"	""	"ERX6700412"	"ERP132578"	"testis"	"Round_spermatids"	NA	NA	NA	"CL:4030036"	"early spermatid"	"perfect match"	"SN260"	NA	3
"ATGCGATGTAGCTTGT"	""	"ERX6700412"	"ERP132578"	"testis"	"Round_spermatids"	NA	NA	NA	"CL:4030036"	"early spermatid"	"perfect match"	"SN260"	NA	3
"ATGCGATGTTCACGAT"	""	"ERX6700412"	"ERP132578"	"testis"	"Spermatocytes"	NA	NA	NA	"CL:0000017"	"spermatocyte"	"perfect match"	"SN260"	NA	2
"ATGGAGGGTTCTGACA"	""	"ERX6700412"	"ERP132578"	"testis"	"Other_somatic"	NA	NA	NA	"CL:0002371"	"somatic cell"	"perfect match"	"SN260"	NA	5
"ATGGAGGGTTTCCAAG"	""	"ERX6700412"	"ERP132578"	"testis"	"Round_spermatids"	NA	NA	NA	"CL:4030036"	"early spermatid"	"perfect match"	"SN260"	NA	3
"ATGGATCAGTATGACA"	""	"ERX6700412"	"ERP132578"	"testis"	"Other_somatic"	NA	NA	NA	"CL:0002371"	"somatic cell"	"perfect match"	"SN260"	NA	5
"ATGGATCCAACAGTGG"	""	"ERX6700412"	"ERP132578"	"testis"	"Spermatocytes"	NA	NA	NA	"CL:0000017"	"spermatocyte"	"perfect match"	"SN260"	NA	2
"ATGGATCGTGCATTAC"	""	"ERX6700412"	"ERP132578"	"testis"	"Spermatogonia"	NA	NA	NA	"CL:0000020"	"spermatogonium"	"perfect match"	"SN260"	NA	4
"ATGGATCGTGGACCTC"	""	"ERX6700412"	"ERP132578"	"testis"	"Spermatogonia"	NA	NA	NA	"CL:0000020"	"spermatogonium"	"perfect match"	"SN260"	NA	4
"ATGGGAGAGTCACACT"	""	"ERX6700412"	"ERP132578"	"testis"	"Spermatocytes"	NA	NA	NA	"CL:0000017"	"spermatocyte"	"perfect match"	"SN260"	NA	2
"ATGGGAGCACACGCCA"	""	"ERX6700412"	"ERP132578"	"testis"	"Elongated_spermatids"	NA	NA	NA	"CL:4030037"	"late spermatid"	"perfect match"	"SN260"	NA	1
"ATGGGAGCACGCTATA"	""	"ERX6700412"	"ERP132578"	"testis"	"Elongated_spermatids"	NA	NA	NA	"CL:4030037"	"late spermatid"	"perfect match"	"SN260"	NA	1
"ATGGGAGGTACGGTTT"	""	"ERX6700412"	"ERP132578"	"testis"	"Spermatocytes"	NA	NA	NA	"CL:0000017"	"spermatocyte"	"perfect match"	"SN260"	NA	2
"ATGGGAGGTAGATTAG"	""	"ERX6700412"	"ERP132578"	"testis"	"Spermatocytes"	NA	NA	NA	"CL:0000017"	"spermatocyte"	"perfect match"	"SN260"	NA	2
"ATGGGAGTCATGAAAG"	""	"ERX6700412"	"ERP132578"	"testis"	"Round_spermatids"	NA	NA	NA	"CL:4030036"	"early spermatid"	"perfect match"	"SN260"	NA	3
"ATGGGTTGTATTAAGG"	""	"ERX6700412"	"ERP132578"	"testis"	"Round_spermatids"	NA	NA	NA	"CL:4030036"	"early spermatid"	"perfect match"	"SN260"	NA	3
"ATGGGTTTCCCTTTGG"	""	"ERX6700412"	"ERP132578"	"testis"	"Round_spermatids"	NA	NA	NA	"CL:4030036"	"early spermatid"	"perfect match"	"SN260"	NA	3
"ATGGTTGCACCTGCTT"	""	"ERX6700412"	"ERP132578"	"testis"	"Elongated_spermatids"	NA	NA	NA	"CL:4030037"	"late spermatid"	"perfect match"	"SN260"	NA	1
"ATGGTTGCAGGTAGTG"	""	"ERX6700412"	"ERP132578"	"testis"	"Elongated_spermatids"	NA	NA	NA	"CL:4030037"	"late spermatid"	"perfect match"	"SN260"	NA	1
"ATGGTTGGTAGATTGA"	""	"ERX6700412"	"ERP132578"	"testis"	"Elongated_spermatids"	NA	NA	NA	"CL:4030037"	"late spermatid"	"perfect match"	"SN260"	NA	1
"ATGGTTGGTGCGAGTA"	""	"ERX6700412"	"ERP132578"	"testis"	"Round_spermatids"	NA	NA	NA	"CL:4030036"	"early spermatid"	"perfect match"	"SN260"	NA	3
"ATGTCCCAGCATTTCG"	""	"ERX6700412"	"ERP132578"	"testis"	"Round_spermatids"	NA	NA	NA	"CL:4030036"	"early spermatid"	"perfect match"	"SN260"	NA	3
"ATGTCCCCAAAGGATT"	""	"ERX6700412"	"ERP132578"	"testis"	"Elongated_spermatids"	NA	NA	NA	"CL:4030037"	"late spermatid"	"perfect match"	"SN260"	NA	1
"ATGTCCCCAGAGGTTG"	""	"ERX6700412"	"ERP132578"	"testis"	"Round_spermatids"	NA	NA	NA	"CL:4030036"	"early spermatid"	"perfect match"	"SN260"	NA	3
"ATGTCCCCAGATCACT"	""	"ERX6700412"	"ERP132578"	"testis"	"Round_spermatids"	NA	NA	NA	"CL:4030036"	"early spermatid"	"perfect match"	"SN260"	NA	3
"ATGTCCCCATCTGTTT"	""	"ERX6700412"	"ERP132578"	"testis"	"Spermatocytes"	NA	NA	NA	"CL:0000017"	"spermatocyte"	"perfect match"	"SN260"	NA	2
"ATGTCCCTCGAGAGCA"	""	"ERX6700412"	"ERP132578"	"testis"	"Spermatocytes"	NA	NA	NA	"CL:0000017"	"spermatocyte"	"perfect match"	"SN260"	NA	2
"ATGTCTTAGCTGAAGC"	""	"ERX6700412"	"ERP132578"	"testis"	"Elongated_spermatids"	NA	NA	NA	"CL:4030037"	"late spermatid"	"perfect match"	"SN260"	NA	1
"ATGTCTTAGGATACCG"	""	"ERX6700412"	"ERP132578"	"testis"	"Elongated_spermatids"	NA	NA	NA	"CL:4030037"	"late spermatid"	"perfect match"	"SN260"	NA	1
"ATGTCTTCACCCTAAA"	""	"ERX6700412"	"ERP132578"	"testis"	"Round_spermatids"	NA	NA	NA	"CL:4030036"	"early spermatid"	"perfect match"	"SN260"	NA	3
"ATTACCTGTGCAATGG"	""	"ERX6700412"	"ERP132578"	"testis"	"Round_spermatids"	NA	NA	NA	"CL:4030036"	"early spermatid"	"perfect match"	"SN260"	NA	3
"ATTACCTGTTGCATGT"	""	"ERX6700412"	"ERP132578"	"testis"	"Round_spermatids"	NA	NA	NA	"CL:4030036"	"early spermatid"	"perfect match"	"SN260"	NA	3
"ATTACCTTCATGAAAG"	""	"ERX6700412"	"ERP132578"	"testis"	"Elongated_spermatids"	NA	NA	NA	"CL:4030037"	"late spermatid"	"perfect match"	"SN260"	NA	1
"ATTACTCAGGTAAGTT"	""	"ERX6700412"	"ERP132578"	"testis"	"Elongated_spermatids"	NA	NA	NA	"CL:4030037"	"late spermatid"	"perfect match"	"SN260"	NA	1
"ATTACTCCAGACCGCT"	""	"ERX6700412"	"ERP132578"	"testis"	"Spermatocytes"	NA	NA	NA	"CL:0000017"	"spermatocyte"	"perfect match"	"SN260"	NA	2
"ATTACTCGTTGTATGC"	""	"ERX6700412"	"ERP132578"	"testis"	"Elongated_spermatids"	NA	NA	NA	"CL:4030037"	"late spermatid"	"perfect match"	"SN260"	NA	1
"ATTATCCCACACGCCA"	""	"ERX6700412"	"ERP132578"	"testis"	"Spermatocytes"	NA	NA	NA	"CL:0000017"	"spermatocyte"	"perfect match"	"SN260"	NA	2
"ATTCACTAGATACAGT"	""	"ERX6700412"	"ERP132578"	"testis"	"Elongated_spermatids"	NA	NA	NA	"CL:4030037"	"late spermatid"	"perfect match"	"SN260"	NA	1
"ATTCACTAGTCCTACA"	""	"ERX6700412"	"ERP132578"	"testis"	"Elongated_spermatids"	NA	NA	NA	"CL:4030037"	"late spermatid"	"perfect match"	"SN260"	NA	1
"ATTCACTGTGGTCCGT"	""	"ERX6700412"	"ERP132578"	"testis"	"Spermatocytes"	NA	NA	NA	"CL:0000017"	"spermatocyte"	"perfect match"	"SN260"	NA	2
"ATTCAGGCATAGAAAC"	""	"ERX6700412"	"ERP132578"	"testis"	"Elongated_spermatids"	NA	NA	NA	"CL:4030037"	"late spermatid"	"perfect match"	"SN260"	NA	1
"ATTCAGGTCAAGCCCG"	""	"ERX6700412"	"ERP132578"	"testis"	"Elongated_spermatids"	NA	NA	NA	"CL:4030037"	"late spermatid"	"perfect match"	"SN260"	NA	1
"ATTCAGGTCCCATAGA"	""	"ERX6700412"	"ERP132578"	"testis"	"Elongated_spermatids"	NA	NA	NA	"CL:4030037"	"late spermatid"	"perfect match"	"SN260"	NA	1
"ATTCAGGTCGCTGCGA"	""	"ERX6700412"	"ERP132578"	"testis"	"Round_spermatids"	NA	NA	NA	"CL:4030036"	"early spermatid"	"perfect match"	"SN260"	NA	3
"ATTCATCTCAACGCTA"	""	"ERX6700412"	"ERP132578"	"testis"	"Round_spermatids"	NA	NA	NA	"CL:4030036"	"early spermatid"	"perfect match"	"SN260"	NA	3
"ATTCCATGTTGTTGCA"	""	"ERX6700412"	"ERP132578"	"testis"	"Spermatocytes"	NA	NA	NA	"CL:0000017"	"spermatocyte"	"perfect match"	"SN260"	NA	2
"ATTCCATTCAATCTTC"	""	"ERX6700412"	"ERP132578"	"testis"	"Round_spermatids"	NA	NA	NA	"CL:4030036"	"early spermatid"	"perfect match"	"SN260"	NA	3
"ATTCCATTCATTCTTG"	""	"ERX6700412"	"ERP132578"	"testis"	"Spermatocytes"	NA	NA	NA	"CL:0000017"	"spermatocyte"	"perfect match"	"SN260"	NA	2
"ATTCCATTCGTACACA"	""	"ERX6700412"	"ERP132578"	"testis"	"Spermatocytes"	NA	NA	NA	"CL:0000017"	"spermatocyte"	"perfect match"	"SN260"	NA	2
"ATTCCCGCAGCAGTGA"	""	"ERX6700412"	"ERP132578"	"testis"	"Round_spermatids"	NA	NA	NA	"CL:4030036"	"early spermatid"	"perfect match"	"SN260"	NA	3
"ATTCCTAAGGTAAAGG"	""	"ERX6700412"	"ERP132578"	"testis"	"Spermatogonia"	NA	NA	NA	"CL:0000020"	"spermatogonium"	"perfect match"	"SN260"	NA	4
"ATTCCTAAGGTTCATC"	""	"ERX6700412"	"ERP132578"	"testis"	"Round_spermatids"	NA	NA	NA	"CL:4030036"	"early spermatid"	"perfect match"	"SN260"	NA	3
"ATTCCTACATTCTCTA"	""	"ERX6700412"	"ERP132578"	"testis"	"Spermatogonia"	NA	NA	NA	"CL:0000020"	"spermatogonium"	"perfect match"	"SN260"	NA	4
"ATTCGTTAGTTGGCGA"	""	"ERX6700412"	"ERP132578"	"testis"	"Round_spermatids"	NA	NA	NA	"CL:4030036"	"early spermatid"	"perfect match"	"SN260"	NA	3
"ATTCGTTGTGCCGGTT"	""	"ERX6700412"	"ERP132578"	"testis"	"Round_spermatids"	NA	NA	NA	"CL:4030036"	"early spermatid"	"perfect match"	"SN260"	NA	3
"ATTCGTTGTGTGTTTG"	""	"ERX6700412"	"ERP132578"	"testis"	"Round_spermatids"	NA	NA	NA	"CL:4030036"	"early spermatid"	"perfect match"	"SN260"	NA	3
"ATTCTACAGTGAACAT"	""	"ERX6700412"	"ERP132578"	"testis"	"Spermatocytes"	NA	NA	NA	"CL:0000017"	"spermatocyte"	"perfect match"	"SN260"	NA	2
"ATTCTACCACGGTGTC"	""	"ERX6700412"	"ERP132578"	"testis"	"Round_spermatids"	NA	NA	NA	"CL:4030036"	"early spermatid"	"perfect match"	"SN260"	NA	3
"ATTCTACCATGAATAG"	""	"ERX6700412"	"ERP132578"	"testis"	"Spermatocytes"	NA	NA	NA	"CL:0000017"	"spermatocyte"	"perfect match"	"SN260"	NA	2
"ATTCTACTCCGTAGTA"	""	"ERX6700412"	"ERP132578"	"testis"	"Round_spermatids"	NA	NA	NA	"CL:4030036"	"early spermatid"	"perfect match"	"SN260"	NA	3
"ATTCTTGGTGAGCTCC"	""	"ERX6700412"	"ERP132578"	"testis"	"Round_spermatids"	NA	NA	NA	"CL:4030036"	"early spermatid"	"perfect match"	"SN260"	NA	3
"ATTCTTGGTTAACCTG"	""	"ERX6700412"	"ERP132578"	"testis"	"Elongated_spermatids"	NA	NA	NA	"CL:4030037"	"late spermatid"	"perfect match"	"SN260"	NA	1
"ATTCTTGTCATTATCC"	""	"ERX6700412"	"ERP132578"	"testis"	"Spermatocytes"	NA	NA	NA	"CL:0000017"	"spermatocyte"	"perfect match"	"SN260"	NA	2
"ATTCTTGTCCCGTTCA"	""	"ERX6700412"	"ERP132578"	"testis"	"Elongated_spermatids"	NA	NA	NA	"CL:4030037"	"late spermatid"	"perfect match"	"SN260"	NA	1
"ATTGGGTAGCTAGAAT"	""	"ERX6700412"	"ERP132578"	"testis"	"Other_somatic"	NA	NA	NA	"CL:0002371"	"somatic cell"	"perfect match"	"SN260"	NA	5
"ATTGGGTCAGCTCGGT"	""	"ERX6700412"	"ERP132578"	"testis"	"Spermatocytes"	NA	NA	NA	"CL:0000017"	"spermatocyte"	"perfect match"	"SN260"	NA	2
"ATTGGGTCATGAAGCG"	""	"ERX6700412"	"ERP132578"	"testis"	"Round_spermatids"	NA	NA	NA	"CL:4030036"	"early spermatid"	"perfect match"	"SN260"	NA	3
"ATTGGGTGTAGCGAGT"	""	"ERX6700412"	"ERP132578"	"testis"	"Round_spermatids"	NA	NA	NA	"CL:4030036"	"early spermatid"	"perfect match"	"SN260"	NA	3
"ATTGGGTTCGTAGCCG"	""	"ERX6700412"	"ERP132578"	"testis"	"Spermatocytes"	NA	NA	NA	"CL:0000017"	"spermatocyte"	"perfect match"	"SN260"	NA	2
"ATTGTTCAGAAACTGT"	""	"ERX6700412"	"ERP132578"	"testis"	"Round_spermatids"	NA	NA	NA	"CL:4030036"	"early spermatid"	"perfect match"	"SN260"	NA	3
"ATTGTTCGTCTCGCGA"	""	"ERX6700412"	"ERP132578"	"testis"	"Round_spermatids"	NA	NA	NA	"CL:4030036"	"early spermatid"	"perfect match"	"SN260"	NA	3
"ATTGTTCTCATGGGAG"	""	"ERX6700412"	"ERP132578"	"testis"	"Elongated_spermatids"	NA	NA	NA	"CL:4030037"	"late spermatid"	"perfect match"	"SN260"	NA	1
"ATTGTTCTCCTAGCTC"	""	"ERX6700412"	"ERP132578"	"testis"	"Spermatocytes"	NA	NA	NA	"CL:0000017"	"spermatocyte"	"perfect match"	"SN260"	NA	2
"ATTTACCCAAACTAAG"	""	"ERX6700412"	"ERP132578"	"testis"	"Elongated_spermatids"	NA	NA	NA	"CL:4030037"	"late spermatid"	"perfect match"	"SN260"	NA	1
"ATTTCACAGTGGATTA"	""	"ERX6700412"	"ERP132578"	"testis"	"Spermatocytes"	NA	NA	NA	"CL:0000017"	"spermatocyte"	"perfect match"	"SN260"	NA	2
"ATTTCACCACGAGAAC"	""	"ERX6700412"	"ERP132578"	"testis"	"Elongated_spermatids"	NA	NA	NA	"CL:4030037"	"late spermatid"	"perfect match"	"SN260"	NA	1
"ATTTCACTCCGAAATC"	""	"ERX6700412"	"ERP132578"	"testis"	"Spermatocytes"	NA	NA	NA	"CL:0000017"	"spermatocyte"	"perfect match"	"SN260"	NA	2
"ATTTCACTCTCTTGCG"	""	"ERX6700412"	"ERP132578"	"testis"	"Spermatocytes"	NA	NA	NA	"CL:0000017"	"spermatocyte"	"perfect match"	"SN260"	NA	2
"ATTTCTGAGTCTTGGT"	""	"ERX6700412"	"ERP132578"	"testis"	"Round_spermatids"	NA	NA	NA	"CL:4030036"	"early spermatid"	"perfect match"	"SN260"	NA	3
"ATTTCTGCAGTCTGGC"	""	"ERX6700412"	"ERP132578"	"testis"	"Spermatocytes"	NA	NA	NA	"CL:0000017"	"spermatocyte"	"perfect match"	"SN260"	NA	2
"ATTTCTGCATAGAAAC"	""	"ERX6700412"	"ERP132578"	"testis"	"Spermatogonia"	NA	NA	NA	"CL:0000020"	"spermatogonium"	"perfect match"	"SN260"	NA	4
"ATTTCTGGTACGCGTC"	""	"ERX6700412"	"ERP132578"	"testis"	"Round_spermatids"	NA	NA	NA	"CL:4030036"	"early spermatid"	"perfect match"	"SN260"	NA	3
"ATTTCTGTCTGGGAGA"	""	"ERX6700412"	"ERP132578"	"testis"	"Round_spermatids"	NA	NA	NA	"CL:4030036"	"early spermatid"	"perfect match"	"SN260"	NA	3
"CAAAGAATCCATTGGA"	""	"ERX6700412"	"ERP132578"	"testis"	"Other_somatic"	NA	NA	NA	"CL:0002371"	"somatic cell"	"perfect match"	"SN260"	NA	5
"CAAAGAATCGTGTGAT"	""	"ERX6700412"	"ERP132578"	"testis"	"Round_spermatids"	NA	NA	NA	"CL:4030036"	"early spermatid"	"perfect match"	"SN260"	NA	3
"CAACAACCAGGTTTAC"	""	"ERX6700412"	"ERP132578"	"testis"	"Round_spermatids"	NA	NA	NA	"CL:4030036"	"early spermatid"	"perfect match"	"SN260"	NA	3
"CAACAACGTTGCATCA"	""	"ERX6700412"	"ERP132578"	"testis"	"Elongated_spermatids"	NA	NA	NA	"CL:4030037"	"late spermatid"	"perfect match"	"SN260"	NA	1
"CAACAACTCGTTTACT"	""	"ERX6700412"	"ERP132578"	"testis"	"Round_spermatids"	NA	NA	NA	"CL:4030036"	"early spermatid"	"perfect match"	"SN260"	NA	3
"CAACAGTAGAGCTGAC"	""	"ERX6700412"	"ERP132578"	"testis"	"Spermatocytes"	NA	NA	NA	"CL:0000017"	"spermatocyte"	"perfect match"	"SN260"	NA	2
"CAACAGTAGGGCCAAT"	""	"ERX6700412"	"ERP132578"	"testis"	"Round_spermatids"	NA	NA	NA	"CL:4030036"	"early spermatid"	"perfect match"	"SN260"	NA	3
"CAACAGTGTGGCTTAT"	""	"ERX6700412"	"ERP132578"	"testis"	"Round_spermatids"	NA	NA	NA	"CL:4030036"	"early spermatid"	"perfect match"	"SN260"	NA	3
"CAACCAAAGAAATTGC"	""	"ERX6700412"	"ERP132578"	"testis"	"Round_spermatids"	NA	NA	NA	"CL:4030036"	"early spermatid"	"perfect match"	"SN260"	NA	3
"CAACCAAAGCTAAACA"	""	"ERX6700412"	"ERP132578"	"testis"	"Round_spermatids"	NA	NA	NA	"CL:4030036"	"early spermatid"	"perfect match"	"SN260"	NA	3
"CAACCAAAGGGATCTG"	""	"ERX6700412"	"ERP132578"	"testis"	"Spermatogonia"	NA	NA	NA	"CL:0000020"	"spermatogonium"	"perfect match"	"SN260"	NA	4
"CAACCAAGTATCGCTA"	""	"ERX6700412"	"ERP132578"	"testis"	"Spermatocytes"	NA	NA	NA	"CL:0000017"	"spermatocyte"	"perfect match"	"SN260"	NA	2
"CAACCAATCAACCTCC"	""	"ERX6700412"	"ERP132578"	"testis"	"Round_spermatids"	NA	NA	NA	"CL:4030036"	"early spermatid"	"perfect match"	"SN260"	NA	3
"CAACCAATCCATCTCG"	""	"ERX6700412"	"ERP132578"	"testis"	"Round_spermatids"	NA	NA	NA	"CL:4030036"	"early spermatid"	"perfect match"	"SN260"	NA	3
"CAACCTCAGAGGTTTA"	""	"ERX6700412"	"ERP132578"	"testis"	"Round_spermatids"	NA	NA	NA	"CL:4030036"	"early spermatid"	"perfect match"	"SN260"	NA	3
"CAACGATAGCTGACCC"	""	"ERX6700412"	"ERP132578"	"testis"	"Round_spermatids"	NA	NA	NA	"CL:4030036"	"early spermatid"	"perfect match"	"SN260"	NA	3
"CAACGATGTTTCAGAC"	""	"ERX6700412"	"ERP132578"	"testis"	"Elongated_spermatids"	NA	NA	NA	"CL:4030037"	"late spermatid"	"perfect match"	"SN260"	NA	1
"CAACGATTCTCGCCTA"	""	"ERX6700412"	"ERP132578"	"testis"	"Elongated_spermatids"	NA	NA	NA	"CL:4030037"	"late spermatid"	"perfect match"	"SN260"	NA	1
"CAACGGCCAGGTATGG"	""	"ERX6700412"	"ERP132578"	"testis"	"Spermatocytes"	NA	NA	NA	"CL:0000017"	"spermatocyte"	"perfect match"	"SN260"	NA	2
"CAACGGCGTGAGCGAT"	""	"ERX6700412"	"ERP132578"	"testis"	"Spermatogonia"	NA	NA	NA	"CL:0000020"	"spermatogonium"	"perfect match"	"SN260"	NA	4
"CAACGGCGTTCCTACC"	""	"ERX6700412"	"ERP132578"	"testis"	"Spermatogonia"	NA	NA	NA	"CL:0000020"	"spermatogonium"	"perfect match"	"SN260"	NA	4
"CAACGGCTCGTGGCTG"	""	"ERX6700412"	"ERP132578"	"testis"	"Round_spermatids"	NA	NA	NA	"CL:4030036"	"early spermatid"	"perfect match"	"SN260"	NA	3
"CAAGACTAGACGCTCC"	""	"ERX6700412"	"ERP132578"	"testis"	"Round_spermatids"	NA	NA	NA	"CL:4030036"	"early spermatid"	"perfect match"	"SN260"	NA	3
"CAAGACTGTCGAATGG"	""	"ERX6700412"	"ERP132578"	"testis"	"Elongated_spermatids"	NA	NA	NA	"CL:4030037"	"late spermatid"	"perfect match"	"SN260"	NA	1
"CAAGACTGTTACGGAG"	""	"ERX6700412"	"ERP132578"	"testis"	"Round_spermatids"	NA	NA	NA	"CL:4030036"	"early spermatid"	"perfect match"	"SN260"	NA	3
"CAAGACTTCCGTACGG"	""	"ERX6700412"	"ERP132578"	"testis"	"Spermatocytes"	NA	NA	NA	"CL:0000017"	"spermatocyte"	"perfect match"	"SN260"	NA	2
"CAAGACTTCGCGTTTC"	""	"ERX6700412"	"ERP132578"	"testis"	"Spermatocytes"	NA	NA	NA	"CL:0000017"	"spermatocyte"	"perfect match"	"SN260"	NA	2
"CAAGACTTCGTAGAGG"	""	"ERX6700412"	"ERP132578"	"testis"	"Spermatocytes"	NA	NA	NA	"CL:0000017"	"spermatocyte"	"perfect match"	"SN260"	NA	2
"CAAGAGGGTGTTCCTC"	""	"ERX6700412"	"ERP132578"	"testis"	"Spermatogonia"	NA	NA	NA	"CL:0000020"	"spermatogonium"	"perfect match"	"SN260"	NA	4
"CAAGCTAAGGTTTGAA"	""	"ERX6700412"	"ERP132578"	"testis"	"Spermatocytes"	NA	NA	NA	"CL:0000017"	"spermatocyte"	"perfect match"	"SN260"	NA	2
"CAAGCTACACACACGC"	""	"ERX6700412"	"ERP132578"	"testis"	"Elongated_spermatids"	NA	NA	NA	"CL:4030037"	"late spermatid"	"perfect match"	"SN260"	NA	1
"CAAGCTACACCCTAAA"	""	"ERX6700412"	"ERP132578"	"testis"	"Round_spermatids"	NA	NA	NA	"CL:4030036"	"early spermatid"	"perfect match"	"SN260"	NA	3
"CAAGCTACAGAGAATT"	""	"ERX6700412"	"ERP132578"	"testis"	"Spermatocytes"	NA	NA	NA	"CL:0000017"	"spermatocyte"	"perfect match"	"SN260"	NA	2
"CAAGCTACATAATGCC"	""	"ERX6700412"	"ERP132578"	"testis"	"Elongated_spermatids"	NA	NA	NA	"CL:4030037"	"late spermatid"	"perfect match"	"SN260"	NA	1
"CAAGCTAGTCCTCAGG"	""	"ERX6700412"	"ERP132578"	"testis"	"Other_somatic"	NA	NA	NA	"CL:0002371"	"somatic cell"	"perfect match"	"SN260"	NA	5
"CAAGCTAGTCGGTGAA"	""	"ERX6700412"	"ERP132578"	"testis"	"Spermatogonia"	NA	NA	NA	"CL:0000020"	"spermatogonium"	"perfect match"	"SN260"	NA	4
"CAAGCTATCGCTCTCA"	""	"ERX6700412"	"ERP132578"	"testis"	"Spermatocytes"	NA	NA	NA	"CL:0000017"	"spermatocyte"	"perfect match"	"SN260"	NA	2
"CAAGCTATCTTGTGCC"	""	"ERX6700412"	"ERP132578"	"testis"	"Spermatogonia"	NA	NA	NA	"CL:0000020"	"spermatogonium"	"perfect match"	"SN260"	NA	4
"CAAGGGAAGCAGTACG"	""	"ERX6700412"	"ERP132578"	"testis"	"Elongated_spermatids"	NA	NA	NA	"CL:4030037"	"late spermatid"	"perfect match"	"SN260"	NA	1
"CAAGGGACACTCAGAT"	""	"ERX6700412"	"ERP132578"	"testis"	"Spermatocytes"	NA	NA	NA	"CL:0000017"	"spermatocyte"	"perfect match"	"SN260"	NA	2
"CAATCGAAGGACGGAG"	""	"ERX6700412"	"ERP132578"	"testis"	"Other_somatic"	NA	NA	NA	"CL:0002371"	"somatic cell"	"perfect match"	"SN260"	NA	5
"CAATCGACAGTTGTTG"	""	"ERX6700412"	"ERP132578"	"testis"	"Spermatocytes"	NA	NA	NA	"CL:0000017"	"spermatocyte"	"perfect match"	"SN260"	NA	2
"CAATCGAGTCTGCGCA"	""	"ERX6700412"	"ERP132578"	"testis"	"Other_somatic"	NA	NA	NA	"CL:0002371"	"somatic cell"	"perfect match"	"SN260"	NA	5
"CAATCGAGTGGTCCCA"	""	"ERX6700412"	"ERP132578"	"testis"	"Other_somatic"	NA	NA	NA	"CL:0002371"	"somatic cell"	"perfect match"	"SN260"	NA	5
"CAATGACAGATGTTGA"	""	"ERX6700412"	"ERP132578"	"testis"	"Elongated_spermatids"	NA	NA	NA	"CL:4030037"	"late spermatid"	"perfect match"	"SN260"	NA	1
"CAATGACAGCGATGAC"	""	"ERX6700412"	"ERP132578"	"testis"	"Round_spermatids"	NA	NA	NA	"CL:4030036"	"early spermatid"	"perfect match"	"SN260"	NA	3
"CAATGACCACTGGACC"	""	"ERX6700412"	"ERP132578"	"testis"	"Spermatogonia"	NA	NA	NA	"CL:0000020"	"spermatogonium"	"perfect match"	"SN260"	NA	4
"CAATGACCATGGATCT"	""	"ERX6700412"	"ERP132578"	"testis"	"Round_spermatids"	NA	NA	NA	"CL:4030036"	"early spermatid"	"perfect match"	"SN260"	NA	3
"CAATGACTCGCCTAGG"	""	"ERX6700412"	"ERP132578"	"testis"	"Round_spermatids"	NA	NA	NA	"CL:4030036"	"early spermatid"	"perfect match"	"SN260"	NA	3
"CAATTTCCAACTCCCT"	""	"ERX6700412"	"ERP132578"	"testis"	"Spermatocytes"	NA	NA	NA	"CL:0000017"	"spermatocyte"	"perfect match"	"SN260"	NA	2
"CAATTTCGTCAGGTGA"	""	"ERX6700412"	"ERP132578"	"testis"	"Round_spermatids"	NA	NA	NA	"CL:4030036"	"early spermatid"	"perfect match"	"SN260"	NA	3
"CAATTTCTCTATGTGG"	""	"ERX6700412"	"ERP132578"	"testis"	"Round_spermatids"	NA	NA	NA	"CL:4030036"	"early spermatid"	"perfect match"	"SN260"	NA	3
"CAATTTCTCTCTATAC"	""	"ERX6700412"	"ERP132578"	"testis"	"Round_spermatids"	NA	NA	NA	"CL:4030036"	"early spermatid"	"perfect match"	"SN260"	NA	3
"CACAACAGTCCACTTC"	""	"ERX6700412"	"ERP132578"	"testis"	"Elongated_spermatids"	NA	NA	NA	"CL:4030037"	"late spermatid"	"perfect match"	"SN260"	NA	1
"CACAACATCAAGAGGC"	""	"ERX6700412"	"ERP132578"	"testis"	"Round_spermatids"	NA	NA	NA	"CL:4030036"	"early spermatid"	"perfect match"	"SN260"	NA	3
"CACAACATCTGAGAAA"	""	"ERX6700412"	"ERP132578"	"testis"	"Round_spermatids"	NA	NA	NA	"CL:4030036"	"early spermatid"	"perfect match"	"SN260"	NA	3
"CACAGATCACTCTCGT"	""	"ERX6700412"	"ERP132578"	"testis"	"Round_spermatids"	NA	NA	NA	"CL:4030036"	"early spermatid"	"perfect match"	"SN260"	NA	3
"CACAGGCAGGGTACGT"	""	"ERX6700412"	"ERP132578"	"testis"	"Elongated_spermatids"	NA	NA	NA	"CL:4030037"	"late spermatid"	"perfect match"	"SN260"	NA	1
"CACAGGCCATATAGCC"	""	"ERX6700412"	"ERP132578"	"testis"	"Spermatogonia"	NA	NA	NA	"CL:0000020"	"spermatogonium"	"perfect match"	"SN260"	NA	4
"CACAGGCCATGAATCC"	""	"ERX6700412"	"ERP132578"	"testis"	"Elongated_spermatids"	NA	NA	NA	"CL:4030037"	"late spermatid"	"perfect match"	"SN260"	NA	1
"CACAGGCGTTAACCTG"	""	"ERX6700412"	"ERP132578"	"testis"	"Round_spermatids"	NA	NA	NA	"CL:4030036"	"early spermatid"	"perfect match"	"SN260"	NA	3
"CACAGGCTCACAAGGG"	""	"ERX6700412"	"ERP132578"	"testis"	"Round_spermatids"	NA	NA	NA	"CL:4030036"	"early spermatid"	"perfect match"	"SN260"	NA	3
"CACATGAGTCAGCGTC"	""	"ERX6700412"	"ERP132578"	"testis"	"Spermatocytes"	NA	NA	NA	"CL:0000017"	"spermatocyte"	"perfect match"	"SN260"	NA	2
"CACATGATCAGGAGAC"	""	"ERX6700412"	"ERP132578"	"testis"	"Round_spermatids"	NA	NA	NA	"CL:4030036"	"early spermatid"	"perfect match"	"SN260"	NA	3
"CACATGATCGCTAGCG"	""	"ERX6700412"	"ERP132578"	"testis"	"Round_spermatids"	NA	NA	NA	"CL:4030036"	"early spermatid"	"perfect match"	"SN260"	NA	3
"CACCAAACAGCGTGAA"	""	"ERX6700412"	"ERP132578"	"testis"	"Spermatocytes"	NA	NA	NA	"CL:0000017"	"spermatocyte"	"perfect match"	"SN260"	NA	2
"CACCAAACATCGATAC"	""	"ERX6700412"	"ERP132578"	"testis"	"Round_spermatids"	NA	NA	NA	"CL:4030036"	"early spermatid"	"perfect match"	"SN260"	NA	3
"CACCAAAGTAGTACGG"	""	"ERX6700412"	"ERP132578"	"testis"	"Spermatocytes"	NA	NA	NA	"CL:0000017"	"spermatocyte"	"perfect match"	"SN260"	NA	2
"CACCAAATCATTCGGA"	""	"ERX6700412"	"ERP132578"	"testis"	"Round_spermatids"	NA	NA	NA	"CL:4030036"	"early spermatid"	"perfect match"	"SN260"	NA	3
"CACCGTTAGCACCGAA"	""	"ERX6700412"	"ERP132578"	"testis"	"Round_spermatids"	NA	NA	NA	"CL:4030036"	"early spermatid"	"perfect match"	"SN260"	NA	3
"CACCGTTAGCTGGTGA"	""	"ERX6700412"	"ERP132578"	"testis"	"Spermatocytes"	NA	NA	NA	"CL:0000017"	"spermatocyte"	"perfect match"	"SN260"	NA	2
"CACCGTTAGGGCATGT"	""	"ERX6700412"	"ERP132578"	"testis"	"Spermatogonia"	NA	NA	NA	"CL:0000020"	"spermatogonium"	"perfect match"	"SN260"	NA	4
"CACCGTTAGGTTGACG"	""	"ERX6700412"	"ERP132578"	"testis"	"Round_spermatids"	NA	NA	NA	"CL:4030036"	"early spermatid"	"perfect match"	"SN260"	NA	3
"CACCGTTCACGCGGTT"	""	"ERX6700412"	"ERP132578"	"testis"	"Round_spermatids"	NA	NA	NA	"CL:4030036"	"early spermatid"	"perfect match"	"SN260"	NA	3
"CACCGTTTCAAGGCTT"	""	"ERX6700412"	"ERP132578"	"testis"	"Other_somatic"	NA	NA	NA	"CL:0002371"	"somatic cell"	"perfect match"	"SN260"	NA	5
"CACCGTTTCCATTGTT"	""	"ERX6700412"	"ERP132578"	"testis"	"Spermatocytes"	NA	NA	NA	"CL:0000017"	"spermatocyte"	"perfect match"	"SN260"	NA	2
"CACCGTTTCCGGTAAT"	""	"ERX6700412"	"ERP132578"	"testis"	"Round_spermatids"	NA	NA	NA	"CL:4030036"	"early spermatid"	"perfect match"	"SN260"	NA	3
"CACCGTTTCTCACTCG"	""	"ERX6700412"	"ERP132578"	"testis"	"Other_somatic"	NA	NA	NA	"CL:0002371"	"somatic cell"	"perfect match"	"SN260"	NA	5
"CACGAATAGCGCCATC"	""	"ERX6700412"	"ERP132578"	"testis"	"Elongated_spermatids"	NA	NA	NA	"CL:4030037"	"late spermatid"	"perfect match"	"SN260"	NA	1
"CACGAATGTTGCACGC"	""	"ERX6700412"	"ERP132578"	"testis"	"Elongated_spermatids"	NA	NA	NA	"CL:4030037"	"late spermatid"	"perfect match"	"SN260"	NA	1
"CACGGGTAGGAGGCAG"	""	"ERX6700412"	"ERP132578"	"testis"	"Elongated_spermatids"	NA	NA	NA	"CL:4030037"	"late spermatid"	"perfect match"	"SN260"	NA	1
"CACGGGTGTCGGCCTA"	""	"ERX6700412"	"ERP132578"	"testis"	"Round_spermatids"	NA	NA	NA	"CL:4030036"	"early spermatid"	"perfect match"	"SN260"	NA	3
"CACGGGTTCACCATCC"	""	"ERX6700412"	"ERP132578"	"testis"	"Spermatocytes"	NA	NA	NA	"CL:0000017"	"spermatocyte"	"perfect match"	"SN260"	NA	2
"CACGGGTTCCCATTCG"	""	"ERX6700412"	"ERP132578"	"testis"	"Spermatogonia"	NA	NA	NA	"CL:0000020"	"spermatogonium"	"perfect match"	"SN260"	NA	4
"CACGTGGAGCAGTACG"	""	"ERX6700412"	"ERP132578"	"testis"	"Round_spermatids"	NA	NA	NA	"CL:4030036"	"early spermatid"	"perfect match"	"SN260"	NA	3
"CACGTGGAGTAGGATT"	""	"ERX6700412"	"ERP132578"	"testis"	"Round_spermatids"	NA	NA	NA	"CL:4030036"	"early spermatid"	"perfect match"	"SN260"	NA	3
"CACGTGGAGTTCCATG"	""	"ERX6700412"	"ERP132578"	"testis"	"Spermatocytes"	NA	NA	NA	"CL:0000017"	"spermatocyte"	"perfect match"	"SN260"	NA	2
"CACGTGGCAGGTACGA"	""	"ERX6700412"	"ERP132578"	"testis"	"Elongated_spermatids"	NA	NA	NA	"CL:4030037"	"late spermatid"	"perfect match"	"SN260"	NA	1
"CACGTTCAGCATCTTG"	""	"ERX6700412"	"ERP132578"	"testis"	"Spermatogonia"	NA	NA	NA	"CL:0000020"	"spermatogonium"	"perfect match"	"SN260"	NA	4
"CACGTTCAGGTCTACT"	""	"ERX6700412"	"ERP132578"	"testis"	"Elongated_spermatids"	NA	NA	NA	"CL:4030037"	"late spermatid"	"perfect match"	"SN260"	NA	1
"CACGTTCGTCTTACTT"	""	"ERX6700412"	"ERP132578"	"testis"	"Round_spermatids"	NA	NA	NA	"CL:4030036"	"early spermatid"	"perfect match"	"SN260"	NA	3
"CACTAAGCATAAGCAA"	""	"ERX6700412"	"ERP132578"	"testis"	"Round_spermatids"	NA	NA	NA	"CL:4030036"	"early spermatid"	"perfect match"	"SN260"	NA	3
"CACTGAATCAGAACCT"	""	"ERX6700412"	"ERP132578"	"testis"	"Elongated_spermatids"	NA	NA	NA	"CL:4030037"	"late spermatid"	"perfect match"	"SN260"	NA	1
"CACTGGGGTAGGGAGG"	""	"ERX6700412"	"ERP132578"	"testis"	"Spermatocytes"	NA	NA	NA	"CL:0000017"	"spermatocyte"	"perfect match"	"SN260"	NA	2
"CACTGGGGTGATACAA"	""	"ERX6700412"	"ERP132578"	"testis"	"Other_somatic"	NA	NA	NA	"CL:0002371"	"somatic cell"	"perfect match"	"SN260"	NA	5
"CACTGGGTCCCGGTAG"	""	"ERX6700412"	"ERP132578"	"testis"	"Elongated_spermatids"	NA	NA	NA	"CL:4030037"	"late spermatid"	"perfect match"	"SN260"	NA	1
"CACTGTCTCAAAGGAT"	""	"ERX6700412"	"ERP132578"	"testis"	"Elongated_spermatids"	NA	NA	NA	"CL:4030037"	"late spermatid"	"perfect match"	"SN260"	NA	1
"CACTGTCTCGTAGCCG"	""	"ERX6700412"	"ERP132578"	"testis"	"Elongated_spermatids"	NA	NA	NA	"CL:4030037"	"late spermatid"	"perfect match"	"SN260"	NA	1
"CACTTCGGTACCGGCT"	""	"ERX6700412"	"ERP132578"	"testis"	"Other_somatic"	NA	NA	NA	"CL:0002371"	"somatic cell"	"perfect match"	"SN260"	NA	5
"CACTTCGGTCAGTCGC"	""	"ERX6700412"	"ERP132578"	"testis"	"Spermatocytes"	NA	NA	NA	"CL:0000017"	"spermatocyte"	"perfect match"	"SN260"	NA	2
"CACTTCGGTTAAGTCC"	""	"ERX6700412"	"ERP132578"	"testis"	"Spermatocytes"	NA	NA	NA	"CL:0000017"	"spermatocyte"	"perfect match"	"SN260"	NA	2
"CACTTCGTCAACCTCC"	""	"ERX6700412"	"ERP132578"	"testis"	"Elongated_spermatids"	NA	NA	NA	"CL:4030037"	"late spermatid"	"perfect match"	"SN260"	NA	1
"CACTTCGTCGGCATAT"	""	"ERX6700412"	"ERP132578"	"testis"	"Round_spermatids"	NA	NA	NA	"CL:4030036"	"early spermatid"	"perfect match"	"SN260"	NA	3
"CAGAGCCGTAGAATAC"	""	"ERX6700412"	"ERP132578"	"testis"	"Elongated_spermatids"	NA	NA	NA	"CL:4030037"	"late spermatid"	"perfect match"	"SN260"	NA	1
"CAGAGCCGTTGACTGT"	""	"ERX6700412"	"ERP132578"	"testis"	"Spermatocytes"	NA	NA	NA	"CL:0000017"	"spermatocyte"	"perfect match"	"SN260"	NA	2
"CAGATACCAACGGCTC"	""	"ERX6700412"	"ERP132578"	"testis"	"Round_spermatids"	NA	NA	NA	"CL:4030036"	"early spermatid"	"perfect match"	"SN260"	NA	3
"CAGATACCAATCGCAT"	""	"ERX6700412"	"ERP132578"	"testis"	"Round_spermatids"	NA	NA	NA	"CL:4030036"	"early spermatid"	"perfect match"	"SN260"	NA	3
"CAGATACCAGAGATGC"	""	"ERX6700412"	"ERP132578"	"testis"	"Round_spermatids"	NA	NA	NA	"CL:4030036"	"early spermatid"	"perfect match"	"SN260"	NA	3
"CAGATCAAGCGGACAT"	""	"ERX6700412"	"ERP132578"	"testis"	"Round_spermatids"	NA	NA	NA	"CL:4030036"	"early spermatid"	"perfect match"	"SN260"	NA	3
"CAGATCAGTCCGGATC"	""	"ERX6700412"	"ERP132578"	"testis"	"Round_spermatids"	NA	NA	NA	"CL:4030036"	"early spermatid"	"perfect match"	"SN260"	NA	3
"CAGATTGCACGACAAG"	""	"ERX6700412"	"ERP132578"	"testis"	"Round_spermatids"	NA	NA	NA	"CL:4030036"	"early spermatid"	"perfect match"	"SN260"	NA	3
"CAGATTGGTCCTTAAG"	""	"ERX6700412"	"ERP132578"	"testis"	"Round_spermatids"	NA	NA	NA	"CL:4030036"	"early spermatid"	"perfect match"	"SN260"	NA	3
"CAGATTGGTGGTCCCA"	""	"ERX6700412"	"ERP132578"	"testis"	"Other_somatic"	NA	NA	NA	"CL:0002371"	"somatic cell"	"perfect match"	"SN260"	NA	5
"CAGATTGTCTAGCCTC"	""	"ERX6700412"	"ERP132578"	"testis"	"Spermatocytes"	NA	NA	NA	"CL:0000017"	"spermatocyte"	"perfect match"	"SN260"	NA	2
"CAGCAATAGGGTACGT"	""	"ERX6700412"	"ERP132578"	"testis"	"Round_spermatids"	NA	NA	NA	"CL:4030036"	"early spermatid"	"perfect match"	"SN260"	NA	3
"CAGCAATAGTTGCATC"	""	"ERX6700412"	"ERP132578"	"testis"	"Round_spermatids"	NA	NA	NA	"CL:4030036"	"early spermatid"	"perfect match"	"SN260"	NA	3
"CAGCAATCAACTGAAA"	""	"ERX6700412"	"ERP132578"	"testis"	"Round_spermatids"	NA	NA	NA	"CL:4030036"	"early spermatid"	"perfect match"	"SN260"	NA	3
"CAGCAATCAGGTGAGT"	""	"ERX6700412"	"ERP132578"	"testis"	"Spermatocytes"	NA	NA	NA	"CL:0000017"	"spermatocyte"	"perfect match"	"SN260"	NA	2
"CAGCACGAGAATCCCT"	""	"ERX6700412"	"ERP132578"	"testis"	"Elongated_spermatids"	NA	NA	NA	"CL:4030037"	"late spermatid"	"perfect match"	"SN260"	NA	1
"CAGCACGAGACTAGAT"	""	"ERX6700412"	"ERP132578"	"testis"	"Elongated_spermatids"	NA	NA	NA	"CL:4030037"	"late spermatid"	"perfect match"	"SN260"	NA	1
"CAGCACGGTCTCTCAC"	""	"ERX6700412"	"ERP132578"	"testis"	"Round_spermatids"	NA	NA	NA	"CL:4030036"	"early spermatid"	"perfect match"	"SN260"	NA	3
"CAGCACGGTTTACACG"	""	"ERX6700412"	"ERP132578"	"testis"	"Other_somatic"	NA	NA	NA	"CL:0002371"	"somatic cell"	"perfect match"	"SN260"	NA	5
"CAGCACGTCACCGGGT"	""	"ERX6700412"	"ERP132578"	"testis"	"Round_spermatids"	NA	NA	NA	"CL:4030036"	"early spermatid"	"perfect match"	"SN260"	NA	3
"CAGCACGTCGTGGTAT"	""	"ERX6700412"	"ERP132578"	"testis"	"Elongated_spermatids"	NA	NA	NA	"CL:4030037"	"late spermatid"	"perfect match"	"SN260"	NA	1
"CAGCACGTCTATCGCC"	""	"ERX6700412"	"ERP132578"	"testis"	"Elongated_spermatids"	NA	NA	NA	"CL:4030037"	"late spermatid"	"perfect match"	"SN260"	NA	1
"CAGCAGCCACACGGTC"	""	"ERX6700412"	"ERP132578"	"testis"	"Spermatocytes"	NA	NA	NA	"CL:0000017"	"spermatocyte"	"perfect match"	"SN260"	NA	2
"CAGCAGCTCAAGAGTA"	""	"ERX6700412"	"ERP132578"	"testis"	"Round_spermatids"	NA	NA	NA	"CL:4030036"	"early spermatid"	"perfect match"	"SN260"	NA	3
"CAGCCAGCAGGAGACT"	""	"ERX6700412"	"ERP132578"	"testis"	"Round_spermatids"	NA	NA	NA	"CL:4030036"	"early spermatid"	"perfect match"	"SN260"	NA	3
"CAGCCAGCATATGAAG"	""	"ERX6700412"	"ERP132578"	"testis"	"Elongated_spermatids"	NA	NA	NA	"CL:4030037"	"late spermatid"	"perfect match"	"SN260"	NA	1
"CAGCCAGTCACCCTGT"	""	"ERX6700412"	"ERP132578"	"testis"	"Elongated_spermatids"	NA	NA	NA	"CL:4030037"	"late spermatid"	"perfect match"	"SN260"	NA	1
"CAGCGTGCAGTAGAAT"	""	"ERX6700412"	"ERP132578"	"testis"	"Round_spermatids"	NA	NA	NA	"CL:4030036"	"early spermatid"	"perfect match"	"SN260"	NA	3
"CAGCGTGCATTGAGCT"	""	"ERX6700412"	"ERP132578"	"testis"	"Round_spermatids"	NA	NA	NA	"CL:4030036"	"early spermatid"	"perfect match"	"SN260"	NA	3
"CAGCGTGTCACCACAA"	""	"ERX6700412"	"ERP132578"	"testis"	"Round_spermatids"	NA	NA	NA	"CL:4030036"	"early spermatid"	"perfect match"	"SN260"	NA	3
"CAGCGTGTCAGTCTTT"	""	"ERX6700412"	"ERP132578"	"testis"	"Round_spermatids"	NA	NA	NA	"CL:4030036"	"early spermatid"	"perfect match"	"SN260"	NA	3
"CAGCGTGTCGCCGAGT"	""	"ERX6700412"	"ERP132578"	"testis"	"Spermatocytes"	NA	NA	NA	"CL:0000017"	"spermatocyte"	"perfect match"	"SN260"	NA	2
"CAGGCCAAGGTCCCGT"	""	"ERX6700412"	"ERP132578"	"testis"	"Round_spermatids"	NA	NA	NA	"CL:4030036"	"early spermatid"	"perfect match"	"SN260"	NA	3
"CAGGCCAGTTGTGGCC"	""	"ERX6700412"	"ERP132578"	"testis"	"Elongated_spermatids"	NA	NA	NA	"CL:4030037"	"late spermatid"	"perfect match"	"SN260"	NA	1
"CAGGCCATCAATCCAG"	""	"ERX6700412"	"ERP132578"	"testis"	"Elongated_spermatids"	NA	NA	NA	"CL:4030037"	"late spermatid"	"perfect match"	"SN260"	NA	1
"CAGGGCTGTAATCAGA"	""	"ERX6700412"	"ERP132578"	"testis"	"Round_spermatids"	NA	NA	NA	"CL:4030036"	"early spermatid"	"perfect match"	"SN260"	NA	3
"CAGGGCTGTGTCCTAA"	""	"ERX6700412"	"ERP132578"	"testis"	"Round_spermatids"	NA	NA	NA	"CL:4030036"	"early spermatid"	"perfect match"	"SN260"	NA	3
"CAGGGCTTCCACCTCA"	""	"ERX6700412"	"ERP132578"	"testis"	"Spermatogonia"	NA	NA	NA	"CL:0000020"	"spermatogonium"	"perfect match"	"SN260"	NA	4
"CAGGGCTTCCTAGCTC"	""	"ERX6700412"	"ERP132578"	"testis"	"Round_spermatids"	NA	NA	NA	"CL:4030036"	"early spermatid"	"perfect match"	"SN260"	NA	3
"CAGGTATTCCTTGGAA"	""	"ERX6700412"	"ERP132578"	"testis"	"Round_spermatids"	NA	NA	NA	"CL:4030036"	"early spermatid"	"perfect match"	"SN260"	NA	3
"CAGGTATTCTCTATGT"	""	"ERX6700412"	"ERP132578"	"testis"	"Round_spermatids"	NA	NA	NA	"CL:4030036"	"early spermatid"	"perfect match"	"SN260"	NA	3
"CAGGTATTCTTTGCTA"	""	"ERX6700412"	"ERP132578"	"testis"	"Round_spermatids"	NA	NA	NA	"CL:4030036"	"early spermatid"	"perfect match"	"SN260"	NA	3
"CAGTGCGAGTTGCATC"	""	"ERX6700412"	"ERP132578"	"testis"	"Round_spermatids"	NA	NA	NA	"CL:4030036"	"early spermatid"	"perfect match"	"SN260"	NA	3
"CAGTGCGGTATTAAGG"	""	"ERX6700412"	"ERP132578"	"testis"	"Spermatocytes"	NA	NA	NA	"CL:0000017"	"spermatocyte"	"perfect match"	"SN260"	NA	2
"CAGTTAGAGTAATACG"	""	"ERX6700412"	"ERP132578"	"testis"	"Round_spermatids"	NA	NA	NA	"CL:4030036"	"early spermatid"	"perfect match"	"SN260"	NA	3
"CAGTTAGGTAGCTAAA"	""	"ERX6700412"	"ERP132578"	"testis"	"Elongated_spermatids"	NA	NA	NA	"CL:4030037"	"late spermatid"	"perfect match"	"SN260"	NA	1
"CAGTTAGTCAACCGAT"	""	"ERX6700412"	"ERP132578"	"testis"	"Round_spermatids"	NA	NA	NA	"CL:4030036"	"early spermatid"	"perfect match"	"SN260"	NA	3
"CAGTTCCAGGGATGTC"	""	"ERX6700412"	"ERP132578"	"testis"	"Round_spermatids"	NA	NA	NA	"CL:4030036"	"early spermatid"	"perfect match"	"SN260"	NA	3
"CAGTTCCAGGTACAAT"	""	"ERX6700412"	"ERP132578"	"testis"	"Spermatogonia"	NA	NA	NA	"CL:0000020"	"spermatogonium"	"perfect match"	"SN260"	NA	4
"CAGTTCCCATCTAGAC"	""	"ERX6700412"	"ERP132578"	"testis"	"Round_spermatids"	NA	NA	NA	"CL:4030036"	"early spermatid"	"perfect match"	"SN260"	NA	3
"CAGTTCCTCCTACACC"	""	"ERX6700412"	"ERP132578"	"testis"	"Elongated_spermatids"	NA	NA	NA	"CL:4030037"	"late spermatid"	"perfect match"	"SN260"	NA	1
"CATAAGCAGAGATGCC"	""	"ERX6700412"	"ERP132578"	"testis"	"Elongated_spermatids"	NA	NA	NA	"CL:4030037"	"late spermatid"	"perfect match"	"SN260"	NA	1
"CATAAGCAGGACACTG"	""	"ERX6700412"	"ERP132578"	"testis"	"Round_spermatids"	NA	NA	NA	"CL:4030036"	"early spermatid"	"perfect match"	"SN260"	NA	3
"CATAAGCCAATAACCC"	""	"ERX6700412"	"ERP132578"	"testis"	"Round_spermatids"	NA	NA	NA	"CL:4030036"	"early spermatid"	"perfect match"	"SN260"	NA	3
"CATAAGCCACATATGC"	""	"ERX6700412"	"ERP132578"	"testis"	"Round_spermatids"	NA	NA	NA	"CL:4030036"	"early spermatid"	"perfect match"	"SN260"	NA	3
"CATAAGCCAGGGACTA"	""	"ERX6700412"	"ERP132578"	"testis"	"Round_spermatids"	NA	NA	NA	"CL:4030036"	"early spermatid"	"perfect match"	"SN260"	NA	3
"CATACAGCAAATCGGG"	""	"ERX6700412"	"ERP132578"	"testis"	"Elongated_spermatids"	NA	NA	NA	"CL:4030037"	"late spermatid"	"perfect match"	"SN260"	NA	1
"CATACAGCAGCTCGGT"	""	"ERX6700412"	"ERP132578"	"testis"	"Spermatocytes"	NA	NA	NA	"CL:0000017"	"spermatocyte"	"perfect match"	"SN260"	NA	2
"CATACCCAGAGTCTTC"	""	"ERX6700412"	"ERP132578"	"testis"	"Spermatocytes"	NA	NA	NA	"CL:0000017"	"spermatocyte"	"perfect match"	"SN260"	NA	2
"CATACCCTCCGTGGGT"	""	"ERX6700412"	"ERP132578"	"testis"	"Elongated_spermatids"	NA	NA	NA	"CL:4030037"	"late spermatid"	"perfect match"	"SN260"	NA	1
"CATACTTAGTATGGAT"	""	"ERX6700412"	"ERP132578"	"testis"	"Elongated_spermatids"	NA	NA	NA	"CL:4030037"	"late spermatid"	"perfect match"	"SN260"	NA	1
"CATACTTGTGCGTTTA"	""	"ERX6700412"	"ERP132578"	"testis"	"Round_spermatids"	NA	NA	NA	"CL:4030036"	"early spermatid"	"perfect match"	"SN260"	NA	3
"CATACTTTCTGGTCAA"	""	"ERX6700412"	"ERP132578"	"testis"	"Elongated_spermatids"	NA	NA	NA	"CL:4030037"	"late spermatid"	"perfect match"	"SN260"	NA	1
"CATAGACAGGTAAGTT"	""	"ERX6700412"	"ERP132578"	"testis"	"Round_spermatids"	NA	NA	NA	"CL:4030036"	"early spermatid"	"perfect match"	"SN260"	NA	3
"CATAGACTCAGAACCT"	""	"ERX6700412"	"ERP132578"	"testis"	"Round_spermatids"	NA	NA	NA	"CL:4030036"	"early spermatid"	"perfect match"	"SN260"	NA	3
"CATAGACTCCGAGATT"	""	"ERX6700412"	"ERP132578"	"testis"	"Round_spermatids"	NA	NA	NA	"CL:4030036"	"early spermatid"	"perfect match"	"SN260"	NA	3
"CATCAAGCAGCCATTA"	""	"ERX6700412"	"ERP132578"	"testis"	"Round_spermatids"	NA	NA	NA	"CL:4030036"	"early spermatid"	"perfect match"	"SN260"	NA	3
"CATCAAGGTGTCCGGT"	""	"ERX6700412"	"ERP132578"	"testis"	"Round_spermatids"	NA	NA	NA	"CL:4030036"	"early spermatid"	"perfect match"	"SN260"	NA	3
"CATCCACCATGTTTGG"	""	"ERX6700412"	"ERP132578"	"testis"	"Spermatocytes"	NA	NA	NA	"CL:0000017"	"spermatocyte"	"perfect match"	"SN260"	NA	2
"CATCCACCATTCCTAT"	""	"ERX6700412"	"ERP132578"	"testis"	"Round_spermatids"	NA	NA	NA	"CL:4030036"	"early spermatid"	"perfect match"	"SN260"	NA	3
"CATCCACGTCACAGAG"	""	"ERX6700412"	"ERP132578"	"testis"	"Round_spermatids"	NA	NA	NA	"CL:4030036"	"early spermatid"	"perfect match"	"SN260"	NA	3
"CATCCCACACGAAGAC"	""	"ERX6700412"	"ERP132578"	"testis"	"Round_spermatids"	NA	NA	NA	"CL:4030036"	"early spermatid"	"perfect match"	"SN260"	NA	3
"CATCCCACAGATCCTA"	""	"ERX6700412"	"ERP132578"	"testis"	"Round_spermatids"	NA	NA	NA	"CL:4030036"	"early spermatid"	"perfect match"	"SN260"	NA	3
"CATCCCACAGCGCTTG"	""	"ERX6700412"	"ERP132578"	"testis"	"Elongated_spermatids"	NA	NA	NA	"CL:4030037"	"late spermatid"	"perfect match"	"SN260"	NA	1
"CATCCGTAGCGTTAGG"	""	"ERX6700412"	"ERP132578"	"testis"	"Round_spermatids"	NA	NA	NA	"CL:4030036"	"early spermatid"	"perfect match"	"SN260"	NA	3
"CATCCGTGTGTGTCGC"	""	"ERX6700412"	"ERP132578"	"testis"	"Round_spermatids"	NA	NA	NA	"CL:4030036"	"early spermatid"	"perfect match"	"SN260"	NA	3
"CATCGCTAGCATGGGT"	""	"ERX6700412"	"ERP132578"	"testis"	"Elongated_spermatids"	NA	NA	NA	"CL:4030037"	"late spermatid"	"perfect match"	"SN260"	NA	1
"CATCGCTCAGCATTGT"	""	"ERX6700412"	"ERP132578"	"testis"	"Round_spermatids"	NA	NA	NA	"CL:4030036"	"early spermatid"	"perfect match"	"SN260"	NA	3
"CATCGGGCAGCACCCA"	""	"ERX6700412"	"ERP132578"	"testis"	"Round_spermatids"	NA	NA	NA	"CL:4030036"	"early spermatid"	"perfect match"	"SN260"	NA	3
"CATCGGGTCCATTCAT"	""	"ERX6700412"	"ERP132578"	"testis"	"Round_spermatids"	NA	NA	NA	"CL:4030036"	"early spermatid"	"perfect match"	"SN260"	NA	3
"CATCGTCAGATTGATG"	""	"ERX6700412"	"ERP132578"	"testis"	"Elongated_spermatids"	NA	NA	NA	"CL:4030037"	"late spermatid"	"perfect match"	"SN260"	NA	1
"CATCGTCCACACGCCA"	""	"ERX6700412"	"ERP132578"	"testis"	"Spermatogonia"	NA	NA	NA	"CL:0000020"	"spermatogonium"	"perfect match"	"SN260"	NA	4
"CATGCAAAGCAGCAGT"	""	"ERX6700412"	"ERP132578"	"testis"	"Spermatocytes"	NA	NA	NA	"CL:0000017"	"spermatocyte"	"perfect match"	"SN260"	NA	2
"CATGCAAGTCCTACGG"	""	"ERX6700412"	"ERP132578"	"testis"	"Round_spermatids"	NA	NA	NA	"CL:4030036"	"early spermatid"	"perfect match"	"SN260"	NA	3
"CATGCAAGTGGCAACA"	""	"ERX6700412"	"ERP132578"	"testis"	"Spermatogonia"	NA	NA	NA	"CL:0000020"	"spermatogonium"	"perfect match"	"SN260"	NA	4
"CATGCAATCCTACGAA"	""	"ERX6700412"	"ERP132578"	"testis"	"Spermatocytes"	NA	NA	NA	"CL:0000017"	"spermatocyte"	"perfect match"	"SN260"	NA	2
"CATGCCTAGTCTCTGA"	""	"ERX6700412"	"ERP132578"	"testis"	"Round_spermatids"	NA	NA	NA	"CL:4030036"	"early spermatid"	"perfect match"	"SN260"	NA	3
"CATGCCTGTGTGTGTT"	""	"ERX6700412"	"ERP132578"	"testis"	"Spermatogonia"	NA	NA	NA	"CL:0000020"	"spermatogonium"	"perfect match"	"SN260"	NA	4
"CATGCCTGTTATAGAG"	""	"ERX6700412"	"ERP132578"	"testis"	"Round_spermatids"	NA	NA	NA	"CL:4030036"	"early spermatid"	"perfect match"	"SN260"	NA	3
"CATGCGGCAATAACCC"	""	"ERX6700412"	"ERP132578"	"testis"	"Round_spermatids"	NA	NA	NA	"CL:4030036"	"early spermatid"	"perfect match"	"SN260"	NA	3
"CATGCGGCACTCAAGT"	""	"ERX6700412"	"ERP132578"	"testis"	"Spermatocytes"	NA	NA	NA	"CL:0000017"	"spermatocyte"	"perfect match"	"SN260"	NA	2
"CATGCGGGTATCCCAA"	""	"ERX6700412"	"ERP132578"	"testis"	"Elongated_spermatids"	NA	NA	NA	"CL:4030037"	"late spermatid"	"perfect match"	"SN260"	NA	1
"CATGCGGGTCAACATC"	""	"ERX6700412"	"ERP132578"	"testis"	"Round_spermatids"	NA	NA	NA	"CL:4030036"	"early spermatid"	"perfect match"	"SN260"	NA	3
"CATGCTCAGGATCACG"	""	"ERX6700412"	"ERP132578"	"testis"	"Round_spermatids"	NA	NA	NA	"CL:4030036"	"early spermatid"	"perfect match"	"SN260"	NA	3
"CATGCTCCAAACCGGA"	""	"ERX6700412"	"ERP132578"	"testis"	"Other_somatic"	NA	NA	NA	"CL:0002371"	"somatic cell"	"perfect match"	"SN260"	NA	5
"CATGCTCCACTATCGA"	""	"ERX6700412"	"ERP132578"	"testis"	"Elongated_spermatids"	NA	NA	NA	"CL:4030037"	"late spermatid"	"perfect match"	"SN260"	NA	1
"CATGCTCGTTCACCGG"	""	"ERX6700412"	"ERP132578"	"testis"	"Elongated_spermatids"	NA	NA	NA	"CL:4030037"	"late spermatid"	"perfect match"	"SN260"	NA	1
"CATGCTCTCTATGCCC"	""	"ERX6700412"	"ERP132578"	"testis"	"Spermatocytes"	NA	NA	NA	"CL:0000017"	"spermatocyte"	"perfect match"	"SN260"	NA	2
"CATGCTCTCTTTGCTA"	""	"ERX6700412"	"ERP132578"	"testis"	"Elongated_spermatids"	NA	NA	NA	"CL:4030037"	"late spermatid"	"perfect match"	"SN260"	NA	1
"CATGGATAGGGCATGT"	""	"ERX6700412"	"ERP132578"	"testis"	"Round_spermatids"	NA	NA	NA	"CL:4030036"	"early spermatid"	"perfect match"	"SN260"	NA	3
"CATGGATAGGTGGGTT"	""	"ERX6700412"	"ERP132578"	"testis"	"Round_spermatids"	NA	NA	NA	"CL:4030036"	"early spermatid"	"perfect match"	"SN260"	NA	3
"CATGGATTCATCCCGT"	""	"ERX6700412"	"ERP132578"	"testis"	"Elongated_spermatids"	NA	NA	NA	"CL:4030037"	"late spermatid"	"perfect match"	"SN260"	NA	1
"CATGGTATCATGAGAA"	""	"ERX6700412"	"ERP132578"	"testis"	"Round_spermatids"	NA	NA	NA	"CL:4030036"	"early spermatid"	"perfect match"	"SN260"	NA	3
"CATGGTATCTACTATC"	""	"ERX6700412"	"ERP132578"	"testis"	"Round_spermatids"	NA	NA	NA	"CL:4030036"	"early spermatid"	"perfect match"	"SN260"	NA	3
"CATGGTATCTAGACCA"	""	"ERX6700412"	"ERP132578"	"testis"	"Spermatogonia"	NA	NA	NA	"CL:0000020"	"spermatogonium"	"perfect match"	"SN260"	NA	4
"CATTCATAGAAGAACG"	""	"ERX6700412"	"ERP132578"	"testis"	"Elongated_spermatids"	NA	NA	NA	"CL:4030037"	"late spermatid"	"perfect match"	"SN260"	NA	1
"CATTCATCACAGCCTG"	""	"ERX6700412"	"ERP132578"	"testis"	"Spermatocytes"	NA	NA	NA	"CL:0000017"	"spermatocyte"	"perfect match"	"SN260"	NA	2
"CATTCATCACGGTGCT"	""	"ERX6700412"	"ERP132578"	"testis"	"Elongated_spermatids"	NA	NA	NA	"CL:4030037"	"late spermatid"	"perfect match"	"SN260"	NA	1
"CATTCATTCAAGGCTT"	""	"ERX6700412"	"ERP132578"	"testis"	"Elongated_spermatids"	NA	NA	NA	"CL:4030037"	"late spermatid"	"perfect match"	"SN260"	NA	1
"CATTCATTCCTACTGC"	""	"ERX6700412"	"ERP132578"	"testis"	"Round_spermatids"	NA	NA	NA	"CL:4030036"	"early spermatid"	"perfect match"	"SN260"	NA	3
"CATTCCGAGGGCCCTT"	""	"ERX6700412"	"ERP132578"	"testis"	"Spermatogonia"	NA	NA	NA	"CL:0000020"	"spermatogonium"	"perfect match"	"SN260"	NA	4
"CATTCCGGTGGACTGA"	""	"ERX6700412"	"ERP132578"	"testis"	"Elongated_spermatids"	NA	NA	NA	"CL:4030037"	"late spermatid"	"perfect match"	"SN260"	NA	1
"CATTCCGTCCCTTGGT"	""	"ERX6700412"	"ERP132578"	"testis"	"Round_spermatids"	NA	NA	NA	"CL:4030036"	"early spermatid"	"perfect match"	"SN260"	NA	3
"CATTCCGTCCGTACGG"	""	"ERX6700412"	"ERP132578"	"testis"	"Elongated_spermatids"	NA	NA	NA	"CL:4030037"	"late spermatid"	"perfect match"	"SN260"	NA	1
"CATTCCGTCCTCATAT"	""	"ERX6700412"	"ERP132578"	"testis"	"Round_spermatids"	NA	NA	NA	"CL:4030036"	"early spermatid"	"perfect match"	"SN260"	NA	3
"CATTCTAGTCACCTTC"	""	"ERX6700412"	"ERP132578"	"testis"	"Round_spermatids"	NA	NA	NA	"CL:4030036"	"early spermatid"	"perfect match"	"SN260"	NA	3
"CATTCTAGTTCTTGCC"	""	"ERX6700412"	"ERP132578"	"testis"	"Elongated_spermatids"	NA	NA	NA	"CL:4030037"	"late spermatid"	"perfect match"	"SN260"	NA	1
"CATTCTAGTTTACCAG"	""	"ERX6700412"	"ERP132578"	"testis"	"Round_spermatids"	NA	NA	NA	"CL:4030036"	"early spermatid"	"perfect match"	"SN260"	NA	3
"CATTCTATCCAGGACC"	""	"ERX6700412"	"ERP132578"	"testis"	"Round_spermatids"	NA	NA	NA	"CL:4030036"	"early spermatid"	"perfect match"	"SN260"	NA	3
"CATTCTATCCGTATGA"	""	"ERX6700412"	"ERP132578"	"testis"	"Spermatocytes"	NA	NA	NA	"CL:0000017"	"spermatocyte"	"perfect match"	"SN260"	NA	2
"CATTGAGCACTCAGAT"	""	"ERX6700412"	"ERP132578"	"testis"	"Spermatocytes"	NA	NA	NA	"CL:0000017"	"spermatocyte"	"perfect match"	"SN260"	NA	2
"CATTGCCTCTATCGTT"	""	"ERX6700412"	"ERP132578"	"testis"	"Spermatocytes"	NA	NA	NA	"CL:0000017"	"spermatocyte"	"perfect match"	"SN260"	NA	2
"CATTGTTAGTGAGCCA"	""	"ERX6700412"	"ERP132578"	"testis"	"Elongated_spermatids"	NA	NA	NA	"CL:4030037"	"late spermatid"	"perfect match"	"SN260"	NA	1
"CATTGTTCACTTCAAG"	""	"ERX6700412"	"ERP132578"	"testis"	"Elongated_spermatids"	NA	NA	NA	"CL:4030037"	"late spermatid"	"perfect match"	"SN260"	NA	1
"CATTGTTCAGGACTAG"	""	"ERX6700412"	"ERP132578"	"testis"	"Spermatocytes"	NA	NA	NA	"CL:0000017"	"spermatocyte"	"perfect match"	"SN260"	NA	2
"CATTGTTGTAAGCAAT"	""	"ERX6700412"	"ERP132578"	"testis"	"Round_spermatids"	NA	NA	NA	"CL:4030036"	"early spermatid"	"perfect match"	"SN260"	NA	3
"CATTGTTGTTCTCGTC"	""	"ERX6700412"	"ERP132578"	"testis"	"Elongated_spermatids"	NA	NA	NA	"CL:4030037"	"late spermatid"	"perfect match"	"SN260"	NA	1
"CATTTCAAGGTATTGA"	""	"ERX6700412"	"ERP132578"	"testis"	"Round_spermatids"	NA	NA	NA	"CL:4030036"	"early spermatid"	"perfect match"	"SN260"	NA	3
"CATTTCAAGTGCCAGA"	""	"ERX6700412"	"ERP132578"	"testis"	"Spermatocytes"	NA	NA	NA	"CL:0000017"	"spermatocyte"	"perfect match"	"SN260"	NA	2
"CATTTCAGTAACTAAG"	""	"ERX6700412"	"ERP132578"	"testis"	"Spermatogonia"	NA	NA	NA	"CL:0000020"	"spermatogonium"	"perfect match"	"SN260"	NA	4
"CATTTCAGTTCTCTCG"	""	"ERX6700412"	"ERP132578"	"testis"	"Elongated_spermatids"	NA	NA	NA	"CL:4030037"	"late spermatid"	"perfect match"	"SN260"	NA	1
"CATTTCATCTCGCGTT"	""	"ERX6700412"	"ERP132578"	"testis"	"Spermatocytes"	NA	NA	NA	"CL:0000017"	"spermatocyte"	"perfect match"	"SN260"	NA	2
"CCAAGCGAGACTAGAT"	""	"ERX6700412"	"ERP132578"	"testis"	"Round_spermatids"	NA	NA	NA	"CL:4030036"	"early spermatid"	"perfect match"	"SN260"	NA	3
"CCAAGCGAGGTCCAGA"	""	"ERX6700412"	"ERP132578"	"testis"	"Elongated_spermatids"	NA	NA	NA	"CL:4030037"	"late spermatid"	"perfect match"	"SN260"	NA	1
"CCAATGACAAAGGCAC"	""	"ERX6700412"	"ERP132578"	"testis"	"Round_spermatids"	NA	NA	NA	"CL:4030036"	"early spermatid"	"perfect match"	"SN260"	NA	3
"CCAATGACACGTACAT"	""	"ERX6700412"	"ERP132578"	"testis"	"Spermatogonia"	NA	NA	NA	"CL:0000020"	"spermatogonium"	"perfect match"	"SN260"	NA	4
"CCAATTTGTCGATTCA"	""	"ERX6700412"	"ERP132578"	"testis"	"Round_spermatids"	NA	NA	NA	"CL:4030036"	"early spermatid"	"perfect match"	"SN260"	NA	3
"CCAATTTTCGCGAAGA"	""	"ERX6700412"	"ERP132578"	"testis"	"Spermatogonia"	NA	NA	NA	"CL:0000020"	"spermatogonium"	"perfect match"	"SN260"	NA	4
"CCAATTTTCTATGTGG"	""	"ERX6700412"	"ERP132578"	"testis"	"Elongated_spermatids"	NA	NA	NA	"CL:4030037"	"late spermatid"	"perfect match"	"SN260"	NA	1
"CCACAAAAGTAATTGG"	""	"ERX6700412"	"ERP132578"	"testis"	"Elongated_spermatids"	NA	NA	NA	"CL:4030037"	"late spermatid"	"perfect match"	"SN260"	NA	1
"CCACAAAAGTCGAATA"	""	"ERX6700412"	"ERP132578"	"testis"	"Round_spermatids"	NA	NA	NA	"CL:4030036"	"early spermatid"	"perfect match"	"SN260"	NA	3
"CCACAAAGTTCCATTT"	""	"ERX6700412"	"ERP132578"	"testis"	"Spermatocytes"	NA	NA	NA	"CL:0000017"	"spermatocyte"	"perfect match"	"SN260"	NA	2
"CCACAAATCCCGTTGT"	""	"ERX6700412"	"ERP132578"	"testis"	"Round_spermatids"	NA	NA	NA	"CL:4030036"	"early spermatid"	"perfect match"	"SN260"	NA	3
"CCACACTGTACACTCA"	""	"ERX6700412"	"ERP132578"	"testis"	"Spermatocytes"	NA	NA	NA	"CL:0000017"	"spermatocyte"	"perfect match"	"SN260"	NA	2
"CCACCATTCCATAGGT"	""	"ERX6700412"	"ERP132578"	"testis"	"Round_spermatids"	NA	NA	NA	"CL:4030036"	"early spermatid"	"perfect match"	"SN260"	NA	3
"CCACGAGAGAAACTGT"	""	"ERX6700412"	"ERP132578"	"testis"	"Elongated_spermatids"	NA	NA	NA	"CL:4030037"	"late spermatid"	"perfect match"	"SN260"	NA	1
"CCACGAGCAGGCACAA"	""	"ERX6700412"	"ERP132578"	"testis"	"Spermatogonia"	NA	NA	NA	"CL:0000020"	"spermatogonium"	"perfect match"	"SN260"	NA	4
"CCACGAGTCTGCGGCA"	""	"ERX6700412"	"ERP132578"	"testis"	"Spermatocytes"	NA	NA	NA	"CL:0000017"	"spermatocyte"	"perfect match"	"SN260"	NA	2
"CCACTTGCACGTTGGC"	""	"ERX6700412"	"ERP132578"	"testis"	"Round_spermatids"	NA	NA	NA	"CL:4030036"	"early spermatid"	"perfect match"	"SN260"	NA	3
"CCACTTGGTGTGCTTA"	""	"ERX6700412"	"ERP132578"	"testis"	"Spermatocytes"	NA	NA	NA	"CL:0000017"	"spermatocyte"	"perfect match"	"SN260"	NA	2
"CCACTTGTCTACTGAG"	""	"ERX6700412"	"ERP132578"	"testis"	"Spermatocytes"	NA	NA	NA	"CL:0000017"	"spermatocyte"	"perfect match"	"SN260"	NA	2
"CCATAAGAGTGATAAC"	""	"ERX6700412"	"ERP132578"	"testis"	"Spermatocytes"	NA	NA	NA	"CL:0000017"	"spermatocyte"	"perfect match"	"SN260"	NA	2
"CCATAAGCATTCACAG"	""	"ERX6700412"	"ERP132578"	"testis"	"Spermatocytes"	NA	NA	NA	"CL:0000017"	"spermatocyte"	"perfect match"	"SN260"	NA	2
"CCATAAGGTATCTCGA"	""	"ERX6700412"	"ERP132578"	"testis"	"Spermatocytes"	NA	NA	NA	"CL:0000017"	"spermatocyte"	"perfect match"	"SN260"	NA	2
"CCATAAGTCGCTCCTA"	""	"ERX6700412"	"ERP132578"	"testis"	"Round_spermatids"	NA	NA	NA	"CL:4030036"	"early spermatid"	"perfect match"	"SN260"	NA	3
"CCATAAGTCTCTTGCG"	""	"ERX6700412"	"ERP132578"	"testis"	"Spermatocytes"	NA	NA	NA	"CL:0000017"	"spermatocyte"	"perfect match"	"SN260"	NA	2
"CCATAAGTCTTACCAT"	""	"ERX6700412"	"ERP132578"	"testis"	"Round_spermatids"	NA	NA	NA	"CL:4030036"	"early spermatid"	"perfect match"	"SN260"	NA	3
"CCATCACAGATAACGT"	""	"ERX6700412"	"ERP132578"	"testis"	"Round_spermatids"	NA	NA	NA	"CL:4030036"	"early spermatid"	"perfect match"	"SN260"	NA	3
"CCATCACAGCTAAACA"	""	"ERX6700412"	"ERP132578"	"testis"	"Spermatocytes"	NA	NA	NA	"CL:0000017"	"spermatocyte"	"perfect match"	"SN260"	NA	2
"CCATCACGTCTTACAG"	""	"ERX6700412"	"ERP132578"	"testis"	"Round_spermatids"	NA	NA	NA	"CL:4030036"	"early spermatid"	"perfect match"	"SN260"	NA	3
"CCATCACTCTCCTGCA"	""	"ERX6700412"	"ERP132578"	"testis"	"Round_spermatids"	NA	NA	NA	"CL:4030036"	"early spermatid"	"perfect match"	"SN260"	NA	3
"CCCAACTAGCATCAGG"	""	"ERX6700412"	"ERP132578"	"testis"	"Round_spermatids"	NA	NA	NA	"CL:4030036"	"early spermatid"	"perfect match"	"SN260"	NA	3
"CCCAACTCATCTGTTT"	""	"ERX6700412"	"ERP132578"	"testis"	"Round_spermatids"	NA	NA	NA	"CL:4030036"	"early spermatid"	"perfect match"	"SN260"	NA	3
"CCCAACTGTGGCAGAT"	""	"ERX6700412"	"ERP132578"	"testis"	"Round_spermatids"	NA	NA	NA	"CL:4030036"	"early spermatid"	"perfect match"	"SN260"	NA	3
"CCCATTGGTCCAGGTC"	""	"ERX6700412"	"ERP132578"	"testis"	"Round_spermatids"	NA	NA	NA	"CL:4030036"	"early spermatid"	"perfect match"	"SN260"	NA	3
"CCCGAAGCAAACCACT"	""	"ERX6700412"	"ERP132578"	"testis"	"Spermatogonia"	NA	NA	NA	"CL:0000020"	"spermatogonium"	"perfect match"	"SN260"	NA	4
"CCCGAAGCACGACGCT"	""	"ERX6700412"	"ERP132578"	"testis"	"Round_spermatids"	NA	NA	NA	"CL:4030036"	"early spermatid"	"perfect match"	"SN260"	NA	3
"CCCGAAGGTCTAGGTT"	""	"ERX6700412"	"ERP132578"	"testis"	"Spermatocytes"	NA	NA	NA	"CL:0000017"	"spermatocyte"	"perfect match"	"SN260"	NA	2
"CCCGAAGTCGCTACAA"	""	"ERX6700412"	"ERP132578"	"testis"	"Spermatocytes"	NA	NA	NA	"CL:0000017"	"spermatocyte"	"perfect match"	"SN260"	NA	2
"CCCGAAGTCGTGGAAG"	""	"ERX6700412"	"ERP132578"	"testis"	"Round_spermatids"	NA	NA	NA	"CL:4030036"	"early spermatid"	"perfect match"	"SN260"	NA	3
"CCCGGAAAGGACGCTA"	""	"ERX6700412"	"ERP132578"	"testis"	"Round_spermatids"	NA	NA	NA	"CL:4030036"	"early spermatid"	"perfect match"	"SN260"	NA	3
"CCCGGAAAGTAGTCAA"	""	"ERX6700412"	"ERP132578"	"testis"	"Elongated_spermatids"	NA	NA	NA	"CL:4030037"	"late spermatid"	"perfect match"	"SN260"	NA	1
"CCCTAACAGCCTCATA"	""	"ERX6700412"	"ERP132578"	"testis"	"Spermatogonia"	NA	NA	NA	"CL:0000020"	"spermatogonium"	"perfect match"	"SN260"	NA	4
"CCCTAACAGGGAACAA"	""	"ERX6700412"	"ERP132578"	"testis"	"Spermatocytes"	NA	NA	NA	"CL:0000017"	"spermatocyte"	"perfect match"	"SN260"	NA	2
"CCCTAACCATTGCCGG"	""	"ERX6700412"	"ERP132578"	"testis"	"Spermatocytes"	NA	NA	NA	"CL:0000017"	"spermatocyte"	"perfect match"	"SN260"	NA	2
"CCCTCAAGTATGGGAC"	""	"ERX6700412"	"ERP132578"	"testis"	"Round_spermatids"	NA	NA	NA	"CL:4030036"	"early spermatid"	"perfect match"	"SN260"	NA	3
"CCCTCTCGTATACCCA"	""	"ERX6700412"	"ERP132578"	"testis"	"Spermatogonia"	NA	NA	NA	"CL:0000020"	"spermatogonium"	"perfect match"	"SN260"	NA	4
"CCCTCTCTCAAACTGC"	""	"ERX6700412"	"ERP132578"	"testis"	"Round_spermatids"	NA	NA	NA	"CL:4030036"	"early spermatid"	"perfect match"	"SN260"	NA	3
"CCCTGATAGCGTGTTT"	""	"ERX6700412"	"ERP132578"	"testis"	"Elongated_spermatids"	NA	NA	NA	"CL:4030037"	"late spermatid"	"perfect match"	"SN260"	NA	1
"CCCTGATTCCTTCACG"	""	"ERX6700412"	"ERP132578"	"testis"	"Round_spermatids"	NA	NA	NA	"CL:4030036"	"early spermatid"	"perfect match"	"SN260"	NA	3
"CCCTGATTCTGAGAGG"	""	"ERX6700412"	"ERP132578"	"testis"	"Round_spermatids"	NA	NA	NA	"CL:4030036"	"early spermatid"	"perfect match"	"SN260"	NA	3
"CCCTTAGAGGGTTAGC"	""	"ERX6700412"	"ERP132578"	"testis"	"Round_spermatids"	NA	NA	NA	"CL:4030036"	"early spermatid"	"perfect match"	"SN260"	NA	3
"CCCTTAGGTCATGGCC"	""	"ERX6700412"	"ERP132578"	"testis"	"Spermatocytes"	NA	NA	NA	"CL:0000017"	"spermatocyte"	"perfect match"	"SN260"	NA	2
"CCCTTAGGTTGGGTAG"	""	"ERX6700412"	"ERP132578"	"testis"	"Elongated_spermatids"	NA	NA	NA	"CL:4030037"	"late spermatid"	"perfect match"	"SN260"	NA	1
"CCGAACGCACGTTGGC"	""	"ERX6700412"	"ERP132578"	"testis"	"Round_spermatids"	NA	NA	NA	"CL:4030036"	"early spermatid"	"perfect match"	"SN260"	NA	3
"CCGAACGGTTGGCCTG"	""	"ERX6700412"	"ERP132578"	"testis"	"Round_spermatids"	NA	NA	NA	"CL:4030036"	"early spermatid"	"perfect match"	"SN260"	NA	3
"CCGAACGTCCGAGAAG"	""	"ERX6700412"	"ERP132578"	"testis"	"Spermatocytes"	NA	NA	NA	"CL:0000017"	"spermatocyte"	"perfect match"	"SN260"	NA	2
"CCGAACGTCTCAAAGC"	""	"ERX6700412"	"ERP132578"	"testis"	"Round_spermatids"	NA	NA	NA	"CL:4030036"	"early spermatid"	"perfect match"	"SN260"	NA	3
"CCGATCTCATCATCTT"	""	"ERX6700412"	"ERP132578"	"testis"	"Round_spermatids"	NA	NA	NA	"CL:4030036"	"early spermatid"	"perfect match"	"SN260"	NA	3
"CCGATCTTCTGGAGAG"	""	"ERX6700412"	"ERP132578"	"testis"	"Elongated_spermatids"	NA	NA	NA	"CL:4030037"	"late spermatid"	"perfect match"	"SN260"	NA	1
"CCGATGGAGAGTGGCT"	""	"ERX6700412"	"ERP132578"	"testis"	"Spermatogonia"	NA	NA	NA	"CL:0000020"	"spermatogonium"	"perfect match"	"SN260"	NA	4
"CCGATGGAGCCGAATG"	""	"ERX6700412"	"ERP132578"	"testis"	"Round_spermatids"	NA	NA	NA	"CL:4030036"	"early spermatid"	"perfect match"	"SN260"	NA	3
"CCGATGGCAAGCTCTA"	""	"ERX6700412"	"ERP132578"	"testis"	"Round_spermatids"	NA	NA	NA	"CL:4030036"	"early spermatid"	"perfect match"	"SN260"	NA	3
"CCGATGGGTACGCTTA"	""	"ERX6700412"	"ERP132578"	"testis"	"Spermatocytes"	NA	NA	NA	"CL:0000017"	"spermatocyte"	"perfect match"	"SN260"	NA	2
"CCGATGGGTATCGTTG"	""	"ERX6700412"	"ERP132578"	"testis"	"Elongated_spermatids"	NA	NA	NA	"CL:4030037"	"late spermatid"	"perfect match"	"SN260"	NA	1
"CCGCAAGGTCCTGTTC"	""	"ERX6700412"	"ERP132578"	"testis"	"Round_spermatids"	NA	NA	NA	"CL:4030036"	"early spermatid"	"perfect match"	"SN260"	NA	3
"CCGCAAGGTGCCTTTC"	""	"ERX6700412"	"ERP132578"	"testis"	"Round_spermatids"	NA	NA	NA	"CL:4030036"	"early spermatid"	"perfect match"	"SN260"	NA	3
"CCGGACACAACGATTC"	""	"ERX6700412"	"ERP132578"	"testis"	"Elongated_spermatids"	NA	NA	NA	"CL:4030037"	"late spermatid"	"perfect match"	"SN260"	NA	1
"CCGGACACACCTGTCT"	""	"ERX6700412"	"ERP132578"	"testis"	"Round_spermatids"	NA	NA	NA	"CL:4030036"	"early spermatid"	"perfect match"	"SN260"	NA	3
"CCGGTAGCACGCACCA"	""	"ERX6700412"	"ERP132578"	"testis"	"Spermatocytes"	NA	NA	NA	"CL:0000017"	"spermatocyte"	"perfect match"	"SN260"	NA	2
"CCGGTAGCAGCGCGTT"	""	"ERX6700412"	"ERP132578"	"testis"	"Round_spermatids"	NA	NA	NA	"CL:4030036"	"early spermatid"	"perfect match"	"SN260"	NA	3
"CCGGTGAGTGCCTTCT"	""	"ERX6700412"	"ERP132578"	"testis"	"Spermatogonia"	NA	NA	NA	"CL:0000020"	"spermatogonium"	"perfect match"	"SN260"	NA	4
"CCGGTGATCATCGACA"	""	"ERX6700412"	"ERP132578"	"testis"	"Spermatocytes"	NA	NA	NA	"CL:0000017"	"spermatocyte"	"perfect match"	"SN260"	NA	2
"CCGTAGGCACGTCGGT"	""	"ERX6700412"	"ERP132578"	"testis"	"Round_spermatids"	NA	NA	NA	"CL:4030036"	"early spermatid"	"perfect match"	"SN260"	NA	3
"CCGTAGGGTCTCGGGT"	""	"ERX6700412"	"ERP132578"	"testis"	"Elongated_spermatids"	NA	NA	NA	"CL:4030037"	"late spermatid"	"perfect match"	"SN260"	NA	1
"CCGTGAGCAACGGCTC"	""	"ERX6700412"	"ERP132578"	"testis"	"Round_spermatids"	NA	NA	NA	"CL:4030036"	"early spermatid"	"perfect match"	"SN260"	NA	3
"CCGTGAGCAGACCCGT"	""	"ERX6700412"	"ERP132578"	"testis"	"Spermatocytes"	NA	NA	NA	"CL:0000017"	"spermatocyte"	"perfect match"	"SN260"	NA	2
"CCGTGAGTCTCATAGG"	""	"ERX6700412"	"ERP132578"	"testis"	"Spermatogonia"	NA	NA	NA	"CL:0000020"	"spermatogonium"	"perfect match"	"SN260"	NA	4
"CCGTTCACAACACGTT"	""	"ERX6700412"	"ERP132578"	"testis"	"Round_spermatids"	NA	NA	NA	"CL:4030036"	"early spermatid"	"perfect match"	"SN260"	NA	3
"CCGTTCACACAGAAGC"	""	"ERX6700412"	"ERP132578"	"testis"	"Elongated_spermatids"	NA	NA	NA	"CL:4030037"	"late spermatid"	"perfect match"	"SN260"	NA	1
"CCGTTCACAGATCATC"	""	"ERX6700412"	"ERP132578"	"testis"	"Round_spermatids"	NA	NA	NA	"CL:4030036"	"early spermatid"	"perfect match"	"SN260"	NA	3
"CCGTTCAGTACGTGTT"	""	"ERX6700412"	"ERP132578"	"testis"	"Spermatogonia"	NA	NA	NA	"CL:0000020"	"spermatogonium"	"perfect match"	"SN260"	NA	4
"CCGTTCAGTATACCCA"	""	"ERX6700412"	"ERP132578"	"testis"	"Round_spermatids"	NA	NA	NA	"CL:4030036"	"early spermatid"	"perfect match"	"SN260"	NA	3
"CCTAACCAGGAACTCG"	""	"ERX6700412"	"ERP132578"	"testis"	"Spermatocytes"	NA	NA	NA	"CL:0000017"	"spermatocyte"	"perfect match"	"SN260"	NA	2
"CCTAACCAGGCAATGC"	""	"ERX6700412"	"ERP132578"	"testis"	"Spermatocytes"	NA	NA	NA	"CL:0000017"	"spermatocyte"	"perfect match"	"SN260"	NA	2
"CCTAACCGTCTAACTG"	""	"ERX6700412"	"ERP132578"	"testis"	"Elongated_spermatids"	NA	NA	NA	"CL:4030037"	"late spermatid"	"perfect match"	"SN260"	NA	1
"CCTAACCGTTGCTTGA"	""	"ERX6700412"	"ERP132578"	"testis"	"Round_spermatids"	NA	NA	NA	"CL:4030036"	"early spermatid"	"perfect match"	"SN260"	NA	3
"CCTAAGAAGTTGCCTA"	""	"ERX6700412"	"ERP132578"	"testis"	"Round_spermatids"	NA	NA	NA	"CL:4030036"	"early spermatid"	"perfect match"	"SN260"	NA	3
"CCTAAGACATGCAGCC"	""	"ERX6700412"	"ERP132578"	"testis"	"Elongated_spermatids"	NA	NA	NA	"CL:4030037"	"late spermatid"	"perfect match"	"SN260"	NA	1
"CCTAAGATCACGACTA"	""	"ERX6700412"	"ERP132578"	"testis"	"Round_spermatids"	NA	NA	NA	"CL:4030036"	"early spermatid"	"perfect match"	"SN260"	NA	3
"CCTAAGATCTGATGGT"	""	"ERX6700412"	"ERP132578"	"testis"	"Spermatocytes"	NA	NA	NA	"CL:0000017"	"spermatocyte"	"perfect match"	"SN260"	NA	2
"CCTACGTCAACTTCTT"	""	"ERX6700412"	"ERP132578"	"testis"	"Round_spermatids"	NA	NA	NA	"CL:4030036"	"early spermatid"	"perfect match"	"SN260"	NA	3
"CCTACGTCACCTGCGA"	""	"ERX6700412"	"ERP132578"	"testis"	"Spermatogonia"	NA	NA	NA	"CL:0000020"	"spermatogonium"	"perfect match"	"SN260"	NA	4
"CCTATCGAGGTCTGGA"	""	"ERX6700412"	"ERP132578"	"testis"	"Round_spermatids"	NA	NA	NA	"CL:4030036"	"early spermatid"	"perfect match"	"SN260"	NA	3
"CCTATCGAGTATAGGT"	""	"ERX6700412"	"ERP132578"	"testis"	"Round_spermatids"	NA	NA	NA	"CL:4030036"	"early spermatid"	"perfect match"	"SN260"	NA	3
"CCTATCGGTCTTAGTG"	""	"ERX6700412"	"ERP132578"	"testis"	"Elongated_spermatids"	NA	NA	NA	"CL:4030037"	"late spermatid"	"perfect match"	"SN260"	NA	1
"CCTCAACAGATGACCG"	""	"ERX6700412"	"ERP132578"	"testis"	"Elongated_spermatids"	NA	NA	NA	"CL:4030037"	"late spermatid"	"perfect match"	"SN260"	NA	1
"CCTCAACAGGTTCATC"	""	"ERX6700412"	"ERP132578"	"testis"	"Elongated_spermatids"	NA	NA	NA	"CL:4030037"	"late spermatid"	"perfect match"	"SN260"	NA	1
"CCTCAACAGGTTCTAC"	""	"ERX6700412"	"ERP132578"	"testis"	"Elongated_spermatids"	NA	NA	NA	"CL:4030037"	"late spermatid"	"perfect match"	"SN260"	NA	1
"CCTCAACCACAGCTTA"	""	"ERX6700412"	"ERP132578"	"testis"	"Elongated_spermatids"	NA	NA	NA	"CL:4030037"	"late spermatid"	"perfect match"	"SN260"	NA	1
"CCTCAACCACTGGCCA"	""	"ERX6700412"	"ERP132578"	"testis"	"Round_spermatids"	NA	NA	NA	"CL:4030036"	"early spermatid"	"perfect match"	"SN260"	NA	3
"CCTCACAAGGTCACTT"	""	"ERX6700412"	"ERP132578"	"testis"	"Elongated_spermatids"	NA	NA	NA	"CL:4030037"	"late spermatid"	"perfect match"	"SN260"	NA	1
"CCTCACAAGTTCGCAT"	""	"ERX6700412"	"ERP132578"	"testis"	"Elongated_spermatids"	NA	NA	NA	"CL:4030037"	"late spermatid"	"perfect match"	"SN260"	NA	1
"CCTCACACACCTTCGT"	""	"ERX6700412"	"ERP132578"	"testis"	"Round_spermatids"	NA	NA	NA	"CL:4030036"	"early spermatid"	"perfect match"	"SN260"	NA	3
"CCTCACAGTCATGGCC"	""	"ERX6700412"	"ERP132578"	"testis"	"Elongated_spermatids"	NA	NA	NA	"CL:4030037"	"late spermatid"	"perfect match"	"SN260"	NA	1
"CCTCACATCAATCCGA"	""	"ERX6700412"	"ERP132578"	"testis"	"Spermatogonia"	NA	NA	NA	"CL:0000020"	"spermatogonium"	"perfect match"	"SN260"	NA	4
"CCTCAGTGTGGCTCTG"	""	"ERX6700412"	"ERP132578"	"testis"	"Spermatogonia"	NA	NA	NA	"CL:0000020"	"spermatogonium"	"perfect match"	"SN260"	NA	4
"CCTCATGTCGTCGACG"	""	"ERX6700412"	"ERP132578"	"testis"	"Spermatogonia"	NA	NA	NA	"CL:0000020"	"spermatogonium"	"perfect match"	"SN260"	NA	4
"CCTCATGTCTCGGGAC"	""	"ERX6700412"	"ERP132578"	"testis"	"Round_spermatids"	NA	NA	NA	"CL:4030036"	"early spermatid"	"perfect match"	"SN260"	NA	3
"CCTCCAACACCGGAAA"	""	"ERX6700412"	"ERP132578"	"testis"	"Round_spermatids"	NA	NA	NA	"CL:4030036"	"early spermatid"	"perfect match"	"SN260"	NA	3
"CCTCCAAGTTGTTGAC"	""	"ERX6700412"	"ERP132578"	"testis"	"Spermatocytes"	NA	NA	NA	"CL:0000017"	"spermatocyte"	"perfect match"	"SN260"	NA	2
"CCTCCAATCCAAGCCG"	""	"ERX6700412"	"ERP132578"	"testis"	"Spermatocytes"	NA	NA	NA	"CL:0000017"	"spermatocyte"	"perfect match"	"SN260"	NA	2
"CCTCCTCCACGGATCC"	""	"ERX6700412"	"ERP132578"	"testis"	"Elongated_spermatids"	NA	NA	NA	"CL:4030037"	"late spermatid"	"perfect match"	"SN260"	NA	1
"CCTCCTCCAGAGGAAA"	""	"ERX6700412"	"ERP132578"	"testis"	"Round_spermatids"	NA	NA	NA	"CL:4030036"	"early spermatid"	"perfect match"	"SN260"	NA	3
"CCTCCTCTCTTGGTGA"	""	"ERX6700412"	"ERP132578"	"testis"	"Round_spermatids"	NA	NA	NA	"CL:4030036"	"early spermatid"	"perfect match"	"SN260"	NA	3
"CCTCTAGCACCGTCTT"	""	"ERX6700412"	"ERP132578"	"testis"	"Round_spermatids"	NA	NA	NA	"CL:4030036"	"early spermatid"	"perfect match"	"SN260"	NA	3
"CCTCTAGCACTCGATA"	""	"ERX6700412"	"ERP132578"	"testis"	"Round_spermatids"	NA	NA	NA	"CL:4030036"	"early spermatid"	"perfect match"	"SN260"	NA	3
"CCTCTAGGTAGTTACC"	""	"ERX6700412"	"ERP132578"	"testis"	"Spermatocytes"	NA	NA	NA	"CL:0000017"	"spermatocyte"	"perfect match"	"SN260"	NA	2
"CCTCTAGGTATCACGT"	""	"ERX6700412"	"ERP132578"	"testis"	"Elongated_spermatids"	NA	NA	NA	"CL:4030037"	"late spermatid"	"perfect match"	"SN260"	NA	1
"CCTCTAGGTGTCGCTG"	""	"ERX6700412"	"ERP132578"	"testis"	"Round_spermatids"	NA	NA	NA	"CL:4030036"	"early spermatid"	"perfect match"	"SN260"	NA	3
"CCTCTCCTCAAGTCGT"	""	"ERX6700412"	"ERP132578"	"testis"	"Round_spermatids"	NA	NA	NA	"CL:4030036"	"early spermatid"	"perfect match"	"SN260"	NA	3
"CCTGCATCATCTAGAC"	""	"ERX6700412"	"ERP132578"	"testis"	"Round_spermatids"	NA	NA	NA	"CL:4030036"	"early spermatid"	"perfect match"	"SN260"	NA	3
"CCTGCATGTTACCTGA"	""	"ERX6700412"	"ERP132578"	"testis"	"Spermatogonia"	NA	NA	NA	"CL:0000020"	"spermatogonium"	"perfect match"	"SN260"	NA	4
"CCTGCATTCATTGCCC"	""	"ERX6700412"	"ERP132578"	"testis"	"Other_somatic"	NA	NA	NA	"CL:0002371"	"somatic cell"	"perfect match"	"SN260"	NA	5
"CCTGCATTCTTGCGCT"	""	"ERX6700412"	"ERP132578"	"testis"	"Spermatogonia"	NA	NA	NA	"CL:0000020"	"spermatogonium"	"perfect match"	"SN260"	NA	4
"CCTTCAGGTGGTACAG"	""	"ERX6700412"	"ERP132578"	"testis"	"Spermatocytes"	NA	NA	NA	"CL:0000017"	"spermatocyte"	"perfect match"	"SN260"	NA	2
"CCTTCAGTCCGCAGTG"	""	"ERX6700412"	"ERP132578"	"testis"	"Round_spermatids"	NA	NA	NA	"CL:4030036"	"early spermatid"	"perfect match"	"SN260"	NA	3
"CCTTCAGTCGTAACTG"	""	"ERX6700412"	"ERP132578"	"testis"	"Spermatogonia"	NA	NA	NA	"CL:0000020"	"spermatogonium"	"perfect match"	"SN260"	NA	4
"CCTTCAGTCTTTCAGT"	""	"ERX6700412"	"ERP132578"	"testis"	"Elongated_spermatids"	NA	NA	NA	"CL:4030037"	"late spermatid"	"perfect match"	"SN260"	NA	1
"CCTTGTGAGATGCTTC"	""	"ERX6700412"	"ERP132578"	"testis"	"Round_spermatids"	NA	NA	NA	"CL:4030036"	"early spermatid"	"perfect match"	"SN260"	NA	3
"CCTTGTGAGCTCTTCC"	""	"ERX6700412"	"ERP132578"	"testis"	"Round_spermatids"	NA	NA	NA	"CL:4030036"	"early spermatid"	"perfect match"	"SN260"	NA	3
"CCTTTGGAGGGAGTGG"	""	"ERX6700412"	"ERP132578"	"testis"	"Spermatocytes"	NA	NA	NA	"CL:0000017"	"spermatocyte"	"perfect match"	"SN260"	NA	2
"CCTTTGGCAGAGGACT"	""	"ERX6700412"	"ERP132578"	"testis"	"Round_spermatids"	NA	NA	NA	"CL:4030036"	"early spermatid"	"perfect match"	"SN260"	NA	3
"CCTTTGGTCGCCAATA"	""	"ERX6700412"	"ERP132578"	"testis"	"Spermatocytes"	NA	NA	NA	"CL:0000017"	"spermatocyte"	"perfect match"	"SN260"	NA	2
"CGAAGGAGTATCCTTT"	""	"ERX6700412"	"ERP132578"	"testis"	"Round_spermatids"	NA	NA	NA	"CL:4030036"	"early spermatid"	"perfect match"	"SN260"	NA	3
"CGAAGGAGTTCTCGCT"	""	"ERX6700412"	"ERP132578"	"testis"	"Round_spermatids"	NA	NA	NA	"CL:4030036"	"early spermatid"	"perfect match"	"SN260"	NA	3
"CGAAGTTAGGATCACG"	""	"ERX6700412"	"ERP132578"	"testis"	"Elongated_spermatids"	NA	NA	NA	"CL:4030037"	"late spermatid"	"perfect match"	"SN260"	NA	1
"CGAAGTTGTCACTGAT"	""	"ERX6700412"	"ERP132578"	"testis"	"Round_spermatids"	NA	NA	NA	"CL:4030036"	"early spermatid"	"perfect match"	"SN260"	NA	3
"CGAAGTTTCAAACCCA"	""	"ERX6700412"	"ERP132578"	"testis"	"Round_spermatids"	NA	NA	NA	"CL:4030036"	"early spermatid"	"perfect match"	"SN260"	NA	3
"CGAAGTTTCCTTCTGG"	""	"ERX6700412"	"ERP132578"	"testis"	"Round_spermatids"	NA	NA	NA	"CL:4030036"	"early spermatid"	"perfect match"	"SN260"	NA	3
"CGAATTGAGGCCTAGA"	""	"ERX6700412"	"ERP132578"	"testis"	"Round_spermatids"	NA	NA	NA	"CL:4030036"	"early spermatid"	"perfect match"	"SN260"	NA	3
"CGAATTGGTGGGCTCT"	""	"ERX6700412"	"ERP132578"	"testis"	"Spermatocytes"	NA	NA	NA	"CL:0000017"	"spermatocyte"	"perfect match"	"SN260"	NA	2
"CGACAGCAGTTCATGC"	""	"ERX6700412"	"ERP132578"	"testis"	"Spermatocytes"	NA	NA	NA	"CL:0000017"	"spermatocyte"	"perfect match"	"SN260"	NA	2
"CGACAGCCAGACAATA"	""	"ERX6700412"	"ERP132578"	"testis"	"Round_spermatids"	NA	NA	NA	"CL:4030036"	"early spermatid"	"perfect match"	"SN260"	NA	3
"CGACAGCGTTGGATCT"	""	"ERX6700412"	"ERP132578"	"testis"	"Elongated_spermatids"	NA	NA	NA	"CL:4030037"	"late spermatid"	"perfect match"	"SN260"	NA	1
"CGACAGCTCATCTCTA"	""	"ERX6700412"	"ERP132578"	"testis"	"Spermatocytes"	NA	NA	NA	"CL:0000017"	"spermatocyte"	"perfect match"	"SN260"	NA	2
"CGAGAAGAGATACAGT"	""	"ERX6700412"	"ERP132578"	"testis"	"Round_spermatids"	NA	NA	NA	"CL:4030036"	"early spermatid"	"perfect match"	"SN260"	NA	3
"CGAGAAGGTGCATGAG"	""	"ERX6700412"	"ERP132578"	"testis"	"Round_spermatids"	NA	NA	NA	"CL:4030036"	"early spermatid"	"perfect match"	"SN260"	NA	3
"CGAGGAAAGCCTTGAT"	""	"ERX6700412"	"ERP132578"	"testis"	"Round_spermatids"	NA	NA	NA	"CL:4030036"	"early spermatid"	"perfect match"	"SN260"	NA	3
"CGAGGAACATCTCAAG"	""	"ERX6700412"	"ERP132578"	"testis"	"Round_spermatids"	NA	NA	NA	"CL:4030036"	"early spermatid"	"perfect match"	"SN260"	NA	3
"CGAGGAAGTCACTTAG"	""	"ERX6700412"	"ERP132578"	"testis"	"Round_spermatids"	NA	NA	NA	"CL:4030036"	"early spermatid"	"perfect match"	"SN260"	NA	3
"CGAGGCTGTCCATAGT"	""	"ERX6700412"	"ERP132578"	"testis"	"Round_spermatids"	NA	NA	NA	"CL:4030036"	"early spermatid"	"perfect match"	"SN260"	NA	3
"CGAGTGCGTGTCATTG"	""	"ERX6700412"	"ERP132578"	"testis"	"Spermatocytes"	NA	NA	NA	"CL:0000017"	"spermatocyte"	"perfect match"	"SN260"	NA	2
"CGATCGGAGCACCTGC"	""	"ERX6700412"	"ERP132578"	"testis"	"Round_spermatids"	NA	NA	NA	"CL:4030036"	"early spermatid"	"perfect match"	"SN260"	NA	3
"CGATCGGAGGTAACTA"	""	"ERX6700412"	"ERP132578"	"testis"	"Elongated_spermatids"	NA	NA	NA	"CL:4030037"	"late spermatid"	"perfect match"	"SN260"	NA	1
"CGATGCGAGCACCAGA"	""	"ERX6700412"	"ERP132578"	"testis"	"Round_spermatids"	NA	NA	NA	"CL:4030036"	"early spermatid"	"perfect match"	"SN260"	NA	3
"CGATGCGGTTACGCCG"	""	"ERX6700412"	"ERP132578"	"testis"	"Spermatocytes"	NA	NA	NA	"CL:0000017"	"spermatocyte"	"perfect match"	"SN260"	NA	2
"CGATGCGGTTCTCCTG"	""	"ERX6700412"	"ERP132578"	"testis"	"Round_spermatids"	NA	NA	NA	"CL:4030036"	"early spermatid"	"perfect match"	"SN260"	NA	3
"CGATGCGTCTACTGAG"	""	"ERX6700412"	"ERP132578"	"testis"	"Round_spermatids"	NA	NA	NA	"CL:4030036"	"early spermatid"	"perfect match"	"SN260"	NA	3
"CGATGCGTCTCGCGTT"	""	"ERX6700412"	"ERP132578"	"testis"	"Round_spermatids"	NA	NA	NA	"CL:4030036"	"early spermatid"	"perfect match"	"SN260"	NA	3
"CGATGGCCAATGGCCC"	""	"ERX6700412"	"ERP132578"	"testis"	"Round_spermatids"	NA	NA	NA	"CL:4030036"	"early spermatid"	"perfect match"	"SN260"	NA	3
"CGATGGCCATGACTTG"	""	"ERX6700412"	"ERP132578"	"testis"	"Spermatocytes"	NA	NA	NA	"CL:0000017"	"spermatocyte"	"perfect match"	"SN260"	NA	2
"CGATGGCGTACTAGCT"	""	"ERX6700412"	"ERP132578"	"testis"	"Round_spermatids"	NA	NA	NA	"CL:4030036"	"early spermatid"	"perfect match"	"SN260"	NA	3
"CGATGGCGTTATAGCC"	""	"ERX6700412"	"ERP132578"	"testis"	"Spermatocytes"	NA	NA	NA	"CL:0000017"	"spermatocyte"	"perfect match"	"SN260"	NA	2
"CGATGGCTCTCACCCA"	""	"ERX6700412"	"ERP132578"	"testis"	"Round_spermatids"	NA	NA	NA	"CL:4030036"	"early spermatid"	"perfect match"	"SN260"	NA	3
"CGCAGGTGTCTACACA"	""	"ERX6700412"	"ERP132578"	"testis"	"Spermatocytes"	NA	NA	NA	"CL:0000017"	"spermatocyte"	"perfect match"	"SN260"	NA	2
"CGCAGGTTCAAGCTTG"	""	"ERX6700412"	"ERP132578"	"testis"	"Round_spermatids"	NA	NA	NA	"CL:4030036"	"early spermatid"	"perfect match"	"SN260"	NA	3
"CGCATAAGTGATGTAA"	""	"ERX6700412"	"ERP132578"	"testis"	"Spermatocytes"	NA	NA	NA	"CL:0000017"	"spermatocyte"	"perfect match"	"SN260"	NA	2
"CGCCAGAGTGAATTGA"	""	"ERX6700412"	"ERP132578"	"testis"	"Spermatogonia"	NA	NA	NA	"CL:0000020"	"spermatogonium"	"perfect match"	"SN260"	NA	4
"CGCCAGATCGCTTGAA"	""	"ERX6700412"	"ERP132578"	"testis"	"Elongated_spermatids"	NA	NA	NA	"CL:4030037"	"late spermatid"	"perfect match"	"SN260"	NA	1
"CGCCATTAGTCATCCA"	""	"ERX6700412"	"ERP132578"	"testis"	"Elongated_spermatids"	NA	NA	NA	"CL:4030037"	"late spermatid"	"perfect match"	"SN260"	NA	1
"CGCCATTGTTCCGGTG"	""	"ERX6700412"	"ERP132578"	"testis"	"Round_spermatids"	NA	NA	NA	"CL:4030036"	"early spermatid"	"perfect match"	"SN260"	NA	3
"CGCGTGAAGCTGTACT"	""	"ERX6700412"	"ERP132578"	"testis"	"Round_spermatids"	NA	NA	NA	"CL:4030036"	"early spermatid"	"perfect match"	"SN260"	NA	3
"CGCGTGAAGGCAGGTT"	""	"ERX6700412"	"ERP132578"	"testis"	"Round_spermatids"	NA	NA	NA	"CL:4030036"	"early spermatid"	"perfect match"	"SN260"	NA	3
"CGCGTGAAGGTAGATT"	""	"ERX6700412"	"ERP132578"	"testis"	"Round_spermatids"	NA	NA	NA	"CL:4030036"	"early spermatid"	"perfect match"	"SN260"	NA	3
"CGCGTGACATCATGAC"	""	"ERX6700412"	"ERP132578"	"testis"	"Elongated_spermatids"	NA	NA	NA	"CL:4030037"	"late spermatid"	"perfect match"	"SN260"	NA	1
"CGGAACCAGTTCCTGA"	""	"ERX6700412"	"ERP132578"	"testis"	"Round_spermatids"	NA	NA	NA	"CL:4030036"	"early spermatid"	"perfect match"	"SN260"	NA	3
"CGGAACCCACTCATAG"	""	"ERX6700412"	"ERP132578"	"testis"	"Round_spermatids"	NA	NA	NA	"CL:4030036"	"early spermatid"	"perfect match"	"SN260"	NA	3
"CGGAATTAGAAACCCG"	""	"ERX6700412"	"ERP132578"	"testis"	"Spermatocytes"	NA	NA	NA	"CL:0000017"	"spermatocyte"	"perfect match"	"SN260"	NA	2
"CGGAATTAGTAGGGTC"	""	"ERX6700412"	"ERP132578"	"testis"	"Round_spermatids"	NA	NA	NA	"CL:4030036"	"early spermatid"	"perfect match"	"SN260"	NA	3
"CGGAATTCACTAAACC"	""	"ERX6700412"	"ERP132578"	"testis"	"Spermatocytes"	NA	NA	NA	"CL:0000017"	"spermatocyte"	"perfect match"	"SN260"	NA	2
"CGGAATTGTAAGCTCT"	""	"ERX6700412"	"ERP132578"	"testis"	"Spermatocytes"	NA	NA	NA	"CL:0000017"	"spermatocyte"	"perfect match"	"SN260"	NA	2
"CGGAATTGTCCAACGC"	""	"ERX6700412"	"ERP132578"	"testis"	"Spermatocytes"	NA	NA	NA	"CL:0000017"	"spermatocyte"	"perfect match"	"SN260"	NA	2
"CGGAATTTCTCCCAAC"	""	"ERX6700412"	"ERP132578"	"testis"	"Elongated_spermatids"	NA	NA	NA	"CL:4030037"	"late spermatid"	"perfect match"	"SN260"	NA	1
"CGGACACAGGTCACAG"	""	"ERX6700412"	"ERP132578"	"testis"	"Spermatocytes"	NA	NA	NA	"CL:0000017"	"spermatocyte"	"perfect match"	"SN260"	NA	2
"CGGACACCAACCGTGC"	""	"ERX6700412"	"ERP132578"	"testis"	"Spermatocytes"	NA	NA	NA	"CL:0000017"	"spermatocyte"	"perfect match"	"SN260"	NA	2
"CGGACACCACAAGGTG"	""	"ERX6700412"	"ERP132578"	"testis"	"Round_spermatids"	NA	NA	NA	"CL:4030036"	"early spermatid"	"perfect match"	"SN260"	NA	3
"CGGACACCATTCTCTA"	""	"ERX6700412"	"ERP132578"	"testis"	"Elongated_spermatids"	NA	NA	NA	"CL:4030037"	"late spermatid"	"perfect match"	"SN260"	NA	1
"CGGACACGTACTCAAC"	""	"ERX6700412"	"ERP132578"	"testis"	"Round_spermatids"	NA	NA	NA	"CL:4030036"	"early spermatid"	"perfect match"	"SN260"	NA	3
"CGGACACTCCACTGAA"	""	"ERX6700412"	"ERP132578"	"testis"	"Elongated_spermatids"	NA	NA	NA	"CL:4030037"	"late spermatid"	"perfect match"	"SN260"	NA	1
"CGGAGAAGTAGACGGT"	""	"ERX6700412"	"ERP132578"	"testis"	"Round_spermatids"	NA	NA	NA	"CL:4030036"	"early spermatid"	"perfect match"	"SN260"	NA	3
"CGGAGAAGTGCAGGAT"	""	"ERX6700412"	"ERP132578"	"testis"	"Spermatocytes"	NA	NA	NA	"CL:0000017"	"spermatocyte"	"perfect match"	"SN260"	NA	2
"CGGAGAATCAAGTAAG"	""	"ERX6700412"	"ERP132578"	"testis"	"Round_spermatids"	NA	NA	NA	"CL:4030036"	"early spermatid"	"perfect match"	"SN260"	NA	3
"CGGCAGTTCTTCGCTG"	""	"ERX6700412"	"ERP132578"	"testis"	"Elongated_spermatids"	NA	NA	NA	"CL:4030037"	"late spermatid"	"perfect match"	"SN260"	NA	1
"CGGGACTTCCGATAGT"	""	"ERX6700412"	"ERP132578"	"testis"	"Other_somatic"	NA	NA	NA	"CL:0002371"	"somatic cell"	"perfect match"	"SN260"	NA	5
"CGGGACTTCTACGGTA"	""	"ERX6700412"	"ERP132578"	"testis"	"Other_somatic"	NA	NA	NA	"CL:0002371"	"somatic cell"	"perfect match"	"SN260"	NA	5
"CGGGCATCACCTCAGG"	""	"ERX6700412"	"ERP132578"	"testis"	"Spermatocytes"	NA	NA	NA	"CL:0000017"	"spermatocyte"	"perfect match"	"SN260"	NA	2
"CGGGTCAAGCGATTCT"	""	"ERX6700412"	"ERP132578"	"testis"	"Round_spermatids"	NA	NA	NA	"CL:4030036"	"early spermatid"	"perfect match"	"SN260"	NA	3
"CGGGTCACAGACAAGC"	""	"ERX6700412"	"ERP132578"	"testis"	"Other_somatic"	NA	NA	NA	"CL:0002371"	"somatic cell"	"perfect match"	"SN260"	NA	5
"CGGGTCAGTATTGGCT"	""	"ERX6700412"	"ERP132578"	"testis"	"Round_spermatids"	NA	NA	NA	"CL:4030036"	"early spermatid"	"perfect match"	"SN260"	NA	3
"CGGGTCAGTCCCTGAG"	""	"ERX6700412"	"ERP132578"	"testis"	"Spermatocytes"	NA	NA	NA	"CL:0000017"	"spermatocyte"	"perfect match"	"SN260"	NA	2
"CGGGTCATCTCTCTAA"	""	"ERX6700412"	"ERP132578"	"testis"	"Round_spermatids"	NA	NA	NA	"CL:4030036"	"early spermatid"	"perfect match"	"SN260"	NA	3
"CGGGTGTAGAGTCTGG"	""	"ERX6700412"	"ERP132578"	"testis"	"Spermatocytes"	NA	NA	NA	"CL:0000017"	"spermatocyte"	"perfect match"	"SN260"	NA	2
"CGGGTGTCAAATGAAC"	""	"ERX6700412"	"ERP132578"	"testis"	"Spermatocytes"	NA	NA	NA	"CL:0000017"	"spermatocyte"	"perfect match"	"SN260"	NA	2
"CGGGTGTGTTGGGACA"	""	"ERX6700412"	"ERP132578"	"testis"	"Round_spermatids"	NA	NA	NA	"CL:4030036"	"early spermatid"	"perfect match"	"SN260"	NA	3
"CGGTCAGCAAATGGAT"	""	"ERX6700412"	"ERP132578"	"testis"	"Spermatocytes"	NA	NA	NA	"CL:0000017"	"spermatocyte"	"perfect match"	"SN260"	NA	2
"CGGTCAGCAGCAGTCC"	""	"ERX6700412"	"ERP132578"	"testis"	"Round_spermatids"	NA	NA	NA	"CL:4030036"	"early spermatid"	"perfect match"	"SN260"	NA	3
"CGGTCAGCAGTCAACT"	""	"ERX6700412"	"ERP132578"	"testis"	"Spermatocytes"	NA	NA	NA	"CL:0000017"	"spermatocyte"	"perfect match"	"SN260"	NA	2
"CGGTCAGGTAGAAACT"	""	"ERX6700412"	"ERP132578"	"testis"	"Round_spermatids"	NA	NA	NA	"CL:4030036"	"early spermatid"	"perfect match"	"SN260"	NA	3
"CGGTCAGGTATTGACC"	""	"ERX6700412"	"ERP132578"	"testis"	"Spermatocytes"	NA	NA	NA	"CL:0000017"	"spermatocyte"	"perfect match"	"SN260"	NA	2
"CGTAAGTCACATTCGA"	""	"ERX6700412"	"ERP132578"	"testis"	"Spermatogonia"	NA	NA	NA	"CL:0000020"	"spermatogonium"	"perfect match"	"SN260"	NA	4
"CGTAAGTGTACATTGC"	""	"ERX6700412"	"ERP132578"	"testis"	"Round_spermatids"	NA	NA	NA	"CL:4030036"	"early spermatid"	"perfect match"	"SN260"	NA	3
"CGTAATGAGCTTTGTG"	""	"ERX6700412"	"ERP132578"	"testis"	"Round_spermatids"	NA	NA	NA	"CL:4030036"	"early spermatid"	"perfect match"	"SN260"	NA	3
"CGTAATGCACCATATG"	""	"ERX6700412"	"ERP132578"	"testis"	"Round_spermatids"	NA	NA	NA	"CL:4030036"	"early spermatid"	"perfect match"	"SN260"	NA	3
"CGTAATGCACGGCACT"	""	"ERX6700412"	"ERP132578"	"testis"	"Round_spermatids"	NA	NA	NA	"CL:4030036"	"early spermatid"	"perfect match"	"SN260"	NA	3
"CGTAATGTCCTCTCGA"	""	"ERX6700412"	"ERP132578"	"testis"	"Round_spermatids"	NA	NA	NA	"CL:4030036"	"early spermatid"	"perfect match"	"SN260"	NA	3
"CGTAATGTCTGACGCG"	""	"ERX6700412"	"ERP132578"	"testis"	"Spermatocytes"	NA	NA	NA	"CL:0000017"	"spermatocyte"	"perfect match"	"SN260"	NA	2
"CGTAGTACACCGGCTA"	""	"ERX6700412"	"ERP132578"	"testis"	"Round_spermatids"	NA	NA	NA	"CL:4030036"	"early spermatid"	"perfect match"	"SN260"	NA	3
"CGTCAAAGTAGCTAAA"	""	"ERX6700412"	"ERP132578"	"testis"	"Spermatogonia"	NA	NA	NA	"CL:0000020"	"spermatogonium"	"perfect match"	"SN260"	NA	4
"CGTCAAAGTTGTCATG"	""	"ERX6700412"	"ERP132578"	"testis"	"Spermatocytes"	NA	NA	NA	"CL:0000017"	"spermatocyte"	"perfect match"	"SN260"	NA	2
"CGTCCATAGAGAATCT"	""	"ERX6700412"	"ERP132578"	"testis"	"Spermatogonia"	NA	NA	NA	"CL:0000020"	"spermatogonium"	"perfect match"	"SN260"	NA	4
"CGTCCATCATAAGATG"	""	"ERX6700412"	"ERP132578"	"testis"	"Round_spermatids"	NA	NA	NA	"CL:4030036"	"early spermatid"	"perfect match"	"SN260"	NA	3
"CGTCCATTCCGTGGTG"	""	"ERX6700412"	"ERP132578"	"testis"	"Elongated_spermatids"	NA	NA	NA	"CL:4030037"	"late spermatid"	"perfect match"	"SN260"	NA	1
"CGTGAATAGCATGCGA"	""	"ERX6700412"	"ERP132578"	"testis"	"Spermatocytes"	NA	NA	NA	"CL:0000017"	"spermatocyte"	"perfect match"	"SN260"	NA	2
"CGTGAATGTGCAACAG"	""	"ERX6700412"	"ERP132578"	"testis"	"Elongated_spermatids"	NA	NA	NA	"CL:4030037"	"late spermatid"	"perfect match"	"SN260"	NA	1
"CGTGAATTCAACCCGG"	""	"ERX6700412"	"ERP132578"	"testis"	"Round_spermatids"	NA	NA	NA	"CL:4030036"	"early spermatid"	"perfect match"	"SN260"	NA	3
"CGTGAATTCATTCATC"	""	"ERX6700412"	"ERP132578"	"testis"	"Elongated_spermatids"	NA	NA	NA	"CL:4030037"	"late spermatid"	"perfect match"	"SN260"	NA	1
"CGTGATAAGTGCACTT"	""	"ERX6700412"	"ERP132578"	"testis"	"Other_somatic"	NA	NA	NA	"CL:0002371"	"somatic cell"	"perfect match"	"SN260"	NA	5
"CGTGATACAGCTTCGG"	""	"ERX6700412"	"ERP132578"	"testis"	"Round_spermatids"	NA	NA	NA	"CL:4030036"	"early spermatid"	"perfect match"	"SN260"	NA	3
"CGTGATACAGTGACCC"	""	"ERX6700412"	"ERP132578"	"testis"	"Round_spermatids"	NA	NA	NA	"CL:4030036"	"early spermatid"	"perfect match"	"SN260"	NA	3
"CGTGATACATATACCG"	""	"ERX6700412"	"ERP132578"	"testis"	"Elongated_spermatids"	NA	NA	NA	"CL:4030037"	"late spermatid"	"perfect match"	"SN260"	NA	1
"CGTGCTTCAAGTGCAG"	""	"ERX6700412"	"ERP132578"	"testis"	"Round_spermatids"	NA	NA	NA	"CL:4030036"	"early spermatid"	"perfect match"	"SN260"	NA	3
"CGTGCTTGTGGTCTCG"	""	"ERX6700412"	"ERP132578"	"testis"	"Elongated_spermatids"	NA	NA	NA	"CL:4030037"	"late spermatid"	"perfect match"	"SN260"	NA	1
"CGTGCTTTCAATGTCG"	""	"ERX6700412"	"ERP132578"	"testis"	"Spermatocytes"	NA	NA	NA	"CL:0000017"	"spermatocyte"	"perfect match"	"SN260"	NA	2
"CGTGCTTTCGGCAGTC"	""	"ERX6700412"	"ERP132578"	"testis"	"Spermatocytes"	NA	NA	NA	"CL:0000017"	"spermatocyte"	"perfect match"	"SN260"	NA	2
"CGTGTCTAGATACCAA"	""	"ERX6700412"	"ERP132578"	"testis"	"Spermatocytes"	NA	NA	NA	"CL:0000017"	"spermatocyte"	"perfect match"	"SN260"	NA	2
"CGTGTCTCAACCCTAA"	""	"ERX6700412"	"ERP132578"	"testis"	"Spermatocytes"	NA	NA	NA	"CL:0000017"	"spermatocyte"	"perfect match"	"SN260"	NA	2
"CGTGTCTGTTACACAC"	""	"ERX6700412"	"ERP132578"	"testis"	"Spermatogonia"	NA	NA	NA	"CL:0000020"	"spermatogonium"	"perfect match"	"SN260"	NA	4
"CGTTAGAAGATAACAC"	""	"ERX6700412"	"ERP132578"	"testis"	"Spermatocytes"	NA	NA	NA	"CL:0000017"	"spermatocyte"	"perfect match"	"SN260"	NA	2
"CGTTAGAAGGGTGAAA"	""	"ERX6700412"	"ERP132578"	"testis"	"Spermatogonia"	NA	NA	NA	"CL:0000020"	"spermatogonium"	"perfect match"	"SN260"	NA	4
"CGTTAGAAGTAGTCCT"	""	"ERX6700412"	"ERP132578"	"testis"	"Round_spermatids"	NA	NA	NA	"CL:4030036"	"early spermatid"	"perfect match"	"SN260"	NA	3
"CGTTCTGCAAGACGGT"	""	"ERX6700412"	"ERP132578"	"testis"	"Round_spermatids"	NA	NA	NA	"CL:4030036"	"early spermatid"	"perfect match"	"SN260"	NA	3
"CGTTCTGCAATGCAAA"	""	"ERX6700412"	"ERP132578"	"testis"	"Round_spermatids"	NA	NA	NA	"CL:4030036"	"early spermatid"	"perfect match"	"SN260"	NA	3
"CGTTCTGCACTCTCGT"	""	"ERX6700412"	"ERP132578"	"testis"	"Elongated_spermatids"	NA	NA	NA	"CL:4030037"	"late spermatid"	"perfect match"	"SN260"	NA	1
"CGTTCTGCAGCACGAA"	""	"ERX6700412"	"ERP132578"	"testis"	"Round_spermatids"	NA	NA	NA	"CL:4030036"	"early spermatid"	"perfect match"	"SN260"	NA	3
"CGTTCTGCATTCACAG"	""	"ERX6700412"	"ERP132578"	"testis"	"Round_spermatids"	NA	NA	NA	"CL:4030036"	"early spermatid"	"perfect match"	"SN260"	NA	3
"CGTTCTGTCACATCAG"	""	"ERX6700412"	"ERP132578"	"testis"	"Spermatocytes"	NA	NA	NA	"CL:0000017"	"spermatocyte"	"perfect match"	"SN260"	NA	2
"CGTTGGGTCAACCTTT"	""	"ERX6700412"	"ERP132578"	"testis"	"Other_somatic"	NA	NA	NA	"CL:0002371"	"somatic cell"	"perfect match"	"SN260"	NA	5
"CGTTGGGTCAAGCTTG"	""	"ERX6700412"	"ERP132578"	"testis"	"Round_spermatids"	NA	NA	NA	"CL:4030036"	"early spermatid"	"perfect match"	"SN260"	NA	3
"CGTTGGGTCCACATAG"	""	"ERX6700412"	"ERP132578"	"testis"	"Spermatocytes"	NA	NA	NA	"CL:0000017"	"spermatocyte"	"perfect match"	"SN260"	NA	2
"CTAACCCCAGCTACAT"	""	"ERX6700412"	"ERP132578"	"testis"	"Spermatocytes"	NA	NA	NA	"CL:0000017"	"spermatocyte"	"perfect match"	"SN260"	NA	2
"CTAACCCTCCTTCGAC"	""	"ERX6700412"	"ERP132578"	"testis"	"Spermatocytes"	NA	NA	NA	"CL:0000017"	"spermatocyte"	"perfect match"	"SN260"	NA	2
"CTAACCCTCTCAGTCC"	""	"ERX6700412"	"ERP132578"	"testis"	"Spermatogonia"	NA	NA	NA	"CL:0000020"	"spermatogonium"	"perfect match"	"SN260"	NA	4
"CTAACTTAGATTCGAA"	""	"ERX6700412"	"ERP132578"	"testis"	"Round_spermatids"	NA	NA	NA	"CL:4030036"	"early spermatid"	"perfect match"	"SN260"	NA	3
"CTAACTTCACTGCATA"	""	"ERX6700412"	"ERP132578"	"testis"	"Spermatocytes"	NA	NA	NA	"CL:0000017"	"spermatocyte"	"perfect match"	"SN260"	NA	2
"CTAAGTGGTACGTGTT"	""	"ERX6700412"	"ERP132578"	"testis"	"Elongated_spermatids"	NA	NA	NA	"CL:4030037"	"late spermatid"	"perfect match"	"SN260"	NA	1
"CTACAGAAGTTGTAAG"	""	"ERX6700412"	"ERP132578"	"testis"	"Elongated_spermatids"	NA	NA	NA	"CL:4030037"	"late spermatid"	"perfect match"	"SN260"	NA	1
"CTACAGACACTCCCTA"	""	"ERX6700412"	"ERP132578"	"testis"	"Spermatogonia"	NA	NA	NA	"CL:0000020"	"spermatogonium"	"perfect match"	"SN260"	NA	4
"CTACAGATCGGAGATG"	""	"ERX6700412"	"ERP132578"	"testis"	"Round_spermatids"	NA	NA	NA	"CL:4030036"	"early spermatid"	"perfect match"	"SN260"	NA	3
"CTACATTAGCGGATCA"	""	"ERX6700412"	"ERP132578"	"testis"	"Other_somatic"	NA	NA	NA	"CL:0002371"	"somatic cell"	"perfect match"	"SN260"	NA	5
"CTACCCAAGATGACCG"	""	"ERX6700412"	"ERP132578"	"testis"	"Round_spermatids"	NA	NA	NA	"CL:4030036"	"early spermatid"	"perfect match"	"SN260"	NA	3
"CTACCCACACCCTGAG"	""	"ERX6700412"	"ERP132578"	"testis"	"Round_spermatids"	NA	NA	NA	"CL:4030036"	"early spermatid"	"perfect match"	"SN260"	NA	3
"CTACCCATCGATCCAA"	""	"ERX6700412"	"ERP132578"	"testis"	"Spermatogonia"	NA	NA	NA	"CL:0000020"	"spermatogonium"	"perfect match"	"SN260"	NA	4
"CTACCTGGTGTGGTCC"	""	"ERX6700412"	"ERP132578"	"testis"	"Round_spermatids"	NA	NA	NA	"CL:4030036"	"early spermatid"	"perfect match"	"SN260"	NA	3
"CTACGGGCACATCATG"	""	"ERX6700412"	"ERP132578"	"testis"	"Spermatogonia"	NA	NA	NA	"CL:0000020"	"spermatogonium"	"perfect match"	"SN260"	NA	4
"CTACGGGGTTTACTTC"	""	"ERX6700412"	"ERP132578"	"testis"	"Round_spermatids"	NA	NA	NA	"CL:4030036"	"early spermatid"	"perfect match"	"SN260"	NA	3
"CTACGGGTCGGTCTGG"	""	"ERX6700412"	"ERP132578"	"testis"	"Spermatogonia"	NA	NA	NA	"CL:0000020"	"spermatogonium"	"perfect match"	"SN260"	NA	4
"CTACTATAGACGCAGT"	""	"ERX6700412"	"ERP132578"	"testis"	"Round_spermatids"	NA	NA	NA	"CL:4030036"	"early spermatid"	"perfect match"	"SN260"	NA	3
"CTACTATAGAGGGTAA"	""	"ERX6700412"	"ERP132578"	"testis"	"Elongated_spermatids"	NA	NA	NA	"CL:4030037"	"late spermatid"	"perfect match"	"SN260"	NA	1
"CTACTATAGGAAGAAC"	""	"ERX6700412"	"ERP132578"	"testis"	"Spermatogonia"	NA	NA	NA	"CL:0000020"	"spermatogonium"	"perfect match"	"SN260"	NA	4
"CTAGACAAGTTTCAGC"	""	"ERX6700412"	"ERP132578"	"testis"	"Round_spermatids"	NA	NA	NA	"CL:4030036"	"early spermatid"	"perfect match"	"SN260"	NA	3
"CTAGACACAGGTTTAC"	""	"ERX6700412"	"ERP132578"	"testis"	"Elongated_spermatids"	NA	NA	NA	"CL:4030037"	"late spermatid"	"perfect match"	"SN260"	NA	1
"CTAGACAGTCAAGCGA"	""	"ERX6700412"	"ERP132578"	"testis"	"Round_spermatids"	NA	NA	NA	"CL:4030036"	"early spermatid"	"perfect match"	"SN260"	NA	3
"CTAGACAGTCGTGTTA"	""	"ERX6700412"	"ERP132578"	"testis"	"Spermatogonia"	NA	NA	NA	"CL:0000020"	"spermatogonium"	"perfect match"	"SN260"	NA	4
"CTAGACAGTTGGCCTG"	""	"ERX6700412"	"ERP132578"	"testis"	"Spermatogonia"	NA	NA	NA	"CL:0000020"	"spermatogonium"	"perfect match"	"SN260"	NA	4
"CTAGACATCTGGACCG"	""	"ERX6700412"	"ERP132578"	"testis"	"Elongated_spermatids"	NA	NA	NA	"CL:4030037"	"late spermatid"	"perfect match"	"SN260"	NA	1
"CTAGGTAGTCGTATGT"	""	"ERX6700412"	"ERP132578"	"testis"	"Round_spermatids"	NA	NA	NA	"CL:4030036"	"early spermatid"	"perfect match"	"SN260"	NA	3
"CTAGGTATCGGATTAC"	""	"ERX6700412"	"ERP132578"	"testis"	"Elongated_spermatids"	NA	NA	NA	"CL:4030037"	"late spermatid"	"perfect match"	"SN260"	NA	1
"CTAGGTATCTGTCCGT"	""	"ERX6700412"	"ERP132578"	"testis"	"Spermatocytes"	NA	NA	NA	"CL:0000017"	"spermatocyte"	"perfect match"	"SN260"	NA	2
"CTATAGGAGCAGCCCT"	""	"ERX6700412"	"ERP132578"	"testis"	"Elongated_spermatids"	NA	NA	NA	"CL:4030037"	"late spermatid"	"perfect match"	"SN260"	NA	1
"CTATAGGTCCATGATG"	""	"ERX6700412"	"ERP132578"	"testis"	"Round_spermatids"	NA	NA	NA	"CL:4030036"	"early spermatid"	"perfect match"	"SN260"	NA	3
"CTATAGGTCGCCGAAC"	""	"ERX6700412"	"ERP132578"	"testis"	"Spermatocytes"	NA	NA	NA	"CL:0000017"	"spermatocyte"	"perfect match"	"SN260"	NA	2
"CTATCCGAGCTAATGA"	""	"ERX6700412"	"ERP132578"	"testis"	"Round_spermatids"	NA	NA	NA	"CL:4030036"	"early spermatid"	"perfect match"	"SN260"	NA	3
"CTATCTACAAGTGGTG"	""	"ERX6700412"	"ERP132578"	"testis"	"Round_spermatids"	NA	NA	NA	"CL:4030036"	"early spermatid"	"perfect match"	"SN260"	NA	3
"CTATCTAGTCGCACAC"	""	"ERX6700412"	"ERP132578"	"testis"	"Spermatogonia"	NA	NA	NA	"CL:0000020"	"spermatogonium"	"perfect match"	"SN260"	NA	4
"CTATCTATCCTTCTGG"	""	"ERX6700412"	"ERP132578"	"testis"	"Spermatocytes"	NA	NA	NA	"CL:0000017"	"spermatocyte"	"perfect match"	"SN260"	NA	2
"CTATCTATCGAACGGA"	""	"ERX6700412"	"ERP132578"	"testis"	"Spermatogonia"	NA	NA	NA	"CL:0000020"	"spermatogonium"	"perfect match"	"SN260"	NA	4
"CTCAACCCACGTGTGC"	""	"ERX6700412"	"ERP132578"	"testis"	"Round_spermatids"	NA	NA	NA	"CL:4030036"	"early spermatid"	"perfect match"	"SN260"	NA	3
"CTCAACCTCCATAGAC"	""	"ERX6700412"	"ERP132578"	"testis"	"Round_spermatids"	NA	NA	NA	"CL:4030036"	"early spermatid"	"perfect match"	"SN260"	NA	3
"CTCAAGAAGAAGCCTG"	""	"ERX6700412"	"ERP132578"	"testis"	"Elongated_spermatids"	NA	NA	NA	"CL:4030037"	"late spermatid"	"perfect match"	"SN260"	NA	1
"CTCAAGACAACAGTGG"	""	"ERX6700412"	"ERP132578"	"testis"	"Round_spermatids"	NA	NA	NA	"CL:4030036"	"early spermatid"	"perfect match"	"SN260"	NA	3
"CTCAAGACAATAGGAT"	""	"ERX6700412"	"ERP132578"	"testis"	"Spermatocytes"	NA	NA	NA	"CL:0000017"	"spermatocyte"	"perfect match"	"SN260"	NA	2
"CTCAAGAGTCGCATTA"	""	"ERX6700412"	"ERP132578"	"testis"	"Spermatocytes"	NA	NA	NA	"CL:0000017"	"spermatocyte"	"perfect match"	"SN260"	NA	2
"CTCAAGAGTTGTTTGG"	""	"ERX6700412"	"ERP132578"	"testis"	"Round_spermatids"	NA	NA	NA	"CL:4030036"	"early spermatid"	"perfect match"	"SN260"	NA	3
"CTCAAGATCGTTCGCT"	""	"ERX6700412"	"ERP132578"	"testis"	"Round_spermatids"	NA	NA	NA	"CL:4030036"	"early spermatid"	"perfect match"	"SN260"	NA	3
"CTCAATTTCAGAGTTC"	""	"ERX6700412"	"ERP132578"	"testis"	"Elongated_spermatids"	NA	NA	NA	"CL:4030037"	"late spermatid"	"perfect match"	"SN260"	NA	1
"CTCACTGAGAGAATCT"	""	"ERX6700412"	"ERP132578"	"testis"	"Round_spermatids"	NA	NA	NA	"CL:4030036"	"early spermatid"	"perfect match"	"SN260"	NA	3
"CTCACTGAGTACAGCG"	""	"ERX6700412"	"ERP132578"	"testis"	"Elongated_spermatids"	NA	NA	NA	"CL:4030037"	"late spermatid"	"perfect match"	"SN260"	NA	1
"CTCACTGAGTTAGAAC"	""	"ERX6700412"	"ERP132578"	"testis"	"Round_spermatids"	NA	NA	NA	"CL:4030036"	"early spermatid"	"perfect match"	"SN260"	NA	3
"CTCACTGGTTGGCTAT"	""	"ERX6700412"	"ERP132578"	"testis"	"Spermatogonia"	NA	NA	NA	"CL:0000020"	"spermatogonium"	"perfect match"	"SN260"	NA	4
"CTCACTGTCCGAGGCT"	""	"ERX6700412"	"ERP132578"	"testis"	"Spermatocytes"	NA	NA	NA	"CL:0000017"	"spermatocyte"	"perfect match"	"SN260"	NA	2
"CTCAGAAAGCGTTAGG"	""	"ERX6700412"	"ERP132578"	"testis"	"Spermatogonia"	NA	NA	NA	"CL:0000020"	"spermatogonium"	"perfect match"	"SN260"	NA	4
"CTCAGAAAGGTGGGTT"	""	"ERX6700412"	"ERP132578"	"testis"	"Elongated_spermatids"	NA	NA	NA	"CL:4030037"	"late spermatid"	"perfect match"	"SN260"	NA	1
"CTCAGAACAGGTTTAC"	""	"ERX6700412"	"ERP132578"	"testis"	"Spermatocytes"	NA	NA	NA	"CL:0000017"	"spermatocyte"	"perfect match"	"SN260"	NA	2
"CTCAGAAGTCTAGGTT"	""	"ERX6700412"	"ERP132578"	"testis"	"Spermatocytes"	NA	NA	NA	"CL:0000017"	"spermatocyte"	"perfect match"	"SN260"	NA	2
"CTCAGAATCAGAGTGG"	""	"ERX6700412"	"ERP132578"	"testis"	"Round_spermatids"	NA	NA	NA	"CL:4030036"	"early spermatid"	"perfect match"	"SN260"	NA	3
"CTCAGAATCGAGAAAT"	""	"ERX6700412"	"ERP132578"	"testis"	"Spermatocytes"	NA	NA	NA	"CL:0000017"	"spermatocyte"	"perfect match"	"SN260"	NA	2
"CTCAGGGGTCCCACGA"	""	"ERX6700412"	"ERP132578"	"testis"	"Round_spermatids"	NA	NA	NA	"CL:4030036"	"early spermatid"	"perfect match"	"SN260"	NA	3
"CTCAGGGGTGGCGCTT"	""	"ERX6700412"	"ERP132578"	"testis"	"Round_spermatids"	NA	NA	NA	"CL:4030036"	"early spermatid"	"perfect match"	"SN260"	NA	3
"CTCAGGGGTTCCCACT"	""	"ERX6700412"	"ERP132578"	"testis"	"Spermatocytes"	NA	NA	NA	"CL:0000017"	"spermatocyte"	"perfect match"	"SN260"	NA	2
"CTCAGGGTCACCTACC"	""	"ERX6700412"	"ERP132578"	"testis"	"Round_spermatids"	NA	NA	NA	"CL:4030036"	"early spermatid"	"perfect match"	"SN260"	NA	3
"CTCAGGGTCTCGAGTA"	""	"ERX6700412"	"ERP132578"	"testis"	"Spermatogonia"	NA	NA	NA	"CL:0000020"	"spermatogonium"	"perfect match"	"SN260"	NA	4
"CTCAGTCGTCGGTGTC"	""	"ERX6700412"	"ERP132578"	"testis"	"Round_spermatids"	NA	NA	NA	"CL:4030036"	"early spermatid"	"perfect match"	"SN260"	NA	3
"CTCAGTCGTGTCGATT"	""	"ERX6700412"	"ERP132578"	"testis"	"Spermatocytes"	NA	NA	NA	"CL:0000017"	"spermatocyte"	"perfect match"	"SN260"	NA	2
"CTCAGTCGTTGTTGAC"	""	"ERX6700412"	"ERP132578"	"testis"	"Elongated_spermatids"	NA	NA	NA	"CL:4030037"	"late spermatid"	"perfect match"	"SN260"	NA	1
"CTCAGTCGTTTACTGG"	""	"ERX6700412"	"ERP132578"	"testis"	"Round_spermatids"	NA	NA	NA	"CL:4030036"	"early spermatid"	"perfect match"	"SN260"	NA	3
"CTCAGTCTCCATCTAT"	""	"ERX6700412"	"ERP132578"	"testis"	"Round_spermatids"	NA	NA	NA	"CL:4030036"	"early spermatid"	"perfect match"	"SN260"	NA	3
"CTCATCGAGAGGATCC"	""	"ERX6700412"	"ERP132578"	"testis"	"Round_spermatids"	NA	NA	NA	"CL:4030036"	"early spermatid"	"perfect match"	"SN260"	NA	3
"CTCATCGAGGACAGCT"	""	"ERX6700412"	"ERP132578"	"testis"	"Round_spermatids"	NA	NA	NA	"CL:4030036"	"early spermatid"	"perfect match"	"SN260"	NA	3
"CTCATCGAGTTCCGTA"	""	"ERX6700412"	"ERP132578"	"testis"	"Elongated_spermatids"	NA	NA	NA	"CL:4030037"	"late spermatid"	"perfect match"	"SN260"	NA	1
"CTCATGCAGCATGCGA"	""	"ERX6700412"	"ERP132578"	"testis"	"Round_spermatids"	NA	NA	NA	"CL:4030036"	"early spermatid"	"perfect match"	"SN260"	NA	3
"CTCATGCAGTCTTCGA"	""	"ERX6700412"	"ERP132578"	"testis"	"Round_spermatids"	NA	NA	NA	"CL:4030036"	"early spermatid"	"perfect match"	"SN260"	NA	3
"CTCATGCCACGGGTAA"	""	"ERX6700412"	"ERP132578"	"testis"	"Round_spermatids"	NA	NA	NA	"CL:4030036"	"early spermatid"	"perfect match"	"SN260"	NA	3
"CTCATGCTCCATTGGA"	""	"ERX6700412"	"ERP132578"	"testis"	"Spermatocytes"	NA	NA	NA	"CL:0000017"	"spermatocyte"	"perfect match"	"SN260"	NA	2
"CTCATTAAGCTGGTGA"	""	"ERX6700412"	"ERP132578"	"testis"	"Round_spermatids"	NA	NA	NA	"CL:4030036"	"early spermatid"	"perfect match"	"SN260"	NA	3
"CTCATTATCGCTCTCA"	""	"ERX6700412"	"ERP132578"	"testis"	"Spermatogonia"	NA	NA	NA	"CL:0000020"	"spermatogonium"	"perfect match"	"SN260"	NA	4
"CTCCAACTCGTTAGAC"	""	"ERX6700412"	"ERP132578"	"testis"	"Spermatogonia"	NA	NA	NA	"CL:0000020"	"spermatogonium"	"perfect match"	"SN260"	NA	4
"CTCCACAGTAGCGCTC"	""	"ERX6700412"	"ERP132578"	"testis"	"Elongated_spermatids"	NA	NA	NA	"CL:4030037"	"late spermatid"	"perfect match"	"SN260"	NA	1
"CTCCACATCATCTATC"	""	"ERX6700412"	"ERP132578"	"testis"	"Round_spermatids"	NA	NA	NA	"CL:4030036"	"early spermatid"	"perfect match"	"SN260"	NA	3
"CTCCACATCCTTATGT"	""	"ERX6700412"	"ERP132578"	"testis"	"Round_spermatids"	NA	NA	NA	"CL:4030036"	"early spermatid"	"perfect match"	"SN260"	NA	3
"CTCCATGAGCCATATC"	""	"ERX6700412"	"ERP132578"	"testis"	"Round_spermatids"	NA	NA	NA	"CL:4030036"	"early spermatid"	"perfect match"	"SN260"	NA	3
"CTCCATGCACTCACTC"	""	"ERX6700412"	"ERP132578"	"testis"	"Round_spermatids"	NA	NA	NA	"CL:4030036"	"early spermatid"	"perfect match"	"SN260"	NA	3
"CTCCATGCAGGTTTAC"	""	"ERX6700412"	"ERP132578"	"testis"	"Round_spermatids"	NA	NA	NA	"CL:4030036"	"early spermatid"	"perfect match"	"SN260"	NA	3
"CTCCATGGTAGGTCAG"	""	"ERX6700412"	"ERP132578"	"testis"	"Spermatocytes"	NA	NA	NA	"CL:0000017"	"spermatocyte"	"perfect match"	"SN260"	NA	2
"CTCCCAAAGTACCATC"	""	"ERX6700412"	"ERP132578"	"testis"	"Other_somatic"	NA	NA	NA	"CL:0002371"	"somatic cell"	"perfect match"	"SN260"	NA	5
"CTCCCAAGTACTAAGA"	""	"ERX6700412"	"ERP132578"	"testis"	"Round_spermatids"	NA	NA	NA	"CL:4030036"	"early spermatid"	"perfect match"	"SN260"	NA	3
"CTCCCAAGTGCAAGAC"	""	"ERX6700412"	"ERP132578"	"testis"	"Round_spermatids"	NA	NA	NA	"CL:4030036"	"early spermatid"	"perfect match"	"SN260"	NA	3
"CTCCCTCGTGGCTTGC"	""	"ERX6700412"	"ERP132578"	"testis"	"Round_spermatids"	NA	NA	NA	"CL:4030036"	"early spermatid"	"perfect match"	"SN260"	NA	3
"CTCCCTCTCCCATGGG"	""	"ERX6700412"	"ERP132578"	"testis"	"Round_spermatids"	NA	NA	NA	"CL:4030036"	"early spermatid"	"perfect match"	"SN260"	NA	3
"CTCCGATCATCCGAGC"	""	"ERX6700412"	"ERP132578"	"testis"	"Round_spermatids"	NA	NA	NA	"CL:4030036"	"early spermatid"	"perfect match"	"SN260"	NA	3
"CTCCGATGTATAGGAT"	""	"ERX6700412"	"ERP132578"	"testis"	"Spermatogonia"	NA	NA	NA	"CL:0000020"	"spermatogonium"	"perfect match"	"SN260"	NA	4
"CTCCGATGTTCAATCG"	""	"ERX6700412"	"ERP132578"	"testis"	"Elongated_spermatids"	NA	NA	NA	"CL:4030037"	"late spermatid"	"perfect match"	"SN260"	NA	1
"CTCCGATGTTGCATAC"	""	"ERX6700412"	"ERP132578"	"testis"	"Round_spermatids"	NA	NA	NA	"CL:4030036"	"early spermatid"	"perfect match"	"SN260"	NA	3
"CTCCTCCAGTAAGACT"	""	"ERX6700412"	"ERP132578"	"testis"	"Round_spermatids"	NA	NA	NA	"CL:4030036"	"early spermatid"	"perfect match"	"SN260"	NA	3
"CTCCTCCAGTATAGGT"	""	"ERX6700412"	"ERP132578"	"testis"	"Elongated_spermatids"	NA	NA	NA	"CL:4030037"	"late spermatid"	"perfect match"	"SN260"	NA	1
"CTCCTCCCAAGTGCAG"	""	"ERX6700412"	"ERP132578"	"testis"	"Round_spermatids"	NA	NA	NA	"CL:4030036"	"early spermatid"	"perfect match"	"SN260"	NA	3
"CTCCTCCGTCACTTAG"	""	"ERX6700412"	"ERP132578"	"testis"	"Round_spermatids"	NA	NA	NA	"CL:4030036"	"early spermatid"	"perfect match"	"SN260"	NA	3
"CTCCTCCGTTTAGACC"	""	"ERX6700412"	"ERP132578"	"testis"	"Elongated_spermatids"	NA	NA	NA	"CL:4030037"	"late spermatid"	"perfect match"	"SN260"	NA	1
"CTCCTCCTCTTCCAGC"	""	"ERX6700412"	"ERP132578"	"testis"	"Round_spermatids"	NA	NA	NA	"CL:4030036"	"early spermatid"	"perfect match"	"SN260"	NA	3
"CTCCTTTGTTCTCGCT"	""	"ERX6700412"	"ERP132578"	"testis"	"Spermatocytes"	NA	NA	NA	"CL:0000017"	"spermatocyte"	"perfect match"	"SN260"	NA	2
"CTCCTTTTCGCACGGT"	""	"ERX6700412"	"ERP132578"	"testis"	"Round_spermatids"	NA	NA	NA	"CL:4030036"	"early spermatid"	"perfect match"	"SN260"	NA	3
"CTCCTTTTCGGTCTAA"	""	"ERX6700412"	"ERP132578"	"testis"	"Spermatocytes"	NA	NA	NA	"CL:0000017"	"spermatocyte"	"perfect match"	"SN260"	NA	2
"CTCGAGGGTGATTGGG"	""	"ERX6700412"	"ERP132578"	"testis"	"Spermatogonia"	NA	NA	NA	"CL:0000020"	"spermatogonium"	"perfect match"	"SN260"	NA	4
"CTCGAGGGTGTGGACA"	""	"ERX6700412"	"ERP132578"	"testis"	"Spermatogonia"	NA	NA	NA	"CL:0000020"	"spermatogonium"	"perfect match"	"SN260"	NA	4
"CTCTCAGAGCTTAGTC"	""	"ERX6700412"	"ERP132578"	"testis"	"Spermatocytes"	NA	NA	NA	"CL:0000017"	"spermatocyte"	"perfect match"	"SN260"	NA	2
"CTCTCAGCAACAACAA"	""	"ERX6700412"	"ERP132578"	"testis"	"Elongated_spermatids"	NA	NA	NA	"CL:4030037"	"late spermatid"	"perfect match"	"SN260"	NA	1
"CTCTCAGCAGAGGTAC"	""	"ERX6700412"	"ERP132578"	"testis"	"Spermatocytes"	NA	NA	NA	"CL:0000017"	"spermatocyte"	"perfect match"	"SN260"	NA	2
"CTCTCAGGTACAAGCG"	""	"ERX6700412"	"ERP132578"	"testis"	"Spermatocytes"	NA	NA	NA	"CL:0000017"	"spermatocyte"	"perfect match"	"SN260"	NA	2
"CTCTCAGGTATGTCTG"	""	"ERX6700412"	"ERP132578"	"testis"	"Other_somatic"	NA	NA	NA	"CL:0002371"	"somatic cell"	"perfect match"	"SN260"	NA	5
"CTCTCAGTCGTAACTG"	""	"ERX6700412"	"ERP132578"	"testis"	"Round_spermatids"	NA	NA	NA	"CL:4030036"	"early spermatid"	"perfect match"	"SN260"	NA	3
"CTCTCGAAGTCAACAA"	""	"ERX6700412"	"ERP132578"	"testis"	"Spermatocytes"	NA	NA	NA	"CL:0000017"	"spermatocyte"	"perfect match"	"SN260"	NA	2
"CTCTCGACACGACAGA"	""	"ERX6700412"	"ERP132578"	"testis"	"Round_spermatids"	NA	NA	NA	"CL:4030036"	"early spermatid"	"perfect match"	"SN260"	NA	3
"CTCTCGACATCGATAC"	""	"ERX6700412"	"ERP132578"	"testis"	"Round_spermatids"	NA	NA	NA	"CL:4030036"	"early spermatid"	"perfect match"	"SN260"	NA	3
"CTCTCGACATGACGTT"	""	"ERX6700412"	"ERP132578"	"testis"	"Round_spermatids"	NA	NA	NA	"CL:4030036"	"early spermatid"	"perfect match"	"SN260"	NA	3
"CTCTCGAGTAGATTGA"	""	"ERX6700412"	"ERP132578"	"testis"	"Spermatogonia"	NA	NA	NA	"CL:0000020"	"spermatogonium"	"perfect match"	"SN260"	NA	4
"CTCTCGAGTGTAACGG"	""	"ERX6700412"	"ERP132578"	"testis"	"Spermatocytes"	NA	NA	NA	"CL:0000017"	"spermatocyte"	"perfect match"	"SN260"	NA	2
"CTGAATGCAGACACCC"	""	"ERX6700412"	"ERP132578"	"testis"	"Spermatogonia"	NA	NA	NA	"CL:0000020"	"spermatogonium"	"perfect match"	"SN260"	NA	4
"CTGAATGCAGTGTGGA"	""	"ERX6700412"	"ERP132578"	"testis"	"Spermatocytes"	NA	NA	NA	"CL:0000017"	"spermatocyte"	"perfect match"	"SN260"	NA	2
"CTGAGCGAGAACTGAT"	""	"ERX6700412"	"ERP132578"	"testis"	"Elongated_spermatids"	NA	NA	NA	"CL:4030037"	"late spermatid"	"perfect match"	"SN260"	NA	1
"CTGAGCGAGCCTCGTG"	""	"ERX6700412"	"ERP132578"	"testis"	"Spermatogonia"	NA	NA	NA	"CL:0000020"	"spermatogonium"	"perfect match"	"SN260"	NA	4
"CTGAGCGCAGACGGAT"	""	"ERX6700412"	"ERP132578"	"testis"	"Other_somatic"	NA	NA	NA	"CL:0002371"	"somatic cell"	"perfect match"	"SN260"	NA	5
"CTGAGCGCAGAGGGTT"	""	"ERX6700412"	"ERP132578"	"testis"	"Other_somatic"	NA	NA	NA	"CL:0002371"	"somatic cell"	"perfect match"	"SN260"	NA	5
"CTGAGCGTCTGCTTTA"	""	"ERX6700412"	"ERP132578"	"testis"	"Spermatocytes"	NA	NA	NA	"CL:0000017"	"spermatocyte"	"perfect match"	"SN260"	NA	2
"CTGAGGCAGATGTTGA"	""	"ERX6700412"	"ERP132578"	"testis"	"Spermatogonia"	NA	NA	NA	"CL:0000020"	"spermatogonium"	"perfect match"	"SN260"	NA	4
"CTGAGGCCACTTGTGA"	""	"ERX6700412"	"ERP132578"	"testis"	"Round_spermatids"	NA	NA	NA	"CL:4030036"	"early spermatid"	"perfect match"	"SN260"	NA	3
"CTGAGGCTCCAGTTCC"	""	"ERX6700412"	"ERP132578"	"testis"	"Spermatogonia"	NA	NA	NA	"CL:0000020"	"spermatogonium"	"perfect match"	"SN260"	NA	4
"CTGAGGCTCCATACTT"	""	"ERX6700412"	"ERP132578"	"testis"	"Round_spermatids"	NA	NA	NA	"CL:4030036"	"early spermatid"	"perfect match"	"SN260"	NA	3
"CTGATCCAGGATTTAG"	""	"ERX6700412"	"ERP132578"	"testis"	"Spermatogonia"	NA	NA	NA	"CL:0000020"	"spermatogonium"	"perfect match"	"SN260"	NA	4
"CTGATCCAGGTAGTCG"	""	"ERX6700412"	"ERP132578"	"testis"	"Round_spermatids"	NA	NA	NA	"CL:4030036"	"early spermatid"	"perfect match"	"SN260"	NA	3
"CTGATCCGTCAGTCTA"	""	"ERX6700412"	"ERP132578"	"testis"	"Spermatocytes"	NA	NA	NA	"CL:0000017"	"spermatocyte"	"perfect match"	"SN260"	NA	2
"CTGATCCGTCCGGTCA"	""	"ERX6700412"	"ERP132578"	"testis"	"Round_spermatids"	NA	NA	NA	"CL:4030036"	"early spermatid"	"perfect match"	"SN260"	NA	3
"CTGATCCGTGCACAAG"	""	"ERX6700412"	"ERP132578"	"testis"	"Round_spermatids"	NA	NA	NA	"CL:4030036"	"early spermatid"	"perfect match"	"SN260"	NA	3
"CTGCAGGGTCGTTCAA"	""	"ERX6700412"	"ERP132578"	"testis"	"Round_spermatids"	NA	NA	NA	"CL:4030036"	"early spermatid"	"perfect match"	"SN260"	NA	3
"CTGCAGGTCCACCCTA"	""	"ERX6700412"	"ERP132578"	"testis"	"Round_spermatids"	NA	NA	NA	"CL:4030036"	"early spermatid"	"perfect match"	"SN260"	NA	3
"CTGCAGGTCTGGACCG"	""	"ERX6700412"	"ERP132578"	"testis"	"Spermatocytes"	NA	NA	NA	"CL:0000017"	"spermatocyte"	"perfect match"	"SN260"	NA	2
"CTGCATCCACTTCATT"	""	"ERX6700412"	"ERP132578"	"testis"	"Round_spermatids"	NA	NA	NA	"CL:4030036"	"early spermatid"	"perfect match"	"SN260"	NA	3
"CTGCATCGTTGGATCT"	""	"ERX6700412"	"ERP132578"	"testis"	"Elongated_spermatids"	NA	NA	NA	"CL:4030037"	"late spermatid"	"perfect match"	"SN260"	NA	1
"CTGCATCTCAACACCA"	""	"ERX6700412"	"ERP132578"	"testis"	"Round_spermatids"	NA	NA	NA	"CL:4030036"	"early spermatid"	"perfect match"	"SN260"	NA	3
"CTGCATCTCCACGTAA"	""	"ERX6700412"	"ERP132578"	"testis"	"Spermatocytes"	NA	NA	NA	"CL:0000017"	"spermatocyte"	"perfect match"	"SN260"	NA	2
"CTGCATCTCCCGTTGT"	""	"ERX6700412"	"ERP132578"	"testis"	"Round_spermatids"	NA	NA	NA	"CL:4030036"	"early spermatid"	"perfect match"	"SN260"	NA	3
"CTGCCATAGGCCTAGA"	""	"ERX6700412"	"ERP132578"	"testis"	"Spermatocytes"	NA	NA	NA	"CL:0000017"	"spermatocyte"	"perfect match"	"SN260"	NA	2
"CTGCCATAGGTCACTT"	""	"ERX6700412"	"ERP132578"	"testis"	"Elongated_spermatids"	NA	NA	NA	"CL:4030037"	"late spermatid"	"perfect match"	"SN260"	NA	1
"CTGCCATGTCATCCGG"	""	"ERX6700412"	"ERP132578"	"testis"	"Elongated_spermatids"	NA	NA	NA	"CL:4030037"	"late spermatid"	"perfect match"	"SN260"	NA	1
"CTGCCTAAGCCGTTGC"	""	"ERX6700412"	"ERP132578"	"testis"	"Round_spermatids"	NA	NA	NA	"CL:4030036"	"early spermatid"	"perfect match"	"SN260"	NA	3
"CTGCCTAAGCTAGTTC"	""	"ERX6700412"	"ERP132578"	"testis"	"Round_spermatids"	NA	NA	NA	"CL:4030036"	"early spermatid"	"perfect match"	"SN260"	NA	3
"CTGCGAGAGATGGTAT"	""	"ERX6700412"	"ERP132578"	"testis"	"Round_spermatids"	NA	NA	NA	"CL:4030036"	"early spermatid"	"perfect match"	"SN260"	NA	3
"CTGCGAGAGTTCACTG"	""	"ERX6700412"	"ERP132578"	"testis"	"Round_spermatids"	NA	NA	NA	"CL:4030036"	"early spermatid"	"perfect match"	"SN260"	NA	3
"CTGCGAGCAAACCGGA"	""	"ERX6700412"	"ERP132578"	"testis"	"Elongated_spermatids"	NA	NA	NA	"CL:4030037"	"late spermatid"	"perfect match"	"SN260"	NA	1
"CTGCGAGTCACTTTGT"	""	"ERX6700412"	"ERP132578"	"testis"	"Spermatocytes"	NA	NA	NA	"CL:0000017"	"spermatocyte"	"perfect match"	"SN260"	NA	2
"CTGCGAGTCGCCGTGA"	""	"ERX6700412"	"ERP132578"	"testis"	"Round_spermatids"	NA	NA	NA	"CL:4030036"	"early spermatid"	"perfect match"	"SN260"	NA	3
"CTGCTCAAGTGGCGAT"	""	"ERX6700412"	"ERP132578"	"testis"	"Round_spermatids"	NA	NA	NA	"CL:4030036"	"early spermatid"	"perfect match"	"SN260"	NA	3
"CTGCTCAGTGTTATCG"	""	"ERX6700412"	"ERP132578"	"testis"	"Elongated_spermatids"	NA	NA	NA	"CL:4030037"	"late spermatid"	"perfect match"	"SN260"	NA	1
"CTGCTCATCCTCATAT"	""	"ERX6700412"	"ERP132578"	"testis"	"Other_somatic"	NA	NA	NA	"CL:0002371"	"somatic cell"	"perfect match"	"SN260"	NA	5
"CTGGACGAGAATACAC"	""	"ERX6700412"	"ERP132578"	"testis"	"Spermatocytes"	NA	NA	NA	"CL:0000017"	"spermatocyte"	"perfect match"	"SN260"	NA	2
"CTGGACGAGGTTGACG"	""	"ERX6700412"	"ERP132578"	"testis"	"Elongated_spermatids"	NA	NA	NA	"CL:4030037"	"late spermatid"	"perfect match"	"SN260"	NA	1
"CTGGACGCACCTCTAC"	""	"ERX6700412"	"ERP132578"	"testis"	"Round_spermatids"	NA	NA	NA	"CL:4030036"	"early spermatid"	"perfect match"	"SN260"	NA	3
"CTGGCAGAGTGGACGT"	""	"ERX6700412"	"ERP132578"	"testis"	"Spermatogonia"	NA	NA	NA	"CL:0000020"	"spermatogonium"	"perfect match"	"SN260"	NA	4
"CTGGCAGGTTCGTAAC"	""	"ERX6700412"	"ERP132578"	"testis"	"Round_spermatids"	NA	NA	NA	"CL:4030036"	"early spermatid"	"perfect match"	"SN260"	NA	3
"CTGGCAGTCACACGAT"	""	"ERX6700412"	"ERP132578"	"testis"	"Round_spermatids"	NA	NA	NA	"CL:4030036"	"early spermatid"	"perfect match"	"SN260"	NA	3
"CTGGTCTTCATCGACA"	""	"ERX6700412"	"ERP132578"	"testis"	"Spermatogonia"	NA	NA	NA	"CL:0000020"	"spermatogonium"	"perfect match"	"SN260"	NA	4
"CTGGTCTTCTAGTGTG"	""	"ERX6700412"	"ERP132578"	"testis"	"Round_spermatids"	NA	NA	NA	"CL:4030036"	"early spermatid"	"perfect match"	"SN260"	NA	3
"CTGTACCAGCATCCTA"	""	"ERX6700412"	"ERP132578"	"testis"	"Round_spermatids"	NA	NA	NA	"CL:4030036"	"early spermatid"	"perfect match"	"SN260"	NA	3
"CTGTACCGTTATGGTC"	""	"ERX6700412"	"ERP132578"	"testis"	"Round_spermatids"	NA	NA	NA	"CL:4030036"	"early spermatid"	"perfect match"	"SN260"	NA	3
"CTGTACCTCAAGTGTC"	""	"ERX6700412"	"ERP132578"	"testis"	"Spermatogonia"	NA	NA	NA	"CL:0000020"	"spermatogonium"	"perfect match"	"SN260"	NA	4
"CTGTACCTCCACTGGG"	""	"ERX6700412"	"ERP132578"	"testis"	"Round_spermatids"	NA	NA	NA	"CL:4030036"	"early spermatid"	"perfect match"	"SN260"	NA	3
"CTGTAGAAGACTAGAT"	""	"ERX6700412"	"ERP132578"	"testis"	"Round_spermatids"	NA	NA	NA	"CL:4030036"	"early spermatid"	"perfect match"	"SN260"	NA	3
"CTGTAGAAGTAAACGT"	""	"ERX6700412"	"ERP132578"	"testis"	"Elongated_spermatids"	NA	NA	NA	"CL:4030037"	"late spermatid"	"perfect match"	"SN260"	NA	1
"CTGTAGACAAGAGGCT"	""	"ERX6700412"	"ERP132578"	"testis"	"Round_spermatids"	NA	NA	NA	"CL:4030036"	"early spermatid"	"perfect match"	"SN260"	NA	3
"CTGTAGACAATCTCGA"	""	"ERX6700412"	"ERP132578"	"testis"	"Spermatocytes"	NA	NA	NA	"CL:0000017"	"spermatocyte"	"perfect match"	"SN260"	NA	2
"CTGTATTGTCCTGAAT"	""	"ERX6700412"	"ERP132578"	"testis"	"Spermatocytes"	NA	NA	NA	"CL:0000017"	"spermatocyte"	"perfect match"	"SN260"	NA	2
"CTGTCGTTCGTAGAGG"	""	"ERX6700412"	"ERP132578"	"testis"	"Spermatocytes"	NA	NA	NA	"CL:0000017"	"spermatocyte"	"perfect match"	"SN260"	NA	2
"CTGTGAACAATCACGT"	""	"ERX6700412"	"ERP132578"	"testis"	"Round_spermatids"	NA	NA	NA	"CL:4030036"	"early spermatid"	"perfect match"	"SN260"	NA	3
"CTGTGAAGTACGATGG"	""	"ERX6700412"	"ERP132578"	"testis"	"Spermatocytes"	NA	NA	NA	"CL:0000017"	"spermatocyte"	"perfect match"	"SN260"	NA	2
"CTGTGAATCATTACTC"	""	"ERX6700412"	"ERP132578"	"testis"	"Elongated_spermatids"	NA	NA	NA	"CL:4030037"	"late spermatid"	"perfect match"	"SN260"	NA	1
"CTGTGAATCCACCTCA"	""	"ERX6700412"	"ERP132578"	"testis"	"Spermatocytes"	NA	NA	NA	"CL:0000017"	"spermatocyte"	"perfect match"	"SN260"	NA	2
"CTGTGGGCACCTGAAT"	""	"ERX6700412"	"ERP132578"	"testis"	"Spermatogonia"	NA	NA	NA	"CL:0000020"	"spermatogonium"	"perfect match"	"SN260"	NA	4
"CTGTGGGGTAAGATAC"	""	"ERX6700412"	"ERP132578"	"testis"	"Spermatocytes"	NA	NA	NA	"CL:0000017"	"spermatocyte"	"perfect match"	"SN260"	NA	2
"CTGTGGGGTGAGGCAT"	""	"ERX6700412"	"ERP132578"	"testis"	"Elongated_spermatids"	NA	NA	NA	"CL:4030037"	"late spermatid"	"perfect match"	"SN260"	NA	1
"CTGTGGGGTGGATCAG"	""	"ERX6700412"	"ERP132578"	"testis"	"Spermatogonia"	NA	NA	NA	"CL:0000020"	"spermatogonium"	"perfect match"	"SN260"	NA	4
"CTGTGGGTCAGGCGAA"	""	"ERX6700412"	"ERP132578"	"testis"	"Round_spermatids"	NA	NA	NA	"CL:4030036"	"early spermatid"	"perfect match"	"SN260"	NA	3
"CTGTGGGTCTTAGCCC"	""	"ERX6700412"	"ERP132578"	"testis"	"Round_spermatids"	NA	NA	NA	"CL:4030036"	"early spermatid"	"perfect match"	"SN260"	NA	3
"CTTACCGAGCTGACTT"	""	"ERX6700412"	"ERP132578"	"testis"	"Elongated_spermatids"	NA	NA	NA	"CL:4030037"	"late spermatid"	"perfect match"	"SN260"	NA	1
"CTTACCGCATGATGCT"	""	"ERX6700412"	"ERP132578"	"testis"	"Elongated_spermatids"	NA	NA	NA	"CL:4030037"	"late spermatid"	"perfect match"	"SN260"	NA	1
"CTTACCGTCGCCACTT"	""	"ERX6700412"	"ERP132578"	"testis"	"Round_spermatids"	NA	NA	NA	"CL:4030036"	"early spermatid"	"perfect match"	"SN260"	NA	3
"CTTAGGAAGTCTACCA"	""	"ERX6700412"	"ERP132578"	"testis"	"Elongated_spermatids"	NA	NA	NA	"CL:4030037"	"late spermatid"	"perfect match"	"SN260"	NA	1
"CTTAGGACACACCGAC"	""	"ERX6700412"	"ERP132578"	"testis"	"Round_spermatids"	NA	NA	NA	"CL:4030036"	"early spermatid"	"perfect match"	"SN260"	NA	3
"CTTAGGACACCAGCGT"	""	"ERX6700412"	"ERP132578"	"testis"	"Round_spermatids"	NA	NA	NA	"CL:4030036"	"early spermatid"	"perfect match"	"SN260"	NA	3
"CTTAGGATCGTCCATC"	""	"ERX6700412"	"ERP132578"	"testis"	"Elongated_spermatids"	NA	NA	NA	"CL:4030037"	"late spermatid"	"perfect match"	"SN260"	NA	1
"CTTAGGATCTGCCCTA"	""	"ERX6700412"	"ERP132578"	"testis"	"Round_spermatids"	NA	NA	NA	"CL:4030036"	"early spermatid"	"perfect match"	"SN260"	NA	3
"CTTAGGATCTTCGGTC"	""	"ERX6700412"	"ERP132578"	"testis"	"Spermatocytes"	NA	NA	NA	"CL:0000017"	"spermatocyte"	"perfect match"	"SN260"	NA	2
"CTTCAATAGCTCGACC"	""	"ERX6700412"	"ERP132578"	"testis"	"Round_spermatids"	NA	NA	NA	"CL:4030036"	"early spermatid"	"perfect match"	"SN260"	NA	3
"CTTCAATAGGTCGTCC"	""	"ERX6700412"	"ERP132578"	"testis"	"Elongated_spermatids"	NA	NA	NA	"CL:4030037"	"late spermatid"	"perfect match"	"SN260"	NA	1
"CTTCAATGTGATAGAT"	""	"ERX6700412"	"ERP132578"	"testis"	"Round_spermatids"	NA	NA	NA	"CL:4030036"	"early spermatid"	"perfect match"	"SN260"	NA	3
"CTTCCGAAGCATAGGC"	""	"ERX6700412"	"ERP132578"	"testis"	"Round_spermatids"	NA	NA	NA	"CL:4030036"	"early spermatid"	"perfect match"	"SN260"	NA	3
"CTTCCTTAGTTCGCAT"	""	"ERX6700412"	"ERP132578"	"testis"	"Elongated_spermatids"	NA	NA	NA	"CL:4030037"	"late spermatid"	"perfect match"	"SN260"	NA	1
"CTTCCTTCATTGCTTT"	""	"ERX6700412"	"ERP132578"	"testis"	"Elongated_spermatids"	NA	NA	NA	"CL:4030037"	"late spermatid"	"perfect match"	"SN260"	NA	1
"CTTCGGTCACGCTGCA"	""	"ERX6700412"	"ERP132578"	"testis"	"Other_somatic"	NA	NA	NA	"CL:0002371"	"somatic cell"	"perfect match"	"SN260"	NA	5
"CTTCGGTCAGCTTTGA"	""	"ERX6700412"	"ERP132578"	"testis"	"Round_spermatids"	NA	NA	NA	"CL:4030036"	"early spermatid"	"perfect match"	"SN260"	NA	3
"CTTCGGTGTAGCTTAC"	""	"ERX6700412"	"ERP132578"	"testis"	"Elongated_spermatids"	NA	NA	NA	"CL:4030037"	"late spermatid"	"perfect match"	"SN260"	NA	1
"CTTCTAACAATGTGGG"	""	"ERX6700412"	"ERP132578"	"testis"	"Round_spermatids"	NA	NA	NA	"CL:4030036"	"early spermatid"	"perfect match"	"SN260"	NA	3
"CTTCTCTGTATCCCTC"	""	"ERX6700412"	"ERP132578"	"testis"	"Spermatocytes"	NA	NA	NA	"CL:0000017"	"spermatocyte"	"perfect match"	"SN260"	NA	2
"CTTCTCTGTTTGGAGG"	""	"ERX6700412"	"ERP132578"	"testis"	"Round_spermatids"	NA	NA	NA	"CL:4030036"	"early spermatid"	"perfect match"	"SN260"	NA	3
"CTTCTCTTCATCGGGC"	""	"ERX6700412"	"ERP132578"	"testis"	"Round_spermatids"	NA	NA	NA	"CL:4030036"	"early spermatid"	"perfect match"	"SN260"	NA	3
"CTTCTCTTCCTAGCTC"	""	"ERX6700412"	"ERP132578"	"testis"	"Elongated_spermatids"	NA	NA	NA	"CL:4030037"	"late spermatid"	"perfect match"	"SN260"	NA	1
"CTTCTCTTCGGTAACT"	""	"ERX6700412"	"ERP132578"	"testis"	"Elongated_spermatids"	NA	NA	NA	"CL:4030037"	"late spermatid"	"perfect match"	"SN260"	NA	1
"CTTGAGACAAGAATGT"	""	"ERX6700412"	"ERP132578"	"testis"	"Round_spermatids"	NA	NA	NA	"CL:4030036"	"early spermatid"	"perfect match"	"SN260"	NA	3
"CTTGAGACATTGCTGA"	""	"ERX6700412"	"ERP132578"	"testis"	"Elongated_spermatids"	NA	NA	NA	"CL:4030037"	"late spermatid"	"perfect match"	"SN260"	NA	1
"CTTGAGAGTACGGGAT"	""	"ERX6700412"	"ERP132578"	"testis"	"Spermatogonia"	NA	NA	NA	"CL:0000020"	"spermatogonium"	"perfect match"	"SN260"	NA	4
"CTTGAGATCATCTCTA"	""	"ERX6700412"	"ERP132578"	"testis"	"Elongated_spermatids"	NA	NA	NA	"CL:4030037"	"late spermatid"	"perfect match"	"SN260"	NA	1
"CTTGAGATCTTAGCAG"	""	"ERX6700412"	"ERP132578"	"testis"	"Spermatocytes"	NA	NA	NA	"CL:0000017"	"spermatocyte"	"perfect match"	"SN260"	NA	2
"CTTGATTAGGTACTGG"	""	"ERX6700412"	"ERP132578"	"testis"	"Spermatocytes"	NA	NA	NA	"CL:0000017"	"spermatocyte"	"perfect match"	"SN260"	NA	2
"CTTGATTGTCGTTGCG"	""	"ERX6700412"	"ERP132578"	"testis"	"Spermatogonia"	NA	NA	NA	"CL:0000020"	"spermatogonium"	"perfect match"	"SN260"	NA	4
"CTTGATTGTGTACGCC"	""	"ERX6700412"	"ERP132578"	"testis"	"Spermatogonia"	NA	NA	NA	"CL:0000020"	"spermatogonium"	"perfect match"	"SN260"	NA	4
"CTTGATTTCAGGGATG"	""	"ERX6700412"	"ERP132578"	"testis"	"Round_spermatids"	NA	NA	NA	"CL:4030036"	"early spermatid"	"perfect match"	"SN260"	NA	3
"CTTTCAACACTCCCTA"	""	"ERX6700412"	"ERP132578"	"testis"	"Round_spermatids"	NA	NA	NA	"CL:4030036"	"early spermatid"	"perfect match"	"SN260"	NA	3
"CTTTCAAGTTAGGCTT"	""	"ERX6700412"	"ERP132578"	"testis"	"Round_spermatids"	NA	NA	NA	"CL:4030036"	"early spermatid"	"perfect match"	"SN260"	NA	3
"CTTTCAAGTTCTCTCG"	""	"ERX6700412"	"ERP132578"	"testis"	"Round_spermatids"	NA	NA	NA	"CL:4030036"	"early spermatid"	"perfect match"	"SN260"	NA	3
"CTTTCAAGTTCTTGTT"	""	"ERX6700412"	"ERP132578"	"testis"	"Elongated_spermatids"	NA	NA	NA	"CL:4030037"	"late spermatid"	"perfect match"	"SN260"	NA	1
"CTTTCAATCCTTCAGC"	""	"ERX6700412"	"ERP132578"	"testis"	"Round_spermatids"	NA	NA	NA	"CL:4030036"	"early spermatid"	"perfect match"	"SN260"	NA	3
"CTTTCGGAGCCTCAGC"	""	"ERX6700412"	"ERP132578"	"testis"	"Round_spermatids"	NA	NA	NA	"CL:4030036"	"early spermatid"	"perfect match"	"SN260"	NA	3
"CTTTCGGTCTTCTAAC"	""	"ERX6700412"	"ERP132578"	"testis"	"Elongated_spermatids"	NA	NA	NA	"CL:4030037"	"late spermatid"	"perfect match"	"SN260"	NA	1
"GAAACCTCACGCTGAC"	""	"ERX6700412"	"ERP132578"	"testis"	"Round_spermatids"	NA	NA	NA	"CL:4030036"	"early spermatid"	"perfect match"	"SN260"	NA	3
"GAAATGAAGGAGTCTG"	""	"ERX6700412"	"ERP132578"	"testis"	"Spermatocytes"	NA	NA	NA	"CL:0000017"	"spermatocyte"	"perfect match"	"SN260"	NA	2
"GAAATGACAATAGTGA"	""	"ERX6700412"	"ERP132578"	"testis"	"Round_spermatids"	NA	NA	NA	"CL:4030036"	"early spermatid"	"perfect match"	"SN260"	NA	3
"GAAATGACACTCTAGA"	""	"ERX6700412"	"ERP132578"	"testis"	"Round_spermatids"	NA	NA	NA	"CL:4030036"	"early spermatid"	"perfect match"	"SN260"	NA	3
"GAAATGATCATTCGGA"	""	"ERX6700412"	"ERP132578"	"testis"	"Spermatocytes"	NA	NA	NA	"CL:0000017"	"spermatocyte"	"perfect match"	"SN260"	NA	2
"GAACACTCATGGCTGC"	""	"ERX6700412"	"ERP132578"	"testis"	"Elongated_spermatids"	NA	NA	NA	"CL:4030037"	"late spermatid"	"perfect match"	"SN260"	NA	1
"GAACACTGTGAATTAG"	""	"ERX6700412"	"ERP132578"	"testis"	"Round_spermatids"	NA	NA	NA	"CL:4030036"	"early spermatid"	"perfect match"	"SN260"	NA	3
"GAACACTTCAGATTGC"	""	"ERX6700412"	"ERP132578"	"testis"	"Round_spermatids"	NA	NA	NA	"CL:4030036"	"early spermatid"	"perfect match"	"SN260"	NA	3
"GAACGTTAGCCAGTAG"	""	"ERX6700412"	"ERP132578"	"testis"	"Spermatocytes"	NA	NA	NA	"CL:0000017"	"spermatocyte"	"perfect match"	"SN260"	NA	2
"GAACGTTTCTCCGCAT"	""	"ERX6700412"	"ERP132578"	"testis"	"Elongated_spermatids"	NA	NA	NA	"CL:4030037"	"late spermatid"	"perfect match"	"SN260"	NA	1
"GAACTGTAGGCTTCCG"	""	"ERX6700412"	"ERP132578"	"testis"	"Round_spermatids"	NA	NA	NA	"CL:4030036"	"early spermatid"	"perfect match"	"SN260"	NA	3
"GAACTGTCAGCATACT"	""	"ERX6700412"	"ERP132578"	"testis"	"Spermatogonia"	NA	NA	NA	"CL:0000020"	"spermatogonium"	"perfect match"	"SN260"	NA	4
"GAACTGTTCACTGTCC"	""	"ERX6700412"	"ERP132578"	"testis"	"Round_spermatids"	NA	NA	NA	"CL:4030036"	"early spermatid"	"perfect match"	"SN260"	NA	3
"GAACTGTTCGTAGGGA"	""	"ERX6700412"	"ERP132578"	"testis"	"Round_spermatids"	NA	NA	NA	"CL:4030036"	"early spermatid"	"perfect match"	"SN260"	NA	3
"GAAGAATAGATTGACA"	""	"ERX6700412"	"ERP132578"	"testis"	"Elongated_spermatids"	NA	NA	NA	"CL:4030037"	"late spermatid"	"perfect match"	"SN260"	NA	1
"GAAGAATAGCAGTCTT"	""	"ERX6700412"	"ERP132578"	"testis"	"Round_spermatids"	NA	NA	NA	"CL:4030036"	"early spermatid"	"perfect match"	"SN260"	NA	3
"GAAGAATTCAAGCCAT"	""	"ERX6700412"	"ERP132578"	"testis"	"Round_spermatids"	NA	NA	NA	"CL:4030036"	"early spermatid"	"perfect match"	"SN260"	NA	3
"GAAGAATTCACCGACG"	""	"ERX6700412"	"ERP132578"	"testis"	"Round_spermatids"	NA	NA	NA	"CL:4030036"	"early spermatid"	"perfect match"	"SN260"	NA	3
"GAAGCGAAGCTACTAC"	""	"ERX6700412"	"ERP132578"	"testis"	"Round_spermatids"	NA	NA	NA	"CL:4030036"	"early spermatid"	"perfect match"	"SN260"	NA	3
"GAAGCGACAATTGAAG"	""	"ERX6700412"	"ERP132578"	"testis"	"Elongated_spermatids"	NA	NA	NA	"CL:4030037"	"late spermatid"	"perfect match"	"SN260"	NA	1
"GAAGCGAGTTGCTCGG"	""	"ERX6700412"	"ERP132578"	"testis"	"Round_spermatids"	NA	NA	NA	"CL:4030036"	"early spermatid"	"perfect match"	"SN260"	NA	3
"GAAGCGATCGGCCCAA"	""	"ERX6700412"	"ERP132578"	"testis"	"Round_spermatids"	NA	NA	NA	"CL:4030036"	"early spermatid"	"perfect match"	"SN260"	NA	3
"GAAGCGATCTCGGTAA"	""	"ERX6700412"	"ERP132578"	"testis"	"Spermatocytes"	NA	NA	NA	"CL:0000017"	"spermatocyte"	"perfect match"	"SN260"	NA	2
"GAAGGACAGAGTTGTA"	""	"ERX6700412"	"ERP132578"	"testis"	"Spermatocytes"	NA	NA	NA	"CL:0000017"	"spermatocyte"	"perfect match"	"SN260"	NA	2
"GAAGGACCACGACTAT"	""	"ERX6700412"	"ERP132578"	"testis"	"Elongated_spermatids"	NA	NA	NA	"CL:4030037"	"late spermatid"	"perfect match"	"SN260"	NA	1
"GAAGGACCACTCAGAT"	""	"ERX6700412"	"ERP132578"	"testis"	"Round_spermatids"	NA	NA	NA	"CL:4030036"	"early spermatid"	"perfect match"	"SN260"	NA	3
"GAAGGACTCCGTGTCT"	""	"ERX6700412"	"ERP132578"	"testis"	"Round_spermatids"	NA	NA	NA	"CL:4030036"	"early spermatid"	"perfect match"	"SN260"	NA	3
"GAAGGGTCAAGAATAC"	""	"ERX6700412"	"ERP132578"	"testis"	"Round_spermatids"	NA	NA	NA	"CL:4030036"	"early spermatid"	"perfect match"	"SN260"	NA	3
"GAAGGGTCACGGTCTG"	""	"ERX6700412"	"ERP132578"	"testis"	"Elongated_spermatids"	NA	NA	NA	"CL:4030037"	"late spermatid"	"perfect match"	"SN260"	NA	1
"GAAGGGTTCCTTGAAG"	""	"ERX6700412"	"ERP132578"	"testis"	"Round_spermatids"	NA	NA	NA	"CL:4030036"	"early spermatid"	"perfect match"	"SN260"	NA	3
"GAAGTAAAGCGATGCA"	""	"ERX6700412"	"ERP132578"	"testis"	"Spermatocytes"	NA	NA	NA	"CL:0000017"	"spermatocyte"	"perfect match"	"SN260"	NA	2
"GAAGTAACAACACGTT"	""	"ERX6700412"	"ERP132578"	"testis"	"Round_spermatids"	NA	NA	NA	"CL:4030036"	"early spermatid"	"perfect match"	"SN260"	NA	3
"GAAGTAACACTGGAAG"	""	"ERX6700412"	"ERP132578"	"testis"	"Elongated_spermatids"	NA	NA	NA	"CL:4030037"	"late spermatid"	"perfect match"	"SN260"	NA	1
"GAAGTAATCCAACTGA"	""	"ERX6700412"	"ERP132578"	"testis"	"Elongated_spermatids"	NA	NA	NA	"CL:4030037"	"late spermatid"	"perfect match"	"SN260"	NA	1
"GAATAGAAGCCGTTAT"	""	"ERX6700412"	"ERP132578"	"testis"	"Spermatogonia"	NA	NA	NA	"CL:0000020"	"spermatogonium"	"perfect match"	"SN260"	NA	4
"GAATAGAGTCCTCCAT"	""	"ERX6700412"	"ERP132578"	"testis"	"Spermatocytes"	NA	NA	NA	"CL:0000017"	"spermatocyte"	"perfect match"	"SN260"	NA	2
"GAATCACAGCCGATTT"	""	"ERX6700412"	"ERP132578"	"testis"	"Elongated_spermatids"	NA	NA	NA	"CL:4030037"	"late spermatid"	"perfect match"	"SN260"	NA	1
"GAATCACAGTTGAAAC"	""	"ERX6700412"	"ERP132578"	"testis"	"Spermatocytes"	NA	NA	NA	"CL:0000017"	"spermatocyte"	"perfect match"	"SN260"	NA	2
"GAATCACCAAATGAGT"	""	"ERX6700412"	"ERP132578"	"testis"	"Spermatocytes"	NA	NA	NA	"CL:0000017"	"spermatocyte"	"perfect match"	"SN260"	NA	2
"GAATCACCAAGGTTGG"	""	"ERX6700412"	"ERP132578"	"testis"	"Round_spermatids"	NA	NA	NA	"CL:4030036"	"early spermatid"	"perfect match"	"SN260"	NA	3
"GAATCACGTGATTCAC"	""	"ERX6700412"	"ERP132578"	"testis"	"Round_spermatids"	NA	NA	NA	"CL:4030036"	"early spermatid"	"perfect match"	"SN260"	NA	3
"GAATCACTCCACACAA"	""	"ERX6700412"	"ERP132578"	"testis"	"Round_spermatids"	NA	NA	NA	"CL:4030036"	"early spermatid"	"perfect match"	"SN260"	NA	3
"GAATCACTCGGTCACG"	""	"ERX6700412"	"ERP132578"	"testis"	"Round_spermatids"	NA	NA	NA	"CL:4030036"	"early spermatid"	"perfect match"	"SN260"	NA	3
"GACACGCAGAGGATCC"	""	"ERX6700412"	"ERP132578"	"testis"	"Round_spermatids"	NA	NA	NA	"CL:4030036"	"early spermatid"	"perfect match"	"SN260"	NA	3
"GACACGCCACTTGGGC"	""	"ERX6700412"	"ERP132578"	"testis"	"Round_spermatids"	NA	NA	NA	"CL:4030036"	"early spermatid"	"perfect match"	"SN260"	NA	3
"GACACGCTCAAACGTC"	""	"ERX6700412"	"ERP132578"	"testis"	"Elongated_spermatids"	NA	NA	NA	"CL:4030037"	"late spermatid"	"perfect match"	"SN260"	NA	1
"GACATCACAGTTGTCA"	""	"ERX6700412"	"ERP132578"	"testis"	"Round_spermatids"	NA	NA	NA	"CL:4030036"	"early spermatid"	"perfect match"	"SN260"	NA	3
"GACATCATCACCATGA"	""	"ERX6700412"	"ERP132578"	"testis"	"Elongated_spermatids"	NA	NA	NA	"CL:4030037"	"late spermatid"	"perfect match"	"SN260"	NA	1
"GACCAATAGTTGCATC"	""	"ERX6700412"	"ERP132578"	"testis"	"Spermatocytes"	NA	NA	NA	"CL:0000017"	"spermatocyte"	"perfect match"	"SN260"	NA	2
"GACCAATCAATGGGTG"	""	"ERX6700412"	"ERP132578"	"testis"	"Spermatocytes"	NA	NA	NA	"CL:0000017"	"spermatocyte"	"perfect match"	"SN260"	NA	2
"GACCAATGTCTCAAGT"	""	"ERX6700412"	"ERP132578"	"testis"	"Round_spermatids"	NA	NA	NA	"CL:4030036"	"early spermatid"	"perfect match"	"SN260"	NA	3
"GACCAATGTGTAACGG"	""	"ERX6700412"	"ERP132578"	"testis"	"Round_spermatids"	NA	NA	NA	"CL:4030036"	"early spermatid"	"perfect match"	"SN260"	NA	3
"GACCCAGAGGGCAGAG"	""	"ERX6700412"	"ERP132578"	"testis"	"Spermatogonia"	NA	NA	NA	"CL:0000020"	"spermatogonium"	"perfect match"	"SN260"	NA	4
"GACCCAGAGTCGCCAC"	""	"ERX6700412"	"ERP132578"	"testis"	"Elongated_spermatids"	NA	NA	NA	"CL:4030037"	"late spermatid"	"perfect match"	"SN260"	NA	1
"GACCCAGGTGCAGATG"	""	"ERX6700412"	"ERP132578"	"testis"	"Round_spermatids"	NA	NA	NA	"CL:4030036"	"early spermatid"	"perfect match"	"SN260"	NA	3
"GACCCAGTCCCTCGAT"	""	"ERX6700412"	"ERP132578"	"testis"	"Round_spermatids"	NA	NA	NA	"CL:4030036"	"early spermatid"	"perfect match"	"SN260"	NA	3
"GACCCAGTCGTGGCTG"	""	"ERX6700412"	"ERP132578"	"testis"	"Spermatocytes"	NA	NA	NA	"CL:0000017"	"spermatocyte"	"perfect match"	"SN260"	NA	2
"GACCCTTAGACATATG"	""	"ERX6700412"	"ERP132578"	"testis"	"Round_spermatids"	NA	NA	NA	"CL:4030036"	"early spermatid"	"perfect match"	"SN260"	NA	3
"GACCCTTAGGTACATA"	""	"ERX6700412"	"ERP132578"	"testis"	"Round_spermatids"	NA	NA	NA	"CL:4030036"	"early spermatid"	"perfect match"	"SN260"	NA	3
"GACCCTTGTCACATTG"	""	"ERX6700412"	"ERP132578"	"testis"	"Round_spermatids"	NA	NA	NA	"CL:4030036"	"early spermatid"	"perfect match"	"SN260"	NA	3
"GACCCTTGTCCTCCTA"	""	"ERX6700412"	"ERP132578"	"testis"	"Round_spermatids"	NA	NA	NA	"CL:4030036"	"early spermatid"	"perfect match"	"SN260"	NA	3
"GACCGTGGTGCCTGCA"	""	"ERX6700412"	"ERP132578"	"testis"	"Round_spermatids"	NA	NA	NA	"CL:4030036"	"early spermatid"	"perfect match"	"SN260"	NA	3
"GACCGTGGTGCGCTCA"	""	"ERX6700412"	"ERP132578"	"testis"	"Elongated_spermatids"	NA	NA	NA	"CL:4030037"	"late spermatid"	"perfect match"	"SN260"	NA	1
"GACCTTCAGCCTATCA"	""	"ERX6700412"	"ERP132578"	"testis"	"Spermatocytes"	NA	NA	NA	"CL:0000017"	"spermatocyte"	"perfect match"	"SN260"	NA	2
"GACCTTCAGGGCAACT"	""	"ERX6700412"	"ERP132578"	"testis"	"Round_spermatids"	NA	NA	NA	"CL:4030036"	"early spermatid"	"perfect match"	"SN260"	NA	3
"GACCTTCCAACTCATG"	""	"ERX6700412"	"ERP132578"	"testis"	"Other_somatic"	NA	NA	NA	"CL:0002371"	"somatic cell"	"perfect match"	"SN260"	NA	5
"GACCTTCTCACTCACC"	""	"ERX6700412"	"ERP132578"	"testis"	"Elongated_spermatids"	NA	NA	NA	"CL:4030037"	"late spermatid"	"perfect match"	"SN260"	NA	1
"GACGCTGCACGAGGTA"	""	"ERX6700412"	"ERP132578"	"testis"	"Round_spermatids"	NA	NA	NA	"CL:4030036"	"early spermatid"	"perfect match"	"SN260"	NA	3
"GACGTTAAGAAGGATG"	""	"ERX6700412"	"ERP132578"	"testis"	"Round_spermatids"	NA	NA	NA	"CL:4030036"	"early spermatid"	"perfect match"	"SN260"	NA	3
"GACGTTAAGACCTCAT"	""	"ERX6700412"	"ERP132578"	"testis"	"Other_somatic"	NA	NA	NA	"CL:0002371"	"somatic cell"	"perfect match"	"SN260"	NA	5
"GACGTTAGTCGTCTCT"	""	"ERX6700412"	"ERP132578"	"testis"	"Round_spermatids"	NA	NA	NA	"CL:4030036"	"early spermatid"	"perfect match"	"SN260"	NA	3
"GACGTTAGTGACATCT"	""	"ERX6700412"	"ERP132578"	"testis"	"Elongated_spermatids"	NA	NA	NA	"CL:4030037"	"late spermatid"	"perfect match"	"SN260"	NA	1
"GACGTTATCCCTCTTT"	""	"ERX6700412"	"ERP132578"	"testis"	"Round_spermatids"	NA	NA	NA	"CL:4030036"	"early spermatid"	"perfect match"	"SN260"	NA	3
"GACGTTATCCGCTTAC"	""	"ERX6700412"	"ERP132578"	"testis"	"Spermatogonia"	NA	NA	NA	"CL:0000020"	"spermatogonium"	"perfect match"	"SN260"	NA	4
"GACGTTATCGCTGTCT"	""	"ERX6700412"	"ERP132578"	"testis"	"Spermatocytes"	NA	NA	NA	"CL:0000017"	"spermatocyte"	"perfect match"	"SN260"	NA	2
"GACTCAAAGTTGCTGT"	""	"ERX6700412"	"ERP132578"	"testis"	"Round_spermatids"	NA	NA	NA	"CL:4030036"	"early spermatid"	"perfect match"	"SN260"	NA	3
"GACTCAAGTGGCTGAA"	""	"ERX6700412"	"ERP132578"	"testis"	"Round_spermatids"	NA	NA	NA	"CL:4030036"	"early spermatid"	"perfect match"	"SN260"	NA	3
"GACTCTCAGAGGGTAA"	""	"ERX6700412"	"ERP132578"	"testis"	"Round_spermatids"	NA	NA	NA	"CL:4030036"	"early spermatid"	"perfect match"	"SN260"	NA	3
"GACTCTCAGTGCAGCA"	""	"ERX6700412"	"ERP132578"	"testis"	"Round_spermatids"	NA	NA	NA	"CL:4030036"	"early spermatid"	"perfect match"	"SN260"	NA	3
"GACTCTCCATCGGTTA"	""	"ERX6700412"	"ERP132578"	"testis"	"Spermatocytes"	NA	NA	NA	"CL:0000017"	"spermatocyte"	"perfect match"	"SN260"	NA	2
"GACTCTCGTCACAGTT"	""	"ERX6700412"	"ERP132578"	"testis"	"Elongated_spermatids"	NA	NA	NA	"CL:4030037"	"late spermatid"	"perfect match"	"SN260"	NA	1
"GACTCTCGTGAATGTA"	""	"ERX6700412"	"ERP132578"	"testis"	"Spermatocytes"	NA	NA	NA	"CL:0000017"	"spermatocyte"	"perfect match"	"SN260"	NA	2
"GACTCTCTCTCTGCCA"	""	"ERX6700412"	"ERP132578"	"testis"	"Round_spermatids"	NA	NA	NA	"CL:4030036"	"early spermatid"	"perfect match"	"SN260"	NA	3
"GACTCTCTCTGCATAG"	""	"ERX6700412"	"ERP132578"	"testis"	"Spermatocytes"	NA	NA	NA	"CL:0000017"	"spermatocyte"	"perfect match"	"SN260"	NA	2
"GACTGATAGGGAACAA"	""	"ERX6700412"	"ERP132578"	"testis"	"Spermatocytes"	NA	NA	NA	"CL:0000017"	"spermatocyte"	"perfect match"	"SN260"	NA	2
"GACTGATGTTAAGAAC"	""	"ERX6700412"	"ERP132578"	"testis"	"Round_spermatids"	NA	NA	NA	"CL:4030036"	"early spermatid"	"perfect match"	"SN260"	NA	3
"GACTGATTCTCCGAGG"	""	"ERX6700412"	"ERP132578"	"testis"	"Round_spermatids"	NA	NA	NA	"CL:4030036"	"early spermatid"	"perfect match"	"SN260"	NA	3
"GAGAAATAGGCTAGCA"	""	"ERX6700412"	"ERP132578"	"testis"	"Spermatocytes"	NA	NA	NA	"CL:0000017"	"spermatocyte"	"perfect match"	"SN260"	NA	2
"GAGAAATCAAGCGAGT"	""	"ERX6700412"	"ERP132578"	"testis"	"Round_spermatids"	NA	NA	NA	"CL:4030036"	"early spermatid"	"perfect match"	"SN260"	NA	3
"GAGAAATCAAGTCATC"	""	"ERX6700412"	"ERP132578"	"testis"	"Spermatocytes"	NA	NA	NA	"CL:0000017"	"spermatocyte"	"perfect match"	"SN260"	NA	2
"GAGAAATCAATTCTCT"	""	"ERX6700412"	"ERP132578"	"testis"	"Elongated_spermatids"	NA	NA	NA	"CL:4030037"	"late spermatid"	"perfect match"	"SN260"	NA	1
"GAGAAATCACGAGGTA"	""	"ERX6700412"	"ERP132578"	"testis"	"Round_spermatids"	NA	NA	NA	"CL:4030036"	"early spermatid"	"perfect match"	"SN260"	NA	3
"GAGAAATGTATCCTCC"	""	"ERX6700412"	"ERP132578"	"testis"	"Spermatocytes"	NA	NA	NA	"CL:0000017"	"spermatocyte"	"perfect match"	"SN260"	NA	2
"GAGAAATGTTGGACCC"	""	"ERX6700412"	"ERP132578"	"testis"	"Elongated_spermatids"	NA	NA	NA	"CL:4030037"	"late spermatid"	"perfect match"	"SN260"	NA	1
"GAGAAATTCGGTCTAA"	""	"ERX6700412"	"ERP132578"	"testis"	"Round_spermatids"	NA	NA	NA	"CL:4030036"	"early spermatid"	"perfect match"	"SN260"	NA	3
"GAGACCCAGTTGCATC"	""	"ERX6700412"	"ERP132578"	"testis"	"Spermatocytes"	NA	NA	NA	"CL:0000017"	"spermatocyte"	"perfect match"	"SN260"	NA	2
"GAGACCCCATAGGTTC"	""	"ERX6700412"	"ERP132578"	"testis"	"Elongated_spermatids"	NA	NA	NA	"CL:4030037"	"late spermatid"	"perfect match"	"SN260"	NA	1
"GAGACCCGTTGAGAGC"	""	"ERX6700412"	"ERP132578"	"testis"	"Spermatocytes"	NA	NA	NA	"CL:0000017"	"spermatocyte"	"perfect match"	"SN260"	NA	2
"GAGACCCGTTGTATGC"	""	"ERX6700412"	"ERP132578"	"testis"	"Spermatocytes"	NA	NA	NA	"CL:0000017"	"spermatocyte"	"perfect match"	"SN260"	NA	2
"GAGACTTAGTATTAGG"	""	"ERX6700412"	"ERP132578"	"testis"	"Round_spermatids"	NA	NA	NA	"CL:4030036"	"early spermatid"	"perfect match"	"SN260"	NA	3
"GAGACTTCAGGCTACC"	""	"ERX6700412"	"ERP132578"	"testis"	"Round_spermatids"	NA	NA	NA	"CL:4030036"	"early spermatid"	"perfect match"	"SN260"	NA	3
"GAGACTTTCATTGCCC"	""	"ERX6700412"	"ERP132578"	"testis"	"Spermatocytes"	NA	NA	NA	"CL:0000017"	"spermatocyte"	"perfect match"	"SN260"	NA	2
"GAGAGGTCAGAGACTG"	""	"ERX6700412"	"ERP132578"	"testis"	"Round_spermatids"	NA	NA	NA	"CL:4030036"	"early spermatid"	"perfect match"	"SN260"	NA	3
"GAGAGGTTCAGACCGC"	""	"ERX6700412"	"ERP132578"	"testis"	"Round_spermatids"	NA	NA	NA	"CL:4030036"	"early spermatid"	"perfect match"	"SN260"	NA	3
"GAGATGGAGGATACGC"	""	"ERX6700412"	"ERP132578"	"testis"	"Round_spermatids"	NA	NA	NA	"CL:4030036"	"early spermatid"	"perfect match"	"SN260"	NA	3
"GAGATGGAGTAGTCTC"	""	"ERX6700412"	"ERP132578"	"testis"	"Round_spermatids"	NA	NA	NA	"CL:4030036"	"early spermatid"	"perfect match"	"SN260"	NA	3
"GAGATGGCAACAAGTA"	""	"ERX6700412"	"ERP132578"	"testis"	"Elongated_spermatids"	NA	NA	NA	"CL:4030037"	"late spermatid"	"perfect match"	"SN260"	NA	1
"GAGATGGCAGTGCGCT"	""	"ERX6700412"	"ERP132578"	"testis"	"Spermatogonia"	NA	NA	NA	"CL:0000020"	"spermatogonium"	"perfect match"	"SN260"	NA	4
"GAGCCTGTCAAGCGTT"	""	"ERX6700412"	"ERP132578"	"testis"	"Spermatocytes"	NA	NA	NA	"CL:0000017"	"spermatocyte"	"perfect match"	"SN260"	NA	2
"GAGCCTGTCCAATCTT"	""	"ERX6700412"	"ERP132578"	"testis"	"Elongated_spermatids"	NA	NA	NA	"CL:4030037"	"late spermatid"	"perfect match"	"SN260"	NA	1
"GAGCCTGTCCACTGAA"	""	"ERX6700412"	"ERP132578"	"testis"	"Spermatocytes"	NA	NA	NA	"CL:0000017"	"spermatocyte"	"perfect match"	"SN260"	NA	2
"GAGCCTGTCGGAGTGA"	""	"ERX6700412"	"ERP132578"	"testis"	"Spermatocytes"	NA	NA	NA	"CL:0000017"	"spermatocyte"	"perfect match"	"SN260"	NA	2
"GAGCTGCCAAAGAGTT"	""	"ERX6700412"	"ERP132578"	"testis"	"Round_spermatids"	NA	NA	NA	"CL:4030036"	"early spermatid"	"perfect match"	"SN260"	NA	3
"GAGCTGCGTACAAGTA"	""	"ERX6700412"	"ERP132578"	"testis"	"Spermatocytes"	NA	NA	NA	"CL:0000017"	"spermatocyte"	"perfect match"	"SN260"	NA	2
"GAGCTGCGTGTTGCCG"	""	"ERX6700412"	"ERP132578"	"testis"	"Round_spermatids"	NA	NA	NA	"CL:4030036"	"early spermatid"	"perfect match"	"SN260"	NA	3
"GAGGCAAAGACCAGCA"	""	"ERX6700412"	"ERP132578"	"testis"	"Spermatogonia"	NA	NA	NA	"CL:0000020"	"spermatogonium"	"perfect match"	"SN260"	NA	4
"GAGGCAAAGGCCTAGA"	""	"ERX6700412"	"ERP132578"	"testis"	"Spermatogonia"	NA	NA	NA	"CL:0000020"	"spermatogonium"	"perfect match"	"SN260"	NA	4
"GAGGCAAAGTACTGTC"	""	"ERX6700412"	"ERP132578"	"testis"	"Spermatogonia"	NA	NA	NA	"CL:0000020"	"spermatogonium"	"perfect match"	"SN260"	NA	4
"GAGGCAACAAGTCCAT"	""	"ERX6700412"	"ERP132578"	"testis"	"Round_spermatids"	NA	NA	NA	"CL:4030036"	"early spermatid"	"perfect match"	"SN260"	NA	3
"GAGGCAACAGACTCTA"	""	"ERX6700412"	"ERP132578"	"testis"	"Round_spermatids"	NA	NA	NA	"CL:4030036"	"early spermatid"	"perfect match"	"SN260"	NA	3
"GAGGCAACATCAGTCA"	""	"ERX6700412"	"ERP132578"	"testis"	"Round_spermatids"	NA	NA	NA	"CL:4030036"	"early spermatid"	"perfect match"	"SN260"	NA	3
"GAGGCAATCTCGTGAA"	""	"ERX6700412"	"ERP132578"	"testis"	"Round_spermatids"	NA	NA	NA	"CL:4030036"	"early spermatid"	"perfect match"	"SN260"	NA	3
"GAGGCCTAGATGTTGA"	""	"ERX6700412"	"ERP132578"	"testis"	"Elongated_spermatids"	NA	NA	NA	"CL:4030037"	"late spermatid"	"perfect match"	"SN260"	NA	1
"GAGGCCTAGTCGGCAA"	""	"ERX6700412"	"ERP132578"	"testis"	"Spermatogonia"	NA	NA	NA	"CL:0000020"	"spermatogonium"	"perfect match"	"SN260"	NA	4
"GAGGCCTAGTCTGGTT"	""	"ERX6700412"	"ERP132578"	"testis"	"Round_spermatids"	NA	NA	NA	"CL:4030036"	"early spermatid"	"perfect match"	"SN260"	NA	3
"GAGGCCTCAGACCCGT"	""	"ERX6700412"	"ERP132578"	"testis"	"Round_spermatids"	NA	NA	NA	"CL:4030036"	"early spermatid"	"perfect match"	"SN260"	NA	3
"GAGGGATAGCGCCTTG"	""	"ERX6700412"	"ERP132578"	"testis"	"Spermatocytes"	NA	NA	NA	"CL:0000017"	"spermatocyte"	"perfect match"	"SN260"	NA	2
"GAGGGATAGTAACCTC"	""	"ERX6700412"	"ERP132578"	"testis"	"Elongated_spermatids"	NA	NA	NA	"CL:4030037"	"late spermatid"	"perfect match"	"SN260"	NA	1
"GAGGGATCAACTACGT"	""	"ERX6700412"	"ERP132578"	"testis"	"Round_spermatids"	NA	NA	NA	"CL:4030036"	"early spermatid"	"perfect match"	"SN260"	NA	3
"GAGGGATGTCATCCCT"	""	"ERX6700412"	"ERP132578"	"testis"	"Spermatogonia"	NA	NA	NA	"CL:0000020"	"spermatogonium"	"perfect match"	"SN260"	NA	4
"GAGGGTAAGAGAGCCT"	""	"ERX6700412"	"ERP132578"	"testis"	"Spermatogonia"	NA	NA	NA	"CL:0000020"	"spermatogonium"	"perfect match"	"SN260"	NA	4
"GAGGGTAAGGACTAAT"	""	"ERX6700412"	"ERP132578"	"testis"	"Spermatogonia"	NA	NA	NA	"CL:0000020"	"spermatogonium"	"perfect match"	"SN260"	NA	4
"GAGGGTAAGTGGACGT"	""	"ERX6700412"	"ERP132578"	"testis"	"Other_somatic"	NA	NA	NA	"CL:0002371"	"somatic cell"	"perfect match"	"SN260"	NA	5
"GAGGGTACACAGAGAC"	""	"ERX6700412"	"ERP132578"	"testis"	"Round_spermatids"	NA	NA	NA	"CL:4030036"	"early spermatid"	"perfect match"	"SN260"	NA	3
"GAGGGTACATCGCCTT"	""	"ERX6700412"	"ERP132578"	"testis"	"Round_spermatids"	NA	NA	NA	"CL:4030036"	"early spermatid"	"perfect match"	"SN260"	NA	3
"GAGTCATCAAATTGCC"	""	"ERX6700412"	"ERP132578"	"testis"	"Spermatogonia"	NA	NA	NA	"CL:0000020"	"spermatogonium"	"perfect match"	"SN260"	NA	4
"GAGTCATGTAATGATG"	""	"ERX6700412"	"ERP132578"	"testis"	"Spermatocytes"	NA	NA	NA	"CL:0000017"	"spermatocyte"	"perfect match"	"SN260"	NA	2
"GAGTCATGTGTAACGG"	""	"ERX6700412"	"ERP132578"	"testis"	"Round_spermatids"	NA	NA	NA	"CL:4030036"	"early spermatid"	"perfect match"	"SN260"	NA	3
"GAGTCTAAGACTAAGT"	""	"ERX6700412"	"ERP132578"	"testis"	"Elongated_spermatids"	NA	NA	NA	"CL:4030037"	"late spermatid"	"perfect match"	"SN260"	NA	1
"GAGTCTAAGCTAAGTA"	""	"ERX6700412"	"ERP132578"	"testis"	"Round_spermatids"	NA	NA	NA	"CL:4030036"	"early spermatid"	"perfect match"	"SN260"	NA	3
"GAGTCTAGTCACCGAC"	""	"ERX6700412"	"ERP132578"	"testis"	"Round_spermatids"	NA	NA	NA	"CL:4030036"	"early spermatid"	"perfect match"	"SN260"	NA	3
"GAGTCTAGTCTAGGCC"	""	"ERX6700412"	"ERP132578"	"testis"	"Round_spermatids"	NA	NA	NA	"CL:4030036"	"early spermatid"	"perfect match"	"SN260"	NA	3
"GAGTGAGCAGAGTGTG"	""	"ERX6700412"	"ERP132578"	"testis"	"Round_spermatids"	NA	NA	NA	"CL:4030036"	"early spermatid"	"perfect match"	"SN260"	NA	3
"GAGTGAGTCGACCATA"	""	"ERX6700412"	"ERP132578"	"testis"	"Round_spermatids"	NA	NA	NA	"CL:4030036"	"early spermatid"	"perfect match"	"SN260"	NA	3
"GAGTGTTAGTGCAAAT"	""	"ERX6700412"	"ERP132578"	"testis"	"Spermatocytes"	NA	NA	NA	"CL:0000017"	"spermatocyte"	"perfect match"	"SN260"	NA	2
"GAGTGTTTCTGCATAG"	""	"ERX6700412"	"ERP132578"	"testis"	"Spermatogonia"	NA	NA	NA	"CL:0000020"	"spermatogonium"	"perfect match"	"SN260"	NA	4
"GAGTTACAGCTGGAGT"	""	"ERX6700412"	"ERP132578"	"testis"	"Spermatogonia"	NA	NA	NA	"CL:0000020"	"spermatogonium"	"perfect match"	"SN260"	NA	4
"GAGTTACTCAACGTGT"	""	"ERX6700412"	"ERP132578"	"testis"	"Spermatocytes"	NA	NA	NA	"CL:0000017"	"spermatocyte"	"perfect match"	"SN260"	NA	2
"GAGTTGTAGGGCAAGG"	""	"ERX6700412"	"ERP132578"	"testis"	"Round_spermatids"	NA	NA	NA	"CL:4030036"	"early spermatid"	"perfect match"	"SN260"	NA	3
"GAGTTGTCAAGTTCGT"	""	"ERX6700412"	"ERP132578"	"testis"	"Spermatocytes"	NA	NA	NA	"CL:0000017"	"spermatocyte"	"perfect match"	"SN260"	NA	2
"GAGTTGTGTCAACGCC"	""	"ERX6700412"	"ERP132578"	"testis"	"Spermatocytes"	NA	NA	NA	"CL:0000017"	"spermatocyte"	"perfect match"	"SN260"	NA	2
"GAGTTGTGTTGGTACT"	""	"ERX6700412"	"ERP132578"	"testis"	"Round_spermatids"	NA	NA	NA	"CL:4030036"	"early spermatid"	"perfect match"	"SN260"	NA	3
"GAGTTGTTCGTGTGGC"	""	"ERX6700412"	"ERP132578"	"testis"	"Spermatocytes"	NA	NA	NA	"CL:0000017"	"spermatocyte"	"perfect match"	"SN260"	NA	2
"GAGTTTGGTAGACTGG"	""	"ERX6700412"	"ERP132578"	"testis"	"Spermatocytes"	NA	NA	NA	"CL:0000017"	"spermatocyte"	"perfect match"	"SN260"	NA	2
"GAGTTTGGTATTCCTT"	""	"ERX6700412"	"ERP132578"	"testis"	"Round_spermatids"	NA	NA	NA	"CL:4030036"	"early spermatid"	"perfect match"	"SN260"	NA	3
"GATAGAAAGTGCTCGC"	""	"ERX6700412"	"ERP132578"	"testis"	"Spermatogonia"	NA	NA	NA	"CL:0000020"	"spermatogonium"	"perfect match"	"SN260"	NA	4
"GATAGAAGTTTAGTCG"	""	"ERX6700412"	"ERP132578"	"testis"	"Elongated_spermatids"	NA	NA	NA	"CL:4030037"	"late spermatid"	"perfect match"	"SN260"	NA	1
"GATAGCTGTAGGGAGG"	""	"ERX6700412"	"ERP132578"	"testis"	"Other_somatic"	NA	NA	NA	"CL:0002371"	"somatic cell"	"perfect match"	"SN260"	NA	5
"GATAGCTTCTCGTGAA"	""	"ERX6700412"	"ERP132578"	"testis"	"Spermatogonia"	NA	NA	NA	"CL:0000020"	"spermatogonium"	"perfect match"	"SN260"	NA	4
"GATCACACACTTCTCG"	""	"ERX6700412"	"ERP132578"	"testis"	"Elongated_spermatids"	NA	NA	NA	"CL:4030037"	"late spermatid"	"perfect match"	"SN260"	NA	1
"GATCACATCGTAGTCA"	""	"ERX6700412"	"ERP132578"	"testis"	"Round_spermatids"	NA	NA	NA	"CL:4030036"	"early spermatid"	"perfect match"	"SN260"	NA	3
"GATCACATCTAAGAAG"	""	"ERX6700412"	"ERP132578"	"testis"	"Elongated_spermatids"	NA	NA	NA	"CL:4030037"	"late spermatid"	"perfect match"	"SN260"	NA	1
"GATCAGTCAGCACGAA"	""	"ERX6700412"	"ERP132578"	"testis"	"Round_spermatids"	NA	NA	NA	"CL:4030036"	"early spermatid"	"perfect match"	"SN260"	NA	3
"GATCAGTGTCGGTGTC"	""	"ERX6700412"	"ERP132578"	"testis"	"Elongated_spermatids"	NA	NA	NA	"CL:4030037"	"late spermatid"	"perfect match"	"SN260"	NA	1
"GATCAGTTCGTTCATT"	""	"ERX6700412"	"ERP132578"	"testis"	"Round_spermatids"	NA	NA	NA	"CL:4030036"	"early spermatid"	"perfect match"	"SN260"	NA	3
"GATCATGAGTGGAATT"	""	"ERX6700412"	"ERP132578"	"testis"	"Other_somatic"	NA	NA	NA	"CL:0002371"	"somatic cell"	"perfect match"	"SN260"	NA	5
"GATCATGGTGTAGCAG"	""	"ERX6700412"	"ERP132578"	"testis"	"Elongated_spermatids"	NA	NA	NA	"CL:4030037"	"late spermatid"	"perfect match"	"SN260"	NA	1
"GATCATGGTTGACGGA"	""	"ERX6700412"	"ERP132578"	"testis"	"Round_spermatids"	NA	NA	NA	"CL:4030036"	"early spermatid"	"perfect match"	"SN260"	NA	3
"GATCATGTCCGCCTAT"	""	"ERX6700412"	"ERP132578"	"testis"	"Spermatocytes"	NA	NA	NA	"CL:0000017"	"spermatocyte"	"perfect match"	"SN260"	NA	2
"GATCATGTCGAACGCC"	""	"ERX6700412"	"ERP132578"	"testis"	"Spermatogonia"	NA	NA	NA	"CL:0000020"	"spermatogonium"	"perfect match"	"SN260"	NA	4
"GATCCCTCACCAAAGG"	""	"ERX6700412"	"ERP132578"	"testis"	"Round_spermatids"	NA	NA	NA	"CL:4030036"	"early spermatid"	"perfect match"	"SN260"	NA	3
"GATCCCTGTCTGTCAA"	""	"ERX6700412"	"ERP132578"	"testis"	"Spermatocytes"	NA	NA	NA	"CL:0000017"	"spermatocyte"	"perfect match"	"SN260"	NA	2
"GATCGTAGTCCTGAAT"	""	"ERX6700412"	"ERP132578"	"testis"	"Spermatocytes"	NA	NA	NA	"CL:0000017"	"spermatocyte"	"perfect match"	"SN260"	NA	2
"GATCGTATCTATACTC"	""	"ERX6700412"	"ERP132578"	"testis"	"Round_spermatids"	NA	NA	NA	"CL:4030036"	"early spermatid"	"perfect match"	"SN260"	NA	3
"GATGACTAGGTCCTGC"	""	"ERX6700412"	"ERP132578"	"testis"	"Elongated_spermatids"	NA	NA	NA	"CL:4030037"	"late spermatid"	"perfect match"	"SN260"	NA	1
"GATGACTCAGTCAGAG"	""	"ERX6700412"	"ERP132578"	"testis"	"Round_spermatids"	NA	NA	NA	"CL:4030036"	"early spermatid"	"perfect match"	"SN260"	NA	3
"GATGACTGTACTGGGA"	""	"ERX6700412"	"ERP132578"	"testis"	"Round_spermatids"	NA	NA	NA	"CL:4030036"	"early spermatid"	"perfect match"	"SN260"	NA	3
"GATGAGGAGGTCATAA"	""	"ERX6700412"	"ERP132578"	"testis"	"Round_spermatids"	NA	NA	NA	"CL:4030036"	"early spermatid"	"perfect match"	"SN260"	NA	3
"GATGAGGGTTGGGCCT"	""	"ERX6700412"	"ERP132578"	"testis"	"Round_spermatids"	NA	NA	NA	"CL:4030036"	"early spermatid"	"perfect match"	"SN260"	NA	3
"GATGATCAGTGGAAGA"	""	"ERX6700412"	"ERP132578"	"testis"	"Round_spermatids"	NA	NA	NA	"CL:4030036"	"early spermatid"	"perfect match"	"SN260"	NA	3
"GATGATCTCCCGGTAG"	""	"ERX6700412"	"ERP132578"	"testis"	"Round_spermatids"	NA	NA	NA	"CL:4030036"	"early spermatid"	"perfect match"	"SN260"	NA	3
"GATGATCTCCTAGCCT"	""	"ERX6700412"	"ERP132578"	"testis"	"Elongated_spermatids"	NA	NA	NA	"CL:4030037"	"late spermatid"	"perfect match"	"SN260"	NA	1
"GATGCTAAGTCCGTCG"	""	"ERX6700412"	"ERP132578"	"testis"	"Round_spermatids"	NA	NA	NA	"CL:4030036"	"early spermatid"	"perfect match"	"SN260"	NA	3
"GATGCTACATCCAACA"	""	"ERX6700412"	"ERP132578"	"testis"	"Spermatocytes"	NA	NA	NA	"CL:0000017"	"spermatocyte"	"perfect match"	"SN260"	NA	2
"GATGCTAGTATTTCCT"	""	"ERX6700412"	"ERP132578"	"testis"	"Round_spermatids"	NA	NA	NA	"CL:4030036"	"early spermatid"	"perfect match"	"SN260"	NA	3
"GATGGAGCAATTGAGA"	""	"ERX6700412"	"ERP132578"	"testis"	"Spermatocytes"	NA	NA	NA	"CL:0000017"	"spermatocyte"	"perfect match"	"SN260"	NA	2
"GATGGAGCACGGTCTG"	""	"ERX6700412"	"ERP132578"	"testis"	"Spermatogonia"	NA	NA	NA	"CL:0000020"	"spermatogonium"	"perfect match"	"SN260"	NA	4
"GATGGAGCATCGATGT"	""	"ERX6700412"	"ERP132578"	"testis"	"Round_spermatids"	NA	NA	NA	"CL:4030036"	"early spermatid"	"perfect match"	"SN260"	NA	3
"GATGGAGGTGAACCGA"	""	"ERX6700412"	"ERP132578"	"testis"	"Round_spermatids"	NA	NA	NA	"CL:4030036"	"early spermatid"	"perfect match"	"SN260"	NA	3
"GATGTTGGTATGGGAC"	""	"ERX6700412"	"ERP132578"	"testis"	"Round_spermatids"	NA	NA	NA	"CL:4030036"	"early spermatid"	"perfect match"	"SN260"	NA	3
"GATGTTGGTGCAACAG"	""	"ERX6700412"	"ERP132578"	"testis"	"Round_spermatids"	NA	NA	NA	"CL:4030036"	"early spermatid"	"perfect match"	"SN260"	NA	3
"GATTCGAAGTACTGTC"	""	"ERX6700412"	"ERP132578"	"testis"	"Round_spermatids"	NA	NA	NA	"CL:4030036"	"early spermatid"	"perfect match"	"SN260"	NA	3
"GATTCGAGTATCCCTC"	""	"ERX6700412"	"ERP132578"	"testis"	"Other_somatic"	NA	NA	NA	"CL:0002371"	"somatic cell"	"perfect match"	"SN260"	NA	5
"GATTCGAGTTTATGCG"	""	"ERX6700412"	"ERP132578"	"testis"	"Spermatogonia"	NA	NA	NA	"CL:0000020"	"spermatogonium"	"perfect match"	"SN260"	NA	4
"GATTCTTAGACTAAGT"	""	"ERX6700412"	"ERP132578"	"testis"	"Elongated_spermatids"	NA	NA	NA	"CL:4030037"	"late spermatid"	"perfect match"	"SN260"	NA	1
"GATTCTTCAAGCGCAA"	""	"ERX6700412"	"ERP132578"	"testis"	"Round_spermatids"	NA	NA	NA	"CL:4030036"	"early spermatid"	"perfect match"	"SN260"	NA	3
"GATTTCTAGCAGCACA"	""	"ERX6700412"	"ERP132578"	"testis"	"Round_spermatids"	NA	NA	NA	"CL:4030036"	"early spermatid"	"perfect match"	"SN260"	NA	3
"GATTTCTGTGTTACTG"	""	"ERX6700412"	"ERP132578"	"testis"	"Spermatocytes"	NA	NA	NA	"CL:0000017"	"spermatocyte"	"perfect match"	"SN260"	NA	2
"GATTTCTTCAAACCCA"	""	"ERX6700412"	"ERP132578"	"testis"	"Round_spermatids"	NA	NA	NA	"CL:4030036"	"early spermatid"	"perfect match"	"SN260"	NA	3
"GCAACATTCGTGCACG"	""	"ERX6700412"	"ERP132578"	"testis"	"Elongated_spermatids"	NA	NA	NA	"CL:4030037"	"late spermatid"	"perfect match"	"SN260"	NA	1
"GCAACCGAGGTACATA"	""	"ERX6700412"	"ERP132578"	"testis"	"Round_spermatids"	NA	NA	NA	"CL:4030036"	"early spermatid"	"perfect match"	"SN260"	NA	3
"GCAACCGCAAACACCT"	""	"ERX6700412"	"ERP132578"	"testis"	"Elongated_spermatids"	NA	NA	NA	"CL:4030037"	"late spermatid"	"perfect match"	"SN260"	NA	1
"GCAACCGCAAGAATAC"	""	"ERX6700412"	"ERP132578"	"testis"	"Round_spermatids"	NA	NA	NA	"CL:4030036"	"early spermatid"	"perfect match"	"SN260"	NA	3
"GCAACCGGTCGCATGC"	""	"ERX6700412"	"ERP132578"	"testis"	"Spermatocytes"	NA	NA	NA	"CL:0000017"	"spermatocyte"	"perfect match"	"SN260"	NA	2
"GCAACCGGTTCTCTCG"	""	"ERX6700412"	"ERP132578"	"testis"	"Spermatocytes"	NA	NA	NA	"CL:0000017"	"spermatocyte"	"perfect match"	"SN260"	NA	2
"GCAACCGGTTGCTAGT"	""	"ERX6700412"	"ERP132578"	"testis"	"Spermatocytes"	NA	NA	NA	"CL:0000017"	"spermatocyte"	"perfect match"	"SN260"	NA	2
"GCAACCGTCGCAAGAG"	""	"ERX6700412"	"ERP132578"	"testis"	"Round_spermatids"	NA	NA	NA	"CL:4030036"	"early spermatid"	"perfect match"	"SN260"	NA	3
"GCAACCGTCTTGGGCG"	""	"ERX6700412"	"ERP132578"	"testis"	"Round_spermatids"	NA	NA	NA	"CL:4030036"	"early spermatid"	"perfect match"	"SN260"	NA	3
"GCACATAAGCTAGAAT"	""	"ERX6700412"	"ERP132578"	"testis"	"Spermatocytes"	NA	NA	NA	"CL:0000017"	"spermatocyte"	"perfect match"	"SN260"	NA	2
"GCACATAAGCTTAGTC"	""	"ERX6700412"	"ERP132578"	"testis"	"Round_spermatids"	NA	NA	NA	"CL:4030036"	"early spermatid"	"perfect match"	"SN260"	NA	3
"GCACATACAGGTGAGT"	""	"ERX6700412"	"ERP132578"	"testis"	"Spermatocytes"	NA	NA	NA	"CL:0000017"	"spermatocyte"	"perfect match"	"SN260"	NA	2
"GCACATAGTACCCGCA"	""	"ERX6700412"	"ERP132578"	"testis"	"Round_spermatids"	NA	NA	NA	"CL:4030036"	"early spermatid"	"perfect match"	"SN260"	NA	3
"GCACGGTCACCCTAGG"	""	"ERX6700412"	"ERP132578"	"testis"	"Round_spermatids"	NA	NA	NA	"CL:4030036"	"early spermatid"	"perfect match"	"SN260"	NA	3
"GCACGGTCAGGCATGA"	""	"ERX6700412"	"ERP132578"	"testis"	"Round_spermatids"	NA	NA	NA	"CL:4030036"	"early spermatid"	"perfect match"	"SN260"	NA	3
"GCACGGTCAGGTAGTG"	""	"ERX6700412"	"ERP132578"	"testis"	"Round_spermatids"	NA	NA	NA	"CL:4030036"	"early spermatid"	"perfect match"	"SN260"	NA	3
"GCACGTGGTTACGATC"	""	"ERX6700412"	"ERP132578"	"testis"	"Round_spermatids"	NA	NA	NA	"CL:4030036"	"early spermatid"	"perfect match"	"SN260"	NA	3
"GCACGTGTCTGGGCCA"	""	"ERX6700412"	"ERP132578"	"testis"	"Round_spermatids"	NA	NA	NA	"CL:4030036"	"early spermatid"	"perfect match"	"SN260"	NA	3
"GCACTAAAGGAGAGTA"	""	"ERX6700412"	"ERP132578"	"testis"	"Spermatocytes"	NA	NA	NA	"CL:0000017"	"spermatocyte"	"perfect match"	"SN260"	NA	2
"GCACTAACACCAATTG"	""	"ERX6700412"	"ERP132578"	"testis"	"Round_spermatids"	NA	NA	NA	"CL:4030036"	"early spermatid"	"perfect match"	"SN260"	NA	3
"GCACTAAGTACTTGTG"	""	"ERX6700412"	"ERP132578"	"testis"	"Spermatocytes"	NA	NA	NA	"CL:0000017"	"spermatocyte"	"perfect match"	"SN260"	NA	2
"GCACTAAGTCGAAACG"	""	"ERX6700412"	"ERP132578"	"testis"	"Spermatocytes"	NA	NA	NA	"CL:0000017"	"spermatocyte"	"perfect match"	"SN260"	NA	2
"GCACTAATCAGCTGTA"	""	"ERX6700412"	"ERP132578"	"testis"	"Round_spermatids"	NA	NA	NA	"CL:4030036"	"early spermatid"	"perfect match"	"SN260"	NA	3
"GCACTAATCAGTGTTG"	""	"ERX6700412"	"ERP132578"	"testis"	"Spermatocytes"	NA	NA	NA	"CL:0000017"	"spermatocyte"	"perfect match"	"SN260"	NA	2
"GCACTAATCGAGTCTA"	""	"ERX6700412"	"ERP132578"	"testis"	"Round_spermatids"	NA	NA	NA	"CL:4030036"	"early spermatid"	"perfect match"	"SN260"	NA	3
"GCAGCCAAGGTGGTTG"	""	"ERX6700412"	"ERP132578"	"testis"	"Round_spermatids"	NA	NA	NA	"CL:4030036"	"early spermatid"	"perfect match"	"SN260"	NA	3
"GCAGCCATCATCGTAG"	""	"ERX6700412"	"ERP132578"	"testis"	"Round_spermatids"	NA	NA	NA	"CL:4030036"	"early spermatid"	"perfect match"	"SN260"	NA	3
"GCAGCCATCGAGAACG"	""	"ERX6700412"	"ERP132578"	"testis"	"Round_spermatids"	NA	NA	NA	"CL:4030036"	"early spermatid"	"perfect match"	"SN260"	NA	3
"GCAGCTGCAAAGAGTT"	""	"ERX6700412"	"ERP132578"	"testis"	"Round_spermatids"	NA	NA	NA	"CL:4030036"	"early spermatid"	"perfect match"	"SN260"	NA	3
"GCAGCTGGTTTGGGAG"	""	"ERX6700412"	"ERP132578"	"testis"	"Round_spermatids"	NA	NA	NA	"CL:4030036"	"early spermatid"	"perfect match"	"SN260"	NA	3
"GCAGGCTAGTGGTTAA"	""	"ERX6700412"	"ERP132578"	"testis"	"Round_spermatids"	NA	NA	NA	"CL:4030036"	"early spermatid"	"perfect match"	"SN260"	NA	3
"GCAGGCTTCCGTGTGG"	""	"ERX6700412"	"ERP132578"	"testis"	"Round_spermatids"	NA	NA	NA	"CL:4030036"	"early spermatid"	"perfect match"	"SN260"	NA	3
"GCAGTTAAGTCCGCGT"	""	"ERX6700412"	"ERP132578"	"testis"	"Round_spermatids"	NA	NA	NA	"CL:4030036"	"early spermatid"	"perfect match"	"SN260"	NA	3
"GCAGTTAGTCGTACAT"	""	"ERX6700412"	"ERP132578"	"testis"	"Round_spermatids"	NA	NA	NA	"CL:4030036"	"early spermatid"	"perfect match"	"SN260"	NA	3
"GCAGTTAGTCGTTATG"	""	"ERX6700412"	"ERP132578"	"testis"	"Spermatocytes"	NA	NA	NA	"CL:0000017"	"spermatocyte"	"perfect match"	"SN260"	NA	2
"GCATCGGCAGTTGTCA"	""	"ERX6700412"	"ERP132578"	"testis"	"Spermatocytes"	NA	NA	NA	"CL:0000017"	"spermatocyte"	"perfect match"	"SN260"	NA	2
"GCATCGGCATGGAAGC"	""	"ERX6700412"	"ERP132578"	"testis"	"Round_spermatids"	NA	NA	NA	"CL:4030036"	"early spermatid"	"perfect match"	"SN260"	NA	3
"GCATCGGGTATTAAGG"	""	"ERX6700412"	"ERP132578"	"testis"	"Round_spermatids"	NA	NA	NA	"CL:4030036"	"early spermatid"	"perfect match"	"SN260"	NA	3
"GCATCTCCAACTCCCT"	""	"ERX6700412"	"ERP132578"	"testis"	"Round_spermatids"	NA	NA	NA	"CL:4030036"	"early spermatid"	"perfect match"	"SN260"	NA	3
"GCATCTCCATCCGATA"	""	"ERX6700412"	"ERP132578"	"testis"	"Round_spermatids"	NA	NA	NA	"CL:4030036"	"early spermatid"	"perfect match"	"SN260"	NA	3
"GCATCTCGTAGAGGAA"	""	"ERX6700412"	"ERP132578"	"testis"	"Round_spermatids"	NA	NA	NA	"CL:4030036"	"early spermatid"	"perfect match"	"SN260"	NA	3
"GCATCTCTCACTACGA"	""	"ERX6700412"	"ERP132578"	"testis"	"Spermatocytes"	NA	NA	NA	"CL:0000017"	"spermatocyte"	"perfect match"	"SN260"	NA	2
"GCATCTCTCATTCTTG"	""	"ERX6700412"	"ERP132578"	"testis"	"Round_spermatids"	NA	NA	NA	"CL:4030036"	"early spermatid"	"perfect match"	"SN260"	NA	3
"GCATCTCTCCGGACGT"	""	"ERX6700412"	"ERP132578"	"testis"	"Elongated_spermatids"	NA	NA	NA	"CL:4030037"	"late spermatid"	"perfect match"	"SN260"	NA	1
"GCATCTCTCCGTGTAA"	""	"ERX6700412"	"ERP132578"	"testis"	"Round_spermatids"	NA	NA	NA	"CL:4030036"	"early spermatid"	"perfect match"	"SN260"	NA	3
"GCATGATGTTGGGTAG"	""	"ERX6700412"	"ERP132578"	"testis"	"Round_spermatids"	NA	NA	NA	"CL:4030036"	"early spermatid"	"perfect match"	"SN260"	NA	3
"GCATGATTCAAGCCCG"	""	"ERX6700412"	"ERP132578"	"testis"	"Round_spermatids"	NA	NA	NA	"CL:4030036"	"early spermatid"	"perfect match"	"SN260"	NA	3
"GCATTAGCAAGTAGTA"	""	"ERX6700412"	"ERP132578"	"testis"	"Other_somatic"	NA	NA	NA	"CL:0002371"	"somatic cell"	"perfect match"	"SN260"	NA	5
"GCATTAGTCATGCGGC"	""	"ERX6700412"	"ERP132578"	"testis"	"Round_spermatids"	NA	NA	NA	"CL:4030036"	"early spermatid"	"perfect match"	"SN260"	NA	3
"GCATTAGTCGCCGAGT"	""	"ERX6700412"	"ERP132578"	"testis"	"Round_spermatids"	NA	NA	NA	"CL:4030036"	"early spermatid"	"perfect match"	"SN260"	NA	3
"GCCAACGCACATGTTG"	""	"ERX6700412"	"ERP132578"	"testis"	"Spermatocytes"	NA	NA	NA	"CL:0000017"	"spermatocyte"	"perfect match"	"SN260"	NA	2
"GCCAACGCAGACACAG"	""	"ERX6700412"	"ERP132578"	"testis"	"Elongated_spermatids"	NA	NA	NA	"CL:4030037"	"late spermatid"	"perfect match"	"SN260"	NA	1
"GCCAACGGTACTCGAT"	""	"ERX6700412"	"ERP132578"	"testis"	"Other_somatic"	NA	NA	NA	"CL:0002371"	"somatic cell"	"perfect match"	"SN260"	NA	5
"GCCAACGGTAGGTTTC"	""	"ERX6700412"	"ERP132578"	"testis"	"Spermatocytes"	NA	NA	NA	"CL:0000017"	"spermatocyte"	"perfect match"	"SN260"	NA	2
"GCCAACGGTGGACCAA"	""	"ERX6700412"	"ERP132578"	"testis"	"Spermatocytes"	NA	NA	NA	"CL:0000017"	"spermatocyte"	"perfect match"	"SN260"	NA	2
"GCCAGCAAGTGTTCCA"	""	"ERX6700412"	"ERP132578"	"testis"	"Round_spermatids"	NA	NA	NA	"CL:4030036"	"early spermatid"	"perfect match"	"SN260"	NA	3
"GCCAGCACAGCGTGCT"	""	"ERX6700412"	"ERP132578"	"testis"	"Elongated_spermatids"	NA	NA	NA	"CL:4030037"	"late spermatid"	"perfect match"	"SN260"	NA	1
"GCCAGCAGTGACTGTT"	""	"ERX6700412"	"ERP132578"	"testis"	"Spermatocytes"	NA	NA	NA	"CL:0000017"	"spermatocyte"	"perfect match"	"SN260"	NA	2
"GCCAGCATCCTACTGC"	""	"ERX6700412"	"ERP132578"	"testis"	"Round_spermatids"	NA	NA	NA	"CL:4030036"	"early spermatid"	"perfect match"	"SN260"	NA	3
"GCCAGGTAGTATGAAC"	""	"ERX6700412"	"ERP132578"	"testis"	"Elongated_spermatids"	NA	NA	NA	"CL:4030037"	"late spermatid"	"perfect match"	"SN260"	NA	1
"GCCAGGTAGTCGGCCT"	""	"ERX6700412"	"ERP132578"	"testis"	"Round_spermatids"	NA	NA	NA	"CL:4030036"	"early spermatid"	"perfect match"	"SN260"	NA	3
"GCCAGGTAGTGCGCTC"	""	"ERX6700412"	"ERP132578"	"testis"	"Spermatocytes"	NA	NA	NA	"CL:0000017"	"spermatocyte"	"perfect match"	"SN260"	NA	2
"GCCAGGTGTTCTGACA"	""	"ERX6700412"	"ERP132578"	"testis"	"Spermatocytes"	NA	NA	NA	"CL:0000017"	"spermatocyte"	"perfect match"	"SN260"	NA	2
"GCCAGTGAGAATCGAT"	""	"ERX6700412"	"ERP132578"	"testis"	"Spermatocytes"	NA	NA	NA	"CL:0000017"	"spermatocyte"	"perfect match"	"SN260"	NA	2
"GCCAGTGAGTATGCAA"	""	"ERX6700412"	"ERP132578"	"testis"	"Round_spermatids"	NA	NA	NA	"CL:4030036"	"early spermatid"	"perfect match"	"SN260"	NA	3
"GCCAGTGCAGGAGGAG"	""	"ERX6700412"	"ERP132578"	"testis"	"Round_spermatids"	NA	NA	NA	"CL:4030036"	"early spermatid"	"perfect match"	"SN260"	NA	3
"GCCAGTGGTCCGGACT"	""	"ERX6700412"	"ERP132578"	"testis"	"Round_spermatids"	NA	NA	NA	"CL:4030036"	"early spermatid"	"perfect match"	"SN260"	NA	3
"GCCATGGAGTCATACC"	""	"ERX6700412"	"ERP132578"	"testis"	"Spermatocytes"	NA	NA	NA	"CL:0000017"	"spermatocyte"	"perfect match"	"SN260"	NA	2
"GCCATGGTCAAATGAG"	""	"ERX6700412"	"ERP132578"	"testis"	"Spermatocytes"	NA	NA	NA	"CL:0000017"	"spermatocyte"	"perfect match"	"SN260"	NA	2
"GCCATGGTCATGACAC"	""	"ERX6700412"	"ERP132578"	"testis"	"Round_spermatids"	NA	NA	NA	"CL:4030036"	"early spermatid"	"perfect match"	"SN260"	NA	3
"GCCATTCTCACCCTGT"	""	"ERX6700412"	"ERP132578"	"testis"	"Elongated_spermatids"	NA	NA	NA	"CL:4030037"	"late spermatid"	"perfect match"	"SN260"	NA	1
"GCCCAGAAGTCCCTAA"	""	"ERX6700412"	"ERP132578"	"testis"	"Elongated_spermatids"	NA	NA	NA	"CL:4030037"	"late spermatid"	"perfect match"	"SN260"	NA	1
"GCCCAGACATGTCTAG"	""	"ERX6700412"	"ERP132578"	"testis"	"Round_spermatids"	NA	NA	NA	"CL:4030036"	"early spermatid"	"perfect match"	"SN260"	NA	3
"GCCCAGAGTCCAGGTC"	""	"ERX6700412"	"ERP132578"	"testis"	"Spermatocytes"	NA	NA	NA	"CL:0000017"	"spermatocyte"	"perfect match"	"SN260"	NA	2
"GCCCGAAGTGCGAACA"	""	"ERX6700412"	"ERP132578"	"testis"	"Round_spermatids"	NA	NA	NA	"CL:4030036"	"early spermatid"	"perfect match"	"SN260"	NA	3
"GCCCGAATCAATCAGC"	""	"ERX6700412"	"ERP132578"	"testis"	"Spermatocytes"	NA	NA	NA	"CL:0000017"	"spermatocyte"	"perfect match"	"SN260"	NA	2
"GCCGATGCACCATAAC"	""	"ERX6700412"	"ERP132578"	"testis"	"Round_spermatids"	NA	NA	NA	"CL:4030036"	"early spermatid"	"perfect match"	"SN260"	NA	3
"GCCGATGCAGTAGAAT"	""	"ERX6700412"	"ERP132578"	"testis"	"Round_spermatids"	NA	NA	NA	"CL:4030036"	"early spermatid"	"perfect match"	"SN260"	NA	3
"GCCGATGTCCGACATA"	""	"ERX6700412"	"ERP132578"	"testis"	"Spermatocytes"	NA	NA	NA	"CL:0000017"	"spermatocyte"	"perfect match"	"SN260"	NA	2
"GCCGATGTCTCTGAGA"	""	"ERX6700412"	"ERP132578"	"testis"	"Spermatocytes"	NA	NA	NA	"CL:0000017"	"spermatocyte"	"perfect match"	"SN260"	NA	2
"GCCGTGACAATTGAAG"	""	"ERX6700412"	"ERP132578"	"testis"	"Spermatocytes"	NA	NA	NA	"CL:0000017"	"spermatocyte"	"perfect match"	"SN260"	NA	2
"GCCGTGAGTCGACGCT"	""	"ERX6700412"	"ERP132578"	"testis"	"Round_spermatids"	NA	NA	NA	"CL:4030036"	"early spermatid"	"perfect match"	"SN260"	NA	3
"GCCGTGATCTAGACCA"	""	"ERX6700412"	"ERP132578"	"testis"	"Round_spermatids"	NA	NA	NA	"CL:4030036"	"early spermatid"	"perfect match"	"SN260"	NA	3
"GCCTGTTAGTGCAGCA"	""	"ERX6700412"	"ERP132578"	"testis"	"Spermatocytes"	NA	NA	NA	"CL:0000017"	"spermatocyte"	"perfect match"	"SN260"	NA	2
"GCCTGTTTCGCTGATA"	""	"ERX6700412"	"ERP132578"	"testis"	"Round_spermatids"	NA	NA	NA	"CL:4030036"	"early spermatid"	"perfect match"	"SN260"	NA	3
"GCGAGAAAGAGTTGAT"	""	"ERX6700412"	"ERP132578"	"testis"	"Round_spermatids"	NA	NA	NA	"CL:4030036"	"early spermatid"	"perfect match"	"SN260"	NA	3
"GCGAGAAAGTATGATG"	""	"ERX6700412"	"ERP132578"	"testis"	"Round_spermatids"	NA	NA	NA	"CL:4030036"	"early spermatid"	"perfect match"	"SN260"	NA	3
"GCGAGAACAACACACT"	""	"ERX6700412"	"ERP132578"	"testis"	"Round_spermatids"	NA	NA	NA	"CL:4030036"	"early spermatid"	"perfect match"	"SN260"	NA	3
"GCGAGAACATAGAATG"	""	"ERX6700412"	"ERP132578"	"testis"	"Spermatocytes"	NA	NA	NA	"CL:0000017"	"spermatocyte"	"perfect match"	"SN260"	NA	2
"GCGAGAATCGAACCAT"	""	"ERX6700412"	"ERP132578"	"testis"	"Spermatocytes"	NA	NA	NA	"CL:0000017"	"spermatocyte"	"perfect match"	"SN260"	NA	2
"GCGAGAATCGACATCA"	""	"ERX6700412"	"ERP132578"	"testis"	"Round_spermatids"	NA	NA	NA	"CL:4030036"	"early spermatid"	"perfect match"	"SN260"	NA	3
"GCGATCGGTTCAATCG"	""	"ERX6700412"	"ERP132578"	"testis"	"Spermatogonia"	NA	NA	NA	"CL:0000020"	"spermatogonium"	"perfect match"	"SN260"	NA	4
"GCGATCGTCAATCGGT"	""	"ERX6700412"	"ERP132578"	"testis"	"Spermatocytes"	NA	NA	NA	"CL:0000017"	"spermatocyte"	"perfect match"	"SN260"	NA	2
"GCGGAAAAGTCCCTAA"	""	"ERX6700412"	"ERP132578"	"testis"	"Round_spermatids"	NA	NA	NA	"CL:4030036"	"early spermatid"	"perfect match"	"SN260"	NA	3
"GCGGAAACAGTCGGAA"	""	"ERX6700412"	"ERP132578"	"testis"	"Spermatocytes"	NA	NA	NA	"CL:0000017"	"spermatocyte"	"perfect match"	"SN260"	NA	2
"GCGGAAACATACCACA"	""	"ERX6700412"	"ERP132578"	"testis"	"Elongated_spermatids"	NA	NA	NA	"CL:4030037"	"late spermatid"	"perfect match"	"SN260"	NA	1
"GCGGAAATCGGCCTTT"	""	"ERX6700412"	"ERP132578"	"testis"	"Spermatocytes"	NA	NA	NA	"CL:0000017"	"spermatocyte"	"perfect match"	"SN260"	NA	2
"GCGGAAATCTCCAATT"	""	"ERX6700412"	"ERP132578"	"testis"	"Spermatogonia"	NA	NA	NA	"CL:0000020"	"spermatogonium"	"perfect match"	"SN260"	NA	4
"GCGGATCAGAGCACTG"	""	"ERX6700412"	"ERP132578"	"testis"	"Round_spermatids"	NA	NA	NA	"CL:4030036"	"early spermatid"	"perfect match"	"SN260"	NA	3
"GCGGATCCATGTGACT"	""	"ERX6700412"	"ERP132578"	"testis"	"Round_spermatids"	NA	NA	NA	"CL:4030036"	"early spermatid"	"perfect match"	"SN260"	NA	3
"GCGGATCGTCGGAACA"	""	"ERX6700412"	"ERP132578"	"testis"	"Other_somatic"	NA	NA	NA	"CL:0002371"	"somatic cell"	"perfect match"	"SN260"	NA	5
"GCGTGCAGTATCTTCT"	""	"ERX6700412"	"ERP132578"	"testis"	"Spermatocytes"	NA	NA	NA	"CL:0000017"	"spermatocyte"	"perfect match"	"SN260"	NA	2
"GCGTTTCAGCCAACCC"	""	"ERX6700412"	"ERP132578"	"testis"	"Round_spermatids"	NA	NA	NA	"CL:4030036"	"early spermatid"	"perfect match"	"SN260"	NA	3
"GCGTTTCCAGTTCCAA"	""	"ERX6700412"	"ERP132578"	"testis"	"Round_spermatids"	NA	NA	NA	"CL:4030036"	"early spermatid"	"perfect match"	"SN260"	NA	3
"GCGTTTCGTCACCGAC"	""	"ERX6700412"	"ERP132578"	"testis"	"Round_spermatids"	NA	NA	NA	"CL:4030036"	"early spermatid"	"perfect match"	"SN260"	NA	3
"GCTACAAAGCTAGAGC"	""	"ERX6700412"	"ERP132578"	"testis"	"Spermatocytes"	NA	NA	NA	"CL:0000017"	"spermatocyte"	"perfect match"	"SN260"	NA	2
"GCTACAATCCCAGGAC"	""	"ERX6700412"	"ERP132578"	"testis"	"Round_spermatids"	NA	NA	NA	"CL:4030036"	"early spermatid"	"perfect match"	"SN260"	NA	3
"GCTACCTGTGGTTTGT"	""	"ERX6700412"	"ERP132578"	"testis"	"Other_somatic"	NA	NA	NA	"CL:0002371"	"somatic cell"	"perfect match"	"SN260"	NA	5
"GCTCAAACAGGTCCGT"	""	"ERX6700412"	"ERP132578"	"testis"	"Other_somatic"	NA	NA	NA	"CL:0002371"	"somatic cell"	"perfect match"	"SN260"	NA	5
"GCTCAAAGTTACGTAC"	""	"ERX6700412"	"ERP132578"	"testis"	"Elongated_spermatids"	NA	NA	NA	"CL:4030037"	"late spermatid"	"perfect match"	"SN260"	NA	1
"GCTCAAATCACACGAT"	""	"ERX6700412"	"ERP132578"	"testis"	"Elongated_spermatids"	NA	NA	NA	"CL:4030037"	"late spermatid"	"perfect match"	"SN260"	NA	1
"GCTCAAATCTAGACAC"	""	"ERX6700412"	"ERP132578"	"testis"	"Spermatocytes"	NA	NA	NA	"CL:0000017"	"spermatocyte"	"perfect match"	"SN260"	NA	2
"GCTGAATAGATGCCGA"	""	"ERX6700412"	"ERP132578"	"testis"	"Round_spermatids"	NA	NA	NA	"CL:4030036"	"early spermatid"	"perfect match"	"SN260"	NA	3
"GCTGAATAGGGTTTCT"	""	"ERX6700412"	"ERP132578"	"testis"	"Round_spermatids"	NA	NA	NA	"CL:4030036"	"early spermatid"	"perfect match"	"SN260"	NA	3
"GCTGAATGTGACTGAG"	""	"ERX6700412"	"ERP132578"	"testis"	"Spermatocytes"	NA	NA	NA	"CL:0000017"	"spermatocyte"	"perfect match"	"SN260"	NA	2
"GCTGAATGTGTTCATG"	""	"ERX6700412"	"ERP132578"	"testis"	"Round_spermatids"	NA	NA	NA	"CL:4030036"	"early spermatid"	"perfect match"	"SN260"	NA	3
"GCTGAATTCAACACCA"	""	"ERX6700412"	"ERP132578"	"testis"	"Spermatogonia"	NA	NA	NA	"CL:0000020"	"spermatogonium"	"perfect match"	"SN260"	NA	4
"GCTGCAGCACTATGTG"	""	"ERX6700412"	"ERP132578"	"testis"	"Round_spermatids"	NA	NA	NA	"CL:4030036"	"early spermatid"	"perfect match"	"SN260"	NA	3
"GCTGCAGCAGATAAAC"	""	"ERX6700412"	"ERP132578"	"testis"	"Round_spermatids"	NA	NA	NA	"CL:4030036"	"early spermatid"	"perfect match"	"SN260"	NA	3
"GCTGCAGCATGACGAG"	""	"ERX6700412"	"ERP132578"	"testis"	"Round_spermatids"	NA	NA	NA	"CL:4030036"	"early spermatid"	"perfect match"	"SN260"	NA	3
"GCTGCAGGTGCTGATT"	""	"ERX6700412"	"ERP132578"	"testis"	"Round_spermatids"	NA	NA	NA	"CL:4030036"	"early spermatid"	"perfect match"	"SN260"	NA	3
"GCTGCAGGTGGTTCTA"	""	"ERX6700412"	"ERP132578"	"testis"	"Elongated_spermatids"	NA	NA	NA	"CL:4030037"	"late spermatid"	"perfect match"	"SN260"	NA	1
"GCTGCAGTCATCGCAA"	""	"ERX6700412"	"ERP132578"	"testis"	"Round_spermatids"	NA	NA	NA	"CL:4030036"	"early spermatid"	"perfect match"	"SN260"	NA	3
"GCTGGGTCAGGTTCAT"	""	"ERX6700412"	"ERP132578"	"testis"	"Round_spermatids"	NA	NA	NA	"CL:4030036"	"early spermatid"	"perfect match"	"SN260"	NA	3
"GCTTCACAGACTGTTC"	""	"ERX6700412"	"ERP132578"	"testis"	"Spermatogonia"	NA	NA	NA	"CL:0000020"	"spermatogonium"	"perfect match"	"SN260"	NA	4
"GCTTCACCACGCGGTT"	""	"ERX6700412"	"ERP132578"	"testis"	"Elongated_spermatids"	NA	NA	NA	"CL:4030037"	"late spermatid"	"perfect match"	"SN260"	NA	1
"GCTTCACTCAAGCTTG"	""	"ERX6700412"	"ERP132578"	"testis"	"Round_spermatids"	NA	NA	NA	"CL:4030036"	"early spermatid"	"perfect match"	"SN260"	NA	3
"GCTTCACTCACGTAGT"	""	"ERX6700412"	"ERP132578"	"testis"	"Elongated_spermatids"	NA	NA	NA	"CL:4030037"	"late spermatid"	"perfect match"	"SN260"	NA	1
"GCTTGGGGTGCGAACA"	""	"ERX6700412"	"ERP132578"	"testis"	"Round_spermatids"	NA	NA	NA	"CL:4030036"	"early spermatid"	"perfect match"	"SN260"	NA	3
"GCTTGGGGTGTTCAGT"	""	"ERX6700412"	"ERP132578"	"testis"	"Elongated_spermatids"	NA	NA	NA	"CL:4030037"	"late spermatid"	"perfect match"	"SN260"	NA	1
"GCTTGGGTCAAGAGGC"	""	"ERX6700412"	"ERP132578"	"testis"	"Elongated_spermatids"	NA	NA	NA	"CL:4030037"	"late spermatid"	"perfect match"	"SN260"	NA	1
"GCTTGGGTCATAAGGA"	""	"ERX6700412"	"ERP132578"	"testis"	"Round_spermatids"	NA	NA	NA	"CL:4030036"	"early spermatid"	"perfect match"	"SN260"	NA	3
"GCTTGGGTCATTTCCA"	""	"ERX6700412"	"ERP132578"	"testis"	"Round_spermatids"	NA	NA	NA	"CL:4030036"	"early spermatid"	"perfect match"	"SN260"	NA	3
"GCTTTCGAGACATCCT"	""	"ERX6700412"	"ERP132578"	"testis"	"Round_spermatids"	NA	NA	NA	"CL:4030036"	"early spermatid"	"perfect match"	"SN260"	NA	3
"GCTTTCGCAAGACAAT"	""	"ERX6700412"	"ERP132578"	"testis"	"Round_spermatids"	NA	NA	NA	"CL:4030036"	"early spermatid"	"perfect match"	"SN260"	NA	3
"GCTTTCGGTGCGGCTT"	""	"ERX6700412"	"ERP132578"	"testis"	"Round_spermatids"	NA	NA	NA	"CL:4030036"	"early spermatid"	"perfect match"	"SN260"	NA	3
"GCTTTCGTCTGCGAGC"	""	"ERX6700412"	"ERP132578"	"testis"	"Round_spermatids"	NA	NA	NA	"CL:4030036"	"early spermatid"	"perfect match"	"SN260"	NA	3
"GGAACCCAGAGCTTTC"	""	"ERX6700412"	"ERP132578"	"testis"	"Elongated_spermatids"	NA	NA	NA	"CL:4030037"	"late spermatid"	"perfect match"	"SN260"	NA	1
"GGAACCCAGTGAGTGC"	""	"ERX6700412"	"ERP132578"	"testis"	"Round_spermatids"	NA	NA	NA	"CL:4030036"	"early spermatid"	"perfect match"	"SN260"	NA	3
"GGAACCCGTACTCCCT"	""	"ERX6700412"	"ERP132578"	"testis"	"Spermatocytes"	NA	NA	NA	"CL:0000017"	"spermatocyte"	"perfect match"	"SN260"	NA	2
"GGAACCCTCTAAGAAG"	""	"ERX6700412"	"ERP132578"	"testis"	"Elongated_spermatids"	NA	NA	NA	"CL:4030037"	"late spermatid"	"perfect match"	"SN260"	NA	1
"GGAACCCTCTGTCGTC"	""	"ERX6700412"	"ERP132578"	"testis"	"Spermatocytes"	NA	NA	NA	"CL:0000017"	"spermatocyte"	"perfect match"	"SN260"	NA	2
"GGAAGTGCAATCCAGT"	""	"ERX6700412"	"ERP132578"	"testis"	"Elongated_spermatids"	NA	NA	NA	"CL:4030037"	"late spermatid"	"perfect match"	"SN260"	NA	1
"GGAAGTGCAGTTGTCA"	""	"ERX6700412"	"ERP132578"	"testis"	"Spermatogonia"	NA	NA	NA	"CL:0000020"	"spermatogonium"	"perfect match"	"SN260"	NA	4
"GGAAGTGGTCAGCTTA"	""	"ERX6700412"	"ERP132578"	"testis"	"Round_spermatids"	NA	NA	NA	"CL:4030036"	"early spermatid"	"perfect match"	"SN260"	NA	3
"GGAATCTAGAGCCTGA"	""	"ERX6700412"	"ERP132578"	"testis"	"Round_spermatids"	NA	NA	NA	"CL:4030036"	"early spermatid"	"perfect match"	"SN260"	NA	3
"GGAATCTAGGCGAAGG"	""	"ERX6700412"	"ERP132578"	"testis"	"Round_spermatids"	NA	NA	NA	"CL:4030036"	"early spermatid"	"perfect match"	"SN260"	NA	3
"GGAATCTCACCATATG"	""	"ERX6700412"	"ERP132578"	"testis"	"Elongated_spermatids"	NA	NA	NA	"CL:4030037"	"late spermatid"	"perfect match"	"SN260"	NA	1
"GGAATCTGTACCGTCG"	""	"ERX6700412"	"ERP132578"	"testis"	"Round_spermatids"	NA	NA	NA	"CL:4030036"	"early spermatid"	"perfect match"	"SN260"	NA	3
"GGAATCTTCATTCACT"	""	"ERX6700412"	"ERP132578"	"testis"	"Round_spermatids"	NA	NA	NA	"CL:4030036"	"early spermatid"	"perfect match"	"SN260"	NA	3
"GGAATGGCATCAACCA"	""	"ERX6700412"	"ERP132578"	"testis"	"Elongated_spermatids"	NA	NA	NA	"CL:4030037"	"late spermatid"	"perfect match"	"SN260"	NA	1
"GGACGTCAGACGCCCT"	""	"ERX6700412"	"ERP132578"	"testis"	"Elongated_spermatids"	NA	NA	NA	"CL:4030037"	"late spermatid"	"perfect match"	"SN260"	NA	1
"GGACGTCAGCGCCTTG"	""	"ERX6700412"	"ERP132578"	"testis"	"Elongated_spermatids"	NA	NA	NA	"CL:4030037"	"late spermatid"	"perfect match"	"SN260"	NA	1
"GGACGTCAGGTGGCTA"	""	"ERX6700412"	"ERP132578"	"testis"	"Round_spermatids"	NA	NA	NA	"CL:4030036"	"early spermatid"	"perfect match"	"SN260"	NA	3
"GGAGAACAGTAAGCAT"	""	"ERX6700412"	"ERP132578"	"testis"	"Elongated_spermatids"	NA	NA	NA	"CL:4030037"	"late spermatid"	"perfect match"	"SN260"	NA	1
"GGAGAACCACCCTATC"	""	"ERX6700412"	"ERP132578"	"testis"	"Round_spermatids"	NA	NA	NA	"CL:4030036"	"early spermatid"	"perfect match"	"SN260"	NA	3
"GGAGAACCATAGGTAA"	""	"ERX6700412"	"ERP132578"	"testis"	"Round_spermatids"	NA	NA	NA	"CL:4030036"	"early spermatid"	"perfect match"	"SN260"	NA	3
"GGAGATGGTTGCCAAT"	""	"ERX6700412"	"ERP132578"	"testis"	"Elongated_spermatids"	NA	NA	NA	"CL:4030037"	"late spermatid"	"perfect match"	"SN260"	NA	1
"GGAGATGTCAACTGAC"	""	"ERX6700412"	"ERP132578"	"testis"	"Spermatogonia"	NA	NA	NA	"CL:0000020"	"spermatogonium"	"perfect match"	"SN260"	NA	4
"GGAGATGTCGCAAGAG"	""	"ERX6700412"	"ERP132578"	"testis"	"Spermatocytes"	NA	NA	NA	"CL:0000017"	"spermatocyte"	"perfect match"	"SN260"	NA	2
"GGAGCAAAGGTCACCC"	""	"ERX6700412"	"ERP132578"	"testis"	"Spermatogonia"	NA	NA	NA	"CL:0000020"	"spermatogonium"	"perfect match"	"SN260"	NA	4
"GGAGCAAGTACATTGC"	""	"ERX6700412"	"ERP132578"	"testis"	"Round_spermatids"	NA	NA	NA	"CL:4030036"	"early spermatid"	"perfect match"	"SN260"	NA	3
"GGAGCAATCTTCCCGA"	""	"ERX6700412"	"ERP132578"	"testis"	"Elongated_spermatids"	NA	NA	NA	"CL:4030037"	"late spermatid"	"perfect match"	"SN260"	NA	1
"GGAGGATCAAATTGCC"	""	"ERX6700412"	"ERP132578"	"testis"	"Spermatocytes"	NA	NA	NA	"CL:0000017"	"spermatocyte"	"perfect match"	"SN260"	NA	2
"GGAGGATTCAGCCTCT"	""	"ERX6700412"	"ERP132578"	"testis"	"Round_spermatids"	NA	NA	NA	"CL:4030036"	"early spermatid"	"perfect match"	"SN260"	NA	3
"GGAGGATTCTGGACCG"	""	"ERX6700412"	"ERP132578"	"testis"	"Round_spermatids"	NA	NA	NA	"CL:4030036"	"early spermatid"	"perfect match"	"SN260"	NA	3
"GGAGGTAAGACTCCGC"	""	"ERX6700412"	"ERP132578"	"testis"	"Spermatocytes"	NA	NA	NA	"CL:0000017"	"spermatocyte"	"perfect match"	"SN260"	NA	2
"GGAGGTAGTCCTATAG"	""	"ERX6700412"	"ERP132578"	"testis"	"Round_spermatids"	NA	NA	NA	"CL:4030036"	"early spermatid"	"perfect match"	"SN260"	NA	3
"GGAGGTATCATCCCGT"	""	"ERX6700412"	"ERP132578"	"testis"	"Round_spermatids"	NA	NA	NA	"CL:4030036"	"early spermatid"	"perfect match"	"SN260"	NA	3
"GGATCTAAGAATTCAG"	""	"ERX6700412"	"ERP132578"	"testis"	"Spermatocytes"	NA	NA	NA	"CL:0000017"	"spermatocyte"	"perfect match"	"SN260"	NA	2
"GGATCTAAGCTGAAGC"	""	"ERX6700412"	"ERP132578"	"testis"	"Round_spermatids"	NA	NA	NA	"CL:4030036"	"early spermatid"	"perfect match"	"SN260"	NA	3
"GGATCTACATAGGAGC"	""	"ERX6700412"	"ERP132578"	"testis"	"Elongated_spermatids"	NA	NA	NA	"CL:4030037"	"late spermatid"	"perfect match"	"SN260"	NA	1
"GGATGTTAGCCGAATG"	""	"ERX6700412"	"ERP132578"	"testis"	"Spermatogonia"	NA	NA	NA	"CL:0000020"	"spermatogonium"	"perfect match"	"SN260"	NA	4
"GGATGTTAGCGACTAG"	""	"ERX6700412"	"ERP132578"	"testis"	"Round_spermatids"	NA	NA	NA	"CL:4030036"	"early spermatid"	"perfect match"	"SN260"	NA	3
"GGATGTTAGGACTAAT"	""	"ERX6700412"	"ERP132578"	"testis"	"Round_spermatids"	NA	NA	NA	"CL:4030036"	"early spermatid"	"perfect match"	"SN260"	NA	3
"GGATGTTAGGCCTGCT"	""	"ERX6700412"	"ERP132578"	"testis"	"Round_spermatids"	NA	NA	NA	"CL:4030036"	"early spermatid"	"perfect match"	"SN260"	NA	3
"GGATGTTCACATCCCT"	""	"ERX6700412"	"ERP132578"	"testis"	"Round_spermatids"	NA	NA	NA	"CL:4030036"	"early spermatid"	"perfect match"	"SN260"	NA	3
"GGATGTTGTATCGATC"	""	"ERX6700412"	"ERP132578"	"testis"	"Spermatocytes"	NA	NA	NA	"CL:0000017"	"spermatocyte"	"perfect match"	"SN260"	NA	2
"GGATGTTTCGACATCA"	""	"ERX6700412"	"ERP132578"	"testis"	"Round_spermatids"	NA	NA	NA	"CL:4030036"	"early spermatid"	"perfect match"	"SN260"	NA	3
"GGCACGTAGACGACGT"	""	"ERX6700412"	"ERP132578"	"testis"	"Round_spermatids"	NA	NA	NA	"CL:4030036"	"early spermatid"	"perfect match"	"SN260"	NA	3
"GGCACGTCACACACTA"	""	"ERX6700412"	"ERP132578"	"testis"	"Round_spermatids"	NA	NA	NA	"CL:4030036"	"early spermatid"	"perfect match"	"SN260"	NA	3
"GGCACGTGTGCAACGA"	""	"ERX6700412"	"ERP132578"	"testis"	"Round_spermatids"	NA	NA	NA	"CL:4030036"	"early spermatid"	"perfect match"	"SN260"	NA	3
"GGCAGTCTCTGTAAGC"	""	"ERX6700412"	"ERP132578"	"testis"	"Elongated_spermatids"	NA	NA	NA	"CL:4030037"	"late spermatid"	"perfect match"	"SN260"	NA	1
"GGCGTCAAGAAGGGAT"	""	"ERX6700412"	"ERP132578"	"testis"	"Round_spermatids"	NA	NA	NA	"CL:4030036"	"early spermatid"	"perfect match"	"SN260"	NA	3
"GGCGTCACAGCTTTCC"	""	"ERX6700412"	"ERP132578"	"testis"	"Round_spermatids"	NA	NA	NA	"CL:4030036"	"early spermatid"	"perfect match"	"SN260"	NA	3
"GGCGTCAGTGTCTTGA"	""	"ERX6700412"	"ERP132578"	"testis"	"Round_spermatids"	NA	NA	NA	"CL:4030036"	"early spermatid"	"perfect match"	"SN260"	NA	3
"GGCTGTGAGCAACCAG"	""	"ERX6700412"	"ERP132578"	"testis"	"Round_spermatids"	NA	NA	NA	"CL:4030036"	"early spermatid"	"perfect match"	"SN260"	NA	3
"GGCTGTGGTACAGAAT"	""	"ERX6700412"	"ERP132578"	"testis"	"Round_spermatids"	NA	NA	NA	"CL:4030036"	"early spermatid"	"perfect match"	"SN260"	NA	3
"GGCTGTGGTGACACAG"	""	"ERX6700412"	"ERP132578"	"testis"	"Round_spermatids"	NA	NA	NA	"CL:4030036"	"early spermatid"	"perfect match"	"SN260"	NA	3
"GGCTGTGTCAAAGGTA"	""	"ERX6700412"	"ERP132578"	"testis"	"Round_spermatids"	NA	NA	NA	"CL:4030036"	"early spermatid"	"perfect match"	"SN260"	NA	3
"GGCTTGGAGAACTCCT"	""	"ERX6700412"	"ERP132578"	"testis"	"Spermatocytes"	NA	NA	NA	"CL:0000017"	"spermatocyte"	"perfect match"	"SN260"	NA	2
"GGCTTGGCACCGGAAA"	""	"ERX6700412"	"ERP132578"	"testis"	"Round_spermatids"	NA	NA	NA	"CL:4030036"	"early spermatid"	"perfect match"	"SN260"	NA	3
"GGCTTGGCAGTATTCG"	""	"ERX6700412"	"ERP132578"	"testis"	"Elongated_spermatids"	NA	NA	NA	"CL:4030037"	"late spermatid"	"perfect match"	"SN260"	NA	1
"GGCTTGGGTCTCCTGT"	""	"ERX6700412"	"ERP132578"	"testis"	"Round_spermatids"	NA	NA	NA	"CL:4030036"	"early spermatid"	"perfect match"	"SN260"	NA	3
"GGCTTGGGTTCGGTTA"	""	"ERX6700412"	"ERP132578"	"testis"	"Spermatogonia"	NA	NA	NA	"CL:0000020"	"spermatogonium"	"perfect match"	"SN260"	NA	4
"GGCTTGGTCCCTATTA"	""	"ERX6700412"	"ERP132578"	"testis"	"Elongated_spermatids"	NA	NA	NA	"CL:4030037"	"late spermatid"	"perfect match"	"SN260"	NA	1
"GGCTTGGTCGTGGGTC"	""	"ERX6700412"	"ERP132578"	"testis"	"Round_spermatids"	NA	NA	NA	"CL:4030036"	"early spermatid"	"perfect match"	"SN260"	NA	3
"GGCTTTCGTCCAGCCA"	""	"ERX6700412"	"ERP132578"	"testis"	"Elongated_spermatids"	NA	NA	NA	"CL:4030037"	"late spermatid"	"perfect match"	"SN260"	NA	1
"GGGAAGTAGACAGTCG"	""	"ERX6700412"	"ERP132578"	"testis"	"Elongated_spermatids"	NA	NA	NA	"CL:4030037"	"late spermatid"	"perfect match"	"SN260"	NA	1
"GGGAAGTAGCCGGAAT"	""	"ERX6700412"	"ERP132578"	"testis"	"Round_spermatids"	NA	NA	NA	"CL:4030036"	"early spermatid"	"perfect match"	"SN260"	NA	3
"GGGAAGTGTAGGCAAC"	""	"ERX6700412"	"ERP132578"	"testis"	"Spermatocytes"	NA	NA	NA	"CL:0000017"	"spermatocyte"	"perfect match"	"SN260"	NA	2
"GGGAAGTTCAGCAGAG"	""	"ERX6700412"	"ERP132578"	"testis"	"Round_spermatids"	NA	NA	NA	"CL:4030036"	"early spermatid"	"perfect match"	"SN260"	NA	3
"GGGACAAAGATGTTAG"	""	"ERX6700412"	"ERP132578"	"testis"	"Spermatocytes"	NA	NA	NA	"CL:0000017"	"spermatocyte"	"perfect match"	"SN260"	NA	2
"GGGACAACATCGTGCG"	""	"ERX6700412"	"ERP132578"	"testis"	"Elongated_spermatids"	NA	NA	NA	"CL:4030037"	"late spermatid"	"perfect match"	"SN260"	NA	1
"GGGACAACATGACCCG"	""	"ERX6700412"	"ERP132578"	"testis"	"Round_spermatids"	NA	NA	NA	"CL:4030036"	"early spermatid"	"perfect match"	"SN260"	NA	3
"GGGACAATCGGACGTC"	""	"ERX6700412"	"ERP132578"	"testis"	"Round_spermatids"	NA	NA	NA	"CL:4030036"	"early spermatid"	"perfect match"	"SN260"	NA	3
"GGGACCTCAGGATCTT"	""	"ERX6700412"	"ERP132578"	"testis"	"Round_spermatids"	NA	NA	NA	"CL:4030036"	"early spermatid"	"perfect match"	"SN260"	NA	3
"GGGACTCAGCACTAGG"	""	"ERX6700412"	"ERP132578"	"testis"	"Elongated_spermatids"	NA	NA	NA	"CL:4030037"	"late spermatid"	"perfect match"	"SN260"	NA	1
"GGGACTCCAATGCAGG"	""	"ERX6700412"	"ERP132578"	"testis"	"Round_spermatids"	NA	NA	NA	"CL:4030036"	"early spermatid"	"perfect match"	"SN260"	NA	3
"GGGACTCGTATGCGTT"	""	"ERX6700412"	"ERP132578"	"testis"	"Round_spermatids"	NA	NA	NA	"CL:4030036"	"early spermatid"	"perfect match"	"SN260"	NA	3
"GGGACTCGTGACCGTC"	""	"ERX6700412"	"ERP132578"	"testis"	"Elongated_spermatids"	NA	NA	NA	"CL:4030037"	"late spermatid"	"perfect match"	"SN260"	NA	1
"GGGAGATCAACTTCTT"	""	"ERX6700412"	"ERP132578"	"testis"	"Round_spermatids"	NA	NA	NA	"CL:4030036"	"early spermatid"	"perfect match"	"SN260"	NA	3
"GGGAGATCACCTGCAG"	""	"ERX6700412"	"ERP132578"	"testis"	"Round_spermatids"	NA	NA	NA	"CL:4030036"	"early spermatid"	"perfect match"	"SN260"	NA	3
"GGGAGATCACTAGAGG"	""	"ERX6700412"	"ERP132578"	"testis"	"Round_spermatids"	NA	NA	NA	"CL:4030036"	"early spermatid"	"perfect match"	"SN260"	NA	3
"GGGAGATGTCATAACC"	""	"ERX6700412"	"ERP132578"	"testis"	"Round_spermatids"	NA	NA	NA	"CL:4030036"	"early spermatid"	"perfect match"	"SN260"	NA	3
"GGGAGATTCGGTGTAT"	""	"ERX6700412"	"ERP132578"	"testis"	"Round_spermatids"	NA	NA	NA	"CL:4030036"	"early spermatid"	"perfect match"	"SN260"	NA	3
"GGGAGTAAGATCGCCC"	""	"ERX6700412"	"ERP132578"	"testis"	"Round_spermatids"	NA	NA	NA	"CL:4030036"	"early spermatid"	"perfect match"	"SN260"	NA	3
"GGGAGTATCATTGTGG"	""	"ERX6700412"	"ERP132578"	"testis"	"Round_spermatids"	NA	NA	NA	"CL:4030036"	"early spermatid"	"perfect match"	"SN260"	NA	3
"GGGAGTATCTGGTGGC"	""	"ERX6700412"	"ERP132578"	"testis"	"Round_spermatids"	NA	NA	NA	"CL:4030036"	"early spermatid"	"perfect match"	"SN260"	NA	3
"GGGATCCAGTAAACAC"	""	"ERX6700412"	"ERP132578"	"testis"	"Round_spermatids"	NA	NA	NA	"CL:4030036"	"early spermatid"	"perfect match"	"SN260"	NA	3
"GGGATCCGTGCAACGA"	""	"ERX6700412"	"ERP132578"	"testis"	"Round_spermatids"	NA	NA	NA	"CL:4030036"	"early spermatid"	"perfect match"	"SN260"	NA	3
"GGGATCCTCCAAGCAT"	""	"ERX6700412"	"ERP132578"	"testis"	"Elongated_spermatids"	NA	NA	NA	"CL:4030037"	"late spermatid"	"perfect match"	"SN260"	NA	1
"GGGATCCTCTCATGGA"	""	"ERX6700412"	"ERP132578"	"testis"	"Elongated_spermatids"	NA	NA	NA	"CL:4030037"	"late spermatid"	"perfect match"	"SN260"	NA	1
"GGGATGACACATATCG"	""	"ERX6700412"	"ERP132578"	"testis"	"Spermatocytes"	NA	NA	NA	"CL:0000017"	"spermatocyte"	"perfect match"	"SN260"	NA	2
"GGGATGACATTCTTCA"	""	"ERX6700412"	"ERP132578"	"testis"	"Other_somatic"	NA	NA	NA	"CL:0002371"	"somatic cell"	"perfect match"	"SN260"	NA	5
"GGGCCATGTAGTACGG"	""	"ERX6700412"	"ERP132578"	"testis"	"Spermatogonia"	NA	NA	NA	"CL:0000020"	"spermatogonium"	"perfect match"	"SN260"	NA	4
"GGGCGTTCAGGAACCA"	""	"ERX6700412"	"ERP132578"	"testis"	"Elongated_spermatids"	NA	NA	NA	"CL:4030037"	"late spermatid"	"perfect match"	"SN260"	NA	1
"GGGCGTTTCCGCGAGT"	""	"ERX6700412"	"ERP132578"	"testis"	"Round_spermatids"	NA	NA	NA	"CL:4030036"	"early spermatid"	"perfect match"	"SN260"	NA	3
"GGGCGTTTCGACGTCG"	""	"ERX6700412"	"ERP132578"	"testis"	"Spermatogonia"	NA	NA	NA	"CL:0000020"	"spermatogonium"	"perfect match"	"SN260"	NA	4
"GGGCTACCAAATACGA"	""	"ERX6700412"	"ERP132578"	"testis"	"Spermatocytes"	NA	NA	NA	"CL:0000017"	"spermatocyte"	"perfect match"	"SN260"	NA	2
"GGGCTACGTGTACATC"	""	"ERX6700412"	"ERP132578"	"testis"	"Round_spermatids"	NA	NA	NA	"CL:4030036"	"early spermatid"	"perfect match"	"SN260"	NA	3
"GGGCTACGTTTACTTC"	""	"ERX6700412"	"ERP132578"	"testis"	"Elongated_spermatids"	NA	NA	NA	"CL:4030037"	"late spermatid"	"perfect match"	"SN260"	NA	1
"GGGCTCACACGTAGTT"	""	"ERX6700412"	"ERP132578"	"testis"	"Elongated_spermatids"	NA	NA	NA	"CL:4030037"	"late spermatid"	"perfect match"	"SN260"	NA	1
"GGGCTCAGTGAACTAA"	""	"ERX6700412"	"ERP132578"	"testis"	"Round_spermatids"	NA	NA	NA	"CL:4030036"	"early spermatid"	"perfect match"	"SN260"	NA	3
"GGGTAGAAGACATAGT"	""	"ERX6700412"	"ERP132578"	"testis"	"Elongated_spermatids"	NA	NA	NA	"CL:4030037"	"late spermatid"	"perfect match"	"SN260"	NA	1
"GGGTAGACAGCAGTGA"	""	"ERX6700412"	"ERP132578"	"testis"	"Spermatocytes"	NA	NA	NA	"CL:0000017"	"spermatocyte"	"perfect match"	"SN260"	NA	2
"GGGTATTCACTCCCTA"	""	"ERX6700412"	"ERP132578"	"testis"	"Spermatocytes"	NA	NA	NA	"CL:0000017"	"spermatocyte"	"perfect match"	"SN260"	NA	2
"GGGTATTGTATTTCTC"	""	"ERX6700412"	"ERP132578"	"testis"	"Round_spermatids"	NA	NA	NA	"CL:4030036"	"early spermatid"	"perfect match"	"SN260"	NA	3
"GGGTATTTCGTAACTG"	""	"ERX6700412"	"ERP132578"	"testis"	"Spermatocytes"	NA	NA	NA	"CL:0000017"	"spermatocyte"	"perfect match"	"SN260"	NA	2
"GGGTCACAGACATGCG"	""	"ERX6700412"	"ERP132578"	"testis"	"Round_spermatids"	NA	NA	NA	"CL:4030036"	"early spermatid"	"perfect match"	"SN260"	NA	3
"GGGTCACCACGCTTAA"	""	"ERX6700412"	"ERP132578"	"testis"	"Spermatocytes"	NA	NA	NA	"CL:0000017"	"spermatocyte"	"perfect match"	"SN260"	NA	2
"GGGTCACGTGCAGTGA"	""	"ERX6700412"	"ERP132578"	"testis"	"Elongated_spermatids"	NA	NA	NA	"CL:4030037"	"late spermatid"	"perfect match"	"SN260"	NA	1
"GGGTCACGTGGTCTGC"	""	"ERX6700412"	"ERP132578"	"testis"	"Round_spermatids"	NA	NA	NA	"CL:4030036"	"early spermatid"	"perfect match"	"SN260"	NA	3
"GGGTCTGAGCAGCACA"	""	"ERX6700412"	"ERP132578"	"testis"	"Round_spermatids"	NA	NA	NA	"CL:4030036"	"early spermatid"	"perfect match"	"SN260"	NA	3
"GGGTCTGAGCTCTTCC"	""	"ERX6700412"	"ERP132578"	"testis"	"Elongated_spermatids"	NA	NA	NA	"CL:4030037"	"late spermatid"	"perfect match"	"SN260"	NA	1
"GGGTCTGCAGGAGGAG"	""	"ERX6700412"	"ERP132578"	"testis"	"Round_spermatids"	NA	NA	NA	"CL:4030036"	"early spermatid"	"perfect match"	"SN260"	NA	3
"GGGTCTGGTTCGGCCA"	""	"ERX6700412"	"ERP132578"	"testis"	"Round_spermatids"	NA	NA	NA	"CL:4030036"	"early spermatid"	"perfect match"	"SN260"	NA	3
"GGGTCTGTCTGAGATC"	""	"ERX6700412"	"ERP132578"	"testis"	"Spermatocytes"	NA	NA	NA	"CL:0000017"	"spermatocyte"	"perfect match"	"SN260"	NA	2
"GGGTGAAAGTAGTCCT"	""	"ERX6700412"	"ERP132578"	"testis"	"Round_spermatids"	NA	NA	NA	"CL:4030036"	"early spermatid"	"perfect match"	"SN260"	NA	3
"GGGTGAACAGATCCAT"	""	"ERX6700412"	"ERP132578"	"testis"	"Round_spermatids"	NA	NA	NA	"CL:4030036"	"early spermatid"	"perfect match"	"SN260"	NA	3
"GGGTGAACAGCACACC"	""	"ERX6700412"	"ERP132578"	"testis"	"Spermatocytes"	NA	NA	NA	"CL:0000017"	"spermatocyte"	"perfect match"	"SN260"	NA	2
"GGGTGAATCCCAGGCA"	""	"ERX6700412"	"ERP132578"	"testis"	"Elongated_spermatids"	NA	NA	NA	"CL:4030037"	"late spermatid"	"perfect match"	"SN260"	NA	1
"GGGTGAATCTCATTAC"	""	"ERX6700412"	"ERP132578"	"testis"	"Spermatogonia"	NA	NA	NA	"CL:0000020"	"spermatogonium"	"perfect match"	"SN260"	NA	4
"GGGTGTCCACGACCTG"	""	"ERX6700412"	"ERP132578"	"testis"	"Round_spermatids"	NA	NA	NA	"CL:4030036"	"early spermatid"	"perfect match"	"SN260"	NA	3
"GGGTTATAGTGCTAGG"	""	"ERX6700412"	"ERP132578"	"testis"	"Spermatogonia"	NA	NA	NA	"CL:0000020"	"spermatogonium"	"perfect match"	"SN260"	NA	4
"GGGTTATCAGGACGAT"	""	"ERX6700412"	"ERP132578"	"testis"	"Round_spermatids"	NA	NA	NA	"CL:4030036"	"early spermatid"	"perfect match"	"SN260"	NA	3
"GGGTTATCAGTCAGCC"	""	"ERX6700412"	"ERP132578"	"testis"	"Round_spermatids"	NA	NA	NA	"CL:4030036"	"early spermatid"	"perfect match"	"SN260"	NA	3
"GGGTTATGTCGTACAT"	""	"ERX6700412"	"ERP132578"	"testis"	"Round_spermatids"	NA	NA	NA	"CL:4030036"	"early spermatid"	"perfect match"	"SN260"	NA	3
"GGGTTATTCACTTCTA"	""	"ERX6700412"	"ERP132578"	"testis"	"Round_spermatids"	NA	NA	NA	"CL:4030036"	"early spermatid"	"perfect match"	"SN260"	NA	3
"GGGTTATTCCGTGGCA"	""	"ERX6700412"	"ERP132578"	"testis"	"Elongated_spermatids"	NA	NA	NA	"CL:4030037"	"late spermatid"	"perfect match"	"SN260"	NA	1
"GGGTTTAAGATCCCGC"	""	"ERX6700412"	"ERP132578"	"testis"	"Spermatocytes"	NA	NA	NA	"CL:0000017"	"spermatocyte"	"perfect match"	"SN260"	NA	2
"GGGTTTACATCGCTCT"	""	"ERX6700412"	"ERP132578"	"testis"	"Elongated_spermatids"	NA	NA	NA	"CL:4030037"	"late spermatid"	"perfect match"	"SN260"	NA	1
"GGGTTTAGTATCATGC"	""	"ERX6700412"	"ERP132578"	"testis"	"Elongated_spermatids"	NA	NA	NA	"CL:4030037"	"late spermatid"	"perfect match"	"SN260"	NA	1
"GGGTTTAGTGCATCTA"	""	"ERX6700412"	"ERP132578"	"testis"	"Round_spermatids"	NA	NA	NA	"CL:4030036"	"early spermatid"	"perfect match"	"SN260"	NA	3
"GGTAACTAGCCACCGT"	""	"ERX6700412"	"ERP132578"	"testis"	"Spermatocytes"	NA	NA	NA	"CL:0000017"	"spermatocyte"	"perfect match"	"SN260"	NA	2
"GGTAACTTCACACGAT"	""	"ERX6700412"	"ERP132578"	"testis"	"Round_spermatids"	NA	NA	NA	"CL:4030036"	"early spermatid"	"perfect match"	"SN260"	NA	3
"GGTAACTTCGGTCTGG"	""	"ERX6700412"	"ERP132578"	"testis"	"Elongated_spermatids"	NA	NA	NA	"CL:4030037"	"late spermatid"	"perfect match"	"SN260"	NA	1
"GGTAATCCACTTACAG"	""	"ERX6700412"	"ERP132578"	"testis"	"Spermatocytes"	NA	NA	NA	"CL:0000017"	"spermatocyte"	"perfect match"	"SN260"	NA	2
"GGTAATCCATGGCCAC"	""	"ERX6700412"	"ERP132578"	"testis"	"Round_spermatids"	NA	NA	NA	"CL:4030036"	"early spermatid"	"perfect match"	"SN260"	NA	3
"GGTAATCGTCAATCTG"	""	"ERX6700412"	"ERP132578"	"testis"	"Round_spermatids"	NA	NA	NA	"CL:4030036"	"early spermatid"	"perfect match"	"SN260"	NA	3
"GGTAATCGTCTTTATC"	""	"ERX6700412"	"ERP132578"	"testis"	"Spermatocytes"	NA	NA	NA	"CL:0000017"	"spermatocyte"	"perfect match"	"SN260"	NA	2
"GGTAATCGTGAGTTTC"	""	"ERX6700412"	"ERP132578"	"testis"	"Elongated_spermatids"	NA	NA	NA	"CL:4030037"	"late spermatid"	"perfect match"	"SN260"	NA	1
"GGTAATCTCTGCAGCG"	""	"ERX6700412"	"ERP132578"	"testis"	"Elongated_spermatids"	NA	NA	NA	"CL:4030037"	"late spermatid"	"perfect match"	"SN260"	NA	1
"GGTAGAGAGTCCCGGT"	""	"ERX6700412"	"ERP132578"	"testis"	"Spermatocytes"	NA	NA	NA	"CL:0000017"	"spermatocyte"	"perfect match"	"SN260"	NA	2
"GGTAGAGCAGTTAGAA"	""	"ERX6700412"	"ERP132578"	"testis"	"Round_spermatids"	NA	NA	NA	"CL:4030036"	"early spermatid"	"perfect match"	"SN260"	NA	3
"GGTAGAGGTCGAATTC"	""	"ERX6700412"	"ERP132578"	"testis"	"Elongated_spermatids"	NA	NA	NA	"CL:4030037"	"late spermatid"	"perfect match"	"SN260"	NA	1
"GGTAGAGTCATCGCAA"	""	"ERX6700412"	"ERP132578"	"testis"	"Spermatocytes"	NA	NA	NA	"CL:0000017"	"spermatocyte"	"perfect match"	"SN260"	NA	2
"GGTAGAGTCATGAGTC"	""	"ERX6700412"	"ERP132578"	"testis"	"Round_spermatids"	NA	NA	NA	"CL:4030036"	"early spermatid"	"perfect match"	"SN260"	NA	3
"GGTCACGAGCAAGCCA"	""	"ERX6700412"	"ERP132578"	"testis"	"Round_spermatids"	NA	NA	NA	"CL:4030036"	"early spermatid"	"perfect match"	"SN260"	NA	3
"GGTCACGCAACCGTAT"	""	"ERX6700412"	"ERP132578"	"testis"	"Round_spermatids"	NA	NA	NA	"CL:4030036"	"early spermatid"	"perfect match"	"SN260"	NA	3
"GGTCACGGTGTCCAAT"	""	"ERX6700412"	"ERP132578"	"testis"	"Round_spermatids"	NA	NA	NA	"CL:4030036"	"early spermatid"	"perfect match"	"SN260"	NA	3
"GGTCACGGTTTACGAC"	""	"ERX6700412"	"ERP132578"	"testis"	"Round_spermatids"	NA	NA	NA	"CL:4030036"	"early spermatid"	"perfect match"	"SN260"	NA	3
"GGTCTGGAGGAGTATT"	""	"ERX6700412"	"ERP132578"	"testis"	"Round_spermatids"	NA	NA	NA	"CL:4030036"	"early spermatid"	"perfect match"	"SN260"	NA	3
"GGTCTGGCAGTTAAAG"	""	"ERX6700412"	"ERP132578"	"testis"	"Spermatocytes"	NA	NA	NA	"CL:0000017"	"spermatocyte"	"perfect match"	"SN260"	NA	2
"GGTCTGGCATGAGAAT"	""	"ERX6700412"	"ERP132578"	"testis"	"Other_somatic"	NA	NA	NA	"CL:0002371"	"somatic cell"	"perfect match"	"SN260"	NA	5
"GGTCTGGTCTCATGCC"	""	"ERX6700412"	"ERP132578"	"testis"	"Round_spermatids"	NA	NA	NA	"CL:4030036"	"early spermatid"	"perfect match"	"SN260"	NA	3
"GGTGAAGAGAAACCCG"	""	"ERX6700412"	"ERP132578"	"testis"	"Elongated_spermatids"	NA	NA	NA	"CL:4030037"	"late spermatid"	"perfect match"	"SN260"	NA	1
"GGTGAAGAGGCACTCC"	""	"ERX6700412"	"ERP132578"	"testis"	"Round_spermatids"	NA	NA	NA	"CL:4030036"	"early spermatid"	"perfect match"	"SN260"	NA	3
"GGTGAAGAGTTTCTTC"	""	"ERX6700412"	"ERP132578"	"testis"	"Elongated_spermatids"	NA	NA	NA	"CL:4030037"	"late spermatid"	"perfect match"	"SN260"	NA	1
"GGTGAAGCACATAGCT"	""	"ERX6700412"	"ERP132578"	"testis"	"Round_spermatids"	NA	NA	NA	"CL:4030036"	"early spermatid"	"perfect match"	"SN260"	NA	3
"GGTGAAGTCAACGAGG"	""	"ERX6700412"	"ERP132578"	"testis"	"Round_spermatids"	NA	NA	NA	"CL:4030036"	"early spermatid"	"perfect match"	"SN260"	NA	3
"GGTGATTAGAGTGTTA"	""	"ERX6700412"	"ERP132578"	"testis"	"Round_spermatids"	NA	NA	NA	"CL:4030036"	"early spermatid"	"perfect match"	"SN260"	NA	3
"GGTGATTGTGTTAACC"	""	"ERX6700412"	"ERP132578"	"testis"	"Round_spermatids"	NA	NA	NA	"CL:4030036"	"early spermatid"	"perfect match"	"SN260"	NA	3
"GGTGATTGTTACGCCG"	""	"ERX6700412"	"ERP132578"	"testis"	"Round_spermatids"	NA	NA	NA	"CL:4030036"	"early spermatid"	"perfect match"	"SN260"	NA	3
"GGTGGCTAGCAAGGAA"	""	"ERX6700412"	"ERP132578"	"testis"	"Spermatogonia"	NA	NA	NA	"CL:0000020"	"spermatogonium"	"perfect match"	"SN260"	NA	4
"GGTGGCTAGTCTGCGC"	""	"ERX6700412"	"ERP132578"	"testis"	"Other_somatic"	NA	NA	NA	"CL:0002371"	"somatic cell"	"perfect match"	"SN260"	NA	5
"GGTGTCGAGCAATAAC"	""	"ERX6700412"	"ERP132578"	"testis"	"Round_spermatids"	NA	NA	NA	"CL:4030036"	"early spermatid"	"perfect match"	"SN260"	NA	3
"GGTGTTAAGAAGTATC"	""	"ERX6700412"	"ERP132578"	"testis"	"Round_spermatids"	NA	NA	NA	"CL:4030036"	"early spermatid"	"perfect match"	"SN260"	NA	3
"GGTGTTATCAACACCA"	""	"ERX6700412"	"ERP132578"	"testis"	"Round_spermatids"	NA	NA	NA	"CL:4030036"	"early spermatid"	"perfect match"	"SN260"	NA	3
"GGTTAACAGCATCTTG"	""	"ERX6700412"	"ERP132578"	"testis"	"Round_spermatids"	NA	NA	NA	"CL:4030036"	"early spermatid"	"perfect match"	"SN260"	NA	3
"GGTTCTCCAAACCATC"	""	"ERX6700412"	"ERP132578"	"testis"	"Other_somatic"	NA	NA	NA	"CL:0002371"	"somatic cell"	"perfect match"	"SN260"	NA	5
"GGTTCTCCACACACGC"	""	"ERX6700412"	"ERP132578"	"testis"	"Spermatocytes"	NA	NA	NA	"CL:0000017"	"spermatocyte"	"perfect match"	"SN260"	NA	2
"GGTTCTCTCTTGAGCA"	""	"ERX6700412"	"ERP132578"	"testis"	"Round_spermatids"	NA	NA	NA	"CL:4030036"	"early spermatid"	"perfect match"	"SN260"	NA	3
"GGTTGTAAGCTCTTCC"	""	"ERX6700412"	"ERP132578"	"testis"	"Spermatocytes"	NA	NA	NA	"CL:0000017"	"spermatocyte"	"perfect match"	"SN260"	NA	2
"GGTTGTACAGCATGCC"	""	"ERX6700412"	"ERP132578"	"testis"	"Round_spermatids"	NA	NA	NA	"CL:4030036"	"early spermatid"	"perfect match"	"SN260"	NA	3
"GTAACACCAAAGGCAC"	""	"ERX6700412"	"ERP132578"	"testis"	"Round_spermatids"	NA	NA	NA	"CL:4030036"	"early spermatid"	"perfect match"	"SN260"	NA	3
"GTAACACCAAATAGCA"	""	"ERX6700412"	"ERP132578"	"testis"	"Round_spermatids"	NA	NA	NA	"CL:4030036"	"early spermatid"	"perfect match"	"SN260"	NA	3
"GTAACACCAGTCTTCC"	""	"ERX6700412"	"ERP132578"	"testis"	"Other_somatic"	NA	NA	NA	"CL:0002371"	"somatic cell"	"perfect match"	"SN260"	NA	5
"GTAACACGTACTTGTG"	""	"ERX6700412"	"ERP132578"	"testis"	"Spermatocytes"	NA	NA	NA	"CL:0000017"	"spermatocyte"	"perfect match"	"SN260"	NA	2
"GTAACACGTATCCCTC"	""	"ERX6700412"	"ERP132578"	"testis"	"Elongated_spermatids"	NA	NA	NA	"CL:4030037"	"late spermatid"	"perfect match"	"SN260"	NA	1
"GTAACACGTTCGCGTG"	""	"ERX6700412"	"ERP132578"	"testis"	"Round_spermatids"	NA	NA	NA	"CL:4030036"	"early spermatid"	"perfect match"	"SN260"	NA	3
"GTAACACTCTGAGGTT"	""	"ERX6700412"	"ERP132578"	"testis"	"Elongated_spermatids"	NA	NA	NA	"CL:4030037"	"late spermatid"	"perfect match"	"SN260"	NA	1
"GTAACCACAGCACAAG"	""	"ERX6700412"	"ERP132578"	"testis"	"Elongated_spermatids"	NA	NA	NA	"CL:4030037"	"late spermatid"	"perfect match"	"SN260"	NA	1
"GTAACCAGTACTCCCT"	""	"ERX6700412"	"ERP132578"	"testis"	"Spermatocytes"	NA	NA	NA	"CL:0000017"	"spermatocyte"	"perfect match"	"SN260"	NA	2
"GTAACCATCGGAATTC"	""	"ERX6700412"	"ERP132578"	"testis"	"Elongated_spermatids"	NA	NA	NA	"CL:4030037"	"late spermatid"	"perfect match"	"SN260"	NA	1
"GTAAGTCAGAGTGTTA"	""	"ERX6700412"	"ERP132578"	"testis"	"Round_spermatids"	NA	NA	NA	"CL:4030036"	"early spermatid"	"perfect match"	"SN260"	NA	3
"GTAATCGGTACAGTCT"	""	"ERX6700412"	"ERP132578"	"testis"	"Other_somatic"	NA	NA	NA	"CL:0002371"	"somatic cell"	"perfect match"	"SN260"	NA	5
"GTAATCGGTCACCCTT"	""	"ERX6700412"	"ERP132578"	"testis"	"Elongated_spermatids"	NA	NA	NA	"CL:4030037"	"late spermatid"	"perfect match"	"SN260"	NA	1
"GTAATCGGTTAGGACG"	""	"ERX6700412"	"ERP132578"	"testis"	"Round_spermatids"	NA	NA	NA	"CL:4030036"	"early spermatid"	"perfect match"	"SN260"	NA	3
"GTAATCGTCCATACAG"	""	"ERX6700412"	"ERP132578"	"testis"	"Elongated_spermatids"	NA	NA	NA	"CL:4030037"	"late spermatid"	"perfect match"	"SN260"	NA	1
"GTAATCGTCTATCGGA"	""	"ERX6700412"	"ERP132578"	"testis"	"Round_spermatids"	NA	NA	NA	"CL:4030036"	"early spermatid"	"perfect match"	"SN260"	NA	3
"GTAATGCAGCCTCTTC"	""	"ERX6700412"	"ERP132578"	"testis"	"Elongated_spermatids"	NA	NA	NA	"CL:4030037"	"late spermatid"	"perfect match"	"SN260"	NA	1
"GTAATGCAGCTAAATG"	""	"ERX6700412"	"ERP132578"	"testis"	"Elongated_spermatids"	NA	NA	NA	"CL:4030037"	"late spermatid"	"perfect match"	"SN260"	NA	1
"GTAATGCCAAGCTACT"	""	"ERX6700412"	"ERP132578"	"testis"	"Round_spermatids"	NA	NA	NA	"CL:4030036"	"early spermatid"	"perfect match"	"SN260"	NA	3
"GTAATGCGTCTTCAAG"	""	"ERX6700412"	"ERP132578"	"testis"	"Spermatogonia"	NA	NA	NA	"CL:0000020"	"spermatogonium"	"perfect match"	"SN260"	NA	4
"GTACAACCACGGTGTC"	""	"ERX6700412"	"ERP132578"	"testis"	"Round_spermatids"	NA	NA	NA	"CL:4030036"	"early spermatid"	"perfect match"	"SN260"	NA	3
"GTACAACGTGCTGATT"	""	"ERX6700412"	"ERP132578"	"testis"	"Round_spermatids"	NA	NA	NA	"CL:4030036"	"early spermatid"	"perfect match"	"SN260"	NA	3
"GTACAGTAGAGCAACC"	""	"ERX6700412"	"ERP132578"	"testis"	"Round_spermatids"	NA	NA	NA	"CL:4030036"	"early spermatid"	"perfect match"	"SN260"	NA	3
"GTACAGTCACGTTGGC"	""	"ERX6700412"	"ERP132578"	"testis"	"Round_spermatids"	NA	NA	NA	"CL:4030036"	"early spermatid"	"perfect match"	"SN260"	NA	3
"GTACAGTGTAGGATAT"	""	"ERX6700412"	"ERP132578"	"testis"	"Elongated_spermatids"	NA	NA	NA	"CL:4030037"	"late spermatid"	"perfect match"	"SN260"	NA	1
"GTAGAAACAAAGTGTA"	""	"ERX6700412"	"ERP132578"	"testis"	"Elongated_spermatids"	NA	NA	NA	"CL:4030037"	"late spermatid"	"perfect match"	"SN260"	NA	1
"GTAGAAACACCTCTAC"	""	"ERX6700412"	"ERP132578"	"testis"	"Elongated_spermatids"	NA	NA	NA	"CL:4030037"	"late spermatid"	"perfect match"	"SN260"	NA	1
"GTAGAAAGTGAGAGGG"	""	"ERX6700412"	"ERP132578"	"testis"	"Spermatogonia"	NA	NA	NA	"CL:0000020"	"spermatogonium"	"perfect match"	"SN260"	NA	4
"GTAGAAAGTTCAGCTA"	""	"ERX6700412"	"ERP132578"	"testis"	"Round_spermatids"	NA	NA	NA	"CL:4030036"	"early spermatid"	"perfect match"	"SN260"	NA	3
"GTAGAAATCACGGTCG"	""	"ERX6700412"	"ERP132578"	"testis"	"Round_spermatids"	NA	NA	NA	"CL:4030036"	"early spermatid"	"perfect match"	"SN260"	NA	3
"GTAGAAATCGTGCACG"	""	"ERX6700412"	"ERP132578"	"testis"	"Elongated_spermatids"	NA	NA	NA	"CL:4030037"	"late spermatid"	"perfect match"	"SN260"	NA	1
"GTAGAGGAGCCTGCCA"	""	"ERX6700412"	"ERP132578"	"testis"	"Elongated_spermatids"	NA	NA	NA	"CL:4030037"	"late spermatid"	"perfect match"	"SN260"	NA	1
"GTAGAGGAGTAAAGCT"	""	"ERX6700412"	"ERP132578"	"testis"	"Elongated_spermatids"	NA	NA	NA	"CL:4030037"	"late spermatid"	"perfect match"	"SN260"	NA	1
"GTAGAGGCAACGGGTA"	""	"ERX6700412"	"ERP132578"	"testis"	"Elongated_spermatids"	NA	NA	NA	"CL:4030037"	"late spermatid"	"perfect match"	"SN260"	NA	1
"GTAGAGGTCTGATGGT"	""	"ERX6700412"	"ERP132578"	"testis"	"Spermatocytes"	NA	NA	NA	"CL:0000017"	"spermatocyte"	"perfect match"	"SN260"	NA	2
"GTAGATCAGCTGAAAT"	""	"ERX6700412"	"ERP132578"	"testis"	"Round_spermatids"	NA	NA	NA	"CL:4030036"	"early spermatid"	"perfect match"	"SN260"	NA	3
"GTAGATCAGTCATTGC"	""	"ERX6700412"	"ERP132578"	"testis"	"Other_somatic"	NA	NA	NA	"CL:0002371"	"somatic cell"	"perfect match"	"SN260"	NA	5
"GTAGATCCAATGTTGC"	""	"ERX6700412"	"ERP132578"	"testis"	"Spermatocytes"	NA	NA	NA	"CL:0000017"	"spermatocyte"	"perfect match"	"SN260"	NA	2
"GTAGATCCAGCTGTGC"	""	"ERX6700412"	"ERP132578"	"testis"	"Spermatocytes"	NA	NA	NA	"CL:0000017"	"spermatocyte"	"perfect match"	"SN260"	NA	2
"GTAGATCTCGGAATGG"	""	"ERX6700412"	"ERP132578"	"testis"	"Spermatogonia"	NA	NA	NA	"CL:0000020"	"spermatogonium"	"perfect match"	"SN260"	NA	4
"GTAGCTACATGTGGTT"	""	"ERX6700412"	"ERP132578"	"testis"	"Spermatocytes"	NA	NA	NA	"CL:0000017"	"spermatocyte"	"perfect match"	"SN260"	NA	2
"GTAGCTAGTACAGCGA"	""	"ERX6700412"	"ERP132578"	"testis"	"Elongated_spermatids"	NA	NA	NA	"CL:4030037"	"late spermatid"	"perfect match"	"SN260"	NA	1
"GTAGCTATCTGTCCCA"	""	"ERX6700412"	"ERP132578"	"testis"	"Round_spermatids"	NA	NA	NA	"CL:4030036"	"early spermatid"	"perfect match"	"SN260"	NA	3
"GTAGGAGAGCCGCACT"	""	"ERX6700412"	"ERP132578"	"testis"	"Round_spermatids"	NA	NA	NA	"CL:4030036"	"early spermatid"	"perfect match"	"SN260"	NA	3
"GTAGGAGCACGAGAAC"	""	"ERX6700412"	"ERP132578"	"testis"	"Spermatocytes"	NA	NA	NA	"CL:0000017"	"spermatocyte"	"perfect match"	"SN260"	NA	2
"GTAGGAGTCACCACAA"	""	"ERX6700412"	"ERP132578"	"testis"	"Round_spermatids"	NA	NA	NA	"CL:4030036"	"early spermatid"	"perfect match"	"SN260"	NA	3
"GTAGGTTGTATCACCA"	""	"ERX6700412"	"ERP132578"	"testis"	"Round_spermatids"	NA	NA	NA	"CL:4030036"	"early spermatid"	"perfect match"	"SN260"	NA	3
"GTAGGTTTCAATCTCT"	""	"ERX6700412"	"ERP132578"	"testis"	"Round_spermatids"	NA	NA	NA	"CL:4030036"	"early spermatid"	"perfect match"	"SN260"	NA	3
"GTAGGTTTCTGCTTTA"	""	"ERX6700412"	"ERP132578"	"testis"	"Spermatocytes"	NA	NA	NA	"CL:0000017"	"spermatocyte"	"perfect match"	"SN260"	NA	2
"GTAGTACAGGTGCCTC"	""	"ERX6700412"	"ERP132578"	"testis"	"Round_spermatids"	NA	NA	NA	"CL:4030036"	"early spermatid"	"perfect match"	"SN260"	NA	3
"GTAGTACCAGAGGACT"	""	"ERX6700412"	"ERP132578"	"testis"	"Round_spermatids"	NA	NA	NA	"CL:4030036"	"early spermatid"	"perfect match"	"SN260"	NA	3
"GTATTGGCAAGCCATT"	""	"ERX6700412"	"ERP132578"	"testis"	"Round_spermatids"	NA	NA	NA	"CL:4030036"	"early spermatid"	"perfect match"	"SN260"	NA	3
"GTATTGGGTTGCTCGG"	""	"ERX6700412"	"ERP132578"	"testis"	"Spermatogonia"	NA	NA	NA	"CL:0000020"	"spermatogonium"	"perfect match"	"SN260"	NA	4
"GTATTTCAGACTCTAC"	""	"ERX6700412"	"ERP132578"	"testis"	"Other_somatic"	NA	NA	NA	"CL:0002371"	"somatic cell"	"perfect match"	"SN260"	NA	5
"GTATTTCAGTATCTGC"	""	"ERX6700412"	"ERP132578"	"testis"	"Round_spermatids"	NA	NA	NA	"CL:4030036"	"early spermatid"	"perfect match"	"SN260"	NA	3
"GTATTTCCAAACTAGA"	""	"ERX6700412"	"ERP132578"	"testis"	"Spermatocytes"	NA	NA	NA	"CL:0000017"	"spermatocyte"	"perfect match"	"SN260"	NA	2
"GTATTTCCATGACTGT"	""	"ERX6700412"	"ERP132578"	"testis"	"Round_spermatids"	NA	NA	NA	"CL:4030036"	"early spermatid"	"perfect match"	"SN260"	NA	3
"GTATTTCGTACCTAGT"	""	"ERX6700412"	"ERP132578"	"testis"	"Round_spermatids"	NA	NA	NA	"CL:4030036"	"early spermatid"	"perfect match"	"SN260"	NA	3
"GTATTTCGTCAATCTG"	""	"ERX6700412"	"ERP132578"	"testis"	"Elongated_spermatids"	NA	NA	NA	"CL:4030037"	"late spermatid"	"perfect match"	"SN260"	NA	1
"GTCAAACGTCTACAAC"	""	"ERX6700412"	"ERP132578"	"testis"	"Round_spermatids"	NA	NA	NA	"CL:4030036"	"early spermatid"	"perfect match"	"SN260"	NA	3
"GTCAAACTCCAGTACA"	""	"ERX6700412"	"ERP132578"	"testis"	"Elongated_spermatids"	NA	NA	NA	"CL:4030037"	"late spermatid"	"perfect match"	"SN260"	NA	1
"GTCAAACTCCCGTTGT"	""	"ERX6700412"	"ERP132578"	"testis"	"Spermatocytes"	NA	NA	NA	"CL:0000017"	"spermatocyte"	"perfect match"	"SN260"	NA	2
"GTCAAGTAGAAGTCTA"	""	"ERX6700412"	"ERP132578"	"testis"	"Round_spermatids"	NA	NA	NA	"CL:4030036"	"early spermatid"	"perfect match"	"SN260"	NA	3
"GTCAAGTCACAAATGA"	""	"ERX6700412"	"ERP132578"	"testis"	"Spermatogonia"	NA	NA	NA	"CL:0000020"	"spermatogonium"	"perfect match"	"SN260"	NA	4
"GTCAAGTCACCGTGGT"	""	"ERX6700412"	"ERP132578"	"testis"	"Elongated_spermatids"	NA	NA	NA	"CL:4030037"	"late spermatid"	"perfect match"	"SN260"	NA	1
"GTCAAGTTCTATCGGA"	""	"ERX6700412"	"ERP132578"	"testis"	"Round_spermatids"	NA	NA	NA	"CL:4030036"	"early spermatid"	"perfect match"	"SN260"	NA	3
"GTCACGGAGTACGTCT"	""	"ERX6700412"	"ERP132578"	"testis"	"Spermatogonia"	NA	NA	NA	"CL:0000020"	"spermatogonium"	"perfect match"	"SN260"	NA	4
"GTCACGGGTGCATGTT"	""	"ERX6700412"	"ERP132578"	"testis"	"Round_spermatids"	NA	NA	NA	"CL:4030036"	"early spermatid"	"perfect match"	"SN260"	NA	3
"GTCACGGTCATCCCGT"	""	"ERX6700412"	"ERP132578"	"testis"	"Round_spermatids"	NA	NA	NA	"CL:4030036"	"early spermatid"	"perfect match"	"SN260"	NA	3
"GTCACTCAGGGCTAAC"	""	"ERX6700412"	"ERP132578"	"testis"	"Spermatocytes"	NA	NA	NA	"CL:0000017"	"spermatocyte"	"perfect match"	"SN260"	NA	2
"GTCACTCAGTTAGTAG"	""	"ERX6700412"	"ERP132578"	"testis"	"Spermatogonia"	NA	NA	NA	"CL:0000020"	"spermatogonium"	"perfect match"	"SN260"	NA	4
"GTCACTCGTGACGCCT"	""	"ERX6700412"	"ERP132578"	"testis"	"Elongated_spermatids"	NA	NA	NA	"CL:4030037"	"late spermatid"	"perfect match"	"SN260"	NA	1
"GTCACTCGTTGCAAGG"	""	"ERX6700412"	"ERP132578"	"testis"	"Spermatogonia"	NA	NA	NA	"CL:0000020"	"spermatogonium"	"perfect match"	"SN260"	NA	4
"GTCAGCGAGATCGCCC"	""	"ERX6700412"	"ERP132578"	"testis"	"Other_somatic"	NA	NA	NA	"CL:0002371"	"somatic cell"	"perfect match"	"SN260"	NA	5
"GTCAGCGAGCGATCGA"	""	"ERX6700412"	"ERP132578"	"testis"	"Round_spermatids"	NA	NA	NA	"CL:4030036"	"early spermatid"	"perfect match"	"SN260"	NA	3
"GTCAGCGCACGCAAAG"	""	"ERX6700412"	"ERP132578"	"testis"	"Elongated_spermatids"	NA	NA	NA	"CL:4030037"	"late spermatid"	"perfect match"	"SN260"	NA	1
"GTCAGCGGTCTCAGAT"	""	"ERX6700412"	"ERP132578"	"testis"	"Elongated_spermatids"	NA	NA	NA	"CL:4030037"	"late spermatid"	"perfect match"	"SN260"	NA	1
"GTCATCCGTACTAAGA"	""	"ERX6700412"	"ERP132578"	"testis"	"Spermatogonia"	NA	NA	NA	"CL:0000020"	"spermatogonium"	"perfect match"	"SN260"	NA	4
"GTCATCCGTTCTTCAT"	""	"ERX6700412"	"ERP132578"	"testis"	"Round_spermatids"	NA	NA	NA	"CL:4030036"	"early spermatid"	"perfect match"	"SN260"	NA	3
"GTCATGACACTGTGAT"	""	"ERX6700412"	"ERP132578"	"testis"	"Spermatocytes"	NA	NA	NA	"CL:0000017"	"spermatocyte"	"perfect match"	"SN260"	NA	2
"GTCATGAGTCCAATCA"	""	"ERX6700412"	"ERP132578"	"testis"	"Elongated_spermatids"	NA	NA	NA	"CL:4030037"	"late spermatid"	"perfect match"	"SN260"	NA	1
"GTCATGAGTTGTTTGG"	""	"ERX6700412"	"ERP132578"	"testis"	"Elongated_spermatids"	NA	NA	NA	"CL:4030037"	"late spermatid"	"perfect match"	"SN260"	NA	1
"GTCCACTAGAAGGTAG"	""	"ERX6700412"	"ERP132578"	"testis"	"Spermatocytes"	NA	NA	NA	"CL:0000017"	"spermatocyte"	"perfect match"	"SN260"	NA	2
"GTCCACTAGCACCTGC"	""	"ERX6700412"	"ERP132578"	"testis"	"Elongated_spermatids"	NA	NA	NA	"CL:4030037"	"late spermatid"	"perfect match"	"SN260"	NA	1
"GTCCACTTCCTATTTG"	""	"ERX6700412"	"ERP132578"	"testis"	"Elongated_spermatids"	NA	NA	NA	"CL:4030037"	"late spermatid"	"perfect match"	"SN260"	NA	1
"GTCCCATAGATCGCCC"	""	"ERX6700412"	"ERP132578"	"testis"	"Round_spermatids"	NA	NA	NA	"CL:4030036"	"early spermatid"	"perfect match"	"SN260"	NA	3
"GTCCCATCACCGAATT"	""	"ERX6700412"	"ERP132578"	"testis"	"Other_somatic"	NA	NA	NA	"CL:0002371"	"somatic cell"	"perfect match"	"SN260"	NA	5
"GTCCTCAAGCTCGGCT"	""	"ERX6700412"	"ERP132578"	"testis"	"Round_spermatids"	NA	NA	NA	"CL:4030036"	"early spermatid"	"perfect match"	"SN260"	NA	3
"GTCCTCACACATATCG"	""	"ERX6700412"	"ERP132578"	"testis"	"Round_spermatids"	NA	NA	NA	"CL:4030036"	"early spermatid"	"perfect match"	"SN260"	NA	3
"GTCCTCACAGTGTGGA"	""	"ERX6700412"	"ERP132578"	"testis"	"Round_spermatids"	NA	NA	NA	"CL:4030036"	"early spermatid"	"perfect match"	"SN260"	NA	3
"GTCCTCATCAGCATTG"	""	"ERX6700412"	"ERP132578"	"testis"	"Spermatocytes"	NA	NA	NA	"CL:0000017"	"spermatocyte"	"perfect match"	"SN260"	NA	2
"GTCCTCATCGATGCTA"	""	"ERX6700412"	"ERP132578"	"testis"	"Spermatocytes"	NA	NA	NA	"CL:0000017"	"spermatocyte"	"perfect match"	"SN260"	NA	2
"GTCGAATGTAACGGTG"	""	"ERX6700412"	"ERP132578"	"testis"	"Elongated_spermatids"	NA	NA	NA	"CL:4030037"	"late spermatid"	"perfect match"	"SN260"	NA	1
"GTCGAATTCTAACGCA"	""	"ERX6700412"	"ERP132578"	"testis"	"Spermatogonia"	NA	NA	NA	"CL:0000020"	"spermatogonium"	"perfect match"	"SN260"	NA	4
"GTCGCGAGTCGATTTG"	""	"ERX6700412"	"ERP132578"	"testis"	"Round_spermatids"	NA	NA	NA	"CL:4030036"	"early spermatid"	"perfect match"	"SN260"	NA	3
"GTCGTTCCACGACTAT"	""	"ERX6700412"	"ERP132578"	"testis"	"Elongated_spermatids"	NA	NA	NA	"CL:4030037"	"late spermatid"	"perfect match"	"SN260"	NA	1
"GTCGTTCTCGGCTTGG"	""	"ERX6700412"	"ERP132578"	"testis"	"Other_somatic"	NA	NA	NA	"CL:0002371"	"somatic cell"	"perfect match"	"SN260"	NA	5
"GTCGTTCTCTTTCAGT"	""	"ERX6700412"	"ERP132578"	"testis"	"Round_spermatids"	NA	NA	NA	"CL:4030036"	"early spermatid"	"perfect match"	"SN260"	NA	3
"GTCTACCCACGTACTA"	""	"ERX6700412"	"ERP132578"	"testis"	"Round_spermatids"	NA	NA	NA	"CL:4030036"	"early spermatid"	"perfect match"	"SN260"	NA	3
"GTCTAGAGTAACATGA"	""	"ERX6700412"	"ERP132578"	"testis"	"Round_spermatids"	NA	NA	NA	"CL:4030036"	"early spermatid"	"perfect match"	"SN260"	NA	3
"GTCTAGATCGATCCAA"	""	"ERX6700412"	"ERP132578"	"testis"	"Elongated_spermatids"	NA	NA	NA	"CL:4030037"	"late spermatid"	"perfect match"	"SN260"	NA	1
"GTCTCACAGGATTCCT"	""	"ERX6700412"	"ERP132578"	"testis"	"Round_spermatids"	NA	NA	NA	"CL:4030036"	"early spermatid"	"perfect match"	"SN260"	NA	3
"GTCTCACGTGTGTCGC"	""	"ERX6700412"	"ERP132578"	"testis"	"Round_spermatids"	NA	NA	NA	"CL:4030036"	"early spermatid"	"perfect match"	"SN260"	NA	3
"GTCTGTCAGCCATTGT"	""	"ERX6700412"	"ERP132578"	"testis"	"Round_spermatids"	NA	NA	NA	"CL:4030036"	"early spermatid"	"perfect match"	"SN260"	NA	3
"GTCTGTCCAGTTTCAG"	""	"ERX6700412"	"ERP132578"	"testis"	"Spermatocytes"	NA	NA	NA	"CL:0000017"	"spermatocyte"	"perfect match"	"SN260"	NA	2
"GTCTGTCGTGGAAATT"	""	"ERX6700412"	"ERP132578"	"testis"	"Spermatogonia"	NA	NA	NA	"CL:0000020"	"spermatogonium"	"perfect match"	"SN260"	NA	4
"GTCTTTAAGGAATGTT"	""	"ERX6700412"	"ERP132578"	"testis"	"Elongated_spermatids"	NA	NA	NA	"CL:4030037"	"late spermatid"	"perfect match"	"SN260"	NA	1
"GTCTTTAGTAGAATAC"	""	"ERX6700412"	"ERP132578"	"testis"	"Elongated_spermatids"	NA	NA	NA	"CL:4030037"	"late spermatid"	"perfect match"	"SN260"	NA	1
"GTCTTTAGTCCCAAAT"	""	"ERX6700412"	"ERP132578"	"testis"	"Spermatocytes"	NA	NA	NA	"CL:0000017"	"spermatocyte"	"perfect match"	"SN260"	NA	2
"GTCTTTAGTCGACTGC"	""	"ERX6700412"	"ERP132578"	"testis"	"Round_spermatids"	NA	NA	NA	"CL:4030036"	"early spermatid"	"perfect match"	"SN260"	NA	3
"GTGACGCAGCCGTCGT"	""	"ERX6700412"	"ERP132578"	"testis"	"Spermatocytes"	NA	NA	NA	"CL:0000017"	"spermatocyte"	"perfect match"	"SN260"	NA	2
"GTGACGCGTCACCGCA"	""	"ERX6700412"	"ERP132578"	"testis"	"Spermatogonia"	NA	NA	NA	"CL:0000020"	"spermatogonium"	"perfect match"	"SN260"	NA	4
"GTGACGCGTTGAGGAC"	""	"ERX6700412"	"ERP132578"	"testis"	"Round_spermatids"	NA	NA	NA	"CL:4030036"	"early spermatid"	"perfect match"	"SN260"	NA	3
"GTGACGCTCCGTGGTG"	""	"ERX6700412"	"ERP132578"	"testis"	"Spermatocytes"	NA	NA	NA	"CL:0000017"	"spermatocyte"	"perfect match"	"SN260"	NA	2
"GTGACGCTCGTAGAGG"	""	"ERX6700412"	"ERP132578"	"testis"	"Round_spermatids"	NA	NA	NA	"CL:4030036"	"early spermatid"	"perfect match"	"SN260"	NA	3
"GTGACGCTCTTGCAAG"	""	"ERX6700412"	"ERP132578"	"testis"	"Spermatocytes"	NA	NA	NA	"CL:0000017"	"spermatocyte"	"perfect match"	"SN260"	NA	2
"GTGAGCCAGATAGGGA"	""	"ERX6700412"	"ERP132578"	"testis"	"Spermatocytes"	NA	NA	NA	"CL:0000017"	"spermatocyte"	"perfect match"	"SN260"	NA	2
"GTGAGCCAGCAGCGAT"	""	"ERX6700412"	"ERP132578"	"testis"	"Elongated_spermatids"	NA	NA	NA	"CL:4030037"	"late spermatid"	"perfect match"	"SN260"	NA	1
"GTGAGCCCACGTCGGT"	""	"ERX6700412"	"ERP132578"	"testis"	"Spermatogonia"	NA	NA	NA	"CL:0000020"	"spermatogonium"	"perfect match"	"SN260"	NA	4
"GTGAGCCGTTTACTGG"	""	"ERX6700412"	"ERP132578"	"testis"	"Spermatocytes"	NA	NA	NA	"CL:0000017"	"spermatocyte"	"perfect match"	"SN260"	NA	2
"GTGAGGAAGAGTCAAT"	""	"ERX6700412"	"ERP132578"	"testis"	"Round_spermatids"	NA	NA	NA	"CL:4030036"	"early spermatid"	"perfect match"	"SN260"	NA	3
"GTGAGGACAACACAGG"	""	"ERX6700412"	"ERP132578"	"testis"	"Spermatogonia"	NA	NA	NA	"CL:0000020"	"spermatogonium"	"perfect match"	"SN260"	NA	4
"GTGAGGAGTAACGCGA"	""	"ERX6700412"	"ERP132578"	"testis"	"Elongated_spermatids"	NA	NA	NA	"CL:4030037"	"late spermatid"	"perfect match"	"SN260"	NA	1
"GTGAGGAGTGCAACGA"	""	"ERX6700412"	"ERP132578"	"testis"	"Elongated_spermatids"	NA	NA	NA	"CL:4030037"	"late spermatid"	"perfect match"	"SN260"	NA	1
"GTGAGGAGTGCGTTTA"	""	"ERX6700412"	"ERP132578"	"testis"	"Spermatogonia"	NA	NA	NA	"CL:0000020"	"spermatogonium"	"perfect match"	"SN260"	NA	4
"GTGAGGAGTTGTATGC"	""	"ERX6700412"	"ERP132578"	"testis"	"Spermatocytes"	NA	NA	NA	"CL:0000017"	"spermatocyte"	"perfect match"	"SN260"	NA	2
"GTGAGGATCGAATCCA"	""	"ERX6700412"	"ERP132578"	"testis"	"Spermatocytes"	NA	NA	NA	"CL:0000017"	"spermatocyte"	"perfect match"	"SN260"	NA	2
"GTGAGGATCGTGGGTC"	""	"ERX6700412"	"ERP132578"	"testis"	"Elongated_spermatids"	NA	NA	NA	"CL:4030037"	"late spermatid"	"perfect match"	"SN260"	NA	1
"GTGAGGATCTCCGTGT"	""	"ERX6700412"	"ERP132578"	"testis"	"Elongated_spermatids"	NA	NA	NA	"CL:4030037"	"late spermatid"	"perfect match"	"SN260"	NA	1
"GTGATGTCATGCGGTC"	""	"ERX6700412"	"ERP132578"	"testis"	"Spermatocytes"	NA	NA	NA	"CL:0000017"	"spermatocyte"	"perfect match"	"SN260"	NA	2
"GTGATGTTCAGCTAGT"	""	"ERX6700412"	"ERP132578"	"testis"	"Elongated_spermatids"	NA	NA	NA	"CL:4030037"	"late spermatid"	"perfect match"	"SN260"	NA	1
"GTGATGTTCGGACTTA"	""	"ERX6700412"	"ERP132578"	"testis"	"Round_spermatids"	NA	NA	NA	"CL:4030036"	"early spermatid"	"perfect match"	"SN260"	NA	3
"GTGATGTTCTGCATGA"	""	"ERX6700412"	"ERP132578"	"testis"	"Elongated_spermatids"	NA	NA	NA	"CL:4030037"	"late spermatid"	"perfect match"	"SN260"	NA	1
"GTGCACGGTCAGTCGC"	""	"ERX6700412"	"ERP132578"	"testis"	"Spermatogonia"	NA	NA	NA	"CL:0000020"	"spermatogonium"	"perfect match"	"SN260"	NA	4
"GTGCACGGTGCTAGCC"	""	"ERX6700412"	"ERP132578"	"testis"	"Spermatocytes"	NA	NA	NA	"CL:0000017"	"spermatocyte"	"perfect match"	"SN260"	NA	2
"GTGCACGTCAACGAGG"	""	"ERX6700412"	"ERP132578"	"testis"	"Spermatocytes"	NA	NA	NA	"CL:0000017"	"spermatocyte"	"perfect match"	"SN260"	NA	2
"GTGCAGCAGACATAGT"	""	"ERX6700412"	"ERP132578"	"testis"	"Spermatogonia"	NA	NA	NA	"CL:0000020"	"spermatogonium"	"perfect match"	"SN260"	NA	4
"GTGCAGCCACAAATAG"	""	"ERX6700412"	"ERP132578"	"testis"	"Elongated_spermatids"	NA	NA	NA	"CL:4030037"	"late spermatid"	"perfect match"	"SN260"	NA	1
"GTGCAGCCACAGTATC"	""	"ERX6700412"	"ERP132578"	"testis"	"Spermatocytes"	NA	NA	NA	"CL:0000017"	"spermatocyte"	"perfect match"	"SN260"	NA	2
"GTGCGTGAGGTAGCCA"	""	"ERX6700412"	"ERP132578"	"testis"	"Round_spermatids"	NA	NA	NA	"CL:4030036"	"early spermatid"	"perfect match"	"SN260"	NA	3
"GTGCGTGGTTAGCGGA"	""	"ERX6700412"	"ERP132578"	"testis"	"Round_spermatids"	NA	NA	NA	"CL:4030036"	"early spermatid"	"perfect match"	"SN260"	NA	3
"GTGCGTGTCAGGAAGC"	""	"ERX6700412"	"ERP132578"	"testis"	"Round_spermatids"	NA	NA	NA	"CL:4030036"	"early spermatid"	"perfect match"	"SN260"	NA	3
"GTGCTGGCATCGATAC"	""	"ERX6700412"	"ERP132578"	"testis"	"Spermatocytes"	NA	NA	NA	"CL:0000017"	"spermatocyte"	"perfect match"	"SN260"	NA	2
"GTGCTGGCATTCTTCA"	""	"ERX6700412"	"ERP132578"	"testis"	"Round_spermatids"	NA	NA	NA	"CL:4030036"	"early spermatid"	"perfect match"	"SN260"	NA	3
"GTGCTGGGTAGGTCAG"	""	"ERX6700412"	"ERP132578"	"testis"	"Round_spermatids"	NA	NA	NA	"CL:4030036"	"early spermatid"	"perfect match"	"SN260"	NA	3
"GTGCTGGTCATCGTAG"	""	"ERX6700412"	"ERP132578"	"testis"	"Round_spermatids"	NA	NA	NA	"CL:4030036"	"early spermatid"	"perfect match"	"SN260"	NA	3
"GTGCTTCTCTCGTCGT"	""	"ERX6700412"	"ERP132578"	"testis"	"Round_spermatids"	NA	NA	NA	"CL:4030036"	"early spermatid"	"perfect match"	"SN260"	NA	3
"GTGGAAGAGTTACGAA"	""	"ERX6700412"	"ERP132578"	"testis"	"Round_spermatids"	NA	NA	NA	"CL:4030036"	"early spermatid"	"perfect match"	"SN260"	NA	3
"GTGGAAGGTGCAACAG"	""	"ERX6700412"	"ERP132578"	"testis"	"Spermatocytes"	NA	NA	NA	"CL:0000017"	"spermatocyte"	"perfect match"	"SN260"	NA	2
"GTGGAGAAGGTGCGAT"	""	"ERX6700412"	"ERP132578"	"testis"	"Round_spermatids"	NA	NA	NA	"CL:4030036"	"early spermatid"	"perfect match"	"SN260"	NA	3
"GTGGAGACATGACCCG"	""	"ERX6700412"	"ERP132578"	"testis"	"Round_spermatids"	NA	NA	NA	"CL:4030036"	"early spermatid"	"perfect match"	"SN260"	NA	3
"GTGGCGTAGGCACAAC"	""	"ERX6700412"	"ERP132578"	"testis"	"Round_spermatids"	NA	NA	NA	"CL:4030036"	"early spermatid"	"perfect match"	"SN260"	NA	3
"GTGGCGTCATGGAGAC"	""	"ERX6700412"	"ERP132578"	"testis"	"Round_spermatids"	NA	NA	NA	"CL:4030036"	"early spermatid"	"perfect match"	"SN260"	NA	3
"GTGGCGTCATGTTCGA"	""	"ERX6700412"	"ERP132578"	"testis"	"Spermatocytes"	NA	NA	NA	"CL:0000017"	"spermatocyte"	"perfect match"	"SN260"	NA	2
"GTGGCGTGTCGGAACA"	""	"ERX6700412"	"ERP132578"	"testis"	"Round_spermatids"	NA	NA	NA	"CL:4030036"	"early spermatid"	"perfect match"	"SN260"	NA	3
"GTGGGAAAGCACTCCG"	""	"ERX6700412"	"ERP132578"	"testis"	"Elongated_spermatids"	NA	NA	NA	"CL:4030037"	"late spermatid"	"perfect match"	"SN260"	NA	1
"GTGGGAATCTGTCCCA"	""	"ERX6700412"	"ERP132578"	"testis"	"Round_spermatids"	NA	NA	NA	"CL:4030036"	"early spermatid"	"perfect match"	"SN260"	NA	3
"GTGGTTAAGCTCAGAG"	""	"ERX6700412"	"ERP132578"	"testis"	"Elongated_spermatids"	NA	NA	NA	"CL:4030037"	"late spermatid"	"perfect match"	"SN260"	NA	1
"GTGGTTAAGGGCGAGA"	""	"ERX6700412"	"ERP132578"	"testis"	"Round_spermatids"	NA	NA	NA	"CL:4030036"	"early spermatid"	"perfect match"	"SN260"	NA	3
"GTGGTTACATGACAAA"	""	"ERX6700412"	"ERP132578"	"testis"	"Elongated_spermatids"	NA	NA	NA	"CL:4030037"	"late spermatid"	"perfect match"	"SN260"	NA	1
"GTGTAACCAACACTAC"	""	"ERX6700412"	"ERP132578"	"testis"	"Round_spermatids"	NA	NA	NA	"CL:4030036"	"early spermatid"	"perfect match"	"SN260"	NA	3
"GTGTAACCAGTCACGC"	""	"ERX6700412"	"ERP132578"	"testis"	"Round_spermatids"	NA	NA	NA	"CL:4030036"	"early spermatid"	"perfect match"	"SN260"	NA	3
"GTGTAACGTAGCTGAG"	""	"ERX6700412"	"ERP132578"	"testis"	"Spermatocytes"	NA	NA	NA	"CL:0000017"	"spermatocyte"	"perfect match"	"SN260"	NA	2
"GTGTAACGTTGCTCAA"	""	"ERX6700412"	"ERP132578"	"testis"	"Round_spermatids"	NA	NA	NA	"CL:4030036"	"early spermatid"	"perfect match"	"SN260"	NA	3
"GTGTAACTCGGTTCAA"	""	"ERX6700412"	"ERP132578"	"testis"	"Round_spermatids"	NA	NA	NA	"CL:4030036"	"early spermatid"	"perfect match"	"SN260"	NA	3
"GTGTCCTCAATGTTGC"	""	"ERX6700412"	"ERP132578"	"testis"	"Round_spermatids"	NA	NA	NA	"CL:4030036"	"early spermatid"	"perfect match"	"SN260"	NA	3
"GTGTCCTCAGTTGCGC"	""	"ERX6700412"	"ERP132578"	"testis"	"Other_somatic"	NA	NA	NA	"CL:0002371"	"somatic cell"	"perfect match"	"SN260"	NA	5
"GTGTGATAGGCTGGAT"	""	"ERX6700412"	"ERP132578"	"testis"	"Round_spermatids"	NA	NA	NA	"CL:4030036"	"early spermatid"	"perfect match"	"SN260"	NA	3
"GTGTGATCATAGGTTC"	""	"ERX6700412"	"ERP132578"	"testis"	"Round_spermatids"	NA	NA	NA	"CL:4030036"	"early spermatid"	"perfect match"	"SN260"	NA	3
"GTGTGATGTCTGGTTA"	""	"ERX6700412"	"ERP132578"	"testis"	"Round_spermatids"	NA	NA	NA	"CL:4030036"	"early spermatid"	"perfect match"	"SN260"	NA	3
"GTGTGGCGTTGTCAGT"	""	"ERX6700412"	"ERP132578"	"testis"	"Elongated_spermatids"	NA	NA	NA	"CL:4030037"	"late spermatid"	"perfect match"	"SN260"	NA	1
"GTGTGGCTCATCTCTA"	""	"ERX6700412"	"ERP132578"	"testis"	"Round_spermatids"	NA	NA	NA	"CL:4030036"	"early spermatid"	"perfect match"	"SN260"	NA	3
"GTGTGGCTCCCGTTCA"	""	"ERX6700412"	"ERP132578"	"testis"	"Spermatogonia"	NA	NA	NA	"CL:0000020"	"spermatogonium"	"perfect match"	"SN260"	NA	4
"GTGTTAGAGTCATCGT"	""	"ERX6700412"	"ERP132578"	"testis"	"Round_spermatids"	NA	NA	NA	"CL:4030036"	"early spermatid"	"perfect match"	"SN260"	NA	3
"GTGTTAGGTACCAATC"	""	"ERX6700412"	"ERP132578"	"testis"	"Round_spermatids"	NA	NA	NA	"CL:4030036"	"early spermatid"	"perfect match"	"SN260"	NA	3
"GTGTTCCAGGATTTGA"	""	"ERX6700412"	"ERP132578"	"testis"	"Elongated_spermatids"	NA	NA	NA	"CL:4030037"	"late spermatid"	"perfect match"	"SN260"	NA	1
"GTGTTCCCACGCCAGT"	""	"ERX6700412"	"ERP132578"	"testis"	"Spermatocytes"	NA	NA	NA	"CL:0000017"	"spermatocyte"	"perfect match"	"SN260"	NA	2
"GTGTTCCGTCCAGAAG"	""	"ERX6700412"	"ERP132578"	"testis"	"Spermatocytes"	NA	NA	NA	"CL:0000017"	"spermatocyte"	"perfect match"	"SN260"	NA	2
"GTTACAGTCCTGATAG"	""	"ERX6700412"	"ERP132578"	"testis"	"Round_spermatids"	NA	NA	NA	"CL:4030036"	"early spermatid"	"perfect match"	"SN260"	NA	3
"GTTACCCAGCAACCAG"	""	"ERX6700412"	"ERP132578"	"testis"	"Round_spermatids"	NA	NA	NA	"CL:4030036"	"early spermatid"	"perfect match"	"SN260"	NA	3
"GTTACGAAGACGTCCC"	""	"ERX6700412"	"ERP132578"	"testis"	"Round_spermatids"	NA	NA	NA	"CL:4030036"	"early spermatid"	"perfect match"	"SN260"	NA	3
"GTTACGATCTGTTCAT"	""	"ERX6700412"	"ERP132578"	"testis"	"Spermatocytes"	NA	NA	NA	"CL:0000017"	"spermatocyte"	"perfect match"	"SN260"	NA	2
"GTTAGACAGTCTTCGA"	""	"ERX6700412"	"ERP132578"	"testis"	"Elongated_spermatids"	NA	NA	NA	"CL:4030037"	"late spermatid"	"perfect match"	"SN260"	NA	1
"GTTAGACGTTGTCCCT"	""	"ERX6700412"	"ERP132578"	"testis"	"Elongated_spermatids"	NA	NA	NA	"CL:4030037"	"late spermatid"	"perfect match"	"SN260"	NA	1
"GTTAGACTCACTGCTC"	""	"ERX6700412"	"ERP132578"	"testis"	"Round_spermatids"	NA	NA	NA	"CL:4030036"	"early spermatid"	"perfect match"	"SN260"	NA	3
"GTTAGACTCTCAGTCC"	""	"ERX6700412"	"ERP132578"	"testis"	"Spermatogonia"	NA	NA	NA	"CL:0000020"	"spermatogonium"	"perfect match"	"SN260"	NA	4
"GTTAGACTCTCGACCT"	""	"ERX6700412"	"ERP132578"	"testis"	"Spermatogonia"	NA	NA	NA	"CL:0000020"	"spermatogonium"	"perfect match"	"SN260"	NA	4
"GTTAGTGAGCATGCGA"	""	"ERX6700412"	"ERP132578"	"testis"	"Elongated_spermatids"	NA	NA	NA	"CL:4030037"	"late spermatid"	"perfect match"	"SN260"	NA	1
"GTTAGTGGTTCGGTCG"	""	"ERX6700412"	"ERP132578"	"testis"	"Round_spermatids"	NA	NA	NA	"CL:4030036"	"early spermatid"	"perfect match"	"SN260"	NA	3
"GTTATGGAGGATACGC"	""	"ERX6700412"	"ERP132578"	"testis"	"Spermatocytes"	NA	NA	NA	"CL:0000017"	"spermatocyte"	"perfect match"	"SN260"	NA	2
"GTTATGGCAACTGCTA"	""	"ERX6700412"	"ERP132578"	"testis"	"Round_spermatids"	NA	NA	NA	"CL:4030036"	"early spermatid"	"perfect match"	"SN260"	NA	3
"GTTATGGCACTTGGCG"	""	"ERX6700412"	"ERP132578"	"testis"	"Elongated_spermatids"	NA	NA	NA	"CL:4030037"	"late spermatid"	"perfect match"	"SN260"	NA	1
"GTTATGGGTAGAATAC"	""	"ERX6700412"	"ERP132578"	"testis"	"Round_spermatids"	NA	NA	NA	"CL:4030036"	"early spermatid"	"perfect match"	"SN260"	NA	3
"GTTATGGTCGGAGTAG"	""	"ERX6700412"	"ERP132578"	"testis"	"Round_spermatids"	NA	NA	NA	"CL:4030036"	"early spermatid"	"perfect match"	"SN260"	NA	3
"GTTCATTAGCAGGGAG"	""	"ERX6700412"	"ERP132578"	"testis"	"Elongated_spermatids"	NA	NA	NA	"CL:4030037"	"late spermatid"	"perfect match"	"SN260"	NA	1
"GTTCATTCAAACCATC"	""	"ERX6700412"	"ERP132578"	"testis"	"Round_spermatids"	NA	NA	NA	"CL:4030036"	"early spermatid"	"perfect match"	"SN260"	NA	3
"GTTCATTTCCATTCGC"	""	"ERX6700412"	"ERP132578"	"testis"	"Spermatogonia"	NA	NA	NA	"CL:0000020"	"spermatogonium"	"perfect match"	"SN260"	NA	4
"GTTCCGTCACAGCATT"	""	"ERX6700412"	"ERP132578"	"testis"	"Round_spermatids"	NA	NA	NA	"CL:4030036"	"early spermatid"	"perfect match"	"SN260"	NA	3
"GTTCCGTGTTCAAGTC"	""	"ERX6700412"	"ERP132578"	"testis"	"Elongated_spermatids"	NA	NA	NA	"CL:4030037"	"late spermatid"	"perfect match"	"SN260"	NA	1
"GTTCCGTTCGTCAAAC"	""	"ERX6700412"	"ERP132578"	"testis"	"Elongated_spermatids"	NA	NA	NA	"CL:4030037"	"late spermatid"	"perfect match"	"SN260"	NA	1
"GTTCGCTAGGAATTAC"	""	"ERX6700412"	"ERP132578"	"testis"	"Round_spermatids"	NA	NA	NA	"CL:4030036"	"early spermatid"	"perfect match"	"SN260"	NA	3
"GTTCGCTCACGACAGA"	""	"ERX6700412"	"ERP132578"	"testis"	"Round_spermatids"	NA	NA	NA	"CL:4030036"	"early spermatid"	"perfect match"	"SN260"	NA	3
"GTTCGCTCAGCTTTGA"	""	"ERX6700412"	"ERP132578"	"testis"	"Round_spermatids"	NA	NA	NA	"CL:4030036"	"early spermatid"	"perfect match"	"SN260"	NA	3
"GTTCGCTTCACTGAAC"	""	"ERX6700412"	"ERP132578"	"testis"	"Round_spermatids"	NA	NA	NA	"CL:4030036"	"early spermatid"	"perfect match"	"SN260"	NA	3
"GTTCGCTTCTATTCGT"	""	"ERX6700412"	"ERP132578"	"testis"	"Round_spermatids"	NA	NA	NA	"CL:4030036"	"early spermatid"	"perfect match"	"SN260"	NA	3
"GTTCTATAGACGACGT"	""	"ERX6700412"	"ERP132578"	"testis"	"Elongated_spermatids"	NA	NA	NA	"CL:4030037"	"late spermatid"	"perfect match"	"SN260"	NA	1
"GTTCTATAGGCACTAG"	""	"ERX6700412"	"ERP132578"	"testis"	"Round_spermatids"	NA	NA	NA	"CL:4030036"	"early spermatid"	"perfect match"	"SN260"	NA	3
"GTTCTATAGGGTAATT"	""	"ERX6700412"	"ERP132578"	"testis"	"Round_spermatids"	NA	NA	NA	"CL:4030036"	"early spermatid"	"perfect match"	"SN260"	NA	3
"GTTCTATCAATTCGTG"	""	"ERX6700412"	"ERP132578"	"testis"	"Spermatocytes"	NA	NA	NA	"CL:0000017"	"spermatocyte"	"perfect match"	"SN260"	NA	2
"GTTCTATCACATTGTG"	""	"ERX6700412"	"ERP132578"	"testis"	"Elongated_spermatids"	NA	NA	NA	"CL:4030037"	"late spermatid"	"perfect match"	"SN260"	NA	1
"GTTCTATCATTAAAGG"	""	"ERX6700412"	"ERP132578"	"testis"	"Spermatogonia"	NA	NA	NA	"CL:0000020"	"spermatogonium"	"perfect match"	"SN260"	NA	4
"GTTGAACCAACAAGAT"	""	"ERX6700412"	"ERP132578"	"testis"	"Spermatocytes"	NA	NA	NA	"CL:0000017"	"spermatocyte"	"perfect match"	"SN260"	NA	2
"GTTGAACCAAGAGGTC"	""	"ERX6700412"	"ERP132578"	"testis"	"Round_spermatids"	NA	NA	NA	"CL:4030036"	"early spermatid"	"perfect match"	"SN260"	NA	3
"GTTGAACGTTAAAGTG"	""	"ERX6700412"	"ERP132578"	"testis"	"Round_spermatids"	NA	NA	NA	"CL:4030036"	"early spermatid"	"perfect match"	"SN260"	NA	3
"GTTGAACTCAGGAACG"	""	"ERX6700412"	"ERP132578"	"testis"	"Round_spermatids"	NA	NA	NA	"CL:4030036"	"early spermatid"	"perfect match"	"SN260"	NA	3
"GTTGAACTCGAGCCAC"	""	"ERX6700412"	"ERP132578"	"testis"	"Spermatogonia"	NA	NA	NA	"CL:0000020"	"spermatogonium"	"perfect match"	"SN260"	NA	4
"GTTGCGGAGGCAGCTA"	""	"ERX6700412"	"ERP132578"	"testis"	"Round_spermatids"	NA	NA	NA	"CL:4030036"	"early spermatid"	"perfect match"	"SN260"	NA	3
"GTTGCGGCAGAGAATT"	""	"ERX6700412"	"ERP132578"	"testis"	"Elongated_spermatids"	NA	NA	NA	"CL:4030037"	"late spermatid"	"perfect match"	"SN260"	NA	1
"GTTGCGGCAGTCCGTG"	""	"ERX6700412"	"ERP132578"	"testis"	"Spermatogonia"	NA	NA	NA	"CL:0000020"	"spermatogonium"	"perfect match"	"SN260"	NA	4
"GTTGCGGGTAGACGGT"	""	"ERX6700412"	"ERP132578"	"testis"	"Other_somatic"	NA	NA	NA	"CL:0002371"	"somatic cell"	"perfect match"	"SN260"	NA	5
"GTTGCGGTCCTAGAGT"	""	"ERX6700412"	"ERP132578"	"testis"	"Other_somatic"	NA	NA	NA	"CL:0002371"	"somatic cell"	"perfect match"	"SN260"	NA	5
"GTTGCTCAGGTGCGAT"	""	"ERX6700412"	"ERP132578"	"testis"	"Round_spermatids"	NA	NA	NA	"CL:4030036"	"early spermatid"	"perfect match"	"SN260"	NA	3
"GTTGCTCAGTTAGTGA"	""	"ERX6700412"	"ERP132578"	"testis"	"Elongated_spermatids"	NA	NA	NA	"CL:4030037"	"late spermatid"	"perfect match"	"SN260"	NA	1
"GTTGCTCCAACCACAT"	""	"ERX6700412"	"ERP132578"	"testis"	"Round_spermatids"	NA	NA	NA	"CL:4030036"	"early spermatid"	"perfect match"	"SN260"	NA	3
"GTTGCTCCAGACATCT"	""	"ERX6700412"	"ERP132578"	"testis"	"Spermatogonia"	NA	NA	NA	"CL:0000020"	"spermatogonium"	"perfect match"	"SN260"	NA	4
"GTTGCTCCATGGTACT"	""	"ERX6700412"	"ERP132578"	"testis"	"Other_somatic"	NA	NA	NA	"CL:0002371"	"somatic cell"	"perfect match"	"SN260"	NA	5
"GTTGCTCGTGATACTC"	""	"ERX6700412"	"ERP132578"	"testis"	"Round_spermatids"	NA	NA	NA	"CL:4030036"	"early spermatid"	"perfect match"	"SN260"	NA	3
"GTTGTAGAGCAGTAAT"	""	"ERX6700412"	"ERP132578"	"testis"	"Round_spermatids"	NA	NA	NA	"CL:4030036"	"early spermatid"	"perfect match"	"SN260"	NA	3
"GTTGTAGAGGACTATA"	""	"ERX6700412"	"ERP132578"	"testis"	"Elongated_spermatids"	NA	NA	NA	"CL:4030037"	"late spermatid"	"perfect match"	"SN260"	NA	1
"GTTGTAGTCGTCGGGT"	""	"ERX6700412"	"ERP132578"	"testis"	"Elongated_spermatids"	NA	NA	NA	"CL:4030037"	"late spermatid"	"perfect match"	"SN260"	NA	1
"GTTGTAGTCTACTCAT"	""	"ERX6700412"	"ERP132578"	"testis"	"Spermatocytes"	NA	NA	NA	"CL:0000017"	"spermatocyte"	"perfect match"	"SN260"	NA	2
"GTTGTCCCAGGTCAAG"	""	"ERX6700412"	"ERP132578"	"testis"	"Spermatocytes"	NA	NA	NA	"CL:0000017"	"spermatocyte"	"perfect match"	"SN260"	NA	2
"GTTGTCCTCCGATAAC"	""	"ERX6700412"	"ERP132578"	"testis"	"Spermatogonia"	NA	NA	NA	"CL:0000020"	"spermatogonium"	"perfect match"	"SN260"	NA	4
"GTTGTCCTCCGGCAGT"	""	"ERX6700412"	"ERP132578"	"testis"	"Spermatocytes"	NA	NA	NA	"CL:0000017"	"spermatocyte"	"perfect match"	"SN260"	NA	2
"GTTGTGACAAAGCTCT"	""	"ERX6700412"	"ERP132578"	"testis"	"Round_spermatids"	NA	NA	NA	"CL:4030036"	"early spermatid"	"perfect match"	"SN260"	NA	3
"GTTGTGACAAGATGTA"	""	"ERX6700412"	"ERP132578"	"testis"	"Elongated_spermatids"	NA	NA	NA	"CL:4030037"	"late spermatid"	"perfect match"	"SN260"	NA	1
"GTTGTGAGTCTCAAGT"	""	"ERX6700412"	"ERP132578"	"testis"	"Elongated_spermatids"	NA	NA	NA	"CL:4030037"	"late spermatid"	"perfect match"	"SN260"	NA	1
"GTTTACTGTAATCAGA"	""	"ERX6700412"	"ERP132578"	"testis"	"Round_spermatids"	NA	NA	NA	"CL:4030036"	"early spermatid"	"perfect match"	"SN260"	NA	3
"GTTTACTTCACTTATC"	""	"ERX6700412"	"ERP132578"	"testis"	"Elongated_spermatids"	NA	NA	NA	"CL:4030037"	"late spermatid"	"perfect match"	"SN260"	NA	1
"GTTTACTTCGTTGTAG"	""	"ERX6700412"	"ERP132578"	"testis"	"Elongated_spermatids"	NA	NA	NA	"CL:4030037"	"late spermatid"	"perfect match"	"SN260"	NA	1
"GTTTACTTCTGGGCAC"	""	"ERX6700412"	"ERP132578"	"testis"	"Elongated_spermatids"	NA	NA	NA	"CL:4030037"	"late spermatid"	"perfect match"	"SN260"	NA	1
"GTTTGGAAGCTACGTT"	""	"ERX6700412"	"ERP132578"	"testis"	"Round_spermatids"	NA	NA	NA	"CL:4030036"	"early spermatid"	"perfect match"	"SN260"	NA	3
"GTTTGGACAAGTTCGT"	""	"ERX6700412"	"ERP132578"	"testis"	"Elongated_spermatids"	NA	NA	NA	"CL:4030037"	"late spermatid"	"perfect match"	"SN260"	NA	1
"GTTTGGACAATAGGAT"	""	"ERX6700412"	"ERP132578"	"testis"	"Spermatocytes"	NA	NA	NA	"CL:0000017"	"spermatocyte"	"perfect match"	"SN260"	NA	2
"GTTTGGAGTCTGTAGT"	""	"ERX6700412"	"ERP132578"	"testis"	"Elongated_spermatids"	NA	NA	NA	"CL:4030037"	"late spermatid"	"perfect match"	"SN260"	NA	1
"GTTTGGAGTGGCTACC"	""	"ERX6700412"	"ERP132578"	"testis"	"Spermatocytes"	NA	NA	NA	"CL:0000017"	"spermatocyte"	"perfect match"	"SN260"	NA	2
"GTTTGGAGTGTTCATG"	""	"ERX6700412"	"ERP132578"	"testis"	"Round_spermatids"	NA	NA	NA	"CL:4030036"	"early spermatid"	"perfect match"	"SN260"	NA	3
"GTTTGGATCGAATCCA"	""	"ERX6700412"	"ERP132578"	"testis"	"Spermatocytes"	NA	NA	NA	"CL:0000017"	"spermatocyte"	"perfect match"	"SN260"	NA	2
"TAACACGAGAGTTGAT"	""	"ERX6700412"	"ERP132578"	"testis"	"Round_spermatids"	NA	NA	NA	"CL:4030036"	"early spermatid"	"perfect match"	"SN260"	NA	3
"TAACCAGTCACCTCGT"	""	"ERX6700412"	"ERP132578"	"testis"	"Round_spermatids"	NA	NA	NA	"CL:4030036"	"early spermatid"	"perfect match"	"SN260"	NA	3
"TAACTTCAGAAAGCGA"	""	"ERX6700412"	"ERP132578"	"testis"	"Elongated_spermatids"	NA	NA	NA	"CL:4030037"	"late spermatid"	"perfect match"	"SN260"	NA	1
"TAACTTCAGGAACATT"	""	"ERX6700412"	"ERP132578"	"testis"	"Elongated_spermatids"	NA	NA	NA	"CL:4030037"	"late spermatid"	"perfect match"	"SN260"	NA	1
"TAACTTCGTTCTAAGC"	""	"ERX6700412"	"ERP132578"	"testis"	"Elongated_spermatids"	NA	NA	NA	"CL:4030037"	"late spermatid"	"perfect match"	"SN260"	NA	1
"TAACTTCTCAGGACGA"	""	"ERX6700412"	"ERP132578"	"testis"	"Round_spermatids"	NA	NA	NA	"CL:4030036"	"early spermatid"	"perfect match"	"SN260"	NA	3
"TAACTTCTCCAAAGGG"	""	"ERX6700412"	"ERP132578"	"testis"	"Round_spermatids"	NA	NA	NA	"CL:4030036"	"early spermatid"	"perfect match"	"SN260"	NA	3
"TAAGCACAGAGTCCGA"	""	"ERX6700412"	"ERP132578"	"testis"	"Round_spermatids"	NA	NA	NA	"CL:4030036"	"early spermatid"	"perfect match"	"SN260"	NA	3
"TAAGCACCAACGTAAA"	""	"ERX6700412"	"ERP132578"	"testis"	"Elongated_spermatids"	NA	NA	NA	"CL:4030037"	"late spermatid"	"perfect match"	"SN260"	NA	1
"TAAGCACCACAACATC"	""	"ERX6700412"	"ERP132578"	"testis"	"Round_spermatids"	NA	NA	NA	"CL:4030036"	"early spermatid"	"perfect match"	"SN260"	NA	3
"TAAGCACCACATGTTG"	""	"ERX6700412"	"ERP132578"	"testis"	"Round_spermatids"	NA	NA	NA	"CL:4030036"	"early spermatid"	"perfect match"	"SN260"	NA	3
"TAAGCACGTCACCACG"	""	"ERX6700412"	"ERP132578"	"testis"	"Elongated_spermatids"	NA	NA	NA	"CL:4030037"	"late spermatid"	"perfect match"	"SN260"	NA	1
"TAAGCACTCATAGCAC"	""	"ERX6700412"	"ERP132578"	"testis"	"Elongated_spermatids"	NA	NA	NA	"CL:4030037"	"late spermatid"	"perfect match"	"SN260"	NA	1
"TAAGCCAAGCTCGAAG"	""	"ERX6700412"	"ERP132578"	"testis"	"Round_spermatids"	NA	NA	NA	"CL:4030036"	"early spermatid"	"perfect match"	"SN260"	NA	3
"TAAGCCAAGGCCACCT"	""	"ERX6700412"	"ERP132578"	"testis"	"Spermatogonia"	NA	NA	NA	"CL:0000020"	"spermatogonium"	"perfect match"	"SN260"	NA	4
"TAAGCCACAACGTAAA"	""	"ERX6700412"	"ERP132578"	"testis"	"Spermatocytes"	NA	NA	NA	"CL:0000017"	"spermatocyte"	"perfect match"	"SN260"	NA	2
"TAAGCGTAGCCGAACA"	""	"ERX6700412"	"ERP132578"	"testis"	"Spermatogonia"	NA	NA	NA	"CL:0000020"	"spermatogonium"	"perfect match"	"SN260"	NA	4
"TAAGCGTAGGCATCAG"	""	"ERX6700412"	"ERP132578"	"testis"	"Spermatocytes"	NA	NA	NA	"CL:0000017"	"spermatocyte"	"perfect match"	"SN260"	NA	2
"TAAGCGTGTACGCTTA"	""	"ERX6700412"	"ERP132578"	"testis"	"Spermatocytes"	NA	NA	NA	"CL:0000017"	"spermatocyte"	"perfect match"	"SN260"	NA	2
"TAAGCGTTCGCAGTGC"	""	"ERX6700412"	"ERP132578"	"testis"	"Spermatocytes"	NA	NA	NA	"CL:0000017"	"spermatocyte"	"perfect match"	"SN260"	NA	2
"TAAGTCGGTAGTTACC"	""	"ERX6700412"	"ERP132578"	"testis"	"Spermatogonia"	NA	NA	NA	"CL:0000020"	"spermatogonium"	"perfect match"	"SN260"	NA	4
"TAAGTCGGTTGTGGCC"	""	"ERX6700412"	"ERP132578"	"testis"	"Elongated_spermatids"	NA	NA	NA	"CL:4030037"	"late spermatid"	"perfect match"	"SN260"	NA	1
"TAATCTCGTGAAAGTT"	""	"ERX6700412"	"ERP132578"	"testis"	"Round_spermatids"	NA	NA	NA	"CL:4030036"	"early spermatid"	"perfect match"	"SN260"	NA	3
"TAATCTCTCGAGAAAT"	""	"ERX6700412"	"ERP132578"	"testis"	"Round_spermatids"	NA	NA	NA	"CL:4030036"	"early spermatid"	"perfect match"	"SN260"	NA	3
"TAATTCCAGAATAGTC"	""	"ERX6700412"	"ERP132578"	"testis"	"Round_spermatids"	NA	NA	NA	"CL:4030036"	"early spermatid"	"perfect match"	"SN260"	NA	3
"TAATTCCAGGTACAGC"	""	"ERX6700412"	"ERP132578"	"testis"	"Round_spermatids"	NA	NA	NA	"CL:4030036"	"early spermatid"	"perfect match"	"SN260"	NA	3
"TAATTCCCATATTCGG"	""	"ERX6700412"	"ERP132578"	"testis"	"Round_spermatids"	NA	NA	NA	"CL:4030036"	"early spermatid"	"perfect match"	"SN260"	NA	3
"TAATTCCCATCCGGCA"	""	"ERX6700412"	"ERP132578"	"testis"	"Round_spermatids"	NA	NA	NA	"CL:4030036"	"early spermatid"	"perfect match"	"SN260"	NA	3
"TAATTCCTCAAACTGC"	""	"ERX6700412"	"ERP132578"	"testis"	"Spermatocytes"	NA	NA	NA	"CL:0000017"	"spermatocyte"	"perfect match"	"SN260"	NA	2
"TACAACGCATTGACCA"	""	"ERX6700412"	"ERP132578"	"testis"	"Spermatocytes"	NA	NA	NA	"CL:0000017"	"spermatocyte"	"perfect match"	"SN260"	NA	2
"TACAACGGTGTTGACT"	""	"ERX6700412"	"ERP132578"	"testis"	"Spermatogonia"	NA	NA	NA	"CL:0000020"	"spermatogonium"	"perfect match"	"SN260"	NA	4
"TACAACGTCGGTAGGA"	""	"ERX6700412"	"ERP132578"	"testis"	"Elongated_spermatids"	NA	NA	NA	"CL:4030037"	"late spermatid"	"perfect match"	"SN260"	NA	1
"TACACCCTCCAATCTT"	""	"ERX6700412"	"ERP132578"	"testis"	"Round_spermatids"	NA	NA	NA	"CL:4030036"	"early spermatid"	"perfect match"	"SN260"	NA	3
"TACAGGTAGGACTAAT"	""	"ERX6700412"	"ERP132578"	"testis"	"Elongated_spermatids"	NA	NA	NA	"CL:4030037"	"late spermatid"	"perfect match"	"SN260"	NA	1
"TACAGGTCACACGGTC"	""	"ERX6700412"	"ERP132578"	"testis"	"Spermatogonia"	NA	NA	NA	"CL:0000020"	"spermatogonium"	"perfect match"	"SN260"	NA	4
"TACAGGTGTAGTAAGT"	""	"ERX6700412"	"ERP132578"	"testis"	"Spermatocytes"	NA	NA	NA	"CL:0000017"	"spermatocyte"	"perfect match"	"SN260"	NA	2
"TACATTCAGAGCAGTC"	""	"ERX6700412"	"ERP132578"	"testis"	"Round_spermatids"	NA	NA	NA	"CL:4030036"	"early spermatid"	"perfect match"	"SN260"	NA	3
"TACATTCCAGTCACGC"	""	"ERX6700412"	"ERP132578"	"testis"	"Elongated_spermatids"	NA	NA	NA	"CL:4030037"	"late spermatid"	"perfect match"	"SN260"	NA	1
"TACATTCGTATCCTTT"	""	"ERX6700412"	"ERP132578"	"testis"	"Spermatogonia"	NA	NA	NA	"CL:0000020"	"spermatogonium"	"perfect match"	"SN260"	NA	4
"TACATTCGTCTAGGCC"	""	"ERX6700412"	"ERP132578"	"testis"	"Spermatocytes"	NA	NA	NA	"CL:0000017"	"spermatocyte"	"perfect match"	"SN260"	NA	2
"TACATTCTCTCTGCCA"	""	"ERX6700412"	"ERP132578"	"testis"	"Elongated_spermatids"	NA	NA	NA	"CL:4030037"	"late spermatid"	"perfect match"	"SN260"	NA	1
"TACCCACAGATGCTAA"	""	"ERX6700412"	"ERP132578"	"testis"	"Round_spermatids"	NA	NA	NA	"CL:4030036"	"early spermatid"	"perfect match"	"SN260"	NA	3
"TACCCACAGCGATGCA"	""	"ERX6700412"	"ERP132578"	"testis"	"Round_spermatids"	NA	NA	NA	"CL:4030036"	"early spermatid"	"perfect match"	"SN260"	NA	3
"TACCCACGTCCCAAAT"	""	"ERX6700412"	"ERP132578"	"testis"	"Other_somatic"	NA	NA	NA	"CL:0002371"	"somatic cell"	"perfect match"	"SN260"	NA	5
"TACCCACTCCTTGAAG"	""	"ERX6700412"	"ERP132578"	"testis"	"Round_spermatids"	NA	NA	NA	"CL:4030036"	"early spermatid"	"perfect match"	"SN260"	NA	3
"TACCCACTCGTTGTGA"	""	"ERX6700412"	"ERP132578"	"testis"	"Spermatocytes"	NA	NA	NA	"CL:0000017"	"spermatocyte"	"perfect match"	"SN260"	NA	2
"TACCCGTAGAGGGTAA"	""	"ERX6700412"	"ERP132578"	"testis"	"Elongated_spermatids"	NA	NA	NA	"CL:4030037"	"late spermatid"	"perfect match"	"SN260"	NA	1
"TACCCGTGTTGCACGC"	""	"ERX6700412"	"ERP132578"	"testis"	"Elongated_spermatids"	NA	NA	NA	"CL:4030037"	"late spermatid"	"perfect match"	"SN260"	NA	1
"TACCGAAGTAAGGCCA"	""	"ERX6700412"	"ERP132578"	"testis"	"Elongated_spermatids"	NA	NA	NA	"CL:4030037"	"late spermatid"	"perfect match"	"SN260"	NA	1
"TACCGAAGTACTGCGC"	""	"ERX6700412"	"ERP132578"	"testis"	"Elongated_spermatids"	NA	NA	NA	"CL:4030037"	"late spermatid"	"perfect match"	"SN260"	NA	1
"TACCGAATCGTAACAC"	""	"ERX6700412"	"ERP132578"	"testis"	"Elongated_spermatids"	NA	NA	NA	"CL:4030037"	"late spermatid"	"perfect match"	"SN260"	NA	1
"TACCGGGAGAGCAGAA"	""	"ERX6700412"	"ERP132578"	"testis"	"Round_spermatids"	NA	NA	NA	"CL:4030036"	"early spermatid"	"perfect match"	"SN260"	NA	3
"TACCGGGGTAGTCCTA"	""	"ERX6700412"	"ERP132578"	"testis"	"Spermatocytes"	NA	NA	NA	"CL:0000017"	"spermatocyte"	"perfect match"	"SN260"	NA	2
"TACCTCGGTCTAGTGT"	""	"ERX6700412"	"ERP132578"	"testis"	"Elongated_spermatids"	NA	NA	NA	"CL:4030037"	"late spermatid"	"perfect match"	"SN260"	NA	1
"TACCTCGTCAGTGATC"	""	"ERX6700412"	"ERP132578"	"testis"	"Spermatocytes"	NA	NA	NA	"CL:0000017"	"spermatocyte"	"perfect match"	"SN260"	NA	2
"TACCTCGTCCTCGCAT"	""	"ERX6700412"	"ERP132578"	"testis"	"Spermatocytes"	NA	NA	NA	"CL:0000017"	"spermatocyte"	"perfect match"	"SN260"	NA	2
"TACCTGCAGCGTCAAG"	""	"ERX6700412"	"ERP132578"	"testis"	"Spermatocytes"	NA	NA	NA	"CL:0000017"	"spermatocyte"	"perfect match"	"SN260"	NA	2
"TACCTGCAGGTCTACT"	""	"ERX6700412"	"ERP132578"	"testis"	"Spermatogonia"	NA	NA	NA	"CL:0000020"	"spermatogonium"	"perfect match"	"SN260"	NA	4
"TACCTGCCATGCTGCG"	""	"ERX6700412"	"ERP132578"	"testis"	"Round_spermatids"	NA	NA	NA	"CL:4030036"	"early spermatid"	"perfect match"	"SN260"	NA	3
"TACCTGCGTATAATGG"	""	"ERX6700412"	"ERP132578"	"testis"	"Elongated_spermatids"	NA	NA	NA	"CL:4030037"	"late spermatid"	"perfect match"	"SN260"	NA	1
"TACGCTCCAGCTCATA"	""	"ERX6700412"	"ERP132578"	"testis"	"Round_spermatids"	NA	NA	NA	"CL:4030036"	"early spermatid"	"perfect match"	"SN260"	NA	3
"TACGCTCGTAGCGCTC"	""	"ERX6700412"	"ERP132578"	"testis"	"Elongated_spermatids"	NA	NA	NA	"CL:4030037"	"late spermatid"	"perfect match"	"SN260"	NA	1
"TACGGGCAGGTAGCCA"	""	"ERX6700412"	"ERP132578"	"testis"	"Round_spermatids"	NA	NA	NA	"CL:4030036"	"early spermatid"	"perfect match"	"SN260"	NA	3
"TACGGGCAGTTAACAG"	""	"ERX6700412"	"ERP132578"	"testis"	"Elongated_spermatids"	NA	NA	NA	"CL:4030037"	"late spermatid"	"perfect match"	"SN260"	NA	1
"TACGGTACAAATGAAC"	""	"ERX6700412"	"ERP132578"	"testis"	"Round_spermatids"	NA	NA	NA	"CL:4030036"	"early spermatid"	"perfect match"	"SN260"	NA	3
"TACGGTAGTGAACCGA"	""	"ERX6700412"	"ERP132578"	"testis"	"Round_spermatids"	NA	NA	NA	"CL:4030036"	"early spermatid"	"perfect match"	"SN260"	NA	3
"TACGGTATCGTGCTCT"	""	"ERX6700412"	"ERP132578"	"testis"	"Spermatogonia"	NA	NA	NA	"CL:0000020"	"spermatogonium"	"perfect match"	"SN260"	NA	4
"TACGGTATCTCCGTGT"	""	"ERX6700412"	"ERP132578"	"testis"	"Round_spermatids"	NA	NA	NA	"CL:4030036"	"early spermatid"	"perfect match"	"SN260"	NA	3
"TACGTCCGTCATCAGT"	""	"ERX6700412"	"ERP132578"	"testis"	"Spermatogonia"	NA	NA	NA	"CL:0000020"	"spermatogonium"	"perfect match"	"SN260"	NA	4
"TACTGCCAGTTACGGG"	""	"ERX6700412"	"ERP132578"	"testis"	"Round_spermatids"	NA	NA	NA	"CL:4030036"	"early spermatid"	"perfect match"	"SN260"	NA	3
"TACTGCCTCATAGCAC"	""	"ERX6700412"	"ERP132578"	"testis"	"Round_spermatids"	NA	NA	NA	"CL:4030036"	"early spermatid"	"perfect match"	"SN260"	NA	3
"TACTGCCTCATTCGGA"	""	"ERX6700412"	"ERP132578"	"testis"	"Elongated_spermatids"	NA	NA	NA	"CL:4030037"	"late spermatid"	"perfect match"	"SN260"	NA	1
"TACTTACAGGACGCAT"	""	"ERX6700412"	"ERP132578"	"testis"	"Spermatocytes"	NA	NA	NA	"CL:0000017"	"spermatocyte"	"perfect match"	"SN260"	NA	2
"TACTTACAGGGTGAAA"	""	"ERX6700412"	"ERP132578"	"testis"	"Spermatocytes"	NA	NA	NA	"CL:0000017"	"spermatocyte"	"perfect match"	"SN260"	NA	2
"TACTTACAGGTCGCCT"	""	"ERX6700412"	"ERP132578"	"testis"	"Spermatocytes"	NA	NA	NA	"CL:0000017"	"spermatocyte"	"perfect match"	"SN260"	NA	2
"TACTTACGTATCGCAT"	""	"ERX6700412"	"ERP132578"	"testis"	"Spermatocytes"	NA	NA	NA	"CL:0000017"	"spermatocyte"	"perfect match"	"SN260"	NA	2
"TACTTACGTATGTCTG"	""	"ERX6700412"	"ERP132578"	"testis"	"Round_spermatids"	NA	NA	NA	"CL:4030036"	"early spermatid"	"perfect match"	"SN260"	NA	3
"TACTTCAAGAGTGTGC"	""	"ERX6700412"	"ERP132578"	"testis"	"Round_spermatids"	NA	NA	NA	"CL:4030036"	"early spermatid"	"perfect match"	"SN260"	NA	3
"TACTTCACACGGTGAA"	""	"ERX6700412"	"ERP132578"	"testis"	"Round_spermatids"	NA	NA	NA	"CL:4030036"	"early spermatid"	"perfect match"	"SN260"	NA	3
"TACTTCAGTAAGAACT"	""	"ERX6700412"	"ERP132578"	"testis"	"Elongated_spermatids"	NA	NA	NA	"CL:4030037"	"late spermatid"	"perfect match"	"SN260"	NA	1
"TACTTGTAGGTCCTGC"	""	"ERX6700412"	"ERP132578"	"testis"	"Round_spermatids"	NA	NA	NA	"CL:4030036"	"early spermatid"	"perfect match"	"SN260"	NA	3
"TACTTGTAGGTCGCCT"	""	"ERX6700412"	"ERP132578"	"testis"	"Round_spermatids"	NA	NA	NA	"CL:4030036"	"early spermatid"	"perfect match"	"SN260"	NA	3
"TACTTGTCACGACGCT"	""	"ERX6700412"	"ERP132578"	"testis"	"Elongated_spermatids"	NA	NA	NA	"CL:4030037"	"late spermatid"	"perfect match"	"SN260"	NA	1
"TACTTGTGTAGCTAAA"	""	"ERX6700412"	"ERP132578"	"testis"	"Spermatocytes"	NA	NA	NA	"CL:0000017"	"spermatocyte"	"perfect match"	"SN260"	NA	2
"TACTTGTGTCACTTAG"	""	"ERX6700412"	"ERP132578"	"testis"	"Round_spermatids"	NA	NA	NA	"CL:4030036"	"early spermatid"	"perfect match"	"SN260"	NA	3
"TACTTGTTCCCTTTGG"	""	"ERX6700412"	"ERP132578"	"testis"	"Round_spermatids"	NA	NA	NA	"CL:4030036"	"early spermatid"	"perfect match"	"SN260"	NA	3
"TAGACCAAGGGTACGT"	""	"ERX6700412"	"ERP132578"	"testis"	"Round_spermatids"	NA	NA	NA	"CL:4030036"	"early spermatid"	"perfect match"	"SN260"	NA	3
"TAGACCATCGCTAAAC"	""	"ERX6700412"	"ERP132578"	"testis"	"Spermatocytes"	NA	NA	NA	"CL:0000017"	"spermatocyte"	"perfect match"	"SN260"	NA	2
"TAGACCATCTCATAGG"	""	"ERX6700412"	"ERP132578"	"testis"	"Other_somatic"	NA	NA	NA	"CL:0002371"	"somatic cell"	"perfect match"	"SN260"	NA	5
"TAGACTGCATCTGTTT"	""	"ERX6700412"	"ERP132578"	"testis"	"Round_spermatids"	NA	NA	NA	"CL:4030036"	"early spermatid"	"perfect match"	"SN260"	NA	3
"TAGACTGGTCAATGGG"	""	"ERX6700412"	"ERP132578"	"testis"	"Spermatogonia"	NA	NA	NA	"CL:0000020"	"spermatogonium"	"perfect match"	"SN260"	NA	4
"TAGACTGTCACCTGGG"	""	"ERX6700412"	"ERP132578"	"testis"	"Round_spermatids"	NA	NA	NA	"CL:4030036"	"early spermatid"	"perfect match"	"SN260"	NA	3
"TAGAGTCGTCGTCTCT"	""	"ERX6700412"	"ERP132578"	"testis"	"Spermatocytes"	NA	NA	NA	"CL:0000017"	"spermatocyte"	"perfect match"	"SN260"	NA	2
"TAGAGTCTCTATGTGG"	""	"ERX6700412"	"ERP132578"	"testis"	"Spermatocytes"	NA	NA	NA	"CL:0000017"	"spermatocyte"	"perfect match"	"SN260"	NA	2
"TAGATCGAGGTAACTA"	""	"ERX6700412"	"ERP132578"	"testis"	"Spermatocytes"	NA	NA	NA	"CL:0000017"	"spermatocyte"	"perfect match"	"SN260"	NA	2
"TAGATCGAGTACCATC"	""	"ERX6700412"	"ERP132578"	"testis"	"Elongated_spermatids"	NA	NA	NA	"CL:4030037"	"late spermatid"	"perfect match"	"SN260"	NA	1
"TAGATCGTCGCAATTG"	""	"ERX6700412"	"ERP132578"	"testis"	"Spermatocytes"	NA	NA	NA	"CL:0000017"	"spermatocyte"	"perfect match"	"SN260"	NA	2
"TAGCACAAGTGCTACT"	""	"ERX6700412"	"ERP132578"	"testis"	"Elongated_spermatids"	NA	NA	NA	"CL:4030037"	"late spermatid"	"perfect match"	"SN260"	NA	1
"TAGCACAGTGCGAACA"	""	"ERX6700412"	"ERP132578"	"testis"	"Elongated_spermatids"	NA	NA	NA	"CL:4030037"	"late spermatid"	"perfect match"	"SN260"	NA	1
"TAGCACATCCTGGTCT"	""	"ERX6700412"	"ERP132578"	"testis"	"Round_spermatids"	NA	NA	NA	"CL:4030036"	"early spermatid"	"perfect match"	"SN260"	NA	3
"TAGGAGGCAACGGGTA"	""	"ERX6700412"	"ERP132578"	"testis"	"Round_spermatids"	NA	NA	NA	"CL:4030036"	"early spermatid"	"perfect match"	"SN260"	NA	3
"TAGGAGGTCCCAGGCA"	""	"ERX6700412"	"ERP132578"	"testis"	"Round_spermatids"	NA	NA	NA	"CL:4030036"	"early spermatid"	"perfect match"	"SN260"	NA	3
"TAGGGTTAGCATTGAA"	""	"ERX6700412"	"ERP132578"	"testis"	"Round_spermatids"	NA	NA	NA	"CL:4030036"	"early spermatid"	"perfect match"	"SN260"	NA	3
"TAGGGTTAGCCAACCC"	""	"ERX6700412"	"ERP132578"	"testis"	"Elongated_spermatids"	NA	NA	NA	"CL:4030037"	"late spermatid"	"perfect match"	"SN260"	NA	1
"TAGGGTTGTACGTAGG"	""	"ERX6700412"	"ERP132578"	"testis"	"Round_spermatids"	NA	NA	NA	"CL:4030036"	"early spermatid"	"perfect match"	"SN260"	NA	3
"TAGGGTTTCGGATACT"	""	"ERX6700412"	"ERP132578"	"testis"	"Elongated_spermatids"	NA	NA	NA	"CL:4030037"	"late spermatid"	"perfect match"	"SN260"	NA	1
"TAGGTACAGCCTGTGC"	""	"ERX6700412"	"ERP132578"	"testis"	"Round_spermatids"	NA	NA	NA	"CL:4030036"	"early spermatid"	"perfect match"	"SN260"	NA	3
"TAGGTTGAGAAGGTAG"	""	"ERX6700412"	"ERP132578"	"testis"	"Round_spermatids"	NA	NA	NA	"CL:4030036"	"early spermatid"	"perfect match"	"SN260"	NA	3
"TAGGTTGCATAGGTAA"	""	"ERX6700412"	"ERP132578"	"testis"	"Spermatocytes"	NA	NA	NA	"CL:0000017"	"spermatocyte"	"perfect match"	"SN260"	NA	2
"TAGGTTGGTGAACCGA"	""	"ERX6700412"	"ERP132578"	"testis"	"Elongated_spermatids"	NA	NA	NA	"CL:4030037"	"late spermatid"	"perfect match"	"SN260"	NA	1
"TAGTGCATCGTCTAAG"	""	"ERX6700412"	"ERP132578"	"testis"	"Round_spermatids"	NA	NA	NA	"CL:4030036"	"early spermatid"	"perfect match"	"SN260"	NA	3
"TATACCTAGAGGCGGA"	""	"ERX6700412"	"ERP132578"	"testis"	"Elongated_spermatids"	NA	NA	NA	"CL:4030037"	"late spermatid"	"perfect match"	"SN260"	NA	1
"TATACCTAGCGAGGAG"	""	"ERX6700412"	"ERP132578"	"testis"	"Round_spermatids"	NA	NA	NA	"CL:4030036"	"early spermatid"	"perfect match"	"SN260"	NA	3
"TATACCTAGTGGTTAA"	""	"ERX6700412"	"ERP132578"	"testis"	"Elongated_spermatids"	NA	NA	NA	"CL:4030037"	"late spermatid"	"perfect match"	"SN260"	NA	1
"TATACCTCAAGCTACT"	""	"ERX6700412"	"ERP132578"	"testis"	"Spermatocytes"	NA	NA	NA	"CL:0000017"	"spermatocyte"	"perfect match"	"SN260"	NA	2
"TATACCTCATGTGGCC"	""	"ERX6700412"	"ERP132578"	"testis"	"Round_spermatids"	NA	NA	NA	"CL:4030036"	"early spermatid"	"perfect match"	"SN260"	NA	3
"TATACCTGTCACTCTC"	""	"ERX6700412"	"ERP132578"	"testis"	"Round_spermatids"	NA	NA	NA	"CL:4030036"	"early spermatid"	"perfect match"	"SN260"	NA	3
"TATACCTTCGACGAGA"	""	"ERX6700412"	"ERP132578"	"testis"	"Round_spermatids"	NA	NA	NA	"CL:4030036"	"early spermatid"	"perfect match"	"SN260"	NA	3
"TATACCTTCTGGTGGC"	""	"ERX6700412"	"ERP132578"	"testis"	"Spermatocytes"	NA	NA	NA	"CL:0000017"	"spermatocyte"	"perfect match"	"SN260"	NA	2
"TATATCCAGGCCTAAG"	""	"ERX6700412"	"ERP132578"	"testis"	"Elongated_spermatids"	NA	NA	NA	"CL:4030037"	"late spermatid"	"perfect match"	"SN260"	NA	1
"TATATCCCAGCTTCGG"	""	"ERX6700412"	"ERP132578"	"testis"	"Elongated_spermatids"	NA	NA	NA	"CL:4030037"	"late spermatid"	"perfect match"	"SN260"	NA	1
"TATATCCGTGACAGGT"	""	"ERX6700412"	"ERP132578"	"testis"	"Elongated_spermatids"	NA	NA	NA	"CL:4030037"	"late spermatid"	"perfect match"	"SN260"	NA	1
"TATATCCGTTTGCAGT"	""	"ERX6700412"	"ERP132578"	"testis"	"Spermatogonia"	NA	NA	NA	"CL:0000020"	"spermatogonium"	"perfect match"	"SN260"	NA	4
"TATATCCTCTATGTGG"	""	"ERX6700412"	"ERP132578"	"testis"	"Round_spermatids"	NA	NA	NA	"CL:4030036"	"early spermatid"	"perfect match"	"SN260"	NA	3
"TATCAGGGTTCCGCTT"	""	"ERX6700412"	"ERP132578"	"testis"	"Round_spermatids"	NA	NA	NA	"CL:4030036"	"early spermatid"	"perfect match"	"SN260"	NA	3
"TATCAGGTCGCGTTTC"	""	"ERX6700412"	"ERP132578"	"testis"	"Round_spermatids"	NA	NA	NA	"CL:4030036"	"early spermatid"	"perfect match"	"SN260"	NA	3
"TATCCTAAGCCTATTG"	""	"ERX6700412"	"ERP132578"	"testis"	"Round_spermatids"	NA	NA	NA	"CL:4030036"	"early spermatid"	"perfect match"	"SN260"	NA	3
"TATCCTACACTTGTCC"	""	"ERX6700412"	"ERP132578"	"testis"	"Elongated_spermatids"	NA	NA	NA	"CL:4030037"	"late spermatid"	"perfect match"	"SN260"	NA	1
"TATCCTACAGTTTGGT"	""	"ERX6700412"	"ERP132578"	"testis"	"Elongated_spermatids"	NA	NA	NA	"CL:4030037"	"late spermatid"	"perfect match"	"SN260"	NA	1
"TATCCTAGTTGGCCGT"	""	"ERX6700412"	"ERP132578"	"testis"	"Spermatocytes"	NA	NA	NA	"CL:0000017"	"spermatocyte"	"perfect match"	"SN260"	NA	2
"TATCGCCCAACAAGTA"	""	"ERX6700412"	"ERP132578"	"testis"	"Elongated_spermatids"	NA	NA	NA	"CL:4030037"	"late spermatid"	"perfect match"	"SN260"	NA	1
"TATCGCCCACTACCGG"	""	"ERX6700412"	"ERP132578"	"testis"	"Elongated_spermatids"	NA	NA	NA	"CL:4030037"	"late spermatid"	"perfect match"	"SN260"	NA	1
"TATCGCCCAGCATCTA"	""	"ERX6700412"	"ERP132578"	"testis"	"Round_spermatids"	NA	NA	NA	"CL:4030036"	"early spermatid"	"perfect match"	"SN260"	NA	3
"TATCGCCGTCAGACGA"	""	"ERX6700412"	"ERP132578"	"testis"	"Round_spermatids"	NA	NA	NA	"CL:4030036"	"early spermatid"	"perfect match"	"SN260"	NA	3
"TATCGCCTCAAGTAAG"	""	"ERX6700412"	"ERP132578"	"testis"	"Spermatocytes"	NA	NA	NA	"CL:0000017"	"spermatocyte"	"perfect match"	"SN260"	NA	2
"TATCGCCTCAGCTAGT"	""	"ERX6700412"	"ERP132578"	"testis"	"Spermatocytes"	NA	NA	NA	"CL:0000017"	"spermatocyte"	"perfect match"	"SN260"	NA	2
"TATCGCCTCATGCGGC"	""	"ERX6700412"	"ERP132578"	"testis"	"Elongated_spermatids"	NA	NA	NA	"CL:4030037"	"late spermatid"	"perfect match"	"SN260"	NA	1
"TATCTGTAGTCCGCGT"	""	"ERX6700412"	"ERP132578"	"testis"	"Round_spermatids"	NA	NA	NA	"CL:4030036"	"early spermatid"	"perfect match"	"SN260"	NA	3
"TATCTGTCAAGGTCTT"	""	"ERX6700412"	"ERP132578"	"testis"	"Elongated_spermatids"	NA	NA	NA	"CL:4030037"	"late spermatid"	"perfect match"	"SN260"	NA	1
"TATCTGTCACTGGAAG"	""	"ERX6700412"	"ERP132578"	"testis"	"Spermatocytes"	NA	NA	NA	"CL:0000017"	"spermatocyte"	"perfect match"	"SN260"	NA	2
"TATCTGTCATTCATCT"	""	"ERX6700412"	"ERP132578"	"testis"	"Round_spermatids"	NA	NA	NA	"CL:4030036"	"early spermatid"	"perfect match"	"SN260"	NA	3
"TATCTGTGTTCACCGG"	""	"ERX6700412"	"ERP132578"	"testis"	"Round_spermatids"	NA	NA	NA	"CL:4030036"	"early spermatid"	"perfect match"	"SN260"	NA	3
"TATCTGTTCCCATGGG"	""	"ERX6700412"	"ERP132578"	"testis"	"Round_spermatids"	NA	NA	NA	"CL:4030036"	"early spermatid"	"perfect match"	"SN260"	NA	3
"TATCTTGCAAACTCGT"	""	"ERX6700412"	"ERP132578"	"testis"	"Round_spermatids"	NA	NA	NA	"CL:4030036"	"early spermatid"	"perfect match"	"SN260"	NA	3
"TATCTTGCACAGTCGC"	""	"ERX6700412"	"ERP132578"	"testis"	"Spermatogonia"	NA	NA	NA	"CL:0000020"	"spermatogonium"	"perfect match"	"SN260"	NA	4
"TATCTTGCACCCTGTT"	""	"ERX6700412"	"ERP132578"	"testis"	"Round_spermatids"	NA	NA	NA	"CL:4030036"	"early spermatid"	"perfect match"	"SN260"	NA	3
"TATCTTGCAGCGACAA"	""	"ERX6700412"	"ERP132578"	"testis"	"Spermatocytes"	NA	NA	NA	"CL:0000017"	"spermatocyte"	"perfect match"	"SN260"	NA	2
"TATCTTGCATTCACAG"	""	"ERX6700412"	"ERP132578"	"testis"	"Elongated_spermatids"	NA	NA	NA	"CL:4030037"	"late spermatid"	"perfect match"	"SN260"	NA	1
"TATGTTCCAACTGATC"	""	"ERX6700412"	"ERP132578"	"testis"	"Spermatocytes"	NA	NA	NA	"CL:0000017"	"spermatocyte"	"perfect match"	"SN260"	NA	2
"TATGTTCTCCTTTGAT"	""	"ERX6700412"	"ERP132578"	"testis"	"Spermatocytes"	NA	NA	NA	"CL:0000017"	"spermatocyte"	"perfect match"	"SN260"	NA	2
"TATTCCAAGGCCCACT"	""	"ERX6700412"	"ERP132578"	"testis"	"Elongated_spermatids"	NA	NA	NA	"CL:4030037"	"late spermatid"	"perfect match"	"SN260"	NA	1
"TATTCCACAGATAAAC"	""	"ERX6700412"	"ERP132578"	"testis"	"Elongated_spermatids"	NA	NA	NA	"CL:4030037"	"late spermatid"	"perfect match"	"SN260"	NA	1
"TATTCCATCACGGACC"	""	"ERX6700412"	"ERP132578"	"testis"	"Round_spermatids"	NA	NA	NA	"CL:4030036"	"early spermatid"	"perfect match"	"SN260"	NA	3
"TATTCCATCGGTCGAC"	""	"ERX6700412"	"ERP132578"	"testis"	"Spermatocytes"	NA	NA	NA	"CL:0000017"	"spermatocyte"	"perfect match"	"SN260"	NA	2
"TATTGCTCAGTCGAGA"	""	"ERX6700412"	"ERP132578"	"testis"	"Spermatocytes"	NA	NA	NA	"CL:0000017"	"spermatocyte"	"perfect match"	"SN260"	NA	2
"TATTGCTCAGTTCTAG"	""	"ERX6700412"	"ERP132578"	"testis"	"Round_spermatids"	NA	NA	NA	"CL:4030036"	"early spermatid"	"perfect match"	"SN260"	NA	3
"TATTGCTGTCTGTAGT"	""	"ERX6700412"	"ERP132578"	"testis"	"Spermatocytes"	NA	NA	NA	"CL:0000017"	"spermatocyte"	"perfect match"	"SN260"	NA	2
"TATTGCTTCCGTTTCG"	""	"ERX6700412"	"ERP132578"	"testis"	"Spermatocytes"	NA	NA	NA	"CL:0000017"	"spermatocyte"	"perfect match"	"SN260"	NA	2
"TATTGGGCATACAGCT"	""	"ERX6700412"	"ERP132578"	"testis"	"Round_spermatids"	NA	NA	NA	"CL:4030036"	"early spermatid"	"perfect match"	"SN260"	NA	3
"TATTGGGGTACAGGTG"	""	"ERX6700412"	"ERP132578"	"testis"	"Spermatocytes"	NA	NA	NA	"CL:0000017"	"spermatocyte"	"perfect match"	"SN260"	NA	2
"TATTGGGGTTAAGACA"	""	"ERX6700412"	"ERP132578"	"testis"	"Round_spermatids"	NA	NA	NA	"CL:4030036"	"early spermatid"	"perfect match"	"SN260"	NA	3
"TATTGGGTCCCTGTTG"	""	"ERX6700412"	"ERP132578"	"testis"	"Elongated_spermatids"	NA	NA	NA	"CL:4030037"	"late spermatid"	"perfect match"	"SN260"	NA	1
"TATTTCGAGCTTCTAG"	""	"ERX6700412"	"ERP132578"	"testis"	"Spermatocytes"	NA	NA	NA	"CL:0000017"	"spermatocyte"	"perfect match"	"SN260"	NA	2
"TATTTCGCAGCTGTGC"	""	"ERX6700412"	"ERP132578"	"testis"	"Round_spermatids"	NA	NA	NA	"CL:4030036"	"early spermatid"	"perfect match"	"SN260"	NA	3
"TCAAGACAGAGGGCGA"	""	"ERX6700412"	"ERP132578"	"testis"	"Round_spermatids"	NA	NA	NA	"CL:4030036"	"early spermatid"	"perfect match"	"SN260"	NA	3
"TCAAGACCAACTGCCG"	""	"ERX6700412"	"ERP132578"	"testis"	"Spermatocytes"	NA	NA	NA	"CL:0000017"	"spermatocyte"	"perfect match"	"SN260"	NA	2
"TCAAGACGTAGCGTCC"	""	"ERX6700412"	"ERP132578"	"testis"	"Round_spermatids"	NA	NA	NA	"CL:4030036"	"early spermatid"	"perfect match"	"SN260"	NA	3
"TCAAGACGTCACTAGT"	""	"ERX6700412"	"ERP132578"	"testis"	"Round_spermatids"	NA	NA	NA	"CL:4030036"	"early spermatid"	"perfect match"	"SN260"	NA	3
"TCAAGCAAGTGGTGAC"	""	"ERX6700412"	"ERP132578"	"testis"	"Round_spermatids"	NA	NA	NA	"CL:4030036"	"early spermatid"	"perfect match"	"SN260"	NA	3
"TCAAGCACACAAACGG"	""	"ERX6700412"	"ERP132578"	"testis"	"Spermatocytes"	NA	NA	NA	"CL:0000017"	"spermatocyte"	"perfect match"	"SN260"	NA	2
"TCAAGCACAGGATGAC"	""	"ERX6700412"	"ERP132578"	"testis"	"Spermatocytes"	NA	NA	NA	"CL:0000017"	"spermatocyte"	"perfect match"	"SN260"	NA	2
"TCAAGCACATCTTTCA"	""	"ERX6700412"	"ERP132578"	"testis"	"Spermatocytes"	NA	NA	NA	"CL:0000017"	"spermatocyte"	"perfect match"	"SN260"	NA	2
"TCAAGCAGTATCGCAT"	""	"ERX6700412"	"ERP132578"	"testis"	"Round_spermatids"	NA	NA	NA	"CL:4030036"	"early spermatid"	"perfect match"	"SN260"	NA	3
"TCAAGCAGTCCAAGAG"	""	"ERX6700412"	"ERP132578"	"testis"	"Spermatocytes"	NA	NA	NA	"CL:0000017"	"spermatocyte"	"perfect match"	"SN260"	NA	2
"TCAAGTGCAATAGTGA"	""	"ERX6700412"	"ERP132578"	"testis"	"Round_spermatids"	NA	NA	NA	"CL:4030036"	"early spermatid"	"perfect match"	"SN260"	NA	3
"TCAAGTGCACATTGTG"	""	"ERX6700412"	"ERP132578"	"testis"	"Round_spermatids"	NA	NA	NA	"CL:4030036"	"early spermatid"	"perfect match"	"SN260"	NA	3
"TCAAGTGTCCACGGGT"	""	"ERX6700412"	"ERP132578"	"testis"	"Spermatocytes"	NA	NA	NA	"CL:0000017"	"spermatocyte"	"perfect match"	"SN260"	NA	2
"TCAAGTGTCGACCAAT"	""	"ERX6700412"	"ERP132578"	"testis"	"Round_spermatids"	NA	NA	NA	"CL:4030036"	"early spermatid"	"perfect match"	"SN260"	NA	3
"TCAATCTCAAGGTCAG"	""	"ERX6700412"	"ERP132578"	"testis"	"Elongated_spermatids"	NA	NA	NA	"CL:4030037"	"late spermatid"	"perfect match"	"SN260"	NA	1
"TCAATCTGTAGAGCTG"	""	"ERX6700412"	"ERP132578"	"testis"	"Round_spermatids"	NA	NA	NA	"CL:4030036"	"early spermatid"	"perfect match"	"SN260"	NA	3
"TCAATCTTCATCTATC"	""	"ERX6700412"	"ERP132578"	"testis"	"Elongated_spermatids"	NA	NA	NA	"CL:4030037"	"late spermatid"	"perfect match"	"SN260"	NA	1
"TCAATCTTCTTTCCAA"	""	"ERX6700412"	"ERP132578"	"testis"	"Spermatocytes"	NA	NA	NA	"CL:0000017"	"spermatocyte"	"perfect match"	"SN260"	NA	2
"TCAATTCAGCAGCCTC"	""	"ERX6700412"	"ERP132578"	"testis"	"Round_spermatids"	NA	NA	NA	"CL:4030036"	"early spermatid"	"perfect match"	"SN260"	NA	3
"TCAATTCGTCACTAGT"	""	"ERX6700412"	"ERP132578"	"testis"	"Spermatocytes"	NA	NA	NA	"CL:0000017"	"spermatocyte"	"perfect match"	"SN260"	NA	2
"TCAATTCTCACTGTTT"	""	"ERX6700412"	"ERP132578"	"testis"	"Spermatocytes"	NA	NA	NA	"CL:0000017"	"spermatocyte"	"perfect match"	"SN260"	NA	2
"TCAATTCTCTTGGATG"	""	"ERX6700412"	"ERP132578"	"testis"	"Elongated_spermatids"	NA	NA	NA	"CL:4030037"	"late spermatid"	"perfect match"	"SN260"	NA	1
"TCACAAGAGTTGAATG"	""	"ERX6700412"	"ERP132578"	"testis"	"Spermatocytes"	NA	NA	NA	"CL:0000017"	"spermatocyte"	"perfect match"	"SN260"	NA	2
"TCACAAGAGTTTCGAC"	""	"ERX6700412"	"ERP132578"	"testis"	"Spermatocytes"	NA	NA	NA	"CL:0000017"	"spermatocyte"	"perfect match"	"SN260"	NA	2
"TCACACCCACTATCGA"	""	"ERX6700412"	"ERP132578"	"testis"	"Round_spermatids"	NA	NA	NA	"CL:4030036"	"early spermatid"	"perfect match"	"SN260"	NA	3
"TCACATTAGATTAGCA"	""	"ERX6700412"	"ERP132578"	"testis"	"Elongated_spermatids"	NA	NA	NA	"CL:4030037"	"late spermatid"	"perfect match"	"SN260"	NA	1
"TCACATTGTAGATTGA"	""	"ERX6700412"	"ERP132578"	"testis"	"Other_somatic"	NA	NA	NA	"CL:0002371"	"somatic cell"	"perfect match"	"SN260"	NA	5
"TCACATTTCTCTCGCA"	""	"ERX6700412"	"ERP132578"	"testis"	"Elongated_spermatids"	NA	NA	NA	"CL:4030037"	"late spermatid"	"perfect match"	"SN260"	NA	1
"TCACGCTTCCAATCCC"	""	"ERX6700412"	"ERP132578"	"testis"	"Elongated_spermatids"	NA	NA	NA	"CL:4030037"	"late spermatid"	"perfect match"	"SN260"	NA	1
"TCACGCTTCGCCAGAC"	""	"ERX6700412"	"ERP132578"	"testis"	"Round_spermatids"	NA	NA	NA	"CL:4030036"	"early spermatid"	"perfect match"	"SN260"	NA	3
"TCACGGGAGATGAATC"	""	"ERX6700412"	"ERP132578"	"testis"	"Other_somatic"	NA	NA	NA	"CL:0002371"	"somatic cell"	"perfect match"	"SN260"	NA	5
"TCACGGGAGCCGGAAT"	""	"ERX6700412"	"ERP132578"	"testis"	"Spermatocytes"	NA	NA	NA	"CL:0000017"	"spermatocyte"	"perfect match"	"SN260"	NA	2
"TCACGGGAGTAGTCCT"	""	"ERX6700412"	"ERP132578"	"testis"	"Spermatocytes"	NA	NA	NA	"CL:0000017"	"spermatocyte"	"perfect match"	"SN260"	NA	2
"TCACGGGGTCGCACGT"	""	"ERX6700412"	"ERP132578"	"testis"	"Elongated_spermatids"	NA	NA	NA	"CL:4030037"	"late spermatid"	"perfect match"	"SN260"	NA	1
"TCACGGGTCCAAAGGG"	""	"ERX6700412"	"ERP132578"	"testis"	"Spermatocytes"	NA	NA	NA	"CL:0000017"	"spermatocyte"	"perfect match"	"SN260"	NA	2
"TCACGGGTCTCCGCAT"	""	"ERX6700412"	"ERP132578"	"testis"	"Spermatocytes"	NA	NA	NA	"CL:0000017"	"spermatocyte"	"perfect match"	"SN260"	NA	2
"TCACTATGTATTAAGG"	""	"ERX6700412"	"ERP132578"	"testis"	"Elongated_spermatids"	NA	NA	NA	"CL:4030037"	"late spermatid"	"perfect match"	"SN260"	NA	1
"TCACTATTCCGCTAGG"	""	"ERX6700412"	"ERP132578"	"testis"	"Round_spermatids"	NA	NA	NA	"CL:4030036"	"early spermatid"	"perfect match"	"SN260"	NA	3
"TCACTCGCAAGGCTTT"	""	"ERX6700412"	"ERP132578"	"testis"	"Elongated_spermatids"	NA	NA	NA	"CL:4030037"	"late spermatid"	"perfect match"	"SN260"	NA	1
"TCACTCGGTCAAAGAT"	""	"ERX6700412"	"ERP132578"	"testis"	"Spermatocytes"	NA	NA	NA	"CL:0000017"	"spermatocyte"	"perfect match"	"SN260"	NA	2
"TCACTCGTCAACACGT"	""	"ERX6700412"	"ERP132578"	"testis"	"Round_spermatids"	NA	NA	NA	"CL:4030036"	"early spermatid"	"perfect match"	"SN260"	NA	3
"TCAGCAAAGCAATTCC"	""	"ERX6700412"	"ERP132578"	"testis"	"Spermatocytes"	NA	NA	NA	"CL:0000017"	"spermatocyte"	"perfect match"	"SN260"	NA	2
"TCAGCAAAGTAGGATT"	""	"ERX6700412"	"ERP132578"	"testis"	"Elongated_spermatids"	NA	NA	NA	"CL:4030037"	"late spermatid"	"perfect match"	"SN260"	NA	1
"TCAGCAACACAGTCGC"	""	"ERX6700412"	"ERP132578"	"testis"	"Round_spermatids"	NA	NA	NA	"CL:4030036"	"early spermatid"	"perfect match"	"SN260"	NA	3
"TCAGCCTAGTTGCCCG"	""	"ERX6700412"	"ERP132578"	"testis"	"Elongated_spermatids"	NA	NA	NA	"CL:4030037"	"late spermatid"	"perfect match"	"SN260"	NA	1
"TCAGCCTCATGAGATA"	""	"ERX6700412"	"ERP132578"	"testis"	"Spermatocytes"	NA	NA	NA	"CL:0000017"	"spermatocyte"	"perfect match"	"SN260"	NA	2
"TCAGCCTTCCCGTTCA"	""	"ERX6700412"	"ERP132578"	"testis"	"Round_spermatids"	NA	NA	NA	"CL:4030036"	"early spermatid"	"perfect match"	"SN260"	NA	3
"TCAGGGCAGTCGCGAA"	""	"ERX6700412"	"ERP132578"	"testis"	"Round_spermatids"	NA	NA	NA	"CL:4030036"	"early spermatid"	"perfect match"	"SN260"	NA	3
"TCAGGGCAGTGCACTT"	""	"ERX6700412"	"ERP132578"	"testis"	"Spermatocytes"	NA	NA	NA	"CL:0000017"	"spermatocyte"	"perfect match"	"SN260"	NA	2
"TCAGGGCCACGAGAAC"	""	"ERX6700412"	"ERP132578"	"testis"	"Round_spermatids"	NA	NA	NA	"CL:4030036"	"early spermatid"	"perfect match"	"SN260"	NA	3
"TCAGGGCCAGAGGTTG"	""	"ERX6700412"	"ERP132578"	"testis"	"Elongated_spermatids"	NA	NA	NA	"CL:4030037"	"late spermatid"	"perfect match"	"SN260"	NA	1
"TCAGGGCCATGGGAAC"	""	"ERX6700412"	"ERP132578"	"testis"	"Round_spermatids"	NA	NA	NA	"CL:4030036"	"early spermatid"	"perfect match"	"SN260"	NA	3
"TCAGGGCGTCCACACG"	""	"ERX6700412"	"ERP132578"	"testis"	"Round_spermatids"	NA	NA	NA	"CL:4030036"	"early spermatid"	"perfect match"	"SN260"	NA	3
"TCAGGTAGTGTCCATA"	""	"ERX6700412"	"ERP132578"	"testis"	"Spermatocytes"	NA	NA	NA	"CL:0000017"	"spermatocyte"	"perfect match"	"SN260"	NA	2
"TCAGTCCGTGCTTATG"	""	"ERX6700412"	"ERP132578"	"testis"	"Spermatocytes"	NA	NA	NA	"CL:0000017"	"spermatocyte"	"perfect match"	"SN260"	NA	2
"TCAGTCCTCGCAGTTA"	""	"ERX6700412"	"ERP132578"	"testis"	"Round_spermatids"	NA	NA	NA	"CL:4030036"	"early spermatid"	"perfect match"	"SN260"	NA	3
"TCAGTGAAGAGGTCAC"	""	"ERX6700412"	"ERP132578"	"testis"	"Round_spermatids"	NA	NA	NA	"CL:4030036"	"early spermatid"	"perfect match"	"SN260"	NA	3
"TCAGTGAAGCTCATAC"	""	"ERX6700412"	"ERP132578"	"testis"	"Spermatocytes"	NA	NA	NA	"CL:0000017"	"spermatocyte"	"perfect match"	"SN260"	NA	2
"TCAGTGACAGATCCTA"	""	"ERX6700412"	"ERP132578"	"testis"	"Spermatocytes"	NA	NA	NA	"CL:0000017"	"spermatocyte"	"perfect match"	"SN260"	NA	2
"TCAGTGAGTCACCACG"	""	"ERX6700412"	"ERP132578"	"testis"	"Round_spermatids"	NA	NA	NA	"CL:4030036"	"early spermatid"	"perfect match"	"SN260"	NA	3
"TCAGTGAGTCGCATCG"	""	"ERX6700412"	"ERP132578"	"testis"	"Spermatocytes"	NA	NA	NA	"CL:0000017"	"spermatocyte"	"perfect match"	"SN260"	NA	2
"TCAGTTTGTGCATGAG"	""	"ERX6700412"	"ERP132578"	"testis"	"Round_spermatids"	NA	NA	NA	"CL:4030036"	"early spermatid"	"perfect match"	"SN260"	NA	3
"TCATACTCAGACGATG"	""	"ERX6700412"	"ERP132578"	"testis"	"Elongated_spermatids"	NA	NA	NA	"CL:4030037"	"late spermatid"	"perfect match"	"SN260"	NA	1
"TCATACTGTCCAGCGT"	""	"ERX6700412"	"ERP132578"	"testis"	"Round_spermatids"	NA	NA	NA	"CL:4030036"	"early spermatid"	"perfect match"	"SN260"	NA	3
"TCATACTTCAAATGAG"	""	"ERX6700412"	"ERP132578"	"testis"	"Round_spermatids"	NA	NA	NA	"CL:4030036"	"early spermatid"	"perfect match"	"SN260"	NA	3
"TCATACTTCGCCGATG"	""	"ERX6700412"	"ERP132578"	"testis"	"Round_spermatids"	NA	NA	NA	"CL:4030036"	"early spermatid"	"perfect match"	"SN260"	NA	3
"TCATATCAGTAACCGG"	""	"ERX6700412"	"ERP132578"	"testis"	"Round_spermatids"	NA	NA	NA	"CL:4030036"	"early spermatid"	"perfect match"	"SN260"	NA	3
"TCATATCCATGCACTA"	""	"ERX6700412"	"ERP132578"	"testis"	"Round_spermatids"	NA	NA	NA	"CL:4030036"	"early spermatid"	"perfect match"	"SN260"	NA	3
"TCATCATAGAGTAACT"	""	"ERX6700412"	"ERP132578"	"testis"	"Round_spermatids"	NA	NA	NA	"CL:4030036"	"early spermatid"	"perfect match"	"SN260"	NA	3
"TCATCATCAAATGCTC"	""	"ERX6700412"	"ERP132578"	"testis"	"Round_spermatids"	NA	NA	NA	"CL:4030036"	"early spermatid"	"perfect match"	"SN260"	NA	3
"TCATCCGCAAAGGTTA"	""	"ERX6700412"	"ERP132578"	"testis"	"Spermatocytes"	NA	NA	NA	"CL:0000017"	"spermatocyte"	"perfect match"	"SN260"	NA	2
"TCATCCGGTTGGCTAT"	""	"ERX6700412"	"ERP132578"	"testis"	"Elongated_spermatids"	NA	NA	NA	"CL:4030037"	"late spermatid"	"perfect match"	"SN260"	NA	1
"TCATCCGTCGCACGAC"	""	"ERX6700412"	"ERP132578"	"testis"	"Spermatogonia"	NA	NA	NA	"CL:0000020"	"spermatogonium"	"perfect match"	"SN260"	NA	4
"TCATGAGAGACCATGG"	""	"ERX6700412"	"ERP132578"	"testis"	"Elongated_spermatids"	NA	NA	NA	"CL:4030037"	"late spermatid"	"perfect match"	"SN260"	NA	1
"TCATGAGCATCGCTGG"	""	"ERX6700412"	"ERP132578"	"testis"	"Spermatocytes"	NA	NA	NA	"CL:0000017"	"spermatocyte"	"perfect match"	"SN260"	NA	2
"TCATGAGTCGGAAGGT"	""	"ERX6700412"	"ERP132578"	"testis"	"Spermatocytes"	NA	NA	NA	"CL:0000017"	"spermatocyte"	"perfect match"	"SN260"	NA	2
"TCATGCCCACCGTGAC"	""	"ERX6700412"	"ERP132578"	"testis"	"Round_spermatids"	NA	NA	NA	"CL:4030036"	"early spermatid"	"perfect match"	"SN260"	NA	3
"TCATGCCCATCATTGG"	""	"ERX6700412"	"ERP132578"	"testis"	"Elongated_spermatids"	NA	NA	NA	"CL:4030037"	"late spermatid"	"perfect match"	"SN260"	NA	1
"TCATGCCGTCCTGAAT"	""	"ERX6700412"	"ERP132578"	"testis"	"Round_spermatids"	NA	NA	NA	"CL:4030036"	"early spermatid"	"perfect match"	"SN260"	NA	3
"TCATGCCGTGAATTGA"	""	"ERX6700412"	"ERP132578"	"testis"	"Elongated_spermatids"	NA	NA	NA	"CL:4030037"	"late spermatid"	"perfect match"	"SN260"	NA	1
"TCATGCCGTGCATGTT"	""	"ERX6700412"	"ERP132578"	"testis"	"Round_spermatids"	NA	NA	NA	"CL:4030036"	"early spermatid"	"perfect match"	"SN260"	NA	3
"TCATGCCTCGTCCATC"	""	"ERX6700412"	"ERP132578"	"testis"	"Spermatocytes"	NA	NA	NA	"CL:0000017"	"spermatocyte"	"perfect match"	"SN260"	NA	2
"TCATGGACAGGTCCCA"	""	"ERX6700412"	"ERP132578"	"testis"	"Elongated_spermatids"	NA	NA	NA	"CL:4030037"	"late spermatid"	"perfect match"	"SN260"	NA	1
"TCATGGAGTTCGGTCG"	""	"ERX6700412"	"ERP132578"	"testis"	"Elongated_spermatids"	NA	NA	NA	"CL:4030037"	"late spermatid"	"perfect match"	"SN260"	NA	1
"TCATTCAAGACTGAGC"	""	"ERX6700412"	"ERP132578"	"testis"	"Round_spermatids"	NA	NA	NA	"CL:4030036"	"early spermatid"	"perfect match"	"SN260"	NA	3
"TCATTCAAGGGCTAAC"	""	"ERX6700412"	"ERP132578"	"testis"	"Round_spermatids"	NA	NA	NA	"CL:4030036"	"early spermatid"	"perfect match"	"SN260"	NA	3
"TCATTCAGTACCAATC"	""	"ERX6700412"	"ERP132578"	"testis"	"Spermatocytes"	NA	NA	NA	"CL:0000017"	"spermatocyte"	"perfect match"	"SN260"	NA	2
"TCATTCAGTCACCCTT"	""	"ERX6700412"	"ERP132578"	"testis"	"Spermatocytes"	NA	NA	NA	"CL:0000017"	"spermatocyte"	"perfect match"	"SN260"	NA	2
"TCATTCAGTCTTACAG"	""	"ERX6700412"	"ERP132578"	"testis"	"Round_spermatids"	NA	NA	NA	"CL:4030036"	"early spermatid"	"perfect match"	"SN260"	NA	3
"TCATTGTAGGGCAGAG"	""	"ERX6700412"	"ERP132578"	"testis"	"Round_spermatids"	NA	NA	NA	"CL:4030036"	"early spermatid"	"perfect match"	"SN260"	NA	3
"TCATTGTCATGGGAAC"	""	"ERX6700412"	"ERP132578"	"testis"	"Elongated_spermatids"	NA	NA	NA	"CL:4030037"	"late spermatid"	"perfect match"	"SN260"	NA	1
"TCATTGTGTATGGGAC"	""	"ERX6700412"	"ERP132578"	"testis"	"Round_spermatids"	NA	NA	NA	"CL:4030036"	"early spermatid"	"perfect match"	"SN260"	NA	3
"TCATTGTTCCTGGTCT"	""	"ERX6700412"	"ERP132578"	"testis"	"Round_spermatids"	NA	NA	NA	"CL:4030036"	"early spermatid"	"perfect match"	"SN260"	NA	3
"TCATTGTTCGTGGAAG"	""	"ERX6700412"	"ERP132578"	"testis"	"Round_spermatids"	NA	NA	NA	"CL:4030036"	"early spermatid"	"perfect match"	"SN260"	NA	3
"TCATTTGGTATAATGG"	""	"ERX6700412"	"ERP132578"	"testis"	"Round_spermatids"	NA	NA	NA	"CL:4030036"	"early spermatid"	"perfect match"	"SN260"	NA	3
"TCATTTGGTCGTCATA"	""	"ERX6700412"	"ERP132578"	"testis"	"Spermatocytes"	NA	NA	NA	"CL:0000017"	"spermatocyte"	"perfect match"	"SN260"	NA	2
"TCATTTGTCATCCTAT"	""	"ERX6700412"	"ERP132578"	"testis"	"Spermatocytes"	NA	NA	NA	"CL:0000017"	"spermatocyte"	"perfect match"	"SN260"	NA	2
"TCCACCAGTTTCTATC"	""	"ERX6700412"	"ERP132578"	"testis"	"Elongated_spermatids"	NA	NA	NA	"CL:4030037"	"late spermatid"	"perfect match"	"SN260"	NA	1
"TCCACGTCAAAGGAGA"	""	"ERX6700412"	"ERP132578"	"testis"	"Spermatocytes"	NA	NA	NA	"CL:0000017"	"spermatocyte"	"perfect match"	"SN260"	NA	2
"TCCACGTCATCTCCCA"	""	"ERX6700412"	"ERP132578"	"testis"	"Round_spermatids"	NA	NA	NA	"CL:4030036"	"early spermatid"	"perfect match"	"SN260"	NA	3
"TCCACGTGTCCCAAAT"	""	"ERX6700412"	"ERP132578"	"testis"	"Round_spermatids"	NA	NA	NA	"CL:4030036"	"early spermatid"	"perfect match"	"SN260"	NA	3
"TCCAGAAAGGTAGGCT"	""	"ERX6700412"	"ERP132578"	"testis"	"Round_spermatids"	NA	NA	NA	"CL:4030036"	"early spermatid"	"perfect match"	"SN260"	NA	3
"TCCAGAAGTCTGATCA"	""	"ERX6700412"	"ERP132578"	"testis"	"Round_spermatids"	NA	NA	NA	"CL:4030036"	"early spermatid"	"perfect match"	"SN260"	NA	3
"TCCAGAATCTCTCCGA"	""	"ERX6700412"	"ERP132578"	"testis"	"Elongated_spermatids"	NA	NA	NA	"CL:4030037"	"late spermatid"	"perfect match"	"SN260"	NA	1
"TCCATCGCAGTCAGCC"	""	"ERX6700412"	"ERP132578"	"testis"	"Elongated_spermatids"	NA	NA	NA	"CL:4030037"	"late spermatid"	"perfect match"	"SN260"	NA	1
"TCCATCGCATAGAGGC"	""	"ERX6700412"	"ERP132578"	"testis"	"Round_spermatids"	NA	NA	NA	"CL:4030036"	"early spermatid"	"perfect match"	"SN260"	NA	3
"TCCATCGGTACAGGTG"	""	"ERX6700412"	"ERP132578"	"testis"	"Round_spermatids"	NA	NA	NA	"CL:4030036"	"early spermatid"	"perfect match"	"SN260"	NA	3
"TCCATCGGTCTACAGT"	""	"ERX6700412"	"ERP132578"	"testis"	"Round_spermatids"	NA	NA	NA	"CL:4030036"	"early spermatid"	"perfect match"	"SN260"	NA	3
"TCCATCGGTTGTGGAG"	""	"ERX6700412"	"ERP132578"	"testis"	"Round_spermatids"	NA	NA	NA	"CL:4030036"	"early spermatid"	"perfect match"	"SN260"	NA	3
"TCCATCGTCCACACCT"	""	"ERX6700412"	"ERP132578"	"testis"	"Elongated_spermatids"	NA	NA	NA	"CL:4030037"	"late spermatid"	"perfect match"	"SN260"	NA	1
"TCCATCGTCCATCACC"	""	"ERX6700412"	"ERP132578"	"testis"	"Round_spermatids"	NA	NA	NA	"CL:4030036"	"early spermatid"	"perfect match"	"SN260"	NA	3
"TCCATGCCAAGCCATT"	""	"ERX6700412"	"ERP132578"	"testis"	"Round_spermatids"	NA	NA	NA	"CL:4030036"	"early spermatid"	"perfect match"	"SN260"	NA	3
"TCCATGCCAGCAAGAC"	""	"ERX6700412"	"ERP132578"	"testis"	"Spermatocytes"	NA	NA	NA	"CL:0000017"	"spermatocyte"	"perfect match"	"SN260"	NA	2
"TCCATGCCATTGTCGA"	""	"ERX6700412"	"ERP132578"	"testis"	"Spermatocytes"	NA	NA	NA	"CL:0000017"	"spermatocyte"	"perfect match"	"SN260"	NA	2
"TCCATGCTCTAGGCAT"	""	"ERX6700412"	"ERP132578"	"testis"	"Round_spermatids"	NA	NA	NA	"CL:4030036"	"early spermatid"	"perfect match"	"SN260"	NA	3
"TCCCACAAGCACTAAA"	""	"ERX6700412"	"ERP132578"	"testis"	"Round_spermatids"	NA	NA	NA	"CL:4030036"	"early spermatid"	"perfect match"	"SN260"	NA	3
"TCCCACAGTCTCAGGC"	""	"ERX6700412"	"ERP132578"	"testis"	"Round_spermatids"	NA	NA	NA	"CL:4030036"	"early spermatid"	"perfect match"	"SN260"	NA	3
"TCCCACAGTTGGTGTT"	""	"ERX6700412"	"ERP132578"	"testis"	"Spermatocytes"	NA	NA	NA	"CL:0000017"	"spermatocyte"	"perfect match"	"SN260"	NA	2
"TCCCACATCAGAGCAG"	""	"ERX6700412"	"ERP132578"	"testis"	"Elongated_spermatids"	NA	NA	NA	"CL:4030037"	"late spermatid"	"perfect match"	"SN260"	NA	1
"TCCCACATCCTTATCA"	""	"ERX6700412"	"ERP132578"	"testis"	"Spermatocytes"	NA	NA	NA	"CL:0000017"	"spermatocyte"	"perfect match"	"SN260"	NA	2
"TCCCAGTGTCGCGGTT"	""	"ERX6700412"	"ERP132578"	"testis"	"Spermatocytes"	NA	NA	NA	"CL:0000017"	"spermatocyte"	"perfect match"	"SN260"	NA	2
"TCCGAAAAGACGACTG"	""	"ERX6700412"	"ERP132578"	"testis"	"Round_spermatids"	NA	NA	NA	"CL:4030036"	"early spermatid"	"perfect match"	"SN260"	NA	3
"TCCGAAACACGGCCAT"	""	"ERX6700412"	"ERP132578"	"testis"	"Round_spermatids"	NA	NA	NA	"CL:4030036"	"early spermatid"	"perfect match"	"SN260"	NA	3
"TCCGAAAGTCCCGGTA"	""	"ERX6700412"	"ERP132578"	"testis"	"Other_somatic"	NA	NA	NA	"CL:0002371"	"somatic cell"	"perfect match"	"SN260"	NA	5
"TCCGAAAGTGGCTTGC"	""	"ERX6700412"	"ERP132578"	"testis"	"Elongated_spermatids"	NA	NA	NA	"CL:4030037"	"late spermatid"	"perfect match"	"SN260"	NA	1
"TCCGAAAGTGGGCTTC"	""	"ERX6700412"	"ERP132578"	"testis"	"Other_somatic"	NA	NA	NA	"CL:0002371"	"somatic cell"	"perfect match"	"SN260"	NA	5
"TCCGATCAGATGTTCC"	""	"ERX6700412"	"ERP132578"	"testis"	"Spermatogonia"	NA	NA	NA	"CL:0000020"	"spermatogonium"	"perfect match"	"SN260"	NA	4
"TCCGATCAGCACTCTA"	""	"ERX6700412"	"ERP132578"	"testis"	"Elongated_spermatids"	NA	NA	NA	"CL:4030037"	"late spermatid"	"perfect match"	"SN260"	NA	1
"TCCGATCAGTGGTCAG"	""	"ERX6700412"	"ERP132578"	"testis"	"Spermatocytes"	NA	NA	NA	"CL:0000017"	"spermatocyte"	"perfect match"	"SN260"	NA	2
"TCCGATCTCCAATGCA"	""	"ERX6700412"	"ERP132578"	"testis"	"Other_somatic"	NA	NA	NA	"CL:0002371"	"somatic cell"	"perfect match"	"SN260"	NA	5
"TCCGATCTCCCAGTGG"	""	"ERX6700412"	"ERP132578"	"testis"	"Elongated_spermatids"	NA	NA	NA	"CL:4030037"	"late spermatid"	"perfect match"	"SN260"	NA	1
"TCCGGGAAGAGAATCT"	""	"ERX6700412"	"ERP132578"	"testis"	"Round_spermatids"	NA	NA	NA	"CL:4030036"	"early spermatid"	"perfect match"	"SN260"	NA	3
"TCCGGGAGTAGGTTTC"	""	"ERX6700412"	"ERP132578"	"testis"	"Round_spermatids"	NA	NA	NA	"CL:4030036"	"early spermatid"	"perfect match"	"SN260"	NA	3
"TCCGGGAGTCGAAACG"	""	"ERX6700412"	"ERP132578"	"testis"	"Round_spermatids"	NA	NA	NA	"CL:4030036"	"early spermatid"	"perfect match"	"SN260"	NA	3
"TCCGGGATCAACTGAC"	""	"ERX6700412"	"ERP132578"	"testis"	"Elongated_spermatids"	NA	NA	NA	"CL:4030037"	"late spermatid"	"perfect match"	"SN260"	NA	1
"TCCGGGATCGAGTGGA"	""	"ERX6700412"	"ERP132578"	"testis"	"Round_spermatids"	NA	NA	NA	"CL:4030036"	"early spermatid"	"perfect match"	"SN260"	NA	3
"TCCGTGTCACAAATAG"	""	"ERX6700412"	"ERP132578"	"testis"	"Elongated_spermatids"	NA	NA	NA	"CL:4030037"	"late spermatid"	"perfect match"	"SN260"	NA	1
"TCCGTGTGTCTCACGG"	""	"ERX6700412"	"ERP132578"	"testis"	"Spermatocytes"	NA	NA	NA	"CL:0000017"	"spermatocyte"	"perfect match"	"SN260"	NA	2
"TCCTAATAGTCGGGAT"	""	"ERX6700412"	"ERP132578"	"testis"	"Spermatocytes"	NA	NA	NA	"CL:0000017"	"spermatocyte"	"perfect match"	"SN260"	NA	2
"TCCTAATGTCGCACGT"	""	"ERX6700412"	"ERP132578"	"testis"	"Other_somatic"	NA	NA	NA	"CL:0002371"	"somatic cell"	"perfect match"	"SN260"	NA	5
"TCCTCCCAGGACAAGA"	""	"ERX6700412"	"ERP132578"	"testis"	"Spermatogonia"	NA	NA	NA	"CL:0000020"	"spermatogonium"	"perfect match"	"SN260"	NA	4
"TCCTCCCAGTACGTCT"	""	"ERX6700412"	"ERP132578"	"testis"	"Spermatocytes"	NA	NA	NA	"CL:0000017"	"spermatocyte"	"perfect match"	"SN260"	NA	2
"TCCTCCCTCAAATGCC"	""	"ERX6700412"	"ERP132578"	"testis"	"Round_spermatids"	NA	NA	NA	"CL:4030036"	"early spermatid"	"perfect match"	"SN260"	NA	3
"TCCTCGATCCACGTGG"	""	"ERX6700412"	"ERP132578"	"testis"	"Round_spermatids"	NA	NA	NA	"CL:4030036"	"early spermatid"	"perfect match"	"SN260"	NA	3
"TCCTCTTCAGCCCACA"	""	"ERX6700412"	"ERP132578"	"testis"	"Spermatocytes"	NA	NA	NA	"CL:0000017"	"spermatocyte"	"perfect match"	"SN260"	NA	2
"TCCTCTTGTGCCGGTT"	""	"ERX6700412"	"ERP132578"	"testis"	"Round_spermatids"	NA	NA	NA	"CL:4030036"	"early spermatid"	"perfect match"	"SN260"	NA	3
"TCCTCTTTCACATTGG"	""	"ERX6700412"	"ERP132578"	"testis"	"Elongated_spermatids"	NA	NA	NA	"CL:4030037"	"late spermatid"	"perfect match"	"SN260"	NA	1
"TCCTGCAAGATGATTG"	""	"ERX6700412"	"ERP132578"	"testis"	"Round_spermatids"	NA	NA	NA	"CL:4030036"	"early spermatid"	"perfect match"	"SN260"	NA	3
"TCCTGCAGTACAGCGA"	""	"ERX6700412"	"ERP132578"	"testis"	"Round_spermatids"	NA	NA	NA	"CL:4030036"	"early spermatid"	"perfect match"	"SN260"	NA	3
"TCCTGCAGTCGAATGG"	""	"ERX6700412"	"ERP132578"	"testis"	"Round_spermatids"	NA	NA	NA	"CL:4030036"	"early spermatid"	"perfect match"	"SN260"	NA	3
"TCCTTCTAGCCGCTTG"	""	"ERX6700412"	"ERP132578"	"testis"	"Elongated_spermatids"	NA	NA	NA	"CL:4030037"	"late spermatid"	"perfect match"	"SN260"	NA	1
"TCCTTCTAGTAAACAC"	""	"ERX6700412"	"ERP132578"	"testis"	"Elongated_spermatids"	NA	NA	NA	"CL:4030037"	"late spermatid"	"perfect match"	"SN260"	NA	1
"TCCTTCTCAAGTGGCA"	""	"ERX6700412"	"ERP132578"	"testis"	"Elongated_spermatids"	NA	NA	NA	"CL:4030037"	"late spermatid"	"perfect match"	"SN260"	NA	1
"TCCTTCTCATGAATAG"	""	"ERX6700412"	"ERP132578"	"testis"	"Spermatocytes"	NA	NA	NA	"CL:0000017"	"spermatocyte"	"perfect match"	"SN260"	NA	2
"TCCTTTCAGACGCCCT"	""	"ERX6700412"	"ERP132578"	"testis"	"Spermatocytes"	NA	NA	NA	"CL:0000017"	"spermatocyte"	"perfect match"	"SN260"	NA	2
"TCCTTTCAGGATTCCT"	""	"ERX6700412"	"ERP132578"	"testis"	"Round_spermatids"	NA	NA	NA	"CL:4030036"	"early spermatid"	"perfect match"	"SN260"	NA	3
"TCCTTTCAGGCTCTAT"	""	"ERX6700412"	"ERP132578"	"testis"	"Spermatocytes"	NA	NA	NA	"CL:0000017"	"spermatocyte"	"perfect match"	"SN260"	NA	2
"TCCTTTCGTAGATTAG"	""	"ERX6700412"	"ERP132578"	"testis"	"Spermatogonia"	NA	NA	NA	"CL:0000020"	"spermatogonium"	"perfect match"	"SN260"	NA	4
"TCCTTTCGTGCATGAG"	""	"ERX6700412"	"ERP132578"	"testis"	"Elongated_spermatids"	NA	NA	NA	"CL:4030037"	"late spermatid"	"perfect match"	"SN260"	NA	1
"TCCTTTCTCACAAGAA"	""	"ERX6700412"	"ERP132578"	"testis"	"Round_spermatids"	NA	NA	NA	"CL:4030036"	"early spermatid"	"perfect match"	"SN260"	NA	3
"TCCTTTCTCTGGGCCA"	""	"ERX6700412"	"ERP132578"	"testis"	"Round_spermatids"	NA	NA	NA	"CL:4030036"	"early spermatid"	"perfect match"	"SN260"	NA	3
"TCCTTTCTCTTCCTAA"	""	"ERX6700412"	"ERP132578"	"testis"	"Elongated_spermatids"	NA	NA	NA	"CL:4030037"	"late spermatid"	"perfect match"	"SN260"	NA	1
"TCGAACAGTCACTGAT"	""	"ERX6700412"	"ERP132578"	"testis"	"Round_spermatids"	NA	NA	NA	"CL:4030036"	"early spermatid"	"perfect match"	"SN260"	NA	3
"TCGAAGTAGGCCATAG"	""	"ERX6700412"	"ERP132578"	"testis"	"Round_spermatids"	NA	NA	NA	"CL:4030036"	"early spermatid"	"perfect match"	"SN260"	NA	3
"TCGAAGTCACAGTACT"	""	"ERX6700412"	"ERP132578"	"testis"	"Round_spermatids"	NA	NA	NA	"CL:4030036"	"early spermatid"	"perfect match"	"SN260"	NA	3
"TCGAAGTCATATCGGT"	""	"ERX6700412"	"ERP132578"	"testis"	"Spermatocytes"	NA	NA	NA	"CL:0000017"	"spermatocyte"	"perfect match"	"SN260"	NA	2
"TCGAAGTGTACATTGC"	""	"ERX6700412"	"ERP132578"	"testis"	"Round_spermatids"	NA	NA	NA	"CL:4030036"	"early spermatid"	"perfect match"	"SN260"	NA	3
"TCGAAGTGTTCCACGG"	""	"ERX6700412"	"ERP132578"	"testis"	"Spermatocytes"	NA	NA	NA	"CL:0000017"	"spermatocyte"	"perfect match"	"SN260"	NA	2
"TCGAAGTGTTGGTGTT"	""	"ERX6700412"	"ERP132578"	"testis"	"Spermatogonia"	NA	NA	NA	"CL:0000020"	"spermatogonium"	"perfect match"	"SN260"	NA	4
"TCGAAGTTCGTCAAAC"	""	"ERX6700412"	"ERP132578"	"testis"	"Elongated_spermatids"	NA	NA	NA	"CL:4030037"	"late spermatid"	"perfect match"	"SN260"	NA	1
"TCGACCTAGATTCGCT"	""	"ERX6700412"	"ERP132578"	"testis"	"Spermatocytes"	NA	NA	NA	"CL:0000017"	"spermatocyte"	"perfect match"	"SN260"	NA	2
"TCGACCTAGTCATCGT"	""	"ERX6700412"	"ERP132578"	"testis"	"Other_somatic"	NA	NA	NA	"CL:0002371"	"somatic cell"	"perfect match"	"SN260"	NA	5
"TCGACCTCACCGTGAC"	""	"ERX6700412"	"ERP132578"	"testis"	"Round_spermatids"	NA	NA	NA	"CL:4030036"	"early spermatid"	"perfect match"	"SN260"	NA	3
"TCGACCTTCCATATGG"	""	"ERX6700412"	"ERP132578"	"testis"	"Elongated_spermatids"	NA	NA	NA	"CL:4030037"	"late spermatid"	"perfect match"	"SN260"	NA	1
"TCGACGGAGACGCCAA"	""	"ERX6700412"	"ERP132578"	"testis"	"Spermatocytes"	NA	NA	NA	"CL:0000017"	"spermatocyte"	"perfect match"	"SN260"	NA	2
"TCGACGGAGGTAGTCG"	""	"ERX6700412"	"ERP132578"	"testis"	"Spermatocytes"	NA	NA	NA	"CL:0000017"	"spermatocyte"	"perfect match"	"SN260"	NA	2
"TCGACGGGTAGGGTAC"	""	"ERX6700412"	"ERP132578"	"testis"	"Round_spermatids"	NA	NA	NA	"CL:4030036"	"early spermatid"	"perfect match"	"SN260"	NA	3
"TCGACGGTCGGCTCTT"	""	"ERX6700412"	"ERP132578"	"testis"	"Spermatocytes"	NA	NA	NA	"CL:0000017"	"spermatocyte"	"perfect match"	"SN260"	NA	2
"TCGACGGTCTCATTAC"	""	"ERX6700412"	"ERP132578"	"testis"	"Round_spermatids"	NA	NA	NA	"CL:4030036"	"early spermatid"	"perfect match"	"SN260"	NA	3
"TCGATTTAGAGCAGAA"	""	"ERX6700412"	"ERP132578"	"testis"	"Round_spermatids"	NA	NA	NA	"CL:4030036"	"early spermatid"	"perfect match"	"SN260"	NA	3
"TCGATTTAGCATCCTA"	""	"ERX6700412"	"ERP132578"	"testis"	"Round_spermatids"	NA	NA	NA	"CL:4030036"	"early spermatid"	"perfect match"	"SN260"	NA	3
"TCGATTTCAAGACCTT"	""	"ERX6700412"	"ERP132578"	"testis"	"Spermatocytes"	NA	NA	NA	"CL:0000017"	"spermatocyte"	"perfect match"	"SN260"	NA	2
"TCGATTTGTACTCGAT"	""	"ERX6700412"	"ERP132578"	"testis"	"Round_spermatids"	NA	NA	NA	"CL:4030036"	"early spermatid"	"perfect match"	"SN260"	NA	3
"TCGCACTAGTGAATAC"	""	"ERX6700412"	"ERP132578"	"testis"	"Spermatocytes"	NA	NA	NA	"CL:0000017"	"spermatocyte"	"perfect match"	"SN260"	NA	2
"TCGCACTCATCATCCC"	""	"ERX6700412"	"ERP132578"	"testis"	"Other_somatic"	NA	NA	NA	"CL:0002371"	"somatic cell"	"perfect match"	"SN260"	NA	5
"TCGCACTGTTCTCTAT"	""	"ERX6700412"	"ERP132578"	"testis"	"Round_spermatids"	NA	NA	NA	"CL:4030036"	"early spermatid"	"perfect match"	"SN260"	NA	3
"TCGCACTTCGAGAGCA"	""	"ERX6700412"	"ERP132578"	"testis"	"Round_spermatids"	NA	NA	NA	"CL:4030036"	"early spermatid"	"perfect match"	"SN260"	NA	3
"TCGCAGGAGGTAGTCG"	""	"ERX6700412"	"ERP132578"	"testis"	"Round_spermatids"	NA	NA	NA	"CL:4030036"	"early spermatid"	"perfect match"	"SN260"	NA	3
"TCGCAGGAGTTGGAAT"	""	"ERX6700412"	"ERP132578"	"testis"	"Round_spermatids"	NA	NA	NA	"CL:4030036"	"early spermatid"	"perfect match"	"SN260"	NA	3
"TCGCTCAAGCCTGTGC"	""	"ERX6700412"	"ERP132578"	"testis"	"Elongated_spermatids"	NA	NA	NA	"CL:4030037"	"late spermatid"	"perfect match"	"SN260"	NA	1
"TCGCTCAAGTTTGCTG"	""	"ERX6700412"	"ERP132578"	"testis"	"Spermatogonia"	NA	NA	NA	"CL:0000020"	"spermatogonium"	"perfect match"	"SN260"	NA	4
"TCGCTCACACGTCTCT"	""	"ERX6700412"	"ERP132578"	"testis"	"Spermatocytes"	NA	NA	NA	"CL:0000017"	"spermatocyte"	"perfect match"	"SN260"	NA	2
"TCGCTCACACTCCGAG"	""	"ERX6700412"	"ERP132578"	"testis"	"Elongated_spermatids"	NA	NA	NA	"CL:4030037"	"late spermatid"	"perfect match"	"SN260"	NA	1
"TCGCTCATCCATCACC"	""	"ERX6700412"	"ERP132578"	"testis"	"Spermatocytes"	NA	NA	NA	"CL:0000017"	"spermatocyte"	"perfect match"	"SN260"	NA	2
"TCGCTCATCGCCGTGA"	""	"ERX6700412"	"ERP132578"	"testis"	"Spermatocytes"	NA	NA	NA	"CL:0000017"	"spermatocyte"	"perfect match"	"SN260"	NA	2
"TCGCTTGAGGTCTACT"	""	"ERX6700412"	"ERP132578"	"testis"	"Other_somatic"	NA	NA	NA	"CL:0002371"	"somatic cell"	"perfect match"	"SN260"	NA	5
"TCGCTTGCAACCGTGC"	""	"ERX6700412"	"ERP132578"	"testis"	"Spermatocytes"	NA	NA	NA	"CL:0000017"	"spermatocyte"	"perfect match"	"SN260"	NA	2
"TCGCTTGGTAGTTAGA"	""	"ERX6700412"	"ERP132578"	"testis"	"Round_spermatids"	NA	NA	NA	"CL:4030036"	"early spermatid"	"perfect match"	"SN260"	NA	3
"TCGCTTGGTATTCTCT"	""	"ERX6700412"	"ERP132578"	"testis"	"Round_spermatids"	NA	NA	NA	"CL:4030036"	"early spermatid"	"perfect match"	"SN260"	NA	3
"TCGCTTGGTCCAGGTC"	""	"ERX6700412"	"ERP132578"	"testis"	"Elongated_spermatids"	NA	NA	NA	"CL:4030037"	"late spermatid"	"perfect match"	"SN260"	NA	1
"TCGCTTGTCCGTGGCA"	""	"ERX6700412"	"ERP132578"	"testis"	"Round_spermatids"	NA	NA	NA	"CL:4030036"	"early spermatid"	"perfect match"	"SN260"	NA	3
"TCGCTTGTCCTATTGT"	""	"ERX6700412"	"ERP132578"	"testis"	"Spermatocytes"	NA	NA	NA	"CL:0000017"	"spermatocyte"	"perfect match"	"SN260"	NA	2
"TCGCTTGTCGAGTCCG"	""	"ERX6700412"	"ERP132578"	"testis"	"Round_spermatids"	NA	NA	NA	"CL:4030036"	"early spermatid"	"perfect match"	"SN260"	NA	3
"TCGCTTGTCTGCCTGT"	""	"ERX6700412"	"ERP132578"	"testis"	"Spermatocytes"	NA	NA	NA	"CL:0000017"	"spermatocyte"	"perfect match"	"SN260"	NA	2
"TCGGATAAGGAGGTTC"	""	"ERX6700412"	"ERP132578"	"testis"	"Spermatocytes"	NA	NA	NA	"CL:0000017"	"spermatocyte"	"perfect match"	"SN260"	NA	2
"TCGGATACACAGCGCT"	""	"ERX6700412"	"ERP132578"	"testis"	"Round_spermatids"	NA	NA	NA	"CL:4030036"	"early spermatid"	"perfect match"	"SN260"	NA	3
"TCGGGACTCGCTGATA"	""	"ERX6700412"	"ERP132578"	"testis"	"Round_spermatids"	NA	NA	NA	"CL:4030036"	"early spermatid"	"perfect match"	"SN260"	NA	3
"TCGGGACTCGGAATGG"	""	"ERX6700412"	"ERP132578"	"testis"	"Round_spermatids"	NA	NA	NA	"CL:4030036"	"early spermatid"	"perfect match"	"SN260"	NA	3
"TCGGGCAAGACGTCGA"	""	"ERX6700412"	"ERP132578"	"testis"	"Spermatocytes"	NA	NA	NA	"CL:0000017"	"spermatocyte"	"perfect match"	"SN260"	NA	2
"TCGGGCAAGCGATCGA"	""	"ERX6700412"	"ERP132578"	"testis"	"Round_spermatids"	NA	NA	NA	"CL:4030036"	"early spermatid"	"perfect match"	"SN260"	NA	3
"TCGGGCACATGACAAA"	""	"ERX6700412"	"ERP132578"	"testis"	"Round_spermatids"	NA	NA	NA	"CL:4030036"	"early spermatid"	"perfect match"	"SN260"	NA	3
"TCGGGCAGTGAGACGT"	""	"ERX6700412"	"ERP132578"	"testis"	"Spermatocytes"	NA	NA	NA	"CL:0000017"	"spermatocyte"	"perfect match"	"SN260"	NA	2
"TCGGGCATCCTACACC"	""	"ERX6700412"	"ERP132578"	"testis"	"Round_spermatids"	NA	NA	NA	"CL:4030036"	"early spermatid"	"perfect match"	"SN260"	NA	3
"TCGGGTGAGAAGAACG"	""	"ERX6700412"	"ERP132578"	"testis"	"Round_spermatids"	NA	NA	NA	"CL:4030036"	"early spermatid"	"perfect match"	"SN260"	NA	3
"TCGGGTGAGACGGAAA"	""	"ERX6700412"	"ERP132578"	"testis"	"Round_spermatids"	NA	NA	NA	"CL:4030036"	"early spermatid"	"perfect match"	"SN260"	NA	3
"TCGGGTGCAAATACAG"	""	"ERX6700412"	"ERP132578"	"testis"	"Round_spermatids"	NA	NA	NA	"CL:4030036"	"early spermatid"	"perfect match"	"SN260"	NA	3
"TCGGGTGCAGTCAACT"	""	"ERX6700412"	"ERP132578"	"testis"	"Spermatocytes"	NA	NA	NA	"CL:0000017"	"spermatocyte"	"perfect match"	"SN260"	NA	2
"TCGGTCTTCGCAATGT"	""	"ERX6700412"	"ERP132578"	"testis"	"Round_spermatids"	NA	NA	NA	"CL:4030036"	"early spermatid"	"perfect match"	"SN260"	NA	3
"TCGGTCTTCTCGTGAA"	""	"ERX6700412"	"ERP132578"	"testis"	"Elongated_spermatids"	NA	NA	NA	"CL:4030037"	"late spermatid"	"perfect match"	"SN260"	NA	1
"TCGTAGAAGGTTATAG"	""	"ERX6700412"	"ERP132578"	"testis"	"Spermatocytes"	NA	NA	NA	"CL:0000017"	"spermatocyte"	"perfect match"	"SN260"	NA	2
"TCGTAGAAGTTGCCTA"	""	"ERX6700412"	"ERP132578"	"testis"	"Spermatocytes"	NA	NA	NA	"CL:0000017"	"spermatocyte"	"perfect match"	"SN260"	NA	2
"TCGTAGACAGGATTCT"	""	"ERX6700412"	"ERP132578"	"testis"	"Elongated_spermatids"	NA	NA	NA	"CL:4030037"	"late spermatid"	"perfect match"	"SN260"	NA	1
"TCGTCCAAGAACCCGA"	""	"ERX6700412"	"ERP132578"	"testis"	"Round_spermatids"	NA	NA	NA	"CL:4030036"	"early spermatid"	"perfect match"	"SN260"	NA	3
"TCGTCCAGTCCGTTTC"	""	"ERX6700412"	"ERP132578"	"testis"	"Round_spermatids"	NA	NA	NA	"CL:4030036"	"early spermatid"	"perfect match"	"SN260"	NA	3
"TCGTCCAGTGGATCAG"	""	"ERX6700412"	"ERP132578"	"testis"	"Round_spermatids"	NA	NA	NA	"CL:4030036"	"early spermatid"	"perfect match"	"SN260"	NA	3
"TCGTCCATCGACGACC"	""	"ERX6700412"	"ERP132578"	"testis"	"Elongated_spermatids"	NA	NA	NA	"CL:4030037"	"late spermatid"	"perfect match"	"SN260"	NA	1
"TCGTGCTTCCTCGCAT"	""	"ERX6700412"	"ERP132578"	"testis"	"Spermatocytes"	NA	NA	NA	"CL:0000017"	"spermatocyte"	"perfect match"	"SN260"	NA	2
"TCTAACTGTAATCAAG"	""	"ERX6700412"	"ERP132578"	"testis"	"Round_spermatids"	NA	NA	NA	"CL:4030036"	"early spermatid"	"perfect match"	"SN260"	NA	3
"TCTAACTGTATATGGA"	""	"ERX6700412"	"ERP132578"	"testis"	"Round_spermatids"	NA	NA	NA	"CL:4030036"	"early spermatid"	"perfect match"	"SN260"	NA	3
"TCTAACTGTTATCTGG"	""	"ERX6700412"	"ERP132578"	"testis"	"Spermatocytes"	NA	NA	NA	"CL:0000017"	"spermatocyte"	"perfect match"	"SN260"	NA	2
"TCTAACTTCGCCCAGA"	""	"ERX6700412"	"ERP132578"	"testis"	"Round_spermatids"	NA	NA	NA	"CL:4030036"	"early spermatid"	"perfect match"	"SN260"	NA	3
"TCTAACTTCTCTCCGA"	""	"ERX6700412"	"ERP132578"	"testis"	"Spermatocytes"	NA	NA	NA	"CL:0000017"	"spermatocyte"	"perfect match"	"SN260"	NA	2
"TCTACATCATGTGGCC"	""	"ERX6700412"	"ERP132578"	"testis"	"Spermatogonia"	NA	NA	NA	"CL:0000020"	"spermatogonium"	"perfect match"	"SN260"	NA	4
"TCTACATGTCTCCCTA"	""	"ERX6700412"	"ERP132578"	"testis"	"Round_spermatids"	NA	NA	NA	"CL:4030036"	"early spermatid"	"perfect match"	"SN260"	NA	3
"TCTACCGAGGCAGGGA"	""	"ERX6700412"	"ERP132578"	"testis"	"Round_spermatids"	NA	NA	NA	"CL:4030036"	"early spermatid"	"perfect match"	"SN260"	NA	3
"TCTACCGGTAACAGGC"	""	"ERX6700412"	"ERP132578"	"testis"	"Round_spermatids"	NA	NA	NA	"CL:4030036"	"early spermatid"	"perfect match"	"SN260"	NA	3
"TCTATACAGCATCCTA"	""	"ERX6700412"	"ERP132578"	"testis"	"Elongated_spermatids"	NA	NA	NA	"CL:4030037"	"late spermatid"	"perfect match"	"SN260"	NA	1
"TCTATCACACCAGCCA"	""	"ERX6700412"	"ERP132578"	"testis"	"Round_spermatids"	NA	NA	NA	"CL:4030036"	"early spermatid"	"perfect match"	"SN260"	NA	3
"TCTATCACAGCGTTTA"	""	"ERX6700412"	"ERP132578"	"testis"	"Round_spermatids"	NA	NA	NA	"CL:4030036"	"early spermatid"	"perfect match"	"SN260"	NA	3
"TCTATCACATAAGCAA"	""	"ERX6700412"	"ERP132578"	"testis"	"Spermatocytes"	NA	NA	NA	"CL:0000017"	"spermatocyte"	"perfect match"	"SN260"	NA	2
"TCTATCATCTGAATGC"	""	"ERX6700412"	"ERP132578"	"testis"	"Round_spermatids"	NA	NA	NA	"CL:4030036"	"early spermatid"	"perfect match"	"SN260"	NA	3
"TCTCACGAGTCTCCTC"	""	"ERX6700412"	"ERP132578"	"testis"	"Elongated_spermatids"	NA	NA	NA	"CL:4030037"	"late spermatid"	"perfect match"	"SN260"	NA	1
"TCTCACGCAACTCGAT"	""	"ERX6700412"	"ERP132578"	"testis"	"Round_spermatids"	NA	NA	NA	"CL:4030036"	"early spermatid"	"perfect match"	"SN260"	NA	3
"TCTCACGCACCCTCTA"	""	"ERX6700412"	"ERP132578"	"testis"	"Elongated_spermatids"	NA	NA	NA	"CL:4030037"	"late spermatid"	"perfect match"	"SN260"	NA	1
"TCTCACGGTATCACGT"	""	"ERX6700412"	"ERP132578"	"testis"	"Elongated_spermatids"	NA	NA	NA	"CL:4030037"	"late spermatid"	"perfect match"	"SN260"	NA	1
"TCTCACGGTATCGTTG"	""	"ERX6700412"	"ERP132578"	"testis"	"Round_spermatids"	NA	NA	NA	"CL:4030036"	"early spermatid"	"perfect match"	"SN260"	NA	3
"TCTCACGGTTACCGTA"	""	"ERX6700412"	"ERP132578"	"testis"	"Other_somatic"	NA	NA	NA	"CL:0002371"	"somatic cell"	"perfect match"	"SN260"	NA	5
"TCTCAGCAGGCCTTCG"	""	"ERX6700412"	"ERP132578"	"testis"	"Round_spermatids"	NA	NA	NA	"CL:4030036"	"early spermatid"	"perfect match"	"SN260"	NA	3
"TCTCAGCGTAAGAACT"	""	"ERX6700412"	"ERP132578"	"testis"	"Round_spermatids"	NA	NA	NA	"CL:4030036"	"early spermatid"	"perfect match"	"SN260"	NA	3
"TCTCAGCGTAATGCGG"	""	"ERX6700412"	"ERP132578"	"testis"	"Elongated_spermatids"	NA	NA	NA	"CL:4030037"	"late spermatid"	"perfect match"	"SN260"	NA	1
"TCTCCGACAGAACTTC"	""	"ERX6700412"	"ERP132578"	"testis"	"Round_spermatids"	NA	NA	NA	"CL:4030036"	"early spermatid"	"perfect match"	"SN260"	NA	3
"TCTCTGGAGTACCATC"	""	"ERX6700412"	"ERP132578"	"testis"	"Round_spermatids"	NA	NA	NA	"CL:4030036"	"early spermatid"	"perfect match"	"SN260"	NA	3
"TCTCTGGCAGGTTCGC"	""	"ERX6700412"	"ERP132578"	"testis"	"Spermatocytes"	NA	NA	NA	"CL:0000017"	"spermatocyte"	"perfect match"	"SN260"	NA	2
"TCTCTGGGTACAGTAA"	""	"ERX6700412"	"ERP132578"	"testis"	"Round_spermatids"	NA	NA	NA	"CL:4030036"	"early spermatid"	"perfect match"	"SN260"	NA	3
"TCTGCCACACTAGGTT"	""	"ERX6700412"	"ERP132578"	"testis"	"Spermatocytes"	NA	NA	NA	"CL:0000017"	"spermatocyte"	"perfect match"	"SN260"	NA	2
"TCTGCCACAGACTGCC"	""	"ERX6700412"	"ERP132578"	"testis"	"Spermatogonia"	NA	NA	NA	"CL:0000020"	"spermatogonium"	"perfect match"	"SN260"	NA	4
"TCTGCCACAGCAGATG"	""	"ERX6700412"	"ERP132578"	"testis"	"Round_spermatids"	NA	NA	NA	"CL:4030036"	"early spermatid"	"perfect match"	"SN260"	NA	3
"TCTGCCACAGCTTTGA"	""	"ERX6700412"	"ERP132578"	"testis"	"Round_spermatids"	NA	NA	NA	"CL:4030036"	"early spermatid"	"perfect match"	"SN260"	NA	3
"TCTGCCAGTCTGCAAT"	""	"ERX6700412"	"ERP132578"	"testis"	"Elongated_spermatids"	NA	NA	NA	"CL:4030037"	"late spermatid"	"perfect match"	"SN260"	NA	1
"TCTGGCTAGGATTACA"	""	"ERX6700412"	"ERP132578"	"testis"	"Spermatogonia"	NA	NA	NA	"CL:0000020"	"spermatogonium"	"perfect match"	"SN260"	NA	4
"TCTGGCTGTATGAAAC"	""	"ERX6700412"	"ERP132578"	"testis"	"Round_spermatids"	NA	NA	NA	"CL:4030036"	"early spermatid"	"perfect match"	"SN260"	NA	3
"TCTGTCGAGGTACAAT"	""	"ERX6700412"	"ERP132578"	"testis"	"Round_spermatids"	NA	NA	NA	"CL:4030036"	"early spermatid"	"perfect match"	"SN260"	NA	3
"TCTGTCGCATGGTACT"	""	"ERX6700412"	"ERP132578"	"testis"	"Round_spermatids"	NA	NA	NA	"CL:4030036"	"early spermatid"	"perfect match"	"SN260"	NA	3
"TCTGTCGGTCTCGACG"	""	"ERX6700412"	"ERP132578"	"testis"	"Round_spermatids"	NA	NA	NA	"CL:4030036"	"early spermatid"	"perfect match"	"SN260"	NA	3
"TCTGTCGTCCCATTCG"	""	"ERX6700412"	"ERP132578"	"testis"	"Round_spermatids"	NA	NA	NA	"CL:4030036"	"early spermatid"	"perfect match"	"SN260"	NA	3
"TCTGTCGTCGGAATTC"	""	"ERX6700412"	"ERP132578"	"testis"	"Round_spermatids"	NA	NA	NA	"CL:4030036"	"early spermatid"	"perfect match"	"SN260"	NA	3
"TCTTAGTAGGTCGTCC"	""	"ERX6700412"	"ERP132578"	"testis"	"Spermatocytes"	NA	NA	NA	"CL:0000017"	"spermatocyte"	"perfect match"	"SN260"	NA	2
"TCTTAGTGTGACTATC"	""	"ERX6700412"	"ERP132578"	"testis"	"Round_spermatids"	NA	NA	NA	"CL:4030036"	"early spermatid"	"perfect match"	"SN260"	NA	3
"TCTTAGTGTTGAGGAC"	""	"ERX6700412"	"ERP132578"	"testis"	"Spermatocytes"	NA	NA	NA	"CL:0000017"	"spermatocyte"	"perfect match"	"SN260"	NA	2
"TCTTAGTGTTGCTTGA"	""	"ERX6700412"	"ERP132578"	"testis"	"Spermatocytes"	NA	NA	NA	"CL:0000017"	"spermatocyte"	"perfect match"	"SN260"	NA	2
"TCTTCCTAGAGGATCC"	""	"ERX6700412"	"ERP132578"	"testis"	"Elongated_spermatids"	NA	NA	NA	"CL:4030037"	"late spermatid"	"perfect match"	"SN260"	NA	1
"TCTTCCTAGGCTTAGG"	""	"ERX6700412"	"ERP132578"	"testis"	"Round_spermatids"	NA	NA	NA	"CL:4030036"	"early spermatid"	"perfect match"	"SN260"	NA	3
"TCTTCCTGTAGCGATG"	""	"ERX6700412"	"ERP132578"	"testis"	"Spermatogonia"	NA	NA	NA	"CL:0000020"	"spermatogonium"	"perfect match"	"SN260"	NA	4
"TCTTCCTGTCTACGTA"	""	"ERX6700412"	"ERP132578"	"testis"	"Spermatogonia"	NA	NA	NA	"CL:0000020"	"spermatogonium"	"perfect match"	"SN260"	NA	4
"TCTTCCTTCCAGCAAT"	""	"ERX6700412"	"ERP132578"	"testis"	"Round_spermatids"	NA	NA	NA	"CL:4030036"	"early spermatid"	"perfect match"	"SN260"	NA	3
"TCTTGCGCACTACGGC"	""	"ERX6700412"	"ERP132578"	"testis"	"Round_spermatids"	NA	NA	NA	"CL:4030036"	"early spermatid"	"perfect match"	"SN260"	NA	3
"TCTTGCGCACTGCACG"	""	"ERX6700412"	"ERP132578"	"testis"	"Elongated_spermatids"	NA	NA	NA	"CL:4030037"	"late spermatid"	"perfect match"	"SN260"	NA	1
"TCTTTGAAGCACTGGA"	""	"ERX6700412"	"ERP132578"	"testis"	"Round_spermatids"	NA	NA	NA	"CL:4030036"	"early spermatid"	"perfect match"	"SN260"	NA	3
"TCTTTGACAGAGAAAG"	""	"ERX6700412"	"ERP132578"	"testis"	"Elongated_spermatids"	NA	NA	NA	"CL:4030037"	"late spermatid"	"perfect match"	"SN260"	NA	1
"TCTTTGAGTGCCCTTT"	""	"ERX6700412"	"ERP132578"	"testis"	"Elongated_spermatids"	NA	NA	NA	"CL:4030037"	"late spermatid"	"perfect match"	"SN260"	NA	1
"TCTTTGAGTGGTGATG"	""	"ERX6700412"	"ERP132578"	"testis"	"Spermatogonia"	NA	NA	NA	"CL:0000020"	"spermatogonium"	"perfect match"	"SN260"	NA	4
"TGAACGTTCGAAGCAG"	""	"ERX6700412"	"ERP132578"	"testis"	"Spermatocytes"	NA	NA	NA	"CL:0000017"	"spermatocyte"	"perfect match"	"SN260"	NA	2
"TGAATCGCACTGTCCT"	""	"ERX6700412"	"ERP132578"	"testis"	"Spermatocytes"	NA	NA	NA	"CL:0000017"	"spermatocyte"	"perfect match"	"SN260"	NA	2
"TGAATCGTCTATCGTT"	""	"ERX6700412"	"ERP132578"	"testis"	"Spermatocytes"	NA	NA	NA	"CL:0000017"	"spermatocyte"	"perfect match"	"SN260"	NA	2
"TGAATGCGTAGGCTCC"	""	"ERX6700412"	"ERP132578"	"testis"	"Spermatocytes"	NA	NA	NA	"CL:0000017"	"spermatocyte"	"perfect match"	"SN260"	NA	2
"TGAATGCTCAAAGCCT"	""	"ERX6700412"	"ERP132578"	"testis"	"Elongated_spermatids"	NA	NA	NA	"CL:4030037"	"late spermatid"	"perfect match"	"SN260"	NA	1
"TGACAGTAGGGACACT"	""	"ERX6700412"	"ERP132578"	"testis"	"Round_spermatids"	NA	NA	NA	"CL:4030036"	"early spermatid"	"perfect match"	"SN260"	NA	3
"TGACCCTCAGGCCCTA"	""	"ERX6700412"	"ERP132578"	"testis"	"Spermatogonia"	NA	NA	NA	"CL:0000020"	"spermatogonium"	"perfect match"	"SN260"	NA	4
"TGACCCTGTCTTACAG"	""	"ERX6700412"	"ERP132578"	"testis"	"Spermatocytes"	NA	NA	NA	"CL:0000017"	"spermatocyte"	"perfect match"	"SN260"	NA	2
"TGACCCTTCCATTGCC"	""	"ERX6700412"	"ERP132578"	"testis"	"Elongated_spermatids"	NA	NA	NA	"CL:4030037"	"late spermatid"	"perfect match"	"SN260"	NA	1
"TGACCCTTCGCCACTT"	""	"ERX6700412"	"ERP132578"	"testis"	"Spermatocytes"	NA	NA	NA	"CL:0000017"	"spermatocyte"	"perfect match"	"SN260"	NA	2
"TGACGCGAGGCAGCTA"	""	"ERX6700412"	"ERP132578"	"testis"	"Spermatocytes"	NA	NA	NA	"CL:0000017"	"spermatocyte"	"perfect match"	"SN260"	NA	2
"TGACGCGGTCACTGAT"	""	"ERX6700412"	"ERP132578"	"testis"	"Spermatocytes"	NA	NA	NA	"CL:0000017"	"spermatocyte"	"perfect match"	"SN260"	NA	2
"TGACGCGTCCTACCAC"	""	"ERX6700412"	"ERP132578"	"testis"	"Round_spermatids"	NA	NA	NA	"CL:4030036"	"early spermatid"	"perfect match"	"SN260"	NA	3
"TGACTCCAGAAGCGCT"	""	"ERX6700412"	"ERP132578"	"testis"	"Spermatogonia"	NA	NA	NA	"CL:0000020"	"spermatogonium"	"perfect match"	"SN260"	NA	4
"TGACTCCAGGCGACAT"	""	"ERX6700412"	"ERP132578"	"testis"	"Round_spermatids"	NA	NA	NA	"CL:4030036"	"early spermatid"	"perfect match"	"SN260"	NA	3
"TGACTCCAGTTGTCGT"	""	"ERX6700412"	"ERP132578"	"testis"	"Elongated_spermatids"	NA	NA	NA	"CL:4030037"	"late spermatid"	"perfect match"	"SN260"	NA	1
"TGAGACTAGAAATTCG"	""	"ERX6700412"	"ERP132578"	"testis"	"Round_spermatids"	NA	NA	NA	"CL:4030036"	"early spermatid"	"perfect match"	"SN260"	NA	3
"TGAGACTAGGCACCAA"	""	"ERX6700412"	"ERP132578"	"testis"	"Round_spermatids"	NA	NA	NA	"CL:4030036"	"early spermatid"	"perfect match"	"SN260"	NA	3
"TGAGACTCAGTTTGGT"	""	"ERX6700412"	"ERP132578"	"testis"	"Round_spermatids"	NA	NA	NA	"CL:4030036"	"early spermatid"	"perfect match"	"SN260"	NA	3
"TGAGACTGTGATACAA"	""	"ERX6700412"	"ERP132578"	"testis"	"Spermatocytes"	NA	NA	NA	"CL:0000017"	"spermatocyte"	"perfect match"	"SN260"	NA	2
"TGAGACTGTTCGATTG"	""	"ERX6700412"	"ERP132578"	"testis"	"Round_spermatids"	NA	NA	NA	"CL:4030036"	"early spermatid"	"perfect match"	"SN260"	NA	3
"TGAGACTTCGGCTATA"	""	"ERX6700412"	"ERP132578"	"testis"	"Round_spermatids"	NA	NA	NA	"CL:4030036"	"early spermatid"	"perfect match"	"SN260"	NA	3
"TGAGCATAGCGAGTCA"	""	"ERX6700412"	"ERP132578"	"testis"	"Spermatocytes"	NA	NA	NA	"CL:0000017"	"spermatocyte"	"perfect match"	"SN260"	NA	2
"TGAGCATAGCGCCTAC"	""	"ERX6700412"	"ERP132578"	"testis"	"Round_spermatids"	NA	NA	NA	"CL:4030036"	"early spermatid"	"perfect match"	"SN260"	NA	3
"TGAGCATGTAAGGCCA"	""	"ERX6700412"	"ERP132578"	"testis"	"Other_somatic"	NA	NA	NA	"CL:0002371"	"somatic cell"	"perfect match"	"SN260"	NA	5
"TGAGCATGTGCCCTTT"	""	"ERX6700412"	"ERP132578"	"testis"	"Elongated_spermatids"	NA	NA	NA	"CL:4030037"	"late spermatid"	"perfect match"	"SN260"	NA	1
"TGAGCGCGTATCGTAC"	""	"ERX6700412"	"ERP132578"	"testis"	"Round_spermatids"	NA	NA	NA	"CL:4030036"	"early spermatid"	"perfect match"	"SN260"	NA	3
"TGAGCGCTCAGCGGAA"	""	"ERX6700412"	"ERP132578"	"testis"	"Elongated_spermatids"	NA	NA	NA	"CL:4030037"	"late spermatid"	"perfect match"	"SN260"	NA	1
"TGAGCGCTCCGTTGGG"	""	"ERX6700412"	"ERP132578"	"testis"	"Round_spermatids"	NA	NA	NA	"CL:4030036"	"early spermatid"	"perfect match"	"SN260"	NA	3
"TGAGCGCTCTACTCAT"	""	"ERX6700412"	"ERP132578"	"testis"	"Round_spermatids"	NA	NA	NA	"CL:4030036"	"early spermatid"	"perfect match"	"SN260"	NA	3
"TGAGGAGCACTCCACT"	""	"ERX6700412"	"ERP132578"	"testis"	"Elongated_spermatids"	NA	NA	NA	"CL:4030037"	"late spermatid"	"perfect match"	"SN260"	NA	1
"TGAGGAGGTCAACCAT"	""	"ERX6700412"	"ERP132578"	"testis"	"Round_spermatids"	NA	NA	NA	"CL:4030036"	"early spermatid"	"perfect match"	"SN260"	NA	3
"TGAGGAGGTCCAAAGG"	""	"ERX6700412"	"ERP132578"	"testis"	"Round_spermatids"	NA	NA	NA	"CL:4030036"	"early spermatid"	"perfect match"	"SN260"	NA	3
"TGAGGAGGTTGTTTGG"	""	"ERX6700412"	"ERP132578"	"testis"	"Round_spermatids"	NA	NA	NA	"CL:4030036"	"early spermatid"	"perfect match"	"SN260"	NA	3
"TGAGGGAGTAGCGCTC"	""	"ERX6700412"	"ERP132578"	"testis"	"Elongated_spermatids"	NA	NA	NA	"CL:4030037"	"late spermatid"	"perfect match"	"SN260"	NA	1
"TGAGGGAGTTGTGTTG"	""	"ERX6700412"	"ERP132578"	"testis"	"Round_spermatids"	NA	NA	NA	"CL:4030036"	"early spermatid"	"perfect match"	"SN260"	NA	3
"TGAGGGATCCGACATA"	""	"ERX6700412"	"ERP132578"	"testis"	"Round_spermatids"	NA	NA	NA	"CL:4030036"	"early spermatid"	"perfect match"	"SN260"	NA	3
"TGAGGGATCGGTTCAA"	""	"ERX6700412"	"ERP132578"	"testis"	"Round_spermatids"	NA	NA	NA	"CL:4030036"	"early spermatid"	"perfect match"	"SN260"	NA	3
"TGAGGTTCATTCGATG"	""	"ERX6700412"	"ERP132578"	"testis"	"Round_spermatids"	NA	NA	NA	"CL:4030036"	"early spermatid"	"perfect match"	"SN260"	NA	3
"TGAGGTTTCATCGCCT"	""	"ERX6700412"	"ERP132578"	"testis"	"Spermatocytes"	NA	NA	NA	"CL:0000017"	"spermatocyte"	"perfect match"	"SN260"	NA	2
"TGAGGTTTCCGTCCTA"	""	"ERX6700412"	"ERP132578"	"testis"	"Round_spermatids"	NA	NA	NA	"CL:4030036"	"early spermatid"	"perfect match"	"SN260"	NA	3
"TGAGGTTTCCTTCTAA"	""	"ERX6700412"	"ERP132578"	"testis"	"Spermatocytes"	NA	NA	NA	"CL:0000017"	"spermatocyte"	"perfect match"	"SN260"	NA	2
"TGAGGTTTCGATTGGT"	""	"ERX6700412"	"ERP132578"	"testis"	"Elongated_spermatids"	NA	NA	NA	"CL:4030037"	"late spermatid"	"perfect match"	"SN260"	NA	1
"TGAGGTTTCTCAGTCC"	""	"ERX6700412"	"ERP132578"	"testis"	"Round_spermatids"	NA	NA	NA	"CL:4030036"	"early spermatid"	"perfect match"	"SN260"	NA	3
"TGAGTCAAGACTGAGC"	""	"ERX6700412"	"ERP132578"	"testis"	"Elongated_spermatids"	NA	NA	NA	"CL:4030037"	"late spermatid"	"perfect match"	"SN260"	NA	1
"TGAGTCAAGTCGAATA"	""	"ERX6700412"	"ERP132578"	"testis"	"Spermatocytes"	NA	NA	NA	"CL:0000017"	"spermatocyte"	"perfect match"	"SN260"	NA	2
"TGAGTCACAGCGAACA"	""	"ERX6700412"	"ERP132578"	"testis"	"Round_spermatids"	NA	NA	NA	"CL:4030036"	"early spermatid"	"perfect match"	"SN260"	NA	3
"TGAGTCAGTATTCCTT"	""	"ERX6700412"	"ERP132578"	"testis"	"Round_spermatids"	NA	NA	NA	"CL:4030036"	"early spermatid"	"perfect match"	"SN260"	NA	3
"TGAGTCAGTCCAAAGG"	""	"ERX6700412"	"ERP132578"	"testis"	"Spermatocytes"	NA	NA	NA	"CL:0000017"	"spermatocyte"	"perfect match"	"SN260"	NA	2
"TGATCAGCACTTACAG"	""	"ERX6700412"	"ERP132578"	"testis"	"Elongated_spermatids"	NA	NA	NA	"CL:4030037"	"late spermatid"	"perfect match"	"SN260"	NA	1
"TGATCTTGTGAGCTCC"	""	"ERX6700412"	"ERP132578"	"testis"	"Round_spermatids"	NA	NA	NA	"CL:4030036"	"early spermatid"	"perfect match"	"SN260"	NA	3
"TGATGCAAGACATACA"	""	"ERX6700412"	"ERP132578"	"testis"	"Spermatocytes"	NA	NA	NA	"CL:0000017"	"spermatocyte"	"perfect match"	"SN260"	NA	2
"TGATGCAAGGTAGCCA"	""	"ERX6700412"	"ERP132578"	"testis"	"Spermatocytes"	NA	NA	NA	"CL:0000017"	"spermatocyte"	"perfect match"	"SN260"	NA	2
"TGATGCAGTCAACATC"	""	"ERX6700412"	"ERP132578"	"testis"	"Spermatocytes"	NA	NA	NA	"CL:0000017"	"spermatocyte"	"perfect match"	"SN260"	NA	2
"TGATGCAGTTCGTGCG"	""	"ERX6700412"	"ERP132578"	"testis"	"Round_spermatids"	NA	NA	NA	"CL:4030036"	"early spermatid"	"perfect match"	"SN260"	NA	3
"TGATGCAGTTTCGGCG"	""	"ERX6700412"	"ERP132578"	"testis"	"Round_spermatids"	NA	NA	NA	"CL:4030036"	"early spermatid"	"perfect match"	"SN260"	NA	3
"TGATGCATCGTGGGTC"	""	"ERX6700412"	"ERP132578"	"testis"	"Round_spermatids"	NA	NA	NA	"CL:4030036"	"early spermatid"	"perfect match"	"SN260"	NA	3
"TGATGGTAGGGCAAGG"	""	"ERX6700412"	"ERP132578"	"testis"	"Elongated_spermatids"	NA	NA	NA	"CL:4030037"	"late spermatid"	"perfect match"	"SN260"	NA	1
"TGATGGTAGTACCATC"	""	"ERX6700412"	"ERP132578"	"testis"	"Spermatocytes"	NA	NA	NA	"CL:0000017"	"spermatocyte"	"perfect match"	"SN260"	NA	2
"TGATGGTTCCGTGACG"	""	"ERX6700412"	"ERP132578"	"testis"	"Spermatocytes"	NA	NA	NA	"CL:0000017"	"spermatocyte"	"perfect match"	"SN260"	NA	2
"TGATGGTTCTGATGGT"	""	"ERX6700412"	"ERP132578"	"testis"	"Round_spermatids"	NA	NA	NA	"CL:4030036"	"early spermatid"	"perfect match"	"SN260"	NA	3
"TGATTCTAGAGGCGTT"	""	"ERX6700412"	"ERP132578"	"testis"	"Round_spermatids"	NA	NA	NA	"CL:4030036"	"early spermatid"	"perfect match"	"SN260"	NA	3
"TGATTTCTCCATTCAT"	""	"ERX6700412"	"ERP132578"	"testis"	"Elongated_spermatids"	NA	NA	NA	"CL:4030037"	"late spermatid"	"perfect match"	"SN260"	NA	1
"TGCACGGGTCACGTGC"	""	"ERX6700412"	"ERP132578"	"testis"	"Spermatocytes"	NA	NA	NA	"CL:0000017"	"spermatocyte"	"perfect match"	"SN260"	NA	2
"TGCAGATAGTGATCGG"	""	"ERX6700412"	"ERP132578"	"testis"	"Round_spermatids"	NA	NA	NA	"CL:4030036"	"early spermatid"	"perfect match"	"SN260"	NA	3
"TGCAGATAGTGGATAT"	""	"ERX6700412"	"ERP132578"	"testis"	"Elongated_spermatids"	NA	NA	NA	"CL:4030037"	"late spermatid"	"perfect match"	"SN260"	NA	1
"TGCAGATCACATTCTT"	""	"ERX6700412"	"ERP132578"	"testis"	"Elongated_spermatids"	NA	NA	NA	"CL:4030037"	"late spermatid"	"perfect match"	"SN260"	NA	1
"TGCAGATGTCGAAACG"	""	"ERX6700412"	"ERP132578"	"testis"	"Round_spermatids"	NA	NA	NA	"CL:4030036"	"early spermatid"	"perfect match"	"SN260"	NA	3
"TGCAGTAGTCAGGTAG"	""	"ERX6700412"	"ERP132578"	"testis"	"Elongated_spermatids"	NA	NA	NA	"CL:4030037"	"late spermatid"	"perfect match"	"SN260"	NA	1
"TGCAGTAGTTACACTG"	""	"ERX6700412"	"ERP132578"	"testis"	"Round_spermatids"	NA	NA	NA	"CL:4030036"	"early spermatid"	"perfect match"	"SN260"	NA	3
"TGCATCCGTCTGTCAA"	""	"ERX6700412"	"ERP132578"	"testis"	"Elongated_spermatids"	NA	NA	NA	"CL:4030037"	"late spermatid"	"perfect match"	"SN260"	NA	1
"TGCATCCGTGACCGAA"	""	"ERX6700412"	"ERP132578"	"testis"	"Round_spermatids"	NA	NA	NA	"CL:4030036"	"early spermatid"	"perfect match"	"SN260"	NA	3
"TGCATCCGTTCAAGTC"	""	"ERX6700412"	"ERP132578"	"testis"	"Spermatogonia"	NA	NA	NA	"CL:0000020"	"spermatogonium"	"perfect match"	"SN260"	NA	4
"TGCATCCGTTTCGACA"	""	"ERX6700412"	"ERP132578"	"testis"	"Other_somatic"	NA	NA	NA	"CL:0002371"	"somatic cell"	"perfect match"	"SN260"	NA	5
"TGCATCCTCCACCTCA"	""	"ERX6700412"	"ERP132578"	"testis"	"Round_spermatids"	NA	NA	NA	"CL:4030036"	"early spermatid"	"perfect match"	"SN260"	NA	3
"TGCATCCTCGTCCATC"	""	"ERX6700412"	"ERP132578"	"testis"	"Round_spermatids"	NA	NA	NA	"CL:4030036"	"early spermatid"	"perfect match"	"SN260"	NA	3
"TGCATGAAGTGCCCGT"	""	"ERX6700412"	"ERP132578"	"testis"	"Round_spermatids"	NA	NA	NA	"CL:4030036"	"early spermatid"	"perfect match"	"SN260"	NA	3
"TGCATGACAAGCTGTT"	""	"ERX6700412"	"ERP132578"	"testis"	"Spermatocytes"	NA	NA	NA	"CL:0000017"	"spermatocyte"	"perfect match"	"SN260"	NA	2
"TGCATGACACTCTAGA"	""	"ERX6700412"	"ERP132578"	"testis"	"Spermatocytes"	NA	NA	NA	"CL:0000017"	"spermatocyte"	"perfect match"	"SN260"	NA	2
"TGCATGATCGCGCCAA"	""	"ERX6700412"	"ERP132578"	"testis"	"Round_spermatids"	NA	NA	NA	"CL:4030036"	"early spermatid"	"perfect match"	"SN260"	NA	3
"TGCCGAGCATAGAAAC"	""	"ERX6700412"	"ERP132578"	"testis"	"Spermatocytes"	NA	NA	NA	"CL:0000017"	"spermatocyte"	"perfect match"	"SN260"	NA	2
"TGCCGAGGTGAGCGAT"	""	"ERX6700412"	"ERP132578"	"testis"	"Round_spermatids"	NA	NA	NA	"CL:4030036"	"early spermatid"	"perfect match"	"SN260"	NA	3
"TGCGACGCACCAGCCA"	""	"ERX6700412"	"ERP132578"	"testis"	"Spermatocytes"	NA	NA	NA	"CL:0000017"	"spermatocyte"	"perfect match"	"SN260"	NA	2
"TGCGACGTCACCGCTT"	""	"ERX6700412"	"ERP132578"	"testis"	"Round_spermatids"	NA	NA	NA	"CL:4030036"	"early spermatid"	"perfect match"	"SN260"	NA	3
"TGCGACGTCATATGGC"	""	"ERX6700412"	"ERP132578"	"testis"	"Other_somatic"	NA	NA	NA	"CL:0002371"	"somatic cell"	"perfect match"	"SN260"	NA	5
"TGCGACGTCGAATGCT"	""	"ERX6700412"	"ERP132578"	"testis"	"Round_spermatids"	NA	NA	NA	"CL:4030036"	"early spermatid"	"perfect match"	"SN260"	NA	3
"TGCGATAAGGTCATCT"	""	"ERX6700412"	"ERP132578"	"testis"	"Round_spermatids"	NA	NA	NA	"CL:4030036"	"early spermatid"	"perfect match"	"SN260"	NA	3
"TGCGATACACTGGAAG"	""	"ERX6700412"	"ERP132578"	"testis"	"Spermatogonia"	NA	NA	NA	"CL:0000020"	"spermatogonium"	"perfect match"	"SN260"	NA	4
"TGCGATAGTCGCATTA"	""	"ERX6700412"	"ERP132578"	"testis"	"Other_somatic"	NA	NA	NA	"CL:0002371"	"somatic cell"	"perfect match"	"SN260"	NA	5
"TGCGATAGTGGCCACT"	""	"ERX6700412"	"ERP132578"	"testis"	"Round_spermatids"	NA	NA	NA	"CL:4030036"	"early spermatid"	"perfect match"	"SN260"	NA	3
"TGCGATATCGTCAAAC"	""	"ERX6700412"	"ERP132578"	"testis"	"Round_spermatids"	NA	NA	NA	"CL:4030036"	"early spermatid"	"perfect match"	"SN260"	NA	3
"TGCGGCAGTGAGTAAT"	""	"ERX6700412"	"ERP132578"	"testis"	"Round_spermatids"	NA	NA	NA	"CL:4030036"	"early spermatid"	"perfect match"	"SN260"	NA	3
"TGCGGCAGTTAGGCTT"	""	"ERX6700412"	"ERP132578"	"testis"	"Elongated_spermatids"	NA	NA	NA	"CL:4030037"	"late spermatid"	"perfect match"	"SN260"	NA	1
"TGCGGGTAGACTTGTC"	""	"ERX6700412"	"ERP132578"	"testis"	"Round_spermatids"	NA	NA	NA	"CL:4030036"	"early spermatid"	"perfect match"	"SN260"	NA	3
"TGCGGGTAGATGCAGC"	""	"ERX6700412"	"ERP132578"	"testis"	"Round_spermatids"	NA	NA	NA	"CL:4030036"	"early spermatid"	"perfect match"	"SN260"	NA	3
"TGCGGGTAGTGGATTA"	""	"ERX6700412"	"ERP132578"	"testis"	"Spermatogonia"	NA	NA	NA	"CL:0000020"	"spermatogonium"	"perfect match"	"SN260"	NA	4
"TGCGGGTGTAAGGAGA"	""	"ERX6700412"	"ERP132578"	"testis"	"Spermatocytes"	NA	NA	NA	"CL:0000017"	"spermatocyte"	"perfect match"	"SN260"	NA	2
"TGCGGGTTCAACGTGT"	""	"ERX6700412"	"ERP132578"	"testis"	"Round_spermatids"	NA	NA	NA	"CL:4030036"	"early spermatid"	"perfect match"	"SN260"	NA	3
"TGCTCCAAGTCCCAGC"	""	"ERX6700412"	"ERP132578"	"testis"	"Round_spermatids"	NA	NA	NA	"CL:4030036"	"early spermatid"	"perfect match"	"SN260"	NA	3
"TGCTCCACACTTGAAC"	""	"ERX6700412"	"ERP132578"	"testis"	"Elongated_spermatids"	NA	NA	NA	"CL:4030037"	"late spermatid"	"perfect match"	"SN260"	NA	1
"TGCTCCACATTGAGGG"	""	"ERX6700412"	"ERP132578"	"testis"	"Other_somatic"	NA	NA	NA	"CL:0002371"	"somatic cell"	"perfect match"	"SN260"	NA	5
"TGCTCCATCGGTCACG"	""	"ERX6700412"	"ERP132578"	"testis"	"Round_spermatids"	NA	NA	NA	"CL:4030036"	"early spermatid"	"perfect match"	"SN260"	NA	3
"TGCTCGTAGAGCAACC"	""	"ERX6700412"	"ERP132578"	"testis"	"Round_spermatids"	NA	NA	NA	"CL:4030036"	"early spermatid"	"perfect match"	"SN260"	NA	3
"TGCTCGTCAAGGTCTT"	""	"ERX6700412"	"ERP132578"	"testis"	"Round_spermatids"	NA	NA	NA	"CL:4030036"	"early spermatid"	"perfect match"	"SN260"	NA	3
"TGCTCGTGTGGAAATT"	""	"ERX6700412"	"ERP132578"	"testis"	"Spermatogonia"	NA	NA	NA	"CL:0000020"	"spermatogonium"	"perfect match"	"SN260"	NA	4
"TGCTGAAAGCAGTACG"	""	"ERX6700412"	"ERP132578"	"testis"	"Spermatocytes"	NA	NA	NA	"CL:0000017"	"spermatocyte"	"perfect match"	"SN260"	NA	2
"TGCTGAACAAGGGCAT"	""	"ERX6700412"	"ERP132578"	"testis"	"Spermatogonia"	NA	NA	NA	"CL:0000020"	"spermatogonium"	"perfect match"	"SN260"	NA	4
"TGCTGAACACAGTCAT"	""	"ERX6700412"	"ERP132578"	"testis"	"Spermatocytes"	NA	NA	NA	"CL:0000017"	"spermatocyte"	"perfect match"	"SN260"	NA	2
"TGCTGAACAGTTCCAA"	""	"ERX6700412"	"ERP132578"	"testis"	"Round_spermatids"	NA	NA	NA	"CL:4030036"	"early spermatid"	"perfect match"	"SN260"	NA	3
"TGCTGAAGTGTGACCC"	""	"ERX6700412"	"ERP132578"	"testis"	"Other_somatic"	NA	NA	NA	"CL:0002371"	"somatic cell"	"perfect match"	"SN260"	NA	5
"TGCTGAATCCACCCTA"	""	"ERX6700412"	"ERP132578"	"testis"	"Round_spermatids"	NA	NA	NA	"CL:4030036"	"early spermatid"	"perfect match"	"SN260"	NA	3
"TGCTTCGCACAAATCC"	""	"ERX6700412"	"ERP132578"	"testis"	"Elongated_spermatids"	NA	NA	NA	"CL:4030037"	"late spermatid"	"perfect match"	"SN260"	NA	1
"TGCTTCGCACCCTATC"	""	"ERX6700412"	"ERP132578"	"testis"	"Spermatocytes"	NA	NA	NA	"CL:0000017"	"spermatocyte"	"perfect match"	"SN260"	NA	2
"TGCTTCGGTGAGTGAC"	""	"ERX6700412"	"ERP132578"	"testis"	"Round_spermatids"	NA	NA	NA	"CL:4030036"	"early spermatid"	"perfect match"	"SN260"	NA	3
"TGCTTCGTCGCGTGAC"	""	"ERX6700412"	"ERP132578"	"testis"	"Spermatocytes"	NA	NA	NA	"CL:0000017"	"spermatocyte"	"perfect match"	"SN260"	NA	2
"TGCTTGCAGAAATGGG"	""	"ERX6700412"	"ERP132578"	"testis"	"Spermatocytes"	NA	NA	NA	"CL:0000017"	"spermatocyte"	"perfect match"	"SN260"	NA	2
"TGCTTGCAGTAATCCC"	""	"ERX6700412"	"ERP132578"	"testis"	"Spermatocytes"	NA	NA	NA	"CL:0000017"	"spermatocyte"	"perfect match"	"SN260"	NA	2
"TGCTTGCCACTCTGCT"	""	"ERX6700412"	"ERP132578"	"testis"	"Spermatogonia"	NA	NA	NA	"CL:0000020"	"spermatogonium"	"perfect match"	"SN260"	NA	4
"TGCTTGCGTATCACGT"	""	"ERX6700412"	"ERP132578"	"testis"	"Spermatocytes"	NA	NA	NA	"CL:0000017"	"spermatocyte"	"perfect match"	"SN260"	NA	2
"TGCTTGCGTCTGTGAT"	""	"ERX6700412"	"ERP132578"	"testis"	"Spermatocytes"	NA	NA	NA	"CL:0000017"	"spermatocyte"	"perfect match"	"SN260"	NA	2
"TGCTTGCTCTCCGAGG"	""	"ERX6700412"	"ERP132578"	"testis"	"Other_somatic"	NA	NA	NA	"CL:0002371"	"somatic cell"	"perfect match"	"SN260"	NA	5
"TGGAACTAGATGCGAC"	""	"ERX6700412"	"ERP132578"	"testis"	"Round_spermatids"	NA	NA	NA	"CL:4030036"	"early spermatid"	"perfect match"	"SN260"	NA	3
"TGGAACTAGTCAATCC"	""	"ERX6700412"	"ERP132578"	"testis"	"Round_spermatids"	NA	NA	NA	"CL:4030036"	"early spermatid"	"perfect match"	"SN260"	NA	3
"TGGAACTGTTGTGCCG"	""	"ERX6700412"	"ERP132578"	"testis"	"Spermatogonia"	NA	NA	NA	"CL:0000020"	"spermatogonium"	"perfect match"	"SN260"	NA	4
"TGGAGAGAGTCCTGTA"	""	"ERX6700412"	"ERP132578"	"testis"	"Round_spermatids"	NA	NA	NA	"CL:4030036"	"early spermatid"	"perfect match"	"SN260"	NA	3
"TGGAGGAGTCTACACA"	""	"ERX6700412"	"ERP132578"	"testis"	"Round_spermatids"	NA	NA	NA	"CL:4030036"	"early spermatid"	"perfect match"	"SN260"	NA	3
"TGGAGGATCGGTCGAC"	""	"ERX6700412"	"ERP132578"	"testis"	"Round_spermatids"	NA	NA	NA	"CL:4030036"	"early spermatid"	"perfect match"	"SN260"	NA	3
"TGGATCAAGGTAGCCA"	""	"ERX6700412"	"ERP132578"	"testis"	"Other_somatic"	NA	NA	NA	"CL:0002371"	"somatic cell"	"perfect match"	"SN260"	NA	5
"TGGATCACACAGTCCG"	""	"ERX6700412"	"ERP132578"	"testis"	"Round_spermatids"	NA	NA	NA	"CL:4030036"	"early spermatid"	"perfect match"	"SN260"	NA	3
"TGGATCACATCCCACT"	""	"ERX6700412"	"ERP132578"	"testis"	"Spermatogonia"	NA	NA	NA	"CL:0000020"	"spermatogonium"	"perfect match"	"SN260"	NA	4
"TGGATGTGTCGACTTA"	""	"ERX6700412"	"ERP132578"	"testis"	"Round_spermatids"	NA	NA	NA	"CL:4030036"	"early spermatid"	"perfect match"	"SN260"	NA	3
"TGGATGTGTGACTGTT"	""	"ERX6700412"	"ERP132578"	"testis"	"Round_spermatids"	NA	NA	NA	"CL:4030036"	"early spermatid"	"perfect match"	"SN260"	NA	3
"TGGATGTGTTAAACAG"	""	"ERX6700412"	"ERP132578"	"testis"	"Spermatocytes"	NA	NA	NA	"CL:0000017"	"spermatocyte"	"perfect match"	"SN260"	NA	2
"TGGATGTGTTCAATCG"	""	"ERX6700412"	"ERP132578"	"testis"	"Spermatocytes"	NA	NA	NA	"CL:0000017"	"spermatocyte"	"perfect match"	"SN260"	NA	2
"TGGATGTTCATTCATC"	""	"ERX6700412"	"ERP132578"	"testis"	"Elongated_spermatids"	NA	NA	NA	"CL:4030037"	"late spermatid"	"perfect match"	"SN260"	NA	1
"TGGATGTTCGGAAACG"	""	"ERX6700412"	"ERP132578"	"testis"	"Round_spermatids"	NA	NA	NA	"CL:4030036"	"early spermatid"	"perfect match"	"SN260"	NA	3
"TGGCGTGAGGAGTATT"	""	"ERX6700412"	"ERP132578"	"testis"	"Round_spermatids"	NA	NA	NA	"CL:4030036"	"early spermatid"	"perfect match"	"SN260"	NA	3
"TGGCGTGCATTGGGAG"	""	"ERX6700412"	"ERP132578"	"testis"	"Round_spermatids"	NA	NA	NA	"CL:4030036"	"early spermatid"	"perfect match"	"SN260"	NA	3
"TGGCGTGTCAAGATAG"	""	"ERX6700412"	"ERP132578"	"testis"	"Round_spermatids"	NA	NA	NA	"CL:4030036"	"early spermatid"	"perfect match"	"SN260"	NA	3
"TGGCGTGTCGGTCTGG"	""	"ERX6700412"	"ERP132578"	"testis"	"Round_spermatids"	NA	NA	NA	"CL:4030036"	"early spermatid"	"perfect match"	"SN260"	NA	3
"TGGGAAGAGACCTGGA"	""	"ERX6700412"	"ERP132578"	"testis"	"Round_spermatids"	NA	NA	NA	"CL:4030036"	"early spermatid"	"perfect match"	"SN260"	NA	3
"TGGGAAGCAGCAGGAT"	""	"ERX6700412"	"ERP132578"	"testis"	"Round_spermatids"	NA	NA	NA	"CL:4030036"	"early spermatid"	"perfect match"	"SN260"	NA	3
"TGGGAAGGTCCACTTC"	""	"ERX6700412"	"ERP132578"	"testis"	"Round_spermatids"	NA	NA	NA	"CL:4030036"	"early spermatid"	"perfect match"	"SN260"	NA	3
"TGGGAAGGTGACAACG"	""	"ERX6700412"	"ERP132578"	"testis"	"Round_spermatids"	NA	NA	NA	"CL:4030036"	"early spermatid"	"perfect match"	"SN260"	NA	3
"TGGGAAGTCCGATAGT"	""	"ERX6700412"	"ERP132578"	"testis"	"Other_somatic"	NA	NA	NA	"CL:0002371"	"somatic cell"	"perfect match"	"SN260"	NA	5
"TGGGATTCACGCTTAA"	""	"ERX6700412"	"ERP132578"	"testis"	"Spermatogonia"	NA	NA	NA	"CL:0000020"	"spermatogonium"	"perfect match"	"SN260"	NA	4
"TGGGATTCATTACTCT"	""	"ERX6700412"	"ERP132578"	"testis"	"Round_spermatids"	NA	NA	NA	"CL:4030036"	"early spermatid"	"perfect match"	"SN260"	NA	3
"TGGGCGTAGCTTAAGA"	""	"ERX6700412"	"ERP132578"	"testis"	"Round_spermatids"	NA	NA	NA	"CL:4030036"	"early spermatid"	"perfect match"	"SN260"	NA	3
"TGGGCTGAGCAAACAT"	""	"ERX6700412"	"ERP132578"	"testis"	"Round_spermatids"	NA	NA	NA	"CL:4030036"	"early spermatid"	"perfect match"	"SN260"	NA	3
"TGGGCTGAGTAATACG"	""	"ERX6700412"	"ERP132578"	"testis"	"Round_spermatids"	NA	NA	NA	"CL:4030036"	"early spermatid"	"perfect match"	"SN260"	NA	3
"TGGGCTGCATCAGCTA"	""	"ERX6700412"	"ERP132578"	"testis"	"Round_spermatids"	NA	NA	NA	"CL:4030036"	"early spermatid"	"perfect match"	"SN260"	NA	3
"TGGGTTACATGAAGCG"	""	"ERX6700412"	"ERP132578"	"testis"	"Round_spermatids"	NA	NA	NA	"CL:4030036"	"early spermatid"	"perfect match"	"SN260"	NA	3
"TGGGTTAGTCAACATC"	""	"ERX6700412"	"ERP132578"	"testis"	"Round_spermatids"	NA	NA	NA	"CL:4030036"	"early spermatid"	"perfect match"	"SN260"	NA	3
"TGGTACAAGTGTACCT"	""	"ERX6700412"	"ERP132578"	"testis"	"Round_spermatids"	NA	NA	NA	"CL:4030036"	"early spermatid"	"perfect match"	"SN260"	NA	3
"TGGTACACAGAGCGTA"	""	"ERX6700412"	"ERP132578"	"testis"	"Other_somatic"	NA	NA	NA	"CL:0002371"	"somatic cell"	"perfect match"	"SN260"	NA	5
"TGGTACATCATGAGTC"	""	"ERX6700412"	"ERP132578"	"testis"	"Round_spermatids"	NA	NA	NA	"CL:4030036"	"early spermatid"	"perfect match"	"SN260"	NA	3
"TGGTACATCTGATGGT"	""	"ERX6700412"	"ERP132578"	"testis"	"Spermatocytes"	NA	NA	NA	"CL:0000017"	"spermatocyte"	"perfect match"	"SN260"	NA	2
"TGGTAGTTCCATAGGT"	""	"ERX6700412"	"ERP132578"	"testis"	"Spermatocytes"	NA	NA	NA	"CL:0000017"	"spermatocyte"	"perfect match"	"SN260"	NA	2
"TGGTAGTTCCCTCATG"	""	"ERX6700412"	"ERP132578"	"testis"	"Spermatocytes"	NA	NA	NA	"CL:0000017"	"spermatocyte"	"perfect match"	"SN260"	NA	2
"TGGTAGTTCCGAGAAG"	""	"ERX6700412"	"ERP132578"	"testis"	"Spermatogonia"	NA	NA	NA	"CL:0000020"	"spermatogonium"	"perfect match"	"SN260"	NA	4
"TGGTAGTTCTAGGCCG"	""	"ERX6700412"	"ERP132578"	"testis"	"Spermatogonia"	NA	NA	NA	"CL:0000020"	"spermatogonium"	"perfect match"	"SN260"	NA	4
"TGGTGATAGGCTGTAG"	""	"ERX6700412"	"ERP132578"	"testis"	"Spermatocytes"	NA	NA	NA	"CL:0000017"	"spermatocyte"	"perfect match"	"SN260"	NA	2
"TGGTGATAGTCGTCTA"	""	"ERX6700412"	"ERP132578"	"testis"	"Round_spermatids"	NA	NA	NA	"CL:4030036"	"early spermatid"	"perfect match"	"SN260"	NA	3
"TGGTGATCAAGATTGA"	""	"ERX6700412"	"ERP132578"	"testis"	"Elongated_spermatids"	NA	NA	NA	"CL:4030037"	"late spermatid"	"perfect match"	"SN260"	NA	1
"TGGTGATCAGAAATCA"	""	"ERX6700412"	"ERP132578"	"testis"	"Round_spermatids"	NA	NA	NA	"CL:4030036"	"early spermatid"	"perfect match"	"SN260"	NA	3
"TGGTGATGTTAAGGGC"	""	"ERX6700412"	"ERP132578"	"testis"	"Round_spermatids"	NA	NA	NA	"CL:4030036"	"early spermatid"	"perfect match"	"SN260"	NA	3
"TGGTGATTCATTGTTC"	""	"ERX6700412"	"ERP132578"	"testis"	"Round_spermatids"	NA	NA	NA	"CL:4030036"	"early spermatid"	"perfect match"	"SN260"	NA	3
"TGGTTAGGTATCGTAC"	""	"ERX6700412"	"ERP132578"	"testis"	"Other_somatic"	NA	NA	NA	"CL:0002371"	"somatic cell"	"perfect match"	"SN260"	NA	5
"TGTAACGAGGACAGTC"	""	"ERX6700412"	"ERP132578"	"testis"	"Round_spermatids"	NA	NA	NA	"CL:4030036"	"early spermatid"	"perfect match"	"SN260"	NA	3
"TGTAACGCACACAGAG"	""	"ERX6700412"	"ERP132578"	"testis"	"Spermatocytes"	NA	NA	NA	"CL:0000017"	"spermatocyte"	"perfect match"	"SN260"	NA	2
"TGTAACGCAGAAGCGT"	""	"ERX6700412"	"ERP132578"	"testis"	"Elongated_spermatids"	NA	NA	NA	"CL:4030037"	"late spermatid"	"perfect match"	"SN260"	NA	1
"TGTAACGCAGGACTAG"	""	"ERX6700412"	"ERP132578"	"testis"	"Spermatocytes"	NA	NA	NA	"CL:0000017"	"spermatocyte"	"perfect match"	"SN260"	NA	2
"TGTAACGGTACCCAGC"	""	"ERX6700412"	"ERP132578"	"testis"	"Spermatocytes"	NA	NA	NA	"CL:0000017"	"spermatocyte"	"perfect match"	"SN260"	NA	2
"TGTAAGCAGTACAACA"	""	"ERX6700412"	"ERP132578"	"testis"	"Elongated_spermatids"	NA	NA	NA	"CL:4030037"	"late spermatid"	"perfect match"	"SN260"	NA	1
"TGTAAGCAGTCTTCCC"	""	"ERX6700412"	"ERP132578"	"testis"	"Spermatocytes"	NA	NA	NA	"CL:0000017"	"spermatocyte"	"perfect match"	"SN260"	NA	2
"TGTAAGCTCACCTTAT"	""	"ERX6700412"	"ERP132578"	"testis"	"Spermatogonia"	NA	NA	NA	"CL:0000020"	"spermatogonium"	"perfect match"	"SN260"	NA	4
"TGTAGACCACCTGTCT"	""	"ERX6700412"	"ERP132578"	"testis"	"Round_spermatids"	NA	NA	NA	"CL:4030036"	"early spermatid"	"perfect match"	"SN260"	NA	3
"TGTAGACCATTCACAG"	""	"ERX6700412"	"ERP132578"	"testis"	"Round_spermatids"	NA	NA	NA	"CL:4030036"	"early spermatid"	"perfect match"	"SN260"	NA	3
"TGTAGACGTCGTATGT"	""	"ERX6700412"	"ERP132578"	"testis"	"Round_spermatids"	NA	NA	NA	"CL:4030036"	"early spermatid"	"perfect match"	"SN260"	NA	3
"TGTAGACTCAAGTTGC"	""	"ERX6700412"	"ERP132578"	"testis"	"Round_spermatids"	NA	NA	NA	"CL:4030036"	"early spermatid"	"perfect match"	"SN260"	NA	3
"TGTCAGAAGGCTCACC"	""	"ERX6700412"	"ERP132578"	"testis"	"Round_spermatids"	NA	NA	NA	"CL:4030036"	"early spermatid"	"perfect match"	"SN260"	NA	3
"TGTCAGACAACACTAC"	""	"ERX6700412"	"ERP132578"	"testis"	"Spermatogonia"	NA	NA	NA	"CL:0000020"	"spermatogonium"	"perfect match"	"SN260"	NA	4
"TGTCAGAGTGTTACTG"	""	"ERX6700412"	"ERP132578"	"testis"	"Elongated_spermatids"	NA	NA	NA	"CL:4030037"	"late spermatid"	"perfect match"	"SN260"	NA	1
"TGTCAGAGTTCTGAGT"	""	"ERX6700412"	"ERP132578"	"testis"	"Round_spermatids"	NA	NA	NA	"CL:4030036"	"early spermatid"	"perfect match"	"SN260"	NA	3
"TGTCAGATCATCTATC"	""	"ERX6700412"	"ERP132578"	"testis"	"Spermatocytes"	NA	NA	NA	"CL:0000017"	"spermatocyte"	"perfect match"	"SN260"	NA	2
"TGTCAGATCTTCTTCC"	""	"ERX6700412"	"ERP132578"	"testis"	"Round_spermatids"	NA	NA	NA	"CL:4030036"	"early spermatid"	"perfect match"	"SN260"	NA	3
"TGTCCACGTCATAGTC"	""	"ERX6700412"	"ERP132578"	"testis"	"Spermatocytes"	NA	NA	NA	"CL:0000017"	"spermatocyte"	"perfect match"	"SN260"	NA	2
"TGTCCACTCACCTACC"	""	"ERX6700412"	"ERP132578"	"testis"	"Elongated_spermatids"	NA	NA	NA	"CL:4030037"	"late spermatid"	"perfect match"	"SN260"	NA	1
"TGTCCACTCATGAGAA"	""	"ERX6700412"	"ERP132578"	"testis"	"Round_spermatids"	NA	NA	NA	"CL:4030036"	"early spermatid"	"perfect match"	"SN260"	NA	3
"TGTCCCACAGGCAATG"	""	"ERX6700412"	"ERP132578"	"testis"	"Round_spermatids"	NA	NA	NA	"CL:4030036"	"early spermatid"	"perfect match"	"SN260"	NA	3
"TGTCCTGAGATGTTCC"	""	"ERX6700412"	"ERP132578"	"testis"	"Spermatocytes"	NA	NA	NA	"CL:0000017"	"spermatocyte"	"perfect match"	"SN260"	NA	2
"TGTCCTGTCCGAAGGA"	""	"ERX6700412"	"ERP132578"	"testis"	"Elongated_spermatids"	NA	NA	NA	"CL:4030037"	"late spermatid"	"perfect match"	"SN260"	NA	1
"TGTCCTGTCGTGCGAC"	""	"ERX6700412"	"ERP132578"	"testis"	"Elongated_spermatids"	NA	NA	NA	"CL:4030037"	"late spermatid"	"perfect match"	"SN260"	NA	1
"TGTGAGTAGACTGGGT"	""	"ERX6700412"	"ERP132578"	"testis"	"Spermatocytes"	NA	NA	NA	"CL:0000017"	"spermatocyte"	"perfect match"	"SN260"	NA	2
"TGTGAGTAGTTGGAAT"	""	"ERX6700412"	"ERP132578"	"testis"	"Elongated_spermatids"	NA	NA	NA	"CL:4030037"	"late spermatid"	"perfect match"	"SN260"	NA	1
"TGTGAGTCAAGAAATC"	""	"ERX6700412"	"ERP132578"	"testis"	"Round_spermatids"	NA	NA	NA	"CL:4030036"	"early spermatid"	"perfect match"	"SN260"	NA	3
"TGTGAGTTCTCTCTTC"	""	"ERX6700412"	"ERP132578"	"testis"	"Elongated_spermatids"	NA	NA	NA	"CL:4030037"	"late spermatid"	"perfect match"	"SN260"	NA	1
"TGTGATGAGAAGCTGC"	""	"ERX6700412"	"ERP132578"	"testis"	"Round_spermatids"	NA	NA	NA	"CL:4030036"	"early spermatid"	"perfect match"	"SN260"	NA	3
"TGTGATGGTTGTGCCG"	""	"ERX6700412"	"ERP132578"	"testis"	"Elongated_spermatids"	NA	NA	NA	"CL:4030037"	"late spermatid"	"perfect match"	"SN260"	NA	1
"TGTGCGGAGCCGAATG"	""	"ERX6700412"	"ERP132578"	"testis"	"Round_spermatids"	NA	NA	NA	"CL:4030036"	"early spermatid"	"perfect match"	"SN260"	NA	3
"TGTGCGGCAGGCTTGC"	""	"ERX6700412"	"ERP132578"	"testis"	"Round_spermatids"	NA	NA	NA	"CL:4030036"	"early spermatid"	"perfect match"	"SN260"	NA	3
"TGTGCGGGTATCAGGG"	""	"ERX6700412"	"ERP132578"	"testis"	"Round_spermatids"	NA	NA	NA	"CL:4030036"	"early spermatid"	"perfect match"	"SN260"	NA	3
"TGTGCGGGTGAGCTCC"	""	"ERX6700412"	"ERP132578"	"testis"	"Round_spermatids"	NA	NA	NA	"CL:4030036"	"early spermatid"	"perfect match"	"SN260"	NA	3
"TGTGCGGGTTGATCGT"	""	"ERX6700412"	"ERP132578"	"testis"	"Round_spermatids"	NA	NA	NA	"CL:4030036"	"early spermatid"	"perfect match"	"SN260"	NA	3
"TGTGCGGTCGCCTATC"	""	"ERX6700412"	"ERP132578"	"testis"	"Spermatogonia"	NA	NA	NA	"CL:0000020"	"spermatogonium"	"perfect match"	"SN260"	NA	4
"TGTGGCGTCCCGTTGT"	""	"ERX6700412"	"ERP132578"	"testis"	"Round_spermatids"	NA	NA	NA	"CL:4030036"	"early spermatid"	"perfect match"	"SN260"	NA	3
"TGTGTGAAGAACTCCT"	""	"ERX6700412"	"ERP132578"	"testis"	"Elongated_spermatids"	NA	NA	NA	"CL:4030037"	"late spermatid"	"perfect match"	"SN260"	NA	1
"TGTGTGAGTTAGAAGT"	""	"ERX6700412"	"ERP132578"	"testis"	"Round_spermatids"	NA	NA	NA	"CL:4030036"	"early spermatid"	"perfect match"	"SN260"	NA	3
"TGTGTGATCGTAGGAG"	""	"ERX6700412"	"ERP132578"	"testis"	"Spermatocytes"	NA	NA	NA	"CL:0000017"	"spermatocyte"	"perfect match"	"SN260"	NA	2
"TGTTACTAGTTGCCCG"	""	"ERX6700412"	"ERP132578"	"testis"	"Spermatogonia"	NA	NA	NA	"CL:0000020"	"spermatogonium"	"perfect match"	"SN260"	NA	4
"TGTTACTCACCTCTGT"	""	"ERX6700412"	"ERP132578"	"testis"	"Spermatogonia"	NA	NA	NA	"CL:0000020"	"spermatogonium"	"perfect match"	"SN260"	NA	4
"TGTTACTTCATGGCCG"	""	"ERX6700412"	"ERP132578"	"testis"	"Elongated_spermatids"	NA	NA	NA	"CL:4030037"	"late spermatid"	"perfect match"	"SN260"	NA	1
"TGTTCCGAGCTAATGA"	""	"ERX6700412"	"ERP132578"	"testis"	"Elongated_spermatids"	NA	NA	NA	"CL:4030037"	"late spermatid"	"perfect match"	"SN260"	NA	1
"TGTTCCGCAATGAGCG"	""	"ERX6700412"	"ERP132578"	"testis"	"Round_spermatids"	NA	NA	NA	"CL:4030036"	"early spermatid"	"perfect match"	"SN260"	NA	3
"TGTTCCGCAGCTTTGA"	""	"ERX6700412"	"ERP132578"	"testis"	"Spermatocytes"	NA	NA	NA	"CL:0000017"	"spermatocyte"	"perfect match"	"SN260"	NA	2
"TGTTCCGGTCCCTCAT"	""	"ERX6700412"	"ERP132578"	"testis"	"Spermatocytes"	NA	NA	NA	"CL:0000017"	"spermatocyte"	"perfect match"	"SN260"	NA	2
"TGTTCCGGTTTCGTGA"	""	"ERX6700412"	"ERP132578"	"testis"	"Round_spermatids"	NA	NA	NA	"CL:4030036"	"early spermatid"	"perfect match"	"SN260"	NA	3
"TGTTCCGTCGGCTTCT"	""	"ERX6700412"	"ERP132578"	"testis"	"Round_spermatids"	NA	NA	NA	"CL:4030036"	"early spermatid"	"perfect match"	"SN260"	NA	3
"TGTTGAGCAACCGCCA"	""	"ERX6700412"	"ERP132578"	"testis"	"Round_spermatids"	NA	NA	NA	"CL:4030036"	"early spermatid"	"perfect match"	"SN260"	NA	3
"TGTTGGAAGTTGGCTT"	""	"ERX6700412"	"ERP132578"	"testis"	"Round_spermatids"	NA	NA	NA	"CL:4030036"	"early spermatid"	"perfect match"	"SN260"	NA	3
"TGTTGGAGTACGACAG"	""	"ERX6700412"	"ERP132578"	"testis"	"Elongated_spermatids"	NA	NA	NA	"CL:4030037"	"late spermatid"	"perfect match"	"SN260"	NA	1
"TGTTGGATCCGCCTAT"	""	"ERX6700412"	"ERP132578"	"testis"	"Round_spermatids"	NA	NA	NA	"CL:4030036"	"early spermatid"	"perfect match"	"SN260"	NA	3
"TGTTTGTGTGTCTCCT"	""	"ERX6700412"	"ERP132578"	"testis"	"Round_spermatids"	NA	NA	NA	"CL:4030036"	"early spermatid"	"perfect match"	"SN260"	NA	3
"TGTTTGTTCTATCGTT"	""	"ERX6700412"	"ERP132578"	"testis"	"Spermatocytes"	NA	NA	NA	"CL:0000017"	"spermatocyte"	"perfect match"	"SN260"	NA	2
"TTAATCCGTCGTATGT"	""	"ERX6700412"	"ERP132578"	"testis"	"Round_spermatids"	NA	NA	NA	"CL:4030036"	"early spermatid"	"perfect match"	"SN260"	NA	3
"TTAATCCTCGTTCATT"	""	"ERX6700412"	"ERP132578"	"testis"	"Round_spermatids"	NA	NA	NA	"CL:4030036"	"early spermatid"	"perfect match"	"SN260"	NA	3
"TTACAGGAGCATGCAG"	""	"ERX6700412"	"ERP132578"	"testis"	"Spermatogonia"	NA	NA	NA	"CL:0000020"	"spermatogonium"	"perfect match"	"SN260"	NA	4
"TTACAGGAGGAGTATT"	""	"ERX6700412"	"ERP132578"	"testis"	"Spermatogonia"	NA	NA	NA	"CL:0000020"	"spermatogonium"	"perfect match"	"SN260"	NA	4
"TTACAGGCATGGGCAA"	""	"ERX6700412"	"ERP132578"	"testis"	"Spermatocytes"	NA	NA	NA	"CL:0000017"	"spermatocyte"	"perfect match"	"SN260"	NA	2
"TTACAGGGTATGAAGT"	""	"ERX6700412"	"ERP132578"	"testis"	"Elongated_spermatids"	NA	NA	NA	"CL:4030037"	"late spermatid"	"perfect match"	"SN260"	NA	1
"TTACAGGTCATCGCTC"	""	"ERX6700412"	"ERP132578"	"testis"	"Spermatocytes"	NA	NA	NA	"CL:0000017"	"spermatocyte"	"perfect match"	"SN260"	NA	2
"TTACCATTCCGGACGT"	""	"ERX6700412"	"ERP132578"	"testis"	"Round_spermatids"	NA	NA	NA	"CL:4030036"	"early spermatid"	"perfect match"	"SN260"	NA	3
"TTACCATTCGGAATGG"	""	"ERX6700412"	"ERP132578"	"testis"	"Spermatocytes"	NA	NA	NA	"CL:0000017"	"spermatocyte"	"perfect match"	"SN260"	NA	2
"TTACCATTCGTCAAAC"	""	"ERX6700412"	"ERP132578"	"testis"	"Spermatocytes"	NA	NA	NA	"CL:0000017"	"spermatocyte"	"perfect match"	"SN260"	NA	2
"TTACCGCAGAACTTCC"	""	"ERX6700412"	"ERP132578"	"testis"	"Round_spermatids"	NA	NA	NA	"CL:4030036"	"early spermatid"	"perfect match"	"SN260"	NA	3
"TTACCGCCACCCGTAG"	""	"ERX6700412"	"ERP132578"	"testis"	"Round_spermatids"	NA	NA	NA	"CL:4030036"	"early spermatid"	"perfect match"	"SN260"	NA	3
"TTACGCCGTCTTCATT"	""	"ERX6700412"	"ERP132578"	"testis"	"Spermatocytes"	NA	NA	NA	"CL:0000017"	"spermatocyte"	"perfect match"	"SN260"	NA	2
"TTACGCCTCCGCCTAT"	""	"ERX6700412"	"ERP132578"	"testis"	"Elongated_spermatids"	NA	NA	NA	"CL:4030037"	"late spermatid"	"perfect match"	"SN260"	NA	1
"TTACGCCTCGCGCTGA"	""	"ERX6700412"	"ERP132578"	"testis"	"Round_spermatids"	NA	NA	NA	"CL:4030036"	"early spermatid"	"perfect match"	"SN260"	NA	3
"TTACGTTAGATGTTCC"	""	"ERX6700412"	"ERP132578"	"testis"	"Round_spermatids"	NA	NA	NA	"CL:4030036"	"early spermatid"	"perfect match"	"SN260"	NA	3
"TTACGTTAGTCTCGTA"	""	"ERX6700412"	"ERP132578"	"testis"	"Elongated_spermatids"	NA	NA	NA	"CL:4030037"	"late spermatid"	"perfect match"	"SN260"	NA	1
"TTACGTTGTCGCTTGG"	""	"ERX6700412"	"ERP132578"	"testis"	"Round_spermatids"	NA	NA	NA	"CL:4030036"	"early spermatid"	"perfect match"	"SN260"	NA	3
"TTACGTTTCAAACGAA"	""	"ERX6700412"	"ERP132578"	"testis"	"Spermatocytes"	NA	NA	NA	"CL:0000017"	"spermatocyte"	"perfect match"	"SN260"	NA	2
"TTACGTTTCACTTGTT"	""	"ERX6700412"	"ERP132578"	"testis"	"Elongated_spermatids"	NA	NA	NA	"CL:4030037"	"late spermatid"	"perfect match"	"SN260"	NA	1
"TTACTGTAGGAAAGGT"	""	"ERX6700412"	"ERP132578"	"testis"	"Round_spermatids"	NA	NA	NA	"CL:4030036"	"early spermatid"	"perfect match"	"SN260"	NA	3
"TTACTGTAGGTTCATC"	""	"ERX6700412"	"ERP132578"	"testis"	"Spermatogonia"	NA	NA	NA	"CL:0000020"	"spermatogonium"	"perfect match"	"SN260"	NA	4
"TTACTGTTCTAACGCA"	""	"ERX6700412"	"ERP132578"	"testis"	"Elongated_spermatids"	NA	NA	NA	"CL:4030037"	"late spermatid"	"perfect match"	"SN260"	NA	1
"TTAGGCACAGTGTATC"	""	"ERX6700412"	"ERP132578"	"testis"	"Spermatocytes"	NA	NA	NA	"CL:0000017"	"spermatocyte"	"perfect match"	"SN260"	NA	2
"TTAGGCACATCCTTCG"	""	"ERX6700412"	"ERP132578"	"testis"	"Elongated_spermatids"	NA	NA	NA	"CL:4030037"	"late spermatid"	"perfect match"	"SN260"	NA	1
"TTAGGCAGTGGAGGTT"	""	"ERX6700412"	"ERP132578"	"testis"	"Elongated_spermatids"	NA	NA	NA	"CL:4030037"	"late spermatid"	"perfect match"	"SN260"	NA	1
"TTAGGGTAGGCAGTCA"	""	"ERX6700412"	"ERP132578"	"testis"	"Round_spermatids"	NA	NA	NA	"CL:4030036"	"early spermatid"	"perfect match"	"SN260"	NA	3
"TTAGGGTCACGAGGTA"	""	"ERX6700412"	"ERP132578"	"testis"	"Spermatocytes"	NA	NA	NA	"CL:0000017"	"spermatocyte"	"perfect match"	"SN260"	NA	2
"TTAGGGTCAGAACATA"	""	"ERX6700412"	"ERP132578"	"testis"	"Spermatocytes"	NA	NA	NA	"CL:0000017"	"spermatocyte"	"perfect match"	"SN260"	NA	2
"TTAGGGTGTCGCGTTG"	""	"ERX6700412"	"ERP132578"	"testis"	"Round_spermatids"	NA	NA	NA	"CL:4030036"	"early spermatid"	"perfect match"	"SN260"	NA	3
"TTAGGGTTCAGTCACA"	""	"ERX6700412"	"ERP132578"	"testis"	"Spermatogonia"	NA	NA	NA	"CL:0000020"	"spermatogonium"	"perfect match"	"SN260"	NA	4
"TTAGGGTTCATCTATC"	""	"ERX6700412"	"ERP132578"	"testis"	"Spermatocytes"	NA	NA	NA	"CL:0000017"	"spermatocyte"	"perfect match"	"SN260"	NA	2
"TTAGTCTCAGGGAGAG"	""	"ERX6700412"	"ERP132578"	"testis"	"Spermatocytes"	NA	NA	NA	"CL:0000017"	"spermatocyte"	"perfect match"	"SN260"	NA	2
"TTAGTCTGTGGGCTTC"	""	"ERX6700412"	"ERP132578"	"testis"	"Elongated_spermatids"	NA	NA	NA	"CL:4030037"	"late spermatid"	"perfect match"	"SN260"	NA	1
"TTATTGCGTCGCATCG"	""	"ERX6700412"	"ERP132578"	"testis"	"Round_spermatids"	NA	NA	NA	"CL:4030036"	"early spermatid"	"perfect match"	"SN260"	NA	3
"TTATTGCTCGCTACAA"	""	"ERX6700412"	"ERP132578"	"testis"	"Elongated_spermatids"	NA	NA	NA	"CL:4030037"	"late spermatid"	"perfect match"	"SN260"	NA	1
"TTCAATCCACAACGAG"	""	"ERX6700412"	"ERP132578"	"testis"	"Other_somatic"	NA	NA	NA	"CL:0002371"	"somatic cell"	"perfect match"	"SN260"	NA	5
"TTCAATCCACACGTGC"	""	"ERX6700412"	"ERP132578"	"testis"	"Spermatogonia"	NA	NA	NA	"CL:0000020"	"spermatogonium"	"perfect match"	"SN260"	NA	4
"TTCAATCGTATGACAA"	""	"ERX6700412"	"ERP132578"	"testis"	"Round_spermatids"	NA	NA	NA	"CL:4030036"	"early spermatid"	"perfect match"	"SN260"	NA	3
"TTCAATCTCATCAGTG"	""	"ERX6700412"	"ERP132578"	"testis"	"Round_spermatids"	NA	NA	NA	"CL:4030036"	"early spermatid"	"perfect match"	"SN260"	NA	3
"TTCAATCTCGTGCACG"	""	"ERX6700412"	"ERP132578"	"testis"	"Elongated_spermatids"	NA	NA	NA	"CL:4030037"	"late spermatid"	"perfect match"	"SN260"	NA	1
"TTCACCGAGATGGTAT"	""	"ERX6700412"	"ERP132578"	"testis"	"Spermatogonia"	NA	NA	NA	"CL:0000020"	"spermatogonium"	"perfect match"	"SN260"	NA	4
"TTCACCGCATCCGTGG"	""	"ERX6700412"	"ERP132578"	"testis"	"Elongated_spermatids"	NA	NA	NA	"CL:4030037"	"late spermatid"	"perfect match"	"SN260"	NA	1
"TTCACCGTCCGATAAC"	""	"ERX6700412"	"ERP132578"	"testis"	"Round_spermatids"	NA	NA	NA	"CL:4030036"	"early spermatid"	"perfect match"	"SN260"	NA	3
"TTCACCGTCCTCTCTT"	""	"ERX6700412"	"ERP132578"	"testis"	"Round_spermatids"	NA	NA	NA	"CL:4030036"	"early spermatid"	"perfect match"	"SN260"	NA	3
"TTCACGCAGCATGCAG"	""	"ERX6700412"	"ERP132578"	"testis"	"Elongated_spermatids"	NA	NA	NA	"CL:4030037"	"late spermatid"	"perfect match"	"SN260"	NA	1
"TTCACGCAGTGGACTG"	""	"ERX6700412"	"ERP132578"	"testis"	"Round_spermatids"	NA	NA	NA	"CL:4030036"	"early spermatid"	"perfect match"	"SN260"	NA	3
"TTCAGGAAGTGGAATT"	""	"ERX6700412"	"ERP132578"	"testis"	"Round_spermatids"	NA	NA	NA	"CL:4030036"	"early spermatid"	"perfect match"	"SN260"	NA	3
"TTCAGGAGTAACGATA"	""	"ERX6700412"	"ERP132578"	"testis"	"Spermatocytes"	NA	NA	NA	"CL:0000017"	"spermatocyte"	"perfect match"	"SN260"	NA	2
"TTCAGGATCCGCACTT"	""	"ERX6700412"	"ERP132578"	"testis"	"Other_somatic"	NA	NA	NA	"CL:0002371"	"somatic cell"	"perfect match"	"SN260"	NA	5
"TTCATGTCAATGTCAC"	""	"ERX6700412"	"ERP132578"	"testis"	"Elongated_spermatids"	NA	NA	NA	"CL:4030037"	"late spermatid"	"perfect match"	"SN260"	NA	1
"TTCATGTCAGTCGGTC"	""	"ERX6700412"	"ERP132578"	"testis"	"Round_spermatids"	NA	NA	NA	"CL:4030036"	"early spermatid"	"perfect match"	"SN260"	NA	3
"TTCATGTTCCGTAGTA"	""	"ERX6700412"	"ERP132578"	"testis"	"Elongated_spermatids"	NA	NA	NA	"CL:4030037"	"late spermatid"	"perfect match"	"SN260"	NA	1
"TTCATGTTCGTGGGTC"	""	"ERX6700412"	"ERP132578"	"testis"	"Spermatogonia"	NA	NA	NA	"CL:0000020"	"spermatogonium"	"perfect match"	"SN260"	NA	4
"TTCATTGCAAGTGTCT"	""	"ERX6700412"	"ERP132578"	"testis"	"Elongated_spermatids"	NA	NA	NA	"CL:4030037"	"late spermatid"	"perfect match"	"SN260"	NA	1
"TTCATTGGTGAGATTA"	""	"ERX6700412"	"ERP132578"	"testis"	"Spermatocytes"	NA	NA	NA	"CL:0000017"	"spermatocyte"	"perfect match"	"SN260"	NA	2
"TTCATTGTCCGCATAA"	""	"ERX6700412"	"ERP132578"	"testis"	"Round_spermatids"	NA	NA	NA	"CL:4030036"	"early spermatid"	"perfect match"	"SN260"	NA	3
"TTCCAATAGGACAGCT"	""	"ERX6700412"	"ERP132578"	"testis"	"Spermatocytes"	NA	NA	NA	"CL:0000017"	"spermatocyte"	"perfect match"	"SN260"	NA	2
"TTCCAATCACTGGCCA"	""	"ERX6700412"	"ERP132578"	"testis"	"Spermatogonia"	NA	NA	NA	"CL:0000020"	"spermatogonium"	"perfect match"	"SN260"	NA	4
"TTCCAATTCGTAGCCG"	""	"ERX6700412"	"ERP132578"	"testis"	"Elongated_spermatids"	NA	NA	NA	"CL:4030037"	"late spermatid"	"perfect match"	"SN260"	NA	1
"TTCCACGAGCGGTATG"	""	"ERX6700412"	"ERP132578"	"testis"	"Spermatocytes"	NA	NA	NA	"CL:0000017"	"spermatocyte"	"perfect match"	"SN260"	NA	2
"TTCCACGGTGGTAACG"	""	"ERX6700412"	"ERP132578"	"testis"	"Round_spermatids"	NA	NA	NA	"CL:4030036"	"early spermatid"	"perfect match"	"SN260"	NA	3
"TTCCACGTCACGGGCT"	""	"ERX6700412"	"ERP132578"	"testis"	"Elongated_spermatids"	NA	NA	NA	"CL:4030037"	"late spermatid"	"perfect match"	"SN260"	NA	1
"TTCCACGTCAGAGCGA"	""	"ERX6700412"	"ERP132578"	"testis"	"Other_somatic"	NA	NA	NA	"CL:0002371"	"somatic cell"	"perfect match"	"SN260"	NA	5
"TTCCGGTAGAGTCTGG"	""	"ERX6700412"	"ERP132578"	"testis"	"Spermatocytes"	NA	NA	NA	"CL:0000017"	"spermatocyte"	"perfect match"	"SN260"	NA	2
"TTCCGGTCAACGTATC"	""	"ERX6700412"	"ERP132578"	"testis"	"Elongated_spermatids"	NA	NA	NA	"CL:4030037"	"late spermatid"	"perfect match"	"SN260"	NA	1
"TTCCGGTCATGAAGCG"	""	"ERX6700412"	"ERP132578"	"testis"	"Other_somatic"	NA	NA	NA	"CL:0002371"	"somatic cell"	"perfect match"	"SN260"	NA	5
"TTCCGGTGTCTTTCTA"	""	"ERX6700412"	"ERP132578"	"testis"	"Spermatogonia"	NA	NA	NA	"CL:0000020"	"spermatogonium"	"perfect match"	"SN260"	NA	4
"TTCCGGTGTTGTCCCT"	""	"ERX6700412"	"ERP132578"	"testis"	"Other_somatic"	NA	NA	NA	"CL:0002371"	"somatic cell"	"perfect match"	"SN260"	NA	5
"TTCCGGTTCCCATGGG"	""	"ERX6700412"	"ERP132578"	"testis"	"Round_spermatids"	NA	NA	NA	"CL:4030036"	"early spermatid"	"perfect match"	"SN260"	NA	3
"TTCCGTGAGGTTCATC"	""	"ERX6700412"	"ERP132578"	"testis"	"Spermatogonia"	NA	NA	NA	"CL:0000020"	"spermatogonium"	"perfect match"	"SN260"	NA	4
"TTCCGTGGTCCTCCAT"	""	"ERX6700412"	"ERP132578"	"testis"	"Round_spermatids"	NA	NA	NA	"CL:4030036"	"early spermatid"	"perfect match"	"SN260"	NA	3
"TTCCTAACAGTAGAGC"	""	"ERX6700412"	"ERP132578"	"testis"	"Elongated_spermatids"	NA	NA	NA	"CL:4030037"	"late spermatid"	"perfect match"	"SN260"	NA	1
"TTCCTAATCGTCAGAT"	""	"ERX6700412"	"ERP132578"	"testis"	"Spermatocytes"	NA	NA	NA	"CL:0000017"	"spermatocyte"	"perfect match"	"SN260"	NA	2
"TTCCTCTAGTCATAGA"	""	"ERX6700412"	"ERP132578"	"testis"	"Round_spermatids"	NA	NA	NA	"CL:4030036"	"early spermatid"	"perfect match"	"SN260"	NA	3
"TTCCTCTCACTCTCGT"	""	"ERX6700412"	"ERP132578"	"testis"	"Spermatocytes"	NA	NA	NA	"CL:0000017"	"spermatocyte"	"perfect match"	"SN260"	NA	2
"TTCCTCTTCAGAGCGA"	""	"ERX6700412"	"ERP132578"	"testis"	"Spermatocytes"	NA	NA	NA	"CL:0000017"	"spermatocyte"	"perfect match"	"SN260"	NA	2
"TTCCTCTTCTGTTGGA"	""	"ERX6700412"	"ERP132578"	"testis"	"Spermatogonia"	NA	NA	NA	"CL:0000020"	"spermatogonium"	"perfect match"	"SN260"	NA	4
"TTCCTTCCACATTGTG"	""	"ERX6700412"	"ERP132578"	"testis"	"Round_spermatids"	NA	NA	NA	"CL:4030036"	"early spermatid"	"perfect match"	"SN260"	NA	3
"TTCGATTCAAACACCT"	""	"ERX6700412"	"ERP132578"	"testis"	"Spermatocytes"	NA	NA	NA	"CL:0000017"	"spermatocyte"	"perfect match"	"SN260"	NA	2
"TTCGATTCAAGAAACT"	""	"ERX6700412"	"ERP132578"	"testis"	"Round_spermatids"	NA	NA	NA	"CL:4030036"	"early spermatid"	"perfect match"	"SN260"	NA	3
"TTCGATTCACACGCCA"	""	"ERX6700412"	"ERP132578"	"testis"	"Spermatocytes"	NA	NA	NA	"CL:0000017"	"spermatocyte"	"perfect match"	"SN260"	NA	2
"TTCGATTGTATCGTTG"	""	"ERX6700412"	"ERP132578"	"testis"	"Spermatocytes"	NA	NA	NA	"CL:0000017"	"spermatocyte"	"perfect match"	"SN260"	NA	2
"TTCGATTGTCCGTACG"	""	"ERX6700412"	"ERP132578"	"testis"	"Spermatocytes"	NA	NA	NA	"CL:0000017"	"spermatocyte"	"perfect match"	"SN260"	NA	2
"TTCGATTTCCAGGACC"	""	"ERX6700412"	"ERP132578"	"testis"	"Round_spermatids"	NA	NA	NA	"CL:4030036"	"early spermatid"	"perfect match"	"SN260"	NA	3
"TTCGATTTCTGGTCAA"	""	"ERX6700412"	"ERP132578"	"testis"	"Round_spermatids"	NA	NA	NA	"CL:4030036"	"early spermatid"	"perfect match"	"SN260"	NA	3
"TTCGCTGGTGTTTCTT"	""	"ERX6700412"	"ERP132578"	"testis"	"Round_spermatids"	NA	NA	NA	"CL:4030036"	"early spermatid"	"perfect match"	"SN260"	NA	3
"TTCGGTCCATCATCCC"	""	"ERX6700412"	"ERP132578"	"testis"	"Elongated_spermatids"	NA	NA	NA	"CL:4030037"	"late spermatid"	"perfect match"	"SN260"	NA	1
"TTCGGTCTCGTCAGAT"	""	"ERX6700412"	"ERP132578"	"testis"	"Round_spermatids"	NA	NA	NA	"CL:4030036"	"early spermatid"	"perfect match"	"SN260"	NA	3
"TTCGGTCTCTGCTTTA"	""	"ERX6700412"	"ERP132578"	"testis"	"Spermatogonia"	NA	NA	NA	"CL:0000020"	"spermatogonium"	"perfect match"	"SN260"	NA	4
"TTCTAACAGTGAGCCA"	""	"ERX6700412"	"ERP132578"	"testis"	"Round_spermatids"	NA	NA	NA	"CL:4030036"	"early spermatid"	"perfect match"	"SN260"	NA	3
"TTCTAACCAGCTCCTT"	""	"ERX6700412"	"ERP132578"	"testis"	"Spermatocytes"	NA	NA	NA	"CL:0000017"	"spermatocyte"	"perfect match"	"SN260"	NA	2
"TTCTAGTAGTGAATAC"	""	"ERX6700412"	"ERP132578"	"testis"	"Spermatocytes"	NA	NA	NA	"CL:0000017"	"spermatocyte"	"perfect match"	"SN260"	NA	2
"TTCTAGTCATAGTCGT"	""	"ERX6700412"	"ERP132578"	"testis"	"Round_spermatids"	NA	NA	NA	"CL:4030036"	"early spermatid"	"perfect match"	"SN260"	NA	3
"TTCTAGTCATTAAGCC"	""	"ERX6700412"	"ERP132578"	"testis"	"Spermatocytes"	NA	NA	NA	"CL:0000017"	"spermatocyte"	"perfect match"	"SN260"	NA	2
"TTCTAGTGTGCCTAAT"	""	"ERX6700412"	"ERP132578"	"testis"	"Round_spermatids"	NA	NA	NA	"CL:4030036"	"early spermatid"	"perfect match"	"SN260"	NA	3
"TTCTAGTGTTAGTCGT"	""	"ERX6700412"	"ERP132578"	"testis"	"Spermatogonia"	NA	NA	NA	"CL:0000020"	"spermatogonium"	"perfect match"	"SN260"	NA	4
"TTCTAGTTCATCTGTT"	""	"ERX6700412"	"ERP132578"	"testis"	"Round_spermatids"	NA	NA	NA	"CL:4030036"	"early spermatid"	"perfect match"	"SN260"	NA	3
"TTCTAGTTCGAACCTA"	""	"ERX6700412"	"ERP132578"	"testis"	"Spermatocytes"	NA	NA	NA	"CL:0000017"	"spermatocyte"	"perfect match"	"SN260"	NA	2
"TTCTAGTTCGTTAGTG"	""	"ERX6700412"	"ERP132578"	"testis"	"Round_spermatids"	NA	NA	NA	"CL:4030036"	"early spermatid"	"perfect match"	"SN260"	NA	3
"TTCTCTCAGATCGCTT"	""	"ERX6700412"	"ERP132578"	"testis"	"Round_spermatids"	NA	NA	NA	"CL:4030036"	"early spermatid"	"perfect match"	"SN260"	NA	3
"TTCTCTCGTCAGGTGA"	""	"ERX6700412"	"ERP132578"	"testis"	"Elongated_spermatids"	NA	NA	NA	"CL:4030037"	"late spermatid"	"perfect match"	"SN260"	NA	1
"TTCTGTACACCTTCCA"	""	"ERX6700412"	"ERP132578"	"testis"	"Round_spermatids"	NA	NA	NA	"CL:4030036"	"early spermatid"	"perfect match"	"SN260"	NA	3
"TTCTGTATCACACGAT"	""	"ERX6700412"	"ERP132578"	"testis"	"Round_spermatids"	NA	NA	NA	"CL:4030036"	"early spermatid"	"perfect match"	"SN260"	NA	3
"TTCTGTATCAGCTGAT"	""	"ERX6700412"	"ERP132578"	"testis"	"Spermatogonia"	NA	NA	NA	"CL:0000020"	"spermatogonium"	"perfect match"	"SN260"	NA	4
"TTCTGTATCGGTCTGG"	""	"ERX6700412"	"ERP132578"	"testis"	"Elongated_spermatids"	NA	NA	NA	"CL:4030037"	"late spermatid"	"perfect match"	"SN260"	NA	1
"TTCTTCCGTATCGTTG"	""	"ERX6700412"	"ERP132578"	"testis"	"Spermatogonia"	NA	NA	NA	"CL:0000020"	"spermatogonium"	"perfect match"	"SN260"	NA	4
"TTCTTGAGTAGATTAG"	""	"ERX6700412"	"ERP132578"	"testis"	"Elongated_spermatids"	NA	NA	NA	"CL:4030037"	"late spermatid"	"perfect match"	"SN260"	NA	1
"TTCTTGAGTGATGAAT"	""	"ERX6700412"	"ERP132578"	"testis"	"Round_spermatids"	NA	NA	NA	"CL:4030036"	"early spermatid"	"perfect match"	"SN260"	NA	3
"TTGAACGAGAGCTGCA"	""	"ERX6700412"	"ERP132578"	"testis"	"Spermatogonia"	NA	NA	NA	"CL:0000020"	"spermatogonium"	"perfect match"	"SN260"	NA	4
"TTGAACGGTAGATTAG"	""	"ERX6700412"	"ERP132578"	"testis"	"Elongated_spermatids"	NA	NA	NA	"CL:4030037"	"late spermatid"	"perfect match"	"SN260"	NA	1
"TTGACCCTCTAGCATG"	""	"ERX6700412"	"ERP132578"	"testis"	"Round_spermatids"	NA	NA	NA	"CL:4030036"	"early spermatid"	"perfect match"	"SN260"	NA	3
"TTGACCCTCTCCGTGT"	""	"ERX6700412"	"ERP132578"	"testis"	"Round_spermatids"	NA	NA	NA	"CL:4030036"	"early spermatid"	"perfect match"	"SN260"	NA	3
"TTGAGTGAGTCCTACA"	""	"ERX6700412"	"ERP132578"	"testis"	"Round_spermatids"	NA	NA	NA	"CL:4030036"	"early spermatid"	"perfect match"	"SN260"	NA	3
"TTGAGTGGTAATTAGG"	""	"ERX6700412"	"ERP132578"	"testis"	"Spermatogonia"	NA	NA	NA	"CL:0000020"	"spermatogonium"	"perfect match"	"SN260"	NA	4
"TTGATGGCACCTCTAC"	""	"ERX6700412"	"ERP132578"	"testis"	"Spermatocytes"	NA	NA	NA	"CL:0000017"	"spermatocyte"	"perfect match"	"SN260"	NA	2
"TTGATGGTCGGTCGAC"	""	"ERX6700412"	"ERP132578"	"testis"	"Round_spermatids"	NA	NA	NA	"CL:4030036"	"early spermatid"	"perfect match"	"SN260"	NA	3
"TTGCATTAGTAAGAGG"	""	"ERX6700412"	"ERP132578"	"testis"	"Spermatogonia"	NA	NA	NA	"CL:0000020"	"spermatogonium"	"perfect match"	"SN260"	NA	4
"TTGCATTCAATAGGGC"	""	"ERX6700412"	"ERP132578"	"testis"	"Round_spermatids"	NA	NA	NA	"CL:4030036"	"early spermatid"	"perfect match"	"SN260"	NA	3
"TTGCATTTCTAATTCC"	""	"ERX6700412"	"ERP132578"	"testis"	"Round_spermatids"	NA	NA	NA	"CL:4030036"	"early spermatid"	"perfect match"	"SN260"	NA	3
"TTGCATTTCTTCCGTG"	""	"ERX6700412"	"ERP132578"	"testis"	"Round_spermatids"	NA	NA	NA	"CL:4030036"	"early spermatid"	"perfect match"	"SN260"	NA	3
"TTGCCTGCAAGCTGTT"	""	"ERX6700412"	"ERP132578"	"testis"	"Elongated_spermatids"	NA	NA	NA	"CL:4030037"	"late spermatid"	"perfect match"	"SN260"	NA	1
"TTGCCTGCACAAACGG"	""	"ERX6700412"	"ERP132578"	"testis"	"Elongated_spermatids"	NA	NA	NA	"CL:4030037"	"late spermatid"	"perfect match"	"SN260"	NA	1
"TTGCCTGTCGTAACTG"	""	"ERX6700412"	"ERP132578"	"testis"	"Spermatocytes"	NA	NA	NA	"CL:0000017"	"spermatocyte"	"perfect match"	"SN260"	NA	2
"TTGCGTCAGTCTAGAA"	""	"ERX6700412"	"ERP132578"	"testis"	"Round_spermatids"	NA	NA	NA	"CL:4030036"	"early spermatid"	"perfect match"	"SN260"	NA	3
"TTGCGTCTCCCTTGGT"	""	"ERX6700412"	"ERP132578"	"testis"	"Spermatocytes"	NA	NA	NA	"CL:0000017"	"spermatocyte"	"perfect match"	"SN260"	NA	2
"TTGCTGCAGGAGTCTG"	""	"ERX6700412"	"ERP132578"	"testis"	"Round_spermatids"	NA	NA	NA	"CL:4030036"	"early spermatid"	"perfect match"	"SN260"	NA	3
"TTGCTGCAGGGCGAGA"	""	"ERX6700412"	"ERP132578"	"testis"	"Round_spermatids"	NA	NA	NA	"CL:4030036"	"early spermatid"	"perfect match"	"SN260"	NA	3
"TTGCTGCCAGAGAGGG"	""	"ERX6700412"	"ERP132578"	"testis"	"Round_spermatids"	NA	NA	NA	"CL:4030036"	"early spermatid"	"perfect match"	"SN260"	NA	3
"TTGCTGCGTACAGTTC"	""	"ERX6700412"	"ERP132578"	"testis"	"Round_spermatids"	NA	NA	NA	"CL:4030036"	"early spermatid"	"perfect match"	"SN260"	NA	3
"TTGCTGCTCTATCCAT"	""	"ERX6700412"	"ERP132578"	"testis"	"Spermatocytes"	NA	NA	NA	"CL:0000017"	"spermatocyte"	"perfect match"	"SN260"	NA	2
"TTGGGATGTCATAAAG"	""	"ERX6700412"	"ERP132578"	"testis"	"Round_spermatids"	NA	NA	NA	"CL:4030036"	"early spermatid"	"perfect match"	"SN260"	NA	3
"TTGGGATGTTACGGAG"	""	"ERX6700412"	"ERP132578"	"testis"	"Round_spermatids"	NA	NA	NA	"CL:4030036"	"early spermatid"	"perfect match"	"SN260"	NA	3
"TTGGGATGTTTGTGGT"	""	"ERX6700412"	"ERP132578"	"testis"	"Round_spermatids"	NA	NA	NA	"CL:4030036"	"early spermatid"	"perfect match"	"SN260"	NA	3
"TTGGGATTCACTAGCA"	""	"ERX6700412"	"ERP132578"	"testis"	"Spermatogonia"	NA	NA	NA	"CL:0000020"	"spermatogonium"	"perfect match"	"SN260"	NA	4
"TTGGGATTCCGATGCG"	""	"ERX6700412"	"ERP132578"	"testis"	"Round_spermatids"	NA	NA	NA	"CL:4030036"	"early spermatid"	"perfect match"	"SN260"	NA	3
"TTGGGTAGTACGGTTT"	""	"ERX6700412"	"ERP132578"	"testis"	"Spermatogonia"	NA	NA	NA	"CL:0000020"	"spermatogonium"	"perfect match"	"SN260"	NA	4
"TTGGTTTAGGGTATAT"	""	"ERX6700412"	"ERP132578"	"testis"	"Round_spermatids"	NA	NA	NA	"CL:4030036"	"early spermatid"	"perfect match"	"SN260"	NA	3
"TTGGTTTCACCCGTAG"	""	"ERX6700412"	"ERP132578"	"testis"	"Spermatogonia"	NA	NA	NA	"CL:0000020"	"spermatogonium"	"perfect match"	"SN260"	NA	4
"TTGGTTTCACCTCTGT"	""	"ERX6700412"	"ERP132578"	"testis"	"Round_spermatids"	NA	NA	NA	"CL:4030036"	"early spermatid"	"perfect match"	"SN260"	NA	3
"TTGGTTTTCCTCAGGG"	""	"ERX6700412"	"ERP132578"	"testis"	"Spermatocytes"	NA	NA	NA	"CL:0000017"	"spermatocyte"	"perfect match"	"SN260"	NA	2
"TTGTGGACAAACTCTG"	""	"ERX6700412"	"ERP132578"	"testis"	"Spermatocytes"	NA	NA	NA	"CL:0000017"	"spermatocyte"	"perfect match"	"SN260"	NA	2
"TTGTGGACACTTGGGC"	""	"ERX6700412"	"ERP132578"	"testis"	"Spermatocytes"	NA	NA	NA	"CL:0000017"	"spermatocyte"	"perfect match"	"SN260"	NA	2
"TTGTGTTAGACCTTTG"	""	"ERX6700412"	"ERP132578"	"testis"	"Spermatocytes"	NA	NA	NA	"CL:0000017"	"spermatocyte"	"perfect match"	"SN260"	NA	2
"TTGTGTTGTGGAAGTC"	""	"ERX6700412"	"ERP132578"	"testis"	"Spermatocytes"	NA	NA	NA	"CL:0000017"	"spermatocyte"	"perfect match"	"SN260"	NA	2
"TTGTGTTGTTTCGTTT"	""	"ERX6700412"	"ERP132578"	"testis"	"Round_spermatids"	NA	NA	NA	"CL:4030036"	"early spermatid"	"perfect match"	"SN260"	NA	3
"TTGTTCAAGAAATTCG"	""	"ERX6700412"	"ERP132578"	"testis"	"Spermatocytes"	NA	NA	NA	"CL:0000017"	"spermatocyte"	"perfect match"	"SN260"	NA	2
"TTGTTCAAGTTTCGAC"	""	"ERX6700412"	"ERP132578"	"testis"	"Round_spermatids"	NA	NA	NA	"CL:4030036"	"early spermatid"	"perfect match"	"SN260"	NA	3
"TTGTTCACACCAATTG"	""	"ERX6700412"	"ERP132578"	"testis"	"Elongated_spermatids"	NA	NA	NA	"CL:4030037"	"late spermatid"	"perfect match"	"SN260"	NA	1
"TTGTTGTAGACTTCAC"	""	"ERX6700412"	"ERP132578"	"testis"	"Spermatocytes"	NA	NA	NA	"CL:0000017"	"spermatocyte"	"perfect match"	"SN260"	NA	2
"TTGTTGTCACTTGTCC"	""	"ERX6700412"	"ERP132578"	"testis"	"Elongated_spermatids"	NA	NA	NA	"CL:4030037"	"late spermatid"	"perfect match"	"SN260"	NA	1
"TTGTTTGAGCAGGTCA"	""	"ERX6700412"	"ERP132578"	"testis"	"Round_spermatids"	NA	NA	NA	"CL:4030036"	"early spermatid"	"perfect match"	"SN260"	NA	3
"TTGTTTGGTCCATAGT"	""	"ERX6700412"	"ERP132578"	"testis"	"Spermatocytes"	NA	NA	NA	"CL:0000017"	"spermatocyte"	"perfect match"	"SN260"	NA	2
"TTGTTTGGTGGAACAC"	""	"ERX6700412"	"ERP132578"	"testis"	"Round_spermatids"	NA	NA	NA	"CL:4030036"	"early spermatid"	"perfect match"	"SN260"	NA	3
"TTGTTTGTCACCATCC"	""	"ERX6700412"	"ERP132578"	"testis"	"Elongated_spermatids"	NA	NA	NA	"CL:4030037"	"late spermatid"	"perfect match"	"SN260"	NA	1
"TTGTTTGTCCAAGGGA"	""	"ERX6700412"	"ERP132578"	"testis"	"Round_spermatids"	NA	NA	NA	"CL:4030036"	"early spermatid"	"perfect match"	"SN260"	NA	3
"TTGTTTGTCGATTTCT"	""	"ERX6700412"	"ERP132578"	"testis"	"Elongated_spermatids"	NA	NA	NA	"CL:4030037"	"late spermatid"	"perfect match"	"SN260"	NA	1
"TTGTTTGTCTATGTGG"	""	"ERX6700412"	"ERP132578"	"testis"	"Other_somatic"	NA	NA	NA	"CL:0002371"	"somatic cell"	"perfect match"	"SN260"	NA	5
"TTGTTTGTCTGTGCAA"	""	"ERX6700412"	"ERP132578"	"testis"	"Round_spermatids"	NA	NA	NA	"CL:4030036"	"early spermatid"	"perfect match"	"SN260"	NA	3
"TTTACCAAGCATGTTC"	""	"ERX6700412"	"ERP132578"	"testis"	"Round_spermatids"	NA	NA	NA	"CL:4030036"	"early spermatid"	"perfect match"	"SN260"	NA	3
"TTTACCAAGGATGGCT"	""	"ERX6700412"	"ERP132578"	"testis"	"Round_spermatids"	NA	NA	NA	"CL:4030036"	"early spermatid"	"perfect match"	"SN260"	NA	3
"TTTACCACAAAGGCGT"	""	"ERX6700412"	"ERP132578"	"testis"	"Round_spermatids"	NA	NA	NA	"CL:4030036"	"early spermatid"	"perfect match"	"SN260"	NA	3
"TTTACCAGTGTTAGCT"	""	"ERX6700412"	"ERP132578"	"testis"	"Round_spermatids"	NA	NA	NA	"CL:4030036"	"early spermatid"	"perfect match"	"SN260"	NA	3
"TTTACCATCCGGACGT"	""	"ERX6700412"	"ERP132578"	"testis"	"Round_spermatids"	NA	NA	NA	"CL:4030036"	"early spermatid"	"perfect match"	"SN260"	NA	3
"TTTACGTTCCGGTAAT"	""	"ERX6700412"	"ERP132578"	"testis"	"Other_somatic"	NA	NA	NA	"CL:0002371"	"somatic cell"	"perfect match"	"SN260"	NA	5
"TTTACTGAGATGACAT"	""	"ERX6700412"	"ERP132578"	"testis"	"Elongated_spermatids"	NA	NA	NA	"CL:4030037"	"late spermatid"	"perfect match"	"SN260"	NA	1
"TTTACTGCAGCTGGTC"	""	"ERX6700412"	"ERP132578"	"testis"	"Round_spermatids"	NA	NA	NA	"CL:4030036"	"early spermatid"	"perfect match"	"SN260"	NA	3
"TTTAGTCAGGTAGACC"	""	"ERX6700412"	"ERP132578"	"testis"	"Spermatocytes"	NA	NA	NA	"CL:0000017"	"spermatocyte"	"perfect match"	"SN260"	NA	2
"TTTAGTCCACCTCAGG"	""	"ERX6700412"	"ERP132578"	"testis"	"Round_spermatids"	NA	NA	NA	"CL:4030036"	"early spermatid"	"perfect match"	"SN260"	NA	3
"TTTATGCCACGCTATA"	""	"ERX6700412"	"ERP132578"	"testis"	"Round_spermatids"	NA	NA	NA	"CL:4030036"	"early spermatid"	"perfect match"	"SN260"	NA	3
"TTTATGCCATTAAAGG"	""	"ERX6700412"	"ERP132578"	"testis"	"Round_spermatids"	NA	NA	NA	"CL:4030036"	"early spermatid"	"perfect match"	"SN260"	NA	3
"TTTATGCGTTGACTAC"	""	"ERX6700412"	"ERP132578"	"testis"	"Round_spermatids"	NA	NA	NA	"CL:4030036"	"early spermatid"	"perfect match"	"SN260"	NA	3
"TTTATGCTCCTAAACG"	""	"ERX6700412"	"ERP132578"	"testis"	"Elongated_spermatids"	NA	NA	NA	"CL:4030037"	"late spermatid"	"perfect match"	"SN260"	NA	1
"TTTCACAAGACCTCCG"	""	"ERX6700412"	"ERP132578"	"testis"	"Round_spermatids"	NA	NA	NA	"CL:4030036"	"early spermatid"	"perfect match"	"SN260"	NA	3
"TTTCACAAGGATATAC"	""	"ERX6700412"	"ERP132578"	"testis"	"Other_somatic"	NA	NA	NA	"CL:0002371"	"somatic cell"	"perfect match"	"SN260"	NA	5
"TTTCACAAGGCATTTC"	""	"ERX6700412"	"ERP132578"	"testis"	"Elongated_spermatids"	NA	NA	NA	"CL:4030037"	"late spermatid"	"perfect match"	"SN260"	NA	1
"TTTCACAGTACCACGC"	""	"ERX6700412"	"ERP132578"	"testis"	"Spermatocytes"	NA	NA	NA	"CL:0000017"	"spermatocyte"	"perfect match"	"SN260"	NA	2
"TTTCACATCACTGCTC"	""	"ERX6700412"	"ERP132578"	"testis"	"Spermatocytes"	NA	NA	NA	"CL:0000017"	"spermatocyte"	"perfect match"	"SN260"	NA	2
"TTTCACATCCATCAGA"	""	"ERX6700412"	"ERP132578"	"testis"	"Spermatogonia"	NA	NA	NA	"CL:0000020"	"spermatogonium"	"perfect match"	"SN260"	NA	4
"TTTCACATCCTGCCAT"	""	"ERX6700412"	"ERP132578"	"testis"	"Round_spermatids"	NA	NA	NA	"CL:4030036"	"early spermatid"	"perfect match"	"SN260"	NA	3
"TTTCAGTAGACATGCG"	""	"ERX6700412"	"ERP132578"	"testis"	"Round_spermatids"	NA	NA	NA	"CL:4030036"	"early spermatid"	"perfect match"	"SN260"	NA	3
"TTTCAGTCAAGACAAT"	""	"ERX6700412"	"ERP132578"	"testis"	"Elongated_spermatids"	NA	NA	NA	"CL:4030037"	"late spermatid"	"perfect match"	"SN260"	NA	1
"TTTCAGTCACAGTACT"	""	"ERX6700412"	"ERP132578"	"testis"	"Round_spermatids"	NA	NA	NA	"CL:4030036"	"early spermatid"	"perfect match"	"SN260"	NA	3
"TTTCAGTGTAGCTGTT"	""	"ERX6700412"	"ERP132578"	"testis"	"Elongated_spermatids"	NA	NA	NA	"CL:4030037"	"late spermatid"	"perfect match"	"SN260"	NA	1
"TTTCAGTTCCCATACC"	""	"ERX6700412"	"ERP132578"	"testis"	"Spermatocytes"	NA	NA	NA	"CL:0000017"	"spermatocyte"	"perfect match"	"SN260"	NA	2
"TTTCAGTTCTGAGGCC"	""	"ERX6700412"	"ERP132578"	"testis"	"Round_spermatids"	NA	NA	NA	"CL:4030036"	"early spermatid"	"perfect match"	"SN260"	NA	3
"TTTCATGAGGCAGGTT"	""	"ERX6700412"	"ERP132578"	"testis"	"Round_spermatids"	NA	NA	NA	"CL:4030036"	"early spermatid"	"perfect match"	"SN260"	NA	3
"TTTCATGAGGTTACCT"	""	"ERX6700412"	"ERP132578"	"testis"	"Round_spermatids"	NA	NA	NA	"CL:4030036"	"early spermatid"	"perfect match"	"SN260"	NA	3
"TTTCATGAGTATGGAT"	""	"ERX6700412"	"ERP132578"	"testis"	"Spermatogonia"	NA	NA	NA	"CL:0000020"	"spermatogonium"	"perfect match"	"SN260"	NA	4
"TTTCATGCAACAAAGT"	""	"ERX6700412"	"ERP132578"	"testis"	"Round_spermatids"	NA	NA	NA	"CL:4030036"	"early spermatid"	"perfect match"	"SN260"	NA	3
"TTTCCTCCACTACACA"	""	"ERX6700412"	"ERP132578"	"testis"	"Round_spermatids"	NA	NA	NA	"CL:4030036"	"early spermatid"	"perfect match"	"SN260"	NA	3
"TTTCCTCCACTTCAGA"	""	"ERX6700412"	"ERP132578"	"testis"	"Round_spermatids"	NA	NA	NA	"CL:4030036"	"early spermatid"	"perfect match"	"SN260"	NA	3
"TTTCCTCTCCAATCTT"	""	"ERX6700412"	"ERP132578"	"testis"	"Round_spermatids"	NA	NA	NA	"CL:4030036"	"early spermatid"	"perfect match"	"SN260"	NA	3
"TTTGACTTCACTGCTC"	""	"ERX6700412"	"ERP132578"	"testis"	"Elongated_spermatids"	NA	NA	NA	"CL:4030037"	"late spermatid"	"perfect match"	"SN260"	NA	1
"TTTGACTTCTACCAGA"	""	"ERX6700412"	"ERP132578"	"testis"	"Elongated_spermatids"	NA	NA	NA	"CL:4030037"	"late spermatid"	"perfect match"	"SN260"	NA	1
"TTTGATCCACTCACTC"	""	"ERX6700412"	"ERP132578"	"testis"	"Round_spermatids"	NA	NA	NA	"CL:4030036"	"early spermatid"	"perfect match"	"SN260"	NA	3
"TTTGATCCAGTTTGGT"	""	"ERX6700412"	"ERP132578"	"testis"	"Round_spermatids"	NA	NA	NA	"CL:4030036"	"early spermatid"	"perfect match"	"SN260"	NA	3
"TTTGATCGTGCACAAG"	""	"ERX6700412"	"ERP132578"	"testis"	"Round_spermatids"	NA	NA	NA	"CL:4030036"	"early spermatid"	"perfect match"	"SN260"	NA	3
"TTTGGAGAGCTGAGTG"	""	"ERX6700412"	"ERP132578"	"testis"	"Spermatocytes"	NA	NA	NA	"CL:0000017"	"spermatocyte"	"perfect match"	"SN260"	NA	2
"TTTGGAGCATCCTTGC"	""	"ERX6700412"	"ERP132578"	"testis"	"Round_spermatids"	NA	NA	NA	"CL:4030036"	"early spermatid"	"perfect match"	"SN260"	NA	3
"TTTGGAGTCCACGGAC"	""	"ERX6700412"	"ERP132578"	"testis"	"Elongated_spermatids"	NA	NA	NA	"CL:4030037"	"late spermatid"	"perfect match"	"SN260"	NA	1
"TTTGGTTGTAAGATAC"	""	"ERX6700412"	"ERP132578"	"testis"	"Elongated_spermatids"	NA	NA	NA	"CL:4030037"	"late spermatid"	"perfect match"	"SN260"	NA	1
"TTTGGTTGTCCAACGC"	""	"ERX6700412"	"ERP132578"	"testis"	"Round_spermatids"	NA	NA	NA	"CL:4030036"	"early spermatid"	"perfect match"	"SN260"	NA	3
"TTTGGTTTCGCAGTCG"	""	"ERX6700412"	"ERP132578"	"testis"	"Round_spermatids"	NA	NA	NA	"CL:4030036"	"early spermatid"	"perfect match"	"SN260"	NA	3
"TTTGTTGAGCGATGAC"	""	"ERX6700412"	"ERP132578"	"testis"	"Spermatogonia"	NA	NA	NA	"CL:0000020"	"spermatogonium"	"perfect match"	"SN260"	NA	4
"TTTGTTGAGGGAGGAC"	""	"ERX6700412"	"ERP132578"	"testis"	"Round_spermatids"	NA	NA	NA	"CL:4030036"	"early spermatid"	"perfect match"	"SN260"	NA	3
"TTTGTTGGTCAGCTTA"	""	"ERX6700412"	"ERP132578"	"testis"	"Round_spermatids"	NA	NA	NA	"CL:4030036"	"early spermatid"	"perfect match"	"SN260"	NA	3
"TTTGTTGTCAAGGACG"	""	"ERX6700412"	"ERP132578"	"testis"	"Round_spermatids"	NA	NA	NA	"CL:4030036"	"early spermatid"	"perfect match"	"SN260"	NA	3
