"barcode"	"cluster"	"library"	"experiment"	"tissue"	"cell_type"	"anatId_a_posteriori"	"anatName_a_posteriori"	"anat_a_posteriori_annotationStatus"	"cellTypeId"	"cellTypeName"	"cellTypeAnnotationStatus"	"name_Library"	"comments"	"internal_cluster_id"
"AAACGGGAGAAGGCCT"	0	"SRX7869893"	"SRP251970"	"blood"	"PM1"	NA	NA	NA	"CL:0000394"	"plasmatocyte (Drosophila)"	"missing child term"	"B1"	NA	1
"AAACGGGAGAGCAATT"	0	"SRX7869893"	"SRP251970"	"blood"	"PM1"	NA	NA	NA	"CL:0000394"	"plasmatocyte (Drosophila)"	"missing child term"	"B1"	NA	1
"AAACGGGCATATACCG"	3	"SRX7869893"	"SRP251970"	"blood"	"LM1"	NA	NA	NA	"FBbt:00005248"	"prolamellocyte (Drosophila)"	"perfect match"	"B1"	NA	2
"AAAGATGAGGGCTCTC"	0	"SRX7869893"	"SRP251970"	"blood"	"PM1"	NA	NA	NA	"CL:0000394"	"plasmatocyte (Drosophila)"	"missing child term"	"B1"	NA	1
"AAAGATGGTGTCGCTG"	15	"SRX7869893"	"SRP251970"	"blood"	"CC1"	NA	NA	NA	"CL:0000395"	"procrystal cell"	"perfect match"	"B1"	NA	3
"AAATGCCAGGTGTTAA"	0	"SRX7869893"	"SRP251970"	"blood"	"PM1"	NA	NA	NA	"CL:0000394"	"plasmatocyte (Drosophila)"	"missing child term"	"B1"	NA	1
"AAATGCCCAAGCCTAT"	15	"SRX7869893"	"SRP251970"	"blood"	"CC1"	NA	NA	NA	"CL:0000395"	"procrystal cell"	"perfect match"	"B1"	NA	3
"AACCATGCACGAAAGC"	7	"SRX7869893"	"SRP251970"	"blood"	"CC2"	NA	NA	NA	"FBbt:00001690"	"embryonic/larval crystal cell (Drosophila)"	"perfect match"	"B1"	NA	4
"AACCGCGAGCGTTCCG"	0	"SRX7869893"	"SRP251970"	"blood"	"PM1"	NA	NA	NA	"CL:0000394"	"plasmatocyte (Drosophila)"	"missing child term"	"B1"	NA	1
"AACCGCGAGTTAAGTG"	0	"SRX7869893"	"SRP251970"	"blood"	"PM1"	NA	NA	NA	"CL:0000394"	"plasmatocyte (Drosophila)"	"missing child term"	"B1"	NA	1
"AACCGCGCAAGCCGCT"	8	"SRX7869893"	"SRP251970"	"blood"	"PM8"	NA	NA	NA	"CL:0000394"	"plasmatocyte (Drosophila)"	"missing child term"	"B1"	NA	5
"AACGTTGGTGAGGCTA"	11	"SRX7869893"	"SRP251970"	"blood"	"PM7"	NA	NA	NA	"CL:0000394"	"plasmatocyte (Drosophila)"	"missing child term"	"B1"	NA	6
"AACGTTGGTTTACTCT"	7	"SRX7869893"	"SRP251970"	"blood"	"CC2"	NA	NA	NA	"FBbt:00001690"	"embryonic/larval crystal cell (Drosophila)"	"perfect match"	"B1"	NA	4
"AACTCCCAGTCAAGCG"	4	"SRX7869893"	"SRP251970"	"blood"	"PM3"	NA	NA	NA	"CL:0000394"	"plasmatocyte (Drosophila)"	"missing child term"	"B1"	NA	7
"AACTCCCTCGAGGTAG"	0	"SRX7869893"	"SRP251970"	"blood"	"PM1"	NA	NA	NA	"CL:0000394"	"plasmatocyte (Drosophila)"	"missing child term"	"B1"	NA	1
"AACTCTTGTATTCGTG"	0	"SRX7869893"	"SRP251970"	"blood"	"PM1"	NA	NA	NA	"CL:0000394"	"plasmatocyte (Drosophila)"	"missing child term"	"B1"	NA	1
"AACTCTTTCTACTATC"	4	"SRX7869893"	"SRP251970"	"blood"	"PM3"	NA	NA	NA	"CL:0000394"	"plasmatocyte (Drosophila)"	"missing child term"	"B1"	NA	7
"AACTTTCAGCTGAAAT"	0	"SRX7869893"	"SRP251970"	"blood"	"PM1"	NA	NA	NA	"CL:0000394"	"plasmatocyte (Drosophila)"	"missing child term"	"B1"	NA	1
"AACTTTCAGGCAGTCA"	0	"SRX7869893"	"SRP251970"	"blood"	"PM1"	NA	NA	NA	"CL:0000394"	"plasmatocyte (Drosophila)"	"missing child term"	"B1"	NA	1
"AACTTTCAGTGCAAGC"	0	"SRX7869893"	"SRP251970"	"blood"	"PM1"	NA	NA	NA	"CL:0000394"	"plasmatocyte (Drosophila)"	"missing child term"	"B1"	NA	1
"AAGACCTTCGCATGAT"	0	"SRX7869893"	"SRP251970"	"blood"	"PM1"	NA	NA	NA	"CL:0000394"	"plasmatocyte (Drosophila)"	"missing child term"	"B1"	NA	1
"AAGGAGCCAGGACGTA"	0	"SRX7869893"	"SRP251970"	"blood"	"PM1"	NA	NA	NA	"CL:0000394"	"plasmatocyte (Drosophila)"	"missing child term"	"B1"	NA	1
"AAGGAGCCATGCAATC"	4	"SRX7869893"	"SRP251970"	"blood"	"PM3"	NA	NA	NA	"CL:0000394"	"plasmatocyte (Drosophila)"	"missing child term"	"B1"	NA	7
"AAGGAGCTCTCGCTTG"	9	"SRX7869893"	"SRP251970"	"blood"	"PM9"	NA	NA	NA	"CL:0000394"	"plasmatocyte (Drosophila)"	"missing child term"	"B1"	NA	8
"AAGGCAGCATACGCTA"	7	"SRX7869893"	"SRP251970"	"blood"	"CC2"	NA	NA	NA	"FBbt:00001690"	"embryonic/larval crystal cell (Drosophila)"	"perfect match"	"B1"	NA	4
"AAGGTTCAGCGCTCCA"	0	"SRX7869893"	"SRP251970"	"blood"	"PM1"	NA	NA	NA	"CL:0000394"	"plasmatocyte (Drosophila)"	"missing child term"	"B1"	NA	1
"AAGGTTCAGGCCCTTG"	3	"SRX7869893"	"SRP251970"	"blood"	"LM1"	NA	NA	NA	"FBbt:00005248"	"prolamellocyte (Drosophila)"	"perfect match"	"B1"	NA	2
"AAGGTTCAGTGAAGAG"	0	"SRX7869893"	"SRP251970"	"blood"	"PM1"	NA	NA	NA	"CL:0000394"	"plasmatocyte (Drosophila)"	"missing child term"	"B1"	NA	1
"AAGGTTCTCAGCGATT"	0	"SRX7869893"	"SRP251970"	"blood"	"PM1"	NA	NA	NA	"CL:0000394"	"plasmatocyte (Drosophila)"	"missing child term"	"B1"	NA	1
"AATCGGTGTCACTTCC"	0	"SRX7869893"	"SRP251970"	"blood"	"PM1"	NA	NA	NA	"CL:0000394"	"plasmatocyte (Drosophila)"	"missing child term"	"B1"	NA	1
"AATCGGTTCCCTGACT"	16	"SRX7869893"	"SRP251970"	"blood"	"PM11"	NA	NA	NA	"CL:0000394"	"plasmatocyte (Drosophila)"	"missing child term"	"B1"	NA	9
"ACACCAATCTCTGTCG"	0	"SRX7869893"	"SRP251970"	"blood"	"PM1"	NA	NA	NA	"CL:0000394"	"plasmatocyte (Drosophila)"	"missing child term"	"B1"	NA	1
"ACACCCTTCATGTAGC"	0	"SRX7869893"	"SRP251970"	"blood"	"PM1"	NA	NA	NA	"CL:0000394"	"plasmatocyte (Drosophila)"	"missing child term"	"B1"	NA	1
"ACACCGGAGATCACGG"	0	"SRX7869893"	"SRP251970"	"blood"	"PM1"	NA	NA	NA	"CL:0000394"	"plasmatocyte (Drosophila)"	"missing child term"	"B1"	NA	1
"ACACCGGAGGACACCA"	0	"SRX7869893"	"SRP251970"	"blood"	"PM1"	NA	NA	NA	"CL:0000394"	"plasmatocyte (Drosophila)"	"missing child term"	"B1"	NA	1
"ACACCGGCATATACGC"	7	"SRX7869893"	"SRP251970"	"blood"	"CC2"	NA	NA	NA	"FBbt:00001690"	"embryonic/larval crystal cell (Drosophila)"	"perfect match"	"B1"	NA	4
"ACACCGGGTAGATTAG"	0	"SRX7869893"	"SRP251970"	"blood"	"PM1"	NA	NA	NA	"CL:0000394"	"plasmatocyte (Drosophila)"	"missing child term"	"B1"	NA	1
"ACACCGGGTTGATTGC"	0	"SRX7869893"	"SRP251970"	"blood"	"PM1"	NA	NA	NA	"CL:0000394"	"plasmatocyte (Drosophila)"	"missing child term"	"B1"	NA	1
"ACACCGGTCGGTGTCG"	0	"SRX7869893"	"SRP251970"	"blood"	"PM1"	NA	NA	NA	"CL:0000394"	"plasmatocyte (Drosophila)"	"missing child term"	"B1"	NA	1
"ACACCGGTCTGTGCAA"	16	"SRX7869893"	"SRP251970"	"blood"	"PM11"	NA	NA	NA	"CL:0000394"	"plasmatocyte (Drosophila)"	"missing child term"	"B1"	NA	9
"ACACTGAGTAGATTAG"	0	"SRX7869893"	"SRP251970"	"blood"	"PM1"	NA	NA	NA	"CL:0000394"	"plasmatocyte (Drosophila)"	"missing child term"	"B1"	NA	1
"ACAGCTAAGTGAACAT"	4	"SRX7869893"	"SRP251970"	"blood"	"PM3"	NA	NA	NA	"CL:0000394"	"plasmatocyte (Drosophila)"	"missing child term"	"B1"	NA	7
"ACAGCTAGTCTGCGGT"	7	"SRX7869893"	"SRP251970"	"blood"	"CC2"	NA	NA	NA	"FBbt:00001690"	"embryonic/larval crystal cell (Drosophila)"	"perfect match"	"B1"	NA	4
"ACATACGCAATGTAAG"	0	"SRX7869893"	"SRP251970"	"blood"	"PM1"	NA	NA	NA	"CL:0000394"	"plasmatocyte (Drosophila)"	"missing child term"	"B1"	NA	1
"ACATACGCACCGAAAG"	7	"SRX7869893"	"SRP251970"	"blood"	"CC2"	NA	NA	NA	"FBbt:00001690"	"embryonic/larval crystal cell (Drosophila)"	"perfect match"	"B1"	NA	4
"ACATACGCATGCTAGT"	0	"SRX7869893"	"SRP251970"	"blood"	"PM1"	NA	NA	NA	"CL:0000394"	"plasmatocyte (Drosophila)"	"missing child term"	"B1"	NA	1
"ACATCAGGTCTTGATG"	0	"SRX7869893"	"SRP251970"	"blood"	"PM1"	NA	NA	NA	"CL:0000394"	"plasmatocyte (Drosophila)"	"missing child term"	"B1"	NA	1
"ACATCAGGTGTGCGTC"	4	"SRX7869893"	"SRP251970"	"blood"	"PM3"	NA	NA	NA	"CL:0000394"	"plasmatocyte (Drosophila)"	"missing child term"	"B1"	NA	7
"ACATGGTCAGGTCCAC"	0	"SRX7869893"	"SRP251970"	"blood"	"PM1"	NA	NA	NA	"CL:0000394"	"plasmatocyte (Drosophila)"	"missing child term"	"B1"	NA	1
"ACATGGTCATCGACGC"	0	"SRX7869893"	"SRP251970"	"blood"	"PM1"	NA	NA	NA	"CL:0000394"	"plasmatocyte (Drosophila)"	"missing child term"	"B1"	NA	1
"ACATGGTTCCTCGCAT"	7	"SRX7869893"	"SRP251970"	"blood"	"CC2"	NA	NA	NA	"FBbt:00001690"	"embryonic/larval crystal cell (Drosophila)"	"perfect match"	"B1"	NA	4
"ACCAGTAAGTGGCACA"	0	"SRX7869893"	"SRP251970"	"blood"	"PM1"	NA	NA	NA	"CL:0000394"	"plasmatocyte (Drosophila)"	"missing child term"	"B1"	NA	1
"ACCAGTACAGCGAACA"	0	"SRX7869893"	"SRP251970"	"blood"	"PM1"	NA	NA	NA	"CL:0000394"	"plasmatocyte (Drosophila)"	"missing child term"	"B1"	NA	1
"ACCCACTTCAATACCG"	0	"SRX7869893"	"SRP251970"	"blood"	"PM1"	NA	NA	NA	"CL:0000394"	"plasmatocyte (Drosophila)"	"missing child term"	"B1"	NA	1
"ACCCACTTCAGCATGT"	6	"SRX7869893"	"SRP251970"	"blood"	"PM5"	NA	NA	NA	"CL:0000394"	"plasmatocyte (Drosophila)"	"missing child term"	"B1"	NA	10
"ACCGTAATCATTGCCC"	0	"SRX7869893"	"SRP251970"	"blood"	"PM1"	NA	NA	NA	"CL:0000394"	"plasmatocyte (Drosophila)"	"missing child term"	"B1"	NA	1
"ACCGTAATCGCAAGCC"	0	"SRX7869893"	"SRP251970"	"blood"	"PM1"	NA	NA	NA	"CL:0000394"	"plasmatocyte (Drosophila)"	"missing child term"	"B1"	NA	1
"ACCTTTAAGCGCTCCA"	7	"SRX7869893"	"SRP251970"	"blood"	"CC2"	NA	NA	NA	"FBbt:00001690"	"embryonic/larval crystal cell (Drosophila)"	"perfect match"	"B1"	NA	4
"ACCTTTACAAGCCCAC"	4	"SRX7869893"	"SRP251970"	"blood"	"PM3"	NA	NA	NA	"CL:0000394"	"plasmatocyte (Drosophila)"	"missing child term"	"B1"	NA	7
"ACCTTTACAATGAATG"	0	"SRX7869893"	"SRP251970"	"blood"	"PM1"	NA	NA	NA	"CL:0000394"	"plasmatocyte (Drosophila)"	"missing child term"	"B1"	NA	1
"ACGATACAGAGTGAGA"	7	"SRX7869893"	"SRP251970"	"blood"	"CC2"	NA	NA	NA	"FBbt:00001690"	"embryonic/larval crystal cell (Drosophila)"	"perfect match"	"B1"	NA	4
"ACGATGTCATTGGTAC"	0	"SRX7869893"	"SRP251970"	"blood"	"PM1"	NA	NA	NA	"CL:0000394"	"plasmatocyte (Drosophila)"	"missing child term"	"B1"	NA	1
"ACGCAGCAGCCAGTTT"	2	"SRX7869893"	"SRP251970"	"blood"	"PM2"	NA	NA	NA	"CL:0000394"	"plasmatocyte (Drosophila)"	"missing child term"	"B1"	NA	11
"ACGCAGCAGTACGACG"	0	"SRX7869893"	"SRP251970"	"blood"	"PM1"	NA	NA	NA	"CL:0000394"	"plasmatocyte (Drosophila)"	"missing child term"	"B1"	NA	1
"ACGCAGCAGTTACGGG"	0	"SRX7869893"	"SRP251970"	"blood"	"PM1"	NA	NA	NA	"CL:0000394"	"plasmatocyte (Drosophila)"	"missing child term"	"B1"	NA	1
"ACGCAGCCATGCAACT"	0	"SRX7869893"	"SRP251970"	"blood"	"PM1"	NA	NA	NA	"CL:0000394"	"plasmatocyte (Drosophila)"	"missing child term"	"B1"	NA	1
"ACGCAGCGTACAGTTC"	0	"SRX7869893"	"SRP251970"	"blood"	"PM1"	NA	NA	NA	"CL:0000394"	"plasmatocyte (Drosophila)"	"missing child term"	"B1"	NA	1
"ACGCCAGTCCGCAGTG"	8	"SRX7869893"	"SRP251970"	"blood"	"PM8"	NA	NA	NA	"CL:0000394"	"plasmatocyte (Drosophila)"	"missing child term"	"B1"	NA	5
"ACGGAGAAGGGCTTCC"	0	"SRX7869893"	"SRP251970"	"blood"	"PM1"	NA	NA	NA	"CL:0000394"	"plasmatocyte (Drosophila)"	"missing child term"	"B1"	NA	1
"ACGGAGAGTAGGCTGA"	0	"SRX7869893"	"SRP251970"	"blood"	"PM1"	NA	NA	NA	"CL:0000394"	"plasmatocyte (Drosophila)"	"missing child term"	"B1"	NA	1
"ACGGCCAGTTGCTCCT"	0	"SRX7869893"	"SRP251970"	"blood"	"PM1"	NA	NA	NA	"CL:0000394"	"plasmatocyte (Drosophila)"	"missing child term"	"B1"	NA	1
"ACGGGCTAGATGCGAC"	8	"SRX7869893"	"SRP251970"	"blood"	"PM8"	NA	NA	NA	"CL:0000394"	"plasmatocyte (Drosophila)"	"missing child term"	"B1"	NA	5
"ACGGGCTCATCAGTCA"	0	"SRX7869893"	"SRP251970"	"blood"	"PM1"	NA	NA	NA	"CL:0000394"	"plasmatocyte (Drosophila)"	"missing child term"	"B1"	NA	1
"ACGGGTCAGCTAAGAT"	0	"SRX7869893"	"SRP251970"	"blood"	"PM1"	NA	NA	NA	"CL:0000394"	"plasmatocyte (Drosophila)"	"missing child term"	"B1"	NA	1
"ACGGGTCCACGCGAAA"	0	"SRX7869893"	"SRP251970"	"blood"	"PM1"	NA	NA	NA	"CL:0000394"	"plasmatocyte (Drosophila)"	"missing child term"	"B1"	NA	1
"ACGGGTCCATGGGAAC"	2	"SRX7869893"	"SRP251970"	"blood"	"PM2"	NA	NA	NA	"CL:0000394"	"plasmatocyte (Drosophila)"	"missing child term"	"B1"	NA	11
"ACGGGTCTCGATGAGG"	0	"SRX7869893"	"SRP251970"	"blood"	"PM1"	NA	NA	NA	"CL:0000394"	"plasmatocyte (Drosophila)"	"missing child term"	"B1"	NA	1
"ACTATCTAGAAGGTTT"	0	"SRX7869893"	"SRP251970"	"blood"	"PM1"	NA	NA	NA	"CL:0000394"	"plasmatocyte (Drosophila)"	"missing child term"	"B1"	NA	1
"ACTATCTGTTATCACG"	6	"SRX7869893"	"SRP251970"	"blood"	"PM5"	NA	NA	NA	"CL:0000394"	"plasmatocyte (Drosophila)"	"missing child term"	"B1"	NA	10
"ACTGAACAGCACACAG"	0	"SRX7869893"	"SRP251970"	"blood"	"PM1"	NA	NA	NA	"CL:0000394"	"plasmatocyte (Drosophila)"	"missing child term"	"B1"	NA	1
"ACTGAACCAAACGCGA"	0	"SRX7869893"	"SRP251970"	"blood"	"PM1"	NA	NA	NA	"CL:0000394"	"plasmatocyte (Drosophila)"	"missing child term"	"B1"	NA	1
"ACTGAGTAGGGTATCG"	8	"SRX7869893"	"SRP251970"	"blood"	"PM8"	NA	NA	NA	"CL:0000394"	"plasmatocyte (Drosophila)"	"missing child term"	"B1"	NA	5
"ACTGAGTTCATTATCC"	0	"SRX7869893"	"SRP251970"	"blood"	"PM1"	NA	NA	NA	"CL:0000394"	"plasmatocyte (Drosophila)"	"missing child term"	"B1"	NA	1
"ACTGATGAGTCAAGGC"	8	"SRX7869893"	"SRP251970"	"blood"	"PM8"	NA	NA	NA	"CL:0000394"	"plasmatocyte (Drosophila)"	"missing child term"	"B1"	NA	5
"ACTGCTCAGAATTGTG"	0	"SRX7869893"	"SRP251970"	"blood"	"PM1"	NA	NA	NA	"CL:0000394"	"plasmatocyte (Drosophila)"	"missing child term"	"B1"	NA	1
"ACTGCTCAGGATGCGT"	4	"SRX7869893"	"SRP251970"	"blood"	"PM3"	NA	NA	NA	"CL:0000394"	"plasmatocyte (Drosophila)"	"missing child term"	"B1"	NA	7
"ACTGCTCAGTAATCCC"	3	"SRX7869893"	"SRP251970"	"blood"	"LM1"	NA	NA	NA	"FBbt:00005248"	"prolamellocyte (Drosophila)"	"perfect match"	"B1"	NA	2
"ACTGTCCAGTCTCAAC"	0	"SRX7869893"	"SRP251970"	"blood"	"PM1"	NA	NA	NA	"CL:0000394"	"plasmatocyte (Drosophila)"	"missing child term"	"B1"	NA	1
"ACTGTCCGTATATGGA"	0	"SRX7869893"	"SRP251970"	"blood"	"PM1"	NA	NA	NA	"CL:0000394"	"plasmatocyte (Drosophila)"	"missing child term"	"B1"	NA	1
"ACTTACTAGTGCAAGC"	15	"SRX7869893"	"SRP251970"	"blood"	"CC1"	NA	NA	NA	"CL:0000395"	"procrystal cell"	"perfect match"	"B1"	NA	3
"ACTTGTTTCGCGATCG"	0	"SRX7869893"	"SRP251970"	"blood"	"PM1"	NA	NA	NA	"CL:0000394"	"plasmatocyte (Drosophila)"	"missing child term"	"B1"	NA	1
"ACTTTCAAGGCAATTA"	0	"SRX7869893"	"SRP251970"	"blood"	"PM1"	NA	NA	NA	"CL:0000394"	"plasmatocyte (Drosophila)"	"missing child term"	"B1"	NA	1
"AGAATAGAGGATGTAT"	0	"SRX7869893"	"SRP251970"	"blood"	"PM1"	NA	NA	NA	"CL:0000394"	"plasmatocyte (Drosophila)"	"missing child term"	"B1"	NA	1
"AGAATAGTCAAGGCTT"	0	"SRX7869893"	"SRP251970"	"blood"	"PM1"	NA	NA	NA	"CL:0000394"	"plasmatocyte (Drosophila)"	"missing child term"	"B1"	NA	1
"AGACGTTAGAGAACAG"	3	"SRX7869893"	"SRP251970"	"blood"	"LM1"	NA	NA	NA	"FBbt:00005248"	"prolamellocyte (Drosophila)"	"perfect match"	"B1"	NA	2
"AGACGTTCATACTACG"	2	"SRX7869893"	"SRP251970"	"blood"	"PM2"	NA	NA	NA	"CL:0000394"	"plasmatocyte (Drosophila)"	"missing child term"	"B1"	NA	11
"AGAGCGAGTTCAACCA"	0	"SRX7869893"	"SRP251970"	"blood"	"PM1"	NA	NA	NA	"CL:0000394"	"plasmatocyte (Drosophila)"	"missing child term"	"B1"	NA	1
"AGAGCGATCACCGTAA"	7	"SRX7869893"	"SRP251970"	"blood"	"CC2"	NA	NA	NA	"FBbt:00001690"	"embryonic/larval crystal cell (Drosophila)"	"perfect match"	"B1"	NA	4
"AGAGTGGCATTCGACA"	0	"SRX7869893"	"SRP251970"	"blood"	"PM1"	NA	NA	NA	"CL:0000394"	"plasmatocyte (Drosophila)"	"missing child term"	"B1"	NA	1
"AGAGTGGGTAAACACA"	0	"SRX7869893"	"SRP251970"	"blood"	"PM1"	NA	NA	NA	"CL:0000394"	"plasmatocyte (Drosophila)"	"missing child term"	"B1"	NA	1
"AGATTGCAGAGAGCTC"	9	"SRX7869893"	"SRP251970"	"blood"	"PM9"	NA	NA	NA	"CL:0000394"	"plasmatocyte (Drosophila)"	"missing child term"	"B1"	NA	8
"AGCAGCCCAGGTCGTC"	0	"SRX7869893"	"SRP251970"	"blood"	"PM1"	NA	NA	NA	"CL:0000394"	"plasmatocyte (Drosophila)"	"missing child term"	"B1"	NA	1
"AGCATACAGATACACA"	0	"SRX7869893"	"SRP251970"	"blood"	"PM1"	NA	NA	NA	"CL:0000394"	"plasmatocyte (Drosophila)"	"missing child term"	"B1"	NA	1
"AGCCTAACATCCGTGG"	0	"SRX7869893"	"SRP251970"	"blood"	"PM1"	NA	NA	NA	"CL:0000394"	"plasmatocyte (Drosophila)"	"missing child term"	"B1"	NA	1
"AGCCTAAGTCAACATC"	8	"SRX7869893"	"SRP251970"	"blood"	"PM8"	NA	NA	NA	"CL:0000394"	"plasmatocyte (Drosophila)"	"missing child term"	"B1"	NA	5
"AGCGGTCCACAGATTC"	0	"SRX7869893"	"SRP251970"	"blood"	"PM1"	NA	NA	NA	"CL:0000394"	"plasmatocyte (Drosophila)"	"missing child term"	"B1"	NA	1
"AGCGGTCCATCCGTGG"	0	"SRX7869893"	"SRP251970"	"blood"	"PM1"	NA	NA	NA	"CL:0000394"	"plasmatocyte (Drosophila)"	"missing child term"	"B1"	NA	1
"AGCGGTCCATGGTAGG"	3	"SRX7869893"	"SRP251970"	"blood"	"LM1"	NA	NA	NA	"FBbt:00005248"	"prolamellocyte (Drosophila)"	"perfect match"	"B1"	NA	2
"AGCGGTCTCCCAACGG"	0	"SRX7869893"	"SRP251970"	"blood"	"PM1"	NA	NA	NA	"CL:0000394"	"plasmatocyte (Drosophila)"	"missing child term"	"B1"	NA	1
"AGCGTCGCAGTAACGG"	0	"SRX7869893"	"SRP251970"	"blood"	"PM1"	NA	NA	NA	"CL:0000394"	"plasmatocyte (Drosophila)"	"missing child term"	"B1"	NA	1
"AGCGTCGGTTTCCACC"	7	"SRX7869893"	"SRP251970"	"blood"	"CC2"	NA	NA	NA	"FBbt:00001690"	"embryonic/larval crystal cell (Drosophila)"	"perfect match"	"B1"	NA	4
"AGCTCCTGTGCACGAA"	4	"SRX7869893"	"SRP251970"	"blood"	"PM3"	NA	NA	NA	"CL:0000394"	"plasmatocyte (Drosophila)"	"missing child term"	"B1"	NA	7
"AGCTCTCCAGGTCCAC"	0	"SRX7869893"	"SRP251970"	"blood"	"PM1"	NA	NA	NA	"CL:0000394"	"plasmatocyte (Drosophila)"	"missing child term"	"B1"	NA	1
"AGCTTGACAGGATTGG"	0	"SRX7869893"	"SRP251970"	"blood"	"PM1"	NA	NA	NA	"CL:0000394"	"plasmatocyte (Drosophila)"	"missing child term"	"B1"	NA	1
"AGCTTGACAGTAGAGC"	0	"SRX7869893"	"SRP251970"	"blood"	"PM1"	NA	NA	NA	"CL:0000394"	"plasmatocyte (Drosophila)"	"missing child term"	"B1"	NA	1
"AGCTTGACATTACGAC"	6	"SRX7869893"	"SRP251970"	"blood"	"PM5"	NA	NA	NA	"CL:0000394"	"plasmatocyte (Drosophila)"	"missing child term"	"B1"	NA	10
"AGGCCGTAGCGATTCT"	0	"SRX7869893"	"SRP251970"	"blood"	"PM1"	NA	NA	NA	"CL:0000394"	"plasmatocyte (Drosophila)"	"missing child term"	"B1"	NA	1
"AGGCCGTTCAGTGCAT"	4	"SRX7869893"	"SRP251970"	"blood"	"PM3"	NA	NA	NA	"CL:0000394"	"plasmatocyte (Drosophila)"	"missing child term"	"B1"	NA	7
"AGGGATGGTTCTGAAC"	0	"SRX7869893"	"SRP251970"	"blood"	"PM1"	NA	NA	NA	"CL:0000394"	"plasmatocyte (Drosophila)"	"missing child term"	"B1"	NA	1
"AGGGATGTCCACGAAT"	0	"SRX7869893"	"SRP251970"	"blood"	"PM1"	NA	NA	NA	"CL:0000394"	"plasmatocyte (Drosophila)"	"missing child term"	"B1"	NA	1
"AGGGTGAAGGCTAGAC"	4	"SRX7869893"	"SRP251970"	"blood"	"PM3"	NA	NA	NA	"CL:0000394"	"plasmatocyte (Drosophila)"	"missing child term"	"B1"	NA	7
"AGGGTGAGTACTCTCC"	13	"SRX7869893"	"SRP251970"	"blood"	"PM10"	NA	NA	NA	"CL:0000394"	"plasmatocyte (Drosophila)"	"missing child term"	"B1"	NA	12
"AGGGTGAGTTTGTTTC"	8	"SRX7869893"	"SRP251970"	"blood"	"PM8"	NA	NA	NA	"CL:0000394"	"plasmatocyte (Drosophila)"	"missing child term"	"B1"	NA	5
"AGGGTGATCTGGCGTG"	0	"SRX7869893"	"SRP251970"	"blood"	"PM1"	NA	NA	NA	"CL:0000394"	"plasmatocyte (Drosophila)"	"missing child term"	"B1"	NA	1
"AGGTCCGTCGTTTATC"	0	"SRX7869893"	"SRP251970"	"blood"	"PM1"	NA	NA	NA	"CL:0000394"	"plasmatocyte (Drosophila)"	"missing child term"	"B1"	NA	1
"AGTGAGGGTCGGATCC"	0	"SRX7869893"	"SRP251970"	"blood"	"PM1"	NA	NA	NA	"CL:0000394"	"plasmatocyte (Drosophila)"	"missing child term"	"B1"	NA	1
"AGTGAGGTCCTCCTAG"	0	"SRX7869893"	"SRP251970"	"blood"	"PM1"	NA	NA	NA	"CL:0000394"	"plasmatocyte (Drosophila)"	"missing child term"	"B1"	NA	1
"ATAACGCGTAAACCTC"	0	"SRX7869893"	"SRP251970"	"blood"	"PM1"	NA	NA	NA	"CL:0000394"	"plasmatocyte (Drosophila)"	"missing child term"	"B1"	NA	1
"ATAACGCTCAAACAAG"	4	"SRX7869893"	"SRP251970"	"blood"	"PM3"	NA	NA	NA	"CL:0000394"	"plasmatocyte (Drosophila)"	"missing child term"	"B1"	NA	7
"ATAACGCTCCTTGCCA"	7	"SRX7869893"	"SRP251970"	"blood"	"CC2"	NA	NA	NA	"FBbt:00001690"	"embryonic/larval crystal cell (Drosophila)"	"perfect match"	"B1"	NA	4
"ATAAGAGAGACGACGT"	8	"SRX7869893"	"SRP251970"	"blood"	"PM8"	NA	NA	NA	"CL:0000394"	"plasmatocyte (Drosophila)"	"missing child term"	"B1"	NA	5
"ATCACGAAGCCCTAAT"	3	"SRX7869893"	"SRP251970"	"blood"	"LM1"	NA	NA	NA	"FBbt:00005248"	"prolamellocyte (Drosophila)"	"perfect match"	"B1"	NA	2
"ATCACGACAGGCAGTA"	0	"SRX7869893"	"SRP251970"	"blood"	"PM1"	NA	NA	NA	"CL:0000394"	"plasmatocyte (Drosophila)"	"missing child term"	"B1"	NA	1
"ATCATCTAGGTGACCA"	0	"SRX7869893"	"SRP251970"	"blood"	"PM1"	NA	NA	NA	"CL:0000394"	"plasmatocyte (Drosophila)"	"missing child term"	"B1"	NA	1
"ATCATCTCATCCTTGC"	0	"SRX7869893"	"SRP251970"	"blood"	"PM1"	NA	NA	NA	"CL:0000394"	"plasmatocyte (Drosophila)"	"missing child term"	"B1"	NA	1
"ATCATCTTCCATGAAC"	0	"SRX7869893"	"SRP251970"	"blood"	"PM1"	NA	NA	NA	"CL:0000394"	"plasmatocyte (Drosophila)"	"missing child term"	"B1"	NA	1
"ATCATCTTCTTCAACT"	3	"SRX7869893"	"SRP251970"	"blood"	"LM1"	NA	NA	NA	"FBbt:00005248"	"prolamellocyte (Drosophila)"	"perfect match"	"B1"	NA	2
"ATCATGGCAGTATAAG"	7	"SRX7869893"	"SRP251970"	"blood"	"CC2"	NA	NA	NA	"FBbt:00001690"	"embryonic/larval crystal cell (Drosophila)"	"perfect match"	"B1"	NA	4
"ATCATGGGTTCCAACA"	9	"SRX7869893"	"SRP251970"	"blood"	"PM9"	NA	NA	NA	"CL:0000394"	"plasmatocyte (Drosophila)"	"missing child term"	"B1"	NA	8
"ATCATGGTCACAGTAC"	9	"SRX7869893"	"SRP251970"	"blood"	"PM9"	NA	NA	NA	"CL:0000394"	"plasmatocyte (Drosophila)"	"missing child term"	"B1"	NA	8
"ATCCACCAGAGTACCG"	0	"SRX7869893"	"SRP251970"	"blood"	"PM1"	NA	NA	NA	"CL:0000394"	"plasmatocyte (Drosophila)"	"missing child term"	"B1"	NA	1
"ATCCACCAGATGTTAG"	4	"SRX7869893"	"SRP251970"	"blood"	"PM3"	NA	NA	NA	"CL:0000394"	"plasmatocyte (Drosophila)"	"missing child term"	"B1"	NA	7
"ATCCACCGTTCCACGG"	0	"SRX7869893"	"SRP251970"	"blood"	"PM1"	NA	NA	NA	"CL:0000394"	"plasmatocyte (Drosophila)"	"missing child term"	"B1"	NA	1
"ATCCGAAGTTGTGGAG"	0	"SRX7869893"	"SRP251970"	"blood"	"PM1"	NA	NA	NA	"CL:0000394"	"plasmatocyte (Drosophila)"	"missing child term"	"B1"	NA	1
"ATCCGAATCAGCTTAG"	0	"SRX7869893"	"SRP251970"	"blood"	"PM1"	NA	NA	NA	"CL:0000394"	"plasmatocyte (Drosophila)"	"missing child term"	"B1"	NA	1
"ATCCGAATCTGTTTGT"	3	"SRX7869893"	"SRP251970"	"blood"	"LM1"	NA	NA	NA	"FBbt:00005248"	"prolamellocyte (Drosophila)"	"perfect match"	"B1"	NA	2
"ATCGAGTCAAGCCATT"	13	"SRX7869893"	"SRP251970"	"blood"	"PM10"	NA	NA	NA	"CL:0000394"	"plasmatocyte (Drosophila)"	"missing child term"	"B1"	NA	12
"ATCGAGTCAGCAGTTT"	3	"SRX7869893"	"SRP251970"	"blood"	"LM1"	NA	NA	NA	"FBbt:00005248"	"prolamellocyte (Drosophila)"	"perfect match"	"B1"	NA	2
"ATCTACTAGAGCTGGT"	7	"SRX7869893"	"SRP251970"	"blood"	"CC2"	NA	NA	NA	"FBbt:00001690"	"embryonic/larval crystal cell (Drosophila)"	"perfect match"	"B1"	NA	4
"ATCTACTGTCGACTAT"	7	"SRX7869893"	"SRP251970"	"blood"	"CC2"	NA	NA	NA	"FBbt:00001690"	"embryonic/larval crystal cell (Drosophila)"	"perfect match"	"B1"	NA	4
"ATCTGCCAGCGTGAGT"	0	"SRX7869893"	"SRP251970"	"blood"	"PM1"	NA	NA	NA	"CL:0000394"	"plasmatocyte (Drosophila)"	"missing child term"	"B1"	NA	1
"ATCTGCCGTCTTCGTC"	3	"SRX7869893"	"SRP251970"	"blood"	"LM1"	NA	NA	NA	"FBbt:00005248"	"prolamellocyte (Drosophila)"	"perfect match"	"B1"	NA	2
"ATGAGGGCAACTGCTA"	0	"SRX7869893"	"SRP251970"	"blood"	"PM1"	NA	NA	NA	"CL:0000394"	"plasmatocyte (Drosophila)"	"missing child term"	"B1"	NA	1
"ATGCGATAGTTAGCGG"	8	"SRX7869893"	"SRP251970"	"blood"	"PM8"	NA	NA	NA	"CL:0000394"	"plasmatocyte (Drosophila)"	"missing child term"	"B1"	NA	5
"ATGGGAGAGTAATCCC"	0	"SRX7869893"	"SRP251970"	"blood"	"PM1"	NA	NA	NA	"CL:0000394"	"plasmatocyte (Drosophila)"	"missing child term"	"B1"	NA	1
"ATGTGTGGTCACTTCC"	0	"SRX7869893"	"SRP251970"	"blood"	"PM1"	NA	NA	NA	"CL:0000394"	"plasmatocyte (Drosophila)"	"missing child term"	"B1"	NA	1
"ATTACTCGTAGCTTGT"	0	"SRX7869893"	"SRP251970"	"blood"	"PM1"	NA	NA	NA	"CL:0000394"	"plasmatocyte (Drosophila)"	"missing child term"	"B1"	NA	1
"ATTACTCTCCAGATCA"	0	"SRX7869893"	"SRP251970"	"blood"	"PM1"	NA	NA	NA	"CL:0000394"	"plasmatocyte (Drosophila)"	"missing child term"	"B1"	NA	1
"ATTATCCAGTTGCAGG"	0	"SRX7869893"	"SRP251970"	"blood"	"PM1"	NA	NA	NA	"CL:0000394"	"plasmatocyte (Drosophila)"	"missing child term"	"B1"	NA	1
"ATTATCCTCGATCCCT"	0	"SRX7869893"	"SRP251970"	"blood"	"PM1"	NA	NA	NA	"CL:0000394"	"plasmatocyte (Drosophila)"	"missing child term"	"B1"	NA	1
"ATTCTACCAAGTCATC"	0	"SRX7869893"	"SRP251970"	"blood"	"PM1"	NA	NA	NA	"CL:0000394"	"plasmatocyte (Drosophila)"	"missing child term"	"B1"	NA	1
"ATTCTACGTCACCTAA"	0	"SRX7869893"	"SRP251970"	"blood"	"PM1"	NA	NA	NA	"CL:0000394"	"plasmatocyte (Drosophila)"	"missing child term"	"B1"	NA	1
"ATTGGACGTGGAAAGA"	0	"SRX7869893"	"SRP251970"	"blood"	"PM1"	NA	NA	NA	"CL:0000394"	"plasmatocyte (Drosophila)"	"missing child term"	"B1"	NA	1
"ATTGGTGCATCCCATC"	0	"SRX7869893"	"SRP251970"	"blood"	"PM1"	NA	NA	NA	"CL:0000394"	"plasmatocyte (Drosophila)"	"missing child term"	"B1"	NA	1
"ATTTCTGAGGCGCTCT"	0	"SRX7869893"	"SRP251970"	"blood"	"PM1"	NA	NA	NA	"CL:0000394"	"plasmatocyte (Drosophila)"	"missing child term"	"B1"	NA	1
"CAACCAACAACTGGCC"	7	"SRX7869893"	"SRP251970"	"blood"	"CC2"	NA	NA	NA	"FBbt:00001690"	"embryonic/larval crystal cell (Drosophila)"	"perfect match"	"B1"	NA	4
"CAACCTCGTTAAAGAC"	3	"SRX7869893"	"SRP251970"	"blood"	"LM1"	NA	NA	NA	"FBbt:00005248"	"prolamellocyte (Drosophila)"	"perfect match"	"B1"	NA	2
"CAACCTCTCTGCGGCA"	0	"SRX7869893"	"SRP251970"	"blood"	"PM1"	NA	NA	NA	"CL:0000394"	"plasmatocyte (Drosophila)"	"missing child term"	"B1"	NA	1
"CAACTAGTCGATCCCT"	4	"SRX7869893"	"SRP251970"	"blood"	"PM3"	NA	NA	NA	"CL:0000394"	"plasmatocyte (Drosophila)"	"missing child term"	"B1"	NA	7
"CAACTAGTCGCATGAT"	0	"SRX7869893"	"SRP251970"	"blood"	"PM1"	NA	NA	NA	"CL:0000394"	"plasmatocyte (Drosophila)"	"missing child term"	"B1"	NA	1
"CAAGAAAAGCTGCGAA"	0	"SRX7869893"	"SRP251970"	"blood"	"PM1"	NA	NA	NA	"CL:0000394"	"plasmatocyte (Drosophila)"	"missing child term"	"B1"	NA	1
"CAAGAAAAGGACAGAA"	4	"SRX7869893"	"SRP251970"	"blood"	"PM3"	NA	NA	NA	"CL:0000394"	"plasmatocyte (Drosophila)"	"missing child term"	"B1"	NA	7
"CAAGATCAGATGGCGT"	0	"SRX7869893"	"SRP251970"	"blood"	"PM1"	NA	NA	NA	"CL:0000394"	"plasmatocyte (Drosophila)"	"missing child term"	"B1"	NA	1
"CAAGATCAGCCTCGTG"	7	"SRX7869893"	"SRP251970"	"blood"	"CC2"	NA	NA	NA	"FBbt:00001690"	"embryonic/larval crystal cell (Drosophila)"	"perfect match"	"B1"	NA	4
"CAAGATCAGTTTAGGA"	0	"SRX7869893"	"SRP251970"	"blood"	"PM1"	NA	NA	NA	"CL:0000394"	"plasmatocyte (Drosophila)"	"missing child term"	"B1"	NA	1
"CAAGATCCATGGAATA"	0	"SRX7869893"	"SRP251970"	"blood"	"PM1"	NA	NA	NA	"CL:0000394"	"plasmatocyte (Drosophila)"	"missing child term"	"B1"	NA	1
"CAAGATCGTTAAGACA"	0	"SRX7869893"	"SRP251970"	"blood"	"PM1"	NA	NA	NA	"CL:0000394"	"plasmatocyte (Drosophila)"	"missing child term"	"B1"	NA	1
"CAAGGCCGTAAGTAGT"	0	"SRX7869893"	"SRP251970"	"blood"	"PM1"	NA	NA	NA	"CL:0000394"	"plasmatocyte (Drosophila)"	"missing child term"	"B1"	NA	1
"CAAGGCCGTAGGCATG"	0	"SRX7869893"	"SRP251970"	"blood"	"PM1"	NA	NA	NA	"CL:0000394"	"plasmatocyte (Drosophila)"	"missing child term"	"B1"	NA	1
"CAAGTTGCAAGGCTCC"	4	"SRX7869893"	"SRP251970"	"blood"	"PM3"	NA	NA	NA	"CL:0000394"	"plasmatocyte (Drosophila)"	"missing child term"	"B1"	NA	7
"CAAGTTGCATGCATGT"	4	"SRX7869893"	"SRP251970"	"blood"	"PM3"	NA	NA	NA	"CL:0000394"	"plasmatocyte (Drosophila)"	"missing child term"	"B1"	NA	7
"CACACCTCATTAGGCT"	0	"SRX7869893"	"SRP251970"	"blood"	"PM1"	NA	NA	NA	"CL:0000394"	"plasmatocyte (Drosophila)"	"missing child term"	"B1"	NA	1
"CACACTCAGACAGACC"	4	"SRX7869893"	"SRP251970"	"blood"	"PM3"	NA	NA	NA	"CL:0000394"	"plasmatocyte (Drosophila)"	"missing child term"	"B1"	NA	7
"CACACTCCAAGTTCTG"	3	"SRX7869893"	"SRP251970"	"blood"	"LM1"	NA	NA	NA	"FBbt:00005248"	"prolamellocyte (Drosophila)"	"perfect match"	"B1"	NA	2
"CACAGGCGTTCCAACA"	0	"SRX7869893"	"SRP251970"	"blood"	"PM1"	NA	NA	NA	"CL:0000394"	"plasmatocyte (Drosophila)"	"missing child term"	"B1"	NA	1
"CACAGGCTCCATGAGT"	0	"SRX7869893"	"SRP251970"	"blood"	"PM1"	NA	NA	NA	"CL:0000394"	"plasmatocyte (Drosophila)"	"missing child term"	"B1"	NA	1
"CACAGTACATCTATGG"	0	"SRX7869893"	"SRP251970"	"blood"	"PM1"	NA	NA	NA	"CL:0000394"	"plasmatocyte (Drosophila)"	"missing child term"	"B1"	NA	1
"CACAGTACATGCGCAC"	0	"SRX7869893"	"SRP251970"	"blood"	"PM1"	NA	NA	NA	"CL:0000394"	"plasmatocyte (Drosophila)"	"missing child term"	"B1"	NA	1
"CACATAGAGCTAGTCT"	4	"SRX7869893"	"SRP251970"	"blood"	"PM3"	NA	NA	NA	"CL:0000394"	"plasmatocyte (Drosophila)"	"missing child term"	"B1"	NA	7
"CACATAGAGGAATGGA"	0	"SRX7869893"	"SRP251970"	"blood"	"PM1"	NA	NA	NA	"CL:0000394"	"plasmatocyte (Drosophila)"	"missing child term"	"B1"	NA	1
"CACATAGTCGCATGGC"	4	"SRX7869893"	"SRP251970"	"blood"	"PM3"	NA	NA	NA	"CL:0000394"	"plasmatocyte (Drosophila)"	"missing child term"	"B1"	NA	7
"CACATTTGTTTGACTG"	0	"SRX7869893"	"SRP251970"	"blood"	"PM1"	NA	NA	NA	"CL:0000394"	"plasmatocyte (Drosophila)"	"missing child term"	"B1"	NA	1
"CACATTTTCATGTAGC"	13	"SRX7869893"	"SRP251970"	"blood"	"PM10"	NA	NA	NA	"CL:0000394"	"plasmatocyte (Drosophila)"	"missing child term"	"B1"	NA	12
"CACCACTGTCCGTCAG"	3	"SRX7869893"	"SRP251970"	"blood"	"LM1"	NA	NA	NA	"FBbt:00005248"	"prolamellocyte (Drosophila)"	"perfect match"	"B1"	NA	2
"CACCACTTCGTCCAGG"	0	"SRX7869893"	"SRP251970"	"blood"	"PM1"	NA	NA	NA	"CL:0000394"	"plasmatocyte (Drosophila)"	"missing child term"	"B1"	NA	1
"CACCAGGTCCGCGCAA"	7	"SRX7869893"	"SRP251970"	"blood"	"CC2"	NA	NA	NA	"FBbt:00001690"	"embryonic/larval crystal cell (Drosophila)"	"perfect match"	"B1"	NA	4
"CACTCCACATCAGTCA"	0	"SRX7869893"	"SRP251970"	"blood"	"PM1"	NA	NA	NA	"CL:0000394"	"plasmatocyte (Drosophila)"	"missing child term"	"B1"	NA	1
"CACTCCAGTCTTCAAG"	0	"SRX7869893"	"SRP251970"	"blood"	"PM1"	NA	NA	NA	"CL:0000394"	"plasmatocyte (Drosophila)"	"missing child term"	"B1"	NA	1
"CAGAGAGTCCGCATAA"	0	"SRX7869893"	"SRP251970"	"blood"	"PM1"	NA	NA	NA	"CL:0000394"	"plasmatocyte (Drosophila)"	"missing child term"	"B1"	NA	1
"CAGATCACACCAGGCT"	0	"SRX7869893"	"SRP251970"	"blood"	"PM1"	NA	NA	NA	"CL:0000394"	"plasmatocyte (Drosophila)"	"missing child term"	"B1"	NA	1
"CAGATCAGTTACAGAA"	0	"SRX7869893"	"SRP251970"	"blood"	"PM1"	NA	NA	NA	"CL:0000394"	"plasmatocyte (Drosophila)"	"missing child term"	"B1"	NA	1
"CAGATCATCGCGTTTC"	0	"SRX7869893"	"SRP251970"	"blood"	"PM1"	NA	NA	NA	"CL:0000394"	"plasmatocyte (Drosophila)"	"missing child term"	"B1"	NA	1
"CAGCAGCAGTACTTGC"	0	"SRX7869893"	"SRP251970"	"blood"	"PM1"	NA	NA	NA	"CL:0000394"	"plasmatocyte (Drosophila)"	"missing child term"	"B1"	NA	1
"CAGCAGCGTATAAACG"	0	"SRX7869893"	"SRP251970"	"blood"	"PM1"	NA	NA	NA	"CL:0000394"	"plasmatocyte (Drosophila)"	"missing child term"	"B1"	NA	1
"CAGCATAAGATGAGAG"	3	"SRX7869893"	"SRP251970"	"blood"	"LM1"	NA	NA	NA	"FBbt:00005248"	"prolamellocyte (Drosophila)"	"perfect match"	"B1"	NA	2
"CAGCCGAAGCAACGGT"	0	"SRX7869893"	"SRP251970"	"blood"	"PM1"	NA	NA	NA	"CL:0000394"	"plasmatocyte (Drosophila)"	"missing child term"	"B1"	NA	1
"CAGCCGACAAGGCTCC"	0	"SRX7869893"	"SRP251970"	"blood"	"PM1"	NA	NA	NA	"CL:0000394"	"plasmatocyte (Drosophila)"	"missing child term"	"B1"	NA	1
"CAGCCGACATCAGTCA"	0	"SRX7869893"	"SRP251970"	"blood"	"PM1"	NA	NA	NA	"CL:0000394"	"plasmatocyte (Drosophila)"	"missing child term"	"B1"	NA	1
"CAGCCGAGTGCTGTAT"	0	"SRX7869893"	"SRP251970"	"blood"	"PM1"	NA	NA	NA	"CL:0000394"	"plasmatocyte (Drosophila)"	"missing child term"	"B1"	NA	1
"CAGCCGATCAGTTTGG"	0	"SRX7869893"	"SRP251970"	"blood"	"PM1"	NA	NA	NA	"CL:0000394"	"plasmatocyte (Drosophila)"	"missing child term"	"B1"	NA	1
"CAGCCGATCTTGTATC"	0	"SRX7869893"	"SRP251970"	"blood"	"PM1"	NA	NA	NA	"CL:0000394"	"plasmatocyte (Drosophila)"	"missing child term"	"B1"	NA	1
"CAGCGACAGAGTCGGT"	0	"SRX7869893"	"SRP251970"	"blood"	"PM1"	NA	NA	NA	"CL:0000394"	"plasmatocyte (Drosophila)"	"missing child term"	"B1"	NA	1
"CAGCGACGTCGGATCC"	0	"SRX7869893"	"SRP251970"	"blood"	"PM1"	NA	NA	NA	"CL:0000394"	"plasmatocyte (Drosophila)"	"missing child term"	"B1"	NA	1
"CAGCTGGAGATGTGTA"	0	"SRX7869893"	"SRP251970"	"blood"	"PM1"	NA	NA	NA	"CL:0000394"	"plasmatocyte (Drosophila)"	"missing child term"	"B1"	NA	1
"CAGCTGGCAAATTGCC"	7	"SRX7869893"	"SRP251970"	"blood"	"CC2"	NA	NA	NA	"FBbt:00001690"	"embryonic/larval crystal cell (Drosophila)"	"perfect match"	"B1"	NA	4
"CAGGTGCCACCCTATC"	0	"SRX7869893"	"SRP251970"	"blood"	"PM1"	NA	NA	NA	"CL:0000394"	"plasmatocyte (Drosophila)"	"missing child term"	"B1"	NA	1
"CAGGTGCTCGTTGCCT"	0	"SRX7869893"	"SRP251970"	"blood"	"PM1"	NA	NA	NA	"CL:0000394"	"plasmatocyte (Drosophila)"	"missing child term"	"B1"	NA	1
"CAGTAACCACCGTTGG"	0	"SRX7869893"	"SRP251970"	"blood"	"PM1"	NA	NA	NA	"CL:0000394"	"plasmatocyte (Drosophila)"	"missing child term"	"B1"	NA	1
"CAGTAACTCACAACGT"	2	"SRX7869893"	"SRP251970"	"blood"	"PM2"	NA	NA	NA	"CL:0000394"	"plasmatocyte (Drosophila)"	"missing child term"	"B1"	NA	11
"CAGTCCTAGCGACGTA"	0	"SRX7869893"	"SRP251970"	"blood"	"PM1"	NA	NA	NA	"CL:0000394"	"plasmatocyte (Drosophila)"	"missing child term"	"B1"	NA	1
"CAGTCCTCAATGGACG"	0	"SRX7869893"	"SRP251970"	"blood"	"PM1"	NA	NA	NA	"CL:0000394"	"plasmatocyte (Drosophila)"	"missing child term"	"B1"	NA	1
"CATCAAGCATATACCG"	4	"SRX7869893"	"SRP251970"	"blood"	"PM3"	NA	NA	NA	"CL:0000394"	"plasmatocyte (Drosophila)"	"missing child term"	"B1"	NA	7
"CATCAAGGTCGTCTTC"	7	"SRX7869893"	"SRP251970"	"blood"	"CC2"	NA	NA	NA	"FBbt:00001690"	"embryonic/larval crystal cell (Drosophila)"	"perfect match"	"B1"	NA	4
"CATCAAGTCACAAACC"	0	"SRX7869893"	"SRP251970"	"blood"	"PM1"	NA	NA	NA	"CL:0000394"	"plasmatocyte (Drosophila)"	"missing child term"	"B1"	NA	1
"CATCAGAAGGATTCGG"	0	"SRX7869893"	"SRP251970"	"blood"	"PM1"	NA	NA	NA	"CL:0000394"	"plasmatocyte (Drosophila)"	"missing child term"	"B1"	NA	1
"CATCAGACATTGAGCT"	3	"SRX7869893"	"SRP251970"	"blood"	"LM1"	NA	NA	NA	"FBbt:00005248"	"prolamellocyte (Drosophila)"	"perfect match"	"B1"	NA	2
"CATCCACCAACTTGAC"	6	"SRX7869893"	"SRP251970"	"blood"	"PM5"	NA	NA	NA	"CL:0000394"	"plasmatocyte (Drosophila)"	"missing child term"	"B1"	NA	10
"CATCCACCAGACGCTC"	0	"SRX7869893"	"SRP251970"	"blood"	"PM1"	NA	NA	NA	"CL:0000394"	"plasmatocyte (Drosophila)"	"missing child term"	"B1"	NA	1
"CATCCACTCAGGCGAA"	9	"SRX7869893"	"SRP251970"	"blood"	"PM9"	NA	NA	NA	"CL:0000394"	"plasmatocyte (Drosophila)"	"missing child term"	"B1"	NA	8
"CATCCACTCCTACAGA"	8	"SRX7869893"	"SRP251970"	"blood"	"PM8"	NA	NA	NA	"CL:0000394"	"plasmatocyte (Drosophila)"	"missing child term"	"B1"	NA	5
"CATCGAAAGGGTGTTG"	0	"SRX7869893"	"SRP251970"	"blood"	"PM1"	NA	NA	NA	"CL:0000394"	"plasmatocyte (Drosophila)"	"missing child term"	"B1"	NA	1
"CATCGAATCCGATATG"	0	"SRX7869893"	"SRP251970"	"blood"	"PM1"	NA	NA	NA	"CL:0000394"	"plasmatocyte (Drosophila)"	"missing child term"	"B1"	NA	1
"CATCGGGGTTGATTGC"	0	"SRX7869893"	"SRP251970"	"blood"	"PM1"	NA	NA	NA	"CL:0000394"	"plasmatocyte (Drosophila)"	"missing child term"	"B1"	NA	1
"CATGGCGAGGAGCGAG"	0	"SRX7869893"	"SRP251970"	"blood"	"PM1"	NA	NA	NA	"CL:0000394"	"plasmatocyte (Drosophila)"	"missing child term"	"B1"	NA	1
"CATGGCGAGGCAATTA"	8	"SRX7869893"	"SRP251970"	"blood"	"PM8"	NA	NA	NA	"CL:0000394"	"plasmatocyte (Drosophila)"	"missing child term"	"B1"	NA	5
"CATGGCGCACTGAAGG"	13	"SRX7869893"	"SRP251970"	"blood"	"PM10"	NA	NA	NA	"CL:0000394"	"plasmatocyte (Drosophila)"	"missing child term"	"B1"	NA	12
"CATGGCGGTAAGTTCC"	0	"SRX7869893"	"SRP251970"	"blood"	"PM1"	NA	NA	NA	"CL:0000394"	"plasmatocyte (Drosophila)"	"missing child term"	"B1"	NA	1
"CATGGCGTCAAGGTAA"	0	"SRX7869893"	"SRP251970"	"blood"	"PM1"	NA	NA	NA	"CL:0000394"	"plasmatocyte (Drosophila)"	"missing child term"	"B1"	NA	1
"CATTATCAGTGGTCCC"	0	"SRX7869893"	"SRP251970"	"blood"	"PM1"	NA	NA	NA	"CL:0000394"	"plasmatocyte (Drosophila)"	"missing child term"	"B1"	NA	1
"CATTCGCGTATGCTTG"	0	"SRX7869893"	"SRP251970"	"blood"	"PM1"	NA	NA	NA	"CL:0000394"	"plasmatocyte (Drosophila)"	"missing child term"	"B1"	NA	1
"CATTCGCGTCATGCAT"	9	"SRX7869893"	"SRP251970"	"blood"	"PM9"	NA	NA	NA	"CL:0000394"	"plasmatocyte (Drosophila)"	"missing child term"	"B1"	NA	8
"CATTCGCTCAGGTAAA"	0	"SRX7869893"	"SRP251970"	"blood"	"PM1"	NA	NA	NA	"CL:0000394"	"plasmatocyte (Drosophila)"	"missing child term"	"B1"	NA	1
"CCAATCCAGGTGATTA"	3	"SRX7869893"	"SRP251970"	"blood"	"LM1"	NA	NA	NA	"FBbt:00005248"	"prolamellocyte (Drosophila)"	"perfect match"	"B1"	NA	2
"CCAATCCCAATGGAAT"	0	"SRX7869893"	"SRP251970"	"blood"	"PM1"	NA	NA	NA	"CL:0000394"	"plasmatocyte (Drosophila)"	"missing child term"	"B1"	NA	1
"CCACCTAAGGAGCGTT"	0	"SRX7869893"	"SRP251970"	"blood"	"PM1"	NA	NA	NA	"CL:0000394"	"plasmatocyte (Drosophila)"	"missing child term"	"B1"	NA	1
"CCACCTACAACAACCT"	7	"SRX7869893"	"SRP251970"	"blood"	"CC2"	NA	NA	NA	"FBbt:00001690"	"embryonic/larval crystal cell (Drosophila)"	"perfect match"	"B1"	NA	4
"CCACCTAGTAAATGTG"	0	"SRX7869893"	"SRP251970"	"blood"	"PM1"	NA	NA	NA	"CL:0000394"	"plasmatocyte (Drosophila)"	"missing child term"	"B1"	NA	1
"CCACCTATCACGATGT"	2	"SRX7869893"	"SRP251970"	"blood"	"PM2"	NA	NA	NA	"CL:0000394"	"plasmatocyte (Drosophila)"	"missing child term"	"B1"	NA	11
"CCACTACAGAGTTGGC"	0	"SRX7869893"	"SRP251970"	"blood"	"PM1"	NA	NA	NA	"CL:0000394"	"plasmatocyte (Drosophila)"	"missing child term"	"B1"	NA	1
"CCACTACAGTAGCCGA"	4	"SRX7869893"	"SRP251970"	"blood"	"PM3"	NA	NA	NA	"CL:0000394"	"plasmatocyte (Drosophila)"	"missing child term"	"B1"	NA	7
"CCATGTCAGTCGATAA"	4	"SRX7869893"	"SRP251970"	"blood"	"PM3"	NA	NA	NA	"CL:0000394"	"plasmatocyte (Drosophila)"	"missing child term"	"B1"	NA	7
"CCATGTCCAGTCGTGC"	0	"SRX7869893"	"SRP251970"	"blood"	"PM1"	NA	NA	NA	"CL:0000394"	"plasmatocyte (Drosophila)"	"missing child term"	"B1"	NA	1
"CCATTCGTCAAGGTAA"	0	"SRX7869893"	"SRP251970"	"blood"	"PM1"	NA	NA	NA	"CL:0000394"	"plasmatocyte (Drosophila)"	"missing child term"	"B1"	NA	1
"CCCAATCAGTGTTTGC"	4	"SRX7869893"	"SRP251970"	"blood"	"PM3"	NA	NA	NA	"CL:0000394"	"plasmatocyte (Drosophila)"	"missing child term"	"B1"	NA	7
"CCCAATCGTTTGGCGC"	7	"SRX7869893"	"SRP251970"	"blood"	"CC2"	NA	NA	NA	"FBbt:00001690"	"embryonic/larval crystal cell (Drosophila)"	"perfect match"	"B1"	NA	4
"CCCAATCTCTCCAGGG"	0	"SRX7869893"	"SRP251970"	"blood"	"PM1"	NA	NA	NA	"CL:0000394"	"plasmatocyte (Drosophila)"	"missing child term"	"B1"	NA	1
"CCCAGTTAGTCAAGGC"	0	"SRX7869893"	"SRP251970"	"blood"	"PM1"	NA	NA	NA	"CL:0000394"	"plasmatocyte (Drosophila)"	"missing child term"	"B1"	NA	1
"CCCAGTTGTGTAACGG"	0	"SRX7869893"	"SRP251970"	"blood"	"PM1"	NA	NA	NA	"CL:0000394"	"plasmatocyte (Drosophila)"	"missing child term"	"B1"	NA	1
"CCCAGTTTCCCAAGAT"	0	"SRX7869893"	"SRP251970"	"blood"	"PM1"	NA	NA	NA	"CL:0000394"	"plasmatocyte (Drosophila)"	"missing child term"	"B1"	NA	1
"CCCATACCAAGCGCTC"	0	"SRX7869893"	"SRP251970"	"blood"	"PM1"	NA	NA	NA	"CL:0000394"	"plasmatocyte (Drosophila)"	"missing child term"	"B1"	NA	1
"CCCTCCTAGACAAAGG"	0	"SRX7869893"	"SRP251970"	"blood"	"PM1"	NA	NA	NA	"CL:0000394"	"plasmatocyte (Drosophila)"	"missing child term"	"B1"	NA	1
"CCCTCCTAGGAGTTGC"	0	"SRX7869893"	"SRP251970"	"blood"	"PM1"	NA	NA	NA	"CL:0000394"	"plasmatocyte (Drosophila)"	"missing child term"	"B1"	NA	1
"CCGGTAGAGTGCGATG"	4	"SRX7869893"	"SRP251970"	"blood"	"PM3"	NA	NA	NA	"CL:0000394"	"plasmatocyte (Drosophila)"	"missing child term"	"B1"	NA	7
"CCGGTAGCACACATGT"	0	"SRX7869893"	"SRP251970"	"blood"	"PM1"	NA	NA	NA	"CL:0000394"	"plasmatocyte (Drosophila)"	"missing child term"	"B1"	NA	1
"CCGGTAGGTCCAACTA"	0	"SRX7869893"	"SRP251970"	"blood"	"PM1"	NA	NA	NA	"CL:0000394"	"plasmatocyte (Drosophila)"	"missing child term"	"B1"	NA	1
"CCGTGGACAATGTTGC"	15	"SRX7869893"	"SRP251970"	"blood"	"CC1"	NA	NA	NA	"CL:0000395"	"procrystal cell"	"perfect match"	"B1"	NA	3
"CCGTTCATCCAAATGC"	2	"SRX7869893"	"SRP251970"	"blood"	"PM2"	NA	NA	NA	"CL:0000394"	"plasmatocyte (Drosophila)"	"missing child term"	"B1"	NA	11
"CCTAAAGAGGACAGAA"	0	"SRX7869893"	"SRP251970"	"blood"	"PM1"	NA	NA	NA	"CL:0000394"	"plasmatocyte (Drosophila)"	"missing child term"	"B1"	NA	1
"CCTAAAGGTAAACCTC"	0	"SRX7869893"	"SRP251970"	"blood"	"PM1"	NA	NA	NA	"CL:0000394"	"plasmatocyte (Drosophila)"	"missing child term"	"B1"	NA	1
"CCTAAAGTCTTGCCGT"	3	"SRX7869893"	"SRP251970"	"blood"	"LM1"	NA	NA	NA	"FBbt:00005248"	"prolamellocyte (Drosophila)"	"perfect match"	"B1"	NA	2
"CCTACACTCGGAGCAA"	0	"SRX7869893"	"SRP251970"	"blood"	"PM1"	NA	NA	NA	"CL:0000394"	"plasmatocyte (Drosophila)"	"missing child term"	"B1"	NA	1
"CCTACCAAGACCTTTG"	3	"SRX7869893"	"SRP251970"	"blood"	"LM1"	NA	NA	NA	"FBbt:00005248"	"prolamellocyte (Drosophila)"	"perfect match"	"B1"	NA	2
"CCTACCAAGGCTAGCA"	4	"SRX7869893"	"SRP251970"	"blood"	"PM3"	NA	NA	NA	"CL:0000394"	"plasmatocyte (Drosophila)"	"missing child term"	"B1"	NA	7
"CCTACCACAAACTGCT"	0	"SRX7869893"	"SRP251970"	"blood"	"PM1"	NA	NA	NA	"CL:0000394"	"plasmatocyte (Drosophila)"	"missing child term"	"B1"	NA	1
"CCTACCACACATCCAA"	3	"SRX7869893"	"SRP251970"	"blood"	"LM1"	NA	NA	NA	"FBbt:00005248"	"prolamellocyte (Drosophila)"	"perfect match"	"B1"	NA	2
"CCTACCATCTGAGGGA"	0	"SRX7869893"	"SRP251970"	"blood"	"PM1"	NA	NA	NA	"CL:0000394"	"plasmatocyte (Drosophila)"	"missing child term"	"B1"	NA	1
"CCTAGCTCACTAGTAC"	0	"SRX7869893"	"SRP251970"	"blood"	"PM1"	NA	NA	NA	"CL:0000394"	"plasmatocyte (Drosophila)"	"missing child term"	"B1"	NA	1
"CCTAGCTCATCCAACA"	3	"SRX7869893"	"SRP251970"	"blood"	"LM1"	NA	NA	NA	"FBbt:00005248"	"prolamellocyte (Drosophila)"	"perfect match"	"B1"	NA	2
"CCTCAGTCACATTCGA"	0	"SRX7869893"	"SRP251970"	"blood"	"PM1"	NA	NA	NA	"CL:0000394"	"plasmatocyte (Drosophila)"	"missing child term"	"B1"	NA	1
"CCTCAGTCAGCTGTTA"	15	"SRX7869893"	"SRP251970"	"blood"	"CC1"	NA	NA	NA	"CL:0000395"	"procrystal cell"	"perfect match"	"B1"	NA	3
"CCTCTGACACAGGCCT"	0	"SRX7869893"	"SRP251970"	"blood"	"PM1"	NA	NA	NA	"CL:0000394"	"plasmatocyte (Drosophila)"	"missing child term"	"B1"	NA	1
"CCTCTGAGTAATCGTC"	7	"SRX7869893"	"SRP251970"	"blood"	"CC2"	NA	NA	NA	"FBbt:00001690"	"embryonic/larval crystal cell (Drosophila)"	"perfect match"	"B1"	NA	4
"CCTTCCCAGTGTTAGA"	0	"SRX7869893"	"SRP251970"	"blood"	"PM1"	NA	NA	NA	"CL:0000394"	"plasmatocyte (Drosophila)"	"missing child term"	"B1"	NA	1
"CCTTCCCAGTTAACGA"	0	"SRX7869893"	"SRP251970"	"blood"	"PM1"	NA	NA	NA	"CL:0000394"	"plasmatocyte (Drosophila)"	"missing child term"	"B1"	NA	1
"CCTTCCCGTATATCCG"	3	"SRX7869893"	"SRP251970"	"blood"	"LM1"	NA	NA	NA	"FBbt:00005248"	"prolamellocyte (Drosophila)"	"perfect match"	"B1"	NA	2
"CCTTCCCTCAAACAAG"	3	"SRX7869893"	"SRP251970"	"blood"	"LM1"	NA	NA	NA	"FBbt:00005248"	"prolamellocyte (Drosophila)"	"perfect match"	"B1"	NA	2
"CCTTCGACAGATTGCT"	0	"SRX7869893"	"SRP251970"	"blood"	"PM1"	NA	NA	NA	"CL:0000394"	"plasmatocyte (Drosophila)"	"missing child term"	"B1"	NA	1
"CCTTCGAGTTCGTTGA"	4	"SRX7869893"	"SRP251970"	"blood"	"PM3"	NA	NA	NA	"CL:0000394"	"plasmatocyte (Drosophila)"	"missing child term"	"B1"	NA	7
"CCTTTCTCACTCAGGC"	3	"SRX7869893"	"SRP251970"	"blood"	"LM1"	NA	NA	NA	"FBbt:00005248"	"prolamellocyte (Drosophila)"	"perfect match"	"B1"	NA	2
"CCTTTCTCAGACGCTC"	0	"SRX7869893"	"SRP251970"	"blood"	"PM1"	NA	NA	NA	"CL:0000394"	"plasmatocyte (Drosophila)"	"missing child term"	"B1"	NA	1
"CGAACATAGCTTTGGT"	0	"SRX7869893"	"SRP251970"	"blood"	"PM1"	NA	NA	NA	"CL:0000394"	"plasmatocyte (Drosophila)"	"missing child term"	"B1"	NA	1
"CGAACATCACAGCCCA"	0	"SRX7869893"	"SRP251970"	"blood"	"PM1"	NA	NA	NA	"CL:0000394"	"plasmatocyte (Drosophila)"	"missing child term"	"B1"	NA	1
"CGAACATTCAAGGCTT"	0	"SRX7869893"	"SRP251970"	"blood"	"PM1"	NA	NA	NA	"CL:0000394"	"plasmatocyte (Drosophila)"	"missing child term"	"B1"	NA	1
"CGAATGTCAGCCAATT"	0	"SRX7869893"	"SRP251970"	"blood"	"PM1"	NA	NA	NA	"CL:0000394"	"plasmatocyte (Drosophila)"	"missing child term"	"B1"	NA	1
"CGAATGTGTGCAACTT"	0	"SRX7869893"	"SRP251970"	"blood"	"PM1"	NA	NA	NA	"CL:0000394"	"plasmatocyte (Drosophila)"	"missing child term"	"B1"	NA	1
"CGACCTTTCACCTCGT"	0	"SRX7869893"	"SRP251970"	"blood"	"PM1"	NA	NA	NA	"CL:0000394"	"plasmatocyte (Drosophila)"	"missing child term"	"B1"	NA	1
"CGACTTCAGATGAGAG"	0	"SRX7869893"	"SRP251970"	"blood"	"PM1"	NA	NA	NA	"CL:0000394"	"plasmatocyte (Drosophila)"	"missing child term"	"B1"	NA	1
"CGAGAAGAGTGTCCAT"	0	"SRX7869893"	"SRP251970"	"blood"	"PM1"	NA	NA	NA	"CL:0000394"	"plasmatocyte (Drosophila)"	"missing child term"	"B1"	NA	1
"CGAGCACCAAATCCGT"	7	"SRX7869893"	"SRP251970"	"blood"	"CC2"	NA	NA	NA	"FBbt:00001690"	"embryonic/larval crystal cell (Drosophila)"	"perfect match"	"B1"	NA	4
"CGAGCACCAATCTGCA"	0	"SRX7869893"	"SRP251970"	"blood"	"PM1"	NA	NA	NA	"CL:0000394"	"plasmatocyte (Drosophila)"	"missing child term"	"B1"	NA	1
"CGAGCACCATCCCACT"	0	"SRX7869893"	"SRP251970"	"blood"	"PM1"	NA	NA	NA	"CL:0000394"	"plasmatocyte (Drosophila)"	"missing child term"	"B1"	NA	1
"CGAGCACGTCATATGC"	0	"SRX7869893"	"SRP251970"	"blood"	"PM1"	NA	NA	NA	"CL:0000394"	"plasmatocyte (Drosophila)"	"missing child term"	"B1"	NA	1
"CGAGCACTCTGCGGCA"	0	"SRX7869893"	"SRP251970"	"blood"	"PM1"	NA	NA	NA	"CL:0000394"	"plasmatocyte (Drosophila)"	"missing child term"	"B1"	NA	1
"CGATCGGAGCTGTTCA"	2	"SRX7869893"	"SRP251970"	"blood"	"PM2"	NA	NA	NA	"CL:0000394"	"plasmatocyte (Drosophila)"	"missing child term"	"B1"	NA	11
"CGATCGGAGGCTCATT"	0	"SRX7869893"	"SRP251970"	"blood"	"PM1"	NA	NA	NA	"CL:0000394"	"plasmatocyte (Drosophila)"	"missing child term"	"B1"	NA	1
"CGATCGGCACCTTGTC"	0	"SRX7869893"	"SRP251970"	"blood"	"PM1"	NA	NA	NA	"CL:0000394"	"plasmatocyte (Drosophila)"	"missing child term"	"B1"	NA	1
"CGATGGCCAAGGGTCA"	3	"SRX7869893"	"SRP251970"	"blood"	"LM1"	NA	NA	NA	"FBbt:00005248"	"prolamellocyte (Drosophila)"	"perfect match"	"B1"	NA	2
"CGATGGCGTAAATGTG"	4	"SRX7869893"	"SRP251970"	"blood"	"PM3"	NA	NA	NA	"CL:0000394"	"plasmatocyte (Drosophila)"	"missing child term"	"B1"	NA	7
"CGATGGCTCTCAACTT"	0	"SRX7869893"	"SRP251970"	"blood"	"PM1"	NA	NA	NA	"CL:0000394"	"plasmatocyte (Drosophila)"	"missing child term"	"B1"	NA	1
"CGATGTAAGGACACCA"	0	"SRX7869893"	"SRP251970"	"blood"	"PM1"	NA	NA	NA	"CL:0000394"	"plasmatocyte (Drosophila)"	"missing child term"	"B1"	NA	1
"CGATTGAAGAAGGACA"	0	"SRX7869893"	"SRP251970"	"blood"	"PM1"	NA	NA	NA	"CL:0000394"	"plasmatocyte (Drosophila)"	"missing child term"	"B1"	NA	1
"CGATTGACAAGACACG"	9	"SRX7869893"	"SRP251970"	"blood"	"PM9"	NA	NA	NA	"CL:0000394"	"plasmatocyte (Drosophila)"	"missing child term"	"B1"	NA	8
"CGCCAAGAGTGGTAGC"	0	"SRX7869893"	"SRP251970"	"blood"	"PM1"	NA	NA	NA	"CL:0000394"	"plasmatocyte (Drosophila)"	"missing child term"	"B1"	NA	1
"CGCCAAGGTACATCCA"	7	"SRX7869893"	"SRP251970"	"blood"	"CC2"	NA	NA	NA	"FBbt:00001690"	"embryonic/larval crystal cell (Drosophila)"	"perfect match"	"B1"	NA	4
"CGCCAAGGTGATGTGG"	0	"SRX7869893"	"SRP251970"	"blood"	"PM1"	NA	NA	NA	"CL:0000394"	"plasmatocyte (Drosophila)"	"missing child term"	"B1"	NA	1
"CGCGGTAAGAACTGTA"	0	"SRX7869893"	"SRP251970"	"blood"	"PM1"	NA	NA	NA	"CL:0000394"	"plasmatocyte (Drosophila)"	"missing child term"	"B1"	NA	1
"CGCGGTACAGTCAGCC"	0	"SRX7869893"	"SRP251970"	"blood"	"PM1"	NA	NA	NA	"CL:0000394"	"plasmatocyte (Drosophila)"	"missing child term"	"B1"	NA	1
"CGCGGTAGTCTGATTG"	7	"SRX7869893"	"SRP251970"	"blood"	"CC2"	NA	NA	NA	"FBbt:00001690"	"embryonic/larval crystal cell (Drosophila)"	"perfect match"	"B1"	NA	4
"CGCTGGATCCTCAACC"	0	"SRX7869893"	"SRP251970"	"blood"	"PM1"	NA	NA	NA	"CL:0000394"	"plasmatocyte (Drosophila)"	"missing child term"	"B1"	NA	1
"CGCTTCAAGAAAGTGG"	7	"SRX7869893"	"SRP251970"	"blood"	"CC2"	NA	NA	NA	"FBbt:00001690"	"embryonic/larval crystal cell (Drosophila)"	"perfect match"	"B1"	NA	4
"CGCTTCAGTCTAGTCA"	6	"SRX7869893"	"SRP251970"	"blood"	"PM5"	NA	NA	NA	"CL:0000394"	"plasmatocyte (Drosophila)"	"missing child term"	"B1"	NA	10
"CGCTTCATCACAATGC"	0	"SRX7869893"	"SRP251970"	"blood"	"PM1"	NA	NA	NA	"CL:0000394"	"plasmatocyte (Drosophila)"	"missing child term"	"B1"	NA	1
"CGGACACCAGTGAGTG"	0	"SRX7869893"	"SRP251970"	"blood"	"PM1"	NA	NA	NA	"CL:0000394"	"plasmatocyte (Drosophila)"	"missing child term"	"B1"	NA	1
"CGGACTGGTTGGTTTG"	0	"SRX7869893"	"SRP251970"	"blood"	"PM1"	NA	NA	NA	"CL:0000394"	"plasmatocyte (Drosophila)"	"missing child term"	"B1"	NA	1
"CGGAGCTGTTTGGGCC"	7	"SRX7869893"	"SRP251970"	"blood"	"CC2"	NA	NA	NA	"FBbt:00001690"	"embryonic/larval crystal cell (Drosophila)"	"perfect match"	"B1"	NA	4
"CGGAGCTTCCGTTGCT"	9	"SRX7869893"	"SRP251970"	"blood"	"PM9"	NA	NA	NA	"CL:0000394"	"plasmatocyte (Drosophila)"	"missing child term"	"B1"	NA	8
"CGGAGCTTCGTAGATC"	0	"SRX7869893"	"SRP251970"	"blood"	"PM1"	NA	NA	NA	"CL:0000394"	"plasmatocyte (Drosophila)"	"missing child term"	"B1"	NA	1
"CGGAGTCGTTACAGAA"	8	"SRX7869893"	"SRP251970"	"blood"	"PM8"	NA	NA	NA	"CL:0000394"	"plasmatocyte (Drosophila)"	"missing child term"	"B1"	NA	5
"CGGAGTCTCAACGGCC"	0	"SRX7869893"	"SRP251970"	"blood"	"PM1"	NA	NA	NA	"CL:0000394"	"plasmatocyte (Drosophila)"	"missing child term"	"B1"	NA	1
"CGGGTCACATATACGC"	0	"SRX7869893"	"SRP251970"	"blood"	"PM1"	NA	NA	NA	"CL:0000394"	"plasmatocyte (Drosophila)"	"missing child term"	"B1"	NA	1
"CGGGTCATCTACTATC"	4	"SRX7869893"	"SRP251970"	"blood"	"PM3"	NA	NA	NA	"CL:0000394"	"plasmatocyte (Drosophila)"	"missing child term"	"B1"	NA	7
"CGGGTCATCTATCCCG"	7	"SRX7869893"	"SRP251970"	"blood"	"CC2"	NA	NA	NA	"FBbt:00001690"	"embryonic/larval crystal cell (Drosophila)"	"perfect match"	"B1"	NA	4
"CGGTTAAAGAAACCTA"	3	"SRX7869893"	"SRP251970"	"blood"	"LM1"	NA	NA	NA	"FBbt:00005248"	"prolamellocyte (Drosophila)"	"perfect match"	"B1"	NA	2
"CGTCACTGTGTAAGTA"	0	"SRX7869893"	"SRP251970"	"blood"	"PM1"	NA	NA	NA	"CL:0000394"	"plasmatocyte (Drosophila)"	"missing child term"	"B1"	NA	1
"CGTCACTTCATGGTCA"	0	"SRX7869893"	"SRP251970"	"blood"	"PM1"	NA	NA	NA	"CL:0000394"	"plasmatocyte (Drosophila)"	"missing child term"	"B1"	NA	1
"CGTCAGGGTAGCCTAT"	0	"SRX7869893"	"SRP251970"	"blood"	"PM1"	NA	NA	NA	"CL:0000394"	"plasmatocyte (Drosophila)"	"missing child term"	"B1"	NA	1
"CGTCCATGTCTGATTG"	0	"SRX7869893"	"SRP251970"	"blood"	"PM1"	NA	NA	NA	"CL:0000394"	"plasmatocyte (Drosophila)"	"missing child term"	"B1"	NA	1
"CGTCCATGTCTTGATG"	0	"SRX7869893"	"SRP251970"	"blood"	"PM1"	NA	NA	NA	"CL:0000394"	"plasmatocyte (Drosophila)"	"missing child term"	"B1"	NA	1
"CGTCCATGTCTTTCAT"	2	"SRX7869893"	"SRP251970"	"blood"	"PM2"	NA	NA	NA	"CL:0000394"	"plasmatocyte (Drosophila)"	"missing child term"	"B1"	NA	11
"CGTCCATTCTTACCGC"	0	"SRX7869893"	"SRP251970"	"blood"	"PM1"	NA	NA	NA	"CL:0000394"	"plasmatocyte (Drosophila)"	"missing child term"	"B1"	NA	1
"CGTCTACCAGCTGTGC"	0	"SRX7869893"	"SRP251970"	"blood"	"PM1"	NA	NA	NA	"CL:0000394"	"plasmatocyte (Drosophila)"	"missing child term"	"B1"	NA	1
"CGTGAGCAGGAGTTGC"	0	"SRX7869893"	"SRP251970"	"blood"	"PM1"	NA	NA	NA	"CL:0000394"	"plasmatocyte (Drosophila)"	"missing child term"	"B1"	NA	1
"CGTGAGCCATGTCCTC"	0	"SRX7869893"	"SRP251970"	"blood"	"PM1"	NA	NA	NA	"CL:0000394"	"plasmatocyte (Drosophila)"	"missing child term"	"B1"	NA	1
"CGTGTCTAGGTGACCA"	0	"SRX7869893"	"SRP251970"	"blood"	"PM1"	NA	NA	NA	"CL:0000394"	"plasmatocyte (Drosophila)"	"missing child term"	"B1"	NA	1
"CGTGTCTTCACATGCA"	0	"SRX7869893"	"SRP251970"	"blood"	"PM1"	NA	NA	NA	"CL:0000394"	"plasmatocyte (Drosophila)"	"missing child term"	"B1"	NA	1
"CGTGTCTTCGCGTAGC"	0	"SRX7869893"	"SRP251970"	"blood"	"PM1"	NA	NA	NA	"CL:0000394"	"plasmatocyte (Drosophila)"	"missing child term"	"B1"	NA	1
"CGTTAGACAAACAACA"	0	"SRX7869893"	"SRP251970"	"blood"	"PM1"	NA	NA	NA	"CL:0000394"	"plasmatocyte (Drosophila)"	"missing child term"	"B1"	NA	1
"CGTTAGACATGGTAGG"	0	"SRX7869893"	"SRP251970"	"blood"	"PM1"	NA	NA	NA	"CL:0000394"	"plasmatocyte (Drosophila)"	"missing child term"	"B1"	NA	1
"CGTTCTGTCTTCAACT"	0	"SRX7869893"	"SRP251970"	"blood"	"PM1"	NA	NA	NA	"CL:0000394"	"plasmatocyte (Drosophila)"	"missing child term"	"B1"	NA	1
"CGTTGGGCAATCAGAA"	7	"SRX7869893"	"SRP251970"	"blood"	"CC2"	NA	NA	NA	"FBbt:00001690"	"embryonic/larval crystal cell (Drosophila)"	"perfect match"	"B1"	NA	4
"CGTTGGGGTAAGGATT"	0	"SRX7869893"	"SRP251970"	"blood"	"PM1"	NA	NA	NA	"CL:0000394"	"plasmatocyte (Drosophila)"	"missing child term"	"B1"	NA	1
"CTAAGACAGCGTGAAC"	3	"SRX7869893"	"SRP251970"	"blood"	"LM1"	NA	NA	NA	"FBbt:00005248"	"prolamellocyte (Drosophila)"	"perfect match"	"B1"	NA	2
"CTAAGACGTGGTCTCG"	0	"SRX7869893"	"SRP251970"	"blood"	"PM1"	NA	NA	NA	"CL:0000394"	"plasmatocyte (Drosophila)"	"missing child term"	"B1"	NA	1
"CTAATGGTCAGTTTGG"	0	"SRX7869893"	"SRP251970"	"blood"	"PM1"	NA	NA	NA	"CL:0000394"	"plasmatocyte (Drosophila)"	"missing child term"	"B1"	NA	1
"CTAATGGTCGCCCTTA"	3	"SRX7869893"	"SRP251970"	"blood"	"LM1"	NA	NA	NA	"FBbt:00005248"	"prolamellocyte (Drosophila)"	"perfect match"	"B1"	NA	2
"CTACCCACAGTAAGAT"	0	"SRX7869893"	"SRP251970"	"blood"	"PM1"	NA	NA	NA	"CL:0000394"	"plasmatocyte (Drosophila)"	"missing child term"	"B1"	NA	1
"CTACGTCCACCTATCC"	0	"SRX7869893"	"SRP251970"	"blood"	"PM1"	NA	NA	NA	"CL:0000394"	"plasmatocyte (Drosophila)"	"missing child term"	"B1"	NA	1
"CTACGTCTCTAACTTC"	3	"SRX7869893"	"SRP251970"	"blood"	"LM1"	NA	NA	NA	"FBbt:00005248"	"prolamellocyte (Drosophila)"	"perfect match"	"B1"	NA	2
"CTAGAGTAGGAGTTGC"	0	"SRX7869893"	"SRP251970"	"blood"	"PM1"	NA	NA	NA	"CL:0000394"	"plasmatocyte (Drosophila)"	"missing child term"	"B1"	NA	1
"CTAGCCTAGAAACCAT"	2	"SRX7869893"	"SRP251970"	"blood"	"PM2"	NA	NA	NA	"CL:0000394"	"plasmatocyte (Drosophila)"	"missing child term"	"B1"	NA	11
"CTAGCCTAGATGCGAC"	0	"SRX7869893"	"SRP251970"	"blood"	"PM1"	NA	NA	NA	"CL:0000394"	"plasmatocyte (Drosophila)"	"missing child term"	"B1"	NA	1
"CTAGCCTTCGGTGTTA"	0	"SRX7869893"	"SRP251970"	"blood"	"PM1"	NA	NA	NA	"CL:0000394"	"plasmatocyte (Drosophila)"	"missing child term"	"B1"	NA	1
"CTCACACAGAAGGTGA"	0	"SRX7869893"	"SRP251970"	"blood"	"PM1"	NA	NA	NA	"CL:0000394"	"plasmatocyte (Drosophila)"	"missing child term"	"B1"	NA	1
"CTCACACAGGCTCATT"	3	"SRX7869893"	"SRP251970"	"blood"	"LM1"	NA	NA	NA	"FBbt:00005248"	"prolamellocyte (Drosophila)"	"perfect match"	"B1"	NA	2
"CTCAGAACACCGGAAA"	0	"SRX7869893"	"SRP251970"	"blood"	"PM1"	NA	NA	NA	"CL:0000394"	"plasmatocyte (Drosophila)"	"missing child term"	"B1"	NA	1
"CTCAGAATCATAGCAC"	7	"SRX7869893"	"SRP251970"	"blood"	"CC2"	NA	NA	NA	"FBbt:00001690"	"embryonic/larval crystal cell (Drosophila)"	"perfect match"	"B1"	NA	4
"CTCATTATCGAGAACG"	0	"SRX7869893"	"SRP251970"	"blood"	"PM1"	NA	NA	NA	"CL:0000394"	"plasmatocyte (Drosophila)"	"missing child term"	"B1"	NA	1
"CTCCTAGCAGCTGCTG"	0	"SRX7869893"	"SRP251970"	"blood"	"PM1"	NA	NA	NA	"CL:0000394"	"plasmatocyte (Drosophila)"	"missing child term"	"B1"	NA	1
"CTCGAAAAGTGTCCCG"	0	"SRX7869893"	"SRP251970"	"blood"	"PM1"	NA	NA	NA	"CL:0000394"	"plasmatocyte (Drosophila)"	"missing child term"	"B1"	NA	1
"CTCGAGGAGTCATGCT"	7	"SRX7869893"	"SRP251970"	"blood"	"CC2"	NA	NA	NA	"FBbt:00001690"	"embryonic/larval crystal cell (Drosophila)"	"perfect match"	"B1"	NA	4
"CTCGAGGAGTTATCGC"	0	"SRX7869893"	"SRP251970"	"blood"	"PM1"	NA	NA	NA	"CL:0000394"	"plasmatocyte (Drosophila)"	"missing child term"	"B1"	NA	1
"CTCGAGGCAGCTGCAC"	0	"SRX7869893"	"SRP251970"	"blood"	"PM1"	NA	NA	NA	"CL:0000394"	"plasmatocyte (Drosophila)"	"missing child term"	"B1"	NA	1
"CTCGAGGGTGAAATCA"	6	"SRX7869893"	"SRP251970"	"blood"	"PM5"	NA	NA	NA	"CL:0000394"	"plasmatocyte (Drosophila)"	"missing child term"	"B1"	NA	10
"CTCGAGGGTTGTTTGG"	2	"SRX7869893"	"SRP251970"	"blood"	"PM2"	NA	NA	NA	"CL:0000394"	"plasmatocyte (Drosophila)"	"missing child term"	"B1"	NA	11
"CTCGGGACAGTACACT"	0	"SRX7869893"	"SRP251970"	"blood"	"PM1"	NA	NA	NA	"CL:0000394"	"plasmatocyte (Drosophila)"	"missing child term"	"B1"	NA	1
"CTCGTCATCACTATTC"	3	"SRX7869893"	"SRP251970"	"blood"	"LM1"	NA	NA	NA	"FBbt:00005248"	"prolamellocyte (Drosophila)"	"perfect match"	"B1"	NA	2
"CTCTAATCAGATGGGT"	13	"SRX7869893"	"SRP251970"	"blood"	"PM10"	NA	NA	NA	"CL:0000394"	"plasmatocyte (Drosophila)"	"missing child term"	"B1"	NA	12
"CTCTACGAGAGAACAG"	0	"SRX7869893"	"SRP251970"	"blood"	"PM1"	NA	NA	NA	"CL:0000394"	"plasmatocyte (Drosophila)"	"missing child term"	"B1"	NA	1
"CTCTACGAGTACACCT"	0	"SRX7869893"	"SRP251970"	"blood"	"PM1"	NA	NA	NA	"CL:0000394"	"plasmatocyte (Drosophila)"	"missing child term"	"B1"	NA	1
"CTCTACGGTACATGTC"	0	"SRX7869893"	"SRP251970"	"blood"	"PM1"	NA	NA	NA	"CL:0000394"	"plasmatocyte (Drosophila)"	"missing child term"	"B1"	NA	1
"CTCTACGGTGTGAAAT"	3	"SRX7869893"	"SRP251970"	"blood"	"LM1"	NA	NA	NA	"FBbt:00005248"	"prolamellocyte (Drosophila)"	"perfect match"	"B1"	NA	2
"CTCTACGTCTTGTATC"	0	"SRX7869893"	"SRP251970"	"blood"	"PM1"	NA	NA	NA	"CL:0000394"	"plasmatocyte (Drosophila)"	"missing child term"	"B1"	NA	1
"CTGAAACCAATAAGCA"	9	"SRX7869893"	"SRP251970"	"blood"	"PM9"	NA	NA	NA	"CL:0000394"	"plasmatocyte (Drosophila)"	"missing child term"	"B1"	NA	8
"CTGAAACGTAAACGCG"	0	"SRX7869893"	"SRP251970"	"blood"	"PM1"	NA	NA	NA	"CL:0000394"	"plasmatocyte (Drosophila)"	"missing child term"	"B1"	NA	1
"CTGAAGTGTACTCTCC"	0	"SRX7869893"	"SRP251970"	"blood"	"PM1"	NA	NA	NA	"CL:0000394"	"plasmatocyte (Drosophila)"	"missing child term"	"B1"	NA	1
"CTGAAGTGTCAGGACA"	0	"SRX7869893"	"SRP251970"	"blood"	"PM1"	NA	NA	NA	"CL:0000394"	"plasmatocyte (Drosophila)"	"missing child term"	"B1"	NA	1
"CTGAAGTTCTGCGGCA"	4	"SRX7869893"	"SRP251970"	"blood"	"PM3"	NA	NA	NA	"CL:0000394"	"plasmatocyte (Drosophila)"	"missing child term"	"B1"	NA	7
"CTGATAGAGCGTGTCC"	0	"SRX7869893"	"SRP251970"	"blood"	"PM1"	NA	NA	NA	"CL:0000394"	"plasmatocyte (Drosophila)"	"missing child term"	"B1"	NA	1
"CTGATAGCAAAGCGGT"	7	"SRX7869893"	"SRP251970"	"blood"	"CC2"	NA	NA	NA	"FBbt:00001690"	"embryonic/larval crystal cell (Drosophila)"	"perfect match"	"B1"	NA	4
"CTGATCCCATGCCACG"	3	"SRX7869893"	"SRP251970"	"blood"	"LM1"	NA	NA	NA	"FBbt:00005248"	"prolamellocyte (Drosophila)"	"perfect match"	"B1"	NA	2
"CTGATCCGTCCATGAT"	0	"SRX7869893"	"SRP251970"	"blood"	"PM1"	NA	NA	NA	"CL:0000394"	"plasmatocyte (Drosophila)"	"missing child term"	"B1"	NA	1
"CTGCCTAAGAGTACAT"	0	"SRX7869893"	"SRP251970"	"blood"	"PM1"	NA	NA	NA	"CL:0000394"	"plasmatocyte (Drosophila)"	"missing child term"	"B1"	NA	1
"CTGCCTAGTGTGAAAT"	4	"SRX7869893"	"SRP251970"	"blood"	"PM3"	NA	NA	NA	"CL:0000394"	"plasmatocyte (Drosophila)"	"missing child term"	"B1"	NA	7
"CTGCCTATCATTCACT"	0	"SRX7869893"	"SRP251970"	"blood"	"PM1"	NA	NA	NA	"CL:0000394"	"plasmatocyte (Drosophila)"	"missing child term"	"B1"	NA	1
"CTGCGGAAGGGATCTG"	0	"SRX7869893"	"SRP251970"	"blood"	"PM1"	NA	NA	NA	"CL:0000394"	"plasmatocyte (Drosophila)"	"missing child term"	"B1"	NA	1
"CTGCGGAGTTATGCGT"	6	"SRX7869893"	"SRP251970"	"blood"	"PM5"	NA	NA	NA	"CL:0000394"	"plasmatocyte (Drosophila)"	"missing child term"	"B1"	NA	10
"CTGCTGTGTCTCTTAT"	6	"SRX7869893"	"SRP251970"	"blood"	"PM5"	NA	NA	NA	"CL:0000394"	"plasmatocyte (Drosophila)"	"missing child term"	"B1"	NA	10
"CTGCTGTGTTCGTTGA"	0	"SRX7869893"	"SRP251970"	"blood"	"PM1"	NA	NA	NA	"CL:0000394"	"plasmatocyte (Drosophila)"	"missing child term"	"B1"	NA	1
"CTGCTGTGTTTGACTG"	0	"SRX7869893"	"SRP251970"	"blood"	"PM1"	NA	NA	NA	"CL:0000394"	"plasmatocyte (Drosophila)"	"missing child term"	"B1"	NA	1
"CTGCTGTTCGGTGTCG"	0	"SRX7869893"	"SRP251970"	"blood"	"PM1"	NA	NA	NA	"CL:0000394"	"plasmatocyte (Drosophila)"	"missing child term"	"B1"	NA	1
"CTGTTTATCCGCTGTT"	0	"SRX7869893"	"SRP251970"	"blood"	"PM1"	NA	NA	NA	"CL:0000394"	"plasmatocyte (Drosophila)"	"missing child term"	"B1"	NA	1
"CTTAACTGTTCCGGCA"	0	"SRX7869893"	"SRP251970"	"blood"	"PM1"	NA	NA	NA	"CL:0000394"	"plasmatocyte (Drosophila)"	"missing child term"	"B1"	NA	1
"CTTACCGAGGGCTTGA"	4	"SRX7869893"	"SRP251970"	"blood"	"PM3"	NA	NA	NA	"CL:0000394"	"plasmatocyte (Drosophila)"	"missing child term"	"B1"	NA	7
"CTTACCGGTGTTCTTT"	0	"SRX7869893"	"SRP251970"	"blood"	"PM1"	NA	NA	NA	"CL:0000394"	"plasmatocyte (Drosophila)"	"missing child term"	"B1"	NA	1
"CTTAGGAAGTCGCCGT"	0	"SRX7869893"	"SRP251970"	"blood"	"PM1"	NA	NA	NA	"CL:0000394"	"plasmatocyte (Drosophila)"	"missing child term"	"B1"	NA	1
"CTTCTCTCATGCTAGT"	0	"SRX7869893"	"SRP251970"	"blood"	"PM1"	NA	NA	NA	"CL:0000394"	"plasmatocyte (Drosophila)"	"missing child term"	"B1"	NA	1
"CTTCTCTGTCACAAGG"	0	"SRX7869893"	"SRP251970"	"blood"	"PM1"	NA	NA	NA	"CL:0000394"	"plasmatocyte (Drosophila)"	"missing child term"	"B1"	NA	1
"CTTGGCTGTATAGGGC"	6	"SRX7869893"	"SRP251970"	"blood"	"PM5"	NA	NA	NA	"CL:0000394"	"plasmatocyte (Drosophila)"	"missing child term"	"B1"	NA	10
"CTTGGCTTCCCGGATG"	0	"SRX7869893"	"SRP251970"	"blood"	"PM1"	NA	NA	NA	"CL:0000394"	"plasmatocyte (Drosophila)"	"missing child term"	"B1"	NA	1
"CTTGGCTTCGCAAACT"	9	"SRX7869893"	"SRP251970"	"blood"	"PM9"	NA	NA	NA	"CL:0000394"	"plasmatocyte (Drosophila)"	"missing child term"	"B1"	NA	8
"GAAACTCCACAAGACG"	4	"SRX7869893"	"SRP251970"	"blood"	"PM3"	NA	NA	NA	"CL:0000394"	"plasmatocyte (Drosophila)"	"missing child term"	"B1"	NA	7
"GAAACTCGTCCGTTAA"	0	"SRX7869893"	"SRP251970"	"blood"	"PM1"	NA	NA	NA	"CL:0000394"	"plasmatocyte (Drosophila)"	"missing child term"	"B1"	NA	1
"GAAATGAGTACTCGCG"	0	"SRX7869893"	"SRP251970"	"blood"	"PM1"	NA	NA	NA	"CL:0000394"	"plasmatocyte (Drosophila)"	"missing child term"	"B1"	NA	1
"GAAATGAGTGGTGTAG"	0	"SRX7869893"	"SRP251970"	"blood"	"PM1"	NA	NA	NA	"CL:0000394"	"plasmatocyte (Drosophila)"	"missing child term"	"B1"	NA	1
"GAAATGAGTTCACGGC"	15	"SRX7869893"	"SRP251970"	"blood"	"CC1"	NA	NA	NA	"CL:0000395"	"procrystal cell"	"perfect match"	"B1"	NA	3
"GAACATCAGCTGTTCA"	0	"SRX7869893"	"SRP251970"	"blood"	"PM1"	NA	NA	NA	"CL:0000394"	"plasmatocyte (Drosophila)"	"missing child term"	"B1"	NA	1
"GAACATCAGGGCACTA"	4	"SRX7869893"	"SRP251970"	"blood"	"PM3"	NA	NA	NA	"CL:0000394"	"plasmatocyte (Drosophila)"	"missing child term"	"B1"	NA	7
"GAACATCCAAAGGAAG"	0	"SRX7869893"	"SRP251970"	"blood"	"PM1"	NA	NA	NA	"CL:0000394"	"plasmatocyte (Drosophila)"	"missing child term"	"B1"	NA	1
"GAACCTACACATCCGG"	0	"SRX7869893"	"SRP251970"	"blood"	"PM1"	NA	NA	NA	"CL:0000394"	"plasmatocyte (Drosophila)"	"missing child term"	"B1"	NA	1
"GAACCTATCACAAACC"	3	"SRX7869893"	"SRP251970"	"blood"	"LM1"	NA	NA	NA	"FBbt:00005248"	"prolamellocyte (Drosophila)"	"perfect match"	"B1"	NA	2
"GAACCTATCACAGGCC"	9	"SRX7869893"	"SRP251970"	"blood"	"PM9"	NA	NA	NA	"CL:0000394"	"plasmatocyte (Drosophila)"	"missing child term"	"B1"	NA	8
"GAACGGAGTACGAAAT"	0	"SRX7869893"	"SRP251970"	"blood"	"PM1"	NA	NA	NA	"CL:0000394"	"plasmatocyte (Drosophila)"	"missing child term"	"B1"	NA	1
"GAACGGAGTCGCATCG"	0	"SRX7869893"	"SRP251970"	"blood"	"PM1"	NA	NA	NA	"CL:0000394"	"plasmatocyte (Drosophila)"	"missing child term"	"B1"	NA	1
"GAATGAAAGTAGATGT"	0	"SRX7869893"	"SRP251970"	"blood"	"PM1"	NA	NA	NA	"CL:0000394"	"plasmatocyte (Drosophila)"	"missing child term"	"B1"	NA	1
"GAATGAAGTCTAGTCA"	0	"SRX7869893"	"SRP251970"	"blood"	"PM1"	NA	NA	NA	"CL:0000394"	"plasmatocyte (Drosophila)"	"missing child term"	"B1"	NA	1
"GAATGAAGTGCAGACA"	0	"SRX7869893"	"SRP251970"	"blood"	"PM1"	NA	NA	NA	"CL:0000394"	"plasmatocyte (Drosophila)"	"missing child term"	"B1"	NA	1
"GACACGCGTCCAGTGC"	0	"SRX7869893"	"SRP251970"	"blood"	"PM1"	NA	NA	NA	"CL:0000394"	"plasmatocyte (Drosophila)"	"missing child term"	"B1"	NA	1
"GACAGAGAGCGTTTAC"	2	"SRX7869893"	"SRP251970"	"blood"	"PM2"	NA	NA	NA	"CL:0000394"	"plasmatocyte (Drosophila)"	"missing child term"	"B1"	NA	11
"GACAGAGAGGTGATTA"	0	"SRX7869893"	"SRP251970"	"blood"	"PM1"	NA	NA	NA	"CL:0000394"	"plasmatocyte (Drosophila)"	"missing child term"	"B1"	NA	1
"GACAGAGCAAGAGTCG"	4	"SRX7869893"	"SRP251970"	"blood"	"PM3"	NA	NA	NA	"CL:0000394"	"plasmatocyte (Drosophila)"	"missing child term"	"B1"	NA	7
"GACCTGGAGATGTAAC"	0	"SRX7869893"	"SRP251970"	"blood"	"PM1"	NA	NA	NA	"CL:0000394"	"plasmatocyte (Drosophila)"	"missing child term"	"B1"	NA	1
"GACGCGTAGGGATCTG"	0	"SRX7869893"	"SRP251970"	"blood"	"PM1"	NA	NA	NA	"CL:0000394"	"plasmatocyte (Drosophila)"	"missing child term"	"B1"	NA	1
"GACGGCTCAGCTTAAC"	0	"SRX7869893"	"SRP251970"	"blood"	"PM1"	NA	NA	NA	"CL:0000394"	"plasmatocyte (Drosophila)"	"missing child term"	"B1"	NA	1
"GACGTGCGTACCATCA"	0	"SRX7869893"	"SRP251970"	"blood"	"PM1"	NA	NA	NA	"CL:0000394"	"plasmatocyte (Drosophila)"	"missing child term"	"B1"	NA	1
"GACGTGCGTCTGCGGT"	0	"SRX7869893"	"SRP251970"	"blood"	"PM1"	NA	NA	NA	"CL:0000394"	"plasmatocyte (Drosophila)"	"missing child term"	"B1"	NA	1
"GACGTGCTCGGCTACG"	0	"SRX7869893"	"SRP251970"	"blood"	"PM1"	NA	NA	NA	"CL:0000394"	"plasmatocyte (Drosophila)"	"missing child term"	"B1"	NA	1
"GACGTTAAGTCTCGGC"	3	"SRX7869893"	"SRP251970"	"blood"	"LM1"	NA	NA	NA	"FBbt:00005248"	"prolamellocyte (Drosophila)"	"perfect match"	"B1"	NA	2
"GACTAACCAATGGATA"	0	"SRX7869893"	"SRP251970"	"blood"	"PM1"	NA	NA	NA	"CL:0000394"	"plasmatocyte (Drosophila)"	"missing child term"	"B1"	NA	1
"GACTAACTCGCGTAGC"	0	"SRX7869893"	"SRP251970"	"blood"	"PM1"	NA	NA	NA	"CL:0000394"	"plasmatocyte (Drosophila)"	"missing child term"	"B1"	NA	1
"GACTACAAGAGGTAGA"	0	"SRX7869893"	"SRP251970"	"blood"	"PM1"	NA	NA	NA	"CL:0000394"	"plasmatocyte (Drosophila)"	"missing child term"	"B1"	NA	1
"GACTGCGAGAGACGAA"	0	"SRX7869893"	"SRP251970"	"blood"	"PM1"	NA	NA	NA	"CL:0000394"	"plasmatocyte (Drosophila)"	"missing child term"	"B1"	NA	1
"GAGCAGACATCGACGC"	0	"SRX7869893"	"SRP251970"	"blood"	"PM1"	NA	NA	NA	"CL:0000394"	"plasmatocyte (Drosophila)"	"missing child term"	"B1"	NA	1
"GAGCAGAGTAAGGGAA"	0	"SRX7869893"	"SRP251970"	"blood"	"PM1"	NA	NA	NA	"CL:0000394"	"plasmatocyte (Drosophila)"	"missing child term"	"B1"	NA	1
"GAGGTGACACGTGAGA"	7	"SRX7869893"	"SRP251970"	"blood"	"CC2"	NA	NA	NA	"FBbt:00001690"	"embryonic/larval crystal cell (Drosophila)"	"perfect match"	"B1"	NA	4
"GAGGTGAGTGAGGGTT"	7	"SRX7869893"	"SRP251970"	"blood"	"CC2"	NA	NA	NA	"FBbt:00001690"	"embryonic/larval crystal cell (Drosophila)"	"perfect match"	"B1"	NA	4
"GATCAGTAGTGATCGG"	9	"SRX7869893"	"SRP251970"	"blood"	"PM9"	NA	NA	NA	"CL:0000394"	"plasmatocyte (Drosophila)"	"missing child term"	"B1"	NA	8
"GATCGCGAGCCAGTAG"	4	"SRX7869893"	"SRP251970"	"blood"	"PM3"	NA	NA	NA	"CL:0000394"	"plasmatocyte (Drosophila)"	"missing child term"	"B1"	NA	7
"GATGAAACACAGGTTT"	0	"SRX7869893"	"SRP251970"	"blood"	"PM1"	NA	NA	NA	"CL:0000394"	"plasmatocyte (Drosophila)"	"missing child term"	"B1"	NA	1
"GATGAAAGTGTGACCC"	0	"SRX7869893"	"SRP251970"	"blood"	"PM1"	NA	NA	NA	"CL:0000394"	"plasmatocyte (Drosophila)"	"missing child term"	"B1"	NA	1
"GATGAGGAGAGGTAGA"	0	"SRX7869893"	"SRP251970"	"blood"	"PM1"	NA	NA	NA	"CL:0000394"	"plasmatocyte (Drosophila)"	"missing child term"	"B1"	NA	1
"GATGAGGCACTACAGT"	9	"SRX7869893"	"SRP251970"	"blood"	"PM9"	NA	NA	NA	"CL:0000394"	"plasmatocyte (Drosophila)"	"missing child term"	"B1"	NA	8
"GATGAGGGTCAGTGGA"	0	"SRX7869893"	"SRP251970"	"blood"	"PM1"	NA	NA	NA	"CL:0000394"	"plasmatocyte (Drosophila)"	"missing child term"	"B1"	NA	1
"GATGCTATCCACGACG"	7	"SRX7869893"	"SRP251970"	"blood"	"CC2"	NA	NA	NA	"FBbt:00001690"	"embryonic/larval crystal cell (Drosophila)"	"perfect match"	"B1"	NA	4
"GATGCTATCCCTTGTG"	0	"SRX7869893"	"SRP251970"	"blood"	"PM1"	NA	NA	NA	"CL:0000394"	"plasmatocyte (Drosophila)"	"missing child term"	"B1"	NA	1
"GATGCTATCGCCTGAG"	0	"SRX7869893"	"SRP251970"	"blood"	"PM1"	NA	NA	NA	"CL:0000394"	"plasmatocyte (Drosophila)"	"missing child term"	"B1"	NA	1
"GATTCAGAGCGATCCC"	0	"SRX7869893"	"SRP251970"	"blood"	"PM1"	NA	NA	NA	"CL:0000394"	"plasmatocyte (Drosophila)"	"missing child term"	"B1"	NA	1
"GCAAACTCATCTCGCT"	0	"SRX7869893"	"SRP251970"	"blood"	"PM1"	NA	NA	NA	"CL:0000394"	"plasmatocyte (Drosophila)"	"missing child term"	"B1"	NA	1
"GCAATCACAAGGCTCC"	9	"SRX7869893"	"SRP251970"	"blood"	"PM9"	NA	NA	NA	"CL:0000394"	"plasmatocyte (Drosophila)"	"missing child term"	"B1"	NA	8
"GCAATCATCCTTTACA"	0	"SRX7869893"	"SRP251970"	"blood"	"PM1"	NA	NA	NA	"CL:0000394"	"plasmatocyte (Drosophila)"	"missing child term"	"B1"	NA	1
"GCACATAAGAATCTCC"	0	"SRX7869893"	"SRP251970"	"blood"	"PM1"	NA	NA	NA	"CL:0000394"	"plasmatocyte (Drosophila)"	"missing child term"	"B1"	NA	1
"GCACTCTAGCTAACAA"	0	"SRX7869893"	"SRP251970"	"blood"	"PM1"	NA	NA	NA	"CL:0000394"	"plasmatocyte (Drosophila)"	"missing child term"	"B1"	NA	1
"GCACTCTAGGATGGAA"	6	"SRX7869893"	"SRP251970"	"blood"	"PM5"	NA	NA	NA	"CL:0000394"	"plasmatocyte (Drosophila)"	"missing child term"	"B1"	NA	10
"GCACTCTCAGCTTAAC"	3	"SRX7869893"	"SRP251970"	"blood"	"LM1"	NA	NA	NA	"FBbt:00005248"	"prolamellocyte (Drosophila)"	"perfect match"	"B1"	NA	2
"GCAGCCAAGGAGTCTG"	0	"SRX7869893"	"SRP251970"	"blood"	"PM1"	NA	NA	NA	"CL:0000394"	"plasmatocyte (Drosophila)"	"missing child term"	"B1"	NA	1
"GCAGCCAAGTTAAGTG"	0	"SRX7869893"	"SRP251970"	"blood"	"PM1"	NA	NA	NA	"CL:0000394"	"plasmatocyte (Drosophila)"	"missing child term"	"B1"	NA	1
"GCAGCCATCGCCAGCA"	0	"SRX7869893"	"SRP251970"	"blood"	"PM1"	NA	NA	NA	"CL:0000394"	"plasmatocyte (Drosophila)"	"missing child term"	"B1"	NA	1
"GCAGTTAGTTACCAGT"	0	"SRX7869893"	"SRP251970"	"blood"	"PM1"	NA	NA	NA	"CL:0000394"	"plasmatocyte (Drosophila)"	"missing child term"	"B1"	NA	1
"GCATACAAGCTAGTGG"	0	"SRX7869893"	"SRP251970"	"blood"	"PM1"	NA	NA	NA	"CL:0000394"	"plasmatocyte (Drosophila)"	"missing child term"	"B1"	NA	1
"GCATACAGTTTCCACC"	0	"SRX7869893"	"SRP251970"	"blood"	"PM1"	NA	NA	NA	"CL:0000394"	"plasmatocyte (Drosophila)"	"missing child term"	"B1"	NA	1
"GCATGATCAAACCTAC"	0	"SRX7869893"	"SRP251970"	"blood"	"PM1"	NA	NA	NA	"CL:0000394"	"plasmatocyte (Drosophila)"	"missing child term"	"B1"	NA	1
"GCATGATGTACATCCA"	13	"SRX7869893"	"SRP251970"	"blood"	"PM10"	NA	NA	NA	"CL:0000394"	"plasmatocyte (Drosophila)"	"missing child term"	"B1"	NA	12
"GCATGTAAGGGATCTG"	0	"SRX7869893"	"SRP251970"	"blood"	"PM1"	NA	NA	NA	"CL:0000394"	"plasmatocyte (Drosophila)"	"missing child term"	"B1"	NA	1
"GCATGTATCAGGCAAG"	0	"SRX7869893"	"SRP251970"	"blood"	"PM1"	NA	NA	NA	"CL:0000394"	"plasmatocyte (Drosophila)"	"missing child term"	"B1"	NA	1
"GCCAAATAGCTGGAAC"	0	"SRX7869893"	"SRP251970"	"blood"	"PM1"	NA	NA	NA	"CL:0000394"	"plasmatocyte (Drosophila)"	"missing child term"	"B1"	NA	1
"GCCAAATGTACAGTGG"	0	"SRX7869893"	"SRP251970"	"blood"	"PM1"	NA	NA	NA	"CL:0000394"	"plasmatocyte (Drosophila)"	"missing child term"	"B1"	NA	1
"GCCAAATGTACCGGCT"	0	"SRX7869893"	"SRP251970"	"blood"	"PM1"	NA	NA	NA	"CL:0000394"	"plasmatocyte (Drosophila)"	"missing child term"	"B1"	NA	1
"GCCTCTAGTGTGAATA"	6	"SRX7869893"	"SRP251970"	"blood"	"PM5"	NA	NA	NA	"CL:0000394"	"plasmatocyte (Drosophila)"	"missing child term"	"B1"	NA	10
"GCGACCAAGGCAGGTT"	0	"SRX7869893"	"SRP251970"	"blood"	"PM1"	NA	NA	NA	"CL:0000394"	"plasmatocyte (Drosophila)"	"missing child term"	"B1"	NA	1
"GCGACCATCAGTTGAC"	0	"SRX7869893"	"SRP251970"	"blood"	"PM1"	NA	NA	NA	"CL:0000394"	"plasmatocyte (Drosophila)"	"missing child term"	"B1"	NA	1
"GCGAGAACAGCTATTG"	0	"SRX7869893"	"SRP251970"	"blood"	"PM1"	NA	NA	NA	"CL:0000394"	"plasmatocyte (Drosophila)"	"missing child term"	"B1"	NA	1
"GCGCAACAGGCCCTCA"	0	"SRX7869893"	"SRP251970"	"blood"	"PM1"	NA	NA	NA	"CL:0000394"	"plasmatocyte (Drosophila)"	"missing child term"	"B1"	NA	1
"GCGCAGTAGCTACCGC"	4	"SRX7869893"	"SRP251970"	"blood"	"PM3"	NA	NA	NA	"CL:0000394"	"plasmatocyte (Drosophila)"	"missing child term"	"B1"	NA	7
"GCGCAGTGTACAGACG"	0	"SRX7869893"	"SRP251970"	"blood"	"PM1"	NA	NA	NA	"CL:0000394"	"plasmatocyte (Drosophila)"	"missing child term"	"B1"	NA	1
"GCGCAGTTCAAGGTAA"	11	"SRX7869893"	"SRP251970"	"blood"	"PM7"	NA	NA	NA	"CL:0000394"	"plasmatocyte (Drosophila)"	"missing child term"	"B1"	NA	6
"GCGCCAAAGAAACGCC"	15	"SRX7869893"	"SRP251970"	"blood"	"CC1"	NA	NA	NA	"CL:0000395"	"procrystal cell"	"perfect match"	"B1"	NA	3
"GCGCCAAAGCTATGCT"	0	"SRX7869893"	"SRP251970"	"blood"	"PM1"	NA	NA	NA	"CL:0000394"	"plasmatocyte (Drosophila)"	"missing child term"	"B1"	NA	1
"GCGCCAAAGTAATCCC"	0	"SRX7869893"	"SRP251970"	"blood"	"PM1"	NA	NA	NA	"CL:0000394"	"plasmatocyte (Drosophila)"	"missing child term"	"B1"	NA	1
"GCGCCAACACCCTATC"	0	"SRX7869893"	"SRP251970"	"blood"	"PM1"	NA	NA	NA	"CL:0000394"	"plasmatocyte (Drosophila)"	"missing child term"	"B1"	NA	1
"GCGCGATAGCGTTGCC"	0	"SRX7869893"	"SRP251970"	"blood"	"PM1"	NA	NA	NA	"CL:0000394"	"plasmatocyte (Drosophila)"	"missing child term"	"B1"	NA	1
"GCGGGTTAGCTACCTA"	0	"SRX7869893"	"SRP251970"	"blood"	"PM1"	NA	NA	NA	"CL:0000394"	"plasmatocyte (Drosophila)"	"missing child term"	"B1"	NA	1
"GCGGGTTCACCCAGTG"	0	"SRX7869893"	"SRP251970"	"blood"	"PM1"	NA	NA	NA	"CL:0000394"	"plasmatocyte (Drosophila)"	"missing child term"	"B1"	NA	1
"GCTCCTATCGGGAGTA"	0	"SRX7869893"	"SRP251970"	"blood"	"PM1"	NA	NA	NA	"CL:0000394"	"plasmatocyte (Drosophila)"	"missing child term"	"B1"	NA	1
"GCTCTGTCATCACCCT"	0	"SRX7869893"	"SRP251970"	"blood"	"PM1"	NA	NA	NA	"CL:0000394"	"plasmatocyte (Drosophila)"	"missing child term"	"B1"	NA	1
"GCTCTGTGTTCAGACT"	0	"SRX7869893"	"SRP251970"	"blood"	"PM1"	NA	NA	NA	"CL:0000394"	"plasmatocyte (Drosophila)"	"missing child term"	"B1"	NA	1
"GCTCTGTTCTGCGTAA"	0	"SRX7869893"	"SRP251970"	"blood"	"PM1"	NA	NA	NA	"CL:0000394"	"plasmatocyte (Drosophila)"	"missing child term"	"B1"	NA	1
"GCTGCTTAGTAGCCGA"	3	"SRX7869893"	"SRP251970"	"blood"	"LM1"	NA	NA	NA	"FBbt:00005248"	"prolamellocyte (Drosophila)"	"perfect match"	"B1"	NA	2
"GCTGCTTCATCCCACT"	4	"SRX7869893"	"SRP251970"	"blood"	"PM3"	NA	NA	NA	"CL:0000394"	"plasmatocyte (Drosophila)"	"missing child term"	"B1"	NA	7
"GCTGCTTGTCCGTGAC"	13	"SRX7869893"	"SRP251970"	"blood"	"PM10"	NA	NA	NA	"CL:0000394"	"plasmatocyte (Drosophila)"	"missing child term"	"B1"	NA	12
"GCTTCCAGTGTGTGCC"	0	"SRX7869893"	"SRP251970"	"blood"	"PM1"	NA	NA	NA	"CL:0000394"	"plasmatocyte (Drosophila)"	"missing child term"	"B1"	NA	1
"GCTTGAACAGACTCGC"	3	"SRX7869893"	"SRP251970"	"blood"	"LM1"	NA	NA	NA	"FBbt:00005248"	"prolamellocyte (Drosophila)"	"perfect match"	"B1"	NA	2
"GCTTGAATCGTTGACA"	0	"SRX7869893"	"SRP251970"	"blood"	"PM1"	NA	NA	NA	"CL:0000394"	"plasmatocyte (Drosophila)"	"missing child term"	"B1"	NA	1
"GGAAAGCCAAGAAAGG"	0	"SRX7869893"	"SRP251970"	"blood"	"PM1"	NA	NA	NA	"CL:0000394"	"plasmatocyte (Drosophila)"	"missing child term"	"B1"	NA	1
"GGAACTTAGCTAAGAT"	8	"SRX7869893"	"SRP251970"	"blood"	"PM8"	NA	NA	NA	"CL:0000394"	"plasmatocyte (Drosophila)"	"missing child term"	"B1"	NA	5
"GGAACTTGTCTCATCC"	7	"SRX7869893"	"SRP251970"	"blood"	"CC2"	NA	NA	NA	"FBbt:00001690"	"embryonic/larval crystal cell (Drosophila)"	"perfect match"	"B1"	NA	4
"GGAATAATCACGCGGT"	0	"SRX7869893"	"SRP251970"	"blood"	"PM1"	NA	NA	NA	"CL:0000394"	"plasmatocyte (Drosophila)"	"missing child term"	"B1"	NA	1
"GGACAAGAGTCCAGGA"	0	"SRX7869893"	"SRP251970"	"blood"	"PM1"	NA	NA	NA	"CL:0000394"	"plasmatocyte (Drosophila)"	"missing child term"	"B1"	NA	1
"GGACAAGTCTGTGCAA"	0	"SRX7869893"	"SRP251970"	"blood"	"PM1"	NA	NA	NA	"CL:0000394"	"plasmatocyte (Drosophila)"	"missing child term"	"B1"	NA	1
"GGACAGATCCAGATCA"	4	"SRX7869893"	"SRP251970"	"blood"	"PM3"	NA	NA	NA	"CL:0000394"	"plasmatocyte (Drosophila)"	"missing child term"	"B1"	NA	7
"GGACATTAGTTAACGA"	3	"SRX7869893"	"SRP251970"	"blood"	"LM1"	NA	NA	NA	"FBbt:00005248"	"prolamellocyte (Drosophila)"	"perfect match"	"B1"	NA	2
"GGACATTTCATCGGAT"	0	"SRX7869893"	"SRP251970"	"blood"	"PM1"	NA	NA	NA	"CL:0000394"	"plasmatocyte (Drosophila)"	"missing child term"	"B1"	NA	1
"GGACATTTCCAGAGGA"	0	"SRX7869893"	"SRP251970"	"blood"	"PM1"	NA	NA	NA	"CL:0000394"	"plasmatocyte (Drosophila)"	"missing child term"	"B1"	NA	1
"GGACATTTCCTCCTAG"	4	"SRX7869893"	"SRP251970"	"blood"	"PM3"	NA	NA	NA	"CL:0000394"	"plasmatocyte (Drosophila)"	"missing child term"	"B1"	NA	7
"GGACGTCAGTGGTAAT"	3	"SRX7869893"	"SRP251970"	"blood"	"LM1"	NA	NA	NA	"FBbt:00005248"	"prolamellocyte (Drosophila)"	"perfect match"	"B1"	NA	2
"GGACGTCAGTGTCCAT"	0	"SRX7869893"	"SRP251970"	"blood"	"PM1"	NA	NA	NA	"CL:0000394"	"plasmatocyte (Drosophila)"	"missing child term"	"B1"	NA	1
"GGACGTCCAGCAGTTT"	0	"SRX7869893"	"SRP251970"	"blood"	"PM1"	NA	NA	NA	"CL:0000394"	"plasmatocyte (Drosophila)"	"missing child term"	"B1"	NA	1
"GGAGCAACAGTTCATG"	0	"SRX7869893"	"SRP251970"	"blood"	"PM1"	NA	NA	NA	"CL:0000394"	"plasmatocyte (Drosophila)"	"missing child term"	"B1"	NA	1
"GGCAATTAGGACAGCT"	2	"SRX7869893"	"SRP251970"	"blood"	"PM2"	NA	NA	NA	"CL:0000394"	"plasmatocyte (Drosophila)"	"missing child term"	"B1"	NA	11
"GGCAATTCATCACGTA"	0	"SRX7869893"	"SRP251970"	"blood"	"PM1"	NA	NA	NA	"CL:0000394"	"plasmatocyte (Drosophila)"	"missing child term"	"B1"	NA	1
"GGCAATTTCTGATTCT"	0	"SRX7869893"	"SRP251970"	"blood"	"PM1"	NA	NA	NA	"CL:0000394"	"plasmatocyte (Drosophila)"	"missing child term"	"B1"	NA	1
"GGCCGATCATGGGAAC"	0	"SRX7869893"	"SRP251970"	"blood"	"PM1"	NA	NA	NA	"CL:0000394"	"plasmatocyte (Drosophila)"	"missing child term"	"B1"	NA	1
"GGCCGATGTCCATGAT"	0	"SRX7869893"	"SRP251970"	"blood"	"PM1"	NA	NA	NA	"CL:0000394"	"plasmatocyte (Drosophila)"	"missing child term"	"B1"	NA	1
"GGCCGATGTCTGCCAG"	0	"SRX7869893"	"SRP251970"	"blood"	"PM1"	NA	NA	NA	"CL:0000394"	"plasmatocyte (Drosophila)"	"missing child term"	"B1"	NA	1
"GGCGACTAGATCTGAA"	0	"SRX7869893"	"SRP251970"	"blood"	"PM1"	NA	NA	NA	"CL:0000394"	"plasmatocyte (Drosophila)"	"missing child term"	"B1"	NA	1
"GGCGACTCATCACAAC"	3	"SRX7869893"	"SRP251970"	"blood"	"LM1"	NA	NA	NA	"FBbt:00005248"	"prolamellocyte (Drosophila)"	"perfect match"	"B1"	NA	2
"GGCGACTGTTTCCACC"	0	"SRX7869893"	"SRP251970"	"blood"	"PM1"	NA	NA	NA	"CL:0000394"	"plasmatocyte (Drosophila)"	"missing child term"	"B1"	NA	1
"GGCGTGTAGTGGCACA"	0	"SRX7869893"	"SRP251970"	"blood"	"PM1"	NA	NA	NA	"CL:0000394"	"plasmatocyte (Drosophila)"	"missing child term"	"B1"	NA	1
"GGCTCGAAGGGCTTCC"	0	"SRX7869893"	"SRP251970"	"blood"	"PM1"	NA	NA	NA	"CL:0000394"	"plasmatocyte (Drosophila)"	"missing child term"	"B1"	NA	1
"GGCTCGAGTAGGCTGA"	0	"SRX7869893"	"SRP251970"	"blood"	"PM1"	NA	NA	NA	"CL:0000394"	"plasmatocyte (Drosophila)"	"missing child term"	"B1"	NA	1
"GGCTGGTAGGGATGGG"	0	"SRX7869893"	"SRP251970"	"blood"	"PM1"	NA	NA	NA	"CL:0000394"	"plasmatocyte (Drosophila)"	"missing child term"	"B1"	NA	1
"GGCTGGTAGGTAGCTG"	3	"SRX7869893"	"SRP251970"	"blood"	"LM1"	NA	NA	NA	"FBbt:00005248"	"prolamellocyte (Drosophila)"	"perfect match"	"B1"	NA	2
"GGCTGGTGTGTTGAGG"	0	"SRX7869893"	"SRP251970"	"blood"	"PM1"	NA	NA	NA	"CL:0000394"	"plasmatocyte (Drosophila)"	"missing child term"	"B1"	NA	1
"GGGAATGTCAAACAAG"	0	"SRX7869893"	"SRP251970"	"blood"	"PM1"	NA	NA	NA	"CL:0000394"	"plasmatocyte (Drosophila)"	"missing child term"	"B1"	NA	1
"GGGACCTAGCCAGTTT"	0	"SRX7869893"	"SRP251970"	"blood"	"PM1"	NA	NA	NA	"CL:0000394"	"plasmatocyte (Drosophila)"	"missing child term"	"B1"	NA	1
"GGGAGATCAGGAATGC"	0	"SRX7869893"	"SRP251970"	"blood"	"PM1"	NA	NA	NA	"CL:0000394"	"plasmatocyte (Drosophila)"	"missing child term"	"B1"	NA	1
"GGGATGAGTTAAGGGC"	0	"SRX7869893"	"SRP251970"	"blood"	"PM1"	NA	NA	NA	"CL:0000394"	"plasmatocyte (Drosophila)"	"missing child term"	"B1"	NA	1
"GGGATGATCGGCTACG"	0	"SRX7869893"	"SRP251970"	"blood"	"PM1"	NA	NA	NA	"CL:0000394"	"plasmatocyte (Drosophila)"	"missing child term"	"B1"	NA	1
"GGGCACTAGATGGGTC"	0	"SRX7869893"	"SRP251970"	"blood"	"PM1"	NA	NA	NA	"CL:0000394"	"plasmatocyte (Drosophila)"	"missing child term"	"B1"	NA	1
"GGGCACTTCTGGGCCA"	0	"SRX7869893"	"SRP251970"	"blood"	"PM1"	NA	NA	NA	"CL:0000394"	"plasmatocyte (Drosophila)"	"missing child term"	"B1"	NA	1
"GGGCATCAGATATACG"	0	"SRX7869893"	"SRP251970"	"blood"	"PM1"	NA	NA	NA	"CL:0000394"	"plasmatocyte (Drosophila)"	"missing child term"	"B1"	NA	1
"GGGCATCCACATTAGC"	0	"SRX7869893"	"SRP251970"	"blood"	"PM1"	NA	NA	NA	"CL:0000394"	"plasmatocyte (Drosophila)"	"missing child term"	"B1"	NA	1
"GGGCATCCAGCCTTTC"	7	"SRX7869893"	"SRP251970"	"blood"	"CC2"	NA	NA	NA	"FBbt:00001690"	"embryonic/larval crystal cell (Drosophila)"	"perfect match"	"B1"	NA	4
"GGGCATCCATTTCACT"	3	"SRX7869893"	"SRP251970"	"blood"	"LM1"	NA	NA	NA	"FBbt:00005248"	"prolamellocyte (Drosophila)"	"perfect match"	"B1"	NA	2
"GGGTCTGTCATGCAAC"	4	"SRX7869893"	"SRP251970"	"blood"	"PM3"	NA	NA	NA	"CL:0000394"	"plasmatocyte (Drosophila)"	"missing child term"	"B1"	NA	7
"GGGTTGCAGTCTTGCA"	3	"SRX7869893"	"SRP251970"	"blood"	"LM1"	NA	NA	NA	"FBbt:00005248"	"prolamellocyte (Drosophila)"	"perfect match"	"B1"	NA	2
"GGGTTGCGTCGATTGT"	13	"SRX7869893"	"SRP251970"	"blood"	"PM10"	NA	NA	NA	"CL:0000394"	"plasmatocyte (Drosophila)"	"missing child term"	"B1"	NA	12
"GGTATTGTCTGCTGTC"	0	"SRX7869893"	"SRP251970"	"blood"	"PM1"	NA	NA	NA	"CL:0000394"	"plasmatocyte (Drosophila)"	"missing child term"	"B1"	NA	1
"GGTGCGTAGGCAGGTT"	0	"SRX7869893"	"SRP251970"	"blood"	"PM1"	NA	NA	NA	"CL:0000394"	"plasmatocyte (Drosophila)"	"missing child term"	"B1"	NA	1
"GGTGCGTAGGTAGCTG"	0	"SRX7869893"	"SRP251970"	"blood"	"PM1"	NA	NA	NA	"CL:0000394"	"plasmatocyte (Drosophila)"	"missing child term"	"B1"	NA	1
"GGTGTTAAGGCTCTTA"	3	"SRX7869893"	"SRP251970"	"blood"	"LM1"	NA	NA	NA	"FBbt:00005248"	"prolamellocyte (Drosophila)"	"perfect match"	"B1"	NA	2
"GTAACGTCAACGATGG"	0	"SRX7869893"	"SRP251970"	"blood"	"PM1"	NA	NA	NA	"CL:0000394"	"plasmatocyte (Drosophila)"	"missing child term"	"B1"	NA	1
"GTAACGTTCATTATCC"	0	"SRX7869893"	"SRP251970"	"blood"	"PM1"	NA	NA	NA	"CL:0000394"	"plasmatocyte (Drosophila)"	"missing child term"	"B1"	NA	1
"GTAACTGAGACTAGGC"	0	"SRX7869893"	"SRP251970"	"blood"	"PM1"	NA	NA	NA	"CL:0000394"	"plasmatocyte (Drosophila)"	"missing child term"	"B1"	NA	1
"GTAACTGAGTTGAGTA"	0	"SRX7869893"	"SRP251970"	"blood"	"PM1"	NA	NA	NA	"CL:0000394"	"plasmatocyte (Drosophila)"	"missing child term"	"B1"	NA	1
"GTAACTGGTAAATGAC"	0	"SRX7869893"	"SRP251970"	"blood"	"PM1"	NA	NA	NA	"CL:0000394"	"plasmatocyte (Drosophila)"	"missing child term"	"B1"	NA	1
"GTACGTAAGGATGTAT"	7	"SRX7869893"	"SRP251970"	"blood"	"CC2"	NA	NA	NA	"FBbt:00001690"	"embryonic/larval crystal cell (Drosophila)"	"perfect match"	"B1"	NA	4
"GTACGTAAGGATTCGG"	13	"SRX7869893"	"SRP251970"	"blood"	"PM10"	NA	NA	NA	"CL:0000394"	"plasmatocyte (Drosophila)"	"missing child term"	"B1"	NA	12
"GTACTCCCACTGAAGG"	0	"SRX7869893"	"SRP251970"	"blood"	"PM1"	NA	NA	NA	"CL:0000394"	"plasmatocyte (Drosophila)"	"missing child term"	"B1"	NA	1
"GTACTCCTCCTTTACA"	0	"SRX7869893"	"SRP251970"	"blood"	"PM1"	NA	NA	NA	"CL:0000394"	"plasmatocyte (Drosophila)"	"missing child term"	"B1"	NA	1
"GTAGGCCAGCTGAACG"	6	"SRX7869893"	"SRP251970"	"blood"	"PM5"	NA	NA	NA	"CL:0000394"	"plasmatocyte (Drosophila)"	"missing child term"	"B1"	NA	10
"GTAGGCCCAATACGCT"	2	"SRX7869893"	"SRP251970"	"blood"	"PM2"	NA	NA	NA	"CL:0000394"	"plasmatocyte (Drosophila)"	"missing child term"	"B1"	NA	11
"GTAGTCACACACTGCG"	0	"SRX7869893"	"SRP251970"	"blood"	"PM1"	NA	NA	NA	"CL:0000394"	"plasmatocyte (Drosophila)"	"missing child term"	"B1"	NA	1
"GTAGTCAGTCACACGC"	0	"SRX7869893"	"SRP251970"	"blood"	"PM1"	NA	NA	NA	"CL:0000394"	"plasmatocyte (Drosophila)"	"missing child term"	"B1"	NA	1
"GTATCTTCACCACGTG"	0	"SRX7869893"	"SRP251970"	"blood"	"PM1"	NA	NA	NA	"CL:0000394"	"plasmatocyte (Drosophila)"	"missing child term"	"B1"	NA	1
"GTCAAGTAGGTAAACT"	0	"SRX7869893"	"SRP251970"	"blood"	"PM1"	NA	NA	NA	"CL:0000394"	"plasmatocyte (Drosophila)"	"missing child term"	"B1"	NA	1
"GTCAAGTCAAGGACAC"	0	"SRX7869893"	"SRP251970"	"blood"	"PM1"	NA	NA	NA	"CL:0000394"	"plasmatocyte (Drosophila)"	"missing child term"	"B1"	NA	1
"GTCACAACACGAGGTA"	3	"SRX7869893"	"SRP251970"	"blood"	"LM1"	NA	NA	NA	"FBbt:00005248"	"prolamellocyte (Drosophila)"	"perfect match"	"B1"	NA	2
"GTCACAACACGTGAGA"	0	"SRX7869893"	"SRP251970"	"blood"	"PM1"	NA	NA	NA	"CL:0000394"	"plasmatocyte (Drosophila)"	"missing child term"	"B1"	NA	1
"GTCACGGGTACTTCTT"	6	"SRX7869893"	"SRP251970"	"blood"	"PM5"	NA	NA	NA	"CL:0000394"	"plasmatocyte (Drosophila)"	"missing child term"	"B1"	NA	10
"GTCATTTCAAGGTTTC"	0	"SRX7869893"	"SRP251970"	"blood"	"PM1"	NA	NA	NA	"CL:0000394"	"plasmatocyte (Drosophila)"	"missing child term"	"B1"	NA	1
"GTCCTCAAGATCTGAA"	3	"SRX7869893"	"SRP251970"	"blood"	"LM1"	NA	NA	NA	"FBbt:00005248"	"prolamellocyte (Drosophila)"	"perfect match"	"B1"	NA	2
"GTCGGGTTCATAAAGG"	0	"SRX7869893"	"SRP251970"	"blood"	"PM1"	NA	NA	NA	"CL:0000394"	"plasmatocyte (Drosophila)"	"missing child term"	"B1"	NA	1
"GTCGTAAAGAGGACGG"	3	"SRX7869893"	"SRP251970"	"blood"	"LM1"	NA	NA	NA	"FBbt:00005248"	"prolamellocyte (Drosophila)"	"perfect match"	"B1"	NA	2
"GTCGTAAGTAGGCATG"	0	"SRX7869893"	"SRP251970"	"blood"	"PM1"	NA	NA	NA	"CL:0000394"	"plasmatocyte (Drosophila)"	"missing child term"	"B1"	NA	1
"GTCGTAAGTCTAAACC"	6	"SRX7869893"	"SRP251970"	"blood"	"PM5"	NA	NA	NA	"CL:0000394"	"plasmatocyte (Drosophila)"	"missing child term"	"B1"	NA	10
"GTCGTAATCACGACTA"	0	"SRX7869893"	"SRP251970"	"blood"	"PM1"	NA	NA	NA	"CL:0000394"	"plasmatocyte (Drosophila)"	"missing child term"	"B1"	NA	1
"GTCGTAATCCACTCCA"	0	"SRX7869893"	"SRP251970"	"blood"	"PM1"	NA	NA	NA	"CL:0000394"	"plasmatocyte (Drosophila)"	"missing child term"	"B1"	NA	1
"GTCGTAATCTCAAACG"	0	"SRX7869893"	"SRP251970"	"blood"	"PM1"	NA	NA	NA	"CL:0000394"	"plasmatocyte (Drosophila)"	"missing child term"	"B1"	NA	1
"GTCTCGTAGGCTCATT"	0	"SRX7869893"	"SRP251970"	"blood"	"PM1"	NA	NA	NA	"CL:0000394"	"plasmatocyte (Drosophila)"	"missing child term"	"B1"	NA	1
"GTCTCGTTCCCGACTT"	0	"SRX7869893"	"SRP251970"	"blood"	"PM1"	NA	NA	NA	"CL:0000394"	"plasmatocyte (Drosophila)"	"missing child term"	"B1"	NA	1
"GTCTTCGAGGTCGGAT"	0	"SRX7869893"	"SRP251970"	"blood"	"PM1"	NA	NA	NA	"CL:0000394"	"plasmatocyte (Drosophila)"	"missing child term"	"B1"	NA	1
"GTCTTCGCACAACGCC"	7	"SRX7869893"	"SRP251970"	"blood"	"CC2"	NA	NA	NA	"FBbt:00001690"	"embryonic/larval crystal cell (Drosophila)"	"perfect match"	"B1"	NA	4
"GTCTTCGGTCTCACCT"	3	"SRX7869893"	"SRP251970"	"blood"	"LM1"	NA	NA	NA	"FBbt:00005248"	"prolamellocyte (Drosophila)"	"perfect match"	"B1"	NA	2
"GTGAAGGAGTACGTTC"	0	"SRX7869893"	"SRP251970"	"blood"	"PM1"	NA	NA	NA	"CL:0000394"	"plasmatocyte (Drosophila)"	"missing child term"	"B1"	NA	1
"GTGCAGCAGATAGCAT"	0	"SRX7869893"	"SRP251970"	"blood"	"PM1"	NA	NA	NA	"CL:0000394"	"plasmatocyte (Drosophila)"	"missing child term"	"B1"	NA	1
"GTGCAGCCATTTCAGG"	0	"SRX7869893"	"SRP251970"	"blood"	"PM1"	NA	NA	NA	"CL:0000394"	"plasmatocyte (Drosophila)"	"missing child term"	"B1"	NA	1
"GTGCAGCGTCGACTAT"	0	"SRX7869893"	"SRP251970"	"blood"	"PM1"	NA	NA	NA	"CL:0000394"	"plasmatocyte (Drosophila)"	"missing child term"	"B1"	NA	1
"GTGCATAGTCTGATCA"	0	"SRX7869893"	"SRP251970"	"blood"	"PM1"	NA	NA	NA	"CL:0000394"	"plasmatocyte (Drosophila)"	"missing child term"	"B1"	NA	1
"GTGCATAGTTCGCTAA"	0	"SRX7869893"	"SRP251970"	"blood"	"PM1"	NA	NA	NA	"CL:0000394"	"plasmatocyte (Drosophila)"	"missing child term"	"B1"	NA	1
"GTGCGGTAGTGTACGG"	9	"SRX7869893"	"SRP251970"	"blood"	"PM9"	NA	NA	NA	"CL:0000394"	"plasmatocyte (Drosophila)"	"missing child term"	"B1"	NA	8
"GTGTGCGTCTATCCCG"	0	"SRX7869893"	"SRP251970"	"blood"	"PM1"	NA	NA	NA	"CL:0000394"	"plasmatocyte (Drosophila)"	"missing child term"	"B1"	NA	1
"GTGTTAGCATCCCACT"	0	"SRX7869893"	"SRP251970"	"blood"	"PM1"	NA	NA	NA	"CL:0000394"	"plasmatocyte (Drosophila)"	"missing child term"	"B1"	NA	1
"GTTAAGCAGTACATGA"	0	"SRX7869893"	"SRP251970"	"blood"	"PM1"	NA	NA	NA	"CL:0000394"	"plasmatocyte (Drosophila)"	"missing child term"	"B1"	NA	1
"GTTACAGCAAAGCAAT"	0	"SRX7869893"	"SRP251970"	"blood"	"PM1"	NA	NA	NA	"CL:0000394"	"plasmatocyte (Drosophila)"	"missing child term"	"B1"	NA	1
"GTTACAGCAGCCTATA"	0	"SRX7869893"	"SRP251970"	"blood"	"PM1"	NA	NA	NA	"CL:0000394"	"plasmatocyte (Drosophila)"	"missing child term"	"B1"	NA	1
"GTTCATTCATTTCACT"	4	"SRX7869893"	"SRP251970"	"blood"	"PM3"	NA	NA	NA	"CL:0000394"	"plasmatocyte (Drosophila)"	"missing child term"	"B1"	NA	7
"GTTCATTGTCCGAAGA"	0	"SRX7869893"	"SRP251970"	"blood"	"PM1"	NA	NA	NA	"CL:0000394"	"plasmatocyte (Drosophila)"	"missing child term"	"B1"	NA	1
"GTTCGGGTCTGTCCGT"	0	"SRX7869893"	"SRP251970"	"blood"	"PM1"	NA	NA	NA	"CL:0000394"	"plasmatocyte (Drosophila)"	"missing child term"	"B1"	NA	1
"GTTCTCGTCGGCGCTA"	7	"SRX7869893"	"SRP251970"	"blood"	"CC2"	NA	NA	NA	"FBbt:00001690"	"embryonic/larval crystal cell (Drosophila)"	"perfect match"	"B1"	NA	4
"GTTTCTAAGAAACCAT"	0	"SRX7869893"	"SRP251970"	"blood"	"PM1"	NA	NA	NA	"CL:0000394"	"plasmatocyte (Drosophila)"	"missing child term"	"B1"	NA	1
"TAAACCGAGCCTCGTG"	3	"SRX7869893"	"SRP251970"	"blood"	"LM1"	NA	NA	NA	"FBbt:00005248"	"prolamellocyte (Drosophila)"	"perfect match"	"B1"	NA	2
"TAAACCGCAGTATAAG"	0	"SRX7869893"	"SRP251970"	"blood"	"PM1"	NA	NA	NA	"CL:0000394"	"plasmatocyte (Drosophila)"	"missing child term"	"B1"	NA	1
"TAAACCGGTGAAATCA"	0	"SRX7869893"	"SRP251970"	"blood"	"PM1"	NA	NA	NA	"CL:0000394"	"plasmatocyte (Drosophila)"	"missing child term"	"B1"	NA	1
"TAAGCGTAGCGTAATA"	0	"SRX7869893"	"SRP251970"	"blood"	"PM1"	NA	NA	NA	"CL:0000394"	"plasmatocyte (Drosophila)"	"missing child term"	"B1"	NA	1
"TAAGCGTAGTACTTGC"	0	"SRX7869893"	"SRP251970"	"blood"	"PM1"	NA	NA	NA	"CL:0000394"	"plasmatocyte (Drosophila)"	"missing child term"	"B1"	NA	1
"TAAGCGTCAGCCTGTG"	0	"SRX7869893"	"SRP251970"	"blood"	"PM1"	NA	NA	NA	"CL:0000394"	"plasmatocyte (Drosophila)"	"missing child term"	"B1"	NA	1
"TAAGCGTGTGTAAGTA"	0	"SRX7869893"	"SRP251970"	"blood"	"PM1"	NA	NA	NA	"CL:0000394"	"plasmatocyte (Drosophila)"	"missing child term"	"B1"	NA	1
"TAAGCGTTCATCGCTC"	0	"SRX7869893"	"SRP251970"	"blood"	"PM1"	NA	NA	NA	"CL:0000394"	"plasmatocyte (Drosophila)"	"missing child term"	"B1"	NA	1
"TAAGTGCGTATTCGTG"	0	"SRX7869893"	"SRP251970"	"blood"	"PM1"	NA	NA	NA	"CL:0000394"	"plasmatocyte (Drosophila)"	"missing child term"	"B1"	NA	1
"TACACGATCACGCGGT"	0	"SRX7869893"	"SRP251970"	"blood"	"PM1"	NA	NA	NA	"CL:0000394"	"plasmatocyte (Drosophila)"	"missing child term"	"B1"	NA	1
"TACCTATGTAAATACG"	0	"SRX7869893"	"SRP251970"	"blood"	"PM1"	NA	NA	NA	"CL:0000394"	"plasmatocyte (Drosophila)"	"missing child term"	"B1"	NA	1
"TACCTATTCACGCGGT"	0	"SRX7869893"	"SRP251970"	"blood"	"PM1"	NA	NA	NA	"CL:0000394"	"plasmatocyte (Drosophila)"	"missing child term"	"B1"	NA	1
"TACCTTAAGTACACCT"	0	"SRX7869893"	"SRP251970"	"blood"	"PM1"	NA	NA	NA	"CL:0000394"	"plasmatocyte (Drosophila)"	"missing child term"	"B1"	NA	1
"TACGGATTCTGCAAGT"	0	"SRX7869893"	"SRP251970"	"blood"	"PM1"	NA	NA	NA	"CL:0000394"	"plasmatocyte (Drosophila)"	"missing child term"	"B1"	NA	1
"TACGGGCAGGCTAGAC"	0	"SRX7869893"	"SRP251970"	"blood"	"PM1"	NA	NA	NA	"CL:0000394"	"plasmatocyte (Drosophila)"	"missing child term"	"B1"	NA	1
"TACGGTAAGCGTCTAT"	9	"SRX7869893"	"SRP251970"	"blood"	"PM9"	NA	NA	NA	"CL:0000394"	"plasmatocyte (Drosophila)"	"missing child term"	"B1"	NA	8
"TACGGTACATGCCTTC"	0	"SRX7869893"	"SRP251970"	"blood"	"PM1"	NA	NA	NA	"CL:0000394"	"plasmatocyte (Drosophila)"	"missing child term"	"B1"	NA	1
"TACGGTATCTCTAAGG"	0	"SRX7869893"	"SRP251970"	"blood"	"PM1"	NA	NA	NA	"CL:0000394"	"plasmatocyte (Drosophila)"	"missing child term"	"B1"	NA	1
"TACTCGCAGGATTCGG"	0	"SRX7869893"	"SRP251970"	"blood"	"PM1"	NA	NA	NA	"CL:0000394"	"plasmatocyte (Drosophila)"	"missing child term"	"B1"	NA	1
"TACTTACAGTGCAAGC"	4	"SRX7869893"	"SRP251970"	"blood"	"PM3"	NA	NA	NA	"CL:0000394"	"plasmatocyte (Drosophila)"	"missing child term"	"B1"	NA	7
"TACTTACCAAAGGAAG"	0	"SRX7869893"	"SRP251970"	"blood"	"PM1"	NA	NA	NA	"CL:0000394"	"plasmatocyte (Drosophila)"	"missing child term"	"B1"	NA	1
"TACTTACGTACTTCTT"	0	"SRX7869893"	"SRP251970"	"blood"	"PM1"	NA	NA	NA	"CL:0000394"	"plasmatocyte (Drosophila)"	"missing child term"	"B1"	NA	1
"TACTTGTAGGCAATTA"	0	"SRX7869893"	"SRP251970"	"blood"	"PM1"	NA	NA	NA	"CL:0000394"	"plasmatocyte (Drosophila)"	"missing child term"	"B1"	NA	1
"TACTTGTTCAGGATCT"	4	"SRX7869893"	"SRP251970"	"blood"	"PM3"	NA	NA	NA	"CL:0000394"	"plasmatocyte (Drosophila)"	"missing child term"	"B1"	NA	7
"TAGACCACAGACAGGT"	6	"SRX7869893"	"SRP251970"	"blood"	"PM5"	NA	NA	NA	"CL:0000394"	"plasmatocyte (Drosophila)"	"missing child term"	"B1"	NA	10
"TAGACCATCACCAGGC"	7	"SRX7869893"	"SRP251970"	"blood"	"CC2"	NA	NA	NA	"FBbt:00001690"	"embryonic/larval crystal cell (Drosophila)"	"perfect match"	"B1"	NA	4
"TAGCCGGAGCGTTGCC"	0	"SRX7869893"	"SRP251970"	"blood"	"PM1"	NA	NA	NA	"CL:0000394"	"plasmatocyte (Drosophila)"	"missing child term"	"B1"	NA	1
"TAGCCGGCAGCATGAG"	3	"SRX7869893"	"SRP251970"	"blood"	"LM1"	NA	NA	NA	"FBbt:00005248"	"prolamellocyte (Drosophila)"	"perfect match"	"B1"	NA	2
"TAGCCGGGTCACTTCC"	0	"SRX7869893"	"SRP251970"	"blood"	"PM1"	NA	NA	NA	"CL:0000394"	"plasmatocyte (Drosophila)"	"missing child term"	"B1"	NA	1
"TAGGCATCACTGTCGG"	3	"SRX7869893"	"SRP251970"	"blood"	"LM1"	NA	NA	NA	"FBbt:00005248"	"prolamellocyte (Drosophila)"	"perfect match"	"B1"	NA	2
"TAGTGGTAGACCCACC"	0	"SRX7869893"	"SRP251970"	"blood"	"PM1"	NA	NA	NA	"CL:0000394"	"plasmatocyte (Drosophila)"	"missing child term"	"B1"	NA	1
"TATCAGGAGTCGCCGT"	0	"SRX7869893"	"SRP251970"	"blood"	"PM1"	NA	NA	NA	"CL:0000394"	"plasmatocyte (Drosophila)"	"missing child term"	"B1"	NA	1
"TATCAGGCAACGATCT"	0	"SRX7869893"	"SRP251970"	"blood"	"PM1"	NA	NA	NA	"CL:0000394"	"plasmatocyte (Drosophila)"	"missing child term"	"B1"	NA	1
"TATCAGGCACCATCCT"	7	"SRX7869893"	"SRP251970"	"blood"	"CC2"	NA	NA	NA	"FBbt:00001690"	"embryonic/larval crystal cell (Drosophila)"	"perfect match"	"B1"	NA	4
"TATGCCCTCCTGCAGG"	15	"SRX7869893"	"SRP251970"	"blood"	"CC1"	NA	NA	NA	"CL:0000395"	"procrystal cell"	"perfect match"	"B1"	NA	3
"TATTACCAGTGGTAGC"	0	"SRX7869893"	"SRP251970"	"blood"	"PM1"	NA	NA	NA	"CL:0000394"	"plasmatocyte (Drosophila)"	"missing child term"	"B1"	NA	1
"TATTACCGTCCGAGTC"	4	"SRX7869893"	"SRP251970"	"blood"	"PM3"	NA	NA	NA	"CL:0000394"	"plasmatocyte (Drosophila)"	"missing child term"	"B1"	NA	7
"TCAACGAGTCTCCATC"	13	"SRX7869893"	"SRP251970"	"blood"	"PM10"	NA	NA	NA	"CL:0000394"	"plasmatocyte (Drosophila)"	"missing child term"	"B1"	NA	12
"TCAATCTAGCCATCGC"	3	"SRX7869893"	"SRP251970"	"blood"	"LM1"	NA	NA	NA	"FBbt:00005248"	"prolamellocyte (Drosophila)"	"perfect match"	"B1"	NA	2
"TCAATCTAGGAGTTGC"	0	"SRX7869893"	"SRP251970"	"blood"	"PM1"	NA	NA	NA	"CL:0000394"	"plasmatocyte (Drosophila)"	"missing child term"	"B1"	NA	1
"TCAATCTCACTTCTGC"	0	"SRX7869893"	"SRP251970"	"blood"	"PM1"	NA	NA	NA	"CL:0000394"	"plasmatocyte (Drosophila)"	"missing child term"	"B1"	NA	1
"TCAATCTTCACTTCAT"	4	"SRX7869893"	"SRP251970"	"blood"	"PM3"	NA	NA	NA	"CL:0000394"	"plasmatocyte (Drosophila)"	"missing child term"	"B1"	NA	7
"TCACAAGAGATCCCGC"	3	"SRX7869893"	"SRP251970"	"blood"	"LM1"	NA	NA	NA	"FBbt:00005248"	"prolamellocyte (Drosophila)"	"perfect match"	"B1"	NA	2
"TCACGAAAGCGATAGC"	0	"SRX7869893"	"SRP251970"	"blood"	"PM1"	NA	NA	NA	"CL:0000394"	"plasmatocyte (Drosophila)"	"missing child term"	"B1"	NA	1
"TCACGAAGTGAGCGAT"	0	"SRX7869893"	"SRP251970"	"blood"	"PM1"	NA	NA	NA	"CL:0000394"	"plasmatocyte (Drosophila)"	"missing child term"	"B1"	NA	1
"TCACGAATCGAGCCCA"	7	"SRX7869893"	"SRP251970"	"blood"	"CC2"	NA	NA	NA	"FBbt:00001690"	"embryonic/larval crystal cell (Drosophila)"	"perfect match"	"B1"	NA	4
"TCAGATGAGTCCAGGA"	0	"SRX7869893"	"SRP251970"	"blood"	"PM1"	NA	NA	NA	"CL:0000394"	"plasmatocyte (Drosophila)"	"missing child term"	"B1"	NA	1
"TCAGATGCAGTCACTA"	0	"SRX7869893"	"SRP251970"	"blood"	"PM1"	NA	NA	NA	"CL:0000394"	"plasmatocyte (Drosophila)"	"missing child term"	"B1"	NA	1
"TCAGCTCAGAATAGGG"	0	"SRX7869893"	"SRP251970"	"blood"	"PM1"	NA	NA	NA	"CL:0000394"	"plasmatocyte (Drosophila)"	"missing child term"	"B1"	NA	1
"TCAGCTCAGACTTGAA"	0	"SRX7869893"	"SRP251970"	"blood"	"PM1"	NA	NA	NA	"CL:0000394"	"plasmatocyte (Drosophila)"	"missing child term"	"B1"	NA	1
"TCAGGATTCATTGCCC"	0	"SRX7869893"	"SRP251970"	"blood"	"PM1"	NA	NA	NA	"CL:0000394"	"plasmatocyte (Drosophila)"	"missing child term"	"B1"	NA	1
"TCAGGTACACGAGAGT"	0	"SRX7869893"	"SRP251970"	"blood"	"PM1"	NA	NA	NA	"CL:0000394"	"plasmatocyte (Drosophila)"	"missing child term"	"B1"	NA	1
"TCATTACTCTGCTGTC"	0	"SRX7869893"	"SRP251970"	"blood"	"PM1"	NA	NA	NA	"CL:0000394"	"plasmatocyte (Drosophila)"	"missing child term"	"B1"	NA	1
"TCATTTGAGGCGACAT"	0	"SRX7869893"	"SRP251970"	"blood"	"PM1"	NA	NA	NA	"CL:0000394"	"plasmatocyte (Drosophila)"	"missing child term"	"B1"	NA	1
"TCATTTGAGTACCGGA"	0	"SRX7869893"	"SRP251970"	"blood"	"PM1"	NA	NA	NA	"CL:0000394"	"plasmatocyte (Drosophila)"	"missing child term"	"B1"	NA	1
"TCATTTGCACCAGTTA"	2	"SRX7869893"	"SRP251970"	"blood"	"PM2"	NA	NA	NA	"CL:0000394"	"plasmatocyte (Drosophila)"	"missing child term"	"B1"	NA	11
"TCATTTGCATAAAGGT"	0	"SRX7869893"	"SRP251970"	"blood"	"PM1"	NA	NA	NA	"CL:0000394"	"plasmatocyte (Drosophila)"	"missing child term"	"B1"	NA	1
"TCCCGATAGGGTTCCC"	0	"SRX7869893"	"SRP251970"	"blood"	"PM1"	NA	NA	NA	"CL:0000394"	"plasmatocyte (Drosophila)"	"missing child term"	"B1"	NA	1
"TCCCGATGTCAGTGGA"	8	"SRX7869893"	"SRP251970"	"blood"	"PM8"	NA	NA	NA	"CL:0000394"	"plasmatocyte (Drosophila)"	"missing child term"	"B1"	NA	5
"TCGAGGCAGTTGCAGG"	3	"SRX7869893"	"SRP251970"	"blood"	"LM1"	NA	NA	NA	"FBbt:00005248"	"prolamellocyte (Drosophila)"	"perfect match"	"B1"	NA	2
"TCGAGGCCAGTGGGAT"	8	"SRX7869893"	"SRP251970"	"blood"	"PM8"	NA	NA	NA	"CL:0000394"	"plasmatocyte (Drosophila)"	"missing child term"	"B1"	NA	5
"TCGAGGCTCCTCTAGC"	0	"SRX7869893"	"SRP251970"	"blood"	"PM1"	NA	NA	NA	"CL:0000394"	"plasmatocyte (Drosophila)"	"missing child term"	"B1"	NA	1
"TCGGGACGTATCAGTC"	3	"SRX7869893"	"SRP251970"	"blood"	"LM1"	NA	NA	NA	"FBbt:00005248"	"prolamellocyte (Drosophila)"	"perfect match"	"B1"	NA	2
"TCGGTAAAGTTGCAGG"	0	"SRX7869893"	"SRP251970"	"blood"	"PM1"	NA	NA	NA	"CL:0000394"	"plasmatocyte (Drosophila)"	"missing child term"	"B1"	NA	1
"TCGGTAAGTCTGGAGA"	0	"SRX7869893"	"SRP251970"	"blood"	"PM1"	NA	NA	NA	"CL:0000394"	"plasmatocyte (Drosophila)"	"missing child term"	"B1"	NA	1
"TCGGTAAGTTTAGGAA"	4	"SRX7869893"	"SRP251970"	"blood"	"PM3"	NA	NA	NA	"CL:0000394"	"plasmatocyte (Drosophila)"	"missing child term"	"B1"	NA	7
"TCGTACCTCTGTCAAG"	15	"SRX7869893"	"SRP251970"	"blood"	"CC1"	NA	NA	NA	"CL:0000395"	"procrystal cell"	"perfect match"	"B1"	NA	3
"TCTATTGAGACTAGAT"	9	"SRX7869893"	"SRP251970"	"blood"	"PM9"	NA	NA	NA	"CL:0000394"	"plasmatocyte (Drosophila)"	"missing child term"	"B1"	NA	8
"TCTATTGAGCTAGGCA"	0	"SRX7869893"	"SRP251970"	"blood"	"PM1"	NA	NA	NA	"CL:0000394"	"plasmatocyte (Drosophila)"	"missing child term"	"B1"	NA	1
"TCTATTGAGTACGCCC"	0	"SRX7869893"	"SRP251970"	"blood"	"PM1"	NA	NA	NA	"CL:0000394"	"plasmatocyte (Drosophila)"	"missing child term"	"B1"	NA	1
"TCTATTGTCAGTTCGA"	7	"SRX7869893"	"SRP251970"	"blood"	"CC2"	NA	NA	NA	"FBbt:00001690"	"embryonic/larval crystal cell (Drosophila)"	"perfect match"	"B1"	NA	4
"TCTCATATCTTAGCCC"	0	"SRX7869893"	"SRP251970"	"blood"	"PM1"	NA	NA	NA	"CL:0000394"	"plasmatocyte (Drosophila)"	"missing child term"	"B1"	NA	1
"TCTGGAAGTGGTAACG"	4	"SRX7869893"	"SRP251970"	"blood"	"PM3"	NA	NA	NA	"CL:0000394"	"plasmatocyte (Drosophila)"	"missing child term"	"B1"	NA	7
"TCTTCGGCAAGGTTTC"	0	"SRX7869893"	"SRP251970"	"blood"	"PM1"	NA	NA	NA	"CL:0000394"	"plasmatocyte (Drosophila)"	"missing child term"	"B1"	NA	1
"TCTTCGGGTGTGACGA"	0	"SRX7869893"	"SRP251970"	"blood"	"PM1"	NA	NA	NA	"CL:0000394"	"plasmatocyte (Drosophila)"	"missing child term"	"B1"	NA	1
"TCTTCGGGTTCGGGCT"	6	"SRX7869893"	"SRP251970"	"blood"	"PM5"	NA	NA	NA	"CL:0000394"	"plasmatocyte (Drosophila)"	"missing child term"	"B1"	NA	10
"TCTTTCCAGTGTTGAA"	0	"SRX7869893"	"SRP251970"	"blood"	"PM1"	NA	NA	NA	"CL:0000394"	"plasmatocyte (Drosophila)"	"missing child term"	"B1"	NA	1
"TCTTTCCCATAAGACA"	0	"SRX7869893"	"SRP251970"	"blood"	"PM1"	NA	NA	NA	"CL:0000394"	"plasmatocyte (Drosophila)"	"missing child term"	"B1"	NA	1
"TCTTTCCTCTACTATC"	3	"SRX7869893"	"SRP251970"	"blood"	"LM1"	NA	NA	NA	"FBbt:00005248"	"prolamellocyte (Drosophila)"	"perfect match"	"B1"	NA	2
"TGAAAGAAGAAACCGC"	3	"SRX7869893"	"SRP251970"	"blood"	"LM1"	NA	NA	NA	"FBbt:00005248"	"prolamellocyte (Drosophila)"	"perfect match"	"B1"	NA	2
"TGAAAGACACGGCGTT"	0	"SRX7869893"	"SRP251970"	"blood"	"PM1"	NA	NA	NA	"CL:0000394"	"plasmatocyte (Drosophila)"	"missing child term"	"B1"	NA	1
"TGACAACAGCCCAGCT"	0	"SRX7869893"	"SRP251970"	"blood"	"PM1"	NA	NA	NA	"CL:0000394"	"plasmatocyte (Drosophila)"	"missing child term"	"B1"	NA	1
"TGACAACGTCGACTAT"	0	"SRX7869893"	"SRP251970"	"blood"	"PM1"	NA	NA	NA	"CL:0000394"	"plasmatocyte (Drosophila)"	"missing child term"	"B1"	NA	1
"TGACGGCGTTCCTCCA"	0	"SRX7869893"	"SRP251970"	"blood"	"PM1"	NA	NA	NA	"CL:0000394"	"plasmatocyte (Drosophila)"	"missing child term"	"B1"	NA	1
"TGACTAGAGCGATTCT"	0	"SRX7869893"	"SRP251970"	"blood"	"PM1"	NA	NA	NA	"CL:0000394"	"plasmatocyte (Drosophila)"	"missing child term"	"B1"	NA	1
"TGACTAGCAGCCTTTC"	4	"SRX7869893"	"SRP251970"	"blood"	"PM3"	NA	NA	NA	"CL:0000394"	"plasmatocyte (Drosophila)"	"missing child term"	"B1"	NA	7
"TGACTAGGTATAAACG"	0	"SRX7869893"	"SRP251970"	"blood"	"PM1"	NA	NA	NA	"CL:0000394"	"plasmatocyte (Drosophila)"	"missing child term"	"B1"	NA	1
"TGACTAGTCCGAATGT"	0	"SRX7869893"	"SRP251970"	"blood"	"PM1"	NA	NA	NA	"CL:0000394"	"plasmatocyte (Drosophila)"	"missing child term"	"B1"	NA	1
"TGACTTTAGTTACGGG"	0	"SRX7869893"	"SRP251970"	"blood"	"PM1"	NA	NA	NA	"CL:0000394"	"plasmatocyte (Drosophila)"	"missing child term"	"B1"	NA	1
"TGAGAGGAGATATGGT"	2	"SRX7869893"	"SRP251970"	"blood"	"PM2"	NA	NA	NA	"CL:0000394"	"plasmatocyte (Drosophila)"	"missing child term"	"B1"	NA	11
"TGAGCATAGCGCTTAT"	0	"SRX7869893"	"SRP251970"	"blood"	"PM1"	NA	NA	NA	"CL:0000394"	"plasmatocyte (Drosophila)"	"missing child term"	"B1"	NA	1
"TGAGCCGGTCTGGAGA"	0	"SRX7869893"	"SRP251970"	"blood"	"PM1"	NA	NA	NA	"CL:0000394"	"plasmatocyte (Drosophila)"	"missing child term"	"B1"	NA	1
"TGAGGGAAGATGTGTA"	0	"SRX7869893"	"SRP251970"	"blood"	"PM1"	NA	NA	NA	"CL:0000394"	"plasmatocyte (Drosophila)"	"missing child term"	"B1"	NA	1
"TGCACCTGTCGTGGCT"	13	"SRX7869893"	"SRP251970"	"blood"	"PM10"	NA	NA	NA	"CL:0000394"	"plasmatocyte (Drosophila)"	"missing child term"	"B1"	NA	12
"TGCCAAACATTAGCCA"	0	"SRX7869893"	"SRP251970"	"blood"	"PM1"	NA	NA	NA	"CL:0000394"	"plasmatocyte (Drosophila)"	"missing child term"	"B1"	NA	1
"TGCCAAAGTCTTCAAG"	0	"SRX7869893"	"SRP251970"	"blood"	"PM1"	NA	NA	NA	"CL:0000394"	"plasmatocyte (Drosophila)"	"missing child term"	"B1"	NA	1
"TGCCCATTCCCTAATT"	0	"SRX7869893"	"SRP251970"	"blood"	"PM1"	NA	NA	NA	"CL:0000394"	"plasmatocyte (Drosophila)"	"missing child term"	"B1"	NA	1
"TGCCCTAGTCCGTTAA"	8	"SRX7869893"	"SRP251970"	"blood"	"PM8"	NA	NA	NA	"CL:0000394"	"plasmatocyte (Drosophila)"	"missing child term"	"B1"	NA	5
"TGCGCAGAGCCGGTAA"	0	"SRX7869893"	"SRP251970"	"blood"	"PM1"	NA	NA	NA	"CL:0000394"	"plasmatocyte (Drosophila)"	"missing child term"	"B1"	NA	1
"TGCGTGGCAGAAGCAC"	0	"SRX7869893"	"SRP251970"	"blood"	"PM1"	NA	NA	NA	"CL:0000394"	"plasmatocyte (Drosophila)"	"missing child term"	"B1"	NA	1
"TGCGTGGTCTGCAGTA"	0	"SRX7869893"	"SRP251970"	"blood"	"PM1"	NA	NA	NA	"CL:0000394"	"plasmatocyte (Drosophila)"	"missing child term"	"B1"	NA	1
"TGCTACCCAGTAACGG"	0	"SRX7869893"	"SRP251970"	"blood"	"PM1"	NA	NA	NA	"CL:0000394"	"plasmatocyte (Drosophila)"	"missing child term"	"B1"	NA	1
"TGCTACCGTCGGGTCT"	0	"SRX7869893"	"SRP251970"	"blood"	"PM1"	NA	NA	NA	"CL:0000394"	"plasmatocyte (Drosophila)"	"missing child term"	"B1"	NA	1
"TGCTGCTCACGAAGCA"	13	"SRX7869893"	"SRP251970"	"blood"	"PM10"	NA	NA	NA	"CL:0000394"	"plasmatocyte (Drosophila)"	"missing child term"	"B1"	NA	12
"TGCTGCTGTACCCAAT"	16	"SRX7869893"	"SRP251970"	"blood"	"PM11"	NA	NA	NA	"CL:0000394"	"plasmatocyte (Drosophila)"	"missing child term"	"B1"	NA	9
"TGCTGCTGTTGTACAC"	2	"SRX7869893"	"SRP251970"	"blood"	"PM2"	NA	NA	NA	"CL:0000394"	"plasmatocyte (Drosophila)"	"missing child term"	"B1"	NA	11
"TGCTGCTTCGCCCTTA"	0	"SRX7869893"	"SRP251970"	"blood"	"PM1"	NA	NA	NA	"CL:0000394"	"plasmatocyte (Drosophila)"	"missing child term"	"B1"	NA	1
"TGGACGCGTTCAACCA"	0	"SRX7869893"	"SRP251970"	"blood"	"PM1"	NA	NA	NA	"CL:0000394"	"plasmatocyte (Drosophila)"	"missing child term"	"B1"	NA	1
"TGGACGCTCTGAGTGT"	0	"SRX7869893"	"SRP251970"	"blood"	"PM1"	NA	NA	NA	"CL:0000394"	"plasmatocyte (Drosophila)"	"missing child term"	"B1"	NA	1
"TGGCGCACAAGTAGTA"	7	"SRX7869893"	"SRP251970"	"blood"	"CC2"	NA	NA	NA	"FBbt:00001690"	"embryonic/larval crystal cell (Drosophila)"	"perfect match"	"B1"	NA	4
"TGGCGCACACCGCTAG"	2	"SRX7869893"	"SRP251970"	"blood"	"PM2"	NA	NA	NA	"CL:0000394"	"plasmatocyte (Drosophila)"	"missing child term"	"B1"	NA	11
"TGGCGCACATCCTTGC"	4	"SRX7869893"	"SRP251970"	"blood"	"PM3"	NA	NA	NA	"CL:0000394"	"plasmatocyte (Drosophila)"	"missing child term"	"B1"	NA	7
"TGGCGCATCACCGTAA"	7	"SRX7869893"	"SRP251970"	"blood"	"CC2"	NA	NA	NA	"FBbt:00001690"	"embryonic/larval crystal cell (Drosophila)"	"perfect match"	"B1"	NA	4
"TGGGAAGAGGAATTAC"	0	"SRX7869893"	"SRP251970"	"blood"	"PM1"	NA	NA	NA	"CL:0000394"	"plasmatocyte (Drosophila)"	"missing child term"	"B1"	NA	1
"TGGGAAGAGGCTCAGA"	8	"SRX7869893"	"SRP251970"	"blood"	"PM8"	NA	NA	NA	"CL:0000394"	"plasmatocyte (Drosophila)"	"missing child term"	"B1"	NA	5
"TGGGAAGAGGTGCACA"	3	"SRX7869893"	"SRP251970"	"blood"	"LM1"	NA	NA	NA	"FBbt:00005248"	"prolamellocyte (Drosophila)"	"perfect match"	"B1"	NA	2
"TGGGAAGGTTCCATGA"	4	"SRX7869893"	"SRP251970"	"blood"	"PM3"	NA	NA	NA	"CL:0000394"	"plasmatocyte (Drosophila)"	"missing child term"	"B1"	NA	7
"TGGGCGTCATGAGCGA"	7	"SRX7869893"	"SRP251970"	"blood"	"CC2"	NA	NA	NA	"FBbt:00001690"	"embryonic/larval crystal cell (Drosophila)"	"perfect match"	"B1"	NA	4
"TGGTTAGAGACTAAGT"	2	"SRX7869893"	"SRP251970"	"blood"	"PM2"	NA	NA	NA	"CL:0000394"	"plasmatocyte (Drosophila)"	"missing child term"	"B1"	NA	11
"TGGTTAGGTTCAGGCC"	0	"SRX7869893"	"SRP251970"	"blood"	"PM1"	NA	NA	NA	"CL:0000394"	"plasmatocyte (Drosophila)"	"missing child term"	"B1"	NA	1
"TGGTTCCGTACAGCAG"	7	"SRX7869893"	"SRP251970"	"blood"	"CC2"	NA	NA	NA	"FBbt:00001690"	"embryonic/larval crystal cell (Drosophila)"	"perfect match"	"B1"	NA	4
"TGGTTCCTCAGAGGTG"	0	"SRX7869893"	"SRP251970"	"blood"	"PM1"	NA	NA	NA	"CL:0000394"	"plasmatocyte (Drosophila)"	"missing child term"	"B1"	NA	1
"TGGTTCCTCGGAATCT"	0	"SRX7869893"	"SRP251970"	"blood"	"PM1"	NA	NA	NA	"CL:0000394"	"plasmatocyte (Drosophila)"	"missing child term"	"B1"	NA	1
"TGTATTCCACAAGACG"	3	"SRX7869893"	"SRP251970"	"blood"	"LM1"	NA	NA	NA	"FBbt:00005248"	"prolamellocyte (Drosophila)"	"perfect match"	"B1"	NA	2
"TGTATTCCAGCTCGCA"	0	"SRX7869893"	"SRP251970"	"blood"	"PM1"	NA	NA	NA	"CL:0000394"	"plasmatocyte (Drosophila)"	"missing child term"	"B1"	NA	1
"TGTATTCCATCGGGTC"	4	"SRX7869893"	"SRP251970"	"blood"	"PM3"	NA	NA	NA	"CL:0000394"	"plasmatocyte (Drosophila)"	"missing child term"	"B1"	NA	7
"TGTATTCGTGACTCAT"	0	"SRX7869893"	"SRP251970"	"blood"	"PM1"	NA	NA	NA	"CL:0000394"	"plasmatocyte (Drosophila)"	"missing child term"	"B1"	NA	1
"TGTATTCTCCTTGCCA"	0	"SRX7869893"	"SRP251970"	"blood"	"PM1"	NA	NA	NA	"CL:0000394"	"plasmatocyte (Drosophila)"	"missing child term"	"B1"	NA	1
"TGTCCCAAGATCCGAG"	0	"SRX7869893"	"SRP251970"	"blood"	"PM1"	NA	NA	NA	"CL:0000394"	"plasmatocyte (Drosophila)"	"missing child term"	"B1"	NA	1
"TGTCCCAGTCGGCATC"	0	"SRX7869893"	"SRP251970"	"blood"	"PM1"	NA	NA	NA	"CL:0000394"	"plasmatocyte (Drosophila)"	"missing child term"	"B1"	NA	1
"TGTGTTTTCTCATTCA"	0	"SRX7869893"	"SRP251970"	"blood"	"PM1"	NA	NA	NA	"CL:0000394"	"plasmatocyte (Drosophila)"	"missing child term"	"B1"	NA	1
"TGTTCCGAGGCATGGT"	0	"SRX7869893"	"SRP251970"	"blood"	"PM1"	NA	NA	NA	"CL:0000394"	"plasmatocyte (Drosophila)"	"missing child term"	"B1"	NA	1
"TGTTCCGGTACCGAGA"	0	"SRX7869893"	"SRP251970"	"blood"	"PM1"	NA	NA	NA	"CL:0000394"	"plasmatocyte (Drosophila)"	"missing child term"	"B1"	NA	1
"TTAGGACGTACCGTTA"	3	"SRX7869893"	"SRP251970"	"blood"	"LM1"	NA	NA	NA	"FBbt:00005248"	"prolamellocyte (Drosophila)"	"perfect match"	"B1"	NA	2
"TTAGGACGTACGACCC"	3	"SRX7869893"	"SRP251970"	"blood"	"LM1"	NA	NA	NA	"FBbt:00005248"	"prolamellocyte (Drosophila)"	"perfect match"	"B1"	NA	2
"TTAGGACGTCTCTTTA"	0	"SRX7869893"	"SRP251970"	"blood"	"PM1"	NA	NA	NA	"CL:0000394"	"plasmatocyte (Drosophila)"	"missing child term"	"B1"	NA	1
"TTAGGACTCTAACCGA"	0	"SRX7869893"	"SRP251970"	"blood"	"PM1"	NA	NA	NA	"CL:0000394"	"plasmatocyte (Drosophila)"	"missing child term"	"B1"	NA	1
"TTAGGCAGTATGAATG"	3	"SRX7869893"	"SRP251970"	"blood"	"LM1"	NA	NA	NA	"FBbt:00005248"	"prolamellocyte (Drosophila)"	"perfect match"	"B1"	NA	2
"TTAGGCATCAGTGCAT"	0	"SRX7869893"	"SRP251970"	"blood"	"PM1"	NA	NA	NA	"CL:0000394"	"plasmatocyte (Drosophila)"	"missing child term"	"B1"	NA	1
"TTAGTTCAGTGGAGAA"	0	"SRX7869893"	"SRP251970"	"blood"	"PM1"	NA	NA	NA	"CL:0000394"	"plasmatocyte (Drosophila)"	"missing child term"	"B1"	NA	1
"TTAGTTCCACACCGCA"	3	"SRX7869893"	"SRP251970"	"blood"	"LM1"	NA	NA	NA	"FBbt:00005248"	"prolamellocyte (Drosophila)"	"perfect match"	"B1"	NA	2
"TTATGCTGTTGGAGGT"	0	"SRX7869893"	"SRP251970"	"blood"	"PM1"	NA	NA	NA	"CL:0000394"	"plasmatocyte (Drosophila)"	"missing child term"	"B1"	NA	1
"TTCCCAGAGCTCCTTC"	0	"SRX7869893"	"SRP251970"	"blood"	"PM1"	NA	NA	NA	"CL:0000394"	"plasmatocyte (Drosophila)"	"missing child term"	"B1"	NA	1
"TTCCCAGAGTGTTTGC"	0	"SRX7869893"	"SRP251970"	"blood"	"PM1"	NA	NA	NA	"CL:0000394"	"plasmatocyte (Drosophila)"	"missing child term"	"B1"	NA	1
"TTCGAAGAGACGCTTT"	4	"SRX7869893"	"SRP251970"	"blood"	"PM3"	NA	NA	NA	"CL:0000394"	"plasmatocyte (Drosophila)"	"missing child term"	"B1"	NA	7
"TTCGAAGCAAATTGCC"	0	"SRX7869893"	"SRP251970"	"blood"	"PM1"	NA	NA	NA	"CL:0000394"	"plasmatocyte (Drosophila)"	"missing child term"	"B1"	NA	1
"TTCGAAGCAGGGTATG"	0	"SRX7869893"	"SRP251970"	"blood"	"PM1"	NA	NA	NA	"CL:0000394"	"plasmatocyte (Drosophila)"	"missing child term"	"B1"	NA	1
"TTCGAAGTCGGTGTCG"	3	"SRX7869893"	"SRP251970"	"blood"	"LM1"	NA	NA	NA	"FBbt:00005248"	"prolamellocyte (Drosophila)"	"perfect match"	"B1"	NA	2
"TTCGGTCCAATGGTCT"	0	"SRX7869893"	"SRP251970"	"blood"	"PM1"	NA	NA	NA	"CL:0000394"	"plasmatocyte (Drosophila)"	"missing child term"	"B1"	NA	1
"TTCGGTCGTCTGATCA"	0	"SRX7869893"	"SRP251970"	"blood"	"PM1"	NA	NA	NA	"CL:0000394"	"plasmatocyte (Drosophila)"	"missing child term"	"B1"	NA	1
"TTCTACACATGGTCAT"	0	"SRX7869893"	"SRP251970"	"blood"	"PM1"	NA	NA	NA	"CL:0000394"	"plasmatocyte (Drosophila)"	"missing child term"	"B1"	NA	1
"TTCTACAGTCCGAATT"	3	"SRX7869893"	"SRP251970"	"blood"	"LM1"	NA	NA	NA	"FBbt:00005248"	"prolamellocyte (Drosophila)"	"perfect match"	"B1"	NA	2
"TTCTACATCTCCCTGA"	0	"SRX7869893"	"SRP251970"	"blood"	"PM1"	NA	NA	NA	"CL:0000394"	"plasmatocyte (Drosophila)"	"missing child term"	"B1"	NA	1
"TTCTCAAAGGCGTACA"	0	"SRX7869893"	"SRP251970"	"blood"	"PM1"	NA	NA	NA	"CL:0000394"	"plasmatocyte (Drosophila)"	"missing child term"	"B1"	NA	1
"TTCTCAATCCAGAGGA"	3	"SRX7869893"	"SRP251970"	"blood"	"LM1"	NA	NA	NA	"FBbt:00005248"	"prolamellocyte (Drosophila)"	"perfect match"	"B1"	NA	2
"TTCTCCTCATCACCCT"	0	"SRX7869893"	"SRP251970"	"blood"	"PM1"	NA	NA	NA	"CL:0000394"	"plasmatocyte (Drosophila)"	"missing child term"	"B1"	NA	1
"TTCTTAGTCAAAGTAG"	0	"SRX7869893"	"SRP251970"	"blood"	"PM1"	NA	NA	NA	"CL:0000394"	"plasmatocyte (Drosophila)"	"missing child term"	"B1"	NA	1
"TTGAACGAGCCAGGAT"	0	"SRX7869893"	"SRP251970"	"blood"	"PM1"	NA	NA	NA	"CL:0000394"	"plasmatocyte (Drosophila)"	"missing child term"	"B1"	NA	1
"TTGACTTCAATGGTCT"	0	"SRX7869893"	"SRP251970"	"blood"	"PM1"	NA	NA	NA	"CL:0000394"	"plasmatocyte (Drosophila)"	"missing child term"	"B1"	NA	1
"TTGACTTCATGTCGAT"	0	"SRX7869893"	"SRP251970"	"blood"	"PM1"	NA	NA	NA	"CL:0000394"	"plasmatocyte (Drosophila)"	"missing child term"	"B1"	NA	1
"TTGACTTTCCACGCAG"	0	"SRX7869893"	"SRP251970"	"blood"	"PM1"	NA	NA	NA	"CL:0000394"	"plasmatocyte (Drosophila)"	"missing child term"	"B1"	NA	1
"TTGACTTTCTGCTGCT"	0	"SRX7869893"	"SRP251970"	"blood"	"PM1"	NA	NA	NA	"CL:0000394"	"plasmatocyte (Drosophila)"	"missing child term"	"B1"	NA	1
"TTGCGTCCAAGTAATG"	16	"SRX7869893"	"SRP251970"	"blood"	"PM11"	NA	NA	NA	"CL:0000394"	"plasmatocyte (Drosophila)"	"missing child term"	"B1"	NA	9
"TTGGAACTCAGTCCCT"	3	"SRX7869893"	"SRP251970"	"blood"	"LM1"	NA	NA	NA	"FBbt:00005248"	"prolamellocyte (Drosophila)"	"perfect match"	"B1"	NA	2
"TTGGCAAAGAGACTTA"	0	"SRX7869893"	"SRP251970"	"blood"	"PM1"	NA	NA	NA	"CL:0000394"	"plasmatocyte (Drosophila)"	"missing child term"	"B1"	NA	1
"TTTCCTCTCATTATCC"	3	"SRX7869893"	"SRP251970"	"blood"	"LM1"	NA	NA	NA	"FBbt:00005248"	"prolamellocyte (Drosophila)"	"perfect match"	"B1"	NA	2
"TTTGCGCTCATTATCC"	7	"SRX7869893"	"SRP251970"	"blood"	"CC2"	NA	NA	NA	"FBbt:00001690"	"embryonic/larval crystal cell (Drosophila)"	"perfect match"	"B1"	NA	4
"TTTGGTTAGAATTCCC"	0	"SRX7869893"	"SRP251970"	"blood"	"PM1"	NA	NA	NA	"CL:0000394"	"plasmatocyte (Drosophila)"	"missing child term"	"B1"	NA	1
"TTTGTCACAAGAGTCG"	0	"SRX7869893"	"SRP251970"	"blood"	"PM1"	NA	NA	NA	"CL:0000394"	"plasmatocyte (Drosophila)"	"missing child term"	"B1"	NA	1
"TTTGTCATCTATGTGG"	7	"SRX7869893"	"SRP251970"	"blood"	"CC2"	NA	NA	NA	"FBbt:00001690"	"embryonic/larval crystal cell (Drosophila)"	"perfect match"	"B1"	NA	4
"AAACCTGAGCCTATGT"	0	"SRX7869895"	"SRP251970"	"blood"	"PM1"	NA	NA	NA	"CL:0000394"	"plasmatocyte (Drosophila)"	"missing child term"	"B3"	NA	1
"AAAGATGCAATCAGAA"	0	"SRX7869895"	"SRP251970"	"blood"	"PM1"	NA	NA	NA	"CL:0000394"	"plasmatocyte (Drosophila)"	"missing child term"	"B3"	NA	1
"AAAGATGCAATGTTGC"	2	"SRX7869895"	"SRP251970"	"blood"	"PM2"	NA	NA	NA	"CL:0000394"	"plasmatocyte (Drosophila)"	"missing child term"	"B3"	NA	2
"AAAGATGCAGATCGGA"	2	"SRX7869895"	"SRP251970"	"blood"	"PM2"	NA	NA	NA	"CL:0000394"	"plasmatocyte (Drosophila)"	"missing child term"	"B3"	NA	2
"AAAGATGGTCCGACGT"	3	"SRX7869895"	"SRP251970"	"blood"	"LM1"	NA	NA	NA	"FBbt:00005248"	"prolamellocyte (Drosophila)"	"perfect match"	"B3"	NA	3
"AAAGATGTCTTTACAC"	3	"SRX7869895"	"SRP251970"	"blood"	"LM1"	NA	NA	NA	"FBbt:00005248"	"prolamellocyte (Drosophila)"	"perfect match"	"B3"	NA	3
"AAAGCAAAGCAGGCTA"	3	"SRX7869895"	"SRP251970"	"blood"	"LM1"	NA	NA	NA	"FBbt:00005248"	"prolamellocyte (Drosophila)"	"perfect match"	"B3"	NA	3
"AAAGCAAAGGTAAACT"	4	"SRX7869895"	"SRP251970"	"blood"	"PM3"	NA	NA	NA	"CL:0000394"	"plasmatocyte (Drosophila)"	"missing child term"	"B3"	NA	4
"AAAGTAGGTAGCGTCC"	2	"SRX7869895"	"SRP251970"	"blood"	"PM2"	NA	NA	NA	"CL:0000394"	"plasmatocyte (Drosophila)"	"missing child term"	"B3"	NA	2
"AAATGCCTCGTTGCCT"	3	"SRX7869895"	"SRP251970"	"blood"	"LM1"	NA	NA	NA	"FBbt:00005248"	"prolamellocyte (Drosophila)"	"perfect match"	"B3"	NA	3
"AACCATGAGAGGACGG"	6	"SRX7869895"	"SRP251970"	"blood"	"PM5"	NA	NA	NA	"CL:0000394"	"plasmatocyte (Drosophila)"	"missing child term"	"B3"	NA	5
"AACCATGCAAGTCATC"	10	"SRX7869895"	"SRP251970"	"blood"	"PM6"	NA	NA	NA	"CL:0000394"	"plasmatocyte (Drosophila)"	"missing child term"	"B3"	NA	6
"AACCATGGTGTGACGA"	0	"SRX7869895"	"SRP251970"	"blood"	"PM1"	NA	NA	NA	"CL:0000394"	"plasmatocyte (Drosophila)"	"missing child term"	"B3"	NA	1
"AACCGCGAGTACGTAA"	8	"SRX7869895"	"SRP251970"	"blood"	"PM8"	NA	NA	NA	"CL:0000394"	"plasmatocyte (Drosophila)"	"missing child term"	"B3"	NA	7
"AACCGCGGTTGCGCAC"	2	"SRX7869895"	"SRP251970"	"blood"	"PM2"	NA	NA	NA	"CL:0000394"	"plasmatocyte (Drosophila)"	"missing child term"	"B3"	NA	2
"AACCGCGTCGCCCTTA"	3	"SRX7869895"	"SRP251970"	"blood"	"LM1"	NA	NA	NA	"FBbt:00005248"	"prolamellocyte (Drosophila)"	"perfect match"	"B3"	NA	3
"AACGTTGAGTGGTAAT"	0	"SRX7869895"	"SRP251970"	"blood"	"PM1"	NA	NA	NA	"CL:0000394"	"plasmatocyte (Drosophila)"	"missing child term"	"B3"	NA	1
"AACGTTGCAAGTAGTA"	6	"SRX7869895"	"SRP251970"	"blood"	"PM5"	NA	NA	NA	"CL:0000394"	"plasmatocyte (Drosophila)"	"missing child term"	"B3"	NA	5
"AACGTTGCACAGCCCA"	6	"SRX7869895"	"SRP251970"	"blood"	"PM5"	NA	NA	NA	"CL:0000394"	"plasmatocyte (Drosophila)"	"missing child term"	"B3"	NA	5
"AACGTTGCAGATCGGA"	2	"SRX7869895"	"SRP251970"	"blood"	"PM2"	NA	NA	NA	"CL:0000394"	"plasmatocyte (Drosophila)"	"missing child term"	"B3"	NA	2
"AACGTTGGTAACGTTC"	2	"SRX7869895"	"SRP251970"	"blood"	"PM2"	NA	NA	NA	"CL:0000394"	"plasmatocyte (Drosophila)"	"missing child term"	"B3"	NA	2
"AACGTTGGTGATGTCT"	4	"SRX7869895"	"SRP251970"	"blood"	"PM3"	NA	NA	NA	"CL:0000394"	"plasmatocyte (Drosophila)"	"missing child term"	"B3"	NA	4
"AACGTTGTCTATGTGG"	5	"SRX7869895"	"SRP251970"	"blood"	"PM4"	NA	NA	NA	"CL:0000394"	"plasmatocyte (Drosophila)"	"missing child term"	"B3"	NA	8
"AACTCAGCACCAGATT"	4	"SRX7869895"	"SRP251970"	"blood"	"PM3"	NA	NA	NA	"CL:0000394"	"plasmatocyte (Drosophila)"	"missing child term"	"B3"	NA	4
"AACTCAGGTCTTCGTC"	5	"SRX7869895"	"SRP251970"	"blood"	"PM4"	NA	NA	NA	"CL:0000394"	"plasmatocyte (Drosophila)"	"missing child term"	"B3"	NA	8
"AACTCAGTCCCTGACT"	3	"SRX7869895"	"SRP251970"	"blood"	"LM1"	NA	NA	NA	"FBbt:00005248"	"prolamellocyte (Drosophila)"	"perfect match"	"B3"	NA	3
"AACTCCCAGTCAAGGC"	4	"SRX7869895"	"SRP251970"	"blood"	"PM3"	NA	NA	NA	"CL:0000394"	"plasmatocyte (Drosophila)"	"missing child term"	"B3"	NA	4
"AACTCTTCAGCTGTGC"	2	"SRX7869895"	"SRP251970"	"blood"	"PM2"	NA	NA	NA	"CL:0000394"	"plasmatocyte (Drosophila)"	"missing child term"	"B3"	NA	2
"AACTGGTGTGTGACGA"	0	"SRX7869895"	"SRP251970"	"blood"	"PM1"	NA	NA	NA	"CL:0000394"	"plasmatocyte (Drosophila)"	"missing child term"	"B3"	NA	1
"AACTGGTTCATGTCTT"	0	"SRX7869895"	"SRP251970"	"blood"	"PM1"	NA	NA	NA	"CL:0000394"	"plasmatocyte (Drosophila)"	"missing child term"	"B3"	NA	1
"AACTGGTTCCACGAAT"	2	"SRX7869895"	"SRP251970"	"blood"	"PM2"	NA	NA	NA	"CL:0000394"	"plasmatocyte (Drosophila)"	"missing child term"	"B3"	NA	2
"AACTTTCAGGATGGAA"	5	"SRX7869895"	"SRP251970"	"blood"	"PM4"	NA	NA	NA	"CL:0000394"	"plasmatocyte (Drosophila)"	"missing child term"	"B3"	NA	8
"AAGACCTAGCTCTCGG"	5	"SRX7869895"	"SRP251970"	"blood"	"PM4"	NA	NA	NA	"CL:0000394"	"plasmatocyte (Drosophila)"	"missing child term"	"B3"	NA	8
"AAGCCGCAGCCCGAAA"	2	"SRX7869895"	"SRP251970"	"blood"	"PM2"	NA	NA	NA	"CL:0000394"	"plasmatocyte (Drosophila)"	"missing child term"	"B3"	NA	2
"AAGCCGCCACATCTTT"	2	"SRX7869895"	"SRP251970"	"blood"	"PM2"	NA	NA	NA	"CL:0000394"	"plasmatocyte (Drosophila)"	"missing child term"	"B3"	NA	2
"AAGGCAGTCTACCAGA"	6	"SRX7869895"	"SRP251970"	"blood"	"PM5"	NA	NA	NA	"CL:0000394"	"plasmatocyte (Drosophila)"	"missing child term"	"B3"	NA	5
"AAGGTTCGTGCACCAC"	0	"SRX7869895"	"SRP251970"	"blood"	"PM1"	NA	NA	NA	"CL:0000394"	"plasmatocyte (Drosophila)"	"missing child term"	"B3"	NA	1
"AAGTCTGAGCAAATCA"	3	"SRX7869895"	"SRP251970"	"blood"	"LM1"	NA	NA	NA	"FBbt:00005248"	"prolamellocyte (Drosophila)"	"perfect match"	"B3"	NA	3
"AAGTCTGAGCTCCTTC"	0	"SRX7869895"	"SRP251970"	"blood"	"PM1"	NA	NA	NA	"CL:0000394"	"plasmatocyte (Drosophila)"	"missing child term"	"B3"	NA	1
"AAGTCTGGTTTGGGCC"	8	"SRX7869895"	"SRP251970"	"blood"	"PM8"	NA	NA	NA	"CL:0000394"	"plasmatocyte (Drosophila)"	"missing child term"	"B3"	NA	7
"AAGTCTGTCTGTCTCG"	2	"SRX7869895"	"SRP251970"	"blood"	"PM2"	NA	NA	NA	"CL:0000394"	"plasmatocyte (Drosophila)"	"missing child term"	"B3"	NA	2
"AATCCAGGTGTGGCTC"	0	"SRX7869895"	"SRP251970"	"blood"	"PM1"	NA	NA	NA	"CL:0000394"	"plasmatocyte (Drosophila)"	"missing child term"	"B3"	NA	1
"AATCCAGTCTCGCTTG"	3	"SRX7869895"	"SRP251970"	"blood"	"LM1"	NA	NA	NA	"FBbt:00005248"	"prolamellocyte (Drosophila)"	"perfect match"	"B3"	NA	3
"AATCGGTAGGCAGGTT"	3	"SRX7869895"	"SRP251970"	"blood"	"LM1"	NA	NA	NA	"FBbt:00005248"	"prolamellocyte (Drosophila)"	"perfect match"	"B3"	NA	3
"AATCGGTCAGTAACGG"	11	"SRX7869895"	"SRP251970"	"blood"	"PM7"	NA	NA	NA	"CL:0000394"	"plasmatocyte (Drosophila)"	"missing child term"	"B3"	NA	9
"ACACCAACACATGACT"	3	"SRX7869895"	"SRP251970"	"blood"	"LM1"	NA	NA	NA	"FBbt:00005248"	"prolamellocyte (Drosophila)"	"perfect match"	"B3"	NA	3
"ACACCAAGTCTTTCAT"	2	"SRX7869895"	"SRP251970"	"blood"	"PM2"	NA	NA	NA	"CL:0000394"	"plasmatocyte (Drosophila)"	"missing child term"	"B3"	NA	2
"ACACCCTGTCGGATCC"	5	"SRX7869895"	"SRP251970"	"blood"	"PM4"	NA	NA	NA	"CL:0000394"	"plasmatocyte (Drosophila)"	"missing child term"	"B3"	NA	8
"ACACCCTGTGCAGTAG"	3	"SRX7869895"	"SRP251970"	"blood"	"LM1"	NA	NA	NA	"FBbt:00005248"	"prolamellocyte (Drosophila)"	"perfect match"	"B3"	NA	3
"ACACCCTTCACCTCGT"	0	"SRX7869895"	"SRP251970"	"blood"	"PM1"	NA	NA	NA	"CL:0000394"	"plasmatocyte (Drosophila)"	"missing child term"	"B3"	NA	1
"ACACCCTTCGTTGCCT"	2	"SRX7869895"	"SRP251970"	"blood"	"PM2"	NA	NA	NA	"CL:0000394"	"plasmatocyte (Drosophila)"	"missing child term"	"B3"	NA	2
"ACACCGGAGGCATGGT"	2	"SRX7869895"	"SRP251970"	"blood"	"PM2"	NA	NA	NA	"CL:0000394"	"plasmatocyte (Drosophila)"	"missing child term"	"B3"	NA	2
"ACAGCCGAGTTGTCGT"	5	"SRX7869895"	"SRP251970"	"blood"	"PM4"	NA	NA	NA	"CL:0000394"	"plasmatocyte (Drosophila)"	"missing child term"	"B3"	NA	8
"ACAGCCGCAGCTGCAC"	3	"SRX7869895"	"SRP251970"	"blood"	"LM1"	NA	NA	NA	"FBbt:00005248"	"prolamellocyte (Drosophila)"	"perfect match"	"B3"	NA	3
"ACAGCCGTCCGCATCT"	0	"SRX7869895"	"SRP251970"	"blood"	"PM1"	NA	NA	NA	"CL:0000394"	"plasmatocyte (Drosophila)"	"missing child term"	"B3"	NA	1
"ACAGCTAAGTGAATTG"	0	"SRX7869895"	"SRP251970"	"blood"	"PM1"	NA	NA	NA	"CL:0000394"	"plasmatocyte (Drosophila)"	"missing child term"	"B3"	NA	1
"ACATCAGAGATCGATA"	3	"SRX7869895"	"SRP251970"	"blood"	"LM1"	NA	NA	NA	"FBbt:00005248"	"prolamellocyte (Drosophila)"	"perfect match"	"B3"	NA	3
"ACATCAGAGTCAAGGC"	11	"SRX7869895"	"SRP251970"	"blood"	"PM7"	NA	NA	NA	"CL:0000394"	"plasmatocyte (Drosophila)"	"missing child term"	"B3"	NA	9
"ACATCAGGTGAGTGAC"	4	"SRX7869895"	"SRP251970"	"blood"	"PM3"	NA	NA	NA	"CL:0000394"	"plasmatocyte (Drosophila)"	"missing child term"	"B3"	NA	4
"ACCAGTAAGTACACCT"	8	"SRX7869895"	"SRP251970"	"blood"	"PM8"	NA	NA	NA	"CL:0000394"	"plasmatocyte (Drosophila)"	"missing child term"	"B3"	NA	7
"ACCAGTACAATCGGTT"	3	"SRX7869895"	"SRP251970"	"blood"	"LM1"	NA	NA	NA	"FBbt:00005248"	"prolamellocyte (Drosophila)"	"perfect match"	"B3"	NA	3
"ACCAGTAGTAGAGTGC"	2	"SRX7869895"	"SRP251970"	"blood"	"PM2"	NA	NA	NA	"CL:0000394"	"plasmatocyte (Drosophila)"	"missing child term"	"B3"	NA	2
"ACCAGTATCTTGAGAC"	2	"SRX7869895"	"SRP251970"	"blood"	"PM2"	NA	NA	NA	"CL:0000394"	"plasmatocyte (Drosophila)"	"missing child term"	"B3"	NA	2
"ACCCACTCATCGGTTA"	0	"SRX7869895"	"SRP251970"	"blood"	"PM1"	NA	NA	NA	"CL:0000394"	"plasmatocyte (Drosophila)"	"missing child term"	"B3"	NA	1
"ACCCACTCATGGTCTA"	4	"SRX7869895"	"SRP251970"	"blood"	"PM3"	NA	NA	NA	"CL:0000394"	"plasmatocyte (Drosophila)"	"missing child term"	"B3"	NA	4
"ACCCACTTCTCGATGA"	0	"SRX7869895"	"SRP251970"	"blood"	"PM1"	NA	NA	NA	"CL:0000394"	"plasmatocyte (Drosophila)"	"missing child term"	"B3"	NA	1
"ACCGTAAAGAGCTGGT"	6	"SRX7869895"	"SRP251970"	"blood"	"PM5"	NA	NA	NA	"CL:0000394"	"plasmatocyte (Drosophila)"	"missing child term"	"B3"	NA	5
"ACCGTAAAGGCCCGTT"	3	"SRX7869895"	"SRP251970"	"blood"	"LM1"	NA	NA	NA	"FBbt:00005248"	"prolamellocyte (Drosophila)"	"perfect match"	"B3"	NA	3
"ACCTTTAAGAATGTGT"	2	"SRX7869895"	"SRP251970"	"blood"	"PM2"	NA	NA	NA	"CL:0000394"	"plasmatocyte (Drosophila)"	"missing child term"	"B3"	NA	2
"ACCTTTACAGCCTTTC"	2	"SRX7869895"	"SRP251970"	"blood"	"PM2"	NA	NA	NA	"CL:0000394"	"plasmatocyte (Drosophila)"	"missing child term"	"B3"	NA	2
"ACCTTTAGTGCCTGGT"	11	"SRX7869895"	"SRP251970"	"blood"	"PM7"	NA	NA	NA	"CL:0000394"	"plasmatocyte (Drosophila)"	"missing child term"	"B3"	NA	9
"ACGAGGAAGTGAACAT"	0	"SRX7869895"	"SRP251970"	"blood"	"PM1"	NA	NA	NA	"CL:0000394"	"plasmatocyte (Drosophila)"	"missing child term"	"B3"	NA	1
"ACGAGGACAGGTCGTC"	2	"SRX7869895"	"SRP251970"	"blood"	"PM2"	NA	NA	NA	"CL:0000394"	"plasmatocyte (Drosophila)"	"missing child term"	"B3"	NA	2
"ACGATACTCGACAGCC"	5	"SRX7869895"	"SRP251970"	"blood"	"PM4"	NA	NA	NA	"CL:0000394"	"plasmatocyte (Drosophila)"	"missing child term"	"B3"	NA	8
"ACGATGTCAAACGCGA"	5	"SRX7869895"	"SRP251970"	"blood"	"PM4"	NA	NA	NA	"CL:0000394"	"plasmatocyte (Drosophila)"	"missing child term"	"B3"	NA	8
"ACGATGTGTCTCGTTC"	0	"SRX7869895"	"SRP251970"	"blood"	"PM1"	NA	NA	NA	"CL:0000394"	"plasmatocyte (Drosophila)"	"missing child term"	"B3"	NA	1
"ACGCAGCGTGAGGGAG"	2	"SRX7869895"	"SRP251970"	"blood"	"PM2"	NA	NA	NA	"CL:0000394"	"plasmatocyte (Drosophila)"	"missing child term"	"B3"	NA	2
"ACGCAGCGTTCCACTC"	6	"SRX7869895"	"SRP251970"	"blood"	"PM5"	NA	NA	NA	"CL:0000394"	"plasmatocyte (Drosophila)"	"missing child term"	"B3"	NA	5
"ACGCAGCGTTCGCGAC"	6	"SRX7869895"	"SRP251970"	"blood"	"PM5"	NA	NA	NA	"CL:0000394"	"plasmatocyte (Drosophila)"	"missing child term"	"B3"	NA	5
"ACGCAGCTCCTCATTA"	2	"SRX7869895"	"SRP251970"	"blood"	"PM2"	NA	NA	NA	"CL:0000394"	"plasmatocyte (Drosophila)"	"missing child term"	"B3"	NA	2
"ACGCAGCTCTGTTTGT"	6	"SRX7869895"	"SRP251970"	"blood"	"PM5"	NA	NA	NA	"CL:0000394"	"plasmatocyte (Drosophila)"	"missing child term"	"B3"	NA	5
"ACGCCAGAGGACAGAA"	7	"SRX7869895"	"SRP251970"	"blood"	"CC2"	NA	NA	NA	"FBbt:00001690"	"embryonic/larval crystal cell (Drosophila)"	"perfect match"	"B3"	NA	10
"ACGCCAGCAATCACAC"	2	"SRX7869895"	"SRP251970"	"blood"	"PM2"	NA	NA	NA	"CL:0000394"	"plasmatocyte (Drosophila)"	"missing child term"	"B3"	NA	2
"ACGCCGAAGTGTGAAT"	2	"SRX7869895"	"SRP251970"	"blood"	"PM2"	NA	NA	NA	"CL:0000394"	"plasmatocyte (Drosophila)"	"missing child term"	"B3"	NA	2
"ACGGAGATCAGTGCAT"	6	"SRX7869895"	"SRP251970"	"blood"	"PM5"	NA	NA	NA	"CL:0000394"	"plasmatocyte (Drosophila)"	"missing child term"	"B3"	NA	5
"ACGGCCACATTAACCG"	2	"SRX7869895"	"SRP251970"	"blood"	"PM2"	NA	NA	NA	"CL:0000394"	"plasmatocyte (Drosophila)"	"missing child term"	"B3"	NA	2
"ACGGCCAGTCAATACC"	2	"SRX7869895"	"SRP251970"	"blood"	"PM2"	NA	NA	NA	"CL:0000394"	"plasmatocyte (Drosophila)"	"missing child term"	"B3"	NA	2
"ACGGCCATCAGTACGT"	0	"SRX7869895"	"SRP251970"	"blood"	"PM1"	NA	NA	NA	"CL:0000394"	"plasmatocyte (Drosophila)"	"missing child term"	"B3"	NA	1
"ACGGCCATCTGCGGCA"	3	"SRX7869895"	"SRP251970"	"blood"	"LM1"	NA	NA	NA	"FBbt:00005248"	"prolamellocyte (Drosophila)"	"perfect match"	"B3"	NA	3
"ACGGGCTGTAAGTGGC"	3	"SRX7869895"	"SRP251970"	"blood"	"LM1"	NA	NA	NA	"FBbt:00005248"	"prolamellocyte (Drosophila)"	"perfect match"	"B3"	NA	3
"ACGGGTCCAGGTGCCT"	3	"SRX7869895"	"SRP251970"	"blood"	"LM1"	NA	NA	NA	"FBbt:00005248"	"prolamellocyte (Drosophila)"	"perfect match"	"B3"	NA	3
"ACGGGTCGTATATCCG"	5	"SRX7869895"	"SRP251970"	"blood"	"PM4"	NA	NA	NA	"CL:0000394"	"plasmatocyte (Drosophila)"	"missing child term"	"B3"	NA	8
"ACGGGTCTCTGAAAGA"	2	"SRX7869895"	"SRP251970"	"blood"	"PM2"	NA	NA	NA	"CL:0000394"	"plasmatocyte (Drosophila)"	"missing child term"	"B3"	NA	2
"ACGTCAATCTATCCCG"	6	"SRX7869895"	"SRP251970"	"blood"	"PM5"	NA	NA	NA	"CL:0000394"	"plasmatocyte (Drosophila)"	"missing child term"	"B3"	NA	5
"ACTATCTAGGAGTTTA"	5	"SRX7869895"	"SRP251970"	"blood"	"PM4"	NA	NA	NA	"CL:0000394"	"plasmatocyte (Drosophila)"	"missing child term"	"B3"	NA	8
"ACTATCTCAATAGCAA"	0	"SRX7869895"	"SRP251970"	"blood"	"PM1"	NA	NA	NA	"CL:0000394"	"plasmatocyte (Drosophila)"	"missing child term"	"B3"	NA	1
"ACTATCTCATCCTAGA"	2	"SRX7869895"	"SRP251970"	"blood"	"PM2"	NA	NA	NA	"CL:0000394"	"plasmatocyte (Drosophila)"	"missing child term"	"B3"	NA	2
"ACTATCTGTGCACCAC"	2	"SRX7869895"	"SRP251970"	"blood"	"PM2"	NA	NA	NA	"CL:0000394"	"plasmatocyte (Drosophila)"	"missing child term"	"B3"	NA	2
"ACTATCTTCACGCGGT"	6	"SRX7869895"	"SRP251970"	"blood"	"PM5"	NA	NA	NA	"CL:0000394"	"plasmatocyte (Drosophila)"	"missing child term"	"B3"	NA	5
"ACTATCTTCTTGTATC"	9	"SRX7869895"	"SRP251970"	"blood"	"PM9"	NA	NA	NA	"CL:0000394"	"plasmatocyte (Drosophila)"	"missing child term"	"B3"	NA	11
"ACTGAACCAGCTGCAC"	2	"SRX7869895"	"SRP251970"	"blood"	"PM2"	NA	NA	NA	"CL:0000394"	"plasmatocyte (Drosophila)"	"missing child term"	"B3"	NA	2
"ACTGAGTGTGAAATCA"	4	"SRX7869895"	"SRP251970"	"blood"	"PM3"	NA	NA	NA	"CL:0000394"	"plasmatocyte (Drosophila)"	"missing child term"	"B3"	NA	4
"ACTGAGTTCCCGACTT"	8	"SRX7869895"	"SRP251970"	"blood"	"PM8"	NA	NA	NA	"CL:0000394"	"plasmatocyte (Drosophila)"	"missing child term"	"B3"	NA	7
"ACTGATGGTCAAGCGA"	2	"SRX7869895"	"SRP251970"	"blood"	"PM2"	NA	NA	NA	"CL:0000394"	"plasmatocyte (Drosophila)"	"missing child term"	"B3"	NA	2
"ACTGATGGTCCGACGT"	9	"SRX7869895"	"SRP251970"	"blood"	"PM9"	NA	NA	NA	"CL:0000394"	"plasmatocyte (Drosophila)"	"missing child term"	"B3"	NA	11
"ACTGCTCGTCCAGTAT"	8	"SRX7869895"	"SRP251970"	"blood"	"PM8"	NA	NA	NA	"CL:0000394"	"plasmatocyte (Drosophila)"	"missing child term"	"B3"	NA	7
"ACTGTCCAGATGTTAG"	11	"SRX7869895"	"SRP251970"	"blood"	"PM7"	NA	NA	NA	"CL:0000394"	"plasmatocyte (Drosophila)"	"missing child term"	"B3"	NA	9
"ACTGTCCCAAAGCAAT"	3	"SRX7869895"	"SRP251970"	"blood"	"LM1"	NA	NA	NA	"FBbt:00005248"	"prolamellocyte (Drosophila)"	"perfect match"	"B3"	NA	3
"ACTGTCCCAAGCGCTC"	2	"SRX7869895"	"SRP251970"	"blood"	"PM2"	NA	NA	NA	"CL:0000394"	"plasmatocyte (Drosophila)"	"missing child term"	"B3"	NA	2
"ACTTGTTTCTGGAGCC"	0	"SRX7869895"	"SRP251970"	"blood"	"PM1"	NA	NA	NA	"CL:0000394"	"plasmatocyte (Drosophila)"	"missing child term"	"B3"	NA	1
"ACTTTCAGTGAGGCTA"	8	"SRX7869895"	"SRP251970"	"blood"	"PM8"	NA	NA	NA	"CL:0000394"	"plasmatocyte (Drosophila)"	"missing child term"	"B3"	NA	7
"AGAATAGAGACTTGAA"	3	"SRX7869895"	"SRP251970"	"blood"	"LM1"	NA	NA	NA	"FBbt:00005248"	"prolamellocyte (Drosophila)"	"perfect match"	"B3"	NA	3
"AGAATAGAGGCATGTG"	8	"SRX7869895"	"SRP251970"	"blood"	"PM8"	NA	NA	NA	"CL:0000394"	"plasmatocyte (Drosophila)"	"missing child term"	"B3"	NA	7
"AGACGTTCAGGGTACA"	2	"SRX7869895"	"SRP251970"	"blood"	"PM2"	NA	NA	NA	"CL:0000394"	"plasmatocyte (Drosophila)"	"missing child term"	"B3"	NA	2
"AGAGCGACAAAGCAAT"	2	"SRX7869895"	"SRP251970"	"blood"	"PM2"	NA	NA	NA	"CL:0000394"	"plasmatocyte (Drosophila)"	"missing child term"	"B3"	NA	2
"AGAGCTTCAAAGTGCG"	2	"SRX7869895"	"SRP251970"	"blood"	"PM2"	NA	NA	NA	"CL:0000394"	"plasmatocyte (Drosophila)"	"missing child term"	"B3"	NA	2
"AGAGCTTCATTGGGCC"	4	"SRX7869895"	"SRP251970"	"blood"	"PM3"	NA	NA	NA	"CL:0000394"	"plasmatocyte (Drosophila)"	"missing child term"	"B3"	NA	4
"AGAGCTTTCTGCGACG"	0	"SRX7869895"	"SRP251970"	"blood"	"PM1"	NA	NA	NA	"CL:0000394"	"plasmatocyte (Drosophila)"	"missing child term"	"B3"	NA	1
"AGAGTGGGTCCCGACA"	2	"SRX7869895"	"SRP251970"	"blood"	"PM2"	NA	NA	NA	"CL:0000394"	"plasmatocyte (Drosophila)"	"missing child term"	"B3"	NA	2
"AGATCTGGTCTACCTC"	8	"SRX7869895"	"SRP251970"	"blood"	"PM8"	NA	NA	NA	"CL:0000394"	"plasmatocyte (Drosophila)"	"missing child term"	"B3"	NA	7
"AGATCTGGTTAGGGTG"	11	"SRX7869895"	"SRP251970"	"blood"	"PM7"	NA	NA	NA	"CL:0000394"	"plasmatocyte (Drosophila)"	"missing child term"	"B3"	NA	9
"AGCATACAGGAATTAC"	3	"SRX7869895"	"SRP251970"	"blood"	"LM1"	NA	NA	NA	"FBbt:00005248"	"prolamellocyte (Drosophila)"	"perfect match"	"B3"	NA	3
"AGCCTAAAGCCACTAT"	2	"SRX7869895"	"SRP251970"	"blood"	"PM2"	NA	NA	NA	"CL:0000394"	"plasmatocyte (Drosophila)"	"missing child term"	"B3"	NA	2
"AGCCTAAGTATATGAG"	2	"SRX7869895"	"SRP251970"	"blood"	"PM2"	NA	NA	NA	"CL:0000394"	"plasmatocyte (Drosophila)"	"missing child term"	"B3"	NA	2
"AGCGGTCAGTGTTAGA"	2	"SRX7869895"	"SRP251970"	"blood"	"PM2"	NA	NA	NA	"CL:0000394"	"plasmatocyte (Drosophila)"	"missing child term"	"B3"	NA	2
"AGCGTATAGGATATAC"	2	"SRX7869895"	"SRP251970"	"blood"	"PM2"	NA	NA	NA	"CL:0000394"	"plasmatocyte (Drosophila)"	"missing child term"	"B3"	NA	2
"AGCGTCGAGAGCTATA"	0	"SRX7869895"	"SRP251970"	"blood"	"PM1"	NA	NA	NA	"CL:0000394"	"plasmatocyte (Drosophila)"	"missing child term"	"B3"	NA	1
"AGCGTCGAGCGTGTCC"	2	"SRX7869895"	"SRP251970"	"blood"	"PM2"	NA	NA	NA	"CL:0000394"	"plasmatocyte (Drosophila)"	"missing child term"	"B3"	NA	2
"AGCGTCGCATACAGCT"	2	"SRX7869895"	"SRP251970"	"blood"	"PM2"	NA	NA	NA	"CL:0000394"	"plasmatocyte (Drosophila)"	"missing child term"	"B3"	NA	2
"AGCTCTCAGATAGCAT"	8	"SRX7869895"	"SRP251970"	"blood"	"PM8"	NA	NA	NA	"CL:0000394"	"plasmatocyte (Drosophila)"	"missing child term"	"B3"	NA	7
"AGCTCTCCAAGGACAC"	11	"SRX7869895"	"SRP251970"	"blood"	"PM7"	NA	NA	NA	"CL:0000394"	"plasmatocyte (Drosophila)"	"missing child term"	"B3"	NA	9
"AGCTCTCTCAGCTCTC"	0	"SRX7869895"	"SRP251970"	"blood"	"PM1"	NA	NA	NA	"CL:0000394"	"plasmatocyte (Drosophila)"	"missing child term"	"B3"	NA	1
"AGCTCTCTCAGGCGAA"	3	"SRX7869895"	"SRP251970"	"blood"	"LM1"	NA	NA	NA	"FBbt:00005248"	"prolamellocyte (Drosophila)"	"perfect match"	"B3"	NA	3
"AGCTTGACAAGCTGGA"	6	"SRX7869895"	"SRP251970"	"blood"	"PM5"	NA	NA	NA	"CL:0000394"	"plasmatocyte (Drosophila)"	"missing child term"	"B3"	NA	5
"AGGCCACTCAAGATCC"	9	"SRX7869895"	"SRP251970"	"blood"	"PM9"	NA	NA	NA	"CL:0000394"	"plasmatocyte (Drosophila)"	"missing child term"	"B3"	NA	11
"AGGCCACTCATGTCCC"	4	"SRX7869895"	"SRP251970"	"blood"	"PM3"	NA	NA	NA	"CL:0000394"	"plasmatocyte (Drosophila)"	"missing child term"	"B3"	NA	4
"AGGCCGTAGGAGTACC"	3	"SRX7869895"	"SRP251970"	"blood"	"LM1"	NA	NA	NA	"FBbt:00005248"	"prolamellocyte (Drosophila)"	"perfect match"	"B3"	NA	3
"AGGGAGTAGTACCGGA"	2	"SRX7869895"	"SRP251970"	"blood"	"PM2"	NA	NA	NA	"CL:0000394"	"plasmatocyte (Drosophila)"	"missing child term"	"B3"	NA	2
"AGGGAGTAGTGTGAAT"	8	"SRX7869895"	"SRP251970"	"blood"	"PM8"	NA	NA	NA	"CL:0000394"	"plasmatocyte (Drosophila)"	"missing child term"	"B3"	NA	7
"AGGGAGTCAACAACCT"	2	"SRX7869895"	"SRP251970"	"blood"	"PM2"	NA	NA	NA	"CL:0000394"	"plasmatocyte (Drosophila)"	"missing child term"	"B3"	NA	2
"AGGGAGTGTTCAGCGC"	2	"SRX7869895"	"SRP251970"	"blood"	"PM2"	NA	NA	NA	"CL:0000394"	"plasmatocyte (Drosophila)"	"missing child term"	"B3"	NA	2
"AGGGAGTTCGAATGGG"	2	"SRX7869895"	"SRP251970"	"blood"	"PM2"	NA	NA	NA	"CL:0000394"	"plasmatocyte (Drosophila)"	"missing child term"	"B3"	NA	2
"AGGGAGTTCTCCGGTT"	0	"SRX7869895"	"SRP251970"	"blood"	"PM1"	NA	NA	NA	"CL:0000394"	"plasmatocyte (Drosophila)"	"missing child term"	"B3"	NA	1
"AGGTCATCATCGATTG"	2	"SRX7869895"	"SRP251970"	"blood"	"PM2"	NA	NA	NA	"CL:0000394"	"plasmatocyte (Drosophila)"	"missing child term"	"B3"	NA	2
"AGGTCCGTCGTCCGTT"	2	"SRX7869895"	"SRP251970"	"blood"	"PM2"	NA	NA	NA	"CL:0000394"	"plasmatocyte (Drosophila)"	"missing child term"	"B3"	NA	2
"AGTAGTCGTACTCGCG"	2	"SRX7869895"	"SRP251970"	"blood"	"PM2"	NA	NA	NA	"CL:0000394"	"plasmatocyte (Drosophila)"	"missing child term"	"B3"	NA	2
"AGTAGTCGTAGCTAAA"	4	"SRX7869895"	"SRP251970"	"blood"	"PM3"	NA	NA	NA	"CL:0000394"	"plasmatocyte (Drosophila)"	"missing child term"	"B3"	NA	4
"AGTCTTTAGGACGAAA"	8	"SRX7869895"	"SRP251970"	"blood"	"PM8"	NA	NA	NA	"CL:0000394"	"plasmatocyte (Drosophila)"	"missing child term"	"B3"	NA	7
"AGTGAGGAGATCCCGC"	5	"SRX7869895"	"SRP251970"	"blood"	"PM4"	NA	NA	NA	"CL:0000394"	"plasmatocyte (Drosophila)"	"missing child term"	"B3"	NA	8
"AGTGAGGAGCGGATCA"	6	"SRX7869895"	"SRP251970"	"blood"	"PM5"	NA	NA	NA	"CL:0000394"	"plasmatocyte (Drosophila)"	"missing child term"	"B3"	NA	5
"AGTGAGGCAGATCTGT"	3	"SRX7869895"	"SRP251970"	"blood"	"LM1"	NA	NA	NA	"FBbt:00005248"	"prolamellocyte (Drosophila)"	"perfect match"	"B3"	NA	3
"AGTGGGAAGCGTTTAC"	8	"SRX7869895"	"SRP251970"	"blood"	"PM8"	NA	NA	NA	"CL:0000394"	"plasmatocyte (Drosophila)"	"missing child term"	"B3"	NA	7
"AGTGGGACACAGGAGT"	3	"SRX7869895"	"SRP251970"	"blood"	"LM1"	NA	NA	NA	"FBbt:00005248"	"prolamellocyte (Drosophila)"	"perfect match"	"B3"	NA	3
"AGTGGGATCTCTGAGA"	2	"SRX7869895"	"SRP251970"	"blood"	"PM2"	NA	NA	NA	"CL:0000394"	"plasmatocyte (Drosophila)"	"missing child term"	"B3"	NA	2
"AGTTGGTAGATGTCGG"	0	"SRX7869895"	"SRP251970"	"blood"	"PM1"	NA	NA	NA	"CL:0000394"	"plasmatocyte (Drosophila)"	"missing child term"	"B3"	NA	1
"AGTTGGTAGGTGCTAG"	4	"SRX7869895"	"SRP251970"	"blood"	"PM3"	NA	NA	NA	"CL:0000394"	"plasmatocyte (Drosophila)"	"missing child term"	"B3"	NA	4
"AGTTGGTGTCTCTTAT"	8	"SRX7869895"	"SRP251970"	"blood"	"PM8"	NA	NA	NA	"CL:0000394"	"plasmatocyte (Drosophila)"	"missing child term"	"B3"	NA	7
"AGTTGGTGTGAAGGCT"	4	"SRX7869895"	"SRP251970"	"blood"	"PM3"	NA	NA	NA	"CL:0000394"	"plasmatocyte (Drosophila)"	"missing child term"	"B3"	NA	4
"ATAACGCAGCGCTTAT"	6	"SRX7869895"	"SRP251970"	"blood"	"PM5"	NA	NA	NA	"CL:0000394"	"plasmatocyte (Drosophila)"	"missing child term"	"B3"	NA	5
"ATAACGCCAAGGTTCT"	3	"SRX7869895"	"SRP251970"	"blood"	"LM1"	NA	NA	NA	"FBbt:00005248"	"prolamellocyte (Drosophila)"	"perfect match"	"B3"	NA	3
"ATAACGCTCTAACTTC"	3	"SRX7869895"	"SRP251970"	"blood"	"LM1"	NA	NA	NA	"FBbt:00005248"	"prolamellocyte (Drosophila)"	"perfect match"	"B3"	NA	3
"ATAAGAGGTCCCGACA"	2	"SRX7869895"	"SRP251970"	"blood"	"PM2"	NA	NA	NA	"CL:0000394"	"plasmatocyte (Drosophila)"	"missing child term"	"B3"	NA	2
"ATAAGAGTCACGACTA"	6	"SRX7869895"	"SRP251970"	"blood"	"PM5"	NA	NA	NA	"CL:0000394"	"plasmatocyte (Drosophila)"	"missing child term"	"B3"	NA	5
"ATAGACCAGAAGCCCA"	3	"SRX7869895"	"SRP251970"	"blood"	"LM1"	NA	NA	NA	"FBbt:00005248"	"prolamellocyte (Drosophila)"	"perfect match"	"B3"	NA	3
"ATAGACCCACCCTATC"	2	"SRX7869895"	"SRP251970"	"blood"	"PM2"	NA	NA	NA	"CL:0000394"	"plasmatocyte (Drosophila)"	"missing child term"	"B3"	NA	2
"ATCACGAGTAAATACG"	13	"SRX7869895"	"SRP251970"	"blood"	"PM10"	NA	NA	NA	"CL:0000394"	"plasmatocyte (Drosophila)"	"missing child term"	"B3"	NA	12
"ATCATCTCAGACGTAG"	4	"SRX7869895"	"SRP251970"	"blood"	"PM3"	NA	NA	NA	"CL:0000394"	"plasmatocyte (Drosophila)"	"missing child term"	"B3"	NA	4
"ATCATGGGTGGACGAT"	0	"SRX7869895"	"SRP251970"	"blood"	"PM1"	NA	NA	NA	"CL:0000394"	"plasmatocyte (Drosophila)"	"missing child term"	"B3"	NA	1
"ATCCACCCACGGCTAC"	2	"SRX7869895"	"SRP251970"	"blood"	"PM2"	NA	NA	NA	"CL:0000394"	"plasmatocyte (Drosophila)"	"missing child term"	"B3"	NA	2
"ATCCACCGTGGTCTCG"	5	"SRX7869895"	"SRP251970"	"blood"	"PM4"	NA	NA	NA	"CL:0000394"	"plasmatocyte (Drosophila)"	"missing child term"	"B3"	NA	8
"ATCCACCTCTCACATT"	2	"SRX7869895"	"SRP251970"	"blood"	"PM2"	NA	NA	NA	"CL:0000394"	"plasmatocyte (Drosophila)"	"missing child term"	"B3"	NA	2
"ATCCGAAGTCAAGCGA"	0	"SRX7869895"	"SRP251970"	"blood"	"PM1"	NA	NA	NA	"CL:0000394"	"plasmatocyte (Drosophila)"	"missing child term"	"B3"	NA	1
"ATCGAGTAGAAGCCCA"	3	"SRX7869895"	"SRP251970"	"blood"	"LM1"	NA	NA	NA	"FBbt:00005248"	"prolamellocyte (Drosophila)"	"perfect match"	"B3"	NA	3
"ATCTACTCATGGGAAC"	8	"SRX7869895"	"SRP251970"	"blood"	"PM8"	NA	NA	NA	"CL:0000394"	"plasmatocyte (Drosophila)"	"missing child term"	"B3"	NA	7
"ATCTACTCATTGTGCA"	2	"SRX7869895"	"SRP251970"	"blood"	"PM2"	NA	NA	NA	"CL:0000394"	"plasmatocyte (Drosophila)"	"missing child term"	"B3"	NA	2
"ATCTGCCTCTCCAGGG"	2	"SRX7869895"	"SRP251970"	"blood"	"PM2"	NA	NA	NA	"CL:0000394"	"plasmatocyte (Drosophila)"	"missing child term"	"B3"	NA	2
"ATGAGGGAGGTAAACT"	2	"SRX7869895"	"SRP251970"	"blood"	"PM2"	NA	NA	NA	"CL:0000394"	"plasmatocyte (Drosophila)"	"missing child term"	"B3"	NA	2
"ATGAGGGGTGTTCGAT"	2	"SRX7869895"	"SRP251970"	"blood"	"PM2"	NA	NA	NA	"CL:0000394"	"plasmatocyte (Drosophila)"	"missing child term"	"B3"	NA	2
"ATGGGAGAGTCCTCCT"	6	"SRX7869895"	"SRP251970"	"blood"	"PM5"	NA	NA	NA	"CL:0000394"	"plasmatocyte (Drosophila)"	"missing child term"	"B3"	NA	5
"ATGGGAGCACGGTGTC"	2	"SRX7869895"	"SRP251970"	"blood"	"PM2"	NA	NA	NA	"CL:0000394"	"plasmatocyte (Drosophila)"	"missing child term"	"B3"	NA	2
"ATGTGTGCATGCAATC"	2	"SRX7869895"	"SRP251970"	"blood"	"PM2"	NA	NA	NA	"CL:0000394"	"plasmatocyte (Drosophila)"	"missing child term"	"B3"	NA	2
"ATGTGTGGTGCGAAAC"	3	"SRX7869895"	"SRP251970"	"blood"	"LM1"	NA	NA	NA	"FBbt:00005248"	"prolamellocyte (Drosophila)"	"perfect match"	"B3"	NA	3
"ATGTGTGTCTTGTACT"	8	"SRX7869895"	"SRP251970"	"blood"	"PM8"	NA	NA	NA	"CL:0000394"	"plasmatocyte (Drosophila)"	"missing child term"	"B3"	NA	7
"ATTACTCCATGCCTAA"	0	"SRX7869895"	"SRP251970"	"blood"	"PM1"	NA	NA	NA	"CL:0000394"	"plasmatocyte (Drosophila)"	"missing child term"	"B3"	NA	1
"ATTACTCTCACTCTTA"	2	"SRX7869895"	"SRP251970"	"blood"	"PM2"	NA	NA	NA	"CL:0000394"	"plasmatocyte (Drosophila)"	"missing child term"	"B3"	NA	2
"ATTACTCTCGCCTGAG"	3	"SRX7869895"	"SRP251970"	"blood"	"LM1"	NA	NA	NA	"FBbt:00005248"	"prolamellocyte (Drosophila)"	"perfect match"	"B3"	NA	3
"ATTATCCGTGAGGCTA"	6	"SRX7869895"	"SRP251970"	"blood"	"PM5"	NA	NA	NA	"CL:0000394"	"plasmatocyte (Drosophila)"	"missing child term"	"B3"	NA	5
"ATTATCCGTGCGATAG"	5	"SRX7869895"	"SRP251970"	"blood"	"PM4"	NA	NA	NA	"CL:0000394"	"plasmatocyte (Drosophila)"	"missing child term"	"B3"	NA	8
"ATTATCCTCTGGTATG"	2	"SRX7869895"	"SRP251970"	"blood"	"PM2"	NA	NA	NA	"CL:0000394"	"plasmatocyte (Drosophila)"	"missing child term"	"B3"	NA	2
"ATTCTACCAGGGTATG"	6	"SRX7869895"	"SRP251970"	"blood"	"PM5"	NA	NA	NA	"CL:0000394"	"plasmatocyte (Drosophila)"	"missing child term"	"B3"	NA	5
"ATTCTACTCGGCTTGG"	6	"SRX7869895"	"SRP251970"	"blood"	"PM5"	NA	NA	NA	"CL:0000394"	"plasmatocyte (Drosophila)"	"missing child term"	"B3"	NA	5
"ATTCTACTCTGAAAGA"	5	"SRX7869895"	"SRP251970"	"blood"	"PM4"	NA	NA	NA	"CL:0000394"	"plasmatocyte (Drosophila)"	"missing child term"	"B3"	NA	8
"ATTGGACAGCCACCTG"	0	"SRX7869895"	"SRP251970"	"blood"	"PM1"	NA	NA	NA	"CL:0000394"	"plasmatocyte (Drosophila)"	"missing child term"	"B3"	NA	1
"ATTGGACTCTTCGGTC"	3	"SRX7869895"	"SRP251970"	"blood"	"LM1"	NA	NA	NA	"FBbt:00005248"	"prolamellocyte (Drosophila)"	"perfect match"	"B3"	NA	3
"ATTGGTGGTAAGTGGC"	2	"SRX7869895"	"SRP251970"	"blood"	"PM2"	NA	NA	NA	"CL:0000394"	"plasmatocyte (Drosophila)"	"missing child term"	"B3"	NA	2
"CAACCAAAGATGGGTC"	5	"SRX7869895"	"SRP251970"	"blood"	"PM4"	NA	NA	NA	"CL:0000394"	"plasmatocyte (Drosophila)"	"missing child term"	"B3"	NA	8
"CAACCAAAGGTGCACA"	2	"SRX7869895"	"SRP251970"	"blood"	"PM2"	NA	NA	NA	"CL:0000394"	"plasmatocyte (Drosophila)"	"missing child term"	"B3"	NA	2
"CAACCAATCCAAGCCG"	2	"SRX7869895"	"SRP251970"	"blood"	"PM2"	NA	NA	NA	"CL:0000394"	"plasmatocyte (Drosophila)"	"missing child term"	"B3"	NA	2
"CAACCAATCTACCAGA"	16	"SRX7869895"	"SRP251970"	"blood"	"PM11"	NA	NA	NA	"CL:0000394"	"plasmatocyte (Drosophila)"	"missing child term"	"B3"	NA	13
"CAACCTCCACAACGCC"	4	"SRX7869895"	"SRP251970"	"blood"	"PM3"	NA	NA	NA	"CL:0000394"	"plasmatocyte (Drosophila)"	"missing child term"	"B3"	NA	4
"CAACCTCTCGCCAGCA"	3	"SRX7869895"	"SRP251970"	"blood"	"LM1"	NA	NA	NA	"FBbt:00005248"	"prolamellocyte (Drosophila)"	"perfect match"	"B3"	NA	3
"CAACTAGAGCCCAGCT"	7	"SRX7869895"	"SRP251970"	"blood"	"CC2"	NA	NA	NA	"FBbt:00001690"	"embryonic/larval crystal cell (Drosophila)"	"perfect match"	"B3"	NA	10
"CAACTAGCAATCTGCA"	5	"SRX7869895"	"SRP251970"	"blood"	"PM4"	NA	NA	NA	"CL:0000394"	"plasmatocyte (Drosophila)"	"missing child term"	"B3"	NA	8
"CAACTAGCAGACAGGT"	2	"SRX7869895"	"SRP251970"	"blood"	"PM2"	NA	NA	NA	"CL:0000394"	"plasmatocyte (Drosophila)"	"missing child term"	"B3"	NA	2
"CAACTAGGTTCCGGCA"	3	"SRX7869895"	"SRP251970"	"blood"	"LM1"	NA	NA	NA	"FBbt:00005248"	"prolamellocyte (Drosophila)"	"perfect match"	"B3"	NA	3
"CAAGAAAGTGGTACAG"	3	"SRX7869895"	"SRP251970"	"blood"	"LM1"	NA	NA	NA	"FBbt:00005248"	"prolamellocyte (Drosophila)"	"perfect match"	"B3"	NA	3
"CAAGATCCACGAGAGT"	2	"SRX7869895"	"SRP251970"	"blood"	"PM2"	NA	NA	NA	"CL:0000394"	"plasmatocyte (Drosophila)"	"missing child term"	"B3"	NA	2
"CAAGATCGTGTAAGTA"	8	"SRX7869895"	"SRP251970"	"blood"	"PM8"	NA	NA	NA	"CL:0000394"	"plasmatocyte (Drosophila)"	"missing child term"	"B3"	NA	7
"CAAGATCTCGATCCCT"	11	"SRX7869895"	"SRP251970"	"blood"	"PM7"	NA	NA	NA	"CL:0000394"	"plasmatocyte (Drosophila)"	"missing child term"	"B3"	NA	9
"CAAGGCCCACATGGGA"	15	"SRX7869895"	"SRP251970"	"blood"	"CC1"	NA	NA	NA	"CL:0000395"	"procrystal cell"	"perfect match"	"B3"	NA	14
"CAAGGCCTCTGGAGCC"	5	"SRX7869895"	"SRP251970"	"blood"	"PM4"	NA	NA	NA	"CL:0000394"	"plasmatocyte (Drosophila)"	"missing child term"	"B3"	NA	8
"CAAGTTGCACGGATAG"	2	"SRX7869895"	"SRP251970"	"blood"	"PM2"	NA	NA	NA	"CL:0000394"	"plasmatocyte (Drosophila)"	"missing child term"	"B3"	NA	2
"CACAAACCATCCGCGA"	8	"SRX7869895"	"SRP251970"	"blood"	"PM8"	NA	NA	NA	"CL:0000394"	"plasmatocyte (Drosophila)"	"missing child term"	"B3"	NA	7
"CACAAACTCGGACAAG"	8	"SRX7869895"	"SRP251970"	"blood"	"PM8"	NA	NA	NA	"CL:0000394"	"plasmatocyte (Drosophila)"	"missing child term"	"B3"	NA	7
"CACACAACATGTAAGA"	2	"SRX7869895"	"SRP251970"	"blood"	"PM2"	NA	NA	NA	"CL:0000394"	"plasmatocyte (Drosophila)"	"missing child term"	"B3"	NA	2
"CACACAAGTAGGGTAC"	2	"SRX7869895"	"SRP251970"	"blood"	"PM2"	NA	NA	NA	"CL:0000394"	"plasmatocyte (Drosophila)"	"missing child term"	"B3"	NA	2
"CACACCTCATACTCTT"	2	"SRX7869895"	"SRP251970"	"blood"	"PM2"	NA	NA	NA	"CL:0000394"	"plasmatocyte (Drosophila)"	"missing child term"	"B3"	NA	2
"CACACTCGTGACCAAG"	2	"SRX7869895"	"SRP251970"	"blood"	"PM2"	NA	NA	NA	"CL:0000394"	"plasmatocyte (Drosophila)"	"missing child term"	"B3"	NA	2
"CACACTCGTTTGTTGG"	0	"SRX7869895"	"SRP251970"	"blood"	"PM1"	NA	NA	NA	"CL:0000394"	"plasmatocyte (Drosophila)"	"missing child term"	"B3"	NA	1
"CACACTCTCGGAGGTA"	6	"SRX7869895"	"SRP251970"	"blood"	"PM5"	NA	NA	NA	"CL:0000394"	"plasmatocyte (Drosophila)"	"missing child term"	"B3"	NA	5
"CACAGGCGTACGAAAT"	3	"SRX7869895"	"SRP251970"	"blood"	"LM1"	NA	NA	NA	"FBbt:00005248"	"prolamellocyte (Drosophila)"	"perfect match"	"B3"	NA	3
"CACAGGCGTCTCGTTC"	0	"SRX7869895"	"SRP251970"	"blood"	"PM1"	NA	NA	NA	"CL:0000394"	"plasmatocyte (Drosophila)"	"missing child term"	"B3"	NA	1
"CACAGGCGTGCCTGCA"	9	"SRX7869895"	"SRP251970"	"blood"	"PM9"	NA	NA	NA	"CL:0000394"	"plasmatocyte (Drosophila)"	"missing child term"	"B3"	NA	11
"CACAGGCTCACAAACC"	0	"SRX7869895"	"SRP251970"	"blood"	"PM1"	NA	NA	NA	"CL:0000394"	"plasmatocyte (Drosophila)"	"missing child term"	"B3"	NA	1
"CACAGTAAGTGACATA"	2	"SRX7869895"	"SRP251970"	"blood"	"PM2"	NA	NA	NA	"CL:0000394"	"plasmatocyte (Drosophila)"	"missing child term"	"B3"	NA	2
"CACATAGTCTTATCTG"	2	"SRX7869895"	"SRP251970"	"blood"	"PM2"	NA	NA	NA	"CL:0000394"	"plasmatocyte (Drosophila)"	"missing child term"	"B3"	NA	2
"CACATTTTCACCTCGT"	4	"SRX7869895"	"SRP251970"	"blood"	"PM3"	NA	NA	NA	"CL:0000394"	"plasmatocyte (Drosophila)"	"missing child term"	"B3"	NA	4
"CACATTTTCCAGAAGG"	2	"SRX7869895"	"SRP251970"	"blood"	"PM2"	NA	NA	NA	"CL:0000394"	"plasmatocyte (Drosophila)"	"missing child term"	"B3"	NA	2
"CACCACTGTGCAACTT"	5	"SRX7869895"	"SRP251970"	"blood"	"PM4"	NA	NA	NA	"CL:0000394"	"plasmatocyte (Drosophila)"	"missing child term"	"B3"	NA	8
"CACCTTGAGGAATGGA"	0	"SRX7869895"	"SRP251970"	"blood"	"PM1"	NA	NA	NA	"CL:0000394"	"plasmatocyte (Drosophila)"	"missing child term"	"B3"	NA	1
"CACTCCACACGTTGGC"	5	"SRX7869895"	"SRP251970"	"blood"	"PM4"	NA	NA	NA	"CL:0000394"	"plasmatocyte (Drosophila)"	"missing child term"	"B3"	NA	8
"CAGAATCCACCAGGCT"	5	"SRX7869895"	"SRP251970"	"blood"	"PM4"	NA	NA	NA	"CL:0000394"	"plasmatocyte (Drosophila)"	"missing child term"	"B3"	NA	8
"CAGAATCTCCGCAAGC"	11	"SRX7869895"	"SRP251970"	"blood"	"PM7"	NA	NA	NA	"CL:0000394"	"plasmatocyte (Drosophila)"	"missing child term"	"B3"	NA	9
"CAGAGAGTCAGGTTCA"	6	"SRX7869895"	"SRP251970"	"blood"	"PM5"	NA	NA	NA	"CL:0000394"	"plasmatocyte (Drosophila)"	"missing child term"	"B3"	NA	5
"CAGAGAGTCTGTACGA"	0	"SRX7869895"	"SRP251970"	"blood"	"PM1"	NA	NA	NA	"CL:0000394"	"plasmatocyte (Drosophila)"	"missing child term"	"B3"	NA	1
"CAGCAGCAGAGCTTCT"	2	"SRX7869895"	"SRP251970"	"blood"	"PM2"	NA	NA	NA	"CL:0000394"	"plasmatocyte (Drosophila)"	"missing child term"	"B3"	NA	2
"CAGCAGCTCGTCCGTT"	0	"SRX7869895"	"SRP251970"	"blood"	"PM1"	NA	NA	NA	"CL:0000394"	"plasmatocyte (Drosophila)"	"missing child term"	"B3"	NA	1
"CAGCATAAGTCGAGTG"	2	"SRX7869895"	"SRP251970"	"blood"	"PM2"	NA	NA	NA	"CL:0000394"	"plasmatocyte (Drosophila)"	"missing child term"	"B3"	NA	2
"CAGCATAGTCGAAAGC"	3	"SRX7869895"	"SRP251970"	"blood"	"LM1"	NA	NA	NA	"FBbt:00005248"	"prolamellocyte (Drosophila)"	"perfect match"	"B3"	NA	3
"CAGCCGACAGTGAGTG"	2	"SRX7869895"	"SRP251970"	"blood"	"PM2"	NA	NA	NA	"CL:0000394"	"plasmatocyte (Drosophila)"	"missing child term"	"B3"	NA	2
"CAGCCGATCTCGTATT"	0	"SRX7869895"	"SRP251970"	"blood"	"PM1"	NA	NA	NA	"CL:0000394"	"plasmatocyte (Drosophila)"	"missing child term"	"B3"	NA	1
"CAGCCGATCTGTGCAA"	0	"SRX7869895"	"SRP251970"	"blood"	"PM1"	NA	NA	NA	"CL:0000394"	"plasmatocyte (Drosophila)"	"missing child term"	"B3"	NA	1
"CAGCTAACATTGTGCA"	13	"SRX7869895"	"SRP251970"	"blood"	"PM10"	NA	NA	NA	"CL:0000394"	"plasmatocyte (Drosophila)"	"missing child term"	"B3"	NA	12
"CAGCTGGAGAAGATTC"	0	"SRX7869895"	"SRP251970"	"blood"	"PM1"	NA	NA	NA	"CL:0000394"	"plasmatocyte (Drosophila)"	"missing child term"	"B3"	NA	1
"CAGCTGGAGTGATCGG"	6	"SRX7869895"	"SRP251970"	"blood"	"PM5"	NA	NA	NA	"CL:0000394"	"plasmatocyte (Drosophila)"	"missing child term"	"B3"	NA	5
"CAGGTGCTCATGCAAC"	4	"SRX7869895"	"SRP251970"	"blood"	"PM3"	NA	NA	NA	"CL:0000394"	"plasmatocyte (Drosophila)"	"missing child term"	"B3"	NA	4
"CAGTAACAGAGCTGGT"	5	"SRX7869895"	"SRP251970"	"blood"	"PM4"	NA	NA	NA	"CL:0000394"	"plasmatocyte (Drosophila)"	"missing child term"	"B3"	NA	8
"CAGTAACTCACCGGGT"	11	"SRX7869895"	"SRP251970"	"blood"	"PM7"	NA	NA	NA	"CL:0000394"	"plasmatocyte (Drosophila)"	"missing child term"	"B3"	NA	9
"CAGTCCTTCCTTGGTC"	2	"SRX7869895"	"SRP251970"	"blood"	"PM2"	NA	NA	NA	"CL:0000394"	"plasmatocyte (Drosophila)"	"missing child term"	"B3"	NA	2
"CATATGGCATAAGACA"	3	"SRX7869895"	"SRP251970"	"blood"	"LM1"	NA	NA	NA	"FBbt:00005248"	"prolamellocyte (Drosophila)"	"perfect match"	"B3"	NA	3
"CATATTCTCTGGTGTA"	0	"SRX7869895"	"SRP251970"	"blood"	"PM1"	NA	NA	NA	"CL:0000394"	"plasmatocyte (Drosophila)"	"missing child term"	"B3"	NA	1
"CATCAAGCATCACGTA"	5	"SRX7869895"	"SRP251970"	"blood"	"PM4"	NA	NA	NA	"CL:0000394"	"plasmatocyte (Drosophila)"	"missing child term"	"B3"	NA	8
"CATCAAGTCTCTGTCG"	3	"SRX7869895"	"SRP251970"	"blood"	"LM1"	NA	NA	NA	"FBbt:00005248"	"prolamellocyte (Drosophila)"	"perfect match"	"B3"	NA	3
"CATCAGAAGAGTAATC"	6	"SRX7869895"	"SRP251970"	"blood"	"PM5"	NA	NA	NA	"CL:0000394"	"plasmatocyte (Drosophila)"	"missing child term"	"B3"	NA	5
"CATCAGAAGGAGCGAG"	0	"SRX7869895"	"SRP251970"	"blood"	"PM1"	NA	NA	NA	"CL:0000394"	"plasmatocyte (Drosophila)"	"missing child term"	"B3"	NA	1
"CATCAGAGTGCCTTGG"	4	"SRX7869895"	"SRP251970"	"blood"	"PM3"	NA	NA	NA	"CL:0000394"	"plasmatocyte (Drosophila)"	"missing child term"	"B3"	NA	4
"CATCAGAGTTTCGCTC"	2	"SRX7869895"	"SRP251970"	"blood"	"PM2"	NA	NA	NA	"CL:0000394"	"plasmatocyte (Drosophila)"	"missing child term"	"B3"	NA	2
"CATCAGATCGGTTAAC"	0	"SRX7869895"	"SRP251970"	"blood"	"PM1"	NA	NA	NA	"CL:0000394"	"plasmatocyte (Drosophila)"	"missing child term"	"B3"	NA	1
"CATCCACAGACTTTCG"	6	"SRX7869895"	"SRP251970"	"blood"	"PM5"	NA	NA	NA	"CL:0000394"	"plasmatocyte (Drosophila)"	"missing child term"	"B3"	NA	5
"CATCCACCACAGACTT"	3	"SRX7869895"	"SRP251970"	"blood"	"LM1"	NA	NA	NA	"FBbt:00005248"	"prolamellocyte (Drosophila)"	"perfect match"	"B3"	NA	3
"CATCCACGTCCGTGAC"	3	"SRX7869895"	"SRP251970"	"blood"	"LM1"	NA	NA	NA	"FBbt:00005248"	"prolamellocyte (Drosophila)"	"perfect match"	"B3"	NA	3
"CATCGAAAGAAGGGTA"	3	"SRX7869895"	"SRP251970"	"blood"	"LM1"	NA	NA	NA	"FBbt:00005248"	"prolamellocyte (Drosophila)"	"perfect match"	"B3"	NA	3
"CATCGGGAGGAGCGAG"	4	"SRX7869895"	"SRP251970"	"blood"	"PM3"	NA	NA	NA	"CL:0000394"	"plasmatocyte (Drosophila)"	"missing child term"	"B3"	NA	4
"CATCGGGCATGACGGA"	6	"SRX7869895"	"SRP251970"	"blood"	"PM5"	NA	NA	NA	"CL:0000394"	"plasmatocyte (Drosophila)"	"missing child term"	"B3"	NA	5
"CATCGGGGTCGGCTCA"	8	"SRX7869895"	"SRP251970"	"blood"	"PM8"	NA	NA	NA	"CL:0000394"	"plasmatocyte (Drosophila)"	"missing child term"	"B3"	NA	7
"CATGACATCATTTGGG"	4	"SRX7869895"	"SRP251970"	"blood"	"PM3"	NA	NA	NA	"CL:0000394"	"plasmatocyte (Drosophila)"	"missing child term"	"B3"	NA	4
"CATGACATCCCTGACT"	7	"SRX7869895"	"SRP251970"	"blood"	"CC2"	NA	NA	NA	"FBbt:00001690"	"embryonic/larval crystal cell (Drosophila)"	"perfect match"	"B3"	NA	10
"CATGCCTCAACAACCT"	2	"SRX7869895"	"SRP251970"	"blood"	"PM2"	NA	NA	NA	"CL:0000394"	"plasmatocyte (Drosophila)"	"missing child term"	"B3"	NA	2
"CATGGCGAGGATGGAA"	6	"SRX7869895"	"SRP251970"	"blood"	"PM5"	NA	NA	NA	"CL:0000394"	"plasmatocyte (Drosophila)"	"missing child term"	"B3"	NA	5
"CATTATCAGCTAAGAT"	11	"SRX7869895"	"SRP251970"	"blood"	"PM7"	NA	NA	NA	"CL:0000394"	"plasmatocyte (Drosophila)"	"missing child term"	"B3"	NA	9
"CATTATCAGTTGTCGT"	2	"SRX7869895"	"SRP251970"	"blood"	"PM2"	NA	NA	NA	"CL:0000394"	"plasmatocyte (Drosophila)"	"missing child term"	"B3"	NA	2
"CATTATCCAAGTAGTA"	3	"SRX7869895"	"SRP251970"	"blood"	"LM1"	NA	NA	NA	"FBbt:00005248"	"prolamellocyte (Drosophila)"	"perfect match"	"B3"	NA	3
"CATTATCGTCGATTGT"	5	"SRX7869895"	"SRP251970"	"blood"	"PM4"	NA	NA	NA	"CL:0000394"	"plasmatocyte (Drosophila)"	"missing child term"	"B3"	NA	8
"CATTATCTCAAAGTAG"	5	"SRX7869895"	"SRP251970"	"blood"	"PM4"	NA	NA	NA	"CL:0000394"	"plasmatocyte (Drosophila)"	"missing child term"	"B3"	NA	8
"CATTCGCGTCCAGTGC"	5	"SRX7869895"	"SRP251970"	"blood"	"PM4"	NA	NA	NA	"CL:0000394"	"plasmatocyte (Drosophila)"	"missing child term"	"B3"	NA	8
"CATTCGCTCGTTTATC"	11	"SRX7869895"	"SRP251970"	"blood"	"PM7"	NA	NA	NA	"CL:0000394"	"plasmatocyte (Drosophila)"	"missing child term"	"B3"	NA	9
"CCAATCCGTCTGGAGA"	6	"SRX7869895"	"SRP251970"	"blood"	"PM5"	NA	NA	NA	"CL:0000394"	"plasmatocyte (Drosophila)"	"missing child term"	"B3"	NA	5
"CCAATCCTCGTCGTTC"	3	"SRX7869895"	"SRP251970"	"blood"	"LM1"	NA	NA	NA	"FBbt:00005248"	"prolamellocyte (Drosophila)"	"perfect match"	"B3"	NA	3
"CCACCTAAGAATGTTG"	6	"SRX7869895"	"SRP251970"	"blood"	"PM5"	NA	NA	NA	"CL:0000394"	"plasmatocyte (Drosophila)"	"missing child term"	"B3"	NA	5
"CCACCTATCCTTGACC"	3	"SRX7869895"	"SRP251970"	"blood"	"LM1"	NA	NA	NA	"FBbt:00005248"	"prolamellocyte (Drosophila)"	"perfect match"	"B3"	NA	3
"CCACGGAGTGGGTATG"	6	"SRX7869895"	"SRP251970"	"blood"	"PM5"	NA	NA	NA	"CL:0000394"	"plasmatocyte (Drosophila)"	"missing child term"	"B3"	NA	5
"CCACTACCAAACCTAC"	2	"SRX7869895"	"SRP251970"	"blood"	"PM2"	NA	NA	NA	"CL:0000394"	"plasmatocyte (Drosophila)"	"missing child term"	"B3"	NA	2
"CCACTACTCAATCTCT"	6	"SRX7869895"	"SRP251970"	"blood"	"PM5"	NA	NA	NA	"CL:0000394"	"plasmatocyte (Drosophila)"	"missing child term"	"B3"	NA	5
"CCACTACTCCAAGCCG"	4	"SRX7869895"	"SRP251970"	"blood"	"PM3"	NA	NA	NA	"CL:0000394"	"plasmatocyte (Drosophila)"	"missing child term"	"B3"	NA	4
"CCAGCGAGTAATTGGA"	5	"SRX7869895"	"SRP251970"	"blood"	"PM4"	NA	NA	NA	"CL:0000394"	"plasmatocyte (Drosophila)"	"missing child term"	"B3"	NA	8
"CCATTCGAGGGTGTTG"	8	"SRX7869895"	"SRP251970"	"blood"	"PM8"	NA	NA	NA	"CL:0000394"	"plasmatocyte (Drosophila)"	"missing child term"	"B3"	NA	7
"CCATTCGGTTCCACTC"	2	"SRX7869895"	"SRP251970"	"blood"	"PM2"	NA	NA	NA	"CL:0000394"	"plasmatocyte (Drosophila)"	"missing child term"	"B3"	NA	2
"CCCAATCAGTGTGAAT"	2	"SRX7869895"	"SRP251970"	"blood"	"PM2"	NA	NA	NA	"CL:0000394"	"plasmatocyte (Drosophila)"	"missing child term"	"B3"	NA	2
"CCCAATCTCAACACCA"	3	"SRX7869895"	"SRP251970"	"blood"	"LM1"	NA	NA	NA	"FBbt:00005248"	"prolamellocyte (Drosophila)"	"perfect match"	"B3"	NA	3
"CCCAATCTCTCGAGTA"	3	"SRX7869895"	"SRP251970"	"blood"	"LM1"	NA	NA	NA	"FBbt:00005248"	"prolamellocyte (Drosophila)"	"perfect match"	"B3"	NA	3
"CCCAGTTAGTGTCCCG"	0	"SRX7869895"	"SRP251970"	"blood"	"PM1"	NA	NA	NA	"CL:0000394"	"plasmatocyte (Drosophila)"	"missing child term"	"B3"	NA	1
"CCCTCCTAGTCCGGTC"	3	"SRX7869895"	"SRP251970"	"blood"	"LM1"	NA	NA	NA	"FBbt:00005248"	"prolamellocyte (Drosophila)"	"perfect match"	"B3"	NA	3
"CCCTCCTGTACTCTCC"	5	"SRX7869895"	"SRP251970"	"blood"	"PM4"	NA	NA	NA	"CL:0000394"	"plasmatocyte (Drosophila)"	"missing child term"	"B3"	NA	8
"CCCTCCTTCGGAAACG"	2	"SRX7869895"	"SRP251970"	"blood"	"PM2"	NA	NA	NA	"CL:0000394"	"plasmatocyte (Drosophila)"	"missing child term"	"B3"	NA	2
"CCGGGATGTGCGGTAA"	11	"SRX7869895"	"SRP251970"	"blood"	"PM7"	NA	NA	NA	"CL:0000394"	"plasmatocyte (Drosophila)"	"missing child term"	"B3"	NA	9
"CCGGGATTCAGCTTAG"	2	"SRX7869895"	"SRP251970"	"blood"	"PM2"	NA	NA	NA	"CL:0000394"	"plasmatocyte (Drosophila)"	"missing child term"	"B3"	NA	2
"CCGGTAGAGACCCACC"	0	"SRX7869895"	"SRP251970"	"blood"	"PM1"	NA	NA	NA	"CL:0000394"	"plasmatocyte (Drosophila)"	"missing child term"	"B3"	NA	1
"CCGGTAGCAGTCAGAG"	0	"SRX7869895"	"SRP251970"	"blood"	"PM1"	NA	NA	NA	"CL:0000394"	"plasmatocyte (Drosophila)"	"missing child term"	"B3"	NA	1
"CCGGTAGCATGCCTAA"	8	"SRX7869895"	"SRP251970"	"blood"	"PM8"	NA	NA	NA	"CL:0000394"	"plasmatocyte (Drosophila)"	"missing child term"	"B3"	NA	7
"CCGGTAGGTTAGTGGG"	4	"SRX7869895"	"SRP251970"	"blood"	"PM3"	NA	NA	NA	"CL:0000394"	"plasmatocyte (Drosophila)"	"missing child term"	"B3"	NA	4
"CCGTACTAGGAACTGC"	2	"SRX7869895"	"SRP251970"	"blood"	"PM2"	NA	NA	NA	"CL:0000394"	"plasmatocyte (Drosophila)"	"missing child term"	"B3"	NA	2
"CCGTACTTCTGGTGTA"	15	"SRX7869895"	"SRP251970"	"blood"	"CC1"	NA	NA	NA	"CL:0000395"	"procrystal cell"	"perfect match"	"B3"	NA	14
"CCGTGGACAGGGTATG"	3	"SRX7869895"	"SRP251970"	"blood"	"LM1"	NA	NA	NA	"FBbt:00005248"	"prolamellocyte (Drosophila)"	"perfect match"	"B3"	NA	3
"CCGTGGACATCTCCCA"	2	"SRX7869895"	"SRP251970"	"blood"	"PM2"	NA	NA	NA	"CL:0000394"	"plasmatocyte (Drosophila)"	"missing child term"	"B3"	NA	2
"CCGTGGAGTGCGCTTG"	3	"SRX7869895"	"SRP251970"	"blood"	"LM1"	NA	NA	NA	"FBbt:00005248"	"prolamellocyte (Drosophila)"	"perfect match"	"B3"	NA	3
"CCGTTCACATGATCCA"	5	"SRX7869895"	"SRP251970"	"blood"	"PM4"	NA	NA	NA	"CL:0000394"	"plasmatocyte (Drosophila)"	"missing child term"	"B3"	NA	8
"CCGTTCAGTACGAAAT"	11	"SRX7869895"	"SRP251970"	"blood"	"PM7"	NA	NA	NA	"CL:0000394"	"plasmatocyte (Drosophila)"	"missing child term"	"B3"	NA	9
"CCGTTCAGTCTACCTC"	2	"SRX7869895"	"SRP251970"	"blood"	"PM2"	NA	NA	NA	"CL:0000394"	"plasmatocyte (Drosophila)"	"missing child term"	"B3"	NA	2
"CCGTTCATCACGCATA"	5	"SRX7869895"	"SRP251970"	"blood"	"PM4"	NA	NA	NA	"CL:0000394"	"plasmatocyte (Drosophila)"	"missing child term"	"B3"	NA	8
"CCTAAAGGTAATAGCA"	3	"SRX7869895"	"SRP251970"	"blood"	"LM1"	NA	NA	NA	"FBbt:00005248"	"prolamellocyte (Drosophila)"	"perfect match"	"B3"	NA	3
"CCTAAAGGTGCCTGTG"	2	"SRX7869895"	"SRP251970"	"blood"	"PM2"	NA	NA	NA	"CL:0000394"	"plasmatocyte (Drosophila)"	"missing child term"	"B3"	NA	2
"CCTACACGTGGTCTCG"	5	"SRX7869895"	"SRP251970"	"blood"	"PM4"	NA	NA	NA	"CL:0000394"	"plasmatocyte (Drosophila)"	"missing child term"	"B3"	NA	8
"CCTACACTCTTCTGGC"	11	"SRX7869895"	"SRP251970"	"blood"	"PM7"	NA	NA	NA	"CL:0000394"	"plasmatocyte (Drosophila)"	"missing child term"	"B3"	NA	9
"CCTACCAAGCTGCCCA"	9	"SRX7869895"	"SRP251970"	"blood"	"PM9"	NA	NA	NA	"CL:0000394"	"plasmatocyte (Drosophila)"	"missing child term"	"B3"	NA	11
"CCTACCACAGGACGTA"	2	"SRX7869895"	"SRP251970"	"blood"	"PM2"	NA	NA	NA	"CL:0000394"	"plasmatocyte (Drosophila)"	"missing child term"	"B3"	NA	2
"CCTCAGTCAGACGCCT"	4	"SRX7869895"	"SRP251970"	"blood"	"PM3"	NA	NA	NA	"CL:0000394"	"plasmatocyte (Drosophila)"	"missing child term"	"B3"	NA	4
"CCTCAGTGTCGCGGTT"	2	"SRX7869895"	"SRP251970"	"blood"	"PM2"	NA	NA	NA	"CL:0000394"	"plasmatocyte (Drosophila)"	"missing child term"	"B3"	NA	2
"CCTCTGACAGGATCGA"	4	"SRX7869895"	"SRP251970"	"blood"	"PM3"	NA	NA	NA	"CL:0000394"	"plasmatocyte (Drosophila)"	"missing child term"	"B3"	NA	4
"CCTCTGACATTAGCCA"	11	"SRX7869895"	"SRP251970"	"blood"	"PM7"	NA	NA	NA	"CL:0000394"	"plasmatocyte (Drosophila)"	"missing child term"	"B3"	NA	9
"CCTCTGAGTCTAGGTT"	6	"SRX7869895"	"SRP251970"	"blood"	"PM5"	NA	NA	NA	"CL:0000394"	"plasmatocyte (Drosophila)"	"missing child term"	"B3"	NA	5
"CCTTACGAGAGGTTAT"	2	"SRX7869895"	"SRP251970"	"blood"	"PM2"	NA	NA	NA	"CL:0000394"	"plasmatocyte (Drosophila)"	"missing child term"	"B3"	NA	2
"CCTTACGGTGTGAAAT"	3	"SRX7869895"	"SRP251970"	"blood"	"LM1"	NA	NA	NA	"FBbt:00005248"	"prolamellocyte (Drosophila)"	"perfect match"	"B3"	NA	3
"CCTTACGTCCTCAATT"	4	"SRX7869895"	"SRP251970"	"blood"	"PM3"	NA	NA	NA	"CL:0000394"	"plasmatocyte (Drosophila)"	"missing child term"	"B3"	NA	4
"CCTTCCCCAGCGATCC"	11	"SRX7869895"	"SRP251970"	"blood"	"PM7"	NA	NA	NA	"CL:0000394"	"plasmatocyte (Drosophila)"	"missing child term"	"B3"	NA	9
"CCTTCGAGTACAGTGG"	3	"SRX7869895"	"SRP251970"	"blood"	"LM1"	NA	NA	NA	"FBbt:00005248"	"prolamellocyte (Drosophila)"	"perfect match"	"B3"	NA	3
"CGAACATAGTGTTTGC"	9	"SRX7869895"	"SRP251970"	"blood"	"PM9"	NA	NA	NA	"CL:0000394"	"plasmatocyte (Drosophila)"	"missing child term"	"B3"	NA	11
"CGAATGTAGTGGAGTC"	7	"SRX7869895"	"SRP251970"	"blood"	"CC2"	NA	NA	NA	"FBbt:00001690"	"embryonic/larval crystal cell (Drosophila)"	"perfect match"	"B3"	NA	10
"CGACTTCCAACGATCT"	6	"SRX7869895"	"SRP251970"	"blood"	"PM5"	NA	NA	NA	"CL:0000394"	"plasmatocyte (Drosophila)"	"missing child term"	"B3"	NA	5
"CGACTTCCAGCATACT"	5	"SRX7869895"	"SRP251970"	"blood"	"PM4"	NA	NA	NA	"CL:0000394"	"plasmatocyte (Drosophila)"	"missing child term"	"B3"	NA	8
"CGACTTCGTACTCGCG"	11	"SRX7869895"	"SRP251970"	"blood"	"PM7"	NA	NA	NA	"CL:0000394"	"plasmatocyte (Drosophila)"	"missing child term"	"B3"	NA	9
"CGAGCACGTCTCTCTG"	6	"SRX7869895"	"SRP251970"	"blood"	"PM5"	NA	NA	NA	"CL:0000394"	"plasmatocyte (Drosophila)"	"missing child term"	"B3"	NA	5
"CGAGCACGTGAAGGCT"	3	"SRX7869895"	"SRP251970"	"blood"	"LM1"	NA	NA	NA	"FBbt:00005248"	"prolamellocyte (Drosophila)"	"perfect match"	"B3"	NA	3
"CGAGCACTCACCGGGT"	2	"SRX7869895"	"SRP251970"	"blood"	"PM2"	NA	NA	NA	"CL:0000394"	"plasmatocyte (Drosophila)"	"missing child term"	"B3"	NA	2
"CGATCGGGTGGCGAAT"	0	"SRX7869895"	"SRP251970"	"blood"	"PM1"	NA	NA	NA	"CL:0000394"	"plasmatocyte (Drosophila)"	"missing child term"	"B3"	NA	1
"CGATGGCAGATGTTAG"	5	"SRX7869895"	"SRP251970"	"blood"	"PM4"	NA	NA	NA	"CL:0000394"	"plasmatocyte (Drosophila)"	"missing child term"	"B3"	NA	8
"CGATGGCGTCTAGTCA"	2	"SRX7869895"	"SRP251970"	"blood"	"PM2"	NA	NA	NA	"CL:0000394"	"plasmatocyte (Drosophila)"	"missing child term"	"B3"	NA	2
"CGATTGACATACGCTA"	13	"SRX7869895"	"SRP251970"	"blood"	"PM10"	NA	NA	NA	"CL:0000394"	"plasmatocyte (Drosophila)"	"missing child term"	"B3"	NA	12
"CGATTGACATCCGTGG"	5	"SRX7869895"	"SRP251970"	"blood"	"PM4"	NA	NA	NA	"CL:0000394"	"plasmatocyte (Drosophila)"	"missing child term"	"B3"	NA	8
"CGATTGAGTAGAAAGG"	2	"SRX7869895"	"SRP251970"	"blood"	"PM2"	NA	NA	NA	"CL:0000394"	"plasmatocyte (Drosophila)"	"missing child term"	"B3"	NA	2
"CGATTGAGTCATCGGC"	0	"SRX7869895"	"SRP251970"	"blood"	"PM1"	NA	NA	NA	"CL:0000394"	"plasmatocyte (Drosophila)"	"missing child term"	"B3"	NA	1
"CGATTGATCCATGAGT"	8	"SRX7869895"	"SRP251970"	"blood"	"PM8"	NA	NA	NA	"CL:0000394"	"plasmatocyte (Drosophila)"	"missing child term"	"B3"	NA	7
"CGCCAAGCATCACAAC"	2	"SRX7869895"	"SRP251970"	"blood"	"PM2"	NA	NA	NA	"CL:0000394"	"plasmatocyte (Drosophila)"	"missing child term"	"B3"	NA	2
"CGCCAAGGTGGTCCGT"	5	"SRX7869895"	"SRP251970"	"blood"	"PM4"	NA	NA	NA	"CL:0000394"	"plasmatocyte (Drosophila)"	"missing child term"	"B3"	NA	8
"CGCGTTTAGAACTGTA"	2	"SRX7869895"	"SRP251970"	"blood"	"PM2"	NA	NA	NA	"CL:0000394"	"plasmatocyte (Drosophila)"	"missing child term"	"B3"	NA	2
"CGCGTTTAGAATAGGG"	7	"SRX7869895"	"SRP251970"	"blood"	"CC2"	NA	NA	NA	"FBbt:00001690"	"embryonic/larval crystal cell (Drosophila)"	"perfect match"	"B3"	NA	10
"CGCGTTTAGAGGGATA"	0	"SRX7869895"	"SRP251970"	"blood"	"PM1"	NA	NA	NA	"CL:0000394"	"plasmatocyte (Drosophila)"	"missing child term"	"B3"	NA	1
"CGCGTTTTCAAGGTAA"	2	"SRX7869895"	"SRP251970"	"blood"	"PM2"	NA	NA	NA	"CL:0000394"	"plasmatocyte (Drosophila)"	"missing child term"	"B3"	NA	2
"CGCTATCCAAGAGTCG"	6	"SRX7869895"	"SRP251970"	"blood"	"PM5"	NA	NA	NA	"CL:0000394"	"plasmatocyte (Drosophila)"	"missing child term"	"B3"	NA	5
"CGCTGGAAGATCTGAA"	8	"SRX7869895"	"SRP251970"	"blood"	"PM8"	NA	NA	NA	"CL:0000394"	"plasmatocyte (Drosophila)"	"missing child term"	"B3"	NA	7
"CGCTGGACAGCTGTTA"	0	"SRX7869895"	"SRP251970"	"blood"	"PM1"	NA	NA	NA	"CL:0000394"	"plasmatocyte (Drosophila)"	"missing child term"	"B3"	NA	1
"CGCTGGAGTTGTCTTT"	5	"SRX7869895"	"SRP251970"	"blood"	"PM4"	NA	NA	NA	"CL:0000394"	"plasmatocyte (Drosophila)"	"missing child term"	"B3"	NA	8
"CGCTTCAAGCGAGAAA"	3	"SRX7869895"	"SRP251970"	"blood"	"LM1"	NA	NA	NA	"FBbt:00005248"	"prolamellocyte (Drosophila)"	"perfect match"	"B3"	NA	3
"CGCTTCACATTAGGCT"	8	"SRX7869895"	"SRP251970"	"blood"	"PM8"	NA	NA	NA	"CL:0000394"	"plasmatocyte (Drosophila)"	"missing child term"	"B3"	NA	7
"CGCTTCATCGGAGCAA"	6	"SRX7869895"	"SRP251970"	"blood"	"PM5"	NA	NA	NA	"CL:0000394"	"plasmatocyte (Drosophila)"	"missing child term"	"B3"	NA	5
"CGGACACTCAGTCCCT"	9	"SRX7869895"	"SRP251970"	"blood"	"PM9"	NA	NA	NA	"CL:0000394"	"plasmatocyte (Drosophila)"	"missing child term"	"B3"	NA	11
"CGGACGTGTTCACGGC"	6	"SRX7869895"	"SRP251970"	"blood"	"PM5"	NA	NA	NA	"CL:0000394"	"plasmatocyte (Drosophila)"	"missing child term"	"B3"	NA	5
"CGGACTGAGAAAGTGG"	8	"SRX7869895"	"SRP251970"	"blood"	"PM8"	NA	NA	NA	"CL:0000394"	"plasmatocyte (Drosophila)"	"missing child term"	"B3"	NA	7
"CGGACTGAGCTGGAAC"	4	"SRX7869895"	"SRP251970"	"blood"	"PM3"	NA	NA	NA	"CL:0000394"	"plasmatocyte (Drosophila)"	"missing child term"	"B3"	NA	4
"CGGAGCTCAATCTGCA"	3	"SRX7869895"	"SRP251970"	"blood"	"LM1"	NA	NA	NA	"FBbt:00005248"	"prolamellocyte (Drosophila)"	"perfect match"	"B3"	NA	3
"CGGAGCTCATACCATG"	2	"SRX7869895"	"SRP251970"	"blood"	"PM2"	NA	NA	NA	"CL:0000394"	"plasmatocyte (Drosophila)"	"missing child term"	"B3"	NA	2
"CGGCTAGCATCGGAAG"	0	"SRX7869895"	"SRP251970"	"blood"	"PM1"	NA	NA	NA	"CL:0000394"	"plasmatocyte (Drosophila)"	"missing child term"	"B3"	NA	1
"CGGGTCAAGTTAGGTA"	8	"SRX7869895"	"SRP251970"	"blood"	"PM8"	NA	NA	NA	"CL:0000394"	"plasmatocyte (Drosophila)"	"missing child term"	"B3"	NA	7
"CGTAGCGTCGAACTGT"	5	"SRX7869895"	"SRP251970"	"blood"	"PM4"	NA	NA	NA	"CL:0000394"	"plasmatocyte (Drosophila)"	"missing child term"	"B3"	NA	8
"CGTAGGCTCCAAACTG"	2	"SRX7869895"	"SRP251970"	"blood"	"PM2"	NA	NA	NA	"CL:0000394"	"plasmatocyte (Drosophila)"	"missing child term"	"B3"	NA	2
"CGTCACTTCGTACCGG"	5	"SRX7869895"	"SRP251970"	"blood"	"PM4"	NA	NA	NA	"CL:0000394"	"plasmatocyte (Drosophila)"	"missing child term"	"B3"	NA	8
"CGTCACTTCTGGTTCC"	0	"SRX7869895"	"SRP251970"	"blood"	"PM1"	NA	NA	NA	"CL:0000394"	"plasmatocyte (Drosophila)"	"missing child term"	"B3"	NA	1
"CGTCAGGAGATAGGAG"	2	"SRX7869895"	"SRP251970"	"blood"	"PM2"	NA	NA	NA	"CL:0000394"	"plasmatocyte (Drosophila)"	"missing child term"	"B3"	NA	2
"CGTCCATAGCAGGTCA"	2	"SRX7869895"	"SRP251970"	"blood"	"PM2"	NA	NA	NA	"CL:0000394"	"plasmatocyte (Drosophila)"	"missing child term"	"B3"	NA	2
"CGTCCATCAATCTGCA"	11	"SRX7869895"	"SRP251970"	"blood"	"PM7"	NA	NA	NA	"CL:0000394"	"plasmatocyte (Drosophila)"	"missing child term"	"B3"	NA	9
"CGTCCATGTCATCCCT"	2	"SRX7869895"	"SRP251970"	"blood"	"PM2"	NA	NA	NA	"CL:0000394"	"plasmatocyte (Drosophila)"	"missing child term"	"B3"	NA	2
"CGTCCATGTGCACTTA"	3	"SRX7869895"	"SRP251970"	"blood"	"LM1"	NA	NA	NA	"FBbt:00005248"	"prolamellocyte (Drosophila)"	"perfect match"	"B3"	NA	3
"CGTCCATTCACTTCAT"	8	"SRX7869895"	"SRP251970"	"blood"	"PM8"	NA	NA	NA	"CL:0000394"	"plasmatocyte (Drosophila)"	"missing child term"	"B3"	NA	7
"CGTCTACCAAAGGTGC"	2	"SRX7869895"	"SRP251970"	"blood"	"PM2"	NA	NA	NA	"CL:0000394"	"plasmatocyte (Drosophila)"	"missing child term"	"B3"	NA	2
"CGTGAGCCAGACAAAT"	5	"SRX7869895"	"SRP251970"	"blood"	"PM4"	NA	NA	NA	"CL:0000394"	"plasmatocyte (Drosophila)"	"missing child term"	"B3"	NA	8
"CGTGAGCGTCACAAGG"	6	"SRX7869895"	"SRP251970"	"blood"	"PM5"	NA	NA	NA	"CL:0000394"	"plasmatocyte (Drosophila)"	"missing child term"	"B3"	NA	5
"CGTGAGCTCGGCATCG"	4	"SRX7869895"	"SRP251970"	"blood"	"PM3"	NA	NA	NA	"CL:0000394"	"plasmatocyte (Drosophila)"	"missing child term"	"B3"	NA	4
"CGTGTCTAGAATCTCC"	2	"SRX7869895"	"SRP251970"	"blood"	"PM2"	NA	NA	NA	"CL:0000394"	"plasmatocyte (Drosophila)"	"missing child term"	"B3"	NA	2
"CGTGTCTAGCCGCCTA"	4	"SRX7869895"	"SRP251970"	"blood"	"PM3"	NA	NA	NA	"CL:0000394"	"plasmatocyte (Drosophila)"	"missing child term"	"B3"	NA	4
"CGTGTCTGTCCATCCT"	2	"SRX7869895"	"SRP251970"	"blood"	"PM2"	NA	NA	NA	"CL:0000394"	"plasmatocyte (Drosophila)"	"missing child term"	"B3"	NA	2
"CGTGTCTTCGGAGGTA"	3	"SRX7869895"	"SRP251970"	"blood"	"LM1"	NA	NA	NA	"FBbt:00005248"	"prolamellocyte (Drosophila)"	"perfect match"	"B3"	NA	3
"CGTTAGACAACTTGAC"	6	"SRX7869895"	"SRP251970"	"blood"	"PM5"	NA	NA	NA	"CL:0000394"	"plasmatocyte (Drosophila)"	"missing child term"	"B3"	NA	5
"CGTTAGAGTAGCTGCC"	2	"SRX7869895"	"SRP251970"	"blood"	"PM2"	NA	NA	NA	"CL:0000394"	"plasmatocyte (Drosophila)"	"missing child term"	"B3"	NA	2
"CGTTAGAGTGTAAGTA"	3	"SRX7869895"	"SRP251970"	"blood"	"LM1"	NA	NA	NA	"FBbt:00005248"	"prolamellocyte (Drosophila)"	"perfect match"	"B3"	NA	3
"CGTTAGATCACGATGT"	0	"SRX7869895"	"SRP251970"	"blood"	"PM1"	NA	NA	NA	"CL:0000394"	"plasmatocyte (Drosophila)"	"missing child term"	"B3"	NA	1
"CGTTAGATCCGAACGC"	2	"SRX7869895"	"SRP251970"	"blood"	"PM2"	NA	NA	NA	"CL:0000394"	"plasmatocyte (Drosophila)"	"missing child term"	"B3"	NA	2
"CGTTCTGAGACCGGAT"	4	"SRX7869895"	"SRP251970"	"blood"	"PM3"	NA	NA	NA	"CL:0000394"	"plasmatocyte (Drosophila)"	"missing child term"	"B3"	NA	4
"CGTTCTGTCTTCATGT"	2	"SRX7869895"	"SRP251970"	"blood"	"PM2"	NA	NA	NA	"CL:0000394"	"plasmatocyte (Drosophila)"	"missing child term"	"B3"	NA	2
"CTAACTTAGCTGCAAG"	6	"SRX7869895"	"SRP251970"	"blood"	"PM5"	NA	NA	NA	"CL:0000394"	"plasmatocyte (Drosophila)"	"missing child term"	"B3"	NA	5
"CTAACTTTCCGAGCCA"	6	"SRX7869895"	"SRP251970"	"blood"	"PM5"	NA	NA	NA	"CL:0000394"	"plasmatocyte (Drosophila)"	"missing child term"	"B3"	NA	5
"CTAAGACAGACAGACC"	3	"SRX7869895"	"SRP251970"	"blood"	"LM1"	NA	NA	NA	"FBbt:00005248"	"prolamellocyte (Drosophila)"	"perfect match"	"B3"	NA	3
"CTAAGACCAAGTCATC"	5	"SRX7869895"	"SRP251970"	"blood"	"PM4"	NA	NA	NA	"CL:0000394"	"plasmatocyte (Drosophila)"	"missing child term"	"B3"	NA	8
"CTAAGACGTGTATGGG"	2	"SRX7869895"	"SRP251970"	"blood"	"PM2"	NA	NA	NA	"CL:0000394"	"plasmatocyte (Drosophila)"	"missing child term"	"B3"	NA	2
"CTAAGACTCACAGTAC"	5	"SRX7869895"	"SRP251970"	"blood"	"PM4"	NA	NA	NA	"CL:0000394"	"plasmatocyte (Drosophila)"	"missing child term"	"B3"	NA	8
"CTAATGGAGGCCATAG"	8	"SRX7869895"	"SRP251970"	"blood"	"PM8"	NA	NA	NA	"CL:0000394"	"plasmatocyte (Drosophila)"	"missing child term"	"B3"	NA	7
"CTAATGGTCAGCATGT"	6	"SRX7869895"	"SRP251970"	"blood"	"PM5"	NA	NA	NA	"CL:0000394"	"plasmatocyte (Drosophila)"	"missing child term"	"B3"	NA	5
"CTAATGGTCAGGCGAA"	5	"SRX7869895"	"SRP251970"	"blood"	"PM4"	NA	NA	NA	"CL:0000394"	"plasmatocyte (Drosophila)"	"missing child term"	"B3"	NA	8
"CTACACCAGGATGTAT"	2	"SRX7869895"	"SRP251970"	"blood"	"PM2"	NA	NA	NA	"CL:0000394"	"plasmatocyte (Drosophila)"	"missing child term"	"B3"	NA	2
"CTACCCATCTGGTTCC"	0	"SRX7869895"	"SRP251970"	"blood"	"PM1"	NA	NA	NA	"CL:0000394"	"plasmatocyte (Drosophila)"	"missing child term"	"B3"	NA	1
"CTACGTCAGTCACGCC"	5	"SRX7869895"	"SRP251970"	"blood"	"PM4"	NA	NA	NA	"CL:0000394"	"plasmatocyte (Drosophila)"	"missing child term"	"B3"	NA	8
"CTACGTCCATTTCAGG"	6	"SRX7869895"	"SRP251970"	"blood"	"PM5"	NA	NA	NA	"CL:0000394"	"plasmatocyte (Drosophila)"	"missing child term"	"B3"	NA	5
"CTACGTCTCCAGTAGT"	6	"SRX7869895"	"SRP251970"	"blood"	"PM5"	NA	NA	NA	"CL:0000394"	"plasmatocyte (Drosophila)"	"missing child term"	"B3"	NA	5
"CTAGAGTCACAGCCCA"	13	"SRX7869895"	"SRP251970"	"blood"	"PM10"	NA	NA	NA	"CL:0000394"	"plasmatocyte (Drosophila)"	"missing child term"	"B3"	NA	12
"CTAGAGTGTGTGCCTG"	2	"SRX7869895"	"SRP251970"	"blood"	"PM2"	NA	NA	NA	"CL:0000394"	"plasmatocyte (Drosophila)"	"missing child term"	"B3"	NA	2
"CTCACACAGTAACCCT"	2	"SRX7869895"	"SRP251970"	"blood"	"PM2"	NA	NA	NA	"CL:0000394"	"plasmatocyte (Drosophila)"	"missing child term"	"B3"	NA	2
"CTCACACGTCCCGACA"	3	"SRX7869895"	"SRP251970"	"blood"	"LM1"	NA	NA	NA	"FBbt:00005248"	"prolamellocyte (Drosophila)"	"perfect match"	"B3"	NA	3
"CTCACACTCGCCGTGA"	0	"SRX7869895"	"SRP251970"	"blood"	"PM1"	NA	NA	NA	"CL:0000394"	"plasmatocyte (Drosophila)"	"missing child term"	"B3"	NA	1
"CTCAGAACATAGACTC"	2	"SRX7869895"	"SRP251970"	"blood"	"PM2"	NA	NA	NA	"CL:0000394"	"plasmatocyte (Drosophila)"	"missing child term"	"B3"	NA	2
"CTCATTAGTCTTCTCG"	3	"SRX7869895"	"SRP251970"	"blood"	"LM1"	NA	NA	NA	"FBbt:00005248"	"prolamellocyte (Drosophila)"	"perfect match"	"B3"	NA	3
"CTCATTATCCTATTCA"	0	"SRX7869895"	"SRP251970"	"blood"	"PM1"	NA	NA	NA	"CL:0000394"	"plasmatocyte (Drosophila)"	"missing child term"	"B3"	NA	1
"CTCCTAGGTCTGATCA"	10	"SRX7869895"	"SRP251970"	"blood"	"PM6"	NA	NA	NA	"CL:0000394"	"plasmatocyte (Drosophila)"	"missing child term"	"B3"	NA	6
"CTCGAAACAGAAGCAC"	6	"SRX7869895"	"SRP251970"	"blood"	"PM5"	NA	NA	NA	"CL:0000394"	"plasmatocyte (Drosophila)"	"missing child term"	"B3"	NA	5
"CTCGAAAGTGCGCTTG"	2	"SRX7869895"	"SRP251970"	"blood"	"PM2"	NA	NA	NA	"CL:0000394"	"plasmatocyte (Drosophila)"	"missing child term"	"B3"	NA	2
"CTCGAGGAGGGTCTCC"	11	"SRX7869895"	"SRP251970"	"blood"	"PM7"	NA	NA	NA	"CL:0000394"	"plasmatocyte (Drosophila)"	"missing child term"	"B3"	NA	9
"CTCGGAGCAAAGCAAT"	0	"SRX7869895"	"SRP251970"	"blood"	"PM1"	NA	NA	NA	"CL:0000394"	"plasmatocyte (Drosophila)"	"missing child term"	"B3"	NA	1
"CTCGGGAAGCGTCTAT"	9	"SRX7869895"	"SRP251970"	"blood"	"PM9"	NA	NA	NA	"CL:0000394"	"plasmatocyte (Drosophila)"	"missing child term"	"B3"	NA	11
"CTCGGGAGTTAGATGA"	4	"SRX7869895"	"SRP251970"	"blood"	"PM3"	NA	NA	NA	"CL:0000394"	"plasmatocyte (Drosophila)"	"missing child term"	"B3"	NA	4
"CTCGTACCATTCCTGC"	3	"SRX7869895"	"SRP251970"	"blood"	"LM1"	NA	NA	NA	"FBbt:00005248"	"prolamellocyte (Drosophila)"	"perfect match"	"B3"	NA	3
"CTCGTCAAGTACGCGA"	2	"SRX7869895"	"SRP251970"	"blood"	"PM2"	NA	NA	NA	"CL:0000394"	"plasmatocyte (Drosophila)"	"missing child term"	"B3"	NA	2
"CTCGTCAGTTCGCGAC"	2	"SRX7869895"	"SRP251970"	"blood"	"PM2"	NA	NA	NA	"CL:0000394"	"plasmatocyte (Drosophila)"	"missing child term"	"B3"	NA	2
"CTCGTCATCCGCATCT"	4	"SRX7869895"	"SRP251970"	"blood"	"PM3"	NA	NA	NA	"CL:0000394"	"plasmatocyte (Drosophila)"	"missing child term"	"B3"	NA	4
"CTCTACGCAACACGCC"	2	"SRX7869895"	"SRP251970"	"blood"	"PM2"	NA	NA	NA	"CL:0000394"	"plasmatocyte (Drosophila)"	"missing child term"	"B3"	NA	2
"CTCTACGGTAGGCTGA"	4	"SRX7869895"	"SRP251970"	"blood"	"PM3"	NA	NA	NA	"CL:0000394"	"plasmatocyte (Drosophila)"	"missing child term"	"B3"	NA	4
"CTCTACGGTGATGTGG"	5	"SRX7869895"	"SRP251970"	"blood"	"PM4"	NA	NA	NA	"CL:0000394"	"plasmatocyte (Drosophila)"	"missing child term"	"B3"	NA	8
"CTCTACGTCCCACTTG"	4	"SRX7869895"	"SRP251970"	"blood"	"PM3"	NA	NA	NA	"CL:0000394"	"plasmatocyte (Drosophila)"	"missing child term"	"B3"	NA	4
"CTCTGGTAGCCCAGCT"	6	"SRX7869895"	"SRP251970"	"blood"	"PM5"	NA	NA	NA	"CL:0000394"	"plasmatocyte (Drosophila)"	"missing child term"	"B3"	NA	5
"CTCTGGTTCGTTTATC"	5	"SRX7869895"	"SRP251970"	"blood"	"PM4"	NA	NA	NA	"CL:0000394"	"plasmatocyte (Drosophila)"	"missing child term"	"B3"	NA	8
"CTGAAACGTCTTCTCG"	3	"SRX7869895"	"SRP251970"	"blood"	"LM1"	NA	NA	NA	"FBbt:00005248"	"prolamellocyte (Drosophila)"	"perfect match"	"B3"	NA	3
"CTGAAGTCACCAGTTA"	0	"SRX7869895"	"SRP251970"	"blood"	"PM1"	NA	NA	NA	"CL:0000394"	"plasmatocyte (Drosophila)"	"missing child term"	"B3"	NA	1
"CTGATAGGTTGGTAAA"	2	"SRX7869895"	"SRP251970"	"blood"	"PM2"	NA	NA	NA	"CL:0000394"	"plasmatocyte (Drosophila)"	"missing child term"	"B3"	NA	2
"CTGATAGTCACAAACC"	3	"SRX7869895"	"SRP251970"	"blood"	"LM1"	NA	NA	NA	"FBbt:00005248"	"prolamellocyte (Drosophila)"	"perfect match"	"B3"	NA	3
"CTGATCCCAGGACCCT"	2	"SRX7869895"	"SRP251970"	"blood"	"PM2"	NA	NA	NA	"CL:0000394"	"plasmatocyte (Drosophila)"	"missing child term"	"B3"	NA	2
"CTGATCCGTCTGCCAG"	5	"SRX7869895"	"SRP251970"	"blood"	"PM4"	NA	NA	NA	"CL:0000394"	"plasmatocyte (Drosophila)"	"missing child term"	"B3"	NA	8
"CTGATCCTCCAAACAC"	4	"SRX7869895"	"SRP251970"	"blood"	"PM3"	NA	NA	NA	"CL:0000394"	"plasmatocyte (Drosophila)"	"missing child term"	"B3"	NA	4
"CTGCCTAAGTACGATA"	0	"SRX7869895"	"SRP251970"	"blood"	"PM1"	NA	NA	NA	"CL:0000394"	"plasmatocyte (Drosophila)"	"missing child term"	"B3"	NA	1
"CTGCTGTAGTAGTGCG"	8	"SRX7869895"	"SRP251970"	"blood"	"PM8"	NA	NA	NA	"CL:0000394"	"plasmatocyte (Drosophila)"	"missing child term"	"B3"	NA	7
"CTGCTGTCATCCAACA"	6	"SRX7869895"	"SRP251970"	"blood"	"PM5"	NA	NA	NA	"CL:0000394"	"plasmatocyte (Drosophila)"	"missing child term"	"B3"	NA	5
"CTGTGCTCATCGTCGG"	0	"SRX7869895"	"SRP251970"	"blood"	"PM1"	NA	NA	NA	"CL:0000394"	"plasmatocyte (Drosophila)"	"missing child term"	"B3"	NA	1
"CTGTGCTTCCCAGGTG"	0	"SRX7869895"	"SRP251970"	"blood"	"PM1"	NA	NA	NA	"CL:0000394"	"plasmatocyte (Drosophila)"	"missing child term"	"B3"	NA	1
"CTGTTTATCCTTGCCA"	5	"SRX7869895"	"SRP251970"	"blood"	"PM4"	NA	NA	NA	"CL:0000394"	"plasmatocyte (Drosophila)"	"missing child term"	"B3"	NA	8
"CTTAACTGTAAGTGTA"	2	"SRX7869895"	"SRP251970"	"blood"	"PM2"	NA	NA	NA	"CL:0000394"	"plasmatocyte (Drosophila)"	"missing child term"	"B3"	NA	2
"CTTAACTGTTTGACAC"	8	"SRX7869895"	"SRP251970"	"blood"	"PM8"	NA	NA	NA	"CL:0000394"	"plasmatocyte (Drosophila)"	"missing child term"	"B3"	NA	7
"CTTACCGAGTGTTGAA"	4	"SRX7869895"	"SRP251970"	"blood"	"PM3"	NA	NA	NA	"CL:0000394"	"plasmatocyte (Drosophila)"	"missing child term"	"B3"	NA	4
"CTTACCGCATGCGCAC"	5	"SRX7869895"	"SRP251970"	"blood"	"PM4"	NA	NA	NA	"CL:0000394"	"plasmatocyte (Drosophila)"	"missing child term"	"B3"	NA	8
"CTTAGGAAGGATGCGT"	0	"SRX7869895"	"SRP251970"	"blood"	"PM1"	NA	NA	NA	"CL:0000394"	"plasmatocyte (Drosophila)"	"missing child term"	"B3"	NA	1
"CTTAGGACATGCCACG"	6	"SRX7869895"	"SRP251970"	"blood"	"PM5"	NA	NA	NA	"CL:0000394"	"plasmatocyte (Drosophila)"	"missing child term"	"B3"	NA	5
"CTTAGGAGTGGGTCAA"	2	"SRX7869895"	"SRP251970"	"blood"	"PM2"	NA	NA	NA	"CL:0000394"	"plasmatocyte (Drosophila)"	"missing child term"	"B3"	NA	2
"CTTCTCTGTGTATGGG"	4	"SRX7869895"	"SRP251970"	"blood"	"PM3"	NA	NA	NA	"CL:0000394"	"plasmatocyte (Drosophila)"	"missing child term"	"B3"	NA	4
"CTTGGCTCACGTCTCT"	2	"SRX7869895"	"SRP251970"	"blood"	"PM2"	NA	NA	NA	"CL:0000394"	"plasmatocyte (Drosophila)"	"missing child term"	"B3"	NA	2
"CTTTGCGCAAAGTGCG"	3	"SRX7869895"	"SRP251970"	"blood"	"LM1"	NA	NA	NA	"FBbt:00005248"	"prolamellocyte (Drosophila)"	"perfect match"	"B3"	NA	3
"CTTTGCGGTCATATCG"	4	"SRX7869895"	"SRP251970"	"blood"	"PM3"	NA	NA	NA	"CL:0000394"	"plasmatocyte (Drosophila)"	"missing child term"	"B3"	NA	4
"CTTTGCGTCAGTCCCT"	4	"SRX7869895"	"SRP251970"	"blood"	"PM3"	NA	NA	NA	"CL:0000394"	"plasmatocyte (Drosophila)"	"missing child term"	"B3"	NA	4
"GAAACTCCAGCTCCGA"	3	"SRX7869895"	"SRP251970"	"blood"	"LM1"	NA	NA	NA	"FBbt:00005248"	"prolamellocyte (Drosophila)"	"perfect match"	"B3"	NA	3
"GAAACTCCATACAGCT"	2	"SRX7869895"	"SRP251970"	"blood"	"PM2"	NA	NA	NA	"CL:0000394"	"plasmatocyte (Drosophila)"	"missing child term"	"B3"	NA	2
"GAAATGACAAGTAATG"	0	"SRX7869895"	"SRP251970"	"blood"	"PM1"	NA	NA	NA	"CL:0000394"	"plasmatocyte (Drosophila)"	"missing child term"	"B3"	NA	1
"GAACATCCAGATTGCT"	4	"SRX7869895"	"SRP251970"	"blood"	"PM3"	NA	NA	NA	"CL:0000394"	"plasmatocyte (Drosophila)"	"missing child term"	"B3"	NA	4
"GAACATCCAGCCAATT"	2	"SRX7869895"	"SRP251970"	"blood"	"PM2"	NA	NA	NA	"CL:0000394"	"plasmatocyte (Drosophila)"	"missing child term"	"B3"	NA	2
"GAACATCTCGTTTATC"	3	"SRX7869895"	"SRP251970"	"blood"	"LM1"	NA	NA	NA	"FBbt:00005248"	"prolamellocyte (Drosophila)"	"perfect match"	"B3"	NA	3
"GAAGCAGTCTCGCATC"	8	"SRX7869895"	"SRP251970"	"blood"	"PM8"	NA	NA	NA	"CL:0000394"	"plasmatocyte (Drosophila)"	"missing child term"	"B3"	NA	7
"GAATAAGCACATAACC"	11	"SRX7869895"	"SRP251970"	"blood"	"PM7"	NA	NA	NA	"CL:0000394"	"plasmatocyte (Drosophila)"	"missing child term"	"B3"	NA	9
"GACACGCGTTACGACT"	0	"SRX7869895"	"SRP251970"	"blood"	"PM1"	NA	NA	NA	"CL:0000394"	"plasmatocyte (Drosophila)"	"missing child term"	"B3"	NA	1
"GACACGCTCATATCGG"	0	"SRX7869895"	"SRP251970"	"blood"	"PM1"	NA	NA	NA	"CL:0000394"	"plasmatocyte (Drosophila)"	"missing child term"	"B3"	NA	1
"GACCTGGCAGTATAAG"	6	"SRX7869895"	"SRP251970"	"blood"	"PM5"	NA	NA	NA	"CL:0000394"	"plasmatocyte (Drosophila)"	"missing child term"	"B3"	NA	5
"GACGTGCCACCCATTC"	6	"SRX7869895"	"SRP251970"	"blood"	"PM5"	NA	NA	NA	"CL:0000394"	"plasmatocyte (Drosophila)"	"missing child term"	"B3"	NA	5
"GACGTGCTCAGCTGGC"	6	"SRX7869895"	"SRP251970"	"blood"	"PM5"	NA	NA	NA	"CL:0000394"	"plasmatocyte (Drosophila)"	"missing child term"	"B3"	NA	5
"GACGTTAAGGTCATCT"	2	"SRX7869895"	"SRP251970"	"blood"	"PM2"	NA	NA	NA	"CL:0000394"	"plasmatocyte (Drosophila)"	"missing child term"	"B3"	NA	2
"GACTAACAGTGGTAGC"	3	"SRX7869895"	"SRP251970"	"blood"	"LM1"	NA	NA	NA	"FBbt:00005248"	"prolamellocyte (Drosophila)"	"perfect match"	"B3"	NA	3
"GACTAACTCACCGTAA"	3	"SRX7869895"	"SRP251970"	"blood"	"LM1"	NA	NA	NA	"FBbt:00005248"	"prolamellocyte (Drosophila)"	"perfect match"	"B3"	NA	3
"GACTACAGTACCGAGA"	3	"SRX7869895"	"SRP251970"	"blood"	"LM1"	NA	NA	NA	"FBbt:00005248"	"prolamellocyte (Drosophila)"	"perfect match"	"B3"	NA	3
"GACTACATCGGCGGTT"	2	"SRX7869895"	"SRP251970"	"blood"	"PM2"	NA	NA	NA	"CL:0000394"	"plasmatocyte (Drosophila)"	"missing child term"	"B3"	NA	2
"GACTACATCGTCTGAA"	3	"SRX7869895"	"SRP251970"	"blood"	"LM1"	NA	NA	NA	"FBbt:00005248"	"prolamellocyte (Drosophila)"	"perfect match"	"B3"	NA	3
"GACTGCGTCTCTAGGA"	2	"SRX7869895"	"SRP251970"	"blood"	"PM2"	NA	NA	NA	"CL:0000394"	"plasmatocyte (Drosophila)"	"missing child term"	"B3"	NA	2
"GAGCAGATCTCTTGAT"	2	"SRX7869895"	"SRP251970"	"blood"	"PM2"	NA	NA	NA	"CL:0000394"	"plasmatocyte (Drosophila)"	"missing child term"	"B3"	NA	2
"GAGGTGACATCGTCGG"	2	"SRX7869895"	"SRP251970"	"blood"	"PM2"	NA	NA	NA	"CL:0000394"	"plasmatocyte (Drosophila)"	"missing child term"	"B3"	NA	2
"GAGGTGAGTTCCAACA"	2	"SRX7869895"	"SRP251970"	"blood"	"PM2"	NA	NA	NA	"CL:0000394"	"plasmatocyte (Drosophila)"	"missing child term"	"B3"	NA	2
"GAGTCCGTCAATACCG"	0	"SRX7869895"	"SRP251970"	"blood"	"PM1"	NA	NA	NA	"CL:0000394"	"plasmatocyte (Drosophila)"	"missing child term"	"B3"	NA	1
"GATCAGTGTCAGGACA"	3	"SRX7869895"	"SRP251970"	"blood"	"LM1"	NA	NA	NA	"FBbt:00005248"	"prolamellocyte (Drosophila)"	"perfect match"	"B3"	NA	3
"GATCAGTGTGATAAGT"	2	"SRX7869895"	"SRP251970"	"blood"	"PM2"	NA	NA	NA	"CL:0000394"	"plasmatocyte (Drosophila)"	"missing child term"	"B3"	NA	2
"GATCGCGTCGCGCCAA"	6	"SRX7869895"	"SRP251970"	"blood"	"PM5"	NA	NA	NA	"CL:0000394"	"plasmatocyte (Drosophila)"	"missing child term"	"B3"	NA	5
"GATCGTAAGTTCGATC"	0	"SRX7869895"	"SRP251970"	"blood"	"PM1"	NA	NA	NA	"CL:0000394"	"plasmatocyte (Drosophila)"	"missing child term"	"B3"	NA	1
"GATCTAGGTTACGGAG"	8	"SRX7869895"	"SRP251970"	"blood"	"PM8"	NA	NA	NA	"CL:0000394"	"plasmatocyte (Drosophila)"	"missing child term"	"B3"	NA	7
"GATGAGGGTTGTGGAG"	2	"SRX7869895"	"SRP251970"	"blood"	"PM2"	NA	NA	NA	"CL:0000394"	"plasmatocyte (Drosophila)"	"missing child term"	"B3"	NA	2
"GATGCTATCGTTACGA"	2	"SRX7869895"	"SRP251970"	"blood"	"PM2"	NA	NA	NA	"CL:0000394"	"plasmatocyte (Drosophila)"	"missing child term"	"B3"	NA	2
"GATTCAGCAAGCTGTT"	6	"SRX7869895"	"SRP251970"	"blood"	"PM5"	NA	NA	NA	"CL:0000394"	"plasmatocyte (Drosophila)"	"missing child term"	"B3"	NA	5
"GCAAACTAGACTGTAA"	2	"SRX7869895"	"SRP251970"	"blood"	"PM2"	NA	NA	NA	"CL:0000394"	"plasmatocyte (Drosophila)"	"missing child term"	"B3"	NA	2
"GCAAACTAGGGTCGAT"	4	"SRX7869895"	"SRP251970"	"blood"	"PM3"	NA	NA	NA	"CL:0000394"	"plasmatocyte (Drosophila)"	"missing child term"	"B3"	NA	4
"GCAAACTTCTAGCACA"	3	"SRX7869895"	"SRP251970"	"blood"	"LM1"	NA	NA	NA	"FBbt:00005248"	"prolamellocyte (Drosophila)"	"perfect match"	"B3"	NA	3
"GCAATCAAGACTAGAT"	2	"SRX7869895"	"SRP251970"	"blood"	"PM2"	NA	NA	NA	"CL:0000394"	"plasmatocyte (Drosophila)"	"missing child term"	"B3"	NA	2
"GCAATCACATTAGGCT"	5	"SRX7869895"	"SRP251970"	"blood"	"PM4"	NA	NA	NA	"CL:0000394"	"plasmatocyte (Drosophila)"	"missing child term"	"B3"	NA	8
"GCACATATCCCTCAGT"	2	"SRX7869895"	"SRP251970"	"blood"	"PM2"	NA	NA	NA	"CL:0000394"	"plasmatocyte (Drosophila)"	"missing child term"	"B3"	NA	2
"GCAGTTACAAACGCGA"	3	"SRX7869895"	"SRP251970"	"blood"	"LM1"	NA	NA	NA	"FBbt:00005248"	"prolamellocyte (Drosophila)"	"perfect match"	"B3"	NA	3
"GCAGTTAGTGTTGAGG"	4	"SRX7869895"	"SRP251970"	"blood"	"PM3"	NA	NA	NA	"CL:0000394"	"plasmatocyte (Drosophila)"	"missing child term"	"B3"	NA	4
"GCAGTTATCCTCGCAT"	11	"SRX7869895"	"SRP251970"	"blood"	"PM7"	NA	NA	NA	"CL:0000394"	"plasmatocyte (Drosophila)"	"missing child term"	"B3"	NA	9
"GCATACATCTCACATT"	3	"SRX7869895"	"SRP251970"	"blood"	"LM1"	NA	NA	NA	"FBbt:00005248"	"prolamellocyte (Drosophila)"	"perfect match"	"B3"	NA	3
"GCATGATGTTAAGTAG"	2	"SRX7869895"	"SRP251970"	"blood"	"PM2"	NA	NA	NA	"CL:0000394"	"plasmatocyte (Drosophila)"	"missing child term"	"B3"	NA	2
"GCATGCGAGCCACGTC"	0	"SRX7869895"	"SRP251970"	"blood"	"PM1"	NA	NA	NA	"CL:0000394"	"plasmatocyte (Drosophila)"	"missing child term"	"B3"	NA	1
"GCATGCGGTAAGAGAG"	5	"SRX7869895"	"SRP251970"	"blood"	"PM4"	NA	NA	NA	"CL:0000394"	"plasmatocyte (Drosophila)"	"missing child term"	"B3"	NA	8
"GCATGTAGTTGGAGGT"	0	"SRX7869895"	"SRP251970"	"blood"	"PM1"	NA	NA	NA	"CL:0000394"	"plasmatocyte (Drosophila)"	"missing child term"	"B3"	NA	1
"GCCAAATAGCAAATCA"	8	"SRX7869895"	"SRP251970"	"blood"	"PM8"	NA	NA	NA	"CL:0000394"	"plasmatocyte (Drosophila)"	"missing child term"	"B3"	NA	7
"GCCAAATTCACCTTAT"	5	"SRX7869895"	"SRP251970"	"blood"	"PM4"	NA	NA	NA	"CL:0000394"	"plasmatocyte (Drosophila)"	"missing child term"	"B3"	NA	8
"GCCTCTAAGACTCGGA"	3	"SRX7869895"	"SRP251970"	"blood"	"LM1"	NA	NA	NA	"FBbt:00005248"	"prolamellocyte (Drosophila)"	"perfect match"	"B3"	NA	3
"GCCTCTAAGTCGTACT"	2	"SRX7869895"	"SRP251970"	"blood"	"PM2"	NA	NA	NA	"CL:0000394"	"plasmatocyte (Drosophila)"	"missing child term"	"B3"	NA	2
"GCCTCTAGTACTCGCG"	2	"SRX7869895"	"SRP251970"	"blood"	"PM2"	NA	NA	NA	"CL:0000394"	"plasmatocyte (Drosophila)"	"missing child term"	"B3"	NA	2
"GCGACCAAGAAGGCCT"	4	"SRX7869895"	"SRP251970"	"blood"	"PM3"	NA	NA	NA	"CL:0000394"	"plasmatocyte (Drosophila)"	"missing child term"	"B3"	NA	4
"GCGACCACAGATGGGT"	2	"SRX7869895"	"SRP251970"	"blood"	"PM2"	NA	NA	NA	"CL:0000394"	"plasmatocyte (Drosophila)"	"missing child term"	"B3"	NA	2
"GCGACCACAGTTTACG"	8	"SRX7869895"	"SRP251970"	"blood"	"PM8"	NA	NA	NA	"CL:0000394"	"plasmatocyte (Drosophila)"	"missing child term"	"B3"	NA	7
"GCGACCAGTACGCTGC"	11	"SRX7869895"	"SRP251970"	"blood"	"PM7"	NA	NA	NA	"CL:0000394"	"plasmatocyte (Drosophila)"	"missing child term"	"B3"	NA	9
"GCGAGAAAGGCATGGT"	2	"SRX7869895"	"SRP251970"	"blood"	"PM2"	NA	NA	NA	"CL:0000394"	"plasmatocyte (Drosophila)"	"missing child term"	"B3"	NA	2
"GCGCCAACAGCTGTAT"	2	"SRX7869895"	"SRP251970"	"blood"	"PM2"	NA	NA	NA	"CL:0000394"	"plasmatocyte (Drosophila)"	"missing child term"	"B3"	NA	2
"GCGCCAACAGTTCATG"	8	"SRX7869895"	"SRP251970"	"blood"	"PM8"	NA	NA	NA	"CL:0000394"	"plasmatocyte (Drosophila)"	"missing child term"	"B3"	NA	7
"GCGCCAACATACAGCT"	8	"SRX7869895"	"SRP251970"	"blood"	"PM8"	NA	NA	NA	"CL:0000394"	"plasmatocyte (Drosophila)"	"missing child term"	"B3"	NA	7
"GCGCCAATCACCCGAG"	2	"SRX7869895"	"SRP251970"	"blood"	"PM2"	NA	NA	NA	"CL:0000394"	"plasmatocyte (Drosophila)"	"missing child term"	"B3"	NA	2
"GCGGGTTCACCCATTC"	0	"SRX7869895"	"SRP251970"	"blood"	"PM1"	NA	NA	NA	"CL:0000394"	"plasmatocyte (Drosophila)"	"missing child term"	"B3"	NA	1
"GCGGGTTGTGACTCAT"	0	"SRX7869895"	"SRP251970"	"blood"	"PM1"	NA	NA	NA	"CL:0000394"	"plasmatocyte (Drosophila)"	"missing child term"	"B3"	NA	1
"GCGGGTTTCCTGTAGA"	2	"SRX7869895"	"SRP251970"	"blood"	"PM2"	NA	NA	NA	"CL:0000394"	"plasmatocyte (Drosophila)"	"missing child term"	"B3"	NA	2
"GCTCCTACAAGCCTAT"	3	"SRX7869895"	"SRP251970"	"blood"	"LM1"	NA	NA	NA	"FBbt:00005248"	"prolamellocyte (Drosophila)"	"perfect match"	"B3"	NA	3
"GCTCCTACAGTCCTTC"	3	"SRX7869895"	"SRP251970"	"blood"	"LM1"	NA	NA	NA	"FBbt:00005248"	"prolamellocyte (Drosophila)"	"perfect match"	"B3"	NA	3
"GCTCCTAGTCCGAATT"	3	"SRX7869895"	"SRP251970"	"blood"	"LM1"	NA	NA	NA	"FBbt:00005248"	"prolamellocyte (Drosophila)"	"perfect match"	"B3"	NA	3
"GCTCTGTGTCTAGGTT"	2	"SRX7869895"	"SRP251970"	"blood"	"PM2"	NA	NA	NA	"CL:0000394"	"plasmatocyte (Drosophila)"	"missing child term"	"B3"	NA	2
"GCTCTGTTCCTATTCA"	4	"SRX7869895"	"SRP251970"	"blood"	"PM3"	NA	NA	NA	"CL:0000394"	"plasmatocyte (Drosophila)"	"missing child term"	"B3"	NA	4
"GCTGCAGAGATATGGT"	3	"SRX7869895"	"SRP251970"	"blood"	"LM1"	NA	NA	NA	"FBbt:00005248"	"prolamellocyte (Drosophila)"	"perfect match"	"B3"	NA	3
"GCTGCAGAGGAGTTTA"	2	"SRX7869895"	"SRP251970"	"blood"	"PM2"	NA	NA	NA	"CL:0000394"	"plasmatocyte (Drosophila)"	"missing child term"	"B3"	NA	2
"GCTGCGAGTTGGGACA"	3	"SRX7869895"	"SRP251970"	"blood"	"LM1"	NA	NA	NA	"FBbt:00005248"	"prolamellocyte (Drosophila)"	"perfect match"	"B3"	NA	3
"GCTTCCATCCAAGCCG"	5	"SRX7869895"	"SRP251970"	"blood"	"PM4"	NA	NA	NA	"CL:0000394"	"plasmatocyte (Drosophila)"	"missing child term"	"B3"	NA	8
"GGAAAGCTCACAAACC"	6	"SRX7869895"	"SRP251970"	"blood"	"PM5"	NA	NA	NA	"CL:0000394"	"plasmatocyte (Drosophila)"	"missing child term"	"B3"	NA	5
"GGAACTTCAATGGATA"	8	"SRX7869895"	"SRP251970"	"blood"	"PM8"	NA	NA	NA	"CL:0000394"	"plasmatocyte (Drosophila)"	"missing child term"	"B3"	NA	7
"GGACAAGCAAGGACTG"	3	"SRX7869895"	"SRP251970"	"blood"	"LM1"	NA	NA	NA	"FBbt:00005248"	"prolamellocyte (Drosophila)"	"perfect match"	"B3"	NA	3
"GGACAAGCATAGAAAC"	6	"SRX7869895"	"SRP251970"	"blood"	"PM5"	NA	NA	NA	"CL:0000394"	"plasmatocyte (Drosophila)"	"missing child term"	"B3"	NA	5
"GGACAGACATGGTAGG"	6	"SRX7869895"	"SRP251970"	"blood"	"PM5"	NA	NA	NA	"CL:0000394"	"plasmatocyte (Drosophila)"	"missing child term"	"B3"	NA	5
"GGACATTAGGCTCATT"	2	"SRX7869895"	"SRP251970"	"blood"	"PM2"	NA	NA	NA	"CL:0000394"	"plasmatocyte (Drosophila)"	"missing child term"	"B3"	NA	2
"GGACATTGTATATGGA"	2	"SRX7869895"	"SRP251970"	"blood"	"PM2"	NA	NA	NA	"CL:0000394"	"plasmatocyte (Drosophila)"	"missing child term"	"B3"	NA	2
"GGACATTGTCATGCCG"	13	"SRX7869895"	"SRP251970"	"blood"	"PM10"	NA	NA	NA	"CL:0000394"	"plasmatocyte (Drosophila)"	"missing child term"	"B3"	NA	12
"GGAGCAAAGGGATCTG"	0	"SRX7869895"	"SRP251970"	"blood"	"PM1"	NA	NA	NA	"CL:0000394"	"plasmatocyte (Drosophila)"	"missing child term"	"B3"	NA	1
"GGAGCAAGTAAATGTG"	11	"SRX7869895"	"SRP251970"	"blood"	"PM7"	NA	NA	NA	"CL:0000394"	"plasmatocyte (Drosophila)"	"missing child term"	"B3"	NA	9
"GGAGCAAGTGAGGGAG"	2	"SRX7869895"	"SRP251970"	"blood"	"PM2"	NA	NA	NA	"CL:0000394"	"plasmatocyte (Drosophila)"	"missing child term"	"B3"	NA	2
"GGATGTTCATCGATTG"	2	"SRX7869895"	"SRP251970"	"blood"	"PM2"	NA	NA	NA	"CL:0000394"	"plasmatocyte (Drosophila)"	"missing child term"	"B3"	NA	2
"GGATGTTTCTCAACTT"	13	"SRX7869895"	"SRP251970"	"blood"	"PM10"	NA	NA	NA	"CL:0000394"	"plasmatocyte (Drosophila)"	"missing child term"	"B3"	NA	12
"GGATTACTCCACTGGG"	0	"SRX7869895"	"SRP251970"	"blood"	"PM1"	NA	NA	NA	"CL:0000394"	"plasmatocyte (Drosophila)"	"missing child term"	"B3"	NA	1
"GGCAATTTCCCTTGCA"	8	"SRX7869895"	"SRP251970"	"blood"	"PM8"	NA	NA	NA	"CL:0000394"	"plasmatocyte (Drosophila)"	"missing child term"	"B3"	NA	7
"GGCGACTAGCTGAAAT"	6	"SRX7869895"	"SRP251970"	"blood"	"PM5"	NA	NA	NA	"CL:0000394"	"plasmatocyte (Drosophila)"	"missing child term"	"B3"	NA	5
"GGCGACTAGTTAGCGG"	5	"SRX7869895"	"SRP251970"	"blood"	"PM4"	NA	NA	NA	"CL:0000394"	"plasmatocyte (Drosophila)"	"missing child term"	"B3"	NA	8
"GGCGACTTCCCTCTTT"	2	"SRX7869895"	"SRP251970"	"blood"	"PM2"	NA	NA	NA	"CL:0000394"	"plasmatocyte (Drosophila)"	"missing child term"	"B3"	NA	2
"GGCGTGTCAAGGCTCC"	2	"SRX7869895"	"SRP251970"	"blood"	"PM2"	NA	NA	NA	"CL:0000394"	"plasmatocyte (Drosophila)"	"missing child term"	"B3"	NA	2
"GGCTCGAGTCTTTCAT"	3	"SRX7869895"	"SRP251970"	"blood"	"LM1"	NA	NA	NA	"FBbt:00005248"	"prolamellocyte (Drosophila)"	"perfect match"	"B3"	NA	3
"GGCTGGTGTATTACCG"	6	"SRX7869895"	"SRP251970"	"blood"	"PM5"	NA	NA	NA	"CL:0000394"	"plasmatocyte (Drosophila)"	"missing child term"	"B3"	NA	5
"GGGAATGAGCGATAGC"	2	"SRX7869895"	"SRP251970"	"blood"	"PM2"	NA	NA	NA	"CL:0000394"	"plasmatocyte (Drosophila)"	"missing child term"	"B3"	NA	2
"GGGACCTAGGCAATTA"	0	"SRX7869895"	"SRP251970"	"blood"	"PM1"	NA	NA	NA	"CL:0000394"	"plasmatocyte (Drosophila)"	"missing child term"	"B3"	NA	1
"GGGACCTGTAGCGCAA"	5	"SRX7869895"	"SRP251970"	"blood"	"PM4"	NA	NA	NA	"CL:0000394"	"plasmatocyte (Drosophila)"	"missing child term"	"B3"	NA	8
"GGGAGATAGCCCTAAT"	2	"SRX7869895"	"SRP251970"	"blood"	"PM2"	NA	NA	NA	"CL:0000394"	"plasmatocyte (Drosophila)"	"missing child term"	"B3"	NA	2
"GGGCACTAGAAGGGTA"	2	"SRX7869895"	"SRP251970"	"blood"	"PM2"	NA	NA	NA	"CL:0000394"	"plasmatocyte (Drosophila)"	"missing child term"	"B3"	NA	2
"GGGCATCGTTACGCGC"	9	"SRX7869895"	"SRP251970"	"blood"	"PM9"	NA	NA	NA	"CL:0000394"	"plasmatocyte (Drosophila)"	"missing child term"	"B3"	NA	11
"GGTATTGAGTGAACAT"	2	"SRX7869895"	"SRP251970"	"blood"	"PM2"	NA	NA	NA	"CL:0000394"	"plasmatocyte (Drosophila)"	"missing child term"	"B3"	NA	2
"GGTATTGCATCCCACT"	6	"SRX7869895"	"SRP251970"	"blood"	"PM5"	NA	NA	NA	"CL:0000394"	"plasmatocyte (Drosophila)"	"missing child term"	"B3"	NA	5
"GGTATTGGTGTGAATA"	0	"SRX7869895"	"SRP251970"	"blood"	"PM1"	NA	NA	NA	"CL:0000394"	"plasmatocyte (Drosophila)"	"missing child term"	"B3"	NA	1
"GGTGCGTAGTTAGCGG"	2	"SRX7869895"	"SRP251970"	"blood"	"PM2"	NA	NA	NA	"CL:0000394"	"plasmatocyte (Drosophila)"	"missing child term"	"B3"	NA	2
"GGTGCGTTCCATTCTA"	0	"SRX7869895"	"SRP251970"	"blood"	"PM1"	NA	NA	NA	"CL:0000394"	"plasmatocyte (Drosophila)"	"missing child term"	"B3"	NA	1
"GGTGTTAGTTGCGTTA"	0	"SRX7869895"	"SRP251970"	"blood"	"PM1"	NA	NA	NA	"CL:0000394"	"plasmatocyte (Drosophila)"	"missing child term"	"B3"	NA	1
"GTAACGTGTATTACCG"	2	"SRX7869895"	"SRP251970"	"blood"	"PM2"	NA	NA	NA	"CL:0000394"	"plasmatocyte (Drosophila)"	"missing child term"	"B3"	NA	2
"GTAACTGGTTCCTCCA"	3	"SRX7869895"	"SRP251970"	"blood"	"LM1"	NA	NA	NA	"FBbt:00005248"	"prolamellocyte (Drosophila)"	"perfect match"	"B3"	NA	3
"GTACGTACACCTATCC"	2	"SRX7869895"	"SRP251970"	"blood"	"PM2"	NA	NA	NA	"CL:0000394"	"plasmatocyte (Drosophila)"	"missing child term"	"B3"	NA	2
"GTACGTAGTATGCTTG"	2	"SRX7869895"	"SRP251970"	"blood"	"PM2"	NA	NA	NA	"CL:0000394"	"plasmatocyte (Drosophila)"	"missing child term"	"B3"	NA	2
"GTACGTATCGTTGACA"	4	"SRX7869895"	"SRP251970"	"blood"	"PM3"	NA	NA	NA	"CL:0000394"	"plasmatocyte (Drosophila)"	"missing child term"	"B3"	NA	4
"GTACGTATCTCTAGGA"	2	"SRX7869895"	"SRP251970"	"blood"	"PM2"	NA	NA	NA	"CL:0000394"	"plasmatocyte (Drosophila)"	"missing child term"	"B3"	NA	2
"GTACTCCAGTGGACGT"	2	"SRX7869895"	"SRP251970"	"blood"	"PM2"	NA	NA	NA	"CL:0000394"	"plasmatocyte (Drosophila)"	"missing child term"	"B3"	NA	2
"GTACTCCCAAGTACCT"	5	"SRX7869895"	"SRP251970"	"blood"	"PM4"	NA	NA	NA	"CL:0000394"	"plasmatocyte (Drosophila)"	"missing child term"	"B3"	NA	8
"GTACTTTTCTTGAGAC"	2	"SRX7869895"	"SRP251970"	"blood"	"PM2"	NA	NA	NA	"CL:0000394"	"plasmatocyte (Drosophila)"	"missing child term"	"B3"	NA	2
"GTAGGCCAGTCAAGGC"	2	"SRX7869895"	"SRP251970"	"blood"	"PM2"	NA	NA	NA	"CL:0000394"	"plasmatocyte (Drosophila)"	"missing child term"	"B3"	NA	2
"GTAGGCCCAGCGAACA"	0	"SRX7869895"	"SRP251970"	"blood"	"PM1"	NA	NA	NA	"CL:0000394"	"plasmatocyte (Drosophila)"	"missing child term"	"B3"	NA	1
"GTAGGCCCATCCGTGG"	6	"SRX7869895"	"SRP251970"	"blood"	"PM5"	NA	NA	NA	"CL:0000394"	"plasmatocyte (Drosophila)"	"missing child term"	"B3"	NA	5
"GTAGGCCGTTTCCACC"	6	"SRX7869895"	"SRP251970"	"blood"	"PM5"	NA	NA	NA	"CL:0000394"	"plasmatocyte (Drosophila)"	"missing child term"	"B3"	NA	5
"GTAGGCCTCATCGATG"	0	"SRX7869895"	"SRP251970"	"blood"	"PM1"	NA	NA	NA	"CL:0000394"	"plasmatocyte (Drosophila)"	"missing child term"	"B3"	NA	1
"GTAGGCCTCGTTGCCT"	6	"SRX7869895"	"SRP251970"	"blood"	"PM5"	NA	NA	NA	"CL:0000394"	"plasmatocyte (Drosophila)"	"missing child term"	"B3"	NA	5
"GTAGTCACAATTCCTT"	3	"SRX7869895"	"SRP251970"	"blood"	"LM1"	NA	NA	NA	"FBbt:00005248"	"prolamellocyte (Drosophila)"	"perfect match"	"B3"	NA	3
"GTATCTTAGATGTGTA"	6	"SRX7869895"	"SRP251970"	"blood"	"PM5"	NA	NA	NA	"CL:0000394"	"plasmatocyte (Drosophila)"	"missing child term"	"B3"	NA	5
"GTATTCTCATACGCTA"	5	"SRX7869895"	"SRP251970"	"blood"	"PM4"	NA	NA	NA	"CL:0000394"	"plasmatocyte (Drosophila)"	"missing child term"	"B3"	NA	8
"GTATTCTGTATAGGGC"	2	"SRX7869895"	"SRP251970"	"blood"	"PM2"	NA	NA	NA	"CL:0000394"	"plasmatocyte (Drosophila)"	"missing child term"	"B3"	NA	2
"GTCACAAAGATGCGAC"	2	"SRX7869895"	"SRP251970"	"blood"	"PM2"	NA	NA	NA	"CL:0000394"	"plasmatocyte (Drosophila)"	"missing child term"	"B3"	NA	2
"GTCACAAAGGATCGCA"	0	"SRX7869895"	"SRP251970"	"blood"	"PM1"	NA	NA	NA	"CL:0000394"	"plasmatocyte (Drosophila)"	"missing child term"	"B3"	NA	1
"GTCACAACACTGTCGG"	9	"SRX7869895"	"SRP251970"	"blood"	"PM9"	NA	NA	NA	"CL:0000394"	"plasmatocyte (Drosophila)"	"missing child term"	"B3"	NA	11
"GTCACGGGTTGATTGC"	7	"SRX7869895"	"SRP251970"	"blood"	"CC2"	NA	NA	NA	"FBbt:00001690"	"embryonic/larval crystal cell (Drosophila)"	"perfect match"	"B3"	NA	10
"GTCACGGTCGCTTGTC"	8	"SRX7869895"	"SRP251970"	"blood"	"PM8"	NA	NA	NA	"CL:0000394"	"plasmatocyte (Drosophila)"	"missing child term"	"B3"	NA	7
"GTCATTTCACCGAATT"	0	"SRX7869895"	"SRP251970"	"blood"	"PM1"	NA	NA	NA	"CL:0000394"	"plasmatocyte (Drosophila)"	"missing child term"	"B3"	NA	1
"GTCATTTTCCGAAGAG"	2	"SRX7869895"	"SRP251970"	"blood"	"PM2"	NA	NA	NA	"CL:0000394"	"plasmatocyte (Drosophila)"	"missing child term"	"B3"	NA	2
"GTCCTCAAGGCTAGAC"	5	"SRX7869895"	"SRP251970"	"blood"	"PM4"	NA	NA	NA	"CL:0000394"	"plasmatocyte (Drosophila)"	"missing child term"	"B3"	NA	8
"GTCCTCACACAGAGGT"	2	"SRX7869895"	"SRP251970"	"blood"	"PM2"	NA	NA	NA	"CL:0000394"	"plasmatocyte (Drosophila)"	"missing child term"	"B3"	NA	2
"GTCGGGTCATGTCGAT"	0	"SRX7869895"	"SRP251970"	"blood"	"PM1"	NA	NA	NA	"CL:0000394"	"plasmatocyte (Drosophila)"	"missing child term"	"B3"	NA	1
"GTCGGGTTCACAACGT"	2	"SRX7869895"	"SRP251970"	"blood"	"PM2"	NA	NA	NA	"CL:0000394"	"plasmatocyte (Drosophila)"	"missing child term"	"B3"	NA	2
"GTCGTAAGTGCAGACA"	13	"SRX7869895"	"SRP251970"	"blood"	"PM10"	NA	NA	NA	"CL:0000394"	"plasmatocyte (Drosophila)"	"missing child term"	"B3"	NA	12
"GTCTCGTGTGCACGAA"	2	"SRX7869895"	"SRP251970"	"blood"	"PM2"	NA	NA	NA	"CL:0000394"	"plasmatocyte (Drosophila)"	"missing child term"	"B3"	NA	2
"GTCTCGTGTGCGCTTG"	5	"SRX7869895"	"SRP251970"	"blood"	"PM4"	NA	NA	NA	"CL:0000394"	"plasmatocyte (Drosophila)"	"missing child term"	"B3"	NA	8
"GTCTTCGCAGCGAACA"	2	"SRX7869895"	"SRP251970"	"blood"	"PM2"	NA	NA	NA	"CL:0000394"	"plasmatocyte (Drosophila)"	"missing child term"	"B3"	NA	2
"GTGAAGGAGGACACCA"	6	"SRX7869895"	"SRP251970"	"blood"	"PM5"	NA	NA	NA	"CL:0000394"	"plasmatocyte (Drosophila)"	"missing child term"	"B3"	NA	5
"GTGAAGGGTGCCTGGT"	7	"SRX7869895"	"SRP251970"	"blood"	"CC2"	NA	NA	NA	"FBbt:00001690"	"embryonic/larval crystal cell (Drosophila)"	"perfect match"	"B3"	NA	10
"GTGAAGGGTTTGTTTC"	2	"SRX7869895"	"SRP251970"	"blood"	"PM2"	NA	NA	NA	"CL:0000394"	"plasmatocyte (Drosophila)"	"missing child term"	"B3"	NA	2
"GTGCATAAGGACATTA"	4	"SRX7869895"	"SRP251970"	"blood"	"PM3"	NA	NA	NA	"CL:0000394"	"plasmatocyte (Drosophila)"	"missing child term"	"B3"	NA	4
"GTGCATAGTAAATGAC"	11	"SRX7869895"	"SRP251970"	"blood"	"PM7"	NA	NA	NA	"CL:0000394"	"plasmatocyte (Drosophila)"	"missing child term"	"B3"	NA	9
"GTGCGGTAGAAACGCC"	11	"SRX7869895"	"SRP251970"	"blood"	"PM7"	NA	NA	NA	"CL:0000394"	"plasmatocyte (Drosophila)"	"missing child term"	"B3"	NA	9
"GTGCGGTCATCGATGT"	2	"SRX7869895"	"SRP251970"	"blood"	"PM2"	NA	NA	NA	"CL:0000394"	"plasmatocyte (Drosophila)"	"missing child term"	"B3"	NA	2
"GTGCGGTCATGTAGTC"	5	"SRX7869895"	"SRP251970"	"blood"	"PM4"	NA	NA	NA	"CL:0000394"	"plasmatocyte (Drosophila)"	"missing child term"	"B3"	NA	8
"GTGCTTCCAGATCCAT"	3	"SRX7869895"	"SRP251970"	"blood"	"LM1"	NA	NA	NA	"FBbt:00005248"	"prolamellocyte (Drosophila)"	"perfect match"	"B3"	NA	3
"GTGCTTCTCACGCATA"	5	"SRX7869895"	"SRP251970"	"blood"	"PM4"	NA	NA	NA	"CL:0000394"	"plasmatocyte (Drosophila)"	"missing child term"	"B3"	NA	8
"GTGGGTCAGGGTGTGT"	4	"SRX7869895"	"SRP251970"	"blood"	"PM3"	NA	NA	NA	"CL:0000394"	"plasmatocyte (Drosophila)"	"missing child term"	"B3"	NA	4
"GTGGGTCAGGTGATAT"	0	"SRX7869895"	"SRP251970"	"blood"	"PM1"	NA	NA	NA	"CL:0000394"	"plasmatocyte (Drosophila)"	"missing child term"	"B3"	NA	1
"GTGGGTCCATATACCG"	2	"SRX7869895"	"SRP251970"	"blood"	"PM2"	NA	NA	NA	"CL:0000394"	"plasmatocyte (Drosophila)"	"missing child term"	"B3"	NA	2
"GTGTTAGAGGACTGGT"	2	"SRX7869895"	"SRP251970"	"blood"	"PM2"	NA	NA	NA	"CL:0000394"	"plasmatocyte (Drosophila)"	"missing child term"	"B3"	NA	2
"GTGTTAGCATGTCTCC"	8	"SRX7869895"	"SRP251970"	"blood"	"PM8"	NA	NA	NA	"CL:0000394"	"plasmatocyte (Drosophila)"	"missing child term"	"B3"	NA	7
"GTGTTAGTCGTCCGTT"	5	"SRX7869895"	"SRP251970"	"blood"	"PM4"	NA	NA	NA	"CL:0000394"	"plasmatocyte (Drosophila)"	"missing child term"	"B3"	NA	8
"GTTCATTCAGGCTCAC"	2	"SRX7869895"	"SRP251970"	"blood"	"PM2"	NA	NA	NA	"CL:0000394"	"plasmatocyte (Drosophila)"	"missing child term"	"B3"	NA	2
"GTTCATTTCAGAGACG"	2	"SRX7869895"	"SRP251970"	"blood"	"PM2"	NA	NA	NA	"CL:0000394"	"plasmatocyte (Drosophila)"	"missing child term"	"B3"	NA	2
"GTTCGGGCATACTACG"	5	"SRX7869895"	"SRP251970"	"blood"	"PM4"	NA	NA	NA	"CL:0000394"	"plasmatocyte (Drosophila)"	"missing child term"	"B3"	NA	8
"GTTCGGGGTTATCACG"	6	"SRX7869895"	"SRP251970"	"blood"	"PM5"	NA	NA	NA	"CL:0000394"	"plasmatocyte (Drosophila)"	"missing child term"	"B3"	NA	5
"GTTCTCGGTACTTGAC"	3	"SRX7869895"	"SRP251970"	"blood"	"LM1"	NA	NA	NA	"FBbt:00005248"	"prolamellocyte (Drosophila)"	"perfect match"	"B3"	NA	3
"GTTCTCGTCCTTGACC"	0	"SRX7869895"	"SRP251970"	"blood"	"PM1"	NA	NA	NA	"CL:0000394"	"plasmatocyte (Drosophila)"	"missing child term"	"B3"	NA	1
"TAAACCGAGGGTGTGT"	13	"SRX7869895"	"SRP251970"	"blood"	"PM10"	NA	NA	NA	"CL:0000394"	"plasmatocyte (Drosophila)"	"missing child term"	"B3"	NA	12
"TAAACCGCATCGGAAG"	4	"SRX7869895"	"SRP251970"	"blood"	"PM3"	NA	NA	NA	"CL:0000394"	"plasmatocyte (Drosophila)"	"missing child term"	"B3"	NA	4
"TAAGAGAAGTTGAGTA"	8	"SRX7869895"	"SRP251970"	"blood"	"PM8"	NA	NA	NA	"CL:0000394"	"plasmatocyte (Drosophila)"	"missing child term"	"B3"	NA	7
"TAAGAGATCAGTTCGA"	4	"SRX7869895"	"SRP251970"	"blood"	"PM3"	NA	NA	NA	"CL:0000394"	"plasmatocyte (Drosophila)"	"missing child term"	"B3"	NA	4
"TAAGAGATCCGTACAA"	2	"SRX7869895"	"SRP251970"	"blood"	"PM2"	NA	NA	NA	"CL:0000394"	"plasmatocyte (Drosophila)"	"missing child term"	"B3"	NA	2
"TAAGCGTCAGGCTGAA"	8	"SRX7869895"	"SRP251970"	"blood"	"PM8"	NA	NA	NA	"CL:0000394"	"plasmatocyte (Drosophila)"	"missing child term"	"B3"	NA	7
"TAAGCGTGTCGGGTCT"	0	"SRX7869895"	"SRP251970"	"blood"	"PM1"	NA	NA	NA	"CL:0000394"	"plasmatocyte (Drosophila)"	"missing child term"	"B3"	NA	1
"TAAGTGCGTTGTACAC"	3	"SRX7869895"	"SRP251970"	"blood"	"LM1"	NA	NA	NA	"FBbt:00005248"	"prolamellocyte (Drosophila)"	"perfect match"	"B3"	NA	3
"TACCTATGTACCGGCT"	2	"SRX7869895"	"SRP251970"	"blood"	"PM2"	NA	NA	NA	"CL:0000394"	"plasmatocyte (Drosophila)"	"missing child term"	"B3"	NA	2
"TACCTATTCCTATTCA"	4	"SRX7869895"	"SRP251970"	"blood"	"PM3"	NA	NA	NA	"CL:0000394"	"plasmatocyte (Drosophila)"	"missing child term"	"B3"	NA	4
"TACCTTATCAACTCTT"	2	"SRX7869895"	"SRP251970"	"blood"	"PM2"	NA	NA	NA	"CL:0000394"	"plasmatocyte (Drosophila)"	"missing child term"	"B3"	NA	2
"TACGGATGTCAATGTC"	6	"SRX7869895"	"SRP251970"	"blood"	"PM5"	NA	NA	NA	"CL:0000394"	"plasmatocyte (Drosophila)"	"missing child term"	"B3"	NA	5
"TACGGATGTTCAGTAC"	5	"SRX7869895"	"SRP251970"	"blood"	"PM4"	NA	NA	NA	"CL:0000394"	"plasmatocyte (Drosophila)"	"missing child term"	"B3"	NA	8
"TACGGATTCTGCCAGG"	2	"SRX7869895"	"SRP251970"	"blood"	"PM2"	NA	NA	NA	"CL:0000394"	"plasmatocyte (Drosophila)"	"missing child term"	"B3"	NA	2
"TACGGGCCACATCCGG"	3	"SRX7869895"	"SRP251970"	"blood"	"LM1"	NA	NA	NA	"FBbt:00005248"	"prolamellocyte (Drosophila)"	"perfect match"	"B3"	NA	3
"TACGGGCGTTGCCTCT"	0	"SRX7869895"	"SRP251970"	"blood"	"PM1"	NA	NA	NA	"CL:0000394"	"plasmatocyte (Drosophila)"	"missing child term"	"B3"	NA	1
"TACGGGCTCCTAGAAC"	2	"SRX7869895"	"SRP251970"	"blood"	"PM2"	NA	NA	NA	"CL:0000394"	"plasmatocyte (Drosophila)"	"missing child term"	"B3"	NA	2
"TACGGGCTCGAGAACG"	0	"SRX7869895"	"SRP251970"	"blood"	"PM1"	NA	NA	NA	"CL:0000394"	"plasmatocyte (Drosophila)"	"missing child term"	"B3"	NA	1
"TACTCATAGACCGGAT"	0	"SRX7869895"	"SRP251970"	"blood"	"PM1"	NA	NA	NA	"CL:0000394"	"plasmatocyte (Drosophila)"	"missing child term"	"B3"	NA	1
"TACTCATAGAGCTATA"	2	"SRX7869895"	"SRP251970"	"blood"	"PM2"	NA	NA	NA	"CL:0000394"	"plasmatocyte (Drosophila)"	"missing child term"	"B3"	NA	2
"TACTCATCAACACGCC"	8	"SRX7869895"	"SRP251970"	"blood"	"PM8"	NA	NA	NA	"CL:0000394"	"plasmatocyte (Drosophila)"	"missing child term"	"B3"	NA	7
"TACTCATCACATGTGT"	4	"SRX7869895"	"SRP251970"	"blood"	"PM3"	NA	NA	NA	"CL:0000394"	"plasmatocyte (Drosophila)"	"missing child term"	"B3"	NA	4
"TACTTACCAACGCACC"	2	"SRX7869895"	"SRP251970"	"blood"	"PM2"	NA	NA	NA	"CL:0000394"	"plasmatocyte (Drosophila)"	"missing child term"	"B3"	NA	2
"TACTTACCACTCTGTC"	11	"SRX7869895"	"SRP251970"	"blood"	"PM7"	NA	NA	NA	"CL:0000394"	"plasmatocyte (Drosophila)"	"missing child term"	"B3"	NA	9
"TACTTACCATGGTTGT"	2	"SRX7869895"	"SRP251970"	"blood"	"PM2"	NA	NA	NA	"CL:0000394"	"plasmatocyte (Drosophila)"	"missing child term"	"B3"	NA	2
"TACTTACTCCCAAGAT"	2	"SRX7869895"	"SRP251970"	"blood"	"PM2"	NA	NA	NA	"CL:0000394"	"plasmatocyte (Drosophila)"	"missing child term"	"B3"	NA	2
"TACTTGTAGATCCCAT"	8	"SRX7869895"	"SRP251970"	"blood"	"PM8"	NA	NA	NA	"CL:0000394"	"plasmatocyte (Drosophila)"	"missing child term"	"B3"	NA	7
"TACTTGTAGTTTAGGA"	2	"SRX7869895"	"SRP251970"	"blood"	"PM2"	NA	NA	NA	"CL:0000394"	"plasmatocyte (Drosophila)"	"missing child term"	"B3"	NA	2
"TAGACCATCGCATGAT"	2	"SRX7869895"	"SRP251970"	"blood"	"PM2"	NA	NA	NA	"CL:0000394"	"plasmatocyte (Drosophila)"	"missing child term"	"B3"	NA	2
"TAGCCGGAGGAGCGAG"	5	"SRX7869895"	"SRP251970"	"blood"	"PM4"	NA	NA	NA	"CL:0000394"	"plasmatocyte (Drosophila)"	"missing child term"	"B3"	NA	8
"TAGGCATAGTCATGCT"	6	"SRX7869895"	"SRP251970"	"blood"	"PM5"	NA	NA	NA	"CL:0000394"	"plasmatocyte (Drosophila)"	"missing child term"	"B3"	NA	5
"TAGGCATTCCAAAGTC"	2	"SRX7869895"	"SRP251970"	"blood"	"PM2"	NA	NA	NA	"CL:0000394"	"plasmatocyte (Drosophila)"	"missing child term"	"B3"	NA	2
"TAGTGGTGTTCACCTC"	11	"SRX7869895"	"SRP251970"	"blood"	"PM7"	NA	NA	NA	"CL:0000394"	"plasmatocyte (Drosophila)"	"missing child term"	"B3"	NA	9
"TAGTGGTTCAAGGTAA"	3	"SRX7869895"	"SRP251970"	"blood"	"LM1"	NA	NA	NA	"FBbt:00005248"	"prolamellocyte (Drosophila)"	"perfect match"	"B3"	NA	3
"TAGTGGTTCACTCCTG"	8	"SRX7869895"	"SRP251970"	"blood"	"PM8"	NA	NA	NA	"CL:0000394"	"plasmatocyte (Drosophila)"	"missing child term"	"B3"	NA	7
"TATCAGGTCCTATTCA"	2	"SRX7869895"	"SRP251970"	"blood"	"PM2"	NA	NA	NA	"CL:0000394"	"plasmatocyte (Drosophila)"	"missing child term"	"B3"	NA	2
"TATCTCAAGAGTCGGT"	11	"SRX7869895"	"SRP251970"	"blood"	"PM7"	NA	NA	NA	"CL:0000394"	"plasmatocyte (Drosophila)"	"missing child term"	"B3"	NA	9
"TATCTCAAGCTGGAAC"	2	"SRX7869895"	"SRP251970"	"blood"	"PM2"	NA	NA	NA	"CL:0000394"	"plasmatocyte (Drosophila)"	"missing child term"	"B3"	NA	2
"TATCTCACACCTCGGA"	11	"SRX7869895"	"SRP251970"	"blood"	"PM7"	NA	NA	NA	"CL:0000394"	"plasmatocyte (Drosophila)"	"missing child term"	"B3"	NA	9
"TATCTCACACGGCGTT"	5	"SRX7869895"	"SRP251970"	"blood"	"PM4"	NA	NA	NA	"CL:0000394"	"plasmatocyte (Drosophila)"	"missing child term"	"B3"	NA	8
"TATGCCCAGAAACCGC"	9	"SRX7869895"	"SRP251970"	"blood"	"PM9"	NA	NA	NA	"CL:0000394"	"plasmatocyte (Drosophila)"	"missing child term"	"B3"	NA	11
"TATGCCCTCGGCTACG"	10	"SRX7869895"	"SRP251970"	"blood"	"PM6"	NA	NA	NA	"CL:0000394"	"plasmatocyte (Drosophila)"	"missing child term"	"B3"	NA	6
"TATTACCAGCCTCGTG"	2	"SRX7869895"	"SRP251970"	"blood"	"PM2"	NA	NA	NA	"CL:0000394"	"plasmatocyte (Drosophila)"	"missing child term"	"B3"	NA	2
"TATTACCAGGCATGTG"	6	"SRX7869895"	"SRP251970"	"blood"	"PM5"	NA	NA	NA	"CL:0000394"	"plasmatocyte (Drosophila)"	"missing child term"	"B3"	NA	5
"TATTACCAGTCGAGTG"	5	"SRX7869895"	"SRP251970"	"blood"	"PM4"	NA	NA	NA	"CL:0000394"	"plasmatocyte (Drosophila)"	"missing child term"	"B3"	NA	8
"TATTACCGTTCCCTTG"	2	"SRX7869895"	"SRP251970"	"blood"	"PM2"	NA	NA	NA	"CL:0000394"	"plasmatocyte (Drosophila)"	"missing child term"	"B3"	NA	2
"TCAACGAGTCATGCCG"	2	"SRX7869895"	"SRP251970"	"blood"	"PM2"	NA	NA	NA	"CL:0000394"	"plasmatocyte (Drosophila)"	"missing child term"	"B3"	NA	2
"TCAATCTCACATAACC"	5	"SRX7869895"	"SRP251970"	"blood"	"PM4"	NA	NA	NA	"CL:0000394"	"plasmatocyte (Drosophila)"	"missing child term"	"B3"	NA	8
"TCAATCTCAGCTTCGG"	4	"SRX7869895"	"SRP251970"	"blood"	"PM3"	NA	NA	NA	"CL:0000394"	"plasmatocyte (Drosophila)"	"missing child term"	"B3"	NA	4
"TCAATCTTCTGTCCGT"	5	"SRX7869895"	"SRP251970"	"blood"	"PM4"	NA	NA	NA	"CL:0000394"	"plasmatocyte (Drosophila)"	"missing child term"	"B3"	NA	8
"TCACAAGTCTGAAAGA"	11	"SRX7869895"	"SRP251970"	"blood"	"PM7"	NA	NA	NA	"CL:0000394"	"plasmatocyte (Drosophila)"	"missing child term"	"B3"	NA	9
"TCACGAATCCAGATCA"	0	"SRX7869895"	"SRP251970"	"blood"	"PM1"	NA	NA	NA	"CL:0000394"	"plasmatocyte (Drosophila)"	"missing child term"	"B3"	NA	1
"TCAGATGCAAAGTCAA"	2	"SRX7869895"	"SRP251970"	"blood"	"PM2"	NA	NA	NA	"CL:0000394"	"plasmatocyte (Drosophila)"	"missing child term"	"B3"	NA	2
"TCAGATGGTATAAACG"	2	"SRX7869895"	"SRP251970"	"blood"	"PM2"	NA	NA	NA	"CL:0000394"	"plasmatocyte (Drosophila)"	"missing child term"	"B3"	NA	2
"TCAGATGGTTCGTGAT"	2	"SRX7869895"	"SRP251970"	"blood"	"PM2"	NA	NA	NA	"CL:0000394"	"plasmatocyte (Drosophila)"	"missing child term"	"B3"	NA	2
"TCAGCAAAGGGCATGT"	0	"SRX7869895"	"SRP251970"	"blood"	"PM1"	NA	NA	NA	"CL:0000394"	"plasmatocyte (Drosophila)"	"missing child term"	"B3"	NA	1
"TCAGGATAGAAAGTGG"	0	"SRX7869895"	"SRP251970"	"blood"	"PM1"	NA	NA	NA	"CL:0000394"	"plasmatocyte (Drosophila)"	"missing child term"	"B3"	NA	1
"TCAGGTACATACCATG"	6	"SRX7869895"	"SRP251970"	"blood"	"PM5"	NA	NA	NA	"CL:0000394"	"plasmatocyte (Drosophila)"	"missing child term"	"B3"	NA	5
"TCATTACCAGTAACGG"	6	"SRX7869895"	"SRP251970"	"blood"	"PM5"	NA	NA	NA	"CL:0000394"	"plasmatocyte (Drosophila)"	"missing child term"	"B3"	NA	5
"TCATTACCATAGTAAG"	5	"SRX7869895"	"SRP251970"	"blood"	"PM4"	NA	NA	NA	"CL:0000394"	"plasmatocyte (Drosophila)"	"missing child term"	"B3"	NA	8
"TCATTTGCAGGCGATA"	5	"SRX7869895"	"SRP251970"	"blood"	"PM4"	NA	NA	NA	"CL:0000394"	"plasmatocyte (Drosophila)"	"missing child term"	"B3"	NA	8
"TCATTTGGTACAAGTA"	6	"SRX7869895"	"SRP251970"	"blood"	"PM5"	NA	NA	NA	"CL:0000394"	"plasmatocyte (Drosophila)"	"missing child term"	"B3"	NA	5
"TCCCGATGTGTTAAGA"	0	"SRX7869895"	"SRP251970"	"blood"	"PM1"	NA	NA	NA	"CL:0000394"	"plasmatocyte (Drosophila)"	"missing child term"	"B3"	NA	1
"TCCCGATGTTTACTCT"	3	"SRX7869895"	"SRP251970"	"blood"	"LM1"	NA	NA	NA	"FBbt:00005248"	"prolamellocyte (Drosophila)"	"perfect match"	"B3"	NA	3
"TCCCGATTCACCCTCA"	5	"SRX7869895"	"SRP251970"	"blood"	"PM4"	NA	NA	NA	"CL:0000394"	"plasmatocyte (Drosophila)"	"missing child term"	"B3"	NA	8
"TCCCGATTCGGAGGTA"	0	"SRX7869895"	"SRP251970"	"blood"	"PM1"	NA	NA	NA	"CL:0000394"	"plasmatocyte (Drosophila)"	"missing child term"	"B3"	NA	1
"TCGAGGCAGCTACCGC"	0	"SRX7869895"	"SRP251970"	"blood"	"PM1"	NA	NA	NA	"CL:0000394"	"plasmatocyte (Drosophila)"	"missing child term"	"B3"	NA	1
"TCGAGGCCACCAGGCT"	0	"SRX7869895"	"SRP251970"	"blood"	"PM1"	NA	NA	NA	"CL:0000394"	"plasmatocyte (Drosophila)"	"missing child term"	"B3"	NA	1
"TCGAGGCTCCTTGGTC"	2	"SRX7869895"	"SRP251970"	"blood"	"PM2"	NA	NA	NA	"CL:0000394"	"plasmatocyte (Drosophila)"	"missing child term"	"B3"	NA	2
"TCGCGAGCATATACGC"	8	"SRX7869895"	"SRP251970"	"blood"	"PM8"	NA	NA	NA	"CL:0000394"	"plasmatocyte (Drosophila)"	"missing child term"	"B3"	NA	7
"TCGCGTTGTCATATCG"	0	"SRX7869895"	"SRP251970"	"blood"	"PM1"	NA	NA	NA	"CL:0000394"	"plasmatocyte (Drosophila)"	"missing child term"	"B3"	NA	1
"TCGGGACCAAGCTGGA"	11	"SRX7869895"	"SRP251970"	"blood"	"PM7"	NA	NA	NA	"CL:0000394"	"plasmatocyte (Drosophila)"	"missing child term"	"B3"	NA	9
"TCGGGACGTATCGCAT"	4	"SRX7869895"	"SRP251970"	"blood"	"PM3"	NA	NA	NA	"CL:0000394"	"plasmatocyte (Drosophila)"	"missing child term"	"B3"	NA	4
"TCGGTAAAGGGCACTA"	0	"SRX7869895"	"SRP251970"	"blood"	"PM1"	NA	NA	NA	"CL:0000394"	"plasmatocyte (Drosophila)"	"missing child term"	"B3"	NA	1
"TCGGTAAGTACAGTTC"	5	"SRX7869895"	"SRP251970"	"blood"	"PM4"	NA	NA	NA	"CL:0000394"	"plasmatocyte (Drosophila)"	"missing child term"	"B3"	NA	8
"TCGGTAATCACTGGGC"	2	"SRX7869895"	"SRP251970"	"blood"	"PM2"	NA	NA	NA	"CL:0000394"	"plasmatocyte (Drosophila)"	"missing child term"	"B3"	NA	2
"TCGTACCGTCAAAGCG"	2	"SRX7869895"	"SRP251970"	"blood"	"PM2"	NA	NA	NA	"CL:0000394"	"plasmatocyte (Drosophila)"	"missing child term"	"B3"	NA	2
"TCGTAGAGTAACGCGA"	6	"SRX7869895"	"SRP251970"	"blood"	"PM5"	NA	NA	NA	"CL:0000394"	"plasmatocyte (Drosophila)"	"missing child term"	"B3"	NA	5
"TCGTAGATCCGAGCCA"	3	"SRX7869895"	"SRP251970"	"blood"	"LM1"	NA	NA	NA	"FBbt:00005248"	"prolamellocyte (Drosophila)"	"perfect match"	"B3"	NA	3
"TCGTAGATCTCATTCA"	3	"SRX7869895"	"SRP251970"	"blood"	"LM1"	NA	NA	NA	"FBbt:00005248"	"prolamellocyte (Drosophila)"	"perfect match"	"B3"	NA	3
"TCTATTGTCAGCTCTC"	6	"SRX7869895"	"SRP251970"	"blood"	"PM5"	NA	NA	NA	"CL:0000394"	"plasmatocyte (Drosophila)"	"missing child term"	"B3"	NA	5
"TCTCATAAGATGTAAC"	0	"SRX7869895"	"SRP251970"	"blood"	"PM1"	NA	NA	NA	"CL:0000394"	"plasmatocyte (Drosophila)"	"missing child term"	"B3"	NA	1
"TCTCATACAAGCGATG"	11	"SRX7869895"	"SRP251970"	"blood"	"PM7"	NA	NA	NA	"CL:0000394"	"plasmatocyte (Drosophila)"	"missing child term"	"B3"	NA	9
"TCTCTAAGTTCCCGAG"	4	"SRX7869895"	"SRP251970"	"blood"	"PM3"	NA	NA	NA	"CL:0000394"	"plasmatocyte (Drosophila)"	"missing child term"	"B3"	NA	4
"TCTCTAATCGACGGAA"	5	"SRX7869895"	"SRP251970"	"blood"	"PM4"	NA	NA	NA	"CL:0000394"	"plasmatocyte (Drosophila)"	"missing child term"	"B3"	NA	8
"TCTGAGAAGCGTGTCC"	2	"SRX7869895"	"SRP251970"	"blood"	"PM2"	NA	NA	NA	"CL:0000394"	"plasmatocyte (Drosophila)"	"missing child term"	"B3"	NA	2
"TCTGGAACAACTGCTA"	5	"SRX7869895"	"SRP251970"	"blood"	"PM4"	NA	NA	NA	"CL:0000394"	"plasmatocyte (Drosophila)"	"missing child term"	"B3"	NA	8
"TCTGGAAGTCTAGTGT"	3	"SRX7869895"	"SRP251970"	"blood"	"LM1"	NA	NA	NA	"FBbt:00005248"	"prolamellocyte (Drosophila)"	"perfect match"	"B3"	NA	3
"TCTTCGGGTACACCGC"	3	"SRX7869895"	"SRP251970"	"blood"	"LM1"	NA	NA	NA	"FBbt:00005248"	"prolamellocyte (Drosophila)"	"perfect match"	"B3"	NA	3
"TCTTCGGGTGTGAATA"	2	"SRX7869895"	"SRP251970"	"blood"	"PM2"	NA	NA	NA	"CL:0000394"	"plasmatocyte (Drosophila)"	"missing child term"	"B3"	NA	2
"TCTTCGGTCCACGCAG"	9	"SRX7869895"	"SRP251970"	"blood"	"PM9"	NA	NA	NA	"CL:0000394"	"plasmatocyte (Drosophila)"	"missing child term"	"B3"	NA	11
"TCTTTCCTCCAACCAA"	6	"SRX7869895"	"SRP251970"	"blood"	"PM5"	NA	NA	NA	"CL:0000394"	"plasmatocyte (Drosophila)"	"missing child term"	"B3"	NA	5
"TGACAACCATCTCGCT"	4	"SRX7869895"	"SRP251970"	"blood"	"PM3"	NA	NA	NA	"CL:0000394"	"plasmatocyte (Drosophila)"	"missing child term"	"B3"	NA	4
"TGACGGCAGGAGCGTT"	3	"SRX7869895"	"SRP251970"	"blood"	"LM1"	NA	NA	NA	"FBbt:00005248"	"prolamellocyte (Drosophila)"	"perfect match"	"B3"	NA	3
"TGACTAGAGCTAGTTC"	4	"SRX7869895"	"SRP251970"	"blood"	"PM3"	NA	NA	NA	"CL:0000394"	"plasmatocyte (Drosophila)"	"missing child term"	"B3"	NA	4
"TGACTTTTCACCCTCA"	2	"SRX7869895"	"SRP251970"	"blood"	"PM2"	NA	NA	NA	"CL:0000394"	"plasmatocyte (Drosophila)"	"missing child term"	"B3"	NA	2
"TGACTTTTCGAGAACG"	3	"SRX7869895"	"SRP251970"	"blood"	"LM1"	NA	NA	NA	"FBbt:00005248"	"prolamellocyte (Drosophila)"	"perfect match"	"B3"	NA	3
"TGAGAGGAGCGATGAC"	5	"SRX7869895"	"SRP251970"	"blood"	"PM4"	NA	NA	NA	"CL:0000394"	"plasmatocyte (Drosophila)"	"missing child term"	"B3"	NA	8
"TGAGCATAGCGTGAGT"	2	"SRX7869895"	"SRP251970"	"blood"	"PM2"	NA	NA	NA	"CL:0000394"	"plasmatocyte (Drosophila)"	"missing child term"	"B3"	NA	2
"TGAGCATAGGCTACGA"	7	"SRX7869895"	"SRP251970"	"blood"	"CC2"	NA	NA	NA	"FBbt:00001690"	"embryonic/larval crystal cell (Drosophila)"	"perfect match"	"B3"	NA	10
"TGAGCATGTTCCATGA"	8	"SRX7869895"	"SRP251970"	"blood"	"PM8"	NA	NA	NA	"CL:0000394"	"plasmatocyte (Drosophila)"	"missing child term"	"B3"	NA	7
"TGAGCATTCACTTACT"	2	"SRX7869895"	"SRP251970"	"blood"	"PM2"	NA	NA	NA	"CL:0000394"	"plasmatocyte (Drosophila)"	"missing child term"	"B3"	NA	2
"TGAGCCGAGAGACTTA"	2	"SRX7869895"	"SRP251970"	"blood"	"PM2"	NA	NA	NA	"CL:0000394"	"plasmatocyte (Drosophila)"	"missing child term"	"B3"	NA	2
"TGAGGGAAGCCCAGCT"	0	"SRX7869895"	"SRP251970"	"blood"	"PM1"	NA	NA	NA	"CL:0000394"	"plasmatocyte (Drosophila)"	"missing child term"	"B3"	NA	1
"TGAGGGAGTAGCGTAG"	2	"SRX7869895"	"SRP251970"	"blood"	"PM2"	NA	NA	NA	"CL:0000394"	"plasmatocyte (Drosophila)"	"missing child term"	"B3"	NA	2
"TGAGGGAGTCTTGATG"	2	"SRX7869895"	"SRP251970"	"blood"	"PM2"	NA	NA	NA	"CL:0000394"	"plasmatocyte (Drosophila)"	"missing child term"	"B3"	NA	2
"TGATTTCTCAAACCGT"	2	"SRX7869895"	"SRP251970"	"blood"	"PM2"	NA	NA	NA	"CL:0000394"	"plasmatocyte (Drosophila)"	"missing child term"	"B3"	NA	2
"TGCCCATAGCTGATAA"	2	"SRX7869895"	"SRP251970"	"blood"	"PM2"	NA	NA	NA	"CL:0000394"	"plasmatocyte (Drosophila)"	"missing child term"	"B3"	NA	2
"TGCCCATCAATCGAAA"	4	"SRX7869895"	"SRP251970"	"blood"	"PM3"	NA	NA	NA	"CL:0000394"	"plasmatocyte (Drosophila)"	"missing child term"	"B3"	NA	4
"TGCCCTAAGCCCGAAA"	0	"SRX7869895"	"SRP251970"	"blood"	"PM1"	NA	NA	NA	"CL:0000394"	"plasmatocyte (Drosophila)"	"missing child term"	"B3"	NA	1
"TGCCCTACATTCACTT"	5	"SRX7869895"	"SRP251970"	"blood"	"PM4"	NA	NA	NA	"CL:0000394"	"plasmatocyte (Drosophila)"	"missing child term"	"B3"	NA	8
"TGCGCAGAGGTCGGAT"	2	"SRX7869895"	"SRP251970"	"blood"	"PM2"	NA	NA	NA	"CL:0000394"	"plasmatocyte (Drosophila)"	"missing child term"	"B3"	NA	2
"TGCGCAGTCCGAATGT"	2	"SRX7869895"	"SRP251970"	"blood"	"PM2"	NA	NA	NA	"CL:0000394"	"plasmatocyte (Drosophila)"	"missing child term"	"B3"	NA	2
"TGCGCAGTCTGTGCAA"	11	"SRX7869895"	"SRP251970"	"blood"	"PM7"	NA	NA	NA	"CL:0000394"	"plasmatocyte (Drosophila)"	"missing child term"	"B3"	NA	9
"TGCGGGTAGGGTTTCT"	4	"SRX7869895"	"SRP251970"	"blood"	"PM3"	NA	NA	NA	"CL:0000394"	"plasmatocyte (Drosophila)"	"missing child term"	"B3"	NA	4
"TGCGGGTCACAGCGTC"	11	"SRX7869895"	"SRP251970"	"blood"	"PM7"	NA	NA	NA	"CL:0000394"	"plasmatocyte (Drosophila)"	"missing child term"	"B3"	NA	9
"TGCGTGGAGGTTACCT"	11	"SRX7869895"	"SRP251970"	"blood"	"PM7"	NA	NA	NA	"CL:0000394"	"plasmatocyte (Drosophila)"	"missing child term"	"B3"	NA	9
"TGCGTGGCAACGATGG"	6	"SRX7869895"	"SRP251970"	"blood"	"PM5"	NA	NA	NA	"CL:0000394"	"plasmatocyte (Drosophila)"	"missing child term"	"B3"	NA	5
"TGCTACCAGCGACGTA"	6	"SRX7869895"	"SRP251970"	"blood"	"PM5"	NA	NA	NA	"CL:0000394"	"plasmatocyte (Drosophila)"	"missing child term"	"B3"	NA	5
"TGCTACCCAGACGCTC"	11	"SRX7869895"	"SRP251970"	"blood"	"PM7"	NA	NA	NA	"CL:0000394"	"plasmatocyte (Drosophila)"	"missing child term"	"B3"	NA	9
"TGCTACCGTCCAGTAT"	3	"SRX7869895"	"SRP251970"	"blood"	"LM1"	NA	NA	NA	"FBbt:00005248"	"prolamellocyte (Drosophila)"	"perfect match"	"B3"	NA	3
"TGCTGCTAGATAGCAT"	11	"SRX7869895"	"SRP251970"	"blood"	"PM7"	NA	NA	NA	"CL:0000394"	"plasmatocyte (Drosophila)"	"missing child term"	"B3"	NA	9
"TGGACGCAGTGACTCT"	4	"SRX7869895"	"SRP251970"	"blood"	"PM3"	NA	NA	NA	"CL:0000394"	"plasmatocyte (Drosophila)"	"missing child term"	"B3"	NA	4
"TGGACGCCAAGCGAGT"	5	"SRX7869895"	"SRP251970"	"blood"	"PM4"	NA	NA	NA	"CL:0000394"	"plasmatocyte (Drosophila)"	"missing child term"	"B3"	NA	8
"TGGACGCTCCACTCCA"	7	"SRX7869895"	"SRP251970"	"blood"	"CC2"	NA	NA	NA	"FBbt:00001690"	"embryonic/larval crystal cell (Drosophila)"	"perfect match"	"B3"	NA	10
"TGGCCAGGTGTGACGA"	13	"SRX7869895"	"SRP251970"	"blood"	"PM10"	NA	NA	NA	"CL:0000394"	"plasmatocyte (Drosophila)"	"missing child term"	"B3"	NA	12
"TGGCGCATCATGCAAC"	4	"SRX7869895"	"SRP251970"	"blood"	"PM3"	NA	NA	NA	"CL:0000394"	"plasmatocyte (Drosophila)"	"missing child term"	"B3"	NA	4
"TGGGAAGGTCGCATCG"	4	"SRX7869895"	"SRP251970"	"blood"	"PM3"	NA	NA	NA	"CL:0000394"	"plasmatocyte (Drosophila)"	"missing child term"	"B3"	NA	4
"TGGGCGTAGGATTCGG"	0	"SRX7869895"	"SRP251970"	"blood"	"PM1"	NA	NA	NA	"CL:0000394"	"plasmatocyte (Drosophila)"	"missing child term"	"B3"	NA	1
"TGGTTAGGTGTCAATC"	2	"SRX7869895"	"SRP251970"	"blood"	"PM2"	NA	NA	NA	"CL:0000394"	"plasmatocyte (Drosophila)"	"missing child term"	"B3"	NA	2
"TGGTTAGTCGGATGGA"	6	"SRX7869895"	"SRP251970"	"blood"	"PM5"	NA	NA	NA	"CL:0000394"	"plasmatocyte (Drosophila)"	"missing child term"	"B3"	NA	5
"TGGTTCCAGTGGAGAA"	4	"SRX7869895"	"SRP251970"	"blood"	"PM3"	NA	NA	NA	"CL:0000394"	"plasmatocyte (Drosophila)"	"missing child term"	"B3"	NA	4
"TGGTTCCCAGAGTGTG"	3	"SRX7869895"	"SRP251970"	"blood"	"LM1"	NA	NA	NA	"FBbt:00005248"	"prolamellocyte (Drosophila)"	"perfect match"	"B3"	NA	3
"TGGTTCCTCATTTGGG"	8	"SRX7869895"	"SRP251970"	"blood"	"PM8"	NA	NA	NA	"CL:0000394"	"plasmatocyte (Drosophila)"	"missing child term"	"B3"	NA	7
"TGTATTCCAATAGCGG"	3	"SRX7869895"	"SRP251970"	"blood"	"LM1"	NA	NA	NA	"FBbt:00005248"	"prolamellocyte (Drosophila)"	"perfect match"	"B3"	NA	3
"TGTATTCCAGGGTATG"	4	"SRX7869895"	"SRP251970"	"blood"	"PM3"	NA	NA	NA	"CL:0000394"	"plasmatocyte (Drosophila)"	"missing child term"	"B3"	NA	4
"TGTATTCTCACTATTC"	8	"SRX7869895"	"SRP251970"	"blood"	"PM8"	NA	NA	NA	"CL:0000394"	"plasmatocyte (Drosophila)"	"missing child term"	"B3"	NA	7
"TGTATTCTCAGGTAAA"	4	"SRX7869895"	"SRP251970"	"blood"	"PM3"	NA	NA	NA	"CL:0000394"	"plasmatocyte (Drosophila)"	"missing child term"	"B3"	NA	4
"TGTGGTAAGGTGCTTT"	5	"SRX7869895"	"SRP251970"	"blood"	"PM4"	NA	NA	NA	"CL:0000394"	"plasmatocyte (Drosophila)"	"missing child term"	"B3"	NA	8
"TGTGGTAAGGTTCCTA"	11	"SRX7869895"	"SRP251970"	"blood"	"PM7"	NA	NA	NA	"CL:0000394"	"plasmatocyte (Drosophila)"	"missing child term"	"B3"	NA	9
"TGTGGTACAGACAAGC"	4	"SRX7869895"	"SRP251970"	"blood"	"PM3"	NA	NA	NA	"CL:0000394"	"plasmatocyte (Drosophila)"	"missing child term"	"B3"	NA	4
"TGTGGTAGTCATACTG"	0	"SRX7869895"	"SRP251970"	"blood"	"PM1"	NA	NA	NA	"CL:0000394"	"plasmatocyte (Drosophila)"	"missing child term"	"B3"	NA	1
"TGTGGTAGTGTGAAAT"	3	"SRX7869895"	"SRP251970"	"blood"	"LM1"	NA	NA	NA	"FBbt:00005248"	"prolamellocyte (Drosophila)"	"perfect match"	"B3"	NA	3
"TGTTCCGAGCAATCTC"	3	"SRX7869895"	"SRP251970"	"blood"	"LM1"	NA	NA	NA	"FBbt:00005248"	"prolamellocyte (Drosophila)"	"perfect match"	"B3"	NA	3
"TGTTCCGCAGTATAAG"	3	"SRX7869895"	"SRP251970"	"blood"	"LM1"	NA	NA	NA	"FBbt:00005248"	"prolamellocyte (Drosophila)"	"perfect match"	"B3"	NA	3
"TGTTCCGTCTAGCACA"	7	"SRX7869895"	"SRP251970"	"blood"	"CC2"	NA	NA	NA	"FBbt:00001690"	"embryonic/larval crystal cell (Drosophila)"	"perfect match"	"B3"	NA	10
"TTAACTCAGGCTCAGA"	5	"SRX7869895"	"SRP251970"	"blood"	"PM4"	NA	NA	NA	"CL:0000394"	"plasmatocyte (Drosophila)"	"missing child term"	"B3"	NA	8
"TTAACTCTCGAGAACG"	5	"SRX7869895"	"SRP251970"	"blood"	"PM4"	NA	NA	NA	"CL:0000394"	"plasmatocyte (Drosophila)"	"missing child term"	"B3"	NA	8
"TTAGGACCACTGTTAG"	5	"SRX7869895"	"SRP251970"	"blood"	"PM4"	NA	NA	NA	"CL:0000394"	"plasmatocyte (Drosophila)"	"missing child term"	"B3"	NA	8
"TTAGGACCATGCTGGC"	3	"SRX7869895"	"SRP251970"	"blood"	"LM1"	NA	NA	NA	"FBbt:00005248"	"prolamellocyte (Drosophila)"	"perfect match"	"B3"	NA	3
"TTAGGACTCACCCGAG"	4	"SRX7869895"	"SRP251970"	"blood"	"PM3"	NA	NA	NA	"CL:0000394"	"plasmatocyte (Drosophila)"	"missing child term"	"B3"	NA	4
"TTAGGACTCGAACGGA"	2	"SRX7869895"	"SRP251970"	"blood"	"PM2"	NA	NA	NA	"CL:0000394"	"plasmatocyte (Drosophila)"	"missing child term"	"B3"	NA	2
"TTAGGCAGTCATCCCT"	4	"SRX7869895"	"SRP251970"	"blood"	"PM3"	NA	NA	NA	"CL:0000394"	"plasmatocyte (Drosophila)"	"missing child term"	"B3"	NA	4
"TTAGTTCGTCCGTGAC"	11	"SRX7869895"	"SRP251970"	"blood"	"PM7"	NA	NA	NA	"CL:0000394"	"plasmatocyte (Drosophila)"	"missing child term"	"B3"	NA	9
"TTATGCTGTAGCGCAA"	4	"SRX7869895"	"SRP251970"	"blood"	"PM3"	NA	NA	NA	"CL:0000394"	"plasmatocyte (Drosophila)"	"missing child term"	"B3"	NA	4
"TTCCCAGGTCACCTAA"	11	"SRX7869895"	"SRP251970"	"blood"	"PM7"	NA	NA	NA	"CL:0000394"	"plasmatocyte (Drosophila)"	"missing child term"	"B3"	NA	9
"TTCCCAGGTCGCTTCT"	3	"SRX7869895"	"SRP251970"	"blood"	"LM1"	NA	NA	NA	"FBbt:00005248"	"prolamellocyte (Drosophila)"	"perfect match"	"B3"	NA	3
"TTCCCAGGTGGACGAT"	6	"SRX7869895"	"SRP251970"	"blood"	"PM5"	NA	NA	NA	"CL:0000394"	"plasmatocyte (Drosophila)"	"missing child term"	"B3"	NA	5
"TTCGAAGGTGTGCCTG"	3	"SRX7869895"	"SRP251970"	"blood"	"LM1"	NA	NA	NA	"FBbt:00005248"	"prolamellocyte (Drosophila)"	"perfect match"	"B3"	NA	3
"TTCTACACACGACTCG"	4	"SRX7869895"	"SRP251970"	"blood"	"PM3"	NA	NA	NA	"CL:0000394"	"plasmatocyte (Drosophila)"	"missing child term"	"B3"	NA	4
"TTCTCCTCAGCTTAAC"	2	"SRX7869895"	"SRP251970"	"blood"	"PM2"	NA	NA	NA	"CL:0000394"	"plasmatocyte (Drosophila)"	"missing child term"	"B3"	NA	2
"TTCTTAGCAATTGCTG"	0	"SRX7869895"	"SRP251970"	"blood"	"PM1"	NA	NA	NA	"CL:0000394"	"plasmatocyte (Drosophila)"	"missing child term"	"B3"	NA	1
"TTCTTAGGTCAAACTC"	2	"SRX7869895"	"SRP251970"	"blood"	"PM2"	NA	NA	NA	"CL:0000394"	"plasmatocyte (Drosophila)"	"missing child term"	"B3"	NA	2
"TTGAACGCAAGAAGAG"	3	"SRX7869895"	"SRP251970"	"blood"	"LM1"	NA	NA	NA	"FBbt:00005248"	"prolamellocyte (Drosophila)"	"perfect match"	"B3"	NA	3
"TTGAACGCATGAACCT"	2	"SRX7869895"	"SRP251970"	"blood"	"PM2"	NA	NA	NA	"CL:0000394"	"plasmatocyte (Drosophila)"	"missing child term"	"B3"	NA	2
"TTGAACGTCAATCTCT"	2	"SRX7869895"	"SRP251970"	"blood"	"PM2"	NA	NA	NA	"CL:0000394"	"plasmatocyte (Drosophila)"	"missing child term"	"B3"	NA	2
"TTGAACGTCGGCTACG"	0	"SRX7869895"	"SRP251970"	"blood"	"PM1"	NA	NA	NA	"CL:0000394"	"plasmatocyte (Drosophila)"	"missing child term"	"B3"	NA	1
"TTGACTTAGAATTCCC"	5	"SRX7869895"	"SRP251970"	"blood"	"PM4"	NA	NA	NA	"CL:0000394"	"plasmatocyte (Drosophila)"	"missing child term"	"B3"	NA	8
"TTGACTTAGGCCATAG"	2	"SRX7869895"	"SRP251970"	"blood"	"PM2"	NA	NA	NA	"CL:0000394"	"plasmatocyte (Drosophila)"	"missing child term"	"B3"	NA	2
"TTGACTTGTTACGGAG"	2	"SRX7869895"	"SRP251970"	"blood"	"PM2"	NA	NA	NA	"CL:0000394"	"plasmatocyte (Drosophila)"	"missing child term"	"B3"	NA	2
"TTGCCGTGTCTACCTC"	4	"SRX7869895"	"SRP251970"	"blood"	"PM3"	NA	NA	NA	"CL:0000394"	"plasmatocyte (Drosophila)"	"missing child term"	"B3"	NA	4
"TTGCGTCAGGGTTTCT"	3	"SRX7869895"	"SRP251970"	"blood"	"LM1"	NA	NA	NA	"FBbt:00005248"	"prolamellocyte (Drosophila)"	"perfect match"	"B3"	NA	3
"TTGCGTCCACCAGATT"	5	"SRX7869895"	"SRP251970"	"blood"	"PM4"	NA	NA	NA	"CL:0000394"	"plasmatocyte (Drosophila)"	"missing child term"	"B3"	NA	8
"TTGGAACCATTTCACT"	0	"SRX7869895"	"SRP251970"	"blood"	"PM1"	NA	NA	NA	"CL:0000394"	"plasmatocyte (Drosophila)"	"missing child term"	"B3"	NA	1
"TTGGAACGTTATCACG"	0	"SRX7869895"	"SRP251970"	"blood"	"PM1"	NA	NA	NA	"CL:0000394"	"plasmatocyte (Drosophila)"	"missing child term"	"B3"	NA	1
"TTGGCAAGTAGGAGTC"	11	"SRX7869895"	"SRP251970"	"blood"	"PM7"	NA	NA	NA	"CL:0000394"	"plasmatocyte (Drosophila)"	"missing child term"	"B3"	NA	9
"TTGTAGGGTCTTTCAT"	3	"SRX7869895"	"SRP251970"	"blood"	"LM1"	NA	NA	NA	"FBbt:00005248"	"prolamellocyte (Drosophila)"	"perfect match"	"B3"	NA	3
"TTTACTGAGCGGATCA"	11	"SRX7869895"	"SRP251970"	"blood"	"PM7"	NA	NA	NA	"CL:0000394"	"plasmatocyte (Drosophila)"	"missing child term"	"B3"	NA	9
"TTTACTGGTCGTCTTC"	5	"SRX7869895"	"SRP251970"	"blood"	"PM4"	NA	NA	NA	"CL:0000394"	"plasmatocyte (Drosophila)"	"missing child term"	"B3"	NA	8
"TTTACTGGTGACAAAT"	0	"SRX7869895"	"SRP251970"	"blood"	"PM1"	NA	NA	NA	"CL:0000394"	"plasmatocyte (Drosophila)"	"missing child term"	"B3"	NA	1
"TTTACTGTCAGAGACG"	0	"SRX7869895"	"SRP251970"	"blood"	"PM1"	NA	NA	NA	"CL:0000394"	"plasmatocyte (Drosophila)"	"missing child term"	"B3"	NA	1
"TTTCCTCCAAGTCATC"	5	"SRX7869895"	"SRP251970"	"blood"	"PM4"	NA	NA	NA	"CL:0000394"	"plasmatocyte (Drosophila)"	"missing child term"	"B3"	NA	8
"TTTCCTCCATGGAATA"	3	"SRX7869895"	"SRP251970"	"blood"	"LM1"	NA	NA	NA	"FBbt:00005248"	"prolamellocyte (Drosophila)"	"perfect match"	"B3"	NA	3
"TTTCCTCGTTAAGACA"	2	"SRX7869895"	"SRP251970"	"blood"	"PM2"	NA	NA	NA	"CL:0000394"	"plasmatocyte (Drosophila)"	"missing child term"	"B3"	NA	2
"TTTCCTCTCCTTGCCA"	2	"SRX7869895"	"SRP251970"	"blood"	"PM2"	NA	NA	NA	"CL:0000394"	"plasmatocyte (Drosophila)"	"missing child term"	"B3"	NA	2
"TTTCCTCTCGTACGGC"	0	"SRX7869895"	"SRP251970"	"blood"	"PM1"	NA	NA	NA	"CL:0000394"	"plasmatocyte (Drosophila)"	"missing child term"	"B3"	NA	1
"TTTGCGCAGTAGCCGA"	6	"SRX7869895"	"SRP251970"	"blood"	"PM5"	NA	NA	NA	"CL:0000394"	"plasmatocyte (Drosophila)"	"missing child term"	"B3"	NA	5
"TTTGCGCAGTCGTACT"	6	"SRX7869895"	"SRP251970"	"blood"	"PM5"	NA	NA	NA	"CL:0000394"	"plasmatocyte (Drosophila)"	"missing child term"	"B3"	NA	5
"TTTGCGCCATGTAAGA"	2	"SRX7869895"	"SRP251970"	"blood"	"PM2"	NA	NA	NA	"CL:0000394"	"plasmatocyte (Drosophila)"	"missing child term"	"B3"	NA	2
"TTTGCGCGTCGAACAG"	5	"SRX7869895"	"SRP251970"	"blood"	"PM4"	NA	NA	NA	"CL:0000394"	"plasmatocyte (Drosophila)"	"missing child term"	"B3"	NA	8
"TTTGCGCGTTGGTGGA"	6	"SRX7869895"	"SRP251970"	"blood"	"PM5"	NA	NA	NA	"CL:0000394"	"plasmatocyte (Drosophila)"	"missing child term"	"B3"	NA	5
"TTTGGTTAGACGCTTT"	0	"SRX7869895"	"SRP251970"	"blood"	"PM1"	NA	NA	NA	"CL:0000394"	"plasmatocyte (Drosophila)"	"missing child term"	"B3"	NA	1
"TTTGTCAAGTGTTAGA"	3	"SRX7869895"	"SRP251970"	"blood"	"LM1"	NA	NA	NA	"FBbt:00005248"	"prolamellocyte (Drosophila)"	"perfect match"	"B3"	NA	3
"TTTGTCACAAATCCGT"	3	"SRX7869895"	"SRP251970"	"blood"	"LM1"	NA	NA	NA	"FBbt:00005248"	"prolamellocyte (Drosophila)"	"perfect match"	"B3"	NA	3
