"barcode"	"cluster"	"library"	"experiment"	"tissue"	"cell_type"	"anatId_a_posteriori"	"anatName_a_posteriori"	"anat_a_posteriori_annotationStatus"	"cellTypeId"	"cellTypeName"	"cellTypeAnnotationStatus"	"name_Library"	"comments"	"internal_cluster_id"
"AAACCTGAGAGCTATA"	0	"SRX5979983"	"SRP200614"	"intestine"	"class I-m EE cell"	NA	NA	NA	"FBbt:00058002"	"adult middle midgut class I enteroendocrine cell (Drosophila)"	"perfect match"	"EE_scRNA-seq"	NA	1
"AAACCTGAGTGTGGCA"	0	"SRX5979983"	"SRP200614"	"intestine"	"class I-m EE cell"	NA	NA	NA	"FBbt:00058002"	"adult middle midgut class I enteroendocrine cell (Drosophila)"	"perfect match"	"EE_scRNA-seq"	NA	1
"AAACCTGCACAAGACG"	8	"SRX5979983"	"SRP200614"	"intestine"	"class I-a EE cell"	NA	NA	NA	"FBbt:00058001"	"adult anterior midgut class I enteroendocrine cell (Drosophila)"	"perfect match"	"EE_scRNA-seq"	NA	2
"AAACCTGCACTCGACG"	1	"SRX5979983"	"SRP200614"	"intestine"	"class II-m1 EE cell"	NA	NA	NA	"FBbt:00058005"	"adult middle midgut class II enteroendocrine cell (Drosophila)"	"perfect match"	"EE_scRNA-seq"	NA	3
"AAACCTGCAGGCTCAC"	5	"SRX5979983"	"SRP200614"	"intestine"	"class I-p CCHa1 EE cell"	NA	NA	NA	"FBbt:00058003"	"adult posterior midgut class I enteroendocrine cell (Drosophila)"	"missing child term"	"EE_scRNA-seq"	NA	4
"AAACCTGCATGTAGTC"	0	"SRX5979983"	"SRP200614"	"intestine"	"class I-m EE cell"	NA	NA	NA	"FBbt:00058002"	"adult middle midgut class I enteroendocrine cell (Drosophila)"	"perfect match"	"EE_scRNA-seq"	NA	1
"AAACCTGGTTCGGGCT"	8	"SRX5979983"	"SRP200614"	"intestine"	"class I-a EE cell"	NA	NA	NA	"FBbt:00058001"	"adult anterior midgut class I enteroendocrine cell (Drosophila)"	"perfect match"	"EE_scRNA-seq"	NA	2
"AAACCTGTCAAACAAG"	2	"SRX5979983"	"SRP200614"	"intestine"	"class I-ap EE cell"	NA	NA	NA	"FBbt:00058000"	"adult class I enteroendocrine cell (Drosophila)"	"other"	"EE_scRNA-seq"	NA	5
"AAACCTGTCCCTAACC"	5	"SRX5979983"	"SRP200614"	"intestine"	"class I-p CCHa1 EE cell"	NA	NA	NA	"FBbt:00058003"	"adult posterior midgut class I enteroendocrine cell (Drosophila)"	"missing child term"	"EE_scRNA-seq"	NA	4
"AAACCTGTCGCTGATA"	6	"SRX5979983"	"SRP200614"	"intestine"	"class I-p AstA EE cell"	NA	NA	NA	"FBbt:00058003"	"adult posterior midgut class I enteroendocrine cell (Drosophila)"	"missing child term"	"EE_scRNA-seq"	NA	6
"AAACGGGCATGGTCTA"	2	"SRX5979983"	"SRP200614"	"intestine"	"class I-ap EE cell"	NA	NA	NA	"FBbt:00058000"	"adult class I enteroendocrine cell (Drosophila)"	"other"	"EE_scRNA-seq"	NA	5
"AAACGGGGTCTCTCTG"	1	"SRX5979983"	"SRP200614"	"intestine"	"class II-m1 EE cell"	NA	NA	NA	"FBbt:00058005"	"adult middle midgut class II enteroendocrine cell (Drosophila)"	"perfect match"	"EE_scRNA-seq"	NA	3
"AAACGGGTCAGTTTGG"	0	"SRX5979983"	"SRP200614"	"intestine"	"class I-m EE cell"	NA	NA	NA	"FBbt:00058002"	"adult middle midgut class I enteroendocrine cell (Drosophila)"	"perfect match"	"EE_scRNA-seq"	NA	1
"AAACGGGTCTACCTGC"	7	"SRX5979983"	"SRP200614"	"intestine"	"class II-p EE cell"	NA	NA	NA	"FBbt:00058006"	"adult posterior midgut class II enteroendocrine cell (Drosophila)"	"perfect match"	"EE_scRNA-seq"	NA	7
"AAACGGGTCTCGTTTA"	1	"SRX5979983"	"SRP200614"	"intestine"	"class II-m1 EE cell"	NA	NA	NA	"FBbt:00058005"	"adult middle midgut class II enteroendocrine cell (Drosophila)"	"perfect match"	"EE_scRNA-seq"	NA	3
"AAAGATGAGCCAGTAG"	0	"SRX5979983"	"SRP200614"	"intestine"	"class I-m EE cell"	NA	NA	NA	"FBbt:00058002"	"adult middle midgut class I enteroendocrine cell (Drosophila)"	"perfect match"	"EE_scRNA-seq"	NA	1
"AAAGATGAGTCGCCGT"	2	"SRX5979983"	"SRP200614"	"intestine"	"class I-ap EE cell"	NA	NA	NA	"FBbt:00058000"	"adult class I enteroendocrine cell (Drosophila)"	"other"	"EE_scRNA-seq"	NA	5
"AAAGATGCAAGGTGTG"	0	"SRX5979983"	"SRP200614"	"intestine"	"class I-m EE cell"	NA	NA	NA	"FBbt:00058002"	"adult middle midgut class I enteroendocrine cell (Drosophila)"	"perfect match"	"EE_scRNA-seq"	NA	1
"AAAGATGCACTATCTT"	1	"SRX5979983"	"SRP200614"	"intestine"	"class II-m1 EE cell"	NA	NA	NA	"FBbt:00058005"	"adult middle midgut class II enteroendocrine cell (Drosophila)"	"perfect match"	"EE_scRNA-seq"	NA	3
"AAAGATGCATCGATGT"	0	"SRX5979983"	"SRP200614"	"intestine"	"class I-m EE cell"	NA	NA	NA	"FBbt:00058002"	"adult middle midgut class I enteroendocrine cell (Drosophila)"	"perfect match"	"EE_scRNA-seq"	NA	1
"AAAGATGGTACTCGCG"	1	"SRX5979983"	"SRP200614"	"intestine"	"class II-m1 EE cell"	NA	NA	NA	"FBbt:00058005"	"adult middle midgut class II enteroendocrine cell (Drosophila)"	"perfect match"	"EE_scRNA-seq"	NA	3
"AAAGATGGTAGCCTAT"	4	"SRX5979983"	"SRP200614"	"intestine"	"class II-m2 EE cell"	NA	NA	NA	"FBbt:00058005"	"adult middle midgut class II enteroendocrine cell (Drosophila)"	"perfect match"	"EE_scRNA-seq"	NA	8
"AAAGATGGTGCACTTA"	3	"SRX5979983"	"SRP200614"	"intestine"	"class II-a EE cell"	NA	NA	NA	"FBbt:00058004"	"adult anterior midgut class II enteroendocrine cell (Drosophila)"	"perfect match"	"EE_scRNA-seq"	NA	9
"AAAGATGGTGCCTGGT"	1	"SRX5979983"	"SRP200614"	"intestine"	"class II-m1 EE cell"	NA	NA	NA	"FBbt:00058005"	"adult middle midgut class II enteroendocrine cell (Drosophila)"	"perfect match"	"EE_scRNA-seq"	NA	3
"AAAGATGGTTTCCACC"	10	"SRX5979983"	"SRP200614"	"intestine"	"EE progenitor cell"	NA	NA	NA	"FBbt:00049284"	"adult enteroendocrine precursor cell (Drosophila)"	"perfect match"	"EE_scRNA-seq"	NA	10
"AAAGATGTCAGAAATG"	0	"SRX5979983"	"SRP200614"	"intestine"	"class I-m EE cell"	NA	NA	NA	"FBbt:00058002"	"adult middle midgut class I enteroendocrine cell (Drosophila)"	"perfect match"	"EE_scRNA-seq"	NA	1
"AAAGATGTCGACGGAA"	2	"SRX5979983"	"SRP200614"	"intestine"	"class I-ap EE cell"	NA	NA	NA	"FBbt:00058000"	"adult class I enteroendocrine cell (Drosophila)"	"other"	"EE_scRNA-seq"	NA	5
"AAAGCAAAGTCCCACG"	4	"SRX5979983"	"SRP200614"	"intestine"	"class II-m2 EE cell"	NA	NA	NA	"FBbt:00058005"	"adult middle midgut class II enteroendocrine cell (Drosophila)"	"perfect match"	"EE_scRNA-seq"	NA	8
"AAAGCAACACACAGAG"	0	"SRX5979983"	"SRP200614"	"intestine"	"class I-m EE cell"	NA	NA	NA	"FBbt:00058002"	"adult middle midgut class I enteroendocrine cell (Drosophila)"	"perfect match"	"EE_scRNA-seq"	NA	1
"AAAGCAACATGACGGA"	6	"SRX5979983"	"SRP200614"	"intestine"	"class I-p AstA EE cell"	NA	NA	NA	"FBbt:00058003"	"adult posterior midgut class I enteroendocrine cell (Drosophila)"	"missing child term"	"EE_scRNA-seq"	NA	6
"AAAGCAAGTTCAGGCC"	8	"SRX5979983"	"SRP200614"	"intestine"	"class I-a EE cell"	NA	NA	NA	"FBbt:00058001"	"adult anterior midgut class I enteroendocrine cell (Drosophila)"	"perfect match"	"EE_scRNA-seq"	NA	2
"AAAGCAAGTTTGGGCC"	3	"SRX5979983"	"SRP200614"	"intestine"	"class II-a EE cell"	NA	NA	NA	"FBbt:00058004"	"adult anterior midgut class II enteroendocrine cell (Drosophila)"	"perfect match"	"EE_scRNA-seq"	NA	9
"AAAGCAATCAGTGTTG"	4	"SRX5979983"	"SRP200614"	"intestine"	"class II-m2 EE cell"	NA	NA	NA	"FBbt:00058005"	"adult middle midgut class II enteroendocrine cell (Drosophila)"	"perfect match"	"EE_scRNA-seq"	NA	8
"AAAGCAATCCTAGAAC"	5	"SRX5979983"	"SRP200614"	"intestine"	"class I-p CCHa1 EE cell"	NA	NA	NA	"FBbt:00058003"	"adult posterior midgut class I enteroendocrine cell (Drosophila)"	"missing child term"	"EE_scRNA-seq"	NA	4
"AAAGTAGAGGCCGAAT"	1	"SRX5979983"	"SRP200614"	"intestine"	"class II-m1 EE cell"	NA	NA	NA	"FBbt:00058005"	"adult middle midgut class II enteroendocrine cell (Drosophila)"	"perfect match"	"EE_scRNA-seq"	NA	3
"AAAGTAGAGTAATCCC"	0	"SRX5979983"	"SRP200614"	"intestine"	"class I-m EE cell"	NA	NA	NA	"FBbt:00058002"	"adult middle midgut class I enteroendocrine cell (Drosophila)"	"perfect match"	"EE_scRNA-seq"	NA	1
"AAAGTAGAGTGCGATG"	7	"SRX5979983"	"SRP200614"	"intestine"	"class II-p EE cell"	NA	NA	NA	"FBbt:00058006"	"adult posterior midgut class II enteroendocrine cell (Drosophila)"	"perfect match"	"EE_scRNA-seq"	NA	7
"AAAGTAGCAAGTCATC"	1	"SRX5979983"	"SRP200614"	"intestine"	"class II-m1 EE cell"	NA	NA	NA	"FBbt:00058005"	"adult middle midgut class II enteroendocrine cell (Drosophila)"	"perfect match"	"EE_scRNA-seq"	NA	3
"AAAGTAGCATCCGCGA"	3	"SRX5979983"	"SRP200614"	"intestine"	"class II-a EE cell"	NA	NA	NA	"FBbt:00058004"	"adult anterior midgut class II enteroendocrine cell (Drosophila)"	"perfect match"	"EE_scRNA-seq"	NA	9
"AAAGTAGGTGATAAGT"	0	"SRX5979983"	"SRP200614"	"intestine"	"class I-m EE cell"	NA	NA	NA	"FBbt:00058002"	"adult middle midgut class I enteroendocrine cell (Drosophila)"	"perfect match"	"EE_scRNA-seq"	NA	1
"AAAGTAGGTGTCTGAT"	0	"SRX5979983"	"SRP200614"	"intestine"	"class I-m EE cell"	NA	NA	NA	"FBbt:00058002"	"adult middle midgut class I enteroendocrine cell (Drosophila)"	"perfect match"	"EE_scRNA-seq"	NA	1
"AAAGTAGGTTCCGGCA"	0	"SRX5979983"	"SRP200614"	"intestine"	"class I-m EE cell"	NA	NA	NA	"FBbt:00058002"	"adult middle midgut class I enteroendocrine cell (Drosophila)"	"perfect match"	"EE_scRNA-seq"	NA	1
"AAAGTAGTCACGCATA"	5	"SRX5979983"	"SRP200614"	"intestine"	"class I-p CCHa1 EE cell"	NA	NA	NA	"FBbt:00058003"	"adult posterior midgut class I enteroendocrine cell (Drosophila)"	"missing child term"	"EE_scRNA-seq"	NA	4
"AAAGTAGTCCTGTACC"	0	"SRX5979983"	"SRP200614"	"intestine"	"class I-m EE cell"	NA	NA	NA	"FBbt:00058002"	"adult middle midgut class I enteroendocrine cell (Drosophila)"	"perfect match"	"EE_scRNA-seq"	NA	1
"AAAGTAGTCTAAGCCA"	1	"SRX5979983"	"SRP200614"	"intestine"	"class II-m1 EE cell"	NA	NA	NA	"FBbt:00058005"	"adult middle midgut class II enteroendocrine cell (Drosophila)"	"perfect match"	"EE_scRNA-seq"	NA	3
"AAATGCCAGAGTGACC"	2	"SRX5979983"	"SRP200614"	"intestine"	"class I-ap EE cell"	NA	NA	NA	"FBbt:00058000"	"adult class I enteroendocrine cell (Drosophila)"	"other"	"EE_scRNA-seq"	NA	5
"AAATGCCAGCTATGCT"	1	"SRX5979983"	"SRP200614"	"intestine"	"class II-m1 EE cell"	NA	NA	NA	"FBbt:00058005"	"adult middle midgut class II enteroendocrine cell (Drosophila)"	"perfect match"	"EE_scRNA-seq"	NA	3
"AAATGCCAGTACGCGA"	0	"SRX5979983"	"SRP200614"	"intestine"	"class I-m EE cell"	NA	NA	NA	"FBbt:00058002"	"adult middle midgut class I enteroendocrine cell (Drosophila)"	"perfect match"	"EE_scRNA-seq"	NA	1
"AAATGCCAGTATTGGA"	6	"SRX5979983"	"SRP200614"	"intestine"	"class I-p AstA EE cell"	NA	NA	NA	"FBbt:00058003"	"adult posterior midgut class I enteroendocrine cell (Drosophila)"	"missing child term"	"EE_scRNA-seq"	NA	6
"AAATGCCCAATCAGAA"	0	"SRX5979983"	"SRP200614"	"intestine"	"class I-m EE cell"	NA	NA	NA	"FBbt:00058002"	"adult middle midgut class I enteroendocrine cell (Drosophila)"	"perfect match"	"EE_scRNA-seq"	NA	1
"AAATGCCCAATCCGAT"	8	"SRX5979983"	"SRP200614"	"intestine"	"class I-a EE cell"	NA	NA	NA	"FBbt:00058001"	"adult anterior midgut class I enteroendocrine cell (Drosophila)"	"perfect match"	"EE_scRNA-seq"	NA	2
"AAATGCCCACAAGCCC"	5	"SRX5979983"	"SRP200614"	"intestine"	"class I-p CCHa1 EE cell"	NA	NA	NA	"FBbt:00058003"	"adult posterior midgut class I enteroendocrine cell (Drosophila)"	"missing child term"	"EE_scRNA-seq"	NA	4
"AAATGCCCACAGAGGT"	0	"SRX5979983"	"SRP200614"	"intestine"	"class I-m EE cell"	NA	NA	NA	"FBbt:00058002"	"adult middle midgut class I enteroendocrine cell (Drosophila)"	"perfect match"	"EE_scRNA-seq"	NA	1
"AAATGCCCACTTACGA"	1	"SRX5979983"	"SRP200614"	"intestine"	"class II-m1 EE cell"	NA	NA	NA	"FBbt:00058005"	"adult middle midgut class II enteroendocrine cell (Drosophila)"	"perfect match"	"EE_scRNA-seq"	NA	3
"AAATGCCGTATCAGTC"	8	"SRX5979983"	"SRP200614"	"intestine"	"class I-a EE cell"	NA	NA	NA	"FBbt:00058001"	"adult anterior midgut class I enteroendocrine cell (Drosophila)"	"perfect match"	"EE_scRNA-seq"	NA	2
"AAATGCCGTCGCATCG"	0	"SRX5979983"	"SRP200614"	"intestine"	"class I-m EE cell"	NA	NA	NA	"FBbt:00058002"	"adult middle midgut class I enteroendocrine cell (Drosophila)"	"perfect match"	"EE_scRNA-seq"	NA	1
"AAATGCCGTTCTCATT"	6	"SRX5979983"	"SRP200614"	"intestine"	"class I-p AstA EE cell"	NA	NA	NA	"FBbt:00058003"	"adult posterior midgut class I enteroendocrine cell (Drosophila)"	"missing child term"	"EE_scRNA-seq"	NA	6
"AACACGTAGACAGGCT"	2	"SRX5979983"	"SRP200614"	"intestine"	"class I-ap EE cell"	NA	NA	NA	"FBbt:00058000"	"adult class I enteroendocrine cell (Drosophila)"	"other"	"EE_scRNA-seq"	NA	5
"AACACGTAGCTGAAAT"	1	"SRX5979983"	"SRP200614"	"intestine"	"class II-m1 EE cell"	NA	NA	NA	"FBbt:00058005"	"adult middle midgut class II enteroendocrine cell (Drosophila)"	"perfect match"	"EE_scRNA-seq"	NA	3
"AACACGTAGGACATTA"	7	"SRX5979983"	"SRP200614"	"intestine"	"class II-p EE cell"	NA	NA	NA	"FBbt:00058006"	"adult posterior midgut class II enteroendocrine cell (Drosophila)"	"perfect match"	"EE_scRNA-seq"	NA	7
"AACACGTCAGAGTGTG"	3	"SRX5979983"	"SRP200614"	"intestine"	"class II-a EE cell"	NA	NA	NA	"FBbt:00058004"	"adult anterior midgut class II enteroendocrine cell (Drosophila)"	"perfect match"	"EE_scRNA-seq"	NA	9
"AACACGTCAGTCAGAG"	3	"SRX5979983"	"SRP200614"	"intestine"	"class II-a EE cell"	NA	NA	NA	"FBbt:00058004"	"adult anterior midgut class II enteroendocrine cell (Drosophila)"	"perfect match"	"EE_scRNA-seq"	NA	9
"AACACGTGTGGTCCGT"	4	"SRX5979983"	"SRP200614"	"intestine"	"class II-m2 EE cell"	NA	NA	NA	"FBbt:00058005"	"adult middle midgut class II enteroendocrine cell (Drosophila)"	"perfect match"	"EE_scRNA-seq"	NA	8
"AACACGTTCTAAGCCA"	2	"SRX5979983"	"SRP200614"	"intestine"	"class I-ap EE cell"	NA	NA	NA	"FBbt:00058000"	"adult class I enteroendocrine cell (Drosophila)"	"other"	"EE_scRNA-seq"	NA	5
"AACCATGAGAAGGTTT"	5	"SRX5979983"	"SRP200614"	"intestine"	"class I-p CCHa1 EE cell"	NA	NA	NA	"FBbt:00058003"	"adult posterior midgut class I enteroendocrine cell (Drosophila)"	"missing child term"	"EE_scRNA-seq"	NA	4
"AACCATGAGAATTCCC"	0	"SRX5979983"	"SRP200614"	"intestine"	"class I-m EE cell"	NA	NA	NA	"FBbt:00058002"	"adult middle midgut class I enteroendocrine cell (Drosophila)"	"perfect match"	"EE_scRNA-seq"	NA	1
"AACCATGAGCCCAATT"	6	"SRX5979983"	"SRP200614"	"intestine"	"class I-p AstA EE cell"	NA	NA	NA	"FBbt:00058003"	"adult posterior midgut class I enteroendocrine cell (Drosophila)"	"missing child term"	"EE_scRNA-seq"	NA	6
"AACCATGAGGGTGTTG"	0	"SRX5979983"	"SRP200614"	"intestine"	"class I-m EE cell"	NA	NA	NA	"FBbt:00058002"	"adult middle midgut class I enteroendocrine cell (Drosophila)"	"perfect match"	"EE_scRNA-seq"	NA	1
"AACCATGAGGTGACCA"	0	"SRX5979983"	"SRP200614"	"intestine"	"class I-m EE cell"	NA	NA	NA	"FBbt:00058002"	"adult middle midgut class I enteroendocrine cell (Drosophila)"	"perfect match"	"EE_scRNA-seq"	NA	1
"AACCATGAGGTTACCT"	7	"SRX5979983"	"SRP200614"	"intestine"	"class II-p EE cell"	NA	NA	NA	"FBbt:00058006"	"adult posterior midgut class II enteroendocrine cell (Drosophila)"	"perfect match"	"EE_scRNA-seq"	NA	7
"AACCATGAGTGGGCTA"	1	"SRX5979983"	"SRP200614"	"intestine"	"class II-m1 EE cell"	NA	NA	NA	"FBbt:00058005"	"adult middle midgut class II enteroendocrine cell (Drosophila)"	"perfect match"	"EE_scRNA-seq"	NA	3
"AACCATGCACAGAGGT"	2	"SRX5979983"	"SRP200614"	"intestine"	"class I-ap EE cell"	NA	NA	NA	"FBbt:00058000"	"adult class I enteroendocrine cell (Drosophila)"	"other"	"EE_scRNA-seq"	NA	5
"AACCATGCACAGCCCA"	5	"SRX5979983"	"SRP200614"	"intestine"	"class I-p CCHa1 EE cell"	NA	NA	NA	"FBbt:00058003"	"adult posterior midgut class I enteroendocrine cell (Drosophila)"	"missing child term"	"EE_scRNA-seq"	NA	4
"AACCATGCAGCCACCA"	1	"SRX5979983"	"SRP200614"	"intestine"	"class II-m1 EE cell"	NA	NA	NA	"FBbt:00058005"	"adult middle midgut class II enteroendocrine cell (Drosophila)"	"perfect match"	"EE_scRNA-seq"	NA	3
"AACCATGCATGATCCA"	1	"SRX5979983"	"SRP200614"	"intestine"	"class II-m1 EE cell"	NA	NA	NA	"FBbt:00058005"	"adult middle midgut class II enteroendocrine cell (Drosophila)"	"perfect match"	"EE_scRNA-seq"	NA	3
"AACCATGGTCTCATCC"	1	"SRX5979983"	"SRP200614"	"intestine"	"class II-m1 EE cell"	NA	NA	NA	"FBbt:00058005"	"adult middle midgut class II enteroendocrine cell (Drosophila)"	"perfect match"	"EE_scRNA-seq"	NA	3
"AACCATGGTGTTCTTT"	6	"SRX5979983"	"SRP200614"	"intestine"	"class I-p AstA EE cell"	NA	NA	NA	"FBbt:00058003"	"adult posterior midgut class I enteroendocrine cell (Drosophila)"	"missing child term"	"EE_scRNA-seq"	NA	6
"AACCATGTCAGATAAG"	8	"SRX5979983"	"SRP200614"	"intestine"	"class I-a EE cell"	NA	NA	NA	"FBbt:00058001"	"adult anterior midgut class I enteroendocrine cell (Drosophila)"	"perfect match"	"EE_scRNA-seq"	NA	2
"AACCGCGAGAAACCGC"	8	"SRX5979983"	"SRP200614"	"intestine"	"class I-a EE cell"	NA	NA	NA	"FBbt:00058001"	"adult anterior midgut class I enteroendocrine cell (Drosophila)"	"perfect match"	"EE_scRNA-seq"	NA	2
"AACCGCGAGTGCCAGA"	1	"SRX5979983"	"SRP200614"	"intestine"	"class II-m1 EE cell"	NA	NA	NA	"FBbt:00058005"	"adult middle midgut class II enteroendocrine cell (Drosophila)"	"perfect match"	"EE_scRNA-seq"	NA	3
"AACCGCGAGTTGAGTA"	4	"SRX5979983"	"SRP200614"	"intestine"	"class II-m2 EE cell"	NA	NA	NA	"FBbt:00058005"	"adult middle midgut class II enteroendocrine cell (Drosophila)"	"perfect match"	"EE_scRNA-seq"	NA	8
"AACCGCGCAAGAGTCG"	4	"SRX5979983"	"SRP200614"	"intestine"	"class II-m2 EE cell"	NA	NA	NA	"FBbt:00058005"	"adult middle midgut class II enteroendocrine cell (Drosophila)"	"perfect match"	"EE_scRNA-seq"	NA	8
"AACCGCGCACGGTGTC"	1	"SRX5979983"	"SRP200614"	"intestine"	"class II-m1 EE cell"	NA	NA	NA	"FBbt:00058005"	"adult middle midgut class II enteroendocrine cell (Drosophila)"	"perfect match"	"EE_scRNA-seq"	NA	3
"AACCGCGCATCTCGCT"	6	"SRX5979983"	"SRP200614"	"intestine"	"class I-p AstA EE cell"	NA	NA	NA	"FBbt:00058003"	"adult posterior midgut class I enteroendocrine cell (Drosophila)"	"missing child term"	"EE_scRNA-seq"	NA	6
"AACCGCGGTACCAGTT"	0	"SRX5979983"	"SRP200614"	"intestine"	"class I-m EE cell"	NA	NA	NA	"FBbt:00058002"	"adult middle midgut class I enteroendocrine cell (Drosophila)"	"perfect match"	"EE_scRNA-seq"	NA	1
"AACCGCGTCACCTTAT"	5	"SRX5979983"	"SRP200614"	"intestine"	"class I-p CCHa1 EE cell"	NA	NA	NA	"FBbt:00058003"	"adult posterior midgut class I enteroendocrine cell (Drosophila)"	"missing child term"	"EE_scRNA-seq"	NA	4
"AACCGCGTCCTACAGA"	2	"SRX5979983"	"SRP200614"	"intestine"	"class I-ap EE cell"	NA	NA	NA	"FBbt:00058000"	"adult class I enteroendocrine cell (Drosophila)"	"other"	"EE_scRNA-seq"	NA	5
"AACCGCGTCGATGAGG"	4	"SRX5979983"	"SRP200614"	"intestine"	"class II-m2 EE cell"	NA	NA	NA	"FBbt:00058005"	"adult middle midgut class II enteroendocrine cell (Drosophila)"	"perfect match"	"EE_scRNA-seq"	NA	8
"AACGTTGCACCAGGCT"	0	"SRX5979983"	"SRP200614"	"intestine"	"class I-m EE cell"	NA	NA	NA	"FBbt:00058002"	"adult middle midgut class I enteroendocrine cell (Drosophila)"	"perfect match"	"EE_scRNA-seq"	NA	1
"AACGTTGCATGTCTCC"	1	"SRX5979983"	"SRP200614"	"intestine"	"class II-m1 EE cell"	NA	NA	NA	"FBbt:00058005"	"adult middle midgut class II enteroendocrine cell (Drosophila)"	"perfect match"	"EE_scRNA-seq"	NA	3
"AACGTTGGTAGGCTGA"	0	"SRX5979983"	"SRP200614"	"intestine"	"class I-m EE cell"	NA	NA	NA	"FBbt:00058002"	"adult middle midgut class I enteroendocrine cell (Drosophila)"	"perfect match"	"EE_scRNA-seq"	NA	1
"AACGTTGGTCTACCTC"	3	"SRX5979983"	"SRP200614"	"intestine"	"class II-a EE cell"	NA	NA	NA	"FBbt:00058004"	"adult anterior midgut class II enteroendocrine cell (Drosophila)"	"perfect match"	"EE_scRNA-seq"	NA	9
"AACGTTGTCAATAAGG"	0	"SRX5979983"	"SRP200614"	"intestine"	"class I-m EE cell"	NA	NA	NA	"FBbt:00058002"	"adult middle midgut class I enteroendocrine cell (Drosophila)"	"perfect match"	"EE_scRNA-seq"	NA	1
"AACGTTGTCAGGTAAA"	2	"SRX5979983"	"SRP200614"	"intestine"	"class I-ap EE cell"	NA	NA	NA	"FBbt:00058000"	"adult class I enteroendocrine cell (Drosophila)"	"other"	"EE_scRNA-seq"	NA	5
"AACGTTGTCCCGGATG"	0	"SRX5979983"	"SRP200614"	"intestine"	"class I-m EE cell"	NA	NA	NA	"FBbt:00058002"	"adult middle midgut class I enteroendocrine cell (Drosophila)"	"perfect match"	"EE_scRNA-seq"	NA	1
"AACGTTGTCGCCGTGA"	6	"SRX5979983"	"SRP200614"	"intestine"	"class I-p AstA EE cell"	NA	NA	NA	"FBbt:00058003"	"adult posterior midgut class I enteroendocrine cell (Drosophila)"	"missing child term"	"EE_scRNA-seq"	NA	6
"AACTCAGAGCCTATGT"	7	"SRX5979983"	"SRP200614"	"intestine"	"class II-p EE cell"	NA	NA	NA	"FBbt:00058006"	"adult posterior midgut class II enteroendocrine cell (Drosophila)"	"perfect match"	"EE_scRNA-seq"	NA	7
"AACTCAGCAGTATCTG"	9	"SRX5979983"	"SRP200614"	"intestine"	"class III EE cell"	NA	NA	NA	"FBbt:00058200"	"adult class III enteroendocrine cell (Drosophila)"	"perfect match"	"EE_scRNA-seq"	NA	11
"AACTCAGGTCTCTTTA"	7	"SRX5979983"	"SRP200614"	"intestine"	"class II-p EE cell"	NA	NA	NA	"FBbt:00058006"	"adult posterior midgut class II enteroendocrine cell (Drosophila)"	"perfect match"	"EE_scRNA-seq"	NA	7
"AACTCAGTCCAAGTAC"	1	"SRX5979983"	"SRP200614"	"intestine"	"class II-m1 EE cell"	NA	NA	NA	"FBbt:00058005"	"adult middle midgut class II enteroendocrine cell (Drosophila)"	"perfect match"	"EE_scRNA-seq"	NA	3
"AACTCAGTCCTGCCAT"	0	"SRX5979983"	"SRP200614"	"intestine"	"class I-m EE cell"	NA	NA	NA	"FBbt:00058002"	"adult middle midgut class I enteroendocrine cell (Drosophila)"	"perfect match"	"EE_scRNA-seq"	NA	1
"AACTCAGTCGGTGTCG"	3	"SRX5979983"	"SRP200614"	"intestine"	"class II-a EE cell"	NA	NA	NA	"FBbt:00058004"	"adult anterior midgut class II enteroendocrine cell (Drosophila)"	"perfect match"	"EE_scRNA-seq"	NA	9
"AACTCAGTCTCCGGTT"	4	"SRX5979983"	"SRP200614"	"intestine"	"class II-m2 EE cell"	NA	NA	NA	"FBbt:00058005"	"adult middle midgut class II enteroendocrine cell (Drosophila)"	"perfect match"	"EE_scRNA-seq"	NA	8
"AACTCCCAGGTAGCCA"	0	"SRX5979983"	"SRP200614"	"intestine"	"class I-m EE cell"	NA	NA	NA	"FBbt:00058002"	"adult middle midgut class I enteroendocrine cell (Drosophila)"	"perfect match"	"EE_scRNA-seq"	NA	1
"AACTCCCAGTAGTGCG"	2	"SRX5979983"	"SRP200614"	"intestine"	"class I-ap EE cell"	NA	NA	NA	"FBbt:00058000"	"adult class I enteroendocrine cell (Drosophila)"	"other"	"EE_scRNA-seq"	NA	5
"AACTCCCCAGTCACTA"	0	"SRX5979983"	"SRP200614"	"intestine"	"class I-m EE cell"	NA	NA	NA	"FBbt:00058002"	"adult middle midgut class I enteroendocrine cell (Drosophila)"	"perfect match"	"EE_scRNA-seq"	NA	1
"AACTCCCCATCCCACT"	5	"SRX5979983"	"SRP200614"	"intestine"	"class I-p CCHa1 EE cell"	NA	NA	NA	"FBbt:00058003"	"adult posterior midgut class I enteroendocrine cell (Drosophila)"	"missing child term"	"EE_scRNA-seq"	NA	4
"AACTCCCGTGGAAAGA"	5	"SRX5979983"	"SRP200614"	"intestine"	"class I-p CCHa1 EE cell"	NA	NA	NA	"FBbt:00058003"	"adult posterior midgut class I enteroendocrine cell (Drosophila)"	"missing child term"	"EE_scRNA-seq"	NA	4
"AACTCCCTCCATTCTA"	0	"SRX5979983"	"SRP200614"	"intestine"	"class I-m EE cell"	NA	NA	NA	"FBbt:00058002"	"adult middle midgut class I enteroendocrine cell (Drosophila)"	"perfect match"	"EE_scRNA-seq"	NA	1
"AACTCCCTCCCACTTG"	1	"SRX5979983"	"SRP200614"	"intestine"	"class II-m1 EE cell"	NA	NA	NA	"FBbt:00058005"	"adult middle midgut class II enteroendocrine cell (Drosophila)"	"perfect match"	"EE_scRNA-seq"	NA	3
"AACTCTTAGACCTTTG"	4	"SRX5979983"	"SRP200614"	"intestine"	"class II-m2 EE cell"	NA	NA	NA	"FBbt:00058005"	"adult middle midgut class II enteroendocrine cell (Drosophila)"	"perfect match"	"EE_scRNA-seq"	NA	8
"AACTCTTAGACTGTAA"	0	"SRX5979983"	"SRP200614"	"intestine"	"class I-m EE cell"	NA	NA	NA	"FBbt:00058002"	"adult middle midgut class I enteroendocrine cell (Drosophila)"	"perfect match"	"EE_scRNA-seq"	NA	1
"AACTCTTCAATAGCGG"	3	"SRX5979983"	"SRP200614"	"intestine"	"class II-a EE cell"	NA	NA	NA	"FBbt:00058004"	"adult anterior midgut class II enteroendocrine cell (Drosophila)"	"perfect match"	"EE_scRNA-seq"	NA	9
"AACTCTTCAGGGAGAG"	8	"SRX5979983"	"SRP200614"	"intestine"	"class I-a EE cell"	NA	NA	NA	"FBbt:00058001"	"adult anterior midgut class I enteroendocrine cell (Drosophila)"	"perfect match"	"EE_scRNA-seq"	NA	2
"AACTCTTGTAAATGTG"	0	"SRX5979983"	"SRP200614"	"intestine"	"class I-m EE cell"	NA	NA	NA	"FBbt:00058002"	"adult middle midgut class I enteroendocrine cell (Drosophila)"	"perfect match"	"EE_scRNA-seq"	NA	1
"AACTCTTGTTTGCATG"	7	"SRX5979983"	"SRP200614"	"intestine"	"class II-p EE cell"	NA	NA	NA	"FBbt:00058006"	"adult posterior midgut class II enteroendocrine cell (Drosophila)"	"perfect match"	"EE_scRNA-seq"	NA	7
"AACTCTTTCAGCCTAA"	0	"SRX5979983"	"SRP200614"	"intestine"	"class I-m EE cell"	NA	NA	NA	"FBbt:00058002"	"adult middle midgut class I enteroendocrine cell (Drosophila)"	"perfect match"	"EE_scRNA-seq"	NA	1
"AACTCTTTCCCTTGTG"	2	"SRX5979983"	"SRP200614"	"intestine"	"class I-ap EE cell"	NA	NA	NA	"FBbt:00058000"	"adult class I enteroendocrine cell (Drosophila)"	"other"	"EE_scRNA-seq"	NA	5
"AACTCTTTCGGCTTGG"	1	"SRX5979983"	"SRP200614"	"intestine"	"class II-m1 EE cell"	NA	NA	NA	"FBbt:00058005"	"adult middle midgut class II enteroendocrine cell (Drosophila)"	"perfect match"	"EE_scRNA-seq"	NA	3
"AACTGGTAGTTTAGGA"	1	"SRX5979983"	"SRP200614"	"intestine"	"class II-m1 EE cell"	NA	NA	NA	"FBbt:00058005"	"adult middle midgut class II enteroendocrine cell (Drosophila)"	"perfect match"	"EE_scRNA-seq"	NA	3
"AACTGGTCAACGATGG"	3	"SRX5979983"	"SRP200614"	"intestine"	"class II-a EE cell"	NA	NA	NA	"FBbt:00058004"	"adult anterior midgut class II enteroendocrine cell (Drosophila)"	"perfect match"	"EE_scRNA-seq"	NA	9
"AACTGGTCAGGCAGTA"	1	"SRX5979983"	"SRP200614"	"intestine"	"class II-m1 EE cell"	NA	NA	NA	"FBbt:00058005"	"adult middle midgut class II enteroendocrine cell (Drosophila)"	"perfect match"	"EE_scRNA-seq"	NA	3
"AACTGGTCATTATCTC"	1	"SRX5979983"	"SRP200614"	"intestine"	"class II-m1 EE cell"	NA	NA	NA	"FBbt:00058005"	"adult middle midgut class II enteroendocrine cell (Drosophila)"	"perfect match"	"EE_scRNA-seq"	NA	3
"AACTGGTGTAAATGAC"	8	"SRX5979983"	"SRP200614"	"intestine"	"class I-a EE cell"	NA	NA	NA	"FBbt:00058001"	"adult anterior midgut class I enteroendocrine cell (Drosophila)"	"perfect match"	"EE_scRNA-seq"	NA	2
"AACTGGTTCGGAATCT"	4	"SRX5979983"	"SRP200614"	"intestine"	"class II-m2 EE cell"	NA	NA	NA	"FBbt:00058005"	"adult middle midgut class II enteroendocrine cell (Drosophila)"	"perfect match"	"EE_scRNA-seq"	NA	8
"AACTGGTTCGGTGTTA"	5	"SRX5979983"	"SRP200614"	"intestine"	"class I-p CCHa1 EE cell"	NA	NA	NA	"FBbt:00058003"	"adult posterior midgut class I enteroendocrine cell (Drosophila)"	"missing child term"	"EE_scRNA-seq"	NA	4
"AACTTTCAGACAGACC"	2	"SRX5979983"	"SRP200614"	"intestine"	"class I-ap EE cell"	NA	NA	NA	"FBbt:00058000"	"adult class I enteroendocrine cell (Drosophila)"	"other"	"EE_scRNA-seq"	NA	5
"AACTTTCAGCGCCTTG"	3	"SRX5979983"	"SRP200614"	"intestine"	"class II-a EE cell"	NA	NA	NA	"FBbt:00058004"	"adult anterior midgut class II enteroendocrine cell (Drosophila)"	"perfect match"	"EE_scRNA-seq"	NA	9
"AACTTTCCACAGATTC"	7	"SRX5979983"	"SRP200614"	"intestine"	"class II-p EE cell"	NA	NA	NA	"FBbt:00058006"	"adult posterior midgut class II enteroendocrine cell (Drosophila)"	"perfect match"	"EE_scRNA-seq"	NA	7
"AACTTTCCACCAGGCT"	0	"SRX5979983"	"SRP200614"	"intestine"	"class I-m EE cell"	NA	NA	NA	"FBbt:00058002"	"adult middle midgut class I enteroendocrine cell (Drosophila)"	"perfect match"	"EE_scRNA-seq"	NA	1
"AACTTTCCACGGCCAT"	0	"SRX5979983"	"SRP200614"	"intestine"	"class I-m EE cell"	NA	NA	NA	"FBbt:00058002"	"adult middle midgut class I enteroendocrine cell (Drosophila)"	"perfect match"	"EE_scRNA-seq"	NA	1
"AACTTTCCAGCCTATA"	9	"SRX5979983"	"SRP200614"	"intestine"	"class III EE cell"	NA	NA	NA	"FBbt:00058200"	"adult class III enteroendocrine cell (Drosophila)"	"perfect match"	"EE_scRNA-seq"	NA	11
"AACTTTCCATGATCCA"	2	"SRX5979983"	"SRP200614"	"intestine"	"class I-ap EE cell"	NA	NA	NA	"FBbt:00058000"	"adult class I enteroendocrine cell (Drosophila)"	"other"	"EE_scRNA-seq"	NA	5
"AACTTTCGTAATCACC"	2	"SRX5979983"	"SRP200614"	"intestine"	"class I-ap EE cell"	NA	NA	NA	"FBbt:00058000"	"adult class I enteroendocrine cell (Drosophila)"	"other"	"EE_scRNA-seq"	NA	5
"AACTTTCGTATCGCAT"	0	"SRX5979983"	"SRP200614"	"intestine"	"class I-m EE cell"	NA	NA	NA	"FBbt:00058002"	"adult middle midgut class I enteroendocrine cell (Drosophila)"	"perfect match"	"EE_scRNA-seq"	NA	1
"AACTTTCGTCAGAATA"	0	"SRX5979983"	"SRP200614"	"intestine"	"class I-m EE cell"	NA	NA	NA	"FBbt:00058002"	"adult middle midgut class I enteroendocrine cell (Drosophila)"	"perfect match"	"EE_scRNA-seq"	NA	1
"AACTTTCTCCGCGCAA"	4	"SRX5979983"	"SRP200614"	"intestine"	"class II-m2 EE cell"	NA	NA	NA	"FBbt:00058005"	"adult middle midgut class II enteroendocrine cell (Drosophila)"	"perfect match"	"EE_scRNA-seq"	NA	8
"AACTTTCTCCTCAATT"	4	"SRX5979983"	"SRP200614"	"intestine"	"class II-m2 EE cell"	NA	NA	NA	"FBbt:00058005"	"adult middle midgut class II enteroendocrine cell (Drosophila)"	"perfect match"	"EE_scRNA-seq"	NA	8
"AAGACCTAGGGTCGAT"	0	"SRX5979983"	"SRP200614"	"intestine"	"class I-m EE cell"	NA	NA	NA	"FBbt:00058002"	"adult middle midgut class I enteroendocrine cell (Drosophila)"	"perfect match"	"EE_scRNA-seq"	NA	1
"AAGACCTCAACTTGAC"	0	"SRX5979983"	"SRP200614"	"intestine"	"class I-m EE cell"	NA	NA	NA	"FBbt:00058002"	"adult middle midgut class I enteroendocrine cell (Drosophila)"	"perfect match"	"EE_scRNA-seq"	NA	1
"AAGACCTCAAGCCGCT"	0	"SRX5979983"	"SRP200614"	"intestine"	"class I-m EE cell"	NA	NA	NA	"FBbt:00058002"	"adult middle midgut class I enteroendocrine cell (Drosophila)"	"perfect match"	"EE_scRNA-seq"	NA	1
"AAGACCTCAAGCGAGT"	1	"SRX5979983"	"SRP200614"	"intestine"	"class II-m1 EE cell"	NA	NA	NA	"FBbt:00058005"	"adult middle midgut class II enteroendocrine cell (Drosophila)"	"perfect match"	"EE_scRNA-seq"	NA	3
"AAGACCTCAATGGAAT"	7	"SRX5979983"	"SRP200614"	"intestine"	"class II-p EE cell"	NA	NA	NA	"FBbt:00058006"	"adult posterior midgut class II enteroendocrine cell (Drosophila)"	"perfect match"	"EE_scRNA-seq"	NA	7
"AAGACCTCACAGAGGT"	3	"SRX5979983"	"SRP200614"	"intestine"	"class II-a EE cell"	NA	NA	NA	"FBbt:00058004"	"adult anterior midgut class II enteroendocrine cell (Drosophila)"	"perfect match"	"EE_scRNA-seq"	NA	9
"AAGACCTCAGCTGGCT"	1	"SRX5979983"	"SRP200614"	"intestine"	"class II-m1 EE cell"	NA	NA	NA	"FBbt:00058005"	"adult middle midgut class II enteroendocrine cell (Drosophila)"	"perfect match"	"EE_scRNA-seq"	NA	3
"AAGACCTGTGATGTGG"	0	"SRX5979983"	"SRP200614"	"intestine"	"class I-m EE cell"	NA	NA	NA	"FBbt:00058002"	"adult middle midgut class I enteroendocrine cell (Drosophila)"	"perfect match"	"EE_scRNA-seq"	NA	1
"AAGCCGCAGGGATACC"	0	"SRX5979983"	"SRP200614"	"intestine"	"class I-m EE cell"	NA	NA	NA	"FBbt:00058002"	"adult middle midgut class I enteroendocrine cell (Drosophila)"	"perfect match"	"EE_scRNA-seq"	NA	1
"AAGCCGCCAAGAGGCT"	1	"SRX5979983"	"SRP200614"	"intestine"	"class II-m1 EE cell"	NA	NA	NA	"FBbt:00058005"	"adult middle midgut class II enteroendocrine cell (Drosophila)"	"perfect match"	"EE_scRNA-seq"	NA	3
"AAGCCGCCACAACGCC"	3	"SRX5979983"	"SRP200614"	"intestine"	"class II-a EE cell"	NA	NA	NA	"FBbt:00058004"	"adult anterior midgut class II enteroendocrine cell (Drosophila)"	"perfect match"	"EE_scRNA-seq"	NA	9
"AAGCCGCCACACCGAC"	3	"SRX5979983"	"SRP200614"	"intestine"	"class II-a EE cell"	NA	NA	NA	"FBbt:00058004"	"adult anterior midgut class II enteroendocrine cell (Drosophila)"	"perfect match"	"EE_scRNA-seq"	NA	9
"AAGCCGCCATCATCCC"	1	"SRX5979983"	"SRP200614"	"intestine"	"class II-m1 EE cell"	NA	NA	NA	"FBbt:00058005"	"adult middle midgut class II enteroendocrine cell (Drosophila)"	"perfect match"	"EE_scRNA-seq"	NA	3
"AAGCCGCCATCGTCGG"	2	"SRX5979983"	"SRP200614"	"intestine"	"class I-ap EE cell"	NA	NA	NA	"FBbt:00058000"	"adult class I enteroendocrine cell (Drosophila)"	"other"	"EE_scRNA-seq"	NA	5
"AAGCCGCGTCCCTACT"	0	"SRX5979983"	"SRP200614"	"intestine"	"class I-m EE cell"	NA	NA	NA	"FBbt:00058002"	"adult middle midgut class I enteroendocrine cell (Drosophila)"	"perfect match"	"EE_scRNA-seq"	NA	1
"AAGCCGCGTCGGCTCA"	1	"SRX5979983"	"SRP200614"	"intestine"	"class II-m1 EE cell"	NA	NA	NA	"FBbt:00058005"	"adult middle midgut class II enteroendocrine cell (Drosophila)"	"perfect match"	"EE_scRNA-seq"	NA	3
"AAGCCGCGTTGCGCAC"	0	"SRX5979983"	"SRP200614"	"intestine"	"class I-m EE cell"	NA	NA	NA	"FBbt:00058002"	"adult middle midgut class I enteroendocrine cell (Drosophila)"	"perfect match"	"EE_scRNA-seq"	NA	1
"AAGCCGCTCATGGTCA"	0	"SRX5979983"	"SRP200614"	"intestine"	"class I-m EE cell"	NA	NA	NA	"FBbt:00058002"	"adult middle midgut class I enteroendocrine cell (Drosophila)"	"perfect match"	"EE_scRNA-seq"	NA	1
"AAGCCGCTCCTTTCGG"	3	"SRX5979983"	"SRP200614"	"intestine"	"class II-a EE cell"	NA	NA	NA	"FBbt:00058004"	"adult anterior midgut class II enteroendocrine cell (Drosophila)"	"perfect match"	"EE_scRNA-seq"	NA	9
"AAGCCGCTCCTTTCTC"	0	"SRX5979983"	"SRP200614"	"intestine"	"class I-m EE cell"	NA	NA	NA	"FBbt:00058002"	"adult middle midgut class I enteroendocrine cell (Drosophila)"	"perfect match"	"EE_scRNA-seq"	NA	1
"AAGGAGCAGTATGACA"	7	"SRX5979983"	"SRP200614"	"intestine"	"class II-p EE cell"	NA	NA	NA	"FBbt:00058006"	"adult posterior midgut class II enteroendocrine cell (Drosophila)"	"perfect match"	"EE_scRNA-seq"	NA	7
"AAGGAGCCAGTATAAG"	1	"SRX5979983"	"SRP200614"	"intestine"	"class II-m1 EE cell"	NA	NA	NA	"FBbt:00058005"	"adult middle midgut class II enteroendocrine cell (Drosophila)"	"perfect match"	"EE_scRNA-seq"	NA	3
"AAGGAGCCATAACCTG"	4	"SRX5979983"	"SRP200614"	"intestine"	"class II-m2 EE cell"	NA	NA	NA	"FBbt:00058005"	"adult middle midgut class II enteroendocrine cell (Drosophila)"	"perfect match"	"EE_scRNA-seq"	NA	8
"AAGGAGCGTCAGAGGT"	2	"SRX5979983"	"SRP200614"	"intestine"	"class I-ap EE cell"	NA	NA	NA	"FBbt:00058000"	"adult class I enteroendocrine cell (Drosophila)"	"other"	"EE_scRNA-seq"	NA	5
"AAGGAGCGTCATGCAT"	0	"SRX5979983"	"SRP200614"	"intestine"	"class I-m EE cell"	NA	NA	NA	"FBbt:00058002"	"adult middle midgut class I enteroendocrine cell (Drosophila)"	"perfect match"	"EE_scRNA-seq"	NA	1
"AAGGAGCGTTATGCGT"	3	"SRX5979983"	"SRP200614"	"intestine"	"class II-a EE cell"	NA	NA	NA	"FBbt:00058004"	"adult anterior midgut class II enteroendocrine cell (Drosophila)"	"perfect match"	"EE_scRNA-seq"	NA	9
"AAGGAGCTCTTGGGTA"	6	"SRX5979983"	"SRP200614"	"intestine"	"class I-p AstA EE cell"	NA	NA	NA	"FBbt:00058003"	"adult posterior midgut class I enteroendocrine cell (Drosophila)"	"missing child term"	"EE_scRNA-seq"	NA	6
"AAGGCAGAGAACTGTA"	0	"SRX5979983"	"SRP200614"	"intestine"	"class I-m EE cell"	NA	NA	NA	"FBbt:00058002"	"adult middle midgut class I enteroendocrine cell (Drosophila)"	"perfect match"	"EE_scRNA-seq"	NA	1
"AAGGCAGAGAGTACAT"	2	"SRX5979983"	"SRP200614"	"intestine"	"class I-ap EE cell"	NA	NA	NA	"FBbt:00058000"	"adult class I enteroendocrine cell (Drosophila)"	"other"	"EE_scRNA-seq"	NA	5
"AAGGCAGAGATGGGTC"	0	"SRX5979983"	"SRP200614"	"intestine"	"class I-m EE cell"	NA	NA	NA	"FBbt:00058002"	"adult middle midgut class I enteroendocrine cell (Drosophila)"	"perfect match"	"EE_scRNA-seq"	NA	1
"AAGGCAGAGCCCGAAA"	0	"SRX5979983"	"SRP200614"	"intestine"	"class I-m EE cell"	NA	NA	NA	"FBbt:00058002"	"adult middle midgut class I enteroendocrine cell (Drosophila)"	"perfect match"	"EE_scRNA-seq"	NA	1
"AAGGCAGAGGAACTGC"	6	"SRX5979983"	"SRP200614"	"intestine"	"class I-p AstA EE cell"	NA	NA	NA	"FBbt:00058003"	"adult posterior midgut class I enteroendocrine cell (Drosophila)"	"missing child term"	"EE_scRNA-seq"	NA	6
"AAGGCAGAGGAATGGA"	4	"SRX5979983"	"SRP200614"	"intestine"	"class II-m2 EE cell"	NA	NA	NA	"FBbt:00058005"	"adult middle midgut class II enteroendocrine cell (Drosophila)"	"perfect match"	"EE_scRNA-seq"	NA	8
"AAGGCAGAGGATGGAA"	7	"SRX5979983"	"SRP200614"	"intestine"	"class II-p EE cell"	NA	NA	NA	"FBbt:00058006"	"adult posterior midgut class II enteroendocrine cell (Drosophila)"	"perfect match"	"EE_scRNA-seq"	NA	7
"AAGGCAGAGTGACTCT"	0	"SRX5979983"	"SRP200614"	"intestine"	"class I-m EE cell"	NA	NA	NA	"FBbt:00058002"	"adult middle midgut class I enteroendocrine cell (Drosophila)"	"perfect match"	"EE_scRNA-seq"	NA	1
"AAGGCAGAGTGTACCT"	3	"SRX5979983"	"SRP200614"	"intestine"	"class II-a EE cell"	NA	NA	NA	"FBbt:00058004"	"adult anterior midgut class II enteroendocrine cell (Drosophila)"	"perfect match"	"EE_scRNA-seq"	NA	9
"AAGGCAGCAAATACAG"	1	"SRX5979983"	"SRP200614"	"intestine"	"class II-m1 EE cell"	NA	NA	NA	"FBbt:00058005"	"adult middle midgut class II enteroendocrine cell (Drosophila)"	"perfect match"	"EE_scRNA-seq"	NA	3
"AAGGCAGCAGTCAGCC"	5	"SRX5979983"	"SRP200614"	"intestine"	"class I-p CCHa1 EE cell"	NA	NA	NA	"FBbt:00058003"	"adult posterior midgut class I enteroendocrine cell (Drosophila)"	"missing child term"	"EE_scRNA-seq"	NA	4
"AAGGCAGGTAGTAGTA"	1	"SRX5979983"	"SRP200614"	"intestine"	"class II-m1 EE cell"	NA	NA	NA	"FBbt:00058005"	"adult middle midgut class II enteroendocrine cell (Drosophila)"	"perfect match"	"EE_scRNA-seq"	NA	3
"AAGGCAGGTTCCAACA"	0	"SRX5979983"	"SRP200614"	"intestine"	"class I-m EE cell"	NA	NA	NA	"FBbt:00058002"	"adult middle midgut class I enteroendocrine cell (Drosophila)"	"perfect match"	"EE_scRNA-seq"	NA	1
"AAGGTTCAGGTGCACA"	3	"SRX5979983"	"SRP200614"	"intestine"	"class II-a EE cell"	NA	NA	NA	"FBbt:00058004"	"adult anterior midgut class II enteroendocrine cell (Drosophila)"	"perfect match"	"EE_scRNA-seq"	NA	9
"AAGGTTCAGTCCAGGA"	0	"SRX5979983"	"SRP200614"	"intestine"	"class I-m EE cell"	NA	NA	NA	"FBbt:00058002"	"adult middle midgut class I enteroendocrine cell (Drosophila)"	"perfect match"	"EE_scRNA-seq"	NA	1
"AAGGTTCCACGAGGTA"	3	"SRX5979983"	"SRP200614"	"intestine"	"class II-a EE cell"	NA	NA	NA	"FBbt:00058004"	"adult anterior midgut class II enteroendocrine cell (Drosophila)"	"perfect match"	"EE_scRNA-seq"	NA	9
"AAGGTTCCAGGCTGAA"	0	"SRX5979983"	"SRP200614"	"intestine"	"class I-m EE cell"	NA	NA	NA	"FBbt:00058002"	"adult middle midgut class I enteroendocrine cell (Drosophila)"	"perfect match"	"EE_scRNA-seq"	NA	1
"AAGGTTCCATTCCTGC"	0	"SRX5979983"	"SRP200614"	"intestine"	"class I-m EE cell"	NA	NA	NA	"FBbt:00058002"	"adult middle midgut class I enteroendocrine cell (Drosophila)"	"perfect match"	"EE_scRNA-seq"	NA	1
"AAGGTTCGTCACACGC"	6	"SRX5979983"	"SRP200614"	"intestine"	"class I-p AstA EE cell"	NA	NA	NA	"FBbt:00058003"	"adult posterior midgut class I enteroendocrine cell (Drosophila)"	"missing child term"	"EE_scRNA-seq"	NA	6
"AAGGTTCGTCTCATCC"	0	"SRX5979983"	"SRP200614"	"intestine"	"class I-m EE cell"	NA	NA	NA	"FBbt:00058002"	"adult middle midgut class I enteroendocrine cell (Drosophila)"	"perfect match"	"EE_scRNA-seq"	NA	1
"AAGGTTCGTGAAAGAG"	1	"SRX5979983"	"SRP200614"	"intestine"	"class II-m1 EE cell"	NA	NA	NA	"FBbt:00058005"	"adult middle midgut class II enteroendocrine cell (Drosophila)"	"perfect match"	"EE_scRNA-seq"	NA	3
"AAGGTTCGTGATGCCC"	6	"SRX5979983"	"SRP200614"	"intestine"	"class I-p AstA EE cell"	NA	NA	NA	"FBbt:00058003"	"adult posterior midgut class I enteroendocrine cell (Drosophila)"	"missing child term"	"EE_scRNA-seq"	NA	6
"AAGGTTCTCACTTCAT"	1	"SRX5979983"	"SRP200614"	"intestine"	"class II-m1 EE cell"	NA	NA	NA	"FBbt:00058005"	"adult middle midgut class II enteroendocrine cell (Drosophila)"	"perfect match"	"EE_scRNA-seq"	NA	3
"AAGGTTCTCAGTCAGT"	2	"SRX5979983"	"SRP200614"	"intestine"	"class I-ap EE cell"	NA	NA	NA	"FBbt:00058000"	"adult class I enteroendocrine cell (Drosophila)"	"other"	"EE_scRNA-seq"	NA	5
"AAGGTTCTCCAAATGC"	4	"SRX5979983"	"SRP200614"	"intestine"	"class II-m2 EE cell"	NA	NA	NA	"FBbt:00058005"	"adult middle midgut class II enteroendocrine cell (Drosophila)"	"perfect match"	"EE_scRNA-seq"	NA	8
"AAGGTTCTCCGTCATC"	4	"SRX5979983"	"SRP200614"	"intestine"	"class II-m2 EE cell"	NA	NA	NA	"FBbt:00058005"	"adult middle midgut class II enteroendocrine cell (Drosophila)"	"perfect match"	"EE_scRNA-seq"	NA	8
"AAGGTTCTCGCACTCT"	0	"SRX5979983"	"SRP200614"	"intestine"	"class I-m EE cell"	NA	NA	NA	"FBbt:00058002"	"adult middle midgut class I enteroendocrine cell (Drosophila)"	"perfect match"	"EE_scRNA-seq"	NA	1
"AAGGTTCTCTCAACTT"	0	"SRX5979983"	"SRP200614"	"intestine"	"class I-m EE cell"	NA	NA	NA	"FBbt:00058002"	"adult middle midgut class I enteroendocrine cell (Drosophila)"	"perfect match"	"EE_scRNA-seq"	NA	1
"AAGTCTGAGAAACCAT"	0	"SRX5979983"	"SRP200614"	"intestine"	"class I-m EE cell"	NA	NA	NA	"FBbt:00058002"	"adult middle midgut class I enteroendocrine cell (Drosophila)"	"perfect match"	"EE_scRNA-seq"	NA	1
"AAGTCTGAGAAGGACA"	0	"SRX5979983"	"SRP200614"	"intestine"	"class I-m EE cell"	NA	NA	NA	"FBbt:00058002"	"adult middle midgut class I enteroendocrine cell (Drosophila)"	"perfect match"	"EE_scRNA-seq"	NA	1
"AAGTCTGAGCACGCCT"	5	"SRX5979983"	"SRP200614"	"intestine"	"class I-p CCHa1 EE cell"	NA	NA	NA	"FBbt:00058003"	"adult posterior midgut class I enteroendocrine cell (Drosophila)"	"missing child term"	"EE_scRNA-seq"	NA	4
"AAGTCTGCAAACCCAT"	2	"SRX5979983"	"SRP200614"	"intestine"	"class I-ap EE cell"	NA	NA	NA	"FBbt:00058000"	"adult class I enteroendocrine cell (Drosophila)"	"other"	"EE_scRNA-seq"	NA	5
"AAGTCTGGTAGCGTCC"	2	"SRX5979983"	"SRP200614"	"intestine"	"class I-ap EE cell"	NA	NA	NA	"FBbt:00058000"	"adult class I enteroendocrine cell (Drosophila)"	"other"	"EE_scRNA-seq"	NA	5
"AAGTCTGGTCGAAAGC"	5	"SRX5979983"	"SRP200614"	"intestine"	"class I-p CCHa1 EE cell"	NA	NA	NA	"FBbt:00058003"	"adult posterior midgut class I enteroendocrine cell (Drosophila)"	"missing child term"	"EE_scRNA-seq"	NA	4
"AAGTCTGGTGGCAAAC"	3	"SRX5979983"	"SRP200614"	"intestine"	"class II-a EE cell"	NA	NA	NA	"FBbt:00058004"	"adult anterior midgut class II enteroendocrine cell (Drosophila)"	"perfect match"	"EE_scRNA-seq"	NA	9
"AAGTCTGTCCTCGCAT"	1	"SRX5979983"	"SRP200614"	"intestine"	"class II-m1 EE cell"	NA	NA	NA	"FBbt:00058005"	"adult middle midgut class II enteroendocrine cell (Drosophila)"	"perfect match"	"EE_scRNA-seq"	NA	3
"AATCCAGAGCTAGTGG"	2	"SRX5979983"	"SRP200614"	"intestine"	"class I-ap EE cell"	NA	NA	NA	"FBbt:00058000"	"adult class I enteroendocrine cell (Drosophila)"	"other"	"EE_scRNA-seq"	NA	5
"AATCCAGAGTCCCACG"	0	"SRX5979983"	"SRP200614"	"intestine"	"class I-m EE cell"	NA	NA	NA	"FBbt:00058002"	"adult middle midgut class I enteroendocrine cell (Drosophila)"	"perfect match"	"EE_scRNA-seq"	NA	1
"AATCCAGCACACTGCG"	1	"SRX5979983"	"SRP200614"	"intestine"	"class II-m1 EE cell"	NA	NA	NA	"FBbt:00058005"	"adult middle midgut class II enteroendocrine cell (Drosophila)"	"perfect match"	"EE_scRNA-seq"	NA	3
"AATCCAGCAGACTCGC"	3	"SRX5979983"	"SRP200614"	"intestine"	"class II-a EE cell"	NA	NA	NA	"FBbt:00058004"	"adult anterior midgut class II enteroendocrine cell (Drosophila)"	"perfect match"	"EE_scRNA-seq"	NA	9
"AATCCAGCAGATAATG"	1	"SRX5979983"	"SRP200614"	"intestine"	"class II-m1 EE cell"	NA	NA	NA	"FBbt:00058005"	"adult middle midgut class II enteroendocrine cell (Drosophila)"	"perfect match"	"EE_scRNA-seq"	NA	3
"AATCCAGCAGGCTGAA"	0	"SRX5979983"	"SRP200614"	"intestine"	"class I-m EE cell"	NA	NA	NA	"FBbt:00058002"	"adult middle midgut class I enteroendocrine cell (Drosophila)"	"perfect match"	"EE_scRNA-seq"	NA	1
"AATCCAGGTACCAGTT"	2	"SRX5979983"	"SRP200614"	"intestine"	"class I-ap EE cell"	NA	NA	NA	"FBbt:00058000"	"adult class I enteroendocrine cell (Drosophila)"	"other"	"EE_scRNA-seq"	NA	5
"AATCCAGGTAGCGCTC"	0	"SRX5979983"	"SRP200614"	"intestine"	"class I-m EE cell"	NA	NA	NA	"FBbt:00058002"	"adult middle midgut class I enteroendocrine cell (Drosophila)"	"perfect match"	"EE_scRNA-seq"	NA	1
"AATCCAGGTATCACCA"	3	"SRX5979983"	"SRP200614"	"intestine"	"class II-a EE cell"	NA	NA	NA	"FBbt:00058004"	"adult anterior midgut class II enteroendocrine cell (Drosophila)"	"perfect match"	"EE_scRNA-seq"	NA	9
"AATCCAGGTCCGACGT"	6	"SRX5979983"	"SRP200614"	"intestine"	"class I-p AstA EE cell"	NA	NA	NA	"FBbt:00058003"	"adult posterior midgut class I enteroendocrine cell (Drosophila)"	"missing child term"	"EE_scRNA-seq"	NA	6
"AATCCAGGTCTTGTCC"	5	"SRX5979983"	"SRP200614"	"intestine"	"class I-p CCHa1 EE cell"	NA	NA	NA	"FBbt:00058003"	"adult posterior midgut class I enteroendocrine cell (Drosophila)"	"missing child term"	"EE_scRNA-seq"	NA	4
"AATCCAGGTTCGTCTC"	1	"SRX5979983"	"SRP200614"	"intestine"	"class II-m1 EE cell"	NA	NA	NA	"FBbt:00058005"	"adult middle midgut class II enteroendocrine cell (Drosophila)"	"perfect match"	"EE_scRNA-seq"	NA	3
"AATCCAGGTTTGTTGG"	6	"SRX5979983"	"SRP200614"	"intestine"	"class I-p AstA EE cell"	NA	NA	NA	"FBbt:00058003"	"adult posterior midgut class I enteroendocrine cell (Drosophila)"	"missing child term"	"EE_scRNA-seq"	NA	6
"AATCCAGTCATAGCAC"	4	"SRX5979983"	"SRP200614"	"intestine"	"class II-m2 EE cell"	NA	NA	NA	"FBbt:00058005"	"adult middle midgut class II enteroendocrine cell (Drosophila)"	"perfect match"	"EE_scRNA-seq"	NA	8
"AATCCAGTCGAATGGG"	5	"SRX5979983"	"SRP200614"	"intestine"	"class I-p CCHa1 EE cell"	NA	NA	NA	"FBbt:00058003"	"adult posterior midgut class I enteroendocrine cell (Drosophila)"	"missing child term"	"EE_scRNA-seq"	NA	4
"AATCGGTAGCACGCCT"	0	"SRX5979983"	"SRP200614"	"intestine"	"class I-m EE cell"	NA	NA	NA	"FBbt:00058002"	"adult middle midgut class I enteroendocrine cell (Drosophila)"	"perfect match"	"EE_scRNA-seq"	NA	1
"AATCGGTAGCTGCCCA"	2	"SRX5979983"	"SRP200614"	"intestine"	"class I-ap EE cell"	NA	NA	NA	"FBbt:00058000"	"adult class I enteroendocrine cell (Drosophila)"	"other"	"EE_scRNA-seq"	NA	5
"AATCGGTAGTAGTGCG"	1	"SRX5979983"	"SRP200614"	"intestine"	"class II-m1 EE cell"	NA	NA	NA	"FBbt:00058005"	"adult middle midgut class II enteroendocrine cell (Drosophila)"	"perfect match"	"EE_scRNA-seq"	NA	3
"AATCGGTAGTCGATAA"	0	"SRX5979983"	"SRP200614"	"intestine"	"class I-m EE cell"	NA	NA	NA	"FBbt:00058002"	"adult middle midgut class I enteroendocrine cell (Drosophila)"	"perfect match"	"EE_scRNA-seq"	NA	1
"AATCGGTAGTTAAGTG"	1	"SRX5979983"	"SRP200614"	"intestine"	"class II-m1 EE cell"	NA	NA	NA	"FBbt:00058005"	"adult middle midgut class II enteroendocrine cell (Drosophila)"	"perfect match"	"EE_scRNA-seq"	NA	3
"AATCGGTCAAACAACA"	0	"SRX5979983"	"SRP200614"	"intestine"	"class I-m EE cell"	NA	NA	NA	"FBbt:00058002"	"adult middle midgut class I enteroendocrine cell (Drosophila)"	"perfect match"	"EE_scRNA-seq"	NA	1
"AATCGGTGTCACTGGC"	2	"SRX5979983"	"SRP200614"	"intestine"	"class I-ap EE cell"	NA	NA	NA	"FBbt:00058000"	"adult class I enteroendocrine cell (Drosophila)"	"other"	"EE_scRNA-seq"	NA	5
"AATCGGTGTTGCGCAC"	3	"SRX5979983"	"SRP200614"	"intestine"	"class II-a EE cell"	NA	NA	NA	"FBbt:00058004"	"adult anterior midgut class II enteroendocrine cell (Drosophila)"	"perfect match"	"EE_scRNA-seq"	NA	9
"AATCGGTTCACCAGGC"	7	"SRX5979983"	"SRP200614"	"intestine"	"class II-p EE cell"	NA	NA	NA	"FBbt:00058006"	"adult posterior midgut class II enteroendocrine cell (Drosophila)"	"perfect match"	"EE_scRNA-seq"	NA	7
"AATCGGTTCCGGCACA"	2	"SRX5979983"	"SRP200614"	"intestine"	"class I-ap EE cell"	NA	NA	NA	"FBbt:00058000"	"adult class I enteroendocrine cell (Drosophila)"	"other"	"EE_scRNA-seq"	NA	5
"AATCGGTTCTGGTGTA"	1	"SRX5979983"	"SRP200614"	"intestine"	"class II-m1 EE cell"	NA	NA	NA	"FBbt:00058005"	"adult middle midgut class II enteroendocrine cell (Drosophila)"	"perfect match"	"EE_scRNA-seq"	NA	3
"ACACCAACATTGGCGC"	3	"SRX5979983"	"SRP200614"	"intestine"	"class II-a EE cell"	NA	NA	NA	"FBbt:00058004"	"adult anterior midgut class II enteroendocrine cell (Drosophila)"	"perfect match"	"EE_scRNA-seq"	NA	9
"ACACCAAGTAGTAGTA"	3	"SRX5979983"	"SRP200614"	"intestine"	"class II-a EE cell"	NA	NA	NA	"FBbt:00058004"	"adult anterior midgut class II enteroendocrine cell (Drosophila)"	"perfect match"	"EE_scRNA-seq"	NA	9
"ACACCAAGTTCCCGAG"	5	"SRX5979983"	"SRP200614"	"intestine"	"class I-p CCHa1 EE cell"	NA	NA	NA	"FBbt:00058003"	"adult posterior midgut class I enteroendocrine cell (Drosophila)"	"missing child term"	"EE_scRNA-seq"	NA	4
"ACACCCTAGAAACCAT"	2	"SRX5979983"	"SRP200614"	"intestine"	"class I-ap EE cell"	NA	NA	NA	"FBbt:00058000"	"adult class I enteroendocrine cell (Drosophila)"	"other"	"EE_scRNA-seq"	NA	5
"ACACCCTAGACCGGAT"	0	"SRX5979983"	"SRP200614"	"intestine"	"class I-m EE cell"	NA	NA	NA	"FBbt:00058002"	"adult middle midgut class I enteroendocrine cell (Drosophila)"	"perfect match"	"EE_scRNA-seq"	NA	1
"ACACCCTAGCTGTTCA"	1	"SRX5979983"	"SRP200614"	"intestine"	"class II-m1 EE cell"	NA	NA	NA	"FBbt:00058005"	"adult middle midgut class II enteroendocrine cell (Drosophila)"	"perfect match"	"EE_scRNA-seq"	NA	3
"ACACCCTCAGGAACGT"	2	"SRX5979983"	"SRP200614"	"intestine"	"class I-ap EE cell"	NA	NA	NA	"FBbt:00058000"	"adult class I enteroendocrine cell (Drosophila)"	"other"	"EE_scRNA-seq"	NA	5
"ACACCCTCAGGGATTG"	0	"SRX5979983"	"SRP200614"	"intestine"	"class I-m EE cell"	NA	NA	NA	"FBbt:00058002"	"adult middle midgut class I enteroendocrine cell (Drosophila)"	"perfect match"	"EE_scRNA-seq"	NA	1
"ACACCCTCAGGGTATG"	10	"SRX5979983"	"SRP200614"	"intestine"	"EE progenitor cell"	NA	NA	NA	"FBbt:00049284"	"adult enteroendocrine precursor cell (Drosophila)"	"perfect match"	"EE_scRNA-seq"	NA	10
"ACACCCTGTACAGTGG"	9	"SRX5979983"	"SRP200614"	"intestine"	"class III EE cell"	NA	NA	NA	"FBbt:00058200"	"adult class III enteroendocrine cell (Drosophila)"	"perfect match"	"EE_scRNA-seq"	NA	11
"ACACCCTGTCTGCCAG"	6	"SRX5979983"	"SRP200614"	"intestine"	"class I-p AstA EE cell"	NA	NA	NA	"FBbt:00058003"	"adult posterior midgut class I enteroendocrine cell (Drosophila)"	"missing child term"	"EE_scRNA-seq"	NA	6
"ACACCCTGTGAACCTT"	0	"SRX5979983"	"SRP200614"	"intestine"	"class I-m EE cell"	NA	NA	NA	"FBbt:00058002"	"adult middle midgut class I enteroendocrine cell (Drosophila)"	"perfect match"	"EE_scRNA-seq"	NA	1
"ACACCCTGTGCCTGTG"	5	"SRX5979983"	"SRP200614"	"intestine"	"class I-p CCHa1 EE cell"	NA	NA	NA	"FBbt:00058003"	"adult posterior midgut class I enteroendocrine cell (Drosophila)"	"missing child term"	"EE_scRNA-seq"	NA	4
"ACACCCTTCCGAGCCA"	5	"SRX5979983"	"SRP200614"	"intestine"	"class I-p CCHa1 EE cell"	NA	NA	NA	"FBbt:00058003"	"adult posterior midgut class I enteroendocrine cell (Drosophila)"	"missing child term"	"EE_scRNA-seq"	NA	4
"ACACCCTTCTGGCGAC"	3	"SRX5979983"	"SRP200614"	"intestine"	"class II-a EE cell"	NA	NA	NA	"FBbt:00058004"	"adult anterior midgut class II enteroendocrine cell (Drosophila)"	"perfect match"	"EE_scRNA-seq"	NA	9
"ACACCGGAGACCGGAT"	0	"SRX5979983"	"SRP200614"	"intestine"	"class I-m EE cell"	NA	NA	NA	"FBbt:00058002"	"adult middle midgut class I enteroendocrine cell (Drosophila)"	"perfect match"	"EE_scRNA-seq"	NA	1
"ACACCGGAGGCCGAAT"	3	"SRX5979983"	"SRP200614"	"intestine"	"class II-a EE cell"	NA	NA	NA	"FBbt:00058004"	"adult anterior midgut class II enteroendocrine cell (Drosophila)"	"perfect match"	"EE_scRNA-seq"	NA	9
"ACACCGGAGGGCACTA"	1	"SRX5979983"	"SRP200614"	"intestine"	"class II-m1 EE cell"	NA	NA	NA	"FBbt:00058005"	"adult middle midgut class II enteroendocrine cell (Drosophila)"	"perfect match"	"EE_scRNA-seq"	NA	3
"ACACCGGCAAGTCATC"	2	"SRX5979983"	"SRP200614"	"intestine"	"class I-ap EE cell"	NA	NA	NA	"FBbt:00058000"	"adult class I enteroendocrine cell (Drosophila)"	"other"	"EE_scRNA-seq"	NA	5
"ACACCGGCAGGTGGAT"	0	"SRX5979983"	"SRP200614"	"intestine"	"class I-m EE cell"	NA	NA	NA	"FBbt:00058002"	"adult middle midgut class I enteroendocrine cell (Drosophila)"	"perfect match"	"EE_scRNA-seq"	NA	1
"ACACCGGCATCACGAT"	7	"SRX5979983"	"SRP200614"	"intestine"	"class II-p EE cell"	NA	NA	NA	"FBbt:00058006"	"adult posterior midgut class II enteroendocrine cell (Drosophila)"	"perfect match"	"EE_scRNA-seq"	NA	7
"ACACCGGCATCGTCGG"	0	"SRX5979983"	"SRP200614"	"intestine"	"class I-m EE cell"	NA	NA	NA	"FBbt:00058002"	"adult middle midgut class I enteroendocrine cell (Drosophila)"	"perfect match"	"EE_scRNA-seq"	NA	1
"ACACCGGCATGGGAAC"	9	"SRX5979983"	"SRP200614"	"intestine"	"class III EE cell"	NA	NA	NA	"FBbt:00058200"	"adult class III enteroendocrine cell (Drosophila)"	"perfect match"	"EE_scRNA-seq"	NA	11
"ACACCGGGTCTGCGGT"	0	"SRX5979983"	"SRP200614"	"intestine"	"class I-m EE cell"	NA	NA	NA	"FBbt:00058002"	"adult middle midgut class I enteroendocrine cell (Drosophila)"	"perfect match"	"EE_scRNA-seq"	NA	1
"ACACCGGGTGCCTGTG"	0	"SRX5979983"	"SRP200614"	"intestine"	"class I-m EE cell"	NA	NA	NA	"FBbt:00058002"	"adult middle midgut class I enteroendocrine cell (Drosophila)"	"perfect match"	"EE_scRNA-seq"	NA	1
"ACACCGGGTTCGCTAA"	1	"SRX5979983"	"SRP200614"	"intestine"	"class II-m1 EE cell"	NA	NA	NA	"FBbt:00058005"	"adult middle midgut class II enteroendocrine cell (Drosophila)"	"perfect match"	"EE_scRNA-seq"	NA	3
"ACACTGAAGAATCTCC"	0	"SRX5979983"	"SRP200614"	"intestine"	"class I-m EE cell"	NA	NA	NA	"FBbt:00058002"	"adult middle midgut class I enteroendocrine cell (Drosophila)"	"perfect match"	"EE_scRNA-seq"	NA	1
"ACACTGAAGGTTCCTA"	1	"SRX5979983"	"SRP200614"	"intestine"	"class II-m1 EE cell"	NA	NA	NA	"FBbt:00058005"	"adult middle midgut class II enteroendocrine cell (Drosophila)"	"perfect match"	"EE_scRNA-seq"	NA	3
"ACACTGACAATAGCAA"	1	"SRX5979983"	"SRP200614"	"intestine"	"class II-m1 EE cell"	NA	NA	NA	"FBbt:00058005"	"adult middle midgut class II enteroendocrine cell (Drosophila)"	"perfect match"	"EE_scRNA-seq"	NA	3
"ACACTGACAATTCCTT"	0	"SRX5979983"	"SRP200614"	"intestine"	"class I-m EE cell"	NA	NA	NA	"FBbt:00058002"	"adult middle midgut class I enteroendocrine cell (Drosophila)"	"perfect match"	"EE_scRNA-seq"	NA	1
"ACACTGACAGTTTACG"	0	"SRX5979983"	"SRP200614"	"intestine"	"class I-m EE cell"	NA	NA	NA	"FBbt:00058002"	"adult middle midgut class I enteroendocrine cell (Drosophila)"	"perfect match"	"EE_scRNA-seq"	NA	1
"ACACTGACATACGCCG"	2	"SRX5979983"	"SRP200614"	"intestine"	"class I-ap EE cell"	NA	NA	NA	"FBbt:00058000"	"adult class I enteroendocrine cell (Drosophila)"	"other"	"EE_scRNA-seq"	NA	5
"ACACTGAGTAACGACG"	2	"SRX5979983"	"SRP200614"	"intestine"	"class I-ap EE cell"	NA	NA	NA	"FBbt:00058000"	"adult class I enteroendocrine cell (Drosophila)"	"other"	"EE_scRNA-seq"	NA	5
"ACACTGAGTAGCGTCC"	7	"SRX5979983"	"SRP200614"	"intestine"	"class II-p EE cell"	NA	NA	NA	"FBbt:00058006"	"adult posterior midgut class II enteroendocrine cell (Drosophila)"	"perfect match"	"EE_scRNA-seq"	NA	7
"ACAGCCGAGCCCAACC"	0	"SRX5979983"	"SRP200614"	"intestine"	"class I-m EE cell"	NA	NA	NA	"FBbt:00058002"	"adult middle midgut class I enteroendocrine cell (Drosophila)"	"perfect match"	"EE_scRNA-seq"	NA	1
"ACAGCCGCAAGGACTG"	9	"SRX5979983"	"SRP200614"	"intestine"	"class III EE cell"	NA	NA	NA	"FBbt:00058200"	"adult class III enteroendocrine cell (Drosophila)"	"perfect match"	"EE_scRNA-seq"	NA	11
"ACAGCCGCAGACGTAG"	1	"SRX5979983"	"SRP200614"	"intestine"	"class II-m1 EE cell"	NA	NA	NA	"FBbt:00058005"	"adult middle midgut class II enteroendocrine cell (Drosophila)"	"perfect match"	"EE_scRNA-seq"	NA	3
"ACAGCCGGTCTCATCC"	6	"SRX5979983"	"SRP200614"	"intestine"	"class I-p AstA EE cell"	NA	NA	NA	"FBbt:00058003"	"adult posterior midgut class I enteroendocrine cell (Drosophila)"	"missing child term"	"EE_scRNA-seq"	NA	6
"ACAGCCGGTCTCGTTC"	7	"SRX5979983"	"SRP200614"	"intestine"	"class II-p EE cell"	NA	NA	NA	"FBbt:00058006"	"adult posterior midgut class II enteroendocrine cell (Drosophila)"	"perfect match"	"EE_scRNA-seq"	NA	7
"ACAGCCGGTCTGCAAT"	4	"SRX5979983"	"SRP200614"	"intestine"	"class II-m2 EE cell"	NA	NA	NA	"FBbt:00058005"	"adult middle midgut class II enteroendocrine cell (Drosophila)"	"perfect match"	"EE_scRNA-seq"	NA	8
"ACAGCCGTCATAGCAC"	1	"SRX5979983"	"SRP200614"	"intestine"	"class II-m1 EE cell"	NA	NA	NA	"FBbt:00058005"	"adult middle midgut class II enteroendocrine cell (Drosophila)"	"perfect match"	"EE_scRNA-seq"	NA	3
"ACAGCCGTCTTGAGAC"	6	"SRX5979983"	"SRP200614"	"intestine"	"class I-p AstA EE cell"	NA	NA	NA	"FBbt:00058003"	"adult posterior midgut class I enteroendocrine cell (Drosophila)"	"missing child term"	"EE_scRNA-seq"	NA	6
"ACAGCTACAACACGCC"	0	"SRX5979983"	"SRP200614"	"intestine"	"class I-m EE cell"	NA	NA	NA	"FBbt:00058002"	"adult middle midgut class I enteroendocrine cell (Drosophila)"	"perfect match"	"EE_scRNA-seq"	NA	1
"ACAGCTACAATAACGA"	0	"SRX5979983"	"SRP200614"	"intestine"	"class I-m EE cell"	NA	NA	NA	"FBbt:00058002"	"adult middle midgut class I enteroendocrine cell (Drosophila)"	"perfect match"	"EE_scRNA-seq"	NA	1
"ACAGCTACACACAGAG"	1	"SRX5979983"	"SRP200614"	"intestine"	"class II-m1 EE cell"	NA	NA	NA	"FBbt:00058005"	"adult middle midgut class II enteroendocrine cell (Drosophila)"	"perfect match"	"EE_scRNA-seq"	NA	3
"ACAGCTACATCTACGA"	4	"SRX5979983"	"SRP200614"	"intestine"	"class II-m2 EE cell"	NA	NA	NA	"FBbt:00058005"	"adult middle midgut class II enteroendocrine cell (Drosophila)"	"perfect match"	"EE_scRNA-seq"	NA	8
"ACAGCTAGTAAAGGAG"	1	"SRX5979983"	"SRP200614"	"intestine"	"class II-m1 EE cell"	NA	NA	NA	"FBbt:00058005"	"adult middle midgut class II enteroendocrine cell (Drosophila)"	"perfect match"	"EE_scRNA-seq"	NA	3
"ACAGCTAGTAAAGTCA"	5	"SRX5979983"	"SRP200614"	"intestine"	"class I-p CCHa1 EE cell"	NA	NA	NA	"FBbt:00058003"	"adult posterior midgut class I enteroendocrine cell (Drosophila)"	"missing child term"	"EE_scRNA-seq"	NA	4
"ACAGCTAGTAGCGCAA"	0	"SRX5979983"	"SRP200614"	"intestine"	"class I-m EE cell"	NA	NA	NA	"FBbt:00058002"	"adult middle midgut class I enteroendocrine cell (Drosophila)"	"perfect match"	"EE_scRNA-seq"	NA	1
"ACAGCTAGTCAGTGGA"	4	"SRX5979983"	"SRP200614"	"intestine"	"class II-m2 EE cell"	NA	NA	NA	"FBbt:00058005"	"adult middle midgut class II enteroendocrine cell (Drosophila)"	"perfect match"	"EE_scRNA-seq"	NA	8
"ACAGCTATCAAACCGT"	1	"SRX5979983"	"SRP200614"	"intestine"	"class II-m1 EE cell"	NA	NA	NA	"FBbt:00058005"	"adult middle midgut class II enteroendocrine cell (Drosophila)"	"perfect match"	"EE_scRNA-seq"	NA	3
"ACAGCTATCCACTCCA"	5	"SRX5979983"	"SRP200614"	"intestine"	"class I-p CCHa1 EE cell"	NA	NA	NA	"FBbt:00058003"	"adult posterior midgut class I enteroendocrine cell (Drosophila)"	"missing child term"	"EE_scRNA-seq"	NA	4
"ACAGCTATCCATGAGT"	0	"SRX5979983"	"SRP200614"	"intestine"	"class I-m EE cell"	NA	NA	NA	"FBbt:00058002"	"adult middle midgut class I enteroendocrine cell (Drosophila)"	"perfect match"	"EE_scRNA-seq"	NA	1
"ACAGCTATCTGGTATG"	2	"SRX5979983"	"SRP200614"	"intestine"	"class I-ap EE cell"	NA	NA	NA	"FBbt:00058000"	"adult class I enteroendocrine cell (Drosophila)"	"other"	"EE_scRNA-seq"	NA	5
"ACATACGAGATCCGAG"	4	"SRX5979983"	"SRP200614"	"intestine"	"class II-m2 EE cell"	NA	NA	NA	"FBbt:00058005"	"adult middle midgut class II enteroendocrine cell (Drosophila)"	"perfect match"	"EE_scRNA-seq"	NA	8
"ACATACGAGATGCCTT"	5	"SRX5979983"	"SRP200614"	"intestine"	"class I-p CCHa1 EE cell"	NA	NA	NA	"FBbt:00058003"	"adult posterior midgut class I enteroendocrine cell (Drosophila)"	"missing child term"	"EE_scRNA-seq"	NA	4
"ACATACGAGCGTGTCC"	5	"SRX5979983"	"SRP200614"	"intestine"	"class I-p CCHa1 EE cell"	NA	NA	NA	"FBbt:00058003"	"adult posterior midgut class I enteroendocrine cell (Drosophila)"	"missing child term"	"EE_scRNA-seq"	NA	4
"ACATACGAGGAGCGAG"	5	"SRX5979983"	"SRP200614"	"intestine"	"class I-p CCHa1 EE cell"	NA	NA	NA	"FBbt:00058003"	"adult posterior midgut class I enteroendocrine cell (Drosophila)"	"missing child term"	"EE_scRNA-seq"	NA	4
"ACATACGAGGGCTCTC"	4	"SRX5979983"	"SRP200614"	"intestine"	"class II-m2 EE cell"	NA	NA	NA	"FBbt:00058005"	"adult middle midgut class II enteroendocrine cell (Drosophila)"	"perfect match"	"EE_scRNA-seq"	NA	8
"ACATACGAGGGTGTGT"	1	"SRX5979983"	"SRP200614"	"intestine"	"class II-m1 EE cell"	NA	NA	NA	"FBbt:00058005"	"adult middle midgut class II enteroendocrine cell (Drosophila)"	"perfect match"	"EE_scRNA-seq"	NA	3
"ACATACGAGGTAGCCA"	0	"SRX5979983"	"SRP200614"	"intestine"	"class I-m EE cell"	NA	NA	NA	"FBbt:00058002"	"adult middle midgut class I enteroendocrine cell (Drosophila)"	"perfect match"	"EE_scRNA-seq"	NA	1
"ACATACGCACCCATGG"	0	"SRX5979983"	"SRP200614"	"intestine"	"class I-m EE cell"	NA	NA	NA	"FBbt:00058002"	"adult middle midgut class I enteroendocrine cell (Drosophila)"	"perfect match"	"EE_scRNA-seq"	NA	1
"ACATACGCACTAGTAC"	8	"SRX5979983"	"SRP200614"	"intestine"	"class I-a EE cell"	NA	NA	NA	"FBbt:00058001"	"adult anterior midgut class I enteroendocrine cell (Drosophila)"	"perfect match"	"EE_scRNA-seq"	NA	2
"ACATACGCAGGTCCAC"	1	"SRX5979983"	"SRP200614"	"intestine"	"class II-m1 EE cell"	NA	NA	NA	"FBbt:00058005"	"adult middle midgut class II enteroendocrine cell (Drosophila)"	"perfect match"	"EE_scRNA-seq"	NA	3
"ACATACGCAGTTAACC"	0	"SRX5979983"	"SRP200614"	"intestine"	"class I-m EE cell"	NA	NA	NA	"FBbt:00058002"	"adult middle midgut class I enteroendocrine cell (Drosophila)"	"perfect match"	"EE_scRNA-seq"	NA	1
"ACATACGTCCAGAAGG"	6	"SRX5979983"	"SRP200614"	"intestine"	"class I-p AstA EE cell"	NA	NA	NA	"FBbt:00058003"	"adult posterior midgut class I enteroendocrine cell (Drosophila)"	"missing child term"	"EE_scRNA-seq"	NA	6
"ACATACGTCGATGAGG"	0	"SRX5979983"	"SRP200614"	"intestine"	"class I-m EE cell"	NA	NA	NA	"FBbt:00058002"	"adult middle midgut class I enteroendocrine cell (Drosophila)"	"perfect match"	"EE_scRNA-seq"	NA	1
"ACATACGTCGCATGAT"	6	"SRX5979983"	"SRP200614"	"intestine"	"class I-p AstA EE cell"	NA	NA	NA	"FBbt:00058003"	"adult posterior midgut class I enteroendocrine cell (Drosophila)"	"missing child term"	"EE_scRNA-seq"	NA	6
"ACATACGTCGCCTGTT"	2	"SRX5979983"	"SRP200614"	"intestine"	"class I-ap EE cell"	NA	NA	NA	"FBbt:00058000"	"adult class I enteroendocrine cell (Drosophila)"	"other"	"EE_scRNA-seq"	NA	5
"ACATCAGAGGGTCGAT"	5	"SRX5979983"	"SRP200614"	"intestine"	"class I-p CCHa1 EE cell"	NA	NA	NA	"FBbt:00058003"	"adult posterior midgut class I enteroendocrine cell (Drosophila)"	"missing child term"	"EE_scRNA-seq"	NA	4
"ACATCAGGTCTGCGGT"	8	"SRX5979983"	"SRP200614"	"intestine"	"class I-a EE cell"	NA	NA	NA	"FBbt:00058001"	"adult anterior midgut class I enteroendocrine cell (Drosophila)"	"perfect match"	"EE_scRNA-seq"	NA	2
"ACATCAGGTGAGCGAT"	2	"SRX5979983"	"SRP200614"	"intestine"	"class I-ap EE cell"	NA	NA	NA	"FBbt:00058000"	"adult class I enteroendocrine cell (Drosophila)"	"other"	"EE_scRNA-seq"	NA	5
"ACATCAGTCCTGCTTG"	1	"SRX5979983"	"SRP200614"	"intestine"	"class II-m1 EE cell"	NA	NA	NA	"FBbt:00058005"	"adult middle midgut class II enteroendocrine cell (Drosophila)"	"perfect match"	"EE_scRNA-seq"	NA	3
"ACATCAGTCGTAGGAG"	1	"SRX5979983"	"SRP200614"	"intestine"	"class II-m1 EE cell"	NA	NA	NA	"FBbt:00058005"	"adult middle midgut class II enteroendocrine cell (Drosophila)"	"perfect match"	"EE_scRNA-seq"	NA	3
"ACATGGTAGAAACCAT"	7	"SRX5979983"	"SRP200614"	"intestine"	"class II-p EE cell"	NA	NA	NA	"FBbt:00058006"	"adult posterior midgut class II enteroendocrine cell (Drosophila)"	"perfect match"	"EE_scRNA-seq"	NA	7
"ACATGGTAGACTACAA"	0	"SRX5979983"	"SRP200614"	"intestine"	"class I-m EE cell"	NA	NA	NA	"FBbt:00058002"	"adult middle midgut class I enteroendocrine cell (Drosophila)"	"perfect match"	"EE_scRNA-seq"	NA	1
"ACATGGTAGCAGGTCA"	1	"SRX5979983"	"SRP200614"	"intestine"	"class II-m1 EE cell"	NA	NA	NA	"FBbt:00058005"	"adult middle midgut class II enteroendocrine cell (Drosophila)"	"perfect match"	"EE_scRNA-seq"	NA	3
"ACATGGTAGGGCTCTC"	1	"SRX5979983"	"SRP200614"	"intestine"	"class II-m1 EE cell"	NA	NA	NA	"FBbt:00058005"	"adult middle midgut class II enteroendocrine cell (Drosophila)"	"perfect match"	"EE_scRNA-seq"	NA	3
"ACATGGTAGTGGTAAT"	0	"SRX5979983"	"SRP200614"	"intestine"	"class I-m EE cell"	NA	NA	NA	"FBbt:00058002"	"adult middle midgut class I enteroendocrine cell (Drosophila)"	"perfect match"	"EE_scRNA-seq"	NA	1
"ACATGGTCACATTCGA"	5	"SRX5979983"	"SRP200614"	"intestine"	"class I-p CCHa1 EE cell"	NA	NA	NA	"FBbt:00058003"	"adult posterior midgut class I enteroendocrine cell (Drosophila)"	"missing child term"	"EE_scRNA-seq"	NA	4
"ACATGGTCATACGCCG"	2	"SRX5979983"	"SRP200614"	"intestine"	"class I-ap EE cell"	NA	NA	NA	"FBbt:00058000"	"adult class I enteroendocrine cell (Drosophila)"	"other"	"EE_scRNA-seq"	NA	5
"ACATGGTCATGCGCAC"	1	"SRX5979983"	"SRP200614"	"intestine"	"class II-m1 EE cell"	NA	NA	NA	"FBbt:00058005"	"adult middle midgut class II enteroendocrine cell (Drosophila)"	"perfect match"	"EE_scRNA-seq"	NA	3
"ACATGGTGTCTAAACC"	1	"SRX5979983"	"SRP200614"	"intestine"	"class II-m1 EE cell"	NA	NA	NA	"FBbt:00058005"	"adult middle midgut class II enteroendocrine cell (Drosophila)"	"perfect match"	"EE_scRNA-seq"	NA	3
"ACATGGTGTGTTCGAT"	6	"SRX5979983"	"SRP200614"	"intestine"	"class I-p AstA EE cell"	NA	NA	NA	"FBbt:00058003"	"adult posterior midgut class I enteroendocrine cell (Drosophila)"	"missing child term"	"EE_scRNA-seq"	NA	6
"ACATGGTGTTATCCGA"	1	"SRX5979983"	"SRP200614"	"intestine"	"class II-m1 EE cell"	NA	NA	NA	"FBbt:00058005"	"adult middle midgut class II enteroendocrine cell (Drosophila)"	"perfect match"	"EE_scRNA-seq"	NA	3
"ACATGGTTCACAGTAC"	1	"SRX5979983"	"SRP200614"	"intestine"	"class II-m1 EE cell"	NA	NA	NA	"FBbt:00058005"	"adult middle midgut class II enteroendocrine cell (Drosophila)"	"perfect match"	"EE_scRNA-seq"	NA	3
"ACATGGTTCCGTACAA"	1	"SRX5979983"	"SRP200614"	"intestine"	"class II-m1 EE cell"	NA	NA	NA	"FBbt:00058005"	"adult middle midgut class II enteroendocrine cell (Drosophila)"	"perfect match"	"EE_scRNA-seq"	NA	3
"ACATGGTTCCTATTCA"	1	"SRX5979983"	"SRP200614"	"intestine"	"class II-m1 EE cell"	NA	NA	NA	"FBbt:00058005"	"adult middle midgut class II enteroendocrine cell (Drosophila)"	"perfect match"	"EE_scRNA-seq"	NA	3
"ACATGGTTCGTAGGTT"	5	"SRX5979983"	"SRP200614"	"intestine"	"class I-p CCHa1 EE cell"	NA	NA	NA	"FBbt:00058003"	"adult posterior midgut class I enteroendocrine cell (Drosophila)"	"missing child term"	"EE_scRNA-seq"	NA	4
"ACATGGTTCGTTTAGG"	2	"SRX5979983"	"SRP200614"	"intestine"	"class I-ap EE cell"	NA	NA	NA	"FBbt:00058000"	"adult class I enteroendocrine cell (Drosophila)"	"other"	"EE_scRNA-seq"	NA	5
"ACCAGTAAGAATCTCC"	0	"SRX5979983"	"SRP200614"	"intestine"	"class I-m EE cell"	NA	NA	NA	"FBbt:00058002"	"adult middle midgut class I enteroendocrine cell (Drosophila)"	"perfect match"	"EE_scRNA-seq"	NA	1
"ACCAGTAAGTAATCCC"	1	"SRX5979983"	"SRP200614"	"intestine"	"class II-m1 EE cell"	NA	NA	NA	"FBbt:00058005"	"adult middle midgut class II enteroendocrine cell (Drosophila)"	"perfect match"	"EE_scRNA-seq"	NA	3
"ACCAGTAAGTAGATGT"	7	"SRX5979983"	"SRP200614"	"intestine"	"class II-p EE cell"	NA	NA	NA	"FBbt:00058006"	"adult posterior midgut class II enteroendocrine cell (Drosophila)"	"perfect match"	"EE_scRNA-seq"	NA	7
"ACCAGTAAGTTTCCTT"	5	"SRX5979983"	"SRP200614"	"intestine"	"class I-p CCHa1 EE cell"	NA	NA	NA	"FBbt:00058003"	"adult posterior midgut class I enteroendocrine cell (Drosophila)"	"missing child term"	"EE_scRNA-seq"	NA	4
"ACCAGTAGTGAAAGAG"	3	"SRX5979983"	"SRP200614"	"intestine"	"class II-a EE cell"	NA	NA	NA	"FBbt:00058004"	"adult anterior midgut class II enteroendocrine cell (Drosophila)"	"perfect match"	"EE_scRNA-seq"	NA	9
"ACCAGTAGTTCGGGCT"	3	"SRX5979983"	"SRP200614"	"intestine"	"class II-a EE cell"	NA	NA	NA	"FBbt:00058004"	"adult anterior midgut class II enteroendocrine cell (Drosophila)"	"perfect match"	"EE_scRNA-seq"	NA	9
"ACCAGTATCATGTCCC"	4	"SRX5979983"	"SRP200614"	"intestine"	"class II-m2 EE cell"	NA	NA	NA	"FBbt:00058005"	"adult middle midgut class II enteroendocrine cell (Drosophila)"	"perfect match"	"EE_scRNA-seq"	NA	8
"ACCAGTATCTAACGGT"	0	"SRX5979983"	"SRP200614"	"intestine"	"class I-m EE cell"	NA	NA	NA	"FBbt:00058002"	"adult middle midgut class I enteroendocrine cell (Drosophila)"	"perfect match"	"EE_scRNA-seq"	NA	1
"ACCCACTAGGGCTCTC"	4	"SRX5979983"	"SRP200614"	"intestine"	"class II-m2 EE cell"	NA	NA	NA	"FBbt:00058005"	"adult middle midgut class II enteroendocrine cell (Drosophila)"	"perfect match"	"EE_scRNA-seq"	NA	8
"ACCCACTAGTGAACAT"	0	"SRX5979983"	"SRP200614"	"intestine"	"class I-m EE cell"	NA	NA	NA	"FBbt:00058002"	"adult middle midgut class I enteroendocrine cell (Drosophila)"	"perfect match"	"EE_scRNA-seq"	NA	1
"ACCCACTAGTTAGGTA"	1	"SRX5979983"	"SRP200614"	"intestine"	"class II-m1 EE cell"	NA	NA	NA	"FBbt:00058005"	"adult middle midgut class II enteroendocrine cell (Drosophila)"	"perfect match"	"EE_scRNA-seq"	NA	3
"ACCCACTCAAGTCATC"	1	"SRX5979983"	"SRP200614"	"intestine"	"class II-m1 EE cell"	NA	NA	NA	"FBbt:00058005"	"adult middle midgut class II enteroendocrine cell (Drosophila)"	"perfect match"	"EE_scRNA-seq"	NA	3
"ACCCACTCACAACGCC"	8	"SRX5979983"	"SRP200614"	"intestine"	"class I-a EE cell"	NA	NA	NA	"FBbt:00058001"	"adult anterior midgut class I enteroendocrine cell (Drosophila)"	"perfect match"	"EE_scRNA-seq"	NA	2
"ACCCACTCAGATCCAT"	3	"SRX5979983"	"SRP200614"	"intestine"	"class II-a EE cell"	NA	NA	NA	"FBbt:00058004"	"adult anterior midgut class II enteroendocrine cell (Drosophila)"	"perfect match"	"EE_scRNA-seq"	NA	9
"ACCCACTCATCTCGCT"	0	"SRX5979983"	"SRP200614"	"intestine"	"class I-m EE cell"	NA	NA	NA	"FBbt:00058002"	"adult middle midgut class I enteroendocrine cell (Drosophila)"	"perfect match"	"EE_scRNA-seq"	NA	1
"ACCCACTGTACTCTCC"	0	"SRX5979983"	"SRP200614"	"intestine"	"class I-m EE cell"	NA	NA	NA	"FBbt:00058002"	"adult middle midgut class I enteroendocrine cell (Drosophila)"	"perfect match"	"EE_scRNA-seq"	NA	1
"ACCCACTTCGGAGGTA"	2	"SRX5979983"	"SRP200614"	"intestine"	"class I-ap EE cell"	NA	NA	NA	"FBbt:00058000"	"adult class I enteroendocrine cell (Drosophila)"	"other"	"EE_scRNA-seq"	NA	5
"ACCGTAAAGAGCTGGT"	1	"SRX5979983"	"SRP200614"	"intestine"	"class II-m1 EE cell"	NA	NA	NA	"FBbt:00058005"	"adult middle midgut class II enteroendocrine cell (Drosophila)"	"perfect match"	"EE_scRNA-seq"	NA	3
"ACCGTAAAGCTGTTCA"	1	"SRX5979983"	"SRP200614"	"intestine"	"class II-m1 EE cell"	NA	NA	NA	"FBbt:00058005"	"adult middle midgut class II enteroendocrine cell (Drosophila)"	"perfect match"	"EE_scRNA-seq"	NA	3
"ACCGTAAAGGGCTTCC"	0	"SRX5979983"	"SRP200614"	"intestine"	"class I-m EE cell"	NA	NA	NA	"FBbt:00058002"	"adult middle midgut class I enteroendocrine cell (Drosophila)"	"perfect match"	"EE_scRNA-seq"	NA	1
"ACCGTAACAATCACAC"	1	"SRX5979983"	"SRP200614"	"intestine"	"class II-m1 EE cell"	NA	NA	NA	"FBbt:00058005"	"adult middle midgut class II enteroendocrine cell (Drosophila)"	"perfect match"	"EE_scRNA-seq"	NA	3
"ACCGTAATCAAGCCTA"	6	"SRX5979983"	"SRP200614"	"intestine"	"class I-p AstA EE cell"	NA	NA	NA	"FBbt:00058003"	"adult posterior midgut class I enteroendocrine cell (Drosophila)"	"missing child term"	"EE_scRNA-seq"	NA	6
"ACCGTAATCACTCCTG"	0	"SRX5979983"	"SRP200614"	"intestine"	"class I-m EE cell"	NA	NA	NA	"FBbt:00058002"	"adult middle midgut class I enteroendocrine cell (Drosophila)"	"perfect match"	"EE_scRNA-seq"	NA	1
"ACCGTAATCATGGTCA"	2	"SRX5979983"	"SRP200614"	"intestine"	"class I-ap EE cell"	NA	NA	NA	"FBbt:00058000"	"adult class I enteroendocrine cell (Drosophila)"	"other"	"EE_scRNA-seq"	NA	5
"ACCTTTAGTCTTCAAG"	0	"SRX5979983"	"SRP200614"	"intestine"	"class I-m EE cell"	NA	NA	NA	"FBbt:00058002"	"adult middle midgut class I enteroendocrine cell (Drosophila)"	"perfect match"	"EE_scRNA-seq"	NA	1
"ACCTTTAGTGATAAAC"	0	"SRX5979983"	"SRP200614"	"intestine"	"class I-m EE cell"	NA	NA	NA	"FBbt:00058002"	"adult middle midgut class I enteroendocrine cell (Drosophila)"	"perfect match"	"EE_scRNA-seq"	NA	1
"ACCTTTATCAAGAAGT"	0	"SRX5979983"	"SRP200614"	"intestine"	"class I-m EE cell"	NA	NA	NA	"FBbt:00058002"	"adult middle midgut class I enteroendocrine cell (Drosophila)"	"perfect match"	"EE_scRNA-seq"	NA	1
"ACCTTTATCAGAGACG"	2	"SRX5979983"	"SRP200614"	"intestine"	"class I-ap EE cell"	NA	NA	NA	"FBbt:00058000"	"adult class I enteroendocrine cell (Drosophila)"	"other"	"EE_scRNA-seq"	NA	5
"ACCTTTATCATGCATG"	0	"SRX5979983"	"SRP200614"	"intestine"	"class I-m EE cell"	NA	NA	NA	"FBbt:00058002"	"adult middle midgut class I enteroendocrine cell (Drosophila)"	"perfect match"	"EE_scRNA-seq"	NA	1
"ACCTTTATCGTTTGCC"	2	"SRX5979983"	"SRP200614"	"intestine"	"class I-ap EE cell"	NA	NA	NA	"FBbt:00058000"	"adult class I enteroendocrine cell (Drosophila)"	"other"	"EE_scRNA-seq"	NA	5
"ACGAGCCAGACATAAC"	6	"SRX5979983"	"SRP200614"	"intestine"	"class I-p AstA EE cell"	NA	NA	NA	"FBbt:00058003"	"adult posterior midgut class I enteroendocrine cell (Drosophila)"	"missing child term"	"EE_scRNA-seq"	NA	6
"ACGAGCCAGCCGCCTA"	6	"SRX5979983"	"SRP200614"	"intestine"	"class I-p AstA EE cell"	NA	NA	NA	"FBbt:00058003"	"adult posterior midgut class I enteroendocrine cell (Drosophila)"	"missing child term"	"EE_scRNA-seq"	NA	6
"ACGAGCCAGTTCGCGC"	2	"SRX5979983"	"SRP200614"	"intestine"	"class I-ap EE cell"	NA	NA	NA	"FBbt:00058000"	"adult class I enteroendocrine cell (Drosophila)"	"other"	"EE_scRNA-seq"	NA	5
"ACGAGCCCAACTTGAC"	0	"SRX5979983"	"SRP200614"	"intestine"	"class I-m EE cell"	NA	NA	NA	"FBbt:00058002"	"adult middle midgut class I enteroendocrine cell (Drosophila)"	"perfect match"	"EE_scRNA-seq"	NA	1
"ACGAGCCCACGAAAGC"	0	"SRX5979983"	"SRP200614"	"intestine"	"class I-m EE cell"	NA	NA	NA	"FBbt:00058002"	"adult middle midgut class I enteroendocrine cell (Drosophila)"	"perfect match"	"EE_scRNA-seq"	NA	1
"ACGAGCCCATGCTAGT"	1	"SRX5979983"	"SRP200614"	"intestine"	"class II-m1 EE cell"	NA	NA	NA	"FBbt:00058005"	"adult middle midgut class II enteroendocrine cell (Drosophila)"	"perfect match"	"EE_scRNA-seq"	NA	3
"ACGAGCCTCACGAAGG"	8	"SRX5979983"	"SRP200614"	"intestine"	"class I-a EE cell"	NA	NA	NA	"FBbt:00058001"	"adult anterior midgut class I enteroendocrine cell (Drosophila)"	"perfect match"	"EE_scRNA-seq"	NA	2
"ACGAGCCTCATCATTC"	0	"SRX5979983"	"SRP200614"	"intestine"	"class I-m EE cell"	NA	NA	NA	"FBbt:00058002"	"adult middle midgut class I enteroendocrine cell (Drosophila)"	"perfect match"	"EE_scRNA-seq"	NA	1
"ACGAGCCTCCCAAGAT"	1	"SRX5979983"	"SRP200614"	"intestine"	"class II-m1 EE cell"	NA	NA	NA	"FBbt:00058005"	"adult middle midgut class II enteroendocrine cell (Drosophila)"	"perfect match"	"EE_scRNA-seq"	NA	3
"ACGAGCCTCTCAACTT"	1	"SRX5979983"	"SRP200614"	"intestine"	"class II-m1 EE cell"	NA	NA	NA	"FBbt:00058005"	"adult middle midgut class II enteroendocrine cell (Drosophila)"	"perfect match"	"EE_scRNA-seq"	NA	3
"ACGAGGAAGGATTCGG"	7	"SRX5979983"	"SRP200614"	"intestine"	"class II-p EE cell"	NA	NA	NA	"FBbt:00058006"	"adult posterior midgut class II enteroendocrine cell (Drosophila)"	"perfect match"	"EE_scRNA-seq"	NA	7
"ACGAGGAAGGGTCTCC"	2	"SRX5979983"	"SRP200614"	"intestine"	"class I-ap EE cell"	NA	NA	NA	"FBbt:00058000"	"adult class I enteroendocrine cell (Drosophila)"	"other"	"EE_scRNA-seq"	NA	5
"ACGAGGAAGTTAAGTG"	1	"SRX5979983"	"SRP200614"	"intestine"	"class II-m1 EE cell"	NA	NA	NA	"FBbt:00058005"	"adult middle midgut class II enteroendocrine cell (Drosophila)"	"perfect match"	"EE_scRNA-seq"	NA	3
"ACGAGGACACGACTCG"	2	"SRX5979983"	"SRP200614"	"intestine"	"class I-ap EE cell"	NA	NA	NA	"FBbt:00058000"	"adult class I enteroendocrine cell (Drosophila)"	"other"	"EE_scRNA-seq"	NA	5
"ACGAGGACAGACAAAT"	1	"SRX5979983"	"SRP200614"	"intestine"	"class II-m1 EE cell"	NA	NA	NA	"FBbt:00058005"	"adult middle midgut class II enteroendocrine cell (Drosophila)"	"perfect match"	"EE_scRNA-seq"	NA	3
"ACGAGGACAGATCGGA"	2	"SRX5979983"	"SRP200614"	"intestine"	"class I-ap EE cell"	NA	NA	NA	"FBbt:00058000"	"adult class I enteroendocrine cell (Drosophila)"	"other"	"EE_scRNA-seq"	NA	5
"ACGAGGACAGCGAACA"	2	"SRX5979983"	"SRP200614"	"intestine"	"class I-ap EE cell"	NA	NA	NA	"FBbt:00058000"	"adult class I enteroendocrine cell (Drosophila)"	"other"	"EE_scRNA-seq"	NA	5
"ACGAGGACATATGAGA"	0	"SRX5979983"	"SRP200614"	"intestine"	"class I-m EE cell"	NA	NA	NA	"FBbt:00058002"	"adult middle midgut class I enteroendocrine cell (Drosophila)"	"perfect match"	"EE_scRNA-seq"	NA	1
"ACGAGGAGTCGTGGCT"	7	"SRX5979983"	"SRP200614"	"intestine"	"class II-p EE cell"	NA	NA	NA	"FBbt:00058006"	"adult posterior midgut class II enteroendocrine cell (Drosophila)"	"perfect match"	"EE_scRNA-seq"	NA	7
"ACGAGGATCCCACTTG"	4	"SRX5979983"	"SRP200614"	"intestine"	"class II-m2 EE cell"	NA	NA	NA	"FBbt:00058005"	"adult middle midgut class II enteroendocrine cell (Drosophila)"	"perfect match"	"EE_scRNA-seq"	NA	8
"ACGATACCAAGAGTCG"	6	"SRX5979983"	"SRP200614"	"intestine"	"class I-p AstA EE cell"	NA	NA	NA	"FBbt:00058003"	"adult posterior midgut class I enteroendocrine cell (Drosophila)"	"missing child term"	"EE_scRNA-seq"	NA	6
"ACGATACCAAGTTCTG"	8	"SRX5979983"	"SRP200614"	"intestine"	"class I-a EE cell"	NA	NA	NA	"FBbt:00058001"	"adult anterior midgut class I enteroendocrine cell (Drosophila)"	"perfect match"	"EE_scRNA-seq"	NA	2
"ACGATACCACTAAGTC"	1	"SRX5979983"	"SRP200614"	"intestine"	"class II-m1 EE cell"	NA	NA	NA	"FBbt:00058005"	"adult middle midgut class II enteroendocrine cell (Drosophila)"	"perfect match"	"EE_scRNA-seq"	NA	3
"ACGATACCACTGAAGG"	8	"SRX5979983"	"SRP200614"	"intestine"	"class I-a EE cell"	NA	NA	NA	"FBbt:00058001"	"adult anterior midgut class I enteroendocrine cell (Drosophila)"	"perfect match"	"EE_scRNA-seq"	NA	2
"ACGATACCACTGTTAG"	1	"SRX5979983"	"SRP200614"	"intestine"	"class II-m1 EE cell"	NA	NA	NA	"FBbt:00058005"	"adult middle midgut class II enteroendocrine cell (Drosophila)"	"perfect match"	"EE_scRNA-seq"	NA	3
"ACGATACCACTTAAGC"	4	"SRX5979983"	"SRP200614"	"intestine"	"class II-m2 EE cell"	NA	NA	NA	"FBbt:00058005"	"adult middle midgut class II enteroendocrine cell (Drosophila)"	"perfect match"	"EE_scRNA-seq"	NA	8
"ACGATACCAGCGTCCA"	2	"SRX5979983"	"SRP200614"	"intestine"	"class I-ap EE cell"	NA	NA	NA	"FBbt:00058000"	"adult class I enteroendocrine cell (Drosophila)"	"other"	"EE_scRNA-seq"	NA	5
"ACGATACCAGGCAGTA"	2	"SRX5979983"	"SRP200614"	"intestine"	"class I-ap EE cell"	NA	NA	NA	"FBbt:00058000"	"adult class I enteroendocrine cell (Drosophila)"	"other"	"EE_scRNA-seq"	NA	5
"ACGATACCATCGATTG"	5	"SRX5979983"	"SRP200614"	"intestine"	"class I-p CCHa1 EE cell"	NA	NA	NA	"FBbt:00058003"	"adult posterior midgut class I enteroendocrine cell (Drosophila)"	"missing child term"	"EE_scRNA-seq"	NA	4
"ACGATACGTCATTAGC"	0	"SRX5979983"	"SRP200614"	"intestine"	"class I-m EE cell"	NA	NA	NA	"FBbt:00058002"	"adult middle midgut class I enteroendocrine cell (Drosophila)"	"perfect match"	"EE_scRNA-seq"	NA	1
"ACGATACGTCTCACCT"	0	"SRX5979983"	"SRP200614"	"intestine"	"class I-m EE cell"	NA	NA	NA	"FBbt:00058002"	"adult middle midgut class I enteroendocrine cell (Drosophila)"	"perfect match"	"EE_scRNA-seq"	NA	1
"ACGATACGTGATAAAC"	0	"SRX5979983"	"SRP200614"	"intestine"	"class I-m EE cell"	NA	NA	NA	"FBbt:00058002"	"adult middle midgut class I enteroendocrine cell (Drosophila)"	"perfect match"	"EE_scRNA-seq"	NA	1
"ACGATACGTGGTACAG"	0	"SRX5979983"	"SRP200614"	"intestine"	"class I-m EE cell"	NA	NA	NA	"FBbt:00058002"	"adult middle midgut class I enteroendocrine cell (Drosophila)"	"perfect match"	"EE_scRNA-seq"	NA	1
"ACGATACTCCGTCATC"	3	"SRX5979983"	"SRP200614"	"intestine"	"class II-a EE cell"	NA	NA	NA	"FBbt:00058004"	"adult anterior midgut class II enteroendocrine cell (Drosophila)"	"perfect match"	"EE_scRNA-seq"	NA	9
"ACGATACTCTTCTGGC"	0	"SRX5979983"	"SRP200614"	"intestine"	"class I-m EE cell"	NA	NA	NA	"FBbt:00058002"	"adult middle midgut class I enteroendocrine cell (Drosophila)"	"perfect match"	"EE_scRNA-seq"	NA	1
"ACGATGTAGAAGGACA"	2	"SRX5979983"	"SRP200614"	"intestine"	"class I-ap EE cell"	NA	NA	NA	"FBbt:00058000"	"adult class I enteroendocrine cell (Drosophila)"	"other"	"EE_scRNA-seq"	NA	5
"ACGATGTAGGCCATAG"	5	"SRX5979983"	"SRP200614"	"intestine"	"class I-p CCHa1 EE cell"	NA	NA	NA	"FBbt:00058003"	"adult posterior midgut class I enteroendocrine cell (Drosophila)"	"missing child term"	"EE_scRNA-seq"	NA	4
"ACGATGTAGTGTACTC"	4	"SRX5979983"	"SRP200614"	"intestine"	"class II-m2 EE cell"	NA	NA	NA	"FBbt:00058005"	"adult middle midgut class II enteroendocrine cell (Drosophila)"	"perfect match"	"EE_scRNA-seq"	NA	8
"ACGATGTCAAACCCAT"	5	"SRX5979983"	"SRP200614"	"intestine"	"class I-p CCHa1 EE cell"	NA	NA	NA	"FBbt:00058003"	"adult posterior midgut class I enteroendocrine cell (Drosophila)"	"missing child term"	"EE_scRNA-seq"	NA	4
"ACGATGTGTCGCGAAA"	0	"SRX5979983"	"SRP200614"	"intestine"	"class I-m EE cell"	NA	NA	NA	"FBbt:00058002"	"adult middle midgut class I enteroendocrine cell (Drosophila)"	"perfect match"	"EE_scRNA-seq"	NA	1
"ACGATGTGTCTCATCC"	2	"SRX5979983"	"SRP200614"	"intestine"	"class I-ap EE cell"	NA	NA	NA	"FBbt:00058000"	"adult class I enteroendocrine cell (Drosophila)"	"other"	"EE_scRNA-seq"	NA	5
"ACGATGTGTTCACGGC"	2	"SRX5979983"	"SRP200614"	"intestine"	"class I-ap EE cell"	NA	NA	NA	"FBbt:00058000"	"adult class I enteroendocrine cell (Drosophila)"	"other"	"EE_scRNA-seq"	NA	5
"ACGATGTGTTTGACAC"	0	"SRX5979983"	"SRP200614"	"intestine"	"class I-m EE cell"	NA	NA	NA	"FBbt:00058002"	"adult middle midgut class I enteroendocrine cell (Drosophila)"	"perfect match"	"EE_scRNA-seq"	NA	1
"ACGATGTTCCGTTGCT"	8	"SRX5979983"	"SRP200614"	"intestine"	"class I-a EE cell"	NA	NA	NA	"FBbt:00058001"	"adult anterior midgut class I enteroendocrine cell (Drosophila)"	"perfect match"	"EE_scRNA-seq"	NA	2
"ACGATGTTCCTAGTGA"	4	"SRX5979983"	"SRP200614"	"intestine"	"class II-m2 EE cell"	NA	NA	NA	"FBbt:00058005"	"adult middle midgut class II enteroendocrine cell (Drosophila)"	"perfect match"	"EE_scRNA-seq"	NA	8
"ACGATGTTCGGAAATA"	4	"SRX5979983"	"SRP200614"	"intestine"	"class II-m2 EE cell"	NA	NA	NA	"FBbt:00058005"	"adult middle midgut class II enteroendocrine cell (Drosophila)"	"perfect match"	"EE_scRNA-seq"	NA	8
"ACGATGTTCTCTTATG"	2	"SRX5979983"	"SRP200614"	"intestine"	"class I-ap EE cell"	NA	NA	NA	"FBbt:00058000"	"adult class I enteroendocrine cell (Drosophila)"	"other"	"EE_scRNA-seq"	NA	5
"ACGATGTTCTGCGGCA"	1	"SRX5979983"	"SRP200614"	"intestine"	"class II-m1 EE cell"	NA	NA	NA	"FBbt:00058005"	"adult middle midgut class II enteroendocrine cell (Drosophila)"	"perfect match"	"EE_scRNA-seq"	NA	3
"ACGCAGCAGACAGAGA"	6	"SRX5979983"	"SRP200614"	"intestine"	"class I-p AstA EE cell"	NA	NA	NA	"FBbt:00058003"	"adult posterior midgut class I enteroendocrine cell (Drosophila)"	"missing child term"	"EE_scRNA-seq"	NA	6
"ACGCAGCAGAGGTTAT"	5	"SRX5979983"	"SRP200614"	"intestine"	"class I-p CCHa1 EE cell"	NA	NA	NA	"FBbt:00058003"	"adult posterior midgut class I enteroendocrine cell (Drosophila)"	"missing child term"	"EE_scRNA-seq"	NA	4
"ACGCAGCAGATGAGAG"	8	"SRX5979983"	"SRP200614"	"intestine"	"class I-a EE cell"	NA	NA	NA	"FBbt:00058001"	"adult anterior midgut class I enteroendocrine cell (Drosophila)"	"perfect match"	"EE_scRNA-seq"	NA	2
"ACGCAGCCAAGAAAGG"	1	"SRX5979983"	"SRP200614"	"intestine"	"class II-m1 EE cell"	NA	NA	NA	"FBbt:00058005"	"adult middle midgut class II enteroendocrine cell (Drosophila)"	"perfect match"	"EE_scRNA-seq"	NA	3
"ACGCAGCCATCCCACT"	2	"SRX5979983"	"SRP200614"	"intestine"	"class I-ap EE cell"	NA	NA	NA	"FBbt:00058000"	"adult class I enteroendocrine cell (Drosophila)"	"other"	"EE_scRNA-seq"	NA	5
"ACGCAGCGTACTCGCG"	5	"SRX5979983"	"SRP200614"	"intestine"	"class I-p CCHa1 EE cell"	NA	NA	NA	"FBbt:00058003"	"adult posterior midgut class I enteroendocrine cell (Drosophila)"	"missing child term"	"EE_scRNA-seq"	NA	4
"ACGCAGCGTGTGAAAT"	3	"SRX5979983"	"SRP200614"	"intestine"	"class II-a EE cell"	NA	NA	NA	"FBbt:00058004"	"adult anterior midgut class II enteroendocrine cell (Drosophila)"	"perfect match"	"EE_scRNA-seq"	NA	9
"ACGCAGCTCGGTTAAC"	4	"SRX5979983"	"SRP200614"	"intestine"	"class II-m2 EE cell"	NA	NA	NA	"FBbt:00058005"	"adult middle midgut class II enteroendocrine cell (Drosophila)"	"perfect match"	"EE_scRNA-seq"	NA	8
"ACGCAGCTCTTAACCT"	6	"SRX5979983"	"SRP200614"	"intestine"	"class I-p AstA EE cell"	NA	NA	NA	"FBbt:00058003"	"adult posterior midgut class I enteroendocrine cell (Drosophila)"	"missing child term"	"EE_scRNA-seq"	NA	6
"ACGCCAGAGATAGCAT"	0	"SRX5979983"	"SRP200614"	"intestine"	"class I-m EE cell"	NA	NA	NA	"FBbt:00058002"	"adult middle midgut class I enteroendocrine cell (Drosophila)"	"perfect match"	"EE_scRNA-seq"	NA	1
"ACGCCAGAGATAGGAG"	2	"SRX5979983"	"SRP200614"	"intestine"	"class I-ap EE cell"	NA	NA	NA	"FBbt:00058000"	"adult class I enteroendocrine cell (Drosophila)"	"other"	"EE_scRNA-seq"	NA	5
"ACGCCAGAGCTCCTCT"	0	"SRX5979983"	"SRP200614"	"intestine"	"class I-m EE cell"	NA	NA	NA	"FBbt:00058002"	"adult middle midgut class I enteroendocrine cell (Drosophila)"	"perfect match"	"EE_scRNA-seq"	NA	1
"ACGCCAGGTAAACACA"	0	"SRX5979983"	"SRP200614"	"intestine"	"class I-m EE cell"	NA	NA	NA	"FBbt:00058002"	"adult middle midgut class I enteroendocrine cell (Drosophila)"	"perfect match"	"EE_scRNA-seq"	NA	1
"ACGCCAGGTGAGGGAG"	6	"SRX5979983"	"SRP200614"	"intestine"	"class I-p AstA EE cell"	NA	NA	NA	"FBbt:00058003"	"adult posterior midgut class I enteroendocrine cell (Drosophila)"	"missing child term"	"EE_scRNA-seq"	NA	6
"ACGCCAGGTGCGATAG"	2	"SRX5979983"	"SRP200614"	"intestine"	"class I-ap EE cell"	NA	NA	NA	"FBbt:00058000"	"adult class I enteroendocrine cell (Drosophila)"	"other"	"EE_scRNA-seq"	NA	5
"ACGCCAGGTTACAGAA"	5	"SRX5979983"	"SRP200614"	"intestine"	"class I-p CCHa1 EE cell"	NA	NA	NA	"FBbt:00058003"	"adult posterior midgut class I enteroendocrine cell (Drosophila)"	"missing child term"	"EE_scRNA-seq"	NA	4
"ACGCCAGTCCAAAGTC"	5	"SRX5979983"	"SRP200614"	"intestine"	"class I-p CCHa1 EE cell"	NA	NA	NA	"FBbt:00058003"	"adult posterior midgut class I enteroendocrine cell (Drosophila)"	"missing child term"	"EE_scRNA-seq"	NA	4
"ACGCCAGTCTTTAGGG"	2	"SRX5979983"	"SRP200614"	"intestine"	"class I-ap EE cell"	NA	NA	NA	"FBbt:00058000"	"adult class I enteroendocrine cell (Drosophila)"	"other"	"EE_scRNA-seq"	NA	5
"ACGCCGAAGGTACTCT"	1	"SRX5979983"	"SRP200614"	"intestine"	"class II-m1 EE cell"	NA	NA	NA	"FBbt:00058005"	"adult middle midgut class II enteroendocrine cell (Drosophila)"	"perfect match"	"EE_scRNA-seq"	NA	3
"ACGCCGAGTTTAGGAA"	1	"SRX5979983"	"SRP200614"	"intestine"	"class II-m1 EE cell"	NA	NA	NA	"FBbt:00058005"	"adult middle midgut class II enteroendocrine cell (Drosophila)"	"perfect match"	"EE_scRNA-seq"	NA	3
"ACGGAGAAGTGATCGG"	2	"SRX5979983"	"SRP200614"	"intestine"	"class I-ap EE cell"	NA	NA	NA	"FBbt:00058000"	"adult class I enteroendocrine cell (Drosophila)"	"other"	"EE_scRNA-seq"	NA	5
"ACGGAGACACGGTAGA"	3	"SRX5979983"	"SRP200614"	"intestine"	"class II-a EE cell"	NA	NA	NA	"FBbt:00058004"	"adult anterior midgut class II enteroendocrine cell (Drosophila)"	"perfect match"	"EE_scRNA-seq"	NA	9
"ACGGAGACATTTGCCC"	6	"SRX5979983"	"SRP200614"	"intestine"	"class I-p AstA EE cell"	NA	NA	NA	"FBbt:00058003"	"adult posterior midgut class I enteroendocrine cell (Drosophila)"	"missing child term"	"EE_scRNA-seq"	NA	6
"ACGGAGAGTGAAAGAG"	0	"SRX5979983"	"SRP200614"	"intestine"	"class I-m EE cell"	NA	NA	NA	"FBbt:00058002"	"adult middle midgut class I enteroendocrine cell (Drosophila)"	"perfect match"	"EE_scRNA-seq"	NA	1
"ACGGAGAGTGACAAAT"	7	"SRX5979983"	"SRP200614"	"intestine"	"class II-p EE cell"	NA	NA	NA	"FBbt:00058006"	"adult posterior midgut class II enteroendocrine cell (Drosophila)"	"perfect match"	"EE_scRNA-seq"	NA	7
"ACGGAGAGTTGCTCCT"	3	"SRX5979983"	"SRP200614"	"intestine"	"class II-a EE cell"	NA	NA	NA	"FBbt:00058004"	"adult anterior midgut class II enteroendocrine cell (Drosophila)"	"perfect match"	"EE_scRNA-seq"	NA	9
"ACGGAGATCCTGCAGG"	2	"SRX5979983"	"SRP200614"	"intestine"	"class I-ap EE cell"	NA	NA	NA	"FBbt:00058000"	"adult class I enteroendocrine cell (Drosophila)"	"other"	"EE_scRNA-seq"	NA	5
"ACGGAGATCGTAGGAG"	0	"SRX5979983"	"SRP200614"	"intestine"	"class I-m EE cell"	NA	NA	NA	"FBbt:00058002"	"adult middle midgut class I enteroendocrine cell (Drosophila)"	"perfect match"	"EE_scRNA-seq"	NA	1
"ACGGAGATCTTAACCT"	0	"SRX5979983"	"SRP200614"	"intestine"	"class I-m EE cell"	NA	NA	NA	"FBbt:00058002"	"adult middle midgut class I enteroendocrine cell (Drosophila)"	"perfect match"	"EE_scRNA-seq"	NA	1
"ACGGCCAAGAATCTCC"	0	"SRX5979983"	"SRP200614"	"intestine"	"class I-m EE cell"	NA	NA	NA	"FBbt:00058002"	"adult middle midgut class I enteroendocrine cell (Drosophila)"	"perfect match"	"EE_scRNA-seq"	NA	1
"ACGGCCAAGACAAAGG"	1	"SRX5979983"	"SRP200614"	"intestine"	"class II-m1 EE cell"	NA	NA	NA	"FBbt:00058005"	"adult middle midgut class II enteroendocrine cell (Drosophila)"	"perfect match"	"EE_scRNA-seq"	NA	3
"ACGGCCAAGATCCGAG"	4	"SRX5979983"	"SRP200614"	"intestine"	"class II-m2 EE cell"	NA	NA	NA	"FBbt:00058005"	"adult middle midgut class II enteroendocrine cell (Drosophila)"	"perfect match"	"EE_scRNA-seq"	NA	8
"ACGGCCAAGGGCATGT"	8	"SRX5979983"	"SRP200614"	"intestine"	"class I-a EE cell"	NA	NA	NA	"FBbt:00058001"	"adult anterior midgut class I enteroendocrine cell (Drosophila)"	"perfect match"	"EE_scRNA-seq"	NA	2
"ACGGCCACACACCGAC"	1	"SRX5979983"	"SRP200614"	"intestine"	"class II-m1 EE cell"	NA	NA	NA	"FBbt:00058005"	"adult middle midgut class II enteroendocrine cell (Drosophila)"	"perfect match"	"EE_scRNA-seq"	NA	3
"ACGGCCACACAGGAGT"	8	"SRX5979983"	"SRP200614"	"intestine"	"class I-a EE cell"	NA	NA	NA	"FBbt:00058001"	"adult anterior midgut class I enteroendocrine cell (Drosophila)"	"perfect match"	"EE_scRNA-seq"	NA	2
"ACGGCCACACTTCGAA"	2	"SRX5979983"	"SRP200614"	"intestine"	"class I-ap EE cell"	NA	NA	NA	"FBbt:00058000"	"adult class I enteroendocrine cell (Drosophila)"	"other"	"EE_scRNA-seq"	NA	5
"ACGGCCAGTCATACTG"	0	"SRX5979983"	"SRP200614"	"intestine"	"class I-m EE cell"	NA	NA	NA	"FBbt:00058002"	"adult middle midgut class I enteroendocrine cell (Drosophila)"	"perfect match"	"EE_scRNA-seq"	NA	1
"ACGGCCAGTCCGAAGA"	1	"SRX5979983"	"SRP200614"	"intestine"	"class II-m1 EE cell"	NA	NA	NA	"FBbt:00058005"	"adult middle midgut class II enteroendocrine cell (Drosophila)"	"perfect match"	"EE_scRNA-seq"	NA	3
"ACGGCCAGTGCGATAG"	9	"SRX5979983"	"SRP200614"	"intestine"	"class III EE cell"	NA	NA	NA	"FBbt:00058200"	"adult class III enteroendocrine cell (Drosophila)"	"perfect match"	"EE_scRNA-seq"	NA	11
"ACGGCCAGTGTTCTTT"	7	"SRX5979983"	"SRP200614"	"intestine"	"class II-p EE cell"	NA	NA	NA	"FBbt:00058006"	"adult posterior midgut class II enteroendocrine cell (Drosophila)"	"perfect match"	"EE_scRNA-seq"	NA	7
"ACGGCCAGTTAAAGTG"	7	"SRX5979983"	"SRP200614"	"intestine"	"class II-p EE cell"	NA	NA	NA	"FBbt:00058006"	"adult posterior midgut class II enteroendocrine cell (Drosophila)"	"perfect match"	"EE_scRNA-seq"	NA	7
"ACGGCCATCACTCCTG"	1	"SRX5979983"	"SRP200614"	"intestine"	"class II-m1 EE cell"	NA	NA	NA	"FBbt:00058005"	"adult middle midgut class II enteroendocrine cell (Drosophila)"	"perfect match"	"EE_scRNA-seq"	NA	3
"ACGGCCATCAGTCCCT"	0	"SRX5979983"	"SRP200614"	"intestine"	"class I-m EE cell"	NA	NA	NA	"FBbt:00058002"	"adult middle midgut class I enteroendocrine cell (Drosophila)"	"perfect match"	"EE_scRNA-seq"	NA	1
"ACGGCCATCTCCTATA"	4	"SRX5979983"	"SRP200614"	"intestine"	"class II-m2 EE cell"	NA	NA	NA	"FBbt:00058005"	"adult middle midgut class II enteroendocrine cell (Drosophila)"	"perfect match"	"EE_scRNA-seq"	NA	8
"ACGGGCTAGAACTCGG"	0	"SRX5979983"	"SRP200614"	"intestine"	"class I-m EE cell"	NA	NA	NA	"FBbt:00058002"	"adult middle midgut class I enteroendocrine cell (Drosophila)"	"perfect match"	"EE_scRNA-seq"	NA	1
"ACGGGCTAGACACTAA"	2	"SRX5979983"	"SRP200614"	"intestine"	"class I-ap EE cell"	NA	NA	NA	"FBbt:00058000"	"adult class I enteroendocrine cell (Drosophila)"	"other"	"EE_scRNA-seq"	NA	5
"ACGGGCTAGTGAATTG"	7	"SRX5979983"	"SRP200614"	"intestine"	"class II-p EE cell"	NA	NA	NA	"FBbt:00058006"	"adult posterior midgut class II enteroendocrine cell (Drosophila)"	"perfect match"	"EE_scRNA-seq"	NA	7
"ACGGGCTAGTGACATA"	1	"SRX5979983"	"SRP200614"	"intestine"	"class II-m1 EE cell"	NA	NA	NA	"FBbt:00058005"	"adult middle midgut class II enteroendocrine cell (Drosophila)"	"perfect match"	"EE_scRNA-seq"	NA	3
"ACGGGCTCACCCAGTG"	0	"SRX5979983"	"SRP200614"	"intestine"	"class I-m EE cell"	NA	NA	NA	"FBbt:00058002"	"adult middle midgut class I enteroendocrine cell (Drosophila)"	"perfect match"	"EE_scRNA-seq"	NA	1
"ACGGGCTCATAGACTC"	7	"SRX5979983"	"SRP200614"	"intestine"	"class II-p EE cell"	NA	NA	NA	"FBbt:00058006"	"adult posterior midgut class II enteroendocrine cell (Drosophila)"	"perfect match"	"EE_scRNA-seq"	NA	7
"ACGGGCTGTGACCAAG"	1	"SRX5979983"	"SRP200614"	"intestine"	"class II-m1 EE cell"	NA	NA	NA	"FBbt:00058005"	"adult middle midgut class II enteroendocrine cell (Drosophila)"	"perfect match"	"EE_scRNA-seq"	NA	3
"ACGGGCTGTTAAGATG"	0	"SRX5979983"	"SRP200614"	"intestine"	"class I-m EE cell"	NA	NA	NA	"FBbt:00058002"	"adult middle midgut class I enteroendocrine cell (Drosophila)"	"perfect match"	"EE_scRNA-seq"	NA	1
"ACGGGCTGTTATCCGA"	5	"SRX5979983"	"SRP200614"	"intestine"	"class I-p CCHa1 EE cell"	NA	NA	NA	"FBbt:00058003"	"adult posterior midgut class I enteroendocrine cell (Drosophila)"	"missing child term"	"EE_scRNA-seq"	NA	4
"ACGGGTCAGACTGGGT"	1	"SRX5979983"	"SRP200614"	"intestine"	"class II-m1 EE cell"	NA	NA	NA	"FBbt:00058005"	"adult middle midgut class II enteroendocrine cell (Drosophila)"	"perfect match"	"EE_scRNA-seq"	NA	3
"ACGGGTCCAAGGACTG"	4	"SRX5979983"	"SRP200614"	"intestine"	"class II-m2 EE cell"	NA	NA	NA	"FBbt:00058005"	"adult middle midgut class II enteroendocrine cell (Drosophila)"	"perfect match"	"EE_scRNA-seq"	NA	8
"ACGGGTCGTGAGCGAT"	0	"SRX5979983"	"SRP200614"	"intestine"	"class I-m EE cell"	NA	NA	NA	"FBbt:00058002"	"adult middle midgut class I enteroendocrine cell (Drosophila)"	"perfect match"	"EE_scRNA-seq"	NA	1
"ACGGGTCGTGTTCGAT"	4	"SRX5979983"	"SRP200614"	"intestine"	"class II-m2 EE cell"	NA	NA	NA	"FBbt:00058005"	"adult middle midgut class II enteroendocrine cell (Drosophila)"	"perfect match"	"EE_scRNA-seq"	NA	8
"ACGGGTCTCACGAAGG"	0	"SRX5979983"	"SRP200614"	"intestine"	"class I-m EE cell"	NA	NA	NA	"FBbt:00058002"	"adult middle midgut class I enteroendocrine cell (Drosophila)"	"perfect match"	"EE_scRNA-seq"	NA	1
"ACGGGTCTCGTATCAG"	0	"SRX5979983"	"SRP200614"	"intestine"	"class I-m EE cell"	NA	NA	NA	"FBbt:00058002"	"adult middle midgut class I enteroendocrine cell (Drosophila)"	"perfect match"	"EE_scRNA-seq"	NA	1
"ACGGGTCTCTCGCATC"	3	"SRX5979983"	"SRP200614"	"intestine"	"class II-a EE cell"	NA	NA	NA	"FBbt:00058004"	"adult anterior midgut class II enteroendocrine cell (Drosophila)"	"perfect match"	"EE_scRNA-seq"	NA	9
"ACGGGTCTCTTGTACT"	3	"SRX5979983"	"SRP200614"	"intestine"	"class II-a EE cell"	NA	NA	NA	"FBbt:00058004"	"adult anterior midgut class II enteroendocrine cell (Drosophila)"	"perfect match"	"EE_scRNA-seq"	NA	9
"ACGTCAACACAGACTT"	2	"SRX5979983"	"SRP200614"	"intestine"	"class I-ap EE cell"	NA	NA	NA	"FBbt:00058000"	"adult class I enteroendocrine cell (Drosophila)"	"other"	"EE_scRNA-seq"	NA	5
"ACGTCAACACCTATCC"	0	"SRX5979983"	"SRP200614"	"intestine"	"class I-m EE cell"	NA	NA	NA	"FBbt:00058002"	"adult middle midgut class I enteroendocrine cell (Drosophila)"	"perfect match"	"EE_scRNA-seq"	NA	1
"ACGTCAACACTGTTAG"	5	"SRX5979983"	"SRP200614"	"intestine"	"class I-p CCHa1 EE cell"	NA	NA	NA	"FBbt:00058003"	"adult posterior midgut class I enteroendocrine cell (Drosophila)"	"missing child term"	"EE_scRNA-seq"	NA	4
"ACGTCAACAGTAAGCG"	0	"SRX5979983"	"SRP200614"	"intestine"	"class I-m EE cell"	NA	NA	NA	"FBbt:00058002"	"adult middle midgut class I enteroendocrine cell (Drosophila)"	"perfect match"	"EE_scRNA-seq"	NA	1
"ACGTCAACATAGACTC"	1	"SRX5979983"	"SRP200614"	"intestine"	"class II-m1 EE cell"	NA	NA	NA	"FBbt:00058005"	"adult middle midgut class II enteroendocrine cell (Drosophila)"	"perfect match"	"EE_scRNA-seq"	NA	3
"ACGTCAAGTGTCTGAT"	0	"SRX5979983"	"SRP200614"	"intestine"	"class I-m EE cell"	NA	NA	NA	"FBbt:00058002"	"adult middle midgut class I enteroendocrine cell (Drosophila)"	"perfect match"	"EE_scRNA-seq"	NA	1
"ACGTCAATCATCTGTT"	1	"SRX5979983"	"SRP200614"	"intestine"	"class II-m1 EE cell"	NA	NA	NA	"FBbt:00058005"	"adult middle midgut class II enteroendocrine cell (Drosophila)"	"perfect match"	"EE_scRNA-seq"	NA	3
"ACGTCAATCGAGGTAG"	0	"SRX5979983"	"SRP200614"	"intestine"	"class I-m EE cell"	NA	NA	NA	"FBbt:00058002"	"adult middle midgut class I enteroendocrine cell (Drosophila)"	"perfect match"	"EE_scRNA-seq"	NA	1
"ACTATCTAGACGCACA"	1	"SRX5979983"	"SRP200614"	"intestine"	"class II-m1 EE cell"	NA	NA	NA	"FBbt:00058005"	"adult middle midgut class II enteroendocrine cell (Drosophila)"	"perfect match"	"EE_scRNA-seq"	NA	3
"ACTATCTAGGATATAC"	0	"SRX5979983"	"SRP200614"	"intestine"	"class I-m EE cell"	NA	NA	NA	"FBbt:00058002"	"adult middle midgut class I enteroendocrine cell (Drosophila)"	"perfect match"	"EE_scRNA-seq"	NA	1
"ACTATCTCAAAGAATC"	2	"SRX5979983"	"SRP200614"	"intestine"	"class I-ap EE cell"	NA	NA	NA	"FBbt:00058000"	"adult class I enteroendocrine cell (Drosophila)"	"other"	"EE_scRNA-seq"	NA	5
"ACTATCTGTATAGTAG"	1	"SRX5979983"	"SRP200614"	"intestine"	"class II-m1 EE cell"	NA	NA	NA	"FBbt:00058005"	"adult middle midgut class II enteroendocrine cell (Drosophila)"	"perfect match"	"EE_scRNA-seq"	NA	3
"ACTATCTGTATTAGCC"	3	"SRX5979983"	"SRP200614"	"intestine"	"class II-a EE cell"	NA	NA	NA	"FBbt:00058004"	"adult anterior midgut class II enteroendocrine cell (Drosophila)"	"perfect match"	"EE_scRNA-seq"	NA	9
"ACTATCTGTGGTCCGT"	2	"SRX5979983"	"SRP200614"	"intestine"	"class I-ap EE cell"	NA	NA	NA	"FBbt:00058000"	"adult class I enteroendocrine cell (Drosophila)"	"other"	"EE_scRNA-seq"	NA	5
"ACTATCTGTTGTCGCG"	1	"SRX5979983"	"SRP200614"	"intestine"	"class II-m1 EE cell"	NA	NA	NA	"FBbt:00058005"	"adult middle midgut class II enteroendocrine cell (Drosophila)"	"perfect match"	"EE_scRNA-seq"	NA	3
"ACTATCTTCATATCGG"	1	"SRX5979983"	"SRP200614"	"intestine"	"class II-m1 EE cell"	NA	NA	NA	"FBbt:00058005"	"adult middle midgut class II enteroendocrine cell (Drosophila)"	"perfect match"	"EE_scRNA-seq"	NA	3
"ACTATCTTCTGCAGTA"	2	"SRX5979983"	"SRP200614"	"intestine"	"class I-ap EE cell"	NA	NA	NA	"FBbt:00058000"	"adult class I enteroendocrine cell (Drosophila)"	"other"	"EE_scRNA-seq"	NA	5
"ACTGAACCAATCACAC"	9	"SRX5979983"	"SRP200614"	"intestine"	"class III EE cell"	NA	NA	NA	"FBbt:00058200"	"adult class III enteroendocrine cell (Drosophila)"	"perfect match"	"EE_scRNA-seq"	NA	11
"ACTGAACCACAGCCCA"	0	"SRX5979983"	"SRP200614"	"intestine"	"class I-m EE cell"	NA	NA	NA	"FBbt:00058002"	"adult middle midgut class I enteroendocrine cell (Drosophila)"	"perfect match"	"EE_scRNA-seq"	NA	1
"ACTGAACCACAGTCGC"	2	"SRX5979983"	"SRP200614"	"intestine"	"class I-ap EE cell"	NA	NA	NA	"FBbt:00058000"	"adult class I enteroendocrine cell (Drosophila)"	"other"	"EE_scRNA-seq"	NA	5
"ACTGAACCATATGAGA"	3	"SRX5979983"	"SRP200614"	"intestine"	"class II-a EE cell"	NA	NA	NA	"FBbt:00058004"	"adult anterior midgut class II enteroendocrine cell (Drosophila)"	"perfect match"	"EE_scRNA-seq"	NA	9
"ACTGAACGTTACAGAA"	1	"SRX5979983"	"SRP200614"	"intestine"	"class II-m1 EE cell"	NA	NA	NA	"FBbt:00058005"	"adult middle midgut class II enteroendocrine cell (Drosophila)"	"perfect match"	"EE_scRNA-seq"	NA	3
"ACTGAACGTTCACGGC"	5	"SRX5979983"	"SRP200614"	"intestine"	"class I-p CCHa1 EE cell"	NA	NA	NA	"FBbt:00058003"	"adult posterior midgut class I enteroendocrine cell (Drosophila)"	"missing child term"	"EE_scRNA-seq"	NA	4
"ACTGAACTCAACACGT"	2	"SRX5979983"	"SRP200614"	"intestine"	"class I-ap EE cell"	NA	NA	NA	"FBbt:00058000"	"adult class I enteroendocrine cell (Drosophila)"	"other"	"EE_scRNA-seq"	NA	5
"ACTGAACTCAAGGCTT"	3	"SRX5979983"	"SRP200614"	"intestine"	"class II-a EE cell"	NA	NA	NA	"FBbt:00058004"	"adult anterior midgut class II enteroendocrine cell (Drosophila)"	"perfect match"	"EE_scRNA-seq"	NA	9
"ACTGAACTCGGTCTAA"	0	"SRX5979983"	"SRP200614"	"intestine"	"class I-m EE cell"	NA	NA	NA	"FBbt:00058002"	"adult middle midgut class I enteroendocrine cell (Drosophila)"	"perfect match"	"EE_scRNA-seq"	NA	1
"ACTGAACTCGTTTATC"	8	"SRX5979983"	"SRP200614"	"intestine"	"class I-a EE cell"	NA	NA	NA	"FBbt:00058001"	"adult anterior midgut class I enteroendocrine cell (Drosophila)"	"perfect match"	"EE_scRNA-seq"	NA	2
"ACTGAACTCTGCTTGC"	4	"SRX5979983"	"SRP200614"	"intestine"	"class II-m2 EE cell"	NA	NA	NA	"FBbt:00058005"	"adult middle midgut class II enteroendocrine cell (Drosophila)"	"perfect match"	"EE_scRNA-seq"	NA	8
"ACTGAGTAGTGAATTG"	3	"SRX5979983"	"SRP200614"	"intestine"	"class II-a EE cell"	NA	NA	NA	"FBbt:00058004"	"adult anterior midgut class II enteroendocrine cell (Drosophila)"	"perfect match"	"EE_scRNA-seq"	NA	9
"ACTGAGTCACCCATGG"	2	"SRX5979983"	"SRP200614"	"intestine"	"class I-ap EE cell"	NA	NA	NA	"FBbt:00058000"	"adult class I enteroendocrine cell (Drosophila)"	"other"	"EE_scRNA-seq"	NA	5
"ACTGAGTCAGCTGCAC"	1	"SRX5979983"	"SRP200614"	"intestine"	"class II-m1 EE cell"	NA	NA	NA	"FBbt:00058005"	"adult middle midgut class II enteroendocrine cell (Drosophila)"	"perfect match"	"EE_scRNA-seq"	NA	3
"ACTGAGTCATATGCTG"	2	"SRX5979983"	"SRP200614"	"intestine"	"class I-ap EE cell"	NA	NA	NA	"FBbt:00058000"	"adult class I enteroendocrine cell (Drosophila)"	"other"	"EE_scRNA-seq"	NA	5
"ACTGAGTCATTACGAC"	2	"SRX5979983"	"SRP200614"	"intestine"	"class I-ap EE cell"	NA	NA	NA	"FBbt:00058000"	"adult class I enteroendocrine cell (Drosophila)"	"other"	"EE_scRNA-seq"	NA	5
"ACTGAGTGTCTAGCCG"	4	"SRX5979983"	"SRP200614"	"intestine"	"class II-m2 EE cell"	NA	NA	NA	"FBbt:00058005"	"adult middle midgut class II enteroendocrine cell (Drosophila)"	"perfect match"	"EE_scRNA-seq"	NA	8
"ACTGAGTGTTACGGAG"	3	"SRX5979983"	"SRP200614"	"intestine"	"class II-a EE cell"	NA	NA	NA	"FBbt:00058004"	"adult anterior midgut class II enteroendocrine cell (Drosophila)"	"perfect match"	"EE_scRNA-seq"	NA	9
"ACTGAGTTCCAGGGCT"	1	"SRX5979983"	"SRP200614"	"intestine"	"class II-m1 EE cell"	NA	NA	NA	"FBbt:00058005"	"adult middle midgut class II enteroendocrine cell (Drosophila)"	"perfect match"	"EE_scRNA-seq"	NA	3
"ACTGAGTTCCGCATCT"	2	"SRX5979983"	"SRP200614"	"intestine"	"class I-ap EE cell"	NA	NA	NA	"FBbt:00058000"	"adult class I enteroendocrine cell (Drosophila)"	"other"	"EE_scRNA-seq"	NA	5
"ACTGAGTTCGGAATCT"	4	"SRX5979983"	"SRP200614"	"intestine"	"class II-m2 EE cell"	NA	NA	NA	"FBbt:00058005"	"adult middle midgut class II enteroendocrine cell (Drosophila)"	"perfect match"	"EE_scRNA-seq"	NA	8
"ACTGAGTTCGGCGCTA"	7	"SRX5979983"	"SRP200614"	"intestine"	"class II-p EE cell"	NA	NA	NA	"FBbt:00058006"	"adult posterior midgut class II enteroendocrine cell (Drosophila)"	"perfect match"	"EE_scRNA-seq"	NA	7
"ACTGATGAGCCTCGTG"	6	"SRX5979983"	"SRP200614"	"intestine"	"class I-p AstA EE cell"	NA	NA	NA	"FBbt:00058003"	"adult posterior midgut class I enteroendocrine cell (Drosophila)"	"missing child term"	"EE_scRNA-seq"	NA	6
"ACTGATGAGCTACCTA"	1	"SRX5979983"	"SRP200614"	"intestine"	"class II-m1 EE cell"	NA	NA	NA	"FBbt:00058005"	"adult middle midgut class II enteroendocrine cell (Drosophila)"	"perfect match"	"EE_scRNA-seq"	NA	3
"ACTGATGAGGAACTGC"	8	"SRX5979983"	"SRP200614"	"intestine"	"class I-a EE cell"	NA	NA	NA	"FBbt:00058001"	"adult anterior midgut class I enteroendocrine cell (Drosophila)"	"perfect match"	"EE_scRNA-seq"	NA	2
"ACTGATGAGGTGCAAC"	1	"SRX5979983"	"SRP200614"	"intestine"	"class II-m1 EE cell"	NA	NA	NA	"FBbt:00058005"	"adult middle midgut class II enteroendocrine cell (Drosophila)"	"perfect match"	"EE_scRNA-seq"	NA	3
"ACTGATGAGTTCCACA"	10	"SRX5979983"	"SRP200614"	"intestine"	"EE progenitor cell"	NA	NA	NA	"FBbt:00049284"	"adult enteroendocrine precursor cell (Drosophila)"	"perfect match"	"EE_scRNA-seq"	NA	10
"ACTGATGCACACCGAC"	2	"SRX5979983"	"SRP200614"	"intestine"	"class I-ap EE cell"	NA	NA	NA	"FBbt:00058000"	"adult class I enteroendocrine cell (Drosophila)"	"other"	"EE_scRNA-seq"	NA	5
"ACTGATGCACCTCGGA"	0	"SRX5979983"	"SRP200614"	"intestine"	"class I-m EE cell"	NA	NA	NA	"FBbt:00058002"	"adult middle midgut class I enteroendocrine cell (Drosophila)"	"perfect match"	"EE_scRNA-seq"	NA	1
"ACTGATGCAGATCGGA"	1	"SRX5979983"	"SRP200614"	"intestine"	"class II-m1 EE cell"	NA	NA	NA	"FBbt:00058005"	"adult middle midgut class II enteroendocrine cell (Drosophila)"	"perfect match"	"EE_scRNA-seq"	NA	3
"ACTGATGCAGGTCGTC"	2	"SRX5979983"	"SRP200614"	"intestine"	"class I-ap EE cell"	NA	NA	NA	"FBbt:00058000"	"adult class I enteroendocrine cell (Drosophila)"	"other"	"EE_scRNA-seq"	NA	5
"ACTGATGGTCAGATAA"	3	"SRX5979983"	"SRP200614"	"intestine"	"class II-a EE cell"	NA	NA	NA	"FBbt:00058004"	"adult anterior midgut class II enteroendocrine cell (Drosophila)"	"perfect match"	"EE_scRNA-seq"	NA	9
"ACTGATGGTCAGGACA"	2	"SRX5979983"	"SRP200614"	"intestine"	"class I-ap EE cell"	NA	NA	NA	"FBbt:00058000"	"adult class I enteroendocrine cell (Drosophila)"	"other"	"EE_scRNA-seq"	NA	5
"ACTGATGGTCTAGAGG"	1	"SRX5979983"	"SRP200614"	"intestine"	"class II-m1 EE cell"	NA	NA	NA	"FBbt:00058005"	"adult middle midgut class II enteroendocrine cell (Drosophila)"	"perfect match"	"EE_scRNA-seq"	NA	3
"ACTGATGGTCTCTCGT"	1	"SRX5979983"	"SRP200614"	"intestine"	"class II-m1 EE cell"	NA	NA	NA	"FBbt:00058005"	"adult middle midgut class II enteroendocrine cell (Drosophila)"	"perfect match"	"EE_scRNA-seq"	NA	3
"ACTGATGTCGAATGCT"	1	"SRX5979983"	"SRP200614"	"intestine"	"class II-m1 EE cell"	NA	NA	NA	"FBbt:00058005"	"adult middle midgut class II enteroendocrine cell (Drosophila)"	"perfect match"	"EE_scRNA-seq"	NA	3
"ACTGATGTCTGAGTGT"	8	"SRX5979983"	"SRP200614"	"intestine"	"class I-a EE cell"	NA	NA	NA	"FBbt:00058001"	"adult anterior midgut class I enteroendocrine cell (Drosophila)"	"perfect match"	"EE_scRNA-seq"	NA	2
"ACTGATGTCTGTTGAG"	1	"SRX5979983"	"SRP200614"	"intestine"	"class II-m1 EE cell"	NA	NA	NA	"FBbt:00058005"	"adult middle midgut class II enteroendocrine cell (Drosophila)"	"perfect match"	"EE_scRNA-seq"	NA	3
"ACTGCTCAGGTACTCT"	2	"SRX5979983"	"SRP200614"	"intestine"	"class I-ap EE cell"	NA	NA	NA	"FBbt:00058000"	"adult class I enteroendocrine cell (Drosophila)"	"other"	"EE_scRNA-seq"	NA	5
"ACTGCTCAGTGAAGTT"	0	"SRX5979983"	"SRP200614"	"intestine"	"class I-m EE cell"	NA	NA	NA	"FBbt:00058002"	"adult middle midgut class I enteroendocrine cell (Drosophila)"	"perfect match"	"EE_scRNA-seq"	NA	1
"ACTGCTCCAAACTGTC"	2	"SRX5979983"	"SRP200614"	"intestine"	"class I-ap EE cell"	NA	NA	NA	"FBbt:00058000"	"adult class I enteroendocrine cell (Drosophila)"	"other"	"EE_scRNA-seq"	NA	5
"ACTGCTCCACATGTGT"	2	"SRX5979983"	"SRP200614"	"intestine"	"class I-ap EE cell"	NA	NA	NA	"FBbt:00058000"	"adult class I enteroendocrine cell (Drosophila)"	"other"	"EE_scRNA-seq"	NA	5
"ACTGCTCCATGGGAAC"	0	"SRX5979983"	"SRP200614"	"intestine"	"class I-m EE cell"	NA	NA	NA	"FBbt:00058002"	"adult middle midgut class I enteroendocrine cell (Drosophila)"	"perfect match"	"EE_scRNA-seq"	NA	1
"ACTGCTCGTGGTGTAG"	9	"SRX5979983"	"SRP200614"	"intestine"	"class III EE cell"	NA	NA	NA	"FBbt:00058200"	"adult class III enteroendocrine cell (Drosophila)"	"perfect match"	"EE_scRNA-seq"	NA	11
"ACTGCTCTCCCGGATG"	1	"SRX5979983"	"SRP200614"	"intestine"	"class II-m1 EE cell"	NA	NA	NA	"FBbt:00058005"	"adult middle midgut class II enteroendocrine cell (Drosophila)"	"perfect match"	"EE_scRNA-seq"	NA	3
"ACTGTCCAGTTCGATC"	0	"SRX5979983"	"SRP200614"	"intestine"	"class I-m EE cell"	NA	NA	NA	"FBbt:00058002"	"adult middle midgut class I enteroendocrine cell (Drosophila)"	"perfect match"	"EE_scRNA-seq"	NA	1
"ACTGTCCCACGCTTTC"	0	"SRX5979983"	"SRP200614"	"intestine"	"class I-m EE cell"	NA	NA	NA	"FBbt:00058002"	"adult middle midgut class I enteroendocrine cell (Drosophila)"	"perfect match"	"EE_scRNA-seq"	NA	1
"ACTGTCCCAGATCGGA"	0	"SRX5979983"	"SRP200614"	"intestine"	"class I-m EE cell"	NA	NA	NA	"FBbt:00058002"	"adult middle midgut class I enteroendocrine cell (Drosophila)"	"perfect match"	"EE_scRNA-seq"	NA	1
"ACTGTCCCATTAGGCT"	3	"SRX5979983"	"SRP200614"	"intestine"	"class II-a EE cell"	NA	NA	NA	"FBbt:00058004"	"adult anterior midgut class II enteroendocrine cell (Drosophila)"	"perfect match"	"EE_scRNA-seq"	NA	9
"ACTGTCCGTACGCACC"	8	"SRX5979983"	"SRP200614"	"intestine"	"class I-a EE cell"	NA	NA	NA	"FBbt:00058001"	"adult anterior midgut class I enteroendocrine cell (Drosophila)"	"perfect match"	"EE_scRNA-seq"	NA	2
"ACTGTCCGTGAGGCTA"	0	"SRX5979983"	"SRP200614"	"intestine"	"class I-m EE cell"	NA	NA	NA	"FBbt:00058002"	"adult middle midgut class I enteroendocrine cell (Drosophila)"	"perfect match"	"EE_scRNA-seq"	NA	1
"ACTGTCCGTGCAACGA"	0	"SRX5979983"	"SRP200614"	"intestine"	"class I-m EE cell"	NA	NA	NA	"FBbt:00058002"	"adult middle midgut class I enteroendocrine cell (Drosophila)"	"perfect match"	"EE_scRNA-seq"	NA	1
"ACTGTCCGTGCGGTAA"	1	"SRX5979983"	"SRP200614"	"intestine"	"class II-m1 EE cell"	NA	NA	NA	"FBbt:00058005"	"adult middle midgut class II enteroendocrine cell (Drosophila)"	"perfect match"	"EE_scRNA-seq"	NA	3
"ACTGTCCGTGGCTCCA"	2	"SRX5979983"	"SRP200614"	"intestine"	"class I-ap EE cell"	NA	NA	NA	"FBbt:00058000"	"adult class I enteroendocrine cell (Drosophila)"	"other"	"EE_scRNA-seq"	NA	5
"ACTGTCCGTTCAACCA"	1	"SRX5979983"	"SRP200614"	"intestine"	"class II-m1 EE cell"	NA	NA	NA	"FBbt:00058005"	"adult middle midgut class II enteroendocrine cell (Drosophila)"	"perfect match"	"EE_scRNA-seq"	NA	3
"ACTGTCCGTTCCAACA"	0	"SRX5979983"	"SRP200614"	"intestine"	"class I-m EE cell"	NA	NA	NA	"FBbt:00058002"	"adult middle midgut class I enteroendocrine cell (Drosophila)"	"perfect match"	"EE_scRNA-seq"	NA	1
"ACTGTCCGTTGAGTTC"	0	"SRX5979983"	"SRP200614"	"intestine"	"class I-m EE cell"	NA	NA	NA	"FBbt:00058002"	"adult middle midgut class I enteroendocrine cell (Drosophila)"	"perfect match"	"EE_scRNA-seq"	NA	1
"ACTGTCCTCACTTCAT"	3	"SRX5979983"	"SRP200614"	"intestine"	"class II-a EE cell"	NA	NA	NA	"FBbt:00058004"	"adult anterior midgut class II enteroendocrine cell (Drosophila)"	"perfect match"	"EE_scRNA-seq"	NA	9
"ACTGTCCTCAGAGGTG"	7	"SRX5979983"	"SRP200614"	"intestine"	"class II-p EE cell"	NA	NA	NA	"FBbt:00058006"	"adult posterior midgut class II enteroendocrine cell (Drosophila)"	"perfect match"	"EE_scRNA-seq"	NA	7
"ACTGTCCTCGGAAATA"	7	"SRX5979983"	"SRP200614"	"intestine"	"class II-p EE cell"	NA	NA	NA	"FBbt:00058006"	"adult posterior midgut class II enteroendocrine cell (Drosophila)"	"perfect match"	"EE_scRNA-seq"	NA	7
"ACTTACTCACCAGTTA"	0	"SRX5979983"	"SRP200614"	"intestine"	"class I-m EE cell"	NA	NA	NA	"FBbt:00058002"	"adult middle midgut class I enteroendocrine cell (Drosophila)"	"perfect match"	"EE_scRNA-seq"	NA	1
"ACTTACTCAGCTTCGG"	5	"SRX5979983"	"SRP200614"	"intestine"	"class I-p CCHa1 EE cell"	NA	NA	NA	"FBbt:00058003"	"adult posterior midgut class I enteroendocrine cell (Drosophila)"	"missing child term"	"EE_scRNA-seq"	NA	4
"ACTTACTCATGCCTAA"	2	"SRX5979983"	"SRP200614"	"intestine"	"class I-ap EE cell"	NA	NA	NA	"FBbt:00058000"	"adult class I enteroendocrine cell (Drosophila)"	"other"	"EE_scRNA-seq"	NA	5
"ACTTACTGTATGGTTC"	7	"SRX5979983"	"SRP200614"	"intestine"	"class II-p EE cell"	NA	NA	NA	"FBbt:00058006"	"adult posterior midgut class II enteroendocrine cell (Drosophila)"	"perfect match"	"EE_scRNA-seq"	NA	7
"ACTTACTGTTTGACAC"	4	"SRX5979983"	"SRP200614"	"intestine"	"class II-m2 EE cell"	NA	NA	NA	"FBbt:00058005"	"adult middle midgut class II enteroendocrine cell (Drosophila)"	"perfect match"	"EE_scRNA-seq"	NA	8
"ACTTACTTCACCTTAT"	1	"SRX5979983"	"SRP200614"	"intestine"	"class II-m1 EE cell"	NA	NA	NA	"FBbt:00058005"	"adult middle midgut class II enteroendocrine cell (Drosophila)"	"perfect match"	"EE_scRNA-seq"	NA	3
"ACTTACTTCCTAAGTG"	3	"SRX5979983"	"SRP200614"	"intestine"	"class II-a EE cell"	NA	NA	NA	"FBbt:00058004"	"adult anterior midgut class II enteroendocrine cell (Drosophila)"	"perfect match"	"EE_scRNA-seq"	NA	9
"ACTTGTTAGAGCTGGT"	5	"SRX5979983"	"SRP200614"	"intestine"	"class I-p CCHa1 EE cell"	NA	NA	NA	"FBbt:00058003"	"adult posterior midgut class I enteroendocrine cell (Drosophila)"	"missing child term"	"EE_scRNA-seq"	NA	4
"ACTTGTTAGTGTACGG"	0	"SRX5979983"	"SRP200614"	"intestine"	"class I-m EE cell"	NA	NA	NA	"FBbt:00058002"	"adult middle midgut class I enteroendocrine cell (Drosophila)"	"perfect match"	"EE_scRNA-seq"	NA	1
"ACTTGTTCAAGCGATG"	4	"SRX5979983"	"SRP200614"	"intestine"	"class II-m2 EE cell"	NA	NA	NA	"FBbt:00058005"	"adult middle midgut class II enteroendocrine cell (Drosophila)"	"perfect match"	"EE_scRNA-seq"	NA	8
"ACTTGTTCAAGCGCTC"	7	"SRX5979983"	"SRP200614"	"intestine"	"class II-p EE cell"	NA	NA	NA	"FBbt:00058006"	"adult posterior midgut class II enteroendocrine cell (Drosophila)"	"perfect match"	"EE_scRNA-seq"	NA	7
"ACTTGTTCAGGGTACA"	3	"SRX5979983"	"SRP200614"	"intestine"	"class II-a EE cell"	NA	NA	NA	"FBbt:00058004"	"adult anterior midgut class II enteroendocrine cell (Drosophila)"	"perfect match"	"EE_scRNA-seq"	NA	9
"ACTTGTTCATACAGCT"	6	"SRX5979983"	"SRP200614"	"intestine"	"class I-p AstA EE cell"	NA	NA	NA	"FBbt:00058003"	"adult posterior midgut class I enteroendocrine cell (Drosophila)"	"missing child term"	"EE_scRNA-seq"	NA	6
"ACTTGTTGTACAGTTC"	4	"SRX5979983"	"SRP200614"	"intestine"	"class II-m2 EE cell"	NA	NA	NA	"FBbt:00058005"	"adult middle midgut class II enteroendocrine cell (Drosophila)"	"perfect match"	"EE_scRNA-seq"	NA	8
"ACTTGTTGTGCCTGGT"	2	"SRX5979983"	"SRP200614"	"intestine"	"class I-ap EE cell"	NA	NA	NA	"FBbt:00058000"	"adult class I enteroendocrine cell (Drosophila)"	"other"	"EE_scRNA-seq"	NA	5
"ACTTGTTTCAACGGCC"	4	"SRX5979983"	"SRP200614"	"intestine"	"class II-m2 EE cell"	NA	NA	NA	"FBbt:00058005"	"adult middle midgut class II enteroendocrine cell (Drosophila)"	"perfect match"	"EE_scRNA-seq"	NA	8
"ACTTGTTTCACAAACC"	0	"SRX5979983"	"SRP200614"	"intestine"	"class I-m EE cell"	NA	NA	NA	"FBbt:00058002"	"adult middle midgut class I enteroendocrine cell (Drosophila)"	"perfect match"	"EE_scRNA-seq"	NA	1
"ACTTGTTTCACGATGT"	3	"SRX5979983"	"SRP200614"	"intestine"	"class II-a EE cell"	NA	NA	NA	"FBbt:00058004"	"adult anterior midgut class II enteroendocrine cell (Drosophila)"	"perfect match"	"EE_scRNA-seq"	NA	9
"ACTTGTTTCCGTCATC"	2	"SRX5979983"	"SRP200614"	"intestine"	"class I-ap EE cell"	NA	NA	NA	"FBbt:00058000"	"adult class I enteroendocrine cell (Drosophila)"	"other"	"EE_scRNA-seq"	NA	5
"ACTTTCAAGTGTCCCG"	7	"SRX5979983"	"SRP200614"	"intestine"	"class II-p EE cell"	NA	NA	NA	"FBbt:00058006"	"adult posterior midgut class II enteroendocrine cell (Drosophila)"	"perfect match"	"EE_scRNA-seq"	NA	7
"ACTTTCACACGGCGTT"	7	"SRX5979983"	"SRP200614"	"intestine"	"class II-p EE cell"	NA	NA	NA	"FBbt:00058006"	"adult posterior midgut class II enteroendocrine cell (Drosophila)"	"perfect match"	"EE_scRNA-seq"	NA	7
"ACTTTCACATGCCTTC"	0	"SRX5979983"	"SRP200614"	"intestine"	"class I-m EE cell"	NA	NA	NA	"FBbt:00058002"	"adult middle midgut class I enteroendocrine cell (Drosophila)"	"perfect match"	"EE_scRNA-seq"	NA	1
"ACTTTCAGTAAACACA"	2	"SRX5979983"	"SRP200614"	"intestine"	"class I-ap EE cell"	NA	NA	NA	"FBbt:00058000"	"adult class I enteroendocrine cell (Drosophila)"	"other"	"EE_scRNA-seq"	NA	5
"ACTTTCAGTCCGACGT"	0	"SRX5979983"	"SRP200614"	"intestine"	"class I-m EE cell"	NA	NA	NA	"FBbt:00058002"	"adult middle midgut class I enteroendocrine cell (Drosophila)"	"perfect match"	"EE_scRNA-seq"	NA	1
"ACTTTCAGTCTTCAAG"	0	"SRX5979983"	"SRP200614"	"intestine"	"class I-m EE cell"	NA	NA	NA	"FBbt:00058002"	"adult middle midgut class I enteroendocrine cell (Drosophila)"	"perfect match"	"EE_scRNA-seq"	NA	1
"ACTTTCATCTTTAGGG"	0	"SRX5979983"	"SRP200614"	"intestine"	"class I-m EE cell"	NA	NA	NA	"FBbt:00058002"	"adult middle midgut class I enteroendocrine cell (Drosophila)"	"perfect match"	"EE_scRNA-seq"	NA	1
"AGAATAGAGCTAAGAT"	2	"SRX5979983"	"SRP200614"	"intestine"	"class I-ap EE cell"	NA	NA	NA	"FBbt:00058000"	"adult class I enteroendocrine cell (Drosophila)"	"other"	"EE_scRNA-seq"	NA	5
"AGAATAGCACAGGAGT"	1	"SRX5979983"	"SRP200614"	"intestine"	"class II-m1 EE cell"	NA	NA	NA	"FBbt:00058005"	"adult middle midgut class II enteroendocrine cell (Drosophila)"	"perfect match"	"EE_scRNA-seq"	NA	3
"AGAATAGTCAACACTG"	3	"SRX5979983"	"SRP200614"	"intestine"	"class II-a EE cell"	NA	NA	NA	"FBbt:00058004"	"adult anterior midgut class II enteroendocrine cell (Drosophila)"	"perfect match"	"EE_scRNA-seq"	NA	9
"AGAATAGTCACAACGT"	3	"SRX5979983"	"SRP200614"	"intestine"	"class II-a EE cell"	NA	NA	NA	"FBbt:00058004"	"adult anterior midgut class II enteroendocrine cell (Drosophila)"	"perfect match"	"EE_scRNA-seq"	NA	9
"AGAATAGTCACAATGC"	10	"SRX5979983"	"SRP200614"	"intestine"	"EE progenitor cell"	NA	NA	NA	"FBbt:00049284"	"adult enteroendocrine precursor cell (Drosophila)"	"perfect match"	"EE_scRNA-seq"	NA	10
"AGAATAGTCGAACTGT"	4	"SRX5979983"	"SRP200614"	"intestine"	"class II-m2 EE cell"	NA	NA	NA	"FBbt:00058005"	"adult middle midgut class II enteroendocrine cell (Drosophila)"	"perfect match"	"EE_scRNA-seq"	NA	8
"AGACGTTAGAGGTAGA"	0	"SRX5979983"	"SRP200614"	"intestine"	"class I-m EE cell"	NA	NA	NA	"FBbt:00058002"	"adult middle midgut class I enteroendocrine cell (Drosophila)"	"perfect match"	"EE_scRNA-seq"	NA	1
"AGACGTTAGGCATGGT"	5	"SRX5979983"	"SRP200614"	"intestine"	"class I-p CCHa1 EE cell"	NA	NA	NA	"FBbt:00058003"	"adult posterior midgut class I enteroendocrine cell (Drosophila)"	"missing child term"	"EE_scRNA-seq"	NA	4
"AGACGTTAGGGCTTGA"	3	"SRX5979983"	"SRP200614"	"intestine"	"class II-a EE cell"	NA	NA	NA	"FBbt:00058004"	"adult anterior midgut class II enteroendocrine cell (Drosophila)"	"perfect match"	"EE_scRNA-seq"	NA	9
"AGACGTTCAACTTGAC"	0	"SRX5979983"	"SRP200614"	"intestine"	"class I-m EE cell"	NA	NA	NA	"FBbt:00058002"	"adult middle midgut class I enteroendocrine cell (Drosophila)"	"perfect match"	"EE_scRNA-seq"	NA	1
"AGACGTTCACGGCCAT"	2	"SRX5979983"	"SRP200614"	"intestine"	"class I-ap EE cell"	NA	NA	NA	"FBbt:00058000"	"adult class I enteroendocrine cell (Drosophila)"	"other"	"EE_scRNA-seq"	NA	5
"AGACGTTCACTGTTAG"	0	"SRX5979983"	"SRP200614"	"intestine"	"class I-m EE cell"	NA	NA	NA	"FBbt:00058002"	"adult middle midgut class I enteroendocrine cell (Drosophila)"	"perfect match"	"EE_scRNA-seq"	NA	1
"AGACGTTCAGGAATCG"	3	"SRX5979983"	"SRP200614"	"intestine"	"class II-a EE cell"	NA	NA	NA	"FBbt:00058004"	"adult anterior midgut class II enteroendocrine cell (Drosophila)"	"perfect match"	"EE_scRNA-seq"	NA	9
"AGACGTTTCAAGATCC"	9	"SRX5979983"	"SRP200614"	"intestine"	"class III EE cell"	NA	NA	NA	"FBbt:00058200"	"adult class III enteroendocrine cell (Drosophila)"	"perfect match"	"EE_scRNA-seq"	NA	11
"AGACGTTTCACAAACC"	3	"SRX5979983"	"SRP200614"	"intestine"	"class II-a EE cell"	NA	NA	NA	"FBbt:00058004"	"adult anterior midgut class II enteroendocrine cell (Drosophila)"	"perfect match"	"EE_scRNA-seq"	NA	9
"AGACGTTTCAGGATCT"	3	"SRX5979983"	"SRP200614"	"intestine"	"class II-a EE cell"	NA	NA	NA	"FBbt:00058004"	"adult anterior midgut class II enteroendocrine cell (Drosophila)"	"perfect match"	"EE_scRNA-seq"	NA	9
"AGACGTTTCCCAAGAT"	0	"SRX5979983"	"SRP200614"	"intestine"	"class I-m EE cell"	NA	NA	NA	"FBbt:00058002"	"adult middle midgut class I enteroendocrine cell (Drosophila)"	"perfect match"	"EE_scRNA-seq"	NA	1
"AGACGTTTCGAACTGT"	7	"SRX5979983"	"SRP200614"	"intestine"	"class II-p EE cell"	NA	NA	NA	"FBbt:00058006"	"adult posterior midgut class II enteroendocrine cell (Drosophila)"	"perfect match"	"EE_scRNA-seq"	NA	7
"AGACGTTTCGCCCTTA"	7	"SRX5979983"	"SRP200614"	"intestine"	"class II-p EE cell"	NA	NA	NA	"FBbt:00058006"	"adult posterior midgut class II enteroendocrine cell (Drosophila)"	"perfect match"	"EE_scRNA-seq"	NA	7
"AGACGTTTCTGTACGA"	0	"SRX5979983"	"SRP200614"	"intestine"	"class I-m EE cell"	NA	NA	NA	"FBbt:00058002"	"adult middle midgut class I enteroendocrine cell (Drosophila)"	"perfect match"	"EE_scRNA-seq"	NA	1
"AGAGCGAAGCGCCTCA"	2	"SRX5979983"	"SRP200614"	"intestine"	"class I-ap EE cell"	NA	NA	NA	"FBbt:00058000"	"adult class I enteroendocrine cell (Drosophila)"	"other"	"EE_scRNA-seq"	NA	5
"AGAGCGAAGCTGTTCA"	2	"SRX5979983"	"SRP200614"	"intestine"	"class I-ap EE cell"	NA	NA	NA	"FBbt:00058000"	"adult class I enteroendocrine cell (Drosophila)"	"other"	"EE_scRNA-seq"	NA	5
"AGAGCGACAAGGTTCT"	0	"SRX5979983"	"SRP200614"	"intestine"	"class I-m EE cell"	NA	NA	NA	"FBbt:00058002"	"adult middle midgut class I enteroendocrine cell (Drosophila)"	"perfect match"	"EE_scRNA-seq"	NA	1
"AGAGCGACAATGAAAC"	2	"SRX5979983"	"SRP200614"	"intestine"	"class I-ap EE cell"	NA	NA	NA	"FBbt:00058000"	"adult class I enteroendocrine cell (Drosophila)"	"other"	"EE_scRNA-seq"	NA	5
"AGAGCGACAGTCTTCC"	4	"SRX5979983"	"SRP200614"	"intestine"	"class II-m2 EE cell"	NA	NA	NA	"FBbt:00058005"	"adult middle midgut class II enteroendocrine cell (Drosophila)"	"perfect match"	"EE_scRNA-seq"	NA	8
"AGAGCGACATAGAAAC"	2	"SRX5979983"	"SRP200614"	"intestine"	"class I-ap EE cell"	NA	NA	NA	"FBbt:00058000"	"adult class I enteroendocrine cell (Drosophila)"	"other"	"EE_scRNA-seq"	NA	5
"AGAGCGAGTACAGTGG"	1	"SRX5979983"	"SRP200614"	"intestine"	"class II-m1 EE cell"	NA	NA	NA	"FBbt:00058005"	"adult middle midgut class II enteroendocrine cell (Drosophila)"	"perfect match"	"EE_scRNA-seq"	NA	3
"AGAGCGATCAGCCTAA"	1	"SRX5979983"	"SRP200614"	"intestine"	"class II-m1 EE cell"	NA	NA	NA	"FBbt:00058005"	"adult middle midgut class II enteroendocrine cell (Drosophila)"	"perfect match"	"EE_scRNA-seq"	NA	3
"AGAGCTTAGCTACCTA"	0	"SRX5979983"	"SRP200614"	"intestine"	"class I-m EE cell"	NA	NA	NA	"FBbt:00058002"	"adult middle midgut class I enteroendocrine cell (Drosophila)"	"perfect match"	"EE_scRNA-seq"	NA	1
"AGAGCTTAGCTGGAAC"	8	"SRX5979983"	"SRP200614"	"intestine"	"class I-a EE cell"	NA	NA	NA	"FBbt:00058001"	"adult anterior midgut class I enteroendocrine cell (Drosophila)"	"perfect match"	"EE_scRNA-seq"	NA	2
"AGAGCTTAGTCATGCT"	5	"SRX5979983"	"SRP200614"	"intestine"	"class I-p CCHa1 EE cell"	NA	NA	NA	"FBbt:00058003"	"adult posterior midgut class I enteroendocrine cell (Drosophila)"	"missing child term"	"EE_scRNA-seq"	NA	4
"AGAGCTTCAGGAATGC"	0	"SRX5979983"	"SRP200614"	"intestine"	"class I-m EE cell"	NA	NA	NA	"FBbt:00058002"	"adult middle midgut class I enteroendocrine cell (Drosophila)"	"perfect match"	"EE_scRNA-seq"	NA	1
"AGAGCTTCATGTAGTC"	0	"SRX5979983"	"SRP200614"	"intestine"	"class I-m EE cell"	NA	NA	NA	"FBbt:00058002"	"adult middle midgut class I enteroendocrine cell (Drosophila)"	"perfect match"	"EE_scRNA-seq"	NA	1
"AGAGCTTCATTAACCG"	2	"SRX5979983"	"SRP200614"	"intestine"	"class I-ap EE cell"	NA	NA	NA	"FBbt:00058000"	"adult class I enteroendocrine cell (Drosophila)"	"other"	"EE_scRNA-seq"	NA	5
"AGAGCTTGTGCTCTTC"	4	"SRX5979983"	"SRP200614"	"intestine"	"class II-m2 EE cell"	NA	NA	NA	"FBbt:00058005"	"adult middle midgut class II enteroendocrine cell (Drosophila)"	"perfect match"	"EE_scRNA-seq"	NA	8
"AGAGCTTGTGGCTCCA"	2	"SRX5979983"	"SRP200614"	"intestine"	"class I-ap EE cell"	NA	NA	NA	"FBbt:00058000"	"adult class I enteroendocrine cell (Drosophila)"	"other"	"EE_scRNA-seq"	NA	5
"AGAGCTTTCAGTACGT"	0	"SRX5979983"	"SRP200614"	"intestine"	"class I-m EE cell"	NA	NA	NA	"FBbt:00058002"	"adult middle midgut class I enteroendocrine cell (Drosophila)"	"perfect match"	"EE_scRNA-seq"	NA	1
"AGAGCTTTCTAACCGA"	0	"SRX5979983"	"SRP200614"	"intestine"	"class I-m EE cell"	NA	NA	NA	"FBbt:00058002"	"adult middle midgut class I enteroendocrine cell (Drosophila)"	"perfect match"	"EE_scRNA-seq"	NA	1
"AGAGTGGAGGAGTAGA"	7	"SRX5979983"	"SRP200614"	"intestine"	"class II-p EE cell"	NA	NA	NA	"FBbt:00058006"	"adult posterior midgut class II enteroendocrine cell (Drosophila)"	"perfect match"	"EE_scRNA-seq"	NA	7
"AGAGTGGAGGCTCTTA"	0	"SRX5979983"	"SRP200614"	"intestine"	"class I-m EE cell"	NA	NA	NA	"FBbt:00058002"	"adult middle midgut class I enteroendocrine cell (Drosophila)"	"perfect match"	"EE_scRNA-seq"	NA	1
"AGAGTGGAGGGTCTCC"	7	"SRX5979983"	"SRP200614"	"intestine"	"class II-p EE cell"	NA	NA	NA	"FBbt:00058006"	"adult posterior midgut class II enteroendocrine cell (Drosophila)"	"perfect match"	"EE_scRNA-seq"	NA	7
"AGAGTGGCAAGAAAGG"	0	"SRX5979983"	"SRP200614"	"intestine"	"class I-m EE cell"	NA	NA	NA	"FBbt:00058002"	"adult middle midgut class I enteroendocrine cell (Drosophila)"	"perfect match"	"EE_scRNA-seq"	NA	1
"AGAGTGGCAGCTCGCA"	1	"SRX5979983"	"SRP200614"	"intestine"	"class II-m1 EE cell"	NA	NA	NA	"FBbt:00058005"	"adult middle midgut class II enteroendocrine cell (Drosophila)"	"perfect match"	"EE_scRNA-seq"	NA	3
"AGAGTGGGTTAGATGA"	4	"SRX5979983"	"SRP200614"	"intestine"	"class II-m2 EE cell"	NA	NA	NA	"FBbt:00058005"	"adult middle midgut class II enteroendocrine cell (Drosophila)"	"perfect match"	"EE_scRNA-seq"	NA	8
"AGAGTGGTCAAGCCTA"	5	"SRX5979983"	"SRP200614"	"intestine"	"class I-p CCHa1 EE cell"	NA	NA	NA	"FBbt:00058003"	"adult posterior midgut class I enteroendocrine cell (Drosophila)"	"missing child term"	"EE_scRNA-seq"	NA	4
"AGAGTGGTCTAAGCCA"	0	"SRX5979983"	"SRP200614"	"intestine"	"class I-m EE cell"	NA	NA	NA	"FBbt:00058002"	"adult middle midgut class I enteroendocrine cell (Drosophila)"	"perfect match"	"EE_scRNA-seq"	NA	1
"AGATCTGAGGATTCGG"	2	"SRX5979983"	"SRP200614"	"intestine"	"class I-ap EE cell"	NA	NA	NA	"FBbt:00058000"	"adult class I enteroendocrine cell (Drosophila)"	"other"	"EE_scRNA-seq"	NA	5
"AGATCTGAGGTGACCA"	0	"SRX5979983"	"SRP200614"	"intestine"	"class I-m EE cell"	NA	NA	NA	"FBbt:00058002"	"adult middle midgut class I enteroendocrine cell (Drosophila)"	"perfect match"	"EE_scRNA-seq"	NA	1
"AGATCTGCATACTACG"	2	"SRX5979983"	"SRP200614"	"intestine"	"class I-ap EE cell"	NA	NA	NA	"FBbt:00058000"	"adult class I enteroendocrine cell (Drosophila)"	"other"	"EE_scRNA-seq"	NA	5
"AGATCTGGTACTTAGC"	7	"SRX5979983"	"SRP200614"	"intestine"	"class II-p EE cell"	NA	NA	NA	"FBbt:00058006"	"adult posterior midgut class II enteroendocrine cell (Drosophila)"	"perfect match"	"EE_scRNA-seq"	NA	7
"AGATCTGGTTGACGTT"	2	"SRX5979983"	"SRP200614"	"intestine"	"class I-ap EE cell"	NA	NA	NA	"FBbt:00058000"	"adult class I enteroendocrine cell (Drosophila)"	"other"	"EE_scRNA-seq"	NA	5
"AGATCTGGTTGCGTTA"	7	"SRX5979983"	"SRP200614"	"intestine"	"class II-p EE cell"	NA	NA	NA	"FBbt:00058006"	"adult posterior midgut class II enteroendocrine cell (Drosophila)"	"perfect match"	"EE_scRNA-seq"	NA	7
"AGATCTGTCACAACGT"	1	"SRX5979983"	"SRP200614"	"intestine"	"class II-m1 EE cell"	NA	NA	NA	"FBbt:00058005"	"adult middle midgut class II enteroendocrine cell (Drosophila)"	"perfect match"	"EE_scRNA-seq"	NA	3
"AGATCTGTCTACCTGC"	0	"SRX5979983"	"SRP200614"	"intestine"	"class I-m EE cell"	NA	NA	NA	"FBbt:00058002"	"adult middle midgut class I enteroendocrine cell (Drosophila)"	"perfect match"	"EE_scRNA-seq"	NA	1
"AGATTGCAGTCAATAG"	0	"SRX5979983"	"SRP200614"	"intestine"	"class I-m EE cell"	NA	NA	NA	"FBbt:00058002"	"adult middle midgut class I enteroendocrine cell (Drosophila)"	"perfect match"	"EE_scRNA-seq"	NA	1
"AGATTGCAGTCCTCCT"	0	"SRX5979983"	"SRP200614"	"intestine"	"class I-m EE cell"	NA	NA	NA	"FBbt:00058002"	"adult middle midgut class I enteroendocrine cell (Drosophila)"	"perfect match"	"EE_scRNA-seq"	NA	1
"AGATTGCAGTGTTAGA"	0	"SRX5979983"	"SRP200614"	"intestine"	"class I-m EE cell"	NA	NA	NA	"FBbt:00058002"	"adult middle midgut class I enteroendocrine cell (Drosophila)"	"perfect match"	"EE_scRNA-seq"	NA	1
"AGATTGCCAAAGTGCG"	2	"SRX5979983"	"SRP200614"	"intestine"	"class I-ap EE cell"	NA	NA	NA	"FBbt:00058000"	"adult class I enteroendocrine cell (Drosophila)"	"other"	"EE_scRNA-seq"	NA	5
"AGATTGCCACTCGACG"	0	"SRX5979983"	"SRP200614"	"intestine"	"class I-m EE cell"	NA	NA	NA	"FBbt:00058002"	"adult middle midgut class I enteroendocrine cell (Drosophila)"	"perfect match"	"EE_scRNA-seq"	NA	1
"AGATTGCCAGCTGTAT"	1	"SRX5979983"	"SRP200614"	"intestine"	"class II-m1 EE cell"	NA	NA	NA	"FBbt:00058005"	"adult middle midgut class II enteroendocrine cell (Drosophila)"	"perfect match"	"EE_scRNA-seq"	NA	3
"AGATTGCCATAGGATA"	7	"SRX5979983"	"SRP200614"	"intestine"	"class II-p EE cell"	NA	NA	NA	"FBbt:00058006"	"adult posterior midgut class II enteroendocrine cell (Drosophila)"	"perfect match"	"EE_scRNA-seq"	NA	7
"AGATTGCGTGTTCGAT"	5	"SRX5979983"	"SRP200614"	"intestine"	"class I-p CCHa1 EE cell"	NA	NA	NA	"FBbt:00058003"	"adult posterior midgut class I enteroendocrine cell (Drosophila)"	"missing child term"	"EE_scRNA-seq"	NA	4
"AGATTGCGTGTTTGTG"	7	"SRX5979983"	"SRP200614"	"intestine"	"class II-p EE cell"	NA	NA	NA	"FBbt:00058006"	"adult posterior midgut class II enteroendocrine cell (Drosophila)"	"perfect match"	"EE_scRNA-seq"	NA	7
"AGATTGCGTTGCGTTA"	2	"SRX5979983"	"SRP200614"	"intestine"	"class I-ap EE cell"	NA	NA	NA	"FBbt:00058000"	"adult class I enteroendocrine cell (Drosophila)"	"other"	"EE_scRNA-seq"	NA	5
"AGCAGCCAGCTAGTGG"	5	"SRX5979983"	"SRP200614"	"intestine"	"class I-p CCHa1 EE cell"	NA	NA	NA	"FBbt:00058003"	"adult posterior midgut class I enteroendocrine cell (Drosophila)"	"missing child term"	"EE_scRNA-seq"	NA	4
"AGCAGCCAGGACACCA"	1	"SRX5979983"	"SRP200614"	"intestine"	"class II-m1 EE cell"	NA	NA	NA	"FBbt:00058005"	"adult middle midgut class II enteroendocrine cell (Drosophila)"	"perfect match"	"EE_scRNA-seq"	NA	3
"AGCAGCCAGTCGCCGT"	5	"SRX5979983"	"SRP200614"	"intestine"	"class I-p CCHa1 EE cell"	NA	NA	NA	"FBbt:00058003"	"adult posterior midgut class I enteroendocrine cell (Drosophila)"	"missing child term"	"EE_scRNA-seq"	NA	4
"AGCAGCCAGTTACGGG"	3	"SRX5979983"	"SRP200614"	"intestine"	"class II-a EE cell"	NA	NA	NA	"FBbt:00058004"	"adult anterior midgut class II enteroendocrine cell (Drosophila)"	"perfect match"	"EE_scRNA-seq"	NA	9
"AGCAGCCGTCCGAAGA"	4	"SRX5979983"	"SRP200614"	"intestine"	"class II-m2 EE cell"	NA	NA	NA	"FBbt:00058005"	"adult middle midgut class II enteroendocrine cell (Drosophila)"	"perfect match"	"EE_scRNA-seq"	NA	8
"AGCAGCCGTCGACTGC"	6	"SRX5979983"	"SRP200614"	"intestine"	"class I-p AstA EE cell"	NA	NA	NA	"FBbt:00058003"	"adult posterior midgut class I enteroendocrine cell (Drosophila)"	"missing child term"	"EE_scRNA-seq"	NA	6
"AGCAGCCGTGTCAATC"	0	"SRX5979983"	"SRP200614"	"intestine"	"class I-m EE cell"	NA	NA	NA	"FBbt:00058002"	"adult middle midgut class I enteroendocrine cell (Drosophila)"	"perfect match"	"EE_scRNA-seq"	NA	1
"AGCAGCCTCAAGATCC"	0	"SRX5979983"	"SRP200614"	"intestine"	"class I-m EE cell"	NA	NA	NA	"FBbt:00058002"	"adult middle midgut class I enteroendocrine cell (Drosophila)"	"perfect match"	"EE_scRNA-seq"	NA	1
"AGCAGCCTCATGGTCA"	5	"SRX5979983"	"SRP200614"	"intestine"	"class I-p CCHa1 EE cell"	NA	NA	NA	"FBbt:00058003"	"adult posterior midgut class I enteroendocrine cell (Drosophila)"	"missing child term"	"EE_scRNA-seq"	NA	4
"AGCAGCCTCCGCATAA"	7	"SRX5979983"	"SRP200614"	"intestine"	"class II-p EE cell"	NA	NA	NA	"FBbt:00058006"	"adult posterior midgut class II enteroendocrine cell (Drosophila)"	"perfect match"	"EE_scRNA-seq"	NA	7
"AGCATACAGTGTCCAT"	2	"SRX5979983"	"SRP200614"	"intestine"	"class I-ap EE cell"	NA	NA	NA	"FBbt:00058000"	"adult class I enteroendocrine cell (Drosophila)"	"other"	"EE_scRNA-seq"	NA	5
"AGCATACCAAACTGCT"	1	"SRX5979983"	"SRP200614"	"intestine"	"class II-m1 EE cell"	NA	NA	NA	"FBbt:00058005"	"adult middle midgut class II enteroendocrine cell (Drosophila)"	"perfect match"	"EE_scRNA-seq"	NA	3
"AGCATACCAAGCGTAG"	1	"SRX5979983"	"SRP200614"	"intestine"	"class II-m1 EE cell"	NA	NA	NA	"FBbt:00058005"	"adult middle midgut class II enteroendocrine cell (Drosophila)"	"perfect match"	"EE_scRNA-seq"	NA	3
"AGCATACCACCAGCAC"	0	"SRX5979983"	"SRP200614"	"intestine"	"class I-m EE cell"	NA	NA	NA	"FBbt:00058002"	"adult middle midgut class I enteroendocrine cell (Drosophila)"	"perfect match"	"EE_scRNA-seq"	NA	1
"AGCATACCACGACTCG"	2	"SRX5979983"	"SRP200614"	"intestine"	"class I-ap EE cell"	NA	NA	NA	"FBbt:00058000"	"adult class I enteroendocrine cell (Drosophila)"	"other"	"EE_scRNA-seq"	NA	5
"AGCATACCAGCTTAAC"	3	"SRX5979983"	"SRP200614"	"intestine"	"class II-a EE cell"	NA	NA	NA	"FBbt:00058004"	"adult anterior midgut class II enteroendocrine cell (Drosophila)"	"perfect match"	"EE_scRNA-seq"	NA	9
"AGCATACCATATGCTG"	2	"SRX5979983"	"SRP200614"	"intestine"	"class I-ap EE cell"	NA	NA	NA	"FBbt:00058000"	"adult class I enteroendocrine cell (Drosophila)"	"other"	"EE_scRNA-seq"	NA	5
"AGCATACCATTAGCCA"	0	"SRX5979983"	"SRP200614"	"intestine"	"class I-m EE cell"	NA	NA	NA	"FBbt:00058002"	"adult middle midgut class I enteroendocrine cell (Drosophila)"	"perfect match"	"EE_scRNA-seq"	NA	1
"AGCATACCATTCACTT"	1	"SRX5979983"	"SRP200614"	"intestine"	"class II-m1 EE cell"	NA	NA	NA	"FBbt:00058005"	"adult middle midgut class II enteroendocrine cell (Drosophila)"	"perfect match"	"EE_scRNA-seq"	NA	3
"AGCATACGTACTCTCC"	6	"SRX5979983"	"SRP200614"	"intestine"	"class I-p AstA EE cell"	NA	NA	NA	"FBbt:00058003"	"adult posterior midgut class I enteroendocrine cell (Drosophila)"	"missing child term"	"EE_scRNA-seq"	NA	6
"AGCATACGTCAAACTC"	4	"SRX5979983"	"SRP200614"	"intestine"	"class II-m2 EE cell"	NA	NA	NA	"FBbt:00058005"	"adult middle midgut class II enteroendocrine cell (Drosophila)"	"perfect match"	"EE_scRNA-seq"	NA	8
"AGCATACGTCAGAAGC"	2	"SRX5979983"	"SRP200614"	"intestine"	"class I-ap EE cell"	NA	NA	NA	"FBbt:00058000"	"adult class I enteroendocrine cell (Drosophila)"	"other"	"EE_scRNA-seq"	NA	5
"AGCATACGTCCTCCAT"	3	"SRX5979983"	"SRP200614"	"intestine"	"class II-a EE cell"	NA	NA	NA	"FBbt:00058004"	"adult anterior midgut class II enteroendocrine cell (Drosophila)"	"perfect match"	"EE_scRNA-seq"	NA	9
"AGCATACGTTACGCGC"	2	"SRX5979983"	"SRP200614"	"intestine"	"class I-ap EE cell"	NA	NA	NA	"FBbt:00058000"	"adult class I enteroendocrine cell (Drosophila)"	"other"	"EE_scRNA-seq"	NA	5
"AGCATACGTTCCCGAG"	4	"SRX5979983"	"SRP200614"	"intestine"	"class II-m2 EE cell"	NA	NA	NA	"FBbt:00058005"	"adult middle midgut class II enteroendocrine cell (Drosophila)"	"perfect match"	"EE_scRNA-seq"	NA	8
"AGCATACGTTGAGGTG"	4	"SRX5979983"	"SRP200614"	"intestine"	"class II-m2 EE cell"	NA	NA	NA	"FBbt:00058005"	"adult middle midgut class II enteroendocrine cell (Drosophila)"	"perfect match"	"EE_scRNA-seq"	NA	8
"AGCATACTCGTTACAG"	7	"SRX5979983"	"SRP200614"	"intestine"	"class II-p EE cell"	NA	NA	NA	"FBbt:00058006"	"adult posterior midgut class II enteroendocrine cell (Drosophila)"	"perfect match"	"EE_scRNA-seq"	NA	7
"AGCCTAAAGGCAAAGA"	4	"SRX5979983"	"SRP200614"	"intestine"	"class II-m2 EE cell"	NA	NA	NA	"FBbt:00058005"	"adult middle midgut class II enteroendocrine cell (Drosophila)"	"perfect match"	"EE_scRNA-seq"	NA	8
"AGCCTAAAGTGAATTG"	3	"SRX5979983"	"SRP200614"	"intestine"	"class II-a EE cell"	NA	NA	NA	"FBbt:00058004"	"adult anterior midgut class II enteroendocrine cell (Drosophila)"	"perfect match"	"EE_scRNA-seq"	NA	9
"AGCCTAACAAGAAAGG"	0	"SRX5979983"	"SRP200614"	"intestine"	"class I-m EE cell"	NA	NA	NA	"FBbt:00058002"	"adult middle midgut class I enteroendocrine cell (Drosophila)"	"perfect match"	"EE_scRNA-seq"	NA	1
"AGCCTAACACCACGTG"	10	"SRX5979983"	"SRP200614"	"intestine"	"EE progenitor cell"	NA	NA	NA	"FBbt:00049284"	"adult enteroendocrine precursor cell (Drosophila)"	"perfect match"	"EE_scRNA-seq"	NA	10
"AGCCTAAGTACGCACC"	0	"SRX5979983"	"SRP200614"	"intestine"	"class I-m EE cell"	NA	NA	NA	"FBbt:00058002"	"adult middle midgut class I enteroendocrine cell (Drosophila)"	"perfect match"	"EE_scRNA-seq"	NA	1
"AGCCTAAGTCTCTTAT"	5	"SRX5979983"	"SRP200614"	"intestine"	"class I-p CCHa1 EE cell"	NA	NA	NA	"FBbt:00058003"	"adult posterior midgut class I enteroendocrine cell (Drosophila)"	"missing child term"	"EE_scRNA-seq"	NA	4
"AGCCTAATCCGCGCAA"	5	"SRX5979983"	"SRP200614"	"intestine"	"class I-p CCHa1 EE cell"	NA	NA	NA	"FBbt:00058003"	"adult posterior midgut class I enteroendocrine cell (Drosophila)"	"missing child term"	"EE_scRNA-seq"	NA	4
"AGCCTAATCGGCGGTT"	6	"SRX5979983"	"SRP200614"	"intestine"	"class I-p AstA EE cell"	NA	NA	NA	"FBbt:00058003"	"adult posterior midgut class I enteroendocrine cell (Drosophila)"	"missing child term"	"EE_scRNA-seq"	NA	6
"AGCCTAATCTCGTATT"	2	"SRX5979983"	"SRP200614"	"intestine"	"class I-ap EE cell"	NA	NA	NA	"FBbt:00058000"	"adult class I enteroendocrine cell (Drosophila)"	"other"	"EE_scRNA-seq"	NA	5
"AGCCTAATCTCTGAGA"	6	"SRX5979983"	"SRP200614"	"intestine"	"class I-p AstA EE cell"	NA	NA	NA	"FBbt:00058003"	"adult posterior midgut class I enteroendocrine cell (Drosophila)"	"missing child term"	"EE_scRNA-seq"	NA	6
"AGCCTAATCTTAGAGC"	2	"SRX5979983"	"SRP200614"	"intestine"	"class I-ap EE cell"	NA	NA	NA	"FBbt:00058000"	"adult class I enteroendocrine cell (Drosophila)"	"other"	"EE_scRNA-seq"	NA	5
"AGCGGTCAGCCAGTAG"	3	"SRX5979983"	"SRP200614"	"intestine"	"class II-a EE cell"	NA	NA	NA	"FBbt:00058004"	"adult anterior midgut class II enteroendocrine cell (Drosophila)"	"perfect match"	"EE_scRNA-seq"	NA	9
"AGCGGTCAGTACTTGC"	3	"SRX5979983"	"SRP200614"	"intestine"	"class II-a EE cell"	NA	NA	NA	"FBbt:00058004"	"adult anterior midgut class II enteroendocrine cell (Drosophila)"	"perfect match"	"EE_scRNA-seq"	NA	9
"AGCGGTCCACTCGACG"	1	"SRX5979983"	"SRP200614"	"intestine"	"class II-m1 EE cell"	NA	NA	NA	"FBbt:00058005"	"adult middle midgut class II enteroendocrine cell (Drosophila)"	"perfect match"	"EE_scRNA-seq"	NA	3
"AGCGGTCCAGTCAGAG"	4	"SRX5979983"	"SRP200614"	"intestine"	"class II-m2 EE cell"	NA	NA	NA	"FBbt:00058005"	"adult middle midgut class II enteroendocrine cell (Drosophila)"	"perfect match"	"EE_scRNA-seq"	NA	8
"AGCGGTCGTAGGGACT"	5	"SRX5979983"	"SRP200614"	"intestine"	"class I-p CCHa1 EE cell"	NA	NA	NA	"FBbt:00058003"	"adult posterior midgut class I enteroendocrine cell (Drosophila)"	"missing child term"	"EE_scRNA-seq"	NA	4
"AGCGGTCGTTGCTCCT"	1	"SRX5979983"	"SRP200614"	"intestine"	"class II-m1 EE cell"	NA	NA	NA	"FBbt:00058005"	"adult middle midgut class II enteroendocrine cell (Drosophila)"	"perfect match"	"EE_scRNA-seq"	NA	3
"AGCGGTCTCAGCGACC"	3	"SRX5979983"	"SRP200614"	"intestine"	"class II-a EE cell"	NA	NA	NA	"FBbt:00058004"	"adult anterior midgut class II enteroendocrine cell (Drosophila)"	"perfect match"	"EE_scRNA-seq"	NA	9
"AGCGGTCTCTACTATC"	7	"SRX5979983"	"SRP200614"	"intestine"	"class II-p EE cell"	NA	NA	NA	"FBbt:00058006"	"adult posterior midgut class II enteroendocrine cell (Drosophila)"	"perfect match"	"EE_scRNA-seq"	NA	7
"AGCGGTCTCTTGCATT"	6	"SRX5979983"	"SRP200614"	"intestine"	"class I-p AstA EE cell"	NA	NA	NA	"FBbt:00058003"	"adult posterior midgut class I enteroendocrine cell (Drosophila)"	"missing child term"	"EE_scRNA-seq"	NA	6
"AGCGTATAGACAAAGG"	6	"SRX5979983"	"SRP200614"	"intestine"	"class I-p AstA EE cell"	NA	NA	NA	"FBbt:00058003"	"adult posterior midgut class I enteroendocrine cell (Drosophila)"	"missing child term"	"EE_scRNA-seq"	NA	6
"AGCGTATAGATGTAAC"	7	"SRX5979983"	"SRP200614"	"intestine"	"class II-p EE cell"	NA	NA	NA	"FBbt:00058006"	"adult posterior midgut class II enteroendocrine cell (Drosophila)"	"perfect match"	"EE_scRNA-seq"	NA	7
"AGCGTATAGGATATAC"	4	"SRX5979983"	"SRP200614"	"intestine"	"class II-m2 EE cell"	NA	NA	NA	"FBbt:00058005"	"adult middle midgut class II enteroendocrine cell (Drosophila)"	"perfect match"	"EE_scRNA-seq"	NA	8
"AGCGTATAGTAACCCT"	6	"SRX5979983"	"SRP200614"	"intestine"	"class I-p AstA EE cell"	NA	NA	NA	"FBbt:00058003"	"adult posterior midgut class I enteroendocrine cell (Drosophila)"	"missing child term"	"EE_scRNA-seq"	NA	6
"AGCGTATCAGCCAGAA"	0	"SRX5979983"	"SRP200614"	"intestine"	"class I-m EE cell"	NA	NA	NA	"FBbt:00058002"	"adult middle midgut class I enteroendocrine cell (Drosophila)"	"perfect match"	"EE_scRNA-seq"	NA	1
"AGCGTATCATGATCCA"	0	"SRX5979983"	"SRP200614"	"intestine"	"class I-m EE cell"	NA	NA	NA	"FBbt:00058002"	"adult middle midgut class I enteroendocrine cell (Drosophila)"	"perfect match"	"EE_scRNA-seq"	NA	1
"AGCGTATGTCTCCATC"	0	"SRX5979983"	"SRP200614"	"intestine"	"class I-m EE cell"	NA	NA	NA	"FBbt:00058002"	"adult middle midgut class I enteroendocrine cell (Drosophila)"	"perfect match"	"EE_scRNA-seq"	NA	1
"AGCGTATTCAACGAAA"	1	"SRX5979983"	"SRP200614"	"intestine"	"class II-m1 EE cell"	NA	NA	NA	"FBbt:00058005"	"adult middle midgut class II enteroendocrine cell (Drosophila)"	"perfect match"	"EE_scRNA-seq"	NA	3
"AGCGTATTCATCTGTT"	3	"SRX5979983"	"SRP200614"	"intestine"	"class II-a EE cell"	NA	NA	NA	"FBbt:00058004"	"adult anterior midgut class II enteroendocrine cell (Drosophila)"	"perfect match"	"EE_scRNA-seq"	NA	9
"AGCGTATTCGGCATCG"	9	"SRX5979983"	"SRP200614"	"intestine"	"class III EE cell"	NA	NA	NA	"FBbt:00058200"	"adult class III enteroendocrine cell (Drosophila)"	"perfect match"	"EE_scRNA-seq"	NA	11
"AGCGTATTCTACCAGA"	2	"SRX5979983"	"SRP200614"	"intestine"	"class I-ap EE cell"	NA	NA	NA	"FBbt:00058000"	"adult class I enteroendocrine cell (Drosophila)"	"other"	"EE_scRNA-seq"	NA	5
"AGCGTCGCAATCCGAT"	1	"SRX5979983"	"SRP200614"	"intestine"	"class II-m1 EE cell"	NA	NA	NA	"FBbt:00058005"	"adult middle midgut class II enteroendocrine cell (Drosophila)"	"perfect match"	"EE_scRNA-seq"	NA	3
"AGCGTCGCACACTGCG"	6	"SRX5979983"	"SRP200614"	"intestine"	"class I-p AstA EE cell"	NA	NA	NA	"FBbt:00058003"	"adult posterior midgut class I enteroendocrine cell (Drosophila)"	"missing child term"	"EE_scRNA-seq"	NA	6
"AGCGTCGCAGACGCAA"	2	"SRX5979983"	"SRP200614"	"intestine"	"class I-ap EE cell"	NA	NA	NA	"FBbt:00058000"	"adult class I enteroendocrine cell (Drosophila)"	"other"	"EE_scRNA-seq"	NA	5
"AGCGTCGCATCGACGC"	4	"SRX5979983"	"SRP200614"	"intestine"	"class II-m2 EE cell"	NA	NA	NA	"FBbt:00058005"	"adult middle midgut class II enteroendocrine cell (Drosophila)"	"perfect match"	"EE_scRNA-seq"	NA	8
"AGCGTCGGTGATAAGT"	5	"SRX5979983"	"SRP200614"	"intestine"	"class I-p CCHa1 EE cell"	NA	NA	NA	"FBbt:00058003"	"adult posterior midgut class I enteroendocrine cell (Drosophila)"	"missing child term"	"EE_scRNA-seq"	NA	4
"AGCGTCGGTTAGTGGG"	8	"SRX5979983"	"SRP200614"	"intestine"	"class I-a EE cell"	NA	NA	NA	"FBbt:00058001"	"adult anterior midgut class I enteroendocrine cell (Drosophila)"	"perfect match"	"EE_scRNA-seq"	NA	2
"AGCGTCGTCACTTATC"	2	"SRX5979983"	"SRP200614"	"intestine"	"class I-ap EE cell"	NA	NA	NA	"FBbt:00058000"	"adult class I enteroendocrine cell (Drosophila)"	"other"	"EE_scRNA-seq"	NA	5
"AGCGTCGTCCGTAGGC"	0	"SRX5979983"	"SRP200614"	"intestine"	"class I-m EE cell"	NA	NA	NA	"FBbt:00058002"	"adult middle midgut class I enteroendocrine cell (Drosophila)"	"perfect match"	"EE_scRNA-seq"	NA	1
"AGCGTCGTCTGTCTCG"	6	"SRX5979983"	"SRP200614"	"intestine"	"class I-p AstA EE cell"	NA	NA	NA	"FBbt:00058003"	"adult posterior midgut class I enteroendocrine cell (Drosophila)"	"missing child term"	"EE_scRNA-seq"	NA	6
"AGCTCCTAGGACGAAA"	2	"SRX5979983"	"SRP200614"	"intestine"	"class I-ap EE cell"	NA	NA	NA	"FBbt:00058000"	"adult class I enteroendocrine cell (Drosophila)"	"other"	"EE_scRNA-seq"	NA	5
"AGCTCCTAGGAGCGAG"	4	"SRX5979983"	"SRP200614"	"intestine"	"class II-m2 EE cell"	NA	NA	NA	"FBbt:00058005"	"adult middle midgut class II enteroendocrine cell (Drosophila)"	"perfect match"	"EE_scRNA-seq"	NA	8
"AGCTCCTCAATCGAAA"	0	"SRX5979983"	"SRP200614"	"intestine"	"class I-m EE cell"	NA	NA	NA	"FBbt:00058002"	"adult middle midgut class I enteroendocrine cell (Drosophila)"	"perfect match"	"EE_scRNA-seq"	NA	1
"AGCTCCTCATATACCG"	1	"SRX5979983"	"SRP200614"	"intestine"	"class II-m1 EE cell"	NA	NA	NA	"FBbt:00058005"	"adult middle midgut class II enteroendocrine cell (Drosophila)"	"perfect match"	"EE_scRNA-seq"	NA	3
"AGCTCCTCATCACCCT"	3	"SRX5979983"	"SRP200614"	"intestine"	"class II-a EE cell"	NA	NA	NA	"FBbt:00058004"	"adult anterior midgut class II enteroendocrine cell (Drosophila)"	"perfect match"	"EE_scRNA-seq"	NA	9
"AGCTCCTCATCTGGTA"	5	"SRX5979983"	"SRP200614"	"intestine"	"class I-p CCHa1 EE cell"	NA	NA	NA	"FBbt:00058003"	"adult posterior midgut class I enteroendocrine cell (Drosophila)"	"missing child term"	"EE_scRNA-seq"	NA	4
"AGCTCCTGTAGCCTAT"	7	"SRX5979983"	"SRP200614"	"intestine"	"class II-p EE cell"	NA	NA	NA	"FBbt:00058006"	"adult posterior midgut class II enteroendocrine cell (Drosophila)"	"perfect match"	"EE_scRNA-seq"	NA	7
"AGCTCCTGTAGGACAC"	4	"SRX5979983"	"SRP200614"	"intestine"	"class II-m2 EE cell"	NA	NA	NA	"FBbt:00058005"	"adult middle midgut class II enteroendocrine cell (Drosophila)"	"perfect match"	"EE_scRNA-seq"	NA	8
"AGCTCCTGTCAATACC"	2	"SRX5979983"	"SRP200614"	"intestine"	"class I-ap EE cell"	NA	NA	NA	"FBbt:00058000"	"adult class I enteroendocrine cell (Drosophila)"	"other"	"EE_scRNA-seq"	NA	5
"AGCTCCTGTCATACTG"	0	"SRX5979983"	"SRP200614"	"intestine"	"class I-m EE cell"	NA	NA	NA	"FBbt:00058002"	"adult middle midgut class I enteroendocrine cell (Drosophila)"	"perfect match"	"EE_scRNA-seq"	NA	1
"AGCTCCTGTCCAACTA"	7	"SRX5979983"	"SRP200614"	"intestine"	"class II-p EE cell"	NA	NA	NA	"FBbt:00058006"	"adult posterior midgut class II enteroendocrine cell (Drosophila)"	"perfect match"	"EE_scRNA-seq"	NA	7
"AGCTCCTGTTGTCTTT"	0	"SRX5979983"	"SRP200614"	"intestine"	"class I-m EE cell"	NA	NA	NA	"FBbt:00058002"	"adult middle midgut class I enteroendocrine cell (Drosophila)"	"perfect match"	"EE_scRNA-seq"	NA	1
"AGCTCCTTCGGCTACG"	9	"SRX5979983"	"SRP200614"	"intestine"	"class III EE cell"	NA	NA	NA	"FBbt:00058200"	"adult class III enteroendocrine cell (Drosophila)"	"perfect match"	"EE_scRNA-seq"	NA	11
"AGCTCTCAGTGTCTCA"	1	"SRX5979983"	"SRP200614"	"intestine"	"class II-m1 EE cell"	NA	NA	NA	"FBbt:00058005"	"adult middle midgut class II enteroendocrine cell (Drosophila)"	"perfect match"	"EE_scRNA-seq"	NA	3
"AGCTCTCCAAAGGTGC"	0	"SRX5979983"	"SRP200614"	"intestine"	"class I-m EE cell"	NA	NA	NA	"FBbt:00058002"	"adult middle midgut class I enteroendocrine cell (Drosophila)"	"perfect match"	"EE_scRNA-seq"	NA	1
"AGCTCTCCACCAGGTC"	0	"SRX5979983"	"SRP200614"	"intestine"	"class I-m EE cell"	NA	NA	NA	"FBbt:00058002"	"adult middle midgut class I enteroendocrine cell (Drosophila)"	"perfect match"	"EE_scRNA-seq"	NA	1
"AGCTCTCCACTCAGGC"	2	"SRX5979983"	"SRP200614"	"intestine"	"class I-ap EE cell"	NA	NA	NA	"FBbt:00058000"	"adult class I enteroendocrine cell (Drosophila)"	"other"	"EE_scRNA-seq"	NA	5
"AGCTCTCCAGCTTCGG"	3	"SRX5979983"	"SRP200614"	"intestine"	"class II-a EE cell"	NA	NA	NA	"FBbt:00058004"	"adult anterior midgut class II enteroendocrine cell (Drosophila)"	"perfect match"	"EE_scRNA-seq"	NA	9
"AGCTCTCGTACAGTGG"	5	"SRX5979983"	"SRP200614"	"intestine"	"class I-p CCHa1 EE cell"	NA	NA	NA	"FBbt:00058003"	"adult posterior midgut class I enteroendocrine cell (Drosophila)"	"missing child term"	"EE_scRNA-seq"	NA	4
"AGCTCTCGTCAGAAGC"	0	"SRX5979983"	"SRP200614"	"intestine"	"class I-m EE cell"	NA	NA	NA	"FBbt:00058002"	"adult middle midgut class I enteroendocrine cell (Drosophila)"	"perfect match"	"EE_scRNA-seq"	NA	1
"AGCTCTCTCAACGGCC"	3	"SRX5979983"	"SRP200614"	"intestine"	"class II-a EE cell"	NA	NA	NA	"FBbt:00058004"	"adult anterior midgut class II enteroendocrine cell (Drosophila)"	"perfect match"	"EE_scRNA-seq"	NA	9
"AGCTCTCTCAGAAATG"	2	"SRX5979983"	"SRP200614"	"intestine"	"class I-ap EE cell"	NA	NA	NA	"FBbt:00058000"	"adult class I enteroendocrine cell (Drosophila)"	"other"	"EE_scRNA-seq"	NA	5
"AGCTCTCTCGGATGTT"	4	"SRX5979983"	"SRP200614"	"intestine"	"class II-m2 EE cell"	NA	NA	NA	"FBbt:00058005"	"adult middle midgut class II enteroendocrine cell (Drosophila)"	"perfect match"	"EE_scRNA-seq"	NA	8
"AGCTCTCTCGGTTAAC"	2	"SRX5979983"	"SRP200614"	"intestine"	"class I-ap EE cell"	NA	NA	NA	"FBbt:00058000"	"adult class I enteroendocrine cell (Drosophila)"	"other"	"EE_scRNA-seq"	NA	5
"AGCTCTCTCTACCAGA"	7	"SRX5979983"	"SRP200614"	"intestine"	"class II-p EE cell"	NA	NA	NA	"FBbt:00058006"	"adult posterior midgut class II enteroendocrine cell (Drosophila)"	"perfect match"	"EE_scRNA-seq"	NA	7
"AGCTTGAAGTCCCACG"	8	"SRX5979983"	"SRP200614"	"intestine"	"class I-a EE cell"	NA	NA	NA	"FBbt:00058001"	"adult anterior midgut class I enteroendocrine cell (Drosophila)"	"perfect match"	"EE_scRNA-seq"	NA	2
"AGCTTGAAGTGTCCCG"	1	"SRX5979983"	"SRP200614"	"intestine"	"class II-m1 EE cell"	NA	NA	NA	"FBbt:00058005"	"adult middle midgut class II enteroendocrine cell (Drosophila)"	"perfect match"	"EE_scRNA-seq"	NA	3
"AGCTTGAGTAGAAGGA"	1	"SRX5979983"	"SRP200614"	"intestine"	"class II-m1 EE cell"	NA	NA	NA	"FBbt:00058005"	"adult middle midgut class II enteroendocrine cell (Drosophila)"	"perfect match"	"EE_scRNA-seq"	NA	3
"AGCTTGAGTGTATGGG"	0	"SRX5979983"	"SRP200614"	"intestine"	"class I-m EE cell"	NA	NA	NA	"FBbt:00058002"	"adult middle midgut class I enteroendocrine cell (Drosophila)"	"perfect match"	"EE_scRNA-seq"	NA	1
"AGCTTGATCCGTCATC"	3	"SRX5979983"	"SRP200614"	"intestine"	"class II-a EE cell"	NA	NA	NA	"FBbt:00058004"	"adult anterior midgut class II enteroendocrine cell (Drosophila)"	"perfect match"	"EE_scRNA-seq"	NA	9
"AGCTTGATCGCAGGCT"	3	"SRX5979983"	"SRP200614"	"intestine"	"class II-a EE cell"	NA	NA	NA	"FBbt:00058004"	"adult anterior midgut class II enteroendocrine cell (Drosophila)"	"perfect match"	"EE_scRNA-seq"	NA	9
"AGCTTGATCGGATGGA"	2	"SRX5979983"	"SRP200614"	"intestine"	"class I-ap EE cell"	NA	NA	NA	"FBbt:00058000"	"adult class I enteroendocrine cell (Drosophila)"	"other"	"EE_scRNA-seq"	NA	5
"AGGCCACAGAAGGGTA"	3	"SRX5979983"	"SRP200614"	"intestine"	"class II-a EE cell"	NA	NA	NA	"FBbt:00058004"	"adult anterior midgut class II enteroendocrine cell (Drosophila)"	"perfect match"	"EE_scRNA-seq"	NA	9
"AGGCCACAGCGTCAAG"	5	"SRX5979983"	"SRP200614"	"intestine"	"class I-p CCHa1 EE cell"	NA	NA	NA	"FBbt:00058003"	"adult posterior midgut class I enteroendocrine cell (Drosophila)"	"missing child term"	"EE_scRNA-seq"	NA	4
"AGGCCACCAAAGTGCG"	5	"SRX5979983"	"SRP200614"	"intestine"	"class I-p CCHa1 EE cell"	NA	NA	NA	"FBbt:00058003"	"adult posterior midgut class I enteroendocrine cell (Drosophila)"	"missing child term"	"EE_scRNA-seq"	NA	4
"AGGCCACCAGGTGCCT"	4	"SRX5979983"	"SRP200614"	"intestine"	"class II-m2 EE cell"	NA	NA	NA	"FBbt:00058005"	"adult middle midgut class II enteroendocrine cell (Drosophila)"	"perfect match"	"EE_scRNA-seq"	NA	8
"AGGCCACCATCACGTA"	1	"SRX5979983"	"SRP200614"	"intestine"	"class II-m1 EE cell"	NA	NA	NA	"FBbt:00058005"	"adult middle midgut class II enteroendocrine cell (Drosophila)"	"perfect match"	"EE_scRNA-seq"	NA	3
"AGGCCACGTAAGGATT"	0	"SRX5979983"	"SRP200614"	"intestine"	"class I-m EE cell"	NA	NA	NA	"FBbt:00058002"	"adult middle midgut class I enteroendocrine cell (Drosophila)"	"perfect match"	"EE_scRNA-seq"	NA	1
"AGGCCACGTAGAGTGC"	7	"SRX5979983"	"SRP200614"	"intestine"	"class II-p EE cell"	NA	NA	NA	"FBbt:00058006"	"adult posterior midgut class II enteroendocrine cell (Drosophila)"	"perfect match"	"EE_scRNA-seq"	NA	7
"AGGCCACGTCGGGTCT"	1	"SRX5979983"	"SRP200614"	"intestine"	"class II-m1 EE cell"	NA	NA	NA	"FBbt:00058005"	"adult middle midgut class II enteroendocrine cell (Drosophila)"	"perfect match"	"EE_scRNA-seq"	NA	3
"AGGCCACGTCTCTCTG"	1	"SRX5979983"	"SRP200614"	"intestine"	"class II-m1 EE cell"	NA	NA	NA	"FBbt:00058005"	"adult middle midgut class II enteroendocrine cell (Drosophila)"	"perfect match"	"EE_scRNA-seq"	NA	3
"AGGCCACGTCTGCAAT"	5	"SRX5979983"	"SRP200614"	"intestine"	"class I-p CCHa1 EE cell"	NA	NA	NA	"FBbt:00058003"	"adult posterior midgut class I enteroendocrine cell (Drosophila)"	"missing child term"	"EE_scRNA-seq"	NA	4
"AGGCCACGTTGGAGGT"	1	"SRX5979983"	"SRP200614"	"intestine"	"class II-m1 EE cell"	NA	NA	NA	"FBbt:00058005"	"adult middle midgut class II enteroendocrine cell (Drosophila)"	"perfect match"	"EE_scRNA-seq"	NA	3
"AGGCCACTCACGATGT"	3	"SRX5979983"	"SRP200614"	"intestine"	"class II-a EE cell"	NA	NA	NA	"FBbt:00058004"	"adult anterior midgut class II enteroendocrine cell (Drosophila)"	"perfect match"	"EE_scRNA-seq"	NA	9
"AGGCCGTAGAAACCAT"	0	"SRX5979983"	"SRP200614"	"intestine"	"class I-m EE cell"	NA	NA	NA	"FBbt:00058002"	"adult middle midgut class I enteroendocrine cell (Drosophila)"	"perfect match"	"EE_scRNA-seq"	NA	1
"AGGCCGTAGCGTAATA"	8	"SRX5979983"	"SRP200614"	"intestine"	"class I-a EE cell"	NA	NA	NA	"FBbt:00058001"	"adult anterior midgut class I enteroendocrine cell (Drosophila)"	"perfect match"	"EE_scRNA-seq"	NA	2
"AGGCCGTAGGCTCATT"	6	"SRX5979983"	"SRP200614"	"intestine"	"class I-p AstA EE cell"	NA	NA	NA	"FBbt:00058003"	"adult posterior midgut class I enteroendocrine cell (Drosophila)"	"missing child term"	"EE_scRNA-seq"	NA	6
"AGGCCGTAGGGATGGG"	6	"SRX5979983"	"SRP200614"	"intestine"	"class I-p AstA EE cell"	NA	NA	NA	"FBbt:00058003"	"adult posterior midgut class I enteroendocrine cell (Drosophila)"	"missing child term"	"EE_scRNA-seq"	NA	6
"AGGCCGTCAACACCCG"	4	"SRX5979983"	"SRP200614"	"intestine"	"class II-m2 EE cell"	NA	NA	NA	"FBbt:00058005"	"adult middle midgut class II enteroendocrine cell (Drosophila)"	"perfect match"	"EE_scRNA-seq"	NA	8
"AGGCCGTCAACACCTA"	0	"SRX5979983"	"SRP200614"	"intestine"	"class I-m EE cell"	NA	NA	NA	"FBbt:00058002"	"adult middle midgut class I enteroendocrine cell (Drosophila)"	"perfect match"	"EE_scRNA-seq"	NA	1
"AGGCCGTCAGCCTATA"	3	"SRX5979983"	"SRP200614"	"intestine"	"class II-a EE cell"	NA	NA	NA	"FBbt:00058004"	"adult anterior midgut class II enteroendocrine cell (Drosophila)"	"perfect match"	"EE_scRNA-seq"	NA	9
"AGGCCGTGTGCACTTA"	0	"SRX5979983"	"SRP200614"	"intestine"	"class I-m EE cell"	NA	NA	NA	"FBbt:00058002"	"adult middle midgut class I enteroendocrine cell (Drosophila)"	"perfect match"	"EE_scRNA-seq"	NA	1
"AGGCCGTGTGTGCCTG"	0	"SRX5979983"	"SRP200614"	"intestine"	"class I-m EE cell"	NA	NA	NA	"FBbt:00058002"	"adult middle midgut class I enteroendocrine cell (Drosophila)"	"perfect match"	"EE_scRNA-seq"	NA	1
"AGGCCGTGTTACGGAG"	1	"SRX5979983"	"SRP200614"	"intestine"	"class II-m1 EE cell"	NA	NA	NA	"FBbt:00058005"	"adult middle midgut class II enteroendocrine cell (Drosophila)"	"perfect match"	"EE_scRNA-seq"	NA	3
"AGGCCGTGTTGTCGCG"	4	"SRX5979983"	"SRP200614"	"intestine"	"class II-m2 EE cell"	NA	NA	NA	"FBbt:00058005"	"adult middle midgut class II enteroendocrine cell (Drosophila)"	"perfect match"	"EE_scRNA-seq"	NA	8
"AGGCCGTTCTGAGTGT"	7	"SRX5979983"	"SRP200614"	"intestine"	"class II-p EE cell"	NA	NA	NA	"FBbt:00058006"	"adult posterior midgut class II enteroendocrine cell (Drosophila)"	"perfect match"	"EE_scRNA-seq"	NA	7
"AGGGAGTAGAAGATTC"	2	"SRX5979983"	"SRP200614"	"intestine"	"class I-ap EE cell"	NA	NA	NA	"FBbt:00058000"	"adult class I enteroendocrine cell (Drosophila)"	"other"	"EE_scRNA-seq"	NA	5
"AGGGAGTAGAGGGATA"	0	"SRX5979983"	"SRP200614"	"intestine"	"class I-m EE cell"	NA	NA	NA	"FBbt:00058002"	"adult middle midgut class I enteroendocrine cell (Drosophila)"	"perfect match"	"EE_scRNA-seq"	NA	1
"AGGGAGTAGGCGACAT"	3	"SRX5979983"	"SRP200614"	"intestine"	"class II-a EE cell"	NA	NA	NA	"FBbt:00058004"	"adult anterior midgut class II enteroendocrine cell (Drosophila)"	"perfect match"	"EE_scRNA-seq"	NA	9
"AGGGAGTAGGTGATAT"	0	"SRX5979983"	"SRP200614"	"intestine"	"class I-m EE cell"	NA	NA	NA	"FBbt:00058002"	"adult middle midgut class I enteroendocrine cell (Drosophila)"	"perfect match"	"EE_scRNA-seq"	NA	1
"AGGGAGTCAACTTGAC"	1	"SRX5979983"	"SRP200614"	"intestine"	"class II-m1 EE cell"	NA	NA	NA	"FBbt:00058005"	"adult middle midgut class II enteroendocrine cell (Drosophila)"	"perfect match"	"EE_scRNA-seq"	NA	3
"AGGGAGTCACCCATTC"	4	"SRX5979983"	"SRP200614"	"intestine"	"class II-m2 EE cell"	NA	NA	NA	"FBbt:00058005"	"adult middle midgut class II enteroendocrine cell (Drosophila)"	"perfect match"	"EE_scRNA-seq"	NA	8
"AGGGAGTGTAGCGCAA"	2	"SRX5979983"	"SRP200614"	"intestine"	"class I-ap EE cell"	NA	NA	NA	"FBbt:00058000"	"adult class I enteroendocrine cell (Drosophila)"	"other"	"EE_scRNA-seq"	NA	5
"AGGGAGTGTGCCTGCA"	3	"SRX5979983"	"SRP200614"	"intestine"	"class II-a EE cell"	NA	NA	NA	"FBbt:00058004"	"adult anterior midgut class II enteroendocrine cell (Drosophila)"	"perfect match"	"EE_scRNA-seq"	NA	9
"AGGGAGTGTTCCACGG"	4	"SRX5979983"	"SRP200614"	"intestine"	"class II-m2 EE cell"	NA	NA	NA	"FBbt:00058005"	"adult middle midgut class II enteroendocrine cell (Drosophila)"	"perfect match"	"EE_scRNA-seq"	NA	8
"AGGGAGTGTTCTGTTT"	4	"SRX5979983"	"SRP200614"	"intestine"	"class II-m2 EE cell"	NA	NA	NA	"FBbt:00058005"	"adult middle midgut class II enteroendocrine cell (Drosophila)"	"perfect match"	"EE_scRNA-seq"	NA	8
"AGGGAGTTCAGATAAG"	1	"SRX5979983"	"SRP200614"	"intestine"	"class II-m1 EE cell"	NA	NA	NA	"FBbt:00058005"	"adult middle midgut class II enteroendocrine cell (Drosophila)"	"perfect match"	"EE_scRNA-seq"	NA	3
"AGGGAGTTCCGTACAA"	1	"SRX5979983"	"SRP200614"	"intestine"	"class II-m1 EE cell"	NA	NA	NA	"FBbt:00058005"	"adult middle midgut class II enteroendocrine cell (Drosophila)"	"perfect match"	"EE_scRNA-seq"	NA	3
"AGGGATGAGAAGGTGA"	0	"SRX5979983"	"SRP200614"	"intestine"	"class I-m EE cell"	NA	NA	NA	"FBbt:00058002"	"adult middle midgut class I enteroendocrine cell (Drosophila)"	"perfect match"	"EE_scRNA-seq"	NA	1
"AGGGATGAGTGAAGAG"	7	"SRX5979983"	"SRP200614"	"intestine"	"class II-p EE cell"	NA	NA	NA	"FBbt:00058006"	"adult posterior midgut class II enteroendocrine cell (Drosophila)"	"perfect match"	"EE_scRNA-seq"	NA	7
"AGGGATGAGTTTAGGA"	7	"SRX5979983"	"SRP200614"	"intestine"	"class II-p EE cell"	NA	NA	NA	"FBbt:00058006"	"adult posterior midgut class II enteroendocrine cell (Drosophila)"	"perfect match"	"EE_scRNA-seq"	NA	7
"AGGGATGCAACGATGG"	6	"SRX5979983"	"SRP200614"	"intestine"	"class I-p AstA EE cell"	NA	NA	NA	"FBbt:00058003"	"adult posterior midgut class I enteroendocrine cell (Drosophila)"	"missing child term"	"EE_scRNA-seq"	NA	6
"AGGGATGCACGCTTTC"	3	"SRX5979983"	"SRP200614"	"intestine"	"class II-a EE cell"	NA	NA	NA	"FBbt:00058004"	"adult anterior midgut class II enteroendocrine cell (Drosophila)"	"perfect match"	"EE_scRNA-seq"	NA	9
"AGGGATGCATTGGTAC"	5	"SRX5979983"	"SRP200614"	"intestine"	"class I-p CCHa1 EE cell"	NA	NA	NA	"FBbt:00058003"	"adult posterior midgut class I enteroendocrine cell (Drosophila)"	"missing child term"	"EE_scRNA-seq"	NA	4
"AGGGATGGTCATTAGC"	5	"SRX5979983"	"SRP200614"	"intestine"	"class I-p CCHa1 EE cell"	NA	NA	NA	"FBbt:00058003"	"adult posterior midgut class I enteroendocrine cell (Drosophila)"	"missing child term"	"EE_scRNA-seq"	NA	4
"AGGGATGGTTACAGAA"	2	"SRX5979983"	"SRP200614"	"intestine"	"class I-ap EE cell"	NA	NA	NA	"FBbt:00058000"	"adult class I enteroendocrine cell (Drosophila)"	"other"	"EE_scRNA-seq"	NA	5
"AGGGATGTCACCAGGC"	4	"SRX5979983"	"SRP200614"	"intestine"	"class II-m2 EE cell"	NA	NA	NA	"FBbt:00058005"	"adult middle midgut class II enteroendocrine cell (Drosophila)"	"perfect match"	"EE_scRNA-seq"	NA	8
"AGGGATGTCTTGTATC"	0	"SRX5979983"	"SRP200614"	"intestine"	"class I-m EE cell"	NA	NA	NA	"FBbt:00058002"	"adult middle midgut class I enteroendocrine cell (Drosophila)"	"perfect match"	"EE_scRNA-seq"	NA	1
"AGGGTGAAGCTAGCCC"	4	"SRX5979983"	"SRP200614"	"intestine"	"class II-m2 EE cell"	NA	NA	NA	"FBbt:00058005"	"adult middle midgut class II enteroendocrine cell (Drosophila)"	"perfect match"	"EE_scRNA-seq"	NA	8
"AGGGTGACAAATACAG"	2	"SRX5979983"	"SRP200614"	"intestine"	"class I-ap EE cell"	NA	NA	NA	"FBbt:00058000"	"adult class I enteroendocrine cell (Drosophila)"	"other"	"EE_scRNA-seq"	NA	5
"AGGGTGACAAGCGAGT"	5	"SRX5979983"	"SRP200614"	"intestine"	"class I-p CCHa1 EE cell"	NA	NA	NA	"FBbt:00058003"	"adult posterior midgut class I enteroendocrine cell (Drosophila)"	"missing child term"	"EE_scRNA-seq"	NA	4
"AGGGTGACAGCTGGCT"	7	"SRX5979983"	"SRP200614"	"intestine"	"class II-p EE cell"	NA	NA	NA	"FBbt:00058006"	"adult posterior midgut class II enteroendocrine cell (Drosophila)"	"perfect match"	"EE_scRNA-seq"	NA	7
"AGGGTGAGTGAGCGAT"	7	"SRX5979983"	"SRP200614"	"intestine"	"class II-p EE cell"	NA	NA	NA	"FBbt:00058006"	"adult posterior midgut class II enteroendocrine cell (Drosophila)"	"perfect match"	"EE_scRNA-seq"	NA	7
"AGGGTGAGTTCAGACT"	3	"SRX5979983"	"SRP200614"	"intestine"	"class II-a EE cell"	NA	NA	NA	"FBbt:00058004"	"adult anterior midgut class II enteroendocrine cell (Drosophila)"	"perfect match"	"EE_scRNA-seq"	NA	9
"AGGGTGAGTTGCGTTA"	3	"SRX5979983"	"SRP200614"	"intestine"	"class II-a EE cell"	NA	NA	NA	"FBbt:00058004"	"adult anterior midgut class II enteroendocrine cell (Drosophila)"	"perfect match"	"EE_scRNA-seq"	NA	9
"AGGGTGATCACAATGC"	1	"SRX5979983"	"SRP200614"	"intestine"	"class II-m1 EE cell"	NA	NA	NA	"FBbt:00058005"	"adult middle midgut class II enteroendocrine cell (Drosophila)"	"perfect match"	"EE_scRNA-seq"	NA	3
"AGGGTGATCACGATGT"	1	"SRX5979983"	"SRP200614"	"intestine"	"class II-m1 EE cell"	NA	NA	NA	"FBbt:00058005"	"adult middle midgut class II enteroendocrine cell (Drosophila)"	"perfect match"	"EE_scRNA-seq"	NA	3
"AGGGTGATCAGAGCTT"	0	"SRX5979983"	"SRP200614"	"intestine"	"class I-m EE cell"	NA	NA	NA	"FBbt:00058002"	"adult middle midgut class I enteroendocrine cell (Drosophila)"	"perfect match"	"EE_scRNA-seq"	NA	1
"AGGGTGATCAGATAAG"	0	"SRX5979983"	"SRP200614"	"intestine"	"class I-m EE cell"	NA	NA	NA	"FBbt:00058002"	"adult middle midgut class I enteroendocrine cell (Drosophila)"	"perfect match"	"EE_scRNA-seq"	NA	1
"AGGGTGATCCTCAACC"	0	"SRX5979983"	"SRP200614"	"intestine"	"class I-m EE cell"	NA	NA	NA	"FBbt:00058002"	"adult middle midgut class I enteroendocrine cell (Drosophila)"	"perfect match"	"EE_scRNA-seq"	NA	1
"AGGGTGATCTCGATGA"	4	"SRX5979983"	"SRP200614"	"intestine"	"class II-m2 EE cell"	NA	NA	NA	"FBbt:00058005"	"adult middle midgut class II enteroendocrine cell (Drosophila)"	"perfect match"	"EE_scRNA-seq"	NA	8
"AGGGTGATCTTGCCGT"	0	"SRX5979983"	"SRP200614"	"intestine"	"class I-m EE cell"	NA	NA	NA	"FBbt:00058002"	"adult middle midgut class I enteroendocrine cell (Drosophila)"	"perfect match"	"EE_scRNA-seq"	NA	1
"AGGTCATAGACCCACC"	1	"SRX5979983"	"SRP200614"	"intestine"	"class II-m1 EE cell"	NA	NA	NA	"FBbt:00058005"	"adult middle midgut class II enteroendocrine cell (Drosophila)"	"perfect match"	"EE_scRNA-seq"	NA	3
"AGGTCATAGACCTAGG"	4	"SRX5979983"	"SRP200614"	"intestine"	"class II-m2 EE cell"	NA	NA	NA	"FBbt:00058005"	"adult middle midgut class II enteroendocrine cell (Drosophila)"	"perfect match"	"EE_scRNA-seq"	NA	8
"AGGTCATCACCAGGCT"	0	"SRX5979983"	"SRP200614"	"intestine"	"class I-m EE cell"	NA	NA	NA	"FBbt:00058002"	"adult middle midgut class I enteroendocrine cell (Drosophila)"	"perfect match"	"EE_scRNA-seq"	NA	1
"AGGTCATCACCTGGTG"	0	"SRX5979983"	"SRP200614"	"intestine"	"class I-m EE cell"	NA	NA	NA	"FBbt:00058002"	"adult middle midgut class I enteroendocrine cell (Drosophila)"	"perfect match"	"EE_scRNA-seq"	NA	1
"AGGTCATCATCGACGC"	0	"SRX5979983"	"SRP200614"	"intestine"	"class I-m EE cell"	NA	NA	NA	"FBbt:00058002"	"adult middle midgut class I enteroendocrine cell (Drosophila)"	"perfect match"	"EE_scRNA-seq"	NA	1
"AGGTCATGTAGTACCT"	1	"SRX5979983"	"SRP200614"	"intestine"	"class II-m1 EE cell"	NA	NA	NA	"FBbt:00058005"	"adult middle midgut class II enteroendocrine cell (Drosophila)"	"perfect match"	"EE_scRNA-seq"	NA	3
"AGGTCATGTTTACTCT"	6	"SRX5979983"	"SRP200614"	"intestine"	"class I-p AstA EE cell"	NA	NA	NA	"FBbt:00058003"	"adult posterior midgut class I enteroendocrine cell (Drosophila)"	"missing child term"	"EE_scRNA-seq"	NA	6
"AGGTCATTCAGCTCGG"	3	"SRX5979983"	"SRP200614"	"intestine"	"class II-a EE cell"	NA	NA	NA	"FBbt:00058004"	"adult anterior midgut class II enteroendocrine cell (Drosophila)"	"perfect match"	"EE_scRNA-seq"	NA	9
"AGGTCATTCGGCGCTA"	1	"SRX5979983"	"SRP200614"	"intestine"	"class II-m1 EE cell"	NA	NA	NA	"FBbt:00058005"	"adult middle midgut class II enteroendocrine cell (Drosophila)"	"perfect match"	"EE_scRNA-seq"	NA	3
"AGGTCCGAGCCCGAAA"	7	"SRX5979983"	"SRP200614"	"intestine"	"class II-p EE cell"	NA	NA	NA	"FBbt:00058006"	"adult posterior midgut class II enteroendocrine cell (Drosophila)"	"perfect match"	"EE_scRNA-seq"	NA	7
"AGGTCCGAGTACGATA"	0	"SRX5979983"	"SRP200614"	"intestine"	"class I-m EE cell"	NA	NA	NA	"FBbt:00058002"	"adult middle midgut class I enteroendocrine cell (Drosophila)"	"perfect match"	"EE_scRNA-seq"	NA	1
"AGGTCCGAGTCGCCGT"	2	"SRX5979983"	"SRP200614"	"intestine"	"class I-ap EE cell"	NA	NA	NA	"FBbt:00058000"	"adult class I enteroendocrine cell (Drosophila)"	"other"	"EE_scRNA-seq"	NA	5
"AGGTCCGAGTGGCACA"	4	"SRX5979983"	"SRP200614"	"intestine"	"class II-m2 EE cell"	NA	NA	NA	"FBbt:00058005"	"adult middle midgut class II enteroendocrine cell (Drosophila)"	"perfect match"	"EE_scRNA-seq"	NA	8
"AGGTCCGCATCCGTGG"	1	"SRX5979983"	"SRP200614"	"intestine"	"class II-m1 EE cell"	NA	NA	NA	"FBbt:00058005"	"adult middle midgut class II enteroendocrine cell (Drosophila)"	"perfect match"	"EE_scRNA-seq"	NA	3
"AGGTCCGGTACTTCTT"	1	"SRX5979983"	"SRP200614"	"intestine"	"class II-m1 EE cell"	NA	NA	NA	"FBbt:00058005"	"adult middle midgut class II enteroendocrine cell (Drosophila)"	"perfect match"	"EE_scRNA-seq"	NA	3
"AGGTCCGGTAGGGTAC"	2	"SRX5979983"	"SRP200614"	"intestine"	"class I-ap EE cell"	NA	NA	NA	"FBbt:00058000"	"adult class I enteroendocrine cell (Drosophila)"	"other"	"EE_scRNA-seq"	NA	5
"AGGTCCGGTCTAGCCG"	2	"SRX5979983"	"SRP200614"	"intestine"	"class I-ap EE cell"	NA	NA	NA	"FBbt:00058000"	"adult class I enteroendocrine cell (Drosophila)"	"other"	"EE_scRNA-seq"	NA	5
"AGGTCCGGTCTTGATG"	2	"SRX5979983"	"SRP200614"	"intestine"	"class I-ap EE cell"	NA	NA	NA	"FBbt:00058000"	"adult class I enteroendocrine cell (Drosophila)"	"other"	"EE_scRNA-seq"	NA	5
"AGGTCCGGTTACGACT"	5	"SRX5979983"	"SRP200614"	"intestine"	"class I-p CCHa1 EE cell"	NA	NA	NA	"FBbt:00058003"	"adult posterior midgut class I enteroendocrine cell (Drosophila)"	"missing child term"	"EE_scRNA-seq"	NA	4
"AGTAGTCAGAGTAATC"	0	"SRX5979983"	"SRP200614"	"intestine"	"class I-m EE cell"	NA	NA	NA	"FBbt:00058002"	"adult middle midgut class I enteroendocrine cell (Drosophila)"	"perfect match"	"EE_scRNA-seq"	NA	1
"AGTAGTCAGCTGCCCA"	0	"SRX5979983"	"SRP200614"	"intestine"	"class I-m EE cell"	NA	NA	NA	"FBbt:00058002"	"adult middle midgut class I enteroendocrine cell (Drosophila)"	"perfect match"	"EE_scRNA-seq"	NA	1
"AGTAGTCAGGCAATTA"	0	"SRX5979983"	"SRP200614"	"intestine"	"class I-m EE cell"	NA	NA	NA	"FBbt:00058002"	"adult middle midgut class I enteroendocrine cell (Drosophila)"	"perfect match"	"EE_scRNA-seq"	NA	1
"AGTAGTCAGTAACCCT"	0	"SRX5979983"	"SRP200614"	"intestine"	"class I-m EE cell"	NA	NA	NA	"FBbt:00058002"	"adult middle midgut class I enteroendocrine cell (Drosophila)"	"perfect match"	"EE_scRNA-seq"	NA	1
"AGTAGTCAGTAGTGCG"	5	"SRX5979983"	"SRP200614"	"intestine"	"class I-p CCHa1 EE cell"	NA	NA	NA	"FBbt:00058003"	"adult posterior midgut class I enteroendocrine cell (Drosophila)"	"missing child term"	"EE_scRNA-seq"	NA	4
"AGTAGTCCACCATGTA"	0	"SRX5979983"	"SRP200614"	"intestine"	"class I-m EE cell"	NA	NA	NA	"FBbt:00058002"	"adult middle midgut class I enteroendocrine cell (Drosophila)"	"perfect match"	"EE_scRNA-seq"	NA	1
"AGTAGTCCACGGCGTT"	0	"SRX5979983"	"SRP200614"	"intestine"	"class I-m EE cell"	NA	NA	NA	"FBbt:00058002"	"adult middle midgut class I enteroendocrine cell (Drosophila)"	"perfect match"	"EE_scRNA-seq"	NA	1
"AGTAGTCCAGCCTGTG"	0	"SRX5979983"	"SRP200614"	"intestine"	"class I-m EE cell"	NA	NA	NA	"FBbt:00058002"	"adult middle midgut class I enteroendocrine cell (Drosophila)"	"perfect match"	"EE_scRNA-seq"	NA	1
"AGTAGTCCATCCGTGG"	3	"SRX5979983"	"SRP200614"	"intestine"	"class II-a EE cell"	NA	NA	NA	"FBbt:00058004"	"adult anterior midgut class II enteroendocrine cell (Drosophila)"	"perfect match"	"EE_scRNA-seq"	NA	9
"AGTAGTCCATGAACCT"	2	"SRX5979983"	"SRP200614"	"intestine"	"class I-ap EE cell"	NA	NA	NA	"FBbt:00058000"	"adult class I enteroendocrine cell (Drosophila)"	"other"	"EE_scRNA-seq"	NA	5
"AGTAGTCGTGGCAAAC"	4	"SRX5979983"	"SRP200614"	"intestine"	"class II-m2 EE cell"	NA	NA	NA	"FBbt:00058005"	"adult middle midgut class II enteroendocrine cell (Drosophila)"	"perfect match"	"EE_scRNA-seq"	NA	8
"AGTAGTCGTTCGGGCT"	0	"SRX5979983"	"SRP200614"	"intestine"	"class I-m EE cell"	NA	NA	NA	"FBbt:00058002"	"adult middle midgut class I enteroendocrine cell (Drosophila)"	"perfect match"	"EE_scRNA-seq"	NA	1
"AGTAGTCGTTGAGTTC"	4	"SRX5979983"	"SRP200614"	"intestine"	"class II-m2 EE cell"	NA	NA	NA	"FBbt:00058005"	"adult middle midgut class II enteroendocrine cell (Drosophila)"	"perfect match"	"EE_scRNA-seq"	NA	8
"AGTAGTCGTTTGTGTG"	0	"SRX5979983"	"SRP200614"	"intestine"	"class I-m EE cell"	NA	NA	NA	"FBbt:00058002"	"adult middle midgut class I enteroendocrine cell (Drosophila)"	"perfect match"	"EE_scRNA-seq"	NA	1
"AGTAGTCTCCGCGCAA"	4	"SRX5979983"	"SRP200614"	"intestine"	"class II-m2 EE cell"	NA	NA	NA	"FBbt:00058005"	"adult middle midgut class II enteroendocrine cell (Drosophila)"	"perfect match"	"EE_scRNA-seq"	NA	8
"AGTAGTCTCTGGCGAC"	4	"SRX5979983"	"SRP200614"	"intestine"	"class II-m2 EE cell"	NA	NA	NA	"FBbt:00058005"	"adult middle midgut class II enteroendocrine cell (Drosophila)"	"perfect match"	"EE_scRNA-seq"	NA	8
"AGTCTTTAGACACTAA"	1	"SRX5979983"	"SRP200614"	"intestine"	"class II-m1 EE cell"	NA	NA	NA	"FBbt:00058005"	"adult middle midgut class II enteroendocrine cell (Drosophila)"	"perfect match"	"EE_scRNA-seq"	NA	3
"AGTCTTTAGAGAACAG"	3	"SRX5979983"	"SRP200614"	"intestine"	"class II-a EE cell"	NA	NA	NA	"FBbt:00058004"	"adult anterior midgut class II enteroendocrine cell (Drosophila)"	"perfect match"	"EE_scRNA-seq"	NA	9
"AGTCTTTAGTGTACGG"	3	"SRX5979983"	"SRP200614"	"intestine"	"class II-a EE cell"	NA	NA	NA	"FBbt:00058004"	"adult anterior midgut class II enteroendocrine cell (Drosophila)"	"perfect match"	"EE_scRNA-seq"	NA	9
"AGTCTTTCAAAGAATC"	2	"SRX5979983"	"SRP200614"	"intestine"	"class I-ap EE cell"	NA	NA	NA	"FBbt:00058000"	"adult class I enteroendocrine cell (Drosophila)"	"other"	"EE_scRNA-seq"	NA	5
"AGTCTTTGTTGATTGC"	0	"SRX5979983"	"SRP200614"	"intestine"	"class I-m EE cell"	NA	NA	NA	"FBbt:00058002"	"adult middle midgut class I enteroendocrine cell (Drosophila)"	"perfect match"	"EE_scRNA-seq"	NA	1
"AGTCTTTTCCCGGATG"	1	"SRX5979983"	"SRP200614"	"intestine"	"class II-m1 EE cell"	NA	NA	NA	"FBbt:00058005"	"adult middle midgut class II enteroendocrine cell (Drosophila)"	"perfect match"	"EE_scRNA-seq"	NA	3
"AGTCTTTTCGGTCTAA"	3	"SRX5979983"	"SRP200614"	"intestine"	"class II-a EE cell"	NA	NA	NA	"FBbt:00058004"	"adult anterior midgut class II enteroendocrine cell (Drosophila)"	"perfect match"	"EE_scRNA-seq"	NA	9
"AGTGAGGAGACGCTTT"	7	"SRX5979983"	"SRP200614"	"intestine"	"class II-p EE cell"	NA	NA	NA	"FBbt:00058006"	"adult posterior midgut class II enteroendocrine cell (Drosophila)"	"perfect match"	"EE_scRNA-seq"	NA	7
"AGTGAGGAGTGTTGAA"	7	"SRX5979983"	"SRP200614"	"intestine"	"class II-p EE cell"	NA	NA	NA	"FBbt:00058006"	"adult posterior midgut class II enteroendocrine cell (Drosophila)"	"perfect match"	"EE_scRNA-seq"	NA	7
"AGTGAGGCAGATCTGT"	1	"SRX5979983"	"SRP200614"	"intestine"	"class II-m1 EE cell"	NA	NA	NA	"FBbt:00058005"	"adult middle midgut class II enteroendocrine cell (Drosophila)"	"perfect match"	"EE_scRNA-seq"	NA	3
"AGTGAGGGTCCAGTGC"	5	"SRX5979983"	"SRP200614"	"intestine"	"class I-p CCHa1 EE cell"	NA	NA	NA	"FBbt:00058003"	"adult posterior midgut class I enteroendocrine cell (Drosophila)"	"missing child term"	"EE_scRNA-seq"	NA	4
"AGTGAGGGTGAAGGCT"	2	"SRX5979983"	"SRP200614"	"intestine"	"class I-ap EE cell"	NA	NA	NA	"FBbt:00058000"	"adult class I enteroendocrine cell (Drosophila)"	"other"	"EE_scRNA-seq"	NA	5
"AGTGAGGGTTCCGGCA"	1	"SRX5979983"	"SRP200614"	"intestine"	"class II-m1 EE cell"	NA	NA	NA	"FBbt:00058005"	"adult middle midgut class II enteroendocrine cell (Drosophila)"	"perfect match"	"EE_scRNA-seq"	NA	3
"AGTGAGGTCACGATGT"	0	"SRX5979983"	"SRP200614"	"intestine"	"class I-m EE cell"	NA	NA	NA	"FBbt:00058002"	"adult middle midgut class I enteroendocrine cell (Drosophila)"	"perfect match"	"EE_scRNA-seq"	NA	1
"AGTGAGGTCAGAGACG"	5	"SRX5979983"	"SRP200614"	"intestine"	"class I-p CCHa1 EE cell"	NA	NA	NA	"FBbt:00058003"	"adult posterior midgut class I enteroendocrine cell (Drosophila)"	"missing child term"	"EE_scRNA-seq"	NA	4
"AGTGAGGTCCGTAGTA"	0	"SRX5979983"	"SRP200614"	"intestine"	"class I-m EE cell"	NA	NA	NA	"FBbt:00058002"	"adult middle midgut class I enteroendocrine cell (Drosophila)"	"perfect match"	"EE_scRNA-seq"	NA	1
"AGTGAGGTCCTGCAGG"	1	"SRX5979983"	"SRP200614"	"intestine"	"class II-m1 EE cell"	NA	NA	NA	"FBbt:00058005"	"adult middle midgut class II enteroendocrine cell (Drosophila)"	"perfect match"	"EE_scRNA-seq"	NA	3
"AGTGAGGTCGTGGACC"	0	"SRX5979983"	"SRP200614"	"intestine"	"class I-m EE cell"	NA	NA	NA	"FBbt:00058002"	"adult middle midgut class I enteroendocrine cell (Drosophila)"	"perfect match"	"EE_scRNA-seq"	NA	1
"AGTGAGGTCTCTAGGA"	1	"SRX5979983"	"SRP200614"	"intestine"	"class II-m1 EE cell"	NA	NA	NA	"FBbt:00058005"	"adult middle midgut class II enteroendocrine cell (Drosophila)"	"perfect match"	"EE_scRNA-seq"	NA	3
"AGTGGGAAGATCCCGC"	9	"SRX5979983"	"SRP200614"	"intestine"	"class III EE cell"	NA	NA	NA	"FBbt:00058200"	"adult class III enteroendocrine cell (Drosophila)"	"perfect match"	"EE_scRNA-seq"	NA	11
"AGTGGGAAGGACCACA"	1	"SRX5979983"	"SRP200614"	"intestine"	"class II-m1 EE cell"	NA	NA	NA	"FBbt:00058005"	"adult middle midgut class II enteroendocrine cell (Drosophila)"	"perfect match"	"EE_scRNA-seq"	NA	3
"AGTGGGAAGTATCGAA"	5	"SRX5979983"	"SRP200614"	"intestine"	"class I-p CCHa1 EE cell"	NA	NA	NA	"FBbt:00058003"	"adult posterior midgut class I enteroendocrine cell (Drosophila)"	"missing child term"	"EE_scRNA-seq"	NA	4
"AGTGGGAGTAGGGACT"	0	"SRX5979983"	"SRP200614"	"intestine"	"class I-m EE cell"	NA	NA	NA	"FBbt:00058002"	"adult middle midgut class I enteroendocrine cell (Drosophila)"	"perfect match"	"EE_scRNA-seq"	NA	1
"AGTGGGAGTCTCCACT"	5	"SRX5979983"	"SRP200614"	"intestine"	"class I-p CCHa1 EE cell"	NA	NA	NA	"FBbt:00058003"	"adult posterior midgut class I enteroendocrine cell (Drosophila)"	"missing child term"	"EE_scRNA-seq"	NA	4
"AGTGGGATCACCAGGC"	3	"SRX5979983"	"SRP200614"	"intestine"	"class II-a EE cell"	NA	NA	NA	"FBbt:00058004"	"adult anterior midgut class II enteroendocrine cell (Drosophila)"	"perfect match"	"EE_scRNA-seq"	NA	9
"AGTGGGATCCAAAGTC"	7	"SRX5979983"	"SRP200614"	"intestine"	"class II-p EE cell"	NA	NA	NA	"FBbt:00058006"	"adult posterior midgut class II enteroendocrine cell (Drosophila)"	"perfect match"	"EE_scRNA-seq"	NA	7
"AGTGGGATCTGGTTCC"	0	"SRX5979983"	"SRP200614"	"intestine"	"class I-m EE cell"	NA	NA	NA	"FBbt:00058002"	"adult middle midgut class I enteroendocrine cell (Drosophila)"	"perfect match"	"EE_scRNA-seq"	NA	1
"AGTGTCAAGCCCAACC"	1	"SRX5979983"	"SRP200614"	"intestine"	"class II-m1 EE cell"	NA	NA	NA	"FBbt:00058005"	"adult middle midgut class II enteroendocrine cell (Drosophila)"	"perfect match"	"EE_scRNA-seq"	NA	3
"AGTGTCAAGCTGCGAA"	0	"SRX5979983"	"SRP200614"	"intestine"	"class I-m EE cell"	NA	NA	NA	"FBbt:00058002"	"adult middle midgut class I enteroendocrine cell (Drosophila)"	"perfect match"	"EE_scRNA-seq"	NA	1
"AGTGTCAAGTTATCGC"	0	"SRX5979983"	"SRP200614"	"intestine"	"class I-m EE cell"	NA	NA	NA	"FBbt:00058002"	"adult middle midgut class I enteroendocrine cell (Drosophila)"	"perfect match"	"EE_scRNA-seq"	NA	1
"AGTGTCACACGAGGTA"	2	"SRX5979983"	"SRP200614"	"intestine"	"class I-ap EE cell"	NA	NA	NA	"FBbt:00058000"	"adult class I enteroendocrine cell (Drosophila)"	"other"	"EE_scRNA-seq"	NA	5
"AGTGTCACACGCCAGT"	7	"SRX5979983"	"SRP200614"	"intestine"	"class II-p EE cell"	NA	NA	NA	"FBbt:00058006"	"adult posterior midgut class II enteroendocrine cell (Drosophila)"	"perfect match"	"EE_scRNA-seq"	NA	7
"AGTGTCACAGCTCCGA"	3	"SRX5979983"	"SRP200614"	"intestine"	"class II-a EE cell"	NA	NA	NA	"FBbt:00058004"	"adult anterior midgut class II enteroendocrine cell (Drosophila)"	"perfect match"	"EE_scRNA-seq"	NA	9
"AGTGTCACAGTGAGTG"	2	"SRX5979983"	"SRP200614"	"intestine"	"class I-ap EE cell"	NA	NA	NA	"FBbt:00058000"	"adult class I enteroendocrine cell (Drosophila)"	"other"	"EE_scRNA-seq"	NA	5
"AGTGTCAGTATATCCG"	0	"SRX5979983"	"SRP200614"	"intestine"	"class I-m EE cell"	NA	NA	NA	"FBbt:00058002"	"adult middle midgut class I enteroendocrine cell (Drosophila)"	"perfect match"	"EE_scRNA-seq"	NA	1
"AGTGTCAGTCAAAGAT"	3	"SRX5979983"	"SRP200614"	"intestine"	"class II-a EE cell"	NA	NA	NA	"FBbt:00058004"	"adult anterior midgut class II enteroendocrine cell (Drosophila)"	"perfect match"	"EE_scRNA-seq"	NA	9
"AGTGTCAGTCAACATC"	4	"SRX5979983"	"SRP200614"	"intestine"	"class II-m2 EE cell"	NA	NA	NA	"FBbt:00058005"	"adult middle midgut class II enteroendocrine cell (Drosophila)"	"perfect match"	"EE_scRNA-seq"	NA	8
"AGTGTCAGTCACCCAG"	1	"SRX5979983"	"SRP200614"	"intestine"	"class II-m1 EE cell"	NA	NA	NA	"FBbt:00058005"	"adult middle midgut class II enteroendocrine cell (Drosophila)"	"perfect match"	"EE_scRNA-seq"	NA	3
"AGTGTCATCACAGTAC"	7	"SRX5979983"	"SRP200614"	"intestine"	"class II-p EE cell"	NA	NA	NA	"FBbt:00058006"	"adult posterior midgut class II enteroendocrine cell (Drosophila)"	"perfect match"	"EE_scRNA-seq"	NA	7
"AGTGTCATCAGATAAG"	6	"SRX5979983"	"SRP200614"	"intestine"	"class I-p AstA EE cell"	NA	NA	NA	"FBbt:00058003"	"adult posterior midgut class I enteroendocrine cell (Drosophila)"	"missing child term"	"EE_scRNA-seq"	NA	6
"AGTGTCATCCGGCACA"	6	"SRX5979983"	"SRP200614"	"intestine"	"class I-p AstA EE cell"	NA	NA	NA	"FBbt:00058003"	"adult posterior midgut class I enteroendocrine cell (Drosophila)"	"missing child term"	"EE_scRNA-seq"	NA	6
"AGTGTCATCCTTGGTC"	1	"SRX5979983"	"SRP200614"	"intestine"	"class II-m1 EE cell"	NA	NA	NA	"FBbt:00058005"	"adult middle midgut class II enteroendocrine cell (Drosophila)"	"perfect match"	"EE_scRNA-seq"	NA	3
"AGTGTCATCTCTTGAT"	1	"SRX5979983"	"SRP200614"	"intestine"	"class II-m1 EE cell"	NA	NA	NA	"FBbt:00058005"	"adult middle midgut class II enteroendocrine cell (Drosophila)"	"perfect match"	"EE_scRNA-seq"	NA	3
"AGTTGGTAGCACGCCT"	0	"SRX5979983"	"SRP200614"	"intestine"	"class I-m EE cell"	NA	NA	NA	"FBbt:00058002"	"adult middle midgut class I enteroendocrine cell (Drosophila)"	"perfect match"	"EE_scRNA-seq"	NA	1
"AGTTGGTAGGGAACGG"	3	"SRX5979983"	"SRP200614"	"intestine"	"class II-a EE cell"	NA	NA	NA	"FBbt:00058004"	"adult anterior midgut class II enteroendocrine cell (Drosophila)"	"perfect match"	"EE_scRNA-seq"	NA	9
"AGTTGGTCAAATTGCC"	1	"SRX5979983"	"SRP200614"	"intestine"	"class II-m1 EE cell"	NA	NA	NA	"FBbt:00058005"	"adult middle midgut class II enteroendocrine cell (Drosophila)"	"perfect match"	"EE_scRNA-seq"	NA	3
"AGTTGGTCACGCCAGT"	0	"SRX5979983"	"SRP200614"	"intestine"	"class I-m EE cell"	NA	NA	NA	"FBbt:00058002"	"adult middle midgut class I enteroendocrine cell (Drosophila)"	"perfect match"	"EE_scRNA-seq"	NA	1
"AGTTGGTCAGTTCATG"	0	"SRX5979983"	"SRP200614"	"intestine"	"class I-m EE cell"	NA	NA	NA	"FBbt:00058002"	"adult middle midgut class I enteroendocrine cell (Drosophila)"	"perfect match"	"EE_scRNA-seq"	NA	1
"AGTTGGTGTACCGCTG"	6	"SRX5979983"	"SRP200614"	"intestine"	"class I-p AstA EE cell"	NA	NA	NA	"FBbt:00058003"	"adult posterior midgut class I enteroendocrine cell (Drosophila)"	"missing child term"	"EE_scRNA-seq"	NA	6
"AGTTGGTGTGCCTGCA"	0	"SRX5979983"	"SRP200614"	"intestine"	"class I-m EE cell"	NA	NA	NA	"FBbt:00058002"	"adult middle midgut class I enteroendocrine cell (Drosophila)"	"perfect match"	"EE_scRNA-seq"	NA	1
"AGTTGGTTCTCCAGGG"	4	"SRX5979983"	"SRP200614"	"intestine"	"class II-m2 EE cell"	NA	NA	NA	"FBbt:00058005"	"adult middle midgut class II enteroendocrine cell (Drosophila)"	"perfect match"	"EE_scRNA-seq"	NA	8
"ATAACGCAGTGCAAGC"	2	"SRX5979983"	"SRP200614"	"intestine"	"class I-ap EE cell"	NA	NA	NA	"FBbt:00058000"	"adult class I enteroendocrine cell (Drosophila)"	"other"	"EE_scRNA-seq"	NA	5
"ATAACGCCACCGCTAG"	8	"SRX5979983"	"SRP200614"	"intestine"	"class I-a EE cell"	NA	NA	NA	"FBbt:00058001"	"adult anterior midgut class I enteroendocrine cell (Drosophila)"	"perfect match"	"EE_scRNA-seq"	NA	2
"ATAACGCCATACTACG"	8	"SRX5979983"	"SRP200614"	"intestine"	"class I-a EE cell"	NA	NA	NA	"FBbt:00058001"	"adult anterior midgut class I enteroendocrine cell (Drosophila)"	"perfect match"	"EE_scRNA-seq"	NA	2
"ATAACGCGTACAGTGG"	7	"SRX5979983"	"SRP200614"	"intestine"	"class II-p EE cell"	NA	NA	NA	"FBbt:00058006"	"adult posterior midgut class II enteroendocrine cell (Drosophila)"	"perfect match"	"EE_scRNA-seq"	NA	7
"ATAACGCGTCAGATAA"	2	"SRX5979983"	"SRP200614"	"intestine"	"class I-ap EE cell"	NA	NA	NA	"FBbt:00058000"	"adult class I enteroendocrine cell (Drosophila)"	"other"	"EE_scRNA-seq"	NA	5
"ATAACGCTCATACGGT"	0	"SRX5979983"	"SRP200614"	"intestine"	"class I-m EE cell"	NA	NA	NA	"FBbt:00058002"	"adult middle midgut class I enteroendocrine cell (Drosophila)"	"perfect match"	"EE_scRNA-seq"	NA	1
"ATAAGAGAGAGTAATC"	6	"SRX5979983"	"SRP200614"	"intestine"	"class I-p AstA EE cell"	NA	NA	NA	"FBbt:00058003"	"adult posterior midgut class I enteroendocrine cell (Drosophila)"	"missing child term"	"EE_scRNA-seq"	NA	6
"ATAAGAGAGCGACGTA"	3	"SRX5979983"	"SRP200614"	"intestine"	"class II-a EE cell"	NA	NA	NA	"FBbt:00058004"	"adult anterior midgut class II enteroendocrine cell (Drosophila)"	"perfect match"	"EE_scRNA-seq"	NA	9
"ATAAGAGAGCGTCAAG"	0	"SRX5979983"	"SRP200614"	"intestine"	"class I-m EE cell"	NA	NA	NA	"FBbt:00058002"	"adult middle midgut class I enteroendocrine cell (Drosophila)"	"perfect match"	"EE_scRNA-seq"	NA	1
"ATAAGAGCAGAGCCAA"	0	"SRX5979983"	"SRP200614"	"intestine"	"class I-m EE cell"	NA	NA	NA	"FBbt:00058002"	"adult middle midgut class I enteroendocrine cell (Drosophila)"	"perfect match"	"EE_scRNA-seq"	NA	1
"ATAAGAGCATTCCTGC"	1	"SRX5979983"	"SRP200614"	"intestine"	"class II-m1 EE cell"	NA	NA	NA	"FBbt:00058005"	"adult middle midgut class II enteroendocrine cell (Drosophila)"	"perfect match"	"EE_scRNA-seq"	NA	3
"ATAAGAGTCACGCGGT"	3	"SRX5979983"	"SRP200614"	"intestine"	"class II-a EE cell"	NA	NA	NA	"FBbt:00058004"	"adult anterior midgut class II enteroendocrine cell (Drosophila)"	"perfect match"	"EE_scRNA-seq"	NA	9
"ATAAGAGTCATGCAAC"	0	"SRX5979983"	"SRP200614"	"intestine"	"class I-m EE cell"	NA	NA	NA	"FBbt:00058002"	"adult middle midgut class I enteroendocrine cell (Drosophila)"	"perfect match"	"EE_scRNA-seq"	NA	1
"ATAAGAGTCATGCATG"	1	"SRX5979983"	"SRP200614"	"intestine"	"class II-m1 EE cell"	NA	NA	NA	"FBbt:00058005"	"adult middle midgut class II enteroendocrine cell (Drosophila)"	"perfect match"	"EE_scRNA-seq"	NA	3
"ATAAGAGTCCGCGGTA"	5	"SRX5979983"	"SRP200614"	"intestine"	"class I-p CCHa1 EE cell"	NA	NA	NA	"FBbt:00058003"	"adult posterior midgut class I enteroendocrine cell (Drosophila)"	"missing child term"	"EE_scRNA-seq"	NA	4
"ATAGACCAGTTTAGGA"	5	"SRX5979983"	"SRP200614"	"intestine"	"class I-p CCHa1 EE cell"	NA	NA	NA	"FBbt:00058003"	"adult posterior midgut class I enteroendocrine cell (Drosophila)"	"missing child term"	"EE_scRNA-seq"	NA	4
"ATAGACCCAGGCTCAC"	7	"SRX5979983"	"SRP200614"	"intestine"	"class II-p EE cell"	NA	NA	NA	"FBbt:00058006"	"adult posterior midgut class II enteroendocrine cell (Drosophila)"	"perfect match"	"EE_scRNA-seq"	NA	7
"ATAGACCGTACGCTGC"	2	"SRX5979983"	"SRP200614"	"intestine"	"class I-ap EE cell"	NA	NA	NA	"FBbt:00058000"	"adult class I enteroendocrine cell (Drosophila)"	"other"	"EE_scRNA-seq"	NA	5
"ATAGACCGTTACGACT"	5	"SRX5979983"	"SRP200614"	"intestine"	"class I-p CCHa1 EE cell"	NA	NA	NA	"FBbt:00058003"	"adult posterior midgut class I enteroendocrine cell (Drosophila)"	"missing child term"	"EE_scRNA-seq"	NA	4
"ATAGACCTCACCTTAT"	1	"SRX5979983"	"SRP200614"	"intestine"	"class II-m1 EE cell"	NA	NA	NA	"FBbt:00058005"	"adult middle midgut class II enteroendocrine cell (Drosophila)"	"perfect match"	"EE_scRNA-seq"	NA	3
"ATCACGAAGGCCCTCA"	1	"SRX5979983"	"SRP200614"	"intestine"	"class II-m1 EE cell"	NA	NA	NA	"FBbt:00058005"	"adult middle midgut class II enteroendocrine cell (Drosophila)"	"perfect match"	"EE_scRNA-seq"	NA	3
"ATCACGACAAGTTGTC"	2	"SRX5979983"	"SRP200614"	"intestine"	"class I-ap EE cell"	NA	NA	NA	"FBbt:00058000"	"adult class I enteroendocrine cell (Drosophila)"	"other"	"EE_scRNA-seq"	NA	5
"ATCACGACATTTCACT"	2	"SRX5979983"	"SRP200614"	"intestine"	"class I-ap EE cell"	NA	NA	NA	"FBbt:00058000"	"adult class I enteroendocrine cell (Drosophila)"	"other"	"EE_scRNA-seq"	NA	5
"ATCACGATCGCTTAGA"	8	"SRX5979983"	"SRP200614"	"intestine"	"class I-a EE cell"	NA	NA	NA	"FBbt:00058001"	"adult anterior midgut class I enteroendocrine cell (Drosophila)"	"perfect match"	"EE_scRNA-seq"	NA	2
"ATCACGATCTTCGGTC"	0	"SRX5979983"	"SRP200614"	"intestine"	"class I-m EE cell"	NA	NA	NA	"FBbt:00058002"	"adult middle midgut class I enteroendocrine cell (Drosophila)"	"perfect match"	"EE_scRNA-seq"	NA	1
"ATCATCTAGAGGTTGC"	2	"SRX5979983"	"SRP200614"	"intestine"	"class I-ap EE cell"	NA	NA	NA	"FBbt:00058000"	"adult class I enteroendocrine cell (Drosophila)"	"other"	"EE_scRNA-seq"	NA	5
"ATCATCTAGTTCCACA"	5	"SRX5979983"	"SRP200614"	"intestine"	"class I-p CCHa1 EE cell"	NA	NA	NA	"FBbt:00058003"	"adult posterior midgut class I enteroendocrine cell (Drosophila)"	"missing child term"	"EE_scRNA-seq"	NA	4
"ATCATCTCAGTGAGTG"	3	"SRX5979983"	"SRP200614"	"intestine"	"class II-a EE cell"	NA	NA	NA	"FBbt:00058004"	"adult anterior midgut class II enteroendocrine cell (Drosophila)"	"perfect match"	"EE_scRNA-seq"	NA	9
"ATCATCTGTATAGTAG"	1	"SRX5979983"	"SRP200614"	"intestine"	"class II-m1 EE cell"	NA	NA	NA	"FBbt:00058005"	"adult middle midgut class II enteroendocrine cell (Drosophila)"	"perfect match"	"EE_scRNA-seq"	NA	3
"ATCATCTGTCTCTTAT"	4	"SRX5979983"	"SRP200614"	"intestine"	"class II-m2 EE cell"	NA	NA	NA	"FBbt:00058005"	"adult middle midgut class II enteroendocrine cell (Drosophila)"	"perfect match"	"EE_scRNA-seq"	NA	8
"ATCATCTGTTGGTAAA"	7	"SRX5979983"	"SRP200614"	"intestine"	"class II-p EE cell"	NA	NA	NA	"FBbt:00058006"	"adult posterior midgut class II enteroendocrine cell (Drosophila)"	"perfect match"	"EE_scRNA-seq"	NA	7
"ATCATCTTCGGAGCAA"	2	"SRX5979983"	"SRP200614"	"intestine"	"class I-ap EE cell"	NA	NA	NA	"FBbt:00058000"	"adult class I enteroendocrine cell (Drosophila)"	"other"	"EE_scRNA-seq"	NA	5
"ATCATCTTCGGATGGA"	0	"SRX5979983"	"SRP200614"	"intestine"	"class I-m EE cell"	NA	NA	NA	"FBbt:00058002"	"adult middle midgut class I enteroendocrine cell (Drosophila)"	"perfect match"	"EE_scRNA-seq"	NA	1
"ATCATCTTCTATCCCG"	2	"SRX5979983"	"SRP200614"	"intestine"	"class I-ap EE cell"	NA	NA	NA	"FBbt:00058000"	"adult class I enteroendocrine cell (Drosophila)"	"other"	"EE_scRNA-seq"	NA	5
"ATCATGGAGAATTCCC"	0	"SRX5979983"	"SRP200614"	"intestine"	"class I-m EE cell"	NA	NA	NA	"FBbt:00058002"	"adult middle midgut class I enteroendocrine cell (Drosophila)"	"perfect match"	"EE_scRNA-seq"	NA	1
"ATCATGGAGACCACGA"	1	"SRX5979983"	"SRP200614"	"intestine"	"class II-m1 EE cell"	NA	NA	NA	"FBbt:00058005"	"adult middle midgut class II enteroendocrine cell (Drosophila)"	"perfect match"	"EE_scRNA-seq"	NA	3
"ATCATGGAGTCATCCA"	0	"SRX5979983"	"SRP200614"	"intestine"	"class I-m EE cell"	NA	NA	NA	"FBbt:00058002"	"adult middle midgut class I enteroendocrine cell (Drosophila)"	"perfect match"	"EE_scRNA-seq"	NA	1
"ATCATGGCACAGTCGC"	3	"SRX5979983"	"SRP200614"	"intestine"	"class II-a EE cell"	NA	NA	NA	"FBbt:00058004"	"adult anterior midgut class II enteroendocrine cell (Drosophila)"	"perfect match"	"EE_scRNA-seq"	NA	9
"ATCATGGCATAAAGGT"	1	"SRX5979983"	"SRP200614"	"intestine"	"class II-m1 EE cell"	NA	NA	NA	"FBbt:00058005"	"adult middle midgut class II enteroendocrine cell (Drosophila)"	"perfect match"	"EE_scRNA-seq"	NA	3
"ATCATGGCATGACGGA"	3	"SRX5979983"	"SRP200614"	"intestine"	"class II-a EE cell"	NA	NA	NA	"FBbt:00058004"	"adult anterior midgut class II enteroendocrine cell (Drosophila)"	"perfect match"	"EE_scRNA-seq"	NA	9
"ATCATGGCATGCTAGT"	10	"SRX5979983"	"SRP200614"	"intestine"	"EE progenitor cell"	NA	NA	NA	"FBbt:00049284"	"adult enteroendocrine precursor cell (Drosophila)"	"perfect match"	"EE_scRNA-seq"	NA	10
"ATCATGGCATGGGAAC"	2	"SRX5979983"	"SRP200614"	"intestine"	"class I-ap EE cell"	NA	NA	NA	"FBbt:00058000"	"adult class I enteroendocrine cell (Drosophila)"	"other"	"EE_scRNA-seq"	NA	5
"ATCATGGTCACGATGT"	0	"SRX5979983"	"SRP200614"	"intestine"	"class I-m EE cell"	NA	NA	NA	"FBbt:00058002"	"adult middle midgut class I enteroendocrine cell (Drosophila)"	"perfect match"	"EE_scRNA-seq"	NA	1
"ATCATGGTCTGATACG"	3	"SRX5979983"	"SRP200614"	"intestine"	"class II-a EE cell"	NA	NA	NA	"FBbt:00058004"	"adult anterior midgut class II enteroendocrine cell (Drosophila)"	"perfect match"	"EE_scRNA-seq"	NA	9
"ATCCACCAGCACACAG"	0	"SRX5979983"	"SRP200614"	"intestine"	"class I-m EE cell"	NA	NA	NA	"FBbt:00058002"	"adult middle midgut class I enteroendocrine cell (Drosophila)"	"perfect match"	"EE_scRNA-seq"	NA	1
"ATCCACCAGCCAGGAT"	1	"SRX5979983"	"SRP200614"	"intestine"	"class II-m1 EE cell"	NA	NA	NA	"FBbt:00058005"	"adult middle midgut class II enteroendocrine cell (Drosophila)"	"perfect match"	"EE_scRNA-seq"	NA	3
"ATCCACCAGGCCCTCA"	1	"SRX5979983"	"SRP200614"	"intestine"	"class II-m1 EE cell"	NA	NA	NA	"FBbt:00058005"	"adult middle midgut class II enteroendocrine cell (Drosophila)"	"perfect match"	"EE_scRNA-seq"	NA	3
"ATCCACCAGGCGTACA"	6	"SRX5979983"	"SRP200614"	"intestine"	"class I-p AstA EE cell"	NA	NA	NA	"FBbt:00058003"	"adult posterior midgut class I enteroendocrine cell (Drosophila)"	"missing child term"	"EE_scRNA-seq"	NA	6
"ATCCACCCAGATCTGT"	5	"SRX5979983"	"SRP200614"	"intestine"	"class I-p CCHa1 EE cell"	NA	NA	NA	"FBbt:00058003"	"adult posterior midgut class I enteroendocrine cell (Drosophila)"	"missing child term"	"EE_scRNA-seq"	NA	4
"ATCCACCGTAAAGGAG"	5	"SRX5979983"	"SRP200614"	"intestine"	"class I-p CCHa1 EE cell"	NA	NA	NA	"FBbt:00058003"	"adult posterior midgut class I enteroendocrine cell (Drosophila)"	"missing child term"	"EE_scRNA-seq"	NA	4
"ATCCACCGTCTACCTC"	6	"SRX5979983"	"SRP200614"	"intestine"	"class I-p AstA EE cell"	NA	NA	NA	"FBbt:00058003"	"adult posterior midgut class I enteroendocrine cell (Drosophila)"	"missing child term"	"EE_scRNA-seq"	NA	6
"ATCCACCGTCTCATCC"	3	"SRX5979983"	"SRP200614"	"intestine"	"class II-a EE cell"	NA	NA	NA	"FBbt:00058004"	"adult anterior midgut class II enteroendocrine cell (Drosophila)"	"perfect match"	"EE_scRNA-seq"	NA	9
"ATCCACCTCCCAACGG"	7	"SRX5979983"	"SRP200614"	"intestine"	"class II-p EE cell"	NA	NA	NA	"FBbt:00058006"	"adult posterior midgut class II enteroendocrine cell (Drosophila)"	"perfect match"	"EE_scRNA-seq"	NA	7
"ATCCACCTCCTCTAGC"	5	"SRX5979983"	"SRP200614"	"intestine"	"class I-p CCHa1 EE cell"	NA	NA	NA	"FBbt:00058003"	"adult posterior midgut class I enteroendocrine cell (Drosophila)"	"missing child term"	"EE_scRNA-seq"	NA	4
"ATCCACCTCGTCTGAA"	9	"SRX5979983"	"SRP200614"	"intestine"	"class III EE cell"	NA	NA	NA	"FBbt:00058200"	"adult class III enteroendocrine cell (Drosophila)"	"perfect match"	"EE_scRNA-seq"	NA	11
"ATCCACCTCTTGAGAC"	1	"SRX5979983"	"SRP200614"	"intestine"	"class II-m1 EE cell"	NA	NA	NA	"FBbt:00058005"	"adult middle midgut class II enteroendocrine cell (Drosophila)"	"perfect match"	"EE_scRNA-seq"	NA	3
"ATCCGAACAAGCGTAG"	4	"SRX5979983"	"SRP200614"	"intestine"	"class II-m2 EE cell"	NA	NA	NA	"FBbt:00058005"	"adult middle midgut class II enteroendocrine cell (Drosophila)"	"perfect match"	"EE_scRNA-seq"	NA	8
"ATCCGAACATGCGCAC"	1	"SRX5979983"	"SRP200614"	"intestine"	"class II-m1 EE cell"	NA	NA	NA	"FBbt:00058005"	"adult middle midgut class II enteroendocrine cell (Drosophila)"	"perfect match"	"EE_scRNA-seq"	NA	3
"ATCCGAACATTACGAC"	2	"SRX5979983"	"SRP200614"	"intestine"	"class I-ap EE cell"	NA	NA	NA	"FBbt:00058000"	"adult class I enteroendocrine cell (Drosophila)"	"other"	"EE_scRNA-seq"	NA	5
"ATCCGAAGTATAATGG"	5	"SRX5979983"	"SRP200614"	"intestine"	"class I-p CCHa1 EE cell"	NA	NA	NA	"FBbt:00058003"	"adult posterior midgut class I enteroendocrine cell (Drosophila)"	"missing child term"	"EE_scRNA-seq"	NA	4
"ATCCGAAGTGATGTGG"	1	"SRX5979983"	"SRP200614"	"intestine"	"class II-m1 EE cell"	NA	NA	NA	"FBbt:00058005"	"adult middle midgut class II enteroendocrine cell (Drosophila)"	"perfect match"	"EE_scRNA-seq"	NA	3
"ATCCGAAGTGGCGAAT"	0	"SRX5979983"	"SRP200614"	"intestine"	"class I-m EE cell"	NA	NA	NA	"FBbt:00058002"	"adult middle midgut class I enteroendocrine cell (Drosophila)"	"perfect match"	"EE_scRNA-seq"	NA	1
"ATCCGAAGTTCTGGTA"	8	"SRX5979983"	"SRP200614"	"intestine"	"class I-a EE cell"	NA	NA	NA	"FBbt:00058001"	"adult anterior midgut class I enteroendocrine cell (Drosophila)"	"perfect match"	"EE_scRNA-seq"	NA	2
"ATCCGAATCACATACG"	0	"SRX5979983"	"SRP200614"	"intestine"	"class I-m EE cell"	NA	NA	NA	"FBbt:00058002"	"adult middle midgut class I enteroendocrine cell (Drosophila)"	"perfect match"	"EE_scRNA-seq"	NA	1
"ATCGAGTAGAAGCCCA"	7	"SRX5979983"	"SRP200614"	"intestine"	"class II-p EE cell"	NA	NA	NA	"FBbt:00058006"	"adult posterior midgut class II enteroendocrine cell (Drosophila)"	"perfect match"	"EE_scRNA-seq"	NA	7
"ATCGAGTAGCTAAACA"	0	"SRX5979983"	"SRP200614"	"intestine"	"class I-m EE cell"	NA	NA	NA	"FBbt:00058002"	"adult middle midgut class I enteroendocrine cell (Drosophila)"	"perfect match"	"EE_scRNA-seq"	NA	1
"ATCGAGTCAAAGGTGC"	4	"SRX5979983"	"SRP200614"	"intestine"	"class II-m2 EE cell"	NA	NA	NA	"FBbt:00058005"	"adult middle midgut class II enteroendocrine cell (Drosophila)"	"perfect match"	"EE_scRNA-seq"	NA	8
"ATCGAGTCAAGCGATG"	0	"SRX5979983"	"SRP200614"	"intestine"	"class I-m EE cell"	NA	NA	NA	"FBbt:00058002"	"adult middle midgut class I enteroendocrine cell (Drosophila)"	"perfect match"	"EE_scRNA-seq"	NA	1
"ATCGAGTGTCCTCCAT"	3	"SRX5979983"	"SRP200614"	"intestine"	"class II-a EE cell"	NA	NA	NA	"FBbt:00058004"	"adult anterior midgut class II enteroendocrine cell (Drosophila)"	"perfect match"	"EE_scRNA-seq"	NA	9
"ATCGAGTGTTACCAGT"	0	"SRX5979983"	"SRP200614"	"intestine"	"class I-m EE cell"	NA	NA	NA	"FBbt:00058002"	"adult middle midgut class I enteroendocrine cell (Drosophila)"	"perfect match"	"EE_scRNA-seq"	NA	1
"ATCGAGTGTTAGAACA"	5	"SRX5979983"	"SRP200614"	"intestine"	"class I-p CCHa1 EE cell"	NA	NA	NA	"FBbt:00058003"	"adult posterior midgut class I enteroendocrine cell (Drosophila)"	"missing child term"	"EE_scRNA-seq"	NA	4
"ATCGAGTTCAGGCAAG"	2	"SRX5979983"	"SRP200614"	"intestine"	"class I-ap EE cell"	NA	NA	NA	"FBbt:00058000"	"adult class I enteroendocrine cell (Drosophila)"	"other"	"EE_scRNA-seq"	NA	5
"ATCGAGTTCATAGCAC"	2	"SRX5979983"	"SRP200614"	"intestine"	"class I-ap EE cell"	NA	NA	NA	"FBbt:00058000"	"adult class I enteroendocrine cell (Drosophila)"	"other"	"EE_scRNA-seq"	NA	5
"ATCGAGTTCATGCTCC"	0	"SRX5979983"	"SRP200614"	"intestine"	"class I-m EE cell"	NA	NA	NA	"FBbt:00058002"	"adult middle midgut class I enteroendocrine cell (Drosophila)"	"perfect match"	"EE_scRNA-seq"	NA	1
"ATCTACTAGAGGTAGA"	1	"SRX5979983"	"SRP200614"	"intestine"	"class II-m1 EE cell"	NA	NA	NA	"FBbt:00058005"	"adult middle midgut class II enteroendocrine cell (Drosophila)"	"perfect match"	"EE_scRNA-seq"	NA	3
"ATCTACTAGTTTCCTT"	5	"SRX5979983"	"SRP200614"	"intestine"	"class I-p CCHa1 EE cell"	NA	NA	NA	"FBbt:00058003"	"adult posterior midgut class I enteroendocrine cell (Drosophila)"	"missing child term"	"EE_scRNA-seq"	NA	4
"ATCTACTCAGCAGTTT"	4	"SRX5979983"	"SRP200614"	"intestine"	"class II-m2 EE cell"	NA	NA	NA	"FBbt:00058005"	"adult middle midgut class II enteroendocrine cell (Drosophila)"	"perfect match"	"EE_scRNA-seq"	NA	8
"ATCTACTCAGCTCGAC"	5	"SRX5979983"	"SRP200614"	"intestine"	"class I-p CCHa1 EE cell"	NA	NA	NA	"FBbt:00058003"	"adult posterior midgut class I enteroendocrine cell (Drosophila)"	"missing child term"	"EE_scRNA-seq"	NA	4
"ATCTACTCATCTCCCA"	2	"SRX5979983"	"SRP200614"	"intestine"	"class I-ap EE cell"	NA	NA	NA	"FBbt:00058000"	"adult class I enteroendocrine cell (Drosophila)"	"other"	"EE_scRNA-seq"	NA	5
"ATCTACTGTTGCCTCT"	0	"SRX5979983"	"SRP200614"	"intestine"	"class I-m EE cell"	NA	NA	NA	"FBbt:00058002"	"adult middle midgut class I enteroendocrine cell (Drosophila)"	"perfect match"	"EE_scRNA-seq"	NA	1
"ATCTACTTCACAGTAC"	4	"SRX5979983"	"SRP200614"	"intestine"	"class II-m2 EE cell"	NA	NA	NA	"FBbt:00058005"	"adult middle midgut class II enteroendocrine cell (Drosophila)"	"perfect match"	"EE_scRNA-seq"	NA	8
"ATCTACTTCCAATGGT"	2	"SRX5979983"	"SRP200614"	"intestine"	"class I-ap EE cell"	NA	NA	NA	"FBbt:00058000"	"adult class I enteroendocrine cell (Drosophila)"	"other"	"EE_scRNA-seq"	NA	5
"ATCTACTTCGATCCCT"	7	"SRX5979983"	"SRP200614"	"intestine"	"class II-p EE cell"	NA	NA	NA	"FBbt:00058006"	"adult posterior midgut class II enteroendocrine cell (Drosophila)"	"perfect match"	"EE_scRNA-seq"	NA	7
"ATCTACTTCGCTAGCG"	6	"SRX5979983"	"SRP200614"	"intestine"	"class I-p AstA EE cell"	NA	NA	NA	"FBbt:00058003"	"adult posterior midgut class I enteroendocrine cell (Drosophila)"	"missing child term"	"EE_scRNA-seq"	NA	6
"ATCTGCCAGGTACTCT"	6	"SRX5979983"	"SRP200614"	"intestine"	"class I-p AstA EE cell"	NA	NA	NA	"FBbt:00058003"	"adult posterior midgut class I enteroendocrine cell (Drosophila)"	"missing child term"	"EE_scRNA-seq"	NA	6
"ATCTGCCAGTTCCACA"	7	"SRX5979983"	"SRP200614"	"intestine"	"class II-p EE cell"	NA	NA	NA	"FBbt:00058006"	"adult posterior midgut class II enteroendocrine cell (Drosophila)"	"perfect match"	"EE_scRNA-seq"	NA	7
"ATCTGCCCAAGAAGAG"	6	"SRX5979983"	"SRP200614"	"intestine"	"class I-p AstA EE cell"	NA	NA	NA	"FBbt:00058003"	"adult posterior midgut class I enteroendocrine cell (Drosophila)"	"missing child term"	"EE_scRNA-seq"	NA	6
"ATCTGCCCACAACGTT"	1	"SRX5979983"	"SRP200614"	"intestine"	"class II-m1 EE cell"	NA	NA	NA	"FBbt:00058005"	"adult middle midgut class II enteroendocrine cell (Drosophila)"	"perfect match"	"EE_scRNA-seq"	NA	3
"ATCTGCCGTCGACTGC"	1	"SRX5979983"	"SRP200614"	"intestine"	"class II-m1 EE cell"	NA	NA	NA	"FBbt:00058005"	"adult middle midgut class II enteroendocrine cell (Drosophila)"	"perfect match"	"EE_scRNA-seq"	NA	3
"ATCTGCCGTCGCATAT"	5	"SRX5979983"	"SRP200614"	"intestine"	"class I-p CCHa1 EE cell"	NA	NA	NA	"FBbt:00058003"	"adult posterior midgut class I enteroendocrine cell (Drosophila)"	"missing child term"	"EE_scRNA-seq"	NA	4
"ATCTGCCGTGCCTGGT"	1	"SRX5979983"	"SRP200614"	"intestine"	"class II-m1 EE cell"	NA	NA	NA	"FBbt:00058005"	"adult middle midgut class II enteroendocrine cell (Drosophila)"	"perfect match"	"EE_scRNA-seq"	NA	3
"ATCTGCCGTTACTGAC"	4	"SRX5979983"	"SRP200614"	"intestine"	"class II-m2 EE cell"	NA	NA	NA	"FBbt:00058005"	"adult middle midgut class II enteroendocrine cell (Drosophila)"	"perfect match"	"EE_scRNA-seq"	NA	8
"ATCTGCCTCGAGCCCA"	1	"SRX5979983"	"SRP200614"	"intestine"	"class II-m1 EE cell"	NA	NA	NA	"FBbt:00058005"	"adult middle midgut class II enteroendocrine cell (Drosophila)"	"perfect match"	"EE_scRNA-seq"	NA	3
"ATGAGGGAGAAGGTGA"	5	"SRX5979983"	"SRP200614"	"intestine"	"class I-p CCHa1 EE cell"	NA	NA	NA	"FBbt:00058003"	"adult posterior midgut class I enteroendocrine cell (Drosophila)"	"missing child term"	"EE_scRNA-seq"	NA	4
"ATGAGGGAGACCTTTG"	1	"SRX5979983"	"SRP200614"	"intestine"	"class II-m1 EE cell"	NA	NA	NA	"FBbt:00058005"	"adult middle midgut class II enteroendocrine cell (Drosophila)"	"perfect match"	"EE_scRNA-seq"	NA	3
"ATGAGGGAGCTACCTA"	3	"SRX5979983"	"SRP200614"	"intestine"	"class II-a EE cell"	NA	NA	NA	"FBbt:00058004"	"adult anterior midgut class II enteroendocrine cell (Drosophila)"	"perfect match"	"EE_scRNA-seq"	NA	9
"ATGAGGGAGTGTACTC"	7	"SRX5979983"	"SRP200614"	"intestine"	"class II-p EE cell"	NA	NA	NA	"FBbt:00058006"	"adult posterior midgut class II enteroendocrine cell (Drosophila)"	"perfect match"	"EE_scRNA-seq"	NA	7
"ATGAGGGGTCTGCGGT"	0	"SRX5979983"	"SRP200614"	"intestine"	"class I-m EE cell"	NA	NA	NA	"FBbt:00058002"	"adult middle midgut class I enteroendocrine cell (Drosophila)"	"perfect match"	"EE_scRNA-seq"	NA	1
"ATGAGGGGTGCACTTA"	6	"SRX5979983"	"SRP200614"	"intestine"	"class I-p AstA EE cell"	NA	NA	NA	"FBbt:00058003"	"adult posterior midgut class I enteroendocrine cell (Drosophila)"	"missing child term"	"EE_scRNA-seq"	NA	6
"ATGAGGGGTTACAGAA"	0	"SRX5979983"	"SRP200614"	"intestine"	"class I-m EE cell"	NA	NA	NA	"FBbt:00058002"	"adult middle midgut class I enteroendocrine cell (Drosophila)"	"perfect match"	"EE_scRNA-seq"	NA	1
"ATGAGGGTCCTCAATT"	5	"SRX5979983"	"SRP200614"	"intestine"	"class I-p CCHa1 EE cell"	NA	NA	NA	"FBbt:00058003"	"adult posterior midgut class I enteroendocrine cell (Drosophila)"	"missing child term"	"EE_scRNA-seq"	NA	4
"ATGAGGGTCGGCCGAT"	5	"SRX5979983"	"SRP200614"	"intestine"	"class I-p CCHa1 EE cell"	NA	NA	NA	"FBbt:00058003"	"adult posterior midgut class I enteroendocrine cell (Drosophila)"	"missing child term"	"EE_scRNA-seq"	NA	4
"ATGAGGGTCTTGTATC"	1	"SRX5979983"	"SRP200614"	"intestine"	"class II-m1 EE cell"	NA	NA	NA	"FBbt:00058005"	"adult middle midgut class II enteroendocrine cell (Drosophila)"	"perfect match"	"EE_scRNA-seq"	NA	3
"ATGCGATAGAGCTGGT"	3	"SRX5979983"	"SRP200614"	"intestine"	"class II-a EE cell"	NA	NA	NA	"FBbt:00058004"	"adult anterior midgut class II enteroendocrine cell (Drosophila)"	"perfect match"	"EE_scRNA-seq"	NA	9
"ATGCGATAGATTACCC"	1	"SRX5979983"	"SRP200614"	"intestine"	"class II-m1 EE cell"	NA	NA	NA	"FBbt:00058005"	"adult middle midgut class II enteroendocrine cell (Drosophila)"	"perfect match"	"EE_scRNA-seq"	NA	3
"ATGCGATAGCTGGAAC"	6	"SRX5979983"	"SRP200614"	"intestine"	"class I-p AstA EE cell"	NA	NA	NA	"FBbt:00058003"	"adult posterior midgut class I enteroendocrine cell (Drosophila)"	"missing child term"	"EE_scRNA-seq"	NA	6
"ATGCGATAGGAACTGC"	5	"SRX5979983"	"SRP200614"	"intestine"	"class I-p CCHa1 EE cell"	NA	NA	NA	"FBbt:00058003"	"adult posterior midgut class I enteroendocrine cell (Drosophila)"	"missing child term"	"EE_scRNA-seq"	NA	4
"ATGCGATCAACTGCGC"	0	"SRX5979983"	"SRP200614"	"intestine"	"class I-m EE cell"	NA	NA	NA	"FBbt:00058002"	"adult middle midgut class I enteroendocrine cell (Drosophila)"	"perfect match"	"EE_scRNA-seq"	NA	1
"ATGCGATCAAGCCATT"	0	"SRX5979983"	"SRP200614"	"intestine"	"class I-m EE cell"	NA	NA	NA	"FBbt:00058002"	"adult middle midgut class I enteroendocrine cell (Drosophila)"	"perfect match"	"EE_scRNA-seq"	NA	1
"ATGCGATCACTTAACG"	2	"SRX5979983"	"SRP200614"	"intestine"	"class I-ap EE cell"	NA	NA	NA	"FBbt:00058000"	"adult class I enteroendocrine cell (Drosophila)"	"other"	"EE_scRNA-seq"	NA	5
"ATGCGATCAGCGTAAG"	8	"SRX5979983"	"SRP200614"	"intestine"	"class I-a EE cell"	NA	NA	NA	"FBbt:00058001"	"adult anterior midgut class I enteroendocrine cell (Drosophila)"	"perfect match"	"EE_scRNA-seq"	NA	2
"ATGCGATGTAAGTTCC"	6	"SRX5979983"	"SRP200614"	"intestine"	"class I-p AstA EE cell"	NA	NA	NA	"FBbt:00058003"	"adult posterior midgut class I enteroendocrine cell (Drosophila)"	"missing child term"	"EE_scRNA-seq"	NA	6
"ATGCGATGTCTTGTCC"	8	"SRX5979983"	"SRP200614"	"intestine"	"class I-a EE cell"	NA	NA	NA	"FBbt:00058001"	"adult anterior midgut class I enteroendocrine cell (Drosophila)"	"perfect match"	"EE_scRNA-seq"	NA	2
"ATGCGATGTGAGGGTT"	5	"SRX5979983"	"SRP200614"	"intestine"	"class I-p CCHa1 EE cell"	NA	NA	NA	"FBbt:00058003"	"adult posterior midgut class I enteroendocrine cell (Drosophila)"	"missing child term"	"EE_scRNA-seq"	NA	4
"ATGCGATGTTACGACT"	4	"SRX5979983"	"SRP200614"	"intestine"	"class II-m2 EE cell"	NA	NA	NA	"FBbt:00058005"	"adult middle midgut class II enteroendocrine cell (Drosophila)"	"perfect match"	"EE_scRNA-seq"	NA	8
"ATGCGATTCAACTCTT"	8	"SRX5979983"	"SRP200614"	"intestine"	"class I-a EE cell"	NA	NA	NA	"FBbt:00058001"	"adult anterior midgut class I enteroendocrine cell (Drosophila)"	"perfect match"	"EE_scRNA-seq"	NA	2
"ATGCGATTCGTCTGAA"	0	"SRX5979983"	"SRP200614"	"intestine"	"class I-m EE cell"	NA	NA	NA	"FBbt:00058002"	"adult middle midgut class I enteroendocrine cell (Drosophila)"	"perfect match"	"EE_scRNA-seq"	NA	1
"ATGCGATTCTTTACAC"	9	"SRX5979983"	"SRP200614"	"intestine"	"class III EE cell"	NA	NA	NA	"FBbt:00058200"	"adult class III enteroendocrine cell (Drosophila)"	"perfect match"	"EE_scRNA-seq"	NA	11
"ATGGGAGAGACTGTAA"	5	"SRX5979983"	"SRP200614"	"intestine"	"class I-p CCHa1 EE cell"	NA	NA	NA	"FBbt:00058003"	"adult posterior midgut class I enteroendocrine cell (Drosophila)"	"missing child term"	"EE_scRNA-seq"	NA	4
"ATGGGAGAGGCAGGTT"	1	"SRX5979983"	"SRP200614"	"intestine"	"class II-m1 EE cell"	NA	NA	NA	"FBbt:00058005"	"adult middle midgut class II enteroendocrine cell (Drosophila)"	"perfect match"	"EE_scRNA-seq"	NA	3
"ATGGGAGCAAAGGTGC"	0	"SRX5979983"	"SRP200614"	"intestine"	"class I-m EE cell"	NA	NA	NA	"FBbt:00058002"	"adult middle midgut class I enteroendocrine cell (Drosophila)"	"perfect match"	"EE_scRNA-seq"	NA	1
"ATGGGAGCATCGTCGG"	1	"SRX5979983"	"SRP200614"	"intestine"	"class II-m1 EE cell"	NA	NA	NA	"FBbt:00058005"	"adult middle midgut class II enteroendocrine cell (Drosophila)"	"perfect match"	"EE_scRNA-seq"	NA	3
"ATGGGAGGTGAGTATA"	1	"SRX5979983"	"SRP200614"	"intestine"	"class II-m1 EE cell"	NA	NA	NA	"FBbt:00058005"	"adult middle midgut class II enteroendocrine cell (Drosophila)"	"perfect match"	"EE_scRNA-seq"	NA	3
"ATGGGAGGTGATGCCC"	6	"SRX5979983"	"SRP200614"	"intestine"	"class I-p AstA EE cell"	NA	NA	NA	"FBbt:00058003"	"adult posterior midgut class I enteroendocrine cell (Drosophila)"	"missing child term"	"EE_scRNA-seq"	NA	6
"ATGGGAGGTTATCCGA"	5	"SRX5979983"	"SRP200614"	"intestine"	"class I-p CCHa1 EE cell"	NA	NA	NA	"FBbt:00058003"	"adult posterior midgut class I enteroendocrine cell (Drosophila)"	"missing child term"	"EE_scRNA-seq"	NA	4
"ATGGGAGGTTGGTAAA"	0	"SRX5979983"	"SRP200614"	"intestine"	"class I-m EE cell"	NA	NA	NA	"FBbt:00058002"	"adult middle midgut class I enteroendocrine cell (Drosophila)"	"perfect match"	"EE_scRNA-seq"	NA	1
"ATGGGAGGTTTGTTTC"	0	"SRX5979983"	"SRP200614"	"intestine"	"class I-m EE cell"	NA	NA	NA	"FBbt:00058002"	"adult middle midgut class I enteroendocrine cell (Drosophila)"	"perfect match"	"EE_scRNA-seq"	NA	1
"ATGGGAGTCAATCACG"	8	"SRX5979983"	"SRP200614"	"intestine"	"class I-a EE cell"	NA	NA	NA	"FBbt:00058001"	"adult anterior midgut class I enteroendocrine cell (Drosophila)"	"perfect match"	"EE_scRNA-seq"	NA	2
"ATGGGAGTCGCATGGC"	1	"SRX5979983"	"SRP200614"	"intestine"	"class II-m1 EE cell"	NA	NA	NA	"FBbt:00058005"	"adult middle midgut class II enteroendocrine cell (Drosophila)"	"perfect match"	"EE_scRNA-seq"	NA	3
"ATGGGAGTCGCGCCAA"	0	"SRX5979983"	"SRP200614"	"intestine"	"class I-m EE cell"	NA	NA	NA	"FBbt:00058002"	"adult middle midgut class I enteroendocrine cell (Drosophila)"	"perfect match"	"EE_scRNA-seq"	NA	1
"ATGGGAGTCTAACTTC"	1	"SRX5979983"	"SRP200614"	"intestine"	"class II-m1 EE cell"	NA	NA	NA	"FBbt:00058005"	"adult middle midgut class II enteroendocrine cell (Drosophila)"	"perfect match"	"EE_scRNA-seq"	NA	3
"ATGTGTGAGAAGGCCT"	0	"SRX5979983"	"SRP200614"	"intestine"	"class I-m EE cell"	NA	NA	NA	"FBbt:00058002"	"adult middle midgut class I enteroendocrine cell (Drosophila)"	"perfect match"	"EE_scRNA-seq"	NA	1
"ATGTGTGAGCTGAACG"	4	"SRX5979983"	"SRP200614"	"intestine"	"class II-m2 EE cell"	NA	NA	NA	"FBbt:00058005"	"adult middle midgut class II enteroendocrine cell (Drosophila)"	"perfect match"	"EE_scRNA-seq"	NA	8
"ATGTGTGAGGGCACTA"	0	"SRX5979983"	"SRP200614"	"intestine"	"class I-m EE cell"	NA	NA	NA	"FBbt:00058002"	"adult middle midgut class I enteroendocrine cell (Drosophila)"	"perfect match"	"EE_scRNA-seq"	NA	1
"ATGTGTGCATGCGCAC"	8	"SRX5979983"	"SRP200614"	"intestine"	"class I-a EE cell"	NA	NA	NA	"FBbt:00058001"	"adult anterior midgut class I enteroendocrine cell (Drosophila)"	"perfect match"	"EE_scRNA-seq"	NA	2
"ATGTGTGGTGGCCCTA"	3	"SRX5979983"	"SRP200614"	"intestine"	"class II-a EE cell"	NA	NA	NA	"FBbt:00058004"	"adult anterior midgut class II enteroendocrine cell (Drosophila)"	"perfect match"	"EE_scRNA-seq"	NA	9
"ATGTGTGTCAGCAACT"	0	"SRX5979983"	"SRP200614"	"intestine"	"class I-m EE cell"	NA	NA	NA	"FBbt:00058002"	"adult middle midgut class I enteroendocrine cell (Drosophila)"	"perfect match"	"EE_scRNA-seq"	NA	1
"ATGTGTGTCGCATGAT"	2	"SRX5979983"	"SRP200614"	"intestine"	"class I-ap EE cell"	NA	NA	NA	"FBbt:00058000"	"adult class I enteroendocrine cell (Drosophila)"	"other"	"EE_scRNA-seq"	NA	5
"ATGTGTGTCTACCAGA"	3	"SRX5979983"	"SRP200614"	"intestine"	"class II-a EE cell"	NA	NA	NA	"FBbt:00058004"	"adult anterior midgut class II enteroendocrine cell (Drosophila)"	"perfect match"	"EE_scRNA-seq"	NA	9
"ATGTGTGTCTGTCTCG"	6	"SRX5979983"	"SRP200614"	"intestine"	"class I-p AstA EE cell"	NA	NA	NA	"FBbt:00058003"	"adult posterior midgut class I enteroendocrine cell (Drosophila)"	"missing child term"	"EE_scRNA-seq"	NA	6
"ATTACTCAGAGCCTAG"	0	"SRX5979983"	"SRP200614"	"intestine"	"class I-m EE cell"	NA	NA	NA	"FBbt:00058002"	"adult middle midgut class I enteroendocrine cell (Drosophila)"	"perfect match"	"EE_scRNA-seq"	NA	1
"ATTACTCAGATAGTCA"	6	"SRX5979983"	"SRP200614"	"intestine"	"class I-p AstA EE cell"	NA	NA	NA	"FBbt:00058003"	"adult posterior midgut class I enteroendocrine cell (Drosophila)"	"missing child term"	"EE_scRNA-seq"	NA	6
"ATTACTCCAATGTTGC"	1	"SRX5979983"	"SRP200614"	"intestine"	"class II-m1 EE cell"	NA	NA	NA	"FBbt:00058005"	"adult middle midgut class II enteroendocrine cell (Drosophila)"	"perfect match"	"EE_scRNA-seq"	NA	3
"ATTACTCCACCGCTAG"	0	"SRX5979983"	"SRP200614"	"intestine"	"class I-m EE cell"	NA	NA	NA	"FBbt:00058002"	"adult middle midgut class I enteroendocrine cell (Drosophila)"	"perfect match"	"EE_scRNA-seq"	NA	1
"ATTACTCGTATAAACG"	8	"SRX5979983"	"SRP200614"	"intestine"	"class I-a EE cell"	NA	NA	NA	"FBbt:00058001"	"adult anterior midgut class I enteroendocrine cell (Drosophila)"	"perfect match"	"EE_scRNA-seq"	NA	2
"ATTACTCGTCTAGAGG"	10	"SRX5979983"	"SRP200614"	"intestine"	"EE progenitor cell"	NA	NA	NA	"FBbt:00049284"	"adult enteroendocrine precursor cell (Drosophila)"	"perfect match"	"EE_scRNA-seq"	NA	10
"ATTACTCGTTACGGAG"	0	"SRX5979983"	"SRP200614"	"intestine"	"class I-m EE cell"	NA	NA	NA	"FBbt:00058002"	"adult middle midgut class I enteroendocrine cell (Drosophila)"	"perfect match"	"EE_scRNA-seq"	NA	1
"ATTACTCTCAGCTGGC"	1	"SRX5979983"	"SRP200614"	"intestine"	"class II-m1 EE cell"	NA	NA	NA	"FBbt:00058005"	"adult middle midgut class II enteroendocrine cell (Drosophila)"	"perfect match"	"EE_scRNA-seq"	NA	3
"ATTACTCTCGTAGGAG"	1	"SRX5979983"	"SRP200614"	"intestine"	"class II-m1 EE cell"	NA	NA	NA	"FBbt:00058005"	"adult middle midgut class II enteroendocrine cell (Drosophila)"	"perfect match"	"EE_scRNA-seq"	NA	3
"ATTACTCTCGTTTATC"	0	"SRX5979983"	"SRP200614"	"intestine"	"class I-m EE cell"	NA	NA	NA	"FBbt:00058002"	"adult middle midgut class I enteroendocrine cell (Drosophila)"	"perfect match"	"EE_scRNA-seq"	NA	1
"ATTACTCTCTCACATT"	7	"SRX5979983"	"SRP200614"	"intestine"	"class II-p EE cell"	NA	NA	NA	"FBbt:00058006"	"adult posterior midgut class II enteroendocrine cell (Drosophila)"	"perfect match"	"EE_scRNA-seq"	NA	7
"ATTATCCCACCCATGG"	1	"SRX5979983"	"SRP200614"	"intestine"	"class II-m1 EE cell"	NA	NA	NA	"FBbt:00058005"	"adult middle midgut class II enteroendocrine cell (Drosophila)"	"perfect match"	"EE_scRNA-seq"	NA	3
"ATTATCCGTCTCTCTG"	0	"SRX5979983"	"SRP200614"	"intestine"	"class I-m EE cell"	NA	NA	NA	"FBbt:00058002"	"adult middle midgut class I enteroendocrine cell (Drosophila)"	"perfect match"	"EE_scRNA-seq"	NA	1
"ATTATCCGTTCCGTCT"	3	"SRX5979983"	"SRP200614"	"intestine"	"class II-a EE cell"	NA	NA	NA	"FBbt:00058004"	"adult anterior midgut class II enteroendocrine cell (Drosophila)"	"perfect match"	"EE_scRNA-seq"	NA	9
"ATTATCCGTTGAGTTC"	1	"SRX5979983"	"SRP200614"	"intestine"	"class II-m1 EE cell"	NA	NA	NA	"FBbt:00058005"	"adult middle midgut class II enteroendocrine cell (Drosophila)"	"perfect match"	"EE_scRNA-seq"	NA	3
"ATTCTACAGCCGTCGT"	2	"SRX5979983"	"SRP200614"	"intestine"	"class I-ap EE cell"	NA	NA	NA	"FBbt:00058000"	"adult class I enteroendocrine cell (Drosophila)"	"other"	"EE_scRNA-seq"	NA	5
"ATTCTACAGTTAAGTG"	4	"SRX5979983"	"SRP200614"	"intestine"	"class II-m2 EE cell"	NA	NA	NA	"FBbt:00058005"	"adult middle midgut class II enteroendocrine cell (Drosophila)"	"perfect match"	"EE_scRNA-seq"	NA	8
"ATTCTACCAGCGTTCG"	0	"SRX5979983"	"SRP200614"	"intestine"	"class I-m EE cell"	NA	NA	NA	"FBbt:00058002"	"adult middle midgut class I enteroendocrine cell (Drosophila)"	"perfect match"	"EE_scRNA-seq"	NA	1
"ATTCTACGTGATGATA"	4	"SRX5979983"	"SRP200614"	"intestine"	"class II-m2 EE cell"	NA	NA	NA	"FBbt:00058005"	"adult middle midgut class II enteroendocrine cell (Drosophila)"	"perfect match"	"EE_scRNA-seq"	NA	8
"ATTCTACGTTAAAGTG"	7	"SRX5979983"	"SRP200614"	"intestine"	"class II-p EE cell"	NA	NA	NA	"FBbt:00058006"	"adult posterior midgut class II enteroendocrine cell (Drosophila)"	"perfect match"	"EE_scRNA-seq"	NA	7
"ATTCTACTCACCCGAG"	1	"SRX5979983"	"SRP200614"	"intestine"	"class II-m1 EE cell"	NA	NA	NA	"FBbt:00058005"	"adult middle midgut class II enteroendocrine cell (Drosophila)"	"perfect match"	"EE_scRNA-seq"	NA	3
"ATTCTACTCACCGTAA"	0	"SRX5979983"	"SRP200614"	"intestine"	"class I-m EE cell"	NA	NA	NA	"FBbt:00058002"	"adult middle midgut class I enteroendocrine cell (Drosophila)"	"perfect match"	"EE_scRNA-seq"	NA	1
"ATTCTACTCCAGTATG"	5	"SRX5979983"	"SRP200614"	"intestine"	"class I-p CCHa1 EE cell"	NA	NA	NA	"FBbt:00058003"	"adult posterior midgut class I enteroendocrine cell (Drosophila)"	"missing child term"	"EE_scRNA-seq"	NA	4
"ATTCTACTCCGAACGC"	4	"SRX5979983"	"SRP200614"	"intestine"	"class II-m2 EE cell"	NA	NA	NA	"FBbt:00058005"	"adult middle midgut class II enteroendocrine cell (Drosophila)"	"perfect match"	"EE_scRNA-seq"	NA	8
"ATTCTACTCCGCATAA"	5	"SRX5979983"	"SRP200614"	"intestine"	"class I-p CCHa1 EE cell"	NA	NA	NA	"FBbt:00058003"	"adult posterior midgut class I enteroendocrine cell (Drosophila)"	"missing child term"	"EE_scRNA-seq"	NA	4
"ATTGGACAGGACACCA"	1	"SRX5979983"	"SRP200614"	"intestine"	"class II-m1 EE cell"	NA	NA	NA	"FBbt:00058005"	"adult middle midgut class II enteroendocrine cell (Drosophila)"	"perfect match"	"EE_scRNA-seq"	NA	3
"ATTGGACCAATGACCT"	5	"SRX5979983"	"SRP200614"	"intestine"	"class I-p CCHa1 EE cell"	NA	NA	NA	"FBbt:00058003"	"adult posterior midgut class I enteroendocrine cell (Drosophila)"	"missing child term"	"EE_scRNA-seq"	NA	4
"ATTGGACCACCCATTC"	0	"SRX5979983"	"SRP200614"	"intestine"	"class I-m EE cell"	NA	NA	NA	"FBbt:00058002"	"adult middle midgut class I enteroendocrine cell (Drosophila)"	"perfect match"	"EE_scRNA-seq"	NA	1
"ATTGGACCACGCTTTC"	0	"SRX5979983"	"SRP200614"	"intestine"	"class I-m EE cell"	NA	NA	NA	"FBbt:00058002"	"adult middle midgut class I enteroendocrine cell (Drosophila)"	"perfect match"	"EE_scRNA-seq"	NA	1
"ATTGGACGTAAGAGAG"	1	"SRX5979983"	"SRP200614"	"intestine"	"class II-m1 EE cell"	NA	NA	NA	"FBbt:00058005"	"adult middle midgut class II enteroendocrine cell (Drosophila)"	"perfect match"	"EE_scRNA-seq"	NA	3
"ATTGGACGTAGTGAAT"	0	"SRX5979983"	"SRP200614"	"intestine"	"class I-m EE cell"	NA	NA	NA	"FBbt:00058002"	"adult middle midgut class I enteroendocrine cell (Drosophila)"	"perfect match"	"EE_scRNA-seq"	NA	1
"ATTGGACGTCTAGGTT"	2	"SRX5979983"	"SRP200614"	"intestine"	"class I-ap EE cell"	NA	NA	NA	"FBbt:00058000"	"adult class I enteroendocrine cell (Drosophila)"	"other"	"EE_scRNA-seq"	NA	5
"ATTGGTGAGATCGATA"	8	"SRX5979983"	"SRP200614"	"intestine"	"class I-a EE cell"	NA	NA	NA	"FBbt:00058001"	"adult anterior midgut class I enteroendocrine cell (Drosophila)"	"perfect match"	"EE_scRNA-seq"	NA	2
"ATTGGTGAGCCCAATT"	0	"SRX5979983"	"SRP200614"	"intestine"	"class I-m EE cell"	NA	NA	NA	"FBbt:00058002"	"adult middle midgut class I enteroendocrine cell (Drosophila)"	"perfect match"	"EE_scRNA-seq"	NA	1
"ATTGGTGCAATGAATG"	0	"SRX5979983"	"SRP200614"	"intestine"	"class I-m EE cell"	NA	NA	NA	"FBbt:00058002"	"adult middle midgut class I enteroendocrine cell (Drosophila)"	"perfect match"	"EE_scRNA-seq"	NA	1
"ATTGGTGCAGCGTTCG"	5	"SRX5979983"	"SRP200614"	"intestine"	"class I-p CCHa1 EE cell"	NA	NA	NA	"FBbt:00058003"	"adult posterior midgut class I enteroendocrine cell (Drosophila)"	"missing child term"	"EE_scRNA-seq"	NA	4
"ATTGGTGCAGGAATGC"	1	"SRX5979983"	"SRP200614"	"intestine"	"class II-m1 EE cell"	NA	NA	NA	"FBbt:00058005"	"adult middle midgut class II enteroendocrine cell (Drosophila)"	"perfect match"	"EE_scRNA-seq"	NA	3
"ATTGGTGGTAACGACG"	4	"SRX5979983"	"SRP200614"	"intestine"	"class II-m2 EE cell"	NA	NA	NA	"FBbt:00058005"	"adult middle midgut class II enteroendocrine cell (Drosophila)"	"perfect match"	"EE_scRNA-seq"	NA	8
"ATTGGTGGTACTCGCG"	0	"SRX5979983"	"SRP200614"	"intestine"	"class I-m EE cell"	NA	NA	NA	"FBbt:00058002"	"adult middle midgut class I enteroendocrine cell (Drosophila)"	"perfect match"	"EE_scRNA-seq"	NA	1
"ATTGGTGGTTCCACTC"	4	"SRX5979983"	"SRP200614"	"intestine"	"class II-m2 EE cell"	NA	NA	NA	"FBbt:00058005"	"adult middle midgut class II enteroendocrine cell (Drosophila)"	"perfect match"	"EE_scRNA-seq"	NA	8
"ATTGGTGTCTGGAGCC"	0	"SRX5979983"	"SRP200614"	"intestine"	"class I-m EE cell"	NA	NA	NA	"FBbt:00058002"	"adult middle midgut class I enteroendocrine cell (Drosophila)"	"perfect match"	"EE_scRNA-seq"	NA	1
"ATTTCTGAGATATACG"	1	"SRX5979983"	"SRP200614"	"intestine"	"class II-m1 EE cell"	NA	NA	NA	"FBbt:00058005"	"adult middle midgut class II enteroendocrine cell (Drosophila)"	"perfect match"	"EE_scRNA-seq"	NA	3
"ATTTCTGAGGGCTTCC"	7	"SRX5979983"	"SRP200614"	"intestine"	"class II-p EE cell"	NA	NA	NA	"FBbt:00058006"	"adult posterior midgut class II enteroendocrine cell (Drosophila)"	"perfect match"	"EE_scRNA-seq"	NA	7
"ATTTCTGAGTGTGGCA"	0	"SRX5979983"	"SRP200614"	"intestine"	"class I-m EE cell"	NA	NA	NA	"FBbt:00058002"	"adult middle midgut class I enteroendocrine cell (Drosophila)"	"perfect match"	"EE_scRNA-seq"	NA	1
"ATTTCTGCAAGAGTCG"	0	"SRX5979983"	"SRP200614"	"intestine"	"class I-m EE cell"	NA	NA	NA	"FBbt:00058002"	"adult middle midgut class I enteroendocrine cell (Drosophila)"	"perfect match"	"EE_scRNA-seq"	NA	1
"ATTTCTGCACCTCGTT"	0	"SRX5979983"	"SRP200614"	"intestine"	"class I-m EE cell"	NA	NA	NA	"FBbt:00058002"	"adult middle midgut class I enteroendocrine cell (Drosophila)"	"perfect match"	"EE_scRNA-seq"	NA	1
"ATTTCTGGTACCGTTA"	8	"SRX5979983"	"SRP200614"	"intestine"	"class I-a EE cell"	NA	NA	NA	"FBbt:00058001"	"adult anterior midgut class I enteroendocrine cell (Drosophila)"	"perfect match"	"EE_scRNA-seq"	NA	2
"ATTTCTGGTCTTTCAT"	6	"SRX5979983"	"SRP200614"	"intestine"	"class I-p AstA EE cell"	NA	NA	NA	"FBbt:00058003"	"adult posterior midgut class I enteroendocrine cell (Drosophila)"	"missing child term"	"EE_scRNA-seq"	NA	6
"ATTTCTGGTGCTGTAT"	0	"SRX5979983"	"SRP200614"	"intestine"	"class I-m EE cell"	NA	NA	NA	"FBbt:00058002"	"adult middle midgut class I enteroendocrine cell (Drosophila)"	"perfect match"	"EE_scRNA-seq"	NA	1
"ATTTCTGTCCAAAGTC"	2	"SRX5979983"	"SRP200614"	"intestine"	"class I-ap EE cell"	NA	NA	NA	"FBbt:00058000"	"adult class I enteroendocrine cell (Drosophila)"	"other"	"EE_scRNA-seq"	NA	5
"ATTTCTGTCCTGCAGG"	10	"SRX5979983"	"SRP200614"	"intestine"	"EE progenitor cell"	NA	NA	NA	"FBbt:00049284"	"adult enteroendocrine precursor cell (Drosophila)"	"perfect match"	"EE_scRNA-seq"	NA	10
"ATTTCTGTCGCGCCAA"	0	"SRX5979983"	"SRP200614"	"intestine"	"class I-m EE cell"	NA	NA	NA	"FBbt:00058002"	"adult middle midgut class I enteroendocrine cell (Drosophila)"	"perfect match"	"EE_scRNA-seq"	NA	1
"CAACCAAAGACTTTCG"	2	"SRX5979983"	"SRP200614"	"intestine"	"class I-ap EE cell"	NA	NA	NA	"FBbt:00058000"	"adult class I enteroendocrine cell (Drosophila)"	"other"	"EE_scRNA-seq"	NA	5
"CAACCAAAGCTCCTCT"	6	"SRX5979983"	"SRP200614"	"intestine"	"class I-p AstA EE cell"	NA	NA	NA	"FBbt:00058003"	"adult posterior midgut class I enteroendocrine cell (Drosophila)"	"missing child term"	"EE_scRNA-seq"	NA	6
"CAACCAACAAGTTCTG"	2	"SRX5979983"	"SRP200614"	"intestine"	"class I-ap EE cell"	NA	NA	NA	"FBbt:00058000"	"adult class I enteroendocrine cell (Drosophila)"	"other"	"EE_scRNA-seq"	NA	5
"CAACCAACAATGAAAC"	2	"SRX5979983"	"SRP200614"	"intestine"	"class I-ap EE cell"	NA	NA	NA	"FBbt:00058000"	"adult class I enteroendocrine cell (Drosophila)"	"other"	"EE_scRNA-seq"	NA	5
"CAACCAACACAGAGGT"	1	"SRX5979983"	"SRP200614"	"intestine"	"class II-m1 EE cell"	NA	NA	NA	"FBbt:00058005"	"adult middle midgut class II enteroendocrine cell (Drosophila)"	"perfect match"	"EE_scRNA-seq"	NA	3
"CAACCAAGTAAGGGAA"	3	"SRX5979983"	"SRP200614"	"intestine"	"class II-a EE cell"	NA	NA	NA	"FBbt:00058004"	"adult anterior midgut class II enteroendocrine cell (Drosophila)"	"perfect match"	"EE_scRNA-seq"	NA	9
"CAACCAAGTCAGATAA"	5	"SRX5979983"	"SRP200614"	"intestine"	"class I-p CCHa1 EE cell"	NA	NA	NA	"FBbt:00058003"	"adult posterior midgut class I enteroendocrine cell (Drosophila)"	"missing child term"	"EE_scRNA-seq"	NA	4
"CAACCAAGTCCGTCAG"	0	"SRX5979983"	"SRP200614"	"intestine"	"class I-m EE cell"	NA	NA	NA	"FBbt:00058002"	"adult middle midgut class I enteroendocrine cell (Drosophila)"	"perfect match"	"EE_scRNA-seq"	NA	1
"CAACCAAGTCTCTCGT"	2	"SRX5979983"	"SRP200614"	"intestine"	"class I-ap EE cell"	NA	NA	NA	"FBbt:00058000"	"adult class I enteroendocrine cell (Drosophila)"	"other"	"EE_scRNA-seq"	NA	5
"CAACCAATCATACGGT"	6	"SRX5979983"	"SRP200614"	"intestine"	"class I-p AstA EE cell"	NA	NA	NA	"FBbt:00058003"	"adult posterior midgut class I enteroendocrine cell (Drosophila)"	"missing child term"	"EE_scRNA-seq"	NA	6
"CAACCTCAGACGACGT"	1	"SRX5979983"	"SRP200614"	"intestine"	"class II-m1 EE cell"	NA	NA	NA	"FBbt:00058005"	"adult middle midgut class II enteroendocrine cell (Drosophila)"	"perfect match"	"EE_scRNA-seq"	NA	3
"CAACCTCAGCTGAACG"	6	"SRX5979983"	"SRP200614"	"intestine"	"class I-p AstA EE cell"	NA	NA	NA	"FBbt:00058003"	"adult posterior midgut class I enteroendocrine cell (Drosophila)"	"missing child term"	"EE_scRNA-seq"	NA	6
"CAACCTCAGTTAGGTA"	0	"SRX5979983"	"SRP200614"	"intestine"	"class I-m EE cell"	NA	NA	NA	"FBbt:00058002"	"adult middle midgut class I enteroendocrine cell (Drosophila)"	"perfect match"	"EE_scRNA-seq"	NA	1
"CAACCTCAGTTATCGC"	3	"SRX5979983"	"SRP200614"	"intestine"	"class II-a EE cell"	NA	NA	NA	"FBbt:00058004"	"adult anterior midgut class II enteroendocrine cell (Drosophila)"	"perfect match"	"EE_scRNA-seq"	NA	9
"CAACCTCCACAGCCCA"	0	"SRX5979983"	"SRP200614"	"intestine"	"class I-m EE cell"	NA	NA	NA	"FBbt:00058002"	"adult middle midgut class I enteroendocrine cell (Drosophila)"	"perfect match"	"EE_scRNA-seq"	NA	1
"CAACCTCCACATGACT"	3	"SRX5979983"	"SRP200614"	"intestine"	"class II-a EE cell"	NA	NA	NA	"FBbt:00058004"	"adult anterior midgut class II enteroendocrine cell (Drosophila)"	"perfect match"	"EE_scRNA-seq"	NA	9
"CAACCTCCACTTCGAA"	4	"SRX5979983"	"SRP200614"	"intestine"	"class II-m2 EE cell"	NA	NA	NA	"FBbt:00058005"	"adult middle midgut class II enteroendocrine cell (Drosophila)"	"perfect match"	"EE_scRNA-seq"	NA	8
"CAACCTCCAGATGGCA"	3	"SRX5979983"	"SRP200614"	"intestine"	"class II-a EE cell"	NA	NA	NA	"FBbt:00058004"	"adult anterior midgut class II enteroendocrine cell (Drosophila)"	"perfect match"	"EE_scRNA-seq"	NA	9
"CAACCTCCAGCTGGCT"	0	"SRX5979983"	"SRP200614"	"intestine"	"class I-m EE cell"	NA	NA	NA	"FBbt:00058002"	"adult middle midgut class I enteroendocrine cell (Drosophila)"	"perfect match"	"EE_scRNA-seq"	NA	1
"CAACCTCCATCAGTCA"	3	"SRX5979983"	"SRP200614"	"intestine"	"class II-a EE cell"	NA	NA	NA	"FBbt:00058004"	"adult anterior midgut class II enteroendocrine cell (Drosophila)"	"perfect match"	"EE_scRNA-seq"	NA	9
"CAACCTCGTCTTGCGG"	8	"SRX5979983"	"SRP200614"	"intestine"	"class I-a EE cell"	NA	NA	NA	"FBbt:00058001"	"adult anterior midgut class I enteroendocrine cell (Drosophila)"	"perfect match"	"EE_scRNA-seq"	NA	2
"CAACCTCGTGACCAAG"	4	"SRX5979983"	"SRP200614"	"intestine"	"class II-m2 EE cell"	NA	NA	NA	"FBbt:00058005"	"adult middle midgut class II enteroendocrine cell (Drosophila)"	"perfect match"	"EE_scRNA-seq"	NA	8
"CAACCTCTCTCGCATC"	4	"SRX5979983"	"SRP200614"	"intestine"	"class II-m2 EE cell"	NA	NA	NA	"FBbt:00058005"	"adult middle midgut class II enteroendocrine cell (Drosophila)"	"perfect match"	"EE_scRNA-seq"	NA	8
"CAACTAGAGACCACGA"	3	"SRX5979983"	"SRP200614"	"intestine"	"class II-a EE cell"	NA	NA	NA	"FBbt:00058004"	"adult anterior midgut class II enteroendocrine cell (Drosophila)"	"perfect match"	"EE_scRNA-seq"	NA	9
"CAACTAGAGGCACATG"	0	"SRX5979983"	"SRP200614"	"intestine"	"class I-m EE cell"	NA	NA	NA	"FBbt:00058002"	"adult middle midgut class I enteroendocrine cell (Drosophila)"	"perfect match"	"EE_scRNA-seq"	NA	1
"CAACTAGAGTCACGCC"	2	"SRX5979983"	"SRP200614"	"intestine"	"class I-ap EE cell"	NA	NA	NA	"FBbt:00058000"	"adult class I enteroendocrine cell (Drosophila)"	"other"	"EE_scRNA-seq"	NA	5
"CAACTAGCAGGGTTAG"	0	"SRX5979983"	"SRP200614"	"intestine"	"class I-m EE cell"	NA	NA	NA	"FBbt:00058002"	"adult middle midgut class I enteroendocrine cell (Drosophila)"	"perfect match"	"EE_scRNA-seq"	NA	1
"CAACTAGCATTCCTCG"	0	"SRX5979983"	"SRP200614"	"intestine"	"class I-m EE cell"	NA	NA	NA	"FBbt:00058002"	"adult middle midgut class I enteroendocrine cell (Drosophila)"	"perfect match"	"EE_scRNA-seq"	NA	1
"CAACTAGCATTGGTAC"	4	"SRX5979983"	"SRP200614"	"intestine"	"class II-m2 EE cell"	NA	NA	NA	"FBbt:00058005"	"adult middle midgut class II enteroendocrine cell (Drosophila)"	"perfect match"	"EE_scRNA-seq"	NA	8
"CAACTAGGTCCATCCT"	0	"SRX5979983"	"SRP200614"	"intestine"	"class I-m EE cell"	NA	NA	NA	"FBbt:00058002"	"adult middle midgut class I enteroendocrine cell (Drosophila)"	"perfect match"	"EE_scRNA-seq"	NA	1
"CAACTAGGTGAGCGAT"	2	"SRX5979983"	"SRP200614"	"intestine"	"class I-ap EE cell"	NA	NA	NA	"FBbt:00058000"	"adult class I enteroendocrine cell (Drosophila)"	"other"	"EE_scRNA-seq"	NA	5
"CAACTAGGTGTGACGA"	1	"SRX5979983"	"SRP200614"	"intestine"	"class II-m1 EE cell"	NA	NA	NA	"FBbt:00058005"	"adult middle midgut class II enteroendocrine cell (Drosophila)"	"perfect match"	"EE_scRNA-seq"	NA	3
"CAACTAGGTTAAGATG"	4	"SRX5979983"	"SRP200614"	"intestine"	"class II-m2 EE cell"	NA	NA	NA	"FBbt:00058005"	"adult middle midgut class II enteroendocrine cell (Drosophila)"	"perfect match"	"EE_scRNA-seq"	NA	8
"CAACTAGGTTCTGTTT"	1	"SRX5979983"	"SRP200614"	"intestine"	"class II-m1 EE cell"	NA	NA	NA	"FBbt:00058005"	"adult middle midgut class II enteroendocrine cell (Drosophila)"	"perfect match"	"EE_scRNA-seq"	NA	3
"CAACTAGGTTTAGGAA"	2	"SRX5979983"	"SRP200614"	"intestine"	"class I-ap EE cell"	NA	NA	NA	"FBbt:00058000"	"adult class I enteroendocrine cell (Drosophila)"	"other"	"EE_scRNA-seq"	NA	5
"CAACTAGTCCCAGGTG"	2	"SRX5979983"	"SRP200614"	"intestine"	"class I-ap EE cell"	NA	NA	NA	"FBbt:00058000"	"adult class I enteroendocrine cell (Drosophila)"	"other"	"EE_scRNA-seq"	NA	5
"CAACTAGTCGCTTGTC"	5	"SRX5979983"	"SRP200614"	"intestine"	"class I-p CCHa1 EE cell"	NA	NA	NA	"FBbt:00058003"	"adult posterior midgut class I enteroendocrine cell (Drosophila)"	"missing child term"	"EE_scRNA-seq"	NA	4
"CAAGAAAAGCGTGAAC"	2	"SRX5979983"	"SRP200614"	"intestine"	"class I-ap EE cell"	NA	NA	NA	"FBbt:00058000"	"adult class I enteroendocrine cell (Drosophila)"	"other"	"EE_scRNA-seq"	NA	5
"CAAGAAAAGCTGCGAA"	5	"SRX5979983"	"SRP200614"	"intestine"	"class I-p CCHa1 EE cell"	NA	NA	NA	"FBbt:00058003"	"adult posterior midgut class I enteroendocrine cell (Drosophila)"	"missing child term"	"EE_scRNA-seq"	NA	4
"CAAGAAAGTATCGCAT"	1	"SRX5979983"	"SRP200614"	"intestine"	"class II-m1 EE cell"	NA	NA	NA	"FBbt:00058005"	"adult middle midgut class II enteroendocrine cell (Drosophila)"	"perfect match"	"EE_scRNA-seq"	NA	3
"CAAGAAAGTCCGTGAC"	1	"SRX5979983"	"SRP200614"	"intestine"	"class II-m1 EE cell"	NA	NA	NA	"FBbt:00058005"	"adult middle midgut class II enteroendocrine cell (Drosophila)"	"perfect match"	"EE_scRNA-seq"	NA	3
"CAAGAAAGTCGGCACT"	1	"SRX5979983"	"SRP200614"	"intestine"	"class II-m1 EE cell"	NA	NA	NA	"FBbt:00058005"	"adult middle midgut class II enteroendocrine cell (Drosophila)"	"perfect match"	"EE_scRNA-seq"	NA	3
"CAAGAAATCAATACCG"	4	"SRX5979983"	"SRP200614"	"intestine"	"class II-m2 EE cell"	NA	NA	NA	"FBbt:00058005"	"adult middle midgut class II enteroendocrine cell (Drosophila)"	"perfect match"	"EE_scRNA-seq"	NA	8
"CAAGAAATCCTCAATT"	1	"SRX5979983"	"SRP200614"	"intestine"	"class II-m1 EE cell"	NA	NA	NA	"FBbt:00058005"	"adult middle midgut class II enteroendocrine cell (Drosophila)"	"perfect match"	"EE_scRNA-seq"	NA	3
"CAAGAAATCGCCGTGA"	2	"SRX5979983"	"SRP200614"	"intestine"	"class I-ap EE cell"	NA	NA	NA	"FBbt:00058000"	"adult class I enteroendocrine cell (Drosophila)"	"other"	"EE_scRNA-seq"	NA	5
"CAAGAAATCGGCGCAT"	1	"SRX5979983"	"SRP200614"	"intestine"	"class II-m1 EE cell"	NA	NA	NA	"FBbt:00058005"	"adult middle midgut class II enteroendocrine cell (Drosophila)"	"perfect match"	"EE_scRNA-seq"	NA	3
"CAAGAAATCGGTGTTA"	3	"SRX5979983"	"SRP200614"	"intestine"	"class II-a EE cell"	NA	NA	NA	"FBbt:00058004"	"adult anterior midgut class II enteroendocrine cell (Drosophila)"	"perfect match"	"EE_scRNA-seq"	NA	9
"CAAGATCAGAGCTGGT"	5	"SRX5979983"	"SRP200614"	"intestine"	"class I-p CCHa1 EE cell"	NA	NA	NA	"FBbt:00058003"	"adult posterior midgut class I enteroendocrine cell (Drosophila)"	"missing child term"	"EE_scRNA-seq"	NA	4
"CAAGATCAGCACAGGT"	0	"SRX5979983"	"SRP200614"	"intestine"	"class I-m EE cell"	NA	NA	NA	"FBbt:00058002"	"adult middle midgut class I enteroendocrine cell (Drosophila)"	"perfect match"	"EE_scRNA-seq"	NA	1
"CAAGATCAGGCTAGCA"	4	"SRX5979983"	"SRP200614"	"intestine"	"class II-m2 EE cell"	NA	NA	NA	"FBbt:00058005"	"adult middle midgut class II enteroendocrine cell (Drosophila)"	"perfect match"	"EE_scRNA-seq"	NA	8
"CAAGATCAGTACGACG"	2	"SRX5979983"	"SRP200614"	"intestine"	"class I-ap EE cell"	NA	NA	NA	"FBbt:00058000"	"adult class I enteroendocrine cell (Drosophila)"	"other"	"EE_scRNA-seq"	NA	5
"CAAGATCAGTCACGCC"	0	"SRX5979983"	"SRP200614"	"intestine"	"class I-m EE cell"	NA	NA	NA	"FBbt:00058002"	"adult middle midgut class I enteroendocrine cell (Drosophila)"	"perfect match"	"EE_scRNA-seq"	NA	1
"CAAGATCCACCGTTGG"	2	"SRX5979983"	"SRP200614"	"intestine"	"class I-ap EE cell"	NA	NA	NA	"FBbt:00058000"	"adult class I enteroendocrine cell (Drosophila)"	"other"	"EE_scRNA-seq"	NA	5
"CAAGATCGTCGTCTTC"	2	"SRX5979983"	"SRP200614"	"intestine"	"class I-ap EE cell"	NA	NA	NA	"FBbt:00058000"	"adult class I enteroendocrine cell (Drosophila)"	"other"	"EE_scRNA-seq"	NA	5
"CAAGATCGTGTTTGGT"	5	"SRX5979983"	"SRP200614"	"intestine"	"class I-p CCHa1 EE cell"	NA	NA	NA	"FBbt:00058003"	"adult posterior midgut class I enteroendocrine cell (Drosophila)"	"missing child term"	"EE_scRNA-seq"	NA	4
"CAAGATCTCTCCAACC"	3	"SRX5979983"	"SRP200614"	"intestine"	"class II-a EE cell"	NA	NA	NA	"FBbt:00058004"	"adult anterior midgut class II enteroendocrine cell (Drosophila)"	"perfect match"	"EE_scRNA-seq"	NA	9
"CAAGGCCAGAAACCTA"	3	"SRX5979983"	"SRP200614"	"intestine"	"class II-a EE cell"	NA	NA	NA	"FBbt:00058004"	"adult anterior midgut class II enteroendocrine cell (Drosophila)"	"perfect match"	"EE_scRNA-seq"	NA	9
"CAAGGCCAGTCGCCGT"	1	"SRX5979983"	"SRP200614"	"intestine"	"class II-m1 EE cell"	NA	NA	NA	"FBbt:00058005"	"adult middle midgut class II enteroendocrine cell (Drosophila)"	"perfect match"	"EE_scRNA-seq"	NA	3
"CAAGGCCCAAAGGAAG"	2	"SRX5979983"	"SRP200614"	"intestine"	"class I-ap EE cell"	NA	NA	NA	"FBbt:00058000"	"adult class I enteroendocrine cell (Drosophila)"	"other"	"EE_scRNA-seq"	NA	5
"CAAGGCCCAGGACGTA"	10	"SRX5979983"	"SRP200614"	"intestine"	"EE progenitor cell"	NA	NA	NA	"FBbt:00049284"	"adult enteroendocrine precursor cell (Drosophila)"	"perfect match"	"EE_scRNA-seq"	NA	10
"CAAGGCCCATGAAGTA"	8	"SRX5979983"	"SRP200614"	"intestine"	"class I-a EE cell"	NA	NA	NA	"FBbt:00058001"	"adult anterior midgut class I enteroendocrine cell (Drosophila)"	"perfect match"	"EE_scRNA-seq"	NA	2
"CAAGGCCCATGACGGA"	0	"SRX5979983"	"SRP200614"	"intestine"	"class I-m EE cell"	NA	NA	NA	"FBbt:00058002"	"adult middle midgut class I enteroendocrine cell (Drosophila)"	"perfect match"	"EE_scRNA-seq"	NA	1
"CAAGGCCGTCCGAGTC"	4	"SRX5979983"	"SRP200614"	"intestine"	"class II-m2 EE cell"	NA	NA	NA	"FBbt:00058005"	"adult middle midgut class II enteroendocrine cell (Drosophila)"	"perfect match"	"EE_scRNA-seq"	NA	8
"CAAGGCCGTCTAGTGT"	0	"SRX5979983"	"SRP200614"	"intestine"	"class I-m EE cell"	NA	NA	NA	"FBbt:00058002"	"adult middle midgut class I enteroendocrine cell (Drosophila)"	"perfect match"	"EE_scRNA-seq"	NA	1
"CAAGGCCGTCTTCGTC"	4	"SRX5979983"	"SRP200614"	"intestine"	"class II-m2 EE cell"	NA	NA	NA	"FBbt:00058005"	"adult middle midgut class II enteroendocrine cell (Drosophila)"	"perfect match"	"EE_scRNA-seq"	NA	8
"CAAGGCCGTGTAAGTA"	2	"SRX5979983"	"SRP200614"	"intestine"	"class I-ap EE cell"	NA	NA	NA	"FBbt:00058000"	"adult class I enteroendocrine cell (Drosophila)"	"other"	"EE_scRNA-seq"	NA	5
"CAAGGCCTCGCCTGTT"	0	"SRX5979983"	"SRP200614"	"intestine"	"class I-m EE cell"	NA	NA	NA	"FBbt:00058002"	"adult middle midgut class I enteroendocrine cell (Drosophila)"	"perfect match"	"EE_scRNA-seq"	NA	1
"CAAGTTGAGAGGACGG"	2	"SRX5979983"	"SRP200614"	"intestine"	"class I-ap EE cell"	NA	NA	NA	"FBbt:00058000"	"adult class I enteroendocrine cell (Drosophila)"	"other"	"EE_scRNA-seq"	NA	5
"CAAGTTGAGTGGAGAA"	1	"SRX5979983"	"SRP200614"	"intestine"	"class II-m1 EE cell"	NA	NA	NA	"FBbt:00058005"	"adult middle midgut class II enteroendocrine cell (Drosophila)"	"perfect match"	"EE_scRNA-seq"	NA	3
"CAAGTTGCAAGCCGCT"	0	"SRX5979983"	"SRP200614"	"intestine"	"class I-m EE cell"	NA	NA	NA	"FBbt:00058002"	"adult middle midgut class I enteroendocrine cell (Drosophila)"	"perfect match"	"EE_scRNA-seq"	NA	1
"CAAGTTGCAGCGAACA"	2	"SRX5979983"	"SRP200614"	"intestine"	"class I-ap EE cell"	NA	NA	NA	"FBbt:00058000"	"adult class I enteroendocrine cell (Drosophila)"	"other"	"EE_scRNA-seq"	NA	5
"CAAGTTGGTGATGTCT"	2	"SRX5979983"	"SRP200614"	"intestine"	"class I-ap EE cell"	NA	NA	NA	"FBbt:00058000"	"adult class I enteroendocrine cell (Drosophila)"	"other"	"EE_scRNA-seq"	NA	5
"CAAGTTGGTGCGCTTG"	3	"SRX5979983"	"SRP200614"	"intestine"	"class II-a EE cell"	NA	NA	NA	"FBbt:00058004"	"adult anterior midgut class II enteroendocrine cell (Drosophila)"	"perfect match"	"EE_scRNA-seq"	NA	9
"CAAGTTGGTTTGTTGG"	1	"SRX5979983"	"SRP200614"	"intestine"	"class II-m1 EE cell"	NA	NA	NA	"FBbt:00058005"	"adult middle midgut class II enteroendocrine cell (Drosophila)"	"perfect match"	"EE_scRNA-seq"	NA	3
"CAAGTTGTCAAGGTAA"	2	"SRX5979983"	"SRP200614"	"intestine"	"class I-ap EE cell"	NA	NA	NA	"FBbt:00058000"	"adult class I enteroendocrine cell (Drosophila)"	"other"	"EE_scRNA-seq"	NA	5
"CAAGTTGTCCGCGCAA"	5	"SRX5979983"	"SRP200614"	"intestine"	"class I-p CCHa1 EE cell"	NA	NA	NA	"FBbt:00058003"	"adult posterior midgut class I enteroendocrine cell (Drosophila)"	"missing child term"	"EE_scRNA-seq"	NA	4
"CACAAACAGACAGGCT"	0	"SRX5979983"	"SRP200614"	"intestine"	"class I-m EE cell"	NA	NA	NA	"FBbt:00058002"	"adult middle midgut class I enteroendocrine cell (Drosophila)"	"perfect match"	"EE_scRNA-seq"	NA	1
"CACAAACAGAGCTTCT"	2	"SRX5979983"	"SRP200614"	"intestine"	"class I-ap EE cell"	NA	NA	NA	"FBbt:00058000"	"adult class I enteroendocrine cell (Drosophila)"	"other"	"EE_scRNA-seq"	NA	5
"CACAAACAGCTACCTA"	0	"SRX5979983"	"SRP200614"	"intestine"	"class I-m EE cell"	NA	NA	NA	"FBbt:00058002"	"adult middle midgut class I enteroendocrine cell (Drosophila)"	"perfect match"	"EE_scRNA-seq"	NA	1
"CACAAACAGCTGCGAA"	6	"SRX5979983"	"SRP200614"	"intestine"	"class I-p AstA EE cell"	NA	NA	NA	"FBbt:00058003"	"adult posterior midgut class I enteroendocrine cell (Drosophila)"	"missing child term"	"EE_scRNA-seq"	NA	6
"CACAAACCACCGCTAG"	4	"SRX5979983"	"SRP200614"	"intestine"	"class II-m2 EE cell"	NA	NA	NA	"FBbt:00058005"	"adult middle midgut class II enteroendocrine cell (Drosophila)"	"perfect match"	"EE_scRNA-seq"	NA	8
"CACAAACCACGCCAGT"	1	"SRX5979983"	"SRP200614"	"intestine"	"class II-m1 EE cell"	NA	NA	NA	"FBbt:00058005"	"adult middle midgut class II enteroendocrine cell (Drosophila)"	"perfect match"	"EE_scRNA-seq"	NA	3
"CACAAACCAGCTCCGA"	0	"SRX5979983"	"SRP200614"	"intestine"	"class I-m EE cell"	NA	NA	NA	"FBbt:00058002"	"adult middle midgut class I enteroendocrine cell (Drosophila)"	"perfect match"	"EE_scRNA-seq"	NA	1
"CACAAACCATGAGCGA"	0	"SRX5979983"	"SRP200614"	"intestine"	"class I-m EE cell"	NA	NA	NA	"FBbt:00058002"	"adult middle midgut class I enteroendocrine cell (Drosophila)"	"perfect match"	"EE_scRNA-seq"	NA	1
"CACAAACGTCACAAGG"	7	"SRX5979983"	"SRP200614"	"intestine"	"class II-p EE cell"	NA	NA	NA	"FBbt:00058006"	"adult posterior midgut class II enteroendocrine cell (Drosophila)"	"perfect match"	"EE_scRNA-seq"	NA	7
"CACAAACGTCAGAAGC"	7	"SRX5979983"	"SRP200614"	"intestine"	"class II-p EE cell"	NA	NA	NA	"FBbt:00058006"	"adult posterior midgut class II enteroendocrine cell (Drosophila)"	"perfect match"	"EE_scRNA-seq"	NA	7
"CACAAACGTCCGTTAA"	3	"SRX5979983"	"SRP200614"	"intestine"	"class II-a EE cell"	NA	NA	NA	"FBbt:00058004"	"adult anterior midgut class II enteroendocrine cell (Drosophila)"	"perfect match"	"EE_scRNA-seq"	NA	9
"CACAAACGTCGGCTCA"	2	"SRX5979983"	"SRP200614"	"intestine"	"class I-ap EE cell"	NA	NA	NA	"FBbt:00058000"	"adult class I enteroendocrine cell (Drosophila)"	"other"	"EE_scRNA-seq"	NA	5
"CACAAACGTGGCAAAC"	0	"SRX5979983"	"SRP200614"	"intestine"	"class I-m EE cell"	NA	NA	NA	"FBbt:00058002"	"adult middle midgut class I enteroendocrine cell (Drosophila)"	"perfect match"	"EE_scRNA-seq"	NA	1
"CACAAACGTTCCGTCT"	2	"SRX5979983"	"SRP200614"	"intestine"	"class I-ap EE cell"	NA	NA	NA	"FBbt:00058000"	"adult class I enteroendocrine cell (Drosophila)"	"other"	"EE_scRNA-seq"	NA	5
"CACAAACGTTGCCTCT"	0	"SRX5979983"	"SRP200614"	"intestine"	"class I-m EE cell"	NA	NA	NA	"FBbt:00058002"	"adult middle midgut class I enteroendocrine cell (Drosophila)"	"perfect match"	"EE_scRNA-seq"	NA	1
"CACAAACTCTGAGGGA"	0	"SRX5979983"	"SRP200614"	"intestine"	"class I-m EE cell"	NA	NA	NA	"FBbt:00058002"	"adult middle midgut class I enteroendocrine cell (Drosophila)"	"perfect match"	"EE_scRNA-seq"	NA	1
"CACACAACATCCGGGT"	0	"SRX5979983"	"SRP200614"	"intestine"	"class I-m EE cell"	NA	NA	NA	"FBbt:00058002"	"adult middle midgut class I enteroendocrine cell (Drosophila)"	"perfect match"	"EE_scRNA-seq"	NA	1
"CACACAACATGTCGAT"	0	"SRX5979983"	"SRP200614"	"intestine"	"class I-m EE cell"	NA	NA	NA	"FBbt:00058002"	"adult middle midgut class I enteroendocrine cell (Drosophila)"	"perfect match"	"EE_scRNA-seq"	NA	1
"CACACAAGTCGATTGT"	5	"SRX5979983"	"SRP200614"	"intestine"	"class I-p CCHa1 EE cell"	NA	NA	NA	"FBbt:00058003"	"adult posterior midgut class I enteroendocrine cell (Drosophila)"	"missing child term"	"EE_scRNA-seq"	NA	4
"CACACAAGTGTATGGG"	1	"SRX5979983"	"SRP200614"	"intestine"	"class II-m1 EE cell"	NA	NA	NA	"FBbt:00058005"	"adult middle midgut class II enteroendocrine cell (Drosophila)"	"perfect match"	"EE_scRNA-seq"	NA	3
"CACACAAGTTCCACGG"	1	"SRX5979983"	"SRP200614"	"intestine"	"class II-m1 EE cell"	NA	NA	NA	"FBbt:00058005"	"adult middle midgut class II enteroendocrine cell (Drosophila)"	"perfect match"	"EE_scRNA-seq"	NA	3
"CACACAATCGTCCAGG"	1	"SRX5979983"	"SRP200614"	"intestine"	"class II-m1 EE cell"	NA	NA	NA	"FBbt:00058005"	"adult middle midgut class II enteroendocrine cell (Drosophila)"	"perfect match"	"EE_scRNA-seq"	NA	3
"CACACAATCGTGGACC"	6	"SRX5979983"	"SRP200614"	"intestine"	"class I-p AstA EE cell"	NA	NA	NA	"FBbt:00058003"	"adult posterior midgut class I enteroendocrine cell (Drosophila)"	"missing child term"	"EE_scRNA-seq"	NA	6
"CACACAATCTACTTAC"	2	"SRX5979983"	"SRP200614"	"intestine"	"class I-ap EE cell"	NA	NA	NA	"FBbt:00058000"	"adult class I enteroendocrine cell (Drosophila)"	"other"	"EE_scRNA-seq"	NA	5
"CACACCTAGACTTTCG"	4	"SRX5979983"	"SRP200614"	"intestine"	"class II-m2 EE cell"	NA	NA	NA	"FBbt:00058005"	"adult middle midgut class II enteroendocrine cell (Drosophila)"	"perfect match"	"EE_scRNA-seq"	NA	8
"CACACCTAGCCCAACC"	0	"SRX5979983"	"SRP200614"	"intestine"	"class I-m EE cell"	NA	NA	NA	"FBbt:00058002"	"adult middle midgut class I enteroendocrine cell (Drosophila)"	"perfect match"	"EE_scRNA-seq"	NA	1
"CACACCTAGTAGATGT"	1	"SRX5979983"	"SRP200614"	"intestine"	"class II-m1 EE cell"	NA	NA	NA	"FBbt:00058005"	"adult middle midgut class II enteroendocrine cell (Drosophila)"	"perfect match"	"EE_scRNA-seq"	NA	3
"CACACCTCAGTATCTG"	4	"SRX5979983"	"SRP200614"	"intestine"	"class II-m2 EE cell"	NA	NA	NA	"FBbt:00058005"	"adult middle midgut class II enteroendocrine cell (Drosophila)"	"perfect match"	"EE_scRNA-seq"	NA	8
"CACACCTGTAAATACG"	7	"SRX5979983"	"SRP200614"	"intestine"	"class II-p EE cell"	NA	NA	NA	"FBbt:00058006"	"adult posterior midgut class II enteroendocrine cell (Drosophila)"	"perfect match"	"EE_scRNA-seq"	NA	7
"CACACCTGTCACAAGG"	8	"SRX5979983"	"SRP200614"	"intestine"	"class I-a EE cell"	NA	NA	NA	"FBbt:00058001"	"adult anterior midgut class I enteroendocrine cell (Drosophila)"	"perfect match"	"EE_scRNA-seq"	NA	2
"CACACCTGTCACCCAG"	3	"SRX5979983"	"SRP200614"	"intestine"	"class II-a EE cell"	NA	NA	NA	"FBbt:00058004"	"adult anterior midgut class II enteroendocrine cell (Drosophila)"	"perfect match"	"EE_scRNA-seq"	NA	9
"CACACCTGTGAAATCA"	0	"SRX5979983"	"SRP200614"	"intestine"	"class I-m EE cell"	NA	NA	NA	"FBbt:00058002"	"adult middle midgut class I enteroendocrine cell (Drosophila)"	"perfect match"	"EE_scRNA-seq"	NA	1
"CACACCTGTTCCACTC"	0	"SRX5979983"	"SRP200614"	"intestine"	"class I-m EE cell"	NA	NA	NA	"FBbt:00058002"	"adult middle midgut class I enteroendocrine cell (Drosophila)"	"perfect match"	"EE_scRNA-seq"	NA	1
"CACACCTTCAACCATG"	5	"SRX5979983"	"SRP200614"	"intestine"	"class I-p CCHa1 EE cell"	NA	NA	NA	"FBbt:00058003"	"adult posterior midgut class I enteroendocrine cell (Drosophila)"	"missing child term"	"EE_scRNA-seq"	NA	4
"CACACCTTCGGTCCGA"	6	"SRX5979983"	"SRP200614"	"intestine"	"class I-p AstA EE cell"	NA	NA	NA	"FBbt:00058003"	"adult posterior midgut class I enteroendocrine cell (Drosophila)"	"missing child term"	"EE_scRNA-seq"	NA	6
"CACACTCAGGAGTAGA"	0	"SRX5979983"	"SRP200614"	"intestine"	"class I-m EE cell"	NA	NA	NA	"FBbt:00058002"	"adult middle midgut class I enteroendocrine cell (Drosophila)"	"perfect match"	"EE_scRNA-seq"	NA	1
"CACACTCAGGAGTTTA"	2	"SRX5979983"	"SRP200614"	"intestine"	"class I-ap EE cell"	NA	NA	NA	"FBbt:00058000"	"adult class I enteroendocrine cell (Drosophila)"	"other"	"EE_scRNA-seq"	NA	5
"CACACTCCACCCATGG"	2	"SRX5979983"	"SRP200614"	"intestine"	"class I-ap EE cell"	NA	NA	NA	"FBbt:00058000"	"adult class I enteroendocrine cell (Drosophila)"	"other"	"EE_scRNA-seq"	NA	5
"CACACTCCACTAAGTC"	1	"SRX5979983"	"SRP200614"	"intestine"	"class II-m1 EE cell"	NA	NA	NA	"FBbt:00058005"	"adult middle midgut class II enteroendocrine cell (Drosophila)"	"perfect match"	"EE_scRNA-seq"	NA	3
"CACACTCCATCCGCGA"	1	"SRX5979983"	"SRP200614"	"intestine"	"class II-m1 EE cell"	NA	NA	NA	"FBbt:00058005"	"adult middle midgut class II enteroendocrine cell (Drosophila)"	"perfect match"	"EE_scRNA-seq"	NA	3
"CACACTCCATGCAACT"	0	"SRX5979983"	"SRP200614"	"intestine"	"class I-m EE cell"	NA	NA	NA	"FBbt:00058002"	"adult middle midgut class I enteroendocrine cell (Drosophila)"	"perfect match"	"EE_scRNA-seq"	NA	1
"CACACTCGTAAGTAGT"	0	"SRX5979983"	"SRP200614"	"intestine"	"class I-m EE cell"	NA	NA	NA	"FBbt:00058002"	"adult middle midgut class I enteroendocrine cell (Drosophila)"	"perfect match"	"EE_scRNA-seq"	NA	1
"CACACTCTCAAAGTAG"	8	"SRX5979983"	"SRP200614"	"intestine"	"class I-a EE cell"	NA	NA	NA	"FBbt:00058001"	"adult anterior midgut class I enteroendocrine cell (Drosophila)"	"perfect match"	"EE_scRNA-seq"	NA	2
"CACACTCTCAACGCTA"	2	"SRX5979983"	"SRP200614"	"intestine"	"class I-ap EE cell"	NA	NA	NA	"FBbt:00058000"	"adult class I enteroendocrine cell (Drosophila)"	"other"	"EE_scRNA-seq"	NA	5
"CACACTCTCCCATTTA"	1	"SRX5979983"	"SRP200614"	"intestine"	"class II-m1 EE cell"	NA	NA	NA	"FBbt:00058005"	"adult middle midgut class II enteroendocrine cell (Drosophila)"	"perfect match"	"EE_scRNA-seq"	NA	3
"CACAGGCAGAGGACGG"	3	"SRX5979983"	"SRP200614"	"intestine"	"class II-a EE cell"	NA	NA	NA	"FBbt:00058004"	"adult anterior midgut class II enteroendocrine cell (Drosophila)"	"perfect match"	"EE_scRNA-seq"	NA	9
"CACAGGCAGGATGGAA"	0	"SRX5979983"	"SRP200614"	"intestine"	"class I-m EE cell"	NA	NA	NA	"FBbt:00058002"	"adult middle midgut class I enteroendocrine cell (Drosophila)"	"perfect match"	"EE_scRNA-seq"	NA	1
"CACAGGCAGGGTCGAT"	0	"SRX5979983"	"SRP200614"	"intestine"	"class I-m EE cell"	NA	NA	NA	"FBbt:00058002"	"adult middle midgut class I enteroendocrine cell (Drosophila)"	"perfect match"	"EE_scRNA-seq"	NA	1
"CACAGGCCAATAAGCA"	0	"SRX5979983"	"SRP200614"	"intestine"	"class I-m EE cell"	NA	NA	NA	"FBbt:00058002"	"adult middle midgut class I enteroendocrine cell (Drosophila)"	"perfect match"	"EE_scRNA-seq"	NA	1
"CACAGGCCATCTGGTA"	1	"SRX5979983"	"SRP200614"	"intestine"	"class II-m1 EE cell"	NA	NA	NA	"FBbt:00058005"	"adult middle midgut class II enteroendocrine cell (Drosophila)"	"perfect match"	"EE_scRNA-seq"	NA	3
"CACAGGCGTGATGTGG"	1	"SRX5979983"	"SRP200614"	"intestine"	"class II-m1 EE cell"	NA	NA	NA	"FBbt:00058005"	"adult middle midgut class II enteroendocrine cell (Drosophila)"	"perfect match"	"EE_scRNA-seq"	NA	3
"CACAGGCTCCACGACG"	1	"SRX5979983"	"SRP200614"	"intestine"	"class II-m1 EE cell"	NA	NA	NA	"FBbt:00058005"	"adult middle midgut class II enteroendocrine cell (Drosophila)"	"perfect match"	"EE_scRNA-seq"	NA	3
"CACAGGCTCGTTACGA"	1	"SRX5979983"	"SRP200614"	"intestine"	"class II-m1 EE cell"	NA	NA	NA	"FBbt:00058005"	"adult middle midgut class II enteroendocrine cell (Drosophila)"	"perfect match"	"EE_scRNA-seq"	NA	3
"CACAGGCTCTGGGCCA"	0	"SRX5979983"	"SRP200614"	"intestine"	"class I-m EE cell"	NA	NA	NA	"FBbt:00058002"	"adult middle midgut class I enteroendocrine cell (Drosophila)"	"perfect match"	"EE_scRNA-seq"	NA	1
"CACAGTAAGACTAAGT"	7	"SRX5979983"	"SRP200614"	"intestine"	"class II-p EE cell"	NA	NA	NA	"FBbt:00058006"	"adult posterior midgut class II enteroendocrine cell (Drosophila)"	"perfect match"	"EE_scRNA-seq"	NA	7
"CACAGTAAGACTCGGA"	8	"SRX5979983"	"SRP200614"	"intestine"	"class I-a EE cell"	NA	NA	NA	"FBbt:00058001"	"adult anterior midgut class I enteroendocrine cell (Drosophila)"	"perfect match"	"EE_scRNA-seq"	NA	2
"CACAGTACAGCTTAAC"	9	"SRX5979983"	"SRP200614"	"intestine"	"class III EE cell"	NA	NA	NA	"FBbt:00058200"	"adult class III enteroendocrine cell (Drosophila)"	"perfect match"	"EE_scRNA-seq"	NA	11
"CACAGTAGTGATGTCT"	3	"SRX5979983"	"SRP200614"	"intestine"	"class II-a EE cell"	NA	NA	NA	"FBbt:00058004"	"adult anterior midgut class II enteroendocrine cell (Drosophila)"	"perfect match"	"EE_scRNA-seq"	NA	9
"CACAGTAGTGGAAAGA"	0	"SRX5979983"	"SRP200614"	"intestine"	"class I-m EE cell"	NA	NA	NA	"FBbt:00058002"	"adult middle midgut class I enteroendocrine cell (Drosophila)"	"perfect match"	"EE_scRNA-seq"	NA	1
"CACAGTAGTTGTACAC"	4	"SRX5979983"	"SRP200614"	"intestine"	"class II-m2 EE cell"	NA	NA	NA	"FBbt:00058005"	"adult middle midgut class II enteroendocrine cell (Drosophila)"	"perfect match"	"EE_scRNA-seq"	NA	8
"CACAGTAGTTTCCACC"	1	"SRX5979983"	"SRP200614"	"intestine"	"class II-m1 EE cell"	NA	NA	NA	"FBbt:00058005"	"adult middle midgut class II enteroendocrine cell (Drosophila)"	"perfect match"	"EE_scRNA-seq"	NA	3
"CACAGTATCCTCAACC"	1	"SRX5979983"	"SRP200614"	"intestine"	"class II-m1 EE cell"	NA	NA	NA	"FBbt:00058005"	"adult middle midgut class II enteroendocrine cell (Drosophila)"	"perfect match"	"EE_scRNA-seq"	NA	3
"CACAGTATCGCTAGCG"	5	"SRX5979983"	"SRP200614"	"intestine"	"class I-p CCHa1 EE cell"	NA	NA	NA	"FBbt:00058003"	"adult posterior midgut class I enteroendocrine cell (Drosophila)"	"missing child term"	"EE_scRNA-seq"	NA	4
"CACATAGAGAGCCCAA"	0	"SRX5979983"	"SRP200614"	"intestine"	"class I-m EE cell"	NA	NA	NA	"FBbt:00058002"	"adult middle midgut class I enteroendocrine cell (Drosophila)"	"perfect match"	"EE_scRNA-seq"	NA	1
"CACATAGCAATCGAAA"	4	"SRX5979983"	"SRP200614"	"intestine"	"class II-m2 EE cell"	NA	NA	NA	"FBbt:00058005"	"adult middle midgut class II enteroendocrine cell (Drosophila)"	"perfect match"	"EE_scRNA-seq"	NA	8
"CACATAGCACAACTGT"	0	"SRX5979983"	"SRP200614"	"intestine"	"class I-m EE cell"	NA	NA	NA	"FBbt:00058002"	"adult middle midgut class I enteroendocrine cell (Drosophila)"	"perfect match"	"EE_scRNA-seq"	NA	1
"CACATAGCATGTTGAC"	0	"SRX5979983"	"SRP200614"	"intestine"	"class I-m EE cell"	NA	NA	NA	"FBbt:00058002"	"adult middle midgut class I enteroendocrine cell (Drosophila)"	"perfect match"	"EE_scRNA-seq"	NA	1
"CACATAGGTTATGCGT"	2	"SRX5979983"	"SRP200614"	"intestine"	"class I-ap EE cell"	NA	NA	NA	"FBbt:00058000"	"adult class I enteroendocrine cell (Drosophila)"	"other"	"EE_scRNA-seq"	NA	5
"CACATAGGTTGATTCG"	2	"SRX5979983"	"SRP200614"	"intestine"	"class I-ap EE cell"	NA	NA	NA	"FBbt:00058000"	"adult class I enteroendocrine cell (Drosophila)"	"other"	"EE_scRNA-seq"	NA	5
"CACATAGGTTGCGTTA"	0	"SRX5979983"	"SRP200614"	"intestine"	"class I-m EE cell"	NA	NA	NA	"FBbt:00058002"	"adult middle midgut class I enteroendocrine cell (Drosophila)"	"perfect match"	"EE_scRNA-seq"	NA	1
"CACATTTAGCCCAGCT"	1	"SRX5979983"	"SRP200614"	"intestine"	"class II-m1 EE cell"	NA	NA	NA	"FBbt:00058005"	"adult middle midgut class II enteroendocrine cell (Drosophila)"	"perfect match"	"EE_scRNA-seq"	NA	3
"CACATTTAGTGCCATT"	1	"SRX5979983"	"SRP200614"	"intestine"	"class II-m1 EE cell"	NA	NA	NA	"FBbt:00058005"	"adult middle midgut class II enteroendocrine cell (Drosophila)"	"perfect match"	"EE_scRNA-seq"	NA	3
"CACATTTAGTGTACCT"	8	"SRX5979983"	"SRP200614"	"intestine"	"class I-a EE cell"	NA	NA	NA	"FBbt:00058001"	"adult anterior midgut class I enteroendocrine cell (Drosophila)"	"perfect match"	"EE_scRNA-seq"	NA	2
"CACATTTCAAGAAGAG"	3	"SRX5979983"	"SRP200614"	"intestine"	"class II-a EE cell"	NA	NA	NA	"FBbt:00058004"	"adult anterior midgut class II enteroendocrine cell (Drosophila)"	"perfect match"	"EE_scRNA-seq"	NA	9
"CACATTTCACATGTGT"	7	"SRX5979983"	"SRP200614"	"intestine"	"class II-p EE cell"	NA	NA	NA	"FBbt:00058006"	"adult posterior midgut class II enteroendocrine cell (Drosophila)"	"perfect match"	"EE_scRNA-seq"	NA	7
"CACATTTCATCCGGGT"	0	"SRX5979983"	"SRP200614"	"intestine"	"class I-m EE cell"	NA	NA	NA	"FBbt:00058002"	"adult middle midgut class I enteroendocrine cell (Drosophila)"	"perfect match"	"EE_scRNA-seq"	NA	1
"CACATTTCATTCCTGC"	6	"SRX5979983"	"SRP200614"	"intestine"	"class I-p AstA EE cell"	NA	NA	NA	"FBbt:00058003"	"adult posterior midgut class I enteroendocrine cell (Drosophila)"	"missing child term"	"EE_scRNA-seq"	NA	6
"CACATTTGTAATCACC"	0	"SRX5979983"	"SRP200614"	"intestine"	"class I-m EE cell"	NA	NA	NA	"FBbt:00058002"	"adult middle midgut class I enteroendocrine cell (Drosophila)"	"perfect match"	"EE_scRNA-seq"	NA	1
"CACATTTGTCAACATC"	3	"SRX5979983"	"SRP200614"	"intestine"	"class II-a EE cell"	NA	NA	NA	"FBbt:00058004"	"adult anterior midgut class II enteroendocrine cell (Drosophila)"	"perfect match"	"EE_scRNA-seq"	NA	9
"CACATTTGTCAGAAGC"	5	"SRX5979983"	"SRP200614"	"intestine"	"class I-p CCHa1 EE cell"	NA	NA	NA	"FBbt:00058003"	"adult posterior midgut class I enteroendocrine cell (Drosophila)"	"missing child term"	"EE_scRNA-seq"	NA	4
"CACATTTTCCACGTGG"	1	"SRX5979983"	"SRP200614"	"intestine"	"class II-m1 EE cell"	NA	NA	NA	"FBbt:00058005"	"adult middle midgut class II enteroendocrine cell (Drosophila)"	"perfect match"	"EE_scRNA-seq"	NA	3
"CACCACTAGAGCTATA"	0	"SRX5979983"	"SRP200614"	"intestine"	"class I-m EE cell"	NA	NA	NA	"FBbt:00058002"	"adult middle midgut class I enteroendocrine cell (Drosophila)"	"perfect match"	"EE_scRNA-seq"	NA	1
"CACCACTAGAGGGCTT"	3	"SRX5979983"	"SRP200614"	"intestine"	"class II-a EE cell"	NA	NA	NA	"FBbt:00058004"	"adult anterior midgut class II enteroendocrine cell (Drosophila)"	"perfect match"	"EE_scRNA-seq"	NA	9
"CACCACTAGCTAACAA"	1	"SRX5979983"	"SRP200614"	"intestine"	"class II-m1 EE cell"	NA	NA	NA	"FBbt:00058005"	"adult middle midgut class II enteroendocrine cell (Drosophila)"	"perfect match"	"EE_scRNA-seq"	NA	3
"CACCACTAGGGTTTCT"	1	"SRX5979983"	"SRP200614"	"intestine"	"class II-m1 EE cell"	NA	NA	NA	"FBbt:00058005"	"adult middle midgut class II enteroendocrine cell (Drosophila)"	"perfect match"	"EE_scRNA-seq"	NA	3
"CACCACTCACCACGTG"	3	"SRX5979983"	"SRP200614"	"intestine"	"class II-a EE cell"	NA	NA	NA	"FBbt:00058004"	"adult anterior midgut class II enteroendocrine cell (Drosophila)"	"perfect match"	"EE_scRNA-seq"	NA	9
"CACCACTCACTTCGAA"	1	"SRX5979983"	"SRP200614"	"intestine"	"class II-m1 EE cell"	NA	NA	NA	"FBbt:00058005"	"adult middle midgut class II enteroendocrine cell (Drosophila)"	"perfect match"	"EE_scRNA-seq"	NA	3
"CACCACTCATGCAACT"	2	"SRX5979983"	"SRP200614"	"intestine"	"class I-ap EE cell"	NA	NA	NA	"FBbt:00058000"	"adult class I enteroendocrine cell (Drosophila)"	"other"	"EE_scRNA-seq"	NA	5
"CACCACTCATTACGAC"	4	"SRX5979983"	"SRP200614"	"intestine"	"class II-m2 EE cell"	NA	NA	NA	"FBbt:00058005"	"adult middle midgut class II enteroendocrine cell (Drosophila)"	"perfect match"	"EE_scRNA-seq"	NA	8
"CACCACTGTCGAAAGC"	4	"SRX5979983"	"SRP200614"	"intestine"	"class II-m2 EE cell"	NA	NA	NA	"FBbt:00058005"	"adult middle midgut class II enteroendocrine cell (Drosophila)"	"perfect match"	"EE_scRNA-seq"	NA	8
"CACCACTGTGTTTGTG"	4	"SRX5979983"	"SRP200614"	"intestine"	"class II-m2 EE cell"	NA	NA	NA	"FBbt:00058005"	"adult middle midgut class II enteroendocrine cell (Drosophila)"	"perfect match"	"EE_scRNA-seq"	NA	8
"CACCACTTCACTCCTG"	6	"SRX5979983"	"SRP200614"	"intestine"	"class I-p AstA EE cell"	NA	NA	NA	"FBbt:00058003"	"adult posterior midgut class I enteroendocrine cell (Drosophila)"	"missing child term"	"EE_scRNA-seq"	NA	6
"CACCAGGAGCGCTTAT"	0	"SRX5979983"	"SRP200614"	"intestine"	"class I-m EE cell"	NA	NA	NA	"FBbt:00058002"	"adult middle midgut class I enteroendocrine cell (Drosophila)"	"perfect match"	"EE_scRNA-seq"	NA	1
"CACCAGGAGGGCTCTC"	1	"SRX5979983"	"SRP200614"	"intestine"	"class II-m1 EE cell"	NA	NA	NA	"FBbt:00058005"	"adult middle midgut class II enteroendocrine cell (Drosophila)"	"perfect match"	"EE_scRNA-seq"	NA	3
"CACCAGGAGTGAATTG"	0	"SRX5979983"	"SRP200614"	"intestine"	"class I-m EE cell"	NA	NA	NA	"FBbt:00058002"	"adult middle midgut class I enteroendocrine cell (Drosophila)"	"perfect match"	"EE_scRNA-seq"	NA	1
"CACCAGGCACCATCCT"	0	"SRX5979983"	"SRP200614"	"intestine"	"class I-m EE cell"	NA	NA	NA	"FBbt:00058002"	"adult middle midgut class I enteroendocrine cell (Drosophila)"	"perfect match"	"EE_scRNA-seq"	NA	1
"CACCAGGCACCCAGTG"	3	"SRX5979983"	"SRP200614"	"intestine"	"class II-a EE cell"	NA	NA	NA	"FBbt:00058004"	"adult anterior midgut class II enteroendocrine cell (Drosophila)"	"perfect match"	"EE_scRNA-seq"	NA	9
"CACCAGGCACGGCCAT"	1	"SRX5979983"	"SRP200614"	"intestine"	"class II-m1 EE cell"	NA	NA	NA	"FBbt:00058005"	"adult middle midgut class II enteroendocrine cell (Drosophila)"	"perfect match"	"EE_scRNA-seq"	NA	3
"CACCAGGCATAAAGGT"	0	"SRX5979983"	"SRP200614"	"intestine"	"class I-m EE cell"	NA	NA	NA	"FBbt:00058002"	"adult middle midgut class I enteroendocrine cell (Drosophila)"	"perfect match"	"EE_scRNA-seq"	NA	1
"CACCAGGCATGTAGTC"	0	"SRX5979983"	"SRP200614"	"intestine"	"class I-m EE cell"	NA	NA	NA	"FBbt:00058002"	"adult middle midgut class I enteroendocrine cell (Drosophila)"	"perfect match"	"EE_scRNA-seq"	NA	1
"CACCAGGCATGTTCCC"	8	"SRX5979983"	"SRP200614"	"intestine"	"class I-a EE cell"	NA	NA	NA	"FBbt:00058001"	"adult anterior midgut class I enteroendocrine cell (Drosophila)"	"perfect match"	"EE_scRNA-seq"	NA	2
"CACCAGGGTAAACACA"	0	"SRX5979983"	"SRP200614"	"intestine"	"class I-m EE cell"	NA	NA	NA	"FBbt:00058002"	"adult middle midgut class I enteroendocrine cell (Drosophila)"	"perfect match"	"EE_scRNA-seq"	NA	1
"CACCAGGGTACATGTC"	5	"SRX5979983"	"SRP200614"	"intestine"	"class I-p CCHa1 EE cell"	NA	NA	NA	"FBbt:00058003"	"adult posterior midgut class I enteroendocrine cell (Drosophila)"	"missing child term"	"EE_scRNA-seq"	NA	4
"CACCAGGGTAGCCTAT"	1	"SRX5979983"	"SRP200614"	"intestine"	"class II-m1 EE cell"	NA	NA	NA	"FBbt:00058005"	"adult middle midgut class II enteroendocrine cell (Drosophila)"	"perfect match"	"EE_scRNA-seq"	NA	3
"CACCAGGGTATGAATG"	0	"SRX5979983"	"SRP200614"	"intestine"	"class I-m EE cell"	NA	NA	NA	"FBbt:00058002"	"adult middle midgut class I enteroendocrine cell (Drosophila)"	"perfect match"	"EE_scRNA-seq"	NA	1
"CACCAGGTCCTCAATT"	1	"SRX5979983"	"SRP200614"	"intestine"	"class II-m1 EE cell"	NA	NA	NA	"FBbt:00058005"	"adult middle midgut class II enteroendocrine cell (Drosophila)"	"perfect match"	"EE_scRNA-seq"	NA	3
"CACCAGGTCTAACGGT"	0	"SRX5979983"	"SRP200614"	"intestine"	"class I-m EE cell"	NA	NA	NA	"FBbt:00058002"	"adult middle midgut class I enteroendocrine cell (Drosophila)"	"perfect match"	"EE_scRNA-seq"	NA	1
"CACCTTGAGAGCTATA"	8	"SRX5979983"	"SRP200614"	"intestine"	"class I-a EE cell"	NA	NA	NA	"FBbt:00058001"	"adult anterior midgut class I enteroendocrine cell (Drosophila)"	"perfect match"	"EE_scRNA-seq"	NA	2
"CACCTTGCACATTCGA"	2	"SRX5979983"	"SRP200614"	"intestine"	"class I-ap EE cell"	NA	NA	NA	"FBbt:00058000"	"adult class I enteroendocrine cell (Drosophila)"	"other"	"EE_scRNA-seq"	NA	5
"CACCTTGCACATTTCT"	5	"SRX5979983"	"SRP200614"	"intestine"	"class I-p CCHa1 EE cell"	NA	NA	NA	"FBbt:00058003"	"adult posterior midgut class I enteroendocrine cell (Drosophila)"	"missing child term"	"EE_scRNA-seq"	NA	4
"CACCTTGCACGTTGGC"	2	"SRX5979983"	"SRP200614"	"intestine"	"class I-ap EE cell"	NA	NA	NA	"FBbt:00058000"	"adult class I enteroendocrine cell (Drosophila)"	"other"	"EE_scRNA-seq"	NA	5
"CACCTTGCATTCTCAT"	3	"SRX5979983"	"SRP200614"	"intestine"	"class II-a EE cell"	NA	NA	NA	"FBbt:00058004"	"adult anterior midgut class II enteroendocrine cell (Drosophila)"	"perfect match"	"EE_scRNA-seq"	NA	9
"CACCTTGGTGCTGTAT"	2	"SRX5979983"	"SRP200614"	"intestine"	"class I-ap EE cell"	NA	NA	NA	"FBbt:00058000"	"adult class I enteroendocrine cell (Drosophila)"	"other"	"EE_scRNA-seq"	NA	5
"CACCTTGTCGGAATCT"	0	"SRX5979983"	"SRP200614"	"intestine"	"class I-m EE cell"	NA	NA	NA	"FBbt:00058002"	"adult middle midgut class I enteroendocrine cell (Drosophila)"	"perfect match"	"EE_scRNA-seq"	NA	1
"CACTCCAAGGAGCGTT"	0	"SRX5979983"	"SRP200614"	"intestine"	"class I-m EE cell"	NA	NA	NA	"FBbt:00058002"	"adult middle midgut class I enteroendocrine cell (Drosophila)"	"perfect match"	"EE_scRNA-seq"	NA	1
"CACTCCACAGCGTAAG"	2	"SRX5979983"	"SRP200614"	"intestine"	"class I-ap EE cell"	NA	NA	NA	"FBbt:00058000"	"adult class I enteroendocrine cell (Drosophila)"	"other"	"EE_scRNA-seq"	NA	5
"CACTCCACATGATCCA"	2	"SRX5979983"	"SRP200614"	"intestine"	"class I-ap EE cell"	NA	NA	NA	"FBbt:00058000"	"adult class I enteroendocrine cell (Drosophila)"	"other"	"EE_scRNA-seq"	NA	5
"CACTCCAGTCTCGTTC"	1	"SRX5979983"	"SRP200614"	"intestine"	"class II-m1 EE cell"	NA	NA	NA	"FBbt:00058005"	"adult middle midgut class II enteroendocrine cell (Drosophila)"	"perfect match"	"EE_scRNA-seq"	NA	3
"CACTCCAGTGCAACTT"	0	"SRX5979983"	"SRP200614"	"intestine"	"class I-m EE cell"	NA	NA	NA	"FBbt:00058002"	"adult middle midgut class I enteroendocrine cell (Drosophila)"	"perfect match"	"EE_scRNA-seq"	NA	1
"CACTCCAGTGCTTCTC"	8	"SRX5979983"	"SRP200614"	"intestine"	"class I-a EE cell"	NA	NA	NA	"FBbt:00058001"	"adult anterior midgut class I enteroendocrine cell (Drosophila)"	"perfect match"	"EE_scRNA-seq"	NA	2
"CACTCCAGTTCACCTC"	0	"SRX5979983"	"SRP200614"	"intestine"	"class I-m EE cell"	NA	NA	NA	"FBbt:00058002"	"adult middle midgut class I enteroendocrine cell (Drosophila)"	"perfect match"	"EE_scRNA-seq"	NA	1
"CACTCCAGTTTGTGTG"	0	"SRX5979983"	"SRP200614"	"intestine"	"class I-m EE cell"	NA	NA	NA	"FBbt:00058002"	"adult middle midgut class I enteroendocrine cell (Drosophila)"	"perfect match"	"EE_scRNA-seq"	NA	1
"CACTCCATCGCTGATA"	1	"SRX5979983"	"SRP200614"	"intestine"	"class II-m1 EE cell"	NA	NA	NA	"FBbt:00058005"	"adult middle midgut class II enteroendocrine cell (Drosophila)"	"perfect match"	"EE_scRNA-seq"	NA	3
"CACTCCATCTCAAGTG"	1	"SRX5979983"	"SRP200614"	"intestine"	"class II-m1 EE cell"	NA	NA	NA	"FBbt:00058005"	"adult middle midgut class II enteroendocrine cell (Drosophila)"	"perfect match"	"EE_scRNA-seq"	NA	3
"CACTCCATCTCCAGGG"	1	"SRX5979983"	"SRP200614"	"intestine"	"class II-m1 EE cell"	NA	NA	NA	"FBbt:00058005"	"adult middle midgut class II enteroendocrine cell (Drosophila)"	"perfect match"	"EE_scRNA-seq"	NA	3
"CAGAATCAGATGAGAG"	2	"SRX5979983"	"SRP200614"	"intestine"	"class I-ap EE cell"	NA	NA	NA	"FBbt:00058000"	"adult class I enteroendocrine cell (Drosophila)"	"other"	"EE_scRNA-seq"	NA	5
"CAGAATCAGGCCCGTT"	3	"SRX5979983"	"SRP200614"	"intestine"	"class II-a EE cell"	NA	NA	NA	"FBbt:00058004"	"adult anterior midgut class II enteroendocrine cell (Drosophila)"	"perfect match"	"EE_scRNA-seq"	NA	9
"CAGAATCAGTGTTAGA"	2	"SRX5979983"	"SRP200614"	"intestine"	"class I-ap EE cell"	NA	NA	NA	"FBbt:00058000"	"adult class I enteroendocrine cell (Drosophila)"	"other"	"EE_scRNA-seq"	NA	5
"CAGAATCCAGCCACCA"	4	"SRX5979983"	"SRP200614"	"intestine"	"class II-m2 EE cell"	NA	NA	NA	"FBbt:00058005"	"adult middle midgut class II enteroendocrine cell (Drosophila)"	"perfect match"	"EE_scRNA-seq"	NA	8
"CAGAATCCAGCTTAAC"	2	"SRX5979983"	"SRP200614"	"intestine"	"class I-ap EE cell"	NA	NA	NA	"FBbt:00058000"	"adult class I enteroendocrine cell (Drosophila)"	"other"	"EE_scRNA-seq"	NA	5
"CAGAATCCATGCCTAA"	2	"SRX5979983"	"SRP200614"	"intestine"	"class I-ap EE cell"	NA	NA	NA	"FBbt:00058000"	"adult class I enteroendocrine cell (Drosophila)"	"other"	"EE_scRNA-seq"	NA	5
"CAGAATCGTAAGCACG"	0	"SRX5979983"	"SRP200614"	"intestine"	"class I-m EE cell"	NA	NA	NA	"FBbt:00058002"	"adult middle midgut class I enteroendocrine cell (Drosophila)"	"perfect match"	"EE_scRNA-seq"	NA	1
"CAGAATCGTGTGACGA"	7	"SRX5979983"	"SRP200614"	"intestine"	"class II-p EE cell"	NA	NA	NA	"FBbt:00058006"	"adult posterior midgut class II enteroendocrine cell (Drosophila)"	"perfect match"	"EE_scRNA-seq"	NA	7
"CAGAATCGTTCCGTCT"	4	"SRX5979983"	"SRP200614"	"intestine"	"class II-m2 EE cell"	NA	NA	NA	"FBbt:00058005"	"adult middle midgut class II enteroendocrine cell (Drosophila)"	"perfect match"	"EE_scRNA-seq"	NA	8
"CAGAATCTCATGCAAC"	1	"SRX5979983"	"SRP200614"	"intestine"	"class II-m1 EE cell"	NA	NA	NA	"FBbt:00058005"	"adult middle midgut class II enteroendocrine cell (Drosophila)"	"perfect match"	"EE_scRNA-seq"	NA	3
"CAGAATCTCTGCGACG"	0	"SRX5979983"	"SRP200614"	"intestine"	"class I-m EE cell"	NA	NA	NA	"FBbt:00058002"	"adult middle midgut class I enteroendocrine cell (Drosophila)"	"perfect match"	"EE_scRNA-seq"	NA	1
"CAGAATCTCTGGAGCC"	7	"SRX5979983"	"SRP200614"	"intestine"	"class II-p EE cell"	NA	NA	NA	"FBbt:00058006"	"adult posterior midgut class II enteroendocrine cell (Drosophila)"	"perfect match"	"EE_scRNA-seq"	NA	7
"CAGAGAGCACAACTGT"	4	"SRX5979983"	"SRP200614"	"intestine"	"class II-m2 EE cell"	NA	NA	NA	"FBbt:00058005"	"adult middle midgut class II enteroendocrine cell (Drosophila)"	"perfect match"	"EE_scRNA-seq"	NA	8
"CAGAGAGCATATGGTC"	0	"SRX5979983"	"SRP200614"	"intestine"	"class I-m EE cell"	NA	NA	NA	"FBbt:00058002"	"adult middle midgut class I enteroendocrine cell (Drosophila)"	"perfect match"	"EE_scRNA-seq"	NA	1
"CAGAGAGGTACCGGCT"	3	"SRX5979983"	"SRP200614"	"intestine"	"class II-a EE cell"	NA	NA	NA	"FBbt:00058004"	"adult anterior midgut class II enteroendocrine cell (Drosophila)"	"perfect match"	"EE_scRNA-seq"	NA	9
"CAGAGAGGTACGACCC"	0	"SRX5979983"	"SRP200614"	"intestine"	"class I-m EE cell"	NA	NA	NA	"FBbt:00058002"	"adult middle midgut class I enteroendocrine cell (Drosophila)"	"perfect match"	"EE_scRNA-seq"	NA	1
"CAGAGAGGTACTCGCG"	2	"SRX5979983"	"SRP200614"	"intestine"	"class I-ap EE cell"	NA	NA	NA	"FBbt:00058000"	"adult class I enteroendocrine cell (Drosophila)"	"other"	"EE_scRNA-seq"	NA	5
"CAGAGAGGTATAGTAG"	0	"SRX5979983"	"SRP200614"	"intestine"	"class I-m EE cell"	NA	NA	NA	"FBbt:00058002"	"adult middle midgut class I enteroendocrine cell (Drosophila)"	"perfect match"	"EE_scRNA-seq"	NA	1
"CAGAGAGGTCATGCAT"	2	"SRX5979983"	"SRP200614"	"intestine"	"class I-ap EE cell"	NA	NA	NA	"FBbt:00058000"	"adult class I enteroendocrine cell (Drosophila)"	"other"	"EE_scRNA-seq"	NA	5
"CAGAGAGGTGTTGAGG"	0	"SRX5979983"	"SRP200614"	"intestine"	"class I-m EE cell"	NA	NA	NA	"FBbt:00058002"	"adult middle midgut class I enteroendocrine cell (Drosophila)"	"perfect match"	"EE_scRNA-seq"	NA	1
"CAGAGAGTCATGGTCA"	1	"SRX5979983"	"SRP200614"	"intestine"	"class II-m1 EE cell"	NA	NA	NA	"FBbt:00058005"	"adult middle midgut class II enteroendocrine cell (Drosophila)"	"perfect match"	"EE_scRNA-seq"	NA	3
"CAGAGAGTCGGAGCAA"	0	"SRX5979983"	"SRP200614"	"intestine"	"class I-m EE cell"	NA	NA	NA	"FBbt:00058002"	"adult middle midgut class I enteroendocrine cell (Drosophila)"	"perfect match"	"EE_scRNA-seq"	NA	1
"CAGATCAAGCAGGCTA"	2	"SRX5979983"	"SRP200614"	"intestine"	"class I-ap EE cell"	NA	NA	NA	"FBbt:00058000"	"adult class I enteroendocrine cell (Drosophila)"	"other"	"EE_scRNA-seq"	NA	5
"CAGATCACACAGACAG"	0	"SRX5979983"	"SRP200614"	"intestine"	"class I-m EE cell"	NA	NA	NA	"FBbt:00058002"	"adult middle midgut class I enteroendocrine cell (Drosophila)"	"perfect match"	"EE_scRNA-seq"	NA	1
"CAGATCACACGGATAG"	3	"SRX5979983"	"SRP200614"	"intestine"	"class II-a EE cell"	NA	NA	NA	"FBbt:00058004"	"adult anterior midgut class II enteroendocrine cell (Drosophila)"	"perfect match"	"EE_scRNA-seq"	NA	9
"CAGATCACAGGGTACA"	1	"SRX5979983"	"SRP200614"	"intestine"	"class II-m1 EE cell"	NA	NA	NA	"FBbt:00058005"	"adult middle midgut class II enteroendocrine cell (Drosophila)"	"perfect match"	"EE_scRNA-seq"	NA	3
"CAGATCACATAGGATA"	6	"SRX5979983"	"SRP200614"	"intestine"	"class I-p AstA EE cell"	NA	NA	NA	"FBbt:00058003"	"adult posterior midgut class I enteroendocrine cell (Drosophila)"	"missing child term"	"EE_scRNA-seq"	NA	6
"CAGATCAGTCCGAACC"	1	"SRX5979983"	"SRP200614"	"intestine"	"class II-m1 EE cell"	NA	NA	NA	"FBbt:00058005"	"adult middle midgut class II enteroendocrine cell (Drosophila)"	"perfect match"	"EE_scRNA-seq"	NA	3
"CAGATCATCAAGGCTT"	8	"SRX5979983"	"SRP200614"	"intestine"	"class I-a EE cell"	NA	NA	NA	"FBbt:00058001"	"adult anterior midgut class I enteroendocrine cell (Drosophila)"	"perfect match"	"EE_scRNA-seq"	NA	2
"CAGATCATCATATCGG"	0	"SRX5979983"	"SRP200614"	"intestine"	"class I-m EE cell"	NA	NA	NA	"FBbt:00058002"	"adult middle midgut class I enteroendocrine cell (Drosophila)"	"perfect match"	"EE_scRNA-seq"	NA	1
"CAGATCATCCGCGGTA"	1	"SRX5979983"	"SRP200614"	"intestine"	"class II-m1 EE cell"	NA	NA	NA	"FBbt:00058005"	"adult middle midgut class II enteroendocrine cell (Drosophila)"	"perfect match"	"EE_scRNA-seq"	NA	3
"CAGATCATCCGTAGGC"	1	"SRX5979983"	"SRP200614"	"intestine"	"class II-m1 EE cell"	NA	NA	NA	"FBbt:00058005"	"adult middle midgut class II enteroendocrine cell (Drosophila)"	"perfect match"	"EE_scRNA-seq"	NA	3
"CAGATCATCCTGCCAT"	2	"SRX5979983"	"SRP200614"	"intestine"	"class I-ap EE cell"	NA	NA	NA	"FBbt:00058000"	"adult class I enteroendocrine cell (Drosophila)"	"other"	"EE_scRNA-seq"	NA	5
"CAGATCATCTATCCTA"	1	"SRX5979983"	"SRP200614"	"intestine"	"class II-m1 EE cell"	NA	NA	NA	"FBbt:00058005"	"adult middle midgut class II enteroendocrine cell (Drosophila)"	"perfect match"	"EE_scRNA-seq"	NA	3
"CAGATCATCTCTGAGA"	4	"SRX5979983"	"SRP200614"	"intestine"	"class II-m2 EE cell"	NA	NA	NA	"FBbt:00058005"	"adult middle midgut class II enteroendocrine cell (Drosophila)"	"perfect match"	"EE_scRNA-seq"	NA	8
"CAGCAGCAGAGTACCG"	0	"SRX5979983"	"SRP200614"	"intestine"	"class I-m EE cell"	NA	NA	NA	"FBbt:00058002"	"adult middle midgut class I enteroendocrine cell (Drosophila)"	"perfect match"	"EE_scRNA-seq"	NA	1
"CAGCAGCAGATGTTAG"	2	"SRX5979983"	"SRP200614"	"intestine"	"class I-ap EE cell"	NA	NA	NA	"FBbt:00058000"	"adult class I enteroendocrine cell (Drosophila)"	"other"	"EE_scRNA-seq"	NA	5
"CAGCAGCAGCCAGTAG"	2	"SRX5979983"	"SRP200614"	"intestine"	"class I-ap EE cell"	NA	NA	NA	"FBbt:00058000"	"adult class I enteroendocrine cell (Drosophila)"	"other"	"EE_scRNA-seq"	NA	5
"CAGCAGCAGCGTAATA"	4	"SRX5979983"	"SRP200614"	"intestine"	"class II-m2 EE cell"	NA	NA	NA	"FBbt:00058005"	"adult middle midgut class II enteroendocrine cell (Drosophila)"	"perfect match"	"EE_scRNA-seq"	NA	8
"CAGCAGCAGGGCTTGA"	5	"SRX5979983"	"SRP200614"	"intestine"	"class I-p CCHa1 EE cell"	NA	NA	NA	"FBbt:00058003"	"adult posterior midgut class I enteroendocrine cell (Drosophila)"	"missing child term"	"EE_scRNA-seq"	NA	4
"CAGCAGCCAATGGTCT"	2	"SRX5979983"	"SRP200614"	"intestine"	"class I-ap EE cell"	NA	NA	NA	"FBbt:00058000"	"adult class I enteroendocrine cell (Drosophila)"	"other"	"EE_scRNA-seq"	NA	5
"CAGCAGCGTTGGGACA"	2	"SRX5979983"	"SRP200614"	"intestine"	"class I-ap EE cell"	NA	NA	NA	"FBbt:00058000"	"adult class I enteroendocrine cell (Drosophila)"	"other"	"EE_scRNA-seq"	NA	5
"CAGCATAAGCCACGTC"	3	"SRX5979983"	"SRP200614"	"intestine"	"class II-a EE cell"	NA	NA	NA	"FBbt:00058004"	"adult anterior midgut class II enteroendocrine cell (Drosophila)"	"perfect match"	"EE_scRNA-seq"	NA	9
"CAGCATAAGCTGATAA"	6	"SRX5979983"	"SRP200614"	"intestine"	"class I-p AstA EE cell"	NA	NA	NA	"FBbt:00058003"	"adult posterior midgut class I enteroendocrine cell (Drosophila)"	"missing child term"	"EE_scRNA-seq"	NA	6
"CAGCATACAAGCTGGA"	5	"SRX5979983"	"SRP200614"	"intestine"	"class I-p CCHa1 EE cell"	NA	NA	NA	"FBbt:00058003"	"adult posterior midgut class I enteroendocrine cell (Drosophila)"	"missing child term"	"EE_scRNA-seq"	NA	4
"CAGCATACACCTGGTG"	0	"SRX5979983"	"SRP200614"	"intestine"	"class I-m EE cell"	NA	NA	NA	"FBbt:00058002"	"adult middle midgut class I enteroendocrine cell (Drosophila)"	"perfect match"	"EE_scRNA-seq"	NA	1
"CAGCATACAGCTGCAC"	3	"SRX5979983"	"SRP200614"	"intestine"	"class II-a EE cell"	NA	NA	NA	"FBbt:00058004"	"adult anterior midgut class II enteroendocrine cell (Drosophila)"	"perfect match"	"EE_scRNA-seq"	NA	9
"CAGCATAGTCACCCAG"	5	"SRX5979983"	"SRP200614"	"intestine"	"class I-p CCHa1 EE cell"	NA	NA	NA	"FBbt:00058003"	"adult posterior midgut class I enteroendocrine cell (Drosophila)"	"missing child term"	"EE_scRNA-seq"	NA	4
"CAGCATAGTCCGAATT"	1	"SRX5979983"	"SRP200614"	"intestine"	"class II-m1 EE cell"	NA	NA	NA	"FBbt:00058005"	"adult middle midgut class II enteroendocrine cell (Drosophila)"	"perfect match"	"EE_scRNA-seq"	NA	3
"CAGCATATCGGCATCG"	5	"SRX5979983"	"SRP200614"	"intestine"	"class I-p CCHa1 EE cell"	NA	NA	NA	"FBbt:00058003"	"adult posterior midgut class I enteroendocrine cell (Drosophila)"	"missing child term"	"EE_scRNA-seq"	NA	4
"CAGCCGAAGTGTTAGA"	1	"SRX5979983"	"SRP200614"	"intestine"	"class II-m1 EE cell"	NA	NA	NA	"FBbt:00058005"	"adult middle midgut class II enteroendocrine cell (Drosophila)"	"perfect match"	"EE_scRNA-seq"	NA	3
"CAGCCGACAAGCCTAT"	4	"SRX5979983"	"SRP200614"	"intestine"	"class II-m2 EE cell"	NA	NA	NA	"FBbt:00058005"	"adult middle midgut class II enteroendocrine cell (Drosophila)"	"perfect match"	"EE_scRNA-seq"	NA	8
"CAGCCGACACAAGACG"	2	"SRX5979983"	"SRP200614"	"intestine"	"class I-ap EE cell"	NA	NA	NA	"FBbt:00058000"	"adult class I enteroendocrine cell (Drosophila)"	"other"	"EE_scRNA-seq"	NA	5
"CAGCCGACACATCCAA"	6	"SRX5979983"	"SRP200614"	"intestine"	"class I-p AstA EE cell"	NA	NA	NA	"FBbt:00058003"	"adult posterior midgut class I enteroendocrine cell (Drosophila)"	"missing child term"	"EE_scRNA-seq"	NA	6
"CAGCCGACACGGTGTC"	2	"SRX5979983"	"SRP200614"	"intestine"	"class I-ap EE cell"	NA	NA	NA	"FBbt:00058000"	"adult class I enteroendocrine cell (Drosophila)"	"other"	"EE_scRNA-seq"	NA	5
"CAGCCGACATGTAAGA"	0	"SRX5979983"	"SRP200614"	"intestine"	"class I-m EE cell"	NA	NA	NA	"FBbt:00058002"	"adult middle midgut class I enteroendocrine cell (Drosophila)"	"perfect match"	"EE_scRNA-seq"	NA	1
"CAGCCGAGTGACGCCT"	6	"SRX5979983"	"SRP200614"	"intestine"	"class I-p AstA EE cell"	NA	NA	NA	"FBbt:00058003"	"adult posterior midgut class I enteroendocrine cell (Drosophila)"	"missing child term"	"EE_scRNA-seq"	NA	6
"CAGCCGATCGCAAGCC"	1	"SRX5979983"	"SRP200614"	"intestine"	"class II-m1 EE cell"	NA	NA	NA	"FBbt:00058005"	"adult middle midgut class II enteroendocrine cell (Drosophila)"	"perfect match"	"EE_scRNA-seq"	NA	3
"CAGCCGATCGCAGGCT"	0	"SRX5979983"	"SRP200614"	"intestine"	"class I-m EE cell"	NA	NA	NA	"FBbt:00058002"	"adult middle midgut class I enteroendocrine cell (Drosophila)"	"perfect match"	"EE_scRNA-seq"	NA	1
"CAGCGACAGAAACCAT"	0	"SRX5979983"	"SRP200614"	"intestine"	"class I-m EE cell"	NA	NA	NA	"FBbt:00058002"	"adult middle midgut class I enteroendocrine cell (Drosophila)"	"perfect match"	"EE_scRNA-seq"	NA	1
"CAGCGACAGGATTCGG"	0	"SRX5979983"	"SRP200614"	"intestine"	"class I-m EE cell"	NA	NA	NA	"FBbt:00058002"	"adult middle midgut class I enteroendocrine cell (Drosophila)"	"perfect match"	"EE_scRNA-seq"	NA	1
"CAGCGACAGTGAAGTT"	8	"SRX5979983"	"SRP200614"	"intestine"	"class I-a EE cell"	NA	NA	NA	"FBbt:00058001"	"adult anterior midgut class I enteroendocrine cell (Drosophila)"	"perfect match"	"EE_scRNA-seq"	NA	2
"CAGCGACCAATCTGCA"	3	"SRX5979983"	"SRP200614"	"intestine"	"class II-a EE cell"	NA	NA	NA	"FBbt:00058004"	"adult anterior midgut class II enteroendocrine cell (Drosophila)"	"perfect match"	"EE_scRNA-seq"	NA	9
"CAGCGACCACACATGT"	2	"SRX5979983"	"SRP200614"	"intestine"	"class I-ap EE cell"	NA	NA	NA	"FBbt:00058000"	"adult class I enteroendocrine cell (Drosophila)"	"other"	"EE_scRNA-seq"	NA	5
"CAGCGACCACAGTCGC"	1	"SRX5979983"	"SRP200614"	"intestine"	"class II-m1 EE cell"	NA	NA	NA	"FBbt:00058005"	"adult middle midgut class II enteroendocrine cell (Drosophila)"	"perfect match"	"EE_scRNA-seq"	NA	3
"CAGCGACCACCGTTGG"	4	"SRX5979983"	"SRP200614"	"intestine"	"class II-m2 EE cell"	NA	NA	NA	"FBbt:00058005"	"adult middle midgut class II enteroendocrine cell (Drosophila)"	"perfect match"	"EE_scRNA-seq"	NA	8
"CAGCGACCATACTCTT"	0	"SRX5979983"	"SRP200614"	"intestine"	"class I-m EE cell"	NA	NA	NA	"FBbt:00058002"	"adult middle midgut class I enteroendocrine cell (Drosophila)"	"perfect match"	"EE_scRNA-seq"	NA	1
"CAGCGACCATTCTTAC"	1	"SRX5979983"	"SRP200614"	"intestine"	"class II-m1 EE cell"	NA	NA	NA	"FBbt:00058005"	"adult middle midgut class II enteroendocrine cell (Drosophila)"	"perfect match"	"EE_scRNA-seq"	NA	3
"CAGCGACCATTGAGCT"	0	"SRX5979983"	"SRP200614"	"intestine"	"class I-m EE cell"	NA	NA	NA	"FBbt:00058002"	"adult middle midgut class I enteroendocrine cell (Drosophila)"	"perfect match"	"EE_scRNA-seq"	NA	1
"CAGCGACGTAAGTGGC"	4	"SRX5979983"	"SRP200614"	"intestine"	"class II-m2 EE cell"	NA	NA	NA	"FBbt:00058005"	"adult middle midgut class II enteroendocrine cell (Drosophila)"	"perfect match"	"EE_scRNA-seq"	NA	8
"CAGCGACGTGCAGGTA"	3	"SRX5979983"	"SRP200614"	"intestine"	"class II-a EE cell"	NA	NA	NA	"FBbt:00058004"	"adult anterior midgut class II enteroendocrine cell (Drosophila)"	"perfect match"	"EE_scRNA-seq"	NA	9
"CAGCGACTCACCCGAG"	0	"SRX5979983"	"SRP200614"	"intestine"	"class I-m EE cell"	NA	NA	NA	"FBbt:00058002"	"adult middle midgut class I enteroendocrine cell (Drosophila)"	"perfect match"	"EE_scRNA-seq"	NA	1
"CAGCGACTCCCTAACC"	4	"SRX5979983"	"SRP200614"	"intestine"	"class II-m2 EE cell"	NA	NA	NA	"FBbt:00058005"	"adult middle midgut class II enteroendocrine cell (Drosophila)"	"perfect match"	"EE_scRNA-seq"	NA	8
"CAGCTAAAGGAGCGTT"	7	"SRX5979983"	"SRP200614"	"intestine"	"class II-p EE cell"	NA	NA	NA	"FBbt:00058006"	"adult posterior midgut class II enteroendocrine cell (Drosophila)"	"perfect match"	"EE_scRNA-seq"	NA	7
"CAGCTAAAGGTACTCT"	6	"SRX5979983"	"SRP200614"	"intestine"	"class I-p AstA EE cell"	NA	NA	NA	"FBbt:00058003"	"adult posterior midgut class I enteroendocrine cell (Drosophila)"	"missing child term"	"EE_scRNA-seq"	NA	6
"CAGCTAACAGACGCTC"	0	"SRX5979983"	"SRP200614"	"intestine"	"class I-m EE cell"	NA	NA	NA	"FBbt:00058002"	"adult middle midgut class I enteroendocrine cell (Drosophila)"	"perfect match"	"EE_scRNA-seq"	NA	1
"CAGCTAACAGAGTGTG"	4	"SRX5979983"	"SRP200614"	"intestine"	"class II-m2 EE cell"	NA	NA	NA	"FBbt:00058005"	"adult middle midgut class II enteroendocrine cell (Drosophila)"	"perfect match"	"EE_scRNA-seq"	NA	8
"CAGCTAACAGTGGGAT"	7	"SRX5979983"	"SRP200614"	"intestine"	"class II-p EE cell"	NA	NA	NA	"FBbt:00058006"	"adult posterior midgut class II enteroendocrine cell (Drosophila)"	"perfect match"	"EE_scRNA-seq"	NA	7
"CAGCTAACATTCCTCG"	10	"SRX5979983"	"SRP200614"	"intestine"	"EE progenitor cell"	NA	NA	NA	"FBbt:00049284"	"adult enteroendocrine precursor cell (Drosophila)"	"perfect match"	"EE_scRNA-seq"	NA	10
"CAGCTAAGTCATACTG"	10	"SRX5979983"	"SRP200614"	"intestine"	"EE progenitor cell"	NA	NA	NA	"FBbt:00049284"	"adult enteroendocrine precursor cell (Drosophila)"	"perfect match"	"EE_scRNA-seq"	NA	10
"CAGCTAAGTCCATGAT"	8	"SRX5979983"	"SRP200614"	"intestine"	"class I-a EE cell"	NA	NA	NA	"FBbt:00058001"	"adult anterior midgut class I enteroendocrine cell (Drosophila)"	"perfect match"	"EE_scRNA-seq"	NA	2
"CAGCTAAGTCTAGCGC"	6	"SRX5979983"	"SRP200614"	"intestine"	"class I-p AstA EE cell"	NA	NA	NA	"FBbt:00058003"	"adult posterior midgut class I enteroendocrine cell (Drosophila)"	"missing child term"	"EE_scRNA-seq"	NA	6
"CAGCTAAGTCTTCTCG"	8	"SRX5979983"	"SRP200614"	"intestine"	"class I-a EE cell"	NA	NA	NA	"FBbt:00058001"	"adult anterior midgut class I enteroendocrine cell (Drosophila)"	"perfect match"	"EE_scRNA-seq"	NA	2
"CAGCTAAGTGCGAAAC"	0	"SRX5979983"	"SRP200614"	"intestine"	"class I-m EE cell"	NA	NA	NA	"FBbt:00058002"	"adult middle midgut class I enteroendocrine cell (Drosophila)"	"perfect match"	"EE_scRNA-seq"	NA	1
"CAGCTAAGTGGCGAAT"	6	"SRX5979983"	"SRP200614"	"intestine"	"class I-p AstA EE cell"	NA	NA	NA	"FBbt:00058003"	"adult posterior midgut class I enteroendocrine cell (Drosophila)"	"missing child term"	"EE_scRNA-seq"	NA	6
"CAGCTAAGTTAAGTAG"	0	"SRX5979983"	"SRP200614"	"intestine"	"class I-m EE cell"	NA	NA	NA	"FBbt:00058002"	"adult middle midgut class I enteroendocrine cell (Drosophila)"	"perfect match"	"EE_scRNA-seq"	NA	1
"CAGCTAATCACGACTA"	1	"SRX5979983"	"SRP200614"	"intestine"	"class II-m1 EE cell"	NA	NA	NA	"FBbt:00058005"	"adult middle midgut class II enteroendocrine cell (Drosophila)"	"perfect match"	"EE_scRNA-seq"	NA	3
"CAGCTAATCGGAGGTA"	0	"SRX5979983"	"SRP200614"	"intestine"	"class I-m EE cell"	NA	NA	NA	"FBbt:00058002"	"adult middle midgut class I enteroendocrine cell (Drosophila)"	"perfect match"	"EE_scRNA-seq"	NA	1
"CAGCTGGAGAGCTATA"	1	"SRX5979983"	"SRP200614"	"intestine"	"class II-m1 EE cell"	NA	NA	NA	"FBbt:00058005"	"adult middle midgut class II enteroendocrine cell (Drosophila)"	"perfect match"	"EE_scRNA-seq"	NA	3
"CAGCTGGAGCTAGCCC"	2	"SRX5979983"	"SRP200614"	"intestine"	"class I-ap EE cell"	NA	NA	NA	"FBbt:00058000"	"adult class I enteroendocrine cell (Drosophila)"	"other"	"EE_scRNA-seq"	NA	5
"CAGCTGGAGGTACTCT"	7	"SRX5979983"	"SRP200614"	"intestine"	"class II-p EE cell"	NA	NA	NA	"FBbt:00058006"	"adult posterior midgut class II enteroendocrine cell (Drosophila)"	"perfect match"	"EE_scRNA-seq"	NA	7
"CAGCTGGCAATGGAGC"	0	"SRX5979983"	"SRP200614"	"intestine"	"class I-m EE cell"	NA	NA	NA	"FBbt:00058002"	"adult middle midgut class I enteroendocrine cell (Drosophila)"	"perfect match"	"EE_scRNA-seq"	NA	1
"CAGCTGGCACGAAAGC"	2	"SRX5979983"	"SRP200614"	"intestine"	"class I-ap EE cell"	NA	NA	NA	"FBbt:00058000"	"adult class I enteroendocrine cell (Drosophila)"	"other"	"EE_scRNA-seq"	NA	5
"CAGCTGGGTAAGGGCT"	6	"SRX5979983"	"SRP200614"	"intestine"	"class I-p AstA EE cell"	NA	NA	NA	"FBbt:00058003"	"adult posterior midgut class I enteroendocrine cell (Drosophila)"	"missing child term"	"EE_scRNA-seq"	NA	6
"CAGCTGGGTATCACCA"	2	"SRX5979983"	"SRP200614"	"intestine"	"class I-ap EE cell"	NA	NA	NA	"FBbt:00058000"	"adult class I enteroendocrine cell (Drosophila)"	"other"	"EE_scRNA-seq"	NA	5
"CAGCTGGGTTAAGAAC"	6	"SRX5979983"	"SRP200614"	"intestine"	"class I-p AstA EE cell"	NA	NA	NA	"FBbt:00058003"	"adult posterior midgut class I enteroendocrine cell (Drosophila)"	"missing child term"	"EE_scRNA-seq"	NA	6
"CAGCTGGTCCTTGCCA"	4	"SRX5979983"	"SRP200614"	"intestine"	"class II-m2 EE cell"	NA	NA	NA	"FBbt:00058005"	"adult middle midgut class II enteroendocrine cell (Drosophila)"	"perfect match"	"EE_scRNA-seq"	NA	8
"CAGGTGCAGACTAAGT"	3	"SRX5979983"	"SRP200614"	"intestine"	"class II-a EE cell"	NA	NA	NA	"FBbt:00058004"	"adult anterior midgut class II enteroendocrine cell (Drosophila)"	"perfect match"	"EE_scRNA-seq"	NA	9
"CAGGTGCAGCTGCAAG"	2	"SRX5979983"	"SRP200614"	"intestine"	"class I-ap EE cell"	NA	NA	NA	"FBbt:00058000"	"adult class I enteroendocrine cell (Drosophila)"	"other"	"EE_scRNA-seq"	NA	5
"CAGGTGCAGTTGTAGA"	1	"SRX5979983"	"SRP200614"	"intestine"	"class II-m1 EE cell"	NA	NA	NA	"FBbt:00058005"	"adult middle midgut class II enteroendocrine cell (Drosophila)"	"perfect match"	"EE_scRNA-seq"	NA	3
"CAGGTGCCAACACCTA"	7	"SRX5979983"	"SRP200614"	"intestine"	"class II-p EE cell"	NA	NA	NA	"FBbt:00058006"	"adult posterior midgut class II enteroendocrine cell (Drosophila)"	"perfect match"	"EE_scRNA-seq"	NA	7
"CAGGTGCCAAGCCGCT"	0	"SRX5979983"	"SRP200614"	"intestine"	"class I-m EE cell"	NA	NA	NA	"FBbt:00058002"	"adult middle midgut class I enteroendocrine cell (Drosophila)"	"perfect match"	"EE_scRNA-seq"	NA	1
"CAGGTGCGTCCATGAT"	1	"SRX5979983"	"SRP200614"	"intestine"	"class II-m1 EE cell"	NA	NA	NA	"FBbt:00058005"	"adult middle midgut class II enteroendocrine cell (Drosophila)"	"perfect match"	"EE_scRNA-seq"	NA	3
"CAGGTGCGTCCGAACC"	6	"SRX5979983"	"SRP200614"	"intestine"	"class I-p AstA EE cell"	NA	NA	NA	"FBbt:00058003"	"adult posterior midgut class I enteroendocrine cell (Drosophila)"	"missing child term"	"EE_scRNA-seq"	NA	6
"CAGGTGCGTTCCGGCA"	3	"SRX5979983"	"SRP200614"	"intestine"	"class II-a EE cell"	NA	NA	NA	"FBbt:00058004"	"adult anterior midgut class II enteroendocrine cell (Drosophila)"	"perfect match"	"EE_scRNA-seq"	NA	9
"CAGGTGCTCAGCGACC"	0	"SRX5979983"	"SRP200614"	"intestine"	"class I-m EE cell"	NA	NA	NA	"FBbt:00058002"	"adult middle midgut class I enteroendocrine cell (Drosophila)"	"perfect match"	"EE_scRNA-seq"	NA	1
"CAGGTGCTCTGAGTGT"	7	"SRX5979983"	"SRP200614"	"intestine"	"class II-p EE cell"	NA	NA	NA	"FBbt:00058006"	"adult posterior midgut class II enteroendocrine cell (Drosophila)"	"perfect match"	"EE_scRNA-seq"	NA	7
"CAGGTGCTCTGTGCAA"	2	"SRX5979983"	"SRP200614"	"intestine"	"class I-ap EE cell"	NA	NA	NA	"FBbt:00058000"	"adult class I enteroendocrine cell (Drosophila)"	"other"	"EE_scRNA-seq"	NA	5
"CAGTAACCACGAAAGC"	0	"SRX5979983"	"SRP200614"	"intestine"	"class I-m EE cell"	NA	NA	NA	"FBbt:00058002"	"adult middle midgut class I enteroendocrine cell (Drosophila)"	"perfect match"	"EE_scRNA-seq"	NA	1
"CAGTAACCAGCCACCA"	2	"SRX5979983"	"SRP200614"	"intestine"	"class I-ap EE cell"	NA	NA	NA	"FBbt:00058000"	"adult class I enteroendocrine cell (Drosophila)"	"other"	"EE_scRNA-seq"	NA	5
"CAGTAACGTACAGCAG"	2	"SRX5979983"	"SRP200614"	"intestine"	"class I-ap EE cell"	NA	NA	NA	"FBbt:00058000"	"adult class I enteroendocrine cell (Drosophila)"	"other"	"EE_scRNA-seq"	NA	5
"CAGTAACGTCCCTACT"	1	"SRX5979983"	"SRP200614"	"intestine"	"class II-m1 EE cell"	NA	NA	NA	"FBbt:00058005"	"adult middle midgut class II enteroendocrine cell (Drosophila)"	"perfect match"	"EE_scRNA-seq"	NA	3
"CAGTAACGTGATGTGG"	6	"SRX5979983"	"SRP200614"	"intestine"	"class I-p AstA EE cell"	NA	NA	NA	"FBbt:00058003"	"adult posterior midgut class I enteroendocrine cell (Drosophila)"	"missing child term"	"EE_scRNA-seq"	NA	6
"CAGTAACTCAAAGACA"	5	"SRX5979983"	"SRP200614"	"intestine"	"class I-p CCHa1 EE cell"	NA	NA	NA	"FBbt:00058003"	"adult posterior midgut class I enteroendocrine cell (Drosophila)"	"missing child term"	"EE_scRNA-seq"	NA	4
"CAGTAACTCACGCGGT"	4	"SRX5979983"	"SRP200614"	"intestine"	"class II-m2 EE cell"	NA	NA	NA	"FBbt:00058005"	"adult middle midgut class II enteroendocrine cell (Drosophila)"	"perfect match"	"EE_scRNA-seq"	NA	8
"CAGTAACTCGGACAAG"	2	"SRX5979983"	"SRP200614"	"intestine"	"class I-ap EE cell"	NA	NA	NA	"FBbt:00058000"	"adult class I enteroendocrine cell (Drosophila)"	"other"	"EE_scRNA-seq"	NA	5
"CAGTAACTCTACTCAT"	1	"SRX5979983"	"SRP200614"	"intestine"	"class II-m1 EE cell"	NA	NA	NA	"FBbt:00058005"	"adult middle midgut class II enteroendocrine cell (Drosophila)"	"perfect match"	"EE_scRNA-seq"	NA	3
"CAGTCCTAGGATGTAT"	1	"SRX5979983"	"SRP200614"	"intestine"	"class II-m1 EE cell"	NA	NA	NA	"FBbt:00058005"	"adult middle midgut class II enteroendocrine cell (Drosophila)"	"perfect match"	"EE_scRNA-seq"	NA	3
"CAGTCCTAGTGCGATG"	0	"SRX5979983"	"SRP200614"	"intestine"	"class I-m EE cell"	NA	NA	NA	"FBbt:00058002"	"adult middle midgut class I enteroendocrine cell (Drosophila)"	"perfect match"	"EE_scRNA-seq"	NA	1
"CAGTCCTCAAGCGATG"	2	"SRX5979983"	"SRP200614"	"intestine"	"class I-ap EE cell"	NA	NA	NA	"FBbt:00058000"	"adult class I enteroendocrine cell (Drosophila)"	"other"	"EE_scRNA-seq"	NA	5
"CAGTCCTCAGGTCGTC"	0	"SRX5979983"	"SRP200614"	"intestine"	"class I-m EE cell"	NA	NA	NA	"FBbt:00058002"	"adult middle midgut class I enteroendocrine cell (Drosophila)"	"perfect match"	"EE_scRNA-seq"	NA	1
"CAGTCCTGTAAATGAC"	2	"SRX5979983"	"SRP200614"	"intestine"	"class I-ap EE cell"	NA	NA	NA	"FBbt:00058000"	"adult class I enteroendocrine cell (Drosophila)"	"other"	"EE_scRNA-seq"	NA	5
"CAGTCCTGTCGATTGT"	7	"SRX5979983"	"SRP200614"	"intestine"	"class II-p EE cell"	NA	NA	NA	"FBbt:00058006"	"adult posterior midgut class II enteroendocrine cell (Drosophila)"	"perfect match"	"EE_scRNA-seq"	NA	7
"CAGTCCTGTGACCAAG"	2	"SRX5979983"	"SRP200614"	"intestine"	"class I-ap EE cell"	NA	NA	NA	"FBbt:00058000"	"adult class I enteroendocrine cell (Drosophila)"	"other"	"EE_scRNA-seq"	NA	5
"CAGTCCTTCGAGAGCA"	0	"SRX5979983"	"SRP200614"	"intestine"	"class I-m EE cell"	NA	NA	NA	"FBbt:00058002"	"adult middle midgut class I enteroendocrine cell (Drosophila)"	"perfect match"	"EE_scRNA-seq"	NA	1
"CAGTCCTTCGTGGTCG"	0	"SRX5979983"	"SRP200614"	"intestine"	"class I-m EE cell"	NA	NA	NA	"FBbt:00058002"	"adult middle midgut class I enteroendocrine cell (Drosophila)"	"perfect match"	"EE_scRNA-seq"	NA	1
"CAGTCCTTCTAACCGA"	2	"SRX5979983"	"SRP200614"	"intestine"	"class I-ap EE cell"	NA	NA	NA	"FBbt:00058000"	"adult class I enteroendocrine cell (Drosophila)"	"other"	"EE_scRNA-seq"	NA	5
"CAGTCCTTCTCAAGTG"	1	"SRX5979983"	"SRP200614"	"intestine"	"class II-m1 EE cell"	NA	NA	NA	"FBbt:00058005"	"adult middle midgut class II enteroendocrine cell (Drosophila)"	"perfect match"	"EE_scRNA-seq"	NA	3
"CAGTCCTTCTCACATT"	0	"SRX5979983"	"SRP200614"	"intestine"	"class I-m EE cell"	NA	NA	NA	"FBbt:00058002"	"adult middle midgut class I enteroendocrine cell (Drosophila)"	"perfect match"	"EE_scRNA-seq"	NA	1
"CAGTCCTTCTGCTTGC"	0	"SRX5979983"	"SRP200614"	"intestine"	"class I-m EE cell"	NA	NA	NA	"FBbt:00058002"	"adult middle midgut class I enteroendocrine cell (Drosophila)"	"perfect match"	"EE_scRNA-seq"	NA	1
"CAGTCCTTCTGTCCGT"	1	"SRX5979983"	"SRP200614"	"intestine"	"class II-m1 EE cell"	NA	NA	NA	"FBbt:00058005"	"adult middle midgut class II enteroendocrine cell (Drosophila)"	"perfect match"	"EE_scRNA-seq"	NA	3
"CAGTCCTTCTTGTTTG"	0	"SRX5979983"	"SRP200614"	"intestine"	"class I-m EE cell"	NA	NA	NA	"FBbt:00058002"	"adult middle midgut class I enteroendocrine cell (Drosophila)"	"perfect match"	"EE_scRNA-seq"	NA	1
"CATATGGAGAGTACAT"	0	"SRX5979983"	"SRP200614"	"intestine"	"class I-m EE cell"	NA	NA	NA	"FBbt:00058002"	"adult middle midgut class I enteroendocrine cell (Drosophila)"	"perfect match"	"EE_scRNA-seq"	NA	1
"CATATGGAGGTGATTA"	5	"SRX5979983"	"SRP200614"	"intestine"	"class I-p CCHa1 EE cell"	NA	NA	NA	"FBbt:00058003"	"adult posterior midgut class I enteroendocrine cell (Drosophila)"	"missing child term"	"EE_scRNA-seq"	NA	4
"CATATGGAGTACACCT"	1	"SRX5979983"	"SRP200614"	"intestine"	"class II-m1 EE cell"	NA	NA	NA	"FBbt:00058005"	"adult middle midgut class II enteroendocrine cell (Drosophila)"	"perfect match"	"EE_scRNA-seq"	NA	3
"CATATGGCACTATCTT"	5	"SRX5979983"	"SRP200614"	"intestine"	"class I-p CCHa1 EE cell"	NA	NA	NA	"FBbt:00058003"	"adult posterior midgut class I enteroendocrine cell (Drosophila)"	"missing child term"	"EE_scRNA-seq"	NA	4
"CATATGGGTCAATGTC"	2	"SRX5979983"	"SRP200614"	"intestine"	"class I-ap EE cell"	NA	NA	NA	"FBbt:00058000"	"adult class I enteroendocrine cell (Drosophila)"	"other"	"EE_scRNA-seq"	NA	5
"CATATGGGTGTCGCTG"	1	"SRX5979983"	"SRP200614"	"intestine"	"class II-m1 EE cell"	NA	NA	NA	"FBbt:00058005"	"adult middle midgut class II enteroendocrine cell (Drosophila)"	"perfect match"	"EE_scRNA-seq"	NA	3
"CATATGGGTTGAGGTG"	2	"SRX5979983"	"SRP200614"	"intestine"	"class I-ap EE cell"	NA	NA	NA	"FBbt:00058000"	"adult class I enteroendocrine cell (Drosophila)"	"other"	"EE_scRNA-seq"	NA	5
"CATATGGTCCGATATG"	0	"SRX5979983"	"SRP200614"	"intestine"	"class I-m EE cell"	NA	NA	NA	"FBbt:00058002"	"adult middle midgut class I enteroendocrine cell (Drosophila)"	"perfect match"	"EE_scRNA-seq"	NA	1
"CATATGGTCGATGAGG"	1	"SRX5979983"	"SRP200614"	"intestine"	"class II-m1 EE cell"	NA	NA	NA	"FBbt:00058005"	"adult middle midgut class II enteroendocrine cell (Drosophila)"	"perfect match"	"EE_scRNA-seq"	NA	3
"CATATGGTCTACTTAC"	2	"SRX5979983"	"SRP200614"	"intestine"	"class I-ap EE cell"	NA	NA	NA	"FBbt:00058000"	"adult class I enteroendocrine cell (Drosophila)"	"other"	"EE_scRNA-seq"	NA	5
"CATATTCAGATAGCAT"	1	"SRX5979983"	"SRP200614"	"intestine"	"class II-m1 EE cell"	NA	NA	NA	"FBbt:00058005"	"adult middle midgut class II enteroendocrine cell (Drosophila)"	"perfect match"	"EE_scRNA-seq"	NA	3
"CATATTCAGTGCAAGC"	1	"SRX5979983"	"SRP200614"	"intestine"	"class II-m1 EE cell"	NA	NA	NA	"FBbt:00058005"	"adult middle midgut class II enteroendocrine cell (Drosophila)"	"perfect match"	"EE_scRNA-seq"	NA	3
"CATATTCAGTTACGGG"	3	"SRX5979983"	"SRP200614"	"intestine"	"class II-a EE cell"	NA	NA	NA	"FBbt:00058004"	"adult anterior midgut class II enteroendocrine cell (Drosophila)"	"perfect match"	"EE_scRNA-seq"	NA	9
"CATATTCCAGGATCGA"	1	"SRX5979983"	"SRP200614"	"intestine"	"class II-m1 EE cell"	NA	NA	NA	"FBbt:00058005"	"adult middle midgut class II enteroendocrine cell (Drosophila)"	"perfect match"	"EE_scRNA-seq"	NA	3
"CATATTCCATCCAACA"	6	"SRX5979983"	"SRP200614"	"intestine"	"class I-p AstA EE cell"	NA	NA	NA	"FBbt:00058003"	"adult posterior midgut class I enteroendocrine cell (Drosophila)"	"missing child term"	"EE_scRNA-seq"	NA	6
"CATATTCGTATCGCAT"	2	"SRX5979983"	"SRP200614"	"intestine"	"class I-ap EE cell"	NA	NA	NA	"FBbt:00058000"	"adult class I enteroendocrine cell (Drosophila)"	"other"	"EE_scRNA-seq"	NA	5
"CATATTCGTCCGTGAC"	2	"SRX5979983"	"SRP200614"	"intestine"	"class I-ap EE cell"	NA	NA	NA	"FBbt:00058000"	"adult class I enteroendocrine cell (Drosophila)"	"other"	"EE_scRNA-seq"	NA	5
"CATATTCGTGCGATAG"	4	"SRX5979983"	"SRP200614"	"intestine"	"class II-m2 EE cell"	NA	NA	NA	"FBbt:00058005"	"adult middle midgut class II enteroendocrine cell (Drosophila)"	"perfect match"	"EE_scRNA-seq"	NA	8
"CATATTCGTGTGACGA"	0	"SRX5979983"	"SRP200614"	"intestine"	"class I-m EE cell"	NA	NA	NA	"FBbt:00058002"	"adult middle midgut class I enteroendocrine cell (Drosophila)"	"perfect match"	"EE_scRNA-seq"	NA	1
"CATATTCGTGTGGCTC"	10	"SRX5979983"	"SRP200614"	"intestine"	"EE progenitor cell"	NA	NA	NA	"FBbt:00049284"	"adult enteroendocrine precursor cell (Drosophila)"	"perfect match"	"EE_scRNA-seq"	NA	10
"CATATTCGTTCCATGA"	1	"SRX5979983"	"SRP200614"	"intestine"	"class II-m1 EE cell"	NA	NA	NA	"FBbt:00058005"	"adult middle midgut class II enteroendocrine cell (Drosophila)"	"perfect match"	"EE_scRNA-seq"	NA	3
"CATATTCTCCTTCAAT"	0	"SRX5979983"	"SRP200614"	"intestine"	"class I-m EE cell"	NA	NA	NA	"FBbt:00058002"	"adult middle midgut class I enteroendocrine cell (Drosophila)"	"perfect match"	"EE_scRNA-seq"	NA	1
"CATATTCTCTCGTATT"	0	"SRX5979983"	"SRP200614"	"intestine"	"class I-m EE cell"	NA	NA	NA	"FBbt:00058002"	"adult middle midgut class I enteroendocrine cell (Drosophila)"	"perfect match"	"EE_scRNA-seq"	NA	1
"CATATTCTCTTCAACT"	6	"SRX5979983"	"SRP200614"	"intestine"	"class I-p AstA EE cell"	NA	NA	NA	"FBbt:00058003"	"adult posterior midgut class I enteroendocrine cell (Drosophila)"	"missing child term"	"EE_scRNA-seq"	NA	6
"CATCAAGAGCGTAGTG"	4	"SRX5979983"	"SRP200614"	"intestine"	"class II-m2 EE cell"	NA	NA	NA	"FBbt:00058005"	"adult middle midgut class II enteroendocrine cell (Drosophila)"	"perfect match"	"EE_scRNA-seq"	NA	8
"CATCAAGAGGCTAGGT"	1	"SRX5979983"	"SRP200614"	"intestine"	"class II-m1 EE cell"	NA	NA	NA	"FBbt:00058005"	"adult middle midgut class II enteroendocrine cell (Drosophila)"	"perfect match"	"EE_scRNA-seq"	NA	3
"CATCAAGAGGGCTCTC"	0	"SRX5979983"	"SRP200614"	"intestine"	"class I-m EE cell"	NA	NA	NA	"FBbt:00058002"	"adult middle midgut class I enteroendocrine cell (Drosophila)"	"perfect match"	"EE_scRNA-seq"	NA	1
"CATCAAGAGGGTGTTG"	2	"SRX5979983"	"SRP200614"	"intestine"	"class I-ap EE cell"	NA	NA	NA	"FBbt:00058000"	"adult class I enteroendocrine cell (Drosophila)"	"other"	"EE_scRNA-seq"	NA	5
"CATCAAGCACATTAGC"	6	"SRX5979983"	"SRP200614"	"intestine"	"class I-p AstA EE cell"	NA	NA	NA	"FBbt:00058003"	"adult posterior midgut class I enteroendocrine cell (Drosophila)"	"missing child term"	"EE_scRNA-seq"	NA	6
"CATCAAGGTCAAACTC"	4	"SRX5979983"	"SRP200614"	"intestine"	"class II-m2 EE cell"	NA	NA	NA	"FBbt:00058005"	"adult middle midgut class II enteroendocrine cell (Drosophila)"	"perfect match"	"EE_scRNA-seq"	NA	8
"CATCAAGGTCGGCTCA"	0	"SRX5979983"	"SRP200614"	"intestine"	"class I-m EE cell"	NA	NA	NA	"FBbt:00058002"	"adult middle midgut class I enteroendocrine cell (Drosophila)"	"perfect match"	"EE_scRNA-seq"	NA	1
"CATCAGAAGTACGTAA"	0	"SRX5979983"	"SRP200614"	"intestine"	"class I-m EE cell"	NA	NA	NA	"FBbt:00058002"	"adult middle midgut class I enteroendocrine cell (Drosophila)"	"perfect match"	"EE_scRNA-seq"	NA	1
"CATCAGAAGTGTGAAT"	3	"SRX5979983"	"SRP200614"	"intestine"	"class II-a EE cell"	NA	NA	NA	"FBbt:00058004"	"adult anterior midgut class II enteroendocrine cell (Drosophila)"	"perfect match"	"EE_scRNA-seq"	NA	9
"CATCAGACAAGCCGCT"	3	"SRX5979983"	"SRP200614"	"intestine"	"class II-a EE cell"	NA	NA	NA	"FBbt:00058004"	"adult anterior midgut class II enteroendocrine cell (Drosophila)"	"perfect match"	"EE_scRNA-seq"	NA	9
"CATCAGACAGTCCTTC"	0	"SRX5979983"	"SRP200614"	"intestine"	"class I-m EE cell"	NA	NA	NA	"FBbt:00058002"	"adult middle midgut class I enteroendocrine cell (Drosophila)"	"perfect match"	"EE_scRNA-seq"	NA	1
"CATCAGACATCGGAAG"	8	"SRX5979983"	"SRP200614"	"intestine"	"class I-a EE cell"	NA	NA	NA	"FBbt:00058001"	"adult anterior midgut class I enteroendocrine cell (Drosophila)"	"perfect match"	"EE_scRNA-seq"	NA	2
"CATCAGAGTAAGTAGT"	2	"SRX5979983"	"SRP200614"	"intestine"	"class I-ap EE cell"	NA	NA	NA	"FBbt:00058000"	"adult class I enteroendocrine cell (Drosophila)"	"other"	"EE_scRNA-seq"	NA	5
"CATCAGAGTCAGTGGA"	2	"SRX5979983"	"SRP200614"	"intestine"	"class I-ap EE cell"	NA	NA	NA	"FBbt:00058000"	"adult class I enteroendocrine cell (Drosophila)"	"other"	"EE_scRNA-seq"	NA	5
"CATCAGATCGACAGCC"	0	"SRX5979983"	"SRP200614"	"intestine"	"class I-m EE cell"	NA	NA	NA	"FBbt:00058002"	"adult middle midgut class I enteroendocrine cell (Drosophila)"	"perfect match"	"EE_scRNA-seq"	NA	1
"CATCCACAGAAACCGC"	7	"SRX5979983"	"SRP200614"	"intestine"	"class II-p EE cell"	NA	NA	NA	"FBbt:00058006"	"adult posterior midgut class II enteroendocrine cell (Drosophila)"	"perfect match"	"EE_scRNA-seq"	NA	7
"CATCCACAGAAACGCC"	2	"SRX5979983"	"SRP200614"	"intestine"	"class I-ap EE cell"	NA	NA	NA	"FBbt:00058000"	"adult class I enteroendocrine cell (Drosophila)"	"other"	"EE_scRNA-seq"	NA	5
"CATCCACCACATAACC"	3	"SRX5979983"	"SRP200614"	"intestine"	"class II-a EE cell"	NA	NA	NA	"FBbt:00058004"	"adult anterior midgut class II enteroendocrine cell (Drosophila)"	"perfect match"	"EE_scRNA-seq"	NA	9
"CATCCACCACCATCCT"	0	"SRX5979983"	"SRP200614"	"intestine"	"class I-m EE cell"	NA	NA	NA	"FBbt:00058002"	"adult middle midgut class I enteroendocrine cell (Drosophila)"	"perfect match"	"EE_scRNA-seq"	NA	1
"CATCCACCATACGCTA"	7	"SRX5979983"	"SRP200614"	"intestine"	"class II-p EE cell"	NA	NA	NA	"FBbt:00058006"	"adult posterior midgut class II enteroendocrine cell (Drosophila)"	"perfect match"	"EE_scRNA-seq"	NA	7
"CATCCACGTCAACTGT"	3	"SRX5979983"	"SRP200614"	"intestine"	"class II-a EE cell"	NA	NA	NA	"FBbt:00058004"	"adult anterior midgut class II enteroendocrine cell (Drosophila)"	"perfect match"	"EE_scRNA-seq"	NA	9
"CATCCACGTCTAACGT"	1	"SRX5979983"	"SRP200614"	"intestine"	"class II-m1 EE cell"	NA	NA	NA	"FBbt:00058005"	"adult middle midgut class II enteroendocrine cell (Drosophila)"	"perfect match"	"EE_scRNA-seq"	NA	3
"CATCCACGTCTAGGTT"	0	"SRX5979983"	"SRP200614"	"intestine"	"class I-m EE cell"	NA	NA	NA	"FBbt:00058002"	"adult middle midgut class I enteroendocrine cell (Drosophila)"	"perfect match"	"EE_scRNA-seq"	NA	1
"CATCCACGTCTTCTCG"	4	"SRX5979983"	"SRP200614"	"intestine"	"class II-m2 EE cell"	NA	NA	NA	"FBbt:00058005"	"adult middle midgut class II enteroendocrine cell (Drosophila)"	"perfect match"	"EE_scRNA-seq"	NA	8
"CATCCACGTGTTAAGA"	5	"SRX5979983"	"SRP200614"	"intestine"	"class I-p CCHa1 EE cell"	NA	NA	NA	"FBbt:00058003"	"adult posterior midgut class I enteroendocrine cell (Drosophila)"	"missing child term"	"EE_scRNA-seq"	NA	4
"CATCCACTCACCTCGT"	1	"SRX5979983"	"SRP200614"	"intestine"	"class II-m1 EE cell"	NA	NA	NA	"FBbt:00058005"	"adult middle midgut class II enteroendocrine cell (Drosophila)"	"perfect match"	"EE_scRNA-seq"	NA	3
"CATCGAACAAATACAG"	1	"SRX5979983"	"SRP200614"	"intestine"	"class II-m1 EE cell"	NA	NA	NA	"FBbt:00058005"	"adult middle midgut class II enteroendocrine cell (Drosophila)"	"perfect match"	"EE_scRNA-seq"	NA	3
"CATCGAACACGAAGCA"	4	"SRX5979983"	"SRP200614"	"intestine"	"class II-m2 EE cell"	NA	NA	NA	"FBbt:00058005"	"adult middle midgut class II enteroendocrine cell (Drosophila)"	"perfect match"	"EE_scRNA-seq"	NA	8
"CATCGAACAGTCAGAG"	5	"SRX5979983"	"SRP200614"	"intestine"	"class I-p CCHa1 EE cell"	NA	NA	NA	"FBbt:00058003"	"adult posterior midgut class I enteroendocrine cell (Drosophila)"	"missing child term"	"EE_scRNA-seq"	NA	4
"CATCGAAGTCTCAACA"	1	"SRX5979983"	"SRP200614"	"intestine"	"class II-m1 EE cell"	NA	NA	NA	"FBbt:00058005"	"adult middle midgut class II enteroendocrine cell (Drosophila)"	"perfect match"	"EE_scRNA-seq"	NA	3
"CATCGAATCAATCACG"	5	"SRX5979983"	"SRP200614"	"intestine"	"class I-p CCHa1 EE cell"	NA	NA	NA	"FBbt:00058003"	"adult posterior midgut class I enteroendocrine cell (Drosophila)"	"missing child term"	"EE_scRNA-seq"	NA	4
"CATCGAATCGCCTGAG"	6	"SRX5979983"	"SRP200614"	"intestine"	"class I-p AstA EE cell"	NA	NA	NA	"FBbt:00058003"	"adult posterior midgut class I enteroendocrine cell (Drosophila)"	"missing child term"	"EE_scRNA-seq"	NA	6
"CATCGAATCGGAGGTA"	0	"SRX5979983"	"SRP200614"	"intestine"	"class I-m EE cell"	NA	NA	NA	"FBbt:00058002"	"adult middle midgut class I enteroendocrine cell (Drosophila)"	"perfect match"	"EE_scRNA-seq"	NA	1
"CATCGAATCTGCTGCT"	0	"SRX5979983"	"SRP200614"	"intestine"	"class I-m EE cell"	NA	NA	NA	"FBbt:00058002"	"adult middle midgut class I enteroendocrine cell (Drosophila)"	"perfect match"	"EE_scRNA-seq"	NA	1
"CATCGGGAGCGTGAAC"	3	"SRX5979983"	"SRP200614"	"intestine"	"class II-a EE cell"	NA	NA	NA	"FBbt:00058004"	"adult anterior midgut class II enteroendocrine cell (Drosophila)"	"perfect match"	"EE_scRNA-seq"	NA	9
"CATCGGGAGTCGCCGT"	1	"SRX5979983"	"SRP200614"	"intestine"	"class II-m1 EE cell"	NA	NA	NA	"FBbt:00058005"	"adult middle midgut class II enteroendocrine cell (Drosophila)"	"perfect match"	"EE_scRNA-seq"	NA	3
"CATCGGGCAAGTACCT"	0	"SRX5979983"	"SRP200614"	"intestine"	"class I-m EE cell"	NA	NA	NA	"FBbt:00058002"	"adult middle midgut class I enteroendocrine cell (Drosophila)"	"perfect match"	"EE_scRNA-seq"	NA	1
"CATCGGGCACCGATAT"	6	"SRX5979983"	"SRP200614"	"intestine"	"class I-p AstA EE cell"	NA	NA	NA	"FBbt:00058003"	"adult posterior midgut class I enteroendocrine cell (Drosophila)"	"missing child term"	"EE_scRNA-seq"	NA	6
"CATCGGGCAGTAACGG"	0	"SRX5979983"	"SRP200614"	"intestine"	"class I-m EE cell"	NA	NA	NA	"FBbt:00058002"	"adult middle midgut class I enteroendocrine cell (Drosophila)"	"perfect match"	"EE_scRNA-seq"	NA	1
"CATCGGGTCTGGAGCC"	0	"SRX5979983"	"SRP200614"	"intestine"	"class I-m EE cell"	NA	NA	NA	"FBbt:00058002"	"adult middle midgut class I enteroendocrine cell (Drosophila)"	"perfect match"	"EE_scRNA-seq"	NA	1
"CATGACACAAGCTGGA"	0	"SRX5979983"	"SRP200614"	"intestine"	"class I-m EE cell"	NA	NA	NA	"FBbt:00058002"	"adult middle midgut class I enteroendocrine cell (Drosophila)"	"perfect match"	"EE_scRNA-seq"	NA	1
"CATGACACATGATCCA"	1	"SRX5979983"	"SRP200614"	"intestine"	"class II-m1 EE cell"	NA	NA	NA	"FBbt:00058005"	"adult middle midgut class II enteroendocrine cell (Drosophila)"	"perfect match"	"EE_scRNA-seq"	NA	3
"CATGACAGTAAAGGAG"	3	"SRX5979983"	"SRP200614"	"intestine"	"class II-a EE cell"	NA	NA	NA	"FBbt:00058004"	"adult anterior midgut class II enteroendocrine cell (Drosophila)"	"perfect match"	"EE_scRNA-seq"	NA	9
"CATGACAGTTTGTTGG"	0	"SRX5979983"	"SRP200614"	"intestine"	"class I-m EE cell"	NA	NA	NA	"FBbt:00058002"	"adult middle midgut class I enteroendocrine cell (Drosophila)"	"perfect match"	"EE_scRNA-seq"	NA	1
"CATGACATCACTATTC"	0	"SRX5979983"	"SRP200614"	"intestine"	"class I-m EE cell"	NA	NA	NA	"FBbt:00058002"	"adult middle midgut class I enteroendocrine cell (Drosophila)"	"perfect match"	"EE_scRNA-seq"	NA	1
"CATGACATCAGTACGT"	0	"SRX5979983"	"SRP200614"	"intestine"	"class I-m EE cell"	NA	NA	NA	"FBbt:00058002"	"adult middle midgut class I enteroendocrine cell (Drosophila)"	"perfect match"	"EE_scRNA-seq"	NA	1
"CATGACATCCAAACAC"	3	"SRX5979983"	"SRP200614"	"intestine"	"class II-a EE cell"	NA	NA	NA	"FBbt:00058004"	"adult anterior midgut class II enteroendocrine cell (Drosophila)"	"perfect match"	"EE_scRNA-seq"	NA	9
"CATGACATCCTCGCAT"	7	"SRX5979983"	"SRP200614"	"intestine"	"class II-p EE cell"	NA	NA	NA	"FBbt:00058006"	"adult posterior midgut class II enteroendocrine cell (Drosophila)"	"perfect match"	"EE_scRNA-seq"	NA	7
"CATGACATCTGCAGTA"	2	"SRX5979983"	"SRP200614"	"intestine"	"class I-ap EE cell"	NA	NA	NA	"FBbt:00058000"	"adult class I enteroendocrine cell (Drosophila)"	"other"	"EE_scRNA-seq"	NA	5
"CATGCCTAGCTAGTCT"	0	"SRX5979983"	"SRP200614"	"intestine"	"class I-m EE cell"	NA	NA	NA	"FBbt:00058002"	"adult middle midgut class I enteroendocrine cell (Drosophila)"	"perfect match"	"EE_scRNA-seq"	NA	1
"CATGCCTAGCTATGCT"	1	"SRX5979983"	"SRP200614"	"intestine"	"class II-m1 EE cell"	NA	NA	NA	"FBbt:00058005"	"adult middle midgut class II enteroendocrine cell (Drosophila)"	"perfect match"	"EE_scRNA-seq"	NA	3
"CATGCCTCACATAACC"	0	"SRX5979983"	"SRP200614"	"intestine"	"class I-m EE cell"	NA	NA	NA	"FBbt:00058002"	"adult middle midgut class I enteroendocrine cell (Drosophila)"	"perfect match"	"EE_scRNA-seq"	NA	1
"CATGCCTCACCCTATC"	0	"SRX5979983"	"SRP200614"	"intestine"	"class I-m EE cell"	NA	NA	NA	"FBbt:00058002"	"adult middle midgut class I enteroendocrine cell (Drosophila)"	"perfect match"	"EE_scRNA-seq"	NA	1
"CATGCCTCACGGCTAC"	1	"SRX5979983"	"SRP200614"	"intestine"	"class II-m1 EE cell"	NA	NA	NA	"FBbt:00058005"	"adult middle midgut class II enteroendocrine cell (Drosophila)"	"perfect match"	"EE_scRNA-seq"	NA	3
"CATGCCTCATCGATGT"	6	"SRX5979983"	"SRP200614"	"intestine"	"class I-p AstA EE cell"	NA	NA	NA	"FBbt:00058003"	"adult posterior midgut class I enteroendocrine cell (Drosophila)"	"missing child term"	"EE_scRNA-seq"	NA	6
"CATGCCTCATCTACGA"	0	"SRX5979983"	"SRP200614"	"intestine"	"class I-m EE cell"	NA	NA	NA	"FBbt:00058002"	"adult middle midgut class I enteroendocrine cell (Drosophila)"	"perfect match"	"EE_scRNA-seq"	NA	1
"CATGCCTCATGCCTTC"	8	"SRX5979983"	"SRP200614"	"intestine"	"class I-a EE cell"	NA	NA	NA	"FBbt:00058001"	"adult anterior midgut class I enteroendocrine cell (Drosophila)"	"perfect match"	"EE_scRNA-seq"	NA	2
"CATGCCTGTAATAGCA"	0	"SRX5979983"	"SRP200614"	"intestine"	"class I-m EE cell"	NA	NA	NA	"FBbt:00058002"	"adult middle midgut class I enteroendocrine cell (Drosophila)"	"perfect match"	"EE_scRNA-seq"	NA	1
"CATGCCTGTCTCAACA"	1	"SRX5979983"	"SRP200614"	"intestine"	"class II-m1 EE cell"	NA	NA	NA	"FBbt:00058005"	"adult middle midgut class II enteroendocrine cell (Drosophila)"	"perfect match"	"EE_scRNA-seq"	NA	3
"CATGCCTTCAAAGACA"	4	"SRX5979983"	"SRP200614"	"intestine"	"class II-m2 EE cell"	NA	NA	NA	"FBbt:00058005"	"adult middle midgut class II enteroendocrine cell (Drosophila)"	"perfect match"	"EE_scRNA-seq"	NA	8
"CATGCCTTCAGCACAT"	5	"SRX5979983"	"SRP200614"	"intestine"	"class I-p CCHa1 EE cell"	NA	NA	NA	"FBbt:00058003"	"adult posterior midgut class I enteroendocrine cell (Drosophila)"	"missing child term"	"EE_scRNA-seq"	NA	4
"CATGCCTTCCAGTATG"	2	"SRX5979983"	"SRP200614"	"intestine"	"class I-ap EE cell"	NA	NA	NA	"FBbt:00058000"	"adult class I enteroendocrine cell (Drosophila)"	"other"	"EE_scRNA-seq"	NA	5
"CATGCCTTCTACTTAC"	2	"SRX5979983"	"SRP200614"	"intestine"	"class I-ap EE cell"	NA	NA	NA	"FBbt:00058000"	"adult class I enteroendocrine cell (Drosophila)"	"other"	"EE_scRNA-seq"	NA	5
"CATGGCGAGAAAGTGG"	7	"SRX5979983"	"SRP200614"	"intestine"	"class II-p EE cell"	NA	NA	NA	"FBbt:00058006"	"adult posterior midgut class II enteroendocrine cell (Drosophila)"	"perfect match"	"EE_scRNA-seq"	NA	7
"CATGGCGAGGCGACAT"	7	"SRX5979983"	"SRP200614"	"intestine"	"class II-p EE cell"	NA	NA	NA	"FBbt:00058006"	"adult posterior midgut class II enteroendocrine cell (Drosophila)"	"perfect match"	"EE_scRNA-seq"	NA	7
"CATGGCGCATATACCG"	7	"SRX5979983"	"SRP200614"	"intestine"	"class II-p EE cell"	NA	NA	NA	"FBbt:00058006"	"adult posterior midgut class II enteroendocrine cell (Drosophila)"	"perfect match"	"EE_scRNA-seq"	NA	7
"CATGGCGCATTGTGCA"	5	"SRX5979983"	"SRP200614"	"intestine"	"class I-p CCHa1 EE cell"	NA	NA	NA	"FBbt:00058003"	"adult posterior midgut class I enteroendocrine cell (Drosophila)"	"missing child term"	"EE_scRNA-seq"	NA	4
"CATGGCGGTCAAAGAT"	6	"SRX5979983"	"SRP200614"	"intestine"	"class I-p AstA EE cell"	NA	NA	NA	"FBbt:00058003"	"adult posterior midgut class I enteroendocrine cell (Drosophila)"	"missing child term"	"EE_scRNA-seq"	NA	6
"CATGGCGGTCGGCTCA"	0	"SRX5979983"	"SRP200614"	"intestine"	"class I-m EE cell"	NA	NA	NA	"FBbt:00058002"	"adult middle midgut class I enteroendocrine cell (Drosophila)"	"perfect match"	"EE_scRNA-seq"	NA	1
"CATGGCGTCCCATTAT"	0	"SRX5979983"	"SRP200614"	"intestine"	"class I-m EE cell"	NA	NA	NA	"FBbt:00058002"	"adult middle midgut class I enteroendocrine cell (Drosophila)"	"perfect match"	"EE_scRNA-seq"	NA	1
"CATGGCGTCTTGTTTG"	0	"SRX5979983"	"SRP200614"	"intestine"	"class I-m EE cell"	NA	NA	NA	"FBbt:00058002"	"adult middle midgut class I enteroendocrine cell (Drosophila)"	"perfect match"	"EE_scRNA-seq"	NA	1
"CATTATCAGCGATCCC"	0	"SRX5979983"	"SRP200614"	"intestine"	"class I-m EE cell"	NA	NA	NA	"FBbt:00058002"	"adult middle midgut class I enteroendocrine cell (Drosophila)"	"perfect match"	"EE_scRNA-seq"	NA	1
"CATTATCCAAAGCAAT"	6	"SRX5979983"	"SRP200614"	"intestine"	"class I-p AstA EE cell"	NA	NA	NA	"FBbt:00058003"	"adult posterior midgut class I enteroendocrine cell (Drosophila)"	"missing child term"	"EE_scRNA-seq"	NA	6
"CATTATCGTCAAACTC"	4	"SRX5979983"	"SRP200614"	"intestine"	"class II-m2 EE cell"	NA	NA	NA	"FBbt:00058005"	"adult middle midgut class II enteroendocrine cell (Drosophila)"	"perfect match"	"EE_scRNA-seq"	NA	8
"CATTATCGTGAAATCA"	0	"SRX5979983"	"SRP200614"	"intestine"	"class I-m EE cell"	NA	NA	NA	"FBbt:00058002"	"adult middle midgut class I enteroendocrine cell (Drosophila)"	"perfect match"	"EE_scRNA-seq"	NA	1
"CATTATCTCCTACAGA"	6	"SRX5979983"	"SRP200614"	"intestine"	"class I-p AstA EE cell"	NA	NA	NA	"FBbt:00058003"	"adult posterior midgut class I enteroendocrine cell (Drosophila)"	"missing child term"	"EE_scRNA-seq"	NA	6
"CATTCGCAGAAGGGTA"	4	"SRX5979983"	"SRP200614"	"intestine"	"class II-m2 EE cell"	NA	NA	NA	"FBbt:00058005"	"adult middle midgut class II enteroendocrine cell (Drosophila)"	"perfect match"	"EE_scRNA-seq"	NA	8
"CATTCGCAGCCAGGAT"	3	"SRX5979983"	"SRP200614"	"intestine"	"class II-a EE cell"	NA	NA	NA	"FBbt:00058004"	"adult anterior midgut class II enteroendocrine cell (Drosophila)"	"perfect match"	"EE_scRNA-seq"	NA	9
"CATTCGCAGCGAAGGG"	4	"SRX5979983"	"SRP200614"	"intestine"	"class II-m2 EE cell"	NA	NA	NA	"FBbt:00058005"	"adult middle midgut class II enteroendocrine cell (Drosophila)"	"perfect match"	"EE_scRNA-seq"	NA	8
"CATTCGCAGTATTGGA"	10	"SRX5979983"	"SRP200614"	"intestine"	"EE progenitor cell"	NA	NA	NA	"FBbt:00049284"	"adult enteroendocrine precursor cell (Drosophila)"	"perfect match"	"EE_scRNA-seq"	NA	10
"CATTCGCAGTGGTAAT"	1	"SRX5979983"	"SRP200614"	"intestine"	"class II-m1 EE cell"	NA	NA	NA	"FBbt:00058005"	"adult middle midgut class II enteroendocrine cell (Drosophila)"	"perfect match"	"EE_scRNA-seq"	NA	3
"CATTCGCAGTTAAGTG"	0	"SRX5979983"	"SRP200614"	"intestine"	"class I-m EE cell"	NA	NA	NA	"FBbt:00058002"	"adult middle midgut class I enteroendocrine cell (Drosophila)"	"perfect match"	"EE_scRNA-seq"	NA	1
"CATTCGCCACACATGT"	8	"SRX5979983"	"SRP200614"	"intestine"	"class I-a EE cell"	NA	NA	NA	"FBbt:00058001"	"adult anterior midgut class I enteroendocrine cell (Drosophila)"	"perfect match"	"EE_scRNA-seq"	NA	2
"CATTCGCCACATCCAA"	0	"SRX5979983"	"SRP200614"	"intestine"	"class I-m EE cell"	NA	NA	NA	"FBbt:00058002"	"adult middle midgut class I enteroendocrine cell (Drosophila)"	"perfect match"	"EE_scRNA-seq"	NA	1
"CATTCGCCATAAAGGT"	3	"SRX5979983"	"SRP200614"	"intestine"	"class II-a EE cell"	NA	NA	NA	"FBbt:00058004"	"adult anterior midgut class II enteroendocrine cell (Drosophila)"	"perfect match"	"EE_scRNA-seq"	NA	9
"CATTCGCCATGACATC"	1	"SRX5979983"	"SRP200614"	"intestine"	"class II-m1 EE cell"	NA	NA	NA	"FBbt:00058005"	"adult middle midgut class II enteroendocrine cell (Drosophila)"	"perfect match"	"EE_scRNA-seq"	NA	3
"CATTCGCCATGTCGAT"	2	"SRX5979983"	"SRP200614"	"intestine"	"class I-ap EE cell"	NA	NA	NA	"FBbt:00058000"	"adult class I enteroendocrine cell (Drosophila)"	"other"	"EE_scRNA-seq"	NA	5
"CATTCGCGTACCGGCT"	1	"SRX5979983"	"SRP200614"	"intestine"	"class II-m1 EE cell"	NA	NA	NA	"FBbt:00058005"	"adult middle midgut class II enteroendocrine cell (Drosophila)"	"perfect match"	"EE_scRNA-seq"	NA	3
"CATTCGCGTAGAGGAA"	6	"SRX5979983"	"SRP200614"	"intestine"	"class I-p AstA EE cell"	NA	NA	NA	"FBbt:00058003"	"adult posterior midgut class I enteroendocrine cell (Drosophila)"	"missing child term"	"EE_scRNA-seq"	NA	6
"CATTCGCGTATCAGTC"	1	"SRX5979983"	"SRP200614"	"intestine"	"class II-m1 EE cell"	NA	NA	NA	"FBbt:00058005"	"adult middle midgut class II enteroendocrine cell (Drosophila)"	"perfect match"	"EE_scRNA-seq"	NA	3
"CATTCGCGTCCAACTA"	1	"SRX5979983"	"SRP200614"	"intestine"	"class II-m1 EE cell"	NA	NA	NA	"FBbt:00058005"	"adult middle midgut class II enteroendocrine cell (Drosophila)"	"perfect match"	"EE_scRNA-seq"	NA	3
"CATTCGCGTGATAAGT"	1	"SRX5979983"	"SRP200614"	"intestine"	"class II-m1 EE cell"	NA	NA	NA	"FBbt:00058005"	"adult middle midgut class II enteroendocrine cell (Drosophila)"	"perfect match"	"EE_scRNA-seq"	NA	3
"CATTCGCGTTCCCTTG"	3	"SRX5979983"	"SRP200614"	"intestine"	"class II-a EE cell"	NA	NA	NA	"FBbt:00058004"	"adult anterior midgut class II enteroendocrine cell (Drosophila)"	"perfect match"	"EE_scRNA-seq"	NA	9
"CATTCGCTCTGCTGTC"	6	"SRX5979983"	"SRP200614"	"intestine"	"class I-p AstA EE cell"	NA	NA	NA	"FBbt:00058003"	"adult posterior midgut class I enteroendocrine cell (Drosophila)"	"missing child term"	"EE_scRNA-seq"	NA	6
"CCAATCCAGACCACGA"	4	"SRX5979983"	"SRP200614"	"intestine"	"class II-m2 EE cell"	NA	NA	NA	"FBbt:00058005"	"adult middle midgut class II enteroendocrine cell (Drosophila)"	"perfect match"	"EE_scRNA-seq"	NA	8
"CCAATCCAGCAGACTG"	1	"SRX5979983"	"SRP200614"	"intestine"	"class II-m1 EE cell"	NA	NA	NA	"FBbt:00058005"	"adult middle midgut class II enteroendocrine cell (Drosophila)"	"perfect match"	"EE_scRNA-seq"	NA	3
"CCAATCCCAAACGTGG"	4	"SRX5979983"	"SRP200614"	"intestine"	"class II-m2 EE cell"	NA	NA	NA	"FBbt:00058005"	"adult middle midgut class II enteroendocrine cell (Drosophila)"	"perfect match"	"EE_scRNA-seq"	NA	8
"CCAATCCCAAAGAATC"	2	"SRX5979983"	"SRP200614"	"intestine"	"class I-ap EE cell"	NA	NA	NA	"FBbt:00058000"	"adult class I enteroendocrine cell (Drosophila)"	"other"	"EE_scRNA-seq"	NA	5
"CCAATCCCACGTGAGA"	2	"SRX5979983"	"SRP200614"	"intestine"	"class I-ap EE cell"	NA	NA	NA	"FBbt:00058000"	"adult class I enteroendocrine cell (Drosophila)"	"other"	"EE_scRNA-seq"	NA	5
"CCAATCCCAGCTCCGA"	4	"SRX5979983"	"SRP200614"	"intestine"	"class II-m2 EE cell"	NA	NA	NA	"FBbt:00058005"	"adult middle midgut class II enteroendocrine cell (Drosophila)"	"perfect match"	"EE_scRNA-seq"	NA	8
"CCAATCCCATGAGCGA"	2	"SRX5979983"	"SRP200614"	"intestine"	"class I-ap EE cell"	NA	NA	NA	"FBbt:00058000"	"adult class I enteroendocrine cell (Drosophila)"	"other"	"EE_scRNA-seq"	NA	5
"CCAATCCGTAGCAAAT"	5	"SRX5979983"	"SRP200614"	"intestine"	"class I-p CCHa1 EE cell"	NA	NA	NA	"FBbt:00058003"	"adult posterior midgut class I enteroendocrine cell (Drosophila)"	"missing child term"	"EE_scRNA-seq"	NA	4
"CCAATCCTCTCGCTTG"	4	"SRX5979983"	"SRP200614"	"intestine"	"class II-m2 EE cell"	NA	NA	NA	"FBbt:00058005"	"adult middle midgut class II enteroendocrine cell (Drosophila)"	"perfect match"	"EE_scRNA-seq"	NA	8
"CCAATCCTCTGGAGCC"	8	"SRX5979983"	"SRP200614"	"intestine"	"class I-a EE cell"	NA	NA	NA	"FBbt:00058001"	"adult anterior midgut class I enteroendocrine cell (Drosophila)"	"perfect match"	"EE_scRNA-seq"	NA	2
"CCACCTAAGGGATCTG"	0	"SRX5979983"	"SRP200614"	"intestine"	"class I-m EE cell"	NA	NA	NA	"FBbt:00058002"	"adult middle midgut class I enteroendocrine cell (Drosophila)"	"perfect match"	"EE_scRNA-seq"	NA	1
"CCACCTAAGTGCGTGA"	0	"SRX5979983"	"SRP200614"	"intestine"	"class I-m EE cell"	NA	NA	NA	"FBbt:00058002"	"adult middle midgut class I enteroendocrine cell (Drosophila)"	"perfect match"	"EE_scRNA-seq"	NA	1
"CCACCTAGTAGGGACT"	6	"SRX5979983"	"SRP200614"	"intestine"	"class I-p AstA EE cell"	NA	NA	NA	"FBbt:00058003"	"adult posterior midgut class I enteroendocrine cell (Drosophila)"	"missing child term"	"EE_scRNA-seq"	NA	6
"CCACCTAGTCGCGTGT"	0	"SRX5979983"	"SRP200614"	"intestine"	"class I-m EE cell"	NA	NA	NA	"FBbt:00058002"	"adult middle midgut class I enteroendocrine cell (Drosophila)"	"perfect match"	"EE_scRNA-seq"	NA	1
"CCACCTAGTGCTGTAT"	1	"SRX5979983"	"SRP200614"	"intestine"	"class II-m1 EE cell"	NA	NA	NA	"FBbt:00058005"	"adult middle midgut class II enteroendocrine cell (Drosophila)"	"perfect match"	"EE_scRNA-seq"	NA	3
"CCACCTATCATCGCTC"	7	"SRX5979983"	"SRP200614"	"intestine"	"class II-p EE cell"	NA	NA	NA	"FBbt:00058006"	"adult posterior midgut class II enteroendocrine cell (Drosophila)"	"perfect match"	"EE_scRNA-seq"	NA	7
"CCACCTATCTCGTATT"	1	"SRX5979983"	"SRP200614"	"intestine"	"class II-m1 EE cell"	NA	NA	NA	"FBbt:00058005"	"adult middle midgut class II enteroendocrine cell (Drosophila)"	"perfect match"	"EE_scRNA-seq"	NA	3
"CCACCTATCTGTTTGT"	5	"SRX5979983"	"SRP200614"	"intestine"	"class I-p CCHa1 EE cell"	NA	NA	NA	"FBbt:00058003"	"adult posterior midgut class I enteroendocrine cell (Drosophila)"	"missing child term"	"EE_scRNA-seq"	NA	4
"CCACGGAAGATAGTCA"	1	"SRX5979983"	"SRP200614"	"intestine"	"class II-m1 EE cell"	NA	NA	NA	"FBbt:00058005"	"adult middle midgut class II enteroendocrine cell (Drosophila)"	"perfect match"	"EE_scRNA-seq"	NA	3
"CCACGGACAATTGCTG"	7	"SRX5979983"	"SRP200614"	"intestine"	"class II-p EE cell"	NA	NA	NA	"FBbt:00058006"	"adult posterior midgut class II enteroendocrine cell (Drosophila)"	"perfect match"	"EE_scRNA-seq"	NA	7
"CCACGGACAGGTGGAT"	0	"SRX5979983"	"SRP200614"	"intestine"	"class I-m EE cell"	NA	NA	NA	"FBbt:00058002"	"adult middle midgut class I enteroendocrine cell (Drosophila)"	"perfect match"	"EE_scRNA-seq"	NA	1
"CCACGGACATCACCCT"	5	"SRX5979983"	"SRP200614"	"intestine"	"class I-p CCHa1 EE cell"	NA	NA	NA	"FBbt:00058003"	"adult posterior midgut class I enteroendocrine cell (Drosophila)"	"missing child term"	"EE_scRNA-seq"	NA	4
"CCACGGACATGTCCTC"	1	"SRX5979983"	"SRP200614"	"intestine"	"class II-m1 EE cell"	NA	NA	NA	"FBbt:00058005"	"adult middle midgut class II enteroendocrine cell (Drosophila)"	"perfect match"	"EE_scRNA-seq"	NA	3
"CCACGGAGTAGCGATG"	0	"SRX5979983"	"SRP200614"	"intestine"	"class I-m EE cell"	NA	NA	NA	"FBbt:00058002"	"adult middle midgut class I enteroendocrine cell (Drosophila)"	"perfect match"	"EE_scRNA-seq"	NA	1
"CCACGGAGTCGACTGC"	4	"SRX5979983"	"SRP200614"	"intestine"	"class II-m2 EE cell"	NA	NA	NA	"FBbt:00058005"	"adult middle midgut class II enteroendocrine cell (Drosophila)"	"perfect match"	"EE_scRNA-seq"	NA	8
"CCACGGAGTCGCGTGT"	3	"SRX5979983"	"SRP200614"	"intestine"	"class II-a EE cell"	NA	NA	NA	"FBbt:00058004"	"adult anterior midgut class II enteroendocrine cell (Drosophila)"	"perfect match"	"EE_scRNA-seq"	NA	9
"CCACGGATCACGAAGG"	1	"SRX5979983"	"SRP200614"	"intestine"	"class II-m1 EE cell"	NA	NA	NA	"FBbt:00058005"	"adult middle midgut class II enteroendocrine cell (Drosophila)"	"perfect match"	"EE_scRNA-seq"	NA	3
"CCACGGATCACGCATA"	1	"SRX5979983"	"SRP200614"	"intestine"	"class II-m1 EE cell"	NA	NA	NA	"FBbt:00058005"	"adult middle midgut class II enteroendocrine cell (Drosophila)"	"perfect match"	"EE_scRNA-seq"	NA	3
"CCACGGATCCGTCAAA"	5	"SRX5979983"	"SRP200614"	"intestine"	"class I-p CCHa1 EE cell"	NA	NA	NA	"FBbt:00058003"	"adult posterior midgut class I enteroendocrine cell (Drosophila)"	"missing child term"	"EE_scRNA-seq"	NA	4
"CCACTACAGCAACGGT"	0	"SRX5979983"	"SRP200614"	"intestine"	"class I-m EE cell"	NA	NA	NA	"FBbt:00058002"	"adult middle midgut class I enteroendocrine cell (Drosophila)"	"perfect match"	"EE_scRNA-seq"	NA	1
"CCACTACAGCTGTTCA"	10	"SRX5979983"	"SRP200614"	"intestine"	"EE progenitor cell"	NA	NA	NA	"FBbt:00049284"	"adult enteroendocrine precursor cell (Drosophila)"	"perfect match"	"EE_scRNA-seq"	NA	10
"CCACTACCAATCCAAC"	0	"SRX5979983"	"SRP200614"	"intestine"	"class I-m EE cell"	NA	NA	NA	"FBbt:00058002"	"adult middle midgut class I enteroendocrine cell (Drosophila)"	"perfect match"	"EE_scRNA-seq"	NA	1
"CCACTACCAATCTGCA"	2	"SRX5979983"	"SRP200614"	"intestine"	"class I-ap EE cell"	NA	NA	NA	"FBbt:00058000"	"adult class I enteroendocrine cell (Drosophila)"	"other"	"EE_scRNA-seq"	NA	5
"CCACTACCATTCGACA"	1	"SRX5979983"	"SRP200614"	"intestine"	"class II-m1 EE cell"	NA	NA	NA	"FBbt:00058005"	"adult middle midgut class II enteroendocrine cell (Drosophila)"	"perfect match"	"EE_scRNA-seq"	NA	3
"CCACTACGTACAGACG"	7	"SRX5979983"	"SRP200614"	"intestine"	"class II-p EE cell"	NA	NA	NA	"FBbt:00058006"	"adult posterior midgut class II enteroendocrine cell (Drosophila)"	"perfect match"	"EE_scRNA-seq"	NA	7
"CCACTACGTTGCGCAC"	1	"SRX5979983"	"SRP200614"	"intestine"	"class II-m1 EE cell"	NA	NA	NA	"FBbt:00058005"	"adult middle midgut class II enteroendocrine cell (Drosophila)"	"perfect match"	"EE_scRNA-seq"	NA	3
"CCACTACTCTAACTTC"	2	"SRX5979983"	"SRP200614"	"intestine"	"class I-ap EE cell"	NA	NA	NA	"FBbt:00058000"	"adult class I enteroendocrine cell (Drosophila)"	"other"	"EE_scRNA-seq"	NA	5
"CCAGCGAAGACACGAC"	0	"SRX5979983"	"SRP200614"	"intestine"	"class I-m EE cell"	NA	NA	NA	"FBbt:00058002"	"adult middle midgut class I enteroendocrine cell (Drosophila)"	"perfect match"	"EE_scRNA-seq"	NA	1
"CCAGCGAAGCTATGCT"	0	"SRX5979983"	"SRP200614"	"intestine"	"class I-m EE cell"	NA	NA	NA	"FBbt:00058002"	"adult middle midgut class I enteroendocrine cell (Drosophila)"	"perfect match"	"EE_scRNA-seq"	NA	1
"CCAGCGAAGGATGGAA"	0	"SRX5979983"	"SRP200614"	"intestine"	"class I-m EE cell"	NA	NA	NA	"FBbt:00058002"	"adult middle midgut class I enteroendocrine cell (Drosophila)"	"perfect match"	"EE_scRNA-seq"	NA	1
"CCAGCGACAGTCTTCC"	1	"SRX5979983"	"SRP200614"	"intestine"	"class II-m1 EE cell"	NA	NA	NA	"FBbt:00058005"	"adult middle midgut class II enteroendocrine cell (Drosophila)"	"perfect match"	"EE_scRNA-seq"	NA	3
"CCAGCGAGTCATCCCT"	1	"SRX5979983"	"SRP200614"	"intestine"	"class II-m1 EE cell"	NA	NA	NA	"FBbt:00058005"	"adult middle midgut class II enteroendocrine cell (Drosophila)"	"perfect match"	"EE_scRNA-seq"	NA	3
"CCAGCGAGTCCGTCAG"	1	"SRX5979983"	"SRP200614"	"intestine"	"class II-m1 EE cell"	NA	NA	NA	"FBbt:00058005"	"adult middle midgut class II enteroendocrine cell (Drosophila)"	"perfect match"	"EE_scRNA-seq"	NA	3
"CCAGCGAGTCTCACCT"	0	"SRX5979983"	"SRP200614"	"intestine"	"class I-m EE cell"	NA	NA	NA	"FBbt:00058002"	"adult middle midgut class I enteroendocrine cell (Drosophila)"	"perfect match"	"EE_scRNA-seq"	NA	1
"CCAGCGATCGTAGGTT"	0	"SRX5979983"	"SRP200614"	"intestine"	"class I-m EE cell"	NA	NA	NA	"FBbt:00058002"	"adult middle midgut class I enteroendocrine cell (Drosophila)"	"perfect match"	"EE_scRNA-seq"	NA	1
"CCAGCGATCTTGCATT"	0	"SRX5979983"	"SRP200614"	"intestine"	"class I-m EE cell"	NA	NA	NA	"FBbt:00058002"	"adult middle midgut class I enteroendocrine cell (Drosophila)"	"perfect match"	"EE_scRNA-seq"	NA	1
"CCATGTCAGCATGGCA"	7	"SRX5979983"	"SRP200614"	"intestine"	"class II-p EE cell"	NA	NA	NA	"FBbt:00058006"	"adult posterior midgut class II enteroendocrine cell (Drosophila)"	"perfect match"	"EE_scRNA-seq"	NA	7
"CCATGTCAGGCATGGT"	0	"SRX5979983"	"SRP200614"	"intestine"	"class I-m EE cell"	NA	NA	NA	"FBbt:00058002"	"adult middle midgut class I enteroendocrine cell (Drosophila)"	"perfect match"	"EE_scRNA-seq"	NA	1
"CCATGTCAGTGTCCCG"	0	"SRX5979983"	"SRP200614"	"intestine"	"class I-m EE cell"	NA	NA	NA	"FBbt:00058002"	"adult middle midgut class I enteroendocrine cell (Drosophila)"	"perfect match"	"EE_scRNA-seq"	NA	1
"CCATGTCCAAGTCTAC"	2	"SRX5979983"	"SRP200614"	"intestine"	"class I-ap EE cell"	NA	NA	NA	"FBbt:00058000"	"adult class I enteroendocrine cell (Drosophila)"	"other"	"EE_scRNA-seq"	NA	5
"CCATGTCGTAGAGCTG"	0	"SRX5979983"	"SRP200614"	"intestine"	"class I-m EE cell"	NA	NA	NA	"FBbt:00058002"	"adult middle midgut class I enteroendocrine cell (Drosophila)"	"perfect match"	"EE_scRNA-seq"	NA	1
"CCATGTCGTCACCCAG"	4	"SRX5979983"	"SRP200614"	"intestine"	"class II-m2 EE cell"	NA	NA	NA	"FBbt:00058005"	"adult middle midgut class II enteroendocrine cell (Drosophila)"	"perfect match"	"EE_scRNA-seq"	NA	8
"CCATGTCGTCGTTGTA"	7	"SRX5979983"	"SRP200614"	"intestine"	"class II-p EE cell"	NA	NA	NA	"FBbt:00058006"	"adult posterior midgut class II enteroendocrine cell (Drosophila)"	"perfect match"	"EE_scRNA-seq"	NA	7
"CCATGTCTCGCATGGC"	6	"SRX5979983"	"SRP200614"	"intestine"	"class I-p AstA EE cell"	NA	NA	NA	"FBbt:00058003"	"adult posterior midgut class I enteroendocrine cell (Drosophila)"	"missing child term"	"EE_scRNA-seq"	NA	6
"CCATGTCTCGCTGATA"	2	"SRX5979983"	"SRP200614"	"intestine"	"class I-ap EE cell"	NA	NA	NA	"FBbt:00058000"	"adult class I enteroendocrine cell (Drosophila)"	"other"	"EE_scRNA-seq"	NA	5
"CCATGTCTCTTCAACT"	2	"SRX5979983"	"SRP200614"	"intestine"	"class I-ap EE cell"	NA	NA	NA	"FBbt:00058000"	"adult class I enteroendocrine cell (Drosophila)"	"other"	"EE_scRNA-seq"	NA	5
"CCATTCGAGTGCGATG"	1	"SRX5979983"	"SRP200614"	"intestine"	"class II-m1 EE cell"	NA	NA	NA	"FBbt:00058005"	"adult middle midgut class II enteroendocrine cell (Drosophila)"	"perfect match"	"EE_scRNA-seq"	NA	3
"CCATTCGCACATTTCT"	8	"SRX5979983"	"SRP200614"	"intestine"	"class I-a EE cell"	NA	NA	NA	"FBbt:00058001"	"adult anterior midgut class I enteroendocrine cell (Drosophila)"	"perfect match"	"EE_scRNA-seq"	NA	2
"CCATTCGCACGGCTAC"	4	"SRX5979983"	"SRP200614"	"intestine"	"class II-m2 EE cell"	NA	NA	NA	"FBbt:00058005"	"adult middle midgut class II enteroendocrine cell (Drosophila)"	"perfect match"	"EE_scRNA-seq"	NA	8
"CCATTCGCAGTAAGAT"	4	"SRX5979983"	"SRP200614"	"intestine"	"class II-m2 EE cell"	NA	NA	NA	"FBbt:00058005"	"adult middle midgut class II enteroendocrine cell (Drosophila)"	"perfect match"	"EE_scRNA-seq"	NA	8
"CCATTCGCAGTAGAGC"	4	"SRX5979983"	"SRP200614"	"intestine"	"class II-m2 EE cell"	NA	NA	NA	"FBbt:00058005"	"adult middle midgut class II enteroendocrine cell (Drosophila)"	"perfect match"	"EE_scRNA-seq"	NA	8
"CCATTCGCATACGCTA"	7	"SRX5979983"	"SRP200614"	"intestine"	"class II-p EE cell"	NA	NA	NA	"FBbt:00058006"	"adult posterior midgut class II enteroendocrine cell (Drosophila)"	"perfect match"	"EE_scRNA-seq"	NA	7
"CCATTCGGTCTAACGT"	6	"SRX5979983"	"SRP200614"	"intestine"	"class I-p AstA EE cell"	NA	NA	NA	"FBbt:00058003"	"adult posterior midgut class I enteroendocrine cell (Drosophila)"	"missing child term"	"EE_scRNA-seq"	NA	6
"CCATTCGGTGCAGGTA"	0	"SRX5979983"	"SRP200614"	"intestine"	"class I-m EE cell"	NA	NA	NA	"FBbt:00058002"	"adult middle midgut class I enteroendocrine cell (Drosophila)"	"perfect match"	"EE_scRNA-seq"	NA	1
"CCATTCGGTTAGATGA"	3	"SRX5979983"	"SRP200614"	"intestine"	"class II-a EE cell"	NA	NA	NA	"FBbt:00058004"	"adult anterior midgut class II enteroendocrine cell (Drosophila)"	"perfect match"	"EE_scRNA-seq"	NA	9
"CCATTCGGTTCCCGAG"	8	"SRX5979983"	"SRP200614"	"intestine"	"class I-a EE cell"	NA	NA	NA	"FBbt:00058001"	"adult anterior midgut class I enteroendocrine cell (Drosophila)"	"perfect match"	"EE_scRNA-seq"	NA	2
"CCATTCGTCGCCCTTA"	3	"SRX5979983"	"SRP200614"	"intestine"	"class II-a EE cell"	NA	NA	NA	"FBbt:00058004"	"adult anterior midgut class II enteroendocrine cell (Drosophila)"	"perfect match"	"EE_scRNA-seq"	NA	9
"CCATTCGTCTGTGCAA"	3	"SRX5979983"	"SRP200614"	"intestine"	"class II-a EE cell"	NA	NA	NA	"FBbt:00058004"	"adult anterior midgut class II enteroendocrine cell (Drosophila)"	"perfect match"	"EE_scRNA-seq"	NA	9
"CCCAATCAGTGGAGTC"	1	"SRX5979983"	"SRP200614"	"intestine"	"class II-m1 EE cell"	NA	NA	NA	"FBbt:00058005"	"adult middle midgut class II enteroendocrine cell (Drosophila)"	"perfect match"	"EE_scRNA-seq"	NA	3
"CCCAATCCAGAAGCAC"	0	"SRX5979983"	"SRP200614"	"intestine"	"class I-m EE cell"	NA	NA	NA	"FBbt:00058002"	"adult middle midgut class I enteroendocrine cell (Drosophila)"	"perfect match"	"EE_scRNA-seq"	NA	1
"CCCAATCGTCAGAATA"	8	"SRX5979983"	"SRP200614"	"intestine"	"class I-a EE cell"	NA	NA	NA	"FBbt:00058001"	"adult anterior midgut class I enteroendocrine cell (Drosophila)"	"perfect match"	"EE_scRNA-seq"	NA	2
"CCCAATCGTCTACCTC"	3	"SRX5979983"	"SRP200614"	"intestine"	"class II-a EE cell"	NA	NA	NA	"FBbt:00058004"	"adult anterior midgut class II enteroendocrine cell (Drosophila)"	"perfect match"	"EE_scRNA-seq"	NA	9
"CCCAATCTCATGCTCC"	4	"SRX5979983"	"SRP200614"	"intestine"	"class II-m2 EE cell"	NA	NA	NA	"FBbt:00058005"	"adult middle midgut class II enteroendocrine cell (Drosophila)"	"perfect match"	"EE_scRNA-seq"	NA	8
"CCCAATCTCCTGCTTG"	3	"SRX5979983"	"SRP200614"	"intestine"	"class II-a EE cell"	NA	NA	NA	"FBbt:00058004"	"adult anterior midgut class II enteroendocrine cell (Drosophila)"	"perfect match"	"EE_scRNA-seq"	NA	9
"CCCAATCTCTCTGCTG"	0	"SRX5979983"	"SRP200614"	"intestine"	"class I-m EE cell"	NA	NA	NA	"FBbt:00058002"	"adult middle midgut class I enteroendocrine cell (Drosophila)"	"perfect match"	"EE_scRNA-seq"	NA	1
"CCCAGTTAGGCCCTCA"	1	"SRX5979983"	"SRP200614"	"intestine"	"class II-m1 EE cell"	NA	NA	NA	"FBbt:00058005"	"adult middle midgut class II enteroendocrine cell (Drosophila)"	"perfect match"	"EE_scRNA-seq"	NA	3
"CCCAGTTCAAATTGCC"	3	"SRX5979983"	"SRP200614"	"intestine"	"class II-a EE cell"	NA	NA	NA	"FBbt:00058004"	"adult anterior midgut class II enteroendocrine cell (Drosophila)"	"perfect match"	"EE_scRNA-seq"	NA	9
"CCCAGTTCACAGCGTC"	6	"SRX5979983"	"SRP200614"	"intestine"	"class I-p AstA EE cell"	NA	NA	NA	"FBbt:00058003"	"adult posterior midgut class I enteroendocrine cell (Drosophila)"	"missing child term"	"EE_scRNA-seq"	NA	6
"CCCAGTTCACATAACC"	2	"SRX5979983"	"SRP200614"	"intestine"	"class I-ap EE cell"	NA	NA	NA	"FBbt:00058000"	"adult class I enteroendocrine cell (Drosophila)"	"other"	"EE_scRNA-seq"	NA	5
"CCCAGTTCACATTCGA"	1	"SRX5979983"	"SRP200614"	"intestine"	"class II-m1 EE cell"	NA	NA	NA	"FBbt:00058005"	"adult middle midgut class II enteroendocrine cell (Drosophila)"	"perfect match"	"EE_scRNA-seq"	NA	3
"CCCAGTTCAGCCAATT"	0	"SRX5979983"	"SRP200614"	"intestine"	"class I-m EE cell"	NA	NA	NA	"FBbt:00058002"	"adult middle midgut class I enteroendocrine cell (Drosophila)"	"perfect match"	"EE_scRNA-seq"	NA	1
"CCCAGTTCATCTATGG"	0	"SRX5979983"	"SRP200614"	"intestine"	"class I-m EE cell"	NA	NA	NA	"FBbt:00058002"	"adult middle midgut class I enteroendocrine cell (Drosophila)"	"perfect match"	"EE_scRNA-seq"	NA	1
"CCCAGTTGTATCACCA"	8	"SRX5979983"	"SRP200614"	"intestine"	"class I-a EE cell"	NA	NA	NA	"FBbt:00058001"	"adult anterior midgut class I enteroendocrine cell (Drosophila)"	"perfect match"	"EE_scRNA-seq"	NA	2
"CCCAGTTGTTGAGTTC"	3	"SRX5979983"	"SRP200614"	"intestine"	"class II-a EE cell"	NA	NA	NA	"FBbt:00058004"	"adult anterior midgut class II enteroendocrine cell (Drosophila)"	"perfect match"	"EE_scRNA-seq"	NA	9
"CCCAGTTTCATGCATG"	1	"SRX5979983"	"SRP200614"	"intestine"	"class II-m1 EE cell"	NA	NA	NA	"FBbt:00058005"	"adult middle midgut class II enteroendocrine cell (Drosophila)"	"perfect match"	"EE_scRNA-seq"	NA	3
"CCCAGTTTCTTCAACT"	1	"SRX5979983"	"SRP200614"	"intestine"	"class II-m1 EE cell"	NA	NA	NA	"FBbt:00058005"	"adult middle midgut class II enteroendocrine cell (Drosophila)"	"perfect match"	"EE_scRNA-seq"	NA	3
"CCCATACAGACGCAAC"	7	"SRX5979983"	"SRP200614"	"intestine"	"class II-p EE cell"	NA	NA	NA	"FBbt:00058006"	"adult posterior midgut class II enteroendocrine cell (Drosophila)"	"perfect match"	"EE_scRNA-seq"	NA	7
"CCCATACAGTAGTGCG"	3	"SRX5979983"	"SRP200614"	"intestine"	"class II-a EE cell"	NA	NA	NA	"FBbt:00058004"	"adult anterior midgut class II enteroendocrine cell (Drosophila)"	"perfect match"	"EE_scRNA-seq"	NA	9
"CCCATACCAGACGCTC"	0	"SRX5979983"	"SRP200614"	"intestine"	"class I-m EE cell"	NA	NA	NA	"FBbt:00058002"	"adult middle midgut class I enteroendocrine cell (Drosophila)"	"perfect match"	"EE_scRNA-seq"	NA	1
"CCCATACCAGTTAACC"	8	"SRX5979983"	"SRP200614"	"intestine"	"class I-a EE cell"	NA	NA	NA	"FBbt:00058001"	"adult anterior midgut class I enteroendocrine cell (Drosophila)"	"perfect match"	"EE_scRNA-seq"	NA	2
"CCCATACGTGGGTATG"	4	"SRX5979983"	"SRP200614"	"intestine"	"class II-m2 EE cell"	NA	NA	NA	"FBbt:00058005"	"adult middle midgut class II enteroendocrine cell (Drosophila)"	"perfect match"	"EE_scRNA-seq"	NA	8
"CCCATACTCGCTTGTC"	3	"SRX5979983"	"SRP200614"	"intestine"	"class II-a EE cell"	NA	NA	NA	"FBbt:00058004"	"adult anterior midgut class II enteroendocrine cell (Drosophila)"	"perfect match"	"EE_scRNA-seq"	NA	9
"CCCATACTCTGACCTC"	0	"SRX5979983"	"SRP200614"	"intestine"	"class I-m EE cell"	NA	NA	NA	"FBbt:00058002"	"adult middle midgut class I enteroendocrine cell (Drosophila)"	"perfect match"	"EE_scRNA-seq"	NA	1
"CCCTCCTAGTCGTACT"	2	"SRX5979983"	"SRP200614"	"intestine"	"class I-ap EE cell"	NA	NA	NA	"FBbt:00058000"	"adult class I enteroendocrine cell (Drosophila)"	"other"	"EE_scRNA-seq"	NA	5
"CCCTCCTAGTTAAGTG"	2	"SRX5979983"	"SRP200614"	"intestine"	"class I-ap EE cell"	NA	NA	NA	"FBbt:00058000"	"adult class I enteroendocrine cell (Drosophila)"	"other"	"EE_scRNA-seq"	NA	5
"CCCTCCTGTGCAACTT"	0	"SRX5979983"	"SRP200614"	"intestine"	"class I-m EE cell"	NA	NA	NA	"FBbt:00058002"	"adult middle midgut class I enteroendocrine cell (Drosophila)"	"perfect match"	"EE_scRNA-seq"	NA	1
"CCCTCCTGTGTTGGGA"	0	"SRX5979983"	"SRP200614"	"intestine"	"class I-m EE cell"	NA	NA	NA	"FBbt:00058002"	"adult middle midgut class I enteroendocrine cell (Drosophila)"	"perfect match"	"EE_scRNA-seq"	NA	1
"CCCTCCTTCAAGCCTA"	0	"SRX5979983"	"SRP200614"	"intestine"	"class I-m EE cell"	NA	NA	NA	"FBbt:00058002"	"adult middle midgut class I enteroendocrine cell (Drosophila)"	"perfect match"	"EE_scRNA-seq"	NA	1
"CCCTCCTTCATCATTC"	1	"SRX5979983"	"SRP200614"	"intestine"	"class II-m1 EE cell"	NA	NA	NA	"FBbt:00058005"	"adult middle midgut class II enteroendocrine cell (Drosophila)"	"perfect match"	"EE_scRNA-seq"	NA	3
"CCCTCCTTCCCAGGTG"	5	"SRX5979983"	"SRP200614"	"intestine"	"class I-p CCHa1 EE cell"	NA	NA	NA	"FBbt:00058003"	"adult posterior midgut class I enteroendocrine cell (Drosophila)"	"missing child term"	"EE_scRNA-seq"	NA	4
"CCGGGATAGAAACCTA"	1	"SRX5979983"	"SRP200614"	"intestine"	"class II-m1 EE cell"	NA	NA	NA	"FBbt:00058005"	"adult middle midgut class II enteroendocrine cell (Drosophila)"	"perfect match"	"EE_scRNA-seq"	NA	3
"CCGGGATAGCACAGGT"	0	"SRX5979983"	"SRP200614"	"intestine"	"class I-m EE cell"	NA	NA	NA	"FBbt:00058002"	"adult middle midgut class I enteroendocrine cell (Drosophila)"	"perfect match"	"EE_scRNA-seq"	NA	1
"CCGGGATAGCCAGTAG"	0	"SRX5979983"	"SRP200614"	"intestine"	"class I-m EE cell"	NA	NA	NA	"FBbt:00058002"	"adult middle midgut class I enteroendocrine cell (Drosophila)"	"perfect match"	"EE_scRNA-seq"	NA	1
"CCGGGATAGTCCAGGA"	4	"SRX5979983"	"SRP200614"	"intestine"	"class II-m2 EE cell"	NA	NA	NA	"FBbt:00058005"	"adult middle midgut class II enteroendocrine cell (Drosophila)"	"perfect match"	"EE_scRNA-seq"	NA	8
"CCGGGATCAGACGCAA"	0	"SRX5979983"	"SRP200614"	"intestine"	"class I-m EE cell"	NA	NA	NA	"FBbt:00058002"	"adult middle midgut class I enteroendocrine cell (Drosophila)"	"perfect match"	"EE_scRNA-seq"	NA	1
"CCGGGATCAGATCCAT"	1	"SRX5979983"	"SRP200614"	"intestine"	"class II-m1 EE cell"	NA	NA	NA	"FBbt:00058005"	"adult middle midgut class II enteroendocrine cell (Drosophila)"	"perfect match"	"EE_scRNA-seq"	NA	3
"CCGGGATCAGGACGTA"	5	"SRX5979983"	"SRP200614"	"intestine"	"class I-p CCHa1 EE cell"	NA	NA	NA	"FBbt:00058003"	"adult posterior midgut class I enteroendocrine cell (Drosophila)"	"missing child term"	"EE_scRNA-seq"	NA	4
"CCGGGATGTCGTTGTA"	3	"SRX5979983"	"SRP200614"	"intestine"	"class II-a EE cell"	NA	NA	NA	"FBbt:00058004"	"adult anterior midgut class II enteroendocrine cell (Drosophila)"	"perfect match"	"EE_scRNA-seq"	NA	9
"CCGGGATTCAGGTTCA"	0	"SRX5979983"	"SRP200614"	"intestine"	"class I-m EE cell"	NA	NA	NA	"FBbt:00058002"	"adult middle midgut class I enteroendocrine cell (Drosophila)"	"perfect match"	"EE_scRNA-seq"	NA	1
"CCGGGATTCATTCACT"	4	"SRX5979983"	"SRP200614"	"intestine"	"class II-m2 EE cell"	NA	NA	NA	"FBbt:00058005"	"adult middle midgut class II enteroendocrine cell (Drosophila)"	"perfect match"	"EE_scRNA-seq"	NA	8
"CCGGTAGAGGATCGCA"	0	"SRX5979983"	"SRP200614"	"intestine"	"class I-m EE cell"	NA	NA	NA	"FBbt:00058002"	"adult middle midgut class I enteroendocrine cell (Drosophila)"	"perfect match"	"EE_scRNA-seq"	NA	1
"CCGGTAGTCACGATGT"	1	"SRX5979983"	"SRP200614"	"intestine"	"class II-m1 EE cell"	NA	NA	NA	"FBbt:00058005"	"adult middle midgut class II enteroendocrine cell (Drosophila)"	"perfect match"	"EE_scRNA-seq"	NA	3
"CCGGTAGTCCAGATCA"	4	"SRX5979983"	"SRP200614"	"intestine"	"class II-m2 EE cell"	NA	NA	NA	"FBbt:00058005"	"adult middle midgut class II enteroendocrine cell (Drosophila)"	"perfect match"	"EE_scRNA-seq"	NA	8
"CCGTACTAGCCACTAT"	6	"SRX5979983"	"SRP200614"	"intestine"	"class I-p AstA EE cell"	NA	NA	NA	"FBbt:00058003"	"adult posterior midgut class I enteroendocrine cell (Drosophila)"	"missing child term"	"EE_scRNA-seq"	NA	6
"CCGTACTAGGTGATAT"	8	"SRX5979983"	"SRP200614"	"intestine"	"class I-a EE cell"	NA	NA	NA	"FBbt:00058001"	"adult anterior midgut class I enteroendocrine cell (Drosophila)"	"perfect match"	"EE_scRNA-seq"	NA	2
"CCGTACTAGGTGTTAA"	0	"SRX5979983"	"SRP200614"	"intestine"	"class I-m EE cell"	NA	NA	NA	"FBbt:00058002"	"adult middle midgut class I enteroendocrine cell (Drosophila)"	"perfect match"	"EE_scRNA-seq"	NA	1
"CCGTACTAGTCCGTAT"	0	"SRX5979983"	"SRP200614"	"intestine"	"class I-m EE cell"	NA	NA	NA	"FBbt:00058002"	"adult middle midgut class I enteroendocrine cell (Drosophila)"	"perfect match"	"EE_scRNA-seq"	NA	1
"CCGTACTCACGGTGTC"	8	"SRX5979983"	"SRP200614"	"intestine"	"class I-a EE cell"	NA	NA	NA	"FBbt:00058001"	"adult anterior midgut class I enteroendocrine cell (Drosophila)"	"perfect match"	"EE_scRNA-seq"	NA	2
"CCGTACTCATTGGCGC"	2	"SRX5979983"	"SRP200614"	"intestine"	"class I-ap EE cell"	NA	NA	NA	"FBbt:00058000"	"adult class I enteroendocrine cell (Drosophila)"	"other"	"EE_scRNA-seq"	NA	5
"CCGTACTTCAACTCTT"	2	"SRX5979983"	"SRP200614"	"intestine"	"class I-ap EE cell"	NA	NA	NA	"FBbt:00058000"	"adult class I enteroendocrine cell (Drosophila)"	"other"	"EE_scRNA-seq"	NA	5
"CCGTACTTCCTCAATT"	6	"SRX5979983"	"SRP200614"	"intestine"	"class I-p AstA EE cell"	NA	NA	NA	"FBbt:00058003"	"adult posterior midgut class I enteroendocrine cell (Drosophila)"	"missing child term"	"EE_scRNA-seq"	NA	6
"CCGTACTTCGGACAAG"	3	"SRX5979983"	"SRP200614"	"intestine"	"class II-a EE cell"	NA	NA	NA	"FBbt:00058004"	"adult anterior midgut class II enteroendocrine cell (Drosophila)"	"perfect match"	"EE_scRNA-seq"	NA	9
"CCGTGGAAGATCCCAT"	4	"SRX5979983"	"SRP200614"	"intestine"	"class II-m2 EE cell"	NA	NA	NA	"FBbt:00058005"	"adult middle midgut class II enteroendocrine cell (Drosophila)"	"perfect match"	"EE_scRNA-seq"	NA	8
"CCGTGGAAGATGCCAG"	6	"SRX5979983"	"SRP200614"	"intestine"	"class I-p AstA EE cell"	NA	NA	NA	"FBbt:00058003"	"adult posterior midgut class I enteroendocrine cell (Drosophila)"	"missing child term"	"EE_scRNA-seq"	NA	6
"CCGTGGAAGCGTCTAT"	1	"SRX5979983"	"SRP200614"	"intestine"	"class II-m1 EE cell"	NA	NA	NA	"FBbt:00058005"	"adult middle midgut class II enteroendocrine cell (Drosophila)"	"perfect match"	"EE_scRNA-seq"	NA	3
"CCGTGGAAGGACAGAA"	1	"SRX5979983"	"SRP200614"	"intestine"	"class II-m1 EE cell"	NA	NA	NA	"FBbt:00058005"	"adult middle midgut class II enteroendocrine cell (Drosophila)"	"perfect match"	"EE_scRNA-seq"	NA	3
"CCGTGGAGTCCGCTGA"	0	"SRX5979983"	"SRP200614"	"intestine"	"class I-m EE cell"	NA	NA	NA	"FBbt:00058002"	"adult middle midgut class I enteroendocrine cell (Drosophila)"	"perfect match"	"EE_scRNA-seq"	NA	1
"CCGTGGAGTCGGGTCT"	0	"SRX5979983"	"SRP200614"	"intestine"	"class I-m EE cell"	NA	NA	NA	"FBbt:00058002"	"adult middle midgut class I enteroendocrine cell (Drosophila)"	"perfect match"	"EE_scRNA-seq"	NA	1
"CCGTGGAGTGGGTCAA"	1	"SRX5979983"	"SRP200614"	"intestine"	"class II-m1 EE cell"	NA	NA	NA	"FBbt:00058005"	"adult middle midgut class II enteroendocrine cell (Drosophila)"	"perfect match"	"EE_scRNA-seq"	NA	3
"CCGTTCAAGAGCCTAG"	0	"SRX5979983"	"SRP200614"	"intestine"	"class I-m EE cell"	NA	NA	NA	"FBbt:00058002"	"adult middle midgut class I enteroendocrine cell (Drosophila)"	"perfect match"	"EE_scRNA-seq"	NA	1
"CCGTTCAAGCGAAGGG"	1	"SRX5979983"	"SRP200614"	"intestine"	"class II-m1 EE cell"	NA	NA	NA	"FBbt:00058005"	"adult middle midgut class II enteroendocrine cell (Drosophila)"	"perfect match"	"EE_scRNA-seq"	NA	3
"CCGTTCAAGCTAAACA"	7	"SRX5979983"	"SRP200614"	"intestine"	"class II-p EE cell"	NA	NA	NA	"FBbt:00058006"	"adult posterior midgut class II enteroendocrine cell (Drosophila)"	"perfect match"	"EE_scRNA-seq"	NA	7
"CCGTTCACAGTTCCCT"	2	"SRX5979983"	"SRP200614"	"intestine"	"class I-ap EE cell"	NA	NA	NA	"FBbt:00058000"	"adult class I enteroendocrine cell (Drosophila)"	"other"	"EE_scRNA-seq"	NA	5
"CCGTTCACATCGGACC"	3	"SRX5979983"	"SRP200614"	"intestine"	"class II-a EE cell"	NA	NA	NA	"FBbt:00058004"	"adult anterior midgut class II enteroendocrine cell (Drosophila)"	"perfect match"	"EE_scRNA-seq"	NA	9
"CCGTTCACATTAGGCT"	0	"SRX5979983"	"SRP200614"	"intestine"	"class I-m EE cell"	NA	NA	NA	"FBbt:00058002"	"adult middle midgut class I enteroendocrine cell (Drosophila)"	"perfect match"	"EE_scRNA-seq"	NA	1
"CCGTTCAGTCTTCAAG"	2	"SRX5979983"	"SRP200614"	"intestine"	"class I-ap EE cell"	NA	NA	NA	"FBbt:00058000"	"adult class I enteroendocrine cell (Drosophila)"	"other"	"EE_scRNA-seq"	NA	5
"CCGTTCATCATGCTCC"	5	"SRX5979983"	"SRP200614"	"intestine"	"class I-p CCHa1 EE cell"	NA	NA	NA	"FBbt:00058003"	"adult posterior midgut class I enteroendocrine cell (Drosophila)"	"missing child term"	"EE_scRNA-seq"	NA	4
"CCGTTCATCGCGTAGC"	2	"SRX5979983"	"SRP200614"	"intestine"	"class I-ap EE cell"	NA	NA	NA	"FBbt:00058000"	"adult class I enteroendocrine cell (Drosophila)"	"other"	"EE_scRNA-seq"	NA	5
"CCGTTCATCTCGTTTA"	1	"SRX5979983"	"SRP200614"	"intestine"	"class II-m1 EE cell"	NA	NA	NA	"FBbt:00058005"	"adult middle midgut class II enteroendocrine cell (Drosophila)"	"perfect match"	"EE_scRNA-seq"	NA	3
"CCTAAAGAGCTGGAAC"	4	"SRX5979983"	"SRP200614"	"intestine"	"class II-m2 EE cell"	NA	NA	NA	"FBbt:00058005"	"adult middle midgut class II enteroendocrine cell (Drosophila)"	"perfect match"	"EE_scRNA-seq"	NA	8
"CCTAAAGCAAGCGATG"	3	"SRX5979983"	"SRP200614"	"intestine"	"class II-a EE cell"	NA	NA	NA	"FBbt:00058004"	"adult anterior midgut class II enteroendocrine cell (Drosophila)"	"perfect match"	"EE_scRNA-seq"	NA	9
"CCTAAAGCAGACGCCT"	0	"SRX5979983"	"SRP200614"	"intestine"	"class I-m EE cell"	NA	NA	NA	"FBbt:00058002"	"adult middle midgut class I enteroendocrine cell (Drosophila)"	"perfect match"	"EE_scRNA-seq"	NA	1
"CCTAAAGGTAGCTAAA"	1	"SRX5979983"	"SRP200614"	"intestine"	"class II-m1 EE cell"	NA	NA	NA	"FBbt:00058005"	"adult middle midgut class II enteroendocrine cell (Drosophila)"	"perfect match"	"EE_scRNA-seq"	NA	3
"CCTAAAGGTCCATGAT"	0	"SRX5979983"	"SRP200614"	"intestine"	"class I-m EE cell"	NA	NA	NA	"FBbt:00058002"	"adult middle midgut class I enteroendocrine cell (Drosophila)"	"perfect match"	"EE_scRNA-seq"	NA	1
"CCTAAAGGTCGTGGCT"	5	"SRX5979983"	"SRP200614"	"intestine"	"class I-p CCHa1 EE cell"	NA	NA	NA	"FBbt:00058003"	"adult posterior midgut class I enteroendocrine cell (Drosophila)"	"missing child term"	"EE_scRNA-seq"	NA	4
"CCTAAAGGTGCAACGA"	2	"SRX5979983"	"SRP200614"	"intestine"	"class I-ap EE cell"	NA	NA	NA	"FBbt:00058000"	"adult class I enteroendocrine cell (Drosophila)"	"other"	"EE_scRNA-seq"	NA	5
"CCTAAAGTCTCTGTCG"	3	"SRX5979983"	"SRP200614"	"intestine"	"class II-a EE cell"	NA	NA	NA	"FBbt:00058004"	"adult anterior midgut class II enteroendocrine cell (Drosophila)"	"perfect match"	"EE_scRNA-seq"	NA	9
"CCTACACAGAATCTCC"	8	"SRX5979983"	"SRP200614"	"intestine"	"class I-a EE cell"	NA	NA	NA	"FBbt:00058001"	"adult anterior midgut class I enteroendocrine cell (Drosophila)"	"perfect match"	"EE_scRNA-seq"	NA	2
"CCTACACCAAGTCTAC"	3	"SRX5979983"	"SRP200614"	"intestine"	"class II-a EE cell"	NA	NA	NA	"FBbt:00058004"	"adult anterior midgut class II enteroendocrine cell (Drosophila)"	"perfect match"	"EE_scRNA-seq"	NA	9
"CCTACACCATGGTAGG"	0	"SRX5979983"	"SRP200614"	"intestine"	"class I-m EE cell"	NA	NA	NA	"FBbt:00058002"	"adult middle midgut class I enteroendocrine cell (Drosophila)"	"perfect match"	"EE_scRNA-seq"	NA	1
"CCTACACGTACATCCA"	0	"SRX5979983"	"SRP200614"	"intestine"	"class I-m EE cell"	NA	NA	NA	"FBbt:00058002"	"adult middle midgut class I enteroendocrine cell (Drosophila)"	"perfect match"	"EE_scRNA-seq"	NA	1
"CCTACACGTAGGGTAC"	4	"SRX5979983"	"SRP200614"	"intestine"	"class II-m2 EE cell"	NA	NA	NA	"FBbt:00058005"	"adult middle midgut class II enteroendocrine cell (Drosophila)"	"perfect match"	"EE_scRNA-seq"	NA	8
"CCTACACGTGTCGCTG"	2	"SRX5979983"	"SRP200614"	"intestine"	"class I-ap EE cell"	NA	NA	NA	"FBbt:00058000"	"adult class I enteroendocrine cell (Drosophila)"	"other"	"EE_scRNA-seq"	NA	5
"CCTACACTCATTTGGG"	0	"SRX5979983"	"SRP200614"	"intestine"	"class I-m EE cell"	NA	NA	NA	"FBbt:00058002"	"adult middle midgut class I enteroendocrine cell (Drosophila)"	"perfect match"	"EE_scRNA-seq"	NA	1
"CCTACACTCCGAGCCA"	7	"SRX5979983"	"SRP200614"	"intestine"	"class II-p EE cell"	NA	NA	NA	"FBbt:00058006"	"adult posterior midgut class II enteroendocrine cell (Drosophila)"	"perfect match"	"EE_scRNA-seq"	NA	7
"CCTACACTCCTCAACC"	4	"SRX5979983"	"SRP200614"	"intestine"	"class II-m2 EE cell"	NA	NA	NA	"FBbt:00058005"	"adult middle midgut class II enteroendocrine cell (Drosophila)"	"perfect match"	"EE_scRNA-seq"	NA	8
"CCTACACTCGTAGGTT"	1	"SRX5979983"	"SRP200614"	"intestine"	"class II-m1 EE cell"	NA	NA	NA	"FBbt:00058005"	"adult middle midgut class II enteroendocrine cell (Drosophila)"	"perfect match"	"EE_scRNA-seq"	NA	3
"CCTACACTCTGTCTCG"	0	"SRX5979983"	"SRP200614"	"intestine"	"class I-m EE cell"	NA	NA	NA	"FBbt:00058002"	"adult middle midgut class I enteroendocrine cell (Drosophila)"	"perfect match"	"EE_scRNA-seq"	NA	1
"CCTACCAAGAAACCGC"	3	"SRX5979983"	"SRP200614"	"intestine"	"class II-a EE cell"	NA	NA	NA	"FBbt:00058004"	"adult anterior midgut class II enteroendocrine cell (Drosophila)"	"perfect match"	"EE_scRNA-seq"	NA	9
"CCTACCAAGACAGACC"	1	"SRX5979983"	"SRP200614"	"intestine"	"class II-m1 EE cell"	NA	NA	NA	"FBbt:00058005"	"adult middle midgut class II enteroendocrine cell (Drosophila)"	"perfect match"	"EE_scRNA-seq"	NA	3
"CCTACCAAGCACACAG"	2	"SRX5979983"	"SRP200614"	"intestine"	"class I-ap EE cell"	NA	NA	NA	"FBbt:00058000"	"adult class I enteroendocrine cell (Drosophila)"	"other"	"EE_scRNA-seq"	NA	5
"CCTACCACATACTACG"	8	"SRX5979983"	"SRP200614"	"intestine"	"class I-a EE cell"	NA	NA	NA	"FBbt:00058001"	"adult anterior midgut class I enteroendocrine cell (Drosophila)"	"perfect match"	"EE_scRNA-seq"	NA	2
"CCTACCACATATGGTC"	0	"SRX5979983"	"SRP200614"	"intestine"	"class I-m EE cell"	NA	NA	NA	"FBbt:00058002"	"adult middle midgut class I enteroendocrine cell (Drosophila)"	"perfect match"	"EE_scRNA-seq"	NA	1
"CCTACCACATTTCAGG"	4	"SRX5979983"	"SRP200614"	"intestine"	"class II-m2 EE cell"	NA	NA	NA	"FBbt:00058005"	"adult middle midgut class II enteroendocrine cell (Drosophila)"	"perfect match"	"EE_scRNA-seq"	NA	8
"CCTACCAGTCCTCCAT"	4	"SRX5979983"	"SRP200614"	"intestine"	"class II-m2 EE cell"	NA	NA	NA	"FBbt:00058005"	"adult middle midgut class II enteroendocrine cell (Drosophila)"	"perfect match"	"EE_scRNA-seq"	NA	8
"CCTACCAGTCTCCCTA"	0	"SRX5979983"	"SRP200614"	"intestine"	"class I-m EE cell"	NA	NA	NA	"FBbt:00058002"	"adult middle midgut class I enteroendocrine cell (Drosophila)"	"perfect match"	"EE_scRNA-seq"	NA	1
"CCTACCAGTGCCTGTG"	5	"SRX5979983"	"SRP200614"	"intestine"	"class I-p CCHa1 EE cell"	NA	NA	NA	"FBbt:00058003"	"adult posterior midgut class I enteroendocrine cell (Drosophila)"	"missing child term"	"EE_scRNA-seq"	NA	4
"CCTACCAGTTTCCACC"	3	"SRX5979983"	"SRP200614"	"intestine"	"class II-a EE cell"	NA	NA	NA	"FBbt:00058004"	"adult anterior midgut class II enteroendocrine cell (Drosophila)"	"perfect match"	"EE_scRNA-seq"	NA	9
"CCTACCATCGTAGGAG"	8	"SRX5979983"	"SRP200614"	"intestine"	"class I-a EE cell"	NA	NA	NA	"FBbt:00058001"	"adult anterior midgut class I enteroendocrine cell (Drosophila)"	"perfect match"	"EE_scRNA-seq"	NA	2
"CCTAGCTAGCCAGGAT"	6	"SRX5979983"	"SRP200614"	"intestine"	"class I-p AstA EE cell"	NA	NA	NA	"FBbt:00058003"	"adult posterior midgut class I enteroendocrine cell (Drosophila)"	"missing child term"	"EE_scRNA-seq"	NA	6
"CCTAGCTAGTGGCACA"	1	"SRX5979983"	"SRP200614"	"intestine"	"class II-m1 EE cell"	NA	NA	NA	"FBbt:00058005"	"adult middle midgut class II enteroendocrine cell (Drosophila)"	"perfect match"	"EE_scRNA-seq"	NA	3
"CCTAGCTAGTGGGCTA"	7	"SRX5979983"	"SRP200614"	"intestine"	"class II-p EE cell"	NA	NA	NA	"FBbt:00058006"	"adult posterior midgut class II enteroendocrine cell (Drosophila)"	"perfect match"	"EE_scRNA-seq"	NA	7
"CCTAGCTCAGATGGCA"	0	"SRX5979983"	"SRP200614"	"intestine"	"class I-m EE cell"	NA	NA	NA	"FBbt:00058002"	"adult middle midgut class I enteroendocrine cell (Drosophila)"	"perfect match"	"EE_scRNA-seq"	NA	1
"CCTAGCTCAGCGATCC"	6	"SRX5979983"	"SRP200614"	"intestine"	"class I-p AstA EE cell"	NA	NA	NA	"FBbt:00058003"	"adult posterior midgut class I enteroendocrine cell (Drosophila)"	"missing child term"	"EE_scRNA-seq"	NA	6
"CCTAGCTGTAGAGGAA"	3	"SRX5979983"	"SRP200614"	"intestine"	"class II-a EE cell"	NA	NA	NA	"FBbt:00058004"	"adult anterior midgut class II enteroendocrine cell (Drosophila)"	"perfect match"	"EE_scRNA-seq"	NA	9
"CCTAGCTGTGTGGTTT"	1	"SRX5979983"	"SRP200614"	"intestine"	"class II-m1 EE cell"	NA	NA	NA	"FBbt:00058005"	"adult middle midgut class II enteroendocrine cell (Drosophila)"	"perfect match"	"EE_scRNA-seq"	NA	3
"CCTAGCTGTTGTGGCC"	0	"SRX5979983"	"SRP200614"	"intestine"	"class I-m EE cell"	NA	NA	NA	"FBbt:00058002"	"adult middle midgut class I enteroendocrine cell (Drosophila)"	"perfect match"	"EE_scRNA-seq"	NA	1
"CCTATTAAGAGCTTCT"	0	"SRX5979983"	"SRP200614"	"intestine"	"class I-m EE cell"	NA	NA	NA	"FBbt:00058002"	"adult middle midgut class I enteroendocrine cell (Drosophila)"	"perfect match"	"EE_scRNA-seq"	NA	1
"CCTATTAAGATGTGTA"	2	"SRX5979983"	"SRP200614"	"intestine"	"class I-ap EE cell"	NA	NA	NA	"FBbt:00058000"	"adult class I enteroendocrine cell (Drosophila)"	"other"	"EE_scRNA-seq"	NA	5
"CCTATTAAGCGTCAAG"	2	"SRX5979983"	"SRP200614"	"intestine"	"class I-ap EE cell"	NA	NA	NA	"FBbt:00058000"	"adult class I enteroendocrine cell (Drosophila)"	"other"	"EE_scRNA-seq"	NA	5
"CCTATTAAGTGAAGAG"	0	"SRX5979983"	"SRP200614"	"intestine"	"class I-m EE cell"	NA	NA	NA	"FBbt:00058002"	"adult middle midgut class I enteroendocrine cell (Drosophila)"	"perfect match"	"EE_scRNA-seq"	NA	1
"CCTATTACAACACCTA"	6	"SRX5979983"	"SRP200614"	"intestine"	"class I-p AstA EE cell"	NA	NA	NA	"FBbt:00058003"	"adult posterior midgut class I enteroendocrine cell (Drosophila)"	"missing child term"	"EE_scRNA-seq"	NA	6
"CCTATTACAATGAATG"	1	"SRX5979983"	"SRP200614"	"intestine"	"class II-m1 EE cell"	NA	NA	NA	"FBbt:00058005"	"adult middle midgut class II enteroendocrine cell (Drosophila)"	"perfect match"	"EE_scRNA-seq"	NA	3
"CCTATTACACAGCGTC"	6	"SRX5979983"	"SRP200614"	"intestine"	"class I-p AstA EE cell"	NA	NA	NA	"FBbt:00058003"	"adult posterior midgut class I enteroendocrine cell (Drosophila)"	"missing child term"	"EE_scRNA-seq"	NA	6
"CCTATTACATCCAACA"	7	"SRX5979983"	"SRP200614"	"intestine"	"class II-p EE cell"	NA	NA	NA	"FBbt:00058006"	"adult posterior midgut class II enteroendocrine cell (Drosophila)"	"perfect match"	"EE_scRNA-seq"	NA	7
"CCTATTAGTTACCGAT"	0	"SRX5979983"	"SRP200614"	"intestine"	"class I-m EE cell"	NA	NA	NA	"FBbt:00058002"	"adult middle midgut class I enteroendocrine cell (Drosophila)"	"perfect match"	"EE_scRNA-seq"	NA	1
"CCTATTATCAACCAAC"	1	"SRX5979983"	"SRP200614"	"intestine"	"class II-m1 EE cell"	NA	NA	NA	"FBbt:00058005"	"adult middle midgut class II enteroendocrine cell (Drosophila)"	"perfect match"	"EE_scRNA-seq"	NA	3
"CCTATTATCACGCATA"	1	"SRX5979983"	"SRP200614"	"intestine"	"class II-m1 EE cell"	NA	NA	NA	"FBbt:00058005"	"adult middle midgut class II enteroendocrine cell (Drosophila)"	"perfect match"	"EE_scRNA-seq"	NA	3
"CCTATTATCGCCCTTA"	7	"SRX5979983"	"SRP200614"	"intestine"	"class II-p EE cell"	NA	NA	NA	"FBbt:00058006"	"adult posterior midgut class II enteroendocrine cell (Drosophila)"	"perfect match"	"EE_scRNA-seq"	NA	7
"CCTATTATCGCTGATA"	3	"SRX5979983"	"SRP200614"	"intestine"	"class II-a EE cell"	NA	NA	NA	"FBbt:00058004"	"adult anterior midgut class II enteroendocrine cell (Drosophila)"	"perfect match"	"EE_scRNA-seq"	NA	9
"CCTATTATCGTAGGAG"	0	"SRX5979983"	"SRP200614"	"intestine"	"class I-m EE cell"	NA	NA	NA	"FBbt:00058002"	"adult middle midgut class I enteroendocrine cell (Drosophila)"	"perfect match"	"EE_scRNA-seq"	NA	1
"CCTATTATCGTGGACC"	4	"SRX5979983"	"SRP200614"	"intestine"	"class II-m2 EE cell"	NA	NA	NA	"FBbt:00058005"	"adult middle midgut class II enteroendocrine cell (Drosophila)"	"perfect match"	"EE_scRNA-seq"	NA	8
"CCTCAGTAGAAGGACA"	3	"SRX5979983"	"SRP200614"	"intestine"	"class II-a EE cell"	NA	NA	NA	"FBbt:00058004"	"adult anterior midgut class II enteroendocrine cell (Drosophila)"	"perfect match"	"EE_scRNA-seq"	NA	9
"CCTCAGTAGAGACTTA"	3	"SRX5979983"	"SRP200614"	"intestine"	"class II-a EE cell"	NA	NA	NA	"FBbt:00058004"	"adult anterior midgut class II enteroendocrine cell (Drosophila)"	"perfect match"	"EE_scRNA-seq"	NA	9
"CCTCAGTAGAGGTAGA"	6	"SRX5979983"	"SRP200614"	"intestine"	"class I-p AstA EE cell"	NA	NA	NA	"FBbt:00058003"	"adult posterior midgut class I enteroendocrine cell (Drosophila)"	"missing child term"	"EE_scRNA-seq"	NA	6
"CCTCAGTAGGGTCTCC"	2	"SRX5979983"	"SRP200614"	"intestine"	"class I-ap EE cell"	NA	NA	NA	"FBbt:00058000"	"adult class I enteroendocrine cell (Drosophila)"	"other"	"EE_scRNA-seq"	NA	5
"CCTCAGTCACATCCGG"	1	"SRX5979983"	"SRP200614"	"intestine"	"class II-m1 EE cell"	NA	NA	NA	"FBbt:00058005"	"adult middle midgut class II enteroendocrine cell (Drosophila)"	"perfect match"	"EE_scRNA-seq"	NA	3
"CCTCAGTGTCTAGAGG"	5	"SRX5979983"	"SRP200614"	"intestine"	"class I-p CCHa1 EE cell"	NA	NA	NA	"FBbt:00058003"	"adult posterior midgut class I enteroendocrine cell (Drosophila)"	"missing child term"	"EE_scRNA-seq"	NA	4
"CCTCAGTGTGACAAAT"	0	"SRX5979983"	"SRP200614"	"intestine"	"class I-m EE cell"	NA	NA	NA	"FBbt:00058002"	"adult middle midgut class I enteroendocrine cell (Drosophila)"	"perfect match"	"EE_scRNA-seq"	NA	1
"CCTCAGTGTTAGGGTG"	1	"SRX5979983"	"SRP200614"	"intestine"	"class II-m1 EE cell"	NA	NA	NA	"FBbt:00058005"	"adult middle midgut class II enteroendocrine cell (Drosophila)"	"perfect match"	"EE_scRNA-seq"	NA	3
"CCTCAGTTCAGAAATG"	0	"SRX5979983"	"SRP200614"	"intestine"	"class I-m EE cell"	NA	NA	NA	"FBbt:00058002"	"adult middle midgut class I enteroendocrine cell (Drosophila)"	"perfect match"	"EE_scRNA-seq"	NA	1
"CCTCTGAAGAGACTAT"	2	"SRX5979983"	"SRP200614"	"intestine"	"class I-ap EE cell"	NA	NA	NA	"FBbt:00058000"	"adult class I enteroendocrine cell (Drosophila)"	"other"	"EE_scRNA-seq"	NA	5
"CCTCTGAAGGTTCCTA"	6	"SRX5979983"	"SRP200614"	"intestine"	"class I-p AstA EE cell"	NA	NA	NA	"FBbt:00058003"	"adult posterior midgut class I enteroendocrine cell (Drosophila)"	"missing child term"	"EE_scRNA-seq"	NA	6
"CCTCTGAAGTACGTTC"	3	"SRX5979983"	"SRP200614"	"intestine"	"class II-a EE cell"	NA	NA	NA	"FBbt:00058004"	"adult anterior midgut class II enteroendocrine cell (Drosophila)"	"perfect match"	"EE_scRNA-seq"	NA	9
"CCTCTGACAACAACCT"	0	"SRX5979983"	"SRP200614"	"intestine"	"class I-m EE cell"	NA	NA	NA	"FBbt:00058002"	"adult middle midgut class I enteroendocrine cell (Drosophila)"	"perfect match"	"EE_scRNA-seq"	NA	1
"CCTCTGACAGATAATG"	0	"SRX5979983"	"SRP200614"	"intestine"	"class I-m EE cell"	NA	NA	NA	"FBbt:00058002"	"adult middle midgut class I enteroendocrine cell (Drosophila)"	"perfect match"	"EE_scRNA-seq"	NA	1
"CCTCTGACAGCCTTGG"	2	"SRX5979983"	"SRP200614"	"intestine"	"class I-ap EE cell"	NA	NA	NA	"FBbt:00058000"	"adult class I enteroendocrine cell (Drosophila)"	"other"	"EE_scRNA-seq"	NA	5
"CCTCTGACAGTGACAG"	0	"SRX5979983"	"SRP200614"	"intestine"	"class I-m EE cell"	NA	NA	NA	"FBbt:00058002"	"adult middle midgut class I enteroendocrine cell (Drosophila)"	"perfect match"	"EE_scRNA-seq"	NA	1
"CCTCTGAGTAATCACC"	2	"SRX5979983"	"SRP200614"	"intestine"	"class I-ap EE cell"	NA	NA	NA	"FBbt:00058000"	"adult class I enteroendocrine cell (Drosophila)"	"other"	"EE_scRNA-seq"	NA	5
"CCTCTGAGTGGCTCCA"	3	"SRX5979983"	"SRP200614"	"intestine"	"class II-a EE cell"	NA	NA	NA	"FBbt:00058004"	"adult anterior midgut class II enteroendocrine cell (Drosophila)"	"perfect match"	"EE_scRNA-seq"	NA	9
"CCTCTGATCGAACGGA"	6	"SRX5979983"	"SRP200614"	"intestine"	"class I-p AstA EE cell"	NA	NA	NA	"FBbt:00058003"	"adult posterior midgut class I enteroendocrine cell (Drosophila)"	"missing child term"	"EE_scRNA-seq"	NA	6
"CCTCTGATCGACGGAA"	3	"SRX5979983"	"SRP200614"	"intestine"	"class II-a EE cell"	NA	NA	NA	"FBbt:00058004"	"adult anterior midgut class II enteroendocrine cell (Drosophila)"	"perfect match"	"EE_scRNA-seq"	NA	9
"CCTTACGAGAAGATTC"	0	"SRX5979983"	"SRP200614"	"intestine"	"class I-m EE cell"	NA	NA	NA	"FBbt:00058002"	"adult middle midgut class I enteroendocrine cell (Drosophila)"	"perfect match"	"EE_scRNA-seq"	NA	1
"CCTTACGAGGGTTCCC"	4	"SRX5979983"	"SRP200614"	"intestine"	"class II-m2 EE cell"	NA	NA	NA	"FBbt:00058005"	"adult middle midgut class II enteroendocrine cell (Drosophila)"	"perfect match"	"EE_scRNA-seq"	NA	8
"CCTTACGCACGCATCG"	4	"SRX5979983"	"SRP200614"	"intestine"	"class II-m2 EE cell"	NA	NA	NA	"FBbt:00058005"	"adult middle midgut class II enteroendocrine cell (Drosophila)"	"perfect match"	"EE_scRNA-seq"	NA	8
"CCTTACGGTCACCCAG"	3	"SRX5979983"	"SRP200614"	"intestine"	"class II-a EE cell"	NA	NA	NA	"FBbt:00058004"	"adult anterior midgut class II enteroendocrine cell (Drosophila)"	"perfect match"	"EE_scRNA-seq"	NA	9
"CCTTACGGTCTCTTAT"	2	"SRX5979983"	"SRP200614"	"intestine"	"class I-ap EE cell"	NA	NA	NA	"FBbt:00058000"	"adult class I enteroendocrine cell (Drosophila)"	"other"	"EE_scRNA-seq"	NA	5
"CCTTACGGTTCGAATC"	3	"SRX5979983"	"SRP200614"	"intestine"	"class II-a EE cell"	NA	NA	NA	"FBbt:00058004"	"adult anterior midgut class II enteroendocrine cell (Drosophila)"	"perfect match"	"EE_scRNA-seq"	NA	9
"CCTTACGTCAAGGCTT"	8	"SRX5979983"	"SRP200614"	"intestine"	"class I-a EE cell"	NA	NA	NA	"FBbt:00058001"	"adult anterior midgut class I enteroendocrine cell (Drosophila)"	"perfect match"	"EE_scRNA-seq"	NA	2
"CCTTACGTCCTTGGTC"	1	"SRX5979983"	"SRP200614"	"intestine"	"class II-m1 EE cell"	NA	NA	NA	"FBbt:00058005"	"adult middle midgut class II enteroendocrine cell (Drosophila)"	"perfect match"	"EE_scRNA-seq"	NA	3
"CCTTACGTCGAGAGCA"	0	"SRX5979983"	"SRP200614"	"intestine"	"class I-m EE cell"	NA	NA	NA	"FBbt:00058002"	"adult middle midgut class I enteroendocrine cell (Drosophila)"	"perfect match"	"EE_scRNA-seq"	NA	1
"CCTTCCCAGCAGGCTA"	1	"SRX5979983"	"SRP200614"	"intestine"	"class II-m1 EE cell"	NA	NA	NA	"FBbt:00058005"	"adult middle midgut class II enteroendocrine cell (Drosophila)"	"perfect match"	"EE_scRNA-seq"	NA	3
"CCTTCCCAGGTGTTAA"	4	"SRX5979983"	"SRP200614"	"intestine"	"class II-m2 EE cell"	NA	NA	NA	"FBbt:00058005"	"adult middle midgut class II enteroendocrine cell (Drosophila)"	"perfect match"	"EE_scRNA-seq"	NA	8
"CCTTCCCCAATACGCT"	0	"SRX5979983"	"SRP200614"	"intestine"	"class I-m EE cell"	NA	NA	NA	"FBbt:00058002"	"adult middle midgut class I enteroendocrine cell (Drosophila)"	"perfect match"	"EE_scRNA-seq"	NA	1
"CCTTCCCCAATGTTGC"	9	"SRX5979983"	"SRP200614"	"intestine"	"class III EE cell"	NA	NA	NA	"FBbt:00058200"	"adult class III enteroendocrine cell (Drosophila)"	"perfect match"	"EE_scRNA-seq"	NA	11
"CCTTCCCCACTTCTGC"	0	"SRX5979983"	"SRP200614"	"intestine"	"class I-m EE cell"	NA	NA	NA	"FBbt:00058002"	"adult middle midgut class I enteroendocrine cell (Drosophila)"	"perfect match"	"EE_scRNA-seq"	NA	1
"CCTTCCCGTACACCGC"	0	"SRX5979983"	"SRP200614"	"intestine"	"class I-m EE cell"	NA	NA	NA	"FBbt:00058002"	"adult middle midgut class I enteroendocrine cell (Drosophila)"	"perfect match"	"EE_scRNA-seq"	NA	1
"CCTTCCCTCATTGCGA"	3	"SRX5979983"	"SRP200614"	"intestine"	"class II-a EE cell"	NA	NA	NA	"FBbt:00058004"	"adult anterior midgut class II enteroendocrine cell (Drosophila)"	"perfect match"	"EE_scRNA-seq"	NA	9
"CCTTCGAAGACCTAGG"	4	"SRX5979983"	"SRP200614"	"intestine"	"class II-m2 EE cell"	NA	NA	NA	"FBbt:00058005"	"adult middle midgut class II enteroendocrine cell (Drosophila)"	"perfect match"	"EE_scRNA-seq"	NA	8
"CCTTCGAAGCGAAGGG"	0	"SRX5979983"	"SRP200614"	"intestine"	"class I-m EE cell"	NA	NA	NA	"FBbt:00058002"	"adult middle midgut class I enteroendocrine cell (Drosophila)"	"perfect match"	"EE_scRNA-seq"	NA	1
"CCTTCGAAGGACAGCT"	0	"SRX5979983"	"SRP200614"	"intestine"	"class I-m EE cell"	NA	NA	NA	"FBbt:00058002"	"adult middle midgut class I enteroendocrine cell (Drosophila)"	"perfect match"	"EE_scRNA-seq"	NA	1
"CCTTCGACACACCGAC"	4	"SRX5979983"	"SRP200614"	"intestine"	"class II-m2 EE cell"	NA	NA	NA	"FBbt:00058005"	"adult middle midgut class II enteroendocrine cell (Drosophila)"	"perfect match"	"EE_scRNA-seq"	NA	8
"CCTTCGACACTGTTAG"	4	"SRX5979983"	"SRP200614"	"intestine"	"class II-m2 EE cell"	NA	NA	NA	"FBbt:00058005"	"adult middle midgut class II enteroendocrine cell (Drosophila)"	"perfect match"	"EE_scRNA-seq"	NA	8
"CCTTCGACAGACGTAG"	7	"SRX5979983"	"SRP200614"	"intestine"	"class II-p EE cell"	NA	NA	NA	"FBbt:00058006"	"adult posterior midgut class II enteroendocrine cell (Drosophila)"	"perfect match"	"EE_scRNA-seq"	NA	7
"CCTTCGACAGGGATTG"	1	"SRX5979983"	"SRP200614"	"intestine"	"class II-m1 EE cell"	NA	NA	NA	"FBbt:00058005"	"adult middle midgut class II enteroendocrine cell (Drosophila)"	"perfect match"	"EE_scRNA-seq"	NA	3
"CCTTCGAGTTAAAGAC"	1	"SRX5979983"	"SRP200614"	"intestine"	"class II-m1 EE cell"	NA	NA	NA	"FBbt:00058005"	"adult middle midgut class II enteroendocrine cell (Drosophila)"	"perfect match"	"EE_scRNA-seq"	NA	3
"CCTTCGATCAATAAGG"	4	"SRX5979983"	"SRP200614"	"intestine"	"class II-m2 EE cell"	NA	NA	NA	"FBbt:00058005"	"adult middle midgut class II enteroendocrine cell (Drosophila)"	"perfect match"	"EE_scRNA-seq"	NA	8
"CCTTCGATCAGCAACT"	2	"SRX5979983"	"SRP200614"	"intestine"	"class I-ap EE cell"	NA	NA	NA	"FBbt:00058000"	"adult class I enteroendocrine cell (Drosophila)"	"other"	"EE_scRNA-seq"	NA	5
"CCTTCGATCCACGACG"	1	"SRX5979983"	"SRP200614"	"intestine"	"class II-m1 EE cell"	NA	NA	NA	"FBbt:00058005"	"adult middle midgut class II enteroendocrine cell (Drosophila)"	"perfect match"	"EE_scRNA-seq"	NA	3
"CCTTCGATCTCACATT"	3	"SRX5979983"	"SRP200614"	"intestine"	"class II-a EE cell"	NA	NA	NA	"FBbt:00058004"	"adult anterior midgut class II enteroendocrine cell (Drosophila)"	"perfect match"	"EE_scRNA-seq"	NA	9
"CCTTTCTAGACAATAC"	0	"SRX5979983"	"SRP200614"	"intestine"	"class I-m EE cell"	NA	NA	NA	"FBbt:00058002"	"adult middle midgut class I enteroendocrine cell (Drosophila)"	"perfect match"	"EE_scRNA-seq"	NA	1
"CCTTTCTAGAGAGCTC"	0	"SRX5979983"	"SRP200614"	"intestine"	"class I-m EE cell"	NA	NA	NA	"FBbt:00058002"	"adult middle midgut class I enteroendocrine cell (Drosophila)"	"perfect match"	"EE_scRNA-seq"	NA	1
"CCTTTCTAGGACAGAA"	4	"SRX5979983"	"SRP200614"	"intestine"	"class II-m2 EE cell"	NA	NA	NA	"FBbt:00058005"	"adult middle midgut class II enteroendocrine cell (Drosophila)"	"perfect match"	"EE_scRNA-seq"	NA	8
"CCTTTCTCAATGGATA"	1	"SRX5979983"	"SRP200614"	"intestine"	"class II-m1 EE cell"	NA	NA	NA	"FBbt:00058005"	"adult middle midgut class II enteroendocrine cell (Drosophila)"	"perfect match"	"EE_scRNA-seq"	NA	3
"CCTTTCTGTCCAACTA"	0	"SRX5979983"	"SRP200614"	"intestine"	"class I-m EE cell"	NA	NA	NA	"FBbt:00058002"	"adult middle midgut class I enteroendocrine cell (Drosophila)"	"perfect match"	"EE_scRNA-seq"	NA	1
"CCTTTCTTCCGAACGC"	0	"SRX5979983"	"SRP200614"	"intestine"	"class I-m EE cell"	NA	NA	NA	"FBbt:00058002"	"adult middle midgut class I enteroendocrine cell (Drosophila)"	"perfect match"	"EE_scRNA-seq"	NA	1
"CGAACATAGATGCCTT"	1	"SRX5979983"	"SRP200614"	"intestine"	"class II-m1 EE cell"	NA	NA	NA	"FBbt:00058005"	"adult middle midgut class II enteroendocrine cell (Drosophila)"	"perfect match"	"EE_scRNA-seq"	NA	3
"CGAACATAGCGTTGCC"	2	"SRX5979983"	"SRP200614"	"intestine"	"class I-ap EE cell"	NA	NA	NA	"FBbt:00058000"	"adult class I enteroendocrine cell (Drosophila)"	"other"	"EE_scRNA-seq"	NA	5
"CGAACATAGCTAGCCC"	8	"SRX5979983"	"SRP200614"	"intestine"	"class I-a EE cell"	NA	NA	NA	"FBbt:00058001"	"adult anterior midgut class I enteroendocrine cell (Drosophila)"	"perfect match"	"EE_scRNA-seq"	NA	2
"CGAACATAGGGCACTA"	1	"SRX5979983"	"SRP200614"	"intestine"	"class II-m1 EE cell"	NA	NA	NA	"FBbt:00058005"	"adult middle midgut class II enteroendocrine cell (Drosophila)"	"perfect match"	"EE_scRNA-seq"	NA	3
"CGAACATAGTGGTAAT"	5	"SRX5979983"	"SRP200614"	"intestine"	"class I-p CCHa1 EE cell"	NA	NA	NA	"FBbt:00058003"	"adult posterior midgut class I enteroendocrine cell (Drosophila)"	"missing child term"	"EE_scRNA-seq"	NA	4
"CGAACATAGTGTCCCG"	0	"SRX5979983"	"SRP200614"	"intestine"	"class I-m EE cell"	NA	NA	NA	"FBbt:00058002"	"adult middle midgut class I enteroendocrine cell (Drosophila)"	"perfect match"	"EE_scRNA-seq"	NA	1
"CGAACATAGTGTTTGC"	2	"SRX5979983"	"SRP200614"	"intestine"	"class I-ap EE cell"	NA	NA	NA	"FBbt:00058000"	"adult class I enteroendocrine cell (Drosophila)"	"other"	"EE_scRNA-seq"	NA	5
"CGAACATCAAAGAATC"	0	"SRX5979983"	"SRP200614"	"intestine"	"class I-m EE cell"	NA	NA	NA	"FBbt:00058002"	"adult middle midgut class I enteroendocrine cell (Drosophila)"	"perfect match"	"EE_scRNA-seq"	NA	1
"CGAACATCAAGGGTCA"	0	"SRX5979983"	"SRP200614"	"intestine"	"class I-m EE cell"	NA	NA	NA	"FBbt:00058002"	"adult middle midgut class I enteroendocrine cell (Drosophila)"	"perfect match"	"EE_scRNA-seq"	NA	1
"CGAACATCACGCCAGT"	0	"SRX5979983"	"SRP200614"	"intestine"	"class I-m EE cell"	NA	NA	NA	"FBbt:00058002"	"adult middle midgut class I enteroendocrine cell (Drosophila)"	"perfect match"	"EE_scRNA-seq"	NA	1
"CGAACATCAGCCTTTC"	3	"SRX5979983"	"SRP200614"	"intestine"	"class II-a EE cell"	NA	NA	NA	"FBbt:00058004"	"adult anterior midgut class II enteroendocrine cell (Drosophila)"	"perfect match"	"EE_scRNA-seq"	NA	9
"CGAACATCAGTAAGCG"	8	"SRX5979983"	"SRP200614"	"intestine"	"class I-a EE cell"	NA	NA	NA	"FBbt:00058001"	"adult anterior midgut class I enteroendocrine cell (Drosophila)"	"perfect match"	"EE_scRNA-seq"	NA	2
"CGAACATCAGTGGGAT"	2	"SRX5979983"	"SRP200614"	"intestine"	"class I-ap EE cell"	NA	NA	NA	"FBbt:00058000"	"adult class I enteroendocrine cell (Drosophila)"	"other"	"EE_scRNA-seq"	NA	5
"CGAACATCATTGAGCT"	3	"SRX5979983"	"SRP200614"	"intestine"	"class II-a EE cell"	NA	NA	NA	"FBbt:00058004"	"adult anterior midgut class II enteroendocrine cell (Drosophila)"	"perfect match"	"EE_scRNA-seq"	NA	9
"CGAACATGTAAACACA"	5	"SRX5979983"	"SRP200614"	"intestine"	"class I-p CCHa1 EE cell"	NA	NA	NA	"FBbt:00058003"	"adult posterior midgut class I enteroendocrine cell (Drosophila)"	"missing child term"	"EE_scRNA-seq"	NA	4
"CGAATGTAGACAGGCT"	1	"SRX5979983"	"SRP200614"	"intestine"	"class II-m1 EE cell"	NA	NA	NA	"FBbt:00058005"	"adult middle midgut class II enteroendocrine cell (Drosophila)"	"perfect match"	"EE_scRNA-seq"	NA	3
"CGAATGTAGAGCTGGT"	3	"SRX5979983"	"SRP200614"	"intestine"	"class II-a EE cell"	NA	NA	NA	"FBbt:00058004"	"adult anterior midgut class II enteroendocrine cell (Drosophila)"	"perfect match"	"EE_scRNA-seq"	NA	9
"CGAATGTAGAGTCGGT"	1	"SRX5979983"	"SRP200614"	"intestine"	"class II-m1 EE cell"	NA	NA	NA	"FBbt:00058005"	"adult middle midgut class II enteroendocrine cell (Drosophila)"	"perfect match"	"EE_scRNA-seq"	NA	3
"CGAATGTAGGGAGTAA"	2	"SRX5979983"	"SRP200614"	"intestine"	"class I-ap EE cell"	NA	NA	NA	"FBbt:00058000"	"adult class I enteroendocrine cell (Drosophila)"	"other"	"EE_scRNA-seq"	NA	5
"CGAATGTCAATGGTCT"	0	"SRX5979983"	"SRP200614"	"intestine"	"class I-m EE cell"	NA	NA	NA	"FBbt:00058002"	"adult middle midgut class I enteroendocrine cell (Drosophila)"	"perfect match"	"EE_scRNA-seq"	NA	1
"CGAATGTCACACCGAC"	4	"SRX5979983"	"SRP200614"	"intestine"	"class II-m2 EE cell"	NA	NA	NA	"FBbt:00058005"	"adult middle midgut class II enteroendocrine cell (Drosophila)"	"perfect match"	"EE_scRNA-seq"	NA	8
"CGAATGTCACAGTCGC"	2	"SRX5979983"	"SRP200614"	"intestine"	"class I-ap EE cell"	NA	NA	NA	"FBbt:00058000"	"adult class I enteroendocrine cell (Drosophila)"	"other"	"EE_scRNA-seq"	NA	5
"CGAATGTGTAATCACC"	3	"SRX5979983"	"SRP200614"	"intestine"	"class II-a EE cell"	NA	NA	NA	"FBbt:00058004"	"adult anterior midgut class II enteroendocrine cell (Drosophila)"	"perfect match"	"EE_scRNA-seq"	NA	9
"CGAATGTGTACAGACG"	4	"SRX5979983"	"SRP200614"	"intestine"	"class II-m2 EE cell"	NA	NA	NA	"FBbt:00058005"	"adult middle midgut class II enteroendocrine cell (Drosophila)"	"perfect match"	"EE_scRNA-seq"	NA	8
"CGAATGTGTGTAACGG"	1	"SRX5979983"	"SRP200614"	"intestine"	"class II-m1 EE cell"	NA	NA	NA	"FBbt:00058005"	"adult middle midgut class II enteroendocrine cell (Drosophila)"	"perfect match"	"EE_scRNA-seq"	NA	3
"CGAATGTGTTGTGGAG"	4	"SRX5979983"	"SRP200614"	"intestine"	"class II-m2 EE cell"	NA	NA	NA	"FBbt:00058005"	"adult middle midgut class II enteroendocrine cell (Drosophila)"	"perfect match"	"EE_scRNA-seq"	NA	8
"CGAATGTGTTTCCACC"	0	"SRX5979983"	"SRP200614"	"intestine"	"class I-m EE cell"	NA	NA	NA	"FBbt:00058002"	"adult middle midgut class I enteroendocrine cell (Drosophila)"	"perfect match"	"EE_scRNA-seq"	NA	1
"CGAATGTTCATCGATG"	8	"SRX5979983"	"SRP200614"	"intestine"	"class I-a EE cell"	NA	NA	NA	"FBbt:00058001"	"adult anterior midgut class I enteroendocrine cell (Drosophila)"	"perfect match"	"EE_scRNA-seq"	NA	2
"CGAATGTTCCCACTTG"	0	"SRX5979983"	"SRP200614"	"intestine"	"class I-m EE cell"	NA	NA	NA	"FBbt:00058002"	"adult middle midgut class I enteroendocrine cell (Drosophila)"	"perfect match"	"EE_scRNA-seq"	NA	1
"CGAATGTTCCTTTCTC"	7	"SRX5979983"	"SRP200614"	"intestine"	"class II-p EE cell"	NA	NA	NA	"FBbt:00058006"	"adult posterior midgut class II enteroendocrine cell (Drosophila)"	"perfect match"	"EE_scRNA-seq"	NA	7
"CGAATGTTCGACCAGC"	7	"SRX5979983"	"SRP200614"	"intestine"	"class II-p EE cell"	NA	NA	NA	"FBbt:00058006"	"adult posterior midgut class II enteroendocrine cell (Drosophila)"	"perfect match"	"EE_scRNA-seq"	NA	7
"CGAATGTTCTTACCTA"	0	"SRX5979983"	"SRP200614"	"intestine"	"class I-m EE cell"	NA	NA	NA	"FBbt:00058002"	"adult middle midgut class I enteroendocrine cell (Drosophila)"	"perfect match"	"EE_scRNA-seq"	NA	1
"CGACCTTAGTGTACGG"	2	"SRX5979983"	"SRP200614"	"intestine"	"class I-ap EE cell"	NA	NA	NA	"FBbt:00058000"	"adult class I enteroendocrine cell (Drosophila)"	"other"	"EE_scRNA-seq"	NA	5
"CGACCTTCAACGATGG"	2	"SRX5979983"	"SRP200614"	"intestine"	"class I-ap EE cell"	NA	NA	NA	"FBbt:00058000"	"adult class I enteroendocrine cell (Drosophila)"	"other"	"EE_scRNA-seq"	NA	5
"CGACCTTCACGGATAG"	10	"SRX5979983"	"SRP200614"	"intestine"	"EE progenitor cell"	NA	NA	NA	"FBbt:00049284"	"adult enteroendocrine precursor cell (Drosophila)"	"perfect match"	"EE_scRNA-seq"	NA	10
"CGACCTTCACTCAGGC"	5	"SRX5979983"	"SRP200614"	"intestine"	"class I-p CCHa1 EE cell"	NA	NA	NA	"FBbt:00058003"	"adult posterior midgut class I enteroendocrine cell (Drosophila)"	"missing child term"	"EE_scRNA-seq"	NA	4
"CGACCTTGTATAAACG"	0	"SRX5979983"	"SRP200614"	"intestine"	"class I-m EE cell"	NA	NA	NA	"FBbt:00058002"	"adult middle midgut class I enteroendocrine cell (Drosophila)"	"perfect match"	"EE_scRNA-seq"	NA	1
"CGACCTTTCACGCGGT"	3	"SRX5979983"	"SRP200614"	"intestine"	"class II-a EE cell"	NA	NA	NA	"FBbt:00058004"	"adult anterior midgut class II enteroendocrine cell (Drosophila)"	"perfect match"	"EE_scRNA-seq"	NA	9
"CGACCTTTCTCTAAGG"	5	"SRX5979983"	"SRP200614"	"intestine"	"class I-p CCHa1 EE cell"	NA	NA	NA	"FBbt:00058003"	"adult posterior midgut class I enteroendocrine cell (Drosophila)"	"missing child term"	"EE_scRNA-seq"	NA	4
"CGACTTCAGGATTCGG"	7	"SRX5979983"	"SRP200614"	"intestine"	"class II-p EE cell"	NA	NA	NA	"FBbt:00058006"	"adult posterior midgut class II enteroendocrine cell (Drosophila)"	"perfect match"	"EE_scRNA-seq"	NA	7
"CGACTTCCAGGAATGC"	1	"SRX5979983"	"SRP200614"	"intestine"	"class II-m1 EE cell"	NA	NA	NA	"FBbt:00058005"	"adult middle midgut class II enteroendocrine cell (Drosophila)"	"perfect match"	"EE_scRNA-seq"	NA	3
"CGACTTCCATGCTAGT"	3	"SRX5979983"	"SRP200614"	"intestine"	"class II-a EE cell"	NA	NA	NA	"FBbt:00058004"	"adult anterior midgut class II enteroendocrine cell (Drosophila)"	"perfect match"	"EE_scRNA-seq"	NA	9
"CGACTTCGTTCGCTAA"	2	"SRX5979983"	"SRP200614"	"intestine"	"class I-ap EE cell"	NA	NA	NA	"FBbt:00058000"	"adult class I enteroendocrine cell (Drosophila)"	"other"	"EE_scRNA-seq"	NA	5
"CGACTTCTCAAACAAG"	2	"SRX5979983"	"SRP200614"	"intestine"	"class I-ap EE cell"	NA	NA	NA	"FBbt:00058000"	"adult class I enteroendocrine cell (Drosophila)"	"other"	"EE_scRNA-seq"	NA	5
"CGACTTCTCCAGATCA"	5	"SRX5979983"	"SRP200614"	"intestine"	"class I-p CCHa1 EE cell"	NA	NA	NA	"FBbt:00058003"	"adult posterior midgut class I enteroendocrine cell (Drosophila)"	"missing child term"	"EE_scRNA-seq"	NA	4
"CGAGAAGAGGAATTAC"	0	"SRX5979983"	"SRP200614"	"intestine"	"class I-m EE cell"	NA	NA	NA	"FBbt:00058002"	"adult middle midgut class I enteroendocrine cell (Drosophila)"	"perfect match"	"EE_scRNA-seq"	NA	1
"CGAGAAGCAGCATACT"	5	"SRX5979983"	"SRP200614"	"intestine"	"class I-p CCHa1 EE cell"	NA	NA	NA	"FBbt:00058003"	"adult posterior midgut class I enteroendocrine cell (Drosophila)"	"missing child term"	"EE_scRNA-seq"	NA	4
"CGAGAAGCATGGTCTA"	4	"SRX5979983"	"SRP200614"	"intestine"	"class II-m2 EE cell"	NA	NA	NA	"FBbt:00058005"	"adult middle midgut class II enteroendocrine cell (Drosophila)"	"perfect match"	"EE_scRNA-seq"	NA	8
"CGAGAAGCATTCCTCG"	0	"SRX5979983"	"SRP200614"	"intestine"	"class I-m EE cell"	NA	NA	NA	"FBbt:00058002"	"adult middle midgut class I enteroendocrine cell (Drosophila)"	"perfect match"	"EE_scRNA-seq"	NA	1
"CGAGAAGGTTCAGGCC"	6	"SRX5979983"	"SRP200614"	"intestine"	"class I-p AstA EE cell"	NA	NA	NA	"FBbt:00058003"	"adult posterior midgut class I enteroendocrine cell (Drosophila)"	"missing child term"	"EE_scRNA-seq"	NA	6
"CGAGAAGGTTCTGAAC"	0	"SRX5979983"	"SRP200614"	"intestine"	"class I-m EE cell"	NA	NA	NA	"FBbt:00058002"	"adult middle midgut class I enteroendocrine cell (Drosophila)"	"perfect match"	"EE_scRNA-seq"	NA	1
"CGAGAAGGTTGTACAC"	6	"SRX5979983"	"SRP200614"	"intestine"	"class I-p AstA EE cell"	NA	NA	NA	"FBbt:00058003"	"adult posterior midgut class I enteroendocrine cell (Drosophila)"	"missing child term"	"EE_scRNA-seq"	NA	6
"CGAGAAGTCAAACCAC"	1	"SRX5979983"	"SRP200614"	"intestine"	"class II-m1 EE cell"	NA	NA	NA	"FBbt:00058005"	"adult middle midgut class II enteroendocrine cell (Drosophila)"	"perfect match"	"EE_scRNA-seq"	NA	3
"CGAGAAGTCCTTGACC"	1	"SRX5979983"	"SRP200614"	"intestine"	"class II-m1 EE cell"	NA	NA	NA	"FBbt:00058005"	"adult middle midgut class II enteroendocrine cell (Drosophila)"	"perfect match"	"EE_scRNA-seq"	NA	3
"CGAGAAGTCTTGTCAT"	3	"SRX5979983"	"SRP200614"	"intestine"	"class II-a EE cell"	NA	NA	NA	"FBbt:00058004"	"adult anterior midgut class II enteroendocrine cell (Drosophila)"	"perfect match"	"EE_scRNA-seq"	NA	9
"CGAGCACGTGAGTATA"	6	"SRX5979983"	"SRP200614"	"intestine"	"class I-p AstA EE cell"	NA	NA	NA	"FBbt:00058003"	"adult posterior midgut class I enteroendocrine cell (Drosophila)"	"missing child term"	"EE_scRNA-seq"	NA	6
"CGAGCACGTGTGGTTT"	5	"SRX5979983"	"SRP200614"	"intestine"	"class I-p CCHa1 EE cell"	NA	NA	NA	"FBbt:00058003"	"adult posterior midgut class I enteroendocrine cell (Drosophila)"	"missing child term"	"EE_scRNA-seq"	NA	4
"CGAGCACTCTACTATC"	1	"SRX5979983"	"SRP200614"	"intestine"	"class II-m1 EE cell"	NA	NA	NA	"FBbt:00058005"	"adult middle midgut class II enteroendocrine cell (Drosophila)"	"perfect match"	"EE_scRNA-seq"	NA	3
"CGAGCCAAGAGACGAA"	2	"SRX5979983"	"SRP200614"	"intestine"	"class I-ap EE cell"	NA	NA	NA	"FBbt:00058000"	"adult class I enteroendocrine cell (Drosophila)"	"other"	"EE_scRNA-seq"	NA	5
"CGAGCCACACGGCCAT"	0	"SRX5979983"	"SRP200614"	"intestine"	"class I-m EE cell"	NA	NA	NA	"FBbt:00058002"	"adult middle midgut class I enteroendocrine cell (Drosophila)"	"perfect match"	"EE_scRNA-seq"	NA	1
"CGAGCCAGTCAGCTAT"	0	"SRX5979983"	"SRP200614"	"intestine"	"class I-m EE cell"	NA	NA	NA	"FBbt:00058002"	"adult middle midgut class I enteroendocrine cell (Drosophila)"	"perfect match"	"EE_scRNA-seq"	NA	1
"CGAGCCAGTGTAATGA"	1	"SRX5979983"	"SRP200614"	"intestine"	"class II-m1 EE cell"	NA	NA	NA	"FBbt:00058005"	"adult middle midgut class II enteroendocrine cell (Drosophila)"	"perfect match"	"EE_scRNA-seq"	NA	3
"CGAGCCATCAACTCTT"	2	"SRX5979983"	"SRP200614"	"intestine"	"class I-ap EE cell"	NA	NA	NA	"FBbt:00058000"	"adult class I enteroendocrine cell (Drosophila)"	"other"	"EE_scRNA-seq"	NA	5
"CGAGCCATCTACCTGC"	0	"SRX5979983"	"SRP200614"	"intestine"	"class I-m EE cell"	NA	NA	NA	"FBbt:00058002"	"adult middle midgut class I enteroendocrine cell (Drosophila)"	"perfect match"	"EE_scRNA-seq"	NA	1
"CGATCGGAGCCAGTTT"	5	"SRX5979983"	"SRP200614"	"intestine"	"class I-p CCHa1 EE cell"	NA	NA	NA	"FBbt:00058003"	"adult posterior midgut class I enteroendocrine cell (Drosophila)"	"missing child term"	"EE_scRNA-seq"	NA	4
"CGATCGGAGGCTACGA"	0	"SRX5979983"	"SRP200614"	"intestine"	"class I-m EE cell"	NA	NA	NA	"FBbt:00058002"	"adult middle midgut class I enteroendocrine cell (Drosophila)"	"perfect match"	"EE_scRNA-seq"	NA	1
"CGATCGGCAACTGCGC"	0	"SRX5979983"	"SRP200614"	"intestine"	"class I-m EE cell"	NA	NA	NA	"FBbt:00058002"	"adult middle midgut class I enteroendocrine cell (Drosophila)"	"perfect match"	"EE_scRNA-seq"	NA	1
"CGATCGGCACCCAGTG"	4	"SRX5979983"	"SRP200614"	"intestine"	"class II-m2 EE cell"	NA	NA	NA	"FBbt:00058005"	"adult middle midgut class II enteroendocrine cell (Drosophila)"	"perfect match"	"EE_scRNA-seq"	NA	8
"CGATCGGCACGGATAG"	1	"SRX5979983"	"SRP200614"	"intestine"	"class II-m1 EE cell"	NA	NA	NA	"FBbt:00058005"	"adult middle midgut class II enteroendocrine cell (Drosophila)"	"perfect match"	"EE_scRNA-seq"	NA	3
"CGATCGGCACTTCTGC"	7	"SRX5979983"	"SRP200614"	"intestine"	"class II-p EE cell"	NA	NA	NA	"FBbt:00058006"	"adult posterior midgut class II enteroendocrine cell (Drosophila)"	"perfect match"	"EE_scRNA-seq"	NA	7
"CGATCGGCAGAAGCAC"	10	"SRX5979983"	"SRP200614"	"intestine"	"EE progenitor cell"	NA	NA	NA	"FBbt:00049284"	"adult enteroendocrine precursor cell (Drosophila)"	"perfect match"	"EE_scRNA-seq"	NA	10
"CGATCGGCATTCACTT"	0	"SRX5979983"	"SRP200614"	"intestine"	"class I-m EE cell"	NA	NA	NA	"FBbt:00058002"	"adult middle midgut class I enteroendocrine cell (Drosophila)"	"perfect match"	"EE_scRNA-seq"	NA	1
"CGATCGGGTAGTGAAT"	6	"SRX5979983"	"SRP200614"	"intestine"	"class I-p AstA EE cell"	NA	NA	NA	"FBbt:00058003"	"adult posterior midgut class I enteroendocrine cell (Drosophila)"	"missing child term"	"EE_scRNA-seq"	NA	6
"CGATCGGGTCCGTTAA"	2	"SRX5979983"	"SRP200614"	"intestine"	"class I-ap EE cell"	NA	NA	NA	"FBbt:00058000"	"adult class I enteroendocrine cell (Drosophila)"	"other"	"EE_scRNA-seq"	NA	5
"CGATCGGGTGCGAAAC"	5	"SRX5979983"	"SRP200614"	"intestine"	"class I-p CCHa1 EE cell"	NA	NA	NA	"FBbt:00058003"	"adult posterior midgut class I enteroendocrine cell (Drosophila)"	"missing child term"	"EE_scRNA-seq"	NA	4
"CGATCGGGTGTTGGGA"	2	"SRX5979983"	"SRP200614"	"intestine"	"class I-ap EE cell"	NA	NA	NA	"FBbt:00058000"	"adult class I enteroendocrine cell (Drosophila)"	"other"	"EE_scRNA-seq"	NA	5
"CGATCGGTCCTCTAGC"	2	"SRX5979983"	"SRP200614"	"intestine"	"class I-ap EE cell"	NA	NA	NA	"FBbt:00058000"	"adult class I enteroendocrine cell (Drosophila)"	"other"	"EE_scRNA-seq"	NA	5
"CGATCGGTCTATCCCG"	2	"SRX5979983"	"SRP200614"	"intestine"	"class I-ap EE cell"	NA	NA	NA	"FBbt:00058000"	"adult class I enteroendocrine cell (Drosophila)"	"other"	"EE_scRNA-seq"	NA	5
"CGATGGCAGGACATTA"	7	"SRX5979983"	"SRP200614"	"intestine"	"class II-p EE cell"	NA	NA	NA	"FBbt:00058006"	"adult posterior midgut class II enteroendocrine cell (Drosophila)"	"perfect match"	"EE_scRNA-seq"	NA	7
"CGATGGCCACACATGT"	5	"SRX5979983"	"SRP200614"	"intestine"	"class I-p CCHa1 EE cell"	NA	NA	NA	"FBbt:00058003"	"adult posterior midgut class I enteroendocrine cell (Drosophila)"	"missing child term"	"EE_scRNA-seq"	NA	4
"CGATGGCGTCAACTGT"	0	"SRX5979983"	"SRP200614"	"intestine"	"class I-m EE cell"	NA	NA	NA	"FBbt:00058002"	"adult middle midgut class I enteroendocrine cell (Drosophila)"	"perfect match"	"EE_scRNA-seq"	NA	1
"CGATGGCTCGTCCAGG"	2	"SRX5979983"	"SRP200614"	"intestine"	"class I-ap EE cell"	NA	NA	NA	"FBbt:00058000"	"adult class I enteroendocrine cell (Drosophila)"	"other"	"EE_scRNA-seq"	NA	5
"CGATGTAAGCCACTAT"	0	"SRX5979983"	"SRP200614"	"intestine"	"class I-m EE cell"	NA	NA	NA	"FBbt:00058002"	"adult middle midgut class I enteroendocrine cell (Drosophila)"	"perfect match"	"EE_scRNA-seq"	NA	1
"CGATGTAAGCGCCTCA"	10	"SRX5979983"	"SRP200614"	"intestine"	"EE progenitor cell"	NA	NA	NA	"FBbt:00049284"	"adult enteroendocrine precursor cell (Drosophila)"	"perfect match"	"EE_scRNA-seq"	NA	10
"CGATGTACACAGACTT"	3	"SRX5979983"	"SRP200614"	"intestine"	"class II-a EE cell"	NA	NA	NA	"FBbt:00058004"	"adult anterior midgut class II enteroendocrine cell (Drosophila)"	"perfect match"	"EE_scRNA-seq"	NA	9
"CGATGTACAGCTCGCA"	4	"SRX5979983"	"SRP200614"	"intestine"	"class II-m2 EE cell"	NA	NA	NA	"FBbt:00058005"	"adult middle midgut class II enteroendocrine cell (Drosophila)"	"perfect match"	"EE_scRNA-seq"	NA	8
"CGATGTACAGGTGCCT"	6	"SRX5979983"	"SRP200614"	"intestine"	"class I-p AstA EE cell"	NA	NA	NA	"FBbt:00058003"	"adult posterior midgut class I enteroendocrine cell (Drosophila)"	"missing child term"	"EE_scRNA-seq"	NA	6
"CGATGTAGTAGCGATG"	10	"SRX5979983"	"SRP200614"	"intestine"	"EE progenitor cell"	NA	NA	NA	"FBbt:00049284"	"adult enteroendocrine precursor cell (Drosophila)"	"perfect match"	"EE_scRNA-seq"	NA	10
"CGATGTAGTTCGTTGA"	8	"SRX5979983"	"SRP200614"	"intestine"	"class I-a EE cell"	NA	NA	NA	"FBbt:00058001"	"adult anterior midgut class I enteroendocrine cell (Drosophila)"	"perfect match"	"EE_scRNA-seq"	NA	2
"CGATGTATCGGAAACG"	7	"SRX5979983"	"SRP200614"	"intestine"	"class II-p EE cell"	NA	NA	NA	"FBbt:00058006"	"adult posterior midgut class II enteroendocrine cell (Drosophila)"	"perfect match"	"EE_scRNA-seq"	NA	7
"CGATTGAAGTCATGCT"	0	"SRX5979983"	"SRP200614"	"intestine"	"class I-m EE cell"	NA	NA	NA	"FBbt:00058002"	"adult middle midgut class I enteroendocrine cell (Drosophila)"	"perfect match"	"EE_scRNA-seq"	NA	1
"CGATTGACACGGCGTT"	7	"SRX5979983"	"SRP200614"	"intestine"	"class II-p EE cell"	NA	NA	NA	"FBbt:00058006"	"adult posterior midgut class II enteroendocrine cell (Drosophila)"	"perfect match"	"EE_scRNA-seq"	NA	7
"CGATTGAGTAATCACC"	8	"SRX5979983"	"SRP200614"	"intestine"	"class I-a EE cell"	NA	NA	NA	"FBbt:00058001"	"adult anterior midgut class I enteroendocrine cell (Drosophila)"	"perfect match"	"EE_scRNA-seq"	NA	2
"CGATTGAGTGTTGGGA"	3	"SRX5979983"	"SRP200614"	"intestine"	"class II-a EE cell"	NA	NA	NA	"FBbt:00058004"	"adult anterior midgut class II enteroendocrine cell (Drosophila)"	"perfect match"	"EE_scRNA-seq"	NA	9
"CGATTGAGTTCGTTGA"	8	"SRX5979983"	"SRP200614"	"intestine"	"class I-a EE cell"	NA	NA	NA	"FBbt:00058001"	"adult anterior midgut class I enteroendocrine cell (Drosophila)"	"perfect match"	"EE_scRNA-seq"	NA	2
"CGATTGATCAGCTTAG"	0	"SRX5979983"	"SRP200614"	"intestine"	"class I-m EE cell"	NA	NA	NA	"FBbt:00058002"	"adult middle midgut class I enteroendocrine cell (Drosophila)"	"perfect match"	"EE_scRNA-seq"	NA	1
"CGATTGATCAGTACGT"	0	"SRX5979983"	"SRP200614"	"intestine"	"class I-m EE cell"	NA	NA	NA	"FBbt:00058002"	"adult middle midgut class I enteroendocrine cell (Drosophila)"	"perfect match"	"EE_scRNA-seq"	NA	1
"CGATTGATCATAAAGG"	1	"SRX5979983"	"SRP200614"	"intestine"	"class II-m1 EE cell"	NA	NA	NA	"FBbt:00058005"	"adult middle midgut class II enteroendocrine cell (Drosophila)"	"perfect match"	"EE_scRNA-seq"	NA	3
"CGATTGATCCATGAAC"	0	"SRX5979983"	"SRP200614"	"intestine"	"class I-m EE cell"	NA	NA	NA	"FBbt:00058002"	"adult middle midgut class I enteroendocrine cell (Drosophila)"	"perfect match"	"EE_scRNA-seq"	NA	1
"CGATTGATCTAACGGT"	2	"SRX5979983"	"SRP200614"	"intestine"	"class I-ap EE cell"	NA	NA	NA	"FBbt:00058000"	"adult class I enteroendocrine cell (Drosophila)"	"other"	"EE_scRNA-seq"	NA	5
"CGCCAAGAGCGTAATA"	2	"SRX5979983"	"SRP200614"	"intestine"	"class I-ap EE cell"	NA	NA	NA	"FBbt:00058000"	"adult class I enteroendocrine cell (Drosophila)"	"other"	"EE_scRNA-seq"	NA	5
"CGCCAAGAGGGTATCG"	2	"SRX5979983"	"SRP200614"	"intestine"	"class I-ap EE cell"	NA	NA	NA	"FBbt:00058000"	"adult class I enteroendocrine cell (Drosophila)"	"other"	"EE_scRNA-seq"	NA	5
"CGCCAAGCACCGGAAA"	1	"SRX5979983"	"SRP200614"	"intestine"	"class II-m1 EE cell"	NA	NA	NA	"FBbt:00058005"	"adult middle midgut class II enteroendocrine cell (Drosophila)"	"perfect match"	"EE_scRNA-seq"	NA	3
"CGCCAAGCAGCTTAAC"	0	"SRX5979983"	"SRP200614"	"intestine"	"class I-m EE cell"	NA	NA	NA	"FBbt:00058002"	"adult middle midgut class I enteroendocrine cell (Drosophila)"	"perfect match"	"EE_scRNA-seq"	NA	1
"CGCCAAGCAGTATGCT"	8	"SRX5979983"	"SRP200614"	"intestine"	"class I-a EE cell"	NA	NA	NA	"FBbt:00058001"	"adult anterior midgut class I enteroendocrine cell (Drosophila)"	"perfect match"	"EE_scRNA-seq"	NA	2
"CGCCAAGGTGGTGTAG"	1	"SRX5979983"	"SRP200614"	"intestine"	"class II-m1 EE cell"	NA	NA	NA	"FBbt:00058005"	"adult middle midgut class II enteroendocrine cell (Drosophila)"	"perfect match"	"EE_scRNA-seq"	NA	3
"CGCCAAGTCGGCGGTT"	0	"SRX5979983"	"SRP200614"	"intestine"	"class I-m EE cell"	NA	NA	NA	"FBbt:00058002"	"adult middle midgut class I enteroendocrine cell (Drosophila)"	"perfect match"	"EE_scRNA-seq"	NA	1
"CGCGGTAAGAAGGCCT"	6	"SRX5979983"	"SRP200614"	"intestine"	"class I-p AstA EE cell"	NA	NA	NA	"FBbt:00058003"	"adult posterior midgut class I enteroendocrine cell (Drosophila)"	"missing child term"	"EE_scRNA-seq"	NA	6
"CGCGGTAAGCAACGGT"	0	"SRX5979983"	"SRP200614"	"intestine"	"class I-m EE cell"	NA	NA	NA	"FBbt:00058002"	"adult middle midgut class I enteroendocrine cell (Drosophila)"	"perfect match"	"EE_scRNA-seq"	NA	1
"CGCGGTACAATCCGAT"	6	"SRX5979983"	"SRP200614"	"intestine"	"class I-p AstA EE cell"	NA	NA	NA	"FBbt:00058003"	"adult posterior midgut class I enteroendocrine cell (Drosophila)"	"missing child term"	"EE_scRNA-seq"	NA	6
"CGCGGTACACAACTGT"	1	"SRX5979983"	"SRP200614"	"intestine"	"class II-m1 EE cell"	NA	NA	NA	"FBbt:00058005"	"adult middle midgut class II enteroendocrine cell (Drosophila)"	"perfect match"	"EE_scRNA-seq"	NA	3
"CGCGGTACAGGTCGTC"	1	"SRX5979983"	"SRP200614"	"intestine"	"class II-m1 EE cell"	NA	NA	NA	"FBbt:00058005"	"adult middle midgut class II enteroendocrine cell (Drosophila)"	"perfect match"	"EE_scRNA-seq"	NA	3
"CGCGGTAGTCTCTCGT"	2	"SRX5979983"	"SRP200614"	"intestine"	"class I-ap EE cell"	NA	NA	NA	"FBbt:00058000"	"adult class I enteroendocrine cell (Drosophila)"	"other"	"EE_scRNA-seq"	NA	5
"CGCGGTAGTGCGGTAA"	7	"SRX5979983"	"SRP200614"	"intestine"	"class II-p EE cell"	NA	NA	NA	"FBbt:00058006"	"adult posterior midgut class II enteroendocrine cell (Drosophila)"	"perfect match"	"EE_scRNA-seq"	NA	7
"CGCGGTAGTGGTACAG"	6	"SRX5979983"	"SRP200614"	"intestine"	"class I-p AstA EE cell"	NA	NA	NA	"FBbt:00058003"	"adult posterior midgut class I enteroendocrine cell (Drosophila)"	"missing child term"	"EE_scRNA-seq"	NA	6
"CGCGGTAGTGTGGCTC"	7	"SRX5979983"	"SRP200614"	"intestine"	"class II-p EE cell"	NA	NA	NA	"FBbt:00058006"	"adult posterior midgut class II enteroendocrine cell (Drosophila)"	"perfect match"	"EE_scRNA-seq"	NA	7
"CGCGGTAGTTTGCATG"	2	"SRX5979983"	"SRP200614"	"intestine"	"class I-ap EE cell"	NA	NA	NA	"FBbt:00058000"	"adult class I enteroendocrine cell (Drosophila)"	"other"	"EE_scRNA-seq"	NA	5
"CGCGGTATCCCTAATT"	6	"SRX5979983"	"SRP200614"	"intestine"	"class I-p AstA EE cell"	NA	NA	NA	"FBbt:00058003"	"adult posterior midgut class I enteroendocrine cell (Drosophila)"	"missing child term"	"EE_scRNA-seq"	NA	6
"CGCGGTATCTTACCTA"	0	"SRX5979983"	"SRP200614"	"intestine"	"class I-m EE cell"	NA	NA	NA	"FBbt:00058002"	"adult middle midgut class I enteroendocrine cell (Drosophila)"	"perfect match"	"EE_scRNA-seq"	NA	1
"CGCGTTTAGGCTAGCA"	10	"SRX5979983"	"SRP200614"	"intestine"	"EE progenitor cell"	NA	NA	NA	"FBbt:00049284"	"adult enteroendocrine precursor cell (Drosophila)"	"perfect match"	"EE_scRNA-seq"	NA	10
"CGCGTTTAGTGAACGC"	2	"SRX5979983"	"SRP200614"	"intestine"	"class I-ap EE cell"	NA	NA	NA	"FBbt:00058000"	"adult class I enteroendocrine cell (Drosophila)"	"other"	"EE_scRNA-seq"	NA	5
"CGCGTTTCAAGCCTAT"	0	"SRX5979983"	"SRP200614"	"intestine"	"class I-m EE cell"	NA	NA	NA	"FBbt:00058002"	"adult middle midgut class I enteroendocrine cell (Drosophila)"	"perfect match"	"EE_scRNA-seq"	NA	1
"CGCGTTTCAAGCGTAG"	5	"SRX5979983"	"SRP200614"	"intestine"	"class I-p CCHa1 EE cell"	NA	NA	NA	"FBbt:00058003"	"adult posterior midgut class I enteroendocrine cell (Drosophila)"	"missing child term"	"EE_scRNA-seq"	NA	4
"CGCGTTTCACACCGAC"	2	"SRX5979983"	"SRP200614"	"intestine"	"class I-ap EE cell"	NA	NA	NA	"FBbt:00058000"	"adult class I enteroendocrine cell (Drosophila)"	"other"	"EE_scRNA-seq"	NA	5
"CGCGTTTCATTGTGCA"	0	"SRX5979983"	"SRP200614"	"intestine"	"class I-m EE cell"	NA	NA	NA	"FBbt:00058002"	"adult middle midgut class I enteroendocrine cell (Drosophila)"	"perfect match"	"EE_scRNA-seq"	NA	1
"CGCGTTTGTCTAAAGA"	0	"SRX5979983"	"SRP200614"	"intestine"	"class I-m EE cell"	NA	NA	NA	"FBbt:00058002"	"adult middle midgut class I enteroendocrine cell (Drosophila)"	"perfect match"	"EE_scRNA-seq"	NA	1
"CGCGTTTTCGCCCTTA"	5	"SRX5979983"	"SRP200614"	"intestine"	"class I-p CCHa1 EE cell"	NA	NA	NA	"FBbt:00058003"	"adult posterior midgut class I enteroendocrine cell (Drosophila)"	"missing child term"	"EE_scRNA-seq"	NA	4
"CGCTATCCACCACGTG"	2	"SRX5979983"	"SRP200614"	"intestine"	"class I-ap EE cell"	NA	NA	NA	"FBbt:00058000"	"adult class I enteroendocrine cell (Drosophila)"	"other"	"EE_scRNA-seq"	NA	5
"CGCTATCCATCGATGT"	1	"SRX5979983"	"SRP200614"	"intestine"	"class II-m1 EE cell"	NA	NA	NA	"FBbt:00058005"	"adult middle midgut class II enteroendocrine cell (Drosophila)"	"perfect match"	"EE_scRNA-seq"	NA	3
"CGCTATCCATGTCCTC"	6	"SRX5979983"	"SRP200614"	"intestine"	"class I-p AstA EE cell"	NA	NA	NA	"FBbt:00058003"	"adult posterior midgut class I enteroendocrine cell (Drosophila)"	"missing child term"	"EE_scRNA-seq"	NA	6
"CGCTATCCATTCCTCG"	0	"SRX5979983"	"SRP200614"	"intestine"	"class I-m EE cell"	NA	NA	NA	"FBbt:00058002"	"adult middle midgut class I enteroendocrine cell (Drosophila)"	"perfect match"	"EE_scRNA-seq"	NA	1
"CGCTATCGTAGGCATG"	2	"SRX5979983"	"SRP200614"	"intestine"	"class I-ap EE cell"	NA	NA	NA	"FBbt:00058000"	"adult class I enteroendocrine cell (Drosophila)"	"other"	"EE_scRNA-seq"	NA	5
"CGCTATCGTCAAAGCG"	2	"SRX5979983"	"SRP200614"	"intestine"	"class I-ap EE cell"	NA	NA	NA	"FBbt:00058000"	"adult class I enteroendocrine cell (Drosophila)"	"other"	"EE_scRNA-seq"	NA	5
"CGCTATCGTTCAGTAC"	7	"SRX5979983"	"SRP200614"	"intestine"	"class II-p EE cell"	NA	NA	NA	"FBbt:00058006"	"adult posterior midgut class II enteroendocrine cell (Drosophila)"	"perfect match"	"EE_scRNA-seq"	NA	7
"CGCTATCTCCAAGTAC"	5	"SRX5979983"	"SRP200614"	"intestine"	"class I-p CCHa1 EE cell"	NA	NA	NA	"FBbt:00058003"	"adult posterior midgut class I enteroendocrine cell (Drosophila)"	"missing child term"	"EE_scRNA-seq"	NA	4
"CGCTATCTCTTGTACT"	8	"SRX5979983"	"SRP200614"	"intestine"	"class I-a EE cell"	NA	NA	NA	"FBbt:00058001"	"adult anterior midgut class I enteroendocrine cell (Drosophila)"	"perfect match"	"EE_scRNA-seq"	NA	2
"CGCTGGAAGCCAACAG"	4	"SRX5979983"	"SRP200614"	"intestine"	"class II-m2 EE cell"	NA	NA	NA	"FBbt:00058005"	"adult middle midgut class II enteroendocrine cell (Drosophila)"	"perfect match"	"EE_scRNA-seq"	NA	8
"CGCTGGAAGCGATATA"	4	"SRX5979983"	"SRP200614"	"intestine"	"class II-m2 EE cell"	NA	NA	NA	"FBbt:00058005"	"adult middle midgut class II enteroendocrine cell (Drosophila)"	"perfect match"	"EE_scRNA-seq"	NA	8
"CGCTGGAAGCGCCTCA"	0	"SRX5979983"	"SRP200614"	"intestine"	"class I-m EE cell"	NA	NA	NA	"FBbt:00058002"	"adult middle midgut class I enteroendocrine cell (Drosophila)"	"perfect match"	"EE_scRNA-seq"	NA	1
"CGCTGGACACTAAGTC"	1	"SRX5979983"	"SRP200614"	"intestine"	"class II-m1 EE cell"	NA	NA	NA	"FBbt:00058005"	"adult middle midgut class II enteroendocrine cell (Drosophila)"	"perfect match"	"EE_scRNA-seq"	NA	3
"CGCTGGACAGTTTACG"	3	"SRX5979983"	"SRP200614"	"intestine"	"class II-a EE cell"	NA	NA	NA	"FBbt:00058004"	"adult anterior midgut class II enteroendocrine cell (Drosophila)"	"perfect match"	"EE_scRNA-seq"	NA	9
"CGCTGGACATGTAGTC"	6	"SRX5979983"	"SRP200614"	"intestine"	"class I-p AstA EE cell"	NA	NA	NA	"FBbt:00058003"	"adult posterior midgut class I enteroendocrine cell (Drosophila)"	"missing child term"	"EE_scRNA-seq"	NA	6
"CGCTGGAGTACTCGCG"	1	"SRX5979983"	"SRP200614"	"intestine"	"class II-m1 EE cell"	NA	NA	NA	"FBbt:00058005"	"adult middle midgut class II enteroendocrine cell (Drosophila)"	"perfect match"	"EE_scRNA-seq"	NA	3
"CGCTGGAGTCTAGTCA"	2	"SRX5979983"	"SRP200614"	"intestine"	"class I-ap EE cell"	NA	NA	NA	"FBbt:00058000"	"adult class I enteroendocrine cell (Drosophila)"	"other"	"EE_scRNA-seq"	NA	5
"CGCTGGATCAAAGTAG"	2	"SRX5979983"	"SRP200614"	"intestine"	"class I-ap EE cell"	NA	NA	NA	"FBbt:00058000"	"adult class I enteroendocrine cell (Drosophila)"	"other"	"EE_scRNA-seq"	NA	5
"CGCTGGATCAAGCCTA"	0	"SRX5979983"	"SRP200614"	"intestine"	"class I-m EE cell"	NA	NA	NA	"FBbt:00058002"	"adult middle midgut class I enteroendocrine cell (Drosophila)"	"perfect match"	"EE_scRNA-seq"	NA	1
"CGCTGGATCCGATATG"	1	"SRX5979983"	"SRP200614"	"intestine"	"class II-m1 EE cell"	NA	NA	NA	"FBbt:00058005"	"adult middle midgut class II enteroendocrine cell (Drosophila)"	"perfect match"	"EE_scRNA-seq"	NA	3
"CGCTGGATCGACCAGC"	2	"SRX5979983"	"SRP200614"	"intestine"	"class I-ap EE cell"	NA	NA	NA	"FBbt:00058000"	"adult class I enteroendocrine cell (Drosophila)"	"other"	"EE_scRNA-seq"	NA	5
"CGCTGGATCGGCGGTT"	0	"SRX5979983"	"SRP200614"	"intestine"	"class I-m EE cell"	NA	NA	NA	"FBbt:00058002"	"adult middle midgut class I enteroendocrine cell (Drosophila)"	"perfect match"	"EE_scRNA-seq"	NA	1
"CGCTGGATCTAACCGA"	3	"SRX5979983"	"SRP200614"	"intestine"	"class II-a EE cell"	NA	NA	NA	"FBbt:00058004"	"adult anterior midgut class II enteroendocrine cell (Drosophila)"	"perfect match"	"EE_scRNA-seq"	NA	9
"CGCTTCAAGAAGAAGC"	2	"SRX5979983"	"SRP200614"	"intestine"	"class I-ap EE cell"	NA	NA	NA	"FBbt:00058000"	"adult class I enteroendocrine cell (Drosophila)"	"other"	"EE_scRNA-seq"	NA	5
"CGCTTCAAGGTGTTAA"	4	"SRX5979983"	"SRP200614"	"intestine"	"class II-m2 EE cell"	NA	NA	NA	"FBbt:00058005"	"adult middle midgut class II enteroendocrine cell (Drosophila)"	"perfect match"	"EE_scRNA-seq"	NA	8
"CGCTTCACAACGCACC"	6	"SRX5979983"	"SRP200614"	"intestine"	"class I-p AstA EE cell"	NA	NA	NA	"FBbt:00058003"	"adult posterior midgut class I enteroendocrine cell (Drosophila)"	"missing child term"	"EE_scRNA-seq"	NA	6
"CGCTTCACACATCCGG"	0	"SRX5979983"	"SRP200614"	"intestine"	"class I-m EE cell"	NA	NA	NA	"FBbt:00058002"	"adult middle midgut class I enteroendocrine cell (Drosophila)"	"perfect match"	"EE_scRNA-seq"	NA	1
"CGCTTCACAGCCAGAA"	2	"SRX5979983"	"SRP200614"	"intestine"	"class I-ap EE cell"	NA	NA	NA	"FBbt:00058000"	"adult class I enteroendocrine cell (Drosophila)"	"other"	"EE_scRNA-seq"	NA	5
"CGCTTCAGTCGTCTTC"	3	"SRX5979983"	"SRP200614"	"intestine"	"class II-a EE cell"	NA	NA	NA	"FBbt:00058004"	"adult anterior midgut class II enteroendocrine cell (Drosophila)"	"perfect match"	"EE_scRNA-seq"	NA	9
"CGCTTCAGTCTGGAGA"	0	"SRX5979983"	"SRP200614"	"intestine"	"class I-m EE cell"	NA	NA	NA	"FBbt:00058002"	"adult middle midgut class I enteroendocrine cell (Drosophila)"	"perfect match"	"EE_scRNA-seq"	NA	1
"CGCTTCATCAACACTG"	3	"SRX5979983"	"SRP200614"	"intestine"	"class II-a EE cell"	NA	NA	NA	"FBbt:00058004"	"adult anterior midgut class II enteroendocrine cell (Drosophila)"	"perfect match"	"EE_scRNA-seq"	NA	9
"CGGACACAGCTCCCAG"	1	"SRX5979983"	"SRP200614"	"intestine"	"class II-m1 EE cell"	NA	NA	NA	"FBbt:00058005"	"adult middle midgut class II enteroendocrine cell (Drosophila)"	"perfect match"	"EE_scRNA-seq"	NA	3
"CGGACACCATCCGGGT"	2	"SRX5979983"	"SRP200614"	"intestine"	"class I-ap EE cell"	NA	NA	NA	"FBbt:00058000"	"adult class I enteroendocrine cell (Drosophila)"	"other"	"EE_scRNA-seq"	NA	5
"CGGACACGTATAGTAG"	7	"SRX5979983"	"SRP200614"	"intestine"	"class II-p EE cell"	NA	NA	NA	"FBbt:00058006"	"adult posterior midgut class II enteroendocrine cell (Drosophila)"	"perfect match"	"EE_scRNA-seq"	NA	7
"CGGACACGTATTAGCC"	0	"SRX5979983"	"SRP200614"	"intestine"	"class I-m EE cell"	NA	NA	NA	"FBbt:00058002"	"adult middle midgut class I enteroendocrine cell (Drosophila)"	"perfect match"	"EE_scRNA-seq"	NA	1
"CGGACACGTCATGCAT"	3	"SRX5979983"	"SRP200614"	"intestine"	"class II-a EE cell"	NA	NA	NA	"FBbt:00058004"	"adult anterior midgut class II enteroendocrine cell (Drosophila)"	"perfect match"	"EE_scRNA-seq"	NA	9
"CGGACACGTGATGCCC"	0	"SRX5979983"	"SRP200614"	"intestine"	"class I-m EE cell"	NA	NA	NA	"FBbt:00058002"	"adult middle midgut class I enteroendocrine cell (Drosophila)"	"perfect match"	"EE_scRNA-seq"	NA	1
"CGGACACGTGTGAATA"	9	"SRX5979983"	"SRP200614"	"intestine"	"class III EE cell"	NA	NA	NA	"FBbt:00058200"	"adult class III enteroendocrine cell (Drosophila)"	"perfect match"	"EE_scRNA-seq"	NA	11
"CGGACACGTTATGCGT"	0	"SRX5979983"	"SRP200614"	"intestine"	"class I-m EE cell"	NA	NA	NA	"FBbt:00058002"	"adult middle midgut class I enteroendocrine cell (Drosophila)"	"perfect match"	"EE_scRNA-seq"	NA	1
"CGGACACTCAACACAC"	7	"SRX5979983"	"SRP200614"	"intestine"	"class II-p EE cell"	NA	NA	NA	"FBbt:00058006"	"adult posterior midgut class II enteroendocrine cell (Drosophila)"	"perfect match"	"EE_scRNA-seq"	NA	7
"CGGACACTCCCTAATT"	6	"SRX5979983"	"SRP200614"	"intestine"	"class I-p AstA EE cell"	NA	NA	NA	"FBbt:00058003"	"adult posterior midgut class I enteroendocrine cell (Drosophila)"	"missing child term"	"EE_scRNA-seq"	NA	6
"CGGACACTCTAACGGT"	0	"SRX5979983"	"SRP200614"	"intestine"	"class I-m EE cell"	NA	NA	NA	"FBbt:00058002"	"adult middle midgut class I enteroendocrine cell (Drosophila)"	"perfect match"	"EE_scRNA-seq"	NA	1
"CGGACGTAGACTGGGT"	1	"SRX5979983"	"SRP200614"	"intestine"	"class II-m1 EE cell"	NA	NA	NA	"FBbt:00058005"	"adult middle midgut class II enteroendocrine cell (Drosophila)"	"perfect match"	"EE_scRNA-seq"	NA	3
"CGGACGTCACGAGGTA"	6	"SRX5979983"	"SRP200614"	"intestine"	"class I-p AstA EE cell"	NA	NA	NA	"FBbt:00058003"	"adult posterior midgut class I enteroendocrine cell (Drosophila)"	"missing child term"	"EE_scRNA-seq"	NA	6
"CGGACGTGTACAGTGG"	1	"SRX5979983"	"SRP200614"	"intestine"	"class II-m1 EE cell"	NA	NA	NA	"FBbt:00058005"	"adult middle midgut class II enteroendocrine cell (Drosophila)"	"perfect match"	"EE_scRNA-seq"	NA	3
"CGGACGTGTAGGCTGA"	6	"SRX5979983"	"SRP200614"	"intestine"	"class I-p AstA EE cell"	NA	NA	NA	"FBbt:00058003"	"adult posterior midgut class I enteroendocrine cell (Drosophila)"	"missing child term"	"EE_scRNA-seq"	NA	6
"CGGACGTGTCGGATCC"	1	"SRX5979983"	"SRP200614"	"intestine"	"class II-m1 EE cell"	NA	NA	NA	"FBbt:00058005"	"adult middle midgut class II enteroendocrine cell (Drosophila)"	"perfect match"	"EE_scRNA-seq"	NA	3
"CGGACGTGTGTGAAAT"	6	"SRX5979983"	"SRP200614"	"intestine"	"class I-p AstA EE cell"	NA	NA	NA	"FBbt:00058003"	"adult posterior midgut class I enteroendocrine cell (Drosophila)"	"missing child term"	"EE_scRNA-seq"	NA	6
"CGGACGTTCAGCGATT"	1	"SRX5979983"	"SRP200614"	"intestine"	"class II-m1 EE cell"	NA	NA	NA	"FBbt:00058005"	"adult middle midgut class II enteroendocrine cell (Drosophila)"	"perfect match"	"EE_scRNA-seq"	NA	3
"CGGACGTTCTCCAACC"	5	"SRX5979983"	"SRP200614"	"intestine"	"class I-p CCHa1 EE cell"	NA	NA	NA	"FBbt:00058003"	"adult posterior midgut class I enteroendocrine cell (Drosophila)"	"missing child term"	"EE_scRNA-seq"	NA	4
"CGGACGTTCTTCAACT"	5	"SRX5979983"	"SRP200614"	"intestine"	"class I-p CCHa1 EE cell"	NA	NA	NA	"FBbt:00058003"	"adult posterior midgut class I enteroendocrine cell (Drosophila)"	"missing child term"	"EE_scRNA-seq"	NA	4
"CGGACGTTCTTGGGTA"	3	"SRX5979983"	"SRP200614"	"intestine"	"class II-a EE cell"	NA	NA	NA	"FBbt:00058004"	"adult anterior midgut class II enteroendocrine cell (Drosophila)"	"perfect match"	"EE_scRNA-seq"	NA	9
"CGGACTGAGCGAGAAA"	3	"SRX5979983"	"SRP200614"	"intestine"	"class II-a EE cell"	NA	NA	NA	"FBbt:00058004"	"adult anterior midgut class II enteroendocrine cell (Drosophila)"	"perfect match"	"EE_scRNA-seq"	NA	9
"CGGACTGAGCGCCTTG"	4	"SRX5979983"	"SRP200614"	"intestine"	"class II-m2 EE cell"	NA	NA	NA	"FBbt:00058005"	"adult middle midgut class II enteroendocrine cell (Drosophila)"	"perfect match"	"EE_scRNA-seq"	NA	8
"CGGACTGGTACGAAAT"	2	"SRX5979983"	"SRP200614"	"intestine"	"class I-ap EE cell"	NA	NA	NA	"FBbt:00058000"	"adult class I enteroendocrine cell (Drosophila)"	"other"	"EE_scRNA-seq"	NA	5
"CGGACTGGTCGACTAT"	2	"SRX5979983"	"SRP200614"	"intestine"	"class I-ap EE cell"	NA	NA	NA	"FBbt:00058000"	"adult class I enteroendocrine cell (Drosophila)"	"other"	"EE_scRNA-seq"	NA	5
"CGGACTGGTGCGAAAC"	4	"SRX5979983"	"SRP200614"	"intestine"	"class II-m2 EE cell"	NA	NA	NA	"FBbt:00058005"	"adult middle midgut class II enteroendocrine cell (Drosophila)"	"perfect match"	"EE_scRNA-seq"	NA	8
"CGGACTGGTTGCGCAC"	6	"SRX5979983"	"SRP200614"	"intestine"	"class I-p AstA EE cell"	NA	NA	NA	"FBbt:00058003"	"adult posterior midgut class I enteroendocrine cell (Drosophila)"	"missing child term"	"EE_scRNA-seq"	NA	6
"CGGACTGTCGCAGGCT"	6	"SRX5979983"	"SRP200614"	"intestine"	"class I-p AstA EE cell"	NA	NA	NA	"FBbt:00058003"	"adult posterior midgut class I enteroendocrine cell (Drosophila)"	"missing child term"	"EE_scRNA-seq"	NA	6
"CGGACTGTCTACCTGC"	6	"SRX5979983"	"SRP200614"	"intestine"	"class I-p AstA EE cell"	NA	NA	NA	"FBbt:00058003"	"adult posterior midgut class I enteroendocrine cell (Drosophila)"	"missing child term"	"EE_scRNA-seq"	NA	6
"CGGACTGTCTTAGCCC"	1	"SRX5979983"	"SRP200614"	"intestine"	"class II-m1 EE cell"	NA	NA	NA	"FBbt:00058005"	"adult middle midgut class II enteroendocrine cell (Drosophila)"	"perfect match"	"EE_scRNA-seq"	NA	3
"CGGAGCTAGATCTGCT"	7	"SRX5979983"	"SRP200614"	"intestine"	"class II-p EE cell"	NA	NA	NA	"FBbt:00058006"	"adult posterior midgut class II enteroendocrine cell (Drosophila)"	"perfect match"	"EE_scRNA-seq"	NA	7
"CGGAGCTAGGTGCAAC"	1	"SRX5979983"	"SRP200614"	"intestine"	"class II-m1 EE cell"	NA	NA	NA	"FBbt:00058005"	"adult middle midgut class II enteroendocrine cell (Drosophila)"	"perfect match"	"EE_scRNA-seq"	NA	3
"CGGAGCTAGGTGCACA"	1	"SRX5979983"	"SRP200614"	"intestine"	"class II-m1 EE cell"	NA	NA	NA	"FBbt:00058005"	"adult middle midgut class II enteroendocrine cell (Drosophila)"	"perfect match"	"EE_scRNA-seq"	NA	3
"CGGAGCTAGGTGCTAG"	0	"SRX5979983"	"SRP200614"	"intestine"	"class I-m EE cell"	NA	NA	NA	"FBbt:00058002"	"adult middle midgut class I enteroendocrine cell (Drosophila)"	"perfect match"	"EE_scRNA-seq"	NA	1
"CGGAGCTCAAACAACA"	8	"SRX5979983"	"SRP200614"	"intestine"	"class I-a EE cell"	NA	NA	NA	"FBbt:00058001"	"adult anterior midgut class I enteroendocrine cell (Drosophila)"	"perfect match"	"EE_scRNA-seq"	NA	2
"CGGAGCTCAACACCTA"	4	"SRX5979983"	"SRP200614"	"intestine"	"class II-m2 EE cell"	NA	NA	NA	"FBbt:00058005"	"adult middle midgut class II enteroendocrine cell (Drosophila)"	"perfect match"	"EE_scRNA-seq"	NA	8
"CGGAGCTCAAGCCGTC"	3	"SRX5979983"	"SRP200614"	"intestine"	"class II-a EE cell"	NA	NA	NA	"FBbt:00058004"	"adult anterior midgut class II enteroendocrine cell (Drosophila)"	"perfect match"	"EE_scRNA-seq"	NA	9
"CGGAGCTCACAAGACG"	2	"SRX5979983"	"SRP200614"	"intestine"	"class I-ap EE cell"	NA	NA	NA	"FBbt:00058000"	"adult class I enteroendocrine cell (Drosophila)"	"other"	"EE_scRNA-seq"	NA	5
"CGGAGCTCACATCCAA"	0	"SRX5979983"	"SRP200614"	"intestine"	"class I-m EE cell"	NA	NA	NA	"FBbt:00058002"	"adult middle midgut class I enteroendocrine cell (Drosophila)"	"perfect match"	"EE_scRNA-seq"	NA	1
"CGGAGCTCACCGAAAG"	3	"SRX5979983"	"SRP200614"	"intestine"	"class II-a EE cell"	NA	NA	NA	"FBbt:00058004"	"adult anterior midgut class II enteroendocrine cell (Drosophila)"	"perfect match"	"EE_scRNA-seq"	NA	9
"CGGAGCTCAGGCAGTA"	2	"SRX5979983"	"SRP200614"	"intestine"	"class I-ap EE cell"	NA	NA	NA	"FBbt:00058000"	"adult class I enteroendocrine cell (Drosophila)"	"other"	"EE_scRNA-seq"	NA	5
"CGGAGCTCATGAACCT"	1	"SRX5979983"	"SRP200614"	"intestine"	"class II-m1 EE cell"	NA	NA	NA	"FBbt:00058005"	"adult middle midgut class II enteroendocrine cell (Drosophila)"	"perfect match"	"EE_scRNA-seq"	NA	3
"CGGAGCTGTAGCGCAA"	1	"SRX5979983"	"SRP200614"	"intestine"	"class II-m1 EE cell"	NA	NA	NA	"FBbt:00058005"	"adult middle midgut class II enteroendocrine cell (Drosophila)"	"perfect match"	"EE_scRNA-seq"	NA	3
"CGGAGCTGTTCAGGCC"	7	"SRX5979983"	"SRP200614"	"intestine"	"class II-p EE cell"	NA	NA	NA	"FBbt:00058006"	"adult posterior midgut class II enteroendocrine cell (Drosophila)"	"perfect match"	"EE_scRNA-seq"	NA	7
"CGGAGCTTCCAGTAGT"	5	"SRX5979983"	"SRP200614"	"intestine"	"class I-p CCHa1 EE cell"	NA	NA	NA	"FBbt:00058003"	"adult posterior midgut class I enteroendocrine cell (Drosophila)"	"missing child term"	"EE_scRNA-seq"	NA	4
"CGGAGCTTCTCCAGGG"	8	"SRX5979983"	"SRP200614"	"intestine"	"class I-a EE cell"	NA	NA	NA	"FBbt:00058001"	"adult anterior midgut class I enteroendocrine cell (Drosophila)"	"perfect match"	"EE_scRNA-seq"	NA	2
"CGGAGTCAGACAGACC"	7	"SRX5979983"	"SRP200614"	"intestine"	"class II-p EE cell"	NA	NA	NA	"FBbt:00058006"	"adult posterior midgut class II enteroendocrine cell (Drosophila)"	"perfect match"	"EE_scRNA-seq"	NA	7
"CGGAGTCAGAGTTGGC"	6	"SRX5979983"	"SRP200614"	"intestine"	"class I-p AstA EE cell"	NA	NA	NA	"FBbt:00058003"	"adult posterior midgut class I enteroendocrine cell (Drosophila)"	"missing child term"	"EE_scRNA-seq"	NA	6
"CGGAGTCAGATCACGG"	4	"SRX5979983"	"SRP200614"	"intestine"	"class II-m2 EE cell"	NA	NA	NA	"FBbt:00058005"	"adult middle midgut class II enteroendocrine cell (Drosophila)"	"perfect match"	"EE_scRNA-seq"	NA	8
"CGGAGTCAGCTGGAAC"	4	"SRX5979983"	"SRP200614"	"intestine"	"class II-m2 EE cell"	NA	NA	NA	"FBbt:00058005"	"adult middle midgut class II enteroendocrine cell (Drosophila)"	"perfect match"	"EE_scRNA-seq"	NA	8
"CGGAGTCGTCTAACGT"	8	"SRX5979983"	"SRP200614"	"intestine"	"class I-a EE cell"	NA	NA	NA	"FBbt:00058001"	"adult anterior midgut class I enteroendocrine cell (Drosophila)"	"perfect match"	"EE_scRNA-seq"	NA	2
"CGGAGTCTCACAAACC"	7	"SRX5979983"	"SRP200614"	"intestine"	"class II-p EE cell"	NA	NA	NA	"FBbt:00058006"	"adult posterior midgut class II enteroendocrine cell (Drosophila)"	"perfect match"	"EE_scRNA-seq"	NA	7
"CGGAGTCTCAGCGACC"	1	"SRX5979983"	"SRP200614"	"intestine"	"class II-m1 EE cell"	NA	NA	NA	"FBbt:00058005"	"adult middle midgut class II enteroendocrine cell (Drosophila)"	"perfect match"	"EE_scRNA-seq"	NA	3
"CGGAGTCTCCTAGTGA"	9	"SRX5979983"	"SRP200614"	"intestine"	"class III EE cell"	NA	NA	NA	"FBbt:00058200"	"adult class III enteroendocrine cell (Drosophila)"	"perfect match"	"EE_scRNA-seq"	NA	11
"CGGAGTCTCGCTTAGA"	2	"SRX5979983"	"SRP200614"	"intestine"	"class I-ap EE cell"	NA	NA	NA	"FBbt:00058000"	"adult class I enteroendocrine cell (Drosophila)"	"other"	"EE_scRNA-seq"	NA	5
"CGGAGTCTCTCATTCA"	3	"SRX5979983"	"SRP200614"	"intestine"	"class II-a EE cell"	NA	NA	NA	"FBbt:00058004"	"adult anterior midgut class II enteroendocrine cell (Drosophila)"	"perfect match"	"EE_scRNA-seq"	NA	9
"CGGAGTCTCTTGTCAT"	0	"SRX5979983"	"SRP200614"	"intestine"	"class I-m EE cell"	NA	NA	NA	"FBbt:00058002"	"adult middle midgut class I enteroendocrine cell (Drosophila)"	"perfect match"	"EE_scRNA-seq"	NA	1
"CGGCTAGAGATGAGAG"	2	"SRX5979983"	"SRP200614"	"intestine"	"class I-ap EE cell"	NA	NA	NA	"FBbt:00058000"	"adult class I enteroendocrine cell (Drosophila)"	"other"	"EE_scRNA-seq"	NA	5
"CGGCTAGCACGAGGTA"	5	"SRX5979983"	"SRP200614"	"intestine"	"class I-p CCHa1 EE cell"	NA	NA	NA	"FBbt:00058003"	"adult posterior midgut class I enteroendocrine cell (Drosophila)"	"missing child term"	"EE_scRNA-seq"	NA	4
"CGGCTAGCATACTCTT"	0	"SRX5979983"	"SRP200614"	"intestine"	"class I-m EE cell"	NA	NA	NA	"FBbt:00058002"	"adult middle midgut class I enteroendocrine cell (Drosophila)"	"perfect match"	"EE_scRNA-seq"	NA	1
"CGGCTAGCATCCAACA"	0	"SRX5979983"	"SRP200614"	"intestine"	"class I-m EE cell"	NA	NA	NA	"FBbt:00058002"	"adult middle midgut class I enteroendocrine cell (Drosophila)"	"perfect match"	"EE_scRNA-seq"	NA	1
"CGGCTAGGTAAGTGTA"	1	"SRX5979983"	"SRP200614"	"intestine"	"class II-m1 EE cell"	NA	NA	NA	"FBbt:00058005"	"adult middle midgut class II enteroendocrine cell (Drosophila)"	"perfect match"	"EE_scRNA-seq"	NA	3
"CGGCTAGGTAATCACC"	4	"SRX5979983"	"SRP200614"	"intestine"	"class II-m2 EE cell"	NA	NA	NA	"FBbt:00058005"	"adult middle midgut class II enteroendocrine cell (Drosophila)"	"perfect match"	"EE_scRNA-seq"	NA	8
"CGGCTAGGTAGCCTAT"	0	"SRX5979983"	"SRP200614"	"intestine"	"class I-m EE cell"	NA	NA	NA	"FBbt:00058002"	"adult middle midgut class I enteroendocrine cell (Drosophila)"	"perfect match"	"EE_scRNA-seq"	NA	1
"CGGCTAGGTCACCCAG"	1	"SRX5979983"	"SRP200614"	"intestine"	"class II-m1 EE cell"	NA	NA	NA	"FBbt:00058005"	"adult middle midgut class II enteroendocrine cell (Drosophila)"	"perfect match"	"EE_scRNA-seq"	NA	3
"CGGCTAGGTCTTCAAG"	6	"SRX5979983"	"SRP200614"	"intestine"	"class I-p AstA EE cell"	NA	NA	NA	"FBbt:00058003"	"adult posterior midgut class I enteroendocrine cell (Drosophila)"	"missing child term"	"EE_scRNA-seq"	NA	6
"CGGCTAGGTGGGTATG"	4	"SRX5979983"	"SRP200614"	"intestine"	"class II-m2 EE cell"	NA	NA	NA	"FBbt:00058005"	"adult middle midgut class II enteroendocrine cell (Drosophila)"	"perfect match"	"EE_scRNA-seq"	NA	8
"CGGCTAGGTTAAAGAC"	8	"SRX5979983"	"SRP200614"	"intestine"	"class I-a EE cell"	NA	NA	NA	"FBbt:00058001"	"adult anterior midgut class I enteroendocrine cell (Drosophila)"	"perfect match"	"EE_scRNA-seq"	NA	2
"CGGCTAGGTTCTGTTT"	0	"SRX5979983"	"SRP200614"	"intestine"	"class I-m EE cell"	NA	NA	NA	"FBbt:00058002"	"adult middle midgut class I enteroendocrine cell (Drosophila)"	"perfect match"	"EE_scRNA-seq"	NA	1
"CGGCTAGTCATCTGCC"	0	"SRX5979983"	"SRP200614"	"intestine"	"class I-m EE cell"	NA	NA	NA	"FBbt:00058002"	"adult middle midgut class I enteroendocrine cell (Drosophila)"	"perfect match"	"EE_scRNA-seq"	NA	1
"CGGCTAGTCTGTTTGT"	6	"SRX5979983"	"SRP200614"	"intestine"	"class I-p AstA EE cell"	NA	NA	NA	"FBbt:00058003"	"adult posterior midgut class I enteroendocrine cell (Drosophila)"	"missing child term"	"EE_scRNA-seq"	NA	6
"CGGGTCAAGACTAGAT"	7	"SRX5979983"	"SRP200614"	"intestine"	"class II-p EE cell"	NA	NA	NA	"FBbt:00058006"	"adult posterior midgut class II enteroendocrine cell (Drosophila)"	"perfect match"	"EE_scRNA-seq"	NA	7
"CGGGTCAAGCTTATCG"	9	"SRX5979983"	"SRP200614"	"intestine"	"class III EE cell"	NA	NA	NA	"FBbt:00058200"	"adult class III enteroendocrine cell (Drosophila)"	"perfect match"	"EE_scRNA-seq"	NA	11
"CGGGTCAAGGCAAAGA"	3	"SRX5979983"	"SRP200614"	"intestine"	"class II-a EE cell"	NA	NA	NA	"FBbt:00058004"	"adult anterior midgut class II enteroendocrine cell (Drosophila)"	"perfect match"	"EE_scRNA-seq"	NA	9
"CGGGTCAAGTGGAGAA"	0	"SRX5979983"	"SRP200614"	"intestine"	"class I-m EE cell"	NA	NA	NA	"FBbt:00058002"	"adult middle midgut class I enteroendocrine cell (Drosophila)"	"perfect match"	"EE_scRNA-seq"	NA	1
"CGGGTCACAAAGCGGT"	1	"SRX5979983"	"SRP200614"	"intestine"	"class II-m1 EE cell"	NA	NA	NA	"FBbt:00058005"	"adult middle midgut class II enteroendocrine cell (Drosophila)"	"perfect match"	"EE_scRNA-seq"	NA	3
"CGGGTCACACAACGCC"	4	"SRX5979983"	"SRP200614"	"intestine"	"class II-m2 EE cell"	NA	NA	NA	"FBbt:00058005"	"adult middle midgut class II enteroendocrine cell (Drosophila)"	"perfect match"	"EE_scRNA-seq"	NA	8
"CGGGTCACACAAGCCC"	0	"SRX5979983"	"SRP200614"	"intestine"	"class I-m EE cell"	NA	NA	NA	"FBbt:00058002"	"adult middle midgut class I enteroendocrine cell (Drosophila)"	"perfect match"	"EE_scRNA-seq"	NA	1
"CGGGTCACACCCTATC"	1	"SRX5979983"	"SRP200614"	"intestine"	"class II-m1 EE cell"	NA	NA	NA	"FBbt:00058005"	"adult middle midgut class II enteroendocrine cell (Drosophila)"	"perfect match"	"EE_scRNA-seq"	NA	3
"CGGGTCACATGACGGA"	3	"SRX5979983"	"SRP200614"	"intestine"	"class II-a EE cell"	NA	NA	NA	"FBbt:00058004"	"adult anterior midgut class II enteroendocrine cell (Drosophila)"	"perfect match"	"EE_scRNA-seq"	NA	9
"CGGGTCACATGCTGGC"	1	"SRX5979983"	"SRP200614"	"intestine"	"class II-m1 EE cell"	NA	NA	NA	"FBbt:00058005"	"adult middle midgut class II enteroendocrine cell (Drosophila)"	"perfect match"	"EE_scRNA-seq"	NA	3
"CGGGTCAGTAGGCTGA"	2	"SRX5979983"	"SRP200614"	"intestine"	"class I-ap EE cell"	NA	NA	NA	"FBbt:00058000"	"adult class I enteroendocrine cell (Drosophila)"	"other"	"EE_scRNA-seq"	NA	5
"CGGGTCAGTGAGGGTT"	8	"SRX5979983"	"SRP200614"	"intestine"	"class I-a EE cell"	NA	NA	NA	"FBbt:00058001"	"adult anterior midgut class I enteroendocrine cell (Drosophila)"	"perfect match"	"EE_scRNA-seq"	NA	2
"CGGGTCAGTGCCTGCA"	1	"SRX5979983"	"SRP200614"	"intestine"	"class II-m1 EE cell"	NA	NA	NA	"FBbt:00058005"	"adult middle midgut class II enteroendocrine cell (Drosophila)"	"perfect match"	"EE_scRNA-seq"	NA	3
"CGGGTCATCGCACTCT"	2	"SRX5979983"	"SRP200614"	"intestine"	"class I-ap EE cell"	NA	NA	NA	"FBbt:00058000"	"adult class I enteroendocrine cell (Drosophila)"	"other"	"EE_scRNA-seq"	NA	5
"CGGGTCATCTTAACCT"	4	"SRX5979983"	"SRP200614"	"intestine"	"class II-m2 EE cell"	NA	NA	NA	"FBbt:00058005"	"adult middle midgut class II enteroendocrine cell (Drosophila)"	"perfect match"	"EE_scRNA-seq"	NA	8
"CGGTTAAAGAATAGGG"	7	"SRX5979983"	"SRP200614"	"intestine"	"class II-p EE cell"	NA	NA	NA	"FBbt:00058006"	"adult posterior midgut class II enteroendocrine cell (Drosophila)"	"perfect match"	"EE_scRNA-seq"	NA	7
"CGGTTAAAGAGGTACC"	0	"SRX5979983"	"SRP200614"	"intestine"	"class I-m EE cell"	NA	NA	NA	"FBbt:00058002"	"adult middle midgut class I enteroendocrine cell (Drosophila)"	"perfect match"	"EE_scRNA-seq"	NA	1
"CGGTTAAAGATCCCGC"	1	"SRX5979983"	"SRP200614"	"intestine"	"class II-m1 EE cell"	NA	NA	NA	"FBbt:00058005"	"adult middle midgut class II enteroendocrine cell (Drosophila)"	"perfect match"	"EE_scRNA-seq"	NA	3
"CGGTTAAAGGAACTGC"	1	"SRX5979983"	"SRP200614"	"intestine"	"class II-m1 EE cell"	NA	NA	NA	"FBbt:00058005"	"adult middle midgut class II enteroendocrine cell (Drosophila)"	"perfect match"	"EE_scRNA-seq"	NA	3
"CGGTTAACAAAGTCAA"	3	"SRX5979983"	"SRP200614"	"intestine"	"class II-a EE cell"	NA	NA	NA	"FBbt:00058004"	"adult anterior midgut class II enteroendocrine cell (Drosophila)"	"perfect match"	"EE_scRNA-seq"	NA	9
"CGGTTAACAGTAAGCG"	8	"SRX5979983"	"SRP200614"	"intestine"	"class I-a EE cell"	NA	NA	NA	"FBbt:00058001"	"adult anterior midgut class I enteroendocrine cell (Drosophila)"	"perfect match"	"EE_scRNA-seq"	NA	2
"CGGTTAACATGTCCTC"	7	"SRX5979983"	"SRP200614"	"intestine"	"class II-p EE cell"	NA	NA	NA	"FBbt:00058006"	"adult posterior midgut class II enteroendocrine cell (Drosophila)"	"perfect match"	"EE_scRNA-seq"	NA	7
"CGGTTAAGTGAACCTT"	2	"SRX5979983"	"SRP200614"	"intestine"	"class I-ap EE cell"	NA	NA	NA	"FBbt:00058000"	"adult class I enteroendocrine cell (Drosophila)"	"other"	"EE_scRNA-seq"	NA	5
"CGGTTAATCAACGAAA"	0	"SRX5979983"	"SRP200614"	"intestine"	"class I-m EE cell"	NA	NA	NA	"FBbt:00058002"	"adult middle midgut class I enteroendocrine cell (Drosophila)"	"perfect match"	"EE_scRNA-seq"	NA	1
"CGGTTAATCAGGTAAA"	0	"SRX5979983"	"SRP200614"	"intestine"	"class I-m EE cell"	NA	NA	NA	"FBbt:00058002"	"adult middle midgut class I enteroendocrine cell (Drosophila)"	"perfect match"	"EE_scRNA-seq"	NA	1
"CGGTTAATCGCGCCAA"	1	"SRX5979983"	"SRP200614"	"intestine"	"class II-m1 EE cell"	NA	NA	NA	"FBbt:00058005"	"adult middle midgut class II enteroendocrine cell (Drosophila)"	"perfect match"	"EE_scRNA-seq"	NA	3
"CGGTTAATCTCGATGA"	1	"SRX5979983"	"SRP200614"	"intestine"	"class II-m1 EE cell"	NA	NA	NA	"FBbt:00058005"	"adult middle midgut class II enteroendocrine cell (Drosophila)"	"perfect match"	"EE_scRNA-seq"	NA	3
"CGGTTAATCTTGCCGT"	1	"SRX5979983"	"SRP200614"	"intestine"	"class II-m1 EE cell"	NA	NA	NA	"FBbt:00058005"	"adult middle midgut class II enteroendocrine cell (Drosophila)"	"perfect match"	"EE_scRNA-seq"	NA	3
"CGTAGCGAGGGATACC"	0	"SRX5979983"	"SRP200614"	"intestine"	"class I-m EE cell"	NA	NA	NA	"FBbt:00058002"	"adult middle midgut class I enteroendocrine cell (Drosophila)"	"perfect match"	"EE_scRNA-seq"	NA	1
"CGTAGCGAGTCGAGTG"	2	"SRX5979983"	"SRP200614"	"intestine"	"class I-ap EE cell"	NA	NA	NA	"FBbt:00058000"	"adult class I enteroendocrine cell (Drosophila)"	"other"	"EE_scRNA-seq"	NA	5
"CGTAGCGCAATGAATG"	7	"SRX5979983"	"SRP200614"	"intestine"	"class II-p EE cell"	NA	NA	NA	"FBbt:00058006"	"adult posterior midgut class II enteroendocrine cell (Drosophila)"	"perfect match"	"EE_scRNA-seq"	NA	7
"CGTAGCGCAGACGCCT"	0	"SRX5979983"	"SRP200614"	"intestine"	"class I-m EE cell"	NA	NA	NA	"FBbt:00058002"	"adult middle midgut class I enteroendocrine cell (Drosophila)"	"perfect match"	"EE_scRNA-seq"	NA	1
"CGTAGCGCAGGATTGG"	6	"SRX5979983"	"SRP200614"	"intestine"	"class I-p AstA EE cell"	NA	NA	NA	"FBbt:00058003"	"adult posterior midgut class I enteroendocrine cell (Drosophila)"	"missing child term"	"EE_scRNA-seq"	NA	6
"CGTAGCGCAGGCAGTA"	0	"SRX5979983"	"SRP200614"	"intestine"	"class I-m EE cell"	NA	NA	NA	"FBbt:00058002"	"adult middle midgut class I enteroendocrine cell (Drosophila)"	"perfect match"	"EE_scRNA-seq"	NA	1
"CGTAGCGGTGGACGAT"	3	"SRX5979983"	"SRP200614"	"intestine"	"class II-a EE cell"	NA	NA	NA	"FBbt:00058004"	"adult anterior midgut class II enteroendocrine cell (Drosophila)"	"perfect match"	"EE_scRNA-seq"	NA	9
"CGTAGCGGTTAGATGA"	0	"SRX5979983"	"SRP200614"	"intestine"	"class I-m EE cell"	NA	NA	NA	"FBbt:00058002"	"adult middle midgut class I enteroendocrine cell (Drosophila)"	"perfect match"	"EE_scRNA-seq"	NA	1
"CGTAGCGTCATGGTCA"	0	"SRX5979983"	"SRP200614"	"intestine"	"class I-m EE cell"	NA	NA	NA	"FBbt:00058002"	"adult middle midgut class I enteroendocrine cell (Drosophila)"	"perfect match"	"EE_scRNA-seq"	NA	1
"CGTAGCGTCGTCCAGG"	1	"SRX5979983"	"SRP200614"	"intestine"	"class II-m1 EE cell"	NA	NA	NA	"FBbt:00058005"	"adult middle midgut class II enteroendocrine cell (Drosophila)"	"perfect match"	"EE_scRNA-seq"	NA	3
"CGTAGGCAGACACGAC"	1	"SRX5979983"	"SRP200614"	"intestine"	"class II-m1 EE cell"	NA	NA	NA	"FBbt:00058005"	"adult middle midgut class II enteroendocrine cell (Drosophila)"	"perfect match"	"EE_scRNA-seq"	NA	3
"CGTAGGCAGAGCTGGT"	1	"SRX5979983"	"SRP200614"	"intestine"	"class II-m1 EE cell"	NA	NA	NA	"FBbt:00058005"	"adult middle midgut class II enteroendocrine cell (Drosophila)"	"perfect match"	"EE_scRNA-seq"	NA	3
"CGTAGGCAGCCGATTT"	0	"SRX5979983"	"SRP200614"	"intestine"	"class I-m EE cell"	NA	NA	NA	"FBbt:00058002"	"adult middle midgut class I enteroendocrine cell (Drosophila)"	"perfect match"	"EE_scRNA-seq"	NA	1
"CGTAGGCAGTGGTCCC"	3	"SRX5979983"	"SRP200614"	"intestine"	"class II-a EE cell"	NA	NA	NA	"FBbt:00058004"	"adult anterior midgut class II enteroendocrine cell (Drosophila)"	"perfect match"	"EE_scRNA-seq"	NA	9
"CGTAGGCCAGGTTTCA"	10	"SRX5979983"	"SRP200614"	"intestine"	"EE progenitor cell"	NA	NA	NA	"FBbt:00049284"	"adult enteroendocrine precursor cell (Drosophila)"	"perfect match"	"EE_scRNA-seq"	NA	10
"CGTAGGCGTAAGGGAA"	1	"SRX5979983"	"SRP200614"	"intestine"	"class II-m1 EE cell"	NA	NA	NA	"FBbt:00058005"	"adult middle midgut class II enteroendocrine cell (Drosophila)"	"perfect match"	"EE_scRNA-seq"	NA	3
"CGTAGGCTCCTACAGA"	0	"SRX5979983"	"SRP200614"	"intestine"	"class I-m EE cell"	NA	NA	NA	"FBbt:00058002"	"adult middle midgut class I enteroendocrine cell (Drosophila)"	"perfect match"	"EE_scRNA-seq"	NA	1
"CGTCACTAGAGTAATC"	6	"SRX5979983"	"SRP200614"	"intestine"	"class I-p AstA EE cell"	NA	NA	NA	"FBbt:00058003"	"adult posterior midgut class I enteroendocrine cell (Drosophila)"	"missing child term"	"EE_scRNA-seq"	NA	6
"CGTCACTAGCAAATCA"	2	"SRX5979983"	"SRP200614"	"intestine"	"class I-ap EE cell"	NA	NA	NA	"FBbt:00058000"	"adult class I enteroendocrine cell (Drosophila)"	"other"	"EE_scRNA-seq"	NA	5
"CGTCACTCATACTCTT"	0	"SRX5979983"	"SRP200614"	"intestine"	"class I-m EE cell"	NA	NA	NA	"FBbt:00058002"	"adult middle midgut class I enteroendocrine cell (Drosophila)"	"perfect match"	"EE_scRNA-seq"	NA	1
"CGTCACTGTGACGCCT"	0	"SRX5979983"	"SRP200614"	"intestine"	"class I-m EE cell"	NA	NA	NA	"FBbt:00058002"	"adult middle midgut class I enteroendocrine cell (Drosophila)"	"perfect match"	"EE_scRNA-seq"	NA	1
"CGTCACTGTGTTTGTG"	6	"SRX5979983"	"SRP200614"	"intestine"	"class I-p AstA EE cell"	NA	NA	NA	"FBbt:00058003"	"adult posterior midgut class I enteroendocrine cell (Drosophila)"	"missing child term"	"EE_scRNA-seq"	NA	6
"CGTCACTGTTATGCGT"	1	"SRX5979983"	"SRP200614"	"intestine"	"class II-m1 EE cell"	NA	NA	NA	"FBbt:00058005"	"adult middle midgut class II enteroendocrine cell (Drosophila)"	"perfect match"	"EE_scRNA-seq"	NA	3
"CGTCACTGTTCTGAAC"	5	"SRX5979983"	"SRP200614"	"intestine"	"class I-p CCHa1 EE cell"	NA	NA	NA	"FBbt:00058003"	"adult posterior midgut class I enteroendocrine cell (Drosophila)"	"missing child term"	"EE_scRNA-seq"	NA	4
"CGTCACTTCAGTCAGT"	6	"SRX5979983"	"SRP200614"	"intestine"	"class I-p AstA EE cell"	NA	NA	NA	"FBbt:00058003"	"adult posterior midgut class I enteroendocrine cell (Drosophila)"	"missing child term"	"EE_scRNA-seq"	NA	6
"CGTCAGGAGGCGTACA"	0	"SRX5979983"	"SRP200614"	"intestine"	"class I-m EE cell"	NA	NA	NA	"FBbt:00058002"	"adult middle midgut class I enteroendocrine cell (Drosophila)"	"perfect match"	"EE_scRNA-seq"	NA	1
"CGTCAGGAGTGATCGG"	6	"SRX5979983"	"SRP200614"	"intestine"	"class I-p AstA EE cell"	NA	NA	NA	"FBbt:00058003"	"adult posterior midgut class I enteroendocrine cell (Drosophila)"	"missing child term"	"EE_scRNA-seq"	NA	6
"CGTCAGGAGTGCGATG"	5	"SRX5979983"	"SRP200614"	"intestine"	"class I-p CCHa1 EE cell"	NA	NA	NA	"FBbt:00058003"	"adult posterior midgut class I enteroendocrine cell (Drosophila)"	"missing child term"	"EE_scRNA-seq"	NA	4
"CGTCAGGCAAACTGCT"	3	"SRX5979983"	"SRP200614"	"intestine"	"class II-a EE cell"	NA	NA	NA	"FBbt:00058004"	"adult anterior midgut class II enteroendocrine cell (Drosophila)"	"perfect match"	"EE_scRNA-seq"	NA	9
"CGTCAGGCAAAGTCAA"	1	"SRX5979983"	"SRP200614"	"intestine"	"class II-m1 EE cell"	NA	NA	NA	"FBbt:00058005"	"adult middle midgut class II enteroendocrine cell (Drosophila)"	"perfect match"	"EE_scRNA-seq"	NA	3
"CGTCAGGCAATCCGAT"	2	"SRX5979983"	"SRP200614"	"intestine"	"class I-ap EE cell"	NA	NA	NA	"FBbt:00058000"	"adult class I enteroendocrine cell (Drosophila)"	"other"	"EE_scRNA-seq"	NA	5
"CGTCAGGCATACTCTT"	2	"SRX5979983"	"SRP200614"	"intestine"	"class I-ap EE cell"	NA	NA	NA	"FBbt:00058000"	"adult class I enteroendocrine cell (Drosophila)"	"other"	"EE_scRNA-seq"	NA	5
"CGTCAGGCATCGTCGG"	4	"SRX5979983"	"SRP200614"	"intestine"	"class II-m2 EE cell"	NA	NA	NA	"FBbt:00058005"	"adult middle midgut class II enteroendocrine cell (Drosophila)"	"perfect match"	"EE_scRNA-seq"	NA	8
"CGTCAGGCATGCCCGA"	5	"SRX5979983"	"SRP200614"	"intestine"	"class I-p CCHa1 EE cell"	NA	NA	NA	"FBbt:00058003"	"adult posterior midgut class I enteroendocrine cell (Drosophila)"	"missing child term"	"EE_scRNA-seq"	NA	4
"CGTCAGGCATGTTGAC"	6	"SRX5979983"	"SRP200614"	"intestine"	"class I-p AstA EE cell"	NA	NA	NA	"FBbt:00058003"	"adult posterior midgut class I enteroendocrine cell (Drosophila)"	"missing child term"	"EE_scRNA-seq"	NA	6
"CGTCAGGCATTATCTC"	0	"SRX5979983"	"SRP200614"	"intestine"	"class I-m EE cell"	NA	NA	NA	"FBbt:00058002"	"adult middle midgut class I enteroendocrine cell (Drosophila)"	"perfect match"	"EE_scRNA-seq"	NA	1
"CGTCAGGGTAGCTAAA"	1	"SRX5979983"	"SRP200614"	"intestine"	"class II-m1 EE cell"	NA	NA	NA	"FBbt:00058005"	"adult middle midgut class II enteroendocrine cell (Drosophila)"	"perfect match"	"EE_scRNA-seq"	NA	3
"CGTCAGGGTCAGAAGC"	5	"SRX5979983"	"SRP200614"	"intestine"	"class I-p CCHa1 EE cell"	NA	NA	NA	"FBbt:00058003"	"adult posterior midgut class I enteroendocrine cell (Drosophila)"	"missing child term"	"EE_scRNA-seq"	NA	4
"CGTCAGGTCCACTCCA"	1	"SRX5979983"	"SRP200614"	"intestine"	"class II-m1 EE cell"	NA	NA	NA	"FBbt:00058005"	"adult middle midgut class II enteroendocrine cell (Drosophila)"	"perfect match"	"EE_scRNA-seq"	NA	3
"CGTCAGGTCCTGTACC"	1	"SRX5979983"	"SRP200614"	"intestine"	"class II-m1 EE cell"	NA	NA	NA	"FBbt:00058005"	"adult middle midgut class II enteroendocrine cell (Drosophila)"	"perfect match"	"EE_scRNA-seq"	NA	3
"CGTCCATAGTGGGCTA"	6	"SRX5979983"	"SRP200614"	"intestine"	"class I-p AstA EE cell"	NA	NA	NA	"FBbt:00058003"	"adult posterior midgut class I enteroendocrine cell (Drosophila)"	"missing child term"	"EE_scRNA-seq"	NA	6
"CGTCCATCATGTCCTC"	0	"SRX5979983"	"SRP200614"	"intestine"	"class I-m EE cell"	NA	NA	NA	"FBbt:00058002"	"adult middle midgut class I enteroendocrine cell (Drosophila)"	"perfect match"	"EE_scRNA-seq"	NA	1
"CGTCCATCATTGAGCT"	7	"SRX5979983"	"SRP200614"	"intestine"	"class II-p EE cell"	NA	NA	NA	"FBbt:00058006"	"adult posterior midgut class II enteroendocrine cell (Drosophila)"	"perfect match"	"EE_scRNA-seq"	NA	7
"CGTCCATGTAAGGATT"	3	"SRX5979983"	"SRP200614"	"intestine"	"class II-a EE cell"	NA	NA	NA	"FBbt:00058004"	"adult anterior midgut class II enteroendocrine cell (Drosophila)"	"perfect match"	"EE_scRNA-seq"	NA	9
"CGTCCATGTGGCGAAT"	1	"SRX5979983"	"SRP200614"	"intestine"	"class II-m1 EE cell"	NA	NA	NA	"FBbt:00058005"	"adult middle midgut class II enteroendocrine cell (Drosophila)"	"perfect match"	"EE_scRNA-seq"	NA	3
"CGTCCATGTTCGCTAA"	2	"SRX5979983"	"SRP200614"	"intestine"	"class I-ap EE cell"	NA	NA	NA	"FBbt:00058000"	"adult class I enteroendocrine cell (Drosophila)"	"other"	"EE_scRNA-seq"	NA	5
"CGTCCATTCAACACGT"	4	"SRX5979983"	"SRP200614"	"intestine"	"class II-m2 EE cell"	NA	NA	NA	"FBbt:00058005"	"adult middle midgut class II enteroendocrine cell (Drosophila)"	"perfect match"	"EE_scRNA-seq"	NA	8
"CGTCCATTCTCGCATC"	0	"SRX5979983"	"SRP200614"	"intestine"	"class I-m EE cell"	NA	NA	NA	"FBbt:00058002"	"adult middle midgut class I enteroendocrine cell (Drosophila)"	"perfect match"	"EE_scRNA-seq"	NA	1
"CGTCTACAGAGCAATT"	4	"SRX5979983"	"SRP200614"	"intestine"	"class II-m2 EE cell"	NA	NA	NA	"FBbt:00058005"	"adult middle midgut class II enteroendocrine cell (Drosophila)"	"perfect match"	"EE_scRNA-seq"	NA	8
"CGTCTACAGCTGCAAG"	6	"SRX5979983"	"SRP200614"	"intestine"	"class I-p AstA EE cell"	NA	NA	NA	"FBbt:00058003"	"adult posterior midgut class I enteroendocrine cell (Drosophila)"	"missing child term"	"EE_scRNA-seq"	NA	6
"CGTCTACAGGATGCGT"	0	"SRX5979983"	"SRP200614"	"intestine"	"class I-m EE cell"	NA	NA	NA	"FBbt:00058002"	"adult middle midgut class I enteroendocrine cell (Drosophila)"	"perfect match"	"EE_scRNA-seq"	NA	1
"CGTCTACCACGAAACG"	1	"SRX5979983"	"SRP200614"	"intestine"	"class II-m1 EE cell"	NA	NA	NA	"FBbt:00058005"	"adult middle midgut class II enteroendocrine cell (Drosophila)"	"perfect match"	"EE_scRNA-seq"	NA	3
"CGTCTACCACGAAGCA"	1	"SRX5979983"	"SRP200614"	"intestine"	"class II-m1 EE cell"	NA	NA	NA	"FBbt:00058005"	"adult middle midgut class II enteroendocrine cell (Drosophila)"	"perfect match"	"EE_scRNA-seq"	NA	3
"CGTCTACGTTCCGGCA"	6	"SRX5979983"	"SRP200614"	"intestine"	"class I-p AstA EE cell"	NA	NA	NA	"FBbt:00058003"	"adult posterior midgut class I enteroendocrine cell (Drosophila)"	"missing child term"	"EE_scRNA-seq"	NA	6
"CGTCTACTCATGTGGT"	7	"SRX5979983"	"SRP200614"	"intestine"	"class II-p EE cell"	NA	NA	NA	"FBbt:00058006"	"adult posterior midgut class II enteroendocrine cell (Drosophila)"	"perfect match"	"EE_scRNA-seq"	NA	7
"CGTCTACTCCTAGAAC"	0	"SRX5979983"	"SRP200614"	"intestine"	"class I-m EE cell"	NA	NA	NA	"FBbt:00058002"	"adult middle midgut class I enteroendocrine cell (Drosophila)"	"perfect match"	"EE_scRNA-seq"	NA	1
"CGTCTACTCGAGGTAG"	0	"SRX5979983"	"SRP200614"	"intestine"	"class I-m EE cell"	NA	NA	NA	"FBbt:00058002"	"adult middle midgut class I enteroendocrine cell (Drosophila)"	"perfect match"	"EE_scRNA-seq"	NA	1
"CGTGAGCAGATATGGT"	0	"SRX5979983"	"SRP200614"	"intestine"	"class I-m EE cell"	NA	NA	NA	"FBbt:00058002"	"adult middle midgut class I enteroendocrine cell (Drosophila)"	"perfect match"	"EE_scRNA-seq"	NA	1
"CGTGAGCAGTCAAGCG"	3	"SRX5979983"	"SRP200614"	"intestine"	"class II-a EE cell"	NA	NA	NA	"FBbt:00058004"	"adult anterior midgut class II enteroendocrine cell (Drosophila)"	"perfect match"	"EE_scRNA-seq"	NA	9
"CGTGAGCCAAGGACAC"	2	"SRX5979983"	"SRP200614"	"intestine"	"class I-ap EE cell"	NA	NA	NA	"FBbt:00058000"	"adult class I enteroendocrine cell (Drosophila)"	"other"	"EE_scRNA-seq"	NA	5
"CGTGAGCCAATCGGTT"	2	"SRX5979983"	"SRP200614"	"intestine"	"class I-ap EE cell"	NA	NA	NA	"FBbt:00058000"	"adult class I enteroendocrine cell (Drosophila)"	"other"	"EE_scRNA-seq"	NA	5
"CGTGAGCGTAAGCACG"	5	"SRX5979983"	"SRP200614"	"intestine"	"class I-p CCHa1 EE cell"	NA	NA	NA	"FBbt:00058003"	"adult posterior midgut class I enteroendocrine cell (Drosophila)"	"missing child term"	"EE_scRNA-seq"	NA	4
"CGTGAGCTCGGCATCG"	8	"SRX5979983"	"SRP200614"	"intestine"	"class I-a EE cell"	NA	NA	NA	"FBbt:00058001"	"adult anterior midgut class I enteroendocrine cell (Drosophila)"	"perfect match"	"EE_scRNA-seq"	NA	2
"CGTGAGCTCTGTGCAA"	3	"SRX5979983"	"SRP200614"	"intestine"	"class II-a EE cell"	NA	NA	NA	"FBbt:00058004"	"adult anterior midgut class II enteroendocrine cell (Drosophila)"	"perfect match"	"EE_scRNA-seq"	NA	9
"CGTGAGCTCTTGTACT"	6	"SRX5979983"	"SRP200614"	"intestine"	"class I-p AstA EE cell"	NA	NA	NA	"FBbt:00058003"	"adult posterior midgut class I enteroendocrine cell (Drosophila)"	"missing child term"	"EE_scRNA-seq"	NA	6
"CGTGTAAAGCGATCCC"	2	"SRX5979983"	"SRP200614"	"intestine"	"class I-ap EE cell"	NA	NA	NA	"FBbt:00058000"	"adult class I enteroendocrine cell (Drosophila)"	"other"	"EE_scRNA-seq"	NA	5
"CGTGTAAAGCGGATCA"	1	"SRX5979983"	"SRP200614"	"intestine"	"class II-m1 EE cell"	NA	NA	NA	"FBbt:00058005"	"adult middle midgut class II enteroendocrine cell (Drosophila)"	"perfect match"	"EE_scRNA-seq"	NA	3
"CGTGTAAAGCTAACAA"	1	"SRX5979983"	"SRP200614"	"intestine"	"class II-m1 EE cell"	NA	NA	NA	"FBbt:00058005"	"adult middle midgut class II enteroendocrine cell (Drosophila)"	"perfect match"	"EE_scRNA-seq"	NA	3
"CGTGTAAAGCTTCGCG"	4	"SRX5979983"	"SRP200614"	"intestine"	"class II-m2 EE cell"	NA	NA	NA	"FBbt:00058005"	"adult middle midgut class II enteroendocrine cell (Drosophila)"	"perfect match"	"EE_scRNA-seq"	NA	8
"CGTGTAAAGTCGATAA"	3	"SRX5979983"	"SRP200614"	"intestine"	"class II-a EE cell"	NA	NA	NA	"FBbt:00058004"	"adult anterior midgut class II enteroendocrine cell (Drosophila)"	"perfect match"	"EE_scRNA-seq"	NA	9
"CGTGTAACAACTTGAC"	4	"SRX5979983"	"SRP200614"	"intestine"	"class II-m2 EE cell"	NA	NA	NA	"FBbt:00058005"	"adult middle midgut class II enteroendocrine cell (Drosophila)"	"perfect match"	"EE_scRNA-seq"	NA	8
"CGTGTAACAAGCTGGA"	0	"SRX5979983"	"SRP200614"	"intestine"	"class I-m EE cell"	NA	NA	NA	"FBbt:00058002"	"adult middle midgut class I enteroendocrine cell (Drosophila)"	"perfect match"	"EE_scRNA-seq"	NA	1
"CGTGTAACAGCATACT"	2	"SRX5979983"	"SRP200614"	"intestine"	"class I-ap EE cell"	NA	NA	NA	"FBbt:00058000"	"adult class I enteroendocrine cell (Drosophila)"	"other"	"EE_scRNA-seq"	NA	5
"CGTGTAAGTGAACCTT"	2	"SRX5979983"	"SRP200614"	"intestine"	"class I-ap EE cell"	NA	NA	NA	"FBbt:00058000"	"adult class I enteroendocrine cell (Drosophila)"	"other"	"EE_scRNA-seq"	NA	5
"CGTGTAATCAGTTTGG"	3	"SRX5979983"	"SRP200614"	"intestine"	"class II-a EE cell"	NA	NA	NA	"FBbt:00058004"	"adult anterior midgut class II enteroendocrine cell (Drosophila)"	"perfect match"	"EE_scRNA-seq"	NA	9
"CGTGTCTAGACTAGGC"	1	"SRX5979983"	"SRP200614"	"intestine"	"class II-m1 EE cell"	NA	NA	NA	"FBbt:00058005"	"adult middle midgut class II enteroendocrine cell (Drosophila)"	"perfect match"	"EE_scRNA-seq"	NA	3
"CGTGTCTAGCCCGAAA"	7	"SRX5979983"	"SRP200614"	"intestine"	"class II-p EE cell"	NA	NA	NA	"FBbt:00058006"	"adult posterior midgut class II enteroendocrine cell (Drosophila)"	"perfect match"	"EE_scRNA-seq"	NA	7
"CGTGTCTCAAGGTTTC"	2	"SRX5979983"	"SRP200614"	"intestine"	"class I-ap EE cell"	NA	NA	NA	"FBbt:00058000"	"adult class I enteroendocrine cell (Drosophila)"	"other"	"EE_scRNA-seq"	NA	5
"CGTGTCTCATTAGCCA"	3	"SRX5979983"	"SRP200614"	"intestine"	"class II-a EE cell"	NA	NA	NA	"FBbt:00058004"	"adult anterior midgut class II enteroendocrine cell (Drosophila)"	"perfect match"	"EE_scRNA-seq"	NA	9
"CGTGTCTGTAGCGCAA"	1	"SRX5979983"	"SRP200614"	"intestine"	"class II-m1 EE cell"	NA	NA	NA	"FBbt:00058005"	"adult middle midgut class II enteroendocrine cell (Drosophila)"	"perfect match"	"EE_scRNA-seq"	NA	3
"CGTGTCTGTCCGTCAG"	4	"SRX5979983"	"SRP200614"	"intestine"	"class II-m2 EE cell"	NA	NA	NA	"FBbt:00058005"	"adult middle midgut class II enteroendocrine cell (Drosophila)"	"perfect match"	"EE_scRNA-seq"	NA	8
"CGTGTCTGTCTAGGTT"	0	"SRX5979983"	"SRP200614"	"intestine"	"class I-m EE cell"	NA	NA	NA	"FBbt:00058002"	"adult middle midgut class I enteroendocrine cell (Drosophila)"	"perfect match"	"EE_scRNA-seq"	NA	1
"CGTGTCTGTCTCCACT"	1	"SRX5979983"	"SRP200614"	"intestine"	"class II-m1 EE cell"	NA	NA	NA	"FBbt:00058005"	"adult middle midgut class II enteroendocrine cell (Drosophila)"	"perfect match"	"EE_scRNA-seq"	NA	3
"CGTTAGAAGGCCCGTT"	1	"SRX5979983"	"SRP200614"	"intestine"	"class II-m1 EE cell"	NA	NA	NA	"FBbt:00058005"	"adult middle midgut class II enteroendocrine cell (Drosophila)"	"perfect match"	"EE_scRNA-seq"	NA	3
"CGTTAGAAGGCCCTTG"	3	"SRX5979983"	"SRP200614"	"intestine"	"class II-a EE cell"	NA	NA	NA	"FBbt:00058004"	"adult anterior midgut class II enteroendocrine cell (Drosophila)"	"perfect match"	"EE_scRNA-seq"	NA	9
"CGTTAGAAGGGCTTCC"	5	"SRX5979983"	"SRP200614"	"intestine"	"class I-p CCHa1 EE cell"	NA	NA	NA	"FBbt:00058003"	"adult posterior midgut class I enteroendocrine cell (Drosophila)"	"missing child term"	"EE_scRNA-seq"	NA	4
"CGTTAGACAGATTGCT"	3	"SRX5979983"	"SRP200614"	"intestine"	"class II-a EE cell"	NA	NA	NA	"FBbt:00058004"	"adult anterior midgut class II enteroendocrine cell (Drosophila)"	"perfect match"	"EE_scRNA-seq"	NA	9
"CGTTAGAGTCATTAGC"	4	"SRX5979983"	"SRP200614"	"intestine"	"class II-m2 EE cell"	NA	NA	NA	"FBbt:00058005"	"adult middle midgut class II enteroendocrine cell (Drosophila)"	"perfect match"	"EE_scRNA-seq"	NA	8
"CGTTAGATCCGTTGCT"	1	"SRX5979983"	"SRP200614"	"intestine"	"class II-m1 EE cell"	NA	NA	NA	"FBbt:00058005"	"adult middle midgut class II enteroendocrine cell (Drosophila)"	"perfect match"	"EE_scRNA-seq"	NA	3
"CGTTAGATCTGCCAGG"	7	"SRX5979983"	"SRP200614"	"intestine"	"class II-p EE cell"	NA	NA	NA	"FBbt:00058006"	"adult posterior midgut class II enteroendocrine cell (Drosophila)"	"perfect match"	"EE_scRNA-seq"	NA	7
"CGTTCTGAGAGTCGGT"	0	"SRX5979983"	"SRP200614"	"intestine"	"class I-m EE cell"	NA	NA	NA	"FBbt:00058002"	"adult middle midgut class I enteroendocrine cell (Drosophila)"	"perfect match"	"EE_scRNA-seq"	NA	1
"CGTTCTGAGCGATCCC"	0	"SRX5979983"	"SRP200614"	"intestine"	"class I-m EE cell"	NA	NA	NA	"FBbt:00058002"	"adult middle midgut class I enteroendocrine cell (Drosophila)"	"perfect match"	"EE_scRNA-seq"	NA	1
"CGTTCTGAGGACTGGT"	6	"SRX5979983"	"SRP200614"	"intestine"	"class I-p AstA EE cell"	NA	NA	NA	"FBbt:00058003"	"adult posterior midgut class I enteroendocrine cell (Drosophila)"	"missing child term"	"EE_scRNA-seq"	NA	6
"CGTTCTGCACAAGCCC"	1	"SRX5979983"	"SRP200614"	"intestine"	"class II-m1 EE cell"	NA	NA	NA	"FBbt:00058005"	"adult middle midgut class II enteroendocrine cell (Drosophila)"	"perfect match"	"EE_scRNA-seq"	NA	3
"CGTTCTGCAGACGCTC"	4	"SRX5979983"	"SRP200614"	"intestine"	"class II-m2 EE cell"	NA	NA	NA	"FBbt:00058005"	"adult middle midgut class II enteroendocrine cell (Drosophila)"	"perfect match"	"EE_scRNA-seq"	NA	8
"CGTTCTGCAGAGCCAA"	4	"SRX5979983"	"SRP200614"	"intestine"	"class II-m2 EE cell"	NA	NA	NA	"FBbt:00058005"	"adult middle midgut class II enteroendocrine cell (Drosophila)"	"perfect match"	"EE_scRNA-seq"	NA	8
"CGTTCTGCAGCTGCTG"	0	"SRX5979983"	"SRP200614"	"intestine"	"class I-m EE cell"	NA	NA	NA	"FBbt:00058002"	"adult middle midgut class I enteroendocrine cell (Drosophila)"	"perfect match"	"EE_scRNA-seq"	NA	1
"CGTTCTGGTACCAGTT"	0	"SRX5979983"	"SRP200614"	"intestine"	"class I-m EE cell"	NA	NA	NA	"FBbt:00058002"	"adult middle midgut class I enteroendocrine cell (Drosophila)"	"perfect match"	"EE_scRNA-seq"	NA	1
"CGTTCTGGTCCAGTGC"	5	"SRX5979983"	"SRP200614"	"intestine"	"class I-p CCHa1 EE cell"	NA	NA	NA	"FBbt:00058003"	"adult posterior midgut class I enteroendocrine cell (Drosophila)"	"missing child term"	"EE_scRNA-seq"	NA	4
"CGTTCTGGTCTGCGGT"	1	"SRX5979983"	"SRP200614"	"intestine"	"class II-m1 EE cell"	NA	NA	NA	"FBbt:00058005"	"adult middle midgut class II enteroendocrine cell (Drosophila)"	"perfect match"	"EE_scRNA-seq"	NA	3
"CGTTCTGGTTCGCGAC"	2	"SRX5979983"	"SRP200614"	"intestine"	"class I-ap EE cell"	NA	NA	NA	"FBbt:00058000"	"adult class I enteroendocrine cell (Drosophila)"	"other"	"EE_scRNA-seq"	NA	5
"CGTTCTGTCAGCCTAA"	1	"SRX5979983"	"SRP200614"	"intestine"	"class II-m1 EE cell"	NA	NA	NA	"FBbt:00058005"	"adult middle midgut class II enteroendocrine cell (Drosophila)"	"perfect match"	"EE_scRNA-seq"	NA	3
"CGTTCTGTCGAGGTAG"	3	"SRX5979983"	"SRP200614"	"intestine"	"class II-a EE cell"	NA	NA	NA	"FBbt:00058004"	"adult anterior midgut class II enteroendocrine cell (Drosophila)"	"perfect match"	"EE_scRNA-seq"	NA	9
"CGTTCTGTCTGGCGAC"	1	"SRX5979983"	"SRP200614"	"intestine"	"class II-m1 EE cell"	NA	NA	NA	"FBbt:00058005"	"adult middle midgut class II enteroendocrine cell (Drosophila)"	"perfect match"	"EE_scRNA-seq"	NA	3
"CGTTGGGAGTGCGATG"	7	"SRX5979983"	"SRP200614"	"intestine"	"class II-p EE cell"	NA	NA	NA	"FBbt:00058006"	"adult posterior midgut class II enteroendocrine cell (Drosophila)"	"perfect match"	"EE_scRNA-seq"	NA	7
"CGTTGGGCAAAGAATC"	6	"SRX5979983"	"SRP200614"	"intestine"	"class I-p AstA EE cell"	NA	NA	NA	"FBbt:00058003"	"adult posterior midgut class I enteroendocrine cell (Drosophila)"	"missing child term"	"EE_scRNA-seq"	NA	6
"CGTTGGGGTAATAGCA"	2	"SRX5979983"	"SRP200614"	"intestine"	"class I-ap EE cell"	NA	NA	NA	"FBbt:00058000"	"adult class I enteroendocrine cell (Drosophila)"	"other"	"EE_scRNA-seq"	NA	5
"CGTTGGGTCGCATGAT"	2	"SRX5979983"	"SRP200614"	"intestine"	"class I-ap EE cell"	NA	NA	NA	"FBbt:00058000"	"adult class I enteroendocrine cell (Drosophila)"	"other"	"EE_scRNA-seq"	NA	5
"CGTTGGGTCGCTTAGA"	0	"SRX5979983"	"SRP200614"	"intestine"	"class I-m EE cell"	NA	NA	NA	"FBbt:00058002"	"adult middle midgut class I enteroendocrine cell (Drosophila)"	"perfect match"	"EE_scRNA-seq"	NA	1
"CTAACTTAGCCAGTTT"	4	"SRX5979983"	"SRP200614"	"intestine"	"class II-m2 EE cell"	NA	NA	NA	"FBbt:00058005"	"adult middle midgut class II enteroendocrine cell (Drosophila)"	"perfect match"	"EE_scRNA-seq"	NA	8
"CTAACTTAGCGTCAAG"	7	"SRX5979983"	"SRP200614"	"intestine"	"class II-p EE cell"	NA	NA	NA	"FBbt:00058006"	"adult posterior midgut class II enteroendocrine cell (Drosophila)"	"perfect match"	"EE_scRNA-seq"	NA	7
"CTAACTTAGCGTCTAT"	7	"SRX5979983"	"SRP200614"	"intestine"	"class II-p EE cell"	NA	NA	NA	"FBbt:00058006"	"adult posterior midgut class II enteroendocrine cell (Drosophila)"	"perfect match"	"EE_scRNA-seq"	NA	7
"CTAACTTCATCACAAC"	5	"SRX5979983"	"SRP200614"	"intestine"	"class I-p CCHa1 EE cell"	NA	NA	NA	"FBbt:00058003"	"adult posterior midgut class I enteroendocrine cell (Drosophila)"	"missing child term"	"EE_scRNA-seq"	NA	4
"CTAACTTCATTGGTAC"	3	"SRX5979983"	"SRP200614"	"intestine"	"class II-a EE cell"	NA	NA	NA	"FBbt:00058004"	"adult anterior midgut class II enteroendocrine cell (Drosophila)"	"perfect match"	"EE_scRNA-seq"	NA	9
"CTAACTTGTACGCTGC"	2	"SRX5979983"	"SRP200614"	"intestine"	"class I-ap EE cell"	NA	NA	NA	"FBbt:00058000"	"adult class I enteroendocrine cell (Drosophila)"	"other"	"EE_scRNA-seq"	NA	5
"CTAACTTGTTACGCGC"	8	"SRX5979983"	"SRP200614"	"intestine"	"class I-a EE cell"	NA	NA	NA	"FBbt:00058001"	"adult anterior midgut class I enteroendocrine cell (Drosophila)"	"perfect match"	"EE_scRNA-seq"	NA	2
"CTAACTTTCAAGCCTA"	1	"SRX5979983"	"SRP200614"	"intestine"	"class II-m1 EE cell"	NA	NA	NA	"FBbt:00058005"	"adult middle midgut class II enteroendocrine cell (Drosophila)"	"perfect match"	"EE_scRNA-seq"	NA	3
"CTAAGACAGCTATGCT"	3	"SRX5979983"	"SRP200614"	"intestine"	"class II-a EE cell"	NA	NA	NA	"FBbt:00058004"	"adult anterior midgut class II enteroendocrine cell (Drosophila)"	"perfect match"	"EE_scRNA-seq"	NA	9
"CTAAGACCAATAGCGG"	9	"SRX5979983"	"SRP200614"	"intestine"	"class III EE cell"	NA	NA	NA	"FBbt:00058200"	"adult class III enteroendocrine cell (Drosophila)"	"perfect match"	"EE_scRNA-seq"	NA	11
"CTAAGACCAGCTGTTA"	0	"SRX5979983"	"SRP200614"	"intestine"	"class I-m EE cell"	NA	NA	NA	"FBbt:00058002"	"adult middle midgut class I enteroendocrine cell (Drosophila)"	"perfect match"	"EE_scRNA-seq"	NA	1
"CTAAGACCAGGCTGAA"	3	"SRX5979983"	"SRP200614"	"intestine"	"class II-a EE cell"	NA	NA	NA	"FBbt:00058004"	"adult anterior midgut class II enteroendocrine cell (Drosophila)"	"perfect match"	"EE_scRNA-seq"	NA	9
"CTAAGACCAGGTGGAT"	3	"SRX5979983"	"SRP200614"	"intestine"	"class II-a EE cell"	NA	NA	NA	"FBbt:00058004"	"adult anterior midgut class II enteroendocrine cell (Drosophila)"	"perfect match"	"EE_scRNA-seq"	NA	9
"CTAAGACGTGAGGGAG"	5	"SRX5979983"	"SRP200614"	"intestine"	"class I-p CCHa1 EE cell"	NA	NA	NA	"FBbt:00058003"	"adult posterior midgut class I enteroendocrine cell (Drosophila)"	"missing child term"	"EE_scRNA-seq"	NA	4
"CTAAGACGTTACGACT"	0	"SRX5979983"	"SRP200614"	"intestine"	"class I-m EE cell"	NA	NA	NA	"FBbt:00058002"	"adult middle midgut class I enteroendocrine cell (Drosophila)"	"perfect match"	"EE_scRNA-seq"	NA	1
"CTAAGACGTTCCAACA"	5	"SRX5979983"	"SRP200614"	"intestine"	"class I-p CCHa1 EE cell"	NA	NA	NA	"FBbt:00058003"	"adult posterior midgut class I enteroendocrine cell (Drosophila)"	"missing child term"	"EE_scRNA-seq"	NA	4
"CTAAGACGTTGAACTC"	0	"SRX5979983"	"SRP200614"	"intestine"	"class I-m EE cell"	NA	NA	NA	"FBbt:00058002"	"adult middle midgut class I enteroendocrine cell (Drosophila)"	"perfect match"	"EE_scRNA-seq"	NA	1
"CTAAGACGTTGGTAAA"	9	"SRX5979983"	"SRP200614"	"intestine"	"class III EE cell"	NA	NA	NA	"FBbt:00058200"	"adult class III enteroendocrine cell (Drosophila)"	"perfect match"	"EE_scRNA-seq"	NA	11
"CTAAGACTCAAACCGT"	0	"SRX5979983"	"SRP200614"	"intestine"	"class I-m EE cell"	NA	NA	NA	"FBbt:00058002"	"adult middle midgut class I enteroendocrine cell (Drosophila)"	"perfect match"	"EE_scRNA-seq"	NA	1
"CTAAGACTCACGCATA"	3	"SRX5979983"	"SRP200614"	"intestine"	"class II-a EE cell"	NA	NA	NA	"FBbt:00058004"	"adult anterior midgut class II enteroendocrine cell (Drosophila)"	"perfect match"	"EE_scRNA-seq"	NA	9
"CTAAGACTCCTCGCAT"	4	"SRX5979983"	"SRP200614"	"intestine"	"class II-m2 EE cell"	NA	NA	NA	"FBbt:00058005"	"adult middle midgut class II enteroendocrine cell (Drosophila)"	"perfect match"	"EE_scRNA-seq"	NA	8
"CTAAGACTCGTTGCCT"	2	"SRX5979983"	"SRP200614"	"intestine"	"class I-ap EE cell"	NA	NA	NA	"FBbt:00058000"	"adult class I enteroendocrine cell (Drosophila)"	"other"	"EE_scRNA-seq"	NA	5
"CTAATGGAGACGCAAC"	0	"SRX5979983"	"SRP200614"	"intestine"	"class I-m EE cell"	NA	NA	NA	"FBbt:00058002"	"adult middle midgut class I enteroendocrine cell (Drosophila)"	"perfect match"	"EE_scRNA-seq"	NA	1
"CTAATGGAGATGTGGC"	0	"SRX5979983"	"SRP200614"	"intestine"	"class I-m EE cell"	NA	NA	NA	"FBbt:00058002"	"adult middle midgut class I enteroendocrine cell (Drosophila)"	"perfect match"	"EE_scRNA-seq"	NA	1
"CTAATGGAGGGATGGG"	0	"SRX5979983"	"SRP200614"	"intestine"	"class I-m EE cell"	NA	NA	NA	"FBbt:00058002"	"adult middle midgut class I enteroendocrine cell (Drosophila)"	"perfect match"	"EE_scRNA-seq"	NA	1
"CTAATGGGTCACCCAG"	0	"SRX5979983"	"SRP200614"	"intestine"	"class I-m EE cell"	NA	NA	NA	"FBbt:00058002"	"adult middle midgut class I enteroendocrine cell (Drosophila)"	"perfect match"	"EE_scRNA-seq"	NA	1
"CTAATGGTCTGCGACG"	4	"SRX5979983"	"SRP200614"	"intestine"	"class II-m2 EE cell"	NA	NA	NA	"FBbt:00058005"	"adult middle midgut class II enteroendocrine cell (Drosophila)"	"perfect match"	"EE_scRNA-seq"	NA	8
"CTACACCAGAGAGCTC"	0	"SRX5979983"	"SRP200614"	"intestine"	"class I-m EE cell"	NA	NA	NA	"FBbt:00058002"	"adult middle midgut class I enteroendocrine cell (Drosophila)"	"perfect match"	"EE_scRNA-seq"	NA	1
"CTACACCAGATATGCA"	3	"SRX5979983"	"SRP200614"	"intestine"	"class II-a EE cell"	NA	NA	NA	"FBbt:00058004"	"adult anterior midgut class II enteroendocrine cell (Drosophila)"	"perfect match"	"EE_scRNA-seq"	NA	9
"CTACACCAGTTTCCTT"	0	"SRX5979983"	"SRP200614"	"intestine"	"class I-m EE cell"	NA	NA	NA	"FBbt:00058002"	"adult middle midgut class I enteroendocrine cell (Drosophila)"	"perfect match"	"EE_scRNA-seq"	NA	1
"CTACACCCAAGCCTAT"	1	"SRX5979983"	"SRP200614"	"intestine"	"class II-m1 EE cell"	NA	NA	NA	"FBbt:00058005"	"adult middle midgut class II enteroendocrine cell (Drosophila)"	"perfect match"	"EE_scRNA-seq"	NA	3
"CTACACCGTTCCACGG"	0	"SRX5979983"	"SRP200614"	"intestine"	"class I-m EE cell"	NA	NA	NA	"FBbt:00058002"	"adult middle midgut class I enteroendocrine cell (Drosophila)"	"perfect match"	"EE_scRNA-seq"	NA	1
"CTACACCTCAATCTCT"	9	"SRX5979983"	"SRP200614"	"intestine"	"class III EE cell"	NA	NA	NA	"FBbt:00058200"	"adult class III enteroendocrine cell (Drosophila)"	"perfect match"	"EE_scRNA-seq"	NA	11
"CTACACCTCAGAGACG"	1	"SRX5979983"	"SRP200614"	"intestine"	"class II-m1 EE cell"	NA	NA	NA	"FBbt:00058005"	"adult middle midgut class II enteroendocrine cell (Drosophila)"	"perfect match"	"EE_scRNA-seq"	NA	3
"CTACACCTCTAACTGG"	3	"SRX5979983"	"SRP200614"	"intestine"	"class II-a EE cell"	NA	NA	NA	"FBbt:00058004"	"adult anterior midgut class II enteroendocrine cell (Drosophila)"	"perfect match"	"EE_scRNA-seq"	NA	9
"CTACATTAGACGCTTT"	3	"SRX5979983"	"SRP200614"	"intestine"	"class II-a EE cell"	NA	NA	NA	"FBbt:00058004"	"adult anterior midgut class II enteroendocrine cell (Drosophila)"	"perfect match"	"EE_scRNA-seq"	NA	9
"CTACATTCACCAGGTC"	2	"SRX5979983"	"SRP200614"	"intestine"	"class I-ap EE cell"	NA	NA	NA	"FBbt:00058000"	"adult class I enteroendocrine cell (Drosophila)"	"other"	"EE_scRNA-seq"	NA	5
"CTACATTCACGGTAAG"	1	"SRX5979983"	"SRP200614"	"intestine"	"class II-m1 EE cell"	NA	NA	NA	"FBbt:00058005"	"adult middle midgut class II enteroendocrine cell (Drosophila)"	"perfect match"	"EE_scRNA-seq"	NA	3
"CTACATTCATGAAGTA"	0	"SRX5979983"	"SRP200614"	"intestine"	"class I-m EE cell"	NA	NA	NA	"FBbt:00058002"	"adult middle midgut class I enteroendocrine cell (Drosophila)"	"perfect match"	"EE_scRNA-seq"	NA	1
"CTACATTGTAAGAGAG"	0	"SRX5979983"	"SRP200614"	"intestine"	"class I-m EE cell"	NA	NA	NA	"FBbt:00058002"	"adult middle midgut class I enteroendocrine cell (Drosophila)"	"perfect match"	"EE_scRNA-seq"	NA	1
"CTACATTGTACATCCA"	4	"SRX5979983"	"SRP200614"	"intestine"	"class II-m2 EE cell"	NA	NA	NA	"FBbt:00058005"	"adult middle midgut class II enteroendocrine cell (Drosophila)"	"perfect match"	"EE_scRNA-seq"	NA	8
"CTACATTGTACTTGAC"	2	"SRX5979983"	"SRP200614"	"intestine"	"class I-ap EE cell"	NA	NA	NA	"FBbt:00058000"	"adult class I enteroendocrine cell (Drosophila)"	"other"	"EE_scRNA-seq"	NA	5
"CTACATTGTATAATGG"	0	"SRX5979983"	"SRP200614"	"intestine"	"class I-m EE cell"	NA	NA	NA	"FBbt:00058002"	"adult middle midgut class I enteroendocrine cell (Drosophila)"	"perfect match"	"EE_scRNA-seq"	NA	1
"CTACATTTCAGAGGTG"	2	"SRX5979983"	"SRP200614"	"intestine"	"class I-ap EE cell"	NA	NA	NA	"FBbt:00058000"	"adult class I enteroendocrine cell (Drosophila)"	"other"	"EE_scRNA-seq"	NA	5
"CTACATTTCCACTCCA"	0	"SRX5979983"	"SRP200614"	"intestine"	"class I-m EE cell"	NA	NA	NA	"FBbt:00058002"	"adult middle midgut class I enteroendocrine cell (Drosophila)"	"perfect match"	"EE_scRNA-seq"	NA	1
"CTACATTTCCAGTATG"	7	"SRX5979983"	"SRP200614"	"intestine"	"class II-p EE cell"	NA	NA	NA	"FBbt:00058006"	"adult posterior midgut class II enteroendocrine cell (Drosophila)"	"perfect match"	"EE_scRNA-seq"	NA	7
"CTACATTTCTCCAGGG"	9	"SRX5979983"	"SRP200614"	"intestine"	"class III EE cell"	NA	NA	NA	"FBbt:00058200"	"adult class III enteroendocrine cell (Drosophila)"	"perfect match"	"EE_scRNA-seq"	NA	11
"CTACCCAAGTTAGCGG"	6	"SRX5979983"	"SRP200614"	"intestine"	"class I-p AstA EE cell"	NA	NA	NA	"FBbt:00058003"	"adult posterior midgut class I enteroendocrine cell (Drosophila)"	"missing child term"	"EE_scRNA-seq"	NA	6
"CTACCCACATCACGAT"	1	"SRX5979983"	"SRP200614"	"intestine"	"class II-m1 EE cell"	NA	NA	NA	"FBbt:00058005"	"adult middle midgut class II enteroendocrine cell (Drosophila)"	"perfect match"	"EE_scRNA-seq"	NA	3
"CTACCCAGTACGCTGC"	1	"SRX5979983"	"SRP200614"	"intestine"	"class II-m1 EE cell"	NA	NA	NA	"FBbt:00058005"	"adult middle midgut class II enteroendocrine cell (Drosophila)"	"perfect match"	"EE_scRNA-seq"	NA	3
"CTACCCAGTTCGGCAC"	3	"SRX5979983"	"SRP200614"	"intestine"	"class II-a EE cell"	NA	NA	NA	"FBbt:00058004"	"adult anterior midgut class II enteroendocrine cell (Drosophila)"	"perfect match"	"EE_scRNA-seq"	NA	9
"CTACCCATCCACGTTC"	0	"SRX5979983"	"SRP200614"	"intestine"	"class I-m EE cell"	NA	NA	NA	"FBbt:00058002"	"adult middle midgut class I enteroendocrine cell (Drosophila)"	"perfect match"	"EE_scRNA-seq"	NA	1
"CTACCCATCCAGATCA"	7	"SRX5979983"	"SRP200614"	"intestine"	"class II-p EE cell"	NA	NA	NA	"FBbt:00058006"	"adult posterior midgut class II enteroendocrine cell (Drosophila)"	"perfect match"	"EE_scRNA-seq"	NA	7
"CTACCCATCCGTCAAA"	4	"SRX5979983"	"SRP200614"	"intestine"	"class II-m2 EE cell"	NA	NA	NA	"FBbt:00058005"	"adult middle midgut class II enteroendocrine cell (Drosophila)"	"perfect match"	"EE_scRNA-seq"	NA	8
"CTACGTCAGATATGCA"	0	"SRX5979983"	"SRP200614"	"intestine"	"class I-m EE cell"	NA	NA	NA	"FBbt:00058002"	"adult middle midgut class I enteroendocrine cell (Drosophila)"	"perfect match"	"EE_scRNA-seq"	NA	1
"CTACGTCGTAATCACC"	0	"SRX5979983"	"SRP200614"	"intestine"	"class I-m EE cell"	NA	NA	NA	"FBbt:00058002"	"adult middle midgut class I enteroendocrine cell (Drosophila)"	"perfect match"	"EE_scRNA-seq"	NA	1
"CTACGTCGTCCGTTAA"	4	"SRX5979983"	"SRP200614"	"intestine"	"class II-m2 EE cell"	NA	NA	NA	"FBbt:00058005"	"adult middle midgut class II enteroendocrine cell (Drosophila)"	"perfect match"	"EE_scRNA-seq"	NA	8
"CTACGTCGTCGCCATG"	7	"SRX5979983"	"SRP200614"	"intestine"	"class II-p EE cell"	NA	NA	NA	"FBbt:00058006"	"adult posterior midgut class II enteroendocrine cell (Drosophila)"	"perfect match"	"EE_scRNA-seq"	NA	7
"CTACGTCGTGGCTCCA"	6	"SRX5979983"	"SRP200614"	"intestine"	"class I-p AstA EE cell"	NA	NA	NA	"FBbt:00058003"	"adult posterior midgut class I enteroendocrine cell (Drosophila)"	"missing child term"	"EE_scRNA-seq"	NA	6
"CTACGTCGTTATCACG"	2	"SRX5979983"	"SRP200614"	"intestine"	"class I-ap EE cell"	NA	NA	NA	"FBbt:00058000"	"adult class I enteroendocrine cell (Drosophila)"	"other"	"EE_scRNA-seq"	NA	5
"CTACGTCTCAGGCGAA"	6	"SRX5979983"	"SRP200614"	"intestine"	"class I-p AstA EE cell"	NA	NA	NA	"FBbt:00058003"	"adult posterior midgut class I enteroendocrine cell (Drosophila)"	"missing child term"	"EE_scRNA-seq"	NA	6
"CTACGTCTCATATCGG"	0	"SRX5979983"	"SRP200614"	"intestine"	"class I-m EE cell"	NA	NA	NA	"FBbt:00058002"	"adult middle midgut class I enteroendocrine cell (Drosophila)"	"perfect match"	"EE_scRNA-seq"	NA	1
"CTAGAGTAGCTGCCCA"	7	"SRX5979983"	"SRP200614"	"intestine"	"class II-p EE cell"	NA	NA	NA	"FBbt:00058006"	"adult posterior midgut class II enteroendocrine cell (Drosophila)"	"perfect match"	"EE_scRNA-seq"	NA	7
"CTAGAGTAGGCCGAAT"	1	"SRX5979983"	"SRP200614"	"intestine"	"class II-m1 EE cell"	NA	NA	NA	"FBbt:00058005"	"adult middle midgut class II enteroendocrine cell (Drosophila)"	"perfect match"	"EE_scRNA-seq"	NA	3
"CTAGAGTAGTCAAGGC"	2	"SRX5979983"	"SRP200614"	"intestine"	"class I-ap EE cell"	NA	NA	NA	"FBbt:00058000"	"adult class I enteroendocrine cell (Drosophila)"	"other"	"EE_scRNA-seq"	NA	5
"CTAGAGTAGTGGAGTC"	4	"SRX5979983"	"SRP200614"	"intestine"	"class II-m2 EE cell"	NA	NA	NA	"FBbt:00058005"	"adult middle midgut class II enteroendocrine cell (Drosophila)"	"perfect match"	"EE_scRNA-seq"	NA	8
"CTAGAGTCAGTGAGTG"	4	"SRX5979983"	"SRP200614"	"intestine"	"class II-m2 EE cell"	NA	NA	NA	"FBbt:00058005"	"adult middle midgut class II enteroendocrine cell (Drosophila)"	"perfect match"	"EE_scRNA-seq"	NA	8
"CTAGAGTCATACTCTT"	4	"SRX5979983"	"SRP200614"	"intestine"	"class II-m2 EE cell"	NA	NA	NA	"FBbt:00058005"	"adult middle midgut class II enteroendocrine cell (Drosophila)"	"perfect match"	"EE_scRNA-seq"	NA	8
"CTAGAGTCATCAGTAC"	5	"SRX5979983"	"SRP200614"	"intestine"	"class I-p CCHa1 EE cell"	NA	NA	NA	"FBbt:00058003"	"adult posterior midgut class I enteroendocrine cell (Drosophila)"	"missing child term"	"EE_scRNA-seq"	NA	4
"CTAGAGTGTCGACTGC"	3	"SRX5979983"	"SRP200614"	"intestine"	"class II-a EE cell"	NA	NA	NA	"FBbt:00058004"	"adult anterior midgut class II enteroendocrine cell (Drosophila)"	"perfect match"	"EE_scRNA-seq"	NA	9
"CTAGAGTGTCGCTTTC"	7	"SRX5979983"	"SRP200614"	"intestine"	"class II-p EE cell"	NA	NA	NA	"FBbt:00058006"	"adult posterior midgut class II enteroendocrine cell (Drosophila)"	"perfect match"	"EE_scRNA-seq"	NA	7
"CTAGAGTGTGACAAAT"	0	"SRX5979983"	"SRP200614"	"intestine"	"class I-m EE cell"	NA	NA	NA	"FBbt:00058002"	"adult middle midgut class I enteroendocrine cell (Drosophila)"	"perfect match"	"EE_scRNA-seq"	NA	1
"CTAGAGTGTGACCAAG"	1	"SRX5979983"	"SRP200614"	"intestine"	"class II-m1 EE cell"	NA	NA	NA	"FBbt:00058005"	"adult middle midgut class II enteroendocrine cell (Drosophila)"	"perfect match"	"EE_scRNA-seq"	NA	3
"CTAGAGTGTTCACGGC"	3	"SRX5979983"	"SRP200614"	"intestine"	"class II-a EE cell"	NA	NA	NA	"FBbt:00058004"	"adult anterior midgut class II enteroendocrine cell (Drosophila)"	"perfect match"	"EE_scRNA-seq"	NA	9
"CTAGAGTGTTTGACTG"	0	"SRX5979983"	"SRP200614"	"intestine"	"class I-m EE cell"	NA	NA	NA	"FBbt:00058002"	"adult middle midgut class I enteroendocrine cell (Drosophila)"	"perfect match"	"EE_scRNA-seq"	NA	1
"CTAGAGTTCGAACGGA"	2	"SRX5979983"	"SRP200614"	"intestine"	"class I-ap EE cell"	NA	NA	NA	"FBbt:00058000"	"adult class I enteroendocrine cell (Drosophila)"	"other"	"EE_scRNA-seq"	NA	5
"CTAGCCTAGCCACGTC"	1	"SRX5979983"	"SRP200614"	"intestine"	"class II-m1 EE cell"	NA	NA	NA	"FBbt:00058005"	"adult middle midgut class II enteroendocrine cell (Drosophila)"	"perfect match"	"EE_scRNA-seq"	NA	3
"CTAGCCTCACAGACAG"	1	"SRX5979983"	"SRP200614"	"intestine"	"class II-m1 EE cell"	NA	NA	NA	"FBbt:00058005"	"adult middle midgut class II enteroendocrine cell (Drosophila)"	"perfect match"	"EE_scRNA-seq"	NA	3
"CTAGCCTCAGTCCTTC"	3	"SRX5979983"	"SRP200614"	"intestine"	"class II-a EE cell"	NA	NA	NA	"FBbt:00058004"	"adult anterior midgut class II enteroendocrine cell (Drosophila)"	"perfect match"	"EE_scRNA-seq"	NA	9
"CTAGCCTCATGCCACG"	5	"SRX5979983"	"SRP200614"	"intestine"	"class I-p CCHa1 EE cell"	NA	NA	NA	"FBbt:00058003"	"adult posterior midgut class I enteroendocrine cell (Drosophila)"	"missing child term"	"EE_scRNA-seq"	NA	4
"CTAGCCTCATGGAATA"	4	"SRX5979983"	"SRP200614"	"intestine"	"class II-m2 EE cell"	NA	NA	NA	"FBbt:00058005"	"adult middle midgut class II enteroendocrine cell (Drosophila)"	"perfect match"	"EE_scRNA-seq"	NA	8
"CTAGCCTCATTGCGGC"	0	"SRX5979983"	"SRP200614"	"intestine"	"class I-m EE cell"	NA	NA	NA	"FBbt:00058002"	"adult middle midgut class I enteroendocrine cell (Drosophila)"	"perfect match"	"EE_scRNA-seq"	NA	1
"CTAGCCTGTCAAAGCG"	9	"SRX5979983"	"SRP200614"	"intestine"	"class III EE cell"	NA	NA	NA	"FBbt:00058200"	"adult class III enteroendocrine cell (Drosophila)"	"perfect match"	"EE_scRNA-seq"	NA	11
"CTAGCCTGTCTCTCGT"	3	"SRX5979983"	"SRP200614"	"intestine"	"class II-a EE cell"	NA	NA	NA	"FBbt:00058004"	"adult anterior midgut class II enteroendocrine cell (Drosophila)"	"perfect match"	"EE_scRNA-seq"	NA	9
"CTAGCCTTCCAATGGT"	5	"SRX5979983"	"SRP200614"	"intestine"	"class I-p CCHa1 EE cell"	NA	NA	NA	"FBbt:00058003"	"adult posterior midgut class I enteroendocrine cell (Drosophila)"	"missing child term"	"EE_scRNA-seq"	NA	4
"CTAGTGAAGAAACGAG"	0	"SRX5979983"	"SRP200614"	"intestine"	"class I-m EE cell"	NA	NA	NA	"FBbt:00058002"	"adult middle midgut class I enteroendocrine cell (Drosophila)"	"perfect match"	"EE_scRNA-seq"	NA	1
"CTAGTGAAGAACAACT"	1	"SRX5979983"	"SRP200614"	"intestine"	"class II-m1 EE cell"	NA	NA	NA	"FBbt:00058005"	"adult middle midgut class II enteroendocrine cell (Drosophila)"	"perfect match"	"EE_scRNA-seq"	NA	3
"CTAGTGAAGACGCACA"	3	"SRX5979983"	"SRP200614"	"intestine"	"class II-a EE cell"	NA	NA	NA	"FBbt:00058004"	"adult anterior midgut class II enteroendocrine cell (Drosophila)"	"perfect match"	"EE_scRNA-seq"	NA	9
"CTAGTGAAGATCCGAG"	1	"SRX5979983"	"SRP200614"	"intestine"	"class II-m1 EE cell"	NA	NA	NA	"FBbt:00058005"	"adult middle midgut class II enteroendocrine cell (Drosophila)"	"perfect match"	"EE_scRNA-seq"	NA	3
"CTAGTGAAGATCGATA"	5	"SRX5979983"	"SRP200614"	"intestine"	"class I-p CCHa1 EE cell"	NA	NA	NA	"FBbt:00058003"	"adult posterior midgut class I enteroendocrine cell (Drosophila)"	"missing child term"	"EE_scRNA-seq"	NA	4
"CTAGTGACACATGGGA"	0	"SRX5979983"	"SRP200614"	"intestine"	"class I-m EE cell"	NA	NA	NA	"FBbt:00058002"	"adult middle midgut class I enteroendocrine cell (Drosophila)"	"perfect match"	"EE_scRNA-seq"	NA	1
"CTAGTGACAGGTCTCG"	1	"SRX5979983"	"SRP200614"	"intestine"	"class II-m1 EE cell"	NA	NA	NA	"FBbt:00058005"	"adult middle midgut class II enteroendocrine cell (Drosophila)"	"perfect match"	"EE_scRNA-seq"	NA	3
"CTAGTGACATCGGAAG"	2	"SRX5979983"	"SRP200614"	"intestine"	"class I-ap EE cell"	NA	NA	NA	"FBbt:00058000"	"adult class I enteroendocrine cell (Drosophila)"	"other"	"EE_scRNA-seq"	NA	5
"CTAGTGAGTAGCGTCC"	3	"SRX5979983"	"SRP200614"	"intestine"	"class II-a EE cell"	NA	NA	NA	"FBbt:00058004"	"adult anterior midgut class II enteroendocrine cell (Drosophila)"	"perfect match"	"EE_scRNA-seq"	NA	9
"CTAGTGAGTGTTGAGG"	1	"SRX5979983"	"SRP200614"	"intestine"	"class II-m1 EE cell"	NA	NA	NA	"FBbt:00058005"	"adult middle midgut class II enteroendocrine cell (Drosophila)"	"perfect match"	"EE_scRNA-seq"	NA	3
"CTAGTGAGTTCAACCA"	2	"SRX5979983"	"SRP200614"	"intestine"	"class I-ap EE cell"	NA	NA	NA	"FBbt:00058000"	"adult class I enteroendocrine cell (Drosophila)"	"other"	"EE_scRNA-seq"	NA	5
"CTAGTGAGTTTACTCT"	0	"SRX5979983"	"SRP200614"	"intestine"	"class I-m EE cell"	NA	NA	NA	"FBbt:00058002"	"adult middle midgut class I enteroendocrine cell (Drosophila)"	"perfect match"	"EE_scRNA-seq"	NA	1
"CTAGTGATCCTTTACA"	0	"SRX5979983"	"SRP200614"	"intestine"	"class I-m EE cell"	NA	NA	NA	"FBbt:00058002"	"adult middle midgut class I enteroendocrine cell (Drosophila)"	"perfect match"	"EE_scRNA-seq"	NA	1
"CTAGTGATCTATCGCC"	7	"SRX5979983"	"SRP200614"	"intestine"	"class II-p EE cell"	NA	NA	NA	"FBbt:00058006"	"adult posterior midgut class II enteroendocrine cell (Drosophila)"	"perfect match"	"EE_scRNA-seq"	NA	7
"CTCACACAGACGCAAC"	0	"SRX5979983"	"SRP200614"	"intestine"	"class I-m EE cell"	NA	NA	NA	"FBbt:00058002"	"adult middle midgut class I enteroendocrine cell (Drosophila)"	"perfect match"	"EE_scRNA-seq"	NA	1
"CTCACACAGATGTAAC"	0	"SRX5979983"	"SRP200614"	"intestine"	"class I-m EE cell"	NA	NA	NA	"FBbt:00058002"	"adult middle midgut class I enteroendocrine cell (Drosophila)"	"perfect match"	"EE_scRNA-seq"	NA	1
"CTCACACAGCCCAACC"	5	"SRX5979983"	"SRP200614"	"intestine"	"class I-p CCHa1 EE cell"	NA	NA	NA	"FBbt:00058003"	"adult posterior midgut class I enteroendocrine cell (Drosophila)"	"missing child term"	"EE_scRNA-seq"	NA	4
"CTCACACAGGGATCTG"	7	"SRX5979983"	"SRP200614"	"intestine"	"class II-p EE cell"	NA	NA	NA	"FBbt:00058006"	"adult posterior midgut class II enteroendocrine cell (Drosophila)"	"perfect match"	"EE_scRNA-seq"	NA	7
"CTCACACCAAATCCGT"	0	"SRX5979983"	"SRP200614"	"intestine"	"class I-m EE cell"	NA	NA	NA	"FBbt:00058002"	"adult middle midgut class I enteroendocrine cell (Drosophila)"	"perfect match"	"EE_scRNA-seq"	NA	1
"CTCACACCAATGTAAG"	0	"SRX5979983"	"SRP200614"	"intestine"	"class I-m EE cell"	NA	NA	NA	"FBbt:00058002"	"adult middle midgut class I enteroendocrine cell (Drosophila)"	"perfect match"	"EE_scRNA-seq"	NA	1
"CTCACACCATACAGCT"	2	"SRX5979983"	"SRP200614"	"intestine"	"class I-ap EE cell"	NA	NA	NA	"FBbt:00058000"	"adult class I enteroendocrine cell (Drosophila)"	"other"	"EE_scRNA-seq"	NA	5
"CTCACACCATGCCCGA"	6	"SRX5979983"	"SRP200614"	"intestine"	"class I-p AstA EE cell"	NA	NA	NA	"FBbt:00058003"	"adult posterior midgut class I enteroendocrine cell (Drosophila)"	"missing child term"	"EE_scRNA-seq"	NA	6
"CTCACACGTACCGCTG"	6	"SRX5979983"	"SRP200614"	"intestine"	"class I-p AstA EE cell"	NA	NA	NA	"FBbt:00058003"	"adult posterior midgut class I enteroendocrine cell (Drosophila)"	"missing child term"	"EE_scRNA-seq"	NA	6
"CTCACACGTATTAGCC"	5	"SRX5979983"	"SRP200614"	"intestine"	"class I-p CCHa1 EE cell"	NA	NA	NA	"FBbt:00058003"	"adult posterior midgut class I enteroendocrine cell (Drosophila)"	"missing child term"	"EE_scRNA-seq"	NA	4
"CTCACACTCTGTCAAG"	0	"SRX5979983"	"SRP200614"	"intestine"	"class I-m EE cell"	NA	NA	NA	"FBbt:00058002"	"adult middle midgut class I enteroendocrine cell (Drosophila)"	"perfect match"	"EE_scRNA-seq"	NA	1
"CTCACACTCTTTCCTC"	2	"SRX5979983"	"SRP200614"	"intestine"	"class I-ap EE cell"	NA	NA	NA	"FBbt:00058000"	"adult class I enteroendocrine cell (Drosophila)"	"other"	"EE_scRNA-seq"	NA	5
"CTCAGAAAGATGTTAG"	7	"SRX5979983"	"SRP200614"	"intestine"	"class II-p EE cell"	NA	NA	NA	"FBbt:00058006"	"adult posterior midgut class II enteroendocrine cell (Drosophila)"	"perfect match"	"EE_scRNA-seq"	NA	7
"CTCAGAAAGCTAAACA"	7	"SRX5979983"	"SRP200614"	"intestine"	"class II-p EE cell"	NA	NA	NA	"FBbt:00058006"	"adult posterior midgut class II enteroendocrine cell (Drosophila)"	"perfect match"	"EE_scRNA-seq"	NA	7
"CTCAGAAAGCTAGGCA"	10	"SRX5979983"	"SRP200614"	"intestine"	"EE progenitor cell"	NA	NA	NA	"FBbt:00049284"	"adult enteroendocrine precursor cell (Drosophila)"	"perfect match"	"EE_scRNA-seq"	NA	10
"CTCAGAAAGTGACATA"	1	"SRX5979983"	"SRP200614"	"intestine"	"class II-m1 EE cell"	NA	NA	NA	"FBbt:00058005"	"adult middle midgut class II enteroendocrine cell (Drosophila)"	"perfect match"	"EE_scRNA-seq"	NA	3
"CTCAGAACAGGTCGTC"	8	"SRX5979983"	"SRP200614"	"intestine"	"class I-a EE cell"	NA	NA	NA	"FBbt:00058001"	"adult anterior midgut class I enteroendocrine cell (Drosophila)"	"perfect match"	"EE_scRNA-seq"	NA	2
"CTCAGAACAGTGGGAT"	2	"SRX5979983"	"SRP200614"	"intestine"	"class I-ap EE cell"	NA	NA	NA	"FBbt:00058000"	"adult class I enteroendocrine cell (Drosophila)"	"other"	"EE_scRNA-seq"	NA	5
"CTCAGAAGTAAGCACG"	3	"SRX5979983"	"SRP200614"	"intestine"	"class II-a EE cell"	NA	NA	NA	"FBbt:00058004"	"adult anterior midgut class II enteroendocrine cell (Drosophila)"	"perfect match"	"EE_scRNA-seq"	NA	9
"CTCAGAAGTAGCGTCC"	4	"SRX5979983"	"SRP200614"	"intestine"	"class II-m2 EE cell"	NA	NA	NA	"FBbt:00058005"	"adult middle midgut class II enteroendocrine cell (Drosophila)"	"perfect match"	"EE_scRNA-seq"	NA	8
"CTCAGAAGTTCGCGAC"	3	"SRX5979983"	"SRP200614"	"intestine"	"class II-a EE cell"	NA	NA	NA	"FBbt:00058004"	"adult anterior midgut class II enteroendocrine cell (Drosophila)"	"perfect match"	"EE_scRNA-seq"	NA	9
"CTCAGAATCACGCATA"	8	"SRX5979983"	"SRP200614"	"intestine"	"class I-a EE cell"	NA	NA	NA	"FBbt:00058001"	"adult anterior midgut class I enteroendocrine cell (Drosophila)"	"perfect match"	"EE_scRNA-seq"	NA	2
"CTCAGAATCGAGAACG"	2	"SRX5979983"	"SRP200614"	"intestine"	"class I-ap EE cell"	NA	NA	NA	"FBbt:00058000"	"adult class I enteroendocrine cell (Drosophila)"	"other"	"EE_scRNA-seq"	NA	5
"CTCATTACAAGTACCT"	5	"SRX5979983"	"SRP200614"	"intestine"	"class I-p CCHa1 EE cell"	NA	NA	NA	"FBbt:00058003"	"adult posterior midgut class I enteroendocrine cell (Drosophila)"	"missing child term"	"EE_scRNA-seq"	NA	4
"CTCATTACAAGTTGTC"	8	"SRX5979983"	"SRP200614"	"intestine"	"class I-a EE cell"	NA	NA	NA	"FBbt:00058001"	"adult anterior midgut class I enteroendocrine cell (Drosophila)"	"perfect match"	"EE_scRNA-seq"	NA	2
"CTCATTACACCCATGG"	7	"SRX5979983"	"SRP200614"	"intestine"	"class II-p EE cell"	NA	NA	NA	"FBbt:00058006"	"adult posterior midgut class II enteroendocrine cell (Drosophila)"	"perfect match"	"EE_scRNA-seq"	NA	7
"CTCATTAGTATTACCG"	6	"SRX5979983"	"SRP200614"	"intestine"	"class I-p AstA EE cell"	NA	NA	NA	"FBbt:00058003"	"adult posterior midgut class I enteroendocrine cell (Drosophila)"	"missing child term"	"EE_scRNA-seq"	NA	6
"CTCATTAGTGAGTGAC"	0	"SRX5979983"	"SRP200614"	"intestine"	"class I-m EE cell"	NA	NA	NA	"FBbt:00058002"	"adult middle midgut class I enteroendocrine cell (Drosophila)"	"perfect match"	"EE_scRNA-seq"	NA	1
"CTCATTAGTTGTCGCG"	7	"SRX5979983"	"SRP200614"	"intestine"	"class II-p EE cell"	NA	NA	NA	"FBbt:00058006"	"adult posterior midgut class II enteroendocrine cell (Drosophila)"	"perfect match"	"EE_scRNA-seq"	NA	7
"CTCATTAGTTTGTGTG"	8	"SRX5979983"	"SRP200614"	"intestine"	"class I-a EE cell"	NA	NA	NA	"FBbt:00058001"	"adult anterior midgut class I enteroendocrine cell (Drosophila)"	"perfect match"	"EE_scRNA-seq"	NA	2
"CTCATTATCACTATTC"	1	"SRX5979983"	"SRP200614"	"intestine"	"class II-m1 EE cell"	NA	NA	NA	"FBbt:00058005"	"adult middle midgut class II enteroendocrine cell (Drosophila)"	"perfect match"	"EE_scRNA-seq"	NA	3
"CTCATTATCCAGATCA"	3	"SRX5979983"	"SRP200614"	"intestine"	"class II-a EE cell"	NA	NA	NA	"FBbt:00058004"	"adult anterior midgut class II enteroendocrine cell (Drosophila)"	"perfect match"	"EE_scRNA-seq"	NA	9
"CTCATTATCGTGGTCG"	1	"SRX5979983"	"SRP200614"	"intestine"	"class II-m1 EE cell"	NA	NA	NA	"FBbt:00058005"	"adult middle midgut class II enteroendocrine cell (Drosophila)"	"perfect match"	"EE_scRNA-seq"	NA	3
"CTCATTATCTGCAGTA"	1	"SRX5979983"	"SRP200614"	"intestine"	"class II-m1 EE cell"	NA	NA	NA	"FBbt:00058005"	"adult middle midgut class II enteroendocrine cell (Drosophila)"	"perfect match"	"EE_scRNA-seq"	NA	3
"CTCCTAGAGCCAGAAC"	3	"SRX5979983"	"SRP200614"	"intestine"	"class II-a EE cell"	NA	NA	NA	"FBbt:00058004"	"adult anterior midgut class II enteroendocrine cell (Drosophila)"	"perfect match"	"EE_scRNA-seq"	NA	9
"CTCCTAGAGCTGAACG"	7	"SRX5979983"	"SRP200614"	"intestine"	"class II-p EE cell"	NA	NA	NA	"FBbt:00058006"	"adult posterior midgut class II enteroendocrine cell (Drosophila)"	"perfect match"	"EE_scRNA-seq"	NA	7
"CTCCTAGAGTGCTGCC"	0	"SRX5979983"	"SRP200614"	"intestine"	"class I-m EE cell"	NA	NA	NA	"FBbt:00058002"	"adult middle midgut class I enteroendocrine cell (Drosophila)"	"perfect match"	"EE_scRNA-seq"	NA	1
"CTCCTAGCAAGTCTAC"	4	"SRX5979983"	"SRP200614"	"intestine"	"class II-m2 EE cell"	NA	NA	NA	"FBbt:00058005"	"adult middle midgut class II enteroendocrine cell (Drosophila)"	"perfect match"	"EE_scRNA-seq"	NA	8
"CTCCTAGCATTCCTGC"	0	"SRX5979983"	"SRP200614"	"intestine"	"class I-m EE cell"	NA	NA	NA	"FBbt:00058002"	"adult middle midgut class I enteroendocrine cell (Drosophila)"	"perfect match"	"EE_scRNA-seq"	NA	1
"CTCCTAGGTCCATGAT"	3	"SRX5979983"	"SRP200614"	"intestine"	"class II-a EE cell"	NA	NA	NA	"FBbt:00058004"	"adult anterior midgut class II enteroendocrine cell (Drosophila)"	"perfect match"	"EE_scRNA-seq"	NA	9
"CTCCTAGGTCTTCGTC"	6	"SRX5979983"	"SRP200614"	"intestine"	"class I-p AstA EE cell"	NA	NA	NA	"FBbt:00058003"	"adult posterior midgut class I enteroendocrine cell (Drosophila)"	"missing child term"	"EE_scRNA-seq"	NA	6
"CTCCTAGGTTCCGGCA"	2	"SRX5979983"	"SRP200614"	"intestine"	"class I-ap EE cell"	NA	NA	NA	"FBbt:00058000"	"adult class I enteroendocrine cell (Drosophila)"	"other"	"EE_scRNA-seq"	NA	5
"CTCGAAAAGATCTGCT"	2	"SRX5979983"	"SRP200614"	"intestine"	"class I-ap EE cell"	NA	NA	NA	"FBbt:00058000"	"adult class I enteroendocrine cell (Drosophila)"	"other"	"EE_scRNA-seq"	NA	5
"CTCGAAAAGCCAGTTT"	3	"SRX5979983"	"SRP200614"	"intestine"	"class II-a EE cell"	NA	NA	NA	"FBbt:00058004"	"adult anterior midgut class II enteroendocrine cell (Drosophila)"	"perfect match"	"EE_scRNA-seq"	NA	9
"CTCGAAACACATGACT"	5	"SRX5979983"	"SRP200614"	"intestine"	"class I-p CCHa1 EE cell"	NA	NA	NA	"FBbt:00058003"	"adult posterior midgut class I enteroendocrine cell (Drosophila)"	"missing child term"	"EE_scRNA-seq"	NA	4
"CTCGAAACACATTTCT"	0	"SRX5979983"	"SRP200614"	"intestine"	"class I-m EE cell"	NA	NA	NA	"FBbt:00058002"	"adult middle midgut class I enteroendocrine cell (Drosophila)"	"perfect match"	"EE_scRNA-seq"	NA	1
"CTCGAAACATGACGGA"	3	"SRX5979983"	"SRP200614"	"intestine"	"class II-a EE cell"	NA	NA	NA	"FBbt:00058004"	"adult anterior midgut class II enteroendocrine cell (Drosophila)"	"perfect match"	"EE_scRNA-seq"	NA	9
"CTCGAAATCGCGTAGC"	3	"SRX5979983"	"SRP200614"	"intestine"	"class II-a EE cell"	NA	NA	NA	"FBbt:00058004"	"adult anterior midgut class II enteroendocrine cell (Drosophila)"	"perfect match"	"EE_scRNA-seq"	NA	9
"CTCGAGGAGCAGACTG"	1	"SRX5979983"	"SRP200614"	"intestine"	"class II-m1 EE cell"	NA	NA	NA	"FBbt:00058005"	"adult middle midgut class II enteroendocrine cell (Drosophila)"	"perfect match"	"EE_scRNA-seq"	NA	3
"CTCGAGGAGGTGGGTT"	6	"SRX5979983"	"SRP200614"	"intestine"	"class I-p AstA EE cell"	NA	NA	NA	"FBbt:00058003"	"adult posterior midgut class I enteroendocrine cell (Drosophila)"	"missing child term"	"EE_scRNA-seq"	NA	6
"CTCGAGGCAAGTTGTC"	3	"SRX5979983"	"SRP200614"	"intestine"	"class II-a EE cell"	NA	NA	NA	"FBbt:00058004"	"adult anterior midgut class II enteroendocrine cell (Drosophila)"	"perfect match"	"EE_scRNA-seq"	NA	9
"CTCGAGGCAATCCAAC"	3	"SRX5979983"	"SRP200614"	"intestine"	"class II-a EE cell"	NA	NA	NA	"FBbt:00058004"	"adult anterior midgut class II enteroendocrine cell (Drosophila)"	"perfect match"	"EE_scRNA-seq"	NA	9
"CTCGAGGCACCAGGCT"	4	"SRX5979983"	"SRP200614"	"intestine"	"class II-m2 EE cell"	NA	NA	NA	"FBbt:00058005"	"adult middle midgut class II enteroendocrine cell (Drosophila)"	"perfect match"	"EE_scRNA-seq"	NA	8
"CTCGAGGCACGAAAGC"	6	"SRX5979983"	"SRP200614"	"intestine"	"class I-p AstA EE cell"	NA	NA	NA	"FBbt:00058003"	"adult posterior midgut class I enteroendocrine cell (Drosophila)"	"missing child term"	"EE_scRNA-seq"	NA	6
"CTCGAGGCAGATGGGT"	3	"SRX5979983"	"SRP200614"	"intestine"	"class II-a EE cell"	NA	NA	NA	"FBbt:00058004"	"adult anterior midgut class II enteroendocrine cell (Drosophila)"	"perfect match"	"EE_scRNA-seq"	NA	9
"CTCGAGGCAGCGATCC"	2	"SRX5979983"	"SRP200614"	"intestine"	"class I-ap EE cell"	NA	NA	NA	"FBbt:00058000"	"adult class I enteroendocrine cell (Drosophila)"	"other"	"EE_scRNA-seq"	NA	5
"CTCGAGGCAGTCCTTC"	3	"SRX5979983"	"SRP200614"	"intestine"	"class II-a EE cell"	NA	NA	NA	"FBbt:00058004"	"adult anterior midgut class II enteroendocrine cell (Drosophila)"	"perfect match"	"EE_scRNA-seq"	NA	9
"CTCGAGGCATATACCG"	4	"SRX5979983"	"SRP200614"	"intestine"	"class II-m2 EE cell"	NA	NA	NA	"FBbt:00058005"	"adult middle midgut class II enteroendocrine cell (Drosophila)"	"perfect match"	"EE_scRNA-seq"	NA	8
"CTCGAGGCATTAACCG"	2	"SRX5979983"	"SRP200614"	"intestine"	"class I-ap EE cell"	NA	NA	NA	"FBbt:00058000"	"adult class I enteroendocrine cell (Drosophila)"	"other"	"EE_scRNA-seq"	NA	5
"CTCGAGGCATTCTTAC"	1	"SRX5979983"	"SRP200614"	"intestine"	"class II-m1 EE cell"	NA	NA	NA	"FBbt:00058005"	"adult middle midgut class II enteroendocrine cell (Drosophila)"	"perfect match"	"EE_scRNA-seq"	NA	3
"CTCGAGGGTAATCGTC"	5	"SRX5979983"	"SRP200614"	"intestine"	"class I-p CCHa1 EE cell"	NA	NA	NA	"FBbt:00058003"	"adult posterior midgut class I enteroendocrine cell (Drosophila)"	"missing child term"	"EE_scRNA-seq"	NA	4
"CTCGAGGGTCACCTAA"	1	"SRX5979983"	"SRP200614"	"intestine"	"class II-m1 EE cell"	NA	NA	NA	"FBbt:00058005"	"adult middle midgut class II enteroendocrine cell (Drosophila)"	"perfect match"	"EE_scRNA-seq"	NA	3
"CTCGAGGTCGAGAACG"	10	"SRX5979983"	"SRP200614"	"intestine"	"EE progenitor cell"	NA	NA	NA	"FBbt:00049284"	"adult enteroendocrine precursor cell (Drosophila)"	"perfect match"	"EE_scRNA-seq"	NA	10
"CTCGGAGAGCACACAG"	5	"SRX5979983"	"SRP200614"	"intestine"	"class I-p CCHa1 EE cell"	NA	NA	NA	"FBbt:00058003"	"adult posterior midgut class I enteroendocrine cell (Drosophila)"	"missing child term"	"EE_scRNA-seq"	NA	4
"CTCGGAGCACGAAACG"	0	"SRX5979983"	"SRP200614"	"intestine"	"class I-m EE cell"	NA	NA	NA	"FBbt:00058002"	"adult middle midgut class I enteroendocrine cell (Drosophila)"	"perfect match"	"EE_scRNA-seq"	NA	1
"CTCGGAGCAGCCAATT"	4	"SRX5979983"	"SRP200614"	"intestine"	"class II-m2 EE cell"	NA	NA	NA	"FBbt:00058005"	"adult middle midgut class II enteroendocrine cell (Drosophila)"	"perfect match"	"EE_scRNA-seq"	NA	8
"CTCGGAGCAGTACACT"	1	"SRX5979983"	"SRP200614"	"intestine"	"class II-m1 EE cell"	NA	NA	NA	"FBbt:00058005"	"adult middle midgut class II enteroendocrine cell (Drosophila)"	"perfect match"	"EE_scRNA-seq"	NA	3
"CTCGGAGGTCAACATC"	2	"SRX5979983"	"SRP200614"	"intestine"	"class I-ap EE cell"	NA	NA	NA	"FBbt:00058000"	"adult class I enteroendocrine cell (Drosophila)"	"other"	"EE_scRNA-seq"	NA	5
"CTCGGAGGTCCGACGT"	0	"SRX5979983"	"SRP200614"	"intestine"	"class I-m EE cell"	NA	NA	NA	"FBbt:00058002"	"adult middle midgut class I enteroendocrine cell (Drosophila)"	"perfect match"	"EE_scRNA-seq"	NA	1
"CTCGGAGGTCGAACAG"	4	"SRX5979983"	"SRP200614"	"intestine"	"class II-m2 EE cell"	NA	NA	NA	"FBbt:00058005"	"adult middle midgut class II enteroendocrine cell (Drosophila)"	"perfect match"	"EE_scRNA-seq"	NA	8
"CTCGGAGGTCGGCTCA"	2	"SRX5979983"	"SRP200614"	"intestine"	"class I-ap EE cell"	NA	NA	NA	"FBbt:00058000"	"adult class I enteroendocrine cell (Drosophila)"	"other"	"EE_scRNA-seq"	NA	5
"CTCGGAGGTGTTGAGG"	4	"SRX5979983"	"SRP200614"	"intestine"	"class II-m2 EE cell"	NA	NA	NA	"FBbt:00058005"	"adult middle midgut class II enteroendocrine cell (Drosophila)"	"perfect match"	"EE_scRNA-seq"	NA	8
"CTCGGAGGTTGATTCG"	0	"SRX5979983"	"SRP200614"	"intestine"	"class I-m EE cell"	NA	NA	NA	"FBbt:00058002"	"adult middle midgut class I enteroendocrine cell (Drosophila)"	"perfect match"	"EE_scRNA-seq"	NA	1
"CTCGGAGTCAGCGACC"	0	"SRX5979983"	"SRP200614"	"intestine"	"class I-m EE cell"	NA	NA	NA	"FBbt:00058002"	"adult middle midgut class I enteroendocrine cell (Drosophila)"	"perfect match"	"EE_scRNA-seq"	NA	1
"CTCGGAGTCCACGACG"	6	"SRX5979983"	"SRP200614"	"intestine"	"class I-p AstA EE cell"	NA	NA	NA	"FBbt:00058003"	"adult posterior midgut class I enteroendocrine cell (Drosophila)"	"missing child term"	"EE_scRNA-seq"	NA	6
"CTCGGAGTCCTTCAAT"	0	"SRX5979983"	"SRP200614"	"intestine"	"class I-m EE cell"	NA	NA	NA	"FBbt:00058002"	"adult middle midgut class I enteroendocrine cell (Drosophila)"	"perfect match"	"EE_scRNA-seq"	NA	1
"CTCGGAGTCTGTCAAG"	6	"SRX5979983"	"SRP200614"	"intestine"	"class I-p AstA EE cell"	NA	NA	NA	"FBbt:00058003"	"adult posterior midgut class I enteroendocrine cell (Drosophila)"	"missing child term"	"EE_scRNA-seq"	NA	6
"CTCGGAGTCTGTTGAG"	3	"SRX5979983"	"SRP200614"	"intestine"	"class II-a EE cell"	NA	NA	NA	"FBbt:00058004"	"adult anterior midgut class II enteroendocrine cell (Drosophila)"	"perfect match"	"EE_scRNA-seq"	NA	9
"CTCGGGAAGCTGAAAT"	6	"SRX5979983"	"SRP200614"	"intestine"	"class I-p AstA EE cell"	NA	NA	NA	"FBbt:00058003"	"adult posterior midgut class I enteroendocrine cell (Drosophila)"	"missing child term"	"EE_scRNA-seq"	NA	6
"CTCGGGACAAGGTTTC"	0	"SRX5979983"	"SRP200614"	"intestine"	"class I-m EE cell"	NA	NA	NA	"FBbt:00058002"	"adult middle midgut class I enteroendocrine cell (Drosophila)"	"perfect match"	"EE_scRNA-seq"	NA	1
"CTCGGGACACACGCTG"	1	"SRX5979983"	"SRP200614"	"intestine"	"class II-m1 EE cell"	NA	NA	NA	"FBbt:00058005"	"adult middle midgut class II enteroendocrine cell (Drosophila)"	"perfect match"	"EE_scRNA-seq"	NA	3
"CTCGGGACAGACGCTC"	4	"SRX5979983"	"SRP200614"	"intestine"	"class II-m2 EE cell"	NA	NA	NA	"FBbt:00058005"	"adult middle midgut class II enteroendocrine cell (Drosophila)"	"perfect match"	"EE_scRNA-seq"	NA	8
"CTCGGGACAGTCCTTC"	0	"SRX5979983"	"SRP200614"	"intestine"	"class I-m EE cell"	NA	NA	NA	"FBbt:00058002"	"adult middle midgut class I enteroendocrine cell (Drosophila)"	"perfect match"	"EE_scRNA-seq"	NA	1
"CTCGGGACATAGACTC"	3	"SRX5979983"	"SRP200614"	"intestine"	"class II-a EE cell"	NA	NA	NA	"FBbt:00058004"	"adult anterior midgut class II enteroendocrine cell (Drosophila)"	"perfect match"	"EE_scRNA-seq"	NA	9
"CTCGGGACATCACAAC"	7	"SRX5979983"	"SRP200614"	"intestine"	"class II-p EE cell"	NA	NA	NA	"FBbt:00058006"	"adult posterior midgut class II enteroendocrine cell (Drosophila)"	"perfect match"	"EE_scRNA-seq"	NA	7
"CTCGGGAGTAAGTGTA"	0	"SRX5979983"	"SRP200614"	"intestine"	"class I-m EE cell"	NA	NA	NA	"FBbt:00058002"	"adult middle midgut class I enteroendocrine cell (Drosophila)"	"perfect match"	"EE_scRNA-seq"	NA	1
"CTCGGGAGTCTTGATG"	2	"SRX5979983"	"SRP200614"	"intestine"	"class I-ap EE cell"	NA	NA	NA	"FBbt:00058000"	"adult class I enteroendocrine cell (Drosophila)"	"other"	"EE_scRNA-seq"	NA	5
"CTCGGGAGTTACAGAA"	8	"SRX5979983"	"SRP200614"	"intestine"	"class I-a EE cell"	NA	NA	NA	"FBbt:00058001"	"adult anterior midgut class I enteroendocrine cell (Drosophila)"	"perfect match"	"EE_scRNA-seq"	NA	2
"CTCGGGAGTTGGAGGT"	3	"SRX5979983"	"SRP200614"	"intestine"	"class II-a EE cell"	NA	NA	NA	"FBbt:00058004"	"adult anterior midgut class II enteroendocrine cell (Drosophila)"	"perfect match"	"EE_scRNA-seq"	NA	9
"CTCGGGATCTCTTATG"	1	"SRX5979983"	"SRP200614"	"intestine"	"class II-m1 EE cell"	NA	NA	NA	"FBbt:00058005"	"adult middle midgut class II enteroendocrine cell (Drosophila)"	"perfect match"	"EE_scRNA-seq"	NA	3
"CTCGGGATCTTAGAGC"	0	"SRX5979983"	"SRP200614"	"intestine"	"class I-m EE cell"	NA	NA	NA	"FBbt:00058002"	"adult middle midgut class I enteroendocrine cell (Drosophila)"	"perfect match"	"EE_scRNA-seq"	NA	1
"CTCGTACAGACGCACA"	4	"SRX5979983"	"SRP200614"	"intestine"	"class II-m2 EE cell"	NA	NA	NA	"FBbt:00058005"	"adult middle midgut class II enteroendocrine cell (Drosophila)"	"perfect match"	"EE_scRNA-seq"	NA	8
"CTCGTACAGACTCGGA"	5	"SRX5979983"	"SRP200614"	"intestine"	"class I-p CCHa1 EE cell"	NA	NA	NA	"FBbt:00058003"	"adult posterior midgut class I enteroendocrine cell (Drosophila)"	"missing child term"	"EE_scRNA-seq"	NA	4
"CTCGTACAGAGAGCTC"	0	"SRX5979983"	"SRP200614"	"intestine"	"class I-m EE cell"	NA	NA	NA	"FBbt:00058002"	"adult middle midgut class I enteroendocrine cell (Drosophila)"	"perfect match"	"EE_scRNA-seq"	NA	1
"CTCGTACCAACGATCT"	6	"SRX5979983"	"SRP200614"	"intestine"	"class I-p AstA EE cell"	NA	NA	NA	"FBbt:00058003"	"adult posterior midgut class I enteroendocrine cell (Drosophila)"	"missing child term"	"EE_scRNA-seq"	NA	6
"CTCGTACCAAGAGGCT"	1	"SRX5979983"	"SRP200614"	"intestine"	"class II-m1 EE cell"	NA	NA	NA	"FBbt:00058005"	"adult middle midgut class II enteroendocrine cell (Drosophila)"	"perfect match"	"EE_scRNA-seq"	NA	3
"CTCGTACCATCGGGTC"	3	"SRX5979983"	"SRP200614"	"intestine"	"class II-a EE cell"	NA	NA	NA	"FBbt:00058004"	"adult anterior midgut class II enteroendocrine cell (Drosophila)"	"perfect match"	"EE_scRNA-seq"	NA	9
"CTCGTCAAGCTCTCGG"	0	"SRX5979983"	"SRP200614"	"intestine"	"class I-m EE cell"	NA	NA	NA	"FBbt:00058002"	"adult middle midgut class I enteroendocrine cell (Drosophila)"	"perfect match"	"EE_scRNA-seq"	NA	1
"CTCGTCACATTAACCG"	7	"SRX5979983"	"SRP200614"	"intestine"	"class II-p EE cell"	NA	NA	NA	"FBbt:00058006"	"adult posterior midgut class II enteroendocrine cell (Drosophila)"	"perfect match"	"EE_scRNA-seq"	NA	7
"CTCGTCAGTTAAGGGC"	5	"SRX5979983"	"SRP200614"	"intestine"	"class I-p CCHa1 EE cell"	NA	NA	NA	"FBbt:00058003"	"adult posterior midgut class I enteroendocrine cell (Drosophila)"	"missing child term"	"EE_scRNA-seq"	NA	4
"CTCGTCAGTTGATTGC"	4	"SRX5979983"	"SRP200614"	"intestine"	"class II-m2 EE cell"	NA	NA	NA	"FBbt:00058005"	"adult middle midgut class II enteroendocrine cell (Drosophila)"	"perfect match"	"EE_scRNA-seq"	NA	8
"CTCGTCAGTTGCGTTA"	6	"SRX5979983"	"SRP200614"	"intestine"	"class I-p AstA EE cell"	NA	NA	NA	"FBbt:00058003"	"adult posterior midgut class I enteroendocrine cell (Drosophila)"	"missing child term"	"EE_scRNA-seq"	NA	6
"CTCGTCATCCGCATCT"	10	"SRX5979983"	"SRP200614"	"intestine"	"EE progenitor cell"	NA	NA	NA	"FBbt:00049284"	"adult enteroendocrine precursor cell (Drosophila)"	"perfect match"	"EE_scRNA-seq"	NA	10
"CTCGTCATCTAACTTC"	1	"SRX5979983"	"SRP200614"	"intestine"	"class II-m1 EE cell"	NA	NA	NA	"FBbt:00058005"	"adult middle midgut class II enteroendocrine cell (Drosophila)"	"perfect match"	"EE_scRNA-seq"	NA	3
"CTCTAATAGAAGAAGC"	4	"SRX5979983"	"SRP200614"	"intestine"	"class II-m2 EE cell"	NA	NA	NA	"FBbt:00058005"	"adult middle midgut class II enteroendocrine cell (Drosophila)"	"perfect match"	"EE_scRNA-seq"	NA	8
"CTCTAATAGACAGGCT"	0	"SRX5979983"	"SRP200614"	"intestine"	"class I-m EE cell"	NA	NA	NA	"FBbt:00058002"	"adult middle midgut class I enteroendocrine cell (Drosophila)"	"perfect match"	"EE_scRNA-seq"	NA	1
"CTCTAATAGAGAACAG"	0	"SRX5979983"	"SRP200614"	"intestine"	"class I-m EE cell"	NA	NA	NA	"FBbt:00058002"	"adult middle midgut class I enteroendocrine cell (Drosophila)"	"perfect match"	"EE_scRNA-seq"	NA	1
"CTCTAATAGATGTTAG"	7	"SRX5979983"	"SRP200614"	"intestine"	"class II-p EE cell"	NA	NA	NA	"FBbt:00058006"	"adult posterior midgut class II enteroendocrine cell (Drosophila)"	"perfect match"	"EE_scRNA-seq"	NA	7
"CTCTAATAGCGATAGC"	1	"SRX5979983"	"SRP200614"	"intestine"	"class II-m1 EE cell"	NA	NA	NA	"FBbt:00058005"	"adult middle midgut class II enteroendocrine cell (Drosophila)"	"perfect match"	"EE_scRNA-seq"	NA	3
"CTCTAATAGCGTGTCC"	0	"SRX5979983"	"SRP200614"	"intestine"	"class I-m EE cell"	NA	NA	NA	"FBbt:00058002"	"adult middle midgut class I enteroendocrine cell (Drosophila)"	"perfect match"	"EE_scRNA-seq"	NA	1
"CTCTAATAGTGGAGTC"	2	"SRX5979983"	"SRP200614"	"intestine"	"class I-ap EE cell"	NA	NA	NA	"FBbt:00058000"	"adult class I enteroendocrine cell (Drosophila)"	"other"	"EE_scRNA-seq"	NA	5
"CTCTAATAGTGGTAAT"	0	"SRX5979983"	"SRP200614"	"intestine"	"class I-m EE cell"	NA	NA	NA	"FBbt:00058002"	"adult middle midgut class I enteroendocrine cell (Drosophila)"	"perfect match"	"EE_scRNA-seq"	NA	1
"CTCTAATCATGAAGTA"	4	"SRX5979983"	"SRP200614"	"intestine"	"class II-m2 EE cell"	NA	NA	NA	"FBbt:00058005"	"adult middle midgut class II enteroendocrine cell (Drosophila)"	"perfect match"	"EE_scRNA-seq"	NA	8
"CTCTAATGTCGACTGC"	3	"SRX5979983"	"SRP200614"	"intestine"	"class II-a EE cell"	NA	NA	NA	"FBbt:00058004"	"adult anterior midgut class II enteroendocrine cell (Drosophila)"	"perfect match"	"EE_scRNA-seq"	NA	9
"CTCTAATGTTCATGGT"	7	"SRX5979983"	"SRP200614"	"intestine"	"class II-p EE cell"	NA	NA	NA	"FBbt:00058006"	"adult posterior midgut class II enteroendocrine cell (Drosophila)"	"perfect match"	"EE_scRNA-seq"	NA	7
"CTCTAATGTTCCCGAG"	0	"SRX5979983"	"SRP200614"	"intestine"	"class I-m EE cell"	NA	NA	NA	"FBbt:00058002"	"adult middle midgut class I enteroendocrine cell (Drosophila)"	"perfect match"	"EE_scRNA-seq"	NA	1
"CTCTAATGTTTGCATG"	4	"SRX5979983"	"SRP200614"	"intestine"	"class II-m2 EE cell"	NA	NA	NA	"FBbt:00058005"	"adult middle midgut class II enteroendocrine cell (Drosophila)"	"perfect match"	"EE_scRNA-seq"	NA	8
"CTCTAATTCAATCTCT"	1	"SRX5979983"	"SRP200614"	"intestine"	"class II-m1 EE cell"	NA	NA	NA	"FBbt:00058005"	"adult middle midgut class II enteroendocrine cell (Drosophila)"	"perfect match"	"EE_scRNA-seq"	NA	3
"CTCTAATTCGAACGGA"	6	"SRX5979983"	"SRP200614"	"intestine"	"class I-p AstA EE cell"	NA	NA	NA	"FBbt:00058003"	"adult posterior midgut class I enteroendocrine cell (Drosophila)"	"missing child term"	"EE_scRNA-seq"	NA	6
"CTCTACGAGCAGACTG"	0	"SRX5979983"	"SRP200614"	"intestine"	"class I-m EE cell"	NA	NA	NA	"FBbt:00058002"	"adult middle midgut class I enteroendocrine cell (Drosophila)"	"perfect match"	"EE_scRNA-seq"	NA	1
"CTCTACGAGCTGTCTA"	2	"SRX5979983"	"SRP200614"	"intestine"	"class I-ap EE cell"	NA	NA	NA	"FBbt:00058000"	"adult class I enteroendocrine cell (Drosophila)"	"other"	"EE_scRNA-seq"	NA	5
"CTCTACGAGGATCGCA"	1	"SRX5979983"	"SRP200614"	"intestine"	"class II-m1 EE cell"	NA	NA	NA	"FBbt:00058005"	"adult middle midgut class II enteroendocrine cell (Drosophila)"	"perfect match"	"EE_scRNA-seq"	NA	3
"CTCTACGAGTCGTTTG"	3	"SRX5979983"	"SRP200614"	"intestine"	"class II-a EE cell"	NA	NA	NA	"FBbt:00058004"	"adult anterior midgut class II enteroendocrine cell (Drosophila)"	"perfect match"	"EE_scRNA-seq"	NA	9
"CTCTACGGTAGAGGAA"	8	"SRX5979983"	"SRP200614"	"intestine"	"class I-a EE cell"	NA	NA	NA	"FBbt:00058001"	"adult anterior midgut class I enteroendocrine cell (Drosophila)"	"perfect match"	"EE_scRNA-seq"	NA	2
"CTCTACGGTGAGTATA"	3	"SRX5979983"	"SRP200614"	"intestine"	"class II-a EE cell"	NA	NA	NA	"FBbt:00058004"	"adult anterior midgut class II enteroendocrine cell (Drosophila)"	"perfect match"	"EE_scRNA-seq"	NA	9
"CTCTACGGTTCCATGA"	7	"SRX5979983"	"SRP200614"	"intestine"	"class II-p EE cell"	NA	NA	NA	"FBbt:00058006"	"adult posterior midgut class II enteroendocrine cell (Drosophila)"	"perfect match"	"EE_scRNA-seq"	NA	7
"CTCTACGTCACCCGAG"	0	"SRX5979983"	"SRP200614"	"intestine"	"class I-m EE cell"	NA	NA	NA	"FBbt:00058002"	"adult middle midgut class I enteroendocrine cell (Drosophila)"	"perfect match"	"EE_scRNA-seq"	NA	1
"CTCTGGTAGACCACGA"	1	"SRX5979983"	"SRP200614"	"intestine"	"class II-m1 EE cell"	NA	NA	NA	"FBbt:00058005"	"adult middle midgut class II enteroendocrine cell (Drosophila)"	"perfect match"	"EE_scRNA-seq"	NA	3
"CTCTGGTAGAGCTATA"	5	"SRX5979983"	"SRP200614"	"intestine"	"class I-p CCHa1 EE cell"	NA	NA	NA	"FBbt:00058003"	"adult posterior midgut class I enteroendocrine cell (Drosophila)"	"missing child term"	"EE_scRNA-seq"	NA	4
"CTCTGGTAGCGTTTAC"	1	"SRX5979983"	"SRP200614"	"intestine"	"class II-m1 EE cell"	NA	NA	NA	"FBbt:00058005"	"adult middle midgut class II enteroendocrine cell (Drosophila)"	"perfect match"	"EE_scRNA-seq"	NA	3
"CTCTGGTAGTCAAGCG"	1	"SRX5979983"	"SRP200614"	"intestine"	"class II-m1 EE cell"	NA	NA	NA	"FBbt:00058005"	"adult middle midgut class II enteroendocrine cell (Drosophila)"	"perfect match"	"EE_scRNA-seq"	NA	3
"CTCTGGTCAAGCGAGT"	2	"SRX5979983"	"SRP200614"	"intestine"	"class I-ap EE cell"	NA	NA	NA	"FBbt:00058000"	"adult class I enteroendocrine cell (Drosophila)"	"other"	"EE_scRNA-seq"	NA	5
"CTCTGGTCAAGTTGTC"	3	"SRX5979983"	"SRP200614"	"intestine"	"class II-a EE cell"	NA	NA	NA	"FBbt:00058004"	"adult anterior midgut class II enteroendocrine cell (Drosophila)"	"perfect match"	"EE_scRNA-seq"	NA	9
"CTCTGGTCACGTCTCT"	8	"SRX5979983"	"SRP200614"	"intestine"	"class I-a EE cell"	NA	NA	NA	"FBbt:00058001"	"adult anterior midgut class I enteroendocrine cell (Drosophila)"	"perfect match"	"EE_scRNA-seq"	NA	2
"CTCTGGTCATACGCTA"	8	"SRX5979983"	"SRP200614"	"intestine"	"class I-a EE cell"	NA	NA	NA	"FBbt:00058001"	"adult anterior midgut class I enteroendocrine cell (Drosophila)"	"perfect match"	"EE_scRNA-seq"	NA	2
"CTCTGGTGTCTACCTC"	2	"SRX5979983"	"SRP200614"	"intestine"	"class I-ap EE cell"	NA	NA	NA	"FBbt:00058000"	"adult class I enteroendocrine cell (Drosophila)"	"other"	"EE_scRNA-seq"	NA	5
"CTCTGGTGTGATGTGG"	2	"SRX5979983"	"SRP200614"	"intestine"	"class I-ap EE cell"	NA	NA	NA	"FBbt:00058000"	"adult class I enteroendocrine cell (Drosophila)"	"other"	"EE_scRNA-seq"	NA	5
"CTCTGGTTCAACGAAA"	5	"SRX5979983"	"SRP200614"	"intestine"	"class I-p CCHa1 EE cell"	NA	NA	NA	"FBbt:00058003"	"adult posterior midgut class I enteroendocrine cell (Drosophila)"	"missing child term"	"EE_scRNA-seq"	NA	4
"CTGAAACAGCAGCGTA"	4	"SRX5979983"	"SRP200614"	"intestine"	"class II-m2 EE cell"	NA	NA	NA	"FBbt:00058005"	"adult middle midgut class II enteroendocrine cell (Drosophila)"	"perfect match"	"EE_scRNA-seq"	NA	8
"CTGAAACAGGGTCGAT"	0	"SRX5979983"	"SRP200614"	"intestine"	"class I-m EE cell"	NA	NA	NA	"FBbt:00058002"	"adult middle midgut class I enteroendocrine cell (Drosophila)"	"perfect match"	"EE_scRNA-seq"	NA	1
"CTGAAACAGTGGACGT"	0	"SRX5979983"	"SRP200614"	"intestine"	"class I-m EE cell"	NA	NA	NA	"FBbt:00058002"	"adult middle midgut class I enteroendocrine cell (Drosophila)"	"perfect match"	"EE_scRNA-seq"	NA	1
"CTGAAACGTAGAGGAA"	4	"SRX5979983"	"SRP200614"	"intestine"	"class II-m2 EE cell"	NA	NA	NA	"FBbt:00058005"	"adult middle midgut class II enteroendocrine cell (Drosophila)"	"perfect match"	"EE_scRNA-seq"	NA	8
"CTGAAGTAGATGCCTT"	5	"SRX5979983"	"SRP200614"	"intestine"	"class I-p CCHa1 EE cell"	NA	NA	NA	"FBbt:00058003"	"adult posterior midgut class I enteroendocrine cell (Drosophila)"	"missing child term"	"EE_scRNA-seq"	NA	4
"CTGAAGTAGCTGTTCA"	0	"SRX5979983"	"SRP200614"	"intestine"	"class I-m EE cell"	NA	NA	NA	"FBbt:00058002"	"adult middle midgut class I enteroendocrine cell (Drosophila)"	"perfect match"	"EE_scRNA-seq"	NA	1
"CTGAAGTAGTGACATA"	4	"SRX5979983"	"SRP200614"	"intestine"	"class II-m2 EE cell"	NA	NA	NA	"FBbt:00058005"	"adult middle midgut class II enteroendocrine cell (Drosophila)"	"perfect match"	"EE_scRNA-seq"	NA	8
"CTGAAGTCAAACCCAT"	1	"SRX5979983"	"SRP200614"	"intestine"	"class II-m1 EE cell"	NA	NA	NA	"FBbt:00058005"	"adult middle midgut class II enteroendocrine cell (Drosophila)"	"perfect match"	"EE_scRNA-seq"	NA	3
"CTGAAGTGTCTAGTGT"	4	"SRX5979983"	"SRP200614"	"intestine"	"class II-m2 EE cell"	NA	NA	NA	"FBbt:00058005"	"adult middle midgut class II enteroendocrine cell (Drosophila)"	"perfect match"	"EE_scRNA-seq"	NA	8
"CTGATAGAGTGGGCTA"	2	"SRX5979983"	"SRP200614"	"intestine"	"class I-ap EE cell"	NA	NA	NA	"FBbt:00058000"	"adult class I enteroendocrine cell (Drosophila)"	"other"	"EE_scRNA-seq"	NA	5
"CTGATAGCAATAGCAA"	1	"SRX5979983"	"SRP200614"	"intestine"	"class II-m1 EE cell"	NA	NA	NA	"FBbt:00058005"	"adult middle midgut class II enteroendocrine cell (Drosophila)"	"perfect match"	"EE_scRNA-seq"	NA	3
"CTGATAGCATATACGC"	0	"SRX5979983"	"SRP200614"	"intestine"	"class I-m EE cell"	NA	NA	NA	"FBbt:00058002"	"adult middle midgut class I enteroendocrine cell (Drosophila)"	"perfect match"	"EE_scRNA-seq"	NA	1
"CTGATAGGTAAGAGGA"	3	"SRX5979983"	"SRP200614"	"intestine"	"class II-a EE cell"	NA	NA	NA	"FBbt:00058004"	"adult anterior midgut class II enteroendocrine cell (Drosophila)"	"perfect match"	"EE_scRNA-seq"	NA	9
"CTGATAGGTCTGGTCG"	2	"SRX5979983"	"SRP200614"	"intestine"	"class I-ap EE cell"	NA	NA	NA	"FBbt:00058000"	"adult class I enteroendocrine cell (Drosophila)"	"other"	"EE_scRNA-seq"	NA	5
"CTGATAGTCAGCATGT"	0	"SRX5979983"	"SRP200614"	"intestine"	"class I-m EE cell"	NA	NA	NA	"FBbt:00058002"	"adult middle midgut class I enteroendocrine cell (Drosophila)"	"perfect match"	"EE_scRNA-seq"	NA	1
"CTGATCCCAATGGAGC"	5	"SRX5979983"	"SRP200614"	"intestine"	"class I-p CCHa1 EE cell"	NA	NA	NA	"FBbt:00058003"	"adult posterior midgut class I enteroendocrine cell (Drosophila)"	"missing child term"	"EE_scRNA-seq"	NA	4
"CTGATCCCACCTCGGA"	5	"SRX5979983"	"SRP200614"	"intestine"	"class I-p CCHa1 EE cell"	NA	NA	NA	"FBbt:00058003"	"adult posterior midgut class I enteroendocrine cell (Drosophila)"	"missing child term"	"EE_scRNA-seq"	NA	4
"CTGATCCGTCCGCTGA"	8	"SRX5979983"	"SRP200614"	"intestine"	"class I-a EE cell"	NA	NA	NA	"FBbt:00058001"	"adult anterior midgut class I enteroendocrine cell (Drosophila)"	"perfect match"	"EE_scRNA-seq"	NA	2
"CTGATCCGTGCAGTAG"	6	"SRX5979983"	"SRP200614"	"intestine"	"class I-p AstA EE cell"	NA	NA	NA	"FBbt:00058003"	"adult posterior midgut class I enteroendocrine cell (Drosophila)"	"missing child term"	"EE_scRNA-seq"	NA	6
"CTGATCCGTGTTAAGA"	5	"SRX5979983"	"SRP200614"	"intestine"	"class I-p CCHa1 EE cell"	NA	NA	NA	"FBbt:00058003"	"adult posterior midgut class I enteroendocrine cell (Drosophila)"	"missing child term"	"EE_scRNA-seq"	NA	4
"CTGATCCGTTATCACG"	5	"SRX5979983"	"SRP200614"	"intestine"	"class I-p CCHa1 EE cell"	NA	NA	NA	"FBbt:00058003"	"adult posterior midgut class I enteroendocrine cell (Drosophila)"	"missing child term"	"EE_scRNA-seq"	NA	4
"CTGATCCTCCCAAGAT"	1	"SRX5979983"	"SRP200614"	"intestine"	"class II-m1 EE cell"	NA	NA	NA	"FBbt:00058005"	"adult middle midgut class II enteroendocrine cell (Drosophila)"	"perfect match"	"EE_scRNA-seq"	NA	3
"CTGATCCTCCTCAATT"	0	"SRX5979983"	"SRP200614"	"intestine"	"class I-m EE cell"	NA	NA	NA	"FBbt:00058002"	"adult middle midgut class I enteroendocrine cell (Drosophila)"	"perfect match"	"EE_scRNA-seq"	NA	1
"CTGATCCTCTCTTGAT"	1	"SRX5979983"	"SRP200614"	"intestine"	"class II-m1 EE cell"	NA	NA	NA	"FBbt:00058005"	"adult middle midgut class II enteroendocrine cell (Drosophila)"	"perfect match"	"EE_scRNA-seq"	NA	3
"CTGATCCTCTGAGTGT"	1	"SRX5979983"	"SRP200614"	"intestine"	"class II-m1 EE cell"	NA	NA	NA	"FBbt:00058005"	"adult middle midgut class II enteroendocrine cell (Drosophila)"	"perfect match"	"EE_scRNA-seq"	NA	3
"CTGATCCTCTTCGGTC"	7	"SRX5979983"	"SRP200614"	"intestine"	"class II-p EE cell"	NA	NA	NA	"FBbt:00058006"	"adult posterior midgut class II enteroendocrine cell (Drosophila)"	"perfect match"	"EE_scRNA-seq"	NA	7
"CTGATCCTCTTTAGGG"	6	"SRX5979983"	"SRP200614"	"intestine"	"class I-p AstA EE cell"	NA	NA	NA	"FBbt:00058003"	"adult posterior midgut class I enteroendocrine cell (Drosophila)"	"missing child term"	"EE_scRNA-seq"	NA	6
"CTGCCTAAGCTGATAA"	7	"SRX5979983"	"SRP200614"	"intestine"	"class II-p EE cell"	NA	NA	NA	"FBbt:00058006"	"adult posterior midgut class II enteroendocrine cell (Drosophila)"	"perfect match"	"EE_scRNA-seq"	NA	7
"CTGCCTAAGTACCGGA"	2	"SRX5979983"	"SRP200614"	"intestine"	"class I-ap EE cell"	NA	NA	NA	"FBbt:00058000"	"adult class I enteroendocrine cell (Drosophila)"	"other"	"EE_scRNA-seq"	NA	5
"CTGCCTAAGTGGAGTC"	0	"SRX5979983"	"SRP200614"	"intestine"	"class I-m EE cell"	NA	NA	NA	"FBbt:00058002"	"adult middle midgut class I enteroendocrine cell (Drosophila)"	"perfect match"	"EE_scRNA-seq"	NA	1
"CTGCCTAAGTGGGCTA"	1	"SRX5979983"	"SRP200614"	"intestine"	"class II-m1 EE cell"	NA	NA	NA	"FBbt:00058005"	"adult middle midgut class II enteroendocrine cell (Drosophila)"	"perfect match"	"EE_scRNA-seq"	NA	3
"CTGCCTACAGATCGGA"	7	"SRX5979983"	"SRP200614"	"intestine"	"class II-p EE cell"	NA	NA	NA	"FBbt:00058006"	"adult posterior midgut class II enteroendocrine cell (Drosophila)"	"perfect match"	"EE_scRNA-seq"	NA	7
"CTGCCTACAGGTCTCG"	0	"SRX5979983"	"SRP200614"	"intestine"	"class I-m EE cell"	NA	NA	NA	"FBbt:00058002"	"adult middle midgut class I enteroendocrine cell (Drosophila)"	"perfect match"	"EE_scRNA-seq"	NA	1
"CTGCCTACATAGTAAG"	3	"SRX5979983"	"SRP200614"	"intestine"	"class II-a EE cell"	NA	NA	NA	"FBbt:00058004"	"adult anterior midgut class II enteroendocrine cell (Drosophila)"	"perfect match"	"EE_scRNA-seq"	NA	9
"CTGCCTACATTGGCGC"	1	"SRX5979983"	"SRP200614"	"intestine"	"class II-m1 EE cell"	NA	NA	NA	"FBbt:00058005"	"adult middle midgut class II enteroendocrine cell (Drosophila)"	"perfect match"	"EE_scRNA-seq"	NA	3
"CTGCCTAGTATGAATG"	2	"SRX5979983"	"SRP200614"	"intestine"	"class I-ap EE cell"	NA	NA	NA	"FBbt:00058000"	"adult class I enteroendocrine cell (Drosophila)"	"other"	"EE_scRNA-seq"	NA	5
"CTGCCTAGTTGGTTTG"	6	"SRX5979983"	"SRP200614"	"intestine"	"class I-p AstA EE cell"	NA	NA	NA	"FBbt:00058003"	"adult posterior midgut class I enteroendocrine cell (Drosophila)"	"missing child term"	"EE_scRNA-seq"	NA	6
"CTGCCTATCGGCGCTA"	0	"SRX5979983"	"SRP200614"	"intestine"	"class I-m EE cell"	NA	NA	NA	"FBbt:00058002"	"adult middle midgut class I enteroendocrine cell (Drosophila)"	"perfect match"	"EE_scRNA-seq"	NA	1
"CTGCCTATCTTGAGGT"	2	"SRX5979983"	"SRP200614"	"intestine"	"class I-ap EE cell"	NA	NA	NA	"FBbt:00058000"	"adult class I enteroendocrine cell (Drosophila)"	"other"	"EE_scRNA-seq"	NA	5
"CTGCGGAAGCAGCGTA"	0	"SRX5979983"	"SRP200614"	"intestine"	"class I-m EE cell"	NA	NA	NA	"FBbt:00058002"	"adult middle midgut class I enteroendocrine cell (Drosophila)"	"perfect match"	"EE_scRNA-seq"	NA	1
"CTGCGGAAGCTAACTC"	1	"SRX5979983"	"SRP200614"	"intestine"	"class II-m1 EE cell"	NA	NA	NA	"FBbt:00058005"	"adult middle midgut class II enteroendocrine cell (Drosophila)"	"perfect match"	"EE_scRNA-seq"	NA	3
"CTGCGGACAGGTCGTC"	4	"SRX5979983"	"SRP200614"	"intestine"	"class II-m2 EE cell"	NA	NA	NA	"FBbt:00058005"	"adult middle midgut class II enteroendocrine cell (Drosophila)"	"perfect match"	"EE_scRNA-seq"	NA	8
"CTGCGGAGTATGGTTC"	6	"SRX5979983"	"SRP200614"	"intestine"	"class I-p AstA EE cell"	NA	NA	NA	"FBbt:00058003"	"adult posterior midgut class I enteroendocrine cell (Drosophila)"	"missing child term"	"EE_scRNA-seq"	NA	6
"CTGCGGAGTCGAGTTT"	5	"SRX5979983"	"SRP200614"	"intestine"	"class I-p CCHa1 EE cell"	NA	NA	NA	"FBbt:00058003"	"adult posterior midgut class I enteroendocrine cell (Drosophila)"	"missing child term"	"EE_scRNA-seq"	NA	4
"CTGCGGATCAGTTAGC"	2	"SRX5979983"	"SRP200614"	"intestine"	"class I-ap EE cell"	NA	NA	NA	"FBbt:00058000"	"adult class I enteroendocrine cell (Drosophila)"	"other"	"EE_scRNA-seq"	NA	5
"CTGCGGATCCTACAGA"	0	"SRX5979983"	"SRP200614"	"intestine"	"class I-m EE cell"	NA	NA	NA	"FBbt:00058002"	"adult middle midgut class I enteroendocrine cell (Drosophila)"	"perfect match"	"EE_scRNA-seq"	NA	1
"CTGCGGATCCTTAATC"	3	"SRX5979983"	"SRP200614"	"intestine"	"class II-a EE cell"	NA	NA	NA	"FBbt:00058004"	"adult anterior midgut class II enteroendocrine cell (Drosophila)"	"perfect match"	"EE_scRNA-seq"	NA	9
"CTGCGGATCTAACTGG"	1	"SRX5979983"	"SRP200614"	"intestine"	"class II-m1 EE cell"	NA	NA	NA	"FBbt:00058005"	"adult middle midgut class II enteroendocrine cell (Drosophila)"	"perfect match"	"EE_scRNA-seq"	NA	3
"CTGCTGTAGAATGTTG"	4	"SRX5979983"	"SRP200614"	"intestine"	"class II-m2 EE cell"	NA	NA	NA	"FBbt:00058005"	"adult middle midgut class II enteroendocrine cell (Drosophila)"	"perfect match"	"EE_scRNA-seq"	NA	8
"CTGCTGTAGACGCAAC"	5	"SRX5979983"	"SRP200614"	"intestine"	"class I-p CCHa1 EE cell"	NA	NA	NA	"FBbt:00058003"	"adult posterior midgut class I enteroendocrine cell (Drosophila)"	"missing child term"	"EE_scRNA-seq"	NA	4
"CTGCTGTAGCCAACAG"	5	"SRX5979983"	"SRP200614"	"intestine"	"class I-p CCHa1 EE cell"	NA	NA	NA	"FBbt:00058003"	"adult posterior midgut class I enteroendocrine cell (Drosophila)"	"missing child term"	"EE_scRNA-seq"	NA	4
"CTGCTGTAGGACAGAA"	1	"SRX5979983"	"SRP200614"	"intestine"	"class II-m1 EE cell"	NA	NA	NA	"FBbt:00058005"	"adult middle midgut class II enteroendocrine cell (Drosophila)"	"perfect match"	"EE_scRNA-seq"	NA	3
"CTGCTGTAGGCAGTCA"	3	"SRX5979983"	"SRP200614"	"intestine"	"class II-a EE cell"	NA	NA	NA	"FBbt:00058004"	"adult anterior midgut class II enteroendocrine cell (Drosophila)"	"perfect match"	"EE_scRNA-seq"	NA	9
"CTGCTGTAGTTGTCGT"	4	"SRX5979983"	"SRP200614"	"intestine"	"class II-m2 EE cell"	NA	NA	NA	"FBbt:00058005"	"adult middle midgut class II enteroendocrine cell (Drosophila)"	"perfect match"	"EE_scRNA-seq"	NA	8
"CTGCTGTCACGCCAGT"	4	"SRX5979983"	"SRP200614"	"intestine"	"class II-m2 EE cell"	NA	NA	NA	"FBbt:00058005"	"adult middle midgut class II enteroendocrine cell (Drosophila)"	"perfect match"	"EE_scRNA-seq"	NA	8
"CTGCTGTCAGCAGTTT"	4	"SRX5979983"	"SRP200614"	"intestine"	"class II-m2 EE cell"	NA	NA	NA	"FBbt:00058005"	"adult middle midgut class II enteroendocrine cell (Drosophila)"	"perfect match"	"EE_scRNA-seq"	NA	8
"CTGCTGTCATTGCGGC"	6	"SRX5979983"	"SRP200614"	"intestine"	"class I-p AstA EE cell"	NA	NA	NA	"FBbt:00058003"	"adult posterior midgut class I enteroendocrine cell (Drosophila)"	"missing child term"	"EE_scRNA-seq"	NA	6
"CTGCTGTGTCATATGC"	3	"SRX5979983"	"SRP200614"	"intestine"	"class II-a EE cell"	NA	NA	NA	"FBbt:00058004"	"adult anterior midgut class II enteroendocrine cell (Drosophila)"	"perfect match"	"EE_scRNA-seq"	NA	9
"CTGCTGTGTGTGCCTG"	0	"SRX5979983"	"SRP200614"	"intestine"	"class I-m EE cell"	NA	NA	NA	"FBbt:00058002"	"adult middle midgut class I enteroendocrine cell (Drosophila)"	"perfect match"	"EE_scRNA-seq"	NA	1
"CTGCTGTTCCATGCTC"	3	"SRX5979983"	"SRP200614"	"intestine"	"class II-a EE cell"	NA	NA	NA	"FBbt:00058004"	"adult anterior midgut class II enteroendocrine cell (Drosophila)"	"perfect match"	"EE_scRNA-seq"	NA	9
"CTGCTGTTCTCTGTCG"	0	"SRX5979983"	"SRP200614"	"intestine"	"class I-m EE cell"	NA	NA	NA	"FBbt:00058002"	"adult middle midgut class I enteroendocrine cell (Drosophila)"	"perfect match"	"EE_scRNA-seq"	NA	1
"CTGCTGTTCTGTCTAT"	2	"SRX5979983"	"SRP200614"	"intestine"	"class I-ap EE cell"	NA	NA	NA	"FBbt:00058000"	"adult class I enteroendocrine cell (Drosophila)"	"other"	"EE_scRNA-seq"	NA	5
"CTGGTCTAGCGATAGC"	6	"SRX5979983"	"SRP200614"	"intestine"	"class I-p AstA EE cell"	NA	NA	NA	"FBbt:00058003"	"adult posterior midgut class I enteroendocrine cell (Drosophila)"	"missing child term"	"EE_scRNA-seq"	NA	6
"CTGGTCTAGGACTGGT"	3	"SRX5979983"	"SRP200614"	"intestine"	"class II-a EE cell"	NA	NA	NA	"FBbt:00058004"	"adult anterior midgut class II enteroendocrine cell (Drosophila)"	"perfect match"	"EE_scRNA-seq"	NA	9
"CTGGTCTAGGTGCTAG"	2	"SRX5979983"	"SRP200614"	"intestine"	"class I-ap EE cell"	NA	NA	NA	"FBbt:00058000"	"adult class I enteroendocrine cell (Drosophila)"	"other"	"EE_scRNA-seq"	NA	5
"CTGGTCTCAACGATGG"	5	"SRX5979983"	"SRP200614"	"intestine"	"class I-p CCHa1 EE cell"	NA	NA	NA	"FBbt:00058003"	"adult posterior midgut class I enteroendocrine cell (Drosophila)"	"missing child term"	"EE_scRNA-seq"	NA	4
"CTGGTCTCACCAGCAC"	1	"SRX5979983"	"SRP200614"	"intestine"	"class II-m1 EE cell"	NA	NA	NA	"FBbt:00058005"	"adult middle midgut class II enteroendocrine cell (Drosophila)"	"perfect match"	"EE_scRNA-seq"	NA	3
"CTGGTCTCACGACGAA"	0	"SRX5979983"	"SRP200614"	"intestine"	"class I-m EE cell"	NA	NA	NA	"FBbt:00058002"	"adult middle midgut class I enteroendocrine cell (Drosophila)"	"perfect match"	"EE_scRNA-seq"	NA	1
"CTGGTCTGTAAATACG"	0	"SRX5979983"	"SRP200614"	"intestine"	"class I-m EE cell"	NA	NA	NA	"FBbt:00058002"	"adult middle midgut class I enteroendocrine cell (Drosophila)"	"perfect match"	"EE_scRNA-seq"	NA	1
"CTGGTCTGTAAGTGGC"	2	"SRX5979983"	"SRP200614"	"intestine"	"class I-ap EE cell"	NA	NA	NA	"FBbt:00058000"	"adult class I enteroendocrine cell (Drosophila)"	"other"	"EE_scRNA-seq"	NA	5
"CTGGTCTGTCTCTCTG"	0	"SRX5979983"	"SRP200614"	"intestine"	"class I-m EE cell"	NA	NA	NA	"FBbt:00058002"	"adult middle midgut class I enteroendocrine cell (Drosophila)"	"perfect match"	"EE_scRNA-seq"	NA	1
"CTGGTCTGTGTTGGGA"	2	"SRX5979983"	"SRP200614"	"intestine"	"class I-ap EE cell"	NA	NA	NA	"FBbt:00058000"	"adult class I enteroendocrine cell (Drosophila)"	"other"	"EE_scRNA-seq"	NA	5
"CTGGTCTTCGATCCCT"	8	"SRX5979983"	"SRP200614"	"intestine"	"class I-a EE cell"	NA	NA	NA	"FBbt:00058001"	"adult anterior midgut class I enteroendocrine cell (Drosophila)"	"perfect match"	"EE_scRNA-seq"	NA	2
"CTGGTCTTCTAGAGTC"	10	"SRX5979983"	"SRP200614"	"intestine"	"EE progenitor cell"	NA	NA	NA	"FBbt:00049284"	"adult enteroendocrine precursor cell (Drosophila)"	"perfect match"	"EE_scRNA-seq"	NA	10
"CTGTGCTAGCCATCGC"	2	"SRX5979983"	"SRP200614"	"intestine"	"class I-ap EE cell"	NA	NA	NA	"FBbt:00058000"	"adult class I enteroendocrine cell (Drosophila)"	"other"	"EE_scRNA-seq"	NA	5
"CTGTGCTAGCTGCAAG"	2	"SRX5979983"	"SRP200614"	"intestine"	"class I-ap EE cell"	NA	NA	NA	"FBbt:00058000"	"adult class I enteroendocrine cell (Drosophila)"	"other"	"EE_scRNA-seq"	NA	5
"CTGTGCTAGTTGAGAT"	1	"SRX5979983"	"SRP200614"	"intestine"	"class II-m1 EE cell"	NA	NA	NA	"FBbt:00058005"	"adult middle midgut class II enteroendocrine cell (Drosophila)"	"perfect match"	"EE_scRNA-seq"	NA	3
"CTGTGCTCAATGGAGC"	1	"SRX5979983"	"SRP200614"	"intestine"	"class II-m1 EE cell"	NA	NA	NA	"FBbt:00058005"	"adult middle midgut class II enteroendocrine cell (Drosophila)"	"perfect match"	"EE_scRNA-seq"	NA	3
"CTGTGCTCATGGGACA"	5	"SRX5979983"	"SRP200614"	"intestine"	"class I-p CCHa1 EE cell"	NA	NA	NA	"FBbt:00058003"	"adult posterior midgut class I enteroendocrine cell (Drosophila)"	"missing child term"	"EE_scRNA-seq"	NA	4
"CTGTGCTGTAGATTAG"	6	"SRX5979983"	"SRP200614"	"intestine"	"class I-p AstA EE cell"	NA	NA	NA	"FBbt:00058003"	"adult posterior midgut class I enteroendocrine cell (Drosophila)"	"missing child term"	"EE_scRNA-seq"	NA	6
"CTGTGCTGTAGGAGTC"	0	"SRX5979983"	"SRP200614"	"intestine"	"class I-m EE cell"	NA	NA	NA	"FBbt:00058002"	"adult middle midgut class I enteroendocrine cell (Drosophila)"	"perfect match"	"EE_scRNA-seq"	NA	1
"CTGTGCTGTGATAAGT"	3	"SRX5979983"	"SRP200614"	"intestine"	"class II-a EE cell"	NA	NA	NA	"FBbt:00058004"	"adult anterior midgut class II enteroendocrine cell (Drosophila)"	"perfect match"	"EE_scRNA-seq"	NA	9
"CTGTGCTTCAACACGT"	0	"SRX5979983"	"SRP200614"	"intestine"	"class I-m EE cell"	NA	NA	NA	"FBbt:00058002"	"adult middle midgut class I enteroendocrine cell (Drosophila)"	"perfect match"	"EE_scRNA-seq"	NA	1
"CTGTGCTTCCCATTAT"	3	"SRX5979983"	"SRP200614"	"intestine"	"class II-a EE cell"	NA	NA	NA	"FBbt:00058004"	"adult anterior midgut class II enteroendocrine cell (Drosophila)"	"perfect match"	"EE_scRNA-seq"	NA	9
"CTGTGCTTCGTTGCCT"	1	"SRX5979983"	"SRP200614"	"intestine"	"class II-m1 EE cell"	NA	NA	NA	"FBbt:00058005"	"adult middle midgut class II enteroendocrine cell (Drosophila)"	"perfect match"	"EE_scRNA-seq"	NA	3
"CTGTGCTTCTAACTTC"	2	"SRX5979983"	"SRP200614"	"intestine"	"class I-ap EE cell"	NA	NA	NA	"FBbt:00058000"	"adult class I enteroendocrine cell (Drosophila)"	"other"	"EE_scRNA-seq"	NA	5
"CTGTTTAAGAAGGCCT"	1	"SRX5979983"	"SRP200614"	"intestine"	"class II-m1 EE cell"	NA	NA	NA	"FBbt:00058005"	"adult middle midgut class II enteroendocrine cell (Drosophila)"	"perfect match"	"EE_scRNA-seq"	NA	3
"CTGTTTACAACTTGAC"	5	"SRX5979983"	"SRP200614"	"intestine"	"class I-p CCHa1 EE cell"	NA	NA	NA	"FBbt:00058003"	"adult posterior midgut class I enteroendocrine cell (Drosophila)"	"missing child term"	"EE_scRNA-seq"	NA	4
"CTGTTTACAGGGTTAG"	1	"SRX5979983"	"SRP200614"	"intestine"	"class II-m1 EE cell"	NA	NA	NA	"FBbt:00058005"	"adult middle midgut class II enteroendocrine cell (Drosophila)"	"perfect match"	"EE_scRNA-seq"	NA	3
"CTGTTTAGTCCAGTGC"	0	"SRX5979983"	"SRP200614"	"intestine"	"class I-m EE cell"	NA	NA	NA	"FBbt:00058002"	"adult middle midgut class I enteroendocrine cell (Drosophila)"	"perfect match"	"EE_scRNA-seq"	NA	1
"CTGTTTATCCACTCCA"	1	"SRX5979983"	"SRP200614"	"intestine"	"class II-m1 EE cell"	NA	NA	NA	"FBbt:00058005"	"adult middle midgut class II enteroendocrine cell (Drosophila)"	"perfect match"	"EE_scRNA-seq"	NA	3
"CTGTTTATCCGGGTGT"	2	"SRX5979983"	"SRP200614"	"intestine"	"class I-ap EE cell"	NA	NA	NA	"FBbt:00058000"	"adult class I enteroendocrine cell (Drosophila)"	"other"	"EE_scRNA-seq"	NA	5
"CTTAACTAGCTAACTC"	0	"SRX5979983"	"SRP200614"	"intestine"	"class I-m EE cell"	NA	NA	NA	"FBbt:00058002"	"adult middle midgut class I enteroendocrine cell (Drosophila)"	"perfect match"	"EE_scRNA-seq"	NA	1
"CTTAACTAGGATTCGG"	0	"SRX5979983"	"SRP200614"	"intestine"	"class I-m EE cell"	NA	NA	NA	"FBbt:00058002"	"adult middle midgut class I enteroendocrine cell (Drosophila)"	"perfect match"	"EE_scRNA-seq"	NA	1
"CTTAACTAGGGTATCG"	2	"SRX5979983"	"SRP200614"	"intestine"	"class I-ap EE cell"	NA	NA	NA	"FBbt:00058000"	"adult class I enteroendocrine cell (Drosophila)"	"other"	"EE_scRNA-seq"	NA	5
"CTTAACTCACCATGTA"	1	"SRX5979983"	"SRP200614"	"intestine"	"class II-m1 EE cell"	NA	NA	NA	"FBbt:00058005"	"adult middle midgut class II enteroendocrine cell (Drosophila)"	"perfect match"	"EE_scRNA-seq"	NA	3
"CTTAACTCAGGGTTAG"	1	"SRX5979983"	"SRP200614"	"intestine"	"class II-m1 EE cell"	NA	NA	NA	"FBbt:00058005"	"adult middle midgut class II enteroendocrine cell (Drosophila)"	"perfect match"	"EE_scRNA-seq"	NA	3
"CTTAACTCAGTCGATT"	6	"SRX5979983"	"SRP200614"	"intestine"	"class I-p AstA EE cell"	NA	NA	NA	"FBbt:00058003"	"adult posterior midgut class I enteroendocrine cell (Drosophila)"	"missing child term"	"EE_scRNA-seq"	NA	6
"CTTAACTGTCTCAACA"	0	"SRX5979983"	"SRP200614"	"intestine"	"class I-m EE cell"	NA	NA	NA	"FBbt:00058002"	"adult middle midgut class I enteroendocrine cell (Drosophila)"	"perfect match"	"EE_scRNA-seq"	NA	1
"CTTAACTGTTTCCACC"	0	"SRX5979983"	"SRP200614"	"intestine"	"class I-m EE cell"	NA	NA	NA	"FBbt:00058002"	"adult middle midgut class I enteroendocrine cell (Drosophila)"	"perfect match"	"EE_scRNA-seq"	NA	1
"CTTACCGAGCAGACTG"	4	"SRX5979983"	"SRP200614"	"intestine"	"class II-m2 EE cell"	NA	NA	NA	"FBbt:00058005"	"adult middle midgut class II enteroendocrine cell (Drosophila)"	"perfect match"	"EE_scRNA-seq"	NA	8
"CTTACCGAGCTCAACT"	0	"SRX5979983"	"SRP200614"	"intestine"	"class I-m EE cell"	NA	NA	NA	"FBbt:00058002"	"adult middle midgut class I enteroendocrine cell (Drosophila)"	"perfect match"	"EE_scRNA-seq"	NA	1
"CTTACCGAGCTGTTCA"	3	"SRX5979983"	"SRP200614"	"intestine"	"class II-a EE cell"	NA	NA	NA	"FBbt:00058004"	"adult anterior midgut class II enteroendocrine cell (Drosophila)"	"perfect match"	"EE_scRNA-seq"	NA	9
"CTTACCGAGGATGCGT"	1	"SRX5979983"	"SRP200614"	"intestine"	"class II-m1 EE cell"	NA	NA	NA	"FBbt:00058005"	"adult middle midgut class II enteroendocrine cell (Drosophila)"	"perfect match"	"EE_scRNA-seq"	NA	3
"CTTACCGAGGGTATCG"	5	"SRX5979983"	"SRP200614"	"intestine"	"class I-p CCHa1 EE cell"	NA	NA	NA	"FBbt:00058003"	"adult posterior midgut class I enteroendocrine cell (Drosophila)"	"missing child term"	"EE_scRNA-seq"	NA	4
"CTTACCGAGGTCGGAT"	2	"SRX5979983"	"SRP200614"	"intestine"	"class I-ap EE cell"	NA	NA	NA	"FBbt:00058000"	"adult class I enteroendocrine cell (Drosophila)"	"other"	"EE_scRNA-seq"	NA	5
"CTTACCGAGTCAAGGC"	2	"SRX5979983"	"SRP200614"	"intestine"	"class I-ap EE cell"	NA	NA	NA	"FBbt:00058000"	"adult class I enteroendocrine cell (Drosophila)"	"other"	"EE_scRNA-seq"	NA	5
"CTTACCGCAGCTGTGC"	2	"SRX5979983"	"SRP200614"	"intestine"	"class I-ap EE cell"	NA	NA	NA	"FBbt:00058000"	"adult class I enteroendocrine cell (Drosophila)"	"other"	"EE_scRNA-seq"	NA	5
"CTTACCGGTACTCGCG"	2	"SRX5979983"	"SRP200614"	"intestine"	"class I-ap EE cell"	NA	NA	NA	"FBbt:00058000"	"adult class I enteroendocrine cell (Drosophila)"	"other"	"EE_scRNA-seq"	NA	5
"CTTACCGGTGAGGGAG"	2	"SRX5979983"	"SRP200614"	"intestine"	"class I-ap EE cell"	NA	NA	NA	"FBbt:00058000"	"adult class I enteroendocrine cell (Drosophila)"	"other"	"EE_scRNA-seq"	NA	5
"CTTACCGGTGTAATGA"	0	"SRX5979983"	"SRP200614"	"intestine"	"class I-m EE cell"	NA	NA	NA	"FBbt:00058002"	"adult middle midgut class I enteroendocrine cell (Drosophila)"	"perfect match"	"EE_scRNA-seq"	NA	1
"CTTACCGTCAGCTTAG"	1	"SRX5979983"	"SRP200614"	"intestine"	"class II-m1 EE cell"	NA	NA	NA	"FBbt:00058005"	"adult middle midgut class II enteroendocrine cell (Drosophila)"	"perfect match"	"EE_scRNA-seq"	NA	3
"CTTAGGAAGAGCTATA"	4	"SRX5979983"	"SRP200614"	"intestine"	"class II-m2 EE cell"	NA	NA	NA	"FBbt:00058005"	"adult middle midgut class II enteroendocrine cell (Drosophila)"	"perfect match"	"EE_scRNA-seq"	NA	8
"CTTAGGAAGCTGCAAG"	5	"SRX5979983"	"SRP200614"	"intestine"	"class I-p CCHa1 EE cell"	NA	NA	NA	"FBbt:00058003"	"adult posterior midgut class I enteroendocrine cell (Drosophila)"	"missing child term"	"EE_scRNA-seq"	NA	4
"CTTAGGAGTACAGCAG"	1	"SRX5979983"	"SRP200614"	"intestine"	"class II-m1 EE cell"	NA	NA	NA	"FBbt:00058005"	"adult middle midgut class II enteroendocrine cell (Drosophila)"	"perfect match"	"EE_scRNA-seq"	NA	3
"CTTAGGAGTCTTGTCC"	0	"SRX5979983"	"SRP200614"	"intestine"	"class I-m EE cell"	NA	NA	NA	"FBbt:00058002"	"adult middle midgut class I enteroendocrine cell (Drosophila)"	"perfect match"	"EE_scRNA-seq"	NA	1
"CTTAGGATCATCGATG"	5	"SRX5979983"	"SRP200614"	"intestine"	"class I-p CCHa1 EE cell"	NA	NA	NA	"FBbt:00058003"	"adult posterior midgut class I enteroendocrine cell (Drosophila)"	"missing child term"	"EE_scRNA-seq"	NA	4
"CTTAGGATCCTATGTT"	0	"SRX5979983"	"SRP200614"	"intestine"	"class I-m EE cell"	NA	NA	NA	"FBbt:00058002"	"adult middle midgut class I enteroendocrine cell (Drosophila)"	"perfect match"	"EE_scRNA-seq"	NA	1
"CTTAGGATCTGGTTCC"	4	"SRX5979983"	"SRP200614"	"intestine"	"class II-m2 EE cell"	NA	NA	NA	"FBbt:00058005"	"adult middle midgut class II enteroendocrine cell (Drosophila)"	"perfect match"	"EE_scRNA-seq"	NA	8
"CTTAGGATCTTGTTTG"	0	"SRX5979983"	"SRP200614"	"intestine"	"class I-m EE cell"	NA	NA	NA	"FBbt:00058002"	"adult middle midgut class I enteroendocrine cell (Drosophila)"	"perfect match"	"EE_scRNA-seq"	NA	1
"CTTCTCTAGATGTGTA"	3	"SRX5979983"	"SRP200614"	"intestine"	"class II-a EE cell"	NA	NA	NA	"FBbt:00058004"	"adult anterior midgut class II enteroendocrine cell (Drosophila)"	"perfect match"	"EE_scRNA-seq"	NA	9
"CTTCTCTAGTTTGCGT"	0	"SRX5979983"	"SRP200614"	"intestine"	"class I-m EE cell"	NA	NA	NA	"FBbt:00058002"	"adult middle midgut class I enteroendocrine cell (Drosophila)"	"perfect match"	"EE_scRNA-seq"	NA	1
"CTTCTCTCACAAGACG"	0	"SRX5979983"	"SRP200614"	"intestine"	"class I-m EE cell"	NA	NA	NA	"FBbt:00058002"	"adult middle midgut class I enteroendocrine cell (Drosophila)"	"perfect match"	"EE_scRNA-seq"	NA	1
"CTTCTCTCACCCTATC"	7	"SRX5979983"	"SRP200614"	"intestine"	"class II-p EE cell"	NA	NA	NA	"FBbt:00058006"	"adult posterior midgut class II enteroendocrine cell (Drosophila)"	"perfect match"	"EE_scRNA-seq"	NA	7
"CTTCTCTCACCTTGTC"	2	"SRX5979983"	"SRP200614"	"intestine"	"class I-ap EE cell"	NA	NA	NA	"FBbt:00058000"	"adult class I enteroendocrine cell (Drosophila)"	"other"	"EE_scRNA-seq"	NA	5
"CTTCTCTCATCACGAT"	4	"SRX5979983"	"SRP200614"	"intestine"	"class II-m2 EE cell"	NA	NA	NA	"FBbt:00058005"	"adult middle midgut class II enteroendocrine cell (Drosophila)"	"perfect match"	"EE_scRNA-seq"	NA	8
"CTTCTCTTCACAATGC"	1	"SRX5979983"	"SRP200614"	"intestine"	"class II-m1 EE cell"	NA	NA	NA	"FBbt:00058005"	"adult middle midgut class II enteroendocrine cell (Drosophila)"	"perfect match"	"EE_scRNA-seq"	NA	3
"CTTCTCTTCATTGCGA"	4	"SRX5979983"	"SRP200614"	"intestine"	"class II-m2 EE cell"	NA	NA	NA	"FBbt:00058005"	"adult middle midgut class II enteroendocrine cell (Drosophila)"	"perfect match"	"EE_scRNA-seq"	NA	8
"CTTCTCTTCCTCAACC"	5	"SRX5979983"	"SRP200614"	"intestine"	"class I-p CCHa1 EE cell"	NA	NA	NA	"FBbt:00058003"	"adult posterior midgut class I enteroendocrine cell (Drosophila)"	"missing child term"	"EE_scRNA-seq"	NA	4
"CTTGGCTAGGAGTAGA"	5	"SRX5979983"	"SRP200614"	"intestine"	"class I-p CCHa1 EE cell"	NA	NA	NA	"FBbt:00058003"	"adult posterior midgut class I enteroendocrine cell (Drosophila)"	"missing child term"	"EE_scRNA-seq"	NA	4
"CTTGGCTCAAATTGCC"	10	"SRX5979983"	"SRP200614"	"intestine"	"EE progenitor cell"	NA	NA	NA	"FBbt:00049284"	"adult enteroendocrine precursor cell (Drosophila)"	"perfect match"	"EE_scRNA-seq"	NA	10
"CTTGGCTCAAGACACG"	2	"SRX5979983"	"SRP200614"	"intestine"	"class I-ap EE cell"	NA	NA	NA	"FBbt:00058000"	"adult class I enteroendocrine cell (Drosophila)"	"other"	"EE_scRNA-seq"	NA	5
"CTTGGCTCACTACAGT"	6	"SRX5979983"	"SRP200614"	"intestine"	"class I-p AstA EE cell"	NA	NA	NA	"FBbt:00058003"	"adult posterior midgut class I enteroendocrine cell (Drosophila)"	"missing child term"	"EE_scRNA-seq"	NA	6
"CTTGGCTCAGCCTGTG"	6	"SRX5979983"	"SRP200614"	"intestine"	"class I-p AstA EE cell"	NA	NA	NA	"FBbt:00058003"	"adult posterior midgut class I enteroendocrine cell (Drosophila)"	"missing child term"	"EE_scRNA-seq"	NA	6
"CTTGGCTCAGTCCTTC"	9	"SRX5979983"	"SRP200614"	"intestine"	"class III EE cell"	NA	NA	NA	"FBbt:00058200"	"adult class III enteroendocrine cell (Drosophila)"	"perfect match"	"EE_scRNA-seq"	NA	11
"CTTGGCTGTGACTCAT"	2	"SRX5979983"	"SRP200614"	"intestine"	"class I-ap EE cell"	NA	NA	NA	"FBbt:00058000"	"adult class I enteroendocrine cell (Drosophila)"	"other"	"EE_scRNA-seq"	NA	5
"CTTGGCTGTGCAGTAG"	0	"SRX5979983"	"SRP200614"	"intestine"	"class I-m EE cell"	NA	NA	NA	"FBbt:00058002"	"adult middle midgut class I enteroendocrine cell (Drosophila)"	"perfect match"	"EE_scRNA-seq"	NA	1
"CTTGGCTGTGTGAATA"	2	"SRX5979983"	"SRP200614"	"intestine"	"class I-ap EE cell"	NA	NA	NA	"FBbt:00058000"	"adult class I enteroendocrine cell (Drosophila)"	"other"	"EE_scRNA-seq"	NA	5
"CTTGGCTGTGTTTGGT"	2	"SRX5979983"	"SRP200614"	"intestine"	"class I-ap EE cell"	NA	NA	NA	"FBbt:00058000"	"adult class I enteroendocrine cell (Drosophila)"	"other"	"EE_scRNA-seq"	NA	5
"CTTGGCTGTTGGTAAA"	6	"SRX5979983"	"SRP200614"	"intestine"	"class I-p AstA EE cell"	NA	NA	NA	"FBbt:00058003"	"adult posterior midgut class I enteroendocrine cell (Drosophila)"	"missing child term"	"EE_scRNA-seq"	NA	6
"CTTGGCTTCACCAGGC"	1	"SRX5979983"	"SRP200614"	"intestine"	"class II-m1 EE cell"	NA	NA	NA	"FBbt:00058005"	"adult middle midgut class II enteroendocrine cell (Drosophila)"	"perfect match"	"EE_scRNA-seq"	NA	3
"CTTGGCTTCATGGTCA"	4	"SRX5979983"	"SRP200614"	"intestine"	"class II-m2 EE cell"	NA	NA	NA	"FBbt:00058005"	"adult middle midgut class II enteroendocrine cell (Drosophila)"	"perfect match"	"EE_scRNA-seq"	NA	8
"CTTGGCTTCTTCATGT"	4	"SRX5979983"	"SRP200614"	"intestine"	"class II-m2 EE cell"	NA	NA	NA	"FBbt:00058005"	"adult middle midgut class II enteroendocrine cell (Drosophila)"	"perfect match"	"EE_scRNA-seq"	NA	8
"CTTGGCTTCTTCGGTC"	0	"SRX5979983"	"SRP200614"	"intestine"	"class I-m EE cell"	NA	NA	NA	"FBbt:00058002"	"adult middle midgut class I enteroendocrine cell (Drosophila)"	"perfect match"	"EE_scRNA-seq"	NA	1
"CTTTGCGAGGACAGAA"	0	"SRX5979983"	"SRP200614"	"intestine"	"class I-m EE cell"	NA	NA	NA	"FBbt:00058002"	"adult middle midgut class I enteroendocrine cell (Drosophila)"	"perfect match"	"EE_scRNA-seq"	NA	1
"CTTTGCGAGGGTCGAT"	0	"SRX5979983"	"SRP200614"	"intestine"	"class I-m EE cell"	NA	NA	NA	"FBbt:00058002"	"adult middle midgut class I enteroendocrine cell (Drosophila)"	"perfect match"	"EE_scRNA-seq"	NA	1
"CTTTGCGCACAGATTC"	2	"SRX5979983"	"SRP200614"	"intestine"	"class I-ap EE cell"	NA	NA	NA	"FBbt:00058000"	"adult class I enteroendocrine cell (Drosophila)"	"other"	"EE_scRNA-seq"	NA	5
"CTTTGCGCACATTTCT"	4	"SRX5979983"	"SRP200614"	"intestine"	"class II-m2 EE cell"	NA	NA	NA	"FBbt:00058005"	"adult middle midgut class II enteroendocrine cell (Drosophila)"	"perfect match"	"EE_scRNA-seq"	NA	8
"CTTTGCGCATGTAGTC"	4	"SRX5979983"	"SRP200614"	"intestine"	"class II-m2 EE cell"	NA	NA	NA	"FBbt:00058005"	"adult middle midgut class II enteroendocrine cell (Drosophila)"	"perfect match"	"EE_scRNA-seq"	NA	8
"CTTTGCGGTATGGTTC"	2	"SRX5979983"	"SRP200614"	"intestine"	"class I-ap EE cell"	NA	NA	NA	"FBbt:00058000"	"adult class I enteroendocrine cell (Drosophila)"	"other"	"EE_scRNA-seq"	NA	5
"CTTTGCGGTCTGCAAT"	2	"SRX5979983"	"SRP200614"	"intestine"	"class I-ap EE cell"	NA	NA	NA	"FBbt:00058000"	"adult class I enteroendocrine cell (Drosophila)"	"other"	"EE_scRNA-seq"	NA	5
"CTTTGCGGTGAACCTT"	3	"SRX5979983"	"SRP200614"	"intestine"	"class II-a EE cell"	NA	NA	NA	"FBbt:00058004"	"adult anterior midgut class II enteroendocrine cell (Drosophila)"	"perfect match"	"EE_scRNA-seq"	NA	9
"CTTTGCGGTGGTCCGT"	6	"SRX5979983"	"SRP200614"	"intestine"	"class I-p AstA EE cell"	NA	NA	NA	"FBbt:00058003"	"adult posterior midgut class I enteroendocrine cell (Drosophila)"	"missing child term"	"EE_scRNA-seq"	NA	6
"CTTTGCGGTGTAATGA"	7	"SRX5979983"	"SRP200614"	"intestine"	"class II-p EE cell"	NA	NA	NA	"FBbt:00058006"	"adult posterior midgut class II enteroendocrine cell (Drosophila)"	"perfect match"	"EE_scRNA-seq"	NA	7
"CTTTGCGGTTGGTGGA"	7	"SRX5979983"	"SRP200614"	"intestine"	"class II-p EE cell"	NA	NA	NA	"FBbt:00058006"	"adult posterior midgut class II enteroendocrine cell (Drosophila)"	"perfect match"	"EE_scRNA-seq"	NA	7
"CTTTGCGTCAAGGCTT"	0	"SRX5979983"	"SRP200614"	"intestine"	"class I-m EE cell"	NA	NA	NA	"FBbt:00058002"	"adult middle midgut class I enteroendocrine cell (Drosophila)"	"perfect match"	"EE_scRNA-seq"	NA	1
"CTTTGCGTCCAGATCA"	1	"SRX5979983"	"SRP200614"	"intestine"	"class II-m1 EE cell"	NA	NA	NA	"FBbt:00058005"	"adult middle midgut class II enteroendocrine cell (Drosophila)"	"perfect match"	"EE_scRNA-seq"	NA	3
"CTTTGCGTCGAATGGG"	0	"SRX5979983"	"SRP200614"	"intestine"	"class I-m EE cell"	NA	NA	NA	"FBbt:00058002"	"adult middle midgut class I enteroendocrine cell (Drosophila)"	"perfect match"	"EE_scRNA-seq"	NA	1
"GAAACTCAGTGTTTGC"	1	"SRX5979983"	"SRP200614"	"intestine"	"class II-m1 EE cell"	NA	NA	NA	"FBbt:00058005"	"adult middle midgut class II enteroendocrine cell (Drosophila)"	"perfect match"	"EE_scRNA-seq"	NA	3
"GAAACTCCACACAGAG"	2	"SRX5979983"	"SRP200614"	"intestine"	"class I-ap EE cell"	NA	NA	NA	"FBbt:00058000"	"adult class I enteroendocrine cell (Drosophila)"	"other"	"EE_scRNA-seq"	NA	5
"GAAACTCCACAGGTTT"	1	"SRX5979983"	"SRP200614"	"intestine"	"class II-m1 EE cell"	NA	NA	NA	"FBbt:00058005"	"adult middle midgut class II enteroendocrine cell (Drosophila)"	"perfect match"	"EE_scRNA-seq"	NA	3
"GAAACTCGTCACTGGC"	1	"SRX5979983"	"SRP200614"	"intestine"	"class II-m1 EE cell"	NA	NA	NA	"FBbt:00058005"	"adult middle midgut class II enteroendocrine cell (Drosophila)"	"perfect match"	"EE_scRNA-seq"	NA	3
"GAAACTCGTCTCCCTA"	6	"SRX5979983"	"SRP200614"	"intestine"	"class I-p AstA EE cell"	NA	NA	NA	"FBbt:00058003"	"adult posterior midgut class I enteroendocrine cell (Drosophila)"	"missing child term"	"EE_scRNA-seq"	NA	6
"GAAACTCGTTTGACTG"	1	"SRX5979983"	"SRP200614"	"intestine"	"class II-m1 EE cell"	NA	NA	NA	"FBbt:00058005"	"adult middle midgut class II enteroendocrine cell (Drosophila)"	"perfect match"	"EE_scRNA-seq"	NA	3
"GAAACTCTCCCTAATT"	3	"SRX5979983"	"SRP200614"	"intestine"	"class II-a EE cell"	NA	NA	NA	"FBbt:00058004"	"adult anterior midgut class II enteroendocrine cell (Drosophila)"	"perfect match"	"EE_scRNA-seq"	NA	9
"GAAACTCTCTCGAGTA"	5	"SRX5979983"	"SRP200614"	"intestine"	"class I-p CCHa1 EE cell"	NA	NA	NA	"FBbt:00058003"	"adult posterior midgut class I enteroendocrine cell (Drosophila)"	"missing child term"	"EE_scRNA-seq"	NA	4
"GAAATGACATACTCTT"	5	"SRX5979983"	"SRP200614"	"intestine"	"class I-p CCHa1 EE cell"	NA	NA	NA	"FBbt:00058003"	"adult posterior midgut class I enteroendocrine cell (Drosophila)"	"missing child term"	"EE_scRNA-seq"	NA	4
"GAACATCAGACCACGA"	5	"SRX5979983"	"SRP200614"	"intestine"	"class I-p CCHa1 EE cell"	NA	NA	NA	"FBbt:00058003"	"adult posterior midgut class I enteroendocrine cell (Drosophila)"	"missing child term"	"EE_scRNA-seq"	NA	4
"GAACATCAGACTGGGT"	0	"SRX5979983"	"SRP200614"	"intestine"	"class I-m EE cell"	NA	NA	NA	"FBbt:00058002"	"adult middle midgut class I enteroendocrine cell (Drosophila)"	"perfect match"	"EE_scRNA-seq"	NA	1
"GAACATCAGTCTCGGC"	3	"SRX5979983"	"SRP200614"	"intestine"	"class II-a EE cell"	NA	NA	NA	"FBbt:00058004"	"adult anterior midgut class II enteroendocrine cell (Drosophila)"	"perfect match"	"EE_scRNA-seq"	NA	9
"GAACATCCATAACCTG"	0	"SRX5979983"	"SRP200614"	"intestine"	"class I-m EE cell"	NA	NA	NA	"FBbt:00058002"	"adult middle midgut class I enteroendocrine cell (Drosophila)"	"perfect match"	"EE_scRNA-seq"	NA	1
"GAACATCGTAAACACA"	2	"SRX5979983"	"SRP200614"	"intestine"	"class I-ap EE cell"	NA	NA	NA	"FBbt:00058000"	"adult class I enteroendocrine cell (Drosophila)"	"other"	"EE_scRNA-seq"	NA	5
"GAACATCGTGTGCGTC"	0	"SRX5979983"	"SRP200614"	"intestine"	"class I-m EE cell"	NA	NA	NA	"FBbt:00058002"	"adult middle midgut class I enteroendocrine cell (Drosophila)"	"perfect match"	"EE_scRNA-seq"	NA	1
"GAACATCGTTGCCTCT"	1	"SRX5979983"	"SRP200614"	"intestine"	"class II-m1 EE cell"	NA	NA	NA	"FBbt:00058005"	"adult middle midgut class II enteroendocrine cell (Drosophila)"	"perfect match"	"EE_scRNA-seq"	NA	3
"GAACATCTCCCACTTG"	2	"SRX5979983"	"SRP200614"	"intestine"	"class I-ap EE cell"	NA	NA	NA	"FBbt:00058000"	"adult class I enteroendocrine cell (Drosophila)"	"other"	"EE_scRNA-seq"	NA	5
"GAACATCTCGTGTAGT"	2	"SRX5979983"	"SRP200614"	"intestine"	"class I-ap EE cell"	NA	NA	NA	"FBbt:00058000"	"adult class I enteroendocrine cell (Drosophila)"	"other"	"EE_scRNA-seq"	NA	5
"GAACCTAAGACAAAGG"	3	"SRX5979983"	"SRP200614"	"intestine"	"class II-a EE cell"	NA	NA	NA	"FBbt:00058004"	"adult anterior midgut class II enteroendocrine cell (Drosophila)"	"perfect match"	"EE_scRNA-seq"	NA	9
"GAACCTAAGACTAGAT"	8	"SRX5979983"	"SRP200614"	"intestine"	"class I-a EE cell"	NA	NA	NA	"FBbt:00058001"	"adult anterior midgut class I enteroendocrine cell (Drosophila)"	"perfect match"	"EE_scRNA-seq"	NA	2
"GAACCTAAGAGTCTGG"	0	"SRX5979983"	"SRP200614"	"intestine"	"class I-m EE cell"	NA	NA	NA	"FBbt:00058002"	"adult middle midgut class I enteroendocrine cell (Drosophila)"	"perfect match"	"EE_scRNA-seq"	NA	1
"GAACCTAAGCTTCGCG"	6	"SRX5979983"	"SRP200614"	"intestine"	"class I-p AstA EE cell"	NA	NA	NA	"FBbt:00058003"	"adult posterior midgut class I enteroendocrine cell (Drosophila)"	"missing child term"	"EE_scRNA-seq"	NA	6
"GAACCTAAGTATCTCG"	9	"SRX5979983"	"SRP200614"	"intestine"	"class III EE cell"	NA	NA	NA	"FBbt:00058200"	"adult class III enteroendocrine cell (Drosophila)"	"perfect match"	"EE_scRNA-seq"	NA	11
"GAACCTACAACGATCT"	0	"SRX5979983"	"SRP200614"	"intestine"	"class I-m EE cell"	NA	NA	NA	"FBbt:00058002"	"adult middle midgut class I enteroendocrine cell (Drosophila)"	"perfect match"	"EE_scRNA-seq"	NA	1
"GAACCTACACGGCCAT"	3	"SRX5979983"	"SRP200614"	"intestine"	"class II-a EE cell"	NA	NA	NA	"FBbt:00058004"	"adult anterior midgut class II enteroendocrine cell (Drosophila)"	"perfect match"	"EE_scRNA-seq"	NA	9
"GAACCTACACGGTAAG"	4	"SRX5979983"	"SRP200614"	"intestine"	"class II-m2 EE cell"	NA	NA	NA	"FBbt:00058005"	"adult middle midgut class II enteroendocrine cell (Drosophila)"	"perfect match"	"EE_scRNA-seq"	NA	8
"GAACCTACACTGTCGG"	1	"SRX5979983"	"SRP200614"	"intestine"	"class II-m1 EE cell"	NA	NA	NA	"FBbt:00058005"	"adult middle midgut class II enteroendocrine cell (Drosophila)"	"perfect match"	"EE_scRNA-seq"	NA	3
"GAACCTACAGGACGTA"	2	"SRX5979983"	"SRP200614"	"intestine"	"class I-ap EE cell"	NA	NA	NA	"FBbt:00058000"	"adult class I enteroendocrine cell (Drosophila)"	"other"	"EE_scRNA-seq"	NA	5
"GAACCTACATCCTAGA"	1	"SRX5979983"	"SRP200614"	"intestine"	"class II-m1 EE cell"	NA	NA	NA	"FBbt:00058005"	"adult middle midgut class II enteroendocrine cell (Drosophila)"	"perfect match"	"EE_scRNA-seq"	NA	3
"GAACCTACATGGGAAC"	2	"SRX5979983"	"SRP200614"	"intestine"	"class I-ap EE cell"	NA	NA	NA	"FBbt:00058000"	"adult class I enteroendocrine cell (Drosophila)"	"other"	"EE_scRNA-seq"	NA	5
"GAACCTAGTCTCCATC"	4	"SRX5979983"	"SRP200614"	"intestine"	"class II-m2 EE cell"	NA	NA	NA	"FBbt:00058005"	"adult middle midgut class II enteroendocrine cell (Drosophila)"	"perfect match"	"EE_scRNA-seq"	NA	8
"GAACCTAGTGCACGAA"	1	"SRX5979983"	"SRP200614"	"intestine"	"class II-m1 EE cell"	NA	NA	NA	"FBbt:00058005"	"adult middle midgut class II enteroendocrine cell (Drosophila)"	"perfect match"	"EE_scRNA-seq"	NA	3
"GAACCTAGTTAAGTAG"	8	"SRX5979983"	"SRP200614"	"intestine"	"class I-a EE cell"	NA	NA	NA	"FBbt:00058001"	"adult anterior midgut class I enteroendocrine cell (Drosophila)"	"perfect match"	"EE_scRNA-seq"	NA	2
"GAACCTATCAACGGCC"	6	"SRX5979983"	"SRP200614"	"intestine"	"class I-p AstA EE cell"	NA	NA	NA	"FBbt:00058003"	"adult posterior midgut class I enteroendocrine cell (Drosophila)"	"missing child term"	"EE_scRNA-seq"	NA	6
"GAACCTATCCTCAACC"	2	"SRX5979983"	"SRP200614"	"intestine"	"class I-ap EE cell"	NA	NA	NA	"FBbt:00058000"	"adult class I enteroendocrine cell (Drosophila)"	"other"	"EE_scRNA-seq"	NA	5
"GAACCTATCGAATCCA"	0	"SRX5979983"	"SRP200614"	"intestine"	"class I-m EE cell"	NA	NA	NA	"FBbt:00058002"	"adult middle midgut class I enteroendocrine cell (Drosophila)"	"perfect match"	"EE_scRNA-seq"	NA	1
"GAACCTATCGTTTAGG"	7	"SRX5979983"	"SRP200614"	"intestine"	"class II-p EE cell"	NA	NA	NA	"FBbt:00058006"	"adult posterior midgut class II enteroendocrine cell (Drosophila)"	"perfect match"	"EE_scRNA-seq"	NA	7
"GAACGGACACCGAATT"	0	"SRX5979983"	"SRP200614"	"intestine"	"class I-m EE cell"	NA	NA	NA	"FBbt:00058002"	"adult middle midgut class I enteroendocrine cell (Drosophila)"	"perfect match"	"EE_scRNA-seq"	NA	1
"GAACGGAGTAGAGGAA"	7	"SRX5979983"	"SRP200614"	"intestine"	"class II-p EE cell"	NA	NA	NA	"FBbt:00058006"	"adult posterior midgut class II enteroendocrine cell (Drosophila)"	"perfect match"	"EE_scRNA-seq"	NA	7
"GAACGGAGTGCACGAA"	0	"SRX5979983"	"SRP200614"	"intestine"	"class I-m EE cell"	NA	NA	NA	"FBbt:00058002"	"adult middle midgut class I enteroendocrine cell (Drosophila)"	"perfect match"	"EE_scRNA-seq"	NA	1
"GAACGGAGTTGATTCG"	1	"SRX5979983"	"SRP200614"	"intestine"	"class II-m1 EE cell"	NA	NA	NA	"FBbt:00058005"	"adult middle midgut class II enteroendocrine cell (Drosophila)"	"perfect match"	"EE_scRNA-seq"	NA	3
"GAAGCAGCACTATCTT"	8	"SRX5979983"	"SRP200614"	"intestine"	"class I-a EE cell"	NA	NA	NA	"FBbt:00058001"	"adult anterior midgut class I enteroendocrine cell (Drosophila)"	"perfect match"	"EE_scRNA-seq"	NA	2
"GAAGCAGCAGACAAGC"	2	"SRX5979983"	"SRP200614"	"intestine"	"class I-ap EE cell"	NA	NA	NA	"FBbt:00058000"	"adult class I enteroendocrine cell (Drosophila)"	"other"	"EE_scRNA-seq"	NA	5
"GAAGCAGCAGATGGCA"	2	"SRX5979983"	"SRP200614"	"intestine"	"class I-ap EE cell"	NA	NA	NA	"FBbt:00058000"	"adult class I enteroendocrine cell (Drosophila)"	"other"	"EE_scRNA-seq"	NA	5
"GAAGCAGGTACAGCAG"	0	"SRX5979983"	"SRP200614"	"intestine"	"class I-m EE cell"	NA	NA	NA	"FBbt:00058002"	"adult middle midgut class I enteroendocrine cell (Drosophila)"	"perfect match"	"EE_scRNA-seq"	NA	1
"GAAGCAGGTCAGATAA"	0	"SRX5979983"	"SRP200614"	"intestine"	"class I-m EE cell"	NA	NA	NA	"FBbt:00058002"	"adult middle midgut class I enteroendocrine cell (Drosophila)"	"perfect match"	"EE_scRNA-seq"	NA	1
"GAAGCAGGTCGAGTTT"	0	"SRX5979983"	"SRP200614"	"intestine"	"class I-m EE cell"	NA	NA	NA	"FBbt:00058002"	"adult middle midgut class I enteroendocrine cell (Drosophila)"	"perfect match"	"EE_scRNA-seq"	NA	1
"GAAGCAGGTTACAGAA"	0	"SRX5979983"	"SRP200614"	"intestine"	"class I-m EE cell"	NA	NA	NA	"FBbt:00058002"	"adult middle midgut class I enteroendocrine cell (Drosophila)"	"perfect match"	"EE_scRNA-seq"	NA	1
"GAAGCAGTCCCACTTG"	0	"SRX5979983"	"SRP200614"	"intestine"	"class I-m EE cell"	NA	NA	NA	"FBbt:00058002"	"adult middle midgut class I enteroendocrine cell (Drosophila)"	"perfect match"	"EE_scRNA-seq"	NA	1
"GAATAAGAGCAGCCTC"	7	"SRX5979983"	"SRP200614"	"intestine"	"class II-p EE cell"	NA	NA	NA	"FBbt:00058006"	"adult posterior midgut class II enteroendocrine cell (Drosophila)"	"perfect match"	"EE_scRNA-seq"	NA	7
"GAATAAGAGCGTTGCC"	1	"SRX5979983"	"SRP200614"	"intestine"	"class II-m1 EE cell"	NA	NA	NA	"FBbt:00058005"	"adult middle midgut class II enteroendocrine cell (Drosophila)"	"perfect match"	"EE_scRNA-seq"	NA	3
"GAATAAGCAAAGCAAT"	1	"SRX5979983"	"SRP200614"	"intestine"	"class II-m1 EE cell"	NA	NA	NA	"FBbt:00058005"	"adult middle midgut class II enteroendocrine cell (Drosophila)"	"perfect match"	"EE_scRNA-seq"	NA	3
"GAATAAGCATATGGTC"	7	"SRX5979983"	"SRP200614"	"intestine"	"class II-p EE cell"	NA	NA	NA	"FBbt:00058006"	"adult posterior midgut class II enteroendocrine cell (Drosophila)"	"perfect match"	"EE_scRNA-seq"	NA	7
"GAATAAGCATGTTGAC"	2	"SRX5979983"	"SRP200614"	"intestine"	"class I-ap EE cell"	NA	NA	NA	"FBbt:00058000"	"adult class I enteroendocrine cell (Drosophila)"	"other"	"EE_scRNA-seq"	NA	5
"GAATAAGGTCCCGACA"	1	"SRX5979983"	"SRP200614"	"intestine"	"class II-m1 EE cell"	NA	NA	NA	"FBbt:00058005"	"adult middle midgut class II enteroendocrine cell (Drosophila)"	"perfect match"	"EE_scRNA-seq"	NA	3
"GAATAAGGTCTGGTCG"	4	"SRX5979983"	"SRP200614"	"intestine"	"class II-m2 EE cell"	NA	NA	NA	"FBbt:00058005"	"adult middle midgut class II enteroendocrine cell (Drosophila)"	"perfect match"	"EE_scRNA-seq"	NA	8
"GAATAAGTCAATCACG"	1	"SRX5979983"	"SRP200614"	"intestine"	"class II-m1 EE cell"	NA	NA	NA	"FBbt:00058005"	"adult middle midgut class II enteroendocrine cell (Drosophila)"	"perfect match"	"EE_scRNA-seq"	NA	3
"GAATAAGTCAGAAATG"	0	"SRX5979983"	"SRP200614"	"intestine"	"class I-m EE cell"	NA	NA	NA	"FBbt:00058002"	"adult middle midgut class I enteroendocrine cell (Drosophila)"	"perfect match"	"EE_scRNA-seq"	NA	1
"GAATAAGTCCGCATAA"	6	"SRX5979983"	"SRP200614"	"intestine"	"class I-p AstA EE cell"	NA	NA	NA	"FBbt:00058003"	"adult posterior midgut class I enteroendocrine cell (Drosophila)"	"missing child term"	"EE_scRNA-seq"	NA	6
"GAATAAGTCTCGCTTG"	6	"SRX5979983"	"SRP200614"	"intestine"	"class I-p AstA EE cell"	NA	NA	NA	"FBbt:00058003"	"adult posterior midgut class I enteroendocrine cell (Drosophila)"	"missing child term"	"EE_scRNA-seq"	NA	6
"GAATGAAAGGAGTTGC"	1	"SRX5979983"	"SRP200614"	"intestine"	"class II-m1 EE cell"	NA	NA	NA	"FBbt:00058005"	"adult middle midgut class II enteroendocrine cell (Drosophila)"	"perfect match"	"EE_scRNA-seq"	NA	3
"GAATGAAGTATCAGTC"	0	"SRX5979983"	"SRP200614"	"intestine"	"class I-m EE cell"	NA	NA	NA	"FBbt:00058002"	"adult middle midgut class I enteroendocrine cell (Drosophila)"	"perfect match"	"EE_scRNA-seq"	NA	1
"GAATGAATCAGTTCGA"	3	"SRX5979983"	"SRP200614"	"intestine"	"class II-a EE cell"	NA	NA	NA	"FBbt:00058004"	"adult anterior midgut class II enteroendocrine cell (Drosophila)"	"perfect match"	"EE_scRNA-seq"	NA	9
"GACACGCAGCAGATCG"	3	"SRX5979983"	"SRP200614"	"intestine"	"class II-a EE cell"	NA	NA	NA	"FBbt:00058004"	"adult anterior midgut class II enteroendocrine cell (Drosophila)"	"perfect match"	"EE_scRNA-seq"	NA	9
"GACACGCAGGGTTTCT"	1	"SRX5979983"	"SRP200614"	"intestine"	"class II-m1 EE cell"	NA	NA	NA	"FBbt:00058005"	"adult middle midgut class II enteroendocrine cell (Drosophila)"	"perfect match"	"EE_scRNA-seq"	NA	3
"GACACGCAGTGTTGAA"	7	"SRX5979983"	"SRP200614"	"intestine"	"class II-p EE cell"	NA	NA	NA	"FBbt:00058006"	"adult posterior midgut class II enteroendocrine cell (Drosophila)"	"perfect match"	"EE_scRNA-seq"	NA	7
"GACACGCCAAGTCTAC"	5	"SRX5979983"	"SRP200614"	"intestine"	"class I-p CCHa1 EE cell"	NA	NA	NA	"FBbt:00058003"	"adult posterior midgut class I enteroendocrine cell (Drosophila)"	"missing child term"	"EE_scRNA-seq"	NA	4
"GACACGCGTAGCGCTC"	0	"SRX5979983"	"SRP200614"	"intestine"	"class I-m EE cell"	NA	NA	NA	"FBbt:00058002"	"adult middle midgut class I enteroendocrine cell (Drosophila)"	"perfect match"	"EE_scRNA-seq"	NA	1
"GACACGCGTGACAAAT"	0	"SRX5979983"	"SRP200614"	"intestine"	"class I-m EE cell"	NA	NA	NA	"FBbt:00058002"	"adult middle midgut class I enteroendocrine cell (Drosophila)"	"perfect match"	"EE_scRNA-seq"	NA	1
"GACACGCGTGTGAATA"	1	"SRX5979983"	"SRP200614"	"intestine"	"class II-m1 EE cell"	NA	NA	NA	"FBbt:00058005"	"adult middle midgut class II enteroendocrine cell (Drosophila)"	"perfect match"	"EE_scRNA-seq"	NA	3
"GACACGCGTTCTGTTT"	5	"SRX5979983"	"SRP200614"	"intestine"	"class I-p CCHa1 EE cell"	NA	NA	NA	"FBbt:00058003"	"adult posterior midgut class I enteroendocrine cell (Drosophila)"	"missing child term"	"EE_scRNA-seq"	NA	4
"GACACGCTCAACACGT"	1	"SRX5979983"	"SRP200614"	"intestine"	"class II-m1 EE cell"	NA	NA	NA	"FBbt:00058005"	"adult middle midgut class II enteroendocrine cell (Drosophila)"	"perfect match"	"EE_scRNA-seq"	NA	3
"GACAGAGCACCCAGTG"	1	"SRX5979983"	"SRP200614"	"intestine"	"class II-m1 EE cell"	NA	NA	NA	"FBbt:00058005"	"adult middle midgut class II enteroendocrine cell (Drosophila)"	"perfect match"	"EE_scRNA-seq"	NA	3
"GACAGAGCAGCATGAG"	3	"SRX5979983"	"SRP200614"	"intestine"	"class II-a EE cell"	NA	NA	NA	"FBbt:00058004"	"adult anterior midgut class II enteroendocrine cell (Drosophila)"	"perfect match"	"EE_scRNA-seq"	NA	9
"GACAGAGCATGTCGAT"	7	"SRX5979983"	"SRP200614"	"intestine"	"class II-p EE cell"	NA	NA	NA	"FBbt:00058006"	"adult posterior midgut class II enteroendocrine cell (Drosophila)"	"perfect match"	"EE_scRNA-seq"	NA	7
"GACAGAGGTAAGAGGA"	2	"SRX5979983"	"SRP200614"	"intestine"	"class I-ap EE cell"	NA	NA	NA	"FBbt:00058000"	"adult class I enteroendocrine cell (Drosophila)"	"other"	"EE_scRNA-seq"	NA	5
"GACAGAGGTGGGTATG"	4	"SRX5979983"	"SRP200614"	"intestine"	"class II-m2 EE cell"	NA	NA	NA	"FBbt:00058005"	"adult middle midgut class II enteroendocrine cell (Drosophila)"	"perfect match"	"EE_scRNA-seq"	NA	8
"GACAGAGTCACATACG"	4	"SRX5979983"	"SRP200614"	"intestine"	"class II-m2 EE cell"	NA	NA	NA	"FBbt:00058005"	"adult middle midgut class II enteroendocrine cell (Drosophila)"	"perfect match"	"EE_scRNA-seq"	NA	8
"GACAGAGTCAGCTTAG"	0	"SRX5979983"	"SRP200614"	"intestine"	"class I-m EE cell"	NA	NA	NA	"FBbt:00058002"	"adult middle midgut class I enteroendocrine cell (Drosophila)"	"perfect match"	"EE_scRNA-seq"	NA	1
"GACAGAGTCATACGGT"	3	"SRX5979983"	"SRP200614"	"intestine"	"class II-a EE cell"	NA	NA	NA	"FBbt:00058004"	"adult anterior midgut class II enteroendocrine cell (Drosophila)"	"perfect match"	"EE_scRNA-seq"	NA	9
"GACAGAGTCGGTGTCG"	4	"SRX5979983"	"SRP200614"	"intestine"	"class II-m2 EE cell"	NA	NA	NA	"FBbt:00058005"	"adult middle midgut class II enteroendocrine cell (Drosophila)"	"perfect match"	"EE_scRNA-seq"	NA	8
"GACAGAGTCTCTTATG"	8	"SRX5979983"	"SRP200614"	"intestine"	"class I-a EE cell"	NA	NA	NA	"FBbt:00058001"	"adult anterior midgut class I enteroendocrine cell (Drosophila)"	"perfect match"	"EE_scRNA-seq"	NA	2
"GACCAATAGTACATGA"	6	"SRX5979983"	"SRP200614"	"intestine"	"class I-p AstA EE cell"	NA	NA	NA	"FBbt:00058003"	"adult posterior midgut class I enteroendocrine cell (Drosophila)"	"missing child term"	"EE_scRNA-seq"	NA	6
"GACCAATCAACGATGG"	4	"SRX5979983"	"SRP200614"	"intestine"	"class II-m2 EE cell"	NA	NA	NA	"FBbt:00058005"	"adult middle midgut class II enteroendocrine cell (Drosophila)"	"perfect match"	"EE_scRNA-seq"	NA	8
"GACCAATCACCAGATT"	7	"SRX5979983"	"SRP200614"	"intestine"	"class II-p EE cell"	NA	NA	NA	"FBbt:00058006"	"adult posterior midgut class II enteroendocrine cell (Drosophila)"	"perfect match"	"EE_scRNA-seq"	NA	7
"GACCAATCATGATCCA"	0	"SRX5979983"	"SRP200614"	"intestine"	"class I-m EE cell"	NA	NA	NA	"FBbt:00058002"	"adult middle midgut class I enteroendocrine cell (Drosophila)"	"perfect match"	"EE_scRNA-seq"	NA	1
"GACCAATGTCTAAACC"	2	"SRX5979983"	"SRP200614"	"intestine"	"class I-ap EE cell"	NA	NA	NA	"FBbt:00058000"	"adult class I enteroendocrine cell (Drosophila)"	"other"	"EE_scRNA-seq"	NA	5
"GACCAATGTGCAGACA"	9	"SRX5979983"	"SRP200614"	"intestine"	"class III EE cell"	NA	NA	NA	"FBbt:00058200"	"adult class III enteroendocrine cell (Drosophila)"	"perfect match"	"EE_scRNA-seq"	NA	11
"GACCAATGTTAGTGGG"	2	"SRX5979983"	"SRP200614"	"intestine"	"class I-ap EE cell"	NA	NA	NA	"FBbt:00058000"	"adult class I enteroendocrine cell (Drosophila)"	"other"	"EE_scRNA-seq"	NA	5
"GACCAATTCAAAGACA"	2	"SRX5979983"	"SRP200614"	"intestine"	"class I-ap EE cell"	NA	NA	NA	"FBbt:00058000"	"adult class I enteroendocrine cell (Drosophila)"	"other"	"EE_scRNA-seq"	NA	5
"GACCAATTCAGCCTAA"	8	"SRX5979983"	"SRP200614"	"intestine"	"class I-a EE cell"	NA	NA	NA	"FBbt:00058001"	"adult anterior midgut class I enteroendocrine cell (Drosophila)"	"perfect match"	"EE_scRNA-seq"	NA	2
"GACCTGGAGATGTTAG"	4	"SRX5979983"	"SRP200614"	"intestine"	"class II-m2 EE cell"	NA	NA	NA	"FBbt:00058005"	"adult middle midgut class II enteroendocrine cell (Drosophila)"	"perfect match"	"EE_scRNA-seq"	NA	8
"GACCTGGCACACTGCG"	1	"SRX5979983"	"SRP200614"	"intestine"	"class II-m1 EE cell"	NA	NA	NA	"FBbt:00058005"	"adult middle midgut class II enteroendocrine cell (Drosophila)"	"perfect match"	"EE_scRNA-seq"	NA	3
"GACCTGGCATTTGCTT"	4	"SRX5979983"	"SRP200614"	"intestine"	"class II-m2 EE cell"	NA	NA	NA	"FBbt:00058005"	"adult middle midgut class II enteroendocrine cell (Drosophila)"	"perfect match"	"EE_scRNA-seq"	NA	8
"GACCTGGGTACTTAGC"	1	"SRX5979983"	"SRP200614"	"intestine"	"class II-m1 EE cell"	NA	NA	NA	"FBbt:00058005"	"adult middle midgut class II enteroendocrine cell (Drosophila)"	"perfect match"	"EE_scRNA-seq"	NA	3
"GACCTGGGTAGCAAAT"	0	"SRX5979983"	"SRP200614"	"intestine"	"class I-m EE cell"	NA	NA	NA	"FBbt:00058002"	"adult middle midgut class I enteroendocrine cell (Drosophila)"	"perfect match"	"EE_scRNA-seq"	NA	1
"GACCTGGGTCGCTTTC"	1	"SRX5979983"	"SRP200614"	"intestine"	"class II-m1 EE cell"	NA	NA	NA	"FBbt:00058005"	"adult middle midgut class II enteroendocrine cell (Drosophila)"	"perfect match"	"EE_scRNA-seq"	NA	3
"GACCTGGGTCTAGTCA"	0	"SRX5979983"	"SRP200614"	"intestine"	"class I-m EE cell"	NA	NA	NA	"FBbt:00058002"	"adult middle midgut class I enteroendocrine cell (Drosophila)"	"perfect match"	"EE_scRNA-seq"	NA	1
"GACCTGGGTTAGTGGG"	3	"SRX5979983"	"SRP200614"	"intestine"	"class II-a EE cell"	NA	NA	NA	"FBbt:00058004"	"adult anterior midgut class II enteroendocrine cell (Drosophila)"	"perfect match"	"EE_scRNA-seq"	NA	9
"GACGCGTAGTACGATA"	8	"SRX5979983"	"SRP200614"	"intestine"	"class I-a EE cell"	NA	NA	NA	"FBbt:00058001"	"adult anterior midgut class I enteroendocrine cell (Drosophila)"	"perfect match"	"EE_scRNA-seq"	NA	2
"GACGCGTAGTCCGTAT"	2	"SRX5979983"	"SRP200614"	"intestine"	"class I-ap EE cell"	NA	NA	NA	"FBbt:00058000"	"adult class I enteroendocrine cell (Drosophila)"	"other"	"EE_scRNA-seq"	NA	5
"GACGCGTCAAGAAGAG"	0	"SRX5979983"	"SRP200614"	"intestine"	"class I-m EE cell"	NA	NA	NA	"FBbt:00058002"	"adult middle midgut class I enteroendocrine cell (Drosophila)"	"perfect match"	"EE_scRNA-seq"	NA	1
"GACGCGTCACGAAAGC"	4	"SRX5979983"	"SRP200614"	"intestine"	"class II-m2 EE cell"	NA	NA	NA	"FBbt:00058005"	"adult middle midgut class II enteroendocrine cell (Drosophila)"	"perfect match"	"EE_scRNA-seq"	NA	8
"GACGCGTCAGCTCGCA"	3	"SRX5979983"	"SRP200614"	"intestine"	"class II-a EE cell"	NA	NA	NA	"FBbt:00058004"	"adult anterior midgut class II enteroendocrine cell (Drosophila)"	"perfect match"	"EE_scRNA-seq"	NA	9
"GACGCGTCATGCATGT"	2	"SRX5979983"	"SRP200614"	"intestine"	"class I-ap EE cell"	NA	NA	NA	"FBbt:00058000"	"adult class I enteroendocrine cell (Drosophila)"	"other"	"EE_scRNA-seq"	NA	5
"GACGCGTCATTGAGCT"	3	"SRX5979983"	"SRP200614"	"intestine"	"class II-a EE cell"	NA	NA	NA	"FBbt:00058004"	"adult anterior midgut class II enteroendocrine cell (Drosophila)"	"perfect match"	"EE_scRNA-seq"	NA	9
"GACGCGTCATTGGGCC"	9	"SRX5979983"	"SRP200614"	"intestine"	"class III EE cell"	NA	NA	NA	"FBbt:00058200"	"adult class III enteroendocrine cell (Drosophila)"	"perfect match"	"EE_scRNA-seq"	NA	11
"GACGCGTGTAATCGTC"	5	"SRX5979983"	"SRP200614"	"intestine"	"class I-p CCHa1 EE cell"	NA	NA	NA	"FBbt:00058003"	"adult posterior midgut class I enteroendocrine cell (Drosophila)"	"missing child term"	"EE_scRNA-seq"	NA	4
"GACGCGTTCTTAACCT"	2	"SRX5979983"	"SRP200614"	"intestine"	"class I-ap EE cell"	NA	NA	NA	"FBbt:00058000"	"adult class I enteroendocrine cell (Drosophila)"	"other"	"EE_scRNA-seq"	NA	5
"GACGCGTTCTTATCTG"	5	"SRX5979983"	"SRP200614"	"intestine"	"class I-p CCHa1 EE cell"	NA	NA	NA	"FBbt:00058003"	"adult posterior midgut class I enteroendocrine cell (Drosophila)"	"missing child term"	"EE_scRNA-seq"	NA	4
"GACGGCTAGAGTGAGA"	1	"SRX5979983"	"SRP200614"	"intestine"	"class II-m1 EE cell"	NA	NA	NA	"FBbt:00058005"	"adult middle midgut class II enteroendocrine cell (Drosophila)"	"perfect match"	"EE_scRNA-seq"	NA	3
"GACGGCTAGGAGTACC"	2	"SRX5979983"	"SRP200614"	"intestine"	"class I-ap EE cell"	NA	NA	NA	"FBbt:00058000"	"adult class I enteroendocrine cell (Drosophila)"	"other"	"EE_scRNA-seq"	NA	5
"GACGGCTAGTGCCATT"	3	"SRX5979983"	"SRP200614"	"intestine"	"class II-a EE cell"	NA	NA	NA	"FBbt:00058004"	"adult anterior midgut class II enteroendocrine cell (Drosophila)"	"perfect match"	"EE_scRNA-seq"	NA	9
"GACGGCTAGTTGTAGA"	1	"SRX5979983"	"SRP200614"	"intestine"	"class II-m1 EE cell"	NA	NA	NA	"FBbt:00058005"	"adult middle midgut class II enteroendocrine cell (Drosophila)"	"perfect match"	"EE_scRNA-seq"	NA	3
"GACGGCTCACCAACCG"	0	"SRX5979983"	"SRP200614"	"intestine"	"class I-m EE cell"	NA	NA	NA	"FBbt:00058002"	"adult middle midgut class I enteroendocrine cell (Drosophila)"	"perfect match"	"EE_scRNA-seq"	NA	1
"GACGGCTGTGCAGTAG"	2	"SRX5979983"	"SRP200614"	"intestine"	"class I-ap EE cell"	NA	NA	NA	"FBbt:00058000"	"adult class I enteroendocrine cell (Drosophila)"	"other"	"EE_scRNA-seq"	NA	5
"GACGGCTTCCACGTTC"	3	"SRX5979983"	"SRP200614"	"intestine"	"class II-a EE cell"	NA	NA	NA	"FBbt:00058004"	"adult anterior midgut class II enteroendocrine cell (Drosophila)"	"perfect match"	"EE_scRNA-seq"	NA	9
"GACGGCTTCCGTAGGC"	1	"SRX5979983"	"SRP200614"	"intestine"	"class II-m1 EE cell"	NA	NA	NA	"FBbt:00058005"	"adult middle midgut class II enteroendocrine cell (Drosophila)"	"perfect match"	"EE_scRNA-seq"	NA	3
"GACGTGCAGCGGCTTC"	0	"SRX5979983"	"SRP200614"	"intestine"	"class I-m EE cell"	NA	NA	NA	"FBbt:00058002"	"adult middle midgut class I enteroendocrine cell (Drosophila)"	"perfect match"	"EE_scRNA-seq"	NA	1
"GACGTGCCAAGCGTAG"	3	"SRX5979983"	"SRP200614"	"intestine"	"class II-a EE cell"	NA	NA	NA	"FBbt:00058004"	"adult anterior midgut class II enteroendocrine cell (Drosophila)"	"perfect match"	"EE_scRNA-seq"	NA	9
"GACGTGCCAATGTTGC"	0	"SRX5979983"	"SRP200614"	"intestine"	"class I-m EE cell"	NA	NA	NA	"FBbt:00058002"	"adult middle midgut class I enteroendocrine cell (Drosophila)"	"perfect match"	"EE_scRNA-seq"	NA	1
"GACGTGCCATAAGACA"	5	"SRX5979983"	"SRP200614"	"intestine"	"class I-p CCHa1 EE cell"	NA	NA	NA	"FBbt:00058003"	"adult posterior midgut class I enteroendocrine cell (Drosophila)"	"missing child term"	"EE_scRNA-seq"	NA	4
"GACGTGCGTCTAGGTT"	3	"SRX5979983"	"SRP200614"	"intestine"	"class II-a EE cell"	NA	NA	NA	"FBbt:00058004"	"adult anterior midgut class II enteroendocrine cell (Drosophila)"	"perfect match"	"EE_scRNA-seq"	NA	9
"GACGTGCGTCTTGATG"	0	"SRX5979983"	"SRP200614"	"intestine"	"class I-m EE cell"	NA	NA	NA	"FBbt:00058002"	"adult middle midgut class I enteroendocrine cell (Drosophila)"	"perfect match"	"EE_scRNA-seq"	NA	1
"GACGTGCGTTTGCATG"	7	"SRX5979983"	"SRP200614"	"intestine"	"class II-p EE cell"	NA	NA	NA	"FBbt:00058006"	"adult posterior midgut class II enteroendocrine cell (Drosophila)"	"perfect match"	"EE_scRNA-seq"	NA	7
"GACGTGCTCCAAACAC"	1	"SRX5979983"	"SRP200614"	"intestine"	"class II-m1 EE cell"	NA	NA	NA	"FBbt:00058005"	"adult middle midgut class II enteroendocrine cell (Drosophila)"	"perfect match"	"EE_scRNA-seq"	NA	3
"GACGTTAAGAGTAAGG"	4	"SRX5979983"	"SRP200614"	"intestine"	"class II-m2 EE cell"	NA	NA	NA	"FBbt:00058005"	"adult middle midgut class II enteroendocrine cell (Drosophila)"	"perfect match"	"EE_scRNA-seq"	NA	8
"GACGTTAAGCAGATCG"	3	"SRX5979983"	"SRP200614"	"intestine"	"class II-a EE cell"	NA	NA	NA	"FBbt:00058004"	"adult anterior midgut class II enteroendocrine cell (Drosophila)"	"perfect match"	"EE_scRNA-seq"	NA	9
"GACGTTAAGGCTATCT"	7	"SRX5979983"	"SRP200614"	"intestine"	"class II-p EE cell"	NA	NA	NA	"FBbt:00058006"	"adult posterior midgut class II enteroendocrine cell (Drosophila)"	"perfect match"	"EE_scRNA-seq"	NA	7
"GACGTTAAGGGCTCTC"	3	"SRX5979983"	"SRP200614"	"intestine"	"class II-a EE cell"	NA	NA	NA	"FBbt:00058004"	"adult anterior midgut class II enteroendocrine cell (Drosophila)"	"perfect match"	"EE_scRNA-seq"	NA	9
"GACGTTAAGTGGGCTA"	1	"SRX5979983"	"SRP200614"	"intestine"	"class II-m1 EE cell"	NA	NA	NA	"FBbt:00058005"	"adult middle midgut class II enteroendocrine cell (Drosophila)"	"perfect match"	"EE_scRNA-seq"	NA	3
"GACGTTAGTAAACGCG"	1	"SRX5979983"	"SRP200614"	"intestine"	"class II-m1 EE cell"	NA	NA	NA	"FBbt:00058005"	"adult middle midgut class II enteroendocrine cell (Drosophila)"	"perfect match"	"EE_scRNA-seq"	NA	3
"GACGTTAGTAGAAAGG"	8	"SRX5979983"	"SRP200614"	"intestine"	"class I-a EE cell"	NA	NA	NA	"FBbt:00058001"	"adult anterior midgut class I enteroendocrine cell (Drosophila)"	"perfect match"	"EE_scRNA-seq"	NA	2
"GACGTTAGTAGCGTAG"	0	"SRX5979983"	"SRP200614"	"intestine"	"class I-m EE cell"	NA	NA	NA	"FBbt:00058002"	"adult middle midgut class I enteroendocrine cell (Drosophila)"	"perfect match"	"EE_scRNA-seq"	NA	1
"GACGTTAGTATCAGTC"	0	"SRX5979983"	"SRP200614"	"intestine"	"class I-m EE cell"	NA	NA	NA	"FBbt:00058002"	"adult middle midgut class I enteroendocrine cell (Drosophila)"	"perfect match"	"EE_scRNA-seq"	NA	1
"GACGTTAGTATTCGTG"	10	"SRX5979983"	"SRP200614"	"intestine"	"EE progenitor cell"	NA	NA	NA	"FBbt:00049284"	"adult enteroendocrine precursor cell (Drosophila)"	"perfect match"	"EE_scRNA-seq"	NA	10
"GACGTTAGTCCATGAT"	7	"SRX5979983"	"SRP200614"	"intestine"	"class II-p EE cell"	NA	NA	NA	"FBbt:00058006"	"adult posterior midgut class II enteroendocrine cell (Drosophila)"	"perfect match"	"EE_scRNA-seq"	NA	7
"GACGTTAGTGAGGCTA"	3	"SRX5979983"	"SRP200614"	"intestine"	"class II-a EE cell"	NA	NA	NA	"FBbt:00058004"	"adult anterior midgut class II enteroendocrine cell (Drosophila)"	"perfect match"	"EE_scRNA-seq"	NA	9
"GACTAACAGAGGTTAT"	1	"SRX5979983"	"SRP200614"	"intestine"	"class II-m1 EE cell"	NA	NA	NA	"FBbt:00058005"	"adult middle midgut class II enteroendocrine cell (Drosophila)"	"perfect match"	"EE_scRNA-seq"	NA	3
"GACTAACAGTGATCGG"	0	"SRX5979983"	"SRP200614"	"intestine"	"class I-m EE cell"	NA	NA	NA	"FBbt:00058002"	"adult middle midgut class I enteroendocrine cell (Drosophila)"	"perfect match"	"EE_scRNA-seq"	NA	1
"GACTAACCAACGATCT"	1	"SRX5979983"	"SRP200614"	"intestine"	"class II-m1 EE cell"	NA	NA	NA	"FBbt:00058005"	"adult middle midgut class II enteroendocrine cell (Drosophila)"	"perfect match"	"EE_scRNA-seq"	NA	3
"GACTAACCAGTCAGCC"	3	"SRX5979983"	"SRP200614"	"intestine"	"class II-a EE cell"	NA	NA	NA	"FBbt:00058004"	"adult anterior midgut class II enteroendocrine cell (Drosophila)"	"perfect match"	"EE_scRNA-seq"	NA	9
"GACTAACCAGTGGGAT"	4	"SRX5979983"	"SRP200614"	"intestine"	"class II-m2 EE cell"	NA	NA	NA	"FBbt:00058005"	"adult middle midgut class II enteroendocrine cell (Drosophila)"	"perfect match"	"EE_scRNA-seq"	NA	8
"GACTAACGTCAGGACA"	0	"SRX5979983"	"SRP200614"	"intestine"	"class I-m EE cell"	NA	NA	NA	"FBbt:00058002"	"adult middle midgut class I enteroendocrine cell (Drosophila)"	"perfect match"	"EE_scRNA-seq"	NA	1
"GACTAACGTCCATCCT"	0	"SRX5979983"	"SRP200614"	"intestine"	"class I-m EE cell"	NA	NA	NA	"FBbt:00058002"	"adult middle midgut class I enteroendocrine cell (Drosophila)"	"perfect match"	"EE_scRNA-seq"	NA	1
"GACTAACGTGGCAAAC"	4	"SRX5979983"	"SRP200614"	"intestine"	"class II-m2 EE cell"	NA	NA	NA	"FBbt:00058005"	"adult middle midgut class II enteroendocrine cell (Drosophila)"	"perfect match"	"EE_scRNA-seq"	NA	8
"GACTAACTCTGCCAGG"	1	"SRX5979983"	"SRP200614"	"intestine"	"class II-m1 EE cell"	NA	NA	NA	"FBbt:00058005"	"adult middle midgut class II enteroendocrine cell (Drosophila)"	"perfect match"	"EE_scRNA-seq"	NA	3
"GACTAACTCTGGTATG"	9	"SRX5979983"	"SRP200614"	"intestine"	"class III EE cell"	NA	NA	NA	"FBbt:00058200"	"adult class III enteroendocrine cell (Drosophila)"	"perfect match"	"EE_scRNA-seq"	NA	11
"GACTACAAGAGCTGCA"	3	"SRX5979983"	"SRP200614"	"intestine"	"class II-a EE cell"	NA	NA	NA	"FBbt:00058004"	"adult anterior midgut class II enteroendocrine cell (Drosophila)"	"perfect match"	"EE_scRNA-seq"	NA	9
"GACTACAAGTGCCAGA"	6	"SRX5979983"	"SRP200614"	"intestine"	"class I-p AstA EE cell"	NA	NA	NA	"FBbt:00058003"	"adult posterior midgut class I enteroendocrine cell (Drosophila)"	"missing child term"	"EE_scRNA-seq"	NA	6
"GACTACAGTATATGGA"	4	"SRX5979983"	"SRP200614"	"intestine"	"class II-m2 EE cell"	NA	NA	NA	"FBbt:00058005"	"adult middle midgut class II enteroendocrine cell (Drosophila)"	"perfect match"	"EE_scRNA-seq"	NA	8
"GACTACAGTCACCTAA"	1	"SRX5979983"	"SRP200614"	"intestine"	"class II-m1 EE cell"	NA	NA	NA	"FBbt:00058005"	"adult middle midgut class II enteroendocrine cell (Drosophila)"	"perfect match"	"EE_scRNA-seq"	NA	3
"GACTACATCTGGCGAC"	2	"SRX5979983"	"SRP200614"	"intestine"	"class I-ap EE cell"	NA	NA	NA	"FBbt:00058000"	"adult class I enteroendocrine cell (Drosophila)"	"other"	"EE_scRNA-seq"	NA	5
"GACTGCGCATCCTTGC"	1	"SRX5979983"	"SRP200614"	"intestine"	"class II-m1 EE cell"	NA	NA	NA	"FBbt:00058005"	"adult middle midgut class II enteroendocrine cell (Drosophila)"	"perfect match"	"EE_scRNA-seq"	NA	3
"GACTGCGGTATAGTAG"	0	"SRX5979983"	"SRP200614"	"intestine"	"class I-m EE cell"	NA	NA	NA	"FBbt:00058002"	"adult middle midgut class I enteroendocrine cell (Drosophila)"	"perfect match"	"EE_scRNA-seq"	NA	1
"GACTGCGGTTGGTAAA"	1	"SRX5979983"	"SRP200614"	"intestine"	"class II-m1 EE cell"	NA	NA	NA	"FBbt:00058005"	"adult middle midgut class II enteroendocrine cell (Drosophila)"	"perfect match"	"EE_scRNA-seq"	NA	3
"GACTGCGTCCGCATAA"	7	"SRX5979983"	"SRP200614"	"intestine"	"class II-p EE cell"	NA	NA	NA	"FBbt:00058006"	"adult posterior midgut class II enteroendocrine cell (Drosophila)"	"perfect match"	"EE_scRNA-seq"	NA	7
"GACTGCGTCCTTGCCA"	3	"SRX5979983"	"SRP200614"	"intestine"	"class II-a EE cell"	NA	NA	NA	"FBbt:00058004"	"adult anterior midgut class II enteroendocrine cell (Drosophila)"	"perfect match"	"EE_scRNA-seq"	NA	9
"GACTGCGTCGCAGGCT"	2	"SRX5979983"	"SRP200614"	"intestine"	"class I-ap EE cell"	NA	NA	NA	"FBbt:00058000"	"adult class I enteroendocrine cell (Drosophila)"	"other"	"EE_scRNA-seq"	NA	5
"GACTGCGTCTGATACG"	7	"SRX5979983"	"SRP200614"	"intestine"	"class II-p EE cell"	NA	NA	NA	"FBbt:00058006"	"adult posterior midgut class II enteroendocrine cell (Drosophila)"	"perfect match"	"EE_scRNA-seq"	NA	7
"GAGCAGAAGCTGTTCA"	5	"SRX5979983"	"SRP200614"	"intestine"	"class I-p CCHa1 EE cell"	NA	NA	NA	"FBbt:00058003"	"adult posterior midgut class I enteroendocrine cell (Drosophila)"	"missing child term"	"EE_scRNA-seq"	NA	4
"GAGCAGAAGGATGGTC"	7	"SRX5979983"	"SRP200614"	"intestine"	"class II-p EE cell"	NA	NA	NA	"FBbt:00058006"	"adult posterior midgut class II enteroendocrine cell (Drosophila)"	"perfect match"	"EE_scRNA-seq"	NA	7
"GAGCAGACAAATCCGT"	1	"SRX5979983"	"SRP200614"	"intestine"	"class II-m1 EE cell"	NA	NA	NA	"FBbt:00058005"	"adult middle midgut class II enteroendocrine cell (Drosophila)"	"perfect match"	"EE_scRNA-seq"	NA	3
"GAGCAGACAACGATGG"	8	"SRX5979983"	"SRP200614"	"intestine"	"class I-a EE cell"	NA	NA	NA	"FBbt:00058001"	"adult anterior midgut class I enteroendocrine cell (Drosophila)"	"perfect match"	"EE_scRNA-seq"	NA	2
"GAGCAGACACCTCGGA"	7	"SRX5979983"	"SRP200614"	"intestine"	"class II-p EE cell"	NA	NA	NA	"FBbt:00058006"	"adult posterior midgut class II enteroendocrine cell (Drosophila)"	"perfect match"	"EE_scRNA-seq"	NA	7
"GAGCAGACAGCGATCC"	1	"SRX5979983"	"SRP200614"	"intestine"	"class II-m1 EE cell"	NA	NA	NA	"FBbt:00058005"	"adult middle midgut class II enteroendocrine cell (Drosophila)"	"perfect match"	"EE_scRNA-seq"	NA	3
"GAGCAGAGTACCATCA"	6	"SRX5979983"	"SRP200614"	"intestine"	"class I-p AstA EE cell"	NA	NA	NA	"FBbt:00058003"	"adult posterior midgut class I enteroendocrine cell (Drosophila)"	"missing child term"	"EE_scRNA-seq"	NA	6
"GAGCAGAGTACGACCC"	2	"SRX5979983"	"SRP200614"	"intestine"	"class I-ap EE cell"	NA	NA	NA	"FBbt:00058000"	"adult class I enteroendocrine cell (Drosophila)"	"other"	"EE_scRNA-seq"	NA	5
"GAGCAGAGTATTCGTG"	6	"SRX5979983"	"SRP200614"	"intestine"	"class I-p AstA EE cell"	NA	NA	NA	"FBbt:00058003"	"adult posterior midgut class I enteroendocrine cell (Drosophila)"	"missing child term"	"EE_scRNA-seq"	NA	6
"GAGCAGAGTTCCAACA"	3	"SRX5979983"	"SRP200614"	"intestine"	"class II-a EE cell"	NA	NA	NA	"FBbt:00058004"	"adult anterior midgut class II enteroendocrine cell (Drosophila)"	"perfect match"	"EE_scRNA-seq"	NA	9
"GAGCAGATCCACGTTC"	8	"SRX5979983"	"SRP200614"	"intestine"	"class I-a EE cell"	NA	NA	NA	"FBbt:00058001"	"adult anterior midgut class I enteroendocrine cell (Drosophila)"	"perfect match"	"EE_scRNA-seq"	NA	2
"GAGCAGATCGATGAGG"	1	"SRX5979983"	"SRP200614"	"intestine"	"class II-m1 EE cell"	NA	NA	NA	"FBbt:00058005"	"adult middle midgut class II enteroendocrine cell (Drosophila)"	"perfect match"	"EE_scRNA-seq"	NA	3
"GAGGTGAAGACAAGCC"	2	"SRX5979983"	"SRP200614"	"intestine"	"class I-ap EE cell"	NA	NA	NA	"FBbt:00058000"	"adult class I enteroendocrine cell (Drosophila)"	"other"	"EE_scRNA-seq"	NA	5
"GAGGTGACAACTGCGC"	4	"SRX5979983"	"SRP200614"	"intestine"	"class II-m2 EE cell"	NA	NA	NA	"FBbt:00058005"	"adult middle midgut class II enteroendocrine cell (Drosophila)"	"perfect match"	"EE_scRNA-seq"	NA	8
"GAGGTGACAATGAAAC"	4	"SRX5979983"	"SRP200614"	"intestine"	"class II-m2 EE cell"	NA	NA	NA	"FBbt:00058005"	"adult middle midgut class II enteroendocrine cell (Drosophila)"	"perfect match"	"EE_scRNA-seq"	NA	8
"GAGGTGACAGCTGTGC"	6	"SRX5979983"	"SRP200614"	"intestine"	"class I-p AstA EE cell"	NA	NA	NA	"FBbt:00058003"	"adult posterior midgut class I enteroendocrine cell (Drosophila)"	"missing child term"	"EE_scRNA-seq"	NA	6
"GAGGTGACATATGCTG"	0	"SRX5979983"	"SRP200614"	"intestine"	"class I-m EE cell"	NA	NA	NA	"FBbt:00058002"	"adult middle midgut class I enteroendocrine cell (Drosophila)"	"perfect match"	"EE_scRNA-seq"	NA	1
"GAGGTGAGTACTCGCG"	2	"SRX5979983"	"SRP200614"	"intestine"	"class I-ap EE cell"	NA	NA	NA	"FBbt:00058000"	"adult class I enteroendocrine cell (Drosophila)"	"other"	"EE_scRNA-seq"	NA	5
"GAGGTGAGTCAGAGGT"	1	"SRX5979983"	"SRP200614"	"intestine"	"class II-m1 EE cell"	NA	NA	NA	"FBbt:00058005"	"adult middle midgut class II enteroendocrine cell (Drosophila)"	"perfect match"	"EE_scRNA-seq"	NA	3
"GAGGTGAGTCTGCAAT"	7	"SRX5979983"	"SRP200614"	"intestine"	"class II-p EE cell"	NA	NA	NA	"FBbt:00058006"	"adult posterior midgut class II enteroendocrine cell (Drosophila)"	"perfect match"	"EE_scRNA-seq"	NA	7
"GAGGTGATCACATGCA"	0	"SRX5979983"	"SRP200614"	"intestine"	"class I-m EE cell"	NA	NA	NA	"FBbt:00058002"	"adult middle midgut class I enteroendocrine cell (Drosophila)"	"perfect match"	"EE_scRNA-seq"	NA	1
"GAGTCCGAGAGGACGG"	6	"SRX5979983"	"SRP200614"	"intestine"	"class I-p AstA EE cell"	NA	NA	NA	"FBbt:00058003"	"adult posterior midgut class I enteroendocrine cell (Drosophila)"	"missing child term"	"EE_scRNA-seq"	NA	6
"GAGTCCGAGGACCACA"	7	"SRX5979983"	"SRP200614"	"intestine"	"class II-p EE cell"	NA	NA	NA	"FBbt:00058006"	"adult posterior midgut class II enteroendocrine cell (Drosophila)"	"perfect match"	"EE_scRNA-seq"	NA	7
"GAGTCCGCACACCGAC"	10	"SRX5979983"	"SRP200614"	"intestine"	"EE progenitor cell"	NA	NA	NA	"FBbt:00049284"	"adult enteroendocrine precursor cell (Drosophila)"	"perfect match"	"EE_scRNA-seq"	NA	10
"GAGTCCGCAGCTGTAT"	6	"SRX5979983"	"SRP200614"	"intestine"	"class I-p AstA EE cell"	NA	NA	NA	"FBbt:00058003"	"adult posterior midgut class I enteroendocrine cell (Drosophila)"	"missing child term"	"EE_scRNA-seq"	NA	6
"GAGTCCGGTCTCTTTA"	1	"SRX5979983"	"SRP200614"	"intestine"	"class II-m1 EE cell"	NA	NA	NA	"FBbt:00058005"	"adult middle midgut class II enteroendocrine cell (Drosophila)"	"perfect match"	"EE_scRNA-seq"	NA	3
"GAGTCCGGTGACTACT"	2	"SRX5979983"	"SRP200614"	"intestine"	"class I-ap EE cell"	NA	NA	NA	"FBbt:00058000"	"adult class I enteroendocrine cell (Drosophila)"	"other"	"EE_scRNA-seq"	NA	5
"GATCAGTAGACTGGGT"	3	"SRX5979983"	"SRP200614"	"intestine"	"class II-a EE cell"	NA	NA	NA	"FBbt:00058004"	"adult anterior midgut class II enteroendocrine cell (Drosophila)"	"perfect match"	"EE_scRNA-seq"	NA	9
"GATCAGTAGCCTTGAT"	1	"SRX5979983"	"SRP200614"	"intestine"	"class II-m1 EE cell"	NA	NA	NA	"FBbt:00058005"	"adult middle midgut class II enteroendocrine cell (Drosophila)"	"perfect match"	"EE_scRNA-seq"	NA	3
"GATCAGTAGTGAAGAG"	3	"SRX5979983"	"SRP200614"	"intestine"	"class II-a EE cell"	NA	NA	NA	"FBbt:00058004"	"adult anterior midgut class II enteroendocrine cell (Drosophila)"	"perfect match"	"EE_scRNA-seq"	NA	9
"GATCAGTGTTAAGATG"	1	"SRX5979983"	"SRP200614"	"intestine"	"class II-m1 EE cell"	NA	NA	NA	"FBbt:00058005"	"adult middle midgut class II enteroendocrine cell (Drosophila)"	"perfect match"	"EE_scRNA-seq"	NA	3
"GATCGATAGCGGATCA"	8	"SRX5979983"	"SRP200614"	"intestine"	"class I-a EE cell"	NA	NA	NA	"FBbt:00058001"	"adult anterior midgut class I enteroendocrine cell (Drosophila)"	"perfect match"	"EE_scRNA-seq"	NA	2
"GATCGATAGCTTCGCG"	0	"SRX5979983"	"SRP200614"	"intestine"	"class I-m EE cell"	NA	NA	NA	"FBbt:00058002"	"adult middle midgut class I enteroendocrine cell (Drosophila)"	"perfect match"	"EE_scRNA-seq"	NA	1
"GATCGATAGTGCCATT"	10	"SRX5979983"	"SRP200614"	"intestine"	"EE progenitor cell"	NA	NA	NA	"FBbt:00049284"	"adult enteroendocrine precursor cell (Drosophila)"	"perfect match"	"EE_scRNA-seq"	NA	10
"GATCGATCAGACAAGC"	1	"SRX5979983"	"SRP200614"	"intestine"	"class II-m1 EE cell"	NA	NA	NA	"FBbt:00058005"	"adult middle midgut class II enteroendocrine cell (Drosophila)"	"perfect match"	"EE_scRNA-seq"	NA	3
"GATCGATCAGATTGCT"	0	"SRX5979983"	"SRP200614"	"intestine"	"class I-m EE cell"	NA	NA	NA	"FBbt:00058002"	"adult middle midgut class I enteroendocrine cell (Drosophila)"	"perfect match"	"EE_scRNA-seq"	NA	1
"GATCGATGTTATCGGT"	2	"SRX5979983"	"SRP200614"	"intestine"	"class I-ap EE cell"	NA	NA	NA	"FBbt:00058000"	"adult class I enteroendocrine cell (Drosophila)"	"other"	"EE_scRNA-seq"	NA	5
"GATCGATGTTATGCGT"	2	"SRX5979983"	"SRP200614"	"intestine"	"class I-ap EE cell"	NA	NA	NA	"FBbt:00058000"	"adult class I enteroendocrine cell (Drosophila)"	"other"	"EE_scRNA-seq"	NA	5
"GATCGATTCGGAAATA"	0	"SRX5979983"	"SRP200614"	"intestine"	"class I-m EE cell"	NA	NA	NA	"FBbt:00058002"	"adult middle midgut class I enteroendocrine cell (Drosophila)"	"perfect match"	"EE_scRNA-seq"	NA	1
"GATCGCGAGTACTTGC"	0	"SRX5979983"	"SRP200614"	"intestine"	"class I-m EE cell"	NA	NA	NA	"FBbt:00058002"	"adult middle midgut class I enteroendocrine cell (Drosophila)"	"perfect match"	"EE_scRNA-seq"	NA	1
"GATCGCGGTCTAGAGG"	2	"SRX5979983"	"SRP200614"	"intestine"	"class I-ap EE cell"	NA	NA	NA	"FBbt:00058000"	"adult class I enteroendocrine cell (Drosophila)"	"other"	"EE_scRNA-seq"	NA	5
"GATCGCGGTGACGCCT"	0	"SRX5979983"	"SRP200614"	"intestine"	"class I-m EE cell"	NA	NA	NA	"FBbt:00058002"	"adult middle midgut class I enteroendocrine cell (Drosophila)"	"perfect match"	"EE_scRNA-seq"	NA	1
"GATCGCGGTGTTTGTG"	4	"SRX5979983"	"SRP200614"	"intestine"	"class II-m2 EE cell"	NA	NA	NA	"FBbt:00058005"	"adult middle midgut class II enteroendocrine cell (Drosophila)"	"perfect match"	"EE_scRNA-seq"	NA	8
"GATCGCGGTTATGCGT"	1	"SRX5979983"	"SRP200614"	"intestine"	"class II-m1 EE cell"	NA	NA	NA	"FBbt:00058005"	"adult middle midgut class II enteroendocrine cell (Drosophila)"	"perfect match"	"EE_scRNA-seq"	NA	3
"GATCGCGTCAGCGACC"	0	"SRX5979983"	"SRP200614"	"intestine"	"class I-m EE cell"	NA	NA	NA	"FBbt:00058002"	"adult middle midgut class I enteroendocrine cell (Drosophila)"	"perfect match"	"EE_scRNA-seq"	NA	1
"GATCGCGTCAGTACGT"	1	"SRX5979983"	"SRP200614"	"intestine"	"class II-m1 EE cell"	NA	NA	NA	"FBbt:00058005"	"adult middle midgut class II enteroendocrine cell (Drosophila)"	"perfect match"	"EE_scRNA-seq"	NA	3
"GATCGCGTCTCAAGTG"	4	"SRX5979983"	"SRP200614"	"intestine"	"class II-m2 EE cell"	NA	NA	NA	"FBbt:00058005"	"adult middle midgut class II enteroendocrine cell (Drosophila)"	"perfect match"	"EE_scRNA-seq"	NA	8
"GATCGTAAGAACTCGG"	1	"SRX5979983"	"SRP200614"	"intestine"	"class II-m1 EE cell"	NA	NA	NA	"FBbt:00058005"	"adult middle midgut class II enteroendocrine cell (Drosophila)"	"perfect match"	"EE_scRNA-seq"	NA	3
"GATCGTAAGATCCCAT"	7	"SRX5979983"	"SRP200614"	"intestine"	"class II-p EE cell"	NA	NA	NA	"FBbt:00058006"	"adult posterior midgut class II enteroendocrine cell (Drosophila)"	"perfect match"	"EE_scRNA-seq"	NA	7
"GATCGTAAGGACTGGT"	2	"SRX5979983"	"SRP200614"	"intestine"	"class I-ap EE cell"	NA	NA	NA	"FBbt:00058000"	"adult class I enteroendocrine cell (Drosophila)"	"other"	"EE_scRNA-seq"	NA	5
"GATCGTAAGGCAGGTT"	0	"SRX5979983"	"SRP200614"	"intestine"	"class I-m EE cell"	NA	NA	NA	"FBbt:00058002"	"adult middle midgut class I enteroendocrine cell (Drosophila)"	"perfect match"	"EE_scRNA-seq"	NA	1
"GATCGTAAGGGTCGAT"	7	"SRX5979983"	"SRP200614"	"intestine"	"class II-p EE cell"	NA	NA	NA	"FBbt:00058006"	"adult posterior midgut class II enteroendocrine cell (Drosophila)"	"perfect match"	"EE_scRNA-seq"	NA	7
"GATCGTAAGTTCGATC"	4	"SRX5979983"	"SRP200614"	"intestine"	"class II-m2 EE cell"	NA	NA	NA	"FBbt:00058005"	"adult middle midgut class II enteroendocrine cell (Drosophila)"	"perfect match"	"EE_scRNA-seq"	NA	8
"GATCGTACAATGGATA"	4	"SRX5979983"	"SRP200614"	"intestine"	"class II-m2 EE cell"	NA	NA	NA	"FBbt:00058005"	"adult middle midgut class II enteroendocrine cell (Drosophila)"	"perfect match"	"EE_scRNA-seq"	NA	8
"GATCGTACACATGTGT"	1	"SRX5979983"	"SRP200614"	"intestine"	"class II-m1 EE cell"	NA	NA	NA	"FBbt:00058005"	"adult middle midgut class II enteroendocrine cell (Drosophila)"	"perfect match"	"EE_scRNA-seq"	NA	3
"GATCGTACATATGCTG"	4	"SRX5979983"	"SRP200614"	"intestine"	"class II-m2 EE cell"	NA	NA	NA	"FBbt:00058005"	"adult middle midgut class II enteroendocrine cell (Drosophila)"	"perfect match"	"EE_scRNA-seq"	NA	8
"GATCGTACATCACGTA"	8	"SRX5979983"	"SRP200614"	"intestine"	"class I-a EE cell"	NA	NA	NA	"FBbt:00058001"	"adult anterior midgut class I enteroendocrine cell (Drosophila)"	"perfect match"	"EE_scRNA-seq"	NA	2
"GATCGTAGTACAAGTA"	3	"SRX5979983"	"SRP200614"	"intestine"	"class II-a EE cell"	NA	NA	NA	"FBbt:00058004"	"adult anterior midgut class II enteroendocrine cell (Drosophila)"	"perfect match"	"EE_scRNA-seq"	NA	9
"GATCGTATCAATCACG"	1	"SRX5979983"	"SRP200614"	"intestine"	"class II-m1 EE cell"	NA	NA	NA	"FBbt:00058005"	"adult middle midgut class II enteroendocrine cell (Drosophila)"	"perfect match"	"EE_scRNA-seq"	NA	3
"GATCGTATCAGTTTGG"	3	"SRX5979983"	"SRP200614"	"intestine"	"class II-a EE cell"	NA	NA	NA	"FBbt:00058004"	"adult anterior midgut class II enteroendocrine cell (Drosophila)"	"perfect match"	"EE_scRNA-seq"	NA	9
"GATCGTATCATCATTC"	0	"SRX5979983"	"SRP200614"	"intestine"	"class I-m EE cell"	NA	NA	NA	"FBbt:00058002"	"adult middle midgut class I enteroendocrine cell (Drosophila)"	"perfect match"	"EE_scRNA-seq"	NA	1
"GATCGTATCATGTGGT"	6	"SRX5979983"	"SRP200614"	"intestine"	"class I-p AstA EE cell"	NA	NA	NA	"FBbt:00058003"	"adult posterior midgut class I enteroendocrine cell (Drosophila)"	"missing child term"	"EE_scRNA-seq"	NA	6
"GATCGTATCCGTCAAA"	0	"SRX5979983"	"SRP200614"	"intestine"	"class I-m EE cell"	NA	NA	NA	"FBbt:00058002"	"adult middle midgut class I enteroendocrine cell (Drosophila)"	"perfect match"	"EE_scRNA-seq"	NA	1
"GATCTAGAGAGCTATA"	0	"SRX5979983"	"SRP200614"	"intestine"	"class I-m EE cell"	NA	NA	NA	"FBbt:00058002"	"adult middle midgut class I enteroendocrine cell (Drosophila)"	"perfect match"	"EE_scRNA-seq"	NA	1
"GATCTAGAGAGTTGGC"	2	"SRX5979983"	"SRP200614"	"intestine"	"class I-ap EE cell"	NA	NA	NA	"FBbt:00058000"	"adult class I enteroendocrine cell (Drosophila)"	"other"	"EE_scRNA-seq"	NA	5
"GATCTAGAGCCCAATT"	7	"SRX5979983"	"SRP200614"	"intestine"	"class II-p EE cell"	NA	NA	NA	"FBbt:00058006"	"adult posterior midgut class II enteroendocrine cell (Drosophila)"	"perfect match"	"EE_scRNA-seq"	NA	7
"GATCTAGAGCTCCTTC"	1	"SRX5979983"	"SRP200614"	"intestine"	"class II-m1 EE cell"	NA	NA	NA	"FBbt:00058005"	"adult middle midgut class II enteroendocrine cell (Drosophila)"	"perfect match"	"EE_scRNA-seq"	NA	3
"GATCTAGCACGACGAA"	1	"SRX5979983"	"SRP200614"	"intestine"	"class II-m1 EE cell"	NA	NA	NA	"FBbt:00058005"	"adult middle midgut class II enteroendocrine cell (Drosophila)"	"perfect match"	"EE_scRNA-seq"	NA	3
"GATCTAGCACGGTTTA"	4	"SRX5979983"	"SRP200614"	"intestine"	"class II-m2 EE cell"	NA	NA	NA	"FBbt:00058005"	"adult middle midgut class II enteroendocrine cell (Drosophila)"	"perfect match"	"EE_scRNA-seq"	NA	8
"GATCTAGGTCTCTTTA"	8	"SRX5979983"	"SRP200614"	"intestine"	"class I-a EE cell"	NA	NA	NA	"FBbt:00058001"	"adult anterior midgut class I enteroendocrine cell (Drosophila)"	"perfect match"	"EE_scRNA-seq"	NA	2
"GATCTAGGTTCCGGCA"	0	"SRX5979983"	"SRP200614"	"intestine"	"class I-m EE cell"	NA	NA	NA	"FBbt:00058002"	"adult middle midgut class I enteroendocrine cell (Drosophila)"	"perfect match"	"EE_scRNA-seq"	NA	1
"GATCTAGGTTTACTCT"	2	"SRX5979983"	"SRP200614"	"intestine"	"class I-ap EE cell"	NA	NA	NA	"FBbt:00058000"	"adult class I enteroendocrine cell (Drosophila)"	"other"	"EE_scRNA-seq"	NA	5
"GATCTAGTCTCCTATA"	6	"SRX5979983"	"SRP200614"	"intestine"	"class I-p AstA EE cell"	NA	NA	NA	"FBbt:00058003"	"adult posterior midgut class I enteroendocrine cell (Drosophila)"	"missing child term"	"EE_scRNA-seq"	NA	6
"GATGAAAAGGAACTGC"	4	"SRX5979983"	"SRP200614"	"intestine"	"class II-m2 EE cell"	NA	NA	NA	"FBbt:00058005"	"adult middle midgut class II enteroendocrine cell (Drosophila)"	"perfect match"	"EE_scRNA-seq"	NA	8
"GATGAAAAGGATTCGG"	3	"SRX5979983"	"SRP200614"	"intestine"	"class II-a EE cell"	NA	NA	NA	"FBbt:00058004"	"adult anterior midgut class II enteroendocrine cell (Drosophila)"	"perfect match"	"EE_scRNA-seq"	NA	9
"GATGAAAAGGGATACC"	7	"SRX5979983"	"SRP200614"	"intestine"	"class II-p EE cell"	NA	NA	NA	"FBbt:00058006"	"adult posterior midgut class II enteroendocrine cell (Drosophila)"	"perfect match"	"EE_scRNA-seq"	NA	7
"GATGAAACACAACGTT"	2	"SRX5979983"	"SRP200614"	"intestine"	"class I-ap EE cell"	NA	NA	NA	"FBbt:00058000"	"adult class I enteroendocrine cell (Drosophila)"	"other"	"EE_scRNA-seq"	NA	5
"GATGAAAGTAAGGATT"	0	"SRX5979983"	"SRP200614"	"intestine"	"class I-m EE cell"	NA	NA	NA	"FBbt:00058002"	"adult middle midgut class I enteroendocrine cell (Drosophila)"	"perfect match"	"EE_scRNA-seq"	NA	1
"GATGAAAGTACCATCA"	2	"SRX5979983"	"SRP200614"	"intestine"	"class I-ap EE cell"	NA	NA	NA	"FBbt:00058000"	"adult class I enteroendocrine cell (Drosophila)"	"other"	"EE_scRNA-seq"	NA	5
"GATGAAAGTCTAACGT"	2	"SRX5979983"	"SRP200614"	"intestine"	"class I-ap EE cell"	NA	NA	NA	"FBbt:00058000"	"adult class I enteroendocrine cell (Drosophila)"	"other"	"EE_scRNA-seq"	NA	5
"GATGAAAGTTACGGAG"	8	"SRX5979983"	"SRP200614"	"intestine"	"class I-a EE cell"	NA	NA	NA	"FBbt:00058001"	"adult anterior midgut class I enteroendocrine cell (Drosophila)"	"perfect match"	"EE_scRNA-seq"	NA	2
"GATGAAAGTTTCGCTC"	0	"SRX5979983"	"SRP200614"	"intestine"	"class I-m EE cell"	NA	NA	NA	"FBbt:00058002"	"adult middle midgut class I enteroendocrine cell (Drosophila)"	"perfect match"	"EE_scRNA-seq"	NA	1
"GATGAAATCAGGTAAA"	7	"SRX5979983"	"SRP200614"	"intestine"	"class II-p EE cell"	NA	NA	NA	"FBbt:00058006"	"adult posterior midgut class II enteroendocrine cell (Drosophila)"	"perfect match"	"EE_scRNA-seq"	NA	7
"GATGAAATCGCCTGAG"	0	"SRX5979983"	"SRP200614"	"intestine"	"class I-m EE cell"	NA	NA	NA	"FBbt:00058002"	"adult middle midgut class I enteroendocrine cell (Drosophila)"	"perfect match"	"EE_scRNA-seq"	NA	1
"GATGAGGAGATGCCTT"	6	"SRX5979983"	"SRP200614"	"intestine"	"class I-p AstA EE cell"	NA	NA	NA	"FBbt:00058003"	"adult posterior midgut class I enteroendocrine cell (Drosophila)"	"missing child term"	"EE_scRNA-seq"	NA	6
"GATGAGGAGCATCATC"	2	"SRX5979983"	"SRP200614"	"intestine"	"class I-ap EE cell"	NA	NA	NA	"FBbt:00058000"	"adult class I enteroendocrine cell (Drosophila)"	"other"	"EE_scRNA-seq"	NA	5
"GATGAGGAGGGTCGAT"	0	"SRX5979983"	"SRP200614"	"intestine"	"class I-m EE cell"	NA	NA	NA	"FBbt:00058002"	"adult middle midgut class I enteroendocrine cell (Drosophila)"	"perfect match"	"EE_scRNA-seq"	NA	1
"GATGAGGAGTGGGATC"	4	"SRX5979983"	"SRP200614"	"intestine"	"class II-m2 EE cell"	NA	NA	NA	"FBbt:00058005"	"adult middle midgut class II enteroendocrine cell (Drosophila)"	"perfect match"	"EE_scRNA-seq"	NA	8
"GATGAGGCACGTGAGA"	3	"SRX5979983"	"SRP200614"	"intestine"	"class II-a EE cell"	NA	NA	NA	"FBbt:00058004"	"adult anterior midgut class II enteroendocrine cell (Drosophila)"	"perfect match"	"EE_scRNA-seq"	NA	9
"GATGAGGCAGGAATGC"	1	"SRX5979983"	"SRP200614"	"intestine"	"class II-m1 EE cell"	NA	NA	NA	"FBbt:00058005"	"adult middle midgut class II enteroendocrine cell (Drosophila)"	"perfect match"	"EE_scRNA-seq"	NA	3
"GATGAGGGTAAGTAGT"	2	"SRX5979983"	"SRP200614"	"intestine"	"class I-ap EE cell"	NA	NA	NA	"FBbt:00058000"	"adult class I enteroendocrine cell (Drosophila)"	"other"	"EE_scRNA-seq"	NA	5
"GATGAGGGTAGCGCAA"	4	"SRX5979983"	"SRP200614"	"intestine"	"class II-m2 EE cell"	NA	NA	NA	"FBbt:00058005"	"adult middle midgut class II enteroendocrine cell (Drosophila)"	"perfect match"	"EE_scRNA-seq"	NA	8
"GATGAGGGTCGGGTCT"	0	"SRX5979983"	"SRP200614"	"intestine"	"class I-m EE cell"	NA	NA	NA	"FBbt:00058002"	"adult middle midgut class I enteroendocrine cell (Drosophila)"	"perfect match"	"EE_scRNA-seq"	NA	1
"GATGAGGGTCTCGTTC"	2	"SRX5979983"	"SRP200614"	"intestine"	"class I-ap EE cell"	NA	NA	NA	"FBbt:00058000"	"adult class I enteroendocrine cell (Drosophila)"	"other"	"EE_scRNA-seq"	NA	5
"GATGAGGGTGAGGGTT"	0	"SRX5979983"	"SRP200614"	"intestine"	"class I-m EE cell"	NA	NA	NA	"FBbt:00058002"	"adult middle midgut class I enteroendocrine cell (Drosophila)"	"perfect match"	"EE_scRNA-seq"	NA	1
"GATGCTAAGATCGGGT"	1	"SRX5979983"	"SRP200614"	"intestine"	"class II-m1 EE cell"	NA	NA	NA	"FBbt:00058005"	"adult middle midgut class II enteroendocrine cell (Drosophila)"	"perfect match"	"EE_scRNA-seq"	NA	3
"GATGCTAAGCTAAACA"	5	"SRX5979983"	"SRP200614"	"intestine"	"class I-p CCHa1 EE cell"	NA	NA	NA	"FBbt:00058003"	"adult posterior midgut class I enteroendocrine cell (Drosophila)"	"missing child term"	"EE_scRNA-seq"	NA	4
"GATGCTAAGTGGTAAT"	3	"SRX5979983"	"SRP200614"	"intestine"	"class II-a EE cell"	NA	NA	NA	"FBbt:00058004"	"adult anterior midgut class II enteroendocrine cell (Drosophila)"	"perfect match"	"EE_scRNA-seq"	NA	9
"GATGCTACAAGACACG"	7	"SRX5979983"	"SRP200614"	"intestine"	"class II-p EE cell"	NA	NA	NA	"FBbt:00058006"	"adult posterior midgut class II enteroendocrine cell (Drosophila)"	"perfect match"	"EE_scRNA-seq"	NA	7
"GATGCTACAATCTACG"	1	"SRX5979983"	"SRP200614"	"intestine"	"class II-m1 EE cell"	NA	NA	NA	"FBbt:00058005"	"adult middle midgut class II enteroendocrine cell (Drosophila)"	"perfect match"	"EE_scRNA-seq"	NA	3
"GATGCTACATCCTTGC"	7	"SRX5979983"	"SRP200614"	"intestine"	"class II-p EE cell"	NA	NA	NA	"FBbt:00058006"	"adult posterior midgut class II enteroendocrine cell (Drosophila)"	"perfect match"	"EE_scRNA-seq"	NA	7
"GATGCTAGTCGCCATG"	8	"SRX5979983"	"SRP200614"	"intestine"	"class I-a EE cell"	NA	NA	NA	"FBbt:00058001"	"adult anterior midgut class I enteroendocrine cell (Drosophila)"	"perfect match"	"EE_scRNA-seq"	NA	2
"GATGCTAGTCGCGAAA"	3	"SRX5979983"	"SRP200614"	"intestine"	"class II-a EE cell"	NA	NA	NA	"FBbt:00058004"	"adult anterior midgut class II enteroendocrine cell (Drosophila)"	"perfect match"	"EE_scRNA-seq"	NA	9
"GATGCTAGTGGCAAAC"	0	"SRX5979983"	"SRP200614"	"intestine"	"class I-m EE cell"	NA	NA	NA	"FBbt:00058002"	"adult middle midgut class I enteroendocrine cell (Drosophila)"	"perfect match"	"EE_scRNA-seq"	NA	1
"GATGCTAGTTAGATGA"	2	"SRX5979983"	"SRP200614"	"intestine"	"class I-ap EE cell"	NA	NA	NA	"FBbt:00058000"	"adult class I enteroendocrine cell (Drosophila)"	"other"	"EE_scRNA-seq"	NA	5
"GATGCTAGTTATCCGA"	2	"SRX5979983"	"SRP200614"	"intestine"	"class I-ap EE cell"	NA	NA	NA	"FBbt:00058000"	"adult class I enteroendocrine cell (Drosophila)"	"other"	"EE_scRNA-seq"	NA	5
"GATGCTAGTTGGACCC"	8	"SRX5979983"	"SRP200614"	"intestine"	"class I-a EE cell"	NA	NA	NA	"FBbt:00058001"	"adult anterior midgut class I enteroendocrine cell (Drosophila)"	"perfect match"	"EE_scRNA-seq"	NA	2
"GATGCTATCTACCTGC"	1	"SRX5979983"	"SRP200614"	"intestine"	"class II-m1 EE cell"	NA	NA	NA	"FBbt:00058005"	"adult middle midgut class II enteroendocrine cell (Drosophila)"	"perfect match"	"EE_scRNA-seq"	NA	3
"GATGCTATCTCCGGTT"	10	"SRX5979983"	"SRP200614"	"intestine"	"EE progenitor cell"	NA	NA	NA	"FBbt:00049284"	"adult enteroendocrine precursor cell (Drosophila)"	"perfect match"	"EE_scRNA-seq"	NA	10
"GATTCAGAGGCGCTCT"	5	"SRX5979983"	"SRP200614"	"intestine"	"class I-p CCHa1 EE cell"	NA	NA	NA	"FBbt:00058003"	"adult posterior midgut class I enteroendocrine cell (Drosophila)"	"missing child term"	"EE_scRNA-seq"	NA	4
"GATTCAGCACTCGACG"	2	"SRX5979983"	"SRP200614"	"intestine"	"class I-ap EE cell"	NA	NA	NA	"FBbt:00058000"	"adult class I enteroendocrine cell (Drosophila)"	"other"	"EE_scRNA-seq"	NA	5
"GATTCAGCAGTCGATT"	7	"SRX5979983"	"SRP200614"	"intestine"	"class II-p EE cell"	NA	NA	NA	"FBbt:00058006"	"adult posterior midgut class II enteroendocrine cell (Drosophila)"	"perfect match"	"EE_scRNA-seq"	NA	7
"GATTCAGGTCCGACGT"	6	"SRX5979983"	"SRP200614"	"intestine"	"class I-p AstA EE cell"	NA	NA	NA	"FBbt:00058003"	"adult posterior midgut class I enteroendocrine cell (Drosophila)"	"missing child term"	"EE_scRNA-seq"	NA	6
"GATTCAGGTCGCGAAA"	4	"SRX5979983"	"SRP200614"	"intestine"	"class II-m2 EE cell"	NA	NA	NA	"FBbt:00058005"	"adult middle midgut class II enteroendocrine cell (Drosophila)"	"perfect match"	"EE_scRNA-seq"	NA	8
"GCAAACTAGAATGTTG"	6	"SRX5979983"	"SRP200614"	"intestine"	"class I-p AstA EE cell"	NA	NA	NA	"FBbt:00058003"	"adult posterior midgut class I enteroendocrine cell (Drosophila)"	"missing child term"	"EE_scRNA-seq"	NA	6
"GCAAACTAGCACACAG"	0	"SRX5979983"	"SRP200614"	"intestine"	"class I-m EE cell"	NA	NA	NA	"FBbt:00058002"	"adult middle midgut class I enteroendocrine cell (Drosophila)"	"perfect match"	"EE_scRNA-seq"	NA	1
"GCAAACTAGGGTTTCT"	0	"SRX5979983"	"SRP200614"	"intestine"	"class I-m EE cell"	NA	NA	NA	"FBbt:00058002"	"adult middle midgut class I enteroendocrine cell (Drosophila)"	"perfect match"	"EE_scRNA-seq"	NA	1
"GCAAACTGTTCCGTCT"	2	"SRX5979983"	"SRP200614"	"intestine"	"class I-ap EE cell"	NA	NA	NA	"FBbt:00058000"	"adult class I enteroendocrine cell (Drosophila)"	"other"	"EE_scRNA-seq"	NA	5
"GCAAACTTCATCACCC"	5	"SRX5979983"	"SRP200614"	"intestine"	"class I-p CCHa1 EE cell"	NA	NA	NA	"FBbt:00058003"	"adult posterior midgut class I enteroendocrine cell (Drosophila)"	"missing child term"	"EE_scRNA-seq"	NA	4
"GCAAACTTCGTCGTTC"	3	"SRX5979983"	"SRP200614"	"intestine"	"class II-a EE cell"	NA	NA	NA	"FBbt:00058004"	"adult anterior midgut class II enteroendocrine cell (Drosophila)"	"perfect match"	"EE_scRNA-seq"	NA	9
"GCAAACTTCTTGCCGT"	3	"SRX5979983"	"SRP200614"	"intestine"	"class II-a EE cell"	NA	NA	NA	"FBbt:00058004"	"adult anterior midgut class II enteroendocrine cell (Drosophila)"	"perfect match"	"EE_scRNA-seq"	NA	9
"GCAATCAAGATATGGT"	3	"SRX5979983"	"SRP200614"	"intestine"	"class II-a EE cell"	NA	NA	NA	"FBbt:00058004"	"adult anterior midgut class II enteroendocrine cell (Drosophila)"	"perfect match"	"EE_scRNA-seq"	NA	9
"GCAATCAAGCCTTGAT"	10	"SRX5979983"	"SRP200614"	"intestine"	"EE progenitor cell"	NA	NA	NA	"FBbt:00049284"	"adult enteroendocrine precursor cell (Drosophila)"	"perfect match"	"EE_scRNA-seq"	NA	10
"GCAATCAAGTCCGGTC"	2	"SRX5979983"	"SRP200614"	"intestine"	"class I-ap EE cell"	NA	NA	NA	"FBbt:00058000"	"adult class I enteroendocrine cell (Drosophila)"	"other"	"EE_scRNA-seq"	NA	5
"GCAATCACATGTCGAT"	0	"SRX5979983"	"SRP200614"	"intestine"	"class I-m EE cell"	NA	NA	NA	"FBbt:00058002"	"adult middle midgut class I enteroendocrine cell (Drosophila)"	"perfect match"	"EE_scRNA-seq"	NA	1
"GCAATCATCTACGAGT"	0	"SRX5979983"	"SRP200614"	"intestine"	"class I-m EE cell"	NA	NA	NA	"FBbt:00058002"	"adult middle midgut class I enteroendocrine cell (Drosophila)"	"perfect match"	"EE_scRNA-seq"	NA	1
"GCACATAAGCCACGCT"	0	"SRX5979983"	"SRP200614"	"intestine"	"class I-m EE cell"	NA	NA	NA	"FBbt:00058002"	"adult middle midgut class I enteroendocrine cell (Drosophila)"	"perfect match"	"EE_scRNA-seq"	NA	1
"GCACATAAGCCCAACC"	5	"SRX5979983"	"SRP200614"	"intestine"	"class I-p CCHa1 EE cell"	NA	NA	NA	"FBbt:00058003"	"adult posterior midgut class I enteroendocrine cell (Drosophila)"	"missing child term"	"EE_scRNA-seq"	NA	4
"GCACATAAGGTAAACT"	0	"SRX5979983"	"SRP200614"	"intestine"	"class I-m EE cell"	NA	NA	NA	"FBbt:00058002"	"adult middle midgut class I enteroendocrine cell (Drosophila)"	"perfect match"	"EE_scRNA-seq"	NA	1
"GCACATAGTAAGGGAA"	7	"SRX5979983"	"SRP200614"	"intestine"	"class II-p EE cell"	NA	NA	NA	"FBbt:00058006"	"adult posterior midgut class II enteroendocrine cell (Drosophila)"	"perfect match"	"EE_scRNA-seq"	NA	7
"GCACATAGTAGGGACT"	5	"SRX5979983"	"SRP200614"	"intestine"	"class I-p CCHa1 EE cell"	NA	NA	NA	"FBbt:00058003"	"adult posterior midgut class I enteroendocrine cell (Drosophila)"	"missing child term"	"EE_scRNA-seq"	NA	4
"GCACATAGTTATGCGT"	8	"SRX5979983"	"SRP200614"	"intestine"	"class I-a EE cell"	NA	NA	NA	"FBbt:00058001"	"adult anterior midgut class I enteroendocrine cell (Drosophila)"	"perfect match"	"EE_scRNA-seq"	NA	2
"GCACATAGTTGGACCC"	3	"SRX5979983"	"SRP200614"	"intestine"	"class II-a EE cell"	NA	NA	NA	"FBbt:00058004"	"adult anterior midgut class II enteroendocrine cell (Drosophila)"	"perfect match"	"EE_scRNA-seq"	NA	9
"GCACATATCAATACCG"	3	"SRX5979983"	"SRP200614"	"intestine"	"class II-a EE cell"	NA	NA	NA	"FBbt:00058004"	"adult anterior midgut class II enteroendocrine cell (Drosophila)"	"perfect match"	"EE_scRNA-seq"	NA	9
"GCACATATCCACGTTC"	1	"SRX5979983"	"SRP200614"	"intestine"	"class II-m1 EE cell"	NA	NA	NA	"FBbt:00058005"	"adult middle midgut class II enteroendocrine cell (Drosophila)"	"perfect match"	"EE_scRNA-seq"	NA	3
"GCACATATCGAGCCCA"	6	"SRX5979983"	"SRP200614"	"intestine"	"class I-p AstA EE cell"	NA	NA	NA	"FBbt:00058003"	"adult posterior midgut class I enteroendocrine cell (Drosophila)"	"missing child term"	"EE_scRNA-seq"	NA	6
"GCACATATCTAGAGTC"	7	"SRX5979983"	"SRP200614"	"intestine"	"class II-p EE cell"	NA	NA	NA	"FBbt:00058006"	"adult posterior midgut class II enteroendocrine cell (Drosophila)"	"perfect match"	"EE_scRNA-seq"	NA	7
"GCACTCTAGACTGGGT"	3	"SRX5979983"	"SRP200614"	"intestine"	"class II-a EE cell"	NA	NA	NA	"FBbt:00058004"	"adult anterior midgut class II enteroendocrine cell (Drosophila)"	"perfect match"	"EE_scRNA-seq"	NA	9
"GCACTCTAGATGTTAG"	0	"SRX5979983"	"SRP200614"	"intestine"	"class I-m EE cell"	NA	NA	NA	"FBbt:00058002"	"adult middle midgut class I enteroendocrine cell (Drosophila)"	"perfect match"	"EE_scRNA-seq"	NA	1
"GCACTCTAGTGCGATG"	3	"SRX5979983"	"SRP200614"	"intestine"	"class II-a EE cell"	NA	NA	NA	"FBbt:00058004"	"adult anterior midgut class II enteroendocrine cell (Drosophila)"	"perfect match"	"EE_scRNA-seq"	NA	9
"GCACTCTAGTGGAGAA"	7	"SRX5979983"	"SRP200614"	"intestine"	"class II-p EE cell"	NA	NA	NA	"FBbt:00058006"	"adult posterior midgut class II enteroendocrine cell (Drosophila)"	"perfect match"	"EE_scRNA-seq"	NA	7
"GCACTCTCACATTAGC"	0	"SRX5979983"	"SRP200614"	"intestine"	"class I-m EE cell"	NA	NA	NA	"FBbt:00058002"	"adult middle midgut class I enteroendocrine cell (Drosophila)"	"perfect match"	"EE_scRNA-seq"	NA	1
"GCACTCTGTCTCAACA"	2	"SRX5979983"	"SRP200614"	"intestine"	"class I-ap EE cell"	NA	NA	NA	"FBbt:00058000"	"adult class I enteroendocrine cell (Drosophila)"	"other"	"EE_scRNA-seq"	NA	5
"GCACTCTTCCGAACGC"	6	"SRX5979983"	"SRP200614"	"intestine"	"class I-p AstA EE cell"	NA	NA	NA	"FBbt:00058003"	"adult posterior midgut class I enteroendocrine cell (Drosophila)"	"missing child term"	"EE_scRNA-seq"	NA	6
"GCACTCTTCCGATATG"	3	"SRX5979983"	"SRP200614"	"intestine"	"class II-a EE cell"	NA	NA	NA	"FBbt:00058004"	"adult anterior midgut class II enteroendocrine cell (Drosophila)"	"perfect match"	"EE_scRNA-seq"	NA	9
"GCACTCTTCCTCTAGC"	8	"SRX5979983"	"SRP200614"	"intestine"	"class I-a EE cell"	NA	NA	NA	"FBbt:00058001"	"adult anterior midgut class I enteroendocrine cell (Drosophila)"	"perfect match"	"EE_scRNA-seq"	NA	2
"GCAGCCAAGACAGGCT"	2	"SRX5979983"	"SRP200614"	"intestine"	"class I-ap EE cell"	NA	NA	NA	"FBbt:00058000"	"adult class I enteroendocrine cell (Drosophila)"	"other"	"EE_scRNA-seq"	NA	5
"GCAGCCAAGCGTCTAT"	0	"SRX5979983"	"SRP200614"	"intestine"	"class I-m EE cell"	NA	NA	NA	"FBbt:00058002"	"adult middle midgut class I enteroendocrine cell (Drosophila)"	"perfect match"	"EE_scRNA-seq"	NA	1
"GCAGCCAAGTAGTGCG"	2	"SRX5979983"	"SRP200614"	"intestine"	"class I-ap EE cell"	NA	NA	NA	"FBbt:00058000"	"adult class I enteroendocrine cell (Drosophila)"	"other"	"EE_scRNA-seq"	NA	5
"GCAGCCACACATCTTT"	0	"SRX5979983"	"SRP200614"	"intestine"	"class I-m EE cell"	NA	NA	NA	"FBbt:00058002"	"adult middle midgut class I enteroendocrine cell (Drosophila)"	"perfect match"	"EE_scRNA-seq"	NA	1
"GCAGCCACAGCGTCCA"	0	"SRX5979983"	"SRP200614"	"intestine"	"class I-m EE cell"	NA	NA	NA	"FBbt:00058002"	"adult middle midgut class I enteroendocrine cell (Drosophila)"	"perfect match"	"EE_scRNA-seq"	NA	1
"GCAGCCAGTGACTCAT"	5	"SRX5979983"	"SRP200614"	"intestine"	"class I-p CCHa1 EE cell"	NA	NA	NA	"FBbt:00058003"	"adult posterior midgut class I enteroendocrine cell (Drosophila)"	"missing child term"	"EE_scRNA-seq"	NA	4
"GCAGCCATCACGGTTA"	1	"SRX5979983"	"SRP200614"	"intestine"	"class II-m1 EE cell"	NA	NA	NA	"FBbt:00058005"	"adult middle midgut class II enteroendocrine cell (Drosophila)"	"perfect match"	"EE_scRNA-seq"	NA	3
"GCAGCCATCTAACTGG"	0	"SRX5979983"	"SRP200614"	"intestine"	"class I-m EE cell"	NA	NA	NA	"FBbt:00058002"	"adult middle midgut class I enteroendocrine cell (Drosophila)"	"perfect match"	"EE_scRNA-seq"	NA	1
"GCAGTTAAGGTGCTAG"	1	"SRX5979983"	"SRP200614"	"intestine"	"class II-m1 EE cell"	NA	NA	NA	"FBbt:00058005"	"adult middle midgut class II enteroendocrine cell (Drosophila)"	"perfect match"	"EE_scRNA-seq"	NA	3
"GCAGTTAGTCATGCAT"	5	"SRX5979983"	"SRP200614"	"intestine"	"class I-p CCHa1 EE cell"	NA	NA	NA	"FBbt:00058003"	"adult posterior midgut class I enteroendocrine cell (Drosophila)"	"missing child term"	"EE_scRNA-seq"	NA	4
"GCAGTTATCATCGGAT"	7	"SRX5979983"	"SRP200614"	"intestine"	"class II-p EE cell"	NA	NA	NA	"FBbt:00058006"	"adult posterior midgut class II enteroendocrine cell (Drosophila)"	"perfect match"	"EE_scRNA-seq"	NA	7
"GCAGTTATCTCCAACC"	1	"SRX5979983"	"SRP200614"	"intestine"	"class II-m1 EE cell"	NA	NA	NA	"FBbt:00058005"	"adult middle midgut class II enteroendocrine cell (Drosophila)"	"perfect match"	"EE_scRNA-seq"	NA	3
"GCATACACACCCATGG"	5	"SRX5979983"	"SRP200614"	"intestine"	"class I-p CCHa1 EE cell"	NA	NA	NA	"FBbt:00058003"	"adult posterior midgut class I enteroendocrine cell (Drosophila)"	"missing child term"	"EE_scRNA-seq"	NA	4
"GCATACACATTCTCAT"	1	"SRX5979983"	"SRP200614"	"intestine"	"class II-m1 EE cell"	NA	NA	NA	"FBbt:00058005"	"adult middle midgut class II enteroendocrine cell (Drosophila)"	"perfect match"	"EE_scRNA-seq"	NA	3
"GCATACAGTTAAGGGC"	3	"SRX5979983"	"SRP200614"	"intestine"	"class II-a EE cell"	NA	NA	NA	"FBbt:00058004"	"adult anterior midgut class II enteroendocrine cell (Drosophila)"	"perfect match"	"EE_scRNA-seq"	NA	9
"GCATACATCACGGTTA"	0	"SRX5979983"	"SRP200614"	"intestine"	"class I-m EE cell"	NA	NA	NA	"FBbt:00058002"	"adult middle midgut class I enteroendocrine cell (Drosophila)"	"perfect match"	"EE_scRNA-seq"	NA	1
"GCATACATCATTTGGG"	7	"SRX5979983"	"SRP200614"	"intestine"	"class II-p EE cell"	NA	NA	NA	"FBbt:00058006"	"adult posterior midgut class II enteroendocrine cell (Drosophila)"	"perfect match"	"EE_scRNA-seq"	NA	7
"GCATACATCCCATTAT"	0	"SRX5979983"	"SRP200614"	"intestine"	"class I-m EE cell"	NA	NA	NA	"FBbt:00058002"	"adult middle midgut class I enteroendocrine cell (Drosophila)"	"perfect match"	"EE_scRNA-seq"	NA	1
"GCATACATCGGTTAAC"	0	"SRX5979983"	"SRP200614"	"intestine"	"class I-m EE cell"	NA	NA	NA	"FBbt:00058002"	"adult middle midgut class I enteroendocrine cell (Drosophila)"	"perfect match"	"EE_scRNA-seq"	NA	1
"GCATACATCTCGTATT"	2	"SRX5979983"	"SRP200614"	"intestine"	"class I-ap EE cell"	NA	NA	NA	"FBbt:00058000"	"adult class I enteroendocrine cell (Drosophila)"	"other"	"EE_scRNA-seq"	NA	5
"GCATGATAGCCCTAAT"	2	"SRX5979983"	"SRP200614"	"intestine"	"class I-ap EE cell"	NA	NA	NA	"FBbt:00058000"	"adult class I enteroendocrine cell (Drosophila)"	"other"	"EE_scRNA-seq"	NA	5
"GCATGATCAGGTCTCG"	5	"SRX5979983"	"SRP200614"	"intestine"	"class I-p CCHa1 EE cell"	NA	NA	NA	"FBbt:00058003"	"adult posterior midgut class I enteroendocrine cell (Drosophila)"	"missing child term"	"EE_scRNA-seq"	NA	4
"GCATGATGTAGAGTGC"	0	"SRX5979983"	"SRP200614"	"intestine"	"class I-m EE cell"	NA	NA	NA	"FBbt:00058002"	"adult middle midgut class I enteroendocrine cell (Drosophila)"	"perfect match"	"EE_scRNA-seq"	NA	1
"GCATGATGTAGGAGTC"	1	"SRX5979983"	"SRP200614"	"intestine"	"class II-m1 EE cell"	NA	NA	NA	"FBbt:00058005"	"adult middle midgut class II enteroendocrine cell (Drosophila)"	"perfect match"	"EE_scRNA-seq"	NA	3
"GCATGATGTCTAAAGA"	0	"SRX5979983"	"SRP200614"	"intestine"	"class I-m EE cell"	NA	NA	NA	"FBbt:00058002"	"adult middle midgut class I enteroendocrine cell (Drosophila)"	"perfect match"	"EE_scRNA-seq"	NA	1
"GCATGATGTGAGGGTT"	1	"SRX5979983"	"SRP200614"	"intestine"	"class II-m1 EE cell"	NA	NA	NA	"FBbt:00058005"	"adult middle midgut class II enteroendocrine cell (Drosophila)"	"perfect match"	"EE_scRNA-seq"	NA	3
"GCATGATGTTACCGAT"	1	"SRX5979983"	"SRP200614"	"intestine"	"class II-m1 EE cell"	NA	NA	NA	"FBbt:00058005"	"adult middle midgut class II enteroendocrine cell (Drosophila)"	"perfect match"	"EE_scRNA-seq"	NA	3
"GCATGATTCAGAGCTT"	2	"SRX5979983"	"SRP200614"	"intestine"	"class I-ap EE cell"	NA	NA	NA	"FBbt:00058000"	"adult class I enteroendocrine cell (Drosophila)"	"other"	"EE_scRNA-seq"	NA	5
"GCATGATTCGCCTGAG"	2	"SRX5979983"	"SRP200614"	"intestine"	"class I-ap EE cell"	NA	NA	NA	"FBbt:00058000"	"adult class I enteroendocrine cell (Drosophila)"	"other"	"EE_scRNA-seq"	NA	5
"GCATGCGAGACTACAA"	7	"SRX5979983"	"SRP200614"	"intestine"	"class II-p EE cell"	NA	NA	NA	"FBbt:00058006"	"adult posterior midgut class II enteroendocrine cell (Drosophila)"	"perfect match"	"EE_scRNA-seq"	NA	7
"GCATGCGAGGTACTCT"	1	"SRX5979983"	"SRP200614"	"intestine"	"class II-m1 EE cell"	NA	NA	NA	"FBbt:00058005"	"adult middle midgut class II enteroendocrine cell (Drosophila)"	"perfect match"	"EE_scRNA-seq"	NA	3
"GCATGCGCAGGGATTG"	7	"SRX5979983"	"SRP200614"	"intestine"	"class II-p EE cell"	NA	NA	NA	"FBbt:00058006"	"adult posterior midgut class II enteroendocrine cell (Drosophila)"	"perfect match"	"EE_scRNA-seq"	NA	7
"GCATGCGGTTCACCTC"	1	"SRX5979983"	"SRP200614"	"intestine"	"class II-m1 EE cell"	NA	NA	NA	"FBbt:00058005"	"adult middle midgut class II enteroendocrine cell (Drosophila)"	"perfect match"	"EE_scRNA-seq"	NA	3
"GCATGCGGTTCAGACT"	1	"SRX5979983"	"SRP200614"	"intestine"	"class II-m1 EE cell"	NA	NA	NA	"FBbt:00058005"	"adult middle midgut class II enteroendocrine cell (Drosophila)"	"perfect match"	"EE_scRNA-seq"	NA	3
"GCATGCGGTTGATTCG"	2	"SRX5979983"	"SRP200614"	"intestine"	"class I-ap EE cell"	NA	NA	NA	"FBbt:00058000"	"adult class I enteroendocrine cell (Drosophila)"	"other"	"EE_scRNA-seq"	NA	5
"GCATGCGTCCAAACAC"	0	"SRX5979983"	"SRP200614"	"intestine"	"class I-m EE cell"	NA	NA	NA	"FBbt:00058002"	"adult middle midgut class I enteroendocrine cell (Drosophila)"	"perfect match"	"EE_scRNA-seq"	NA	1
"GCATGTAAGATATGGT"	4	"SRX5979983"	"SRP200614"	"intestine"	"class II-m2 EE cell"	NA	NA	NA	"FBbt:00058005"	"adult middle midgut class II enteroendocrine cell (Drosophila)"	"perfect match"	"EE_scRNA-seq"	NA	8
"GCATGTAAGCCTATGT"	7	"SRX5979983"	"SRP200614"	"intestine"	"class II-p EE cell"	NA	NA	NA	"FBbt:00058006"	"adult posterior midgut class II enteroendocrine cell (Drosophila)"	"perfect match"	"EE_scRNA-seq"	NA	7
"GCATGTAAGCGTTTAC"	2	"SRX5979983"	"SRP200614"	"intestine"	"class I-ap EE cell"	NA	NA	NA	"FBbt:00058000"	"adult class I enteroendocrine cell (Drosophila)"	"other"	"EE_scRNA-seq"	NA	5
"GCATGTAAGGGTTTCT"	1	"SRX5979983"	"SRP200614"	"intestine"	"class II-m1 EE cell"	NA	NA	NA	"FBbt:00058005"	"adult middle midgut class II enteroendocrine cell (Drosophila)"	"perfect match"	"EE_scRNA-seq"	NA	3
"GCATGTAAGTCCGGTC"	0	"SRX5979983"	"SRP200614"	"intestine"	"class I-m EE cell"	NA	NA	NA	"FBbt:00058002"	"adult middle midgut class I enteroendocrine cell (Drosophila)"	"perfect match"	"EE_scRNA-seq"	NA	1
"GCATGTACAATTGCTG"	0	"SRX5979983"	"SRP200614"	"intestine"	"class I-m EE cell"	NA	NA	NA	"FBbt:00058002"	"adult middle midgut class I enteroendocrine cell (Drosophila)"	"perfect match"	"EE_scRNA-seq"	NA	1
"GCATGTACACCGAATT"	6	"SRX5979983"	"SRP200614"	"intestine"	"class I-p AstA EE cell"	NA	NA	NA	"FBbt:00058003"	"adult posterior midgut class I enteroendocrine cell (Drosophila)"	"missing child term"	"EE_scRNA-seq"	NA	6
"GCATGTAGTCCGTTAA"	1	"SRX5979983"	"SRP200614"	"intestine"	"class II-m1 EE cell"	NA	NA	NA	"FBbt:00058005"	"adult middle midgut class II enteroendocrine cell (Drosophila)"	"perfect match"	"EE_scRNA-seq"	NA	3
"GCATGTAGTGCAGTAG"	5	"SRX5979983"	"SRP200614"	"intestine"	"class I-p CCHa1 EE cell"	NA	NA	NA	"FBbt:00058003"	"adult posterior midgut class I enteroendocrine cell (Drosophila)"	"missing child term"	"EE_scRNA-seq"	NA	4
"GCATGTATCACATGCA"	6	"SRX5979983"	"SRP200614"	"intestine"	"class I-p AstA EE cell"	NA	NA	NA	"FBbt:00058003"	"adult posterior midgut class I enteroendocrine cell (Drosophila)"	"missing child term"	"EE_scRNA-seq"	NA	6
"GCCAAATAGCCCAACC"	5	"SRX5979983"	"SRP200614"	"intestine"	"class I-p CCHa1 EE cell"	NA	NA	NA	"FBbt:00058003"	"adult posterior midgut class I enteroendocrine cell (Drosophila)"	"missing child term"	"EE_scRNA-seq"	NA	4
"GCCAAATAGTTACGGG"	0	"SRX5979983"	"SRP200614"	"intestine"	"class I-m EE cell"	NA	NA	NA	"FBbt:00058002"	"adult middle midgut class I enteroendocrine cell (Drosophila)"	"perfect match"	"EE_scRNA-seq"	NA	1
"GCCAAATCACACTGCG"	4	"SRX5979983"	"SRP200614"	"intestine"	"class II-m2 EE cell"	NA	NA	NA	"FBbt:00058005"	"adult middle midgut class II enteroendocrine cell (Drosophila)"	"perfect match"	"EE_scRNA-seq"	NA	8
"GCCAAATCACCAGATT"	4	"SRX5979983"	"SRP200614"	"intestine"	"class II-m2 EE cell"	NA	NA	NA	"FBbt:00058005"	"adult middle midgut class II enteroendocrine cell (Drosophila)"	"perfect match"	"EE_scRNA-seq"	NA	8
"GCCAAATCAGTCCTTC"	2	"SRX5979983"	"SRP200614"	"intestine"	"class I-ap EE cell"	NA	NA	NA	"FBbt:00058000"	"adult class I enteroendocrine cell (Drosophila)"	"other"	"EE_scRNA-seq"	NA	5
"GCCAAATCATACTCTT"	2	"SRX5979983"	"SRP200614"	"intestine"	"class I-ap EE cell"	NA	NA	NA	"FBbt:00058000"	"adult class I enteroendocrine cell (Drosophila)"	"other"	"EE_scRNA-seq"	NA	5
"GCCAAATGTCGAACAG"	5	"SRX5979983"	"SRP200614"	"intestine"	"class I-p CCHa1 EE cell"	NA	NA	NA	"FBbt:00058003"	"adult posterior midgut class I enteroendocrine cell (Drosophila)"	"missing child term"	"EE_scRNA-seq"	NA	4
"GCCAAATGTGCACGAA"	5	"SRX5979983"	"SRP200614"	"intestine"	"class I-p CCHa1 EE cell"	NA	NA	NA	"FBbt:00058003"	"adult posterior midgut class I enteroendocrine cell (Drosophila)"	"missing child term"	"EE_scRNA-seq"	NA	4
"GCCAAATTCGCGATCG"	7	"SRX5979983"	"SRP200614"	"intestine"	"class II-p EE cell"	NA	NA	NA	"FBbt:00058006"	"adult posterior midgut class II enteroendocrine cell (Drosophila)"	"perfect match"	"EE_scRNA-seq"	NA	7
"GCCAAATTCGCGTAGC"	1	"SRX5979983"	"SRP200614"	"intestine"	"class II-m1 EE cell"	NA	NA	NA	"FBbt:00058005"	"adult middle midgut class II enteroendocrine cell (Drosophila)"	"perfect match"	"EE_scRNA-seq"	NA	3
"GCCAAATTCGGCGCTA"	2	"SRX5979983"	"SRP200614"	"intestine"	"class I-ap EE cell"	NA	NA	NA	"FBbt:00058000"	"adult class I enteroendocrine cell (Drosophila)"	"other"	"EE_scRNA-seq"	NA	5
"GCCTCTAAGATGCGAC"	6	"SRX5979983"	"SRP200614"	"intestine"	"class I-p AstA EE cell"	NA	NA	NA	"FBbt:00058003"	"adult posterior midgut class I enteroendocrine cell (Drosophila)"	"missing child term"	"EE_scRNA-seq"	NA	6
"GCCTCTAAGTCATGCT"	3	"SRX5979983"	"SRP200614"	"intestine"	"class II-a EE cell"	NA	NA	NA	"FBbt:00058004"	"adult anterior midgut class II enteroendocrine cell (Drosophila)"	"perfect match"	"EE_scRNA-seq"	NA	9
"GCCTCTAAGTGAAGTT"	2	"SRX5979983"	"SRP200614"	"intestine"	"class I-ap EE cell"	NA	NA	NA	"FBbt:00058000"	"adult class I enteroendocrine cell (Drosophila)"	"other"	"EE_scRNA-seq"	NA	5
"GCCTCTAAGTGGGATC"	4	"SRX5979983"	"SRP200614"	"intestine"	"class II-m2 EE cell"	NA	NA	NA	"FBbt:00058005"	"adult middle midgut class II enteroendocrine cell (Drosophila)"	"perfect match"	"EE_scRNA-seq"	NA	8
"GCCTCTACAGACTCGC"	5	"SRX5979983"	"SRP200614"	"intestine"	"class I-p CCHa1 EE cell"	NA	NA	NA	"FBbt:00058003"	"adult posterior midgut class I enteroendocrine cell (Drosophila)"	"missing child term"	"EE_scRNA-seq"	NA	4
"GCCTCTACATAGGATA"	4	"SRX5979983"	"SRP200614"	"intestine"	"class II-m2 EE cell"	NA	NA	NA	"FBbt:00058005"	"adult middle midgut class II enteroendocrine cell (Drosophila)"	"perfect match"	"EE_scRNA-seq"	NA	8
"GCCTCTAGTTGTACAC"	3	"SRX5979983"	"SRP200614"	"intestine"	"class II-a EE cell"	NA	NA	NA	"FBbt:00058004"	"adult anterior midgut class II enteroendocrine cell (Drosophila)"	"perfect match"	"EE_scRNA-seq"	NA	9
"GCCTCTATCGAGCCCA"	8	"SRX5979983"	"SRP200614"	"intestine"	"class I-a EE cell"	NA	NA	NA	"FBbt:00058001"	"adult anterior midgut class I enteroendocrine cell (Drosophila)"	"perfect match"	"EE_scRNA-seq"	NA	2
"GCCTCTATCGTATCAG"	8	"SRX5979983"	"SRP200614"	"intestine"	"class I-a EE cell"	NA	NA	NA	"FBbt:00058001"	"adult anterior midgut class I enteroendocrine cell (Drosophila)"	"perfect match"	"EE_scRNA-seq"	NA	2
"GCCTCTATCTAACCGA"	1	"SRX5979983"	"SRP200614"	"intestine"	"class II-m1 EE cell"	NA	NA	NA	"FBbt:00058005"	"adult middle midgut class II enteroendocrine cell (Drosophila)"	"perfect match"	"EE_scRNA-seq"	NA	3
"GCCTCTATCTGCAAGT"	1	"SRX5979983"	"SRP200614"	"intestine"	"class II-m1 EE cell"	NA	NA	NA	"FBbt:00058005"	"adult middle midgut class II enteroendocrine cell (Drosophila)"	"perfect match"	"EE_scRNA-seq"	NA	3
"GCGACCAAGAAGCCCA"	5	"SRX5979983"	"SRP200614"	"intestine"	"class I-p CCHa1 EE cell"	NA	NA	NA	"FBbt:00058003"	"adult posterior midgut class I enteroendocrine cell (Drosophila)"	"missing child term"	"EE_scRNA-seq"	NA	4
"GCGACCAAGAGGTAGA"	5	"SRX5979983"	"SRP200614"	"intestine"	"class I-p CCHa1 EE cell"	NA	NA	NA	"FBbt:00058003"	"adult posterior midgut class I enteroendocrine cell (Drosophila)"	"missing child term"	"EE_scRNA-seq"	NA	4
"GCGACCACACGAAAGC"	0	"SRX5979983"	"SRP200614"	"intestine"	"class I-m EE cell"	NA	NA	NA	"FBbt:00058002"	"adult middle midgut class I enteroendocrine cell (Drosophila)"	"perfect match"	"EE_scRNA-seq"	NA	1
"GCGACCACACGCATCG"	0	"SRX5979983"	"SRP200614"	"intestine"	"class I-m EE cell"	NA	NA	NA	"FBbt:00058002"	"adult middle midgut class I enteroendocrine cell (Drosophila)"	"perfect match"	"EE_scRNA-seq"	NA	1
"GCGACCACAGCGTTCG"	0	"SRX5979983"	"SRP200614"	"intestine"	"class I-m EE cell"	NA	NA	NA	"FBbt:00058002"	"adult middle midgut class I enteroendocrine cell (Drosophila)"	"perfect match"	"EE_scRNA-seq"	NA	1
"GCGACCACATGGATGG"	2	"SRX5979983"	"SRP200614"	"intestine"	"class I-ap EE cell"	NA	NA	NA	"FBbt:00058000"	"adult class I enteroendocrine cell (Drosophila)"	"other"	"EE_scRNA-seq"	NA	5
"GCGACCAGTAGCAAAT"	0	"SRX5979983"	"SRP200614"	"intestine"	"class I-m EE cell"	NA	NA	NA	"FBbt:00058002"	"adult middle midgut class I enteroendocrine cell (Drosophila)"	"perfect match"	"EE_scRNA-seq"	NA	1
"GCGACCATCTTGAGGT"	4	"SRX5979983"	"SRP200614"	"intestine"	"class II-m2 EE cell"	NA	NA	NA	"FBbt:00058005"	"adult middle midgut class II enteroendocrine cell (Drosophila)"	"perfect match"	"EE_scRNA-seq"	NA	8
"GCGACCATCTTGTATC"	1	"SRX5979983"	"SRP200614"	"intestine"	"class II-m1 EE cell"	NA	NA	NA	"FBbt:00058005"	"adult middle midgut class II enteroendocrine cell (Drosophila)"	"perfect match"	"EE_scRNA-seq"	NA	3
"GCGAGAAAGCCACCTG"	7	"SRX5979983"	"SRP200614"	"intestine"	"class II-p EE cell"	NA	NA	NA	"FBbt:00058006"	"adult posterior midgut class II enteroendocrine cell (Drosophila)"	"perfect match"	"EE_scRNA-seq"	NA	7
"GCGAGAAAGTGGGATC"	1	"SRX5979983"	"SRP200614"	"intestine"	"class II-m1 EE cell"	NA	NA	NA	"FBbt:00058005"	"adult middle midgut class II enteroendocrine cell (Drosophila)"	"perfect match"	"EE_scRNA-seq"	NA	3
"GCGAGAACAAGCCCAC"	6	"SRX5979983"	"SRP200614"	"intestine"	"class I-p AstA EE cell"	NA	NA	NA	"FBbt:00058003"	"adult posterior midgut class I enteroendocrine cell (Drosophila)"	"missing child term"	"EE_scRNA-seq"	NA	6
"GCGAGAACACAGGCCT"	7	"SRX5979983"	"SRP200614"	"intestine"	"class II-p EE cell"	NA	NA	NA	"FBbt:00058006"	"adult posterior midgut class II enteroendocrine cell (Drosophila)"	"perfect match"	"EE_scRNA-seq"	NA	7
"GCGAGAACAGGTTTCA"	8	"SRX5979983"	"SRP200614"	"intestine"	"class I-a EE cell"	NA	NA	NA	"FBbt:00058001"	"adult anterior midgut class I enteroendocrine cell (Drosophila)"	"perfect match"	"EE_scRNA-seq"	NA	2
"GCGAGAACATGGATGG"	2	"SRX5979983"	"SRP200614"	"intestine"	"class I-ap EE cell"	NA	NA	NA	"FBbt:00058000"	"adult class I enteroendocrine cell (Drosophila)"	"other"	"EE_scRNA-seq"	NA	5
"GCGAGAAGTAGTACCT"	5	"SRX5979983"	"SRP200614"	"intestine"	"class I-p CCHa1 EE cell"	NA	NA	NA	"FBbt:00058003"	"adult posterior midgut class I enteroendocrine cell (Drosophila)"	"missing child term"	"EE_scRNA-seq"	NA	4
"GCGAGAAGTCAAAGCG"	3	"SRX5979983"	"SRP200614"	"intestine"	"class II-a EE cell"	NA	NA	NA	"FBbt:00058004"	"adult anterior midgut class II enteroendocrine cell (Drosophila)"	"perfect match"	"EE_scRNA-seq"	NA	9
"GCGAGAAGTGAGGCTA"	2	"SRX5979983"	"SRP200614"	"intestine"	"class I-ap EE cell"	NA	NA	NA	"FBbt:00058000"	"adult class I enteroendocrine cell (Drosophila)"	"other"	"EE_scRNA-seq"	NA	5
"GCGAGAATCAGGCAAG"	0	"SRX5979983"	"SRP200614"	"intestine"	"class I-m EE cell"	NA	NA	NA	"FBbt:00058002"	"adult middle midgut class I enteroendocrine cell (Drosophila)"	"perfect match"	"EE_scRNA-seq"	NA	1
"GCGCAACAGAAACGCC"	6	"SRX5979983"	"SRP200614"	"intestine"	"class I-p AstA EE cell"	NA	NA	NA	"FBbt:00058003"	"adult posterior midgut class I enteroendocrine cell (Drosophila)"	"missing child term"	"EE_scRNA-seq"	NA	6
"GCGCAACAGGGATGGG"	2	"SRX5979983"	"SRP200614"	"intestine"	"class I-ap EE cell"	NA	NA	NA	"FBbt:00058000"	"adult class I enteroendocrine cell (Drosophila)"	"other"	"EE_scRNA-seq"	NA	5
"GCGCAACAGTTGCAGG"	5	"SRX5979983"	"SRP200614"	"intestine"	"class I-p CCHa1 EE cell"	NA	NA	NA	"FBbt:00058003"	"adult posterior midgut class I enteroendocrine cell (Drosophila)"	"missing child term"	"EE_scRNA-seq"	NA	4
"GCGCAACCAATAGCGG"	7	"SRX5979983"	"SRP200614"	"intestine"	"class II-p EE cell"	NA	NA	NA	"FBbt:00058006"	"adult posterior midgut class II enteroendocrine cell (Drosophila)"	"perfect match"	"EE_scRNA-seq"	NA	7
"GCGCAACGTAGAGTGC"	4	"SRX5979983"	"SRP200614"	"intestine"	"class II-m2 EE cell"	NA	NA	NA	"FBbt:00058005"	"adult middle midgut class II enteroendocrine cell (Drosophila)"	"perfect match"	"EE_scRNA-seq"	NA	8
"GCGCAACGTCAGAATA"	0	"SRX5979983"	"SRP200614"	"intestine"	"class I-m EE cell"	NA	NA	NA	"FBbt:00058002"	"adult middle midgut class I enteroendocrine cell (Drosophila)"	"perfect match"	"EE_scRNA-seq"	NA	1
"GCGCAACGTTCGGCAC"	1	"SRX5979983"	"SRP200614"	"intestine"	"class II-m1 EE cell"	NA	NA	NA	"FBbt:00058005"	"adult middle midgut class II enteroendocrine cell (Drosophila)"	"perfect match"	"EE_scRNA-seq"	NA	3
"GCGCAACTCGATCCCT"	3	"SRX5979983"	"SRP200614"	"intestine"	"class II-a EE cell"	NA	NA	NA	"FBbt:00058004"	"adult anterior midgut class II enteroendocrine cell (Drosophila)"	"perfect match"	"EE_scRNA-seq"	NA	9
"GCGCAACTCGGCTACG"	1	"SRX5979983"	"SRP200614"	"intestine"	"class II-m1 EE cell"	NA	NA	NA	"FBbt:00058005"	"adult middle midgut class II enteroendocrine cell (Drosophila)"	"perfect match"	"EE_scRNA-seq"	NA	3
"GCGCAGTAGACTGTAA"	5	"SRX5979983"	"SRP200614"	"intestine"	"class I-p CCHa1 EE cell"	NA	NA	NA	"FBbt:00058003"	"adult posterior midgut class I enteroendocrine cell (Drosophila)"	"missing child term"	"EE_scRNA-seq"	NA	4
"GCGCAGTAGCCTTGAT"	5	"SRX5979983"	"SRP200614"	"intestine"	"class I-p CCHa1 EE cell"	NA	NA	NA	"FBbt:00058003"	"adult posterior midgut class I enteroendocrine cell (Drosophila)"	"missing child term"	"EE_scRNA-seq"	NA	4
"GCGCAGTAGTACCGGA"	1	"SRX5979983"	"SRP200614"	"intestine"	"class II-m1 EE cell"	NA	NA	NA	"FBbt:00058005"	"adult middle midgut class II enteroendocrine cell (Drosophila)"	"perfect match"	"EE_scRNA-seq"	NA	3
"GCGCAGTAGTGCGATG"	3	"SRX5979983"	"SRP200614"	"intestine"	"class II-a EE cell"	NA	NA	NA	"FBbt:00058004"	"adult anterior midgut class II enteroendocrine cell (Drosophila)"	"perfect match"	"EE_scRNA-seq"	NA	9
"GCGCAGTCACAGTCGC"	7	"SRX5979983"	"SRP200614"	"intestine"	"class II-p EE cell"	NA	NA	NA	"FBbt:00058006"	"adult posterior midgut class II enteroendocrine cell (Drosophila)"	"perfect match"	"EE_scRNA-seq"	NA	7
"GCGCAGTCATCTGGTA"	8	"SRX5979983"	"SRP200614"	"intestine"	"class I-a EE cell"	NA	NA	NA	"FBbt:00058001"	"adult anterior midgut class I enteroendocrine cell (Drosophila)"	"perfect match"	"EE_scRNA-seq"	NA	2
"GCGCAGTCATGCAACT"	1	"SRX5979983"	"SRP200614"	"intestine"	"class II-m1 EE cell"	NA	NA	NA	"FBbt:00058005"	"adult middle midgut class II enteroendocrine cell (Drosophila)"	"perfect match"	"EE_scRNA-seq"	NA	3
"GCGCAGTCATTACGAC"	3	"SRX5979983"	"SRP200614"	"intestine"	"class II-a EE cell"	NA	NA	NA	"FBbt:00058004"	"adult anterior midgut class II enteroendocrine cell (Drosophila)"	"perfect match"	"EE_scRNA-seq"	NA	9
"GCGCAGTGTAGGCTGA"	1	"SRX5979983"	"SRP200614"	"intestine"	"class II-m1 EE cell"	NA	NA	NA	"FBbt:00058005"	"adult middle midgut class II enteroendocrine cell (Drosophila)"	"perfect match"	"EE_scRNA-seq"	NA	3
"GCGCAGTGTAGGGACT"	0	"SRX5979983"	"SRP200614"	"intestine"	"class I-m EE cell"	NA	NA	NA	"FBbt:00058002"	"adult middle midgut class I enteroendocrine cell (Drosophila)"	"perfect match"	"EE_scRNA-seq"	NA	1
"GCGCAGTGTCTTTCAT"	2	"SRX5979983"	"SRP200614"	"intestine"	"class I-ap EE cell"	NA	NA	NA	"FBbt:00058000"	"adult class I enteroendocrine cell (Drosophila)"	"other"	"EE_scRNA-seq"	NA	5
"GCGCAGTGTGGACGAT"	0	"SRX5979983"	"SRP200614"	"intestine"	"class I-m EE cell"	NA	NA	NA	"FBbt:00058002"	"adult middle midgut class I enteroendocrine cell (Drosophila)"	"perfect match"	"EE_scRNA-seq"	NA	1
"GCGCAGTGTTGTGGAG"	7	"SRX5979983"	"SRP200614"	"intestine"	"class II-p EE cell"	NA	NA	NA	"FBbt:00058006"	"adult posterior midgut class II enteroendocrine cell (Drosophila)"	"perfect match"	"EE_scRNA-seq"	NA	7
"GCGCAGTTCAAAGACA"	2	"SRX5979983"	"SRP200614"	"intestine"	"class I-ap EE cell"	NA	NA	NA	"FBbt:00058000"	"adult class I enteroendocrine cell (Drosophila)"	"other"	"EE_scRNA-seq"	NA	5
"GCGCAGTTCTGCCAGG"	0	"SRX5979983"	"SRP200614"	"intestine"	"class I-m EE cell"	NA	NA	NA	"FBbt:00058002"	"adult middle midgut class I enteroendocrine cell (Drosophila)"	"perfect match"	"EE_scRNA-seq"	NA	1
"GCGCAGTTCTTTACAC"	2	"SRX5979983"	"SRP200614"	"intestine"	"class I-ap EE cell"	NA	NA	NA	"FBbt:00058000"	"adult class I enteroendocrine cell (Drosophila)"	"other"	"EE_scRNA-seq"	NA	5
"GCGCCAAAGATATGGT"	8	"SRX5979983"	"SRP200614"	"intestine"	"class I-a EE cell"	NA	NA	NA	"FBbt:00058001"	"adult anterior midgut class I enteroendocrine cell (Drosophila)"	"perfect match"	"EE_scRNA-seq"	NA	2
"GCGCCAAAGCGTCAAG"	5	"SRX5979983"	"SRP200614"	"intestine"	"class I-p CCHa1 EE cell"	NA	NA	NA	"FBbt:00058003"	"adult posterior midgut class I enteroendocrine cell (Drosophila)"	"missing child term"	"EE_scRNA-seq"	NA	4
"GCGCCAAAGCTGTTCA"	4	"SRX5979983"	"SRP200614"	"intestine"	"class II-m2 EE cell"	NA	NA	NA	"FBbt:00058005"	"adult middle midgut class II enteroendocrine cell (Drosophila)"	"perfect match"	"EE_scRNA-seq"	NA	8
"GCGCCAAAGGATGCGT"	3	"SRX5979983"	"SRP200614"	"intestine"	"class II-a EE cell"	NA	NA	NA	"FBbt:00058004"	"adult anterior midgut class II enteroendocrine cell (Drosophila)"	"perfect match"	"EE_scRNA-seq"	NA	9
"GCGCCAAAGTGTCTCA"	2	"SRX5979983"	"SRP200614"	"intestine"	"class I-ap EE cell"	NA	NA	NA	"FBbt:00058000"	"adult class I enteroendocrine cell (Drosophila)"	"other"	"EE_scRNA-seq"	NA	5
"GCGCCAACAGCCAGAA"	0	"SRX5979983"	"SRP200614"	"intestine"	"class I-m EE cell"	NA	NA	NA	"FBbt:00058002"	"adult middle midgut class I enteroendocrine cell (Drosophila)"	"perfect match"	"EE_scRNA-seq"	NA	1
"GCGCCAAGTGACTACT"	0	"SRX5979983"	"SRP200614"	"intestine"	"class I-m EE cell"	NA	NA	NA	"FBbt:00058002"	"adult middle midgut class I enteroendocrine cell (Drosophila)"	"perfect match"	"EE_scRNA-seq"	NA	1
"GCGCCAAGTTCGGGCT"	7	"SRX5979983"	"SRP200614"	"intestine"	"class II-p EE cell"	NA	NA	NA	"FBbt:00058006"	"adult posterior midgut class II enteroendocrine cell (Drosophila)"	"perfect match"	"EE_scRNA-seq"	NA	7
"GCGCCAATCACAGGCC"	2	"SRX5979983"	"SRP200614"	"intestine"	"class I-ap EE cell"	NA	NA	NA	"FBbt:00058000"	"adult class I enteroendocrine cell (Drosophila)"	"other"	"EE_scRNA-seq"	NA	5
"GCGCCAATCCACGCAG"	4	"SRX5979983"	"SRP200614"	"intestine"	"class II-m2 EE cell"	NA	NA	NA	"FBbt:00058005"	"adult middle midgut class II enteroendocrine cell (Drosophila)"	"perfect match"	"EE_scRNA-seq"	NA	8
"GCGCCAATCGGCATCG"	0	"SRX5979983"	"SRP200614"	"intestine"	"class I-m EE cell"	NA	NA	NA	"FBbt:00058002"	"adult middle midgut class I enteroendocrine cell (Drosophila)"	"perfect match"	"EE_scRNA-seq"	NA	1
"GCGCCAATCGTTGACA"	6	"SRX5979983"	"SRP200614"	"intestine"	"class I-p AstA EE cell"	NA	NA	NA	"FBbt:00058003"	"adult posterior midgut class I enteroendocrine cell (Drosophila)"	"missing child term"	"EE_scRNA-seq"	NA	6
"GCGCCAATCTACTCAT"	3	"SRX5979983"	"SRP200614"	"intestine"	"class II-a EE cell"	NA	NA	NA	"FBbt:00058004"	"adult anterior midgut class II enteroendocrine cell (Drosophila)"	"perfect match"	"EE_scRNA-seq"	NA	9
"GCGCCAATCTGCCCTA"	1	"SRX5979983"	"SRP200614"	"intestine"	"class II-m1 EE cell"	NA	NA	NA	"FBbt:00058005"	"adult middle midgut class II enteroendocrine cell (Drosophila)"	"perfect match"	"EE_scRNA-seq"	NA	3
"GCGCGATAGACAATAC"	0	"SRX5979983"	"SRP200614"	"intestine"	"class I-m EE cell"	NA	NA	NA	"FBbt:00058002"	"adult middle midgut class I enteroendocrine cell (Drosophila)"	"perfect match"	"EE_scRNA-seq"	NA	1
"GCGCGATAGACTGGGT"	0	"SRX5979983"	"SRP200614"	"intestine"	"class I-m EE cell"	NA	NA	NA	"FBbt:00058002"	"adult middle midgut class I enteroendocrine cell (Drosophila)"	"perfect match"	"EE_scRNA-seq"	NA	1
"GCGCGATAGACTTTCG"	1	"SRX5979983"	"SRP200614"	"intestine"	"class II-m1 EE cell"	NA	NA	NA	"FBbt:00058005"	"adult middle midgut class II enteroendocrine cell (Drosophila)"	"perfect match"	"EE_scRNA-seq"	NA	3
"GCGCGATCAGGCGATA"	0	"SRX5979983"	"SRP200614"	"intestine"	"class I-m EE cell"	NA	NA	NA	"FBbt:00058002"	"adult middle midgut class I enteroendocrine cell (Drosophila)"	"perfect match"	"EE_scRNA-seq"	NA	1
"GCGCGATCAGTAGAGC"	5	"SRX5979983"	"SRP200614"	"intestine"	"class I-p CCHa1 EE cell"	NA	NA	NA	"FBbt:00058003"	"adult posterior midgut class I enteroendocrine cell (Drosophila)"	"missing child term"	"EE_scRNA-seq"	NA	4
"GCGCGATGTCTAGGTT"	2	"SRX5979983"	"SRP200614"	"intestine"	"class I-ap EE cell"	NA	NA	NA	"FBbt:00058000"	"adult class I enteroendocrine cell (Drosophila)"	"other"	"EE_scRNA-seq"	NA	5
"GCGCGATGTGGCTCCA"	0	"SRX5979983"	"SRP200614"	"intestine"	"class I-m EE cell"	NA	NA	NA	"FBbt:00058002"	"adult middle midgut class I enteroendocrine cell (Drosophila)"	"perfect match"	"EE_scRNA-seq"	NA	1
"GCGCGATTCCTTGACC"	1	"SRX5979983"	"SRP200614"	"intestine"	"class II-m1 EE cell"	NA	NA	NA	"FBbt:00058005"	"adult middle midgut class II enteroendocrine cell (Drosophila)"	"perfect match"	"EE_scRNA-seq"	NA	3
"GCGCGATTCTTTAGTC"	0	"SRX5979983"	"SRP200614"	"intestine"	"class I-m EE cell"	NA	NA	NA	"FBbt:00058002"	"adult middle midgut class I enteroendocrine cell (Drosophila)"	"perfect match"	"EE_scRNA-seq"	NA	1
"GCGGGTTAGTACCGGA"	1	"SRX5979983"	"SRP200614"	"intestine"	"class II-m1 EE cell"	NA	NA	NA	"FBbt:00058005"	"adult middle midgut class II enteroendocrine cell (Drosophila)"	"perfect match"	"EE_scRNA-seq"	NA	3
"GCGGGTTCACGCCAGT"	5	"SRX5979983"	"SRP200614"	"intestine"	"class I-p CCHa1 EE cell"	NA	NA	NA	"FBbt:00058003"	"adult posterior midgut class I enteroendocrine cell (Drosophila)"	"missing child term"	"EE_scRNA-seq"	NA	4
"GCGGGTTCAGGGAGAG"	2	"SRX5979983"	"SRP200614"	"intestine"	"class I-ap EE cell"	NA	NA	NA	"FBbt:00058000"	"adult class I enteroendocrine cell (Drosophila)"	"other"	"EE_scRNA-seq"	NA	5
"GCGGGTTCATCACGAT"	3	"SRX5979983"	"SRP200614"	"intestine"	"class II-a EE cell"	NA	NA	NA	"FBbt:00058004"	"adult anterior midgut class II enteroendocrine cell (Drosophila)"	"perfect match"	"EE_scRNA-seq"	NA	9
"GCGGGTTGTAAGAGGA"	5	"SRX5979983"	"SRP200614"	"intestine"	"class I-p CCHa1 EE cell"	NA	NA	NA	"FBbt:00058003"	"adult posterior midgut class I enteroendocrine cell (Drosophila)"	"missing child term"	"EE_scRNA-seq"	NA	4
"GCGGGTTGTAGCGTAG"	6	"SRX5979983"	"SRP200614"	"intestine"	"class I-p AstA EE cell"	NA	NA	NA	"FBbt:00058003"	"adult posterior midgut class I enteroendocrine cell (Drosophila)"	"missing child term"	"EE_scRNA-seq"	NA	6
"GCGGGTTGTAGGACAC"	0	"SRX5979983"	"SRP200614"	"intestine"	"class I-m EE cell"	NA	NA	NA	"FBbt:00058002"	"adult middle midgut class I enteroendocrine cell (Drosophila)"	"perfect match"	"EE_scRNA-seq"	NA	1
"GCGGGTTGTCACTTCC"	6	"SRX5979983"	"SRP200614"	"intestine"	"class I-p AstA EE cell"	NA	NA	NA	"FBbt:00058003"	"adult posterior midgut class I enteroendocrine cell (Drosophila)"	"missing child term"	"EE_scRNA-seq"	NA	6
"GCGGGTTTCGAGAACG"	5	"SRX5979983"	"SRP200614"	"intestine"	"class I-p CCHa1 EE cell"	NA	NA	NA	"FBbt:00058003"	"adult posterior midgut class I enteroendocrine cell (Drosophila)"	"missing child term"	"EE_scRNA-seq"	NA	4
"GCTCCTAAGACTTGAA"	2	"SRX5979983"	"SRP200614"	"intestine"	"class I-ap EE cell"	NA	NA	NA	"FBbt:00058000"	"adult class I enteroendocrine cell (Drosophila)"	"other"	"EE_scRNA-seq"	NA	5
"GCTCCTAAGATGGCGT"	1	"SRX5979983"	"SRP200614"	"intestine"	"class II-m1 EE cell"	NA	NA	NA	"FBbt:00058005"	"adult middle midgut class II enteroendocrine cell (Drosophila)"	"perfect match"	"EE_scRNA-seq"	NA	3
"GCTCCTAAGTCGATAA"	5	"SRX5979983"	"SRP200614"	"intestine"	"class I-p CCHa1 EE cell"	NA	NA	NA	"FBbt:00058003"	"adult posterior midgut class I enteroendocrine cell (Drosophila)"	"missing child term"	"EE_scRNA-seq"	NA	4
"GCTCCTAAGTGGAGTC"	8	"SRX5979983"	"SRP200614"	"intestine"	"class I-a EE cell"	NA	NA	NA	"FBbt:00058001"	"adult anterior midgut class I enteroendocrine cell (Drosophila)"	"perfect match"	"EE_scRNA-seq"	NA	2
"GCTCCTACAACGATGG"	10	"SRX5979983"	"SRP200614"	"intestine"	"EE progenitor cell"	NA	NA	NA	"FBbt:00049284"	"adult enteroendocrine precursor cell (Drosophila)"	"perfect match"	"EE_scRNA-seq"	NA	10
"GCTCCTACACGACTCG"	4	"SRX5979983"	"SRP200614"	"intestine"	"class II-m2 EE cell"	NA	NA	NA	"FBbt:00058005"	"adult middle midgut class II enteroendocrine cell (Drosophila)"	"perfect match"	"EE_scRNA-seq"	NA	8
"GCTCCTACACGAGGTA"	1	"SRX5979983"	"SRP200614"	"intestine"	"class II-m1 EE cell"	NA	NA	NA	"FBbt:00058005"	"adult middle midgut class II enteroendocrine cell (Drosophila)"	"perfect match"	"EE_scRNA-seq"	NA	3
"GCTCCTACAGCGAACA"	1	"SRX5979983"	"SRP200614"	"intestine"	"class II-m1 EE cell"	NA	NA	NA	"FBbt:00058005"	"adult middle midgut class II enteroendocrine cell (Drosophila)"	"perfect match"	"EE_scRNA-seq"	NA	3
"GCTCCTAGTTACCGAT"	6	"SRX5979983"	"SRP200614"	"intestine"	"class I-p AstA EE cell"	NA	NA	NA	"FBbt:00058003"	"adult posterior midgut class I enteroendocrine cell (Drosophila)"	"missing child term"	"EE_scRNA-seq"	NA	6
"GCTCCTATCCATGCTC"	0	"SRX5979983"	"SRP200614"	"intestine"	"class I-m EE cell"	NA	NA	NA	"FBbt:00058002"	"adult middle midgut class I enteroendocrine cell (Drosophila)"	"perfect match"	"EE_scRNA-seq"	NA	1
"GCTCTGTAGCGTGAAC"	1	"SRX5979983"	"SRP200614"	"intestine"	"class II-m1 EE cell"	NA	NA	NA	"FBbt:00058005"	"adult middle midgut class II enteroendocrine cell (Drosophila)"	"perfect match"	"EE_scRNA-seq"	NA	3
"GCTCTGTAGGATATAC"	2	"SRX5979983"	"SRP200614"	"intestine"	"class I-ap EE cell"	NA	NA	NA	"FBbt:00058000"	"adult class I enteroendocrine cell (Drosophila)"	"other"	"EE_scRNA-seq"	NA	5
"GCTCTGTAGGGAACGG"	4	"SRX5979983"	"SRP200614"	"intestine"	"class II-m2 EE cell"	NA	NA	NA	"FBbt:00058005"	"adult middle midgut class II enteroendocrine cell (Drosophila)"	"perfect match"	"EE_scRNA-seq"	NA	8
"GCTCTGTCAGTGGAGT"	0	"SRX5979983"	"SRP200614"	"intestine"	"class I-m EE cell"	NA	NA	NA	"FBbt:00058002"	"adult middle midgut class I enteroendocrine cell (Drosophila)"	"perfect match"	"EE_scRNA-seq"	NA	1
"GCTCTGTGTAAGTAGT"	4	"SRX5979983"	"SRP200614"	"intestine"	"class II-m2 EE cell"	NA	NA	NA	"FBbt:00058005"	"adult middle midgut class II enteroendocrine cell (Drosophila)"	"perfect match"	"EE_scRNA-seq"	NA	8
"GCTCTGTGTTATCGGT"	1	"SRX5979983"	"SRP200614"	"intestine"	"class II-m1 EE cell"	NA	NA	NA	"FBbt:00058005"	"adult middle midgut class II enteroendocrine cell (Drosophila)"	"perfect match"	"EE_scRNA-seq"	NA	3
"GCTGCAGAGTCAAGGC"	1	"SRX5979983"	"SRP200614"	"intestine"	"class II-m1 EE cell"	NA	NA	NA	"FBbt:00058005"	"adult middle midgut class II enteroendocrine cell (Drosophila)"	"perfect match"	"EE_scRNA-seq"	NA	3
"GCTGCAGAGTCTCGGC"	2	"SRX5979983"	"SRP200614"	"intestine"	"class I-ap EE cell"	NA	NA	NA	"FBbt:00058000"	"adult class I enteroendocrine cell (Drosophila)"	"other"	"EE_scRNA-seq"	NA	5
"GCTGCAGCAGGACCCT"	7	"SRX5979983"	"SRP200614"	"intestine"	"class II-p EE cell"	NA	NA	NA	"FBbt:00058006"	"adult posterior midgut class II enteroendocrine cell (Drosophila)"	"perfect match"	"EE_scRNA-seq"	NA	7
"GCTGCAGGTAAGTTCC"	6	"SRX5979983"	"SRP200614"	"intestine"	"class I-p AstA EE cell"	NA	NA	NA	"FBbt:00058003"	"adult posterior midgut class I enteroendocrine cell (Drosophila)"	"missing child term"	"EE_scRNA-seq"	NA	6
"GCTGCAGGTCACTTCC"	4	"SRX5979983"	"SRP200614"	"intestine"	"class II-m2 EE cell"	NA	NA	NA	"FBbt:00058005"	"adult middle midgut class II enteroendocrine cell (Drosophila)"	"perfect match"	"EE_scRNA-seq"	NA	8
"GCTGCAGGTTAGTGGG"	2	"SRX5979983"	"SRP200614"	"intestine"	"class I-ap EE cell"	NA	NA	NA	"FBbt:00058000"	"adult class I enteroendocrine cell (Drosophila)"	"other"	"EE_scRNA-seq"	NA	5
"GCTGCAGGTTCCATGA"	0	"SRX5979983"	"SRP200614"	"intestine"	"class I-m EE cell"	NA	NA	NA	"FBbt:00058002"	"adult middle midgut class I enteroendocrine cell (Drosophila)"	"perfect match"	"EE_scRNA-seq"	NA	1
"GCTGCAGGTTTGTTTC"	0	"SRX5979983"	"SRP200614"	"intestine"	"class I-m EE cell"	NA	NA	NA	"FBbt:00058002"	"adult middle midgut class I enteroendocrine cell (Drosophila)"	"perfect match"	"EE_scRNA-seq"	NA	1
"GCTGCAGTCACTTATC"	0	"SRX5979983"	"SRP200614"	"intestine"	"class I-m EE cell"	NA	NA	NA	"FBbt:00058002"	"adult middle midgut class I enteroendocrine cell (Drosophila)"	"perfect match"	"EE_scRNA-seq"	NA	1
"GCTGCAGTCGAATGCT"	3	"SRX5979983"	"SRP200614"	"intestine"	"class II-a EE cell"	NA	NA	NA	"FBbt:00058004"	"adult anterior midgut class II enteroendocrine cell (Drosophila)"	"perfect match"	"EE_scRNA-seq"	NA	9
"GCTGCGAAGCTAAACA"	6	"SRX5979983"	"SRP200614"	"intestine"	"class I-p AstA EE cell"	NA	NA	NA	"FBbt:00058003"	"adult posterior midgut class I enteroendocrine cell (Drosophila)"	"missing child term"	"EE_scRNA-seq"	NA	6
"GCTGCGAAGTAAGTAC"	3	"SRX5979983"	"SRP200614"	"intestine"	"class II-a EE cell"	NA	NA	NA	"FBbt:00058004"	"adult anterior midgut class II enteroendocrine cell (Drosophila)"	"perfect match"	"EE_scRNA-seq"	NA	9
"GCTGCGAAGTCCAGGA"	0	"SRX5979983"	"SRP200614"	"intestine"	"class I-m EE cell"	NA	NA	NA	"FBbt:00058002"	"adult middle midgut class I enteroendocrine cell (Drosophila)"	"perfect match"	"EE_scRNA-seq"	NA	1
"GCTGCGAAGTCCGGTC"	4	"SRX5979983"	"SRP200614"	"intestine"	"class II-m2 EE cell"	NA	NA	NA	"FBbt:00058005"	"adult middle midgut class II enteroendocrine cell (Drosophila)"	"perfect match"	"EE_scRNA-seq"	NA	8
"GCTGCGACACATGTGT"	7	"SRX5979983"	"SRP200614"	"intestine"	"class II-p EE cell"	NA	NA	NA	"FBbt:00058006"	"adult posterior midgut class II enteroendocrine cell (Drosophila)"	"perfect match"	"EE_scRNA-seq"	NA	7
"GCTGCGACAGCCAGAA"	2	"SRX5979983"	"SRP200614"	"intestine"	"class I-ap EE cell"	NA	NA	NA	"FBbt:00058000"	"adult class I enteroendocrine cell (Drosophila)"	"other"	"EE_scRNA-seq"	NA	5
"GCTGCGACATATACGC"	9	"SRX5979983"	"SRP200614"	"intestine"	"class III EE cell"	NA	NA	NA	"FBbt:00058200"	"adult class III enteroendocrine cell (Drosophila)"	"perfect match"	"EE_scRNA-seq"	NA	11
"GCTGCGACATTGAGCT"	2	"SRX5979983"	"SRP200614"	"intestine"	"class I-ap EE cell"	NA	NA	NA	"FBbt:00058000"	"adult class I enteroendocrine cell (Drosophila)"	"other"	"EE_scRNA-seq"	NA	5
"GCTGCGAGTATGCTTG"	5	"SRX5979983"	"SRP200614"	"intestine"	"class I-p CCHa1 EE cell"	NA	NA	NA	"FBbt:00058003"	"adult posterior midgut class I enteroendocrine cell (Drosophila)"	"missing child term"	"EE_scRNA-seq"	NA	4
"GCTGCGAGTCCGAACC"	6	"SRX5979983"	"SRP200614"	"intestine"	"class I-p AstA EE cell"	NA	NA	NA	"FBbt:00058003"	"adult posterior midgut class I enteroendocrine cell (Drosophila)"	"missing child term"	"EE_scRNA-seq"	NA	6
"GCTGCGATCACAACGT"	9	"SRX5979983"	"SRP200614"	"intestine"	"class III EE cell"	NA	NA	NA	"FBbt:00058200"	"adult class III enteroendocrine cell (Drosophila)"	"perfect match"	"EE_scRNA-seq"	NA	11
"GCTGCGATCCCTAATT"	4	"SRX5979983"	"SRP200614"	"intestine"	"class II-m2 EE cell"	NA	NA	NA	"FBbt:00058005"	"adult middle midgut class II enteroendocrine cell (Drosophila)"	"perfect match"	"EE_scRNA-seq"	NA	8
"GCTGCGATCTCAAACG"	8	"SRX5979983"	"SRP200614"	"intestine"	"class I-a EE cell"	NA	NA	NA	"FBbt:00058001"	"adult anterior midgut class I enteroendocrine cell (Drosophila)"	"perfect match"	"EE_scRNA-seq"	NA	2
"GCTGCTTAGCAAATCA"	2	"SRX5979983"	"SRP200614"	"intestine"	"class I-ap EE cell"	NA	NA	NA	"FBbt:00058000"	"adult class I enteroendocrine cell (Drosophila)"	"other"	"EE_scRNA-seq"	NA	5
"GCTGCTTAGCGTAATA"	9	"SRX5979983"	"SRP200614"	"intestine"	"class III EE cell"	NA	NA	NA	"FBbt:00058200"	"adult class III enteroendocrine cell (Drosophila)"	"perfect match"	"EE_scRNA-seq"	NA	11
"GCTGCTTAGGTTCCTA"	2	"SRX5979983"	"SRP200614"	"intestine"	"class I-ap EE cell"	NA	NA	NA	"FBbt:00058000"	"adult class I enteroendocrine cell (Drosophila)"	"other"	"EE_scRNA-seq"	NA	5
"GCTGCTTCAACCGCCA"	3	"SRX5979983"	"SRP200614"	"intestine"	"class II-a EE cell"	NA	NA	NA	"FBbt:00058004"	"adult anterior midgut class II enteroendocrine cell (Drosophila)"	"perfect match"	"EE_scRNA-seq"	NA	9
"GCTGCTTCACACATGT"	1	"SRX5979983"	"SRP200614"	"intestine"	"class II-m1 EE cell"	NA	NA	NA	"FBbt:00058005"	"adult middle midgut class II enteroendocrine cell (Drosophila)"	"perfect match"	"EE_scRNA-seq"	NA	3
"GCTGCTTCACCGAATT"	1	"SRX5979983"	"SRP200614"	"intestine"	"class II-m1 EE cell"	NA	NA	NA	"FBbt:00058005"	"adult middle midgut class II enteroendocrine cell (Drosophila)"	"perfect match"	"EE_scRNA-seq"	NA	3
"GCTGCTTCACGCATCG"	6	"SRX5979983"	"SRP200614"	"intestine"	"class I-p AstA EE cell"	NA	NA	NA	"FBbt:00058003"	"adult posterior midgut class I enteroendocrine cell (Drosophila)"	"missing child term"	"EE_scRNA-seq"	NA	6
"GCTGCTTCATGCGCAC"	0	"SRX5979983"	"SRP200614"	"intestine"	"class I-m EE cell"	NA	NA	NA	"FBbt:00058002"	"adult middle midgut class I enteroendocrine cell (Drosophila)"	"perfect match"	"EE_scRNA-seq"	NA	1
"GCTGCTTCATGGTAGG"	3	"SRX5979983"	"SRP200614"	"intestine"	"class II-a EE cell"	NA	NA	NA	"FBbt:00058004"	"adult anterior midgut class II enteroendocrine cell (Drosophila)"	"perfect match"	"EE_scRNA-seq"	NA	9
"GCTGCTTGTCGAATCT"	6	"SRX5979983"	"SRP200614"	"intestine"	"class I-p AstA EE cell"	NA	NA	NA	"FBbt:00058003"	"adult posterior midgut class I enteroendocrine cell (Drosophila)"	"missing child term"	"EE_scRNA-seq"	NA	6
"GCTGCTTTCAACACAC"	0	"SRX5979983"	"SRP200614"	"intestine"	"class I-m EE cell"	NA	NA	NA	"FBbt:00058002"	"adult middle midgut class I enteroendocrine cell (Drosophila)"	"perfect match"	"EE_scRNA-seq"	NA	1
"GCTGCTTTCCAAGCCG"	2	"SRX5979983"	"SRP200614"	"intestine"	"class I-ap EE cell"	NA	NA	NA	"FBbt:00058000"	"adult class I enteroendocrine cell (Drosophila)"	"other"	"EE_scRNA-seq"	NA	5
"GCTGCTTTCCGAGCCA"	7	"SRX5979983"	"SRP200614"	"intestine"	"class II-p EE cell"	NA	NA	NA	"FBbt:00058006"	"adult posterior midgut class II enteroendocrine cell (Drosophila)"	"perfect match"	"EE_scRNA-seq"	NA	7
"GCTGGGTAGGACTGGT"	5	"SRX5979983"	"SRP200614"	"intestine"	"class I-p CCHa1 EE cell"	NA	NA	NA	"FBbt:00058003"	"adult posterior midgut class I enteroendocrine cell (Drosophila)"	"missing child term"	"EE_scRNA-seq"	NA	4
"GCTGGGTAGGTGCACA"	3	"SRX5979983"	"SRP200614"	"intestine"	"class II-a EE cell"	NA	NA	NA	"FBbt:00058004"	"adult anterior midgut class II enteroendocrine cell (Drosophila)"	"perfect match"	"EE_scRNA-seq"	NA	9
"GCTGGGTAGTGACTCT"	8	"SRX5979983"	"SRP200614"	"intestine"	"class I-a EE cell"	NA	NA	NA	"FBbt:00058001"	"adult anterior midgut class I enteroendocrine cell (Drosophila)"	"perfect match"	"EE_scRNA-seq"	NA	2
"GCTGGGTCAGGGATTG"	3	"SRX5979983"	"SRP200614"	"intestine"	"class II-a EE cell"	NA	NA	NA	"FBbt:00058004"	"adult anterior midgut class II enteroendocrine cell (Drosophila)"	"perfect match"	"EE_scRNA-seq"	NA	9
"GCTGGGTCAGTAAGCG"	7	"SRX5979983"	"SRP200614"	"intestine"	"class II-p EE cell"	NA	NA	NA	"FBbt:00058006"	"adult posterior midgut class II enteroendocrine cell (Drosophila)"	"perfect match"	"EE_scRNA-seq"	NA	7
"GCTGGGTGTACCTACA"	7	"SRX5979983"	"SRP200614"	"intestine"	"class II-p EE cell"	NA	NA	NA	"FBbt:00058006"	"adult posterior midgut class II enteroendocrine cell (Drosophila)"	"perfect match"	"EE_scRNA-seq"	NA	7
"GCTGGGTGTGCTGTAT"	5	"SRX5979983"	"SRP200614"	"intestine"	"class I-p CCHa1 EE cell"	NA	NA	NA	"FBbt:00058003"	"adult posterior midgut class I enteroendocrine cell (Drosophila)"	"missing child term"	"EE_scRNA-seq"	NA	4
"GCTGGGTGTGTAACGG"	1	"SRX5979983"	"SRP200614"	"intestine"	"class II-m1 EE cell"	NA	NA	NA	"FBbt:00058005"	"adult middle midgut class II enteroendocrine cell (Drosophila)"	"perfect match"	"EE_scRNA-seq"	NA	3
"GCTGGGTTCAGCCTAA"	8	"SRX5979983"	"SRP200614"	"intestine"	"class I-a EE cell"	NA	NA	NA	"FBbt:00058001"	"adult anterior midgut class I enteroendocrine cell (Drosophila)"	"perfect match"	"EE_scRNA-seq"	NA	2
"GCTGGGTTCCCTAACC"	7	"SRX5979983"	"SRP200614"	"intestine"	"class II-p EE cell"	NA	NA	NA	"FBbt:00058006"	"adult posterior midgut class II enteroendocrine cell (Drosophila)"	"perfect match"	"EE_scRNA-seq"	NA	7
"GCTGGGTTCGCGTTTC"	0	"SRX5979983"	"SRP200614"	"intestine"	"class I-m EE cell"	NA	NA	NA	"FBbt:00058002"	"adult middle midgut class I enteroendocrine cell (Drosophila)"	"perfect match"	"EE_scRNA-seq"	NA	1
"GCTGGGTTCTCAAACG"	1	"SRX5979983"	"SRP200614"	"intestine"	"class II-m1 EE cell"	NA	NA	NA	"FBbt:00058005"	"adult middle midgut class II enteroendocrine cell (Drosophila)"	"perfect match"	"EE_scRNA-seq"	NA	3
"GCTTCCAAGACTTGAA"	1	"SRX5979983"	"SRP200614"	"intestine"	"class II-m1 EE cell"	NA	NA	NA	"FBbt:00058005"	"adult middle midgut class II enteroendocrine cell (Drosophila)"	"perfect match"	"EE_scRNA-seq"	NA	3
"GCTTCCAAGCGTGAAC"	2	"SRX5979983"	"SRP200614"	"intestine"	"class I-ap EE cell"	NA	NA	NA	"FBbt:00058000"	"adult class I enteroendocrine cell (Drosophila)"	"other"	"EE_scRNA-seq"	NA	5
"GCTTCCAAGTTTGCGT"	5	"SRX5979983"	"SRP200614"	"intestine"	"class I-p CCHa1 EE cell"	NA	NA	NA	"FBbt:00058003"	"adult posterior midgut class I enteroendocrine cell (Drosophila)"	"missing child term"	"EE_scRNA-seq"	NA	4
"GCTTCCACAATTGCTG"	4	"SRX5979983"	"SRP200614"	"intestine"	"class II-m2 EE cell"	NA	NA	NA	"FBbt:00058005"	"adult middle midgut class II enteroendocrine cell (Drosophila)"	"perfect match"	"EE_scRNA-seq"	NA	8
"GCTTCCACACATTTCT"	3	"SRX5979983"	"SRP200614"	"intestine"	"class II-a EE cell"	NA	NA	NA	"FBbt:00058004"	"adult anterior midgut class II enteroendocrine cell (Drosophila)"	"perfect match"	"EE_scRNA-seq"	NA	9
"GCTTCCACACGGTTTA"	5	"SRX5979983"	"SRP200614"	"intestine"	"class I-p CCHa1 EE cell"	NA	NA	NA	"FBbt:00058003"	"adult posterior midgut class I enteroendocrine cell (Drosophila)"	"missing child term"	"EE_scRNA-seq"	NA	4
"GCTTCCAGTAAGTAGT"	4	"SRX5979983"	"SRP200614"	"intestine"	"class II-m2 EE cell"	NA	NA	NA	"FBbt:00058005"	"adult middle midgut class II enteroendocrine cell (Drosophila)"	"perfect match"	"EE_scRNA-seq"	NA	8
"GCTTCCAGTAGCGATG"	3	"SRX5979983"	"SRP200614"	"intestine"	"class II-a EE cell"	NA	NA	NA	"FBbt:00058004"	"adult anterior midgut class II enteroendocrine cell (Drosophila)"	"perfect match"	"EE_scRNA-seq"	NA	9
"GCTTCCATCATAACCG"	0	"SRX5979983"	"SRP200614"	"intestine"	"class I-m EE cell"	NA	NA	NA	"FBbt:00058002"	"adult middle midgut class I enteroendocrine cell (Drosophila)"	"perfect match"	"EE_scRNA-seq"	NA	1
"GCTTCCATCCTTTCGG"	6	"SRX5979983"	"SRP200614"	"intestine"	"class I-p AstA EE cell"	NA	NA	NA	"FBbt:00058003"	"adult posterior midgut class I enteroendocrine cell (Drosophila)"	"missing child term"	"EE_scRNA-seq"	NA	6
"GCTTGAAAGCCGGTAA"	2	"SRX5979983"	"SRP200614"	"intestine"	"class I-ap EE cell"	NA	NA	NA	"FBbt:00058000"	"adult class I enteroendocrine cell (Drosophila)"	"other"	"EE_scRNA-seq"	NA	5
"GCTTGAAAGCTCAACT"	0	"SRX5979983"	"SRP200614"	"intestine"	"class I-m EE cell"	NA	NA	NA	"FBbt:00058002"	"adult middle midgut class I enteroendocrine cell (Drosophila)"	"perfect match"	"EE_scRNA-seq"	NA	1
"GCTTGAAAGTAGTGCG"	3	"SRX5979983"	"SRP200614"	"intestine"	"class II-a EE cell"	NA	NA	NA	"FBbt:00058004"	"adult anterior midgut class II enteroendocrine cell (Drosophila)"	"perfect match"	"EE_scRNA-seq"	NA	9
"GCTTGAAAGTCGTTTG"	2	"SRX5979983"	"SRP200614"	"intestine"	"class I-ap EE cell"	NA	NA	NA	"FBbt:00058000"	"adult class I enteroendocrine cell (Drosophila)"	"other"	"EE_scRNA-seq"	NA	5
"GCTTGAACACTTAACG"	0	"SRX5979983"	"SRP200614"	"intestine"	"class I-m EE cell"	NA	NA	NA	"FBbt:00058002"	"adult middle midgut class I enteroendocrine cell (Drosophila)"	"perfect match"	"EE_scRNA-seq"	NA	1
"GCTTGAACAGATGGCA"	0	"SRX5979983"	"SRP200614"	"intestine"	"class I-m EE cell"	NA	NA	NA	"FBbt:00058002"	"adult middle midgut class I enteroendocrine cell (Drosophila)"	"perfect match"	"EE_scRNA-seq"	NA	1
"GCTTGAACATGGTCAT"	1	"SRX5979983"	"SRP200614"	"intestine"	"class II-m1 EE cell"	NA	NA	NA	"FBbt:00058005"	"adult middle midgut class II enteroendocrine cell (Drosophila)"	"perfect match"	"EE_scRNA-seq"	NA	3
"GCTTGAAGTAGCTGCC"	5	"SRX5979983"	"SRP200614"	"intestine"	"class I-p CCHa1 EE cell"	NA	NA	NA	"FBbt:00058003"	"adult posterior midgut class I enteroendocrine cell (Drosophila)"	"missing child term"	"EE_scRNA-seq"	NA	4
"GCTTGAAGTCGAAAGC"	0	"SRX5979983"	"SRP200614"	"intestine"	"class I-m EE cell"	NA	NA	NA	"FBbt:00058002"	"adult middle midgut class I enteroendocrine cell (Drosophila)"	"perfect match"	"EE_scRNA-seq"	NA	1
"GCTTGAAGTGATAAAC"	0	"SRX5979983"	"SRP200614"	"intestine"	"class I-m EE cell"	NA	NA	NA	"FBbt:00058002"	"adult middle midgut class I enteroendocrine cell (Drosophila)"	"perfect match"	"EE_scRNA-seq"	NA	1
"GCTTGAATCCTATGTT"	3	"SRX5979983"	"SRP200614"	"intestine"	"class II-a EE cell"	NA	NA	NA	"FBbt:00058004"	"adult anterior midgut class II enteroendocrine cell (Drosophila)"	"perfect match"	"EE_scRNA-seq"	NA	9
"GCTTGAATCCTTGCCA"	0	"SRX5979983"	"SRP200614"	"intestine"	"class I-m EE cell"	NA	NA	NA	"FBbt:00058002"	"adult middle midgut class I enteroendocrine cell (Drosophila)"	"perfect match"	"EE_scRNA-seq"	NA	1
"GCTTGAATCTGGTATG"	0	"SRX5979983"	"SRP200614"	"intestine"	"class I-m EE cell"	NA	NA	NA	"FBbt:00058002"	"adult middle midgut class I enteroendocrine cell (Drosophila)"	"perfect match"	"EE_scRNA-seq"	NA	1
"GGAAAGCCAAGGTTTC"	7	"SRX5979983"	"SRP200614"	"intestine"	"class II-p EE cell"	NA	NA	NA	"FBbt:00058006"	"adult posterior midgut class II enteroendocrine cell (Drosophila)"	"perfect match"	"EE_scRNA-seq"	NA	7
"GGAAAGCCAGCCACCA"	1	"SRX5979983"	"SRP200614"	"intestine"	"class II-m1 EE cell"	NA	NA	NA	"FBbt:00058005"	"adult middle midgut class II enteroendocrine cell (Drosophila)"	"perfect match"	"EE_scRNA-seq"	NA	3
"GGAAAGCGTCCGTCAG"	7	"SRX5979983"	"SRP200614"	"intestine"	"class II-p EE cell"	NA	NA	NA	"FBbt:00058006"	"adult posterior midgut class II enteroendocrine cell (Drosophila)"	"perfect match"	"EE_scRNA-seq"	NA	7
"GGAAAGCGTCTCTCGT"	0	"SRX5979983"	"SRP200614"	"intestine"	"class I-m EE cell"	NA	NA	NA	"FBbt:00058002"	"adult middle midgut class I enteroendocrine cell (Drosophila)"	"perfect match"	"EE_scRNA-seq"	NA	1
"GGAAAGCGTGACTACT"	2	"SRX5979983"	"SRP200614"	"intestine"	"class I-ap EE cell"	NA	NA	NA	"FBbt:00058000"	"adult class I enteroendocrine cell (Drosophila)"	"other"	"EE_scRNA-seq"	NA	5
"GGAAAGCTCGGTCCGA"	2	"SRX5979983"	"SRP200614"	"intestine"	"class I-ap EE cell"	NA	NA	NA	"FBbt:00058000"	"adult class I enteroendocrine cell (Drosophila)"	"other"	"EE_scRNA-seq"	NA	5
"GGAACTTAGAGCTGGT"	3	"SRX5979983"	"SRP200614"	"intestine"	"class II-a EE cell"	NA	NA	NA	"FBbt:00058004"	"adult anterior midgut class II enteroendocrine cell (Drosophila)"	"perfect match"	"EE_scRNA-seq"	NA	9
"GGAACTTCAAACGTGG"	4	"SRX5979983"	"SRP200614"	"intestine"	"class II-m2 EE cell"	NA	NA	NA	"FBbt:00058005"	"adult middle midgut class II enteroendocrine cell (Drosophila)"	"perfect match"	"EE_scRNA-seq"	NA	8
"GGAACTTGTCAGAAGC"	10	"SRX5979983"	"SRP200614"	"intestine"	"EE progenitor cell"	NA	NA	NA	"FBbt:00049284"	"adult enteroendocrine precursor cell (Drosophila)"	"perfect match"	"EE_scRNA-seq"	NA	10
"GGAACTTGTCGCATCG"	0	"SRX5979983"	"SRP200614"	"intestine"	"class I-m EE cell"	NA	NA	NA	"FBbt:00058002"	"adult middle midgut class I enteroendocrine cell (Drosophila)"	"perfect match"	"EE_scRNA-seq"	NA	1
"GGAACTTGTGCCTGGT"	2	"SRX5979983"	"SRP200614"	"intestine"	"class I-ap EE cell"	NA	NA	NA	"FBbt:00058000"	"adult class I enteroendocrine cell (Drosophila)"	"other"	"EE_scRNA-seq"	NA	5
"GGAACTTTCCATGAGT"	0	"SRX5979983"	"SRP200614"	"intestine"	"class I-m EE cell"	NA	NA	NA	"FBbt:00058002"	"adult middle midgut class I enteroendocrine cell (Drosophila)"	"perfect match"	"EE_scRNA-seq"	NA	1
"GGAACTTTCCGTAGTA"	6	"SRX5979983"	"SRP200614"	"intestine"	"class I-p AstA EE cell"	NA	NA	NA	"FBbt:00058003"	"adult posterior midgut class I enteroendocrine cell (Drosophila)"	"missing child term"	"EE_scRNA-seq"	NA	6
"GGAACTTTCGCGTAGC"	3	"SRX5979983"	"SRP200614"	"intestine"	"class II-a EE cell"	NA	NA	NA	"FBbt:00058004"	"adult anterior midgut class II enteroendocrine cell (Drosophila)"	"perfect match"	"EE_scRNA-seq"	NA	9
"GGAACTTTCGTTGCCT"	1	"SRX5979983"	"SRP200614"	"intestine"	"class II-m1 EE cell"	NA	NA	NA	"FBbt:00058005"	"adult middle midgut class II enteroendocrine cell (Drosophila)"	"perfect match"	"EE_scRNA-seq"	NA	3
"GGAACTTTCTCATTCA"	1	"SRX5979983"	"SRP200614"	"intestine"	"class II-m1 EE cell"	NA	NA	NA	"FBbt:00058005"	"adult middle midgut class II enteroendocrine cell (Drosophila)"	"perfect match"	"EE_scRNA-seq"	NA	3
"GGAACTTTCTCGCTTG"	6	"SRX5979983"	"SRP200614"	"intestine"	"class I-p AstA EE cell"	NA	NA	NA	"FBbt:00058003"	"adult posterior midgut class I enteroendocrine cell (Drosophila)"	"missing child term"	"EE_scRNA-seq"	NA	6
"GGAATAAAGAACTGTA"	0	"SRX5979983"	"SRP200614"	"intestine"	"class I-m EE cell"	NA	NA	NA	"FBbt:00058002"	"adult middle midgut class I enteroendocrine cell (Drosophila)"	"perfect match"	"EE_scRNA-seq"	NA	1
"GGAATAAAGTTAGCGG"	6	"SRX5979983"	"SRP200614"	"intestine"	"class I-p AstA EE cell"	NA	NA	NA	"FBbt:00058003"	"adult posterior midgut class I enteroendocrine cell (Drosophila)"	"missing child term"	"EE_scRNA-seq"	NA	6
"GGAATAACAATGTTGC"	7	"SRX5979983"	"SRP200614"	"intestine"	"class II-p EE cell"	NA	NA	NA	"FBbt:00058006"	"adult posterior midgut class II enteroendocrine cell (Drosophila)"	"perfect match"	"EE_scRNA-seq"	NA	7
"GGAATAACACCGCTAG"	0	"SRX5979983"	"SRP200614"	"intestine"	"class I-m EE cell"	NA	NA	NA	"FBbt:00058002"	"adult middle midgut class I enteroendocrine cell (Drosophila)"	"perfect match"	"EE_scRNA-seq"	NA	1
"GGAATAACACGGACAA"	6	"SRX5979983"	"SRP200614"	"intestine"	"class I-p AstA EE cell"	NA	NA	NA	"FBbt:00058003"	"adult posterior midgut class I enteroendocrine cell (Drosophila)"	"missing child term"	"EE_scRNA-seq"	NA	6
"GGAATAAGTCATATGC"	0	"SRX5979983"	"SRP200614"	"intestine"	"class I-m EE cell"	NA	NA	NA	"FBbt:00058002"	"adult middle midgut class I enteroendocrine cell (Drosophila)"	"perfect match"	"EE_scRNA-seq"	NA	1
"GGAATAATCAGTTTGG"	0	"SRX5979983"	"SRP200614"	"intestine"	"class I-m EE cell"	NA	NA	NA	"FBbt:00058002"	"adult middle midgut class I enteroendocrine cell (Drosophila)"	"perfect match"	"EE_scRNA-seq"	NA	1
"GGAATAATCATTGCGA"	1	"SRX5979983"	"SRP200614"	"intestine"	"class II-m1 EE cell"	NA	NA	NA	"FBbt:00058005"	"adult middle midgut class II enteroendocrine cell (Drosophila)"	"perfect match"	"EE_scRNA-seq"	NA	3
"GGAATAATCGGTCCGA"	0	"SRX5979983"	"SRP200614"	"intestine"	"class I-m EE cell"	NA	NA	NA	"FBbt:00058002"	"adult middle midgut class I enteroendocrine cell (Drosophila)"	"perfect match"	"EE_scRNA-seq"	NA	1
"GGAATAATCTTTAGTC"	6	"SRX5979983"	"SRP200614"	"intestine"	"class I-p AstA EE cell"	NA	NA	NA	"FBbt:00058003"	"adult posterior midgut class I enteroendocrine cell (Drosophila)"	"missing child term"	"EE_scRNA-seq"	NA	6
"GGACAAGAGCCAGTTT"	3	"SRX5979983"	"SRP200614"	"intestine"	"class II-a EE cell"	NA	NA	NA	"FBbt:00058004"	"adult anterior midgut class II enteroendocrine cell (Drosophila)"	"perfect match"	"EE_scRNA-seq"	NA	9
"GGACAAGCAAAGAATC"	2	"SRX5979983"	"SRP200614"	"intestine"	"class I-ap EE cell"	NA	NA	NA	"FBbt:00058000"	"adult class I enteroendocrine cell (Drosophila)"	"other"	"EE_scRNA-seq"	NA	5
"GGACAAGCAATCGAAA"	4	"SRX5979983"	"SRP200614"	"intestine"	"class II-m2 EE cell"	NA	NA	NA	"FBbt:00058005"	"adult middle midgut class II enteroendocrine cell (Drosophila)"	"perfect match"	"EE_scRNA-seq"	NA	8
"GGACAAGGTACAGACG"	0	"SRX5979983"	"SRP200614"	"intestine"	"class I-m EE cell"	NA	NA	NA	"FBbt:00058002"	"adult middle midgut class I enteroendocrine cell (Drosophila)"	"perfect match"	"EE_scRNA-seq"	NA	1
"GGACAAGGTCCATCCT"	1	"SRX5979983"	"SRP200614"	"intestine"	"class II-m1 EE cell"	NA	NA	NA	"FBbt:00058005"	"adult middle midgut class II enteroendocrine cell (Drosophila)"	"perfect match"	"EE_scRNA-seq"	NA	3
"GGACAAGTCAGCACAT"	3	"SRX5979983"	"SRP200614"	"intestine"	"class II-a EE cell"	NA	NA	NA	"FBbt:00058004"	"adult anterior midgut class II enteroendocrine cell (Drosophila)"	"perfect match"	"EE_scRNA-seq"	NA	9
"GGACAAGTCATTCACT"	2	"SRX5979983"	"SRP200614"	"intestine"	"class I-ap EE cell"	NA	NA	NA	"FBbt:00058000"	"adult class I enteroendocrine cell (Drosophila)"	"other"	"EE_scRNA-seq"	NA	5
"GGACAAGTCGCAAGCC"	4	"SRX5979983"	"SRP200614"	"intestine"	"class II-m2 EE cell"	NA	NA	NA	"FBbt:00058005"	"adult middle midgut class II enteroendocrine cell (Drosophila)"	"perfect match"	"EE_scRNA-seq"	NA	8
"GGACAGAAGGATATAC"	0	"SRX5979983"	"SRP200614"	"intestine"	"class I-m EE cell"	NA	NA	NA	"FBbt:00058002"	"adult middle midgut class I enteroendocrine cell (Drosophila)"	"perfect match"	"EE_scRNA-seq"	NA	1
"GGACAGAAGGCAATTA"	7	"SRX5979983"	"SRP200614"	"intestine"	"class II-p EE cell"	NA	NA	NA	"FBbt:00058006"	"adult posterior midgut class II enteroendocrine cell (Drosophila)"	"perfect match"	"EE_scRNA-seq"	NA	7
"GGACAGAAGGTGCTAG"	7	"SRX5979983"	"SRP200614"	"intestine"	"class II-p EE cell"	NA	NA	NA	"FBbt:00058006"	"adult posterior midgut class II enteroendocrine cell (Drosophila)"	"perfect match"	"EE_scRNA-seq"	NA	7
"GGACAGACAACACCTA"	0	"SRX5979983"	"SRP200614"	"intestine"	"class I-m EE cell"	NA	NA	NA	"FBbt:00058002"	"adult middle midgut class I enteroendocrine cell (Drosophila)"	"perfect match"	"EE_scRNA-seq"	NA	1
"GGACAGACACTAGTAC"	6	"SRX5979983"	"SRP200614"	"intestine"	"class I-p AstA EE cell"	NA	NA	NA	"FBbt:00058003"	"adult posterior midgut class I enteroendocrine cell (Drosophila)"	"missing child term"	"EE_scRNA-seq"	NA	6
"GGACAGAGTAAATGTG"	1	"SRX5979983"	"SRP200614"	"intestine"	"class II-m1 EE cell"	NA	NA	NA	"FBbt:00058005"	"adult middle midgut class II enteroendocrine cell (Drosophila)"	"perfect match"	"EE_scRNA-seq"	NA	3
"GGACAGAGTACCGTAT"	0	"SRX5979983"	"SRP200614"	"intestine"	"class I-m EE cell"	NA	NA	NA	"FBbt:00058002"	"adult middle midgut class I enteroendocrine cell (Drosophila)"	"perfect match"	"EE_scRNA-seq"	NA	1
"GGACAGAGTCTAAAGA"	0	"SRX5979983"	"SRP200614"	"intestine"	"class I-m EE cell"	NA	NA	NA	"FBbt:00058002"	"adult middle midgut class I enteroendocrine cell (Drosophila)"	"perfect match"	"EE_scRNA-seq"	NA	1
"GGACAGAGTGGGTCAA"	5	"SRX5979983"	"SRP200614"	"intestine"	"class I-p CCHa1 EE cell"	NA	NA	NA	"FBbt:00058003"	"adult posterior midgut class I enteroendocrine cell (Drosophila)"	"missing child term"	"EE_scRNA-seq"	NA	4
"GGACAGAGTGGTCCGT"	0	"SRX5979983"	"SRP200614"	"intestine"	"class I-m EE cell"	NA	NA	NA	"FBbt:00058002"	"adult middle midgut class I enteroendocrine cell (Drosophila)"	"perfect match"	"EE_scRNA-seq"	NA	1
"GGACAGATCTGCTGCT"	0	"SRX5979983"	"SRP200614"	"intestine"	"class I-m EE cell"	NA	NA	NA	"FBbt:00058002"	"adult middle midgut class I enteroendocrine cell (Drosophila)"	"perfect match"	"EE_scRNA-seq"	NA	1
"GGACAGATCTTAACCT"	6	"SRX5979983"	"SRP200614"	"intestine"	"class I-p AstA EE cell"	NA	NA	NA	"FBbt:00058003"	"adult posterior midgut class I enteroendocrine cell (Drosophila)"	"missing child term"	"EE_scRNA-seq"	NA	6
"GGACATTAGACCCACC"	5	"SRX5979983"	"SRP200614"	"intestine"	"class I-p CCHa1 EE cell"	NA	NA	NA	"FBbt:00058003"	"adult posterior midgut class I enteroendocrine cell (Drosophila)"	"missing child term"	"EE_scRNA-seq"	NA	4
"GGACATTAGGGCTTCC"	7	"SRX5979983"	"SRP200614"	"intestine"	"class II-p EE cell"	NA	NA	NA	"FBbt:00058006"	"adult posterior midgut class II enteroendocrine cell (Drosophila)"	"perfect match"	"EE_scRNA-seq"	NA	7
"GGACATTAGTTGTAGA"	2	"SRX5979983"	"SRP200614"	"intestine"	"class I-ap EE cell"	NA	NA	NA	"FBbt:00058000"	"adult class I enteroendocrine cell (Drosophila)"	"other"	"EE_scRNA-seq"	NA	5
"GGACATTCAAACGCGA"	0	"SRX5979983"	"SRP200614"	"intestine"	"class I-m EE cell"	NA	NA	NA	"FBbt:00058002"	"adult middle midgut class I enteroendocrine cell (Drosophila)"	"perfect match"	"EE_scRNA-seq"	NA	1
"GGACATTCACGAAAGC"	0	"SRX5979983"	"SRP200614"	"intestine"	"class I-m EE cell"	NA	NA	NA	"FBbt:00058002"	"adult middle midgut class I enteroendocrine cell (Drosophila)"	"perfect match"	"EE_scRNA-seq"	NA	1
"GGACATTCATCGATTG"	1	"SRX5979983"	"SRP200614"	"intestine"	"class II-m1 EE cell"	NA	NA	NA	"FBbt:00058005"	"adult middle midgut class II enteroendocrine cell (Drosophila)"	"perfect match"	"EE_scRNA-seq"	NA	3
"GGACATTGTCTAGTGT"	5	"SRX5979983"	"SRP200614"	"intestine"	"class I-p CCHa1 EE cell"	NA	NA	NA	"FBbt:00058003"	"adult posterior midgut class I enteroendocrine cell (Drosophila)"	"missing child term"	"EE_scRNA-seq"	NA	4
"GGACATTGTTTAAGCC"	2	"SRX5979983"	"SRP200614"	"intestine"	"class I-ap EE cell"	NA	NA	NA	"FBbt:00058000"	"adult class I enteroendocrine cell (Drosophila)"	"other"	"EE_scRNA-seq"	NA	5
"GGACATTTCCTCTAGC"	6	"SRX5979983"	"SRP200614"	"intestine"	"class I-p AstA EE cell"	NA	NA	NA	"FBbt:00058003"	"adult posterior midgut class I enteroendocrine cell (Drosophila)"	"missing child term"	"EE_scRNA-seq"	NA	6
"GGACATTTCCTTAATC"	0	"SRX5979983"	"SRP200614"	"intestine"	"class I-m EE cell"	NA	NA	NA	"FBbt:00058002"	"adult middle midgut class I enteroendocrine cell (Drosophila)"	"perfect match"	"EE_scRNA-seq"	NA	1
"GGACATTTCTATGTGG"	5	"SRX5979983"	"SRP200614"	"intestine"	"class I-p CCHa1 EE cell"	NA	NA	NA	"FBbt:00058003"	"adult posterior midgut class I enteroendocrine cell (Drosophila)"	"missing child term"	"EE_scRNA-seq"	NA	4
"GGACGTCAGAAACCAT"	5	"SRX5979983"	"SRP200614"	"intestine"	"class I-p CCHa1 EE cell"	NA	NA	NA	"FBbt:00058003"	"adult posterior midgut class I enteroendocrine cell (Drosophila)"	"missing child term"	"EE_scRNA-seq"	NA	4
"GGACGTCAGGTGCAAC"	7	"SRX5979983"	"SRP200614"	"intestine"	"class II-p EE cell"	NA	NA	NA	"FBbt:00058006"	"adult posterior midgut class II enteroendocrine cell (Drosophila)"	"perfect match"	"EE_scRNA-seq"	NA	7
"GGACGTCAGTGTGGCA"	1	"SRX5979983"	"SRP200614"	"intestine"	"class II-m1 EE cell"	NA	NA	NA	"FBbt:00058005"	"adult middle midgut class II enteroendocrine cell (Drosophila)"	"perfect match"	"EE_scRNA-seq"	NA	3
"GGACGTCCACTTGGAT"	0	"SRX5979983"	"SRP200614"	"intestine"	"class I-m EE cell"	NA	NA	NA	"FBbt:00058002"	"adult middle midgut class I enteroendocrine cell (Drosophila)"	"perfect match"	"EE_scRNA-seq"	NA	1
"GGACGTCCAGACTCGC"	4	"SRX5979983"	"SRP200614"	"intestine"	"class II-m2 EE cell"	NA	NA	NA	"FBbt:00058005"	"adult middle midgut class II enteroendocrine cell (Drosophila)"	"perfect match"	"EE_scRNA-seq"	NA	8
"GGACGTCGTGAGGGTT"	5	"SRX5979983"	"SRP200614"	"intestine"	"class I-p CCHa1 EE cell"	NA	NA	NA	"FBbt:00058003"	"adult posterior midgut class I enteroendocrine cell (Drosophila)"	"missing child term"	"EE_scRNA-seq"	NA	4
"GGACGTCTCAACGGCC"	0	"SRX5979983"	"SRP200614"	"intestine"	"class I-m EE cell"	NA	NA	NA	"FBbt:00058002"	"adult middle midgut class I enteroendocrine cell (Drosophila)"	"perfect match"	"EE_scRNA-seq"	NA	1
"GGACGTCTCCCTTGTG"	4	"SRX5979983"	"SRP200614"	"intestine"	"class II-m2 EE cell"	NA	NA	NA	"FBbt:00058005"	"adult middle midgut class II enteroendocrine cell (Drosophila)"	"perfect match"	"EE_scRNA-seq"	NA	8
"GGAGCAAAGGGAGTAA"	4	"SRX5979983"	"SRP200614"	"intestine"	"class II-m2 EE cell"	NA	NA	NA	"FBbt:00058005"	"adult middle midgut class II enteroendocrine cell (Drosophila)"	"perfect match"	"EE_scRNA-seq"	NA	8
"GGAGCAAAGTACGCGA"	3	"SRX5979983"	"SRP200614"	"intestine"	"class II-a EE cell"	NA	NA	NA	"FBbt:00058004"	"adult anterior midgut class II enteroendocrine cell (Drosophila)"	"perfect match"	"EE_scRNA-seq"	NA	9
"GGAGCAACATCACCCT"	10	"SRX5979983"	"SRP200614"	"intestine"	"EE progenitor cell"	NA	NA	NA	"FBbt:00049284"	"adult enteroendocrine precursor cell (Drosophila)"	"perfect match"	"EE_scRNA-seq"	NA	10
"GGAGCAACATGCCTTC"	1	"SRX5979983"	"SRP200614"	"intestine"	"class II-m1 EE cell"	NA	NA	NA	"FBbt:00058005"	"adult middle midgut class II enteroendocrine cell (Drosophila)"	"perfect match"	"EE_scRNA-seq"	NA	3
"GGAGCAAGTACACCGC"	2	"SRX5979983"	"SRP200614"	"intestine"	"class I-ap EE cell"	NA	NA	NA	"FBbt:00058000"	"adult class I enteroendocrine cell (Drosophila)"	"other"	"EE_scRNA-seq"	NA	5
"GGAGCAATCAACACAC"	0	"SRX5979983"	"SRP200614"	"intestine"	"class I-m EE cell"	NA	NA	NA	"FBbt:00058002"	"adult middle midgut class I enteroendocrine cell (Drosophila)"	"perfect match"	"EE_scRNA-seq"	NA	1
"GGAGCAATCTTGAGGT"	0	"SRX5979983"	"SRP200614"	"intestine"	"class I-m EE cell"	NA	NA	NA	"FBbt:00058002"	"adult middle midgut class I enteroendocrine cell (Drosophila)"	"perfect match"	"EE_scRNA-seq"	NA	1
"GGATGTTAGCGATATA"	0	"SRX5979983"	"SRP200614"	"intestine"	"class I-m EE cell"	NA	NA	NA	"FBbt:00058002"	"adult middle midgut class I enteroendocrine cell (Drosophila)"	"perfect match"	"EE_scRNA-seq"	NA	1
"GGATGTTAGGCTATCT"	1	"SRX5979983"	"SRP200614"	"intestine"	"class II-m1 EE cell"	NA	NA	NA	"FBbt:00058005"	"adult middle midgut class II enteroendocrine cell (Drosophila)"	"perfect match"	"EE_scRNA-seq"	NA	3
"GGATGTTCAAGCTGGA"	6	"SRX5979983"	"SRP200614"	"intestine"	"class I-p AstA EE cell"	NA	NA	NA	"FBbt:00058003"	"adult posterior midgut class I enteroendocrine cell (Drosophila)"	"missing child term"	"EE_scRNA-seq"	NA	6
"GGATGTTCAATACGCT"	0	"SRX5979983"	"SRP200614"	"intestine"	"class I-m EE cell"	NA	NA	NA	"FBbt:00058002"	"adult middle midgut class I enteroendocrine cell (Drosophila)"	"perfect match"	"EE_scRNA-seq"	NA	1
"GGATGTTCATCCGTGG"	3	"SRX5979983"	"SRP200614"	"intestine"	"class II-a EE cell"	NA	NA	NA	"FBbt:00058004"	"adult anterior midgut class II enteroendocrine cell (Drosophila)"	"perfect match"	"EE_scRNA-seq"	NA	9
"GGATGTTGTCAACTGT"	0	"SRX5979983"	"SRP200614"	"intestine"	"class I-m EE cell"	NA	NA	NA	"FBbt:00058002"	"adult middle midgut class I enteroendocrine cell (Drosophila)"	"perfect match"	"EE_scRNA-seq"	NA	1
"GGATGTTGTCAGAAGC"	0	"SRX5979983"	"SRP200614"	"intestine"	"class I-m EE cell"	NA	NA	NA	"FBbt:00058002"	"adult middle midgut class I enteroendocrine cell (Drosophila)"	"perfect match"	"EE_scRNA-seq"	NA	1
"GGATGTTGTTAAGACA"	5	"SRX5979983"	"SRP200614"	"intestine"	"class I-p CCHa1 EE cell"	NA	NA	NA	"FBbt:00058003"	"adult posterior midgut class I enteroendocrine cell (Drosophila)"	"missing child term"	"EE_scRNA-seq"	NA	4
"GGATGTTTCCACTGGG"	1	"SRX5979983"	"SRP200614"	"intestine"	"class II-m1 EE cell"	NA	NA	NA	"FBbt:00058005"	"adult middle midgut class II enteroendocrine cell (Drosophila)"	"perfect match"	"EE_scRNA-seq"	NA	3
"GGATGTTTCGCGATCG"	1	"SRX5979983"	"SRP200614"	"intestine"	"class II-m1 EE cell"	NA	NA	NA	"FBbt:00058005"	"adult middle midgut class II enteroendocrine cell (Drosophila)"	"perfect match"	"EE_scRNA-seq"	NA	3
"GGATTACCAACGATCT"	2	"SRX5979983"	"SRP200614"	"intestine"	"class I-ap EE cell"	NA	NA	NA	"FBbt:00058000"	"adult class I enteroendocrine cell (Drosophila)"	"other"	"EE_scRNA-seq"	NA	5
"GGATTACCAGATTGCT"	1	"SRX5979983"	"SRP200614"	"intestine"	"class II-m1 EE cell"	NA	NA	NA	"FBbt:00058005"	"adult middle midgut class II enteroendocrine cell (Drosophila)"	"perfect match"	"EE_scRNA-seq"	NA	3
"GGATTACCAGTGGGAT"	0	"SRX5979983"	"SRP200614"	"intestine"	"class I-m EE cell"	NA	NA	NA	"FBbt:00058002"	"adult middle midgut class I enteroendocrine cell (Drosophila)"	"perfect match"	"EE_scRNA-seq"	NA	1
"GGATTACGTAAAGTCA"	0	"SRX5979983"	"SRP200614"	"intestine"	"class I-m EE cell"	NA	NA	NA	"FBbt:00058002"	"adult middle midgut class I enteroendocrine cell (Drosophila)"	"perfect match"	"EE_scRNA-seq"	NA	1
"GGATTACGTCCGACGT"	1	"SRX5979983"	"SRP200614"	"intestine"	"class II-m1 EE cell"	NA	NA	NA	"FBbt:00058005"	"adult middle midgut class II enteroendocrine cell (Drosophila)"	"perfect match"	"EE_scRNA-seq"	NA	3
"GGATTACTCGGCGGTT"	1	"SRX5979983"	"SRP200614"	"intestine"	"class II-m1 EE cell"	NA	NA	NA	"FBbt:00058005"	"adult middle midgut class II enteroendocrine cell (Drosophila)"	"perfect match"	"EE_scRNA-seq"	NA	3
"GGCAATTAGGCGCTCT"	2	"SRX5979983"	"SRP200614"	"intestine"	"class I-ap EE cell"	NA	NA	NA	"FBbt:00058000"	"adult class I enteroendocrine cell (Drosophila)"	"other"	"EE_scRNA-seq"	NA	5
"GGCAATTCACAGACAG"	8	"SRX5979983"	"SRP200614"	"intestine"	"class I-a EE cell"	NA	NA	NA	"FBbt:00058001"	"adult anterior midgut class I enteroendocrine cell (Drosophila)"	"perfect match"	"EE_scRNA-seq"	NA	2
"GGCAATTCACCTTGTC"	3	"SRX5979983"	"SRP200614"	"intestine"	"class II-a EE cell"	NA	NA	NA	"FBbt:00058004"	"adult anterior midgut class II enteroendocrine cell (Drosophila)"	"perfect match"	"EE_scRNA-seq"	NA	9
"GGCAATTCACGACTCG"	0	"SRX5979983"	"SRP200614"	"intestine"	"class I-m EE cell"	NA	NA	NA	"FBbt:00058002"	"adult middle midgut class I enteroendocrine cell (Drosophila)"	"perfect match"	"EE_scRNA-seq"	NA	1
"GGCAATTCATTCCTGC"	5	"SRX5979983"	"SRP200614"	"intestine"	"class I-p CCHa1 EE cell"	NA	NA	NA	"FBbt:00058003"	"adult posterior midgut class I enteroendocrine cell (Drosophila)"	"missing child term"	"EE_scRNA-seq"	NA	4
"GGCAATTGTCACCTAA"	0	"SRX5979983"	"SRP200614"	"intestine"	"class I-m EE cell"	NA	NA	NA	"FBbt:00058002"	"adult middle midgut class I enteroendocrine cell (Drosophila)"	"perfect match"	"EE_scRNA-seq"	NA	1
"GGCAATTGTCGGCTCA"	4	"SRX5979983"	"SRP200614"	"intestine"	"class II-m2 EE cell"	NA	NA	NA	"FBbt:00058005"	"adult middle midgut class II enteroendocrine cell (Drosophila)"	"perfect match"	"EE_scRNA-seq"	NA	8
"GGCAATTGTCTTCTCG"	0	"SRX5979983"	"SRP200614"	"intestine"	"class I-m EE cell"	NA	NA	NA	"FBbt:00058002"	"adult middle midgut class I enteroendocrine cell (Drosophila)"	"perfect match"	"EE_scRNA-seq"	NA	1
"GGCAATTGTTCGGCAC"	7	"SRX5979983"	"SRP200614"	"intestine"	"class II-p EE cell"	NA	NA	NA	"FBbt:00058006"	"adult posterior midgut class II enteroendocrine cell (Drosophila)"	"perfect match"	"EE_scRNA-seq"	NA	7
"GGCAATTTCATACGGT"	7	"SRX5979983"	"SRP200614"	"intestine"	"class II-p EE cell"	NA	NA	NA	"FBbt:00058006"	"adult posterior midgut class II enteroendocrine cell (Drosophila)"	"perfect match"	"EE_scRNA-seq"	NA	7
"GGCAATTTCTTGAGGT"	2	"SRX5979983"	"SRP200614"	"intestine"	"class I-ap EE cell"	NA	NA	NA	"FBbt:00058000"	"adult class I enteroendocrine cell (Drosophila)"	"other"	"EE_scRNA-seq"	NA	5
"GGCCGATAGCCAGTAG"	1	"SRX5979983"	"SRP200614"	"intestine"	"class II-m1 EE cell"	NA	NA	NA	"FBbt:00058005"	"adult middle midgut class II enteroendocrine cell (Drosophila)"	"perfect match"	"EE_scRNA-seq"	NA	3
"GGCCGATAGCTAAGAT"	0	"SRX5979983"	"SRP200614"	"intestine"	"class I-m EE cell"	NA	NA	NA	"FBbt:00058002"	"adult middle midgut class I enteroendocrine cell (Drosophila)"	"perfect match"	"EE_scRNA-seq"	NA	1
"GGCCGATAGGTGATAT"	0	"SRX5979983"	"SRP200614"	"intestine"	"class I-m EE cell"	NA	NA	NA	"FBbt:00058002"	"adult middle midgut class I enteroendocrine cell (Drosophila)"	"perfect match"	"EE_scRNA-seq"	NA	1
"GGCCGATAGTGAAGAG"	1	"SRX5979983"	"SRP200614"	"intestine"	"class II-m1 EE cell"	NA	NA	NA	"FBbt:00058005"	"adult middle midgut class II enteroendocrine cell (Drosophila)"	"perfect match"	"EE_scRNA-seq"	NA	3
"GGCCGATCAATGGAAT"	1	"SRX5979983"	"SRP200614"	"intestine"	"class II-m1 EE cell"	NA	NA	NA	"FBbt:00058005"	"adult middle midgut class II enteroendocrine cell (Drosophila)"	"perfect match"	"EE_scRNA-seq"	NA	3
"GGCCGATCACACCGCA"	0	"SRX5979983"	"SRP200614"	"intestine"	"class I-m EE cell"	NA	NA	NA	"FBbt:00058002"	"adult middle midgut class I enteroendocrine cell (Drosophila)"	"perfect match"	"EE_scRNA-seq"	NA	1
"GGCCGATCAGCTTCGG"	0	"SRX5979983"	"SRP200614"	"intestine"	"class I-m EE cell"	NA	NA	NA	"FBbt:00058002"	"adult middle midgut class I enteroendocrine cell (Drosophila)"	"perfect match"	"EE_scRNA-seq"	NA	1
"GGCCGATGTGTGAAAT"	3	"SRX5979983"	"SRP200614"	"intestine"	"class II-a EE cell"	NA	NA	NA	"FBbt:00058004"	"adult anterior midgut class II enteroendocrine cell (Drosophila)"	"perfect match"	"EE_scRNA-seq"	NA	9
"GGCCGATGTGTTTGTG"	0	"SRX5979983"	"SRP200614"	"intestine"	"class I-m EE cell"	NA	NA	NA	"FBbt:00058002"	"adult middle midgut class I enteroendocrine cell (Drosophila)"	"perfect match"	"EE_scRNA-seq"	NA	1
"GGCCGATTCGAATCCA"	3	"SRX5979983"	"SRP200614"	"intestine"	"class II-a EE cell"	NA	NA	NA	"FBbt:00058004"	"adult anterior midgut class II enteroendocrine cell (Drosophila)"	"perfect match"	"EE_scRNA-seq"	NA	9
"GGCCGATTCGTACCGG"	0	"SRX5979983"	"SRP200614"	"intestine"	"class I-m EE cell"	NA	NA	NA	"FBbt:00058002"	"adult middle midgut class I enteroendocrine cell (Drosophila)"	"perfect match"	"EE_scRNA-seq"	NA	1
"GGCCGATTCGTTTAGG"	0	"SRX5979983"	"SRP200614"	"intestine"	"class I-m EE cell"	NA	NA	NA	"FBbt:00058002"	"adult middle midgut class I enteroendocrine cell (Drosophila)"	"perfect match"	"EE_scRNA-seq"	NA	1
"GGCCGATTCTCGCTTG"	2	"SRX5979983"	"SRP200614"	"intestine"	"class I-ap EE cell"	NA	NA	NA	"FBbt:00058000"	"adult class I enteroendocrine cell (Drosophila)"	"other"	"EE_scRNA-seq"	NA	5
"GGCCGATTCTTTACAC"	0	"SRX5979983"	"SRP200614"	"intestine"	"class I-m EE cell"	NA	NA	NA	"FBbt:00058002"	"adult middle midgut class I enteroendocrine cell (Drosophila)"	"perfect match"	"EE_scRNA-seq"	NA	1
"GGCGACTAGATACACA"	5	"SRX5979983"	"SRP200614"	"intestine"	"class I-p CCHa1 EE cell"	NA	NA	NA	"FBbt:00058003"	"adult posterior midgut class I enteroendocrine cell (Drosophila)"	"missing child term"	"EE_scRNA-seq"	NA	4
"GGCGACTAGCGTGTCC"	2	"SRX5979983"	"SRP200614"	"intestine"	"class I-ap EE cell"	NA	NA	NA	"FBbt:00058000"	"adult class I enteroendocrine cell (Drosophila)"	"other"	"EE_scRNA-seq"	NA	5
"GGCGACTAGGGTCTCC"	6	"SRX5979983"	"SRP200614"	"intestine"	"class I-p AstA EE cell"	NA	NA	NA	"FBbt:00058003"	"adult posterior midgut class I enteroendocrine cell (Drosophila)"	"missing child term"	"EE_scRNA-seq"	NA	6
"GGCGACTCACCAACCG"	0	"SRX5979983"	"SRP200614"	"intestine"	"class I-m EE cell"	NA	NA	NA	"FBbt:00058002"	"adult middle midgut class I enteroendocrine cell (Drosophila)"	"perfect match"	"EE_scRNA-seq"	NA	1
"GGCGACTGTAAATACG"	1	"SRX5979983"	"SRP200614"	"intestine"	"class II-m1 EE cell"	NA	NA	NA	"FBbt:00058005"	"adult middle midgut class II enteroendocrine cell (Drosophila)"	"perfect match"	"EE_scRNA-seq"	NA	3
"GGCGACTGTCAACATC"	3	"SRX5979983"	"SRP200614"	"intestine"	"class II-a EE cell"	NA	NA	NA	"FBbt:00058004"	"adult anterior midgut class II enteroendocrine cell (Drosophila)"	"perfect match"	"EE_scRNA-seq"	NA	9
"GGCGACTTCTGGAGCC"	6	"SRX5979983"	"SRP200614"	"intestine"	"class I-p AstA EE cell"	NA	NA	NA	"FBbt:00058003"	"adult posterior midgut class I enteroendocrine cell (Drosophila)"	"missing child term"	"EE_scRNA-seq"	NA	6
"GGCGTGTAGATGCGAC"	2	"SRX5979983"	"SRP200614"	"intestine"	"class I-ap EE cell"	NA	NA	NA	"FBbt:00058000"	"adult class I enteroendocrine cell (Drosophila)"	"other"	"EE_scRNA-seq"	NA	5
"GGCGTGTAGGACGAAA"	7	"SRX5979983"	"SRP200614"	"intestine"	"class II-p EE cell"	NA	NA	NA	"FBbt:00058006"	"adult posterior midgut class II enteroendocrine cell (Drosophila)"	"perfect match"	"EE_scRNA-seq"	NA	7
"GGCGTGTAGGCCCTTG"	5	"SRX5979983"	"SRP200614"	"intestine"	"class I-p CCHa1 EE cell"	NA	NA	NA	"FBbt:00058003"	"adult posterior midgut class I enteroendocrine cell (Drosophila)"	"missing child term"	"EE_scRNA-seq"	NA	4
"GGCGTGTAGGGCACTA"	0	"SRX5979983"	"SRP200614"	"intestine"	"class I-m EE cell"	NA	NA	NA	"FBbt:00058002"	"adult middle midgut class I enteroendocrine cell (Drosophila)"	"perfect match"	"EE_scRNA-seq"	NA	1
"GGCGTGTCAGGCTGAA"	0	"SRX5979983"	"SRP200614"	"intestine"	"class I-m EE cell"	NA	NA	NA	"FBbt:00058002"	"adult middle midgut class I enteroendocrine cell (Drosophila)"	"perfect match"	"EE_scRNA-seq"	NA	1
"GGCGTGTGTGATGTCT"	7	"SRX5979983"	"SRP200614"	"intestine"	"class II-p EE cell"	NA	NA	NA	"FBbt:00058006"	"adult posterior midgut class II enteroendocrine cell (Drosophila)"	"perfect match"	"EE_scRNA-seq"	NA	7
"GGCGTGTGTGCCTGCA"	5	"SRX5979983"	"SRP200614"	"intestine"	"class I-p CCHa1 EE cell"	NA	NA	NA	"FBbt:00058003"	"adult posterior midgut class I enteroendocrine cell (Drosophila)"	"missing child term"	"EE_scRNA-seq"	NA	4
"GGCGTGTGTGGACGAT"	6	"SRX5979983"	"SRP200614"	"intestine"	"class I-p AstA EE cell"	NA	NA	NA	"FBbt:00058003"	"adult posterior midgut class I enteroendocrine cell (Drosophila)"	"missing child term"	"EE_scRNA-seq"	NA	6
"GGCGTGTGTTCGTCTC"	1	"SRX5979983"	"SRP200614"	"intestine"	"class II-m1 EE cell"	NA	NA	NA	"FBbt:00058005"	"adult middle midgut class II enteroendocrine cell (Drosophila)"	"perfect match"	"EE_scRNA-seq"	NA	3
"GGCGTGTTCACGATGT"	0	"SRX5979983"	"SRP200614"	"intestine"	"class I-m EE cell"	NA	NA	NA	"FBbt:00058002"	"adult middle midgut class I enteroendocrine cell (Drosophila)"	"perfect match"	"EE_scRNA-seq"	NA	1
"GGCGTGTTCCGTACAA"	0	"SRX5979983"	"SRP200614"	"intestine"	"class I-m EE cell"	NA	NA	NA	"FBbt:00058002"	"adult middle midgut class I enteroendocrine cell (Drosophila)"	"perfect match"	"EE_scRNA-seq"	NA	1
"GGCGTGTTCTGCTGTC"	1	"SRX5979983"	"SRP200614"	"intestine"	"class II-m1 EE cell"	NA	NA	NA	"FBbt:00058005"	"adult middle midgut class II enteroendocrine cell (Drosophila)"	"perfect match"	"EE_scRNA-seq"	NA	3
"GGCGTGTTCTGGTTCC"	0	"SRX5979983"	"SRP200614"	"intestine"	"class I-m EE cell"	NA	NA	NA	"FBbt:00058002"	"adult middle midgut class I enteroendocrine cell (Drosophila)"	"perfect match"	"EE_scRNA-seq"	NA	1
"GGCTCGACAAGAGTCG"	2	"SRX5979983"	"SRP200614"	"intestine"	"class I-ap EE cell"	NA	NA	NA	"FBbt:00058000"	"adult class I enteroendocrine cell (Drosophila)"	"other"	"EE_scRNA-seq"	NA	5
"GGCTCGACACGGTTTA"	5	"SRX5979983"	"SRP200614"	"intestine"	"class I-p CCHa1 EE cell"	NA	NA	NA	"FBbt:00058003"	"adult posterior midgut class I enteroendocrine cell (Drosophila)"	"missing child term"	"EE_scRNA-seq"	NA	4
"GGCTCGACAGGATCGA"	0	"SRX5979983"	"SRP200614"	"intestine"	"class I-m EE cell"	NA	NA	NA	"FBbt:00058002"	"adult middle midgut class I enteroendocrine cell (Drosophila)"	"perfect match"	"EE_scRNA-seq"	NA	1
"GGCTCGAGTCTGCGGT"	5	"SRX5979983"	"SRP200614"	"intestine"	"class I-p CCHa1 EE cell"	NA	NA	NA	"FBbt:00058003"	"adult posterior midgut class I enteroendocrine cell (Drosophila)"	"missing child term"	"EE_scRNA-seq"	NA	4
"GGCTCGATCAGGCAAG"	0	"SRX5979983"	"SRP200614"	"intestine"	"class I-m EE cell"	NA	NA	NA	"FBbt:00058002"	"adult middle midgut class I enteroendocrine cell (Drosophila)"	"perfect match"	"EE_scRNA-seq"	NA	1
"GGCTCGATCCTTTCTC"	0	"SRX5979983"	"SRP200614"	"intestine"	"class I-m EE cell"	NA	NA	NA	"FBbt:00058002"	"adult middle midgut class I enteroendocrine cell (Drosophila)"	"perfect match"	"EE_scRNA-seq"	NA	1
"GGCTCGATCGGCGCTA"	1	"SRX5979983"	"SRP200614"	"intestine"	"class II-m1 EE cell"	NA	NA	NA	"FBbt:00058005"	"adult middle midgut class II enteroendocrine cell (Drosophila)"	"perfect match"	"EE_scRNA-seq"	NA	3
"GGCTGGTAGGACGAAA"	2	"SRX5979983"	"SRP200614"	"intestine"	"class I-ap EE cell"	NA	NA	NA	"FBbt:00058000"	"adult class I enteroendocrine cell (Drosophila)"	"other"	"EE_scRNA-seq"	NA	5
"GGCTGGTCACCAGTTA"	8	"SRX5979983"	"SRP200614"	"intestine"	"class I-a EE cell"	NA	NA	NA	"FBbt:00058001"	"adult anterior midgut class I enteroendocrine cell (Drosophila)"	"perfect match"	"EE_scRNA-seq"	NA	2
"GGCTGGTCATCCCATC"	6	"SRX5979983"	"SRP200614"	"intestine"	"class I-p AstA EE cell"	NA	NA	NA	"FBbt:00058003"	"adult posterior midgut class I enteroendocrine cell (Drosophila)"	"missing child term"	"EE_scRNA-seq"	NA	6
"GGCTGGTGTACGCTGC"	0	"SRX5979983"	"SRP200614"	"intestine"	"class I-m EE cell"	NA	NA	NA	"FBbt:00058002"	"adult middle midgut class I enteroendocrine cell (Drosophila)"	"perfect match"	"EE_scRNA-seq"	NA	1
"GGCTGGTGTAGCTGCC"	0	"SRX5979983"	"SRP200614"	"intestine"	"class I-m EE cell"	NA	NA	NA	"FBbt:00058002"	"adult middle midgut class I enteroendocrine cell (Drosophila)"	"perfect match"	"EE_scRNA-seq"	NA	1
"GGCTGGTGTCAAAGCG"	0	"SRX5979983"	"SRP200614"	"intestine"	"class I-m EE cell"	NA	NA	NA	"FBbt:00058002"	"adult middle midgut class I enteroendocrine cell (Drosophila)"	"perfect match"	"EE_scRNA-seq"	NA	1
"GGCTGGTGTTTGACTG"	7	"SRX5979983"	"SRP200614"	"intestine"	"class II-p EE cell"	NA	NA	NA	"FBbt:00058006"	"adult posterior midgut class II enteroendocrine cell (Drosophila)"	"perfect match"	"EE_scRNA-seq"	NA	7
"GGCTGGTTCATGTCTT"	0	"SRX5979983"	"SRP200614"	"intestine"	"class I-m EE cell"	NA	NA	NA	"FBbt:00058002"	"adult middle midgut class I enteroendocrine cell (Drosophila)"	"perfect match"	"EE_scRNA-seq"	NA	1
"GGGAATGAGCTCAACT"	0	"SRX5979983"	"SRP200614"	"intestine"	"class I-m EE cell"	NA	NA	NA	"FBbt:00058002"	"adult middle midgut class I enteroendocrine cell (Drosophila)"	"perfect match"	"EE_scRNA-seq"	NA	1
"GGGAATGAGGTGCTTT"	3	"SRX5979983"	"SRP200614"	"intestine"	"class II-a EE cell"	NA	NA	NA	"FBbt:00058004"	"adult anterior midgut class II enteroendocrine cell (Drosophila)"	"perfect match"	"EE_scRNA-seq"	NA	9
"GGGAATGGTACTCAAC"	1	"SRX5979983"	"SRP200614"	"intestine"	"class II-m1 EE cell"	NA	NA	NA	"FBbt:00058005"	"adult middle midgut class II enteroendocrine cell (Drosophila)"	"perfect match"	"EE_scRNA-seq"	NA	3
"GGGAATGGTATAATGG"	0	"SRX5979983"	"SRP200614"	"intestine"	"class I-m EE cell"	NA	NA	NA	"FBbt:00058002"	"adult middle midgut class I enteroendocrine cell (Drosophila)"	"perfect match"	"EE_scRNA-seq"	NA	1
"GGGAATGGTGTATGGG"	0	"SRX5979983"	"SRP200614"	"intestine"	"class I-m EE cell"	NA	NA	NA	"FBbt:00058002"	"adult middle midgut class I enteroendocrine cell (Drosophila)"	"perfect match"	"EE_scRNA-seq"	NA	1
"GGGAATGTCACGAAGG"	0	"SRX5979983"	"SRP200614"	"intestine"	"class I-m EE cell"	NA	NA	NA	"FBbt:00058002"	"adult middle midgut class I enteroendocrine cell (Drosophila)"	"perfect match"	"EE_scRNA-seq"	NA	1
"GGGAATGTCACTTATC"	0	"SRX5979983"	"SRP200614"	"intestine"	"class I-m EE cell"	NA	NA	NA	"FBbt:00058002"	"adult middle midgut class I enteroendocrine cell (Drosophila)"	"perfect match"	"EE_scRNA-seq"	NA	1
"GGGAATGTCCCATTAT"	5	"SRX5979983"	"SRP200614"	"intestine"	"class I-p CCHa1 EE cell"	NA	NA	NA	"FBbt:00058003"	"adult posterior midgut class I enteroendocrine cell (Drosophila)"	"missing child term"	"EE_scRNA-seq"	NA	4
"GGGAATGTCTCCAACC"	5	"SRX5979983"	"SRP200614"	"intestine"	"class I-p CCHa1 EE cell"	NA	NA	NA	"FBbt:00058003"	"adult posterior midgut class I enteroendocrine cell (Drosophila)"	"missing child term"	"EE_scRNA-seq"	NA	4
"GGGAATGTCTTAACCT"	7	"SRX5979983"	"SRP200614"	"intestine"	"class II-p EE cell"	NA	NA	NA	"FBbt:00058006"	"adult posterior midgut class II enteroendocrine cell (Drosophila)"	"perfect match"	"EE_scRNA-seq"	NA	7
"GGGACCTAGAGGTACC"	1	"SRX5979983"	"SRP200614"	"intestine"	"class II-m1 EE cell"	NA	NA	NA	"FBbt:00058005"	"adult middle midgut class II enteroendocrine cell (Drosophila)"	"perfect match"	"EE_scRNA-seq"	NA	3
"GGGACCTAGTAGTGCG"	2	"SRX5979983"	"SRP200614"	"intestine"	"class I-ap EE cell"	NA	NA	NA	"FBbt:00058000"	"adult class I enteroendocrine cell (Drosophila)"	"other"	"EE_scRNA-seq"	NA	5
"GGGACCTAGTTACCCA"	7	"SRX5979983"	"SRP200614"	"intestine"	"class II-p EE cell"	NA	NA	NA	"FBbt:00058006"	"adult posterior midgut class II enteroendocrine cell (Drosophila)"	"perfect match"	"EE_scRNA-seq"	NA	7
"GGGACCTTCACCCGAG"	0	"SRX5979983"	"SRP200614"	"intestine"	"class I-m EE cell"	NA	NA	NA	"FBbt:00058002"	"adult middle midgut class I enteroendocrine cell (Drosophila)"	"perfect match"	"EE_scRNA-seq"	NA	1
"GGGACCTTCCTTGGTC"	1	"SRX5979983"	"SRP200614"	"intestine"	"class II-m1 EE cell"	NA	NA	NA	"FBbt:00058005"	"adult middle midgut class II enteroendocrine cell (Drosophila)"	"perfect match"	"EE_scRNA-seq"	NA	3
"GGGACCTTCGGTGTCG"	6	"SRX5979983"	"SRP200614"	"intestine"	"class I-p AstA EE cell"	NA	NA	NA	"FBbt:00058003"	"adult posterior midgut class I enteroendocrine cell (Drosophila)"	"missing child term"	"EE_scRNA-seq"	NA	6
"GGGAGATAGACTAAGT"	1	"SRX5979983"	"SRP200614"	"intestine"	"class II-m1 EE cell"	NA	NA	NA	"FBbt:00058005"	"adult middle midgut class II enteroendocrine cell (Drosophila)"	"perfect match"	"EE_scRNA-seq"	NA	3
"GGGAGATAGGTGATTA"	7	"SRX5979983"	"SRP200614"	"intestine"	"class II-p EE cell"	NA	NA	NA	"FBbt:00058006"	"adult posterior midgut class II enteroendocrine cell (Drosophila)"	"perfect match"	"EE_scRNA-seq"	NA	7
"GGGAGATCACAACGTT"	3	"SRX5979983"	"SRP200614"	"intestine"	"class II-a EE cell"	NA	NA	NA	"FBbt:00058004"	"adult anterior midgut class II enteroendocrine cell (Drosophila)"	"perfect match"	"EE_scRNA-seq"	NA	9
"GGGAGATGTTACGGAG"	3	"SRX5979983"	"SRP200614"	"intestine"	"class II-a EE cell"	NA	NA	NA	"FBbt:00058004"	"adult anterior midgut class II enteroendocrine cell (Drosophila)"	"perfect match"	"EE_scRNA-seq"	NA	9
"GGGAGATTCTAAGCCA"	2	"SRX5979983"	"SRP200614"	"intestine"	"class I-ap EE cell"	NA	NA	NA	"FBbt:00058000"	"adult class I enteroendocrine cell (Drosophila)"	"other"	"EE_scRNA-seq"	NA	5
"GGGAGATTCTCAACTT"	6	"SRX5979983"	"SRP200614"	"intestine"	"class I-p AstA EE cell"	NA	NA	NA	"FBbt:00058003"	"adult posterior midgut class I enteroendocrine cell (Drosophila)"	"missing child term"	"EE_scRNA-seq"	NA	6
"GGGAGATTCTGTTTGT"	1	"SRX5979983"	"SRP200614"	"intestine"	"class II-m1 EE cell"	NA	NA	NA	"FBbt:00058005"	"adult middle midgut class II enteroendocrine cell (Drosophila)"	"perfect match"	"EE_scRNA-seq"	NA	3
"GGGATGAAGTACCGGA"	6	"SRX5979983"	"SRP200614"	"intestine"	"class I-p AstA EE cell"	NA	NA	NA	"FBbt:00058003"	"adult posterior midgut class I enteroendocrine cell (Drosophila)"	"missing child term"	"EE_scRNA-seq"	NA	6
"GGGATGAAGTGAACAT"	0	"SRX5979983"	"SRP200614"	"intestine"	"class I-m EE cell"	NA	NA	NA	"FBbt:00058002"	"adult middle midgut class I enteroendocrine cell (Drosophila)"	"perfect match"	"EE_scRNA-seq"	NA	1
"GGGATGACACAGACTT"	0	"SRX5979983"	"SRP200614"	"intestine"	"class I-m EE cell"	NA	NA	NA	"FBbt:00058002"	"adult middle midgut class I enteroendocrine cell (Drosophila)"	"perfect match"	"EE_scRNA-seq"	NA	1
"GGGATGACATTACCTT"	0	"SRX5979983"	"SRP200614"	"intestine"	"class I-m EE cell"	NA	NA	NA	"FBbt:00058002"	"adult middle midgut class I enteroendocrine cell (Drosophila)"	"perfect match"	"EE_scRNA-seq"	NA	1
"GGGATGAGTAGCGTGA"	0	"SRX5979983"	"SRP200614"	"intestine"	"class I-m EE cell"	NA	NA	NA	"FBbt:00058002"	"adult middle midgut class I enteroendocrine cell (Drosophila)"	"perfect match"	"EE_scRNA-seq"	NA	1
"GGGATGAGTGATAAGT"	1	"SRX5979983"	"SRP200614"	"intestine"	"class II-m1 EE cell"	NA	NA	NA	"FBbt:00058005"	"adult middle midgut class II enteroendocrine cell (Drosophila)"	"perfect match"	"EE_scRNA-seq"	NA	3
"GGGATGATCAGCTCGG"	1	"SRX5979983"	"SRP200614"	"intestine"	"class II-m1 EE cell"	NA	NA	NA	"FBbt:00058005"	"adult middle midgut class II enteroendocrine cell (Drosophila)"	"perfect match"	"EE_scRNA-seq"	NA	3
"GGGATGATCATCGATG"	5	"SRX5979983"	"SRP200614"	"intestine"	"class I-p CCHa1 EE cell"	NA	NA	NA	"FBbt:00058003"	"adult posterior midgut class I enteroendocrine cell (Drosophila)"	"missing child term"	"EE_scRNA-seq"	NA	4
"GGGATGATCCACTGGG"	6	"SRX5979983"	"SRP200614"	"intestine"	"class I-p AstA EE cell"	NA	NA	NA	"FBbt:00058003"	"adult posterior midgut class I enteroendocrine cell (Drosophila)"	"missing child term"	"EE_scRNA-seq"	NA	6
"GGGCACTAGTACTTGC"	5	"SRX5979983"	"SRP200614"	"intestine"	"class I-p CCHa1 EE cell"	NA	NA	NA	"FBbt:00058003"	"adult posterior midgut class I enteroendocrine cell (Drosophila)"	"missing child term"	"EE_scRNA-seq"	NA	4
"GGGCACTCAGGATTGG"	2	"SRX5979983"	"SRP200614"	"intestine"	"class I-ap EE cell"	NA	NA	NA	"FBbt:00058000"	"adult class I enteroendocrine cell (Drosophila)"	"other"	"EE_scRNA-seq"	NA	5
"GGGCACTCATGAGCGA"	0	"SRX5979983"	"SRP200614"	"intestine"	"class I-m EE cell"	NA	NA	NA	"FBbt:00058002"	"adult middle midgut class I enteroendocrine cell (Drosophila)"	"perfect match"	"EE_scRNA-seq"	NA	1
"GGGCACTGTCCAAGTT"	4	"SRX5979983"	"SRP200614"	"intestine"	"class II-m2 EE cell"	NA	NA	NA	"FBbt:00058005"	"adult middle midgut class II enteroendocrine cell (Drosophila)"	"perfect match"	"EE_scRNA-seq"	NA	8
"GGGCACTGTTCGTTGA"	1	"SRX5979983"	"SRP200614"	"intestine"	"class II-m1 EE cell"	NA	NA	NA	"FBbt:00058005"	"adult middle midgut class II enteroendocrine cell (Drosophila)"	"perfect match"	"EE_scRNA-seq"	NA	3
"GGGCACTTCGAGAACG"	1	"SRX5979983"	"SRP200614"	"intestine"	"class II-m1 EE cell"	NA	NA	NA	"FBbt:00058005"	"adult middle midgut class II enteroendocrine cell (Drosophila)"	"perfect match"	"EE_scRNA-seq"	NA	3
"GGGCACTTCTCACATT"	4	"SRX5979983"	"SRP200614"	"intestine"	"class II-m2 EE cell"	NA	NA	NA	"FBbt:00058005"	"adult middle midgut class II enteroendocrine cell (Drosophila)"	"perfect match"	"EE_scRNA-seq"	NA	8
"GGGCATCAGCGCTTAT"	6	"SRX5979983"	"SRP200614"	"intestine"	"class I-p AstA EE cell"	NA	NA	NA	"FBbt:00058003"	"adult posterior midgut class I enteroendocrine cell (Drosophila)"	"missing child term"	"EE_scRNA-seq"	NA	6
"GGGCATCCAGATCTGT"	0	"SRX5979983"	"SRP200614"	"intestine"	"class I-m EE cell"	NA	NA	NA	"FBbt:00058002"	"adult middle midgut class I enteroendocrine cell (Drosophila)"	"perfect match"	"EE_scRNA-seq"	NA	1
"GGGCATCGTACGCTGC"	0	"SRX5979983"	"SRP200614"	"intestine"	"class I-m EE cell"	NA	NA	NA	"FBbt:00058002"	"adult middle midgut class I enteroendocrine cell (Drosophila)"	"perfect match"	"EE_scRNA-seq"	NA	1
"GGGCATCGTCAGAATA"	0	"SRX5979983"	"SRP200614"	"intestine"	"class I-m EE cell"	NA	NA	NA	"FBbt:00058002"	"adult middle midgut class I enteroendocrine cell (Drosophila)"	"perfect match"	"EE_scRNA-seq"	NA	1
"GGGCATCTCTAACCGA"	7	"SRX5979983"	"SRP200614"	"intestine"	"class II-p EE cell"	NA	NA	NA	"FBbt:00058006"	"adult posterior midgut class II enteroendocrine cell (Drosophila)"	"perfect match"	"EE_scRNA-seq"	NA	7
"GGGTCTGAGAAACCAT"	3	"SRX5979983"	"SRP200614"	"intestine"	"class II-a EE cell"	NA	NA	NA	"FBbt:00058004"	"adult anterior midgut class II enteroendocrine cell (Drosophila)"	"perfect match"	"EE_scRNA-seq"	NA	9
"GGGTCTGAGAAAGTGG"	2	"SRX5979983"	"SRP200614"	"intestine"	"class I-ap EE cell"	NA	NA	NA	"FBbt:00058000"	"adult class I enteroendocrine cell (Drosophila)"	"other"	"EE_scRNA-seq"	NA	5
"GGGTCTGCAAGAGGCT"	0	"SRX5979983"	"SRP200614"	"intestine"	"class I-m EE cell"	NA	NA	NA	"FBbt:00058002"	"adult middle midgut class I enteroendocrine cell (Drosophila)"	"perfect match"	"EE_scRNA-seq"	NA	1
"GGGTCTGCAGCTCGCA"	1	"SRX5979983"	"SRP200614"	"intestine"	"class II-m1 EE cell"	NA	NA	NA	"FBbt:00058005"	"adult middle midgut class II enteroendocrine cell (Drosophila)"	"perfect match"	"EE_scRNA-seq"	NA	3
"GGGTCTGCATGCTAGT"	0	"SRX5979983"	"SRP200614"	"intestine"	"class I-m EE cell"	NA	NA	NA	"FBbt:00058002"	"adult middle midgut class I enteroendocrine cell (Drosophila)"	"perfect match"	"EE_scRNA-seq"	NA	1
"GGGTCTGGTTTGACTG"	0	"SRX5979983"	"SRP200614"	"intestine"	"class I-m EE cell"	NA	NA	NA	"FBbt:00058002"	"adult middle midgut class I enteroendocrine cell (Drosophila)"	"perfect match"	"EE_scRNA-seq"	NA	1
"GGGTCTGTCCACGAAT"	0	"SRX5979983"	"SRP200614"	"intestine"	"class I-m EE cell"	NA	NA	NA	"FBbt:00058002"	"adult middle midgut class I enteroendocrine cell (Drosophila)"	"perfect match"	"EE_scRNA-seq"	NA	1
"GGGTCTGTCCACGACG"	4	"SRX5979983"	"SRP200614"	"intestine"	"class II-m2 EE cell"	NA	NA	NA	"FBbt:00058005"	"adult middle midgut class II enteroendocrine cell (Drosophila)"	"perfect match"	"EE_scRNA-seq"	NA	8
"GGGTCTGTCCTAGAAC"	1	"SRX5979983"	"SRP200614"	"intestine"	"class II-m1 EE cell"	NA	NA	NA	"FBbt:00058005"	"adult middle midgut class II enteroendocrine cell (Drosophila)"	"perfect match"	"EE_scRNA-seq"	NA	3
"GGGTCTGTCTCAAACG"	4	"SRX5979983"	"SRP200614"	"intestine"	"class II-m2 EE cell"	NA	NA	NA	"FBbt:00058005"	"adult middle midgut class II enteroendocrine cell (Drosophila)"	"perfect match"	"EE_scRNA-seq"	NA	8
"GGGTCTGTCTGATACG"	2	"SRX5979983"	"SRP200614"	"intestine"	"class I-ap EE cell"	NA	NA	NA	"FBbt:00058000"	"adult class I enteroendocrine cell (Drosophila)"	"other"	"EE_scRNA-seq"	NA	5
"GGGTTGCAGCAGCCTC"	4	"SRX5979983"	"SRP200614"	"intestine"	"class II-m2 EE cell"	NA	NA	NA	"FBbt:00058005"	"adult middle midgut class II enteroendocrine cell (Drosophila)"	"perfect match"	"EE_scRNA-seq"	NA	8
"GGGTTGCAGGGATGGG"	0	"SRX5979983"	"SRP200614"	"intestine"	"class I-m EE cell"	NA	NA	NA	"FBbt:00058002"	"adult middle midgut class I enteroendocrine cell (Drosophila)"	"perfect match"	"EE_scRNA-seq"	NA	1
"GGGTTGCCACCAACCG"	2	"SRX5979983"	"SRP200614"	"intestine"	"class I-ap EE cell"	NA	NA	NA	"FBbt:00058000"	"adult class I enteroendocrine cell (Drosophila)"	"other"	"EE_scRNA-seq"	NA	5
"GGGTTGCCACTACAGT"	0	"SRX5979983"	"SRP200614"	"intestine"	"class I-m EE cell"	NA	NA	NA	"FBbt:00058002"	"adult middle midgut class I enteroendocrine cell (Drosophila)"	"perfect match"	"EE_scRNA-seq"	NA	1
"GGGTTGCCAGCTCGCA"	2	"SRX5979983"	"SRP200614"	"intestine"	"class I-ap EE cell"	NA	NA	NA	"FBbt:00058000"	"adult class I enteroendocrine cell (Drosophila)"	"other"	"EE_scRNA-seq"	NA	5
"GGGTTGCCAGGCGATA"	0	"SRX5979983"	"SRP200614"	"intestine"	"class I-m EE cell"	NA	NA	NA	"FBbt:00058002"	"adult middle midgut class I enteroendocrine cell (Drosophila)"	"perfect match"	"EE_scRNA-seq"	NA	1
"GGGTTGCGTTCAGGCC"	0	"SRX5979983"	"SRP200614"	"intestine"	"class I-m EE cell"	NA	NA	NA	"FBbt:00058002"	"adult middle midgut class I enteroendocrine cell (Drosophila)"	"perfect match"	"EE_scRNA-seq"	NA	1
"GGGTTGCGTTCGTTGA"	6	"SRX5979983"	"SRP200614"	"intestine"	"class I-p AstA EE cell"	NA	NA	NA	"FBbt:00058003"	"adult posterior midgut class I enteroendocrine cell (Drosophila)"	"missing child term"	"EE_scRNA-seq"	NA	6
"GGGTTGCTCATAGCAC"	7	"SRX5979983"	"SRP200614"	"intestine"	"class II-p EE cell"	NA	NA	NA	"FBbt:00058006"	"adult posterior midgut class II enteroendocrine cell (Drosophila)"	"perfect match"	"EE_scRNA-seq"	NA	7
"GGGTTGCTCGGAATCT"	1	"SRX5979983"	"SRP200614"	"intestine"	"class II-m1 EE cell"	NA	NA	NA	"FBbt:00058005"	"adult middle midgut class II enteroendocrine cell (Drosophila)"	"perfect match"	"EE_scRNA-seq"	NA	3
"GGTATTGAGCTAACAA"	2	"SRX5979983"	"SRP200614"	"intestine"	"class I-ap EE cell"	NA	NA	NA	"FBbt:00058000"	"adult class I enteroendocrine cell (Drosophila)"	"other"	"EE_scRNA-seq"	NA	5
"GGTATTGAGGGAACGG"	0	"SRX5979983"	"SRP200614"	"intestine"	"class I-m EE cell"	NA	NA	NA	"FBbt:00058002"	"adult middle midgut class I enteroendocrine cell (Drosophila)"	"perfect match"	"EE_scRNA-seq"	NA	1
"GGTATTGAGGTGCACA"	3	"SRX5979983"	"SRP200614"	"intestine"	"class II-a EE cell"	NA	NA	NA	"FBbt:00058004"	"adult anterior midgut class II enteroendocrine cell (Drosophila)"	"perfect match"	"EE_scRNA-seq"	NA	9
"GGTATTGCACCTATCC"	0	"SRX5979983"	"SRP200614"	"intestine"	"class I-m EE cell"	NA	NA	NA	"FBbt:00058002"	"adult middle midgut class I enteroendocrine cell (Drosophila)"	"perfect match"	"EE_scRNA-seq"	NA	1
"GGTATTGCATCCCACT"	6	"SRX5979983"	"SRP200614"	"intestine"	"class I-p AstA EE cell"	NA	NA	NA	"FBbt:00058003"	"adult posterior midgut class I enteroendocrine cell (Drosophila)"	"missing child term"	"EE_scRNA-seq"	NA	6
"GGTATTGCATCGGACC"	9	"SRX5979983"	"SRP200614"	"intestine"	"class III EE cell"	NA	NA	NA	"FBbt:00058200"	"adult class III enteroendocrine cell (Drosophila)"	"perfect match"	"EE_scRNA-seq"	NA	11
"GGTATTGGTGTTTGTG"	0	"SRX5979983"	"SRP200614"	"intestine"	"class I-m EE cell"	NA	NA	NA	"FBbt:00058002"	"adult middle midgut class I enteroendocrine cell (Drosophila)"	"perfect match"	"EE_scRNA-seq"	NA	1
"GGTGAAGAGTACGCCC"	1	"SRX5979983"	"SRP200614"	"intestine"	"class II-m1 EE cell"	NA	NA	NA	"FBbt:00058005"	"adult middle midgut class II enteroendocrine cell (Drosophila)"	"perfect match"	"EE_scRNA-seq"	NA	3
"GGTGAAGAGTATTGGA"	1	"SRX5979983"	"SRP200614"	"intestine"	"class II-m1 EE cell"	NA	NA	NA	"FBbt:00058005"	"adult middle midgut class II enteroendocrine cell (Drosophila)"	"perfect match"	"EE_scRNA-seq"	NA	3
"GGTGAAGGTACGAAAT"	2	"SRX5979983"	"SRP200614"	"intestine"	"class I-ap EE cell"	NA	NA	NA	"FBbt:00058000"	"adult class I enteroendocrine cell (Drosophila)"	"other"	"EE_scRNA-seq"	NA	5
"GGTGAAGGTCCCTTGT"	4	"SRX5979983"	"SRP200614"	"intestine"	"class II-m2 EE cell"	NA	NA	NA	"FBbt:00058005"	"adult middle midgut class II enteroendocrine cell (Drosophila)"	"perfect match"	"EE_scRNA-seq"	NA	8
"GGTGAAGGTGATAAAC"	1	"SRX5979983"	"SRP200614"	"intestine"	"class II-m1 EE cell"	NA	NA	NA	"FBbt:00058005"	"adult middle midgut class II enteroendocrine cell (Drosophila)"	"perfect match"	"EE_scRNA-seq"	NA	3
"GGTGAAGGTTCCACGG"	0	"SRX5979983"	"SRP200614"	"intestine"	"class I-m EE cell"	NA	NA	NA	"FBbt:00058002"	"adult middle midgut class I enteroendocrine cell (Drosophila)"	"perfect match"	"EE_scRNA-seq"	NA	1
"GGTGAAGTCACAACGT"	5	"SRX5979983"	"SRP200614"	"intestine"	"class I-p CCHa1 EE cell"	NA	NA	NA	"FBbt:00058003"	"adult posterior midgut class I enteroendocrine cell (Drosophila)"	"missing child term"	"EE_scRNA-seq"	NA	4
"GGTGAAGTCAGATAAG"	6	"SRX5979983"	"SRP200614"	"intestine"	"class I-p AstA EE cell"	NA	NA	NA	"FBbt:00058003"	"adult posterior midgut class I enteroendocrine cell (Drosophila)"	"missing child term"	"EE_scRNA-seq"	NA	6
"GGTGAAGTCATAACCG"	2	"SRX5979983"	"SRP200614"	"intestine"	"class I-ap EE cell"	NA	NA	NA	"FBbt:00058000"	"adult class I enteroendocrine cell (Drosophila)"	"other"	"EE_scRNA-seq"	NA	5
"GGTGAAGTCATTATCC"	2	"SRX5979983"	"SRP200614"	"intestine"	"class I-ap EE cell"	NA	NA	NA	"FBbt:00058000"	"adult class I enteroendocrine cell (Drosophila)"	"other"	"EE_scRNA-seq"	NA	5
"GGTGAAGTCCGCATCT"	1	"SRX5979983"	"SRP200614"	"intestine"	"class II-m1 EE cell"	NA	NA	NA	"FBbt:00058005"	"adult middle midgut class II enteroendocrine cell (Drosophila)"	"perfect match"	"EE_scRNA-seq"	NA	3
"GGTGAAGTCGCCATAA"	4	"SRX5979983"	"SRP200614"	"intestine"	"class II-m2 EE cell"	NA	NA	NA	"FBbt:00058005"	"adult middle midgut class II enteroendocrine cell (Drosophila)"	"perfect match"	"EE_scRNA-seq"	NA	8
"GGTGAAGTCTTACCGC"	1	"SRX5979983"	"SRP200614"	"intestine"	"class II-m1 EE cell"	NA	NA	NA	"FBbt:00058005"	"adult middle midgut class II enteroendocrine cell (Drosophila)"	"perfect match"	"EE_scRNA-seq"	NA	3
"GGTGCGTCACATTAGC"	2	"SRX5979983"	"SRP200614"	"intestine"	"class I-ap EE cell"	NA	NA	NA	"FBbt:00058000"	"adult class I enteroendocrine cell (Drosophila)"	"other"	"EE_scRNA-seq"	NA	5
"GGTGCGTCATTTGCCC"	0	"SRX5979983"	"SRP200614"	"intestine"	"class I-m EE cell"	NA	NA	NA	"FBbt:00058002"	"adult middle midgut class I enteroendocrine cell (Drosophila)"	"perfect match"	"EE_scRNA-seq"	NA	1
"GGTGCGTTCATCGCTC"	5	"SRX5979983"	"SRP200614"	"intestine"	"class I-p CCHa1 EE cell"	NA	NA	NA	"FBbt:00058003"	"adult posterior midgut class I enteroendocrine cell (Drosophila)"	"missing child term"	"EE_scRNA-seq"	NA	4
"GGTGCGTTCATTCACT"	3	"SRX5979983"	"SRP200614"	"intestine"	"class II-a EE cell"	NA	NA	NA	"FBbt:00058004"	"adult anterior midgut class II enteroendocrine cell (Drosophila)"	"perfect match"	"EE_scRNA-seq"	NA	9
"GGTGCGTTCCGCGGTA"	0	"SRX5979983"	"SRP200614"	"intestine"	"class I-m EE cell"	NA	NA	NA	"FBbt:00058002"	"adult middle midgut class I enteroendocrine cell (Drosophila)"	"perfect match"	"EE_scRNA-seq"	NA	1
"GGTGCGTTCTTGTATC"	0	"SRX5979983"	"SRP200614"	"intestine"	"class I-m EE cell"	NA	NA	NA	"FBbt:00058002"	"adult middle midgut class I enteroendocrine cell (Drosophila)"	"perfect match"	"EE_scRNA-seq"	NA	1
"GGTGTTAAGAGCCCAA"	4	"SRX5979983"	"SRP200614"	"intestine"	"class II-m2 EE cell"	NA	NA	NA	"FBbt:00058005"	"adult middle midgut class II enteroendocrine cell (Drosophila)"	"perfect match"	"EE_scRNA-seq"	NA	8
"GGTGTTACACTGTTAG"	6	"SRX5979983"	"SRP200614"	"intestine"	"class I-p AstA EE cell"	NA	NA	NA	"FBbt:00058003"	"adult posterior midgut class I enteroendocrine cell (Drosophila)"	"missing child term"	"EE_scRNA-seq"	NA	6
"GGTGTTAGTCGGGTCT"	2	"SRX5979983"	"SRP200614"	"intestine"	"class I-ap EE cell"	NA	NA	NA	"FBbt:00058000"	"adult class I enteroendocrine cell (Drosophila)"	"other"	"EE_scRNA-seq"	NA	5
"GGTGTTAGTCTAGTGT"	0	"SRX5979983"	"SRP200614"	"intestine"	"class I-m EE cell"	NA	NA	NA	"FBbt:00058002"	"adult middle midgut class I enteroendocrine cell (Drosophila)"	"perfect match"	"EE_scRNA-seq"	NA	1
"GGTGTTATCATGGTCA"	0	"SRX5979983"	"SRP200614"	"intestine"	"class I-m EE cell"	NA	NA	NA	"FBbt:00058002"	"adult middle midgut class I enteroendocrine cell (Drosophila)"	"perfect match"	"EE_scRNA-seq"	NA	1
"GTAACGTAGACTCGGA"	6	"SRX5979983"	"SRP200614"	"intestine"	"class I-p AstA EE cell"	NA	NA	NA	"FBbt:00058003"	"adult posterior midgut class I enteroendocrine cell (Drosophila)"	"missing child term"	"EE_scRNA-seq"	NA	6
"GTAACGTAGTACGACG"	0	"SRX5979983"	"SRP200614"	"intestine"	"class I-m EE cell"	NA	NA	NA	"FBbt:00058002"	"adult middle midgut class I enteroendocrine cell (Drosophila)"	"perfect match"	"EE_scRNA-seq"	NA	1
"GTAACGTCAGCTCGCA"	6	"SRX5979983"	"SRP200614"	"intestine"	"class I-p AstA EE cell"	NA	NA	NA	"FBbt:00058003"	"adult posterior midgut class I enteroendocrine cell (Drosophila)"	"missing child term"	"EE_scRNA-seq"	NA	6
"GTAACGTGTGCAGGTA"	2	"SRX5979983"	"SRP200614"	"intestine"	"class I-ap EE cell"	NA	NA	NA	"FBbt:00058000"	"adult class I enteroendocrine cell (Drosophila)"	"other"	"EE_scRNA-seq"	NA	5
"GTAACGTGTGTCCTCT"	6	"SRX5979983"	"SRP200614"	"intestine"	"class I-p AstA EE cell"	NA	NA	NA	"FBbt:00058003"	"adult posterior midgut class I enteroendocrine cell (Drosophila)"	"missing child term"	"EE_scRNA-seq"	NA	6
"GTAACGTGTTGTTTGG"	2	"SRX5979983"	"SRP200614"	"intestine"	"class I-ap EE cell"	NA	NA	NA	"FBbt:00058000"	"adult class I enteroendocrine cell (Drosophila)"	"other"	"EE_scRNA-seq"	NA	5
"GTAACGTTCGTCGTTC"	2	"SRX5979983"	"SRP200614"	"intestine"	"class I-ap EE cell"	NA	NA	NA	"FBbt:00058000"	"adult class I enteroendocrine cell (Drosophila)"	"other"	"EE_scRNA-seq"	NA	5
"GTAACGTTCTGCGGCA"	0	"SRX5979983"	"SRP200614"	"intestine"	"class I-m EE cell"	NA	NA	NA	"FBbt:00058002"	"adult middle midgut class I enteroendocrine cell (Drosophila)"	"perfect match"	"EE_scRNA-seq"	NA	1
"GTAACTGAGCCAGTTT"	0	"SRX5979983"	"SRP200614"	"intestine"	"class I-m EE cell"	NA	NA	NA	"FBbt:00058002"	"adult middle midgut class I enteroendocrine cell (Drosophila)"	"perfect match"	"EE_scRNA-seq"	NA	1
"GTAACTGAGCGCTCCA"	1	"SRX5979983"	"SRP200614"	"intestine"	"class II-m1 EE cell"	NA	NA	NA	"FBbt:00058005"	"adult middle midgut class II enteroendocrine cell (Drosophila)"	"perfect match"	"EE_scRNA-seq"	NA	3
"GTAACTGCAGCGATCC"	4	"SRX5979983"	"SRP200614"	"intestine"	"class II-m2 EE cell"	NA	NA	NA	"FBbt:00058005"	"adult middle midgut class II enteroendocrine cell (Drosophila)"	"perfect match"	"EE_scRNA-seq"	NA	8
"GTAACTGCAGGTGCCT"	0	"SRX5979983"	"SRP200614"	"intestine"	"class I-m EE cell"	NA	NA	NA	"FBbt:00058002"	"adult middle midgut class I enteroendocrine cell (Drosophila)"	"perfect match"	"EE_scRNA-seq"	NA	1
"GTAACTGCATCTCGCT"	1	"SRX5979983"	"SRP200614"	"intestine"	"class II-m1 EE cell"	NA	NA	NA	"FBbt:00058005"	"adult middle midgut class II enteroendocrine cell (Drosophila)"	"perfect match"	"EE_scRNA-seq"	NA	3
"GTAACTGGTAGGCTGA"	3	"SRX5979983"	"SRP200614"	"intestine"	"class II-a EE cell"	NA	NA	NA	"FBbt:00058004"	"adult anterior midgut class II enteroendocrine cell (Drosophila)"	"perfect match"	"EE_scRNA-seq"	NA	9
"GTAACTGGTGCAGTAG"	0	"SRX5979983"	"SRP200614"	"intestine"	"class I-m EE cell"	NA	NA	NA	"FBbt:00058002"	"adult middle midgut class I enteroendocrine cell (Drosophila)"	"perfect match"	"EE_scRNA-seq"	NA	1
"GTAACTGGTGGTCCGT"	5	"SRX5979983"	"SRP200614"	"intestine"	"class I-p CCHa1 EE cell"	NA	NA	NA	"FBbt:00058003"	"adult posterior midgut class I enteroendocrine cell (Drosophila)"	"missing child term"	"EE_scRNA-seq"	NA	4
"GTAACTGGTTGTGGCC"	6	"SRX5979983"	"SRP200614"	"intestine"	"class I-p AstA EE cell"	NA	NA	NA	"FBbt:00058003"	"adult posterior midgut class I enteroendocrine cell (Drosophila)"	"missing child term"	"EE_scRNA-seq"	NA	6
"GTAACTGTCGAGAGCA"	4	"SRX5979983"	"SRP200614"	"intestine"	"class II-m2 EE cell"	NA	NA	NA	"FBbt:00058005"	"adult middle midgut class II enteroendocrine cell (Drosophila)"	"perfect match"	"EE_scRNA-seq"	NA	8
"GTAACTGTCTTGCCGT"	7	"SRX5979983"	"SRP200614"	"intestine"	"class II-p EE cell"	NA	NA	NA	"FBbt:00058006"	"adult posterior midgut class II enteroendocrine cell (Drosophila)"	"perfect match"	"EE_scRNA-seq"	NA	7
"GTACGTAAGAGCTATA"	6	"SRX5979983"	"SRP200614"	"intestine"	"class I-p AstA EE cell"	NA	NA	NA	"FBbt:00058003"	"adult posterior midgut class I enteroendocrine cell (Drosophila)"	"missing child term"	"EE_scRNA-seq"	NA	6
"GTACGTAAGCACAGGT"	4	"SRX5979983"	"SRP200614"	"intestine"	"class II-m2 EE cell"	NA	NA	NA	"FBbt:00058005"	"adult middle midgut class II enteroendocrine cell (Drosophila)"	"perfect match"	"EE_scRNA-seq"	NA	8
"GTACGTAAGTGAAGTT"	2	"SRX5979983"	"SRP200614"	"intestine"	"class I-ap EE cell"	NA	NA	NA	"FBbt:00058000"	"adult class I enteroendocrine cell (Drosophila)"	"other"	"EE_scRNA-seq"	NA	5
"GTACGTACACGAGAGT"	1	"SRX5979983"	"SRP200614"	"intestine"	"class II-m1 EE cell"	NA	NA	NA	"FBbt:00058005"	"adult middle midgut class II enteroendocrine cell (Drosophila)"	"perfect match"	"EE_scRNA-seq"	NA	3
"GTACGTAGTATAGGGC"	0	"SRX5979983"	"SRP200614"	"intestine"	"class I-m EE cell"	NA	NA	NA	"FBbt:00058002"	"adult middle midgut class I enteroendocrine cell (Drosophila)"	"perfect match"	"EE_scRNA-seq"	NA	1
"GTACGTAGTCTTGTCC"	1	"SRX5979983"	"SRP200614"	"intestine"	"class II-m1 EE cell"	NA	NA	NA	"FBbt:00058005"	"adult middle midgut class II enteroendocrine cell (Drosophila)"	"perfect match"	"EE_scRNA-seq"	NA	3
"GTACTCCAGATCCCGC"	7	"SRX5979983"	"SRP200614"	"intestine"	"class II-p EE cell"	NA	NA	NA	"FBbt:00058006"	"adult posterior midgut class II enteroendocrine cell (Drosophila)"	"perfect match"	"EE_scRNA-seq"	NA	7
"GTACTCCAGCATGGCA"	2	"SRX5979983"	"SRP200614"	"intestine"	"class I-ap EE cell"	NA	NA	NA	"FBbt:00058000"	"adult class I enteroendocrine cell (Drosophila)"	"other"	"EE_scRNA-seq"	NA	5
"GTACTCCTCAGGCGAA"	1	"SRX5979983"	"SRP200614"	"intestine"	"class II-m1 EE cell"	NA	NA	NA	"FBbt:00058005"	"adult middle midgut class II enteroendocrine cell (Drosophila)"	"perfect match"	"EE_scRNA-seq"	NA	3
"GTACTCCTCTACCAGA"	2	"SRX5979983"	"SRP200614"	"intestine"	"class I-ap EE cell"	NA	NA	NA	"FBbt:00058000"	"adult class I enteroendocrine cell (Drosophila)"	"other"	"EE_scRNA-seq"	NA	5
"GTACTTTAGAATTGTG"	0	"SRX5979983"	"SRP200614"	"intestine"	"class I-m EE cell"	NA	NA	NA	"FBbt:00058002"	"adult middle midgut class I enteroendocrine cell (Drosophila)"	"perfect match"	"EE_scRNA-seq"	NA	1
"GTACTTTAGTCGATAA"	3	"SRX5979983"	"SRP200614"	"intestine"	"class II-a EE cell"	NA	NA	NA	"FBbt:00058004"	"adult anterior midgut class II enteroendocrine cell (Drosophila)"	"perfect match"	"EE_scRNA-seq"	NA	9
"GTACTTTCAAGCCGCT"	2	"SRX5979983"	"SRP200614"	"intestine"	"class I-ap EE cell"	NA	NA	NA	"FBbt:00058000"	"adult class I enteroendocrine cell (Drosophila)"	"other"	"EE_scRNA-seq"	NA	5
"GTACTTTCAAGTCATC"	0	"SRX5979983"	"SRP200614"	"intestine"	"class I-m EE cell"	NA	NA	NA	"FBbt:00058002"	"adult middle midgut class I enteroendocrine cell (Drosophila)"	"perfect match"	"EE_scRNA-seq"	NA	1
"GTACTTTGTGATAAAC"	0	"SRX5979983"	"SRP200614"	"intestine"	"class I-m EE cell"	NA	NA	NA	"FBbt:00058002"	"adult middle midgut class I enteroendocrine cell (Drosophila)"	"perfect match"	"EE_scRNA-seq"	NA	1
"GTACTTTTCAATAAGG"	7	"SRX5979983"	"SRP200614"	"intestine"	"class II-p EE cell"	NA	NA	NA	"FBbt:00058006"	"adult posterior midgut class II enteroendocrine cell (Drosophila)"	"perfect match"	"EE_scRNA-seq"	NA	7
"GTACTTTTCTACGAGT"	1	"SRX5979983"	"SRP200614"	"intestine"	"class II-m1 EE cell"	NA	NA	NA	"FBbt:00058005"	"adult middle midgut class II enteroendocrine cell (Drosophila)"	"perfect match"	"EE_scRNA-seq"	NA	3
"GTAGGCCAGCGATGAC"	1	"SRX5979983"	"SRP200614"	"intestine"	"class II-m1 EE cell"	NA	NA	NA	"FBbt:00058005"	"adult middle midgut class II enteroendocrine cell (Drosophila)"	"perfect match"	"EE_scRNA-seq"	NA	3
"GTAGGCCCAAGAGTCG"	2	"SRX5979983"	"SRP200614"	"intestine"	"class I-ap EE cell"	NA	NA	NA	"FBbt:00058000"	"adult class I enteroendocrine cell (Drosophila)"	"other"	"EE_scRNA-seq"	NA	5
"GTAGGCCGTACAGTGG"	5	"SRX5979983"	"SRP200614"	"intestine"	"class I-p CCHa1 EE cell"	NA	NA	NA	"FBbt:00058003"	"adult posterior midgut class I enteroendocrine cell (Drosophila)"	"missing child term"	"EE_scRNA-seq"	NA	4
"GTAGGCCGTACTCTCC"	0	"SRX5979983"	"SRP200614"	"intestine"	"class I-m EE cell"	NA	NA	NA	"FBbt:00058002"	"adult middle midgut class I enteroendocrine cell (Drosophila)"	"perfect match"	"EE_scRNA-seq"	NA	1
"GTAGGCCGTGCAACGA"	6	"SRX5979983"	"SRP200614"	"intestine"	"class I-p AstA EE cell"	NA	NA	NA	"FBbt:00058003"	"adult posterior midgut class I enteroendocrine cell (Drosophila)"	"missing child term"	"EE_scRNA-seq"	NA	6
"GTAGGCCGTTAGATGA"	2	"SRX5979983"	"SRP200614"	"intestine"	"class I-ap EE cell"	NA	NA	NA	"FBbt:00058000"	"adult class I enteroendocrine cell (Drosophila)"	"other"	"EE_scRNA-seq"	NA	5
"GTAGGCCTCAACACGT"	7	"SRX5979983"	"SRP200614"	"intestine"	"class II-p EE cell"	NA	NA	NA	"FBbt:00058006"	"adult posterior midgut class II enteroendocrine cell (Drosophila)"	"perfect match"	"EE_scRNA-seq"	NA	7
"GTAGGCCTCGAACGGA"	1	"SRX5979983"	"SRP200614"	"intestine"	"class II-m1 EE cell"	NA	NA	NA	"FBbt:00058005"	"adult middle midgut class II enteroendocrine cell (Drosophila)"	"perfect match"	"EE_scRNA-seq"	NA	3
"GTAGGCCTCTGCTTGC"	2	"SRX5979983"	"SRP200614"	"intestine"	"class I-ap EE cell"	NA	NA	NA	"FBbt:00058000"	"adult class I enteroendocrine cell (Drosophila)"	"other"	"EE_scRNA-seq"	NA	5
"GTAGTCAAGAGGTAGA"	6	"SRX5979983"	"SRP200614"	"intestine"	"class I-p AstA EE cell"	NA	NA	NA	"FBbt:00058003"	"adult posterior midgut class I enteroendocrine cell (Drosophila)"	"missing child term"	"EE_scRNA-seq"	NA	6
"GTAGTCAAGATGCCAG"	2	"SRX5979983"	"SRP200614"	"intestine"	"class I-ap EE cell"	NA	NA	NA	"FBbt:00058000"	"adult class I enteroendocrine cell (Drosophila)"	"other"	"EE_scRNA-seq"	NA	5
"GTAGTCAAGCAGGCTA"	1	"SRX5979983"	"SRP200614"	"intestine"	"class II-m1 EE cell"	NA	NA	NA	"FBbt:00058005"	"adult middle midgut class II enteroendocrine cell (Drosophila)"	"perfect match"	"EE_scRNA-seq"	NA	3
"GTAGTCACAAGCTGAG"	0	"SRX5979983"	"SRP200614"	"intestine"	"class I-m EE cell"	NA	NA	NA	"FBbt:00058002"	"adult middle midgut class I enteroendocrine cell (Drosophila)"	"perfect match"	"EE_scRNA-seq"	NA	1
"GTAGTCACAATACGCT"	7	"SRX5979983"	"SRP200614"	"intestine"	"class II-p EE cell"	NA	NA	NA	"FBbt:00058006"	"adult posterior midgut class II enteroendocrine cell (Drosophila)"	"perfect match"	"EE_scRNA-seq"	NA	7
"GTAGTCACAGGTCTCG"	3	"SRX5979983"	"SRP200614"	"intestine"	"class II-a EE cell"	NA	NA	NA	"FBbt:00058004"	"adult anterior midgut class II enteroendocrine cell (Drosophila)"	"perfect match"	"EE_scRNA-seq"	NA	9
"GTAGTCACATTACGAC"	1	"SRX5979983"	"SRP200614"	"intestine"	"class II-m1 EE cell"	NA	NA	NA	"FBbt:00058005"	"adult middle midgut class II enteroendocrine cell (Drosophila)"	"perfect match"	"EE_scRNA-seq"	NA	3
"GTAGTCAGTCAAACTC"	0	"SRX5979983"	"SRP200614"	"intestine"	"class I-m EE cell"	NA	NA	NA	"FBbt:00058002"	"adult middle midgut class I enteroendocrine cell (Drosophila)"	"perfect match"	"EE_scRNA-seq"	NA	1
"GTAGTCAGTCGGCACT"	0	"SRX5979983"	"SRP200614"	"intestine"	"class I-m EE cell"	NA	NA	NA	"FBbt:00058002"	"adult middle midgut class I enteroendocrine cell (Drosophila)"	"perfect match"	"EE_scRNA-seq"	NA	1
"GTAGTCAGTGCTAGCC"	0	"SRX5979983"	"SRP200614"	"intestine"	"class I-m EE cell"	NA	NA	NA	"FBbt:00058002"	"adult middle midgut class I enteroendocrine cell (Drosophila)"	"perfect match"	"EE_scRNA-seq"	NA	1
"GTAGTCATCATCGATG"	4	"SRX5979983"	"SRP200614"	"intestine"	"class II-m2 EE cell"	NA	NA	NA	"FBbt:00058005"	"adult middle midgut class II enteroendocrine cell (Drosophila)"	"perfect match"	"EE_scRNA-seq"	NA	8
"GTATCTTAGCTCCTCT"	1	"SRX5979983"	"SRP200614"	"intestine"	"class II-m1 EE cell"	NA	NA	NA	"FBbt:00058005"	"adult middle midgut class II enteroendocrine cell (Drosophila)"	"perfect match"	"EE_scRNA-seq"	NA	3
"GTATCTTAGGCAGTCA"	5	"SRX5979983"	"SRP200614"	"intestine"	"class I-p CCHa1 EE cell"	NA	NA	NA	"FBbt:00058003"	"adult posterior midgut class I enteroendocrine cell (Drosophila)"	"missing child term"	"EE_scRNA-seq"	NA	4
"GTATCTTCAGGGAGAG"	3	"SRX5979983"	"SRP200614"	"intestine"	"class II-a EE cell"	NA	NA	NA	"FBbt:00058004"	"adult anterior midgut class II enteroendocrine cell (Drosophila)"	"perfect match"	"EE_scRNA-seq"	NA	9
"GTATCTTCATGGTTGT"	0	"SRX5979983"	"SRP200614"	"intestine"	"class I-m EE cell"	NA	NA	NA	"FBbt:00058002"	"adult middle midgut class I enteroendocrine cell (Drosophila)"	"perfect match"	"EE_scRNA-seq"	NA	1
"GTATCTTGTCAGAGGT"	7	"SRX5979983"	"SRP200614"	"intestine"	"class II-p EE cell"	NA	NA	NA	"FBbt:00058006"	"adult posterior midgut class II enteroendocrine cell (Drosophila)"	"perfect match"	"EE_scRNA-seq"	NA	7
"GTATCTTGTCATATGC"	1	"SRX5979983"	"SRP200614"	"intestine"	"class II-m1 EE cell"	NA	NA	NA	"FBbt:00058005"	"adult middle midgut class II enteroendocrine cell (Drosophila)"	"perfect match"	"EE_scRNA-seq"	NA	3
"GTATCTTTCAGGATCT"	5	"SRX5979983"	"SRP200614"	"intestine"	"class I-p CCHa1 EE cell"	NA	NA	NA	"FBbt:00058003"	"adult posterior midgut class I enteroendocrine cell (Drosophila)"	"missing child term"	"EE_scRNA-seq"	NA	4
"GTATTCTAGAAACGAG"	1	"SRX5979983"	"SRP200614"	"intestine"	"class II-m1 EE cell"	NA	NA	NA	"FBbt:00058005"	"adult middle midgut class II enteroendocrine cell (Drosophila)"	"perfect match"	"EE_scRNA-seq"	NA	3
"GTATTCTAGCAACGGT"	0	"SRX5979983"	"SRP200614"	"intestine"	"class I-m EE cell"	NA	NA	NA	"FBbt:00058002"	"adult middle midgut class I enteroendocrine cell (Drosophila)"	"perfect match"	"EE_scRNA-seq"	NA	1
"GTATTCTAGGAGTAGA"	4	"SRX5979983"	"SRP200614"	"intestine"	"class II-m2 EE cell"	NA	NA	NA	"FBbt:00058005"	"adult middle midgut class II enteroendocrine cell (Drosophila)"	"perfect match"	"EE_scRNA-seq"	NA	8
"GTATTCTAGGATCGCA"	2	"SRX5979983"	"SRP200614"	"intestine"	"class I-ap EE cell"	NA	NA	NA	"FBbt:00058000"	"adult class I enteroendocrine cell (Drosophila)"	"other"	"EE_scRNA-seq"	NA	5
"GTATTCTAGTGCGATG"	1	"SRX5979983"	"SRP200614"	"intestine"	"class II-m1 EE cell"	NA	NA	NA	"FBbt:00058005"	"adult middle midgut class II enteroendocrine cell (Drosophila)"	"perfect match"	"EE_scRNA-seq"	NA	3
"GTATTCTAGTGGTAAT"	3	"SRX5979983"	"SRP200614"	"intestine"	"class II-a EE cell"	NA	NA	NA	"FBbt:00058004"	"adult anterior midgut class II enteroendocrine cell (Drosophila)"	"perfect match"	"EE_scRNA-seq"	NA	9
"GTATTCTCAAGAAGAG"	2	"SRX5979983"	"SRP200614"	"intestine"	"class I-ap EE cell"	NA	NA	NA	"FBbt:00058000"	"adult class I enteroendocrine cell (Drosophila)"	"other"	"EE_scRNA-seq"	NA	5
"GTATTCTCAGGTTTCA"	4	"SRX5979983"	"SRP200614"	"intestine"	"class II-m2 EE cell"	NA	NA	NA	"FBbt:00058005"	"adult middle midgut class II enteroendocrine cell (Drosophila)"	"perfect match"	"EE_scRNA-seq"	NA	8
"GTATTCTGTAACGACG"	4	"SRX5979983"	"SRP200614"	"intestine"	"class II-m2 EE cell"	NA	NA	NA	"FBbt:00058005"	"adult middle midgut class II enteroendocrine cell (Drosophila)"	"perfect match"	"EE_scRNA-seq"	NA	8
"GTATTCTGTACCATCA"	0	"SRX5979983"	"SRP200614"	"intestine"	"class I-m EE cell"	NA	NA	NA	"FBbt:00058002"	"adult middle midgut class I enteroendocrine cell (Drosophila)"	"perfect match"	"EE_scRNA-seq"	NA	1
"GTATTCTTCCGCGTTT"	4	"SRX5979983"	"SRP200614"	"intestine"	"class II-m2 EE cell"	NA	NA	NA	"FBbt:00058005"	"adult middle midgut class II enteroendocrine cell (Drosophila)"	"perfect match"	"EE_scRNA-seq"	NA	8
"GTATTCTTCGTTGCCT"	0	"SRX5979983"	"SRP200614"	"intestine"	"class I-m EE cell"	NA	NA	NA	"FBbt:00058002"	"adult middle midgut class I enteroendocrine cell (Drosophila)"	"perfect match"	"EE_scRNA-seq"	NA	1
"GTCAAGTAGACCTTTG"	0	"SRX5979983"	"SRP200614"	"intestine"	"class I-m EE cell"	NA	NA	NA	"FBbt:00058002"	"adult middle midgut class I enteroendocrine cell (Drosophila)"	"perfect match"	"EE_scRNA-seq"	NA	1
"GTCAAGTAGATATACG"	0	"SRX5979983"	"SRP200614"	"intestine"	"class I-m EE cell"	NA	NA	NA	"FBbt:00058002"	"adult middle midgut class I enteroendocrine cell (Drosophila)"	"perfect match"	"EE_scRNA-seq"	NA	1
"GTCAAGTAGATCGATA"	2	"SRX5979983"	"SRP200614"	"intestine"	"class I-ap EE cell"	NA	NA	NA	"FBbt:00058000"	"adult class I enteroendocrine cell (Drosophila)"	"other"	"EE_scRNA-seq"	NA	5
"GTCAAGTAGCTCCTTC"	0	"SRX5979983"	"SRP200614"	"intestine"	"class I-m EE cell"	NA	NA	NA	"FBbt:00058002"	"adult middle midgut class I enteroendocrine cell (Drosophila)"	"perfect match"	"EE_scRNA-seq"	NA	1
"GTCAAGTAGGATATAC"	2	"SRX5979983"	"SRP200614"	"intestine"	"class I-ap EE cell"	NA	NA	NA	"FBbt:00058000"	"adult class I enteroendocrine cell (Drosophila)"	"other"	"EE_scRNA-seq"	NA	5
"GTCAAGTCAAAGAATC"	2	"SRX5979983"	"SRP200614"	"intestine"	"class I-ap EE cell"	NA	NA	NA	"FBbt:00058000"	"adult class I enteroendocrine cell (Drosophila)"	"other"	"EE_scRNA-seq"	NA	5
"GTCAAGTCACGTGAGA"	4	"SRX5979983"	"SRP200614"	"intestine"	"class II-m2 EE cell"	NA	NA	NA	"FBbt:00058005"	"adult middle midgut class II enteroendocrine cell (Drosophila)"	"perfect match"	"EE_scRNA-seq"	NA	8
"GTCAAGTGTGCACCAC"	7	"SRX5979983"	"SRP200614"	"intestine"	"class II-p EE cell"	NA	NA	NA	"FBbt:00058006"	"adult posterior midgut class II enteroendocrine cell (Drosophila)"	"perfect match"	"EE_scRNA-seq"	NA	7
"GTCAAGTTCGATGAGG"	2	"SRX5979983"	"SRP200614"	"intestine"	"class I-ap EE cell"	NA	NA	NA	"FBbt:00058000"	"adult class I enteroendocrine cell (Drosophila)"	"other"	"EE_scRNA-seq"	NA	5
"GTCACAAAGACCACGA"	0	"SRX5979983"	"SRP200614"	"intestine"	"class I-m EE cell"	NA	NA	NA	"FBbt:00058002"	"adult middle midgut class I enteroendocrine cell (Drosophila)"	"perfect match"	"EE_scRNA-seq"	NA	1
"GTCACAAAGGCATGTG"	0	"SRX5979983"	"SRP200614"	"intestine"	"class I-m EE cell"	NA	NA	NA	"FBbt:00058002"	"adult middle midgut class I enteroendocrine cell (Drosophila)"	"perfect match"	"EE_scRNA-seq"	NA	1
"GTCACAACAAATCCGT"	2	"SRX5979983"	"SRP200614"	"intestine"	"class I-ap EE cell"	NA	NA	NA	"FBbt:00058000"	"adult class I enteroendocrine cell (Drosophila)"	"other"	"EE_scRNA-seq"	NA	5
"GTCACAACACCGCTAG"	3	"SRX5979983"	"SRP200614"	"intestine"	"class II-a EE cell"	NA	NA	NA	"FBbt:00058004"	"adult anterior midgut class II enteroendocrine cell (Drosophila)"	"perfect match"	"EE_scRNA-seq"	NA	9
"GTCACGGAGACCTTTG"	0	"SRX5979983"	"SRP200614"	"intestine"	"class I-m EE cell"	NA	NA	NA	"FBbt:00058002"	"adult middle midgut class I enteroendocrine cell (Drosophila)"	"perfect match"	"EE_scRNA-seq"	NA	1
"GTCACGGGTAAGGGCT"	4	"SRX5979983"	"SRP200614"	"intestine"	"class II-m2 EE cell"	NA	NA	NA	"FBbt:00058005"	"adult middle midgut class II enteroendocrine cell (Drosophila)"	"perfect match"	"EE_scRNA-seq"	NA	8
"GTCACGGGTGAGGGAG"	1	"SRX5979983"	"SRP200614"	"intestine"	"class II-m1 EE cell"	NA	NA	NA	"FBbt:00058005"	"adult middle midgut class II enteroendocrine cell (Drosophila)"	"perfect match"	"EE_scRNA-seq"	NA	3
"GTCACGGGTGAGGGTT"	6	"SRX5979983"	"SRP200614"	"intestine"	"class I-p AstA EE cell"	NA	NA	NA	"FBbt:00058003"	"adult posterior midgut class I enteroendocrine cell (Drosophila)"	"missing child term"	"EE_scRNA-seq"	NA	6
"GTCACGGGTGTAATGA"	0	"SRX5979983"	"SRP200614"	"intestine"	"class I-m EE cell"	NA	NA	NA	"FBbt:00058002"	"adult middle midgut class I enteroendocrine cell (Drosophila)"	"perfect match"	"EE_scRNA-seq"	NA	1
"GTCATTTAGCTAGTTC"	2	"SRX5979983"	"SRP200614"	"intestine"	"class I-ap EE cell"	NA	NA	NA	"FBbt:00058000"	"adult class I enteroendocrine cell (Drosophila)"	"other"	"EE_scRNA-seq"	NA	5
"GTCATTTAGTCGAGTG"	7	"SRX5979983"	"SRP200614"	"intestine"	"class II-p EE cell"	NA	NA	NA	"FBbt:00058006"	"adult posterior midgut class II enteroendocrine cell (Drosophila)"	"perfect match"	"EE_scRNA-seq"	NA	7
"GTCATTTAGTCTCAAC"	2	"SRX5979983"	"SRP200614"	"intestine"	"class I-ap EE cell"	NA	NA	NA	"FBbt:00058000"	"adult class I enteroendocrine cell (Drosophila)"	"other"	"EE_scRNA-seq"	NA	5
"GTCATTTAGTGAACAT"	1	"SRX5979983"	"SRP200614"	"intestine"	"class II-m1 EE cell"	NA	NA	NA	"FBbt:00058005"	"adult middle midgut class II enteroendocrine cell (Drosophila)"	"perfect match"	"EE_scRNA-seq"	NA	3
"GTCATTTAGTGTTAGA"	1	"SRX5979983"	"SRP200614"	"intestine"	"class II-m1 EE cell"	NA	NA	NA	"FBbt:00058005"	"adult middle midgut class II enteroendocrine cell (Drosophila)"	"perfect match"	"EE_scRNA-seq"	NA	3
"GTCATTTCACGACGAA"	7	"SRX5979983"	"SRP200614"	"intestine"	"class II-p EE cell"	NA	NA	NA	"FBbt:00058006"	"adult posterior midgut class II enteroendocrine cell (Drosophila)"	"perfect match"	"EE_scRNA-seq"	NA	7
"GTCATTTCACTAGTAC"	2	"SRX5979983"	"SRP200614"	"intestine"	"class I-ap EE cell"	NA	NA	NA	"FBbt:00058000"	"adult class I enteroendocrine cell (Drosophila)"	"other"	"EE_scRNA-seq"	NA	5
"GTCATTTCAGCTCGAC"	0	"SRX5979983"	"SRP200614"	"intestine"	"class I-m EE cell"	NA	NA	NA	"FBbt:00058002"	"adult middle midgut class I enteroendocrine cell (Drosophila)"	"perfect match"	"EE_scRNA-seq"	NA	1
"GTCATTTCAGGAACGT"	5	"SRX5979983"	"SRP200614"	"intestine"	"class I-p CCHa1 EE cell"	NA	NA	NA	"FBbt:00058003"	"adult posterior midgut class I enteroendocrine cell (Drosophila)"	"missing child term"	"EE_scRNA-seq"	NA	4
"GTCATTTGTCCGAACC"	8	"SRX5979983"	"SRP200614"	"intestine"	"class I-a EE cell"	NA	NA	NA	"FBbt:00058001"	"adult anterior midgut class I enteroendocrine cell (Drosophila)"	"perfect match"	"EE_scRNA-seq"	NA	2
"GTCATTTGTCTAGTCA"	6	"SRX5979983"	"SRP200614"	"intestine"	"class I-p AstA EE cell"	NA	NA	NA	"FBbt:00058003"	"adult posterior midgut class I enteroendocrine cell (Drosophila)"	"missing child term"	"EE_scRNA-seq"	NA	6
"GTCCTCAAGAACTGTA"	2	"SRX5979983"	"SRP200614"	"intestine"	"class I-ap EE cell"	NA	NA	NA	"FBbt:00058000"	"adult class I enteroendocrine cell (Drosophila)"	"other"	"EE_scRNA-seq"	NA	5
"GTCCTCAAGACGCACA"	2	"SRX5979983"	"SRP200614"	"intestine"	"class I-ap EE cell"	NA	NA	NA	"FBbt:00058000"	"adult class I enteroendocrine cell (Drosophila)"	"other"	"EE_scRNA-seq"	NA	5
"GTCCTCAAGCTGGAAC"	1	"SRX5979983"	"SRP200614"	"intestine"	"class II-m1 EE cell"	NA	NA	NA	"FBbt:00058005"	"adult middle midgut class II enteroendocrine cell (Drosophila)"	"perfect match"	"EE_scRNA-seq"	NA	3
"GTCCTCACAACGCACC"	0	"SRX5979983"	"SRP200614"	"intestine"	"class I-m EE cell"	NA	NA	NA	"FBbt:00058002"	"adult middle midgut class I enteroendocrine cell (Drosophila)"	"perfect match"	"EE_scRNA-seq"	NA	1
"GTCCTCACAAGCTGTT"	6	"SRX5979983"	"SRP200614"	"intestine"	"class I-p AstA EE cell"	NA	NA	NA	"FBbt:00058003"	"adult posterior midgut class I enteroendocrine cell (Drosophila)"	"missing child term"	"EE_scRNA-seq"	NA	6
"GTCCTCATCACGCATA"	0	"SRX5979983"	"SRP200614"	"intestine"	"class I-m EE cell"	NA	NA	NA	"FBbt:00058002"	"adult middle midgut class I enteroendocrine cell (Drosophila)"	"perfect match"	"EE_scRNA-seq"	NA	1
"GTCCTCATCCAATGGT"	6	"SRX5979983"	"SRP200614"	"intestine"	"class I-p AstA EE cell"	NA	NA	NA	"FBbt:00058003"	"adult posterior midgut class I enteroendocrine cell (Drosophila)"	"missing child term"	"EE_scRNA-seq"	NA	6
"GTCGGGTAGCTGATAA"	2	"SRX5979983"	"SRP200614"	"intestine"	"class I-ap EE cell"	NA	NA	NA	"FBbt:00058000"	"adult class I enteroendocrine cell (Drosophila)"	"other"	"EE_scRNA-seq"	NA	5
"GTCGGGTAGGTGACCA"	4	"SRX5979983"	"SRP200614"	"intestine"	"class II-m2 EE cell"	NA	NA	NA	"FBbt:00058005"	"adult middle midgut class II enteroendocrine cell (Drosophila)"	"perfect match"	"EE_scRNA-seq"	NA	8
"GTCGGGTCAGTATGCT"	2	"SRX5979983"	"SRP200614"	"intestine"	"class I-ap EE cell"	NA	NA	NA	"FBbt:00058000"	"adult class I enteroendocrine cell (Drosophila)"	"other"	"EE_scRNA-seq"	NA	5
"GTCGGGTCAGTGACAG"	1	"SRX5979983"	"SRP200614"	"intestine"	"class II-m1 EE cell"	NA	NA	NA	"FBbt:00058005"	"adult middle midgut class II enteroendocrine cell (Drosophila)"	"perfect match"	"EE_scRNA-seq"	NA	3
"GTCGGGTCATGCCTTC"	5	"SRX5979983"	"SRP200614"	"intestine"	"class I-p CCHa1 EE cell"	NA	NA	NA	"FBbt:00058003"	"adult posterior midgut class I enteroendocrine cell (Drosophila)"	"missing child term"	"EE_scRNA-seq"	NA	4
"GTCGGGTGTACCGAGA"	2	"SRX5979983"	"SRP200614"	"intestine"	"class I-ap EE cell"	NA	NA	NA	"FBbt:00058000"	"adult class I enteroendocrine cell (Drosophila)"	"other"	"EE_scRNA-seq"	NA	5
"GTCGGGTGTCTAAACC"	8	"SRX5979983"	"SRP200614"	"intestine"	"class I-a EE cell"	NA	NA	NA	"FBbt:00058001"	"adult anterior midgut class I enteroendocrine cell (Drosophila)"	"perfect match"	"EE_scRNA-seq"	NA	2
"GTCGGGTGTTAAGTAG"	0	"SRX5979983"	"SRP200614"	"intestine"	"class I-m EE cell"	NA	NA	NA	"FBbt:00058002"	"adult middle midgut class I enteroendocrine cell (Drosophila)"	"perfect match"	"EE_scRNA-seq"	NA	1
"GTCGGGTTCACGATGT"	5	"SRX5979983"	"SRP200614"	"intestine"	"class I-p CCHa1 EE cell"	NA	NA	NA	"FBbt:00058003"	"adult posterior midgut class I enteroendocrine cell (Drosophila)"	"missing child term"	"EE_scRNA-seq"	NA	4
"GTCGTAACAACTTGAC"	10	"SRX5979983"	"SRP200614"	"intestine"	"EE progenitor cell"	NA	NA	NA	"FBbt:00049284"	"adult enteroendocrine precursor cell (Drosophila)"	"perfect match"	"EE_scRNA-seq"	NA	10
"GTCGTAACAAGCGCTC"	2	"SRX5979983"	"SRP200614"	"intestine"	"class I-ap EE cell"	NA	NA	NA	"FBbt:00058000"	"adult class I enteroendocrine cell (Drosophila)"	"other"	"EE_scRNA-seq"	NA	5
"GTCGTAACAGTCTTCC"	1	"SRX5979983"	"SRP200614"	"intestine"	"class II-m1 EE cell"	NA	NA	NA	"FBbt:00058005"	"adult middle midgut class II enteroendocrine cell (Drosophila)"	"perfect match"	"EE_scRNA-seq"	NA	3
"GTCGTAAGTATAGGGC"	1	"SRX5979983"	"SRP200614"	"intestine"	"class II-m1 EE cell"	NA	NA	NA	"FBbt:00058005"	"adult middle midgut class II enteroendocrine cell (Drosophila)"	"perfect match"	"EE_scRNA-seq"	NA	3
"GTCGTAAGTGCGGTAA"	3	"SRX5979983"	"SRP200614"	"intestine"	"class II-a EE cell"	NA	NA	NA	"FBbt:00058004"	"adult anterior midgut class II enteroendocrine cell (Drosophila)"	"perfect match"	"EE_scRNA-seq"	NA	9
"GTCGTAATCGATAGAA"	0	"SRX5979983"	"SRP200614"	"intestine"	"class I-m EE cell"	NA	NA	NA	"FBbt:00058002"	"adult middle midgut class I enteroendocrine cell (Drosophila)"	"perfect match"	"EE_scRNA-seq"	NA	1
"GTCGTAATCGTTTATC"	0	"SRX5979983"	"SRP200614"	"intestine"	"class I-m EE cell"	NA	NA	NA	"FBbt:00058002"	"adult middle midgut class I enteroendocrine cell (Drosophila)"	"perfect match"	"EE_scRNA-seq"	NA	1
"GTCTCGTAGTCACGCC"	5	"SRX5979983"	"SRP200614"	"intestine"	"class I-p CCHa1 EE cell"	NA	NA	NA	"FBbt:00058003"	"adult posterior midgut class I enteroendocrine cell (Drosophila)"	"missing child term"	"EE_scRNA-seq"	NA	4
"GTCTCGTCACAAGCCC"	4	"SRX5979983"	"SRP200614"	"intestine"	"class II-m2 EE cell"	NA	NA	NA	"FBbt:00058005"	"adult middle midgut class II enteroendocrine cell (Drosophila)"	"perfect match"	"EE_scRNA-seq"	NA	8
"GTCTCGTGTCGAGATG"	5	"SRX5979983"	"SRP200614"	"intestine"	"class I-p CCHa1 EE cell"	NA	NA	NA	"FBbt:00058003"	"adult posterior midgut class I enteroendocrine cell (Drosophila)"	"missing child term"	"EE_scRNA-seq"	NA	4
"GTCTCGTGTCTCTTAT"	1	"SRX5979983"	"SRP200614"	"intestine"	"class II-m1 EE cell"	NA	NA	NA	"FBbt:00058005"	"adult middle midgut class II enteroendocrine cell (Drosophila)"	"perfect match"	"EE_scRNA-seq"	NA	3
"GTCTCGTGTGCACCAC"	1	"SRX5979983"	"SRP200614"	"intestine"	"class II-m1 EE cell"	NA	NA	NA	"FBbt:00058005"	"adult middle midgut class II enteroendocrine cell (Drosophila)"	"perfect match"	"EE_scRNA-seq"	NA	3
"GTCTCGTTCGCCATAA"	1	"SRX5979983"	"SRP200614"	"intestine"	"class II-m1 EE cell"	NA	NA	NA	"FBbt:00058005"	"adult middle midgut class II enteroendocrine cell (Drosophila)"	"perfect match"	"EE_scRNA-seq"	NA	3
"GTCTCGTTCTTTACAC"	2	"SRX5979983"	"SRP200614"	"intestine"	"class I-ap EE cell"	NA	NA	NA	"FBbt:00058000"	"adult class I enteroendocrine cell (Drosophila)"	"other"	"EE_scRNA-seq"	NA	5
"GTCTTCGAGACGACGT"	1	"SRX5979983"	"SRP200614"	"intestine"	"class II-m1 EE cell"	NA	NA	NA	"FBbt:00058005"	"adult middle midgut class II enteroendocrine cell (Drosophila)"	"perfect match"	"EE_scRNA-seq"	NA	3
"GTCTTCGCAGCTTCGG"	3	"SRX5979983"	"SRP200614"	"intestine"	"class II-a EE cell"	NA	NA	NA	"FBbt:00058004"	"adult anterior midgut class II enteroendocrine cell (Drosophila)"	"perfect match"	"EE_scRNA-seq"	NA	9
"GTCTTCGCAGTGGGAT"	0	"SRX5979983"	"SRP200614"	"intestine"	"class I-m EE cell"	NA	NA	NA	"FBbt:00058002"	"adult middle midgut class I enteroendocrine cell (Drosophila)"	"perfect match"	"EE_scRNA-seq"	NA	1
"GTCTTCGCATCCGCGA"	0	"SRX5979983"	"SRP200614"	"intestine"	"class I-m EE cell"	NA	NA	NA	"FBbt:00058002"	"adult middle midgut class I enteroendocrine cell (Drosophila)"	"perfect match"	"EE_scRNA-seq"	NA	1
"GTCTTCGGTAAATGAC"	1	"SRX5979983"	"SRP200614"	"intestine"	"class II-m1 EE cell"	NA	NA	NA	"FBbt:00058005"	"adult middle midgut class II enteroendocrine cell (Drosophila)"	"perfect match"	"EE_scRNA-seq"	NA	3
"GTCTTCGGTCTAGGTT"	4	"SRX5979983"	"SRP200614"	"intestine"	"class II-m2 EE cell"	NA	NA	NA	"FBbt:00058005"	"adult middle midgut class II enteroendocrine cell (Drosophila)"	"perfect match"	"EE_scRNA-seq"	NA	8
"GTCTTCGGTGTTTGTG"	3	"SRX5979983"	"SRP200614"	"intestine"	"class II-a EE cell"	NA	NA	NA	"FBbt:00058004"	"adult anterior midgut class II enteroendocrine cell (Drosophila)"	"perfect match"	"EE_scRNA-seq"	NA	9
"GTCTTCGGTTAGATGA"	0	"SRX5979983"	"SRP200614"	"intestine"	"class I-m EE cell"	NA	NA	NA	"FBbt:00058002"	"adult middle midgut class I enteroendocrine cell (Drosophila)"	"perfect match"	"EE_scRNA-seq"	NA	1
"GTCTTCGGTTGATTCG"	1	"SRX5979983"	"SRP200614"	"intestine"	"class II-m1 EE cell"	NA	NA	NA	"FBbt:00058005"	"adult middle midgut class II enteroendocrine cell (Drosophila)"	"perfect match"	"EE_scRNA-seq"	NA	3
"GTCTTCGTCACTGGGC"	9	"SRX5979983"	"SRP200614"	"intestine"	"class III EE cell"	NA	NA	NA	"FBbt:00058200"	"adult class III enteroendocrine cell (Drosophila)"	"perfect match"	"EE_scRNA-seq"	NA	11
"GTCTTCGTCGTTACAG"	3	"SRX5979983"	"SRP200614"	"intestine"	"class II-a EE cell"	NA	NA	NA	"FBbt:00058004"	"adult anterior midgut class II enteroendocrine cell (Drosophila)"	"perfect match"	"EE_scRNA-seq"	NA	9
"GTCTTCGTCTCCCTGA"	0	"SRX5979983"	"SRP200614"	"intestine"	"class I-m EE cell"	NA	NA	NA	"FBbt:00058002"	"adult middle midgut class I enteroendocrine cell (Drosophila)"	"perfect match"	"EE_scRNA-seq"	NA	1
"GTCTTCGTCTGTTGAG"	4	"SRX5979983"	"SRP200614"	"intestine"	"class II-m2 EE cell"	NA	NA	NA	"FBbt:00058005"	"adult middle midgut class II enteroendocrine cell (Drosophila)"	"perfect match"	"EE_scRNA-seq"	NA	8
"GTGAAGGAGCTAGTTC"	6	"SRX5979983"	"SRP200614"	"intestine"	"class I-p AstA EE cell"	NA	NA	NA	"FBbt:00058003"	"adult posterior midgut class I enteroendocrine cell (Drosophila)"	"missing child term"	"EE_scRNA-seq"	NA	6
"GTGAAGGAGTACATGA"	1	"SRX5979983"	"SRP200614"	"intestine"	"class II-m1 EE cell"	NA	NA	NA	"FBbt:00058005"	"adult middle midgut class II enteroendocrine cell (Drosophila)"	"perfect match"	"EE_scRNA-seq"	NA	3
"GTGAAGGCACTAAGTC"	4	"SRX5979983"	"SRP200614"	"intestine"	"class II-m2 EE cell"	NA	NA	NA	"FBbt:00058005"	"adult middle midgut class II enteroendocrine cell (Drosophila)"	"perfect match"	"EE_scRNA-seq"	NA	8
"GTGAAGGCAGTAAGAT"	0	"SRX5979983"	"SRP200614"	"intestine"	"class I-m EE cell"	NA	NA	NA	"FBbt:00058002"	"adult middle midgut class I enteroendocrine cell (Drosophila)"	"perfect match"	"EE_scRNA-seq"	NA	1
"GTGAAGGCATAAAGGT"	2	"SRX5979983"	"SRP200614"	"intestine"	"class I-ap EE cell"	NA	NA	NA	"FBbt:00058000"	"adult class I enteroendocrine cell (Drosophila)"	"other"	"EE_scRNA-seq"	NA	5
"GTGAAGGTCATCATTC"	2	"SRX5979983"	"SRP200614"	"intestine"	"class I-ap EE cell"	NA	NA	NA	"FBbt:00058000"	"adult class I enteroendocrine cell (Drosophila)"	"other"	"EE_scRNA-seq"	NA	5
"GTGAAGGTCATGCTCC"	6	"SRX5979983"	"SRP200614"	"intestine"	"class I-p AstA EE cell"	NA	NA	NA	"FBbt:00058003"	"adult posterior midgut class I enteroendocrine cell (Drosophila)"	"missing child term"	"EE_scRNA-seq"	NA	6
"GTGAAGGTCGCACTCT"	0	"SRX5979983"	"SRP200614"	"intestine"	"class I-m EE cell"	NA	NA	NA	"FBbt:00058002"	"adult middle midgut class I enteroendocrine cell (Drosophila)"	"perfect match"	"EE_scRNA-seq"	NA	1
"GTGAAGGTCTGACCTC"	5	"SRX5979983"	"SRP200614"	"intestine"	"class I-p CCHa1 EE cell"	NA	NA	NA	"FBbt:00058003"	"adult posterior midgut class I enteroendocrine cell (Drosophila)"	"missing child term"	"EE_scRNA-seq"	NA	4
"GTGAAGGTCTGCTGCT"	7	"SRX5979983"	"SRP200614"	"intestine"	"class II-p EE cell"	NA	NA	NA	"FBbt:00058006"	"adult posterior midgut class II enteroendocrine cell (Drosophila)"	"perfect match"	"EE_scRNA-seq"	NA	7
"GTGCAGCAGGCCATAG"	3	"SRX5979983"	"SRP200614"	"intestine"	"class II-a EE cell"	NA	NA	NA	"FBbt:00058004"	"adult anterior midgut class II enteroendocrine cell (Drosophila)"	"perfect match"	"EE_scRNA-seq"	NA	9
"GTGCAGCAGGCTATCT"	2	"SRX5979983"	"SRP200614"	"intestine"	"class I-ap EE cell"	NA	NA	NA	"FBbt:00058000"	"adult class I enteroendocrine cell (Drosophila)"	"other"	"EE_scRNA-seq"	NA	5
"GTGCAGCAGGGAAACA"	1	"SRX5979983"	"SRP200614"	"intestine"	"class II-m1 EE cell"	NA	NA	NA	"FBbt:00058005"	"adult middle midgut class II enteroendocrine cell (Drosophila)"	"perfect match"	"EE_scRNA-seq"	NA	3
"GTGCAGCCACACAGAG"	3	"SRX5979983"	"SRP200614"	"intestine"	"class II-a EE cell"	NA	NA	NA	"FBbt:00058004"	"adult anterior midgut class II enteroendocrine cell (Drosophila)"	"perfect match"	"EE_scRNA-seq"	NA	9
"GTGCAGCCAGTCGTGC"	6	"SRX5979983"	"SRP200614"	"intestine"	"class I-p AstA EE cell"	NA	NA	NA	"FBbt:00058003"	"adult posterior midgut class I enteroendocrine cell (Drosophila)"	"missing child term"	"EE_scRNA-seq"	NA	6
"GTGCAGCGTCGGCACT"	1	"SRX5979983"	"SRP200614"	"intestine"	"class II-m1 EE cell"	NA	NA	NA	"FBbt:00058005"	"adult middle midgut class II enteroendocrine cell (Drosophila)"	"perfect match"	"EE_scRNA-seq"	NA	3
"GTGCAGCGTGATAAGT"	5	"SRX5979983"	"SRP200614"	"intestine"	"class I-p CCHa1 EE cell"	NA	NA	NA	"FBbt:00058003"	"adult posterior midgut class I enteroendocrine cell (Drosophila)"	"missing child term"	"EE_scRNA-seq"	NA	4
"GTGCAGCTCATGTCTT"	7	"SRX5979983"	"SRP200614"	"intestine"	"class II-p EE cell"	NA	NA	NA	"FBbt:00058006"	"adult posterior midgut class II enteroendocrine cell (Drosophila)"	"perfect match"	"EE_scRNA-seq"	NA	7
"GTGCAGCTCCGAAGAG"	5	"SRX5979983"	"SRP200614"	"intestine"	"class I-p CCHa1 EE cell"	NA	NA	NA	"FBbt:00058003"	"adult posterior midgut class I enteroendocrine cell (Drosophila)"	"missing child term"	"EE_scRNA-seq"	NA	4
"GTGCATAAGAAACCTA"	6	"SRX5979983"	"SRP200614"	"intestine"	"class I-p AstA EE cell"	NA	NA	NA	"FBbt:00058003"	"adult posterior midgut class I enteroendocrine cell (Drosophila)"	"missing child term"	"EE_scRNA-seq"	NA	6
"GTGCATAAGCCCAGCT"	4	"SRX5979983"	"SRP200614"	"intestine"	"class II-m2 EE cell"	NA	NA	NA	"FBbt:00058005"	"adult middle midgut class II enteroendocrine cell (Drosophila)"	"perfect match"	"EE_scRNA-seq"	NA	8
"GTGCATAAGGGAACGG"	0	"SRX5979983"	"SRP200614"	"intestine"	"class I-m EE cell"	NA	NA	NA	"FBbt:00058002"	"adult middle midgut class I enteroendocrine cell (Drosophila)"	"perfect match"	"EE_scRNA-seq"	NA	1
"GTGCATACAGGCTCAC"	0	"SRX5979983"	"SRP200614"	"intestine"	"class I-m EE cell"	NA	NA	NA	"FBbt:00058002"	"adult middle midgut class I enteroendocrine cell (Drosophila)"	"perfect match"	"EE_scRNA-seq"	NA	1
"GTGCATAGTATAGGTA"	1	"SRX5979983"	"SRP200614"	"intestine"	"class II-m1 EE cell"	NA	NA	NA	"FBbt:00058005"	"adult middle midgut class II enteroendocrine cell (Drosophila)"	"perfect match"	"EE_scRNA-seq"	NA	3
"GTGCATAGTTGTCTTT"	2	"SRX5979983"	"SRP200614"	"intestine"	"class I-ap EE cell"	NA	NA	NA	"FBbt:00058000"	"adult class I enteroendocrine cell (Drosophila)"	"other"	"EE_scRNA-seq"	NA	5
"GTGCATATCAAGCCTA"	0	"SRX5979983"	"SRP200614"	"intestine"	"class I-m EE cell"	NA	NA	NA	"FBbt:00058002"	"adult middle midgut class I enteroendocrine cell (Drosophila)"	"perfect match"	"EE_scRNA-seq"	NA	1
"GTGCATATCAGCTCGG"	0	"SRX5979983"	"SRP200614"	"intestine"	"class I-m EE cell"	NA	NA	NA	"FBbt:00058002"	"adult middle midgut class I enteroendocrine cell (Drosophila)"	"perfect match"	"EE_scRNA-seq"	NA	1
"GTGCATATCCAAAGTC"	1	"SRX5979983"	"SRP200614"	"intestine"	"class II-m1 EE cell"	NA	NA	NA	"FBbt:00058005"	"adult middle midgut class II enteroendocrine cell (Drosophila)"	"perfect match"	"EE_scRNA-seq"	NA	3
"GTGCATATCCAAGTAC"	6	"SRX5979983"	"SRP200614"	"intestine"	"class I-p AstA EE cell"	NA	NA	NA	"FBbt:00058003"	"adult posterior midgut class I enteroendocrine cell (Drosophila)"	"missing child term"	"EE_scRNA-seq"	NA	6
"GTGCGGTAGCTCTCGG"	2	"SRX5979983"	"SRP200614"	"intestine"	"class I-ap EE cell"	NA	NA	NA	"FBbt:00058000"	"adult class I enteroendocrine cell (Drosophila)"	"other"	"EE_scRNA-seq"	NA	5
"GTGCGGTGTCTAGGTT"	7	"SRX5979983"	"SRP200614"	"intestine"	"class II-p EE cell"	NA	NA	NA	"FBbt:00058006"	"adult posterior midgut class II enteroendocrine cell (Drosophila)"	"perfect match"	"EE_scRNA-seq"	NA	7
"GTGCGGTGTTCGTCTC"	10	"SRX5979983"	"SRP200614"	"intestine"	"EE progenitor cell"	NA	NA	NA	"FBbt:00049284"	"adult enteroendocrine precursor cell (Drosophila)"	"perfect match"	"EE_scRNA-seq"	NA	10
"GTGCGGTTCACTCCTG"	2	"SRX5979983"	"SRP200614"	"intestine"	"class I-ap EE cell"	NA	NA	NA	"FBbt:00058000"	"adult class I enteroendocrine cell (Drosophila)"	"other"	"EE_scRNA-seq"	NA	5
"GTGCGGTTCTGTTTGT"	0	"SRX5979983"	"SRP200614"	"intestine"	"class I-m EE cell"	NA	NA	NA	"FBbt:00058002"	"adult middle midgut class I enteroendocrine cell (Drosophila)"	"perfect match"	"EE_scRNA-seq"	NA	1
"GTGCTTCAGTGCCAGA"	2	"SRX5979983"	"SRP200614"	"intestine"	"class I-ap EE cell"	NA	NA	NA	"FBbt:00058000"	"adult class I enteroendocrine cell (Drosophila)"	"other"	"EE_scRNA-seq"	NA	5
"GTGCTTCGTATAGGTA"	0	"SRX5979983"	"SRP200614"	"intestine"	"class I-m EE cell"	NA	NA	NA	"FBbt:00058002"	"adult middle midgut class I enteroendocrine cell (Drosophila)"	"perfect match"	"EE_scRNA-seq"	NA	1
"GTGCTTCGTCGCGGTT"	1	"SRX5979983"	"SRP200614"	"intestine"	"class II-m1 EE cell"	NA	NA	NA	"FBbt:00058005"	"adult middle midgut class II enteroendocrine cell (Drosophila)"	"perfect match"	"EE_scRNA-seq"	NA	3
"GTGCTTCGTGAGGCTA"	0	"SRX5979983"	"SRP200614"	"intestine"	"class I-m EE cell"	NA	NA	NA	"FBbt:00058002"	"adult middle midgut class I enteroendocrine cell (Drosophila)"	"perfect match"	"EE_scRNA-seq"	NA	1
"GTGCTTCGTTCGCGAC"	0	"SRX5979983"	"SRP200614"	"intestine"	"class I-m EE cell"	NA	NA	NA	"FBbt:00058002"	"adult middle midgut class I enteroendocrine cell (Drosophila)"	"perfect match"	"EE_scRNA-seq"	NA	1
"GTGCTTCTCACTTCAT"	6	"SRX5979983"	"SRP200614"	"intestine"	"class I-p AstA EE cell"	NA	NA	NA	"FBbt:00058003"	"adult posterior midgut class I enteroendocrine cell (Drosophila)"	"missing child term"	"EE_scRNA-seq"	NA	6
"GTGCTTCTCATCATTC"	8	"SRX5979983"	"SRP200614"	"intestine"	"class I-a EE cell"	NA	NA	NA	"FBbt:00058001"	"adult anterior midgut class I enteroendocrine cell (Drosophila)"	"perfect match"	"EE_scRNA-seq"	NA	2
"GTGCTTCTCCAGAGGA"	2	"SRX5979983"	"SRP200614"	"intestine"	"class I-ap EE cell"	NA	NA	NA	"FBbt:00058000"	"adult class I enteroendocrine cell (Drosophila)"	"other"	"EE_scRNA-seq"	NA	5
"GTGCTTCTCCCAAGTA"	1	"SRX5979983"	"SRP200614"	"intestine"	"class II-m1 EE cell"	NA	NA	NA	"FBbt:00058005"	"adult middle midgut class II enteroendocrine cell (Drosophila)"	"perfect match"	"EE_scRNA-seq"	NA	3
"GTGCTTCTCTTTACGT"	0	"SRX5979983"	"SRP200614"	"intestine"	"class I-m EE cell"	NA	NA	NA	"FBbt:00058002"	"adult middle midgut class I enteroendocrine cell (Drosophila)"	"perfect match"	"EE_scRNA-seq"	NA	1
"GTGGGTCAGCCAACAG"	1	"SRX5979983"	"SRP200614"	"intestine"	"class II-m1 EE cell"	NA	NA	NA	"FBbt:00058005"	"adult middle midgut class II enteroendocrine cell (Drosophila)"	"perfect match"	"EE_scRNA-seq"	NA	3
"GTGGGTCAGCGACGTA"	0	"SRX5979983"	"SRP200614"	"intestine"	"class I-m EE cell"	NA	NA	NA	"FBbt:00058002"	"adult middle midgut class I enteroendocrine cell (Drosophila)"	"perfect match"	"EE_scRNA-seq"	NA	1
"GTGGGTCAGCGTAATA"	1	"SRX5979983"	"SRP200614"	"intestine"	"class II-m1 EE cell"	NA	NA	NA	"FBbt:00058005"	"adult middle midgut class II enteroendocrine cell (Drosophila)"	"perfect match"	"EE_scRNA-seq"	NA	3
"GTGGGTCAGTACGTAA"	3	"SRX5979983"	"SRP200614"	"intestine"	"class II-a EE cell"	NA	NA	NA	"FBbt:00058004"	"adult anterior midgut class II enteroendocrine cell (Drosophila)"	"perfect match"	"EE_scRNA-seq"	NA	9
"GTGGGTCCAGTAGAGC"	4	"SRX5979983"	"SRP200614"	"intestine"	"class II-m2 EE cell"	NA	NA	NA	"FBbt:00058005"	"adult middle midgut class II enteroendocrine cell (Drosophila)"	"perfect match"	"EE_scRNA-seq"	NA	8
"GTGGGTCGTACCGAGA"	8	"SRX5979983"	"SRP200614"	"intestine"	"class I-a EE cell"	NA	NA	NA	"FBbt:00058001"	"adult anterior midgut class I enteroendocrine cell (Drosophila)"	"perfect match"	"EE_scRNA-seq"	NA	2
"GTGGGTCGTCACCCAG"	2	"SRX5979983"	"SRP200614"	"intestine"	"class I-ap EE cell"	NA	NA	NA	"FBbt:00058000"	"adult class I enteroendocrine cell (Drosophila)"	"other"	"EE_scRNA-seq"	NA	5
"GTGGGTCGTCTAGGTT"	8	"SRX5979983"	"SRP200614"	"intestine"	"class I-a EE cell"	NA	NA	NA	"FBbt:00058001"	"adult anterior midgut class I enteroendocrine cell (Drosophila)"	"perfect match"	"EE_scRNA-seq"	NA	2
"GTGGGTCGTCTTCAAG"	0	"SRX5979983"	"SRP200614"	"intestine"	"class I-m EE cell"	NA	NA	NA	"FBbt:00058002"	"adult middle midgut class I enteroendocrine cell (Drosophila)"	"perfect match"	"EE_scRNA-seq"	NA	1
"GTGGGTCTCAGTTAGC"	0	"SRX5979983"	"SRP200614"	"intestine"	"class I-m EE cell"	NA	NA	NA	"FBbt:00058002"	"adult middle midgut class I enteroendocrine cell (Drosophila)"	"perfect match"	"EE_scRNA-seq"	NA	1
"GTGTGCGAGACCTAGG"	1	"SRX5979983"	"SRP200614"	"intestine"	"class II-m1 EE cell"	NA	NA	NA	"FBbt:00058005"	"adult middle midgut class II enteroendocrine cell (Drosophila)"	"perfect match"	"EE_scRNA-seq"	NA	3
"GTGTGCGAGACTAGAT"	1	"SRX5979983"	"SRP200614"	"intestine"	"class II-m1 EE cell"	NA	NA	NA	"FBbt:00058005"	"adult middle midgut class II enteroendocrine cell (Drosophila)"	"perfect match"	"EE_scRNA-seq"	NA	3
"GTGTGCGAGTGGCACA"	4	"SRX5979983"	"SRP200614"	"intestine"	"class II-m2 EE cell"	NA	NA	NA	"FBbt:00058005"	"adult middle midgut class II enteroendocrine cell (Drosophila)"	"perfect match"	"EE_scRNA-seq"	NA	8
"GTGTGCGCAAACTGCT"	2	"SRX5979983"	"SRP200614"	"intestine"	"class I-ap EE cell"	NA	NA	NA	"FBbt:00058000"	"adult class I enteroendocrine cell (Drosophila)"	"other"	"EE_scRNA-seq"	NA	5
"GTGTGCGCAACCGCCA"	0	"SRX5979983"	"SRP200614"	"intestine"	"class I-m EE cell"	NA	NA	NA	"FBbt:00058002"	"adult middle midgut class I enteroendocrine cell (Drosophila)"	"perfect match"	"EE_scRNA-seq"	NA	1
"GTGTGCGCAGTGGAGT"	4	"SRX5979983"	"SRP200614"	"intestine"	"class II-m2 EE cell"	NA	NA	NA	"FBbt:00058005"	"adult middle midgut class II enteroendocrine cell (Drosophila)"	"perfect match"	"EE_scRNA-seq"	NA	8
"GTGTGCGTCAAGAAGT"	0	"SRX5979983"	"SRP200614"	"intestine"	"class I-m EE cell"	NA	NA	NA	"FBbt:00058002"	"adult middle midgut class I enteroendocrine cell (Drosophila)"	"perfect match"	"EE_scRNA-seq"	NA	1
"GTGTGCGTCCAGAGGA"	1	"SRX5979983"	"SRP200614"	"intestine"	"class II-m1 EE cell"	NA	NA	NA	"FBbt:00058005"	"adult middle midgut class II enteroendocrine cell (Drosophila)"	"perfect match"	"EE_scRNA-seq"	NA	3
"GTGTGCGTCTTGCATT"	1	"SRX5979983"	"SRP200614"	"intestine"	"class II-m1 EE cell"	NA	NA	NA	"FBbt:00058005"	"adult middle midgut class II enteroendocrine cell (Drosophila)"	"perfect match"	"EE_scRNA-seq"	NA	3
"GTGTTAGAGACGCTTT"	1	"SRX5979983"	"SRP200614"	"intestine"	"class II-m1 EE cell"	NA	NA	NA	"FBbt:00058005"	"adult middle midgut class II enteroendocrine cell (Drosophila)"	"perfect match"	"EE_scRNA-seq"	NA	3
"GTGTTAGAGACTGGGT"	1	"SRX5979983"	"SRP200614"	"intestine"	"class II-m1 EE cell"	NA	NA	NA	"FBbt:00058005"	"adult middle midgut class II enteroendocrine cell (Drosophila)"	"perfect match"	"EE_scRNA-seq"	NA	3
"GTGTTAGCAGACGCCT"	0	"SRX5979983"	"SRP200614"	"intestine"	"class I-m EE cell"	NA	NA	NA	"FBbt:00058002"	"adult middle midgut class I enteroendocrine cell (Drosophila)"	"perfect match"	"EE_scRNA-seq"	NA	1
"GTGTTAGGTATAGGGC"	1	"SRX5979983"	"SRP200614"	"intestine"	"class II-m1 EE cell"	NA	NA	NA	"FBbt:00058005"	"adult middle midgut class II enteroendocrine cell (Drosophila)"	"perfect match"	"EE_scRNA-seq"	NA	3
"GTGTTAGGTATAGGTA"	3	"SRX5979983"	"SRP200614"	"intestine"	"class II-a EE cell"	NA	NA	NA	"FBbt:00058004"	"adult anterior midgut class II enteroendocrine cell (Drosophila)"	"perfect match"	"EE_scRNA-seq"	NA	9
"GTGTTAGGTCATACTG"	2	"SRX5979983"	"SRP200614"	"intestine"	"class I-ap EE cell"	NA	NA	NA	"FBbt:00058000"	"adult class I enteroendocrine cell (Drosophila)"	"other"	"EE_scRNA-seq"	NA	5
"GTGTTAGGTCTCGTTC"	1	"SRX5979983"	"SRP200614"	"intestine"	"class II-m1 EE cell"	NA	NA	NA	"FBbt:00058005"	"adult middle midgut class II enteroendocrine cell (Drosophila)"	"perfect match"	"EE_scRNA-seq"	NA	3
"GTGTTAGGTGAGGGAG"	7	"SRX5979983"	"SRP200614"	"intestine"	"class II-p EE cell"	NA	NA	NA	"FBbt:00058006"	"adult posterior midgut class II enteroendocrine cell (Drosophila)"	"perfect match"	"EE_scRNA-seq"	NA	7
"GTGTTAGGTTAAGGGC"	2	"SRX5979983"	"SRP200614"	"intestine"	"class I-ap EE cell"	NA	NA	NA	"FBbt:00058000"	"adult class I enteroendocrine cell (Drosophila)"	"other"	"EE_scRNA-seq"	NA	5
"GTGTTAGTCACAGGCC"	8	"SRX5979983"	"SRP200614"	"intestine"	"class I-a EE cell"	NA	NA	NA	"FBbt:00058001"	"adult anterior midgut class I enteroendocrine cell (Drosophila)"	"perfect match"	"EE_scRNA-seq"	NA	2
"GTGTTAGTCTGGCGTG"	1	"SRX5979983"	"SRP200614"	"intestine"	"class II-m1 EE cell"	NA	NA	NA	"FBbt:00058005"	"adult middle midgut class II enteroendocrine cell (Drosophila)"	"perfect match"	"EE_scRNA-seq"	NA	3
"GTTAAGCAGAAGGTTT"	5	"SRX5979983"	"SRP200614"	"intestine"	"class I-p CCHa1 EE cell"	NA	NA	NA	"FBbt:00058003"	"adult posterior midgut class I enteroendocrine cell (Drosophila)"	"missing child term"	"EE_scRNA-seq"	NA	4
"GTTAAGCAGCTAGTCT"	1	"SRX5979983"	"SRP200614"	"intestine"	"class II-m1 EE cell"	NA	NA	NA	"FBbt:00058005"	"adult middle midgut class II enteroendocrine cell (Drosophila)"	"perfect match"	"EE_scRNA-seq"	NA	3
"GTTAAGCAGGATTCGG"	0	"SRX5979983"	"SRP200614"	"intestine"	"class I-m EE cell"	NA	NA	NA	"FBbt:00058002"	"adult middle midgut class I enteroendocrine cell (Drosophila)"	"perfect match"	"EE_scRNA-seq"	NA	1
"GTTAAGCAGGTGACCA"	4	"SRX5979983"	"SRP200614"	"intestine"	"class II-m2 EE cell"	NA	NA	NA	"FBbt:00058005"	"adult middle midgut class II enteroendocrine cell (Drosophila)"	"perfect match"	"EE_scRNA-seq"	NA	8
"GTTAAGCCAACGCACC"	4	"SRX5979983"	"SRP200614"	"intestine"	"class II-m2 EE cell"	NA	NA	NA	"FBbt:00058005"	"adult middle midgut class II enteroendocrine cell (Drosophila)"	"perfect match"	"EE_scRNA-seq"	NA	8
"GTTAAGCCAATGGAGC"	2	"SRX5979983"	"SRP200614"	"intestine"	"class I-ap EE cell"	NA	NA	NA	"FBbt:00058000"	"adult class I enteroendocrine cell (Drosophila)"	"other"	"EE_scRNA-seq"	NA	5
"GTTAAGCCACCTCGTT"	6	"SRX5979983"	"SRP200614"	"intestine"	"class I-p AstA EE cell"	NA	NA	NA	"FBbt:00058003"	"adult posterior midgut class I enteroendocrine cell (Drosophila)"	"missing child term"	"EE_scRNA-seq"	NA	6
"GTTAAGCCACGAAAGC"	8	"SRX5979983"	"SRP200614"	"intestine"	"class I-a EE cell"	NA	NA	NA	"FBbt:00058001"	"adult anterior midgut class I enteroendocrine cell (Drosophila)"	"perfect match"	"EE_scRNA-seq"	NA	2
"GTTAAGCCAGTATCTG"	4	"SRX5979983"	"SRP200614"	"intestine"	"class II-m2 EE cell"	NA	NA	NA	"FBbt:00058005"	"adult middle midgut class II enteroendocrine cell (Drosophila)"	"perfect match"	"EE_scRNA-seq"	NA	8
"GTTAAGCGTACTCTCC"	0	"SRX5979983"	"SRP200614"	"intestine"	"class I-m EE cell"	NA	NA	NA	"FBbt:00058002"	"adult middle midgut class I enteroendocrine cell (Drosophila)"	"perfect match"	"EE_scRNA-seq"	NA	1
"GTTAAGCGTCCAGTAT"	1	"SRX5979983"	"SRP200614"	"intestine"	"class II-m1 EE cell"	NA	NA	NA	"FBbt:00058005"	"adult middle midgut class II enteroendocrine cell (Drosophila)"	"perfect match"	"EE_scRNA-seq"	NA	3
"GTTAAGCTCCCATTAT"	2	"SRX5979983"	"SRP200614"	"intestine"	"class I-ap EE cell"	NA	NA	NA	"FBbt:00058000"	"adult class I enteroendocrine cell (Drosophila)"	"other"	"EE_scRNA-seq"	NA	5
"GTTAAGCTCTGATACG"	5	"SRX5979983"	"SRP200614"	"intestine"	"class I-p CCHa1 EE cell"	NA	NA	NA	"FBbt:00058003"	"adult posterior midgut class I enteroendocrine cell (Drosophila)"	"missing child term"	"EE_scRNA-seq"	NA	4
"GTTAAGCTCTTGTTTG"	0	"SRX5979983"	"SRP200614"	"intestine"	"class I-m EE cell"	NA	NA	NA	"FBbt:00058002"	"adult middle midgut class I enteroendocrine cell (Drosophila)"	"perfect match"	"EE_scRNA-seq"	NA	1
"GTTACAGAGAATGTTG"	2	"SRX5979983"	"SRP200614"	"intestine"	"class I-ap EE cell"	NA	NA	NA	"FBbt:00058000"	"adult class I enteroendocrine cell (Drosophila)"	"other"	"EE_scRNA-seq"	NA	5
"GTTACAGAGAGGTTAT"	6	"SRX5979983"	"SRP200614"	"intestine"	"class I-p AstA EE cell"	NA	NA	NA	"FBbt:00058003"	"adult posterior midgut class I enteroendocrine cell (Drosophila)"	"missing child term"	"EE_scRNA-seq"	NA	6
"GTTACAGAGATCCTGT"	1	"SRX5979983"	"SRP200614"	"intestine"	"class II-m1 EE cell"	NA	NA	NA	"FBbt:00058005"	"adult middle midgut class II enteroendocrine cell (Drosophila)"	"perfect match"	"EE_scRNA-seq"	NA	3
"GTTACAGAGCTCCCAG"	0	"SRX5979983"	"SRP200614"	"intestine"	"class I-m EE cell"	NA	NA	NA	"FBbt:00058002"	"adult middle midgut class I enteroendocrine cell (Drosophila)"	"perfect match"	"EE_scRNA-seq"	NA	1
"GTTACAGCAGATAATG"	9	"SRX5979983"	"SRP200614"	"intestine"	"class III EE cell"	NA	NA	NA	"FBbt:00058200"	"adult class III enteroendocrine cell (Drosophila)"	"perfect match"	"EE_scRNA-seq"	NA	11
"GTTACAGCATCTACGA"	1	"SRX5979983"	"SRP200614"	"intestine"	"class II-m1 EE cell"	NA	NA	NA	"FBbt:00058005"	"adult middle midgut class II enteroendocrine cell (Drosophila)"	"perfect match"	"EE_scRNA-seq"	NA	3
"GTTACAGCATGCCTTC"	7	"SRX5979983"	"SRP200614"	"intestine"	"class II-p EE cell"	NA	NA	NA	"FBbt:00058006"	"adult posterior midgut class II enteroendocrine cell (Drosophila)"	"perfect match"	"EE_scRNA-seq"	NA	7
"GTTACAGGTACTTGAC"	0	"SRX5979983"	"SRP200614"	"intestine"	"class I-m EE cell"	NA	NA	NA	"FBbt:00058002"	"adult middle midgut class I enteroendocrine cell (Drosophila)"	"perfect match"	"EE_scRNA-seq"	NA	1
"GTTACAGGTAGAAAGG"	1	"SRX5979983"	"SRP200614"	"intestine"	"class II-m1 EE cell"	NA	NA	NA	"FBbt:00058005"	"adult middle midgut class II enteroendocrine cell (Drosophila)"	"perfect match"	"EE_scRNA-seq"	NA	3
"GTTACAGGTATGAAAC"	6	"SRX5979983"	"SRP200614"	"intestine"	"class I-p AstA EE cell"	NA	NA	NA	"FBbt:00058003"	"adult posterior midgut class I enteroendocrine cell (Drosophila)"	"missing child term"	"EE_scRNA-seq"	NA	6
"GTTACAGGTCAACATC"	0	"SRX5979983"	"SRP200614"	"intestine"	"class I-m EE cell"	NA	NA	NA	"FBbt:00058002"	"adult middle midgut class I enteroendocrine cell (Drosophila)"	"perfect match"	"EE_scRNA-seq"	NA	1
"GTTCATTAGCTGTTCA"	0	"SRX5979983"	"SRP200614"	"intestine"	"class I-m EE cell"	NA	NA	NA	"FBbt:00058002"	"adult middle midgut class I enteroendocrine cell (Drosophila)"	"perfect match"	"EE_scRNA-seq"	NA	1
"GTTCATTGTGCGATAG"	0	"SRX5979983"	"SRP200614"	"intestine"	"class I-m EE cell"	NA	NA	NA	"FBbt:00058002"	"adult middle midgut class I enteroendocrine cell (Drosophila)"	"perfect match"	"EE_scRNA-seq"	NA	1
"GTTCATTTCTGTTGAG"	0	"SRX5979983"	"SRP200614"	"intestine"	"class I-m EE cell"	NA	NA	NA	"FBbt:00058002"	"adult middle midgut class I enteroendocrine cell (Drosophila)"	"perfect match"	"EE_scRNA-seq"	NA	1
"GTTCATTTCTTCTGGC"	0	"SRX5979983"	"SRP200614"	"intestine"	"class I-m EE cell"	NA	NA	NA	"FBbt:00058002"	"adult middle midgut class I enteroendocrine cell (Drosophila)"	"perfect match"	"EE_scRNA-seq"	NA	1
"GTTCGGGAGAATTGTG"	7	"SRX5979983"	"SRP200614"	"intestine"	"class II-p EE cell"	NA	NA	NA	"FBbt:00058006"	"adult posterior midgut class II enteroendocrine cell (Drosophila)"	"perfect match"	"EE_scRNA-seq"	NA	7
"GTTCGGGAGATACACA"	0	"SRX5979983"	"SRP200614"	"intestine"	"class I-m EE cell"	NA	NA	NA	"FBbt:00058002"	"adult middle midgut class I enteroendocrine cell (Drosophila)"	"perfect match"	"EE_scRNA-seq"	NA	1
"GTTCGGGCAGGCTCAC"	0	"SRX5979983"	"SRP200614"	"intestine"	"class I-m EE cell"	NA	NA	NA	"FBbt:00058002"	"adult middle midgut class I enteroendocrine cell (Drosophila)"	"perfect match"	"EE_scRNA-seq"	NA	1
"GTTCGGGGTCTCTCTG"	4	"SRX5979983"	"SRP200614"	"intestine"	"class II-m2 EE cell"	NA	NA	NA	"FBbt:00058005"	"adult middle midgut class II enteroendocrine cell (Drosophila)"	"perfect match"	"EE_scRNA-seq"	NA	8
"GTTCGGGTCATCACCC"	1	"SRX5979983"	"SRP200614"	"intestine"	"class II-m1 EE cell"	NA	NA	NA	"FBbt:00058005"	"adult middle midgut class II enteroendocrine cell (Drosophila)"	"perfect match"	"EE_scRNA-seq"	NA	3
"GTTCGGGTCCACTCCA"	7	"SRX5979983"	"SRP200614"	"intestine"	"class II-p EE cell"	NA	NA	NA	"FBbt:00058006"	"adult posterior midgut class II enteroendocrine cell (Drosophila)"	"perfect match"	"EE_scRNA-seq"	NA	7
"GTTCGGGTCGGAAACG"	0	"SRX5979983"	"SRP200614"	"intestine"	"class I-m EE cell"	NA	NA	NA	"FBbt:00058002"	"adult middle midgut class I enteroendocrine cell (Drosophila)"	"perfect match"	"EE_scRNA-seq"	NA	1
"GTTCTCGAGCCACCTG"	4	"SRX5979983"	"SRP200614"	"intestine"	"class II-m2 EE cell"	NA	NA	NA	"FBbt:00058005"	"adult middle midgut class II enteroendocrine cell (Drosophila)"	"perfect match"	"EE_scRNA-seq"	NA	8
"GTTCTCGAGGAATTAC"	1	"SRX5979983"	"SRP200614"	"intestine"	"class II-m1 EE cell"	NA	NA	NA	"FBbt:00058005"	"adult middle midgut class II enteroendocrine cell (Drosophila)"	"perfect match"	"EE_scRNA-seq"	NA	3
"GTTCTCGCAATGGAAT"	4	"SRX5979983"	"SRP200614"	"intestine"	"class II-m2 EE cell"	NA	NA	NA	"FBbt:00058005"	"adult middle midgut class II enteroendocrine cell (Drosophila)"	"perfect match"	"EE_scRNA-seq"	NA	8
"GTTCTCGGTAGAGTGC"	2	"SRX5979983"	"SRP200614"	"intestine"	"class I-ap EE cell"	NA	NA	NA	"FBbt:00058000"	"adult class I enteroendocrine cell (Drosophila)"	"other"	"EE_scRNA-seq"	NA	5
"GTTCTCGGTATAATGG"	0	"SRX5979983"	"SRP200614"	"intestine"	"class I-m EE cell"	NA	NA	NA	"FBbt:00058002"	"adult middle midgut class I enteroendocrine cell (Drosophila)"	"perfect match"	"EE_scRNA-seq"	NA	1
"GTTCTCGGTTCGGGCT"	4	"SRX5979983"	"SRP200614"	"intestine"	"class II-m2 EE cell"	NA	NA	NA	"FBbt:00058005"	"adult middle midgut class II enteroendocrine cell (Drosophila)"	"perfect match"	"EE_scRNA-seq"	NA	8
"GTTCTCGGTTCTGAAC"	1	"SRX5979983"	"SRP200614"	"intestine"	"class II-m1 EE cell"	NA	NA	NA	"FBbt:00058005"	"adult middle midgut class II enteroendocrine cell (Drosophila)"	"perfect match"	"EE_scRNA-seq"	NA	3
"GTTCTCGGTTGGACCC"	1	"SRX5979983"	"SRP200614"	"intestine"	"class II-m1 EE cell"	NA	NA	NA	"FBbt:00058005"	"adult middle midgut class II enteroendocrine cell (Drosophila)"	"perfect match"	"EE_scRNA-seq"	NA	3
"GTTCTCGTCATGTAGC"	0	"SRX5979983"	"SRP200614"	"intestine"	"class I-m EE cell"	NA	NA	NA	"FBbt:00058002"	"adult middle midgut class I enteroendocrine cell (Drosophila)"	"perfect match"	"EE_scRNA-seq"	NA	1
"GTTCTCGTCTCGGACG"	7	"SRX5979983"	"SRP200614"	"intestine"	"class II-p EE cell"	NA	NA	NA	"FBbt:00058006"	"adult posterior midgut class II enteroendocrine cell (Drosophila)"	"perfect match"	"EE_scRNA-seq"	NA	7
"GTTTCTAAGCGCTTAT"	4	"SRX5979983"	"SRP200614"	"intestine"	"class II-m2 EE cell"	NA	NA	NA	"FBbt:00058005"	"adult middle midgut class II enteroendocrine cell (Drosophila)"	"perfect match"	"EE_scRNA-seq"	NA	8
"GTTTCTACATCACGAT"	7	"SRX5979983"	"SRP200614"	"intestine"	"class II-p EE cell"	NA	NA	NA	"FBbt:00058006"	"adult posterior midgut class II enteroendocrine cell (Drosophila)"	"perfect match"	"EE_scRNA-seq"	NA	7
"GTTTCTACATGTTCCC"	5	"SRX5979983"	"SRP200614"	"intestine"	"class I-p CCHa1 EE cell"	NA	NA	NA	"FBbt:00058003"	"adult posterior midgut class I enteroendocrine cell (Drosophila)"	"missing child term"	"EE_scRNA-seq"	NA	4
"GTTTCTATCAAACCGT"	6	"SRX5979983"	"SRP200614"	"intestine"	"class I-p AstA EE cell"	NA	NA	NA	"FBbt:00058003"	"adult posterior midgut class I enteroendocrine cell (Drosophila)"	"missing child term"	"EE_scRNA-seq"	NA	6
"GTTTCTATCATACGGT"	8	"SRX5979983"	"SRP200614"	"intestine"	"class I-a EE cell"	NA	NA	NA	"FBbt:00058001"	"adult anterior midgut class I enteroendocrine cell (Drosophila)"	"perfect match"	"EE_scRNA-seq"	NA	2
"TAAACCGAGCTAACTC"	0	"SRX5979983"	"SRP200614"	"intestine"	"class I-m EE cell"	NA	NA	NA	"FBbt:00058002"	"adult middle midgut class I enteroendocrine cell (Drosophila)"	"perfect match"	"EE_scRNA-seq"	NA	1
"TAAACCGAGTATTGGA"	4	"SRX5979983"	"SRP200614"	"intestine"	"class II-m2 EE cell"	NA	NA	NA	"FBbt:00058005"	"adult middle midgut class II enteroendocrine cell (Drosophila)"	"perfect match"	"EE_scRNA-seq"	NA	8
"TAAACCGCATGTCCTC"	2	"SRX5979983"	"SRP200614"	"intestine"	"class I-ap EE cell"	NA	NA	NA	"FBbt:00058000"	"adult class I enteroendocrine cell (Drosophila)"	"other"	"EE_scRNA-seq"	NA	5
"TAAACCGCATTTCACT"	5	"SRX5979983"	"SRP200614"	"intestine"	"class I-p CCHa1 EE cell"	NA	NA	NA	"FBbt:00058003"	"adult posterior midgut class I enteroendocrine cell (Drosophila)"	"missing child term"	"EE_scRNA-seq"	NA	4
"TAAACCGGTCAAAGAT"	8	"SRX5979983"	"SRP200614"	"intestine"	"class I-a EE cell"	NA	NA	NA	"FBbt:00058001"	"adult anterior midgut class I enteroendocrine cell (Drosophila)"	"perfect match"	"EE_scRNA-seq"	NA	2
"TAAACCGGTGAGTATA"	1	"SRX5979983"	"SRP200614"	"intestine"	"class II-m1 EE cell"	NA	NA	NA	"FBbt:00058005"	"adult middle midgut class II enteroendocrine cell (Drosophila)"	"perfect match"	"EE_scRNA-seq"	NA	3
"TAAGAGAAGAATTGTG"	0	"SRX5979983"	"SRP200614"	"intestine"	"class I-m EE cell"	NA	NA	NA	"FBbt:00058002"	"adult middle midgut class I enteroendocrine cell (Drosophila)"	"perfect match"	"EE_scRNA-seq"	NA	1
"TAAGAGAAGACATAAC"	4	"SRX5979983"	"SRP200614"	"intestine"	"class II-m2 EE cell"	NA	NA	NA	"FBbt:00058005"	"adult middle midgut class II enteroendocrine cell (Drosophila)"	"perfect match"	"EE_scRNA-seq"	NA	8
"TAAGAGAAGACTAGAT"	0	"SRX5979983"	"SRP200614"	"intestine"	"class I-m EE cell"	NA	NA	NA	"FBbt:00058002"	"adult middle midgut class I enteroendocrine cell (Drosophila)"	"perfect match"	"EE_scRNA-seq"	NA	1
"TAAGAGAAGCAGCGTA"	3	"SRX5979983"	"SRP200614"	"intestine"	"class II-a EE cell"	NA	NA	NA	"FBbt:00058004"	"adult anterior midgut class II enteroendocrine cell (Drosophila)"	"perfect match"	"EE_scRNA-seq"	NA	9
"TAAGAGAAGCTAGGCA"	1	"SRX5979983"	"SRP200614"	"intestine"	"class II-m1 EE cell"	NA	NA	NA	"FBbt:00058005"	"adult middle midgut class II enteroendocrine cell (Drosophila)"	"perfect match"	"EE_scRNA-seq"	NA	3
"TAAGAGAAGCTGGAAC"	2	"SRX5979983"	"SRP200614"	"intestine"	"class I-ap EE cell"	NA	NA	NA	"FBbt:00058000"	"adult class I enteroendocrine cell (Drosophila)"	"other"	"EE_scRNA-seq"	NA	5
"TAAGAGAAGGACCACA"	1	"SRX5979983"	"SRP200614"	"intestine"	"class II-m1 EE cell"	NA	NA	NA	"FBbt:00058005"	"adult middle midgut class II enteroendocrine cell (Drosophila)"	"perfect match"	"EE_scRNA-seq"	NA	3
"TAAGAGACAAAGCGGT"	3	"SRX5979983"	"SRP200614"	"intestine"	"class II-a EE cell"	NA	NA	NA	"FBbt:00058004"	"adult anterior midgut class II enteroendocrine cell (Drosophila)"	"perfect match"	"EE_scRNA-seq"	NA	9
"TAAGAGACACCGTTGG"	1	"SRX5979983"	"SRP200614"	"intestine"	"class II-m1 EE cell"	NA	NA	NA	"FBbt:00058005"	"adult middle midgut class II enteroendocrine cell (Drosophila)"	"perfect match"	"EE_scRNA-seq"	NA	3
"TAAGAGACACGGCGTT"	3	"SRX5979983"	"SRP200614"	"intestine"	"class II-a EE cell"	NA	NA	NA	"FBbt:00058004"	"adult anterior midgut class II enteroendocrine cell (Drosophila)"	"perfect match"	"EE_scRNA-seq"	NA	9
"TAAGAGACACGTAAGG"	1	"SRX5979983"	"SRP200614"	"intestine"	"class II-m1 EE cell"	NA	NA	NA	"FBbt:00058005"	"adult middle midgut class II enteroendocrine cell (Drosophila)"	"perfect match"	"EE_scRNA-seq"	NA	3
"TAAGAGACAGGCGATA"	7	"SRX5979983"	"SRP200614"	"intestine"	"class II-p EE cell"	NA	NA	NA	"FBbt:00058006"	"adult posterior midgut class II enteroendocrine cell (Drosophila)"	"perfect match"	"EE_scRNA-seq"	NA	7
"TAAGAGAGTCTTGTCC"	4	"SRX5979983"	"SRP200614"	"intestine"	"class II-m2 EE cell"	NA	NA	NA	"FBbt:00058005"	"adult middle midgut class II enteroendocrine cell (Drosophila)"	"perfect match"	"EE_scRNA-seq"	NA	8
"TAAGAGAGTTATTCTC"	3	"SRX5979983"	"SRP200614"	"intestine"	"class II-a EE cell"	NA	NA	NA	"FBbt:00058004"	"adult anterior midgut class II enteroendocrine cell (Drosophila)"	"perfect match"	"EE_scRNA-seq"	NA	9
"TAAGAGAGTTCAGCGC"	2	"SRX5979983"	"SRP200614"	"intestine"	"class I-ap EE cell"	NA	NA	NA	"FBbt:00058000"	"adult class I enteroendocrine cell (Drosophila)"	"other"	"EE_scRNA-seq"	NA	5
"TAAGAGATCGAGAGCA"	7	"SRX5979983"	"SRP200614"	"intestine"	"class II-p EE cell"	NA	NA	NA	"FBbt:00058006"	"adult posterior midgut class II enteroendocrine cell (Drosophila)"	"perfect match"	"EE_scRNA-seq"	NA	7
"TAAGCGTAGTAGTGCG"	1	"SRX5979983"	"SRP200614"	"intestine"	"class II-m1 EE cell"	NA	NA	NA	"FBbt:00058005"	"adult middle midgut class II enteroendocrine cell (Drosophila)"	"perfect match"	"EE_scRNA-seq"	NA	3
"TAAGCGTCAAAGCAAT"	4	"SRX5979983"	"SRP200614"	"intestine"	"class II-m2 EE cell"	NA	NA	NA	"FBbt:00058005"	"adult middle midgut class II enteroendocrine cell (Drosophila)"	"perfect match"	"EE_scRNA-seq"	NA	8
"TAAGCGTGTAGGGACT"	1	"SRX5979983"	"SRP200614"	"intestine"	"class II-m1 EE cell"	NA	NA	NA	"FBbt:00058005"	"adult middle midgut class II enteroendocrine cell (Drosophila)"	"perfect match"	"EE_scRNA-seq"	NA	3
"TAAGCGTGTCCGCTGA"	1	"SRX5979983"	"SRP200614"	"intestine"	"class II-m1 EE cell"	NA	NA	NA	"FBbt:00058005"	"adult middle midgut class II enteroendocrine cell (Drosophila)"	"perfect match"	"EE_scRNA-seq"	NA	3
"TAAGCGTGTGCAGGTA"	2	"SRX5979983"	"SRP200614"	"intestine"	"class I-ap EE cell"	NA	NA	NA	"FBbt:00058000"	"adult class I enteroendocrine cell (Drosophila)"	"other"	"EE_scRNA-seq"	NA	5
"TAAGCGTGTTAGAACA"	2	"SRX5979983"	"SRP200614"	"intestine"	"class I-ap EE cell"	NA	NA	NA	"FBbt:00058000"	"adult class I enteroendocrine cell (Drosophila)"	"other"	"EE_scRNA-seq"	NA	5
"TAAGCGTGTTGTCTTT"	1	"SRX5979983"	"SRP200614"	"intestine"	"class II-m1 EE cell"	NA	NA	NA	"FBbt:00058005"	"adult middle midgut class II enteroendocrine cell (Drosophila)"	"perfect match"	"EE_scRNA-seq"	NA	3
"TAAGCGTTCCCTTGTG"	2	"SRX5979983"	"SRP200614"	"intestine"	"class I-ap EE cell"	NA	NA	NA	"FBbt:00058000"	"adult class I enteroendocrine cell (Drosophila)"	"other"	"EE_scRNA-seq"	NA	5
"TAAGCGTTCTCTAGGA"	6	"SRX5979983"	"SRP200614"	"intestine"	"class I-p AstA EE cell"	NA	NA	NA	"FBbt:00058003"	"adult posterior midgut class I enteroendocrine cell (Drosophila)"	"missing child term"	"EE_scRNA-seq"	NA	6
"TAAGTGCAGACTCGGA"	8	"SRX5979983"	"SRP200614"	"intestine"	"class I-a EE cell"	NA	NA	NA	"FBbt:00058001"	"adult anterior midgut class I enteroendocrine cell (Drosophila)"	"perfect match"	"EE_scRNA-seq"	NA	2
"TAAGTGCAGCCGATTT"	5	"SRX5979983"	"SRP200614"	"intestine"	"class I-p CCHa1 EE cell"	NA	NA	NA	"FBbt:00058003"	"adult posterior midgut class I enteroendocrine cell (Drosophila)"	"missing child term"	"EE_scRNA-seq"	NA	4
"TAAGTGCCACTATCTT"	5	"SRX5979983"	"SRP200614"	"intestine"	"class I-p CCHa1 EE cell"	NA	NA	NA	"FBbt:00058003"	"adult posterior midgut class I enteroendocrine cell (Drosophila)"	"missing child term"	"EE_scRNA-seq"	NA	4
"TAAGTGCCAGTTAACC"	2	"SRX5979983"	"SRP200614"	"intestine"	"class I-ap EE cell"	NA	NA	NA	"FBbt:00058000"	"adult class I enteroendocrine cell (Drosophila)"	"other"	"EE_scRNA-seq"	NA	5
"TAAGTGCGTATATCCG"	4	"SRX5979983"	"SRP200614"	"intestine"	"class II-m2 EE cell"	NA	NA	NA	"FBbt:00058005"	"adult middle midgut class II enteroendocrine cell (Drosophila)"	"perfect match"	"EE_scRNA-seq"	NA	8
"TAAGTGCGTCACACGC"	1	"SRX5979983"	"SRP200614"	"intestine"	"class II-m1 EE cell"	NA	NA	NA	"FBbt:00058005"	"adult middle midgut class II enteroendocrine cell (Drosophila)"	"perfect match"	"EE_scRNA-seq"	NA	3
"TAAGTGCGTGACTACT"	0	"SRX5979983"	"SRP200614"	"intestine"	"class I-m EE cell"	NA	NA	NA	"FBbt:00058002"	"adult middle midgut class I enteroendocrine cell (Drosophila)"	"perfect match"	"EE_scRNA-seq"	NA	1
"TAAGTGCTCCAGATCA"	2	"SRX5979983"	"SRP200614"	"intestine"	"class I-ap EE cell"	NA	NA	NA	"FBbt:00058000"	"adult class I enteroendocrine cell (Drosophila)"	"other"	"EE_scRNA-seq"	NA	5
"TAAGTGCTCTTCATGT"	3	"SRX5979983"	"SRP200614"	"intestine"	"class II-a EE cell"	NA	NA	NA	"FBbt:00058004"	"adult anterior midgut class II enteroendocrine cell (Drosophila)"	"perfect match"	"EE_scRNA-seq"	NA	9
"TACACGAAGCAATATG"	0	"SRX5979983"	"SRP200614"	"intestine"	"class I-m EE cell"	NA	NA	NA	"FBbt:00058002"	"adult middle midgut class I enteroendocrine cell (Drosophila)"	"perfect match"	"EE_scRNA-seq"	NA	1
"TACACGAAGCTCCTCT"	7	"SRX5979983"	"SRP200614"	"intestine"	"class II-p EE cell"	NA	NA	NA	"FBbt:00058006"	"adult posterior midgut class II enteroendocrine cell (Drosophila)"	"perfect match"	"EE_scRNA-seq"	NA	7
"TACACGAAGCTGATAA"	8	"SRX5979983"	"SRP200614"	"intestine"	"class I-a EE cell"	NA	NA	NA	"FBbt:00058001"	"adult anterior midgut class I enteroendocrine cell (Drosophila)"	"perfect match"	"EE_scRNA-seq"	NA	2
"TACACGAAGTACACCT"	3	"SRX5979983"	"SRP200614"	"intestine"	"class II-a EE cell"	NA	NA	NA	"FBbt:00058004"	"adult anterior midgut class II enteroendocrine cell (Drosophila)"	"perfect match"	"EE_scRNA-seq"	NA	9
"TACACGAAGTACGACG"	0	"SRX5979983"	"SRP200614"	"intestine"	"class I-m EE cell"	NA	NA	NA	"FBbt:00058002"	"adult middle midgut class I enteroendocrine cell (Drosophila)"	"perfect match"	"EE_scRNA-seq"	NA	1
"TACACGACAATTGCTG"	9	"SRX5979983"	"SRP200614"	"intestine"	"class III EE cell"	NA	NA	NA	"FBbt:00058200"	"adult class III enteroendocrine cell (Drosophila)"	"perfect match"	"EE_scRNA-seq"	NA	11
"TACACGACACAAGCCC"	3	"SRX5979983"	"SRP200614"	"intestine"	"class II-a EE cell"	NA	NA	NA	"FBbt:00058004"	"adult anterior midgut class II enteroendocrine cell (Drosophila)"	"perfect match"	"EE_scRNA-seq"	NA	9
"TACACGACACATCCGG"	2	"SRX5979983"	"SRP200614"	"intestine"	"class I-ap EE cell"	NA	NA	NA	"FBbt:00058000"	"adult class I enteroendocrine cell (Drosophila)"	"other"	"EE_scRNA-seq"	NA	5
"TACACGACAGGTTTCA"	3	"SRX5979983"	"SRP200614"	"intestine"	"class II-a EE cell"	NA	NA	NA	"FBbt:00058004"	"adult anterior midgut class II enteroendocrine cell (Drosophila)"	"perfect match"	"EE_scRNA-seq"	NA	9
"TACACGACATATACGC"	2	"SRX5979983"	"SRP200614"	"intestine"	"class I-ap EE cell"	NA	NA	NA	"FBbt:00058000"	"adult class I enteroendocrine cell (Drosophila)"	"other"	"EE_scRNA-seq"	NA	5
"TACACGACATATGGTC"	0	"SRX5979983"	"SRP200614"	"intestine"	"class I-m EE cell"	NA	NA	NA	"FBbt:00058002"	"adult middle midgut class I enteroendocrine cell (Drosophila)"	"perfect match"	"EE_scRNA-seq"	NA	1
"TACACGAGTAAGGGAA"	7	"SRX5979983"	"SRP200614"	"intestine"	"class II-p EE cell"	NA	NA	NA	"FBbt:00058006"	"adult posterior midgut class II enteroendocrine cell (Drosophila)"	"perfect match"	"EE_scRNA-seq"	NA	7
"TACACGAGTCGAACAG"	1	"SRX5979983"	"SRP200614"	"intestine"	"class II-m1 EE cell"	NA	NA	NA	"FBbt:00058005"	"adult middle midgut class II enteroendocrine cell (Drosophila)"	"perfect match"	"EE_scRNA-seq"	NA	3
"TACACGAGTGAACCTT"	0	"SRX5979983"	"SRP200614"	"intestine"	"class I-m EE cell"	NA	NA	NA	"FBbt:00058002"	"adult middle midgut class I enteroendocrine cell (Drosophila)"	"perfect match"	"EE_scRNA-seq"	NA	1
"TACACGAGTTTGACTG"	1	"SRX5979983"	"SRP200614"	"intestine"	"class II-m1 EE cell"	NA	NA	NA	"FBbt:00058005"	"adult middle midgut class II enteroendocrine cell (Drosophila)"	"perfect match"	"EE_scRNA-seq"	NA	3
"TACACGATCGTTACGA"	6	"SRX5979983"	"SRP200614"	"intestine"	"class I-p AstA EE cell"	NA	NA	NA	"FBbt:00058003"	"adult posterior midgut class I enteroendocrine cell (Drosophila)"	"missing child term"	"EE_scRNA-seq"	NA	6
"TACACGATCTTCTGGC"	2	"SRX5979983"	"SRP200614"	"intestine"	"class I-ap EE cell"	NA	NA	NA	"FBbt:00058000"	"adult class I enteroendocrine cell (Drosophila)"	"other"	"EE_scRNA-seq"	NA	5
"TACAGTGCAGTAGAGC"	8	"SRX5979983"	"SRP200614"	"intestine"	"class I-a EE cell"	NA	NA	NA	"FBbt:00058001"	"adult anterior midgut class I enteroendocrine cell (Drosophila)"	"perfect match"	"EE_scRNA-seq"	NA	2
"TACAGTGCATTCCTGC"	6	"SRX5979983"	"SRP200614"	"intestine"	"class I-p AstA EE cell"	NA	NA	NA	"FBbt:00058003"	"adult posterior midgut class I enteroendocrine cell (Drosophila)"	"missing child term"	"EE_scRNA-seq"	NA	6
"TACAGTGGTCGACTGC"	5	"SRX5979983"	"SRP200614"	"intestine"	"class I-p CCHa1 EE cell"	NA	NA	NA	"FBbt:00058003"	"adult posterior midgut class I enteroendocrine cell (Drosophila)"	"missing child term"	"EE_scRNA-seq"	NA	4
"TACAGTGGTCTAGGTT"	0	"SRX5979983"	"SRP200614"	"intestine"	"class I-m EE cell"	NA	NA	NA	"FBbt:00058002"	"adult middle midgut class I enteroendocrine cell (Drosophila)"	"perfect match"	"EE_scRNA-seq"	NA	1
"TACAGTGGTCTCCACT"	6	"SRX5979983"	"SRP200614"	"intestine"	"class I-p AstA EE cell"	NA	NA	NA	"FBbt:00058003"	"adult posterior midgut class I enteroendocrine cell (Drosophila)"	"missing child term"	"EE_scRNA-seq"	NA	6
"TACAGTGGTTAAGAAC"	6	"SRX5979983"	"SRP200614"	"intestine"	"class I-p AstA EE cell"	NA	NA	NA	"FBbt:00058003"	"adult posterior midgut class I enteroendocrine cell (Drosophila)"	"missing child term"	"EE_scRNA-seq"	NA	6
"TACAGTGTCGTTGACA"	0	"SRX5979983"	"SRP200614"	"intestine"	"class I-m EE cell"	NA	NA	NA	"FBbt:00058002"	"adult middle midgut class I enteroendocrine cell (Drosophila)"	"perfect match"	"EE_scRNA-seq"	NA	1
"TACCTATAGTGTGGCA"	5	"SRX5979983"	"SRP200614"	"intestine"	"class I-p CCHa1 EE cell"	NA	NA	NA	"FBbt:00058003"	"adult posterior midgut class I enteroendocrine cell (Drosophila)"	"missing child term"	"EE_scRNA-seq"	NA	4
"TACCTATCAAGTAATG"	1	"SRX5979983"	"SRP200614"	"intestine"	"class II-m1 EE cell"	NA	NA	NA	"FBbt:00058005"	"adult middle midgut class II enteroendocrine cell (Drosophila)"	"perfect match"	"EE_scRNA-seq"	NA	3
"TACCTATGTAATAGCA"	1	"SRX5979983"	"SRP200614"	"intestine"	"class II-m1 EE cell"	NA	NA	NA	"FBbt:00058005"	"adult middle midgut class II enteroendocrine cell (Drosophila)"	"perfect match"	"EE_scRNA-seq"	NA	3
"TACCTATGTATGGTTC"	2	"SRX5979983"	"SRP200614"	"intestine"	"class I-ap EE cell"	NA	NA	NA	"FBbt:00058000"	"adult class I enteroendocrine cell (Drosophila)"	"other"	"EE_scRNA-seq"	NA	5
"TACCTATGTCGACTAT"	6	"SRX5979983"	"SRP200614"	"intestine"	"class I-p AstA EE cell"	NA	NA	NA	"FBbt:00058003"	"adult posterior midgut class I enteroendocrine cell (Drosophila)"	"missing child term"	"EE_scRNA-seq"	NA	6
"TACCTATGTCGATTGT"	0	"SRX5979983"	"SRP200614"	"intestine"	"class I-m EE cell"	NA	NA	NA	"FBbt:00058002"	"adult middle midgut class I enteroendocrine cell (Drosophila)"	"perfect match"	"EE_scRNA-seq"	NA	1
"TACCTATGTGGGTATG"	1	"SRX5979983"	"SRP200614"	"intestine"	"class II-m1 EE cell"	NA	NA	NA	"FBbt:00058005"	"adult middle midgut class II enteroendocrine cell (Drosophila)"	"perfect match"	"EE_scRNA-seq"	NA	3
"TACCTATGTTACGACT"	0	"SRX5979983"	"SRP200614"	"intestine"	"class I-m EE cell"	NA	NA	NA	"FBbt:00058002"	"adult middle midgut class I enteroendocrine cell (Drosophila)"	"perfect match"	"EE_scRNA-seq"	NA	1
"TACCTATTCTCAAACG"	4	"SRX5979983"	"SRP200614"	"intestine"	"class II-m2 EE cell"	NA	NA	NA	"FBbt:00058005"	"adult middle midgut class II enteroendocrine cell (Drosophila)"	"perfect match"	"EE_scRNA-seq"	NA	8
"TACCTATTCTGCTTGC"	9	"SRX5979983"	"SRP200614"	"intestine"	"class III EE cell"	NA	NA	NA	"FBbt:00058200"	"adult class III enteroendocrine cell (Drosophila)"	"perfect match"	"EE_scRNA-seq"	NA	11
"TACCTTAAGAGCTATA"	5	"SRX5979983"	"SRP200614"	"intestine"	"class I-p CCHa1 EE cell"	NA	NA	NA	"FBbt:00058003"	"adult posterior midgut class I enteroendocrine cell (Drosophila)"	"missing child term"	"EE_scRNA-seq"	NA	4
"TACCTTACAACTTGAC"	3	"SRX5979983"	"SRP200614"	"intestine"	"class II-a EE cell"	NA	NA	NA	"FBbt:00058004"	"adult anterior midgut class II enteroendocrine cell (Drosophila)"	"perfect match"	"EE_scRNA-seq"	NA	9
"TACCTTACAAGGACAC"	7	"SRX5979983"	"SRP200614"	"intestine"	"class II-p EE cell"	NA	NA	NA	"FBbt:00058006"	"adult posterior midgut class II enteroendocrine cell (Drosophila)"	"perfect match"	"EE_scRNA-seq"	NA	7
"TACCTTACACTGAAGG"	7	"SRX5979983"	"SRP200614"	"intestine"	"class II-p EE cell"	NA	NA	NA	"FBbt:00058006"	"adult posterior midgut class II enteroendocrine cell (Drosophila)"	"perfect match"	"EE_scRNA-seq"	NA	7
"TACCTTACAGCTTAAC"	7	"SRX5979983"	"SRP200614"	"intestine"	"class II-p EE cell"	NA	NA	NA	"FBbt:00058006"	"adult posterior midgut class II enteroendocrine cell (Drosophila)"	"perfect match"	"EE_scRNA-seq"	NA	7
"TACCTTACATACGCCG"	4	"SRX5979983"	"SRP200614"	"intestine"	"class II-m2 EE cell"	NA	NA	NA	"FBbt:00058005"	"adult middle midgut class II enteroendocrine cell (Drosophila)"	"perfect match"	"EE_scRNA-seq"	NA	8
"TACCTTAGTGCAGTAG"	5	"SRX5979983"	"SRP200614"	"intestine"	"class I-p CCHa1 EE cell"	NA	NA	NA	"FBbt:00058003"	"adult posterior midgut class I enteroendocrine cell (Drosophila)"	"missing child term"	"EE_scRNA-seq"	NA	4
"TACCTTATCAGTTTGG"	3	"SRX5979983"	"SRP200614"	"intestine"	"class II-a EE cell"	NA	NA	NA	"FBbt:00058004"	"adult anterior midgut class II enteroendocrine cell (Drosophila)"	"perfect match"	"EE_scRNA-seq"	NA	9
"TACCTTATCCACGAAT"	4	"SRX5979983"	"SRP200614"	"intestine"	"class II-m2 EE cell"	NA	NA	NA	"FBbt:00058005"	"adult middle midgut class II enteroendocrine cell (Drosophila)"	"perfect match"	"EE_scRNA-seq"	NA	8
"TACCTTATCCGTTGTC"	2	"SRX5979983"	"SRP200614"	"intestine"	"class I-ap EE cell"	NA	NA	NA	"FBbt:00058000"	"adult class I enteroendocrine cell (Drosophila)"	"other"	"EE_scRNA-seq"	NA	5
"TACCTTATCTTAGAGC"	3	"SRX5979983"	"SRP200614"	"intestine"	"class II-a EE cell"	NA	NA	NA	"FBbt:00058004"	"adult anterior midgut class II enteroendocrine cell (Drosophila)"	"perfect match"	"EE_scRNA-seq"	NA	9
"TACGGATAGCCAACAG"	0	"SRX5979983"	"SRP200614"	"intestine"	"class I-m EE cell"	NA	NA	NA	"FBbt:00058002"	"adult middle midgut class I enteroendocrine cell (Drosophila)"	"perfect match"	"EE_scRNA-seq"	NA	1
"TACGGATAGCTAACAA"	0	"SRX5979983"	"SRP200614"	"intestine"	"class I-m EE cell"	NA	NA	NA	"FBbt:00058002"	"adult middle midgut class I enteroendocrine cell (Drosophila)"	"perfect match"	"EE_scRNA-seq"	NA	1
"TACGGATCAAGCCCAC"	4	"SRX5979983"	"SRP200614"	"intestine"	"class II-m2 EE cell"	NA	NA	NA	"FBbt:00058005"	"adult middle midgut class II enteroendocrine cell (Drosophila)"	"perfect match"	"EE_scRNA-seq"	NA	8
"TACGGATCATCCGGGT"	5	"SRX5979983"	"SRP200614"	"intestine"	"class I-p CCHa1 EE cell"	NA	NA	NA	"FBbt:00058003"	"adult posterior midgut class I enteroendocrine cell (Drosophila)"	"missing child term"	"EE_scRNA-seq"	NA	4
"TACGGATCATCTGGTA"	5	"SRX5979983"	"SRP200614"	"intestine"	"class I-p CCHa1 EE cell"	NA	NA	NA	"FBbt:00058003"	"adult posterior midgut class I enteroendocrine cell (Drosophila)"	"missing child term"	"EE_scRNA-seq"	NA	4
"TACGGATGTCCCGACA"	0	"SRX5979983"	"SRP200614"	"intestine"	"class I-m EE cell"	NA	NA	NA	"FBbt:00058002"	"adult middle midgut class I enteroendocrine cell (Drosophila)"	"perfect match"	"EE_scRNA-seq"	NA	1
"TACGGATTCAATACCG"	2	"SRX5979983"	"SRP200614"	"intestine"	"class I-ap EE cell"	NA	NA	NA	"FBbt:00058000"	"adult class I enteroendocrine cell (Drosophila)"	"other"	"EE_scRNA-seq"	NA	5
"TACGGGCAGACTAGAT"	2	"SRX5979983"	"SRP200614"	"intestine"	"class I-ap EE cell"	NA	NA	NA	"FBbt:00058000"	"adult class I enteroendocrine cell (Drosophila)"	"other"	"EE_scRNA-seq"	NA	5
"TACGGGCAGAGCTTCT"	1	"SRX5979983"	"SRP200614"	"intestine"	"class II-m1 EE cell"	NA	NA	NA	"FBbt:00058005"	"adult middle midgut class II enteroendocrine cell (Drosophila)"	"perfect match"	"EE_scRNA-seq"	NA	3
"TACGGGCAGATCTGCT"	7	"SRX5979983"	"SRP200614"	"intestine"	"class II-p EE cell"	NA	NA	NA	"FBbt:00058006"	"adult posterior midgut class II enteroendocrine cell (Drosophila)"	"perfect match"	"EE_scRNA-seq"	NA	7
"TACGGGCCAAGTCTGT"	0	"SRX5979983"	"SRP200614"	"intestine"	"class I-m EE cell"	NA	NA	NA	"FBbt:00058002"	"adult middle midgut class I enteroendocrine cell (Drosophila)"	"perfect match"	"EE_scRNA-seq"	NA	1
"TACGGGCCAGCCAGAA"	2	"SRX5979983"	"SRP200614"	"intestine"	"class I-ap EE cell"	NA	NA	NA	"FBbt:00058000"	"adult class I enteroendocrine cell (Drosophila)"	"other"	"EE_scRNA-seq"	NA	5
"TACGGGCCAGCCTTTC"	0	"SRX5979983"	"SRP200614"	"intestine"	"class I-m EE cell"	NA	NA	NA	"FBbt:00058002"	"adult middle midgut class I enteroendocrine cell (Drosophila)"	"perfect match"	"EE_scRNA-seq"	NA	1
"TACGGGCCAGCTCGCA"	3	"SRX5979983"	"SRP200614"	"intestine"	"class II-a EE cell"	NA	NA	NA	"FBbt:00058004"	"adult anterior midgut class II enteroendocrine cell (Drosophila)"	"perfect match"	"EE_scRNA-seq"	NA	9
"TACGGGCCAGGCAGTA"	8	"SRX5979983"	"SRP200614"	"intestine"	"class I-a EE cell"	NA	NA	NA	"FBbt:00058001"	"adult anterior midgut class I enteroendocrine cell (Drosophila)"	"perfect match"	"EE_scRNA-seq"	NA	2
"TACGGGCCATCCCATC"	4	"SRX5979983"	"SRP200614"	"intestine"	"class II-m2 EE cell"	NA	NA	NA	"FBbt:00058005"	"adult middle midgut class II enteroendocrine cell (Drosophila)"	"perfect match"	"EE_scRNA-seq"	NA	8
"TACGGGCCATGGTCTA"	8	"SRX5979983"	"SRP200614"	"intestine"	"class I-a EE cell"	NA	NA	NA	"FBbt:00058001"	"adult anterior midgut class I enteroendocrine cell (Drosophila)"	"perfect match"	"EE_scRNA-seq"	NA	2
"TACGGGCGTCACTGGC"	6	"SRX5979983"	"SRP200614"	"intestine"	"class I-p AstA EE cell"	NA	NA	NA	"FBbt:00058003"	"adult posterior midgut class I enteroendocrine cell (Drosophila)"	"missing child term"	"EE_scRNA-seq"	NA	6
"TACGGGCGTGCAACTT"	6	"SRX5979983"	"SRP200614"	"intestine"	"class I-p AstA EE cell"	NA	NA	NA	"FBbt:00058003"	"adult posterior midgut class I enteroendocrine cell (Drosophila)"	"missing child term"	"EE_scRNA-seq"	NA	6
"TACGGGCGTGCTCTTC"	0	"SRX5979983"	"SRP200614"	"intestine"	"class I-m EE cell"	NA	NA	NA	"FBbt:00058002"	"adult middle midgut class I enteroendocrine cell (Drosophila)"	"perfect match"	"EE_scRNA-seq"	NA	1
"TACGGGCGTGTGAAAT"	5	"SRX5979983"	"SRP200614"	"intestine"	"class I-p CCHa1 EE cell"	NA	NA	NA	"FBbt:00058003"	"adult posterior midgut class I enteroendocrine cell (Drosophila)"	"missing child term"	"EE_scRNA-seq"	NA	4
"TACGGGCGTGTGCGTC"	3	"SRX5979983"	"SRP200614"	"intestine"	"class II-a EE cell"	NA	NA	NA	"FBbt:00058004"	"adult anterior midgut class II enteroendocrine cell (Drosophila)"	"perfect match"	"EE_scRNA-seq"	NA	9
"TACGGGCTCAAACGGG"	6	"SRX5979983"	"SRP200614"	"intestine"	"class I-p AstA EE cell"	NA	NA	NA	"FBbt:00058003"	"adult posterior midgut class I enteroendocrine cell (Drosophila)"	"missing child term"	"EE_scRNA-seq"	NA	6
"TACGGGCTCACTGGGC"	6	"SRX5979983"	"SRP200614"	"intestine"	"class I-p AstA EE cell"	NA	NA	NA	"FBbt:00058003"	"adult posterior midgut class I enteroendocrine cell (Drosophila)"	"missing child term"	"EE_scRNA-seq"	NA	6
"TACGGGCTCGCAAACT"	1	"SRX5979983"	"SRP200614"	"intestine"	"class II-m1 EE cell"	NA	NA	NA	"FBbt:00058005"	"adult middle midgut class II enteroendocrine cell (Drosophila)"	"perfect match"	"EE_scRNA-seq"	NA	3
"TACGGTAAGCGCCTCA"	1	"SRX5979983"	"SRP200614"	"intestine"	"class II-m1 EE cell"	NA	NA	NA	"FBbt:00058005"	"adult middle midgut class II enteroendocrine cell (Drosophila)"	"perfect match"	"EE_scRNA-seq"	NA	3
"TACGGTACACTGCCAG"	2	"SRX5979983"	"SRP200614"	"intestine"	"class I-ap EE cell"	NA	NA	NA	"FBbt:00058000"	"adult class I enteroendocrine cell (Drosophila)"	"other"	"EE_scRNA-seq"	NA	5
"TACGGTACACTTGGAT"	5	"SRX5979983"	"SRP200614"	"intestine"	"class I-p CCHa1 EE cell"	NA	NA	NA	"FBbt:00058003"	"adult posterior midgut class I enteroendocrine cell (Drosophila)"	"missing child term"	"EE_scRNA-seq"	NA	4
"TACGGTACAGACAAAT"	1	"SRX5979983"	"SRP200614"	"intestine"	"class II-m1 EE cell"	NA	NA	NA	"FBbt:00058005"	"adult middle midgut class II enteroendocrine cell (Drosophila)"	"perfect match"	"EE_scRNA-seq"	NA	3
"TACGGTACAGTGAGTG"	5	"SRX5979983"	"SRP200614"	"intestine"	"class I-p CCHa1 EE cell"	NA	NA	NA	"FBbt:00058003"	"adult posterior midgut class I enteroendocrine cell (Drosophila)"	"missing child term"	"EE_scRNA-seq"	NA	4
"TACGGTAGTACACCGC"	1	"SRX5979983"	"SRP200614"	"intestine"	"class II-m1 EE cell"	NA	NA	NA	"FBbt:00058005"	"adult middle midgut class II enteroendocrine cell (Drosophila)"	"perfect match"	"EE_scRNA-seq"	NA	3
"TACGGTAGTTCACCTC"	0	"SRX5979983"	"SRP200614"	"intestine"	"class I-m EE cell"	NA	NA	NA	"FBbt:00058002"	"adult middle midgut class I enteroendocrine cell (Drosophila)"	"perfect match"	"EE_scRNA-seq"	NA	1
"TACGGTATCATCACCC"	1	"SRX5979983"	"SRP200614"	"intestine"	"class II-m1 EE cell"	NA	NA	NA	"FBbt:00058005"	"adult middle midgut class II enteroendocrine cell (Drosophila)"	"perfect match"	"EE_scRNA-seq"	NA	3
"TACGGTATCCGCATCT"	0	"SRX5979983"	"SRP200614"	"intestine"	"class I-m EE cell"	NA	NA	NA	"FBbt:00058002"	"adult middle midgut class I enteroendocrine cell (Drosophila)"	"perfect match"	"EE_scRNA-seq"	NA	1
"TACGGTATCGGCCGAT"	2	"SRX5979983"	"SRP200614"	"intestine"	"class I-ap EE cell"	NA	NA	NA	"FBbt:00058000"	"adult class I enteroendocrine cell (Drosophila)"	"other"	"EE_scRNA-seq"	NA	5
"TACGGTATCGGGAGTA"	0	"SRX5979983"	"SRP200614"	"intestine"	"class I-m EE cell"	NA	NA	NA	"FBbt:00058002"	"adult middle midgut class I enteroendocrine cell (Drosophila)"	"perfect match"	"EE_scRNA-seq"	NA	1
"TACGGTATCGTCTGAA"	0	"SRX5979983"	"SRP200614"	"intestine"	"class I-m EE cell"	NA	NA	NA	"FBbt:00058002"	"adult middle midgut class I enteroendocrine cell (Drosophila)"	"perfect match"	"EE_scRNA-seq"	NA	1
"TACTCATAGGGTGTGT"	2	"SRX5979983"	"SRP200614"	"intestine"	"class I-ap EE cell"	NA	NA	NA	"FBbt:00058000"	"adult class I enteroendocrine cell (Drosophila)"	"other"	"EE_scRNA-seq"	NA	5
"TACTCATAGTCAAGGC"	8	"SRX5979983"	"SRP200614"	"intestine"	"class I-a EE cell"	NA	NA	NA	"FBbt:00058001"	"adult anterior midgut class I enteroendocrine cell (Drosophila)"	"perfect match"	"EE_scRNA-seq"	NA	2
"TACTCATCACCCATTC"	3	"SRX5979983"	"SRP200614"	"intestine"	"class II-a EE cell"	NA	NA	NA	"FBbt:00058004"	"adult anterior midgut class II enteroendocrine cell (Drosophila)"	"perfect match"	"EE_scRNA-seq"	NA	9
"TACTCATGTACGAAAT"	2	"SRX5979983"	"SRP200614"	"intestine"	"class I-ap EE cell"	NA	NA	NA	"FBbt:00058000"	"adult class I enteroendocrine cell (Drosophila)"	"other"	"EE_scRNA-seq"	NA	5
"TACTCATGTAGCTCCG"	0	"SRX5979983"	"SRP200614"	"intestine"	"class I-m EE cell"	NA	NA	NA	"FBbt:00058002"	"adult middle midgut class I enteroendocrine cell (Drosophila)"	"perfect match"	"EE_scRNA-seq"	NA	1
"TACTCATGTCCAAGTT"	7	"SRX5979983"	"SRP200614"	"intestine"	"class II-p EE cell"	NA	NA	NA	"FBbt:00058006"	"adult posterior midgut class II enteroendocrine cell (Drosophila)"	"perfect match"	"EE_scRNA-seq"	NA	7
"TACTCATGTCCATCCT"	1	"SRX5979983"	"SRP200614"	"intestine"	"class II-m1 EE cell"	NA	NA	NA	"FBbt:00058005"	"adult middle midgut class II enteroendocrine cell (Drosophila)"	"perfect match"	"EE_scRNA-seq"	NA	3
"TACTCATTCAACGGCC"	1	"SRX5979983"	"SRP200614"	"intestine"	"class II-m1 EE cell"	NA	NA	NA	"FBbt:00058005"	"adult middle midgut class II enteroendocrine cell (Drosophila)"	"perfect match"	"EE_scRNA-seq"	NA	3
"TACTCATTCAACGGGA"	6	"SRX5979983"	"SRP200614"	"intestine"	"class I-p AstA EE cell"	NA	NA	NA	"FBbt:00058003"	"adult posterior midgut class I enteroendocrine cell (Drosophila)"	"missing child term"	"EE_scRNA-seq"	NA	6
"TACTCATTCGTTACAG"	0	"SRX5979983"	"SRP200614"	"intestine"	"class I-m EE cell"	NA	NA	NA	"FBbt:00058002"	"adult middle midgut class I enteroendocrine cell (Drosophila)"	"perfect match"	"EE_scRNA-seq"	NA	1
"TACTCATTCTTTAGTC"	3	"SRX5979983"	"SRP200614"	"intestine"	"class II-a EE cell"	NA	NA	NA	"FBbt:00058004"	"adult anterior midgut class II enteroendocrine cell (Drosophila)"	"perfect match"	"EE_scRNA-seq"	NA	9
"TACTCGCAGAATAGGG"	10	"SRX5979983"	"SRP200614"	"intestine"	"EE progenitor cell"	NA	NA	NA	"FBbt:00049284"	"adult enteroendocrine precursor cell (Drosophila)"	"perfect match"	"EE_scRNA-seq"	NA	10
"TACTCGCAGATGCCAG"	0	"SRX5979983"	"SRP200614"	"intestine"	"class I-m EE cell"	NA	NA	NA	"FBbt:00058002"	"adult middle midgut class I enteroendocrine cell (Drosophila)"	"perfect match"	"EE_scRNA-seq"	NA	1
"TACTCGCAGGGATGGG"	6	"SRX5979983"	"SRP200614"	"intestine"	"class I-p AstA EE cell"	NA	NA	NA	"FBbt:00058003"	"adult posterior midgut class I enteroendocrine cell (Drosophila)"	"missing child term"	"EE_scRNA-seq"	NA	6
"TACTCGCAGGTACTCT"	2	"SRX5979983"	"SRP200614"	"intestine"	"class I-ap EE cell"	NA	NA	NA	"FBbt:00058000"	"adult class I enteroendocrine cell (Drosophila)"	"other"	"EE_scRNA-seq"	NA	5
"TACTCGCAGGTGATTA"	3	"SRX5979983"	"SRP200614"	"intestine"	"class II-a EE cell"	NA	NA	NA	"FBbt:00058004"	"adult anterior midgut class II enteroendocrine cell (Drosophila)"	"perfect match"	"EE_scRNA-seq"	NA	9
"TACTCGCCAATCTACG"	3	"SRX5979983"	"SRP200614"	"intestine"	"class II-a EE cell"	NA	NA	NA	"FBbt:00058004"	"adult anterior midgut class II enteroendocrine cell (Drosophila)"	"perfect match"	"EE_scRNA-seq"	NA	9
"TACTCGCCACAGCCCA"	2	"SRX5979983"	"SRP200614"	"intestine"	"class I-ap EE cell"	NA	NA	NA	"FBbt:00058000"	"adult class I enteroendocrine cell (Drosophila)"	"other"	"EE_scRNA-seq"	NA	5
"TACTCGCGTGTTTGTG"	0	"SRX5979983"	"SRP200614"	"intestine"	"class I-m EE cell"	NA	NA	NA	"FBbt:00058002"	"adult middle midgut class I enteroendocrine cell (Drosophila)"	"perfect match"	"EE_scRNA-seq"	NA	1
"TACTCGCTCCTCTAGC"	0	"SRX5979983"	"SRP200614"	"intestine"	"class I-m EE cell"	NA	NA	NA	"FBbt:00058002"	"adult middle midgut class I enteroendocrine cell (Drosophila)"	"perfect match"	"EE_scRNA-seq"	NA	1
"TACTCGCTCGAGAACG"	5	"SRX5979983"	"SRP200614"	"intestine"	"class I-p CCHa1 EE cell"	NA	NA	NA	"FBbt:00058003"	"adult posterior midgut class I enteroendocrine cell (Drosophila)"	"missing child term"	"EE_scRNA-seq"	NA	4
"TACTTACAGCAATCTC"	5	"SRX5979983"	"SRP200614"	"intestine"	"class I-p CCHa1 EE cell"	NA	NA	NA	"FBbt:00058003"	"adult posterior midgut class I enteroendocrine cell (Drosophila)"	"missing child term"	"EE_scRNA-seq"	NA	4
"TACTTACCACTAAGTC"	0	"SRX5979983"	"SRP200614"	"intestine"	"class I-m EE cell"	NA	NA	NA	"FBbt:00058002"	"adult middle midgut class I enteroendocrine cell (Drosophila)"	"perfect match"	"EE_scRNA-seq"	NA	1
"TACTTACCACTCTGTC"	2	"SRX5979983"	"SRP200614"	"intestine"	"class I-ap EE cell"	NA	NA	NA	"FBbt:00058000"	"adult class I enteroendocrine cell (Drosophila)"	"other"	"EE_scRNA-seq"	NA	5
"TACTTACCAGAGTGTG"	2	"SRX5979983"	"SRP200614"	"intestine"	"class I-ap EE cell"	NA	NA	NA	"FBbt:00058000"	"adult class I enteroendocrine cell (Drosophila)"	"other"	"EE_scRNA-seq"	NA	5
"TACTTACCAGGGTATG"	3	"SRX5979983"	"SRP200614"	"intestine"	"class II-a EE cell"	NA	NA	NA	"FBbt:00058004"	"adult anterior midgut class II enteroendocrine cell (Drosophila)"	"perfect match"	"EE_scRNA-seq"	NA	9
"TACTTACCATCTCGCT"	4	"SRX5979983"	"SRP200614"	"intestine"	"class II-m2 EE cell"	NA	NA	NA	"FBbt:00058005"	"adult middle midgut class II enteroendocrine cell (Drosophila)"	"perfect match"	"EE_scRNA-seq"	NA	8
"TACTTACCATGCCACG"	7	"SRX5979983"	"SRP200614"	"intestine"	"class II-p EE cell"	NA	NA	NA	"FBbt:00058006"	"adult posterior midgut class II enteroendocrine cell (Drosophila)"	"perfect match"	"EE_scRNA-seq"	NA	7
"TACTTACGTGCACGAA"	1	"SRX5979983"	"SRP200614"	"intestine"	"class II-m1 EE cell"	NA	NA	NA	"FBbt:00058005"	"adult middle midgut class II enteroendocrine cell (Drosophila)"	"perfect match"	"EE_scRNA-seq"	NA	3
"TACTTACGTGGCGAAT"	2	"SRX5979983"	"SRP200614"	"intestine"	"class I-ap EE cell"	NA	NA	NA	"FBbt:00058000"	"adult class I enteroendocrine cell (Drosophila)"	"other"	"EE_scRNA-seq"	NA	5
"TACTTACGTTGAGGTG"	8	"SRX5979983"	"SRP200614"	"intestine"	"class I-a EE cell"	NA	NA	NA	"FBbt:00058001"	"adult anterior midgut class I enteroendocrine cell (Drosophila)"	"perfect match"	"EE_scRNA-seq"	NA	2
"TACTTACTCACGCATA"	3	"SRX5979983"	"SRP200614"	"intestine"	"class II-a EE cell"	NA	NA	NA	"FBbt:00058004"	"adult anterior midgut class II enteroendocrine cell (Drosophila)"	"perfect match"	"EE_scRNA-seq"	NA	9
"TACTTACTCCGCATCT"	2	"SRX5979983"	"SRP200614"	"intestine"	"class I-ap EE cell"	NA	NA	NA	"FBbt:00058000"	"adult class I enteroendocrine cell (Drosophila)"	"other"	"EE_scRNA-seq"	NA	5
"TACTTACTCGAATGCT"	0	"SRX5979983"	"SRP200614"	"intestine"	"class I-m EE cell"	NA	NA	NA	"FBbt:00058002"	"adult middle midgut class I enteroendocrine cell (Drosophila)"	"perfect match"	"EE_scRNA-seq"	NA	1
"TACTTACTCTAGCACA"	0	"SRX5979983"	"SRP200614"	"intestine"	"class I-m EE cell"	NA	NA	NA	"FBbt:00058002"	"adult middle midgut class I enteroendocrine cell (Drosophila)"	"perfect match"	"EE_scRNA-seq"	NA	1
"TACTTACTCTTCGGTC"	3	"SRX5979983"	"SRP200614"	"intestine"	"class II-a EE cell"	NA	NA	NA	"FBbt:00058004"	"adult anterior midgut class II enteroendocrine cell (Drosophila)"	"perfect match"	"EE_scRNA-seq"	NA	9
"TACTTGTAGATATACG"	0	"SRX5979983"	"SRP200614"	"intestine"	"class I-m EE cell"	NA	NA	NA	"FBbt:00058002"	"adult middle midgut class I enteroendocrine cell (Drosophila)"	"perfect match"	"EE_scRNA-seq"	NA	1
"TACTTGTAGCTCCTTC"	2	"SRX5979983"	"SRP200614"	"intestine"	"class I-ap EE cell"	NA	NA	NA	"FBbt:00058000"	"adult class I enteroendocrine cell (Drosophila)"	"other"	"EE_scRNA-seq"	NA	5
"TACTTGTCAACTGCGC"	0	"SRX5979983"	"SRP200614"	"intestine"	"class I-m EE cell"	NA	NA	NA	"FBbt:00058002"	"adult middle midgut class I enteroendocrine cell (Drosophila)"	"perfect match"	"EE_scRNA-seq"	NA	1
"TACTTGTCAAGACGTG"	2	"SRX5979983"	"SRP200614"	"intestine"	"class I-ap EE cell"	NA	NA	NA	"FBbt:00058000"	"adult class I enteroendocrine cell (Drosophila)"	"other"	"EE_scRNA-seq"	NA	5
"TACTTGTCAGCGAACA"	7	"SRX5979983"	"SRP200614"	"intestine"	"class II-p EE cell"	NA	NA	NA	"FBbt:00058006"	"adult posterior midgut class II enteroendocrine cell (Drosophila)"	"perfect match"	"EE_scRNA-seq"	NA	7
"TACTTGTCATCTCCCA"	3	"SRX5979983"	"SRP200614"	"intestine"	"class II-a EE cell"	NA	NA	NA	"FBbt:00058004"	"adult anterior midgut class II enteroendocrine cell (Drosophila)"	"perfect match"	"EE_scRNA-seq"	NA	9
"TACTTGTGTAGCCTAT"	2	"SRX5979983"	"SRP200614"	"intestine"	"class I-ap EE cell"	NA	NA	NA	"FBbt:00058000"	"adult class I enteroendocrine cell (Drosophila)"	"other"	"EE_scRNA-seq"	NA	5
"TACTTGTGTTCACCTC"	1	"SRX5979983"	"SRP200614"	"intestine"	"class II-m1 EE cell"	NA	NA	NA	"FBbt:00058005"	"adult middle midgut class II enteroendocrine cell (Drosophila)"	"perfect match"	"EE_scRNA-seq"	NA	3
"TACTTGTTCACTATTC"	6	"SRX5979983"	"SRP200614"	"intestine"	"class I-p AstA EE cell"	NA	NA	NA	"FBbt:00058003"	"adult posterior midgut class I enteroendocrine cell (Drosophila)"	"missing child term"	"EE_scRNA-seq"	NA	6
"TACTTGTTCACTTCAT"	0	"SRX5979983"	"SRP200614"	"intestine"	"class I-m EE cell"	NA	NA	NA	"FBbt:00058002"	"adult middle midgut class I enteroendocrine cell (Drosophila)"	"perfect match"	"EE_scRNA-seq"	NA	1
"TACTTGTTCAGTTCGA"	3	"SRX5979983"	"SRP200614"	"intestine"	"class II-a EE cell"	NA	NA	NA	"FBbt:00058004"	"adult anterior midgut class II enteroendocrine cell (Drosophila)"	"perfect match"	"EE_scRNA-seq"	NA	9
"TACTTGTTCGGAGGTA"	2	"SRX5979983"	"SRP200614"	"intestine"	"class I-ap EE cell"	NA	NA	NA	"FBbt:00058000"	"adult class I enteroendocrine cell (Drosophila)"	"other"	"EE_scRNA-seq"	NA	5
"TAGACCAAGAGAACAG"	0	"SRX5979983"	"SRP200614"	"intestine"	"class I-m EE cell"	NA	NA	NA	"FBbt:00058002"	"adult middle midgut class I enteroendocrine cell (Drosophila)"	"perfect match"	"EE_scRNA-seq"	NA	1
"TAGACCAAGTGTCCAT"	3	"SRX5979983"	"SRP200614"	"intestine"	"class II-a EE cell"	NA	NA	NA	"FBbt:00058004"	"adult anterior midgut class II enteroendocrine cell (Drosophila)"	"perfect match"	"EE_scRNA-seq"	NA	9
"TAGACCACACTTGGAT"	1	"SRX5979983"	"SRP200614"	"intestine"	"class II-m1 EE cell"	NA	NA	NA	"FBbt:00058005"	"adult middle midgut class II enteroendocrine cell (Drosophila)"	"perfect match"	"EE_scRNA-seq"	NA	3
"TAGACCACATGCGCAC"	4	"SRX5979983"	"SRP200614"	"intestine"	"class II-m2 EE cell"	NA	NA	NA	"FBbt:00058005"	"adult middle midgut class II enteroendocrine cell (Drosophila)"	"perfect match"	"EE_scRNA-seq"	NA	8
"TAGACCAGTACAGCAG"	2	"SRX5979983"	"SRP200614"	"intestine"	"class I-ap EE cell"	NA	NA	NA	"FBbt:00058000"	"adult class I enteroendocrine cell (Drosophila)"	"other"	"EE_scRNA-seq"	NA	5
"TAGACCAGTCCTGCTT"	4	"SRX5979983"	"SRP200614"	"intestine"	"class II-m2 EE cell"	NA	NA	NA	"FBbt:00058005"	"adult middle midgut class II enteroendocrine cell (Drosophila)"	"perfect match"	"EE_scRNA-seq"	NA	8
"TAGACCAGTCGACTAT"	3	"SRX5979983"	"SRP200614"	"intestine"	"class II-a EE cell"	NA	NA	NA	"FBbt:00058004"	"adult anterior midgut class II enteroendocrine cell (Drosophila)"	"perfect match"	"EE_scRNA-seq"	NA	9
"TAGACCAGTTACGGAG"	3	"SRX5979983"	"SRP200614"	"intestine"	"class II-a EE cell"	NA	NA	NA	"FBbt:00058004"	"adult anterior midgut class II enteroendocrine cell (Drosophila)"	"perfect match"	"EE_scRNA-seq"	NA	9
"TAGACCATCAACACCA"	2	"SRX5979983"	"SRP200614"	"intestine"	"class I-ap EE cell"	NA	NA	NA	"FBbt:00058000"	"adult class I enteroendocrine cell (Drosophila)"	"other"	"EE_scRNA-seq"	NA	5
"TAGACCATCAGTCAGT"	0	"SRX5979983"	"SRP200614"	"intestine"	"class I-m EE cell"	NA	NA	NA	"FBbt:00058002"	"adult middle midgut class I enteroendocrine cell (Drosophila)"	"perfect match"	"EE_scRNA-seq"	NA	1
"TAGACCATCCATGAGT"	1	"SRX5979983"	"SRP200614"	"intestine"	"class II-m1 EE cell"	NA	NA	NA	"FBbt:00058005"	"adult middle midgut class II enteroendocrine cell (Drosophila)"	"perfect match"	"EE_scRNA-seq"	NA	3
"TAGACCATCCTTGCCA"	3	"SRX5979983"	"SRP200614"	"intestine"	"class II-a EE cell"	NA	NA	NA	"FBbt:00058004"	"adult anterior midgut class II enteroendocrine cell (Drosophila)"	"perfect match"	"EE_scRNA-seq"	NA	9
"TAGACCATCGTACCGG"	0	"SRX5979983"	"SRP200614"	"intestine"	"class I-m EE cell"	NA	NA	NA	"FBbt:00058002"	"adult middle midgut class I enteroendocrine cell (Drosophila)"	"perfect match"	"EE_scRNA-seq"	NA	1
"TAGACCATCGTTTATC"	3	"SRX5979983"	"SRP200614"	"intestine"	"class II-a EE cell"	NA	NA	NA	"FBbt:00058004"	"adult anterior midgut class II enteroendocrine cell (Drosophila)"	"perfect match"	"EE_scRNA-seq"	NA	9
"TAGAGCTAGATCCGAG"	0	"SRX5979983"	"SRP200614"	"intestine"	"class I-m EE cell"	NA	NA	NA	"FBbt:00058002"	"adult middle midgut class I enteroendocrine cell (Drosophila)"	"perfect match"	"EE_scRNA-seq"	NA	1
"TAGAGCTCACTAAGTC"	0	"SRX5979983"	"SRP200614"	"intestine"	"class I-m EE cell"	NA	NA	NA	"FBbt:00058002"	"adult middle midgut class I enteroendocrine cell (Drosophila)"	"perfect match"	"EE_scRNA-seq"	NA	1
"TAGAGCTCACTGTCGG"	6	"SRX5979983"	"SRP200614"	"intestine"	"class I-p AstA EE cell"	NA	NA	NA	"FBbt:00058003"	"adult posterior midgut class I enteroendocrine cell (Drosophila)"	"missing child term"	"EE_scRNA-seq"	NA	6
"TAGAGCTCAGATGGCA"	2	"SRX5979983"	"SRP200614"	"intestine"	"class I-ap EE cell"	NA	NA	NA	"FBbt:00058000"	"adult class I enteroendocrine cell (Drosophila)"	"other"	"EE_scRNA-seq"	NA	5
"TAGAGCTGTAAGTGTA"	0	"SRX5979983"	"SRP200614"	"intestine"	"class I-m EE cell"	NA	NA	NA	"FBbt:00058002"	"adult middle midgut class I enteroendocrine cell (Drosophila)"	"perfect match"	"EE_scRNA-seq"	NA	1
"TAGAGCTTCTACTTAC"	3	"SRX5979983"	"SRP200614"	"intestine"	"class II-a EE cell"	NA	NA	NA	"FBbt:00058004"	"adult anterior midgut class II enteroendocrine cell (Drosophila)"	"perfect match"	"EE_scRNA-seq"	NA	9
"TAGAGCTTCTCACATT"	7	"SRX5979983"	"SRP200614"	"intestine"	"class II-p EE cell"	NA	NA	NA	"FBbt:00058006"	"adult posterior midgut class II enteroendocrine cell (Drosophila)"	"perfect match"	"EE_scRNA-seq"	NA	7
"TAGCCGGAGACAAAGG"	5	"SRX5979983"	"SRP200614"	"intestine"	"class I-p CCHa1 EE cell"	NA	NA	NA	"FBbt:00058003"	"adult posterior midgut class I enteroendocrine cell (Drosophila)"	"missing child term"	"EE_scRNA-seq"	NA	4
"TAGCCGGAGAGTAAGG"	1	"SRX5979983"	"SRP200614"	"intestine"	"class II-m1 EE cell"	NA	NA	NA	"FBbt:00058005"	"adult middle midgut class II enteroendocrine cell (Drosophila)"	"perfect match"	"EE_scRNA-seq"	NA	3
"TAGCCGGCACCGAATT"	0	"SRX5979983"	"SRP200614"	"intestine"	"class I-m EE cell"	NA	NA	NA	"FBbt:00058002"	"adult middle midgut class I enteroendocrine cell (Drosophila)"	"perfect match"	"EE_scRNA-seq"	NA	1
"TAGCCGGCAGCTGTTA"	0	"SRX5979983"	"SRP200614"	"intestine"	"class I-m EE cell"	NA	NA	NA	"FBbt:00058002"	"adult middle midgut class I enteroendocrine cell (Drosophila)"	"perfect match"	"EE_scRNA-seq"	NA	1
"TAGCCGGGTATCGCAT"	5	"SRX5979983"	"SRP200614"	"intestine"	"class I-p CCHa1 EE cell"	NA	NA	NA	"FBbt:00058003"	"adult posterior midgut class I enteroendocrine cell (Drosophila)"	"missing child term"	"EE_scRNA-seq"	NA	4
"TAGCCGGGTCTCAACA"	2	"SRX5979983"	"SRP200614"	"intestine"	"class I-ap EE cell"	NA	NA	NA	"FBbt:00058000"	"adult class I enteroendocrine cell (Drosophila)"	"other"	"EE_scRNA-seq"	NA	5
"TAGCCGGGTGCCTGTG"	0	"SRX5979983"	"SRP200614"	"intestine"	"class I-m EE cell"	NA	NA	NA	"FBbt:00058002"	"adult middle midgut class I enteroendocrine cell (Drosophila)"	"perfect match"	"EE_scRNA-seq"	NA	1
"TAGCCGGGTGCGAAAC"	1	"SRX5979983"	"SRP200614"	"intestine"	"class II-m1 EE cell"	NA	NA	NA	"FBbt:00058005"	"adult middle midgut class II enteroendocrine cell (Drosophila)"	"perfect match"	"EE_scRNA-seq"	NA	3
"TAGCCGGGTGCTCTTC"	2	"SRX5979983"	"SRP200614"	"intestine"	"class I-ap EE cell"	NA	NA	NA	"FBbt:00058000"	"adult class I enteroendocrine cell (Drosophila)"	"other"	"EE_scRNA-seq"	NA	5
"TAGCCGGTCAGCTCTC"	3	"SRX5979983"	"SRP200614"	"intestine"	"class II-a EE cell"	NA	NA	NA	"FBbt:00058004"	"adult anterior midgut class II enteroendocrine cell (Drosophila)"	"perfect match"	"EE_scRNA-seq"	NA	9
"TAGCCGGTCATTTGGG"	0	"SRX5979983"	"SRP200614"	"intestine"	"class I-m EE cell"	NA	NA	NA	"FBbt:00058002"	"adult middle midgut class I enteroendocrine cell (Drosophila)"	"perfect match"	"EE_scRNA-seq"	NA	1
"TAGCCGGTCCGCTGTT"	2	"SRX5979983"	"SRP200614"	"intestine"	"class I-ap EE cell"	NA	NA	NA	"FBbt:00058000"	"adult class I enteroendocrine cell (Drosophila)"	"other"	"EE_scRNA-seq"	NA	5
"TAGGCATAGCTGGAAC"	8	"SRX5979983"	"SRP200614"	"intestine"	"class I-a EE cell"	NA	NA	NA	"FBbt:00058001"	"adult anterior midgut class I enteroendocrine cell (Drosophila)"	"perfect match"	"EE_scRNA-seq"	NA	2
"TAGGCATCAAACCTAC"	7	"SRX5979983"	"SRP200614"	"intestine"	"class II-p EE cell"	NA	NA	NA	"FBbt:00058006"	"adult posterior midgut class II enteroendocrine cell (Drosophila)"	"perfect match"	"EE_scRNA-seq"	NA	7
"TAGGCATCAATCGAAA"	8	"SRX5979983"	"SRP200614"	"intestine"	"class I-a EE cell"	NA	NA	NA	"FBbt:00058001"	"adult anterior midgut class I enteroendocrine cell (Drosophila)"	"perfect match"	"EE_scRNA-seq"	NA	2
"TAGGCATCAGCAGTTT"	4	"SRX5979983"	"SRP200614"	"intestine"	"class II-m2 EE cell"	NA	NA	NA	"FBbt:00058005"	"adult middle midgut class II enteroendocrine cell (Drosophila)"	"perfect match"	"EE_scRNA-seq"	NA	8
"TAGGCATCAGCTCCGA"	7	"SRX5979983"	"SRP200614"	"intestine"	"class II-p EE cell"	NA	NA	NA	"FBbt:00058006"	"adult posterior midgut class II enteroendocrine cell (Drosophila)"	"perfect match"	"EE_scRNA-seq"	NA	7
"TAGGCATGTATAATGG"	6	"SRX5979983"	"SRP200614"	"intestine"	"class I-p AstA EE cell"	NA	NA	NA	"FBbt:00058003"	"adult posterior midgut class I enteroendocrine cell (Drosophila)"	"missing child term"	"EE_scRNA-seq"	NA	6
"TAGGCATGTCCAGTGC"	6	"SRX5979983"	"SRP200614"	"intestine"	"class I-p AstA EE cell"	NA	NA	NA	"FBbt:00058003"	"adult posterior midgut class I enteroendocrine cell (Drosophila)"	"missing child term"	"EE_scRNA-seq"	NA	6
"TAGGCATGTCGCTTCT"	0	"SRX5979983"	"SRP200614"	"intestine"	"class I-m EE cell"	NA	NA	NA	"FBbt:00058002"	"adult middle midgut class I enteroendocrine cell (Drosophila)"	"perfect match"	"EE_scRNA-seq"	NA	1
"TAGGCATGTCTCTCGT"	4	"SRX5979983"	"SRP200614"	"intestine"	"class II-m2 EE cell"	NA	NA	NA	"FBbt:00058005"	"adult middle midgut class II enteroendocrine cell (Drosophila)"	"perfect match"	"EE_scRNA-seq"	NA	8
"TAGGCATGTGAAGGCT"	2	"SRX5979983"	"SRP200614"	"intestine"	"class I-ap EE cell"	NA	NA	NA	"FBbt:00058000"	"adult class I enteroendocrine cell (Drosophila)"	"other"	"EE_scRNA-seq"	NA	5
"TAGGCATGTGAGGGTT"	2	"SRX5979983"	"SRP200614"	"intestine"	"class I-ap EE cell"	NA	NA	NA	"FBbt:00058000"	"adult class I enteroendocrine cell (Drosophila)"	"other"	"EE_scRNA-seq"	NA	5
"TAGGCATGTTGATTCG"	0	"SRX5979983"	"SRP200614"	"intestine"	"class I-m EE cell"	NA	NA	NA	"FBbt:00058002"	"adult middle midgut class I enteroendocrine cell (Drosophila)"	"perfect match"	"EE_scRNA-seq"	NA	1
"TAGTGGTAGACAGACC"	0	"SRX5979983"	"SRP200614"	"intestine"	"class I-m EE cell"	NA	NA	NA	"FBbt:00058002"	"adult middle midgut class I enteroendocrine cell (Drosophila)"	"perfect match"	"EE_scRNA-seq"	NA	1
"TAGTGGTAGCTCCTCT"	3	"SRX5979983"	"SRP200614"	"intestine"	"class II-a EE cell"	NA	NA	NA	"FBbt:00058004"	"adult anterior midgut class II enteroendocrine cell (Drosophila)"	"perfect match"	"EE_scRNA-seq"	NA	9
"TAGTGGTCAAGAGTCG"	0	"SRX5979983"	"SRP200614"	"intestine"	"class I-m EE cell"	NA	NA	NA	"FBbt:00058002"	"adult middle midgut class I enteroendocrine cell (Drosophila)"	"perfect match"	"EE_scRNA-seq"	NA	1
"TAGTGGTCAAGTTGTC"	4	"SRX5979983"	"SRP200614"	"intestine"	"class II-m2 EE cell"	NA	NA	NA	"FBbt:00058005"	"adult middle midgut class II enteroendocrine cell (Drosophila)"	"perfect match"	"EE_scRNA-seq"	NA	8
"TAGTGGTCACCAGGCT"	0	"SRX5979983"	"SRP200614"	"intestine"	"class I-m EE cell"	NA	NA	NA	"FBbt:00058002"	"adult middle midgut class I enteroendocrine cell (Drosophila)"	"perfect match"	"EE_scRNA-seq"	NA	1
"TAGTGGTCATTGAGCT"	0	"SRX5979983"	"SRP200614"	"intestine"	"class I-m EE cell"	NA	NA	NA	"FBbt:00058002"	"adult middle midgut class I enteroendocrine cell (Drosophila)"	"perfect match"	"EE_scRNA-seq"	NA	1
"TAGTGGTGTCTGCAAT"	0	"SRX5979983"	"SRP200614"	"intestine"	"class I-m EE cell"	NA	NA	NA	"FBbt:00058002"	"adult middle midgut class I enteroendocrine cell (Drosophila)"	"perfect match"	"EE_scRNA-seq"	NA	1
"TAGTGGTTCAGTCCCT"	4	"SRX5979983"	"SRP200614"	"intestine"	"class II-m2 EE cell"	NA	NA	NA	"FBbt:00058005"	"adult middle midgut class II enteroendocrine cell (Drosophila)"	"perfect match"	"EE_scRNA-seq"	NA	8
"TAGTGGTTCATGCAAC"	1	"SRX5979983"	"SRP200614"	"intestine"	"class II-m1 EE cell"	NA	NA	NA	"FBbt:00058005"	"adult middle midgut class II enteroendocrine cell (Drosophila)"	"perfect match"	"EE_scRNA-seq"	NA	3
"TAGTGGTTCTGCTGCT"	6	"SRX5979983"	"SRP200614"	"intestine"	"class I-p AstA EE cell"	NA	NA	NA	"FBbt:00058003"	"adult posterior midgut class I enteroendocrine cell (Drosophila)"	"missing child term"	"EE_scRNA-seq"	NA	6
"TAGTTGGAGAGAGCTC"	0	"SRX5979983"	"SRP200614"	"intestine"	"class I-m EE cell"	NA	NA	NA	"FBbt:00058002"	"adult middle midgut class I enteroendocrine cell (Drosophila)"	"perfect match"	"EE_scRNA-seq"	NA	1
"TAGTTGGAGCGTAATA"	1	"SRX5979983"	"SRP200614"	"intestine"	"class II-m1 EE cell"	NA	NA	NA	"FBbt:00058005"	"adult middle midgut class II enteroendocrine cell (Drosophila)"	"perfect match"	"EE_scRNA-seq"	NA	3
"TAGTTGGAGGACACCA"	3	"SRX5979983"	"SRP200614"	"intestine"	"class II-a EE cell"	NA	NA	NA	"FBbt:00058004"	"adult anterior midgut class II enteroendocrine cell (Drosophila)"	"perfect match"	"EE_scRNA-seq"	NA	9
"TAGTTGGAGGTAAACT"	0	"SRX5979983"	"SRP200614"	"intestine"	"class I-m EE cell"	NA	NA	NA	"FBbt:00058002"	"adult middle midgut class I enteroendocrine cell (Drosophila)"	"perfect match"	"EE_scRNA-seq"	NA	1
"TAGTTGGAGTACGTTC"	4	"SRX5979983"	"SRP200614"	"intestine"	"class II-m2 EE cell"	NA	NA	NA	"FBbt:00058005"	"adult middle midgut class II enteroendocrine cell (Drosophila)"	"perfect match"	"EE_scRNA-seq"	NA	8
"TAGTTGGCAAGAGTCG"	8	"SRX5979983"	"SRP200614"	"intestine"	"class I-a EE cell"	NA	NA	NA	"FBbt:00058001"	"adult anterior midgut class I enteroendocrine cell (Drosophila)"	"perfect match"	"EE_scRNA-seq"	NA	2
"TAGTTGGCAATGACCT"	0	"SRX5979983"	"SRP200614"	"intestine"	"class I-m EE cell"	NA	NA	NA	"FBbt:00058002"	"adult middle midgut class I enteroendocrine cell (Drosophila)"	"perfect match"	"EE_scRNA-seq"	NA	1
"TAGTTGGGTCTCACCT"	0	"SRX5979983"	"SRP200614"	"intestine"	"class I-m EE cell"	NA	NA	NA	"FBbt:00058002"	"adult middle midgut class I enteroendocrine cell (Drosophila)"	"perfect match"	"EE_scRNA-seq"	NA	1
"TAGTTGGGTGGCAAAC"	1	"SRX5979983"	"SRP200614"	"intestine"	"class II-m1 EE cell"	NA	NA	NA	"FBbt:00058005"	"adult middle midgut class II enteroendocrine cell (Drosophila)"	"perfect match"	"EE_scRNA-seq"	NA	3
"TAGTTGGGTTCGCGAC"	1	"SRX5979983"	"SRP200614"	"intestine"	"class II-m1 EE cell"	NA	NA	NA	"FBbt:00058005"	"adult middle midgut class II enteroendocrine cell (Drosophila)"	"perfect match"	"EE_scRNA-seq"	NA	3
"TAGTTGGGTTGGTGGA"	0	"SRX5979983"	"SRP200614"	"intestine"	"class I-m EE cell"	NA	NA	NA	"FBbt:00058002"	"adult middle midgut class I enteroendocrine cell (Drosophila)"	"perfect match"	"EE_scRNA-seq"	NA	1
"TATCAGGAGGAGCGTT"	9	"SRX5979983"	"SRP200614"	"intestine"	"class III EE cell"	NA	NA	NA	"FBbt:00058200"	"adult class III enteroendocrine cell (Drosophila)"	"perfect match"	"EE_scRNA-seq"	NA	11
"TATCAGGAGTCACGCC"	2	"SRX5979983"	"SRP200614"	"intestine"	"class I-ap EE cell"	NA	NA	NA	"FBbt:00058000"	"adult class I enteroendocrine cell (Drosophila)"	"other"	"EE_scRNA-seq"	NA	5
"TATCAGGCACGGTGTC"	4	"SRX5979983"	"SRP200614"	"intestine"	"class II-m2 EE cell"	NA	NA	NA	"FBbt:00058005"	"adult middle midgut class II enteroendocrine cell (Drosophila)"	"perfect match"	"EE_scRNA-seq"	NA	8
"TATCAGGCATCCCACT"	3	"SRX5979983"	"SRP200614"	"intestine"	"class II-a EE cell"	NA	NA	NA	"FBbt:00058004"	"adult anterior midgut class II enteroendocrine cell (Drosophila)"	"perfect match"	"EE_scRNA-seq"	NA	9
"TATCAGGCATTGGCGC"	6	"SRX5979983"	"SRP200614"	"intestine"	"class I-p AstA EE cell"	NA	NA	NA	"FBbt:00058003"	"adult posterior midgut class I enteroendocrine cell (Drosophila)"	"missing child term"	"EE_scRNA-seq"	NA	6
"TATCAGGGTCGAAAGC"	2	"SRX5979983"	"SRP200614"	"intestine"	"class I-ap EE cell"	NA	NA	NA	"FBbt:00058000"	"adult class I enteroendocrine cell (Drosophila)"	"other"	"EE_scRNA-seq"	NA	5
"TATCAGGGTGGTACAG"	4	"SRX5979983"	"SRP200614"	"intestine"	"class II-m2 EE cell"	NA	NA	NA	"FBbt:00058005"	"adult middle midgut class II enteroendocrine cell (Drosophila)"	"perfect match"	"EE_scRNA-seq"	NA	8
"TATCAGGGTTCCACTC"	7	"SRX5979983"	"SRP200614"	"intestine"	"class II-p EE cell"	NA	NA	NA	"FBbt:00058006"	"adult posterior midgut class II enteroendocrine cell (Drosophila)"	"perfect match"	"EE_scRNA-seq"	NA	7
"TATCTCAAGGAGTAGA"	0	"SRX5979983"	"SRP200614"	"intestine"	"class I-m EE cell"	NA	NA	NA	"FBbt:00058002"	"adult middle midgut class I enteroendocrine cell (Drosophila)"	"perfect match"	"EE_scRNA-seq"	NA	1
"TATCTCACAAAGCAAT"	6	"SRX5979983"	"SRP200614"	"intestine"	"class I-p AstA EE cell"	NA	NA	NA	"FBbt:00058003"	"adult posterior midgut class I enteroendocrine cell (Drosophila)"	"missing child term"	"EE_scRNA-seq"	NA	6
"TATCTCACAATGACCT"	1	"SRX5979983"	"SRP200614"	"intestine"	"class II-m1 EE cell"	NA	NA	NA	"FBbt:00058005"	"adult middle midgut class II enteroendocrine cell (Drosophila)"	"perfect match"	"EE_scRNA-seq"	NA	3
"TATCTCACAGCATGAG"	9	"SRX5979983"	"SRP200614"	"intestine"	"class III EE cell"	NA	NA	NA	"FBbt:00058200"	"adult class III enteroendocrine cell (Drosophila)"	"perfect match"	"EE_scRNA-seq"	NA	11
"TATCTCACATGCAATC"	5	"SRX5979983"	"SRP200614"	"intestine"	"class I-p CCHa1 EE cell"	NA	NA	NA	"FBbt:00058003"	"adult posterior midgut class I enteroendocrine cell (Drosophila)"	"missing child term"	"EE_scRNA-seq"	NA	4
"TATCTCAGTCCGAGTC"	0	"SRX5979983"	"SRP200614"	"intestine"	"class I-m EE cell"	NA	NA	NA	"FBbt:00058002"	"adult middle midgut class I enteroendocrine cell (Drosophila)"	"perfect match"	"EE_scRNA-seq"	NA	1
"TATCTCAGTCTAGCCG"	2	"SRX5979983"	"SRP200614"	"intestine"	"class I-ap EE cell"	NA	NA	NA	"FBbt:00058000"	"adult class I enteroendocrine cell (Drosophila)"	"other"	"EE_scRNA-seq"	NA	5
"TATCTCAGTTAAGAAC"	1	"SRX5979983"	"SRP200614"	"intestine"	"class II-m1 EE cell"	NA	NA	NA	"FBbt:00058005"	"adult middle midgut class II enteroendocrine cell (Drosophila)"	"perfect match"	"EE_scRNA-seq"	NA	3
"TATCTCATCCAAAGTC"	2	"SRX5979983"	"SRP200614"	"intestine"	"class I-ap EE cell"	NA	NA	NA	"FBbt:00058000"	"adult class I enteroendocrine cell (Drosophila)"	"other"	"EE_scRNA-seq"	NA	5
"TATGCCCAGAGGTTAT"	4	"SRX5979983"	"SRP200614"	"intestine"	"class II-m2 EE cell"	NA	NA	NA	"FBbt:00058005"	"adult middle midgut class II enteroendocrine cell (Drosophila)"	"perfect match"	"EE_scRNA-seq"	NA	8
"TATGCCCCAAAGTGCG"	7	"SRX5979983"	"SRP200614"	"intestine"	"class II-p EE cell"	NA	NA	NA	"FBbt:00058006"	"adult posterior midgut class II enteroendocrine cell (Drosophila)"	"perfect match"	"EE_scRNA-seq"	NA	7
"TATGCCCCAAGCCGCT"	1	"SRX5979983"	"SRP200614"	"intestine"	"class II-m1 EE cell"	NA	NA	NA	"FBbt:00058005"	"adult middle midgut class II enteroendocrine cell (Drosophila)"	"perfect match"	"EE_scRNA-seq"	NA	3
"TATGCCCCACGGTAAG"	7	"SRX5979983"	"SRP200614"	"intestine"	"class II-p EE cell"	NA	NA	NA	"FBbt:00058006"	"adult posterior midgut class II enteroendocrine cell (Drosophila)"	"perfect match"	"EE_scRNA-seq"	NA	7
"TATGCCCCACGTAAGG"	1	"SRX5979983"	"SRP200614"	"intestine"	"class II-m1 EE cell"	NA	NA	NA	"FBbt:00058005"	"adult middle midgut class II enteroendocrine cell (Drosophila)"	"perfect match"	"EE_scRNA-seq"	NA	3
"TATGCCCGTAATCGTC"	10	"SRX5979983"	"SRP200614"	"intestine"	"EE progenitor cell"	NA	NA	NA	"FBbt:00049284"	"adult enteroendocrine precursor cell (Drosophila)"	"perfect match"	"EE_scRNA-seq"	NA	10
"TATGCCCGTAGAGGAA"	3	"SRX5979983"	"SRP200614"	"intestine"	"class II-a EE cell"	NA	NA	NA	"FBbt:00058004"	"adult anterior midgut class II enteroendocrine cell (Drosophila)"	"perfect match"	"EE_scRNA-seq"	NA	9
"TATGCCCGTATATGGA"	5	"SRX5979983"	"SRP200614"	"intestine"	"class I-p CCHa1 EE cell"	NA	NA	NA	"FBbt:00058003"	"adult posterior midgut class I enteroendocrine cell (Drosophila)"	"missing child term"	"EE_scRNA-seq"	NA	4
"TATGCCCGTCTCAACA"	4	"SRX5979983"	"SRP200614"	"intestine"	"class II-m2 EE cell"	NA	NA	NA	"FBbt:00058005"	"adult middle midgut class II enteroendocrine cell (Drosophila)"	"perfect match"	"EE_scRNA-seq"	NA	8
"TATTACCAGATCTGCT"	2	"SRX5979983"	"SRP200614"	"intestine"	"class I-ap EE cell"	NA	NA	NA	"FBbt:00058000"	"adult class I enteroendocrine cell (Drosophila)"	"other"	"EE_scRNA-seq"	NA	5
"TATTACCAGCCACCTG"	0	"SRX5979983"	"SRP200614"	"intestine"	"class I-m EE cell"	NA	NA	NA	"FBbt:00058002"	"adult middle midgut class I enteroendocrine cell (Drosophila)"	"perfect match"	"EE_scRNA-seq"	NA	1
"TATTACCCATAAAGGT"	2	"SRX5979983"	"SRP200614"	"intestine"	"class I-ap EE cell"	NA	NA	NA	"FBbt:00058000"	"adult class I enteroendocrine cell (Drosophila)"	"other"	"EE_scRNA-seq"	NA	5
"TATTACCCATCACCCT"	5	"SRX5979983"	"SRP200614"	"intestine"	"class I-p CCHa1 EE cell"	NA	NA	NA	"FBbt:00058003"	"adult posterior midgut class I enteroendocrine cell (Drosophila)"	"missing child term"	"EE_scRNA-seq"	NA	4
"TATTACCCATGGTCAT"	0	"SRX5979983"	"SRP200614"	"intestine"	"class I-m EE cell"	NA	NA	NA	"FBbt:00058002"	"adult middle midgut class I enteroendocrine cell (Drosophila)"	"perfect match"	"EE_scRNA-seq"	NA	1
"TATTACCCATTCCTCG"	5	"SRX5979983"	"SRP200614"	"intestine"	"class I-p CCHa1 EE cell"	NA	NA	NA	"FBbt:00058003"	"adult posterior midgut class I enteroendocrine cell (Drosophila)"	"missing child term"	"EE_scRNA-seq"	NA	4
"TATTACCGTTCTGGTA"	0	"SRX5979983"	"SRP200614"	"intestine"	"class I-m EE cell"	NA	NA	NA	"FBbt:00058002"	"adult middle midgut class I enteroendocrine cell (Drosophila)"	"perfect match"	"EE_scRNA-seq"	NA	1
"TATTACCTCATCTGTT"	7	"SRX5979983"	"SRP200614"	"intestine"	"class II-p EE cell"	NA	NA	NA	"FBbt:00058006"	"adult posterior midgut class II enteroendocrine cell (Drosophila)"	"perfect match"	"EE_scRNA-seq"	NA	7
"TATTACCTCGGCGGTT"	3	"SRX5979983"	"SRP200614"	"intestine"	"class II-a EE cell"	NA	NA	NA	"FBbt:00058004"	"adult anterior midgut class II enteroendocrine cell (Drosophila)"	"perfect match"	"EE_scRNA-seq"	NA	9
"TCAACGAAGATGCGAC"	8	"SRX5979983"	"SRP200614"	"intestine"	"class I-a EE cell"	NA	NA	NA	"FBbt:00058001"	"adult anterior midgut class I enteroendocrine cell (Drosophila)"	"perfect match"	"EE_scRNA-seq"	NA	2
"TCAACGAAGGGTTCCC"	6	"SRX5979983"	"SRP200614"	"intestine"	"class I-p AstA EE cell"	NA	NA	NA	"FBbt:00058003"	"adult posterior midgut class I enteroendocrine cell (Drosophila)"	"missing child term"	"EE_scRNA-seq"	NA	6
"TCAACGACACTGCCAG"	7	"SRX5979983"	"SRP200614"	"intestine"	"class II-p EE cell"	NA	NA	NA	"FBbt:00058006"	"adult posterior midgut class II enteroendocrine cell (Drosophila)"	"perfect match"	"EE_scRNA-seq"	NA	7
"TCAACGAGTAACGCGA"	1	"SRX5979983"	"SRP200614"	"intestine"	"class II-m1 EE cell"	NA	NA	NA	"FBbt:00058005"	"adult middle midgut class II enteroendocrine cell (Drosophila)"	"perfect match"	"EE_scRNA-seq"	NA	3
"TCAACGAGTATTACCG"	0	"SRX5979983"	"SRP200614"	"intestine"	"class I-m EE cell"	NA	NA	NA	"FBbt:00058002"	"adult middle midgut class I enteroendocrine cell (Drosophila)"	"perfect match"	"EE_scRNA-seq"	NA	1
"TCAACGAGTCCGAGTC"	10	"SRX5979983"	"SRP200614"	"intestine"	"EE progenitor cell"	NA	NA	NA	"FBbt:00049284"	"adult enteroendocrine precursor cell (Drosophila)"	"perfect match"	"EE_scRNA-seq"	NA	10
"TCAACGAGTTCCGTCT"	0	"SRX5979983"	"SRP200614"	"intestine"	"class I-m EE cell"	NA	NA	NA	"FBbt:00058002"	"adult middle midgut class I enteroendocrine cell (Drosophila)"	"perfect match"	"EE_scRNA-seq"	NA	1
"TCAACGAGTTGGTTTG"	7	"SRX5979983"	"SRP200614"	"intestine"	"class II-p EE cell"	NA	NA	NA	"FBbt:00058006"	"adult posterior midgut class II enteroendocrine cell (Drosophila)"	"perfect match"	"EE_scRNA-seq"	NA	7
"TCAACGATCCCACTTG"	8	"SRX5979983"	"SRP200614"	"intestine"	"class I-a EE cell"	NA	NA	NA	"FBbt:00058001"	"adult anterior midgut class I enteroendocrine cell (Drosophila)"	"perfect match"	"EE_scRNA-seq"	NA	2
"TCAACGATCGTGGACC"	2	"SRX5979983"	"SRP200614"	"intestine"	"class I-ap EE cell"	NA	NA	NA	"FBbt:00058000"	"adult class I enteroendocrine cell (Drosophila)"	"other"	"EE_scRNA-seq"	NA	5
"TCAATCTAGACACGAC"	0	"SRX5979983"	"SRP200614"	"intestine"	"class I-m EE cell"	NA	NA	NA	"FBbt:00058002"	"adult middle midgut class I enteroendocrine cell (Drosophila)"	"perfect match"	"EE_scRNA-seq"	NA	1
"TCAATCTAGCTGCCCA"	1	"SRX5979983"	"SRP200614"	"intestine"	"class II-m1 EE cell"	NA	NA	NA	"FBbt:00058005"	"adult middle midgut class II enteroendocrine cell (Drosophila)"	"perfect match"	"EE_scRNA-seq"	NA	3
"TCAATCTCAATGGAAT"	1	"SRX5979983"	"SRP200614"	"intestine"	"class II-m1 EE cell"	NA	NA	NA	"FBbt:00058005"	"adult middle midgut class II enteroendocrine cell (Drosophila)"	"perfect match"	"EE_scRNA-seq"	NA	3
"TCAATCTCATGGTTGT"	9	"SRX5979983"	"SRP200614"	"intestine"	"class III EE cell"	NA	NA	NA	"FBbt:00058200"	"adult class III enteroendocrine cell (Drosophila)"	"perfect match"	"EE_scRNA-seq"	NA	11
"TCAATCTCATTGCGGC"	2	"SRX5979983"	"SRP200614"	"intestine"	"class I-ap EE cell"	NA	NA	NA	"FBbt:00058000"	"adult class I enteroendocrine cell (Drosophila)"	"other"	"EE_scRNA-seq"	NA	5
"TCAATCTCATTGTGCA"	4	"SRX5979983"	"SRP200614"	"intestine"	"class II-m2 EE cell"	NA	NA	NA	"FBbt:00058005"	"adult middle midgut class II enteroendocrine cell (Drosophila)"	"perfect match"	"EE_scRNA-seq"	NA	8
"TCAATCTGTAGCGCAA"	0	"SRX5979983"	"SRP200614"	"intestine"	"class I-m EE cell"	NA	NA	NA	"FBbt:00058002"	"adult middle midgut class I enteroendocrine cell (Drosophila)"	"perfect match"	"EE_scRNA-seq"	NA	1
"TCAATCTGTCTCATCC"	1	"SRX5979983"	"SRP200614"	"intestine"	"class II-m1 EE cell"	NA	NA	NA	"FBbt:00058005"	"adult middle midgut class II enteroendocrine cell (Drosophila)"	"perfect match"	"EE_scRNA-seq"	NA	3
"TCAATCTGTTTGTTTC"	1	"SRX5979983"	"SRP200614"	"intestine"	"class II-m1 EE cell"	NA	NA	NA	"FBbt:00058005"	"adult middle midgut class II enteroendocrine cell (Drosophila)"	"perfect match"	"EE_scRNA-seq"	NA	3
"TCAATCTTCACAGTAC"	2	"SRX5979983"	"SRP200614"	"intestine"	"class I-ap EE cell"	NA	NA	NA	"FBbt:00058000"	"adult class I enteroendocrine cell (Drosophila)"	"other"	"EE_scRNA-seq"	NA	5
"TCAATCTTCTGCTGTC"	3	"SRX5979983"	"SRP200614"	"intestine"	"class II-a EE cell"	NA	NA	NA	"FBbt:00058004"	"adult anterior midgut class II enteroendocrine cell (Drosophila)"	"perfect match"	"EE_scRNA-seq"	NA	9
"TCACAAGAGAGAGCTC"	4	"SRX5979983"	"SRP200614"	"intestine"	"class II-m2 EE cell"	NA	NA	NA	"FBbt:00058005"	"adult middle midgut class II enteroendocrine cell (Drosophila)"	"perfect match"	"EE_scRNA-seq"	NA	8
"TCACAAGAGAGTTGGC"	2	"SRX5979983"	"SRP200614"	"intestine"	"class I-ap EE cell"	NA	NA	NA	"FBbt:00058000"	"adult class I enteroendocrine cell (Drosophila)"	"other"	"EE_scRNA-seq"	NA	5
"TCACAAGCAGTCAGAG"	6	"SRX5979983"	"SRP200614"	"intestine"	"class I-p AstA EE cell"	NA	NA	NA	"FBbt:00058003"	"adult posterior midgut class I enteroendocrine cell (Drosophila)"	"missing child term"	"EE_scRNA-seq"	NA	6
"TCACAAGCAGTTTACG"	0	"SRX5979983"	"SRP200614"	"intestine"	"class I-m EE cell"	NA	NA	NA	"FBbt:00058002"	"adult middle midgut class I enteroendocrine cell (Drosophila)"	"perfect match"	"EE_scRNA-seq"	NA	1
"TCACAAGCATCGTCGG"	2	"SRX5979983"	"SRP200614"	"intestine"	"class I-ap EE cell"	NA	NA	NA	"FBbt:00058000"	"adult class I enteroendocrine cell (Drosophila)"	"other"	"EE_scRNA-seq"	NA	5
"TCACAAGGTAAGGGCT"	1	"SRX5979983"	"SRP200614"	"intestine"	"class II-m1 EE cell"	NA	NA	NA	"FBbt:00058005"	"adult middle midgut class II enteroendocrine cell (Drosophila)"	"perfect match"	"EE_scRNA-seq"	NA	3
"TCACAAGGTACTCAAC"	3	"SRX5979983"	"SRP200614"	"intestine"	"class II-a EE cell"	NA	NA	NA	"FBbt:00058004"	"adult anterior midgut class II enteroendocrine cell (Drosophila)"	"perfect match"	"EE_scRNA-seq"	NA	9
"TCACAAGTCAGTCAGT"	7	"SRX5979983"	"SRP200614"	"intestine"	"class II-p EE cell"	NA	NA	NA	"FBbt:00058006"	"adult posterior midgut class II enteroendocrine cell (Drosophila)"	"perfect match"	"EE_scRNA-seq"	NA	7
"TCACGAAAGAACAACT"	0	"SRX5979983"	"SRP200614"	"intestine"	"class I-m EE cell"	NA	NA	NA	"FBbt:00058002"	"adult middle midgut class I enteroendocrine cell (Drosophila)"	"perfect match"	"EE_scRNA-seq"	NA	1
"TCACGAAAGTGGACGT"	1	"SRX5979983"	"SRP200614"	"intestine"	"class II-m1 EE cell"	NA	NA	NA	"FBbt:00058005"	"adult middle midgut class II enteroendocrine cell (Drosophila)"	"perfect match"	"EE_scRNA-seq"	NA	3
"TCACGAACAAGAAGAG"	2	"SRX5979983"	"SRP200614"	"intestine"	"class I-ap EE cell"	NA	NA	NA	"FBbt:00058000"	"adult class I enteroendocrine cell (Drosophila)"	"other"	"EE_scRNA-seq"	NA	5
"TCACGAACAAGTAATG"	6	"SRX5979983"	"SRP200614"	"intestine"	"class I-p AstA EE cell"	NA	NA	NA	"FBbt:00058003"	"adult posterior midgut class I enteroendocrine cell (Drosophila)"	"missing child term"	"EE_scRNA-seq"	NA	6
"TCACGAACACATTCGA"	0	"SRX5979983"	"SRP200614"	"intestine"	"class I-m EE cell"	NA	NA	NA	"FBbt:00058002"	"adult middle midgut class I enteroendocrine cell (Drosophila)"	"perfect match"	"EE_scRNA-seq"	NA	1
"TCACGAACAGTCTTCC"	2	"SRX5979983"	"SRP200614"	"intestine"	"class I-ap EE cell"	NA	NA	NA	"FBbt:00058000"	"adult class I enteroendocrine cell (Drosophila)"	"other"	"EE_scRNA-seq"	NA	5
"TCACGAAGTATCGCAT"	2	"SRX5979983"	"SRP200614"	"intestine"	"class I-ap EE cell"	NA	NA	NA	"FBbt:00058000"	"adult class I enteroendocrine cell (Drosophila)"	"other"	"EE_scRNA-seq"	NA	5
"TCACGAAGTTTAGGAA"	1	"SRX5979983"	"SRP200614"	"intestine"	"class II-m1 EE cell"	NA	NA	NA	"FBbt:00058005"	"adult middle midgut class II enteroendocrine cell (Drosophila)"	"perfect match"	"EE_scRNA-seq"	NA	3
"TCACGAATCTCTAAGG"	0	"SRX5979983"	"SRP200614"	"intestine"	"class I-m EE cell"	NA	NA	NA	"FBbt:00058002"	"adult middle midgut class I enteroendocrine cell (Drosophila)"	"perfect match"	"EE_scRNA-seq"	NA	1
"TCACGAATCTTTAGTC"	0	"SRX5979983"	"SRP200614"	"intestine"	"class I-m EE cell"	NA	NA	NA	"FBbt:00058002"	"adult middle midgut class I enteroendocrine cell (Drosophila)"	"perfect match"	"EE_scRNA-seq"	NA	1
"TCAGATGAGATATGGT"	8	"SRX5979983"	"SRP200614"	"intestine"	"class I-a EE cell"	NA	NA	NA	"FBbt:00058001"	"adult anterior midgut class I enteroendocrine cell (Drosophila)"	"perfect match"	"EE_scRNA-seq"	NA	2
"TCAGATGCAAGCGCTC"	1	"SRX5979983"	"SRP200614"	"intestine"	"class II-m1 EE cell"	NA	NA	NA	"FBbt:00058005"	"adult middle midgut class II enteroendocrine cell (Drosophila)"	"perfect match"	"EE_scRNA-seq"	NA	3
"TCAGATGCACAGAGGT"	7	"SRX5979983"	"SRP200614"	"intestine"	"class II-p EE cell"	NA	NA	NA	"FBbt:00058006"	"adult posterior midgut class II enteroendocrine cell (Drosophila)"	"perfect match"	"EE_scRNA-seq"	NA	7
"TCAGATGCAGATGGGT"	0	"SRX5979983"	"SRP200614"	"intestine"	"class I-m EE cell"	NA	NA	NA	"FBbt:00058002"	"adult middle midgut class I enteroendocrine cell (Drosophila)"	"perfect match"	"EE_scRNA-seq"	NA	1
"TCAGATGGTGAGGGTT"	0	"SRX5979983"	"SRP200614"	"intestine"	"class I-m EE cell"	NA	NA	NA	"FBbt:00058002"	"adult middle midgut class I enteroendocrine cell (Drosophila)"	"perfect match"	"EE_scRNA-seq"	NA	1
"TCAGATGGTTCAGTAC"	2	"SRX5979983"	"SRP200614"	"intestine"	"class I-ap EE cell"	NA	NA	NA	"FBbt:00058000"	"adult class I enteroendocrine cell (Drosophila)"	"other"	"EE_scRNA-seq"	NA	5
"TCAGATGTCAAGATCC"	6	"SRX5979983"	"SRP200614"	"intestine"	"class I-p AstA EE cell"	NA	NA	NA	"FBbt:00058003"	"adult posterior midgut class I enteroendocrine cell (Drosophila)"	"missing child term"	"EE_scRNA-seq"	NA	6
"TCAGCAAAGGAGCGAG"	5	"SRX5979983"	"SRP200614"	"intestine"	"class I-p CCHa1 EE cell"	NA	NA	NA	"FBbt:00058003"	"adult posterior midgut class I enteroendocrine cell (Drosophila)"	"missing child term"	"EE_scRNA-seq"	NA	4
"TCAGCAACAAACAACA"	1	"SRX5979983"	"SRP200614"	"intestine"	"class II-m1 EE cell"	NA	NA	NA	"FBbt:00058005"	"adult middle midgut class II enteroendocrine cell (Drosophila)"	"perfect match"	"EE_scRNA-seq"	NA	3
"TCAGCAACAAGTTCTG"	1	"SRX5979983"	"SRP200614"	"intestine"	"class II-m1 EE cell"	NA	NA	NA	"FBbt:00058005"	"adult middle midgut class II enteroendocrine cell (Drosophila)"	"perfect match"	"EE_scRNA-seq"	NA	3
"TCAGCAACACGGCCAT"	4	"SRX5979983"	"SRP200614"	"intestine"	"class II-m2 EE cell"	NA	NA	NA	"FBbt:00058005"	"adult middle midgut class II enteroendocrine cell (Drosophila)"	"perfect match"	"EE_scRNA-seq"	NA	8
"TCAGCAACATGGAATA"	0	"SRX5979983"	"SRP200614"	"intestine"	"class I-m EE cell"	NA	NA	NA	"FBbt:00058002"	"adult middle midgut class I enteroendocrine cell (Drosophila)"	"perfect match"	"EE_scRNA-seq"	NA	1
"TCAGCAAGTAAGGGCT"	3	"SRX5979983"	"SRP200614"	"intestine"	"class II-a EE cell"	NA	NA	NA	"FBbt:00058004"	"adult anterior midgut class II enteroendocrine cell (Drosophila)"	"perfect match"	"EE_scRNA-seq"	NA	9
"TCAGCAAGTGCAGACA"	7	"SRX5979983"	"SRP200614"	"intestine"	"class II-p EE cell"	NA	NA	NA	"FBbt:00058006"	"adult posterior midgut class II enteroendocrine cell (Drosophila)"	"perfect match"	"EE_scRNA-seq"	NA	7
"TCAGCAATCCAAACTG"	1	"SRX5979983"	"SRP200614"	"intestine"	"class II-m1 EE cell"	NA	NA	NA	"FBbt:00058005"	"adult middle midgut class II enteroendocrine cell (Drosophila)"	"perfect match"	"EE_scRNA-seq"	NA	3
"TCAGCTCAGAACTCGG"	0	"SRX5979983"	"SRP200614"	"intestine"	"class I-m EE cell"	NA	NA	NA	"FBbt:00058002"	"adult middle midgut class I enteroendocrine cell (Drosophila)"	"perfect match"	"EE_scRNA-seq"	NA	1
"TCAGCTCAGCTCCTCT"	0	"SRX5979983"	"SRP200614"	"intestine"	"class I-m EE cell"	NA	NA	NA	"FBbt:00058002"	"adult middle midgut class I enteroendocrine cell (Drosophila)"	"perfect match"	"EE_scRNA-seq"	NA	1
"TCAGCTCCAAGACGTG"	4	"SRX5979983"	"SRP200614"	"intestine"	"class II-m2 EE cell"	NA	NA	NA	"FBbt:00058005"	"adult middle midgut class II enteroendocrine cell (Drosophila)"	"perfect match"	"EE_scRNA-seq"	NA	8
"TCAGCTCCACGCGAAA"	0	"SRX5979983"	"SRP200614"	"intestine"	"class I-m EE cell"	NA	NA	NA	"FBbt:00058002"	"adult middle midgut class I enteroendocrine cell (Drosophila)"	"perfect match"	"EE_scRNA-seq"	NA	1
"TCAGCTCCAGCCTTTC"	3	"SRX5979983"	"SRP200614"	"intestine"	"class II-a EE cell"	NA	NA	NA	"FBbt:00058004"	"adult anterior midgut class II enteroendocrine cell (Drosophila)"	"perfect match"	"EE_scRNA-seq"	NA	9
"TCAGCTCCATTTGCCC"	0	"SRX5979983"	"SRP200614"	"intestine"	"class I-m EE cell"	NA	NA	NA	"FBbt:00058002"	"adult middle midgut class I enteroendocrine cell (Drosophila)"	"perfect match"	"EE_scRNA-seq"	NA	1
"TCAGCTCGTCGCATCG"	0	"SRX5979983"	"SRP200614"	"intestine"	"class I-m EE cell"	NA	NA	NA	"FBbt:00058002"	"adult middle midgut class I enteroendocrine cell (Drosophila)"	"perfect match"	"EE_scRNA-seq"	NA	1
"TCAGCTCGTTCGGCAC"	1	"SRX5979983"	"SRP200614"	"intestine"	"class II-m1 EE cell"	NA	NA	NA	"FBbt:00058005"	"adult middle midgut class II enteroendocrine cell (Drosophila)"	"perfect match"	"EE_scRNA-seq"	NA	3
"TCAGCTCTCAAAGACA"	1	"SRX5979983"	"SRP200614"	"intestine"	"class II-m1 EE cell"	NA	NA	NA	"FBbt:00058005"	"adult middle midgut class II enteroendocrine cell (Drosophila)"	"perfect match"	"EE_scRNA-seq"	NA	3
"TCAGCTCTCAGCAACT"	7	"SRX5979983"	"SRP200614"	"intestine"	"class II-p EE cell"	NA	NA	NA	"FBbt:00058006"	"adult posterior midgut class II enteroendocrine cell (Drosophila)"	"perfect match"	"EE_scRNA-seq"	NA	7
"TCAGGATAGAGATGAG"	2	"SRX5979983"	"SRP200614"	"intestine"	"class I-ap EE cell"	NA	NA	NA	"FBbt:00058000"	"adult class I enteroendocrine cell (Drosophila)"	"other"	"EE_scRNA-seq"	NA	5
"TCAGGATAGCATCATC"	2	"SRX5979983"	"SRP200614"	"intestine"	"class I-ap EE cell"	NA	NA	NA	"FBbt:00058000"	"adult class I enteroendocrine cell (Drosophila)"	"other"	"EE_scRNA-seq"	NA	5
"TCAGGATAGCCTATGT"	0	"SRX5979983"	"SRP200614"	"intestine"	"class I-m EE cell"	NA	NA	NA	"FBbt:00058002"	"adult middle midgut class I enteroendocrine cell (Drosophila)"	"perfect match"	"EE_scRNA-seq"	NA	1
"TCAGGATAGCTTCGCG"	7	"SRX5979983"	"SRP200614"	"intestine"	"class II-p EE cell"	NA	NA	NA	"FBbt:00058006"	"adult posterior midgut class II enteroendocrine cell (Drosophila)"	"perfect match"	"EE_scRNA-seq"	NA	7
"TCAGGATAGGCTAGAC"	3	"SRX5979983"	"SRP200614"	"intestine"	"class II-a EE cell"	NA	NA	NA	"FBbt:00058004"	"adult anterior midgut class II enteroendocrine cell (Drosophila)"	"perfect match"	"EE_scRNA-seq"	NA	9
"TCAGGATCACGCATCG"	0	"SRX5979983"	"SRP200614"	"intestine"	"class I-m EE cell"	NA	NA	NA	"FBbt:00058002"	"adult middle midgut class I enteroendocrine cell (Drosophila)"	"perfect match"	"EE_scRNA-seq"	NA	1
"TCAGGATGTCCGAATT"	6	"SRX5979983"	"SRP200614"	"intestine"	"class I-p AstA EE cell"	NA	NA	NA	"FBbt:00058003"	"adult posterior midgut class I enteroendocrine cell (Drosophila)"	"missing child term"	"EE_scRNA-seq"	NA	6
"TCAGGATGTTCGTCTC"	8	"SRX5979983"	"SRP200614"	"intestine"	"class I-a EE cell"	NA	NA	NA	"FBbt:00058001"	"adult anterior midgut class I enteroendocrine cell (Drosophila)"	"perfect match"	"EE_scRNA-seq"	NA	2
"TCAGGATTCCAGTATG"	0	"SRX5979983"	"SRP200614"	"intestine"	"class I-m EE cell"	NA	NA	NA	"FBbt:00058002"	"adult middle midgut class I enteroendocrine cell (Drosophila)"	"perfect match"	"EE_scRNA-seq"	NA	1
"TCAGGATTCCTATGTT"	4	"SRX5979983"	"SRP200614"	"intestine"	"class II-m2 EE cell"	NA	NA	NA	"FBbt:00058005"	"adult middle midgut class II enteroendocrine cell (Drosophila)"	"perfect match"	"EE_scRNA-seq"	NA	8
"TCAGGATTCTACCTGC"	0	"SRX5979983"	"SRP200614"	"intestine"	"class I-m EE cell"	NA	NA	NA	"FBbt:00058002"	"adult middle midgut class I enteroendocrine cell (Drosophila)"	"perfect match"	"EE_scRNA-seq"	NA	1
"TCAGGTAAGATGGCGT"	1	"SRX5979983"	"SRP200614"	"intestine"	"class II-m1 EE cell"	NA	NA	NA	"FBbt:00058005"	"adult middle midgut class II enteroendocrine cell (Drosophila)"	"perfect match"	"EE_scRNA-seq"	NA	3
"TCAGGTAAGGTTCCTA"	4	"SRX5979983"	"SRP200614"	"intestine"	"class II-m2 EE cell"	NA	NA	NA	"FBbt:00058005"	"adult middle midgut class II enteroendocrine cell (Drosophila)"	"perfect match"	"EE_scRNA-seq"	NA	8
"TCAGGTAAGTCATCCA"	7	"SRX5979983"	"SRP200614"	"intestine"	"class II-p EE cell"	NA	NA	NA	"FBbt:00058006"	"adult posterior midgut class II enteroendocrine cell (Drosophila)"	"perfect match"	"EE_scRNA-seq"	NA	7
"TCAGGTAGTATGAATG"	0	"SRX5979983"	"SRP200614"	"intestine"	"class I-m EE cell"	NA	NA	NA	"FBbt:00058002"	"adult middle midgut class I enteroendocrine cell (Drosophila)"	"perfect match"	"EE_scRNA-seq"	NA	1
"TCAGGTAGTCACCTAA"	1	"SRX5979983"	"SRP200614"	"intestine"	"class II-m1 EE cell"	NA	NA	NA	"FBbt:00058005"	"adult middle midgut class II enteroendocrine cell (Drosophila)"	"perfect match"	"EE_scRNA-seq"	NA	3
"TCAGGTATCAACCATG"	2	"SRX5979983"	"SRP200614"	"intestine"	"class I-ap EE cell"	NA	NA	NA	"FBbt:00058000"	"adult class I enteroendocrine cell (Drosophila)"	"other"	"EE_scRNA-seq"	NA	5
"TCAGGTATCCAGGGCT"	0	"SRX5979983"	"SRP200614"	"intestine"	"class I-m EE cell"	NA	NA	NA	"FBbt:00058002"	"adult middle midgut class I enteroendocrine cell (Drosophila)"	"perfect match"	"EE_scRNA-seq"	NA	1
"TCAGGTATCGACCAGC"	2	"SRX5979983"	"SRP200614"	"intestine"	"class I-ap EE cell"	NA	NA	NA	"FBbt:00058000"	"adult class I enteroendocrine cell (Drosophila)"	"other"	"EE_scRNA-seq"	NA	5
"TCATTACAGCGATCCC"	7	"SRX5979983"	"SRP200614"	"intestine"	"class II-p EE cell"	NA	NA	NA	"FBbt:00058006"	"adult posterior midgut class II enteroendocrine cell (Drosophila)"	"perfect match"	"EE_scRNA-seq"	NA	7
"TCATTACAGGAGCGAG"	6	"SRX5979983"	"SRP200614"	"intestine"	"class I-p AstA EE cell"	NA	NA	NA	"FBbt:00058003"	"adult posterior midgut class I enteroendocrine cell (Drosophila)"	"missing child term"	"EE_scRNA-seq"	NA	6
"TCATTACAGTCAAGCG"	2	"SRX5979983"	"SRP200614"	"intestine"	"class I-ap EE cell"	NA	NA	NA	"FBbt:00058000"	"adult class I enteroendocrine cell (Drosophila)"	"other"	"EE_scRNA-seq"	NA	5
"TCATTACCACCAGCAC"	1	"SRX5979983"	"SRP200614"	"intestine"	"class II-m1 EE cell"	NA	NA	NA	"FBbt:00058005"	"adult middle midgut class II enteroendocrine cell (Drosophila)"	"perfect match"	"EE_scRNA-seq"	NA	3
"TCATTACCACTGTCGG"	2	"SRX5979983"	"SRP200614"	"intestine"	"class I-ap EE cell"	NA	NA	NA	"FBbt:00058000"	"adult class I enteroendocrine cell (Drosophila)"	"other"	"EE_scRNA-seq"	NA	5
"TCATTACCAGATCTGT"	3	"SRX5979983"	"SRP200614"	"intestine"	"class II-a EE cell"	NA	NA	NA	"FBbt:00058004"	"adult anterior midgut class II enteroendocrine cell (Drosophila)"	"perfect match"	"EE_scRNA-seq"	NA	9
"TCATTACCAGGCGATA"	3	"SRX5979983"	"SRP200614"	"intestine"	"class II-a EE cell"	NA	NA	NA	"FBbt:00058004"	"adult anterior midgut class II enteroendocrine cell (Drosophila)"	"perfect match"	"EE_scRNA-seq"	NA	9
"TCATTACGTACAGTTC"	0	"SRX5979983"	"SRP200614"	"intestine"	"class I-m EE cell"	NA	NA	NA	"FBbt:00058002"	"adult middle midgut class I enteroendocrine cell (Drosophila)"	"perfect match"	"EE_scRNA-seq"	NA	1
"TCATTACGTATAGTAG"	0	"SRX5979983"	"SRP200614"	"intestine"	"class I-m EE cell"	NA	NA	NA	"FBbt:00058002"	"adult middle midgut class I enteroendocrine cell (Drosophila)"	"perfect match"	"EE_scRNA-seq"	NA	1
"TCATTACGTATTAGCC"	3	"SRX5979983"	"SRP200614"	"intestine"	"class II-a EE cell"	NA	NA	NA	"FBbt:00058004"	"adult anterior midgut class II enteroendocrine cell (Drosophila)"	"perfect match"	"EE_scRNA-seq"	NA	9
"TCATTACGTCTAGTGT"	1	"SRX5979983"	"SRP200614"	"intestine"	"class II-m1 EE cell"	NA	NA	NA	"FBbt:00058005"	"adult middle midgut class II enteroendocrine cell (Drosophila)"	"perfect match"	"EE_scRNA-seq"	NA	3
"TCATTACGTGCGCTTG"	1	"SRX5979983"	"SRP200614"	"intestine"	"class II-m1 EE cell"	NA	NA	NA	"FBbt:00058005"	"adult middle midgut class II enteroendocrine cell (Drosophila)"	"perfect match"	"EE_scRNA-seq"	NA	3
"TCATTACGTTTGCATG"	4	"SRX5979983"	"SRP200614"	"intestine"	"class II-m2 EE cell"	NA	NA	NA	"FBbt:00058005"	"adult middle midgut class II enteroendocrine cell (Drosophila)"	"perfect match"	"EE_scRNA-seq"	NA	8
"TCATTACTCCAAACAC"	0	"SRX5979983"	"SRP200614"	"intestine"	"class I-m EE cell"	NA	NA	NA	"FBbt:00058002"	"adult middle midgut class I enteroendocrine cell (Drosophila)"	"perfect match"	"EE_scRNA-seq"	NA	1
"TCATTACTCCCTCTTT"	4	"SRX5979983"	"SRP200614"	"intestine"	"class II-m2 EE cell"	NA	NA	NA	"FBbt:00058005"	"adult middle midgut class II enteroendocrine cell (Drosophila)"	"perfect match"	"EE_scRNA-seq"	NA	8
"TCATTACTCGATCCCT"	2	"SRX5979983"	"SRP200614"	"intestine"	"class I-ap EE cell"	NA	NA	NA	"FBbt:00058000"	"adult class I enteroendocrine cell (Drosophila)"	"other"	"EE_scRNA-seq"	NA	5
"TCATTACTCTCGAGTA"	1	"SRX5979983"	"SRP200614"	"intestine"	"class II-m1 EE cell"	NA	NA	NA	"FBbt:00058005"	"adult middle midgut class II enteroendocrine cell (Drosophila)"	"perfect match"	"EE_scRNA-seq"	NA	3
"TCATTACTCTGTCTAT"	0	"SRX5979983"	"SRP200614"	"intestine"	"class I-m EE cell"	NA	NA	NA	"FBbt:00058002"	"adult middle midgut class I enteroendocrine cell (Drosophila)"	"perfect match"	"EE_scRNA-seq"	NA	1
"TCATTTGAGCTCCTTC"	1	"SRX5979983"	"SRP200614"	"intestine"	"class II-m1 EE cell"	NA	NA	NA	"FBbt:00058005"	"adult middle midgut class II enteroendocrine cell (Drosophila)"	"perfect match"	"EE_scRNA-seq"	NA	3
"TCATTTGAGGCGTACA"	0	"SRX5979983"	"SRP200614"	"intestine"	"class I-m EE cell"	NA	NA	NA	"FBbt:00058002"	"adult middle midgut class I enteroendocrine cell (Drosophila)"	"perfect match"	"EE_scRNA-seq"	NA	1
"TCATTTGAGTACGTAA"	2	"SRX5979983"	"SRP200614"	"intestine"	"class I-ap EE cell"	NA	NA	NA	"FBbt:00058000"	"adult class I enteroendocrine cell (Drosophila)"	"other"	"EE_scRNA-seq"	NA	5
"TCATTTGCAAACCCAT"	6	"SRX5979983"	"SRP200614"	"intestine"	"class I-p AstA EE cell"	NA	NA	NA	"FBbt:00058003"	"adult posterior midgut class I enteroendocrine cell (Drosophila)"	"missing child term"	"EE_scRNA-seq"	NA	6
"TCATTTGCAAGACGTG"	2	"SRX5979983"	"SRP200614"	"intestine"	"class I-ap EE cell"	NA	NA	NA	"FBbt:00058000"	"adult class I enteroendocrine cell (Drosophila)"	"other"	"EE_scRNA-seq"	NA	5
"TCATTTGCACAACGTT"	3	"SRX5979983"	"SRP200614"	"intestine"	"class II-a EE cell"	NA	NA	NA	"FBbt:00058004"	"adult anterior midgut class II enteroendocrine cell (Drosophila)"	"perfect match"	"EE_scRNA-seq"	NA	9
"TCATTTGCAGGGATTG"	0	"SRX5979983"	"SRP200614"	"intestine"	"class I-m EE cell"	NA	NA	NA	"FBbt:00058002"	"adult middle midgut class I enteroendocrine cell (Drosophila)"	"perfect match"	"EE_scRNA-seq"	NA	1
"TCATTTGCATTCTCAT"	2	"SRX5979983"	"SRP200614"	"intestine"	"class I-ap EE cell"	NA	NA	NA	"FBbt:00058000"	"adult class I enteroendocrine cell (Drosophila)"	"other"	"EE_scRNA-seq"	NA	5
"TCATTTGGTCATACTG"	7	"SRX5979983"	"SRP200614"	"intestine"	"class II-p EE cell"	NA	NA	NA	"FBbt:00058006"	"adult posterior midgut class II enteroendocrine cell (Drosophila)"	"perfect match"	"EE_scRNA-seq"	NA	7
"TCATTTGGTCGCGTGT"	2	"SRX5979983"	"SRP200614"	"intestine"	"class I-ap EE cell"	NA	NA	NA	"FBbt:00058000"	"adult class I enteroendocrine cell (Drosophila)"	"other"	"EE_scRNA-seq"	NA	5
"TCATTTGGTCGGCATC"	7	"SRX5979983"	"SRP200614"	"intestine"	"class II-p EE cell"	NA	NA	NA	"FBbt:00058006"	"adult posterior midgut class II enteroendocrine cell (Drosophila)"	"perfect match"	"EE_scRNA-seq"	NA	7
"TCATTTGGTTTCGCTC"	2	"SRX5979983"	"SRP200614"	"intestine"	"class I-ap EE cell"	NA	NA	NA	"FBbt:00058000"	"adult class I enteroendocrine cell (Drosophila)"	"other"	"EE_scRNA-seq"	NA	5
"TCATTTGTCATCTGCC"	2	"SRX5979983"	"SRP200614"	"intestine"	"class I-ap EE cell"	NA	NA	NA	"FBbt:00058000"	"adult class I enteroendocrine cell (Drosophila)"	"other"	"EE_scRNA-seq"	NA	5
"TCATTTGTCCGTACAA"	3	"SRX5979983"	"SRP200614"	"intestine"	"class II-a EE cell"	NA	NA	NA	"FBbt:00058004"	"adult anterior midgut class II enteroendocrine cell (Drosophila)"	"perfect match"	"EE_scRNA-seq"	NA	9
"TCATTTGTCGCCCTTA"	1	"SRX5979983"	"SRP200614"	"intestine"	"class II-m1 EE cell"	NA	NA	NA	"FBbt:00058005"	"adult middle midgut class II enteroendocrine cell (Drosophila)"	"perfect match"	"EE_scRNA-seq"	NA	3
"TCCACACAGCGTTGCC"	10	"SRX5979983"	"SRP200614"	"intestine"	"EE progenitor cell"	NA	NA	NA	"FBbt:00049284"	"adult enteroendocrine precursor cell (Drosophila)"	"perfect match"	"EE_scRNA-seq"	NA	10
"TCCACACCAGCTATTG"	1	"SRX5979983"	"SRP200614"	"intestine"	"class II-m1 EE cell"	NA	NA	NA	"FBbt:00058005"	"adult middle midgut class II enteroendocrine cell (Drosophila)"	"perfect match"	"EE_scRNA-seq"	NA	3
"TCCACACCATCCCACT"	1	"SRX5979983"	"SRP200614"	"intestine"	"class II-m1 EE cell"	NA	NA	NA	"FBbt:00058005"	"adult middle midgut class II enteroendocrine cell (Drosophila)"	"perfect match"	"EE_scRNA-seq"	NA	3
"TCCACACCATTGGGCC"	6	"SRX5979983"	"SRP200614"	"intestine"	"class I-p AstA EE cell"	NA	NA	NA	"FBbt:00058003"	"adult posterior midgut class I enteroendocrine cell (Drosophila)"	"missing child term"	"EE_scRNA-seq"	NA	6
"TCCACACCATTGGTAC"	2	"SRX5979983"	"SRP200614"	"intestine"	"class I-ap EE cell"	NA	NA	NA	"FBbt:00058000"	"adult class I enteroendocrine cell (Drosophila)"	"other"	"EE_scRNA-seq"	NA	5
"TCCACACGTGTCCTCT"	1	"SRX5979983"	"SRP200614"	"intestine"	"class II-m1 EE cell"	NA	NA	NA	"FBbt:00058005"	"adult middle midgut class II enteroendocrine cell (Drosophila)"	"perfect match"	"EE_scRNA-seq"	NA	3
"TCCACACTCGGAGCAA"	0	"SRX5979983"	"SRP200614"	"intestine"	"class I-m EE cell"	NA	NA	NA	"FBbt:00058002"	"adult middle midgut class I enteroendocrine cell (Drosophila)"	"perfect match"	"EE_scRNA-seq"	NA	1
"TCCACACTCGTAGATC"	1	"SRX5979983"	"SRP200614"	"intestine"	"class II-m1 EE cell"	NA	NA	NA	"FBbt:00058005"	"adult middle midgut class II enteroendocrine cell (Drosophila)"	"perfect match"	"EE_scRNA-seq"	NA	3
"TCCACACTCTTAGCCC"	0	"SRX5979983"	"SRP200614"	"intestine"	"class I-m EE cell"	NA	NA	NA	"FBbt:00058002"	"adult middle midgut class I enteroendocrine cell (Drosophila)"	"perfect match"	"EE_scRNA-seq"	NA	1
"TCCCGATAGCACCGTC"	0	"SRX5979983"	"SRP200614"	"intestine"	"class I-m EE cell"	NA	NA	NA	"FBbt:00058002"	"adult middle midgut class I enteroendocrine cell (Drosophila)"	"perfect match"	"EE_scRNA-seq"	NA	1
"TCCCGATAGGCCCTTG"	3	"SRX5979983"	"SRP200614"	"intestine"	"class II-a EE cell"	NA	NA	NA	"FBbt:00058004"	"adult anterior midgut class II enteroendocrine cell (Drosophila)"	"perfect match"	"EE_scRNA-seq"	NA	9
"TCCCGATAGGTGATAT"	0	"SRX5979983"	"SRP200614"	"intestine"	"class I-m EE cell"	NA	NA	NA	"FBbt:00058002"	"adult middle midgut class I enteroendocrine cell (Drosophila)"	"perfect match"	"EE_scRNA-seq"	NA	1
"TCCCGATAGTGGAGTC"	2	"SRX5979983"	"SRP200614"	"intestine"	"class I-ap EE cell"	NA	NA	NA	"FBbt:00058000"	"adult class I enteroendocrine cell (Drosophila)"	"other"	"EE_scRNA-seq"	NA	5
"TCCCGATCAGCTATTG"	3	"SRX5979983"	"SRP200614"	"intestine"	"class II-a EE cell"	NA	NA	NA	"FBbt:00058004"	"adult anterior midgut class II enteroendocrine cell (Drosophila)"	"perfect match"	"EE_scRNA-seq"	NA	9
"TCCCGATCAGTGGGAT"	10	"SRX5979983"	"SRP200614"	"intestine"	"EE progenitor cell"	NA	NA	NA	"FBbt:00049284"	"adult enteroendocrine precursor cell (Drosophila)"	"perfect match"	"EE_scRNA-seq"	NA	10
"TCCCGATGTAGTAGTA"	0	"SRX5979983"	"SRP200614"	"intestine"	"class I-m EE cell"	NA	NA	NA	"FBbt:00058002"	"adult middle midgut class I enteroendocrine cell (Drosophila)"	"perfect match"	"EE_scRNA-seq"	NA	1
"TCCCGATGTGAGGCTA"	2	"SRX5979983"	"SRP200614"	"intestine"	"class I-ap EE cell"	NA	NA	NA	"FBbt:00058000"	"adult class I enteroendocrine cell (Drosophila)"	"other"	"EE_scRNA-seq"	NA	5
"TCCCGATGTGATGCCC"	7	"SRX5979983"	"SRP200614"	"intestine"	"class II-p EE cell"	NA	NA	NA	"FBbt:00058006"	"adult posterior midgut class II enteroendocrine cell (Drosophila)"	"perfect match"	"EE_scRNA-seq"	NA	7
"TCCCGATGTTCTGTTT"	3	"SRX5979983"	"SRP200614"	"intestine"	"class II-a EE cell"	NA	NA	NA	"FBbt:00058004"	"adult anterior midgut class II enteroendocrine cell (Drosophila)"	"perfect match"	"EE_scRNA-seq"	NA	9
"TCCCGATTCCACGACG"	8	"SRX5979983"	"SRP200614"	"intestine"	"class I-a EE cell"	NA	NA	NA	"FBbt:00058001"	"adult anterior midgut class I enteroendocrine cell (Drosophila)"	"perfect match"	"EE_scRNA-seq"	NA	2
"TCCCGATTCCCGACTT"	5	"SRX5979983"	"SRP200614"	"intestine"	"class I-p CCHa1 EE cell"	NA	NA	NA	"FBbt:00058003"	"adult posterior midgut class I enteroendocrine cell (Drosophila)"	"missing child term"	"EE_scRNA-seq"	NA	4
"TCCCGATTCCTTCAAT"	0	"SRX5979983"	"SRP200614"	"intestine"	"class I-m EE cell"	NA	NA	NA	"FBbt:00058002"	"adult middle midgut class I enteroendocrine cell (Drosophila)"	"perfect match"	"EE_scRNA-seq"	NA	1
"TCCCGATTCCTTTACA"	5	"SRX5979983"	"SRP200614"	"intestine"	"class I-p CCHa1 EE cell"	NA	NA	NA	"FBbt:00058003"	"adult posterior midgut class I enteroendocrine cell (Drosophila)"	"missing child term"	"EE_scRNA-seq"	NA	4
"TCCCGATTCTCCAACC"	8	"SRX5979983"	"SRP200614"	"intestine"	"class I-a EE cell"	NA	NA	NA	"FBbt:00058001"	"adult anterior midgut class I enteroendocrine cell (Drosophila)"	"perfect match"	"EE_scRNA-seq"	NA	2
"TCGAGGCAGACAAGCC"	4	"SRX5979983"	"SRP200614"	"intestine"	"class II-m2 EE cell"	NA	NA	NA	"FBbt:00058005"	"adult middle midgut class II enteroendocrine cell (Drosophila)"	"perfect match"	"EE_scRNA-seq"	NA	8
"TCGAGGCAGCTTATCG"	5	"SRX5979983"	"SRP200614"	"intestine"	"class I-p CCHa1 EE cell"	NA	NA	NA	"FBbt:00058003"	"adult posterior midgut class I enteroendocrine cell (Drosophila)"	"missing child term"	"EE_scRNA-seq"	NA	4
"TCGAGGCAGGACCACA"	6	"SRX5979983"	"SRP200614"	"intestine"	"class I-p AstA EE cell"	NA	NA	NA	"FBbt:00058003"	"adult posterior midgut class I enteroendocrine cell (Drosophila)"	"missing child term"	"EE_scRNA-seq"	NA	6
"TCGAGGCAGTAGGTGC"	0	"SRX5979983"	"SRP200614"	"intestine"	"class I-m EE cell"	NA	NA	NA	"FBbt:00058002"	"adult middle midgut class I enteroendocrine cell (Drosophila)"	"perfect match"	"EE_scRNA-seq"	NA	1
"TCGAGGCAGTCGATAA"	7	"SRX5979983"	"SRP200614"	"intestine"	"class II-p EE cell"	NA	NA	NA	"FBbt:00058006"	"adult posterior midgut class II enteroendocrine cell (Drosophila)"	"perfect match"	"EE_scRNA-seq"	NA	7
"TCGAGGCCAAACTGTC"	0	"SRX5979983"	"SRP200614"	"intestine"	"class I-m EE cell"	NA	NA	NA	"FBbt:00058002"	"adult middle midgut class I enteroendocrine cell (Drosophila)"	"perfect match"	"EE_scRNA-seq"	NA	1
"TCGAGGCCAGCTGCTG"	0	"SRX5979983"	"SRP200614"	"intestine"	"class I-m EE cell"	NA	NA	NA	"FBbt:00058002"	"adult middle midgut class I enteroendocrine cell (Drosophila)"	"perfect match"	"EE_scRNA-seq"	NA	1
"TCGAGGCGTTAGTGGG"	4	"SRX5979983"	"SRP200614"	"intestine"	"class II-m2 EE cell"	NA	NA	NA	"FBbt:00058005"	"adult middle midgut class II enteroendocrine cell (Drosophila)"	"perfect match"	"EE_scRNA-seq"	NA	8
"TCGAGGCTCGCCGTGA"	8	"SRX5979983"	"SRP200614"	"intestine"	"class I-a EE cell"	NA	NA	NA	"FBbt:00058001"	"adult anterior midgut class I enteroendocrine cell (Drosophila)"	"perfect match"	"EE_scRNA-seq"	NA	2
"TCGAGGCTCGCCTGTT"	7	"SRX5979983"	"SRP200614"	"intestine"	"class II-p EE cell"	NA	NA	NA	"FBbt:00058006"	"adult posterior midgut class II enteroendocrine cell (Drosophila)"	"perfect match"	"EE_scRNA-seq"	NA	7
"TCGCGAGAGAGAACAG"	7	"SRX5979983"	"SRP200614"	"intestine"	"class II-p EE cell"	NA	NA	NA	"FBbt:00058006"	"adult posterior midgut class II enteroendocrine cell (Drosophila)"	"perfect match"	"EE_scRNA-seq"	NA	7
"TCGCGAGAGTAACCCT"	2	"SRX5979983"	"SRP200614"	"intestine"	"class I-ap EE cell"	NA	NA	NA	"FBbt:00058000"	"adult class I enteroendocrine cell (Drosophila)"	"other"	"EE_scRNA-seq"	NA	5
"TCGCGAGAGTGGACGT"	4	"SRX5979983"	"SRP200614"	"intestine"	"class II-m2 EE cell"	NA	NA	NA	"FBbt:00058005"	"adult middle midgut class II enteroendocrine cell (Drosophila)"	"perfect match"	"EE_scRNA-seq"	NA	8
"TCGCGAGCAAATACAG"	7	"SRX5979983"	"SRP200614"	"intestine"	"class II-p EE cell"	NA	NA	NA	"FBbt:00058006"	"adult posterior midgut class II enteroendocrine cell (Drosophila)"	"perfect match"	"EE_scRNA-seq"	NA	7
"TCGCGAGCAATCCGAT"	0	"SRX5979983"	"SRP200614"	"intestine"	"class I-m EE cell"	NA	NA	NA	"FBbt:00058002"	"adult middle midgut class I enteroendocrine cell (Drosophila)"	"perfect match"	"EE_scRNA-seq"	NA	1
"TCGCGAGCAGACGCCT"	5	"SRX5979983"	"SRP200614"	"intestine"	"class I-p CCHa1 EE cell"	NA	NA	NA	"FBbt:00058003"	"adult posterior midgut class I enteroendocrine cell (Drosophila)"	"missing child term"	"EE_scRNA-seq"	NA	4
"TCGCGAGCATAGAAAC"	2	"SRX5979983"	"SRP200614"	"intestine"	"class I-ap EE cell"	NA	NA	NA	"FBbt:00058000"	"adult class I enteroendocrine cell (Drosophila)"	"other"	"EE_scRNA-seq"	NA	5
"TCGCGAGGTGAGCGAT"	2	"SRX5979983"	"SRP200614"	"intestine"	"class I-ap EE cell"	NA	NA	NA	"FBbt:00058000"	"adult class I enteroendocrine cell (Drosophila)"	"other"	"EE_scRNA-seq"	NA	5
"TCGCGAGGTGATGCCC"	0	"SRX5979983"	"SRP200614"	"intestine"	"class I-m EE cell"	NA	NA	NA	"FBbt:00058002"	"adult middle midgut class I enteroendocrine cell (Drosophila)"	"perfect match"	"EE_scRNA-seq"	NA	1
"TCGCGAGGTGTAATGA"	6	"SRX5979983"	"SRP200614"	"intestine"	"class I-p AstA EE cell"	NA	NA	NA	"FBbt:00058003"	"adult posterior midgut class I enteroendocrine cell (Drosophila)"	"missing child term"	"EE_scRNA-seq"	NA	6
"TCGCGAGTCAGCGATT"	1	"SRX5979983"	"SRP200614"	"intestine"	"class II-m1 EE cell"	NA	NA	NA	"FBbt:00058005"	"adult middle midgut class II enteroendocrine cell (Drosophila)"	"perfect match"	"EE_scRNA-seq"	NA	3
"TCGCGAGTCATCATTC"	0	"SRX5979983"	"SRP200614"	"intestine"	"class I-m EE cell"	NA	NA	NA	"FBbt:00058002"	"adult middle midgut class I enteroendocrine cell (Drosophila)"	"perfect match"	"EE_scRNA-seq"	NA	1
"TCGCGAGTCGGTCCGA"	4	"SRX5979983"	"SRP200614"	"intestine"	"class II-m2 EE cell"	NA	NA	NA	"FBbt:00058005"	"adult middle midgut class II enteroendocrine cell (Drosophila)"	"perfect match"	"EE_scRNA-seq"	NA	8
"TCGCGTTAGACCTAGG"	7	"SRX5979983"	"SRP200614"	"intestine"	"class II-p EE cell"	NA	NA	NA	"FBbt:00058006"	"adult posterior midgut class II enteroendocrine cell (Drosophila)"	"perfect match"	"EE_scRNA-seq"	NA	7
"TCGCGTTAGTACGATA"	10	"SRX5979983"	"SRP200614"	"intestine"	"EE progenitor cell"	NA	NA	NA	"FBbt:00049284"	"adult enteroendocrine precursor cell (Drosophila)"	"perfect match"	"EE_scRNA-seq"	NA	10
"TCGCGTTAGTGGGATC"	0	"SRX5979983"	"SRP200614"	"intestine"	"class I-m EE cell"	NA	NA	NA	"FBbt:00058002"	"adult middle midgut class I enteroendocrine cell (Drosophila)"	"perfect match"	"EE_scRNA-seq"	NA	1
"TCGCGTTCAAACGCGA"	3	"SRX5979983"	"SRP200614"	"intestine"	"class II-a EE cell"	NA	NA	NA	"FBbt:00058004"	"adult anterior midgut class II enteroendocrine cell (Drosophila)"	"perfect match"	"EE_scRNA-seq"	NA	9
"TCGCGTTCAATCCAAC"	5	"SRX5979983"	"SRP200614"	"intestine"	"class I-p CCHa1 EE cell"	NA	NA	NA	"FBbt:00058003"	"adult posterior midgut class I enteroendocrine cell (Drosophila)"	"missing child term"	"EE_scRNA-seq"	NA	4
"TCGCGTTGTTCATGGT"	6	"SRX5979983"	"SRP200614"	"intestine"	"class I-p AstA EE cell"	NA	NA	NA	"FBbt:00058003"	"adult posterior midgut class I enteroendocrine cell (Drosophila)"	"missing child term"	"EE_scRNA-seq"	NA	6
"TCGCGTTTCCGAAGAG"	3	"SRX5979983"	"SRP200614"	"intestine"	"class II-a EE cell"	NA	NA	NA	"FBbt:00058004"	"adult anterior midgut class II enteroendocrine cell (Drosophila)"	"perfect match"	"EE_scRNA-seq"	NA	9
"TCGGGACAGCTAGTTC"	9	"SRX5979983"	"SRP200614"	"intestine"	"class III EE cell"	NA	NA	NA	"FBbt:00058200"	"adult class III enteroendocrine cell (Drosophila)"	"perfect match"	"EE_scRNA-seq"	NA	11
"TCGGGACAGCTATGCT"	2	"SRX5979983"	"SRP200614"	"intestine"	"class I-ap EE cell"	NA	NA	NA	"FBbt:00058000"	"adult class I enteroendocrine cell (Drosophila)"	"other"	"EE_scRNA-seq"	NA	5
"TCGGGACAGGAGTACC"	0	"SRX5979983"	"SRP200614"	"intestine"	"class I-m EE cell"	NA	NA	NA	"FBbt:00058002"	"adult middle midgut class I enteroendocrine cell (Drosophila)"	"perfect match"	"EE_scRNA-seq"	NA	1
"TCGGGACAGTGACTCT"	2	"SRX5979983"	"SRP200614"	"intestine"	"class I-ap EE cell"	NA	NA	NA	"FBbt:00058000"	"adult class I enteroendocrine cell (Drosophila)"	"other"	"EE_scRNA-seq"	NA	5
"TCGGGACCACACATGT"	1	"SRX5979983"	"SRP200614"	"intestine"	"class II-m1 EE cell"	NA	NA	NA	"FBbt:00058005"	"adult middle midgut class II enteroendocrine cell (Drosophila)"	"perfect match"	"EE_scRNA-seq"	NA	3
"TCGGGACCACCGCTAG"	7	"SRX5979983"	"SRP200614"	"intestine"	"class II-p EE cell"	NA	NA	NA	"FBbt:00058006"	"adult posterior midgut class II enteroendocrine cell (Drosophila)"	"perfect match"	"EE_scRNA-seq"	NA	7
"TCGGGACCATGGGAAC"	2	"SRX5979983"	"SRP200614"	"intestine"	"class I-ap EE cell"	NA	NA	NA	"FBbt:00058000"	"adult class I enteroendocrine cell (Drosophila)"	"other"	"EE_scRNA-seq"	NA	5
"TCGGGACGTAAGTTCC"	0	"SRX5979983"	"SRP200614"	"intestine"	"class I-m EE cell"	NA	NA	NA	"FBbt:00058002"	"adult middle midgut class I enteroendocrine cell (Drosophila)"	"perfect match"	"EE_scRNA-seq"	NA	1
"TCGGGACGTATCTGCA"	7	"SRX5979983"	"SRP200614"	"intestine"	"class II-p EE cell"	NA	NA	NA	"FBbt:00058006"	"adult posterior midgut class II enteroendocrine cell (Drosophila)"	"perfect match"	"EE_scRNA-seq"	NA	7
"TCGGGACGTCTAGCCG"	4	"SRX5979983"	"SRP200614"	"intestine"	"class II-m2 EE cell"	NA	NA	NA	"FBbt:00058005"	"adult middle midgut class II enteroendocrine cell (Drosophila)"	"perfect match"	"EE_scRNA-seq"	NA	8
"TCGGGACGTGCAGACA"	5	"SRX5979983"	"SRP200614"	"intestine"	"class I-p CCHa1 EE cell"	NA	NA	NA	"FBbt:00058003"	"adult posterior midgut class I enteroendocrine cell (Drosophila)"	"missing child term"	"EE_scRNA-seq"	NA	4
"TCGGGACGTTATCACG"	7	"SRX5979983"	"SRP200614"	"intestine"	"class II-p EE cell"	NA	NA	NA	"FBbt:00058006"	"adult posterior midgut class II enteroendocrine cell (Drosophila)"	"perfect match"	"EE_scRNA-seq"	NA	7
"TCGGGACGTTGGACCC"	0	"SRX5979983"	"SRP200614"	"intestine"	"class I-m EE cell"	NA	NA	NA	"FBbt:00058002"	"adult middle midgut class I enteroendocrine cell (Drosophila)"	"perfect match"	"EE_scRNA-seq"	NA	1
"TCGGGACGTTGTCGCG"	2	"SRX5979983"	"SRP200614"	"intestine"	"class I-ap EE cell"	NA	NA	NA	"FBbt:00058000"	"adult class I enteroendocrine cell (Drosophila)"	"other"	"EE_scRNA-seq"	NA	5
"TCGGGACTCGCCAAAT"	7	"SRX5979983"	"SRP200614"	"intestine"	"class II-p EE cell"	NA	NA	NA	"FBbt:00058006"	"adult posterior midgut class II enteroendocrine cell (Drosophila)"	"perfect match"	"EE_scRNA-seq"	NA	7
"TCGGGACTCTGGCGAC"	3	"SRX5979983"	"SRP200614"	"intestine"	"class II-a EE cell"	NA	NA	NA	"FBbt:00058004"	"adult anterior midgut class II enteroendocrine cell (Drosophila)"	"perfect match"	"EE_scRNA-seq"	NA	9
"TCGGTAAAGACGCTTT"	1	"SRX5979983"	"SRP200614"	"intestine"	"class II-m1 EE cell"	NA	NA	NA	"FBbt:00058005"	"adult middle midgut class II enteroendocrine cell (Drosophila)"	"perfect match"	"EE_scRNA-seq"	NA	3
"TCGGTAACACGGCGTT"	6	"SRX5979983"	"SRP200614"	"intestine"	"class I-p AstA EE cell"	NA	NA	NA	"FBbt:00058003"	"adult posterior midgut class I enteroendocrine cell (Drosophila)"	"missing child term"	"EE_scRNA-seq"	NA	6
"TCGGTAAGTACTCGCG"	6	"SRX5979983"	"SRP200614"	"intestine"	"class I-p AstA EE cell"	NA	NA	NA	"FBbt:00058003"	"adult posterior midgut class I enteroendocrine cell (Drosophila)"	"missing child term"	"EE_scRNA-seq"	NA	6
"TCGGTAAGTTGGTAAA"	5	"SRX5979983"	"SRP200614"	"intestine"	"class I-p CCHa1 EE cell"	NA	NA	NA	"FBbt:00058003"	"adult posterior midgut class I enteroendocrine cell (Drosophila)"	"missing child term"	"EE_scRNA-seq"	NA	4
"TCGGTAAGTTTGACTG"	5	"SRX5979983"	"SRP200614"	"intestine"	"class I-p CCHa1 EE cell"	NA	NA	NA	"FBbt:00058003"	"adult posterior midgut class I enteroendocrine cell (Drosophila)"	"missing child term"	"EE_scRNA-seq"	NA	4
"TCGGTAATCACAACGT"	0	"SRX5979983"	"SRP200614"	"intestine"	"class I-m EE cell"	NA	NA	NA	"FBbt:00058002"	"adult middle midgut class I enteroendocrine cell (Drosophila)"	"perfect match"	"EE_scRNA-seq"	NA	1
"TCGGTAATCCTAGGGC"	6	"SRX5979983"	"SRP200614"	"intestine"	"class I-p AstA EE cell"	NA	NA	NA	"FBbt:00058003"	"adult posterior midgut class I enteroendocrine cell (Drosophila)"	"missing child term"	"EE_scRNA-seq"	NA	6
"TCGTACCAGATATGCA"	0	"SRX5979983"	"SRP200614"	"intestine"	"class I-m EE cell"	NA	NA	NA	"FBbt:00058002"	"adult middle midgut class I enteroendocrine cell (Drosophila)"	"perfect match"	"EE_scRNA-seq"	NA	1
"TCGTACCCAAAGGTGC"	7	"SRX5979983"	"SRP200614"	"intestine"	"class II-p EE cell"	NA	NA	NA	"FBbt:00058006"	"adult posterior midgut class II enteroendocrine cell (Drosophila)"	"perfect match"	"EE_scRNA-seq"	NA	7
"TCGTACCCAAGGGTCA"	3	"SRX5979983"	"SRP200614"	"intestine"	"class II-a EE cell"	NA	NA	NA	"FBbt:00058004"	"adult anterior midgut class II enteroendocrine cell (Drosophila)"	"perfect match"	"EE_scRNA-seq"	NA	9
"TCGTACCCAGGATCGA"	3	"SRX5979983"	"SRP200614"	"intestine"	"class II-a EE cell"	NA	NA	NA	"FBbt:00058004"	"adult anterior midgut class II enteroendocrine cell (Drosophila)"	"perfect match"	"EE_scRNA-seq"	NA	9
"TCGTACCCATGCTAGT"	0	"SRX5979983"	"SRP200614"	"intestine"	"class I-m EE cell"	NA	NA	NA	"FBbt:00058002"	"adult middle midgut class I enteroendocrine cell (Drosophila)"	"perfect match"	"EE_scRNA-seq"	NA	1
"TCGTACCTCACGCGGT"	1	"SRX5979983"	"SRP200614"	"intestine"	"class II-m1 EE cell"	NA	NA	NA	"FBbt:00058005"	"adult middle midgut class II enteroendocrine cell (Drosophila)"	"perfect match"	"EE_scRNA-seq"	NA	3
"TCGTACCTCCCTTGTG"	6	"SRX5979983"	"SRP200614"	"intestine"	"class I-p AstA EE cell"	NA	NA	NA	"FBbt:00058003"	"adult posterior midgut class I enteroendocrine cell (Drosophila)"	"missing child term"	"EE_scRNA-seq"	NA	6
"TCGTAGAAGCACGCCT"	3	"SRX5979983"	"SRP200614"	"intestine"	"class II-a EE cell"	NA	NA	NA	"FBbt:00058004"	"adult anterior midgut class II enteroendocrine cell (Drosophila)"	"perfect match"	"EE_scRNA-seq"	NA	9
"TCGTAGACAAGCCTAT"	5	"SRX5979983"	"SRP200614"	"intestine"	"class I-p CCHa1 EE cell"	NA	NA	NA	"FBbt:00058003"	"adult posterior midgut class I enteroendocrine cell (Drosophila)"	"missing child term"	"EE_scRNA-seq"	NA	4
"TCGTAGACACATAACC"	3	"SRX5979983"	"SRP200614"	"intestine"	"class II-a EE cell"	NA	NA	NA	"FBbt:00058004"	"adult anterior midgut class II enteroendocrine cell (Drosophila)"	"perfect match"	"EE_scRNA-seq"	NA	9
"TCGTAGACAGATGGCA"	0	"SRX5979983"	"SRP200614"	"intestine"	"class I-m EE cell"	NA	NA	NA	"FBbt:00058002"	"adult middle midgut class I enteroendocrine cell (Drosophila)"	"perfect match"	"EE_scRNA-seq"	NA	1
"TCGTAGACAGCGTTCG"	0	"SRX5979983"	"SRP200614"	"intestine"	"class I-m EE cell"	NA	NA	NA	"FBbt:00058002"	"adult middle midgut class I enteroendocrine cell (Drosophila)"	"perfect match"	"EE_scRNA-seq"	NA	1
"TCGTAGACAGGATTGG"	7	"SRX5979983"	"SRP200614"	"intestine"	"class II-p EE cell"	NA	NA	NA	"FBbt:00058006"	"adult posterior midgut class II enteroendocrine cell (Drosophila)"	"perfect match"	"EE_scRNA-seq"	NA	7
"TCGTAGACATATACGC"	5	"SRX5979983"	"SRP200614"	"intestine"	"class I-p CCHa1 EE cell"	NA	NA	NA	"FBbt:00058003"	"adult posterior midgut class I enteroendocrine cell (Drosophila)"	"missing child term"	"EE_scRNA-seq"	NA	4
"TCGTAGACATCGGACC"	3	"SRX5979983"	"SRP200614"	"intestine"	"class II-a EE cell"	NA	NA	NA	"FBbt:00058004"	"adult anterior midgut class II enteroendocrine cell (Drosophila)"	"perfect match"	"EE_scRNA-seq"	NA	9
"TCGTAGAGTCTGCCAG"	1	"SRX5979983"	"SRP200614"	"intestine"	"class II-m1 EE cell"	NA	NA	NA	"FBbt:00058005"	"adult middle midgut class II enteroendocrine cell (Drosophila)"	"perfect match"	"EE_scRNA-seq"	NA	3
"TCGTAGAGTCTTTCAT"	5	"SRX5979983"	"SRP200614"	"intestine"	"class I-p CCHa1 EE cell"	NA	NA	NA	"FBbt:00058003"	"adult posterior midgut class I enteroendocrine cell (Drosophila)"	"missing child term"	"EE_scRNA-seq"	NA	4
"TCGTAGATCCCTCTTT"	2	"SRX5979983"	"SRP200614"	"intestine"	"class I-ap EE cell"	NA	NA	NA	"FBbt:00058000"	"adult class I enteroendocrine cell (Drosophila)"	"other"	"EE_scRNA-seq"	NA	5
"TCGTAGATCTCTGTCG"	0	"SRX5979983"	"SRP200614"	"intestine"	"class I-m EE cell"	NA	NA	NA	"FBbt:00058002"	"adult middle midgut class I enteroendocrine cell (Drosophila)"	"perfect match"	"EE_scRNA-seq"	NA	1
"TCTATTGAGGAATTAC"	3	"SRX5979983"	"SRP200614"	"intestine"	"class II-a EE cell"	NA	NA	NA	"FBbt:00058004"	"adult anterior midgut class II enteroendocrine cell (Drosophila)"	"perfect match"	"EE_scRNA-seq"	NA	9
"TCTATTGAGGTGTTAA"	3	"SRX5979983"	"SRP200614"	"intestine"	"class II-a EE cell"	NA	NA	NA	"FBbt:00058004"	"adult anterior midgut class II enteroendocrine cell (Drosophila)"	"perfect match"	"EE_scRNA-seq"	NA	9
"TCTATTGCACAGATTC"	1	"SRX5979983"	"SRP200614"	"intestine"	"class II-m1 EE cell"	NA	NA	NA	"FBbt:00058005"	"adult middle midgut class II enteroendocrine cell (Drosophila)"	"perfect match"	"EE_scRNA-seq"	NA	3
"TCTATTGCACCGATAT"	2	"SRX5979983"	"SRP200614"	"intestine"	"class I-ap EE cell"	NA	NA	NA	"FBbt:00058000"	"adult class I enteroendocrine cell (Drosophila)"	"other"	"EE_scRNA-seq"	NA	5
"TCTATTGCATTGCGGC"	1	"SRX5979983"	"SRP200614"	"intestine"	"class II-m1 EE cell"	NA	NA	NA	"FBbt:00058005"	"adult middle midgut class II enteroendocrine cell (Drosophila)"	"perfect match"	"EE_scRNA-seq"	NA	3
"TCTATTGGTCTCCACT"	6	"SRX5979983"	"SRP200614"	"intestine"	"class I-p AstA EE cell"	NA	NA	NA	"FBbt:00058003"	"adult posterior midgut class I enteroendocrine cell (Drosophila)"	"missing child term"	"EE_scRNA-seq"	NA	6
"TCTCATAAGATAGGAG"	1	"SRX5979983"	"SRP200614"	"intestine"	"class II-m1 EE cell"	NA	NA	NA	"FBbt:00058005"	"adult middle midgut class II enteroendocrine cell (Drosophila)"	"perfect match"	"EE_scRNA-seq"	NA	3
"TCTCATACAAGTCTGT"	1	"SRX5979983"	"SRP200614"	"intestine"	"class II-m1 EE cell"	NA	NA	NA	"FBbt:00058005"	"adult middle midgut class II enteroendocrine cell (Drosophila)"	"perfect match"	"EE_scRNA-seq"	NA	3
"TCTCATAGTAGTACCT"	2	"SRX5979983"	"SRP200614"	"intestine"	"class I-ap EE cell"	NA	NA	NA	"FBbt:00058000"	"adult class I enteroendocrine cell (Drosophila)"	"other"	"EE_scRNA-seq"	NA	5
"TCTCATAGTCTCCCTA"	8	"SRX5979983"	"SRP200614"	"intestine"	"class I-a EE cell"	NA	NA	NA	"FBbt:00058001"	"adult anterior midgut class I enteroendocrine cell (Drosophila)"	"perfect match"	"EE_scRNA-seq"	NA	2
"TCTCATAGTTGGAGGT"	2	"SRX5979983"	"SRP200614"	"intestine"	"class I-ap EE cell"	NA	NA	NA	"FBbt:00058000"	"adult class I enteroendocrine cell (Drosophila)"	"other"	"EE_scRNA-seq"	NA	5
"TCTCATATCATGCTCC"	7	"SRX5979983"	"SRP200614"	"intestine"	"class II-p EE cell"	NA	NA	NA	"FBbt:00058006"	"adult posterior midgut class II enteroendocrine cell (Drosophila)"	"perfect match"	"EE_scRNA-seq"	NA	7
"TCTCTAAAGATGTCGG"	4	"SRX5979983"	"SRP200614"	"intestine"	"class II-m2 EE cell"	NA	NA	NA	"FBbt:00058005"	"adult middle midgut class II enteroendocrine cell (Drosophila)"	"perfect match"	"EE_scRNA-seq"	NA	8
"TCTCTAAAGCAACGGT"	3	"SRX5979983"	"SRP200614"	"intestine"	"class II-a EE cell"	NA	NA	NA	"FBbt:00058004"	"adult anterior midgut class II enteroendocrine cell (Drosophila)"	"perfect match"	"EE_scRNA-seq"	NA	9
"TCTCTAAAGCGATGAC"	0	"SRX5979983"	"SRP200614"	"intestine"	"class I-m EE cell"	NA	NA	NA	"FBbt:00058002"	"adult middle midgut class I enteroendocrine cell (Drosophila)"	"perfect match"	"EE_scRNA-seq"	NA	1
"TCTCTAAAGCTAGTCT"	6	"SRX5979983"	"SRP200614"	"intestine"	"class I-p AstA EE cell"	NA	NA	NA	"FBbt:00058003"	"adult posterior midgut class I enteroendocrine cell (Drosophila)"	"missing child term"	"EE_scRNA-seq"	NA	6
"TCTCTAAAGCTAGTTC"	4	"SRX5979983"	"SRP200614"	"intestine"	"class II-m2 EE cell"	NA	NA	NA	"FBbt:00058005"	"adult middle midgut class II enteroendocrine cell (Drosophila)"	"perfect match"	"EE_scRNA-seq"	NA	8
"TCTCTAAAGGAATGGA"	2	"SRX5979983"	"SRP200614"	"intestine"	"class I-ap EE cell"	NA	NA	NA	"FBbt:00058000"	"adult class I enteroendocrine cell (Drosophila)"	"other"	"EE_scRNA-seq"	NA	5
"TCTCTAACAAGTTGTC"	8	"SRX5979983"	"SRP200614"	"intestine"	"class I-a EE cell"	NA	NA	NA	"FBbt:00058001"	"adult anterior midgut class I enteroendocrine cell (Drosophila)"	"perfect match"	"EE_scRNA-seq"	NA	2
"TCTCTAACAGTCGATT"	3	"SRX5979983"	"SRP200614"	"intestine"	"class II-a EE cell"	NA	NA	NA	"FBbt:00058004"	"adult anterior midgut class II enteroendocrine cell (Drosophila)"	"perfect match"	"EE_scRNA-seq"	NA	9
"TCTCTAACAGTGGGAT"	1	"SRX5979983"	"SRP200614"	"intestine"	"class II-m1 EE cell"	NA	NA	NA	"FBbt:00058005"	"adult middle midgut class II enteroendocrine cell (Drosophila)"	"perfect match"	"EE_scRNA-seq"	NA	3
"TCTCTAACATTGGGCC"	0	"SRX5979983"	"SRP200614"	"intestine"	"class I-m EE cell"	NA	NA	NA	"FBbt:00058002"	"adult middle midgut class I enteroendocrine cell (Drosophila)"	"perfect match"	"EE_scRNA-seq"	NA	1
"TCTCTAAGTAAGAGAG"	5	"SRX5979983"	"SRP200614"	"intestine"	"class I-p CCHa1 EE cell"	NA	NA	NA	"FBbt:00058003"	"adult posterior midgut class I enteroendocrine cell (Drosophila)"	"missing child term"	"EE_scRNA-seq"	NA	4
"TCTCTAAGTGCACCAC"	2	"SRX5979983"	"SRP200614"	"intestine"	"class I-ap EE cell"	NA	NA	NA	"FBbt:00058000"	"adult class I enteroendocrine cell (Drosophila)"	"other"	"EE_scRNA-seq"	NA	5
"TCTCTAAGTTATGCGT"	2	"SRX5979983"	"SRP200614"	"intestine"	"class I-ap EE cell"	NA	NA	NA	"FBbt:00058000"	"adult class I enteroendocrine cell (Drosophila)"	"other"	"EE_scRNA-seq"	NA	5
"TCTCTAATCGCTAGCG"	0	"SRX5979983"	"SRP200614"	"intestine"	"class I-m EE cell"	NA	NA	NA	"FBbt:00058002"	"adult middle midgut class I enteroendocrine cell (Drosophila)"	"perfect match"	"EE_scRNA-seq"	NA	1
"TCTGAGAAGAACTCGG"	0	"SRX5979983"	"SRP200614"	"intestine"	"class I-m EE cell"	NA	NA	NA	"FBbt:00058002"	"adult middle midgut class I enteroendocrine cell (Drosophila)"	"perfect match"	"EE_scRNA-seq"	NA	1
"TCTGAGAAGGAGTACC"	2	"SRX5979983"	"SRP200614"	"intestine"	"class I-ap EE cell"	NA	NA	NA	"FBbt:00058000"	"adult class I enteroendocrine cell (Drosophila)"	"other"	"EE_scRNA-seq"	NA	5
"TCTGAGAAGTTCGCGC"	2	"SRX5979983"	"SRP200614"	"intestine"	"class I-ap EE cell"	NA	NA	NA	"FBbt:00058000"	"adult class I enteroendocrine cell (Drosophila)"	"other"	"EE_scRNA-seq"	NA	5
"TCTGAGACAGCTTAAC"	0	"SRX5979983"	"SRP200614"	"intestine"	"class I-m EE cell"	NA	NA	NA	"FBbt:00058002"	"adult middle midgut class I enteroendocrine cell (Drosophila)"	"perfect match"	"EE_scRNA-seq"	NA	1
"TCTGAGACATACGCTA"	1	"SRX5979983"	"SRP200614"	"intestine"	"class II-m1 EE cell"	NA	NA	NA	"FBbt:00058005"	"adult middle midgut class II enteroendocrine cell (Drosophila)"	"perfect match"	"EE_scRNA-seq"	NA	3
"TCTGAGAGTCGAGTTT"	2	"SRX5979983"	"SRP200614"	"intestine"	"class I-ap EE cell"	NA	NA	NA	"FBbt:00058000"	"adult class I enteroendocrine cell (Drosophila)"	"other"	"EE_scRNA-seq"	NA	5
"TCTGAGAGTTGCCTCT"	2	"SRX5979983"	"SRP200614"	"intestine"	"class I-ap EE cell"	NA	NA	NA	"FBbt:00058000"	"adult class I enteroendocrine cell (Drosophila)"	"other"	"EE_scRNA-seq"	NA	5
"TCTGAGATCGCATGAT"	5	"SRX5979983"	"SRP200614"	"intestine"	"class I-p CCHa1 EE cell"	NA	NA	NA	"FBbt:00058003"	"adult posterior midgut class I enteroendocrine cell (Drosophila)"	"missing child term"	"EE_scRNA-seq"	NA	4
"TCTGAGATCTTGAGGT"	3	"SRX5979983"	"SRP200614"	"intestine"	"class II-a EE cell"	NA	NA	NA	"FBbt:00058004"	"adult anterior midgut class II enteroendocrine cell (Drosophila)"	"perfect match"	"EE_scRNA-seq"	NA	9
"TCTGGAAAGGACCACA"	3	"SRX5979983"	"SRP200614"	"intestine"	"class II-a EE cell"	NA	NA	NA	"FBbt:00058004"	"adult anterior midgut class II enteroendocrine cell (Drosophila)"	"perfect match"	"EE_scRNA-seq"	NA	9
"TCTGGAAAGGAGTCTG"	5	"SRX5979983"	"SRP200614"	"intestine"	"class I-p CCHa1 EE cell"	NA	NA	NA	"FBbt:00058003"	"adult posterior midgut class I enteroendocrine cell (Drosophila)"	"missing child term"	"EE_scRNA-seq"	NA	4
"TCTGGAAAGTACCGGA"	1	"SRX5979983"	"SRP200614"	"intestine"	"class II-m1 EE cell"	NA	NA	NA	"FBbt:00058005"	"adult middle midgut class II enteroendocrine cell (Drosophila)"	"perfect match"	"EE_scRNA-seq"	NA	3
"TCTGGAACAAGCGATG"	0	"SRX5979983"	"SRP200614"	"intestine"	"class I-m EE cell"	NA	NA	NA	"FBbt:00058002"	"adult middle midgut class I enteroendocrine cell (Drosophila)"	"perfect match"	"EE_scRNA-seq"	NA	1
"TCTGGAACAGTAACGG"	7	"SRX5979983"	"SRP200614"	"intestine"	"class II-p EE cell"	NA	NA	NA	"FBbt:00058006"	"adult posterior midgut class II enteroendocrine cell (Drosophila)"	"perfect match"	"EE_scRNA-seq"	NA	7
"TCTGGAAGTCGGCTCA"	3	"SRX5979983"	"SRP200614"	"intestine"	"class II-a EE cell"	NA	NA	NA	"FBbt:00058004"	"adult anterior midgut class II enteroendocrine cell (Drosophila)"	"perfect match"	"EE_scRNA-seq"	NA	9
"TCTGGAATCACCACCT"	5	"SRX5979983"	"SRP200614"	"intestine"	"class I-p CCHa1 EE cell"	NA	NA	NA	"FBbt:00058003"	"adult posterior midgut class I enteroendocrine cell (Drosophila)"	"missing child term"	"EE_scRNA-seq"	NA	4
"TCTGGAATCACGAAGG"	2	"SRX5979983"	"SRP200614"	"intestine"	"class I-ap EE cell"	NA	NA	NA	"FBbt:00058000"	"adult class I enteroendocrine cell (Drosophila)"	"other"	"EE_scRNA-seq"	NA	5
"TCTGGAATCCGTTGTC"	4	"SRX5979983"	"SRP200614"	"intestine"	"class II-m2 EE cell"	NA	NA	NA	"FBbt:00058005"	"adult middle midgut class II enteroendocrine cell (Drosophila)"	"perfect match"	"EE_scRNA-seq"	NA	8
"TCTTCGGAGAGACTTA"	0	"SRX5979983"	"SRP200614"	"intestine"	"class I-m EE cell"	NA	NA	NA	"FBbt:00058002"	"adult middle midgut class I enteroendocrine cell (Drosophila)"	"perfect match"	"EE_scRNA-seq"	NA	1
"TCTTCGGCACTACAGT"	1	"SRX5979983"	"SRP200614"	"intestine"	"class II-m1 EE cell"	NA	NA	NA	"FBbt:00058005"	"adult middle midgut class II enteroendocrine cell (Drosophila)"	"perfect match"	"EE_scRNA-seq"	NA	3
"TCTTCGGCACTGTCGG"	3	"SRX5979983"	"SRP200614"	"intestine"	"class II-a EE cell"	NA	NA	NA	"FBbt:00058004"	"adult anterior midgut class II enteroendocrine cell (Drosophila)"	"perfect match"	"EE_scRNA-seq"	NA	9
"TCTTCGGCAGTGGGAT"	1	"SRX5979983"	"SRP200614"	"intestine"	"class II-m1 EE cell"	NA	NA	NA	"FBbt:00058005"	"adult middle midgut class II enteroendocrine cell (Drosophila)"	"perfect match"	"EE_scRNA-seq"	NA	3
"TCTTCGGGTAGCTAAA"	2	"SRX5979983"	"SRP200614"	"intestine"	"class I-ap EE cell"	NA	NA	NA	"FBbt:00058000"	"adult class I enteroendocrine cell (Drosophila)"	"other"	"EE_scRNA-seq"	NA	5
"TCTTCGGGTCACTGGC"	2	"SRX5979983"	"SRP200614"	"intestine"	"class I-ap EE cell"	NA	NA	NA	"FBbt:00058000"	"adult class I enteroendocrine cell (Drosophila)"	"other"	"EE_scRNA-seq"	NA	5
"TCTTCGGGTCCAGTGC"	2	"SRX5979983"	"SRP200614"	"intestine"	"class I-ap EE cell"	NA	NA	NA	"FBbt:00058000"	"adult class I enteroendocrine cell (Drosophila)"	"other"	"EE_scRNA-seq"	NA	5
"TCTTCGGGTCTAGCCG"	1	"SRX5979983"	"SRP200614"	"intestine"	"class II-m1 EE cell"	NA	NA	NA	"FBbt:00058005"	"adult middle midgut class II enteroendocrine cell (Drosophila)"	"perfect match"	"EE_scRNA-seq"	NA	3
"TCTTCGGGTGGTCCGT"	2	"SRX5979983"	"SRP200614"	"intestine"	"class I-ap EE cell"	NA	NA	NA	"FBbt:00058000"	"adult class I enteroendocrine cell (Drosophila)"	"other"	"EE_scRNA-seq"	NA	5
"TCTTCGGGTTAAAGTG"	3	"SRX5979983"	"SRP200614"	"intestine"	"class II-a EE cell"	NA	NA	NA	"FBbt:00058004"	"adult anterior midgut class II enteroendocrine cell (Drosophila)"	"perfect match"	"EE_scRNA-seq"	NA	9
"TCTTCGGTCACTCCTG"	2	"SRX5979983"	"SRP200614"	"intestine"	"class I-ap EE cell"	NA	NA	NA	"FBbt:00058000"	"adult class I enteroendocrine cell (Drosophila)"	"other"	"EE_scRNA-seq"	NA	5
"TCTTCGGTCGGTGTCG"	0	"SRX5979983"	"SRP200614"	"intestine"	"class I-m EE cell"	NA	NA	NA	"FBbt:00058002"	"adult middle midgut class I enteroendocrine cell (Drosophila)"	"perfect match"	"EE_scRNA-seq"	NA	1
"TCTTCGGTCTTAACCT"	2	"SRX5979983"	"SRP200614"	"intestine"	"class I-ap EE cell"	NA	NA	NA	"FBbt:00058000"	"adult class I enteroendocrine cell (Drosophila)"	"other"	"EE_scRNA-seq"	NA	5
"TCTTCGGTCTTGGGTA"	1	"SRX5979983"	"SRP200614"	"intestine"	"class II-m1 EE cell"	NA	NA	NA	"FBbt:00058005"	"adult middle midgut class II enteroendocrine cell (Drosophila)"	"perfect match"	"EE_scRNA-seq"	NA	3
"TCTTTCCAGAACTCGG"	2	"SRX5979983"	"SRP200614"	"intestine"	"class I-ap EE cell"	NA	NA	NA	"FBbt:00058000"	"adult class I enteroendocrine cell (Drosophila)"	"other"	"EE_scRNA-seq"	NA	5
"TCTTTCCAGGGAAACA"	3	"SRX5979983"	"SRP200614"	"intestine"	"class II-a EE cell"	NA	NA	NA	"FBbt:00058004"	"adult anterior midgut class II enteroendocrine cell (Drosophila)"	"perfect match"	"EE_scRNA-seq"	NA	9
"TCTTTCCCAAAGGCGT"	1	"SRX5979983"	"SRP200614"	"intestine"	"class II-m1 EE cell"	NA	NA	NA	"FBbt:00058005"	"adult middle midgut class II enteroendocrine cell (Drosophila)"	"perfect match"	"EE_scRNA-seq"	NA	3
"TCTTTCCCAAAGTCAA"	4	"SRX5979983"	"SRP200614"	"intestine"	"class II-m2 EE cell"	NA	NA	NA	"FBbt:00058005"	"adult middle midgut class II enteroendocrine cell (Drosophila)"	"perfect match"	"EE_scRNA-seq"	NA	8
"TCTTTCCCAATGGATA"	3	"SRX5979983"	"SRP200614"	"intestine"	"class II-a EE cell"	NA	NA	NA	"FBbt:00058004"	"adult anterior midgut class II enteroendocrine cell (Drosophila)"	"perfect match"	"EE_scRNA-seq"	NA	9
"TCTTTCCCACGAAATA"	6	"SRX5979983"	"SRP200614"	"intestine"	"class I-p AstA EE cell"	NA	NA	NA	"FBbt:00058003"	"adult posterior midgut class I enteroendocrine cell (Drosophila)"	"missing child term"	"EE_scRNA-seq"	NA	6
"TCTTTCCCATCTACGA"	5	"SRX5979983"	"SRP200614"	"intestine"	"class I-p CCHa1 EE cell"	NA	NA	NA	"FBbt:00058003"	"adult posterior midgut class I enteroendocrine cell (Drosophila)"	"missing child term"	"EE_scRNA-seq"	NA	4
"TCTTTCCCATGTCCTC"	7	"SRX5979983"	"SRP200614"	"intestine"	"class II-p EE cell"	NA	NA	NA	"FBbt:00058006"	"adult posterior midgut class II enteroendocrine cell (Drosophila)"	"perfect match"	"EE_scRNA-seq"	NA	7
"TCTTTCCCATGTCTCC"	3	"SRX5979983"	"SRP200614"	"intestine"	"class II-a EE cell"	NA	NA	NA	"FBbt:00058004"	"adult anterior midgut class II enteroendocrine cell (Drosophila)"	"perfect match"	"EE_scRNA-seq"	NA	9
"TCTTTCCGTACGCACC"	1	"SRX5979983"	"SRP200614"	"intestine"	"class II-m1 EE cell"	NA	NA	NA	"FBbt:00058005"	"adult middle midgut class II enteroendocrine cell (Drosophila)"	"perfect match"	"EE_scRNA-seq"	NA	3
"TCTTTCCGTGTGTGCC"	0	"SRX5979983"	"SRP200614"	"intestine"	"class I-m EE cell"	NA	NA	NA	"FBbt:00058002"	"adult middle midgut class I enteroendocrine cell (Drosophila)"	"perfect match"	"EE_scRNA-seq"	NA	1
"TCTTTCCTCCCTAACC"	2	"SRX5979983"	"SRP200614"	"intestine"	"class I-ap EE cell"	NA	NA	NA	"FBbt:00058000"	"adult class I enteroendocrine cell (Drosophila)"	"other"	"EE_scRNA-seq"	NA	5
"TCTTTCCTCGTTGCCT"	2	"SRX5979983"	"SRP200614"	"intestine"	"class I-ap EE cell"	NA	NA	NA	"FBbt:00058000"	"adult class I enteroendocrine cell (Drosophila)"	"other"	"EE_scRNA-seq"	NA	5
"TGAAAGAAGAGTACCG"	0	"SRX5979983"	"SRP200614"	"intestine"	"class I-m EE cell"	NA	NA	NA	"FBbt:00058002"	"adult middle midgut class I enteroendocrine cell (Drosophila)"	"perfect match"	"EE_scRNA-seq"	NA	1
"TGAAAGAAGCAGGTCA"	0	"SRX5979983"	"SRP200614"	"intestine"	"class I-m EE cell"	NA	NA	NA	"FBbt:00058002"	"adult middle midgut class I enteroendocrine cell (Drosophila)"	"perfect match"	"EE_scRNA-seq"	NA	1
"TGAAAGACAAATCCGT"	2	"SRX5979983"	"SRP200614"	"intestine"	"class I-ap EE cell"	NA	NA	NA	"FBbt:00058000"	"adult class I enteroendocrine cell (Drosophila)"	"other"	"EE_scRNA-seq"	NA	5
"TGAAAGACACAGCCCA"	0	"SRX5979983"	"SRP200614"	"intestine"	"class I-m EE cell"	NA	NA	NA	"FBbt:00058002"	"adult middle midgut class I enteroendocrine cell (Drosophila)"	"perfect match"	"EE_scRNA-seq"	NA	1
"TGAAAGACAGCTATTG"	3	"SRX5979983"	"SRP200614"	"intestine"	"class II-a EE cell"	NA	NA	NA	"FBbt:00058004"	"adult anterior midgut class II enteroendocrine cell (Drosophila)"	"perfect match"	"EE_scRNA-seq"	NA	9
"TGAAAGACAGGACCCT"	1	"SRX5979983"	"SRP200614"	"intestine"	"class II-m1 EE cell"	NA	NA	NA	"FBbt:00058005"	"adult middle midgut class II enteroendocrine cell (Drosophila)"	"perfect match"	"EE_scRNA-seq"	NA	3
"TGAAAGACAGGTCGTC"	3	"SRX5979983"	"SRP200614"	"intestine"	"class II-a EE cell"	NA	NA	NA	"FBbt:00058004"	"adult anterior midgut class II enteroendocrine cell (Drosophila)"	"perfect match"	"EE_scRNA-seq"	NA	9
"TGAAAGAGTCAATGTC"	0	"SRX5979983"	"SRP200614"	"intestine"	"class I-m EE cell"	NA	NA	NA	"FBbt:00058002"	"adult middle midgut class I enteroendocrine cell (Drosophila)"	"perfect match"	"EE_scRNA-seq"	NA	1
"TGAAAGAGTCCTGCTT"	4	"SRX5979983"	"SRP200614"	"intestine"	"class II-m2 EE cell"	NA	NA	NA	"FBbt:00058005"	"adult middle midgut class II enteroendocrine cell (Drosophila)"	"perfect match"	"EE_scRNA-seq"	NA	8
"TGAAAGAGTCTGATTG"	0	"SRX5979983"	"SRP200614"	"intestine"	"class I-m EE cell"	NA	NA	NA	"FBbt:00058002"	"adult middle midgut class I enteroendocrine cell (Drosophila)"	"perfect match"	"EE_scRNA-seq"	NA	1
"TGAAAGAGTGACTCAT"	0	"SRX5979983"	"SRP200614"	"intestine"	"class I-m EE cell"	NA	NA	NA	"FBbt:00058002"	"adult middle midgut class I enteroendocrine cell (Drosophila)"	"perfect match"	"EE_scRNA-seq"	NA	1
"TGAAAGAGTGAGGGTT"	0	"SRX5979983"	"SRP200614"	"intestine"	"class I-m EE cell"	NA	NA	NA	"FBbt:00058002"	"adult middle midgut class I enteroendocrine cell (Drosophila)"	"perfect match"	"EE_scRNA-seq"	NA	1
"TGAAAGAGTTGCGCAC"	5	"SRX5979983"	"SRP200614"	"intestine"	"class I-p CCHa1 EE cell"	NA	NA	NA	"FBbt:00058003"	"adult posterior midgut class I enteroendocrine cell (Drosophila)"	"missing child term"	"EE_scRNA-seq"	NA	4
"TGAAAGATCCAAACAC"	2	"SRX5979983"	"SRP200614"	"intestine"	"class I-ap EE cell"	NA	NA	NA	"FBbt:00058000"	"adult class I enteroendocrine cell (Drosophila)"	"other"	"EE_scRNA-seq"	NA	5
"TGACAACAGAAACCGC"	1	"SRX5979983"	"SRP200614"	"intestine"	"class II-m1 EE cell"	NA	NA	NA	"FBbt:00058005"	"adult middle midgut class II enteroendocrine cell (Drosophila)"	"perfect match"	"EE_scRNA-seq"	NA	3
"TGACAACAGCGATCCC"	2	"SRX5979983"	"SRP200614"	"intestine"	"class I-ap EE cell"	NA	NA	NA	"FBbt:00058000"	"adult class I enteroendocrine cell (Drosophila)"	"other"	"EE_scRNA-seq"	NA	5
"TGACAACAGCTATGCT"	1	"SRX5979983"	"SRP200614"	"intestine"	"class II-m1 EE cell"	NA	NA	NA	"FBbt:00058005"	"adult middle midgut class II enteroendocrine cell (Drosophila)"	"perfect match"	"EE_scRNA-seq"	NA	3
"TGACAACAGCTGAAAT"	0	"SRX5979983"	"SRP200614"	"intestine"	"class I-m EE cell"	NA	NA	NA	"FBbt:00058002"	"adult middle midgut class I enteroendocrine cell (Drosophila)"	"perfect match"	"EE_scRNA-seq"	NA	1
"TGACAACCAATCGAAA"	7	"SRX5979983"	"SRP200614"	"intestine"	"class II-p EE cell"	NA	NA	NA	"FBbt:00058006"	"adult posterior midgut class II enteroendocrine cell (Drosophila)"	"perfect match"	"EE_scRNA-seq"	NA	7
"TGACAACCACTTAAGC"	9	"SRX5979983"	"SRP200614"	"intestine"	"class III EE cell"	NA	NA	NA	"FBbt:00058200"	"adult class III enteroendocrine cell (Drosophila)"	"perfect match"	"EE_scRNA-seq"	NA	11
"TGACAACCAGATGGCA"	5	"SRX5979983"	"SRP200614"	"intestine"	"class I-p CCHa1 EE cell"	NA	NA	NA	"FBbt:00058003"	"adult posterior midgut class I enteroendocrine cell (Drosophila)"	"missing child term"	"EE_scRNA-seq"	NA	4
"TGACAACCAGCTGGCT"	2	"SRX5979983"	"SRP200614"	"intestine"	"class I-ap EE cell"	NA	NA	NA	"FBbt:00058000"	"adult class I enteroendocrine cell (Drosophila)"	"other"	"EE_scRNA-seq"	NA	5
"TGACAACCATTCTCAT"	4	"SRX5979983"	"SRP200614"	"intestine"	"class II-m2 EE cell"	NA	NA	NA	"FBbt:00058005"	"adult middle midgut class II enteroendocrine cell (Drosophila)"	"perfect match"	"EE_scRNA-seq"	NA	8
"TGACAACGTACGAAAT"	0	"SRX5979983"	"SRP200614"	"intestine"	"class I-m EE cell"	NA	NA	NA	"FBbt:00058002"	"adult middle midgut class I enteroendocrine cell (Drosophila)"	"perfect match"	"EE_scRNA-seq"	NA	1
"TGACAACGTAGGCTGA"	6	"SRX5979983"	"SRP200614"	"intestine"	"class I-p AstA EE cell"	NA	NA	NA	"FBbt:00058003"	"adult posterior midgut class I enteroendocrine cell (Drosophila)"	"missing child term"	"EE_scRNA-seq"	NA	6
"TGACAACTCACCATAG"	6	"SRX5979983"	"SRP200614"	"intestine"	"class I-p AstA EE cell"	NA	NA	NA	"FBbt:00058003"	"adult posterior midgut class I enteroendocrine cell (Drosophila)"	"missing child term"	"EE_scRNA-seq"	NA	6
"TGACAACTCGTATCAG"	3	"SRX5979983"	"SRP200614"	"intestine"	"class II-a EE cell"	NA	NA	NA	"FBbt:00058004"	"adult anterior midgut class II enteroendocrine cell (Drosophila)"	"perfect match"	"EE_scRNA-seq"	NA	9
"TGACGGCCACCTCGTT"	2	"SRX5979983"	"SRP200614"	"intestine"	"class I-ap EE cell"	NA	NA	NA	"FBbt:00058000"	"adult class I enteroendocrine cell (Drosophila)"	"other"	"EE_scRNA-seq"	NA	5
"TGACGGCGTACGCACC"	2	"SRX5979983"	"SRP200614"	"intestine"	"class I-ap EE cell"	NA	NA	NA	"FBbt:00058000"	"adult class I enteroendocrine cell (Drosophila)"	"other"	"EE_scRNA-seq"	NA	5
"TGACGGCGTATGGTTC"	0	"SRX5979983"	"SRP200614"	"intestine"	"class I-m EE cell"	NA	NA	NA	"FBbt:00058002"	"adult middle midgut class I enteroendocrine cell (Drosophila)"	"perfect match"	"EE_scRNA-seq"	NA	1
"TGACGGCGTTAAGTAG"	1	"SRX5979983"	"SRP200614"	"intestine"	"class II-m1 EE cell"	NA	NA	NA	"FBbt:00058005"	"adult middle midgut class II enteroendocrine cell (Drosophila)"	"perfect match"	"EE_scRNA-seq"	NA	3
"TGACGGCGTTCTGGTA"	1	"SRX5979983"	"SRP200614"	"intestine"	"class II-m1 EE cell"	NA	NA	NA	"FBbt:00058005"	"adult middle midgut class II enteroendocrine cell (Drosophila)"	"perfect match"	"EE_scRNA-seq"	NA	3
"TGACGGCTCCTGCTTG"	3	"SRX5979983"	"SRP200614"	"intestine"	"class II-a EE cell"	NA	NA	NA	"FBbt:00058004"	"adult anterior midgut class II enteroendocrine cell (Drosophila)"	"perfect match"	"EE_scRNA-seq"	NA	9
"TGACGGCTCCTTCAAT"	0	"SRX5979983"	"SRP200614"	"intestine"	"class I-m EE cell"	NA	NA	NA	"FBbt:00058002"	"adult middle midgut class I enteroendocrine cell (Drosophila)"	"perfect match"	"EE_scRNA-seq"	NA	1
"TGACTAGAGCTTATCG"	2	"SRX5979983"	"SRP200614"	"intestine"	"class I-ap EE cell"	NA	NA	NA	"FBbt:00058000"	"adult class I enteroendocrine cell (Drosophila)"	"other"	"EE_scRNA-seq"	NA	5
"TGACTAGAGGGTCGAT"	8	"SRX5979983"	"SRP200614"	"intestine"	"class I-a EE cell"	NA	NA	NA	"FBbt:00058001"	"adult anterior midgut class I enteroendocrine cell (Drosophila)"	"perfect match"	"EE_scRNA-seq"	NA	2
"TGACTAGAGTTCCACA"	3	"SRX5979983"	"SRP200614"	"intestine"	"class II-a EE cell"	NA	NA	NA	"FBbt:00058004"	"adult anterior midgut class II enteroendocrine cell (Drosophila)"	"perfect match"	"EE_scRNA-seq"	NA	9
"TGACTAGCAACACCTA"	2	"SRX5979983"	"SRP200614"	"intestine"	"class I-ap EE cell"	NA	NA	NA	"FBbt:00058000"	"adult class I enteroendocrine cell (Drosophila)"	"other"	"EE_scRNA-seq"	NA	5
"TGACTAGCACCATGTA"	0	"SRX5979983"	"SRP200614"	"intestine"	"class I-m EE cell"	NA	NA	NA	"FBbt:00058002"	"adult middle midgut class I enteroendocrine cell (Drosophila)"	"perfect match"	"EE_scRNA-seq"	NA	1
"TGACTAGCAGCTGTGC"	0	"SRX5979983"	"SRP200614"	"intestine"	"class I-m EE cell"	NA	NA	NA	"FBbt:00058002"	"adult middle midgut class I enteroendocrine cell (Drosophila)"	"perfect match"	"EE_scRNA-seq"	NA	1
"TGACTAGCATGTAAGA"	2	"SRX5979983"	"SRP200614"	"intestine"	"class I-ap EE cell"	NA	NA	NA	"FBbt:00058000"	"adult class I enteroendocrine cell (Drosophila)"	"other"	"EE_scRNA-seq"	NA	5
"TGACTAGGTACAGTGG"	0	"SRX5979983"	"SRP200614"	"intestine"	"class I-m EE cell"	NA	NA	NA	"FBbt:00058002"	"adult middle midgut class I enteroendocrine cell (Drosophila)"	"perfect match"	"EE_scRNA-seq"	NA	1
"TGACTAGGTCCGAGTC"	0	"SRX5979983"	"SRP200614"	"intestine"	"class I-m EE cell"	NA	NA	NA	"FBbt:00058002"	"adult middle midgut class I enteroendocrine cell (Drosophila)"	"perfect match"	"EE_scRNA-seq"	NA	1
"TGACTAGGTCTAGGTT"	1	"SRX5979983"	"SRP200614"	"intestine"	"class II-m1 EE cell"	NA	NA	NA	"FBbt:00058005"	"adult middle midgut class II enteroendocrine cell (Drosophila)"	"perfect match"	"EE_scRNA-seq"	NA	3
"TGACTAGTCGAGCCCA"	0	"SRX5979983"	"SRP200614"	"intestine"	"class I-m EE cell"	NA	NA	NA	"FBbt:00058002"	"adult middle midgut class I enteroendocrine cell (Drosophila)"	"perfect match"	"EE_scRNA-seq"	NA	1
"TGACTTTAGATCCTGT"	0	"SRX5979983"	"SRP200614"	"intestine"	"class I-m EE cell"	NA	NA	NA	"FBbt:00058002"	"adult middle midgut class I enteroendocrine cell (Drosophila)"	"perfect match"	"EE_scRNA-seq"	NA	1
"TGACTTTAGGCAATTA"	7	"SRX5979983"	"SRP200614"	"intestine"	"class II-p EE cell"	NA	NA	NA	"FBbt:00058006"	"adult posterior midgut class II enteroendocrine cell (Drosophila)"	"perfect match"	"EE_scRNA-seq"	NA	7
"TGACTTTCACTGTCGG"	2	"SRX5979983"	"SRP200614"	"intestine"	"class I-ap EE cell"	NA	NA	NA	"FBbt:00058000"	"adult class I enteroendocrine cell (Drosophila)"	"other"	"EE_scRNA-seq"	NA	5
"TGACTTTCATCTCCCA"	1	"SRX5979983"	"SRP200614"	"intestine"	"class II-m1 EE cell"	NA	NA	NA	"FBbt:00058005"	"adult middle midgut class II enteroendocrine cell (Drosophila)"	"perfect match"	"EE_scRNA-seq"	NA	3
"TGACTTTGTAGCTTGT"	1	"SRX5979983"	"SRP200614"	"intestine"	"class II-m1 EE cell"	NA	NA	NA	"FBbt:00058005"	"adult middle midgut class II enteroendocrine cell (Drosophila)"	"perfect match"	"EE_scRNA-seq"	NA	3
"TGACTTTGTTGCTCCT"	0	"SRX5979983"	"SRP200614"	"intestine"	"class I-m EE cell"	NA	NA	NA	"FBbt:00058002"	"adult middle midgut class I enteroendocrine cell (Drosophila)"	"perfect match"	"EE_scRNA-seq"	NA	1
"TGACTTTTCGCTTGTC"	1	"SRX5979983"	"SRP200614"	"intestine"	"class II-m1 EE cell"	NA	NA	NA	"FBbt:00058005"	"adult middle midgut class II enteroendocrine cell (Drosophila)"	"perfect match"	"EE_scRNA-seq"	NA	3
"TGACTTTTCTGCAGTA"	1	"SRX5979983"	"SRP200614"	"intestine"	"class II-m1 EE cell"	NA	NA	NA	"FBbt:00058005"	"adult middle midgut class II enteroendocrine cell (Drosophila)"	"perfect match"	"EE_scRNA-seq"	NA	3
"TGACTTTTCTTGCCGT"	6	"SRX5979983"	"SRP200614"	"intestine"	"class I-p AstA EE cell"	NA	NA	NA	"FBbt:00058003"	"adult posterior midgut class I enteroendocrine cell (Drosophila)"	"missing child term"	"EE_scRNA-seq"	NA	6
"TGAGAGGAGACCTAGG"	4	"SRX5979983"	"SRP200614"	"intestine"	"class II-m2 EE cell"	NA	NA	NA	"FBbt:00058005"	"adult middle midgut class II enteroendocrine cell (Drosophila)"	"perfect match"	"EE_scRNA-seq"	NA	8
"TGAGAGGAGAGATGAG"	0	"SRX5979983"	"SRP200614"	"intestine"	"class I-m EE cell"	NA	NA	NA	"FBbt:00058002"	"adult middle midgut class I enteroendocrine cell (Drosophila)"	"perfect match"	"EE_scRNA-seq"	NA	1
"TGAGAGGAGGATGGAA"	1	"SRX5979983"	"SRP200614"	"intestine"	"class II-m1 EE cell"	NA	NA	NA	"FBbt:00058005"	"adult middle midgut class II enteroendocrine cell (Drosophila)"	"perfect match"	"EE_scRNA-seq"	NA	3
"TGAGAGGCACCGAAAG"	1	"SRX5979983"	"SRP200614"	"intestine"	"class II-m1 EE cell"	NA	NA	NA	"FBbt:00058005"	"adult middle midgut class II enteroendocrine cell (Drosophila)"	"perfect match"	"EE_scRNA-seq"	NA	3
"TGAGAGGCACGGTAAG"	1	"SRX5979983"	"SRP200614"	"intestine"	"class II-m1 EE cell"	NA	NA	NA	"FBbt:00058005"	"adult middle midgut class II enteroendocrine cell (Drosophila)"	"perfect match"	"EE_scRNA-seq"	NA	3
"TGAGAGGCATAGAAAC"	1	"SRX5979983"	"SRP200614"	"intestine"	"class II-m1 EE cell"	NA	NA	NA	"FBbt:00058005"	"adult middle midgut class II enteroendocrine cell (Drosophila)"	"perfect match"	"EE_scRNA-seq"	NA	3
"TGAGAGGTCGCAAGCC"	3	"SRX5979983"	"SRP200614"	"intestine"	"class II-a EE cell"	NA	NA	NA	"FBbt:00058004"	"adult anterior midgut class II enteroendocrine cell (Drosophila)"	"perfect match"	"EE_scRNA-seq"	NA	9
"TGAGCATAGGCGATAC"	10	"SRX5979983"	"SRP200614"	"intestine"	"EE progenitor cell"	NA	NA	NA	"FBbt:00049284"	"adult enteroendocrine precursor cell (Drosophila)"	"perfect match"	"EE_scRNA-seq"	NA	10
"TGAGCATAGGGAGTAA"	7	"SRX5979983"	"SRP200614"	"intestine"	"class II-p EE cell"	NA	NA	NA	"FBbt:00058006"	"adult posterior midgut class II enteroendocrine cell (Drosophila)"	"perfect match"	"EE_scRNA-seq"	NA	7
"TGAGCATCAGCTTCGG"	4	"SRX5979983"	"SRP200614"	"intestine"	"class II-m2 EE cell"	NA	NA	NA	"FBbt:00058005"	"adult middle midgut class II enteroendocrine cell (Drosophila)"	"perfect match"	"EE_scRNA-seq"	NA	8
"TGAGCATGTCGTGGCT"	0	"SRX5979983"	"SRP200614"	"intestine"	"class I-m EE cell"	NA	NA	NA	"FBbt:00058002"	"adult middle midgut class I enteroendocrine cell (Drosophila)"	"perfect match"	"EE_scRNA-seq"	NA	1
"TGAGCATGTGTCCTCT"	7	"SRX5979983"	"SRP200614"	"intestine"	"class II-p EE cell"	NA	NA	NA	"FBbt:00058006"	"adult posterior midgut class II enteroendocrine cell (Drosophila)"	"perfect match"	"EE_scRNA-seq"	NA	7
"TGAGCATGTTCATGGT"	0	"SRX5979983"	"SRP200614"	"intestine"	"class I-m EE cell"	NA	NA	NA	"FBbt:00058002"	"adult middle midgut class I enteroendocrine cell (Drosophila)"	"perfect match"	"EE_scRNA-seq"	NA	1
"TGAGCATGTTGCGTTA"	1	"SRX5979983"	"SRP200614"	"intestine"	"class II-m1 EE cell"	NA	NA	NA	"FBbt:00058005"	"adult middle midgut class II enteroendocrine cell (Drosophila)"	"perfect match"	"EE_scRNA-seq"	NA	3
"TGAGCATGTTTGTTTC"	3	"SRX5979983"	"SRP200614"	"intestine"	"class II-a EE cell"	NA	NA	NA	"FBbt:00058004"	"adult anterior midgut class II enteroendocrine cell (Drosophila)"	"perfect match"	"EE_scRNA-seq"	NA	9
"TGAGCATTCAGGTAAA"	7	"SRX5979983"	"SRP200614"	"intestine"	"class II-p EE cell"	NA	NA	NA	"FBbt:00058006"	"adult posterior midgut class II enteroendocrine cell (Drosophila)"	"perfect match"	"EE_scRNA-seq"	NA	7
"TGAGCATTCTTACCGC"	2	"SRX5979983"	"SRP200614"	"intestine"	"class I-ap EE cell"	NA	NA	NA	"FBbt:00058000"	"adult class I enteroendocrine cell (Drosophila)"	"other"	"EE_scRNA-seq"	NA	5
"TGAGCCGAGCGTAGTG"	1	"SRX5979983"	"SRP200614"	"intestine"	"class II-m1 EE cell"	NA	NA	NA	"FBbt:00058005"	"adult middle midgut class II enteroendocrine cell (Drosophila)"	"perfect match"	"EE_scRNA-seq"	NA	3
"TGAGCCGAGCTAGTGG"	6	"SRX5979983"	"SRP200614"	"intestine"	"class I-p AstA EE cell"	NA	NA	NA	"FBbt:00058003"	"adult posterior midgut class I enteroendocrine cell (Drosophila)"	"missing child term"	"EE_scRNA-seq"	NA	6
"TGAGCCGCAAGTACCT"	5	"SRX5979983"	"SRP200614"	"intestine"	"class I-p CCHa1 EE cell"	NA	NA	NA	"FBbt:00058003"	"adult posterior midgut class I enteroendocrine cell (Drosophila)"	"missing child term"	"EE_scRNA-seq"	NA	4
"TGAGCCGCACGACGAA"	0	"SRX5979983"	"SRP200614"	"intestine"	"class I-m EE cell"	NA	NA	NA	"FBbt:00058002"	"adult middle midgut class I enteroendocrine cell (Drosophila)"	"perfect match"	"EE_scRNA-seq"	NA	1
"TGAGCCGTCCCTCAGT"	0	"SRX5979983"	"SRP200614"	"intestine"	"class I-m EE cell"	NA	NA	NA	"FBbt:00058002"	"adult middle midgut class I enteroendocrine cell (Drosophila)"	"perfect match"	"EE_scRNA-seq"	NA	1
"TGAGGGAAGCTGAACG"	2	"SRX5979983"	"SRP200614"	"intestine"	"class I-ap EE cell"	NA	NA	NA	"FBbt:00058000"	"adult class I enteroendocrine cell (Drosophila)"	"other"	"EE_scRNA-seq"	NA	5
"TGAGGGAAGTAGATGT"	2	"SRX5979983"	"SRP200614"	"intestine"	"class I-ap EE cell"	NA	NA	NA	"FBbt:00058000"	"adult class I enteroendocrine cell (Drosophila)"	"other"	"EE_scRNA-seq"	NA	5
"TGAGGGACAGGCGATA"	7	"SRX5979983"	"SRP200614"	"intestine"	"class II-p EE cell"	NA	NA	NA	"FBbt:00058006"	"adult posterior midgut class II enteroendocrine cell (Drosophila)"	"perfect match"	"EE_scRNA-seq"	NA	7
"TGAGGGAGTGCACGAA"	7	"SRX5979983"	"SRP200614"	"intestine"	"class II-p EE cell"	NA	NA	NA	"FBbt:00058006"	"adult posterior midgut class II enteroendocrine cell (Drosophila)"	"perfect match"	"EE_scRNA-seq"	NA	7
"TGAGGGAGTTCCACGG"	0	"SRX5979983"	"SRP200614"	"intestine"	"class I-m EE cell"	NA	NA	NA	"FBbt:00058002"	"adult middle midgut class I enteroendocrine cell (Drosophila)"	"perfect match"	"EE_scRNA-seq"	NA	1
"TGAGGGATCCGATATG"	2	"SRX5979983"	"SRP200614"	"intestine"	"class I-ap EE cell"	NA	NA	NA	"FBbt:00058000"	"adult class I enteroendocrine cell (Drosophila)"	"other"	"EE_scRNA-seq"	NA	5
"TGAGGGATCGGCATCG"	0	"SRX5979983"	"SRP200614"	"intestine"	"class I-m EE cell"	NA	NA	NA	"FBbt:00058002"	"adult middle midgut class I enteroendocrine cell (Drosophila)"	"perfect match"	"EE_scRNA-seq"	NA	1
"TGATTTCAGAATTCCC"	2	"SRX5979983"	"SRP200614"	"intestine"	"class I-ap EE cell"	NA	NA	NA	"FBbt:00058000"	"adult class I enteroendocrine cell (Drosophila)"	"other"	"EE_scRNA-seq"	NA	5
"TGATTTCAGACAGAGA"	2	"SRX5979983"	"SRP200614"	"intestine"	"class I-ap EE cell"	NA	NA	NA	"FBbt:00058000"	"adult class I enteroendocrine cell (Drosophila)"	"other"	"EE_scRNA-seq"	NA	5
"TGATTTCAGACTGTAA"	1	"SRX5979983"	"SRP200614"	"intestine"	"class II-m1 EE cell"	NA	NA	NA	"FBbt:00058005"	"adult middle midgut class II enteroendocrine cell (Drosophila)"	"perfect match"	"EE_scRNA-seq"	NA	3
"TGATTTCAGTCATCCA"	2	"SRX5979983"	"SRP200614"	"intestine"	"class I-ap EE cell"	NA	NA	NA	"FBbt:00058000"	"adult class I enteroendocrine cell (Drosophila)"	"other"	"EE_scRNA-seq"	NA	5
"TGATTTCAGTGGAGAA"	6	"SRX5979983"	"SRP200614"	"intestine"	"class I-p AstA EE cell"	NA	NA	NA	"FBbt:00058003"	"adult posterior midgut class I enteroendocrine cell (Drosophila)"	"missing child term"	"EE_scRNA-seq"	NA	6
"TGATTTCAGTGTCTCA"	2	"SRX5979983"	"SRP200614"	"intestine"	"class I-ap EE cell"	NA	NA	NA	"FBbt:00058000"	"adult class I enteroendocrine cell (Drosophila)"	"other"	"EE_scRNA-seq"	NA	5
"TGATTTCGTCAAGCGA"	1	"SRX5979983"	"SRP200614"	"intestine"	"class II-m1 EE cell"	NA	NA	NA	"FBbt:00058005"	"adult middle midgut class II enteroendocrine cell (Drosophila)"	"perfect match"	"EE_scRNA-seq"	NA	3
"TGATTTCGTGCGAAAC"	3	"SRX5979983"	"SRP200614"	"intestine"	"class II-a EE cell"	NA	NA	NA	"FBbt:00058004"	"adult anterior midgut class II enteroendocrine cell (Drosophila)"	"perfect match"	"EE_scRNA-seq"	NA	9
"TGATTTCTCAAACAAG"	1	"SRX5979983"	"SRP200614"	"intestine"	"class II-m1 EE cell"	NA	NA	NA	"FBbt:00058005"	"adult middle midgut class II enteroendocrine cell (Drosophila)"	"perfect match"	"EE_scRNA-seq"	NA	3
"TGATTTCTCAGTTTGG"	1	"SRX5979983"	"SRP200614"	"intestine"	"class II-m1 EE cell"	NA	NA	NA	"FBbt:00058005"	"adult middle midgut class II enteroendocrine cell (Drosophila)"	"perfect match"	"EE_scRNA-seq"	NA	3
"TGATTTCTCGCGGATC"	1	"SRX5979983"	"SRP200614"	"intestine"	"class II-m1 EE cell"	NA	NA	NA	"FBbt:00058005"	"adult middle midgut class II enteroendocrine cell (Drosophila)"	"perfect match"	"EE_scRNA-seq"	NA	3
"TGCACCTAGGATCGCA"	0	"SRX5979983"	"SRP200614"	"intestine"	"class I-m EE cell"	NA	NA	NA	"FBbt:00058002"	"adult middle midgut class I enteroendocrine cell (Drosophila)"	"perfect match"	"EE_scRNA-seq"	NA	1
"TGCACCTAGGGTATCG"	0	"SRX5979983"	"SRP200614"	"intestine"	"class I-m EE cell"	NA	NA	NA	"FBbt:00058002"	"adult middle midgut class I enteroendocrine cell (Drosophila)"	"perfect match"	"EE_scRNA-seq"	NA	1
"TGCACCTCAACACCCG"	6	"SRX5979983"	"SRP200614"	"intestine"	"class I-p AstA EE cell"	NA	NA	NA	"FBbt:00058003"	"adult posterior midgut class I enteroendocrine cell (Drosophila)"	"missing child term"	"EE_scRNA-seq"	NA	6
"TGCACCTGTCAGATAA"	7	"SRX5979983"	"SRP200614"	"intestine"	"class II-p EE cell"	NA	NA	NA	"FBbt:00058006"	"adult posterior midgut class II enteroendocrine cell (Drosophila)"	"perfect match"	"EE_scRNA-seq"	NA	7
"TGCACCTGTGACAAAT"	0	"SRX5979983"	"SRP200614"	"intestine"	"class I-m EE cell"	NA	NA	NA	"FBbt:00058002"	"adult middle midgut class I enteroendocrine cell (Drosophila)"	"perfect match"	"EE_scRNA-seq"	NA	1
"TGCACCTGTTGTTTGG"	1	"SRX5979983"	"SRP200614"	"intestine"	"class II-m1 EE cell"	NA	NA	NA	"FBbt:00058005"	"adult middle midgut class II enteroendocrine cell (Drosophila)"	"perfect match"	"EE_scRNA-seq"	NA	3
"TGCACCTTCTCGTATT"	2	"SRX5979983"	"SRP200614"	"intestine"	"class I-ap EE cell"	NA	NA	NA	"FBbt:00058000"	"adult class I enteroendocrine cell (Drosophila)"	"other"	"EE_scRNA-seq"	NA	5
"TGCCAAACAAAGGCGT"	8	"SRX5979983"	"SRP200614"	"intestine"	"class I-a EE cell"	NA	NA	NA	"FBbt:00058001"	"adult anterior midgut class I enteroendocrine cell (Drosophila)"	"perfect match"	"EE_scRNA-seq"	NA	2
"TGCCAAACACATCCGG"	7	"SRX5979983"	"SRP200614"	"intestine"	"class II-p EE cell"	NA	NA	NA	"FBbt:00058006"	"adult posterior midgut class II enteroendocrine cell (Drosophila)"	"perfect match"	"EE_scRNA-seq"	NA	7
"TGCCAAACACCAGGCT"	3	"SRX5979983"	"SRP200614"	"intestine"	"class II-a EE cell"	NA	NA	NA	"FBbt:00058004"	"adult anterior midgut class II enteroendocrine cell (Drosophila)"	"perfect match"	"EE_scRNA-seq"	NA	9
"TGCCAAACATGGAATA"	0	"SRX5979983"	"SRP200614"	"intestine"	"class I-m EE cell"	NA	NA	NA	"FBbt:00058002"	"adult middle midgut class I enteroendocrine cell (Drosophila)"	"perfect match"	"EE_scRNA-seq"	NA	1
"TGCCAAACATTTGCCC"	6	"SRX5979983"	"SRP200614"	"intestine"	"class I-p AstA EE cell"	NA	NA	NA	"FBbt:00058003"	"adult posterior midgut class I enteroendocrine cell (Drosophila)"	"missing child term"	"EE_scRNA-seq"	NA	6
"TGCCAAAGTTAGAACA"	1	"SRX5979983"	"SRP200614"	"intestine"	"class II-m1 EE cell"	NA	NA	NA	"FBbt:00058005"	"adult middle midgut class II enteroendocrine cell (Drosophila)"	"perfect match"	"EE_scRNA-seq"	NA	3
"TGCCAAATCAGGTAAA"	7	"SRX5979983"	"SRP200614"	"intestine"	"class II-p EE cell"	NA	NA	NA	"FBbt:00058006"	"adult posterior midgut class II enteroendocrine cell (Drosophila)"	"perfect match"	"EE_scRNA-seq"	NA	7
"TGCCCATAGCAGACTG"	0	"SRX5979983"	"SRP200614"	"intestine"	"class I-m EE cell"	NA	NA	NA	"FBbt:00058002"	"adult middle midgut class I enteroendocrine cell (Drosophila)"	"perfect match"	"EE_scRNA-seq"	NA	1
"TGCCCATAGGATCGCA"	1	"SRX5979983"	"SRP200614"	"intestine"	"class II-m1 EE cell"	NA	NA	NA	"FBbt:00058005"	"adult middle midgut class II enteroendocrine cell (Drosophila)"	"perfect match"	"EE_scRNA-seq"	NA	3
"TGCCCATAGGGATACC"	0	"SRX5979983"	"SRP200614"	"intestine"	"class I-m EE cell"	NA	NA	NA	"FBbt:00058002"	"adult middle midgut class I enteroendocrine cell (Drosophila)"	"perfect match"	"EE_scRNA-seq"	NA	1
"TGCCCATCAACGATGG"	1	"SRX5979983"	"SRP200614"	"intestine"	"class II-m1 EE cell"	NA	NA	NA	"FBbt:00058005"	"adult middle midgut class II enteroendocrine cell (Drosophila)"	"perfect match"	"EE_scRNA-seq"	NA	3
"TGCCCATCACTTCGAA"	7	"SRX5979983"	"SRP200614"	"intestine"	"class II-p EE cell"	NA	NA	NA	"FBbt:00058006"	"adult posterior midgut class II enteroendocrine cell (Drosophila)"	"perfect match"	"EE_scRNA-seq"	NA	7
"TGCCCATCAGGACGTA"	5	"SRX5979983"	"SRP200614"	"intestine"	"class I-p CCHa1 EE cell"	NA	NA	NA	"FBbt:00058003"	"adult posterior midgut class I enteroendocrine cell (Drosophila)"	"missing child term"	"EE_scRNA-seq"	NA	4
"TGCCCATGTACATGTC"	0	"SRX5979983"	"SRP200614"	"intestine"	"class I-m EE cell"	NA	NA	NA	"FBbt:00058002"	"adult middle midgut class I enteroendocrine cell (Drosophila)"	"perfect match"	"EE_scRNA-seq"	NA	1
"TGCCCATGTAGAAGGA"	7	"SRX5979983"	"SRP200614"	"intestine"	"class II-p EE cell"	NA	NA	NA	"FBbt:00058006"	"adult posterior midgut class II enteroendocrine cell (Drosophila)"	"perfect match"	"EE_scRNA-seq"	NA	7
"TGCCCATGTCGACTGC"	1	"SRX5979983"	"SRP200614"	"intestine"	"class II-m1 EE cell"	NA	NA	NA	"FBbt:00058005"	"adult middle midgut class II enteroendocrine cell (Drosophila)"	"perfect match"	"EE_scRNA-seq"	NA	3
"TGCCCATGTTAGATGA"	0	"SRX5979983"	"SRP200614"	"intestine"	"class I-m EE cell"	NA	NA	NA	"FBbt:00058002"	"adult middle midgut class I enteroendocrine cell (Drosophila)"	"perfect match"	"EE_scRNA-seq"	NA	1
"TGCCCATGTTGCGCAC"	0	"SRX5979983"	"SRP200614"	"intestine"	"class I-m EE cell"	NA	NA	NA	"FBbt:00058002"	"adult middle midgut class I enteroendocrine cell (Drosophila)"	"perfect match"	"EE_scRNA-seq"	NA	1
"TGCCCATTCCCAGGTG"	6	"SRX5979983"	"SRP200614"	"intestine"	"class I-p AstA EE cell"	NA	NA	NA	"FBbt:00058003"	"adult posterior midgut class I enteroendocrine cell (Drosophila)"	"missing child term"	"EE_scRNA-seq"	NA	6
"TGCCCATTCCCTAATT"	5	"SRX5979983"	"SRP200614"	"intestine"	"class I-p CCHa1 EE cell"	NA	NA	NA	"FBbt:00058003"	"adult posterior midgut class I enteroendocrine cell (Drosophila)"	"missing child term"	"EE_scRNA-seq"	NA	4
"TGCCCATTCTATCCCG"	0	"SRX5979983"	"SRP200614"	"intestine"	"class I-m EE cell"	NA	NA	NA	"FBbt:00058002"	"adult middle midgut class I enteroendocrine cell (Drosophila)"	"perfect match"	"EE_scRNA-seq"	NA	1
"TGCCCATTCTCAAACG"	4	"SRX5979983"	"SRP200614"	"intestine"	"class II-m2 EE cell"	NA	NA	NA	"FBbt:00058005"	"adult middle midgut class II enteroendocrine cell (Drosophila)"	"perfect match"	"EE_scRNA-seq"	NA	8
"TGCCCTAAGACTTGAA"	3	"SRX5979983"	"SRP200614"	"intestine"	"class II-a EE cell"	NA	NA	NA	"FBbt:00058004"	"adult anterior midgut class II enteroendocrine cell (Drosophila)"	"perfect match"	"EE_scRNA-seq"	NA	9
"TGCCCTAAGCATCATC"	5	"SRX5979983"	"SRP200614"	"intestine"	"class I-p CCHa1 EE cell"	NA	NA	NA	"FBbt:00058003"	"adult posterior midgut class I enteroendocrine cell (Drosophila)"	"missing child term"	"EE_scRNA-seq"	NA	4
"TGCCCTAAGCGCTCCA"	3	"SRX5979983"	"SRP200614"	"intestine"	"class II-a EE cell"	NA	NA	NA	"FBbt:00058004"	"adult anterior midgut class II enteroendocrine cell (Drosophila)"	"perfect match"	"EE_scRNA-seq"	NA	9
"TGCCCTAAGGGCACTA"	1	"SRX5979983"	"SRP200614"	"intestine"	"class II-m1 EE cell"	NA	NA	NA	"FBbt:00058005"	"adult middle midgut class II enteroendocrine cell (Drosophila)"	"perfect match"	"EE_scRNA-seq"	NA	3
"TGCCCTACATGACGGA"	2	"SRX5979983"	"SRP200614"	"intestine"	"class I-ap EE cell"	NA	NA	NA	"FBbt:00058000"	"adult class I enteroendocrine cell (Drosophila)"	"other"	"EE_scRNA-seq"	NA	5
"TGCCCTAGTATAGTAG"	3	"SRX5979983"	"SRP200614"	"intestine"	"class II-a EE cell"	NA	NA	NA	"FBbt:00058004"	"adult anterior midgut class II enteroendocrine cell (Drosophila)"	"perfect match"	"EE_scRNA-seq"	NA	9
"TGCCCTAGTTAAGACA"	0	"SRX5979983"	"SRP200614"	"intestine"	"class I-m EE cell"	NA	NA	NA	"FBbt:00058002"	"adult middle midgut class I enteroendocrine cell (Drosophila)"	"perfect match"	"EE_scRNA-seq"	NA	1
"TGCCCTAGTTCCGTCT"	0	"SRX5979983"	"SRP200614"	"intestine"	"class I-m EE cell"	NA	NA	NA	"FBbt:00058002"	"adult middle midgut class I enteroendocrine cell (Drosophila)"	"perfect match"	"EE_scRNA-seq"	NA	1
"TGCCCTATCAGGTTCA"	3	"SRX5979983"	"SRP200614"	"intestine"	"class II-a EE cell"	NA	NA	NA	"FBbt:00058004"	"adult anterior midgut class II enteroendocrine cell (Drosophila)"	"perfect match"	"EE_scRNA-seq"	NA	9
"TGCCCTATCGGTTCGG"	8	"SRX5979983"	"SRP200614"	"intestine"	"class I-a EE cell"	NA	NA	NA	"FBbt:00058001"	"adult anterior midgut class I enteroendocrine cell (Drosophila)"	"perfect match"	"EE_scRNA-seq"	NA	2
"TGCCCTATCGTTTATC"	0	"SRX5979983"	"SRP200614"	"intestine"	"class I-m EE cell"	NA	NA	NA	"FBbt:00058002"	"adult middle midgut class I enteroendocrine cell (Drosophila)"	"perfect match"	"EE_scRNA-seq"	NA	1
"TGCCCTATCTCCAACC"	1	"SRX5979983"	"SRP200614"	"intestine"	"class II-m1 EE cell"	NA	NA	NA	"FBbt:00058005"	"adult middle midgut class II enteroendocrine cell (Drosophila)"	"perfect match"	"EE_scRNA-seq"	NA	3
"TGCGCAGAGAGCCCAA"	0	"SRX5979983"	"SRP200614"	"intestine"	"class I-m EE cell"	NA	NA	NA	"FBbt:00058002"	"adult middle midgut class I enteroendocrine cell (Drosophila)"	"perfect match"	"EE_scRNA-seq"	NA	1
"TGCGCAGAGGGTTTCT"	6	"SRX5979983"	"SRP200614"	"intestine"	"class I-p AstA EE cell"	NA	NA	NA	"FBbt:00058003"	"adult posterior midgut class I enteroendocrine cell (Drosophila)"	"missing child term"	"EE_scRNA-seq"	NA	6
"TGCGCAGAGTATGACA"	8	"SRX5979983"	"SRP200614"	"intestine"	"class I-a EE cell"	NA	NA	NA	"FBbt:00058001"	"adult anterior midgut class I enteroendocrine cell (Drosophila)"	"perfect match"	"EE_scRNA-seq"	NA	2
"TGCGCAGCAAAGGAAG"	2	"SRX5979983"	"SRP200614"	"intestine"	"class I-ap EE cell"	NA	NA	NA	"FBbt:00058000"	"adult class I enteroendocrine cell (Drosophila)"	"other"	"EE_scRNA-seq"	NA	5
"TGCGCAGCAGAGTGTG"	1	"SRX5979983"	"SRP200614"	"intestine"	"class II-m1 EE cell"	NA	NA	NA	"FBbt:00058005"	"adult middle midgut class II enteroendocrine cell (Drosophila)"	"perfect match"	"EE_scRNA-seq"	NA	3
"TGCGCAGCAGTCGTGC"	0	"SRX5979983"	"SRP200614"	"intestine"	"class I-m EE cell"	NA	NA	NA	"FBbt:00058002"	"adult middle midgut class I enteroendocrine cell (Drosophila)"	"perfect match"	"EE_scRNA-seq"	NA	1
"TGCGCAGCATCACCCT"	8	"SRX5979983"	"SRP200614"	"intestine"	"class I-a EE cell"	NA	NA	NA	"FBbt:00058001"	"adult anterior midgut class I enteroendocrine cell (Drosophila)"	"perfect match"	"EE_scRNA-seq"	NA	2
"TGCGCAGCATCGACGC"	0	"SRX5979983"	"SRP200614"	"intestine"	"class I-m EE cell"	NA	NA	NA	"FBbt:00058002"	"adult middle midgut class I enteroendocrine cell (Drosophila)"	"perfect match"	"EE_scRNA-seq"	NA	1
"TGCGCAGCATTAGCCA"	5	"SRX5979983"	"SRP200614"	"intestine"	"class I-p CCHa1 EE cell"	NA	NA	NA	"FBbt:00058003"	"adult posterior midgut class I enteroendocrine cell (Drosophila)"	"missing child term"	"EE_scRNA-seq"	NA	4
"TGCGCAGGTATTCTCT"	2	"SRX5979983"	"SRP200614"	"intestine"	"class I-ap EE cell"	NA	NA	NA	"FBbt:00058000"	"adult class I enteroendocrine cell (Drosophila)"	"other"	"EE_scRNA-seq"	NA	5
"TGCGCAGGTCGGCACT"	1	"SRX5979983"	"SRP200614"	"intestine"	"class II-m1 EE cell"	NA	NA	NA	"FBbt:00058005"	"adult middle midgut class II enteroendocrine cell (Drosophila)"	"perfect match"	"EE_scRNA-seq"	NA	3
"TGCGCAGGTTTAAGCC"	0	"SRX5979983"	"SRP200614"	"intestine"	"class I-m EE cell"	NA	NA	NA	"FBbt:00058002"	"adult middle midgut class I enteroendocrine cell (Drosophila)"	"perfect match"	"EE_scRNA-seq"	NA	1
"TGCGCAGTCATTGCCC"	0	"SRX5979983"	"SRP200614"	"intestine"	"class I-m EE cell"	NA	NA	NA	"FBbt:00058002"	"adult middle midgut class I enteroendocrine cell (Drosophila)"	"perfect match"	"EE_scRNA-seq"	NA	1
"TGCGCAGTCTCCGGTT"	0	"SRX5979983"	"SRP200614"	"intestine"	"class I-m EE cell"	NA	NA	NA	"FBbt:00058002"	"adult middle midgut class I enteroendocrine cell (Drosophila)"	"perfect match"	"EE_scRNA-seq"	NA	1
"TGCGGGTAGCAGGTCA"	7	"SRX5979983"	"SRP200614"	"intestine"	"class II-p EE cell"	NA	NA	NA	"FBbt:00058006"	"adult posterior midgut class II enteroendocrine cell (Drosophila)"	"perfect match"	"EE_scRNA-seq"	NA	7
"TGCGGGTAGCGTAGTG"	2	"SRX5979983"	"SRP200614"	"intestine"	"class I-ap EE cell"	NA	NA	NA	"FBbt:00058000"	"adult class I enteroendocrine cell (Drosophila)"	"other"	"EE_scRNA-seq"	NA	5
"TGCGGGTAGTAATCCC"	3	"SRX5979983"	"SRP200614"	"intestine"	"class II-a EE cell"	NA	NA	NA	"FBbt:00058004"	"adult anterior midgut class II enteroendocrine cell (Drosophila)"	"perfect match"	"EE_scRNA-seq"	NA	9
"TGCGGGTAGTCTCAAC"	0	"SRX5979983"	"SRP200614"	"intestine"	"class I-m EE cell"	NA	NA	NA	"FBbt:00058002"	"adult middle midgut class I enteroendocrine cell (Drosophila)"	"perfect match"	"EE_scRNA-seq"	NA	1
"TGCGGGTCATTGTGCA"	2	"SRX5979983"	"SRP200614"	"intestine"	"class I-ap EE cell"	NA	NA	NA	"FBbt:00058000"	"adult class I enteroendocrine cell (Drosophila)"	"other"	"EE_scRNA-seq"	NA	5
"TGCGGGTGTCGGCATC"	0	"SRX5979983"	"SRP200614"	"intestine"	"class I-m EE cell"	NA	NA	NA	"FBbt:00058002"	"adult middle midgut class I enteroendocrine cell (Drosophila)"	"perfect match"	"EE_scRNA-seq"	NA	1
"TGCGGGTGTCTTGCGG"	4	"SRX5979983"	"SRP200614"	"intestine"	"class II-m2 EE cell"	NA	NA	NA	"FBbt:00058005"	"adult middle midgut class II enteroendocrine cell (Drosophila)"	"perfect match"	"EE_scRNA-seq"	NA	8
"TGCGGGTGTGTGTGCC"	7	"SRX5979983"	"SRP200614"	"intestine"	"class II-p EE cell"	NA	NA	NA	"FBbt:00058006"	"adult posterior midgut class II enteroendocrine cell (Drosophila)"	"perfect match"	"EE_scRNA-seq"	NA	7
"TGCGTGGAGAATGTTG"	1	"SRX5979983"	"SRP200614"	"intestine"	"class II-m1 EE cell"	NA	NA	NA	"FBbt:00058005"	"adult middle midgut class II enteroendocrine cell (Drosophila)"	"perfect match"	"EE_scRNA-seq"	NA	3
"TGCGTGGAGCTGAAAT"	3	"SRX5979983"	"SRP200614"	"intestine"	"class II-a EE cell"	NA	NA	NA	"FBbt:00058004"	"adult anterior midgut class II enteroendocrine cell (Drosophila)"	"perfect match"	"EE_scRNA-seq"	NA	9
"TGCGTGGAGGCTCTTA"	0	"SRX5979983"	"SRP200614"	"intestine"	"class I-m EE cell"	NA	NA	NA	"FBbt:00058002"	"adult middle midgut class I enteroendocrine cell (Drosophila)"	"perfect match"	"EE_scRNA-seq"	NA	1
"TGCGTGGAGTGAAGTT"	2	"SRX5979983"	"SRP200614"	"intestine"	"class I-ap EE cell"	NA	NA	NA	"FBbt:00058000"	"adult class I enteroendocrine cell (Drosophila)"	"other"	"EE_scRNA-seq"	NA	5
"TGCGTGGCAATGGAAT"	6	"SRX5979983"	"SRP200614"	"intestine"	"class I-p AstA EE cell"	NA	NA	NA	"FBbt:00058003"	"adult posterior midgut class I enteroendocrine cell (Drosophila)"	"missing child term"	"EE_scRNA-seq"	NA	6
"TGCGTGGCAATGTTGC"	1	"SRX5979983"	"SRP200614"	"intestine"	"class II-m1 EE cell"	NA	NA	NA	"FBbt:00058005"	"adult middle midgut class II enteroendocrine cell (Drosophila)"	"perfect match"	"EE_scRNA-seq"	NA	3
"TGCGTGGCATCCAACA"	3	"SRX5979983"	"SRP200614"	"intestine"	"class II-a EE cell"	NA	NA	NA	"FBbt:00058004"	"adult anterior midgut class II enteroendocrine cell (Drosophila)"	"perfect match"	"EE_scRNA-seq"	NA	9
"TGCGTGGGTCCGAATT"	1	"SRX5979983"	"SRP200614"	"intestine"	"class II-m1 EE cell"	NA	NA	NA	"FBbt:00058005"	"adult middle midgut class II enteroendocrine cell (Drosophila)"	"perfect match"	"EE_scRNA-seq"	NA	3
"TGCGTGGGTCGAATCT"	1	"SRX5979983"	"SRP200614"	"intestine"	"class II-m1 EE cell"	NA	NA	NA	"FBbt:00058005"	"adult middle midgut class II enteroendocrine cell (Drosophila)"	"perfect match"	"EE_scRNA-seq"	NA	3
"TGCGTGGGTGAGCGAT"	4	"SRX5979983"	"SRP200614"	"intestine"	"class II-m2 EE cell"	NA	NA	NA	"FBbt:00058005"	"adult middle midgut class II enteroendocrine cell (Drosophila)"	"perfect match"	"EE_scRNA-seq"	NA	8
"TGCGTGGGTGTATGGG"	6	"SRX5979983"	"SRP200614"	"intestine"	"class I-p AstA EE cell"	NA	NA	NA	"FBbt:00058003"	"adult posterior midgut class I enteroendocrine cell (Drosophila)"	"missing child term"	"EE_scRNA-seq"	NA	6
"TGCGTGGGTTCATGGT"	1	"SRX5979983"	"SRP200614"	"intestine"	"class II-m1 EE cell"	NA	NA	NA	"FBbt:00058005"	"adult middle midgut class II enteroendocrine cell (Drosophila)"	"perfect match"	"EE_scRNA-seq"	NA	3
"TGCTACCAGACAAAGG"	0	"SRX5979983"	"SRP200614"	"intestine"	"class I-m EE cell"	NA	NA	NA	"FBbt:00058002"	"adult middle midgut class I enteroendocrine cell (Drosophila)"	"perfect match"	"EE_scRNA-seq"	NA	1
"TGCTACCAGACCCACC"	1	"SRX5979983"	"SRP200614"	"intestine"	"class II-m1 EE cell"	NA	NA	NA	"FBbt:00058005"	"adult middle midgut class II enteroendocrine cell (Drosophila)"	"perfect match"	"EE_scRNA-seq"	NA	3
"TGCTACCAGATGTAAC"	4	"SRX5979983"	"SRP200614"	"intestine"	"class II-m2 EE cell"	NA	NA	NA	"FBbt:00058005"	"adult middle midgut class II enteroendocrine cell (Drosophila)"	"perfect match"	"EE_scRNA-seq"	NA	8
"TGCTACCAGCCACGTC"	6	"SRX5979983"	"SRP200614"	"intestine"	"class I-p AstA EE cell"	NA	NA	NA	"FBbt:00058003"	"adult posterior midgut class I enteroendocrine cell (Drosophila)"	"missing child term"	"EE_scRNA-seq"	NA	6
"TGCTACCAGCCGTCGT"	7	"SRX5979983"	"SRP200614"	"intestine"	"class II-p EE cell"	NA	NA	NA	"FBbt:00058006"	"adult posterior midgut class II enteroendocrine cell (Drosophila)"	"perfect match"	"EE_scRNA-seq"	NA	7
"TGCTACCCAGTATCTG"	2	"SRX5979983"	"SRP200614"	"intestine"	"class I-ap EE cell"	NA	NA	NA	"FBbt:00058000"	"adult class I enteroendocrine cell (Drosophila)"	"other"	"EE_scRNA-seq"	NA	5
"TGCTACCCATTGGCGC"	0	"SRX5979983"	"SRP200614"	"intestine"	"class I-m EE cell"	NA	NA	NA	"FBbt:00058002"	"adult middle midgut class I enteroendocrine cell (Drosophila)"	"perfect match"	"EE_scRNA-seq"	NA	1
"TGCTACCGTCAATGTC"	2	"SRX5979983"	"SRP200614"	"intestine"	"class I-ap EE cell"	NA	NA	NA	"FBbt:00058000"	"adult class I enteroendocrine cell (Drosophila)"	"other"	"EE_scRNA-seq"	NA	5
"TGCTACCGTCAGAATA"	5	"SRX5979983"	"SRP200614"	"intestine"	"class I-p CCHa1 EE cell"	NA	NA	NA	"FBbt:00058003"	"adult posterior midgut class I enteroendocrine cell (Drosophila)"	"missing child term"	"EE_scRNA-seq"	NA	4
"TGCTACCGTCCAGTAT"	6	"SRX5979983"	"SRP200614"	"intestine"	"class I-p AstA EE cell"	NA	NA	NA	"FBbt:00058003"	"adult posterior midgut class I enteroendocrine cell (Drosophila)"	"missing child term"	"EE_scRNA-seq"	NA	6
"TGCTACCTCATGGTCA"	0	"SRX5979983"	"SRP200614"	"intestine"	"class I-m EE cell"	NA	NA	NA	"FBbt:00058002"	"adult middle midgut class I enteroendocrine cell (Drosophila)"	"perfect match"	"EE_scRNA-seq"	NA	1
"TGCTACCTCGGATGTT"	0	"SRX5979983"	"SRP200614"	"intestine"	"class I-m EE cell"	NA	NA	NA	"FBbt:00058002"	"adult middle midgut class I enteroendocrine cell (Drosophila)"	"perfect match"	"EE_scRNA-seq"	NA	1
"TGCTACCTCGTATCAG"	0	"SRX5979983"	"SRP200614"	"intestine"	"class I-m EE cell"	NA	NA	NA	"FBbt:00058002"	"adult middle midgut class I enteroendocrine cell (Drosophila)"	"perfect match"	"EE_scRNA-seq"	NA	1
"TGCTACCTCGTTTATC"	6	"SRX5979983"	"SRP200614"	"intestine"	"class I-p AstA EE cell"	NA	NA	NA	"FBbt:00058003"	"adult posterior midgut class I enteroendocrine cell (Drosophila)"	"missing child term"	"EE_scRNA-seq"	NA	6
"TGCTGCTCAGCATGAG"	0	"SRX5979983"	"SRP200614"	"intestine"	"class I-m EE cell"	NA	NA	NA	"FBbt:00058002"	"adult middle midgut class I enteroendocrine cell (Drosophila)"	"perfect match"	"EE_scRNA-seq"	NA	1
"TGCTGCTCAGCGTAAG"	1	"SRX5979983"	"SRP200614"	"intestine"	"class II-m1 EE cell"	NA	NA	NA	"FBbt:00058005"	"adult middle midgut class II enteroendocrine cell (Drosophila)"	"perfect match"	"EE_scRNA-seq"	NA	3
"TGCTGCTGTACCTACA"	3	"SRX5979983"	"SRP200614"	"intestine"	"class II-a EE cell"	NA	NA	NA	"FBbt:00058004"	"adult anterior midgut class II enteroendocrine cell (Drosophila)"	"perfect match"	"EE_scRNA-seq"	NA	9
"TGCTGCTGTAGCTAAA"	5	"SRX5979983"	"SRP200614"	"intestine"	"class I-p CCHa1 EE cell"	NA	NA	NA	"FBbt:00058003"	"adult posterior midgut class I enteroendocrine cell (Drosophila)"	"missing child term"	"EE_scRNA-seq"	NA	4
"TGCTGCTGTAGGGTAC"	6	"SRX5979983"	"SRP200614"	"intestine"	"class I-p AstA EE cell"	NA	NA	NA	"FBbt:00058003"	"adult posterior midgut class I enteroendocrine cell (Drosophila)"	"missing child term"	"EE_scRNA-seq"	NA	6
"TGCTGCTGTCAAGCGA"	6	"SRX5979983"	"SRP200614"	"intestine"	"class I-p AstA EE cell"	NA	NA	NA	"FBbt:00058003"	"adult posterior midgut class I enteroendocrine cell (Drosophila)"	"missing child term"	"EE_scRNA-seq"	NA	6
"TGCTGCTGTCTTCTCG"	6	"SRX5979983"	"SRP200614"	"intestine"	"class I-p AstA EE cell"	NA	NA	NA	"FBbt:00058003"	"adult posterior midgut class I enteroendocrine cell (Drosophila)"	"missing child term"	"EE_scRNA-seq"	NA	6
"TGCTGCTTCAGCGACC"	3	"SRX5979983"	"SRP200614"	"intestine"	"class II-a EE cell"	NA	NA	NA	"FBbt:00058004"	"adult anterior midgut class II enteroendocrine cell (Drosophila)"	"perfect match"	"EE_scRNA-seq"	NA	9
"TGCTGCTTCCCTCTTT"	0	"SRX5979983"	"SRP200614"	"intestine"	"class I-m EE cell"	NA	NA	NA	"FBbt:00058002"	"adult middle midgut class I enteroendocrine cell (Drosophila)"	"perfect match"	"EE_scRNA-seq"	NA	1
"TGCTGCTTCCGCGCAA"	2	"SRX5979983"	"SRP200614"	"intestine"	"class I-ap EE cell"	NA	NA	NA	"FBbt:00058000"	"adult class I enteroendocrine cell (Drosophila)"	"other"	"EE_scRNA-seq"	NA	5
"TGGACGCAGATACACA"	0	"SRX5979983"	"SRP200614"	"intestine"	"class I-m EE cell"	NA	NA	NA	"FBbt:00058002"	"adult middle midgut class I enteroendocrine cell (Drosophila)"	"perfect match"	"EE_scRNA-seq"	NA	1
"TGGACGCAGGTGACCA"	1	"SRX5979983"	"SRP200614"	"intestine"	"class II-m1 EE cell"	NA	NA	NA	"FBbt:00058005"	"adult middle midgut class II enteroendocrine cell (Drosophila)"	"perfect match"	"EE_scRNA-seq"	NA	3
"TGGACGCAGTTGAGAT"	1	"SRX5979983"	"SRP200614"	"intestine"	"class II-m1 EE cell"	NA	NA	NA	"FBbt:00058005"	"adult middle midgut class II enteroendocrine cell (Drosophila)"	"perfect match"	"EE_scRNA-seq"	NA	3
"TGGACGCCAAGAGTCG"	2	"SRX5979983"	"SRP200614"	"intestine"	"class I-ap EE cell"	NA	NA	NA	"FBbt:00058000"	"adult class I enteroendocrine cell (Drosophila)"	"other"	"EE_scRNA-seq"	NA	5
"TGGACGCCAATAGCAA"	0	"SRX5979983"	"SRP200614"	"intestine"	"class I-m EE cell"	NA	NA	NA	"FBbt:00058002"	"adult middle midgut class I enteroendocrine cell (Drosophila)"	"perfect match"	"EE_scRNA-seq"	NA	1
"TGGACGCCACTGTCGG"	6	"SRX5979983"	"SRP200614"	"intestine"	"class I-p AstA EE cell"	NA	NA	NA	"FBbt:00058003"	"adult posterior midgut class I enteroendocrine cell (Drosophila)"	"missing child term"	"EE_scRNA-seq"	NA	6
"TGGACGCGTCCGAAGA"	2	"SRX5979983"	"SRP200614"	"intestine"	"class I-ap EE cell"	NA	NA	NA	"FBbt:00058000"	"adult class I enteroendocrine cell (Drosophila)"	"other"	"EE_scRNA-seq"	NA	5
"TGGACGCGTTAAGTAG"	0	"SRX5979983"	"SRP200614"	"intestine"	"class I-m EE cell"	NA	NA	NA	"FBbt:00058002"	"adult middle midgut class I enteroendocrine cell (Drosophila)"	"perfect match"	"EE_scRNA-seq"	NA	1
"TGGACGCGTTACGTCA"	7	"SRX5979983"	"SRP200614"	"intestine"	"class II-p EE cell"	NA	NA	NA	"FBbt:00058006"	"adult posterior midgut class II enteroendocrine cell (Drosophila)"	"perfect match"	"EE_scRNA-seq"	NA	7
"TGGACGCGTTCCGTCT"	8	"SRX5979983"	"SRP200614"	"intestine"	"class I-a EE cell"	NA	NA	NA	"FBbt:00058001"	"adult anterior midgut class I enteroendocrine cell (Drosophila)"	"perfect match"	"EE_scRNA-seq"	NA	2
"TGGACGCTCATAAAGG"	8	"SRX5979983"	"SRP200614"	"intestine"	"class I-a EE cell"	NA	NA	NA	"FBbt:00058001"	"adult anterior midgut class I enteroendocrine cell (Drosophila)"	"perfect match"	"EE_scRNA-seq"	NA	2
"TGGCCAGAGATGTCGG"	2	"SRX5979983"	"SRP200614"	"intestine"	"class I-ap EE cell"	NA	NA	NA	"FBbt:00058000"	"adult class I enteroendocrine cell (Drosophila)"	"other"	"EE_scRNA-seq"	NA	5
"TGGCCAGAGGCTACGA"	6	"SRX5979983"	"SRP200614"	"intestine"	"class I-p AstA EE cell"	NA	NA	NA	"FBbt:00058003"	"adult posterior midgut class I enteroendocrine cell (Drosophila)"	"missing child term"	"EE_scRNA-seq"	NA	6
"TGGCCAGCACGGTAAG"	9	"SRX5979983"	"SRP200614"	"intestine"	"class III EE cell"	NA	NA	NA	"FBbt:00058200"	"adult class III enteroendocrine cell (Drosophila)"	"perfect match"	"EE_scRNA-seq"	NA	11
"TGGCCAGGTTTGTTTC"	0	"SRX5979983"	"SRP200614"	"intestine"	"class I-m EE cell"	NA	NA	NA	"FBbt:00058002"	"adult middle midgut class I enteroendocrine cell (Drosophila)"	"perfect match"	"EE_scRNA-seq"	NA	1
"TGGCCAGTCAACTCTT"	0	"SRX5979983"	"SRP200614"	"intestine"	"class I-m EE cell"	NA	NA	NA	"FBbt:00058002"	"adult middle midgut class I enteroendocrine cell (Drosophila)"	"perfect match"	"EE_scRNA-seq"	NA	1
"TGGCCAGTCTTCGGTC"	8	"SRX5979983"	"SRP200614"	"intestine"	"class I-a EE cell"	NA	NA	NA	"FBbt:00058001"	"adult anterior midgut class I enteroendocrine cell (Drosophila)"	"perfect match"	"EE_scRNA-seq"	NA	2
"TGGCGCACATTATCTC"	1	"SRX5979983"	"SRP200614"	"intestine"	"class II-m1 EE cell"	NA	NA	NA	"FBbt:00058005"	"adult middle midgut class II enteroendocrine cell (Drosophila)"	"perfect match"	"EE_scRNA-seq"	NA	3
"TGGCGCACATTCCTGC"	1	"SRX5979983"	"SRP200614"	"intestine"	"class II-m1 EE cell"	NA	NA	NA	"FBbt:00058005"	"adult middle midgut class II enteroendocrine cell (Drosophila)"	"perfect match"	"EE_scRNA-seq"	NA	3
"TGGCGCAGTCGGCACT"	3	"SRX5979983"	"SRP200614"	"intestine"	"class II-a EE cell"	NA	NA	NA	"FBbt:00058004"	"adult anterior midgut class II enteroendocrine cell (Drosophila)"	"perfect match"	"EE_scRNA-seq"	NA	9
"TGGCGCAGTCTCACCT"	2	"SRX5979983"	"SRP200614"	"intestine"	"class I-ap EE cell"	NA	NA	NA	"FBbt:00058000"	"adult class I enteroendocrine cell (Drosophila)"	"other"	"EE_scRNA-seq"	NA	5
"TGGCGCAGTGGCGAAT"	0	"SRX5979983"	"SRP200614"	"intestine"	"class I-m EE cell"	NA	NA	NA	"FBbt:00058002"	"adult middle midgut class I enteroendocrine cell (Drosophila)"	"perfect match"	"EE_scRNA-seq"	NA	1
"TGGCGCATCAGGTAAA"	1	"SRX5979983"	"SRP200614"	"intestine"	"class II-m1 EE cell"	NA	NA	NA	"FBbt:00058005"	"adult middle midgut class II enteroendocrine cell (Drosophila)"	"perfect match"	"EE_scRNA-seq"	NA	3
"TGGCGCATCTATCCTA"	8	"SRX5979983"	"SRP200614"	"intestine"	"class I-a EE cell"	NA	NA	NA	"FBbt:00058001"	"adult anterior midgut class I enteroendocrine cell (Drosophila)"	"perfect match"	"EE_scRNA-seq"	NA	2
"TGGCGCATCTGATACG"	2	"SRX5979983"	"SRP200614"	"intestine"	"class I-ap EE cell"	NA	NA	NA	"FBbt:00058000"	"adult class I enteroendocrine cell (Drosophila)"	"other"	"EE_scRNA-seq"	NA	5
"TGGCTGGAGACAGACC"	2	"SRX5979983"	"SRP200614"	"intestine"	"class I-ap EE cell"	NA	NA	NA	"FBbt:00058000"	"adult class I enteroendocrine cell (Drosophila)"	"other"	"EE_scRNA-seq"	NA	5
"TGGCTGGAGGCTAGGT"	7	"SRX5979983"	"SRP200614"	"intestine"	"class II-p EE cell"	NA	NA	NA	"FBbt:00058006"	"adult posterior midgut class II enteroendocrine cell (Drosophila)"	"perfect match"	"EE_scRNA-seq"	NA	7
"TGGCTGGAGGTGACCA"	1	"SRX5979983"	"SRP200614"	"intestine"	"class II-m1 EE cell"	NA	NA	NA	"FBbt:00058005"	"adult middle midgut class II enteroendocrine cell (Drosophila)"	"perfect match"	"EE_scRNA-seq"	NA	3
"TGGCTGGAGGTGGGTT"	0	"SRX5979983"	"SRP200614"	"intestine"	"class I-m EE cell"	NA	NA	NA	"FBbt:00058002"	"adult middle midgut class I enteroendocrine cell (Drosophila)"	"perfect match"	"EE_scRNA-seq"	NA	1
"TGGCTGGCAAGTACCT"	2	"SRX5979983"	"SRP200614"	"intestine"	"class I-ap EE cell"	NA	NA	NA	"FBbt:00058000"	"adult class I enteroendocrine cell (Drosophila)"	"other"	"EE_scRNA-seq"	NA	5
"TGGCTGGCACCAGGTC"	5	"SRX5979983"	"SRP200614"	"intestine"	"class I-p CCHa1 EE cell"	NA	NA	NA	"FBbt:00058003"	"adult posterior midgut class I enteroendocrine cell (Drosophila)"	"missing child term"	"EE_scRNA-seq"	NA	4
"TGGCTGGCATGCTAGT"	0	"SRX5979983"	"SRP200614"	"intestine"	"class I-m EE cell"	NA	NA	NA	"FBbt:00058002"	"adult middle midgut class I enteroendocrine cell (Drosophila)"	"perfect match"	"EE_scRNA-seq"	NA	1
"TGGCTGGGTGAAGGCT"	7	"SRX5979983"	"SRP200614"	"intestine"	"class II-p EE cell"	NA	NA	NA	"FBbt:00058006"	"adult posterior midgut class II enteroendocrine cell (Drosophila)"	"perfect match"	"EE_scRNA-seq"	NA	7
"TGGCTGGTCATCTGCC"	3	"SRX5979983"	"SRP200614"	"intestine"	"class II-a EE cell"	NA	NA	NA	"FBbt:00058004"	"adult anterior midgut class II enteroendocrine cell (Drosophila)"	"perfect match"	"EE_scRNA-seq"	NA	9
"TGGCTGGTCCTAGAAC"	7	"SRX5979983"	"SRP200614"	"intestine"	"class II-p EE cell"	NA	NA	NA	"FBbt:00058006"	"adult posterior midgut class II enteroendocrine cell (Drosophila)"	"perfect match"	"EE_scRNA-seq"	NA	7
"TGGCTGGTCGTATCAG"	1	"SRX5979983"	"SRP200614"	"intestine"	"class II-m1 EE cell"	NA	NA	NA	"FBbt:00058005"	"adult middle midgut class II enteroendocrine cell (Drosophila)"	"perfect match"	"EE_scRNA-seq"	NA	3
"TGGCTGGTCTTGGGTA"	1	"SRX5979983"	"SRP200614"	"intestine"	"class II-m1 EE cell"	NA	NA	NA	"FBbt:00058005"	"adult middle midgut class II enteroendocrine cell (Drosophila)"	"perfect match"	"EE_scRNA-seq"	NA	3
"TGGGAAGAGAAACGAG"	2	"SRX5979983"	"SRP200614"	"intestine"	"class I-ap EE cell"	NA	NA	NA	"FBbt:00058000"	"adult class I enteroendocrine cell (Drosophila)"	"other"	"EE_scRNA-seq"	NA	5
"TGGGAAGAGATCCCGC"	6	"SRX5979983"	"SRP200614"	"intestine"	"class I-p AstA EE cell"	NA	NA	NA	"FBbt:00058003"	"adult posterior midgut class I enteroendocrine cell (Drosophila)"	"missing child term"	"EE_scRNA-seq"	NA	6
"TGGGAAGAGCGTGTCC"	1	"SRX5979983"	"SRP200614"	"intestine"	"class II-m1 EE cell"	NA	NA	NA	"FBbt:00058005"	"adult middle midgut class II enteroendocrine cell (Drosophila)"	"perfect match"	"EE_scRNA-seq"	NA	3
"TGGGAAGAGCTATGCT"	0	"SRX5979983"	"SRP200614"	"intestine"	"class I-m EE cell"	NA	NA	NA	"FBbt:00058002"	"adult middle midgut class I enteroendocrine cell (Drosophila)"	"perfect match"	"EE_scRNA-seq"	NA	1
"TGGGAAGCACACGCTG"	5	"SRX5979983"	"SRP200614"	"intestine"	"class I-p CCHa1 EE cell"	NA	NA	NA	"FBbt:00058003"	"adult posterior midgut class I enteroendocrine cell (Drosophila)"	"missing child term"	"EE_scRNA-seq"	NA	4
"TGGGAAGCACTTCTGC"	2	"SRX5979983"	"SRP200614"	"intestine"	"class I-ap EE cell"	NA	NA	NA	"FBbt:00058000"	"adult class I enteroendocrine cell (Drosophila)"	"other"	"EE_scRNA-seq"	NA	5
"TGGGAAGCAGCAGTTT"	6	"SRX5979983"	"SRP200614"	"intestine"	"class I-p AstA EE cell"	NA	NA	NA	"FBbt:00058003"	"adult posterior midgut class I enteroendocrine cell (Drosophila)"	"missing child term"	"EE_scRNA-seq"	NA	6
"TGGGAAGGTCCTCCAT"	7	"SRX5979983"	"SRP200614"	"intestine"	"class II-p EE cell"	NA	NA	NA	"FBbt:00058006"	"adult posterior midgut class II enteroendocrine cell (Drosophila)"	"perfect match"	"EE_scRNA-seq"	NA	7
"TGGGAAGGTGCTCTTC"	0	"SRX5979983"	"SRP200614"	"intestine"	"class I-m EE cell"	NA	NA	NA	"FBbt:00058002"	"adult middle midgut class I enteroendocrine cell (Drosophila)"	"perfect match"	"EE_scRNA-seq"	NA	1
"TGGGAAGGTTAGAACA"	1	"SRX5979983"	"SRP200614"	"intestine"	"class II-m1 EE cell"	NA	NA	NA	"FBbt:00058005"	"adult middle midgut class II enteroendocrine cell (Drosophila)"	"perfect match"	"EE_scRNA-seq"	NA	3
"TGGGAAGGTTGAGGTG"	4	"SRX5979983"	"SRP200614"	"intestine"	"class II-m2 EE cell"	NA	NA	NA	"FBbt:00058005"	"adult middle midgut class II enteroendocrine cell (Drosophila)"	"perfect match"	"EE_scRNA-seq"	NA	8
"TGGGAAGTCAAACAAG"	3	"SRX5979983"	"SRP200614"	"intestine"	"class II-a EE cell"	NA	NA	NA	"FBbt:00058004"	"adult anterior midgut class II enteroendocrine cell (Drosophila)"	"perfect match"	"EE_scRNA-seq"	NA	9
"TGGGAAGTCCCATTAT"	0	"SRX5979983"	"SRP200614"	"intestine"	"class I-m EE cell"	NA	NA	NA	"FBbt:00058002"	"adult middle midgut class I enteroendocrine cell (Drosophila)"	"perfect match"	"EE_scRNA-seq"	NA	1
"TGGGAAGTCGTAGGTT"	5	"SRX5979983"	"SRP200614"	"intestine"	"class I-p CCHa1 EE cell"	NA	NA	NA	"FBbt:00058003"	"adult posterior midgut class I enteroendocrine cell (Drosophila)"	"missing child term"	"EE_scRNA-seq"	NA	4
"TGGGAAGTCTTTCCTC"	1	"SRX5979983"	"SRP200614"	"intestine"	"class II-m1 EE cell"	NA	NA	NA	"FBbt:00058005"	"adult middle midgut class II enteroendocrine cell (Drosophila)"	"perfect match"	"EE_scRNA-seq"	NA	3
"TGGGCGTAGAATTCCC"	1	"SRX5979983"	"SRP200614"	"intestine"	"class II-m1 EE cell"	NA	NA	NA	"FBbt:00058005"	"adult middle midgut class II enteroendocrine cell (Drosophila)"	"perfect match"	"EE_scRNA-seq"	NA	3
"TGGGCGTAGTGGAGTC"	0	"SRX5979983"	"SRP200614"	"intestine"	"class I-m EE cell"	NA	NA	NA	"FBbt:00058002"	"adult middle midgut class I enteroendocrine cell (Drosophila)"	"perfect match"	"EE_scRNA-seq"	NA	1
"TGGGCGTCAGCTTCGG"	0	"SRX5979983"	"SRP200614"	"intestine"	"class I-m EE cell"	NA	NA	NA	"FBbt:00058002"	"adult middle midgut class I enteroendocrine cell (Drosophila)"	"perfect match"	"EE_scRNA-seq"	NA	1
"TGGGCGTGTAGCGATG"	4	"SRX5979983"	"SRP200614"	"intestine"	"class II-m2 EE cell"	NA	NA	NA	"FBbt:00058005"	"adult middle midgut class II enteroendocrine cell (Drosophila)"	"perfect match"	"EE_scRNA-seq"	NA	8
"TGGGCGTGTATAGGGC"	6	"SRX5979983"	"SRP200614"	"intestine"	"class I-p AstA EE cell"	NA	NA	NA	"FBbt:00058003"	"adult posterior midgut class I enteroendocrine cell (Drosophila)"	"missing child term"	"EE_scRNA-seq"	NA	6
"TGGGCGTGTCCGTTAA"	1	"SRX5979983"	"SRP200614"	"intestine"	"class II-m1 EE cell"	NA	NA	NA	"FBbt:00058005"	"adult middle midgut class II enteroendocrine cell (Drosophila)"	"perfect match"	"EE_scRNA-seq"	NA	3
"TGGGCGTTCAACGCTA"	2	"SRX5979983"	"SRP200614"	"intestine"	"class I-ap EE cell"	NA	NA	NA	"FBbt:00058000"	"adult class I enteroendocrine cell (Drosophila)"	"other"	"EE_scRNA-seq"	NA	5
"TGGGCGTTCAGTTAGC"	2	"SRX5979983"	"SRP200614"	"intestine"	"class I-ap EE cell"	NA	NA	NA	"FBbt:00058000"	"adult class I enteroendocrine cell (Drosophila)"	"other"	"EE_scRNA-seq"	NA	5
"TGGGCGTTCATTGCCC"	8	"SRX5979983"	"SRP200614"	"intestine"	"class I-a EE cell"	NA	NA	NA	"FBbt:00058001"	"adult anterior midgut class I enteroendocrine cell (Drosophila)"	"perfect match"	"EE_scRNA-seq"	NA	2
"TGGGCGTTCCTTTACA"	0	"SRX5979983"	"SRP200614"	"intestine"	"class I-m EE cell"	NA	NA	NA	"FBbt:00058002"	"adult middle midgut class I enteroendocrine cell (Drosophila)"	"perfect match"	"EE_scRNA-seq"	NA	1
"TGGGCGTTCGTGACAT"	2	"SRX5979983"	"SRP200614"	"intestine"	"class I-ap EE cell"	NA	NA	NA	"FBbt:00058000"	"adult class I enteroendocrine cell (Drosophila)"	"other"	"EE_scRNA-seq"	NA	5
"TGGGCGTTCTAACTCT"	7	"SRX5979983"	"SRP200614"	"intestine"	"class II-p EE cell"	NA	NA	NA	"FBbt:00058006"	"adult posterior midgut class II enteroendocrine cell (Drosophila)"	"perfect match"	"EE_scRNA-seq"	NA	7
"TGGGCGTTCTGATACG"	6	"SRX5979983"	"SRP200614"	"intestine"	"class I-p AstA EE cell"	NA	NA	NA	"FBbt:00058003"	"adult posterior midgut class I enteroendocrine cell (Drosophila)"	"missing child term"	"EE_scRNA-seq"	NA	6
"TGGTTAGAGATATACG"	3	"SRX5979983"	"SRP200614"	"intestine"	"class II-a EE cell"	NA	NA	NA	"FBbt:00058004"	"adult anterior midgut class II enteroendocrine cell (Drosophila)"	"perfect match"	"EE_scRNA-seq"	NA	9
"TGGTTAGAGTCACGCC"	1	"SRX5979983"	"SRP200614"	"intestine"	"class II-m1 EE cell"	NA	NA	NA	"FBbt:00058005"	"adult middle midgut class II enteroendocrine cell (Drosophila)"	"perfect match"	"EE_scRNA-seq"	NA	3
"TGGTTAGCACCCAGTG"	0	"SRX5979983"	"SRP200614"	"intestine"	"class I-m EE cell"	NA	NA	NA	"FBbt:00058002"	"adult middle midgut class I enteroendocrine cell (Drosophila)"	"perfect match"	"EE_scRNA-seq"	NA	1
"TGGTTAGCATTGTGCA"	2	"SRX5979983"	"SRP200614"	"intestine"	"class I-ap EE cell"	NA	NA	NA	"FBbt:00058000"	"adult class I enteroendocrine cell (Drosophila)"	"other"	"EE_scRNA-seq"	NA	5
"TGGTTCCAGCACCGTC"	2	"SRX5979983"	"SRP200614"	"intestine"	"class I-ap EE cell"	NA	NA	NA	"FBbt:00058000"	"adult class I enteroendocrine cell (Drosophila)"	"other"	"EE_scRNA-seq"	NA	5
"TGGTTCCAGCCTCGTG"	1	"SRX5979983"	"SRP200614"	"intestine"	"class II-m1 EE cell"	NA	NA	NA	"FBbt:00058005"	"adult middle midgut class II enteroendocrine cell (Drosophila)"	"perfect match"	"EE_scRNA-seq"	NA	3
"TGGTTCCAGCGATAGC"	2	"SRX5979983"	"SRP200614"	"intestine"	"class I-ap EE cell"	NA	NA	NA	"FBbt:00058000"	"adult class I enteroendocrine cell (Drosophila)"	"other"	"EE_scRNA-seq"	NA	5
"TGGTTCCAGTCAAGCG"	7	"SRX5979983"	"SRP200614"	"intestine"	"class II-p EE cell"	NA	NA	NA	"FBbt:00058006"	"adult posterior midgut class II enteroendocrine cell (Drosophila)"	"perfect match"	"EE_scRNA-seq"	NA	7
"TGGTTCCAGTCACGCC"	4	"SRX5979983"	"SRP200614"	"intestine"	"class II-m2 EE cell"	NA	NA	NA	"FBbt:00058005"	"adult middle midgut class II enteroendocrine cell (Drosophila)"	"perfect match"	"EE_scRNA-seq"	NA	8
"TGGTTCCCACACCGCA"	0	"SRX5979983"	"SRP200614"	"intestine"	"class I-m EE cell"	NA	NA	NA	"FBbt:00058002"	"adult middle midgut class I enteroendocrine cell (Drosophila)"	"perfect match"	"EE_scRNA-seq"	NA	1
"TGGTTCCCAGGTCTCG"	1	"SRX5979983"	"SRP200614"	"intestine"	"class II-m1 EE cell"	NA	NA	NA	"FBbt:00058005"	"adult middle midgut class II enteroendocrine cell (Drosophila)"	"perfect match"	"EE_scRNA-seq"	NA	3
"TGGTTCCCATAGTAAG"	0	"SRX5979983"	"SRP200614"	"intestine"	"class I-m EE cell"	NA	NA	NA	"FBbt:00058002"	"adult middle midgut class I enteroendocrine cell (Drosophila)"	"perfect match"	"EE_scRNA-seq"	NA	1
"TGGTTCCGTGAAAGAG"	0	"SRX5979983"	"SRP200614"	"intestine"	"class I-m EE cell"	NA	NA	NA	"FBbt:00058002"	"adult middle midgut class I enteroendocrine cell (Drosophila)"	"perfect match"	"EE_scRNA-seq"	NA	1
"TGGTTCCGTTATCCGA"	2	"SRX5979983"	"SRP200614"	"intestine"	"class I-ap EE cell"	NA	NA	NA	"FBbt:00058000"	"adult class I enteroendocrine cell (Drosophila)"	"other"	"EE_scRNA-seq"	NA	5
"TGGTTCCGTTGATTGC"	4	"SRX5979983"	"SRP200614"	"intestine"	"class II-m2 EE cell"	NA	NA	NA	"FBbt:00058005"	"adult middle midgut class II enteroendocrine cell (Drosophila)"	"perfect match"	"EE_scRNA-seq"	NA	8
"TGGTTCCGTTTGGCGC"	0	"SRX5979983"	"SRP200614"	"intestine"	"class I-m EE cell"	NA	NA	NA	"FBbt:00058002"	"adult middle midgut class I enteroendocrine cell (Drosophila)"	"perfect match"	"EE_scRNA-seq"	NA	1
"TGGTTCCTCCTCCTAG"	3	"SRX5979983"	"SRP200614"	"intestine"	"class II-a EE cell"	NA	NA	NA	"FBbt:00058004"	"adult anterior midgut class II enteroendocrine cell (Drosophila)"	"perfect match"	"EE_scRNA-seq"	NA	9
"TGTATTCAGCTAGTGG"	6	"SRX5979983"	"SRP200614"	"intestine"	"class I-p AstA EE cell"	NA	NA	NA	"FBbt:00058003"	"adult posterior midgut class I enteroendocrine cell (Drosophila)"	"missing child term"	"EE_scRNA-seq"	NA	6
"TGTATTCAGTGGAGAA"	1	"SRX5979983"	"SRP200614"	"intestine"	"class II-m1 EE cell"	NA	NA	NA	"FBbt:00058005"	"adult middle midgut class II enteroendocrine cell (Drosophila)"	"perfect match"	"EE_scRNA-seq"	NA	3
"TGTATTCAGTGTCCAT"	1	"SRX5979983"	"SRP200614"	"intestine"	"class II-m1 EE cell"	NA	NA	NA	"FBbt:00058005"	"adult middle midgut class II enteroendocrine cell (Drosophila)"	"perfect match"	"EE_scRNA-seq"	NA	3
"TGTATTCCACGCCAGT"	0	"SRX5979983"	"SRP200614"	"intestine"	"class I-m EE cell"	NA	NA	NA	"FBbt:00058002"	"adult middle midgut class I enteroendocrine cell (Drosophila)"	"perfect match"	"EE_scRNA-seq"	NA	1
"TGTATTCCATTGCGGC"	8	"SRX5979983"	"SRP200614"	"intestine"	"class I-a EE cell"	NA	NA	NA	"FBbt:00058001"	"adult anterior midgut class I enteroendocrine cell (Drosophila)"	"perfect match"	"EE_scRNA-seq"	NA	2
"TGTATTCCATTGGGCC"	6	"SRX5979983"	"SRP200614"	"intestine"	"class I-p AstA EE cell"	NA	NA	NA	"FBbt:00058003"	"adult posterior midgut class I enteroendocrine cell (Drosophila)"	"missing child term"	"EE_scRNA-seq"	NA	6
"TGTATTCGTTATGCGT"	3	"SRX5979983"	"SRP200614"	"intestine"	"class II-a EE cell"	NA	NA	NA	"FBbt:00058004"	"adult anterior midgut class II enteroendocrine cell (Drosophila)"	"perfect match"	"EE_scRNA-seq"	NA	9
"TGTATTCTCATCGGAT"	1	"SRX5979983"	"SRP200614"	"intestine"	"class II-m1 EE cell"	NA	NA	NA	"FBbt:00058005"	"adult middle midgut class II enteroendocrine cell (Drosophila)"	"perfect match"	"EE_scRNA-seq"	NA	3
"TGTCCCAAGACTAGAT"	1	"SRX5979983"	"SRP200614"	"intestine"	"class II-m1 EE cell"	NA	NA	NA	"FBbt:00058005"	"adult middle midgut class II enteroendocrine cell (Drosophila)"	"perfect match"	"EE_scRNA-seq"	NA	3
"TGTCCCAAGAGTGACC"	2	"SRX5979983"	"SRP200614"	"intestine"	"class I-ap EE cell"	NA	NA	NA	"FBbt:00058000"	"adult class I enteroendocrine cell (Drosophila)"	"other"	"EE_scRNA-seq"	NA	5
"TGTCCCAAGGATATAC"	2	"SRX5979983"	"SRP200614"	"intestine"	"class I-ap EE cell"	NA	NA	NA	"FBbt:00058000"	"adult class I enteroendocrine cell (Drosophila)"	"other"	"EE_scRNA-seq"	NA	5
"TGTCCCAAGGGTATCG"	6	"SRX5979983"	"SRP200614"	"intestine"	"class I-p AstA EE cell"	NA	NA	NA	"FBbt:00058003"	"adult posterior midgut class I enteroendocrine cell (Drosophila)"	"missing child term"	"EE_scRNA-seq"	NA	6
"TGTCCCACATAACCTG"	0	"SRX5979983"	"SRP200614"	"intestine"	"class I-m EE cell"	NA	NA	NA	"FBbt:00058002"	"adult middle midgut class I enteroendocrine cell (Drosophila)"	"perfect match"	"EE_scRNA-seq"	NA	1
"TGTCCCAGTACAGTGG"	1	"SRX5979983"	"SRP200614"	"intestine"	"class II-m1 EE cell"	NA	NA	NA	"FBbt:00058005"	"adult middle midgut class II enteroendocrine cell (Drosophila)"	"perfect match"	"EE_scRNA-seq"	NA	3
"TGTCCCATCAGTTCGA"	3	"SRX5979983"	"SRP200614"	"intestine"	"class II-a EE cell"	NA	NA	NA	"FBbt:00058004"	"adult anterior midgut class II enteroendocrine cell (Drosophila)"	"perfect match"	"EE_scRNA-seq"	NA	9
"TGTCCCATCCCAGGTG"	1	"SRX5979983"	"SRP200614"	"intestine"	"class II-m1 EE cell"	NA	NA	NA	"FBbt:00058005"	"adult middle midgut class II enteroendocrine cell (Drosophila)"	"perfect match"	"EE_scRNA-seq"	NA	3
"TGTGGTAAGTGTACGG"	7	"SRX5979983"	"SRP200614"	"intestine"	"class II-p EE cell"	NA	NA	NA	"FBbt:00058006"	"adult posterior midgut class II enteroendocrine cell (Drosophila)"	"perfect match"	"EE_scRNA-seq"	NA	7
"TGTGGTACAAAGGCGT"	3	"SRX5979983"	"SRP200614"	"intestine"	"class II-a EE cell"	NA	NA	NA	"FBbt:00058004"	"adult anterior midgut class II enteroendocrine cell (Drosophila)"	"perfect match"	"EE_scRNA-seq"	NA	9
"TGTGGTACATCACCCT"	1	"SRX5979983"	"SRP200614"	"intestine"	"class II-m1 EE cell"	NA	NA	NA	"FBbt:00058005"	"adult middle midgut class II enteroendocrine cell (Drosophila)"	"perfect match"	"EE_scRNA-seq"	NA	3
"TGTGGTAGTACATCCA"	4	"SRX5979983"	"SRP200614"	"intestine"	"class II-m2 EE cell"	NA	NA	NA	"FBbt:00058005"	"adult middle midgut class II enteroendocrine cell (Drosophila)"	"perfect match"	"EE_scRNA-seq"	NA	8
"TGTGGTAGTCTCTCGT"	5	"SRX5979983"	"SRP200614"	"intestine"	"class I-p CCHa1 EE cell"	NA	NA	NA	"FBbt:00058003"	"adult posterior midgut class I enteroendocrine cell (Drosophila)"	"missing child term"	"EE_scRNA-seq"	NA	4
"TGTGGTAGTTACTGAC"	6	"SRX5979983"	"SRP200614"	"intestine"	"class I-p AstA EE cell"	NA	NA	NA	"FBbt:00058003"	"adult posterior midgut class I enteroendocrine cell (Drosophila)"	"missing child term"	"EE_scRNA-seq"	NA	6
"TGTGGTATCACTTACT"	2	"SRX5979983"	"SRP200614"	"intestine"	"class I-ap EE cell"	NA	NA	NA	"FBbt:00058000"	"adult class I enteroendocrine cell (Drosophila)"	"other"	"EE_scRNA-seq"	NA	5
"TGTGGTATCTGTACGA"	1	"SRX5979983"	"SRP200614"	"intestine"	"class II-m1 EE cell"	NA	NA	NA	"FBbt:00058005"	"adult middle midgut class II enteroendocrine cell (Drosophila)"	"perfect match"	"EE_scRNA-seq"	NA	3
"TGTGTTTAGCAGCCTC"	0	"SRX5979983"	"SRP200614"	"intestine"	"class I-m EE cell"	NA	NA	NA	"FBbt:00058002"	"adult middle midgut class I enteroendocrine cell (Drosophila)"	"perfect match"	"EE_scRNA-seq"	NA	1
"TGTGTTTAGGGTTTCT"	3	"SRX5979983"	"SRP200614"	"intestine"	"class II-a EE cell"	NA	NA	NA	"FBbt:00058004"	"adult anterior midgut class II enteroendocrine cell (Drosophila)"	"perfect match"	"EE_scRNA-seq"	NA	9
"TGTGTTTAGTGCGATG"	0	"SRX5979983"	"SRP200614"	"intestine"	"class I-m EE cell"	NA	NA	NA	"FBbt:00058002"	"adult middle midgut class I enteroendocrine cell (Drosophila)"	"perfect match"	"EE_scRNA-seq"	NA	1
"TGTGTTTCAAAGCAAT"	10	"SRX5979983"	"SRP200614"	"intestine"	"EE progenitor cell"	NA	NA	NA	"FBbt:00049284"	"adult enteroendocrine precursor cell (Drosophila)"	"perfect match"	"EE_scRNA-seq"	NA	10
"TGTGTTTCAAGTAGTA"	2	"SRX5979983"	"SRP200614"	"intestine"	"class I-ap EE cell"	NA	NA	NA	"FBbt:00058000"	"adult class I enteroendocrine cell (Drosophila)"	"other"	"EE_scRNA-seq"	NA	5
"TGTGTTTGTAAACCTC"	2	"SRX5979983"	"SRP200614"	"intestine"	"class I-ap EE cell"	NA	NA	NA	"FBbt:00058000"	"adult class I enteroendocrine cell (Drosophila)"	"other"	"EE_scRNA-seq"	NA	5
"TGTGTTTGTTAAGTAG"	9	"SRX5979983"	"SRP200614"	"intestine"	"class III EE cell"	NA	NA	NA	"FBbt:00058200"	"adult class III enteroendocrine cell (Drosophila)"	"perfect match"	"EE_scRNA-seq"	NA	11
"TGTGTTTGTTCCACTC"	9	"SRX5979983"	"SRP200614"	"intestine"	"class III EE cell"	NA	NA	NA	"FBbt:00058200"	"adult class III enteroendocrine cell (Drosophila)"	"perfect match"	"EE_scRNA-seq"	NA	11
"TGTTCCGAGACTAAGT"	1	"SRX5979983"	"SRP200614"	"intestine"	"class II-m1 EE cell"	NA	NA	NA	"FBbt:00058005"	"adult middle midgut class II enteroendocrine cell (Drosophila)"	"perfect match"	"EE_scRNA-seq"	NA	3
"TGTTCCGAGTCCATAC"	3	"SRX5979983"	"SRP200614"	"intestine"	"class II-a EE cell"	NA	NA	NA	"FBbt:00058004"	"adult anterior midgut class II enteroendocrine cell (Drosophila)"	"perfect match"	"EE_scRNA-seq"	NA	9
"TGTTCCGCAAGCCCAC"	2	"SRX5979983"	"SRP200614"	"intestine"	"class I-ap EE cell"	NA	NA	NA	"FBbt:00058000"	"adult class I enteroendocrine cell (Drosophila)"	"other"	"EE_scRNA-seq"	NA	5
"TGTTCCGCAATTGCTG"	0	"SRX5979983"	"SRP200614"	"intestine"	"class I-m EE cell"	NA	NA	NA	"FBbt:00058002"	"adult middle midgut class I enteroendocrine cell (Drosophila)"	"perfect match"	"EE_scRNA-seq"	NA	1
"TGTTCCGCACGAGAGT"	0	"SRX5979983"	"SRP200614"	"intestine"	"class I-m EE cell"	NA	NA	NA	"FBbt:00058002"	"adult middle midgut class I enteroendocrine cell (Drosophila)"	"perfect match"	"EE_scRNA-seq"	NA	1
"TGTTCCGGTCAAAGCG"	0	"SRX5979983"	"SRP200614"	"intestine"	"class I-m EE cell"	NA	NA	NA	"FBbt:00058002"	"adult middle midgut class I enteroendocrine cell (Drosophila)"	"perfect match"	"EE_scRNA-seq"	NA	1
"TGTTCCGGTCTCTTTA"	0	"SRX5979983"	"SRP200614"	"intestine"	"class I-m EE cell"	NA	NA	NA	"FBbt:00058002"	"adult middle midgut class I enteroendocrine cell (Drosophila)"	"perfect match"	"EE_scRNA-seq"	NA	1
"TGTTCCGGTTTGGCGC"	0	"SRX5979983"	"SRP200614"	"intestine"	"class I-m EE cell"	NA	NA	NA	"FBbt:00058002"	"adult middle midgut class I enteroendocrine cell (Drosophila)"	"perfect match"	"EE_scRNA-seq"	NA	1
"TTAACTCAGCTAACAA"	1	"SRX5979983"	"SRP200614"	"intestine"	"class II-m1 EE cell"	NA	NA	NA	"FBbt:00058005"	"adult middle midgut class II enteroendocrine cell (Drosophila)"	"perfect match"	"EE_scRNA-seq"	NA	3
"TTAACTCAGGGCTTGA"	9	"SRX5979983"	"SRP200614"	"intestine"	"class III EE cell"	NA	NA	NA	"FBbt:00058200"	"adult class III enteroendocrine cell (Drosophila)"	"perfect match"	"EE_scRNA-seq"	NA	11
"TTAACTCCAACTGGCC"	0	"SRX5979983"	"SRP200614"	"intestine"	"class I-m EE cell"	NA	NA	NA	"FBbt:00058002"	"adult middle midgut class I enteroendocrine cell (Drosophila)"	"perfect match"	"EE_scRNA-seq"	NA	1
"TTAACTCCACGGACAA"	0	"SRX5979983"	"SRP200614"	"intestine"	"class I-m EE cell"	NA	NA	NA	"FBbt:00058002"	"adult middle midgut class I enteroendocrine cell (Drosophila)"	"perfect match"	"EE_scRNA-seq"	NA	1
"TTAACTCCATGACGGA"	3	"SRX5979983"	"SRP200614"	"intestine"	"class II-a EE cell"	NA	NA	NA	"FBbt:00058004"	"adult anterior midgut class II enteroendocrine cell (Drosophila)"	"perfect match"	"EE_scRNA-seq"	NA	9
"TTAACTCGTCATCGGC"	1	"SRX5979983"	"SRP200614"	"intestine"	"class II-m1 EE cell"	NA	NA	NA	"FBbt:00058005"	"adult middle midgut class II enteroendocrine cell (Drosophila)"	"perfect match"	"EE_scRNA-seq"	NA	3
"TTAACTCTCTCGTATT"	0	"SRX5979983"	"SRP200614"	"intestine"	"class I-m EE cell"	NA	NA	NA	"FBbt:00058002"	"adult middle midgut class I enteroendocrine cell (Drosophila)"	"perfect match"	"EE_scRNA-seq"	NA	1
"TTAGGACAGAATGTTG"	0	"SRX5979983"	"SRP200614"	"intestine"	"class I-m EE cell"	NA	NA	NA	"FBbt:00058002"	"adult middle midgut class I enteroendocrine cell (Drosophila)"	"perfect match"	"EE_scRNA-seq"	NA	1
"TTAGGACCAATCAGAA"	2	"SRX5979983"	"SRP200614"	"intestine"	"class I-ap EE cell"	NA	NA	NA	"FBbt:00058000"	"adult class I enteroendocrine cell (Drosophila)"	"other"	"EE_scRNA-seq"	NA	5
"TTAGGACCACCAGTTA"	3	"SRX5979983"	"SRP200614"	"intestine"	"class II-a EE cell"	NA	NA	NA	"FBbt:00058004"	"adult anterior midgut class II enteroendocrine cell (Drosophila)"	"perfect match"	"EE_scRNA-seq"	NA	9
"TTAGGACGTGTGGCTC"	7	"SRX5979983"	"SRP200614"	"intestine"	"class II-p EE cell"	NA	NA	NA	"FBbt:00058006"	"adult posterior midgut class II enteroendocrine cell (Drosophila)"	"perfect match"	"EE_scRNA-seq"	NA	7
"TTAGGACTCAGCTCTC"	1	"SRX5979983"	"SRP200614"	"intestine"	"class II-m1 EE cell"	NA	NA	NA	"FBbt:00058005"	"adult middle midgut class II enteroendocrine cell (Drosophila)"	"perfect match"	"EE_scRNA-seq"	NA	3
"TTAGGACTCCACTGGG"	6	"SRX5979983"	"SRP200614"	"intestine"	"class I-p AstA EE cell"	NA	NA	NA	"FBbt:00058003"	"adult posterior midgut class I enteroendocrine cell (Drosophila)"	"missing child term"	"EE_scRNA-seq"	NA	6
"TTAGGACTCCTATTCA"	4	"SRX5979983"	"SRP200614"	"intestine"	"class II-m2 EE cell"	NA	NA	NA	"FBbt:00058005"	"adult middle midgut class II enteroendocrine cell (Drosophila)"	"perfect match"	"EE_scRNA-seq"	NA	8
"TTAGGCAAGCATCATC"	1	"SRX5979983"	"SRP200614"	"intestine"	"class II-m1 EE cell"	NA	NA	NA	"FBbt:00058005"	"adult middle midgut class II enteroendocrine cell (Drosophila)"	"perfect match"	"EE_scRNA-seq"	NA	3
"TTAGGCAAGTGAAGTT"	3	"SRX5979983"	"SRP200614"	"intestine"	"class II-a EE cell"	NA	NA	NA	"FBbt:00058004"	"adult anterior midgut class II enteroendocrine cell (Drosophila)"	"perfect match"	"EE_scRNA-seq"	NA	9
"TTAGGCAAGTGACTCT"	1	"SRX5979983"	"SRP200614"	"intestine"	"class II-m1 EE cell"	NA	NA	NA	"FBbt:00058005"	"adult middle midgut class II enteroendocrine cell (Drosophila)"	"perfect match"	"EE_scRNA-seq"	NA	3
"TTAGGCACACGCGAAA"	0	"SRX5979983"	"SRP200614"	"intestine"	"class I-m EE cell"	NA	NA	NA	"FBbt:00058002"	"adult middle midgut class I enteroendocrine cell (Drosophila)"	"perfect match"	"EE_scRNA-seq"	NA	1
"TTAGGCACAGTCTTCC"	0	"SRX5979983"	"SRP200614"	"intestine"	"class I-m EE cell"	NA	NA	NA	"FBbt:00058002"	"adult middle midgut class I enteroendocrine cell (Drosophila)"	"perfect match"	"EE_scRNA-seq"	NA	1
"TTAGGCACATGCCTAA"	7	"SRX5979983"	"SRP200614"	"intestine"	"class II-p EE cell"	NA	NA	NA	"FBbt:00058006"	"adult posterior midgut class II enteroendocrine cell (Drosophila)"	"perfect match"	"EE_scRNA-seq"	NA	7
"TTAGGCAGTCATCGGC"	3	"SRX5979983"	"SRP200614"	"intestine"	"class II-a EE cell"	NA	NA	NA	"FBbt:00058004"	"adult anterior midgut class II enteroendocrine cell (Drosophila)"	"perfect match"	"EE_scRNA-seq"	NA	9
"TTAGGCATCCCATTAT"	6	"SRX5979983"	"SRP200614"	"intestine"	"class I-p AstA EE cell"	NA	NA	NA	"FBbt:00058003"	"adult posterior midgut class I enteroendocrine cell (Drosophila)"	"missing child term"	"EE_scRNA-seq"	NA	6
"TTAGGCATCCTGCAGG"	5	"SRX5979983"	"SRP200614"	"intestine"	"class I-p CCHa1 EE cell"	NA	NA	NA	"FBbt:00058003"	"adult posterior midgut class I enteroendocrine cell (Drosophila)"	"missing child term"	"EE_scRNA-seq"	NA	4
"TTAGGCATCTTTACAC"	2	"SRX5979983"	"SRP200614"	"intestine"	"class I-ap EE cell"	NA	NA	NA	"FBbt:00058000"	"adult class I enteroendocrine cell (Drosophila)"	"other"	"EE_scRNA-seq"	NA	5
"TTAGTTCAGACAAGCC"	0	"SRX5979983"	"SRP200614"	"intestine"	"class I-m EE cell"	NA	NA	NA	"FBbt:00058002"	"adult middle midgut class I enteroendocrine cell (Drosophila)"	"perfect match"	"EE_scRNA-seq"	NA	1
"TTAGTTCAGACGACGT"	5	"SRX5979983"	"SRP200614"	"intestine"	"class I-p CCHa1 EE cell"	NA	NA	NA	"FBbt:00058003"	"adult posterior midgut class I enteroendocrine cell (Drosophila)"	"missing child term"	"EE_scRNA-seq"	NA	4
"TTAGTTCCACTTCGAA"	5	"SRX5979983"	"SRP200614"	"intestine"	"class I-p CCHa1 EE cell"	NA	NA	NA	"FBbt:00058003"	"adult posterior midgut class I enteroendocrine cell (Drosophila)"	"missing child term"	"EE_scRNA-seq"	NA	4
"TTAGTTCCAGATAATG"	2	"SRX5979983"	"SRP200614"	"intestine"	"class I-ap EE cell"	NA	NA	NA	"FBbt:00058000"	"adult class I enteroendocrine cell (Drosophila)"	"other"	"EE_scRNA-seq"	NA	5
"TTAGTTCCATGAACCT"	3	"SRX5979983"	"SRP200614"	"intestine"	"class II-a EE cell"	NA	NA	NA	"FBbt:00058004"	"adult anterior midgut class II enteroendocrine cell (Drosophila)"	"perfect match"	"EE_scRNA-seq"	NA	9
"TTATGCTAGATATGGT"	2	"SRX5979983"	"SRP200614"	"intestine"	"class I-ap EE cell"	NA	NA	NA	"FBbt:00058000"	"adult class I enteroendocrine cell (Drosophila)"	"other"	"EE_scRNA-seq"	NA	5
"TTATGCTAGCTGATAA"	3	"SRX5979983"	"SRP200614"	"intestine"	"class II-a EE cell"	NA	NA	NA	"FBbt:00058004"	"adult anterior midgut class II enteroendocrine cell (Drosophila)"	"perfect match"	"EE_scRNA-seq"	NA	9
"TTATGCTCACCAACCG"	3	"SRX5979983"	"SRP200614"	"intestine"	"class II-a EE cell"	NA	NA	NA	"FBbt:00058004"	"adult anterior midgut class II enteroendocrine cell (Drosophila)"	"perfect match"	"EE_scRNA-seq"	NA	9
"TTATGCTGTAGGACAC"	1	"SRX5979983"	"SRP200614"	"intestine"	"class II-m1 EE cell"	NA	NA	NA	"FBbt:00058005"	"adult middle midgut class II enteroendocrine cell (Drosophila)"	"perfect match"	"EE_scRNA-seq"	NA	3
"TTATGCTGTTGAGGTG"	0	"SRX5979983"	"SRP200614"	"intestine"	"class I-m EE cell"	NA	NA	NA	"FBbt:00058002"	"adult middle midgut class I enteroendocrine cell (Drosophila)"	"perfect match"	"EE_scRNA-seq"	NA	1
"TTATGCTTCAACACAC"	0	"SRX5979983"	"SRP200614"	"intestine"	"class I-m EE cell"	NA	NA	NA	"FBbt:00058002"	"adult middle midgut class I enteroendocrine cell (Drosophila)"	"perfect match"	"EE_scRNA-seq"	NA	1
"TTATGCTTCCGCGTTT"	6	"SRX5979983"	"SRP200614"	"intestine"	"class I-p AstA EE cell"	NA	NA	NA	"FBbt:00058003"	"adult posterior midgut class I enteroendocrine cell (Drosophila)"	"missing child term"	"EE_scRNA-seq"	NA	6
"TTCCCAGAGAACTCGG"	0	"SRX5979983"	"SRP200614"	"intestine"	"class I-m EE cell"	NA	NA	NA	"FBbt:00058002"	"adult middle midgut class I enteroendocrine cell (Drosophila)"	"perfect match"	"EE_scRNA-seq"	NA	1
"TTCCCAGAGGAGCGTT"	5	"SRX5979983"	"SRP200614"	"intestine"	"class I-p CCHa1 EE cell"	NA	NA	NA	"FBbt:00058003"	"adult posterior midgut class I enteroendocrine cell (Drosophila)"	"missing child term"	"EE_scRNA-seq"	NA	4
"TTCCCAGAGTGGTAAT"	2	"SRX5979983"	"SRP200614"	"intestine"	"class I-ap EE cell"	NA	NA	NA	"FBbt:00058000"	"adult class I enteroendocrine cell (Drosophila)"	"other"	"EE_scRNA-seq"	NA	5
"TTCCCAGGTCAATACC"	3	"SRX5979983"	"SRP200614"	"intestine"	"class II-a EE cell"	NA	NA	NA	"FBbt:00058004"	"adult anterior midgut class II enteroendocrine cell (Drosophila)"	"perfect match"	"EE_scRNA-seq"	NA	9
"TTCCCAGGTTACGACT"	7	"SRX5979983"	"SRP200614"	"intestine"	"class II-p EE cell"	NA	NA	NA	"FBbt:00058006"	"adult posterior midgut class II enteroendocrine cell (Drosophila)"	"perfect match"	"EE_scRNA-seq"	NA	7
"TTCCCAGGTTACGTCA"	5	"SRX5979983"	"SRP200614"	"intestine"	"class I-p CCHa1 EE cell"	NA	NA	NA	"FBbt:00058003"	"adult posterior midgut class I enteroendocrine cell (Drosophila)"	"missing child term"	"EE_scRNA-seq"	NA	4
"TTCCCAGGTTGGAGGT"	3	"SRX5979983"	"SRP200614"	"intestine"	"class II-a EE cell"	NA	NA	NA	"FBbt:00058004"	"adult anterior midgut class II enteroendocrine cell (Drosophila)"	"perfect match"	"EE_scRNA-seq"	NA	9
"TTCCCAGGTTTGGCGC"	6	"SRX5979983"	"SRP200614"	"intestine"	"class I-p AstA EE cell"	NA	NA	NA	"FBbt:00058003"	"adult posterior midgut class I enteroendocrine cell (Drosophila)"	"missing child term"	"EE_scRNA-seq"	NA	6
"TTCCCAGTCCAAGCCG"	2	"SRX5979983"	"SRP200614"	"intestine"	"class I-ap EE cell"	NA	NA	NA	"FBbt:00058000"	"adult class I enteroendocrine cell (Drosophila)"	"other"	"EE_scRNA-seq"	NA	5
"TTCCCAGTCGACCAGC"	6	"SRX5979983"	"SRP200614"	"intestine"	"class I-p AstA EE cell"	NA	NA	NA	"FBbt:00058003"	"adult posterior midgut class I enteroendocrine cell (Drosophila)"	"missing child term"	"EE_scRNA-seq"	NA	6
"TTCGAAGAGCCACGTC"	0	"SRX5979983"	"SRP200614"	"intestine"	"class I-m EE cell"	NA	NA	NA	"FBbt:00058002"	"adult middle midgut class I enteroendocrine cell (Drosophila)"	"perfect match"	"EE_scRNA-seq"	NA	1
"TTCGAAGAGGGAACGG"	4	"SRX5979983"	"SRP200614"	"intestine"	"class II-m2 EE cell"	NA	NA	NA	"FBbt:00058005"	"adult middle midgut class II enteroendocrine cell (Drosophila)"	"perfect match"	"EE_scRNA-seq"	NA	8
"TTCGAAGAGTCACGCC"	8	"SRX5979983"	"SRP200614"	"intestine"	"class I-a EE cell"	NA	NA	NA	"FBbt:00058001"	"adult anterior midgut class I enteroendocrine cell (Drosophila)"	"perfect match"	"EE_scRNA-seq"	NA	2
"TTCGAAGAGTGAAGTT"	0	"SRX5979983"	"SRP200614"	"intestine"	"class I-m EE cell"	NA	NA	NA	"FBbt:00058002"	"adult middle midgut class I enteroendocrine cell (Drosophila)"	"perfect match"	"EE_scRNA-seq"	NA	1
"TTCGAAGCAGACGCAA"	2	"SRX5979983"	"SRP200614"	"intestine"	"class I-ap EE cell"	NA	NA	NA	"FBbt:00058000"	"adult class I enteroendocrine cell (Drosophila)"	"other"	"EE_scRNA-seq"	NA	5
"TTCGAAGGTACAGACG"	4	"SRX5979983"	"SRP200614"	"intestine"	"class II-m2 EE cell"	NA	NA	NA	"FBbt:00058005"	"adult middle midgut class II enteroendocrine cell (Drosophila)"	"perfect match"	"EE_scRNA-seq"	NA	8
"TTCGAAGGTATGGTTC"	5	"SRX5979983"	"SRP200614"	"intestine"	"class I-p CCHa1 EE cell"	NA	NA	NA	"FBbt:00058003"	"adult posterior midgut class I enteroendocrine cell (Drosophila)"	"missing child term"	"EE_scRNA-seq"	NA	4
"TTCGAAGGTTCAGCGC"	2	"SRX5979983"	"SRP200614"	"intestine"	"class I-ap EE cell"	NA	NA	NA	"FBbt:00058000"	"adult class I enteroendocrine cell (Drosophila)"	"other"	"EE_scRNA-seq"	NA	5
"TTCGAAGTCAACCATG"	0	"SRX5979983"	"SRP200614"	"intestine"	"class I-m EE cell"	NA	NA	NA	"FBbt:00058002"	"adult middle midgut class I enteroendocrine cell (Drosophila)"	"perfect match"	"EE_scRNA-seq"	NA	1
"TTCGGTCAGCCGTCGT"	2	"SRX5979983"	"SRP200614"	"intestine"	"class I-ap EE cell"	NA	NA	NA	"FBbt:00058000"	"adult class I enteroendocrine cell (Drosophila)"	"other"	"EE_scRNA-seq"	NA	5
"TTCGGTCAGCGGATCA"	6	"SRX5979983"	"SRP200614"	"intestine"	"class I-p AstA EE cell"	NA	NA	NA	"FBbt:00058003"	"adult posterior midgut class I enteroendocrine cell (Drosophila)"	"missing child term"	"EE_scRNA-seq"	NA	6
"TTCGGTCAGCTGCGAA"	1	"SRX5979983"	"SRP200614"	"intestine"	"class II-m1 EE cell"	NA	NA	NA	"FBbt:00058005"	"adult middle midgut class II enteroendocrine cell (Drosophila)"	"perfect match"	"EE_scRNA-seq"	NA	3
"TTCGGTCAGGAGTCTG"	2	"SRX5979983"	"SRP200614"	"intestine"	"class I-ap EE cell"	NA	NA	NA	"FBbt:00058000"	"adult class I enteroendocrine cell (Drosophila)"	"other"	"EE_scRNA-seq"	NA	5
"TTCGGTCAGGTAGCTG"	5	"SRX5979983"	"SRP200614"	"intestine"	"class I-p CCHa1 EE cell"	NA	NA	NA	"FBbt:00058003"	"adult posterior midgut class I enteroendocrine cell (Drosophila)"	"missing child term"	"EE_scRNA-seq"	NA	4
"TTCGGTCAGTGCAAGC"	3	"SRX5979983"	"SRP200614"	"intestine"	"class II-a EE cell"	NA	NA	NA	"FBbt:00058004"	"adult anterior midgut class II enteroendocrine cell (Drosophila)"	"perfect match"	"EE_scRNA-seq"	NA	9
"TTCGGTCCAAGTAGTA"	1	"SRX5979983"	"SRP200614"	"intestine"	"class II-m1 EE cell"	NA	NA	NA	"FBbt:00058005"	"adult middle midgut class II enteroendocrine cell (Drosophila)"	"perfect match"	"EE_scRNA-seq"	NA	3
"TTCGGTCCATGGTCTA"	5	"SRX5979983"	"SRP200614"	"intestine"	"class I-p CCHa1 EE cell"	NA	NA	NA	"FBbt:00058003"	"adult posterior midgut class I enteroendocrine cell (Drosophila)"	"missing child term"	"EE_scRNA-seq"	NA	4
"TTCGGTCGTAGGGTAC"	4	"SRX5979983"	"SRP200614"	"intestine"	"class II-m2 EE cell"	NA	NA	NA	"FBbt:00058005"	"adult middle midgut class II enteroendocrine cell (Drosophila)"	"perfect match"	"EE_scRNA-seq"	NA	8
"TTCGGTCTCACTTCAT"	0	"SRX5979983"	"SRP200614"	"intestine"	"class I-m EE cell"	NA	NA	NA	"FBbt:00058002"	"adult middle midgut class I enteroendocrine cell (Drosophila)"	"perfect match"	"EE_scRNA-seq"	NA	1
"TTCGGTCTCCCAAGTA"	3	"SRX5979983"	"SRP200614"	"intestine"	"class II-a EE cell"	NA	NA	NA	"FBbt:00058004"	"adult anterior midgut class II enteroendocrine cell (Drosophila)"	"perfect match"	"EE_scRNA-seq"	NA	9
"TTCTACAAGATGGGTC"	0	"SRX5979983"	"SRP200614"	"intestine"	"class I-m EE cell"	NA	NA	NA	"FBbt:00058002"	"adult middle midgut class I enteroendocrine cell (Drosophila)"	"perfect match"	"EE_scRNA-seq"	NA	1
"TTCTACAAGCCTTGAT"	1	"SRX5979983"	"SRP200614"	"intestine"	"class II-m1 EE cell"	NA	NA	NA	"FBbt:00058005"	"adult middle midgut class II enteroendocrine cell (Drosophila)"	"perfect match"	"EE_scRNA-seq"	NA	3
"TTCTACACAAGACACG"	4	"SRX5979983"	"SRP200614"	"intestine"	"class II-m2 EE cell"	NA	NA	NA	"FBbt:00058005"	"adult middle midgut class II enteroendocrine cell (Drosophila)"	"perfect match"	"EE_scRNA-seq"	NA	8
"TTCTACACAGCTGTAT"	0	"SRX5979983"	"SRP200614"	"intestine"	"class I-m EE cell"	NA	NA	NA	"FBbt:00058002"	"adult middle midgut class I enteroendocrine cell (Drosophila)"	"perfect match"	"EE_scRNA-seq"	NA	1
"TTCTACACATCGGAAG"	7	"SRX5979983"	"SRP200614"	"intestine"	"class II-p EE cell"	NA	NA	NA	"FBbt:00058006"	"adult posterior midgut class II enteroendocrine cell (Drosophila)"	"perfect match"	"EE_scRNA-seq"	NA	7
"TTCTACACATGGGAAC"	4	"SRX5979983"	"SRP200614"	"intestine"	"class II-m2 EE cell"	NA	NA	NA	"FBbt:00058005"	"adult middle midgut class II enteroendocrine cell (Drosophila)"	"perfect match"	"EE_scRNA-seq"	NA	8
"TTCTACAGTCTGCGGT"	7	"SRX5979983"	"SRP200614"	"intestine"	"class II-p EE cell"	NA	NA	NA	"FBbt:00058006"	"adult posterior midgut class II enteroendocrine cell (Drosophila)"	"perfect match"	"EE_scRNA-seq"	NA	7
"TTCTACAGTGAGTATA"	8	"SRX5979983"	"SRP200614"	"intestine"	"class I-a EE cell"	NA	NA	NA	"FBbt:00058001"	"adult anterior midgut class I enteroendocrine cell (Drosophila)"	"perfect match"	"EE_scRNA-seq"	NA	2
"TTCTACATCAAACCAC"	7	"SRX5979983"	"SRP200614"	"intestine"	"class II-p EE cell"	NA	NA	NA	"FBbt:00058006"	"adult posterior midgut class II enteroendocrine cell (Drosophila)"	"perfect match"	"EE_scRNA-seq"	NA	7
"TTCTCAAAGAGCCCAA"	0	"SRX5979983"	"SRP200614"	"intestine"	"class I-m EE cell"	NA	NA	NA	"FBbt:00058002"	"adult middle midgut class I enteroendocrine cell (Drosophila)"	"perfect match"	"EE_scRNA-seq"	NA	1
"TTCTCAAAGATATGCA"	0	"SRX5979983"	"SRP200614"	"intestine"	"class I-m EE cell"	NA	NA	NA	"FBbt:00058002"	"adult middle midgut class I enteroendocrine cell (Drosophila)"	"perfect match"	"EE_scRNA-seq"	NA	1
"TTCTCAAAGCACGCCT"	0	"SRX5979983"	"SRP200614"	"intestine"	"class I-m EE cell"	NA	NA	NA	"FBbt:00058002"	"adult middle midgut class I enteroendocrine cell (Drosophila)"	"perfect match"	"EE_scRNA-seq"	NA	1
"TTCTCAACACACTGCG"	3	"SRX5979983"	"SRP200614"	"intestine"	"class II-a EE cell"	NA	NA	NA	"FBbt:00058004"	"adult anterior midgut class II enteroendocrine cell (Drosophila)"	"perfect match"	"EE_scRNA-seq"	NA	9
"TTCTCAACATCGGTTA"	0	"SRX5979983"	"SRP200614"	"intestine"	"class I-m EE cell"	NA	NA	NA	"FBbt:00058002"	"adult middle midgut class I enteroendocrine cell (Drosophila)"	"perfect match"	"EE_scRNA-seq"	NA	1
"TTCTCAAGTACGAAAT"	1	"SRX5979983"	"SRP200614"	"intestine"	"class II-m1 EE cell"	NA	NA	NA	"FBbt:00058005"	"adult middle midgut class II enteroendocrine cell (Drosophila)"	"perfect match"	"EE_scRNA-seq"	NA	3
"TTCTCAAGTCGCGGTT"	2	"SRX5979983"	"SRP200614"	"intestine"	"class I-ap EE cell"	NA	NA	NA	"FBbt:00058000"	"adult class I enteroendocrine cell (Drosophila)"	"other"	"EE_scRNA-seq"	NA	5
"TTCTCAAGTTTCCACC"	8	"SRX5979983"	"SRP200614"	"intestine"	"class I-a EE cell"	NA	NA	NA	"FBbt:00058001"	"adult anterior midgut class I enteroendocrine cell (Drosophila)"	"perfect match"	"EE_scRNA-seq"	NA	2
"TTCTCAAGTTTGGGCC"	2	"SRX5979983"	"SRP200614"	"intestine"	"class I-ap EE cell"	NA	NA	NA	"FBbt:00058000"	"adult class I enteroendocrine cell (Drosophila)"	"other"	"EE_scRNA-seq"	NA	5
"TTCTCAATCAAGCCTA"	0	"SRX5979983"	"SRP200614"	"intestine"	"class I-m EE cell"	NA	NA	NA	"FBbt:00058002"	"adult middle midgut class I enteroendocrine cell (Drosophila)"	"perfect match"	"EE_scRNA-seq"	NA	1
"TTCTCAATCCGTTGTC"	3	"SRX5979983"	"SRP200614"	"intestine"	"class II-a EE cell"	NA	NA	NA	"FBbt:00058004"	"adult anterior midgut class II enteroendocrine cell (Drosophila)"	"perfect match"	"EE_scRNA-seq"	NA	9
"TTCTCCTCACTGTTAG"	1	"SRX5979983"	"SRP200614"	"intestine"	"class II-m1 EE cell"	NA	NA	NA	"FBbt:00058005"	"adult middle midgut class II enteroendocrine cell (Drosophila)"	"perfect match"	"EE_scRNA-seq"	NA	3
"TTCTCCTCATGCCTAA"	0	"SRX5979983"	"SRP200614"	"intestine"	"class I-m EE cell"	NA	NA	NA	"FBbt:00058002"	"adult middle midgut class I enteroendocrine cell (Drosophila)"	"perfect match"	"EE_scRNA-seq"	NA	1
"TTCTCCTTCAGTGTTG"	1	"SRX5979983"	"SRP200614"	"intestine"	"class II-m1 EE cell"	NA	NA	NA	"FBbt:00058005"	"adult middle midgut class II enteroendocrine cell (Drosophila)"	"perfect match"	"EE_scRNA-seq"	NA	3
"TTCTCCTTCGCAAGCC"	2	"SRX5979983"	"SRP200614"	"intestine"	"class I-ap EE cell"	NA	NA	NA	"FBbt:00058000"	"adult class I enteroendocrine cell (Drosophila)"	"other"	"EE_scRNA-seq"	NA	5
"TTCTTAGAGAGACTTA"	4	"SRX5979983"	"SRP200614"	"intestine"	"class II-m2 EE cell"	NA	NA	NA	"FBbt:00058005"	"adult middle midgut class II enteroendocrine cell (Drosophila)"	"perfect match"	"EE_scRNA-seq"	NA	8
"TTCTTAGAGTGGACGT"	1	"SRX5979983"	"SRP200614"	"intestine"	"class II-m1 EE cell"	NA	NA	NA	"FBbt:00058005"	"adult middle midgut class II enteroendocrine cell (Drosophila)"	"perfect match"	"EE_scRNA-seq"	NA	3
"TTCTTAGCAAGACACG"	7	"SRX5979983"	"SRP200614"	"intestine"	"class II-p EE cell"	NA	NA	NA	"FBbt:00058006"	"adult posterior midgut class II enteroendocrine cell (Drosophila)"	"perfect match"	"EE_scRNA-seq"	NA	7
"TTCTTAGCACCGAATT"	0	"SRX5979983"	"SRP200614"	"intestine"	"class I-m EE cell"	NA	NA	NA	"FBbt:00058002"	"adult middle midgut class I enteroendocrine cell (Drosophila)"	"perfect match"	"EE_scRNA-seq"	NA	1
"TTCTTAGCATGGATGG"	4	"SRX5979983"	"SRP200614"	"intestine"	"class II-m2 EE cell"	NA	NA	NA	"FBbt:00058005"	"adult middle midgut class II enteroendocrine cell (Drosophila)"	"perfect match"	"EE_scRNA-seq"	NA	8
"TTCTTAGCATGTCGAT"	0	"SRX5979983"	"SRP200614"	"intestine"	"class I-m EE cell"	NA	NA	NA	"FBbt:00058002"	"adult middle midgut class I enteroendocrine cell (Drosophila)"	"perfect match"	"EE_scRNA-seq"	NA	1
"TTCTTAGGTATAGTAG"	1	"SRX5979983"	"SRP200614"	"intestine"	"class II-m1 EE cell"	NA	NA	NA	"FBbt:00058005"	"adult middle midgut class II enteroendocrine cell (Drosophila)"	"perfect match"	"EE_scRNA-seq"	NA	3
"TTCTTAGTCACCCGAG"	1	"SRX5979983"	"SRP200614"	"intestine"	"class II-m1 EE cell"	NA	NA	NA	"FBbt:00058005"	"adult middle midgut class II enteroendocrine cell (Drosophila)"	"perfect match"	"EE_scRNA-seq"	NA	3
"TTCTTAGTCATCGATG"	5	"SRX5979983"	"SRP200614"	"intestine"	"class I-p CCHa1 EE cell"	NA	NA	NA	"FBbt:00058003"	"adult posterior midgut class I enteroendocrine cell (Drosophila)"	"missing child term"	"EE_scRNA-seq"	NA	4
"TTGAACGAGAATGTGT"	0	"SRX5979983"	"SRP200614"	"intestine"	"class I-m EE cell"	NA	NA	NA	"FBbt:00058002"	"adult middle midgut class I enteroendocrine cell (Drosophila)"	"perfect match"	"EE_scRNA-seq"	NA	1
"TTGAACGAGGTGTTAA"	0	"SRX5979983"	"SRP200614"	"intestine"	"class I-m EE cell"	NA	NA	NA	"FBbt:00058002"	"adult middle midgut class I enteroendocrine cell (Drosophila)"	"perfect match"	"EE_scRNA-seq"	NA	1
"TTGAACGAGTGAACAT"	1	"SRX5979983"	"SRP200614"	"intestine"	"class II-m1 EE cell"	NA	NA	NA	"FBbt:00058005"	"adult middle midgut class II enteroendocrine cell (Drosophila)"	"perfect match"	"EE_scRNA-seq"	NA	3
"TTGAACGAGTTTCCTT"	1	"SRX5979983"	"SRP200614"	"intestine"	"class II-m1 EE cell"	NA	NA	NA	"FBbt:00058005"	"adult middle midgut class II enteroendocrine cell (Drosophila)"	"perfect match"	"EE_scRNA-seq"	NA	3
"TTGAACGCAACAACCT"	4	"SRX5979983"	"SRP200614"	"intestine"	"class II-m2 EE cell"	NA	NA	NA	"FBbt:00058005"	"adult middle midgut class II enteroendocrine cell (Drosophila)"	"perfect match"	"EE_scRNA-seq"	NA	8
"TTGAACGCAGTGGAGT"	1	"SRX5979983"	"SRP200614"	"intestine"	"class II-m1 EE cell"	NA	NA	NA	"FBbt:00058005"	"adult middle midgut class II enteroendocrine cell (Drosophila)"	"perfect match"	"EE_scRNA-seq"	NA	3
"TTGAACGCATACGCCG"	6	"SRX5979983"	"SRP200614"	"intestine"	"class I-p AstA EE cell"	NA	NA	NA	"FBbt:00058003"	"adult posterior midgut class I enteroendocrine cell (Drosophila)"	"missing child term"	"EE_scRNA-seq"	NA	6
"TTGAACGTCCACGAAT"	0	"SRX5979983"	"SRP200614"	"intestine"	"class I-m EE cell"	NA	NA	NA	"FBbt:00058002"	"adult middle midgut class I enteroendocrine cell (Drosophila)"	"perfect match"	"EE_scRNA-seq"	NA	1
"TTGAACGTCGTTTAGG"	6	"SRX5979983"	"SRP200614"	"intestine"	"class I-p AstA EE cell"	NA	NA	NA	"FBbt:00058003"	"adult posterior midgut class I enteroendocrine cell (Drosophila)"	"missing child term"	"EE_scRNA-seq"	NA	6
"TTGACTTAGCACCGCT"	4	"SRX5979983"	"SRP200614"	"intestine"	"class II-m2 EE cell"	NA	NA	NA	"FBbt:00058005"	"adult middle midgut class II enteroendocrine cell (Drosophila)"	"perfect match"	"EE_scRNA-seq"	NA	8
"TTGACTTAGCGTGAGT"	0	"SRX5979983"	"SRP200614"	"intestine"	"class I-m EE cell"	NA	NA	NA	"FBbt:00058002"	"adult middle midgut class I enteroendocrine cell (Drosophila)"	"perfect match"	"EE_scRNA-seq"	NA	1
"TTGACTTCAACTGGCC"	0	"SRX5979983"	"SRP200614"	"intestine"	"class I-m EE cell"	NA	NA	NA	"FBbt:00058002"	"adult middle midgut class I enteroendocrine cell (Drosophila)"	"perfect match"	"EE_scRNA-seq"	NA	1
"TTGACTTCACATGTGT"	4	"SRX5979983"	"SRP200614"	"intestine"	"class II-m2 EE cell"	NA	NA	NA	"FBbt:00058005"	"adult middle midgut class II enteroendocrine cell (Drosophila)"	"perfect match"	"EE_scRNA-seq"	NA	8
"TTGACTTGTAGGACAC"	3	"SRX5979983"	"SRP200614"	"intestine"	"class II-a EE cell"	NA	NA	NA	"FBbt:00058004"	"adult anterior midgut class II enteroendocrine cell (Drosophila)"	"perfect match"	"EE_scRNA-seq"	NA	9
"TTGACTTGTCACTGGC"	1	"SRX5979983"	"SRP200614"	"intestine"	"class II-m1 EE cell"	NA	NA	NA	"FBbt:00058005"	"adult middle midgut class II enteroendocrine cell (Drosophila)"	"perfect match"	"EE_scRNA-seq"	NA	3
"TTGACTTGTCTGATCA"	0	"SRX5979983"	"SRP200614"	"intestine"	"class I-m EE cell"	NA	NA	NA	"FBbt:00058002"	"adult middle midgut class I enteroendocrine cell (Drosophila)"	"perfect match"	"EE_scRNA-seq"	NA	1
"TTGACTTGTGAAATCA"	0	"SRX5979983"	"SRP200614"	"intestine"	"class I-m EE cell"	NA	NA	NA	"FBbt:00058002"	"adult middle midgut class I enteroendocrine cell (Drosophila)"	"perfect match"	"EE_scRNA-seq"	NA	1
"TTGCCGTAGTATGACA"	1	"SRX5979983"	"SRP200614"	"intestine"	"class II-m1 EE cell"	NA	NA	NA	"FBbt:00058005"	"adult middle midgut class II enteroendocrine cell (Drosophila)"	"perfect match"	"EE_scRNA-seq"	NA	3
"TTGCCGTAGTGAAGAG"	4	"SRX5979983"	"SRP200614"	"intestine"	"class II-m2 EE cell"	NA	NA	NA	"FBbt:00058005"	"adult middle midgut class II enteroendocrine cell (Drosophila)"	"perfect match"	"EE_scRNA-seq"	NA	8
"TTGCCGTGTCCGTGAC"	8	"SRX5979983"	"SRP200614"	"intestine"	"class I-a EE cell"	NA	NA	NA	"FBbt:00058001"	"adult anterior midgut class I enteroendocrine cell (Drosophila)"	"perfect match"	"EE_scRNA-seq"	NA	2
"TTGCCGTGTGCTCTTC"	2	"SRX5979983"	"SRP200614"	"intestine"	"class I-ap EE cell"	NA	NA	NA	"FBbt:00058000"	"adult class I enteroendocrine cell (Drosophila)"	"other"	"EE_scRNA-seq"	NA	5
"TTGCGTCAGACAAGCC"	5	"SRX5979983"	"SRP200614"	"intestine"	"class I-p CCHa1 EE cell"	NA	NA	NA	"FBbt:00058003"	"adult posterior midgut class I enteroendocrine cell (Drosophila)"	"missing child term"	"EE_scRNA-seq"	NA	4
"TTGCGTCAGGTGTTAA"	3	"SRX5979983"	"SRP200614"	"intestine"	"class II-a EE cell"	NA	NA	NA	"FBbt:00058004"	"adult anterior midgut class II enteroendocrine cell (Drosophila)"	"perfect match"	"EE_scRNA-seq"	NA	9
"TTGCGTCCACTTCTGC"	1	"SRX5979983"	"SRP200614"	"intestine"	"class II-m1 EE cell"	NA	NA	NA	"FBbt:00058005"	"adult middle midgut class II enteroendocrine cell (Drosophila)"	"perfect match"	"EE_scRNA-seq"	NA	3
"TTGCGTCCAGCCAATT"	8	"SRX5979983"	"SRP200614"	"intestine"	"class I-a EE cell"	NA	NA	NA	"FBbt:00058001"	"adult anterior midgut class I enteroendocrine cell (Drosophila)"	"perfect match"	"EE_scRNA-seq"	NA	2
"TTGCGTCCATCTCCCA"	0	"SRX5979983"	"SRP200614"	"intestine"	"class I-m EE cell"	NA	NA	NA	"FBbt:00058002"	"adult middle midgut class I enteroendocrine cell (Drosophila)"	"perfect match"	"EE_scRNA-seq"	NA	1
"TTGCGTCGTACATCCA"	7	"SRX5979983"	"SRP200614"	"intestine"	"class II-p EE cell"	NA	NA	NA	"FBbt:00058006"	"adult posterior midgut class II enteroendocrine cell (Drosophila)"	"perfect match"	"EE_scRNA-seq"	NA	7
"TTGCGTCGTCCAGTGC"	2	"SRX5979983"	"SRP200614"	"intestine"	"class I-ap EE cell"	NA	NA	NA	"FBbt:00058000"	"adult class I enteroendocrine cell (Drosophila)"	"other"	"EE_scRNA-seq"	NA	5
"TTGCGTCGTGATGCCC"	8	"SRX5979983"	"SRP200614"	"intestine"	"class I-a EE cell"	NA	NA	NA	"FBbt:00058001"	"adult anterior midgut class I enteroendocrine cell (Drosophila)"	"perfect match"	"EE_scRNA-seq"	NA	2
"TTGCGTCGTTACGACT"	7	"SRX5979983"	"SRP200614"	"intestine"	"class II-p EE cell"	NA	NA	NA	"FBbt:00058006"	"adult posterior midgut class II enteroendocrine cell (Drosophila)"	"perfect match"	"EE_scRNA-seq"	NA	7
"TTGCGTCGTTCCCTTG"	5	"SRX5979983"	"SRP200614"	"intestine"	"class I-p CCHa1 EE cell"	NA	NA	NA	"FBbt:00058003"	"adult posterior midgut class I enteroendocrine cell (Drosophila)"	"missing child term"	"EE_scRNA-seq"	NA	4
"TTGCGTCTCTCCAGGG"	1	"SRX5979983"	"SRP200614"	"intestine"	"class II-m1 EE cell"	NA	NA	NA	"FBbt:00058005"	"adult middle midgut class II enteroendocrine cell (Drosophila)"	"perfect match"	"EE_scRNA-seq"	NA	3
"TTGCGTCTCTCCTATA"	0	"SRX5979983"	"SRP200614"	"intestine"	"class I-m EE cell"	NA	NA	NA	"FBbt:00058002"	"adult middle midgut class I enteroendocrine cell (Drosophila)"	"perfect match"	"EE_scRNA-seq"	NA	1
"TTGGAACAGGCGCTCT"	3	"SRX5979983"	"SRP200614"	"intestine"	"class II-a EE cell"	NA	NA	NA	"FBbt:00058004"	"adult anterior midgut class II enteroendocrine cell (Drosophila)"	"perfect match"	"EE_scRNA-seq"	NA	9
"TTGGAACAGGCTAGGT"	6	"SRX5979983"	"SRP200614"	"intestine"	"class I-p AstA EE cell"	NA	NA	NA	"FBbt:00058003"	"adult posterior midgut class I enteroendocrine cell (Drosophila)"	"missing child term"	"EE_scRNA-seq"	NA	6
"TTGGAACAGGTGCTAG"	7	"SRX5979983"	"SRP200614"	"intestine"	"class II-p EE cell"	NA	NA	NA	"FBbt:00058006"	"adult posterior midgut class II enteroendocrine cell (Drosophila)"	"perfect match"	"EE_scRNA-seq"	NA	7
"TTGGAACAGTATGACA"	1	"SRX5979983"	"SRP200614"	"intestine"	"class II-m1 EE cell"	NA	NA	NA	"FBbt:00058005"	"adult middle midgut class II enteroendocrine cell (Drosophila)"	"perfect match"	"EE_scRNA-seq"	NA	3
"TTGGAACAGTGGTAAT"	6	"SRX5979983"	"SRP200614"	"intestine"	"class I-p AstA EE cell"	NA	NA	NA	"FBbt:00058003"	"adult posterior midgut class I enteroendocrine cell (Drosophila)"	"missing child term"	"EE_scRNA-seq"	NA	6
"TTGGAACGTCGAGATG"	5	"SRX5979983"	"SRP200614"	"intestine"	"class I-p CCHa1 EE cell"	NA	NA	NA	"FBbt:00058003"	"adult posterior midgut class I enteroendocrine cell (Drosophila)"	"missing child term"	"EE_scRNA-seq"	NA	4
"TTGGAACGTCGCCATG"	0	"SRX5979983"	"SRP200614"	"intestine"	"class I-m EE cell"	NA	NA	NA	"FBbt:00058002"	"adult middle midgut class I enteroendocrine cell (Drosophila)"	"perfect match"	"EE_scRNA-seq"	NA	1
"TTGGAACGTTGATTCG"	1	"SRX5979983"	"SRP200614"	"intestine"	"class II-m1 EE cell"	NA	NA	NA	"FBbt:00058005"	"adult middle midgut class II enteroendocrine cell (Drosophila)"	"perfect match"	"EE_scRNA-seq"	NA	3
"TTGGAACGTTGCTCCT"	0	"SRX5979983"	"SRP200614"	"intestine"	"class I-m EE cell"	NA	NA	NA	"FBbt:00058002"	"adult middle midgut class I enteroendocrine cell (Drosophila)"	"perfect match"	"EE_scRNA-seq"	NA	1
"TTGGAACTCCATTCTA"	3	"SRX5979983"	"SRP200614"	"intestine"	"class II-a EE cell"	NA	NA	NA	"FBbt:00058004"	"adult anterior midgut class II enteroendocrine cell (Drosophila)"	"perfect match"	"EE_scRNA-seq"	NA	9
"TTGGAACTCCCAAGTA"	1	"SRX5979983"	"SRP200614"	"intestine"	"class II-m1 EE cell"	NA	NA	NA	"FBbt:00058005"	"adult middle midgut class II enteroendocrine cell (Drosophila)"	"perfect match"	"EE_scRNA-seq"	NA	3
"TTGGAACTCGCCAAAT"	1	"SRX5979983"	"SRP200614"	"intestine"	"class II-m1 EE cell"	NA	NA	NA	"FBbt:00058005"	"adult middle midgut class II enteroendocrine cell (Drosophila)"	"perfect match"	"EE_scRNA-seq"	NA	3
"TTGGCAAAGTCCGGTC"	1	"SRX5979983"	"SRP200614"	"intestine"	"class II-m1 EE cell"	NA	NA	NA	"FBbt:00058005"	"adult middle midgut class II enteroendocrine cell (Drosophila)"	"perfect match"	"EE_scRNA-seq"	NA	3
"TTGGCAACAGGACCCT"	5	"SRX5979983"	"SRP200614"	"intestine"	"class I-p CCHa1 EE cell"	NA	NA	NA	"FBbt:00058003"	"adult posterior midgut class I enteroendocrine cell (Drosophila)"	"missing child term"	"EE_scRNA-seq"	NA	4
"TTGGCAACATCGATGT"	2	"SRX5979983"	"SRP200614"	"intestine"	"class I-ap EE cell"	NA	NA	NA	"FBbt:00058000"	"adult class I enteroendocrine cell (Drosophila)"	"other"	"EE_scRNA-seq"	NA	5
"TTGGCAAGTCCGAATT"	4	"SRX5979983"	"SRP200614"	"intestine"	"class II-m2 EE cell"	NA	NA	NA	"FBbt:00058005"	"adult middle midgut class II enteroendocrine cell (Drosophila)"	"perfect match"	"EE_scRNA-seq"	NA	8
"TTGGCAAGTGTGGCTC"	2	"SRX5979983"	"SRP200614"	"intestine"	"class I-ap EE cell"	NA	NA	NA	"FBbt:00058000"	"adult class I enteroendocrine cell (Drosophila)"	"other"	"EE_scRNA-seq"	NA	5
"TTGGCAATCAGTACGT"	2	"SRX5979983"	"SRP200614"	"intestine"	"class I-ap EE cell"	NA	NA	NA	"FBbt:00058000"	"adult class I enteroendocrine cell (Drosophila)"	"other"	"EE_scRNA-seq"	NA	5
"TTGGCAATCCAAACTG"	6	"SRX5979983"	"SRP200614"	"intestine"	"class I-p AstA EE cell"	NA	NA	NA	"FBbt:00058003"	"adult posterior midgut class I enteroendocrine cell (Drosophila)"	"missing child term"	"EE_scRNA-seq"	NA	6
"TTGTAGGAGAACTGTA"	4	"SRX5979983"	"SRP200614"	"intestine"	"class II-m2 EE cell"	NA	NA	NA	"FBbt:00058005"	"adult middle midgut class II enteroendocrine cell (Drosophila)"	"perfect match"	"EE_scRNA-seq"	NA	8
"TTGTAGGAGAGGGCTT"	0	"SRX5979983"	"SRP200614"	"intestine"	"class I-m EE cell"	NA	NA	NA	"FBbt:00058002"	"adult middle midgut class I enteroendocrine cell (Drosophila)"	"perfect match"	"EE_scRNA-seq"	NA	1
"TTGTAGGAGGTGGGTT"	2	"SRX5979983"	"SRP200614"	"intestine"	"class I-ap EE cell"	NA	NA	NA	"FBbt:00058000"	"adult class I enteroendocrine cell (Drosophila)"	"other"	"EE_scRNA-seq"	NA	5
"TTGTAGGCAACGCACC"	0	"SRX5979983"	"SRP200614"	"intestine"	"class I-m EE cell"	NA	NA	NA	"FBbt:00058002"	"adult middle midgut class I enteroendocrine cell (Drosophila)"	"perfect match"	"EE_scRNA-seq"	NA	1
"TTGTAGGCAACTGCGC"	4	"SRX5979983"	"SRP200614"	"intestine"	"class II-m2 EE cell"	NA	NA	NA	"FBbt:00058005"	"adult middle midgut class II enteroendocrine cell (Drosophila)"	"perfect match"	"EE_scRNA-seq"	NA	8
"TTGTAGGCAATACGCT"	8	"SRX5979983"	"SRP200614"	"intestine"	"class I-a EE cell"	NA	NA	NA	"FBbt:00058001"	"adult anterior midgut class I enteroendocrine cell (Drosophila)"	"perfect match"	"EE_scRNA-seq"	NA	2
"TTGTAGGCAATGCCAT"	7	"SRX5979983"	"SRP200614"	"intestine"	"class II-p EE cell"	NA	NA	NA	"FBbt:00058006"	"adult posterior midgut class II enteroendocrine cell (Drosophila)"	"perfect match"	"EE_scRNA-seq"	NA	7
"TTGTAGGCACATCCGG"	0	"SRX5979983"	"SRP200614"	"intestine"	"class I-m EE cell"	NA	NA	NA	"FBbt:00058002"	"adult middle midgut class I enteroendocrine cell (Drosophila)"	"perfect match"	"EE_scRNA-seq"	NA	1
"TTGTAGGCACGGCTAC"	3	"SRX5979983"	"SRP200614"	"intestine"	"class II-a EE cell"	NA	NA	NA	"FBbt:00058004"	"adult anterior midgut class II enteroendocrine cell (Drosophila)"	"perfect match"	"EE_scRNA-seq"	NA	9
"TTGTAGGGTAGCCTAT"	2	"SRX5979983"	"SRP200614"	"intestine"	"class I-ap EE cell"	NA	NA	NA	"FBbt:00058000"	"adult class I enteroendocrine cell (Drosophila)"	"other"	"EE_scRNA-seq"	NA	5
"TTGTAGGGTCCGTGAC"	2	"SRX5979983"	"SRP200614"	"intestine"	"class I-ap EE cell"	NA	NA	NA	"FBbt:00058000"	"adult class I enteroendocrine cell (Drosophila)"	"other"	"EE_scRNA-seq"	NA	5
"TTGTAGGGTTCCACTC"	2	"SRX5979983"	"SRP200614"	"intestine"	"class I-ap EE cell"	NA	NA	NA	"FBbt:00058000"	"adult class I enteroendocrine cell (Drosophila)"	"other"	"EE_scRNA-seq"	NA	5
"TTGTAGGTCTCCTATA"	2	"SRX5979983"	"SRP200614"	"intestine"	"class I-ap EE cell"	NA	NA	NA	"FBbt:00058000"	"adult class I enteroendocrine cell (Drosophila)"	"other"	"EE_scRNA-seq"	NA	5
"TTTACTGAGACGCAAC"	6	"SRX5979983"	"SRP200614"	"intestine"	"class I-p AstA EE cell"	NA	NA	NA	"FBbt:00058003"	"adult posterior midgut class I enteroendocrine cell (Drosophila)"	"missing child term"	"EE_scRNA-seq"	NA	6
"TTTACTGAGCAGATCG"	8	"SRX5979983"	"SRP200614"	"intestine"	"class I-a EE cell"	NA	NA	NA	"FBbt:00058001"	"adult anterior midgut class I enteroendocrine cell (Drosophila)"	"perfect match"	"EE_scRNA-seq"	NA	2
"TTTACTGAGTCAATAG"	2	"SRX5979983"	"SRP200614"	"intestine"	"class I-ap EE cell"	NA	NA	NA	"FBbt:00058000"	"adult class I enteroendocrine cell (Drosophila)"	"other"	"EE_scRNA-seq"	NA	5
"TTTACTGAGTGGGCTA"	1	"SRX5979983"	"SRP200614"	"intestine"	"class II-m1 EE cell"	NA	NA	NA	"FBbt:00058005"	"adult middle midgut class II enteroendocrine cell (Drosophila)"	"perfect match"	"EE_scRNA-seq"	NA	3
"TTTACTGCAAGCCGCT"	1	"SRX5979983"	"SRP200614"	"intestine"	"class II-m1 EE cell"	NA	NA	NA	"FBbt:00058005"	"adult middle midgut class II enteroendocrine cell (Drosophila)"	"perfect match"	"EE_scRNA-seq"	NA	3
"TTTACTGCACATCCGG"	3	"SRX5979983"	"SRP200614"	"intestine"	"class II-a EE cell"	NA	NA	NA	"FBbt:00058004"	"adult anterior midgut class II enteroendocrine cell (Drosophila)"	"perfect match"	"EE_scRNA-seq"	NA	9
"TTTACTGCATATGCTG"	0	"SRX5979983"	"SRP200614"	"intestine"	"class I-m EE cell"	NA	NA	NA	"FBbt:00058002"	"adult middle midgut class I enteroendocrine cell (Drosophila)"	"perfect match"	"EE_scRNA-seq"	NA	1
"TTTACTGGTGGCCCTA"	3	"SRX5979983"	"SRP200614"	"intestine"	"class II-a EE cell"	NA	NA	NA	"FBbt:00058004"	"adult anterior midgut class II enteroendocrine cell (Drosophila)"	"perfect match"	"EE_scRNA-seq"	NA	9
"TTTACTGGTTTGGGCC"	9	"SRX5979983"	"SRP200614"	"intestine"	"class III EE cell"	NA	NA	NA	"FBbt:00058200"	"adult class III enteroendocrine cell (Drosophila)"	"perfect match"	"EE_scRNA-seq"	NA	11
"TTTACTGTCAATAAGG"	4	"SRX5979983"	"SRP200614"	"intestine"	"class II-m2 EE cell"	NA	NA	NA	"FBbt:00058005"	"adult middle midgut class II enteroendocrine cell (Drosophila)"	"perfect match"	"EE_scRNA-seq"	NA	8
"TTTACTGTCCTATTCA"	5	"SRX5979983"	"SRP200614"	"intestine"	"class I-p CCHa1 EE cell"	NA	NA	NA	"FBbt:00058003"	"adult posterior midgut class I enteroendocrine cell (Drosophila)"	"missing child term"	"EE_scRNA-seq"	NA	4
"TTTATGCAGAGTAAGG"	5	"SRX5979983"	"SRP200614"	"intestine"	"class I-p CCHa1 EE cell"	NA	NA	NA	"FBbt:00058003"	"adult posterior midgut class I enteroendocrine cell (Drosophila)"	"missing child term"	"EE_scRNA-seq"	NA	4
"TTTATGCAGCTAACTC"	8	"SRX5979983"	"SRP200614"	"intestine"	"class I-a EE cell"	NA	NA	NA	"FBbt:00058001"	"adult anterior midgut class I enteroendocrine cell (Drosophila)"	"perfect match"	"EE_scRNA-seq"	NA	2
"TTTATGCAGGACTGGT"	3	"SRX5979983"	"SRP200614"	"intestine"	"class II-a EE cell"	NA	NA	NA	"FBbt:00058004"	"adult anterior midgut class II enteroendocrine cell (Drosophila)"	"perfect match"	"EE_scRNA-seq"	NA	9
"TTTATGCCAAGTTCTG"	4	"SRX5979983"	"SRP200614"	"intestine"	"class II-m2 EE cell"	NA	NA	NA	"FBbt:00058005"	"adult middle midgut class II enteroendocrine cell (Drosophila)"	"perfect match"	"EE_scRNA-seq"	NA	8
"TTTATGCGTTCCAACA"	6	"SRX5979983"	"SRP200614"	"intestine"	"class I-p AstA EE cell"	NA	NA	NA	"FBbt:00058003"	"adult posterior midgut class I enteroendocrine cell (Drosophila)"	"missing child term"	"EE_scRNA-seq"	NA	6
"TTTATGCTCCGATATG"	0	"SRX5979983"	"SRP200614"	"intestine"	"class I-m EE cell"	NA	NA	NA	"FBbt:00058002"	"adult middle midgut class I enteroendocrine cell (Drosophila)"	"perfect match"	"EE_scRNA-seq"	NA	1
"TTTCCTCAGAGCCTAG"	1	"SRX5979983"	"SRP200614"	"intestine"	"class II-m1 EE cell"	NA	NA	NA	"FBbt:00058005"	"adult middle midgut class II enteroendocrine cell (Drosophila)"	"perfect match"	"EE_scRNA-seq"	NA	3
"TTTCCTCAGCCAGAAC"	2	"SRX5979983"	"SRP200614"	"intestine"	"class I-ap EE cell"	NA	NA	NA	"FBbt:00058000"	"adult class I enteroendocrine cell (Drosophila)"	"other"	"EE_scRNA-seq"	NA	5
"TTTCCTCAGGAGTTTA"	7	"SRX5979983"	"SRP200614"	"intestine"	"class II-p EE cell"	NA	NA	NA	"FBbt:00058006"	"adult posterior midgut class II enteroendocrine cell (Drosophila)"	"perfect match"	"EE_scRNA-seq"	NA	7
"TTTCCTCAGTGAATTG"	1	"SRX5979983"	"SRP200614"	"intestine"	"class II-m1 EE cell"	NA	NA	NA	"FBbt:00058005"	"adult middle midgut class II enteroendocrine cell (Drosophila)"	"perfect match"	"EE_scRNA-seq"	NA	3
"TTTCCTCCAAGCCGTC"	4	"SRX5979983"	"SRP200614"	"intestine"	"class II-m2 EE cell"	NA	NA	NA	"FBbt:00058005"	"adult middle midgut class II enteroendocrine cell (Drosophila)"	"perfect match"	"EE_scRNA-seq"	NA	8
"TTTCCTCCAATGGACG"	4	"SRX5979983"	"SRP200614"	"intestine"	"class II-m2 EE cell"	NA	NA	NA	"FBbt:00058005"	"adult middle midgut class II enteroendocrine cell (Drosophila)"	"perfect match"	"EE_scRNA-seq"	NA	8
"TTTCCTCCACGGCGTT"	7	"SRX5979983"	"SRP200614"	"intestine"	"class II-p EE cell"	NA	NA	NA	"FBbt:00058006"	"adult posterior midgut class II enteroendocrine cell (Drosophila)"	"perfect match"	"EE_scRNA-seq"	NA	7
"TTTCCTCCAGCTGTTA"	3	"SRX5979983"	"SRP200614"	"intestine"	"class II-a EE cell"	NA	NA	NA	"FBbt:00058004"	"adult anterior midgut class II enteroendocrine cell (Drosophila)"	"perfect match"	"EE_scRNA-seq"	NA	9
"TTTCCTCCATTGCGGC"	1	"SRX5979983"	"SRP200614"	"intestine"	"class II-m1 EE cell"	NA	NA	NA	"FBbt:00058005"	"adult middle midgut class II enteroendocrine cell (Drosophila)"	"perfect match"	"EE_scRNA-seq"	NA	3
"TTTCCTCTCAGCCTAA"	2	"SRX5979983"	"SRP200614"	"intestine"	"class I-ap EE cell"	NA	NA	NA	"FBbt:00058000"	"adult class I enteroendocrine cell (Drosophila)"	"other"	"EE_scRNA-seq"	NA	5
"TTTCCTCTCGCTTAGA"	7	"SRX5979983"	"SRP200614"	"intestine"	"class II-p EE cell"	NA	NA	NA	"FBbt:00058006"	"adult posterior midgut class II enteroendocrine cell (Drosophila)"	"perfect match"	"EE_scRNA-seq"	NA	7
"TTTCCTCTCTCTAAGG"	0	"SRX5979983"	"SRP200614"	"intestine"	"class I-m EE cell"	NA	NA	NA	"FBbt:00058002"	"adult middle midgut class I enteroendocrine cell (Drosophila)"	"perfect match"	"EE_scRNA-seq"	NA	1
"TTTGCGCAGCTGAAAT"	4	"SRX5979983"	"SRP200614"	"intestine"	"class II-m2 EE cell"	NA	NA	NA	"FBbt:00058005"	"adult middle midgut class II enteroendocrine cell (Drosophila)"	"perfect match"	"EE_scRNA-seq"	NA	8
"TTTGCGCCAAGCCATT"	0	"SRX5979983"	"SRP200614"	"intestine"	"class I-m EE cell"	NA	NA	NA	"FBbt:00058002"	"adult middle midgut class I enteroendocrine cell (Drosophila)"	"perfect match"	"EE_scRNA-seq"	NA	1
"TTTGCGCCAAGCCTAT"	0	"SRX5979983"	"SRP200614"	"intestine"	"class I-m EE cell"	NA	NA	NA	"FBbt:00058002"	"adult middle midgut class I enteroendocrine cell (Drosophila)"	"perfect match"	"EE_scRNA-seq"	NA	1
"TTTGCGCCACTAGTAC"	6	"SRX5979983"	"SRP200614"	"intestine"	"class I-p AstA EE cell"	NA	NA	NA	"FBbt:00058003"	"adult posterior midgut class I enteroendocrine cell (Drosophila)"	"missing child term"	"EE_scRNA-seq"	NA	6
"TTTGCGCCAGCCTTTC"	2	"SRX5979983"	"SRP200614"	"intestine"	"class I-ap EE cell"	NA	NA	NA	"FBbt:00058000"	"adult class I enteroendocrine cell (Drosophila)"	"other"	"EE_scRNA-seq"	NA	5
"TTTGCGCCATTCCTGC"	2	"SRX5979983"	"SRP200614"	"intestine"	"class I-ap EE cell"	NA	NA	NA	"FBbt:00058000"	"adult class I enteroendocrine cell (Drosophila)"	"other"	"EE_scRNA-seq"	NA	5
"TTTGCGCTCAGCAACT"	7	"SRX5979983"	"SRP200614"	"intestine"	"class II-p EE cell"	NA	NA	NA	"FBbt:00058006"	"adult posterior midgut class II enteroendocrine cell (Drosophila)"	"perfect match"	"EE_scRNA-seq"	NA	7
"TTTGCGCTCAGCTGGC"	7	"SRX5979983"	"SRP200614"	"intestine"	"class II-p EE cell"	NA	NA	NA	"FBbt:00058006"	"adult posterior midgut class II enteroendocrine cell (Drosophila)"	"perfect match"	"EE_scRNA-seq"	NA	7
"TTTGCGCTCCAATGGT"	0	"SRX5979983"	"SRP200614"	"intestine"	"class I-m EE cell"	NA	NA	NA	"FBbt:00058002"	"adult middle midgut class I enteroendocrine cell (Drosophila)"	"perfect match"	"EE_scRNA-seq"	NA	1
"TTTGGTTAGGCCCTCA"	5	"SRX5979983"	"SRP200614"	"intestine"	"class I-p CCHa1 EE cell"	NA	NA	NA	"FBbt:00058003"	"adult posterior midgut class I enteroendocrine cell (Drosophila)"	"missing child term"	"EE_scRNA-seq"	NA	4
"TTTGGTTAGGCTATCT"	4	"SRX5979983"	"SRP200614"	"intestine"	"class II-m2 EE cell"	NA	NA	NA	"FBbt:00058005"	"adult middle midgut class II enteroendocrine cell (Drosophila)"	"perfect match"	"EE_scRNA-seq"	NA	8
"TTTGGTTAGTCCATAC"	9	"SRX5979983"	"SRP200614"	"intestine"	"class III EE cell"	NA	NA	NA	"FBbt:00058200"	"adult class III enteroendocrine cell (Drosophila)"	"perfect match"	"EE_scRNA-seq"	NA	11
"TTTGGTTAGTGTACCT"	4	"SRX5979983"	"SRP200614"	"intestine"	"class II-m2 EE cell"	NA	NA	NA	"FBbt:00058005"	"adult middle midgut class II enteroendocrine cell (Drosophila)"	"perfect match"	"EE_scRNA-seq"	NA	8
"TTTGGTTCAGAAGCAC"	2	"SRX5979983"	"SRP200614"	"intestine"	"class I-ap EE cell"	NA	NA	NA	"FBbt:00058000"	"adult class I enteroendocrine cell (Drosophila)"	"other"	"EE_scRNA-seq"	NA	5
"TTTGGTTCAGGCTGAA"	0	"SRX5979983"	"SRP200614"	"intestine"	"class I-m EE cell"	NA	NA	NA	"FBbt:00058002"	"adult middle midgut class I enteroendocrine cell (Drosophila)"	"perfect match"	"EE_scRNA-seq"	NA	1
"TTTGGTTCAGTTAACC"	1	"SRX5979983"	"SRP200614"	"intestine"	"class II-m1 EE cell"	NA	NA	NA	"FBbt:00058005"	"adult middle midgut class II enteroendocrine cell (Drosophila)"	"perfect match"	"EE_scRNA-seq"	NA	3
"TTTGGTTGTCCGCTGA"	3	"SRX5979983"	"SRP200614"	"intestine"	"class II-a EE cell"	NA	NA	NA	"FBbt:00058004"	"adult anterior midgut class II enteroendocrine cell (Drosophila)"	"perfect match"	"EE_scRNA-seq"	NA	9
"TTTGGTTTCAACGAAA"	1	"SRX5979983"	"SRP200614"	"intestine"	"class II-m1 EE cell"	NA	NA	NA	"FBbt:00058005"	"adult middle midgut class II enteroendocrine cell (Drosophila)"	"perfect match"	"EE_scRNA-seq"	NA	3
"TTTGTCAAGAAGATTC"	2	"SRX5979983"	"SRP200614"	"intestine"	"class I-ap EE cell"	NA	NA	NA	"FBbt:00058000"	"adult class I enteroendocrine cell (Drosophila)"	"other"	"EE_scRNA-seq"	NA	5
"TTTGTCAAGATGAGAG"	4	"SRX5979983"	"SRP200614"	"intestine"	"class II-m2 EE cell"	NA	NA	NA	"FBbt:00058005"	"adult middle midgut class II enteroendocrine cell (Drosophila)"	"perfect match"	"EE_scRNA-seq"	NA	8
"TTTGTCAAGGTGACCA"	1	"SRX5979983"	"SRP200614"	"intestine"	"class II-m1 EE cell"	NA	NA	NA	"FBbt:00058005"	"adult middle midgut class II enteroendocrine cell (Drosophila)"	"perfect match"	"EE_scRNA-seq"	NA	3
"TTTGTCACACATAACC"	4	"SRX5979983"	"SRP200614"	"intestine"	"class II-m2 EE cell"	NA	NA	NA	"FBbt:00058005"	"adult middle midgut class II enteroendocrine cell (Drosophila)"	"perfect match"	"EE_scRNA-seq"	NA	8
"TTTGTCACACGAAAGC"	0	"SRX5979983"	"SRP200614"	"intestine"	"class I-m EE cell"	NA	NA	NA	"FBbt:00058002"	"adult middle midgut class I enteroendocrine cell (Drosophila)"	"perfect match"	"EE_scRNA-seq"	NA	1
"TTTGTCACAGCTCGCA"	0	"SRX5979983"	"SRP200614"	"intestine"	"class I-m EE cell"	NA	NA	NA	"FBbt:00058002"	"adult middle midgut class I enteroendocrine cell (Drosophila)"	"perfect match"	"EE_scRNA-seq"	NA	1
"TTTGTCATCAAACCGT"	3	"SRX5979983"	"SRP200614"	"intestine"	"class II-a EE cell"	NA	NA	NA	"FBbt:00058004"	"adult anterior midgut class II enteroendocrine cell (Drosophila)"	"perfect match"	"EE_scRNA-seq"	NA	9
"TTTGTCATCCGAATGT"	2	"SRX5979983"	"SRP200614"	"intestine"	"class I-ap EE cell"	NA	NA	NA	"FBbt:00058000"	"adult class I enteroendocrine cell (Drosophila)"	"other"	"EE_scRNA-seq"	NA	5
"TTTGTCATCTTCAACT"	5	"SRX5979983"	"SRP200614"	"intestine"	"class I-p CCHa1 EE cell"	NA	NA	NA	"FBbt:00058003"	"adult posterior midgut class I enteroendocrine cell (Drosophila)"	"missing child term"	"EE_scRNA-seq"	NA	4
