"barcode"	"cluster"	"library"	"experiment"	"tissue"	"cell_type"	"anatId_a_posteriori"	"anatName_a_posteriori"	"anat_a_posteriori_annotationStatus"	"cellTypeId"	"cellTypeName"	"cellTypeAnnotationStatus"	"name_Library"	"comments"	"internal_cluster_id"
"AAACCTGAGCCTTGAT"	""	"ERX6700410"	"ERP132577"	"testis"	"Round_spermatids"	NA	NA	NA	"CL:4030036"	"early spermatid"	"perfect match"	"SN115"	NA	1
"AAACCTGAGTGGTAAT"	""	"ERX6700410"	"ERP132577"	"testis"	"Other_somatic"	NA	NA	NA	"CL:0002371"	"somatic cell"	"perfect match"	"SN115"	NA	2
"AAACCTGCAACTTGAC"	""	"ERX6700410"	"ERP132577"	"testis"	"Other_somatic"	NA	NA	NA	"CL:0002371"	"somatic cell"	"perfect match"	"SN115"	NA	2
"AAACCTGCAGCCAATT"	""	"ERX6700410"	"ERP132577"	"testis"	"Other_somatic"	NA	NA	NA	"CL:0002371"	"somatic cell"	"perfect match"	"SN115"	NA	2
"AAACGGGAGCTCCTTC"	""	"ERX6700410"	"ERP132577"	"testis"	"Other_somatic"	NA	NA	NA	"CL:0002371"	"somatic cell"	"perfect match"	"SN115"	NA	2
"AAACGGGAGGCAAAGA"	""	"ERX6700410"	"ERP132577"	"testis"	"Round_spermatids"	NA	NA	NA	"CL:4030036"	"early spermatid"	"perfect match"	"SN115"	NA	1
"AAACGGGAGGCTCTTA"	""	"ERX6700410"	"ERP132577"	"testis"	"Other_somatic"	NA	NA	NA	"CL:0002371"	"somatic cell"	"perfect match"	"SN115"	NA	2
"AAACGGGCACATGGGA"	""	"ERX6700410"	"ERP132577"	"testis"	"Other_somatic"	NA	NA	NA	"CL:0002371"	"somatic cell"	"perfect match"	"SN115"	NA	2
"AAACGGGCACCTATCC"	""	"ERX6700410"	"ERP132577"	"testis"	"Round_spermatids"	NA	NA	NA	"CL:4030036"	"early spermatid"	"perfect match"	"SN115"	NA	1
"AAACGGGCACCTGGTG"	""	"ERX6700410"	"ERP132577"	"testis"	"Other_somatic"	NA	NA	NA	"CL:0002371"	"somatic cell"	"perfect match"	"SN115"	NA	2
"AAACGGGCAGCAGTTT"	""	"ERX6700410"	"ERP132577"	"testis"	"Sertoli"	NA	NA	NA	"CL:0000216"	"Sertoli cell"	"perfect match"	"SN115"	NA	3
"AAACGGGCAGGTGCCT"	""	"ERX6700410"	"ERP132577"	"testis"	"Elongated_spermatids"	NA	NA	NA	"CL:4030037"	"late spermatid"	"perfect match"	"SN115"	NA	4
"AAACGGGCAGTGACAG"	""	"ERX6700410"	"ERP132577"	"testis"	"Elongated_spermatids"	NA	NA	NA	"CL:4030037"	"late spermatid"	"perfect match"	"SN115"	NA	4
"AAACGGGCATAACCTG"	""	"ERX6700410"	"ERP132577"	"testis"	"Round_spermatids"	NA	NA	NA	"CL:4030036"	"early spermatid"	"perfect match"	"SN115"	NA	1
"AAACGGGGTTGGACCC"	""	"ERX6700410"	"ERP132577"	"testis"	"Round_spermatids"	NA	NA	NA	"CL:4030036"	"early spermatid"	"perfect match"	"SN115"	NA	1
"AAAGATGAGATAGTCA"	""	"ERX6700410"	"ERP132577"	"testis"	"Other_somatic"	NA	NA	NA	"CL:0002371"	"somatic cell"	"perfect match"	"SN115"	NA	2
"AAAGATGCAAGAAGAG"	""	"ERX6700410"	"ERP132577"	"testis"	"Round_spermatids"	NA	NA	NA	"CL:4030036"	"early spermatid"	"perfect match"	"SN115"	NA	1
"AAAGATGCACCAGGCT"	""	"ERX6700410"	"ERP132577"	"testis"	"Elongated_spermatids"	NA	NA	NA	"CL:4030037"	"late spermatid"	"perfect match"	"SN115"	NA	4
"AAAGATGCAGCTGTGC"	""	"ERX6700410"	"ERP132577"	"testis"	"Round_spermatids"	NA	NA	NA	"CL:4030036"	"early spermatid"	"perfect match"	"SN115"	NA	1
"AAAGATGCAGTTCCCT"	""	"ERX6700410"	"ERP132577"	"testis"	"Other_somatic"	NA	NA	NA	"CL:0002371"	"somatic cell"	"perfect match"	"SN115"	NA	2
"AAAGATGGTCCGAGTC"	""	"ERX6700410"	"ERP132577"	"testis"	"Elongated_spermatids"	NA	NA	NA	"CL:4030037"	"late spermatid"	"perfect match"	"SN115"	NA	4
"AAAGATGGTTAGAACA"	""	"ERX6700410"	"ERP132577"	"testis"	"Other_somatic"	NA	NA	NA	"CL:0002371"	"somatic cell"	"perfect match"	"SN115"	NA	2
"AAAGATGGTTGTTTGG"	""	"ERX6700410"	"ERP132577"	"testis"	"Round_spermatids"	NA	NA	NA	"CL:4030036"	"early spermatid"	"perfect match"	"SN115"	NA	1
"AAAGATGTCACGGTTA"	""	"ERX6700410"	"ERP132577"	"testis"	"Other_somatic"	NA	NA	NA	"CL:0002371"	"somatic cell"	"perfect match"	"SN115"	NA	2
"AAAGATGTCGCTAGCG"	""	"ERX6700410"	"ERP132577"	"testis"	"Other_somatic"	NA	NA	NA	"CL:0002371"	"somatic cell"	"perfect match"	"SN115"	NA	2
"AAAGATGTCTCTAAGG"	""	"ERX6700410"	"ERP132577"	"testis"	"Elongated_spermatids"	NA	NA	NA	"CL:4030037"	"late spermatid"	"perfect match"	"SN115"	NA	4
"AAAGCAAAGATCCCGC"	""	"ERX6700410"	"ERP132577"	"testis"	"Sertoli"	NA	NA	NA	"CL:0000216"	"Sertoli cell"	"perfect match"	"SN115"	NA	3
"AAAGCAAAGGAGTTGC"	""	"ERX6700410"	"ERP132577"	"testis"	"Elongated_spermatids"	NA	NA	NA	"CL:4030037"	"late spermatid"	"perfect match"	"SN115"	NA	4
"AAAGCAAAGTGTTAGA"	""	"ERX6700410"	"ERP132577"	"testis"	"Other_somatic"	NA	NA	NA	"CL:0002371"	"somatic cell"	"perfect match"	"SN115"	NA	2
"AAAGCAACATGAAGTA"	""	"ERX6700410"	"ERP132577"	"testis"	"Sertoli"	NA	NA	NA	"CL:0000216"	"Sertoli cell"	"perfect match"	"SN115"	NA	3
"AAAGCAATCAAACCGT"	""	"ERX6700410"	"ERP132577"	"testis"	"Round_spermatids"	NA	NA	NA	"CL:4030036"	"early spermatid"	"perfect match"	"SN115"	NA	1
"AAAGTAGCATTAACCG"	""	"ERX6700410"	"ERP132577"	"testis"	"Round_spermatids"	NA	NA	NA	"CL:4030036"	"early spermatid"	"perfect match"	"SN115"	NA	1
"AAAGTAGGTACTCTCC"	""	"ERX6700410"	"ERP132577"	"testis"	"Other_somatic"	NA	NA	NA	"CL:0002371"	"somatic cell"	"perfect match"	"SN115"	NA	2
"AAAGTAGGTATAGGGC"	""	"ERX6700410"	"ERP132577"	"testis"	"Other_somatic"	NA	NA	NA	"CL:0002371"	"somatic cell"	"perfect match"	"SN115"	NA	2
"AAAGTAGTCAACACAC"	""	"ERX6700410"	"ERP132577"	"testis"	"Other_somatic"	NA	NA	NA	"CL:0002371"	"somatic cell"	"perfect match"	"SN115"	NA	2
"AAAGTAGTCACAAACC"	""	"ERX6700410"	"ERP132577"	"testis"	"Elongated_spermatids"	NA	NA	NA	"CL:4030037"	"late spermatid"	"perfect match"	"SN115"	NA	4
"AAAGTAGTCATGTCTT"	""	"ERX6700410"	"ERP132577"	"testis"	"Other_somatic"	NA	NA	NA	"CL:0002371"	"somatic cell"	"perfect match"	"SN115"	NA	2
"AAAGTAGTCCCATTTA"	""	"ERX6700410"	"ERP132577"	"testis"	"Other_somatic"	NA	NA	NA	"CL:0002371"	"somatic cell"	"perfect match"	"SN115"	NA	2
"AAAGTAGTCCTCATTA"	""	"ERX6700410"	"ERP132577"	"testis"	"Other_somatic"	NA	NA	NA	"CL:0002371"	"somatic cell"	"perfect match"	"SN115"	NA	2
"AAATGCCAGGGAGTAA"	""	"ERX6700410"	"ERP132577"	"testis"	"Other_somatic"	NA	NA	NA	"CL:0002371"	"somatic cell"	"perfect match"	"SN115"	NA	2
"AAATGCCCACGACGAA"	""	"ERX6700410"	"ERP132577"	"testis"	"Round_spermatids"	NA	NA	NA	"CL:4030036"	"early spermatid"	"perfect match"	"SN115"	NA	1
"AAATGCCGTTGGTAAA"	""	"ERX6700410"	"ERP132577"	"testis"	"Elongated_spermatids"	NA	NA	NA	"CL:4030037"	"late spermatid"	"perfect match"	"SN115"	NA	4
"AAATGCCTCGCATGAT"	""	"ERX6700410"	"ERP132577"	"testis"	"Elongated_spermatids"	NA	NA	NA	"CL:4030037"	"late spermatid"	"perfect match"	"SN115"	NA	4
"AACACGTAGAGGGCTT"	""	"ERX6700410"	"ERP132577"	"testis"	"Sertoli"	NA	NA	NA	"CL:0000216"	"Sertoli cell"	"perfect match"	"SN115"	NA	3
"AACACGTAGCTAGTGG"	""	"ERX6700410"	"ERP132577"	"testis"	"Round_spermatids"	NA	NA	NA	"CL:4030036"	"early spermatid"	"perfect match"	"SN115"	NA	1
"AACACGTCACTTAAGC"	""	"ERX6700410"	"ERP132577"	"testis"	"Other_somatic"	NA	NA	NA	"CL:0002371"	"somatic cell"	"perfect match"	"SN115"	NA	2
"AACACGTCATACGCTA"	""	"ERX6700410"	"ERP132577"	"testis"	"Round_spermatids"	NA	NA	NA	"CL:4030036"	"early spermatid"	"perfect match"	"SN115"	NA	1
"AACACGTTCACTGGGC"	""	"ERX6700410"	"ERP132577"	"testis"	"Other_somatic"	NA	NA	NA	"CL:0002371"	"somatic cell"	"perfect match"	"SN115"	NA	2
"AACACGTTCAGGTTCA"	""	"ERX6700410"	"ERP132577"	"testis"	"Elongated_spermatids"	NA	NA	NA	"CL:4030037"	"late spermatid"	"perfect match"	"SN115"	NA	4
"AACACGTTCTCTTATG"	""	"ERX6700410"	"ERP132577"	"testis"	"Other_somatic"	NA	NA	NA	"CL:0002371"	"somatic cell"	"perfect match"	"SN115"	NA	2
"AACCATGAGACAAGCC"	""	"ERX6700410"	"ERP132577"	"testis"	"Elongated_spermatids"	NA	NA	NA	"CL:4030037"	"late spermatid"	"perfect match"	"SN115"	NA	4
"AACCATGAGCTGTTCA"	""	"ERX6700410"	"ERP132577"	"testis"	"Round_spermatids"	NA	NA	NA	"CL:4030036"	"early spermatid"	"perfect match"	"SN115"	NA	1
"AACCATGAGGGTGTGT"	""	"ERX6700410"	"ERP132577"	"testis"	"Spermatocytes"	NA	NA	NA	"CL:0000017"	"spermatocyte"	"perfect match"	"SN115"	NA	5
"AACCATGAGTCCGTAT"	""	"ERX6700410"	"ERP132577"	"testis"	"Spermatogonia"	NA	NA	NA	"CL:0000020"	"spermatogonium"	"perfect match"	"SN115"	NA	6
"AACCATGCAATCTGCA"	""	"ERX6700410"	"ERP132577"	"testis"	"Other_somatic"	NA	NA	NA	"CL:0002371"	"somatic cell"	"perfect match"	"SN115"	NA	2
"AACCATGCAGTCACTA"	""	"ERX6700410"	"ERP132577"	"testis"	"Other_somatic"	NA	NA	NA	"CL:0002371"	"somatic cell"	"perfect match"	"SN115"	NA	2
"AACCATGTCGATCCCT"	""	"ERX6700410"	"ERP132577"	"testis"	"Round_spermatids"	NA	NA	NA	"CL:4030036"	"early spermatid"	"perfect match"	"SN115"	NA	1
"AACCATGTCGGCGGTT"	""	"ERX6700410"	"ERP132577"	"testis"	"Elongated_spermatids"	NA	NA	NA	"CL:4030037"	"late spermatid"	"perfect match"	"SN115"	NA	4
"AACCGCGCAACGATCT"	""	"ERX6700410"	"ERP132577"	"testis"	"Other_somatic"	NA	NA	NA	"CL:0002371"	"somatic cell"	"perfect match"	"SN115"	NA	2
"AACCGCGCATACAGCT"	""	"ERX6700410"	"ERP132577"	"testis"	"Elongated_spermatids"	NA	NA	NA	"CL:4030037"	"late spermatid"	"perfect match"	"SN115"	NA	4
"AACCGCGGTCACAAGG"	""	"ERX6700410"	"ERP132577"	"testis"	"Round_spermatids"	NA	NA	NA	"CL:4030036"	"early spermatid"	"perfect match"	"SN115"	NA	1
"AACCGCGGTCAGCTAT"	""	"ERX6700410"	"ERP132577"	"testis"	"Other_somatic"	NA	NA	NA	"CL:0002371"	"somatic cell"	"perfect match"	"SN115"	NA	2
"AACCGCGGTCCGACGT"	""	"ERX6700410"	"ERP132577"	"testis"	"Other_somatic"	NA	NA	NA	"CL:0002371"	"somatic cell"	"perfect match"	"SN115"	NA	2
"AACCGCGTCACCTCGT"	""	"ERX6700410"	"ERP132577"	"testis"	"Round_spermatids"	NA	NA	NA	"CL:4030036"	"early spermatid"	"perfect match"	"SN115"	NA	1
"AACCGCGTCTACGAGT"	""	"ERX6700410"	"ERP132577"	"testis"	"Elongated_spermatids"	NA	NA	NA	"CL:4030037"	"late spermatid"	"perfect match"	"SN115"	NA	4
"AACGTTGAGTTGTAGA"	""	"ERX6700410"	"ERP132577"	"testis"	"Round_spermatids"	NA	NA	NA	"CL:4030036"	"early spermatid"	"perfect match"	"SN115"	NA	1
"AACGTTGCAAAGGCGT"	""	"ERX6700410"	"ERP132577"	"testis"	"Round_spermatids"	NA	NA	NA	"CL:4030036"	"early spermatid"	"perfect match"	"SN115"	NA	1
"AACGTTGGTAGCTGCC"	""	"ERX6700410"	"ERP132577"	"testis"	"Other_somatic"	NA	NA	NA	"CL:0002371"	"somatic cell"	"perfect match"	"SN115"	NA	2
"AACGTTGGTGTCAATC"	""	"ERX6700410"	"ERP132577"	"testis"	"Elongated_spermatids"	NA	NA	NA	"CL:4030037"	"late spermatid"	"perfect match"	"SN115"	NA	4
"AACGTTGGTTAGAACA"	""	"ERX6700410"	"ERP132577"	"testis"	"Other_somatic"	NA	NA	NA	"CL:0002371"	"somatic cell"	"perfect match"	"SN115"	NA	2
"AACGTTGTCCGAATGT"	""	"ERX6700410"	"ERP132577"	"testis"	"Other_somatic"	NA	NA	NA	"CL:0002371"	"somatic cell"	"perfect match"	"SN115"	NA	2
"AACTCAGAGGCCATAG"	""	"ERX6700410"	"ERP132577"	"testis"	"Other_somatic"	NA	NA	NA	"CL:0002371"	"somatic cell"	"perfect match"	"SN115"	NA	2
"AACTCAGAGTGTCCCG"	""	"ERX6700410"	"ERP132577"	"testis"	"Spermatocytes"	NA	NA	NA	"CL:0000017"	"spermatocyte"	"perfect match"	"SN115"	NA	5
"AACTCAGCAGGGTACA"	""	"ERX6700410"	"ERP132577"	"testis"	"Other_somatic"	NA	NA	NA	"CL:0002371"	"somatic cell"	"perfect match"	"SN115"	NA	2
"AACTCAGCATCGACGC"	""	"ERX6700410"	"ERP132577"	"testis"	"Elongated_spermatids"	NA	NA	NA	"CL:4030037"	"late spermatid"	"perfect match"	"SN115"	NA	4
"AACTCAGGTTAAAGTG"	""	"ERX6700410"	"ERP132577"	"testis"	"Other_somatic"	NA	NA	NA	"CL:0002371"	"somatic cell"	"perfect match"	"SN115"	NA	2
"AACTCAGTCAAACAAG"	""	"ERX6700410"	"ERP132577"	"testis"	"Elongated_spermatids"	NA	NA	NA	"CL:4030037"	"late spermatid"	"perfect match"	"SN115"	NA	4
"AACTCAGTCGCACTCT"	""	"ERX6700410"	"ERP132577"	"testis"	"Round_spermatids"	NA	NA	NA	"CL:4030036"	"early spermatid"	"perfect match"	"SN115"	NA	1
"AACTCAGTCTCGTATT"	""	"ERX6700410"	"ERP132577"	"testis"	"Other_somatic"	NA	NA	NA	"CL:0002371"	"somatic cell"	"perfect match"	"SN115"	NA	2
"AACTCCCAGGTGGGTT"	""	"ERX6700410"	"ERP132577"	"testis"	"Elongated_spermatids"	NA	NA	NA	"CL:4030037"	"late spermatid"	"perfect match"	"SN115"	NA	4
"AACTCCCCATCGATTG"	""	"ERX6700410"	"ERP132577"	"testis"	"Round_spermatids"	NA	NA	NA	"CL:4030036"	"early spermatid"	"perfect match"	"SN115"	NA	1
"AACTCCCGTGCACCAC"	""	"ERX6700410"	"ERP132577"	"testis"	"Other_somatic"	NA	NA	NA	"CL:0002371"	"somatic cell"	"perfect match"	"SN115"	NA	2
"AACTCCCTCTAACTGG"	""	"ERX6700410"	"ERP132577"	"testis"	"Round_spermatids"	NA	NA	NA	"CL:4030036"	"early spermatid"	"perfect match"	"SN115"	NA	1
"AACTCTTAGGCTCAGA"	""	"ERX6700410"	"ERP132577"	"testis"	"Round_spermatids"	NA	NA	NA	"CL:4030036"	"early spermatid"	"perfect match"	"SN115"	NA	1
"AACTCTTCACCGAATT"	""	"ERX6700410"	"ERP132577"	"testis"	"Elongated_spermatids"	NA	NA	NA	"CL:4030037"	"late spermatid"	"perfect match"	"SN115"	NA	4
"AACTCTTGTAGCTCCG"	""	"ERX6700410"	"ERP132577"	"testis"	"Other_somatic"	NA	NA	NA	"CL:0002371"	"somatic cell"	"perfect match"	"SN115"	NA	2
"AACTCTTTCCGCATAA"	""	"ERX6700410"	"ERP132577"	"testis"	"Other_somatic"	NA	NA	NA	"CL:0002371"	"somatic cell"	"perfect match"	"SN115"	NA	2
"AACTGGTAGAGGGCTT"	""	"ERX6700410"	"ERP132577"	"testis"	"Round_spermatids"	NA	NA	NA	"CL:4030036"	"early spermatid"	"perfect match"	"SN115"	NA	1
"AACTGGTAGATAGTCA"	""	"ERX6700410"	"ERP132577"	"testis"	"Elongated_spermatids"	NA	NA	NA	"CL:4030037"	"late spermatid"	"perfect match"	"SN115"	NA	4
"AACTGGTAGATGGGTC"	""	"ERX6700410"	"ERP132577"	"testis"	"Other_somatic"	NA	NA	NA	"CL:0002371"	"somatic cell"	"perfect match"	"SN115"	NA	2
"AACTGGTCAATAGCGG"	""	"ERX6700410"	"ERP132577"	"testis"	"Elongated_spermatids"	NA	NA	NA	"CL:4030037"	"late spermatid"	"perfect match"	"SN115"	NA	4
"AACTGGTCACCATGTA"	""	"ERX6700410"	"ERP132577"	"testis"	"Spermatogonia"	NA	NA	NA	"CL:0000020"	"spermatogonium"	"perfect match"	"SN115"	NA	6
"AACTGGTCACGGTTTA"	""	"ERX6700410"	"ERP132577"	"testis"	"Elongated_spermatids"	NA	NA	NA	"CL:4030037"	"late spermatid"	"perfect match"	"SN115"	NA	4
"AACTTTCAGCTGAACG"	""	"ERX6700410"	"ERP132577"	"testis"	"Other_somatic"	NA	NA	NA	"CL:0002371"	"somatic cell"	"perfect match"	"SN115"	NA	2
"AACTTTCCACAACGCC"	""	"ERX6700410"	"ERP132577"	"testis"	"Elongated_spermatids"	NA	NA	NA	"CL:4030037"	"late spermatid"	"perfect match"	"SN115"	NA	4
"AACTTTCCACCGAAAG"	""	"ERX6700410"	"ERP132577"	"testis"	"Elongated_spermatids"	NA	NA	NA	"CL:4030037"	"late spermatid"	"perfect match"	"SN115"	NA	4
"AACTTTCGTAAGTTCC"	""	"ERX6700410"	"ERP132577"	"testis"	"Round_spermatids"	NA	NA	NA	"CL:4030036"	"early spermatid"	"perfect match"	"SN115"	NA	1
"AACTTTCGTACCTACA"	""	"ERX6700410"	"ERP132577"	"testis"	"Round_spermatids"	NA	NA	NA	"CL:4030036"	"early spermatid"	"perfect match"	"SN115"	NA	1
"AACTTTCGTCTCACCT"	""	"ERX6700410"	"ERP132577"	"testis"	"Round_spermatids"	NA	NA	NA	"CL:4030036"	"early spermatid"	"perfect match"	"SN115"	NA	1
"AACTTTCGTCTGATTG"	""	"ERX6700410"	"ERP132577"	"testis"	"Elongated_spermatids"	NA	NA	NA	"CL:4030037"	"late spermatid"	"perfect match"	"SN115"	NA	4
"AACTTTCTCATCTGTT"	""	"ERX6700410"	"ERP132577"	"testis"	"Elongated_spermatids"	NA	NA	NA	"CL:4030037"	"late spermatid"	"perfect match"	"SN115"	NA	4
"AACTTTCTCCAATGGT"	""	"ERX6700410"	"ERP132577"	"testis"	"Round_spermatids"	NA	NA	NA	"CL:4030036"	"early spermatid"	"perfect match"	"SN115"	NA	1
"AAGACCTAGACGCACA"	""	"ERX6700410"	"ERP132577"	"testis"	"Spermatocytes"	NA	NA	NA	"CL:0000017"	"spermatocyte"	"perfect match"	"SN115"	NA	5
"AAGACCTCACAGACAG"	""	"ERX6700410"	"ERP132577"	"testis"	"Elongated_spermatids"	NA	NA	NA	"CL:4030037"	"late spermatid"	"perfect match"	"SN115"	NA	4
"AAGACCTCAGATCGGA"	""	"ERX6700410"	"ERP132577"	"testis"	"Other_somatic"	NA	NA	NA	"CL:0002371"	"somatic cell"	"perfect match"	"SN115"	NA	2
"AAGACCTGTGTTCTTT"	""	"ERX6700410"	"ERP132577"	"testis"	"Spermatocytes"	NA	NA	NA	"CL:0000017"	"spermatocyte"	"perfect match"	"SN115"	NA	5
"AAGACCTTCCTCCTAG"	""	"ERX6700410"	"ERP132577"	"testis"	"Other_somatic"	NA	NA	NA	"CL:0002371"	"somatic cell"	"perfect match"	"SN115"	NA	2
"AAGACCTTCTATGTGG"	""	"ERX6700410"	"ERP132577"	"testis"	"Other_somatic"	NA	NA	NA	"CL:0002371"	"somatic cell"	"perfect match"	"SN115"	NA	2
"AAGACCTTCTGCGGCA"	""	"ERX6700410"	"ERP132577"	"testis"	"Round_spermatids"	NA	NA	NA	"CL:4030036"	"early spermatid"	"perfect match"	"SN115"	NA	1
"AAGCCGCAGGCAGTCA"	""	"ERX6700410"	"ERP132577"	"testis"	"Round_spermatids"	NA	NA	NA	"CL:4030036"	"early spermatid"	"perfect match"	"SN115"	NA	1
"AAGCCGCAGTTACCCA"	""	"ERX6700410"	"ERP132577"	"testis"	"Round_spermatids"	NA	NA	NA	"CL:4030036"	"early spermatid"	"perfect match"	"SN115"	NA	1
"AAGCCGCCATCATCCC"	""	"ERX6700410"	"ERP132577"	"testis"	"Round_spermatids"	NA	NA	NA	"CL:4030036"	"early spermatid"	"perfect match"	"SN115"	NA	1
"AAGCCGCCATCGATGT"	""	"ERX6700410"	"ERP132577"	"testis"	"Elongated_spermatids"	NA	NA	NA	"CL:4030037"	"late spermatid"	"perfect match"	"SN115"	NA	4
"AAGCCGCCATCGGAAG"	""	"ERX6700410"	"ERP132577"	"testis"	"Round_spermatids"	NA	NA	NA	"CL:4030036"	"early spermatid"	"perfect match"	"SN115"	NA	1
"AAGCCGCGTCATGCCG"	""	"ERX6700410"	"ERP132577"	"testis"	"Elongated_spermatids"	NA	NA	NA	"CL:4030037"	"late spermatid"	"perfect match"	"SN115"	NA	4
"AAGCCGCGTCATTAGC"	""	"ERX6700410"	"ERP132577"	"testis"	"Elongated_spermatids"	NA	NA	NA	"CL:4030037"	"late spermatid"	"perfect match"	"SN115"	NA	4
"AAGGAGCAGACCTAGG"	""	"ERX6700410"	"ERP132577"	"testis"	"Other_somatic"	NA	NA	NA	"CL:0002371"	"somatic cell"	"perfect match"	"SN115"	NA	2
"AAGGAGCAGAGACTAT"	""	"ERX6700410"	"ERP132577"	"testis"	"Round_spermatids"	NA	NA	NA	"CL:4030036"	"early spermatid"	"perfect match"	"SN115"	NA	1
"AAGGAGCCACCGATAT"	""	"ERX6700410"	"ERP132577"	"testis"	"Other_somatic"	NA	NA	NA	"CL:0002371"	"somatic cell"	"perfect match"	"SN115"	NA	2
"AAGGAGCCAGTGAGTG"	""	"ERX6700410"	"ERP132577"	"testis"	"Spermatogonia"	NA	NA	NA	"CL:0000020"	"spermatogonium"	"perfect match"	"SN115"	NA	6
"AAGGAGCGTCATCGGC"	""	"ERX6700410"	"ERP132577"	"testis"	"Round_spermatids"	NA	NA	NA	"CL:4030036"	"early spermatid"	"perfect match"	"SN115"	NA	1
"AAGGAGCGTGTAAGTA"	""	"ERX6700410"	"ERP132577"	"testis"	"Spermatocytes"	NA	NA	NA	"CL:0000017"	"spermatocyte"	"perfect match"	"SN115"	NA	5
"AAGGAGCTCAGAAATG"	""	"ERX6700410"	"ERP132577"	"testis"	"Sertoli"	NA	NA	NA	"CL:0000216"	"Sertoli cell"	"perfect match"	"SN115"	NA	3
"AAGGAGCTCGTCGTTC"	""	"ERX6700410"	"ERP132577"	"testis"	"Elongated_spermatids"	NA	NA	NA	"CL:4030037"	"late spermatid"	"perfect match"	"SN115"	NA	4
"AAGGAGCTCTTGTACT"	""	"ERX6700410"	"ERP132577"	"testis"	"Other_somatic"	NA	NA	NA	"CL:0002371"	"somatic cell"	"perfect match"	"SN115"	NA	2
"AAGGCAGCAAAGGTGC"	""	"ERX6700410"	"ERP132577"	"testis"	"Round_spermatids"	NA	NA	NA	"CL:4030036"	"early spermatid"	"perfect match"	"SN115"	NA	1
"AAGGCAGCAAGTCTAC"	""	"ERX6700410"	"ERP132577"	"testis"	"Sertoli"	NA	NA	NA	"CL:0000216"	"Sertoli cell"	"perfect match"	"SN115"	NA	3
"AAGGCAGCACGGCGTT"	""	"ERX6700410"	"ERP132577"	"testis"	"Elongated_spermatids"	NA	NA	NA	"CL:4030037"	"late spermatid"	"perfect match"	"SN115"	NA	4
"AAGGCAGGTCGAGTTT"	""	"ERX6700410"	"ERP132577"	"testis"	"Round_spermatids"	NA	NA	NA	"CL:4030036"	"early spermatid"	"perfect match"	"SN115"	NA	1
"AAGGCAGGTCTTCGTC"	""	"ERX6700410"	"ERP132577"	"testis"	"Elongated_spermatids"	NA	NA	NA	"CL:4030037"	"late spermatid"	"perfect match"	"SN115"	NA	4
"AAGGCAGGTGATGATA"	""	"ERX6700410"	"ERP132577"	"testis"	"Sertoli"	NA	NA	NA	"CL:0000216"	"Sertoli cell"	"perfect match"	"SN115"	NA	3
"AAGGCAGGTTATCGGT"	""	"ERX6700410"	"ERP132577"	"testis"	"Elongated_spermatids"	NA	NA	NA	"CL:4030037"	"late spermatid"	"perfect match"	"SN115"	NA	4
"AAGGCAGTCACGAAGG"	""	"ERX6700410"	"ERP132577"	"testis"	"Other_somatic"	NA	NA	NA	"CL:0002371"	"somatic cell"	"perfect match"	"SN115"	NA	2
"AAGGCAGTCCCTCTTT"	""	"ERX6700410"	"ERP132577"	"testis"	"Other_somatic"	NA	NA	NA	"CL:0002371"	"somatic cell"	"perfect match"	"SN115"	NA	2
"AAGGTTCAGAGGTTGC"	""	"ERX6700410"	"ERP132577"	"testis"	"Elongated_spermatids"	NA	NA	NA	"CL:4030037"	"late spermatid"	"perfect match"	"SN115"	NA	4
"AAGGTTCAGCTCCCAG"	""	"ERX6700410"	"ERP132577"	"testis"	"Elongated_spermatids"	NA	NA	NA	"CL:4030037"	"late spermatid"	"perfect match"	"SN115"	NA	4
"AAGGTTCCACCTATCC"	""	"ERX6700410"	"ERP132577"	"testis"	"Elongated_spermatids"	NA	NA	NA	"CL:4030037"	"late spermatid"	"perfect match"	"SN115"	NA	4
"AAGGTTCCAGACAAAT"	""	"ERX6700410"	"ERP132577"	"testis"	"Other_somatic"	NA	NA	NA	"CL:0002371"	"somatic cell"	"perfect match"	"SN115"	NA	2
"AAGGTTCGTCATGCCG"	""	"ERX6700410"	"ERP132577"	"testis"	"Round_spermatids"	NA	NA	NA	"CL:4030036"	"early spermatid"	"perfect match"	"SN115"	NA	1
"AAGGTTCTCGCTTAGA"	""	"ERX6700410"	"ERP132577"	"testis"	"Spermatogonia"	NA	NA	NA	"CL:0000020"	"spermatogonium"	"perfect match"	"SN115"	NA	6
"AAGTCTGAGATGCGAC"	""	"ERX6700410"	"ERP132577"	"testis"	"Other_somatic"	NA	NA	NA	"CL:0002371"	"somatic cell"	"perfect match"	"SN115"	NA	2
"AAGTCTGAGCAGACTG"	""	"ERX6700410"	"ERP132577"	"testis"	"Other_somatic"	NA	NA	NA	"CL:0002371"	"somatic cell"	"perfect match"	"SN115"	NA	2
"AAGTCTGAGGCTAGAC"	""	"ERX6700410"	"ERP132577"	"testis"	"Round_spermatids"	NA	NA	NA	"CL:4030036"	"early spermatid"	"perfect match"	"SN115"	NA	1
"AAGTCTGAGGCTCATT"	""	"ERX6700410"	"ERP132577"	"testis"	"Round_spermatids"	NA	NA	NA	"CL:4030036"	"early spermatid"	"perfect match"	"SN115"	NA	1
"AAGTCTGAGTACGACG"	""	"ERX6700410"	"ERP132577"	"testis"	"Other_somatic"	NA	NA	NA	"CL:0002371"	"somatic cell"	"perfect match"	"SN115"	NA	2
"AAGTCTGAGTCCTCCT"	""	"ERX6700410"	"ERP132577"	"testis"	"Elongated_spermatids"	NA	NA	NA	"CL:4030037"	"late spermatid"	"perfect match"	"SN115"	NA	4
"AAGTCTGAGTCGCCGT"	""	"ERX6700410"	"ERP132577"	"testis"	"Elongated_spermatids"	NA	NA	NA	"CL:4030037"	"late spermatid"	"perfect match"	"SN115"	NA	4
"AAGTCTGCAAACCTAC"	""	"ERX6700410"	"ERP132577"	"testis"	"Other_somatic"	NA	NA	NA	"CL:0002371"	"somatic cell"	"perfect match"	"SN115"	NA	2
"AAGTCTGCAAAGCGGT"	""	"ERX6700410"	"ERP132577"	"testis"	"Spermatocytes"	NA	NA	NA	"CL:0000017"	"spermatocyte"	"perfect match"	"SN115"	NA	5
"AAGTCTGGTCACTGGC"	""	"ERX6700410"	"ERP132577"	"testis"	"Round_spermatids"	NA	NA	NA	"CL:4030036"	"early spermatid"	"perfect match"	"SN115"	NA	1
"AAGTCTGGTTGGTAAA"	""	"ERX6700410"	"ERP132577"	"testis"	"Sertoli"	NA	NA	NA	"CL:0000216"	"Sertoli cell"	"perfect match"	"SN115"	NA	3
"AAGTCTGTCAGCTGGC"	""	"ERX6700410"	"ERP132577"	"testis"	"Round_spermatids"	NA	NA	NA	"CL:4030036"	"early spermatid"	"perfect match"	"SN115"	NA	1
"AATCCAGAGAGACGAA"	""	"ERX6700410"	"ERP132577"	"testis"	"Round_spermatids"	NA	NA	NA	"CL:4030036"	"early spermatid"	"perfect match"	"SN115"	NA	1
"AATCCAGAGGATTCGG"	""	"ERX6700410"	"ERP132577"	"testis"	"Sertoli"	NA	NA	NA	"CL:0000216"	"Sertoli cell"	"perfect match"	"SN115"	NA	3
"AATCCAGCAAGCGATG"	""	"ERX6700410"	"ERP132577"	"testis"	"Elongated_spermatids"	NA	NA	NA	"CL:4030037"	"late spermatid"	"perfect match"	"SN115"	NA	4
"AATCCAGGTAAATGTG"	""	"ERX6700410"	"ERP132577"	"testis"	"Elongated_spermatids"	NA	NA	NA	"CL:4030037"	"late spermatid"	"perfect match"	"SN115"	NA	4
"AATCCAGGTAGATTAG"	""	"ERX6700410"	"ERP132577"	"testis"	"Other_somatic"	NA	NA	NA	"CL:0002371"	"somatic cell"	"perfect match"	"SN115"	NA	2
"AATCGGTAGCGCCTCA"	""	"ERX6700410"	"ERP132577"	"testis"	"Round_spermatids"	NA	NA	NA	"CL:4030036"	"early spermatid"	"perfect match"	"SN115"	NA	1
"AATCGGTAGTTGCAGG"	""	"ERX6700410"	"ERP132577"	"testis"	"Sertoli"	NA	NA	NA	"CL:0000216"	"Sertoli cell"	"perfect match"	"SN115"	NA	3
"AATCGGTTCGGCGCAT"	""	"ERX6700410"	"ERP132577"	"testis"	"Spermatogonia"	NA	NA	NA	"CL:0000020"	"spermatogonium"	"perfect match"	"SN115"	NA	6
"ACACCAAAGTCATCCA"	""	"ERX6700410"	"ERP132577"	"testis"	"Round_spermatids"	NA	NA	NA	"CL:4030036"	"early spermatid"	"perfect match"	"SN115"	NA	1
"ACACCAACAATACGCT"	""	"ERX6700410"	"ERP132577"	"testis"	"Other_somatic"	NA	NA	NA	"CL:0002371"	"somatic cell"	"perfect match"	"SN115"	NA	2
"ACACCAACACGGATAG"	""	"ERX6700410"	"ERP132577"	"testis"	"Other_somatic"	NA	NA	NA	"CL:0002371"	"somatic cell"	"perfect match"	"SN115"	NA	2
"ACACCAATCTGTGCAA"	""	"ERX6700410"	"ERP132577"	"testis"	"Elongated_spermatids"	NA	NA	NA	"CL:4030037"	"late spermatid"	"perfect match"	"SN115"	NA	4
"ACACCCTCACCACGTG"	""	"ERX6700410"	"ERP132577"	"testis"	"Other_somatic"	NA	NA	NA	"CL:0002371"	"somatic cell"	"perfect match"	"SN115"	NA	2
"ACACCCTTCATCTGCC"	""	"ERX6700410"	"ERP132577"	"testis"	"Other_somatic"	NA	NA	NA	"CL:0002371"	"somatic cell"	"perfect match"	"SN115"	NA	2
"ACACCCTTCCAAGTAC"	""	"ERX6700410"	"ERP132577"	"testis"	"Elongated_spermatids"	NA	NA	NA	"CL:4030037"	"late spermatid"	"perfect match"	"SN115"	NA	4
"ACACCCTTCTTCGGTC"	""	"ERX6700410"	"ERP132577"	"testis"	"Elongated_spermatids"	NA	NA	NA	"CL:4030037"	"late spermatid"	"perfect match"	"SN115"	NA	4
"ACACCGGAGCAGATCG"	""	"ERX6700410"	"ERP132577"	"testis"	"Elongated_spermatids"	NA	NA	NA	"CL:4030037"	"late spermatid"	"perfect match"	"SN115"	NA	4
"ACACCGGCAAGCGATG"	""	"ERX6700410"	"ERP132577"	"testis"	"Round_spermatids"	NA	NA	NA	"CL:4030036"	"early spermatid"	"perfect match"	"SN115"	NA	1
"ACACCGGCAGCCTTTC"	""	"ERX6700410"	"ERP132577"	"testis"	"Elongated_spermatids"	NA	NA	NA	"CL:4030037"	"late spermatid"	"perfect match"	"SN115"	NA	4
"ACACCGGCAGGGATTG"	""	"ERX6700410"	"ERP132577"	"testis"	"Round_spermatids"	NA	NA	NA	"CL:4030036"	"early spermatid"	"perfect match"	"SN115"	NA	1
"ACACCGGCAGGTTTCA"	""	"ERX6700410"	"ERP132577"	"testis"	"Spermatocytes"	NA	NA	NA	"CL:0000017"	"spermatocyte"	"perfect match"	"SN115"	NA	5
"ACACCGGTCGCAAACT"	""	"ERX6700410"	"ERP132577"	"testis"	"Spermatocytes"	NA	NA	NA	"CL:0000017"	"spermatocyte"	"perfect match"	"SN115"	NA	5
"ACACTGAAGACTGGGT"	""	"ERX6700410"	"ERP132577"	"testis"	"Round_spermatids"	NA	NA	NA	"CL:4030036"	"early spermatid"	"perfect match"	"SN115"	NA	1
"ACACTGAAGCCGCCTA"	""	"ERX6700410"	"ERP132577"	"testis"	"Elongated_spermatids"	NA	NA	NA	"CL:4030037"	"late spermatid"	"perfect match"	"SN115"	NA	4
"ACACTGAAGGCATGTG"	""	"ERX6700410"	"ERP132577"	"testis"	"Sertoli"	NA	NA	NA	"CL:0000216"	"Sertoli cell"	"perfect match"	"SN115"	NA	3
"ACACTGAAGGTGCTTT"	""	"ERX6700410"	"ERP132577"	"testis"	"Sertoli"	NA	NA	NA	"CL:0000216"	"Sertoli cell"	"perfect match"	"SN115"	NA	3
"ACACTGACAGTCACTA"	""	"ERX6700410"	"ERP132577"	"testis"	"Elongated_spermatids"	NA	NA	NA	"CL:4030037"	"late spermatid"	"perfect match"	"SN115"	NA	4
"ACACTGAGTACCCAAT"	""	"ERX6700410"	"ERP132577"	"testis"	"Round_spermatids"	NA	NA	NA	"CL:4030036"	"early spermatid"	"perfect match"	"SN115"	NA	1
"ACACTGAGTAGAGGAA"	""	"ERX6700410"	"ERP132577"	"testis"	"Other_somatic"	NA	NA	NA	"CL:0002371"	"somatic cell"	"perfect match"	"SN115"	NA	2
"ACACTGAGTAGCCTCG"	""	"ERX6700410"	"ERP132577"	"testis"	"Other_somatic"	NA	NA	NA	"CL:0002371"	"somatic cell"	"perfect match"	"SN115"	NA	2
"ACACTGAGTCCTGCTT"	""	"ERX6700410"	"ERP132577"	"testis"	"Elongated_spermatids"	NA	NA	NA	"CL:4030037"	"late spermatid"	"perfect match"	"SN115"	NA	4
"ACACTGATCAACGAAA"	""	"ERX6700410"	"ERP132577"	"testis"	"Elongated_spermatids"	NA	NA	NA	"CL:4030037"	"late spermatid"	"perfect match"	"SN115"	NA	4
"ACACTGATCATAACCG"	""	"ERX6700410"	"ERP132577"	"testis"	"Elongated_spermatids"	NA	NA	NA	"CL:4030037"	"late spermatid"	"perfect match"	"SN115"	NA	4
"ACACTGATCATCTGTT"	""	"ERX6700410"	"ERP132577"	"testis"	"Other_somatic"	NA	NA	NA	"CL:0002371"	"somatic cell"	"perfect match"	"SN115"	NA	2
"ACACTGATCTGTGCAA"	""	"ERX6700410"	"ERP132577"	"testis"	"Other_somatic"	NA	NA	NA	"CL:0002371"	"somatic cell"	"perfect match"	"SN115"	NA	2
"ACAGCCGCAACACCCG"	""	"ERX6700410"	"ERP132577"	"testis"	"Elongated_spermatids"	NA	NA	NA	"CL:4030037"	"late spermatid"	"perfect match"	"SN115"	NA	4
"ACAGCCGCAAGCGCTC"	""	"ERX6700410"	"ERP132577"	"testis"	"Other_somatic"	NA	NA	NA	"CL:0002371"	"somatic cell"	"perfect match"	"SN115"	NA	2
"ACAGCCGCAGCGTTCG"	""	"ERX6700410"	"ERP132577"	"testis"	"Other_somatic"	NA	NA	NA	"CL:0002371"	"somatic cell"	"perfect match"	"SN115"	NA	2
"ACAGCCGGTCTGGTCG"	""	"ERX6700410"	"ERP132577"	"testis"	"Elongated_spermatids"	NA	NA	NA	"CL:4030037"	"late spermatid"	"perfect match"	"SN115"	NA	4
"ACAGCCGTCACAAACC"	""	"ERX6700410"	"ERP132577"	"testis"	"Spermatogonia"	NA	NA	NA	"CL:0000020"	"spermatogonium"	"perfect match"	"SN115"	NA	6
"ACAGCCGTCACGACTA"	""	"ERX6700410"	"ERP132577"	"testis"	"Round_spermatids"	NA	NA	NA	"CL:4030036"	"early spermatid"	"perfect match"	"SN115"	NA	1
"ACAGCCGTCCGTTGCT"	""	"ERX6700410"	"ERP132577"	"testis"	"Spermatogonia"	NA	NA	NA	"CL:0000020"	"spermatogonium"	"perfect match"	"SN115"	NA	6
"ACAGCTAAGGCACATG"	""	"ERX6700410"	"ERP132577"	"testis"	"Sertoli"	NA	NA	NA	"CL:0000216"	"Sertoli cell"	"perfect match"	"SN115"	NA	3
"ACAGCTATCCTACAGA"	""	"ERX6700410"	"ERP132577"	"testis"	"Round_spermatids"	NA	NA	NA	"CL:4030036"	"early spermatid"	"perfect match"	"SN115"	NA	1
"ACAGCTATCGCCTGAG"	""	"ERX6700410"	"ERP132577"	"testis"	"Round_spermatids"	NA	NA	NA	"CL:4030036"	"early spermatid"	"perfect match"	"SN115"	NA	1
"ACATACGAGAATCTCC"	""	"ERX6700410"	"ERP132577"	"testis"	"Elongated_spermatids"	NA	NA	NA	"CL:4030037"	"late spermatid"	"perfect match"	"SN115"	NA	4
"ACATACGAGACAGAGA"	""	"ERX6700410"	"ERP132577"	"testis"	"Other_somatic"	NA	NA	NA	"CL:0002371"	"somatic cell"	"perfect match"	"SN115"	NA	2
"ACATACGAGGACATTA"	""	"ERX6700410"	"ERP132577"	"testis"	"Other_somatic"	NA	NA	NA	"CL:0002371"	"somatic cell"	"perfect match"	"SN115"	NA	2
"ACATACGAGGGATACC"	""	"ERX6700410"	"ERP132577"	"testis"	"Other_somatic"	NA	NA	NA	"CL:0002371"	"somatic cell"	"perfect match"	"SN115"	NA	2
"ACATACGAGTGGTCCC"	""	"ERX6700410"	"ERP132577"	"testis"	"Elongated_spermatids"	NA	NA	NA	"CL:4030037"	"late spermatid"	"perfect match"	"SN115"	NA	4
"ACATACGCACGGCCAT"	""	"ERX6700410"	"ERP132577"	"testis"	"Elongated_spermatids"	NA	NA	NA	"CL:4030037"	"late spermatid"	"perfect match"	"SN115"	NA	4
"ACATACGTCTAGCACA"	""	"ERX6700410"	"ERP132577"	"testis"	"Other_somatic"	NA	NA	NA	"CL:0002371"	"somatic cell"	"perfect match"	"SN115"	NA	2
"ACATCAGAGCGTTTAC"	""	"ERX6700410"	"ERP132577"	"testis"	"Other_somatic"	NA	NA	NA	"CL:0002371"	"somatic cell"	"perfect match"	"SN115"	NA	2
"ACATCAGAGGTGCTAG"	""	"ERX6700410"	"ERP132577"	"testis"	"Spermatogonia"	NA	NA	NA	"CL:0000020"	"spermatogonium"	"perfect match"	"SN115"	NA	6
"ACATCAGGTAACGACG"	""	"ERX6700410"	"ERP132577"	"testis"	"Other_somatic"	NA	NA	NA	"CL:0002371"	"somatic cell"	"perfect match"	"SN115"	NA	2
"ACATCAGGTCAGAAGC"	""	"ERX6700410"	"ERP132577"	"testis"	"Round_spermatids"	NA	NA	NA	"CL:4030036"	"early spermatid"	"perfect match"	"SN115"	NA	1
"ACATCAGGTTAAGAAC"	""	"ERX6700410"	"ERP132577"	"testis"	"Round_spermatids"	NA	NA	NA	"CL:4030036"	"early spermatid"	"perfect match"	"SN115"	NA	1
"ACATCAGTCAGTACGT"	""	"ERX6700410"	"ERP132577"	"testis"	"Round_spermatids"	NA	NA	NA	"CL:4030036"	"early spermatid"	"perfect match"	"SN115"	NA	1
"ACATCAGTCGTACCGG"	""	"ERX6700410"	"ERP132577"	"testis"	"Other_somatic"	NA	NA	NA	"CL:0002371"	"somatic cell"	"perfect match"	"SN115"	NA	2
"ACATGGTAGATCACGG"	""	"ERX6700410"	"ERP132577"	"testis"	"Other_somatic"	NA	NA	NA	"CL:0002371"	"somatic cell"	"perfect match"	"SN115"	NA	2
"ACATGGTAGATTACCC"	""	"ERX6700410"	"ERP132577"	"testis"	"Elongated_spermatids"	NA	NA	NA	"CL:4030037"	"late spermatid"	"perfect match"	"SN115"	NA	4
"ACATGGTCAATGGAAT"	""	"ERX6700410"	"ERP132577"	"testis"	"Other_somatic"	NA	NA	NA	"CL:0002371"	"somatic cell"	"perfect match"	"SN115"	NA	2
"ACATGGTCAGATGGGT"	""	"ERX6700410"	"ERP132577"	"testis"	"Round_spermatids"	NA	NA	NA	"CL:4030036"	"early spermatid"	"perfect match"	"SN115"	NA	1
"ACATGGTCAGTTAACC"	""	"ERX6700410"	"ERP132577"	"testis"	"Round_spermatids"	NA	NA	NA	"CL:4030036"	"early spermatid"	"perfect match"	"SN115"	NA	1
"ACCAGTACAGCAGTTT"	""	"ERX6700410"	"ERP132577"	"testis"	"Elongated_spermatids"	NA	NA	NA	"CL:4030037"	"late spermatid"	"perfect match"	"SN115"	NA	4
"ACCAGTAGTCCGTTAA"	""	"ERX6700410"	"ERP132577"	"testis"	"Spermatocytes"	NA	NA	NA	"CL:0000017"	"spermatocyte"	"perfect match"	"SN115"	NA	5
"ACCAGTAGTGTGTGCC"	""	"ERX6700410"	"ERP132577"	"testis"	"Round_spermatids"	NA	NA	NA	"CL:4030036"	"early spermatid"	"perfect match"	"SN115"	NA	1
"ACCAGTAGTTAAAGTG"	""	"ERX6700410"	"ERP132577"	"testis"	"Other_somatic"	NA	NA	NA	"CL:0002371"	"somatic cell"	"perfect match"	"SN115"	NA	2
"ACCAGTATCGGATGGA"	""	"ERX6700410"	"ERP132577"	"testis"	"Sertoli"	NA	NA	NA	"CL:0000216"	"Sertoli cell"	"perfect match"	"SN115"	NA	3
"ACCAGTATCTTAACCT"	""	"ERX6700410"	"ERP132577"	"testis"	"Other_somatic"	NA	NA	NA	"CL:0002371"	"somatic cell"	"perfect match"	"SN115"	NA	2
"ACCCACTAGAGCAATT"	""	"ERX6700410"	"ERP132577"	"testis"	"Sertoli"	NA	NA	NA	"CL:0000216"	"Sertoli cell"	"perfect match"	"SN115"	NA	3
"ACCCACTAGATCCTGT"	""	"ERX6700410"	"ERP132577"	"testis"	"Elongated_spermatids"	NA	NA	NA	"CL:4030037"	"late spermatid"	"perfect match"	"SN115"	NA	4
"ACCCACTAGGACACCA"	""	"ERX6700410"	"ERP132577"	"testis"	"Elongated_spermatids"	NA	NA	NA	"CL:4030037"	"late spermatid"	"perfect match"	"SN115"	NA	4
"ACCCACTAGTTTCCTT"	""	"ERX6700410"	"ERP132577"	"testis"	"Elongated_spermatids"	NA	NA	NA	"CL:4030037"	"late spermatid"	"perfect match"	"SN115"	NA	4
"ACCCACTCACTGTTAG"	""	"ERX6700410"	"ERP132577"	"testis"	"Other_somatic"	NA	NA	NA	"CL:0002371"	"somatic cell"	"perfect match"	"SN115"	NA	2
"ACCCACTTCGTACCGG"	""	"ERX6700410"	"ERP132577"	"testis"	"Spermatogonia"	NA	NA	NA	"CL:0000020"	"spermatogonium"	"perfect match"	"SN115"	NA	6
"ACCGTAAAGTGGCACA"	""	"ERX6700410"	"ERP132577"	"testis"	"Other_somatic"	NA	NA	NA	"CL:0002371"	"somatic cell"	"perfect match"	"SN115"	NA	2
"ACCGTAACATAACCTG"	""	"ERX6700410"	"ERP132577"	"testis"	"Spermatocytes"	NA	NA	NA	"CL:0000017"	"spermatocyte"	"perfect match"	"SN115"	NA	5
"ACCGTAAGTACTCGCG"	""	"ERX6700410"	"ERP132577"	"testis"	"Elongated_spermatids"	NA	NA	NA	"CL:4030037"	"late spermatid"	"perfect match"	"SN115"	NA	4
"ACCGTAAGTGCAGGTA"	""	"ERX6700410"	"ERP132577"	"testis"	"Round_spermatids"	NA	NA	NA	"CL:4030036"	"early spermatid"	"perfect match"	"SN115"	NA	1
"ACCGTAAGTGGCGAAT"	""	"ERX6700410"	"ERP132577"	"testis"	"Round_spermatids"	NA	NA	NA	"CL:4030036"	"early spermatid"	"perfect match"	"SN115"	NA	1
"ACCTTTAAGACAAGCC"	""	"ERX6700410"	"ERP132577"	"testis"	"Round_spermatids"	NA	NA	NA	"CL:4030036"	"early spermatid"	"perfect match"	"SN115"	NA	1
"ACCTTTAAGCGGATCA"	""	"ERX6700410"	"ERP132577"	"testis"	"Spermatogonia"	NA	NA	NA	"CL:0000020"	"spermatogonium"	"perfect match"	"SN115"	NA	6
"ACCTTTAAGCGTGTCC"	""	"ERX6700410"	"ERP132577"	"testis"	"Round_spermatids"	NA	NA	NA	"CL:4030036"	"early spermatid"	"perfect match"	"SN115"	NA	1
"ACCTTTAAGCGTTTAC"	""	"ERX6700410"	"ERP132577"	"testis"	"Other_somatic"	NA	NA	NA	"CL:0002371"	"somatic cell"	"perfect match"	"SN115"	NA	2
"ACCTTTAAGTAGATGT"	""	"ERX6700410"	"ERP132577"	"testis"	"Other_somatic"	NA	NA	NA	"CL:0002371"	"somatic cell"	"perfect match"	"SN115"	NA	2
"ACCTTTACAATACGCT"	""	"ERX6700410"	"ERP132577"	"testis"	"Sertoli"	NA	NA	NA	"CL:0000216"	"Sertoli cell"	"perfect match"	"SN115"	NA	3
"ACCTTTACACTTACGA"	""	"ERX6700410"	"ERP132577"	"testis"	"Spermatogonia"	NA	NA	NA	"CL:0000020"	"spermatogonium"	"perfect match"	"SN115"	NA	6
"ACCTTTACAGATCCAT"	""	"ERX6700410"	"ERP132577"	"testis"	"Other_somatic"	NA	NA	NA	"CL:0002371"	"somatic cell"	"perfect match"	"SN115"	NA	2
"ACCTTTACATTGAGCT"	""	"ERX6700410"	"ERP132577"	"testis"	"Round_spermatids"	NA	NA	NA	"CL:4030036"	"early spermatid"	"perfect match"	"SN115"	NA	1
"ACCTTTAGTGTCTGAT"	""	"ERX6700410"	"ERP132577"	"testis"	"Other_somatic"	NA	NA	NA	"CL:0002371"	"somatic cell"	"perfect match"	"SN115"	NA	2
"ACCTTTATCCAAGTAC"	""	"ERX6700410"	"ERP132577"	"testis"	"Other_somatic"	NA	NA	NA	"CL:0002371"	"somatic cell"	"perfect match"	"SN115"	NA	2
"ACCTTTATCCTTGGTC"	""	"ERX6700410"	"ERP132577"	"testis"	"Round_spermatids"	NA	NA	NA	"CL:4030036"	"early spermatid"	"perfect match"	"SN115"	NA	1
"ACCTTTATCGGAATCT"	""	"ERX6700410"	"ERP132577"	"testis"	"Other_somatic"	NA	NA	NA	"CL:0002371"	"somatic cell"	"perfect match"	"SN115"	NA	2
"ACGAGCCAGTCAATAG"	""	"ERX6700410"	"ERP132577"	"testis"	"Round_spermatids"	NA	NA	NA	"CL:4030036"	"early spermatid"	"perfect match"	"SN115"	NA	1
"ACGAGCCCAACTGGCC"	""	"ERX6700410"	"ERP132577"	"testis"	"Other_somatic"	NA	NA	NA	"CL:0002371"	"somatic cell"	"perfect match"	"SN115"	NA	2
"ACGAGCCCAATAGAGT"	""	"ERX6700410"	"ERP132577"	"testis"	"Round_spermatids"	NA	NA	NA	"CL:4030036"	"early spermatid"	"perfect match"	"SN115"	NA	1
"ACGAGCCCAGCGTAAG"	""	"ERX6700410"	"ERP132577"	"testis"	"Other_somatic"	NA	NA	NA	"CL:0002371"	"somatic cell"	"perfect match"	"SN115"	NA	2
"ACGAGCCCAGTTTACG"	""	"ERX6700410"	"ERP132577"	"testis"	"Elongated_spermatids"	NA	NA	NA	"CL:4030037"	"late spermatid"	"perfect match"	"SN115"	NA	4
"ACGAGCCCATCGGTTA"	""	"ERX6700410"	"ERP132577"	"testis"	"Other_somatic"	NA	NA	NA	"CL:0002371"	"somatic cell"	"perfect match"	"SN115"	NA	2
"ACGAGCCGTAAGAGAG"	""	"ERX6700410"	"ERP132577"	"testis"	"Sertoli"	NA	NA	NA	"CL:0000216"	"Sertoli cell"	"perfect match"	"SN115"	NA	3
"ACGAGCCGTAAGTAGT"	""	"ERX6700410"	"ERP132577"	"testis"	"Elongated_spermatids"	NA	NA	NA	"CL:4030037"	"late spermatid"	"perfect match"	"SN115"	NA	4
"ACGAGCCGTAGCTCCG"	""	"ERX6700410"	"ERP132577"	"testis"	"Other_somatic"	NA	NA	NA	"CL:0002371"	"somatic cell"	"perfect match"	"SN115"	NA	2
"ACGAGCCGTTGTACAC"	""	"ERX6700410"	"ERP132577"	"testis"	"Other_somatic"	NA	NA	NA	"CL:0002371"	"somatic cell"	"perfect match"	"SN115"	NA	2
"ACGAGCCTCGCGGATC"	""	"ERX6700410"	"ERP132577"	"testis"	"Other_somatic"	NA	NA	NA	"CL:0002371"	"somatic cell"	"perfect match"	"SN115"	NA	2
"ACGAGGACAGCCACCA"	""	"ERX6700410"	"ERP132577"	"testis"	"Round_spermatids"	NA	NA	NA	"CL:4030036"	"early spermatid"	"perfect match"	"SN115"	NA	1
"ACGATACAGACTTGAA"	""	"ERX6700410"	"ERP132577"	"testis"	"Round_spermatids"	NA	NA	NA	"CL:4030036"	"early spermatid"	"perfect match"	"SN115"	NA	1
"ACGATACAGCTAGCCC"	""	"ERX6700410"	"ERP132577"	"testis"	"Other_somatic"	NA	NA	NA	"CL:0002371"	"somatic cell"	"perfect match"	"SN115"	NA	2
"ACGATACAGTAACCCT"	""	"ERX6700410"	"ERP132577"	"testis"	"Elongated_spermatids"	NA	NA	NA	"CL:4030037"	"late spermatid"	"perfect match"	"SN115"	NA	4
"ACGATACAGTGAACAT"	""	"ERX6700410"	"ERP132577"	"testis"	"Other_somatic"	NA	NA	NA	"CL:0002371"	"somatic cell"	"perfect match"	"SN115"	NA	2
"ACGATACCAGGGTATG"	""	"ERX6700410"	"ERP132577"	"testis"	"Other_somatic"	NA	NA	NA	"CL:0002371"	"somatic cell"	"perfect match"	"SN115"	NA	2
"ACGATACGTCTGCGGT"	""	"ERX6700410"	"ERP132577"	"testis"	"Elongated_spermatids"	NA	NA	NA	"CL:4030037"	"late spermatid"	"perfect match"	"SN115"	NA	4
"ACGATACTCAGCTCGG"	""	"ERX6700410"	"ERP132577"	"testis"	"Other_somatic"	NA	NA	NA	"CL:0002371"	"somatic cell"	"perfect match"	"SN115"	NA	2
"ACGATACTCCAAAGTC"	""	"ERX6700410"	"ERP132577"	"testis"	"Round_spermatids"	NA	NA	NA	"CL:4030036"	"early spermatid"	"perfect match"	"SN115"	NA	1
"ACGATACTCTCGCATC"	""	"ERX6700410"	"ERP132577"	"testis"	"Round_spermatids"	NA	NA	NA	"CL:4030036"	"early spermatid"	"perfect match"	"SN115"	NA	1
"ACGATACTCTGCCAGG"	""	"ERX6700410"	"ERP132577"	"testis"	"Other_somatic"	NA	NA	NA	"CL:0002371"	"somatic cell"	"perfect match"	"SN115"	NA	2
"ACGATGTCATACTACG"	""	"ERX6700410"	"ERP132577"	"testis"	"Other_somatic"	NA	NA	NA	"CL:0002371"	"somatic cell"	"perfect match"	"SN115"	NA	2
"ACGATGTGTTACAGAA"	""	"ERX6700410"	"ERP132577"	"testis"	"Round_spermatids"	NA	NA	NA	"CL:4030036"	"early spermatid"	"perfect match"	"SN115"	NA	1
"ACGATGTTCTCCAACC"	""	"ERX6700410"	"ERP132577"	"testis"	"Elongated_spermatids"	NA	NA	NA	"CL:4030037"	"late spermatid"	"perfect match"	"SN115"	NA	4
"ACGCAGCAGAATGTTG"	""	"ERX6700410"	"ERP132577"	"testis"	"Elongated_spermatids"	NA	NA	NA	"CL:4030037"	"late spermatid"	"perfect match"	"SN115"	NA	4
"ACGCAGCAGTCTCGGC"	""	"ERX6700410"	"ERP132577"	"testis"	"Sertoli"	NA	NA	NA	"CL:0000216"	"Sertoli cell"	"perfect match"	"SN115"	NA	3
"ACGCAGCAGTGTTTGC"	""	"ERX6700410"	"ERP132577"	"testis"	"Other_somatic"	NA	NA	NA	"CL:0002371"	"somatic cell"	"perfect match"	"SN115"	NA	2
"ACGCAGCCAATGAATG"	""	"ERX6700410"	"ERP132577"	"testis"	"Round_spermatids"	NA	NA	NA	"CL:4030036"	"early spermatid"	"perfect match"	"SN115"	NA	1
"ACGCAGCCATTAGCCA"	""	"ERX6700410"	"ERP132577"	"testis"	"Elongated_spermatids"	NA	NA	NA	"CL:4030037"	"late spermatid"	"perfect match"	"SN115"	NA	4
"ACGCAGCTCGCCTGTT"	""	"ERX6700410"	"ERP132577"	"testis"	"Sertoli"	NA	NA	NA	"CL:0000216"	"Sertoli cell"	"perfect match"	"SN115"	NA	3
"ACGCAGCTCGGTGTCG"	""	"ERX6700410"	"ERP132577"	"testis"	"Spermatogonia"	NA	NA	NA	"CL:0000020"	"spermatogonium"	"perfect match"	"SN115"	NA	6
"ACGCCAGAGAGCCTAG"	""	"ERX6700410"	"ERP132577"	"testis"	"Spermatocytes"	NA	NA	NA	"CL:0000017"	"spermatocyte"	"perfect match"	"SN115"	NA	5
"ACGCCAGAGGTGGGTT"	""	"ERX6700410"	"ERP132577"	"testis"	"Other_somatic"	NA	NA	NA	"CL:0002371"	"somatic cell"	"perfect match"	"SN115"	NA	2
"ACGCCAGCAGACGCTC"	""	"ERX6700410"	"ERP132577"	"testis"	"Elongated_spermatids"	NA	NA	NA	"CL:4030037"	"late spermatid"	"perfect match"	"SN115"	NA	4
"ACGCCAGCATGACATC"	""	"ERX6700410"	"ERP132577"	"testis"	"Elongated_spermatids"	NA	NA	NA	"CL:4030037"	"late spermatid"	"perfect match"	"SN115"	NA	4
"ACGCCAGTCGTCTGCT"	""	"ERX6700410"	"ERP132577"	"testis"	"Round_spermatids"	NA	NA	NA	"CL:4030036"	"early spermatid"	"perfect match"	"SN115"	NA	1
"ACGCCGAAGATGGCGT"	""	"ERX6700410"	"ERP132577"	"testis"	"Elongated_spermatids"	NA	NA	NA	"CL:4030037"	"late spermatid"	"perfect match"	"SN115"	NA	4
"ACGCCGAAGGAGCGAG"	""	"ERX6700410"	"ERP132577"	"testis"	"Elongated_spermatids"	NA	NA	NA	"CL:4030037"	"late spermatid"	"perfect match"	"SN115"	NA	4
"ACGCCGACAACACGCC"	""	"ERX6700410"	"ERP132577"	"testis"	"Sertoli"	NA	NA	NA	"CL:0000216"	"Sertoli cell"	"perfect match"	"SN115"	NA	3
"ACGCCGACACGTCAGC"	""	"ERX6700410"	"ERP132577"	"testis"	"Spermatogonia"	NA	NA	NA	"CL:0000020"	"spermatogonium"	"perfect match"	"SN115"	NA	6
"ACGCCGAGTCATGCCG"	""	"ERX6700410"	"ERP132577"	"testis"	"Round_spermatids"	NA	NA	NA	"CL:4030036"	"early spermatid"	"perfect match"	"SN115"	NA	1
"ACGCCGAGTGGTACAG"	""	"ERX6700410"	"ERP132577"	"testis"	"Other_somatic"	NA	NA	NA	"CL:0002371"	"somatic cell"	"perfect match"	"SN115"	NA	2
"ACGGAGAAGAAGGCCT"	""	"ERX6700410"	"ERP132577"	"testis"	"Sertoli"	NA	NA	NA	"CL:0000216"	"Sertoli cell"	"perfect match"	"SN115"	NA	3
"ACGGAGAAGAAGGGTA"	""	"ERX6700410"	"ERP132577"	"testis"	"Elongated_spermatids"	NA	NA	NA	"CL:4030037"	"late spermatid"	"perfect match"	"SN115"	NA	4
"ACGGAGAAGAGCTGGT"	""	"ERX6700410"	"ERP132577"	"testis"	"Elongated_spermatids"	NA	NA	NA	"CL:4030037"	"late spermatid"	"perfect match"	"SN115"	NA	4
"ACGGAGAAGCATGGCA"	""	"ERX6700410"	"ERP132577"	"testis"	"Elongated_spermatids"	NA	NA	NA	"CL:4030037"	"late spermatid"	"perfect match"	"SN115"	NA	4
"ACGGAGAAGGCTCATT"	""	"ERX6700410"	"ERP132577"	"testis"	"Elongated_spermatids"	NA	NA	NA	"CL:4030037"	"late spermatid"	"perfect match"	"SN115"	NA	4
"ACGGAGAAGTGGAGAA"	""	"ERX6700410"	"ERP132577"	"testis"	"Sertoli"	NA	NA	NA	"CL:0000216"	"Sertoli cell"	"perfect match"	"SN115"	NA	3
"ACGGAGACACTTCGAA"	""	"ERX6700410"	"ERP132577"	"testis"	"Other_somatic"	NA	NA	NA	"CL:0002371"	"somatic cell"	"perfect match"	"SN115"	NA	2
"ACGGAGACAGTGGGAT"	""	"ERX6700410"	"ERP132577"	"testis"	"Round_spermatids"	NA	NA	NA	"CL:4030036"	"early spermatid"	"perfect match"	"SN115"	NA	1
"ACGGAGAGTACTTGAC"	""	"ERX6700410"	"ERP132577"	"testis"	"Spermatocytes"	NA	NA	NA	"CL:0000017"	"spermatocyte"	"perfect match"	"SN115"	NA	5
"ACGGAGAGTGCTAGCC"	""	"ERX6700410"	"ERP132577"	"testis"	"Round_spermatids"	NA	NA	NA	"CL:4030036"	"early spermatid"	"perfect match"	"SN115"	NA	1
"ACGGAGATCATGCTCC"	""	"ERX6700410"	"ERP132577"	"testis"	"Other_somatic"	NA	NA	NA	"CL:0002371"	"somatic cell"	"perfect match"	"SN115"	NA	2
"ACGGCCAAGTTGTAGA"	""	"ERX6700410"	"ERP132577"	"testis"	"Spermatocytes"	NA	NA	NA	"CL:0000017"	"spermatocyte"	"perfect match"	"SN115"	NA	5
"ACGGCCACATATGAGA"	""	"ERX6700410"	"ERP132577"	"testis"	"Round_spermatids"	NA	NA	NA	"CL:4030036"	"early spermatid"	"perfect match"	"SN115"	NA	1
"ACGGCCAGTGCAGTAG"	""	"ERX6700410"	"ERP132577"	"testis"	"Other_somatic"	NA	NA	NA	"CL:0002371"	"somatic cell"	"perfect match"	"SN115"	NA	2
"ACGGCCATCATAGCAC"	""	"ERX6700410"	"ERP132577"	"testis"	"Elongated_spermatids"	NA	NA	NA	"CL:4030037"	"late spermatid"	"perfect match"	"SN115"	NA	4
"ACGGCCATCCGAACGC"	""	"ERX6700410"	"ERP132577"	"testis"	"Other_somatic"	NA	NA	NA	"CL:0002371"	"somatic cell"	"perfect match"	"SN115"	NA	2
"ACGGGCTAGACGCACA"	""	"ERX6700410"	"ERP132577"	"testis"	"Round_spermatids"	NA	NA	NA	"CL:4030036"	"early spermatid"	"perfect match"	"SN115"	NA	1
"ACGGGCTAGAGTACCG"	""	"ERX6700410"	"ERP132577"	"testis"	"Other_somatic"	NA	NA	NA	"CL:0002371"	"somatic cell"	"perfect match"	"SN115"	NA	2
"ACGGGCTAGATTACCC"	""	"ERX6700410"	"ERP132577"	"testis"	"Elongated_spermatids"	NA	NA	NA	"CL:4030037"	"late spermatid"	"perfect match"	"SN115"	NA	4
"ACGGGCTAGGCAATTA"	""	"ERX6700410"	"ERP132577"	"testis"	"Elongated_spermatids"	NA	NA	NA	"CL:4030037"	"late spermatid"	"perfect match"	"SN115"	NA	4
"ACGGGCTAGTACGCGA"	""	"ERX6700410"	"ERP132577"	"testis"	"Round_spermatids"	NA	NA	NA	"CL:4030036"	"early spermatid"	"perfect match"	"SN115"	NA	1
"ACGGGCTCATCCTTGC"	""	"ERX6700410"	"ERP132577"	"testis"	"Spermatocytes"	NA	NA	NA	"CL:0000017"	"spermatocyte"	"perfect match"	"SN115"	NA	5
"ACGGGCTGTACTTCTT"	""	"ERX6700410"	"ERP132577"	"testis"	"Elongated_spermatids"	NA	NA	NA	"CL:4030037"	"late spermatid"	"perfect match"	"SN115"	NA	4
"ACGGGCTGTCCAGTTA"	""	"ERX6700410"	"ERP132577"	"testis"	"Other_somatic"	NA	NA	NA	"CL:0002371"	"somatic cell"	"perfect match"	"SN115"	NA	2
"ACGGGTCAGTTGAGTA"	""	"ERX6700410"	"ERP132577"	"testis"	"Other_somatic"	NA	NA	NA	"CL:0002371"	"somatic cell"	"perfect match"	"SN115"	NA	2
"ACGGGTCCACACCGCA"	""	"ERX6700410"	"ERP132577"	"testis"	"Sertoli"	NA	NA	NA	"CL:0000216"	"Sertoli cell"	"perfect match"	"SN115"	NA	3
"ACGGGTCGTCACTGGC"	""	"ERX6700410"	"ERP132577"	"testis"	"Spermatogonia"	NA	NA	NA	"CL:0000020"	"spermatogonium"	"perfect match"	"SN115"	NA	6
"ACGGGTCGTCTAGCCG"	""	"ERX6700410"	"ERP132577"	"testis"	"Round_spermatids"	NA	NA	NA	"CL:4030036"	"early spermatid"	"perfect match"	"SN115"	NA	1
"ACGGGTCTCCAAACAC"	""	"ERX6700410"	"ERP132577"	"testis"	"Elongated_spermatids"	NA	NA	NA	"CL:4030037"	"late spermatid"	"perfect match"	"SN115"	NA	4
"ACGGGTCTCTGTCAAG"	""	"ERX6700410"	"ERP132577"	"testis"	"Round_spermatids"	NA	NA	NA	"CL:4030036"	"early spermatid"	"perfect match"	"SN115"	NA	1
"ACGTCAACACTGCCAG"	""	"ERX6700410"	"ERP132577"	"testis"	"Round_spermatids"	NA	NA	NA	"CL:4030036"	"early spermatid"	"perfect match"	"SN115"	NA	1
"ACGTCAACAGGATTGG"	""	"ERX6700410"	"ERP132577"	"testis"	"Other_somatic"	NA	NA	NA	"CL:0002371"	"somatic cell"	"perfect match"	"SN115"	NA	2
"ACGTCAACATCCGTGG"	""	"ERX6700410"	"ERP132577"	"testis"	"Elongated_spermatids"	NA	NA	NA	"CL:4030037"	"late spermatid"	"perfect match"	"SN115"	NA	4
"ACGTCAAGTAGCACGA"	""	"ERX6700410"	"ERP132577"	"testis"	"Round_spermatids"	NA	NA	NA	"CL:4030036"	"early spermatid"	"perfect match"	"SN115"	NA	1
"ACGTCAAGTATCGCAT"	""	"ERX6700410"	"ERP132577"	"testis"	"Other_somatic"	NA	NA	NA	"CL:0002371"	"somatic cell"	"perfect match"	"SN115"	NA	2
"ACGTCAATCATACGGT"	""	"ERX6700410"	"ERP132577"	"testis"	"Round_spermatids"	NA	NA	NA	"CL:4030036"	"early spermatid"	"perfect match"	"SN115"	NA	1
"ACGTCAATCTCCAGGG"	""	"ERX6700410"	"ERP132577"	"testis"	"Round_spermatids"	NA	NA	NA	"CL:4030036"	"early spermatid"	"perfect match"	"SN115"	NA	1
"ACGTCAATCTTCATGT"	""	"ERX6700410"	"ERP132577"	"testis"	"Elongated_spermatids"	NA	NA	NA	"CL:4030037"	"late spermatid"	"perfect match"	"SN115"	NA	4
"ACTATCTAGATCACGG"	""	"ERX6700410"	"ERP132577"	"testis"	"Sertoli"	NA	NA	NA	"CL:0000216"	"Sertoli cell"	"perfect match"	"SN115"	NA	3
"ACTATCTAGGGTATCG"	""	"ERX6700410"	"ERP132577"	"testis"	"Spermatocytes"	NA	NA	NA	"CL:0000017"	"spermatocyte"	"perfect match"	"SN115"	NA	5
"ACTATCTAGTCAAGCG"	""	"ERX6700410"	"ERP132577"	"testis"	"Other_somatic"	NA	NA	NA	"CL:0002371"	"somatic cell"	"perfect match"	"SN115"	NA	2
"ACTATCTAGTGGGATC"	""	"ERX6700410"	"ERP132577"	"testis"	"Other_somatic"	NA	NA	NA	"CL:0002371"	"somatic cell"	"perfect match"	"SN115"	NA	2
"ACTATCTTCCTAGGGC"	""	"ERX6700410"	"ERP132577"	"testis"	"Other_somatic"	NA	NA	NA	"CL:0002371"	"somatic cell"	"perfect match"	"SN115"	NA	2
"ACTATCTTCTCGCATC"	""	"ERX6700410"	"ERP132577"	"testis"	"Round_spermatids"	NA	NA	NA	"CL:4030036"	"early spermatid"	"perfect match"	"SN115"	NA	1
"ACTGAACAGGGCTCTC"	""	"ERX6700410"	"ERP132577"	"testis"	"Elongated_spermatids"	NA	NA	NA	"CL:4030037"	"late spermatid"	"perfect match"	"SN115"	NA	4
"ACTGAACCAGATGAGC"	""	"ERX6700410"	"ERP132577"	"testis"	"Other_somatic"	NA	NA	NA	"CL:0002371"	"somatic cell"	"perfect match"	"SN115"	NA	2
"ACTGAACCATTGGCGC"	""	"ERX6700410"	"ERP132577"	"testis"	"Other_somatic"	NA	NA	NA	"CL:0002371"	"somatic cell"	"perfect match"	"SN115"	NA	2
"ACTGAGTAGGAATCGC"	""	"ERX6700410"	"ERP132577"	"testis"	"Other_somatic"	NA	NA	NA	"CL:0002371"	"somatic cell"	"perfect match"	"SN115"	NA	2
"ACTGAGTAGGTACTCT"	""	"ERX6700410"	"ERP132577"	"testis"	"Spermatogonia"	NA	NA	NA	"CL:0000020"	"spermatogonium"	"perfect match"	"SN115"	NA	6
"ACTGAGTCACATAACC"	""	"ERX6700410"	"ERP132577"	"testis"	"Other_somatic"	NA	NA	NA	"CL:0002371"	"somatic cell"	"perfect match"	"SN115"	NA	2
"ACTGAGTCACCAGGCT"	""	"ERX6700410"	"ERP132577"	"testis"	"Other_somatic"	NA	NA	NA	"CL:0002371"	"somatic cell"	"perfect match"	"SN115"	NA	2
"ACTGAGTCATATGCTG"	""	"ERX6700410"	"ERP132577"	"testis"	"Elongated_spermatids"	NA	NA	NA	"CL:4030037"	"late spermatid"	"perfect match"	"SN115"	NA	4
"ACTGAGTGTAGGGTAC"	""	"ERX6700410"	"ERP132577"	"testis"	"Sertoli"	NA	NA	NA	"CL:0000216"	"Sertoli cell"	"perfect match"	"SN115"	NA	3
"ACTGAGTTCGCGATCG"	""	"ERX6700410"	"ERP132577"	"testis"	"Other_somatic"	NA	NA	NA	"CL:0002371"	"somatic cell"	"perfect match"	"SN115"	NA	2
"ACTGATGTCGGCGCAT"	""	"ERX6700410"	"ERP132577"	"testis"	"Spermatogonia"	NA	NA	NA	"CL:0000020"	"spermatogonium"	"perfect match"	"SN115"	NA	6
"ACTGATGTCGGTGTTA"	""	"ERX6700410"	"ERP132577"	"testis"	"Round_spermatids"	NA	NA	NA	"CL:4030036"	"early spermatid"	"perfect match"	"SN115"	NA	1
"ACTGCTCAGGCACATG"	""	"ERX6700410"	"ERP132577"	"testis"	"Elongated_spermatids"	NA	NA	NA	"CL:4030037"	"late spermatid"	"perfect match"	"SN115"	NA	4
"ACTGCTCCAAACTGTC"	""	"ERX6700410"	"ERP132577"	"testis"	"Spermatocytes"	NA	NA	NA	"CL:0000017"	"spermatocyte"	"perfect match"	"SN115"	NA	5
"ACTGCTCGTAAGAGGA"	""	"ERX6700410"	"ERP132577"	"testis"	"Round_spermatids"	NA	NA	NA	"CL:4030036"	"early spermatid"	"perfect match"	"SN115"	NA	1
"ACTGCTCGTAGTGAAT"	""	"ERX6700410"	"ERP132577"	"testis"	"Elongated_spermatids"	NA	NA	NA	"CL:4030037"	"late spermatid"	"perfect match"	"SN115"	NA	4
"ACTGCTCGTTCGCGAC"	""	"ERX6700410"	"ERP132577"	"testis"	"Other_somatic"	NA	NA	NA	"CL:0002371"	"somatic cell"	"perfect match"	"SN115"	NA	2
"ACTGCTCTCGCATGAT"	""	"ERX6700410"	"ERP132577"	"testis"	"Round_spermatids"	NA	NA	NA	"CL:4030036"	"early spermatid"	"perfect match"	"SN115"	NA	1
"ACTGCTCTCTGGCGAC"	""	"ERX6700410"	"ERP132577"	"testis"	"Other_somatic"	NA	NA	NA	"CL:0002371"	"somatic cell"	"perfect match"	"SN115"	NA	2
"ACTGTCCAGTCCCACG"	""	"ERX6700410"	"ERP132577"	"testis"	"Elongated_spermatids"	NA	NA	NA	"CL:4030037"	"late spermatid"	"perfect match"	"SN115"	NA	4
"ACTGTCCGTGAGGGAG"	""	"ERX6700410"	"ERP132577"	"testis"	"Elongated_spermatids"	NA	NA	NA	"CL:4030037"	"late spermatid"	"perfect match"	"SN115"	NA	4
"ACTGTCCGTGGGTCAA"	""	"ERX6700410"	"ERP132577"	"testis"	"Elongated_spermatids"	NA	NA	NA	"CL:4030037"	"late spermatid"	"perfect match"	"SN115"	NA	4
"ACTGTCCTCAAAGACA"	""	"ERX6700410"	"ERP132577"	"testis"	"Sertoli"	NA	NA	NA	"CL:0000216"	"Sertoli cell"	"perfect match"	"SN115"	NA	3
"ACTGTCCTCACATGCA"	""	"ERX6700410"	"ERP132577"	"testis"	"Spermatocytes"	NA	NA	NA	"CL:0000017"	"spermatocyte"	"perfect match"	"SN115"	NA	5
"ACTGTCCTCCTCAATT"	""	"ERX6700410"	"ERP132577"	"testis"	"Round_spermatids"	NA	NA	NA	"CL:4030036"	"early spermatid"	"perfect match"	"SN115"	NA	1
"ACTGTCCTCGTAGGAG"	""	"ERX6700410"	"ERP132577"	"testis"	"Elongated_spermatids"	NA	NA	NA	"CL:4030037"	"late spermatid"	"perfect match"	"SN115"	NA	4
"ACTTACTAGGAATGGA"	""	"ERX6700410"	"ERP132577"	"testis"	"Elongated_spermatids"	NA	NA	NA	"CL:4030037"	"late spermatid"	"perfect match"	"SN115"	NA	4
"ACTTACTCAAGCCGCT"	""	"ERX6700410"	"ERP132577"	"testis"	"Round_spermatids"	NA	NA	NA	"CL:4030036"	"early spermatid"	"perfect match"	"SN115"	NA	1
"ACTTACTCACATAACC"	""	"ERX6700410"	"ERP132577"	"testis"	"Round_spermatids"	NA	NA	NA	"CL:4030036"	"early spermatid"	"perfect match"	"SN115"	NA	1
"ACTTACTCACGTGAGA"	""	"ERX6700410"	"ERP132577"	"testis"	"Round_spermatids"	NA	NA	NA	"CL:4030036"	"early spermatid"	"perfect match"	"SN115"	NA	1
"ACTTACTGTCGCGAAA"	""	"ERX6700410"	"ERP132577"	"testis"	"Elongated_spermatids"	NA	NA	NA	"CL:4030037"	"late spermatid"	"perfect match"	"SN115"	NA	4
"ACTTACTGTTGGAGGT"	""	"ERX6700410"	"ERP132577"	"testis"	"Elongated_spermatids"	NA	NA	NA	"CL:4030037"	"late spermatid"	"perfect match"	"SN115"	NA	4
"ACTTGTTAGAGTCGGT"	""	"ERX6700410"	"ERP132577"	"testis"	"Round_spermatids"	NA	NA	NA	"CL:4030036"	"early spermatid"	"perfect match"	"SN115"	NA	1
"ACTTGTTAGATCCGAG"	""	"ERX6700410"	"ERP132577"	"testis"	"Sertoli"	NA	NA	NA	"CL:0000216"	"Sertoli cell"	"perfect match"	"SN115"	NA	3
"ACTTGTTAGTGGAGTC"	""	"ERX6700410"	"ERP132577"	"testis"	"Spermatocytes"	NA	NA	NA	"CL:0000017"	"spermatocyte"	"perfect match"	"SN115"	NA	5
"ACTTGTTGTCCTCTTG"	""	"ERX6700410"	"ERP132577"	"testis"	"Sertoli"	NA	NA	NA	"CL:0000216"	"Sertoli cell"	"perfect match"	"SN115"	NA	3
"ACTTGTTTCTTGTTTG"	""	"ERX6700410"	"ERP132577"	"testis"	"Other_somatic"	NA	NA	NA	"CL:0002371"	"somatic cell"	"perfect match"	"SN115"	NA	2
"ACTTTCAAGCATCATC"	""	"ERX6700410"	"ERP132577"	"testis"	"Elongated_spermatids"	NA	NA	NA	"CL:4030037"	"late spermatid"	"perfect match"	"SN115"	NA	4
"ACTTTCAAGCCTCGTG"	""	"ERX6700410"	"ERP132577"	"testis"	"Round_spermatids"	NA	NA	NA	"CL:4030036"	"early spermatid"	"perfect match"	"SN115"	NA	1
"ACTTTCACACTCTGTC"	""	"ERX6700410"	"ERP132577"	"testis"	"Round_spermatids"	NA	NA	NA	"CL:4030036"	"early spermatid"	"perfect match"	"SN115"	NA	1
"ACTTTCACAGATCGGA"	""	"ERX6700410"	"ERP132577"	"testis"	"Other_somatic"	NA	NA	NA	"CL:0002371"	"somatic cell"	"perfect match"	"SN115"	NA	2
"ACTTTCACATTTGCCC"	""	"ERX6700410"	"ERP132577"	"testis"	"Sertoli"	NA	NA	NA	"CL:0000216"	"Sertoli cell"	"perfect match"	"SN115"	NA	3
"ACTTTCAGTAAGGGCT"	""	"ERX6700410"	"ERP132577"	"testis"	"Spermatocytes"	NA	NA	NA	"CL:0000017"	"spermatocyte"	"perfect match"	"SN115"	NA	5
"ACTTTCAGTTAAGTAG"	""	"ERX6700410"	"ERP132577"	"testis"	"Other_somatic"	NA	NA	NA	"CL:0002371"	"somatic cell"	"perfect match"	"SN115"	NA	2
"AGAATAGAGCAATCTC"	""	"ERX6700410"	"ERP132577"	"testis"	"Spermatocytes"	NA	NA	NA	"CL:0000017"	"spermatocyte"	"perfect match"	"SN115"	NA	5
"AGAATAGAGCGCTCCA"	""	"ERX6700410"	"ERP132577"	"testis"	"Other_somatic"	NA	NA	NA	"CL:0002371"	"somatic cell"	"perfect match"	"SN115"	NA	2
"AGAATAGAGGCTCATT"	""	"ERX6700410"	"ERP132577"	"testis"	"Other_somatic"	NA	NA	NA	"CL:0002371"	"somatic cell"	"perfect match"	"SN115"	NA	2
"AGAATAGCAATGGACG"	""	"ERX6700410"	"ERP132577"	"testis"	"Elongated_spermatids"	NA	NA	NA	"CL:4030037"	"late spermatid"	"perfect match"	"SN115"	NA	4
"AGAATAGCACCAGGCT"	""	"ERX6700410"	"ERP132577"	"testis"	"Other_somatic"	NA	NA	NA	"CL:0002371"	"somatic cell"	"perfect match"	"SN115"	NA	2
"AGAATAGTCCTATGTT"	""	"ERX6700410"	"ERP132577"	"testis"	"Other_somatic"	NA	NA	NA	"CL:0002371"	"somatic cell"	"perfect match"	"SN115"	NA	2
"AGAATAGTCGTTACGA"	""	"ERX6700410"	"ERP132577"	"testis"	"Round_spermatids"	NA	NA	NA	"CL:4030036"	"early spermatid"	"perfect match"	"SN115"	NA	1
"AGAATAGTCTGAGGGA"	""	"ERX6700410"	"ERP132577"	"testis"	"Other_somatic"	NA	NA	NA	"CL:0002371"	"somatic cell"	"perfect match"	"SN115"	NA	2
"AGACGTTCATATGAGA"	""	"ERX6700410"	"ERP132577"	"testis"	"Elongated_spermatids"	NA	NA	NA	"CL:4030037"	"late spermatid"	"perfect match"	"SN115"	NA	4
"AGACGTTGTAGCGATG"	""	"ERX6700410"	"ERP132577"	"testis"	"Spermatogonia"	NA	NA	NA	"CL:0000020"	"spermatogonium"	"perfect match"	"SN115"	NA	6
"AGACGTTTCAAGGTAA"	""	"ERX6700410"	"ERP132577"	"testis"	"Sertoli"	NA	NA	NA	"CL:0000216"	"Sertoli cell"	"perfect match"	"SN115"	NA	3
"AGACGTTTCGCTGATA"	""	"ERX6700410"	"ERP132577"	"testis"	"Other_somatic"	NA	NA	NA	"CL:0002371"	"somatic cell"	"perfect match"	"SN115"	NA	2
"AGACGTTTCTGCGGCA"	""	"ERX6700410"	"ERP132577"	"testis"	"Other_somatic"	NA	NA	NA	"CL:0002371"	"somatic cell"	"perfect match"	"SN115"	NA	2
"AGAGCGAAGGCTACGA"	""	"ERX6700410"	"ERP132577"	"testis"	"Round_spermatids"	NA	NA	NA	"CL:4030036"	"early spermatid"	"perfect match"	"SN115"	NA	1
"AGAGCGAAGTGCAAGC"	""	"ERX6700410"	"ERP132577"	"testis"	"Round_spermatids"	NA	NA	NA	"CL:4030036"	"early spermatid"	"perfect match"	"SN115"	NA	1
"AGAGCGAGTGCAACTT"	""	"ERX6700410"	"ERP132577"	"testis"	"Other_somatic"	NA	NA	NA	"CL:0002371"	"somatic cell"	"perfect match"	"SN115"	NA	2
"AGAGCGATCGGTGTCG"	""	"ERX6700410"	"ERP132577"	"testis"	"Round_spermatids"	NA	NA	NA	"CL:4030036"	"early spermatid"	"perfect match"	"SN115"	NA	1
"AGAGCTTAGATCGGGT"	""	"ERX6700410"	"ERP132577"	"testis"	"Spermatogonia"	NA	NA	NA	"CL:0000020"	"spermatogonium"	"perfect match"	"SN115"	NA	6
"AGAGCTTAGCCAGTTT"	""	"ERX6700410"	"ERP132577"	"testis"	"Elongated_spermatids"	NA	NA	NA	"CL:4030037"	"late spermatid"	"perfect match"	"SN115"	NA	4
"AGAGCTTAGGCAAAGA"	""	"ERX6700410"	"ERP132577"	"testis"	"Other_somatic"	NA	NA	NA	"CL:0002371"	"somatic cell"	"perfect match"	"SN115"	NA	2
"AGAGCTTAGTAGATGT"	""	"ERX6700410"	"ERP132577"	"testis"	"Round_spermatids"	NA	NA	NA	"CL:4030036"	"early spermatid"	"perfect match"	"SN115"	NA	1
"AGAGCTTCATCCTTGC"	""	"ERX6700410"	"ERP132577"	"testis"	"Other_somatic"	NA	NA	NA	"CL:0002371"	"somatic cell"	"perfect match"	"SN115"	NA	2
"AGAGCTTGTCCGAAGA"	""	"ERX6700410"	"ERP132577"	"testis"	"Other_somatic"	NA	NA	NA	"CL:0002371"	"somatic cell"	"perfect match"	"SN115"	NA	2
"AGAGCTTGTCGCGGTT"	""	"ERX6700410"	"ERP132577"	"testis"	"Other_somatic"	NA	NA	NA	"CL:0002371"	"somatic cell"	"perfect match"	"SN115"	NA	2
"AGAGCTTGTGCGCTTG"	""	"ERX6700410"	"ERP132577"	"testis"	"Round_spermatids"	NA	NA	NA	"CL:4030036"	"early spermatid"	"perfect match"	"SN115"	NA	1
"AGAGCTTTCAGGCCCA"	""	"ERX6700410"	"ERP132577"	"testis"	"Sertoli"	NA	NA	NA	"CL:0000216"	"Sertoli cell"	"perfect match"	"SN115"	NA	3
"AGAGTGGAGGCATGTG"	""	"ERX6700410"	"ERP132577"	"testis"	"Other_somatic"	NA	NA	NA	"CL:0002371"	"somatic cell"	"perfect match"	"SN115"	NA	2
"AGAGTGGCAACGCACC"	""	"ERX6700410"	"ERP132577"	"testis"	"Round_spermatids"	NA	NA	NA	"CL:4030036"	"early spermatid"	"perfect match"	"SN115"	NA	1
"AGAGTGGCAAGCCCAC"	""	"ERX6700410"	"ERP132577"	"testis"	"Spermatocytes"	NA	NA	NA	"CL:0000017"	"spermatocyte"	"perfect match"	"SN115"	NA	5
"AGAGTGGCAATTCCTT"	""	"ERX6700410"	"ERP132577"	"testis"	"Other_somatic"	NA	NA	NA	"CL:0002371"	"somatic cell"	"perfect match"	"SN115"	NA	2
"AGAGTGGCAGCCAGAA"	""	"ERX6700410"	"ERP132577"	"testis"	"Other_somatic"	NA	NA	NA	"CL:0002371"	"somatic cell"	"perfect match"	"SN115"	NA	2
"AGAGTGGCATCAGTAC"	""	"ERX6700410"	"ERP132577"	"testis"	"Other_somatic"	NA	NA	NA	"CL:0002371"	"somatic cell"	"perfect match"	"SN115"	NA	2
"AGAGTGGGTCAGAAGC"	""	"ERX6700410"	"ERP132577"	"testis"	"Elongated_spermatids"	NA	NA	NA	"CL:4030037"	"late spermatid"	"perfect match"	"SN115"	NA	4
"AGAGTGGTCGGCTACG"	""	"ERX6700410"	"ERP132577"	"testis"	"Elongated_spermatids"	NA	NA	NA	"CL:4030037"	"late spermatid"	"perfect match"	"SN115"	NA	4
"AGATCTGAGCTAGCCC"	""	"ERX6700410"	"ERP132577"	"testis"	"Other_somatic"	NA	NA	NA	"CL:0002371"	"somatic cell"	"perfect match"	"SN115"	NA	2
"AGATCTGAGTGGAGAA"	""	"ERX6700410"	"ERP132577"	"testis"	"Other_somatic"	NA	NA	NA	"CL:0002371"	"somatic cell"	"perfect match"	"SN115"	NA	2
"AGATCTGGTAAGTGTA"	""	"ERX6700410"	"ERP132577"	"testis"	"Round_spermatids"	NA	NA	NA	"CL:4030036"	"early spermatid"	"perfect match"	"SN115"	NA	1
"AGATCTGTCCACTCCA"	""	"ERX6700410"	"ERP132577"	"testis"	"Round_spermatids"	NA	NA	NA	"CL:4030036"	"early spermatid"	"perfect match"	"SN115"	NA	1
"AGATCTGTCTGGTATG"	""	"ERX6700410"	"ERP132577"	"testis"	"Other_somatic"	NA	NA	NA	"CL:0002371"	"somatic cell"	"perfect match"	"SN115"	NA	2
"AGATTGCAGTGGGATC"	""	"ERX6700410"	"ERP132577"	"testis"	"Elongated_spermatids"	NA	NA	NA	"CL:4030037"	"late spermatid"	"perfect match"	"SN115"	NA	4
"AGATTGCCAAGCGTAG"	""	"ERX6700410"	"ERP132577"	"testis"	"Spermatocytes"	NA	NA	NA	"CL:0000017"	"spermatocyte"	"perfect match"	"SN115"	NA	5
"AGATTGCCAGGATTGG"	""	"ERX6700410"	"ERP132577"	"testis"	"Round_spermatids"	NA	NA	NA	"CL:4030036"	"early spermatid"	"perfect match"	"SN115"	NA	1
"AGATTGCCATCACGTA"	""	"ERX6700410"	"ERP132577"	"testis"	"Other_somatic"	NA	NA	NA	"CL:0002371"	"somatic cell"	"perfect match"	"SN115"	NA	2
"AGATTGCCATTACCTT"	""	"ERX6700410"	"ERP132577"	"testis"	"Other_somatic"	NA	NA	NA	"CL:0002371"	"somatic cell"	"perfect match"	"SN115"	NA	2
"AGATTGCCATTGGTAC"	""	"ERX6700410"	"ERP132577"	"testis"	"Elongated_spermatids"	NA	NA	NA	"CL:4030037"	"late spermatid"	"perfect match"	"SN115"	NA	4
"AGATTGCGTTGTCTTT"	""	"ERX6700410"	"ERP132577"	"testis"	"Sertoli"	NA	NA	NA	"CL:0000216"	"Sertoli cell"	"perfect match"	"SN115"	NA	3
"AGATTGCTCACAATGC"	""	"ERX6700410"	"ERP132577"	"testis"	"Spermatogonia"	NA	NA	NA	"CL:0000020"	"spermatogonium"	"perfect match"	"SN115"	NA	6
"AGATTGCTCCCTAACC"	""	"ERX6700410"	"ERP132577"	"testis"	"Elongated_spermatids"	NA	NA	NA	"CL:4030037"	"late spermatid"	"perfect match"	"SN115"	NA	4
"AGATTGCTCGAGAGCA"	""	"ERX6700410"	"ERP132577"	"testis"	"Elongated_spermatids"	NA	NA	NA	"CL:4030037"	"late spermatid"	"perfect match"	"SN115"	NA	4
"AGCAGCCAGTCTCCTC"	""	"ERX6700410"	"ERP132577"	"testis"	"Elongated_spermatids"	NA	NA	NA	"CL:4030037"	"late spermatid"	"perfect match"	"SN115"	NA	4
"AGCAGCCGTTACTGAC"	""	"ERX6700410"	"ERP132577"	"testis"	"Round_spermatids"	NA	NA	NA	"CL:4030036"	"early spermatid"	"perfect match"	"SN115"	NA	1
"AGCAGCCGTTCGGCAC"	""	"ERX6700410"	"ERP132577"	"testis"	"Other_somatic"	NA	NA	NA	"CL:0002371"	"somatic cell"	"perfect match"	"SN115"	NA	2
"AGCAGCCTCGTCGTTC"	""	"ERX6700410"	"ERP132577"	"testis"	"Other_somatic"	NA	NA	NA	"CL:0002371"	"somatic cell"	"perfect match"	"SN115"	NA	2
"AGCAGCCTCTGCTGTC"	""	"ERX6700410"	"ERP132577"	"testis"	"Elongated_spermatids"	NA	NA	NA	"CL:4030037"	"late spermatid"	"perfect match"	"SN115"	NA	4
"AGCATACAGATAGTCA"	""	"ERX6700410"	"ERP132577"	"testis"	"Round_spermatids"	NA	NA	NA	"CL:4030036"	"early spermatid"	"perfect match"	"SN115"	NA	1
"AGCATACAGGTGACCA"	""	"ERX6700410"	"ERP132577"	"testis"	"Spermatocytes"	NA	NA	NA	"CL:0000017"	"spermatocyte"	"perfect match"	"SN115"	NA	5
"AGCATACCAATAGCAA"	""	"ERX6700410"	"ERP132577"	"testis"	"Round_spermatids"	NA	NA	NA	"CL:4030036"	"early spermatid"	"perfect match"	"SN115"	NA	1
"AGCATACGTAGGGACT"	""	"ERX6700410"	"ERP132577"	"testis"	"Round_spermatids"	NA	NA	NA	"CL:4030036"	"early spermatid"	"perfect match"	"SN115"	NA	1
"AGCATACTCACAACGT"	""	"ERX6700410"	"ERP132577"	"testis"	"Other_somatic"	NA	NA	NA	"CL:0002371"	"somatic cell"	"perfect match"	"SN115"	NA	2
"AGCATACTCAGAGGTG"	""	"ERX6700410"	"ERP132577"	"testis"	"Other_somatic"	NA	NA	NA	"CL:0002371"	"somatic cell"	"perfect match"	"SN115"	NA	2
"AGCCTAAAGCCAACAG"	""	"ERX6700410"	"ERP132577"	"testis"	"Round_spermatids"	NA	NA	NA	"CL:4030036"	"early spermatid"	"perfect match"	"SN115"	NA	1
"AGCCTAACAAGTAGTA"	""	"ERX6700410"	"ERP132577"	"testis"	"Round_spermatids"	NA	NA	NA	"CL:4030036"	"early spermatid"	"perfect match"	"SN115"	NA	1
"AGCCTAACAGCATGAG"	""	"ERX6700410"	"ERP132577"	"testis"	"Elongated_spermatids"	NA	NA	NA	"CL:4030037"	"late spermatid"	"perfect match"	"SN115"	NA	4
"AGCCTAATCTACCAGA"	""	"ERX6700410"	"ERP132577"	"testis"	"Round_spermatids"	NA	NA	NA	"CL:4030036"	"early spermatid"	"perfect match"	"SN115"	NA	1
"AGCGGTCAGATAGGAG"	""	"ERX6700410"	"ERP132577"	"testis"	"Spermatocytes"	NA	NA	NA	"CL:0000017"	"spermatocyte"	"perfect match"	"SN115"	NA	5
"AGCGGTCCAAACGCGA"	""	"ERX6700410"	"ERP132577"	"testis"	"Sertoli"	NA	NA	NA	"CL:0000216"	"Sertoli cell"	"perfect match"	"SN115"	NA	3
"AGCGGTCGTAGCGTCC"	""	"ERX6700410"	"ERP132577"	"testis"	"Other_somatic"	NA	NA	NA	"CL:0002371"	"somatic cell"	"perfect match"	"SN115"	NA	2
"AGCGGTCGTCTTCAAG"	""	"ERX6700410"	"ERP132577"	"testis"	"Round_spermatids"	NA	NA	NA	"CL:4030036"	"early spermatid"	"perfect match"	"SN115"	NA	1
"AGCGGTCTCAAGGCTT"	""	"ERX6700410"	"ERP132577"	"testis"	"Other_somatic"	NA	NA	NA	"CL:0002371"	"somatic cell"	"perfect match"	"SN115"	NA	2
"AGCGGTCTCGAACGGA"	""	"ERX6700410"	"ERP132577"	"testis"	"Elongated_spermatids"	NA	NA	NA	"CL:4030037"	"late spermatid"	"perfect match"	"SN115"	NA	4
"AGCGTATAGTGCGATG"	""	"ERX6700410"	"ERP132577"	"testis"	"Round_spermatids"	NA	NA	NA	"CL:4030036"	"early spermatid"	"perfect match"	"SN115"	NA	1
"AGCGTATCACATAACC"	""	"ERX6700410"	"ERP132577"	"testis"	"Round_spermatids"	NA	NA	NA	"CL:4030036"	"early spermatid"	"perfect match"	"SN115"	NA	1
"AGCGTATCAGATCGGA"	""	"ERX6700410"	"ERP132577"	"testis"	"Round_spermatids"	NA	NA	NA	"CL:4030036"	"early spermatid"	"perfect match"	"SN115"	NA	1
"AGCGTATTCCAATGGT"	""	"ERX6700410"	"ERP132577"	"testis"	"Elongated_spermatids"	NA	NA	NA	"CL:4030037"	"late spermatid"	"perfect match"	"SN115"	NA	4
"AGCGTATTCTGTCCGT"	""	"ERX6700410"	"ERP132577"	"testis"	"Elongated_spermatids"	NA	NA	NA	"CL:4030037"	"late spermatid"	"perfect match"	"SN115"	NA	4
"AGCGTCGAGGACTGGT"	""	"ERX6700410"	"ERP132577"	"testis"	"Other_somatic"	NA	NA	NA	"CL:0002371"	"somatic cell"	"perfect match"	"SN115"	NA	2
"AGCGTCGCACTCTGTC"	""	"ERX6700410"	"ERP132577"	"testis"	"Elongated_spermatids"	NA	NA	NA	"CL:4030037"	"late spermatid"	"perfect match"	"SN115"	NA	4
"AGCGTCGGTATATGAG"	""	"ERX6700410"	"ERP132577"	"testis"	"Elongated_spermatids"	NA	NA	NA	"CL:4030037"	"late spermatid"	"perfect match"	"SN115"	NA	4
"AGCGTCGGTGGTGTAG"	""	"ERX6700410"	"ERP132577"	"testis"	"Spermatogonia"	NA	NA	NA	"CL:0000020"	"spermatogonium"	"perfect match"	"SN115"	NA	6
"AGCTCCTAGAGTTGGC"	""	"ERX6700410"	"ERP132577"	"testis"	"Elongated_spermatids"	NA	NA	NA	"CL:4030037"	"late spermatid"	"perfect match"	"SN115"	NA	4
"AGCTCCTAGATGTTAG"	""	"ERX6700410"	"ERP132577"	"testis"	"Other_somatic"	NA	NA	NA	"CL:0002371"	"somatic cell"	"perfect match"	"SN115"	NA	2
"AGCTCCTCAATAGCGG"	""	"ERX6700410"	"ERP132577"	"testis"	"Round_spermatids"	NA	NA	NA	"CL:4030036"	"early spermatid"	"perfect match"	"SN115"	NA	1
"AGCTCCTCAATCGAAA"	""	"ERX6700410"	"ERP132577"	"testis"	"Elongated_spermatids"	NA	NA	NA	"CL:4030037"	"late spermatid"	"perfect match"	"SN115"	NA	4
"AGCTCCTCACCGTTGG"	""	"ERX6700410"	"ERP132577"	"testis"	"Spermatocytes"	NA	NA	NA	"CL:0000017"	"spermatocyte"	"perfect match"	"SN115"	NA	5
"AGCTCCTCACTCTGTC"	""	"ERX6700410"	"ERP132577"	"testis"	"Other_somatic"	NA	NA	NA	"CL:0002371"	"somatic cell"	"perfect match"	"SN115"	NA	2
"AGCTCCTCAGCGTCCA"	""	"ERX6700410"	"ERP132577"	"testis"	"Other_somatic"	NA	NA	NA	"CL:0002371"	"somatic cell"	"perfect match"	"SN115"	NA	2
"AGCTCCTGTAGCCTCG"	""	"ERX6700410"	"ERP132577"	"testis"	"Elongated_spermatids"	NA	NA	NA	"CL:4030037"	"late spermatid"	"perfect match"	"SN115"	NA	4
"AGCTCTCAGACTACAA"	""	"ERX6700410"	"ERP132577"	"testis"	"Other_somatic"	NA	NA	NA	"CL:0002371"	"somatic cell"	"perfect match"	"SN115"	NA	2
"AGCTCTCAGCCACGTC"	""	"ERX6700410"	"ERP132577"	"testis"	"Round_spermatids"	NA	NA	NA	"CL:4030036"	"early spermatid"	"perfect match"	"SN115"	NA	1
"AGCTCTCCACGGCTAC"	""	"ERX6700410"	"ERP132577"	"testis"	"Round_spermatids"	NA	NA	NA	"CL:4030036"	"early spermatid"	"perfect match"	"SN115"	NA	1
"AGCTCTCCACTGTCGG"	""	"ERX6700410"	"ERP132577"	"testis"	"Sertoli"	NA	NA	NA	"CL:0000216"	"Sertoli cell"	"perfect match"	"SN115"	NA	3
"AGCTCTCTCAGAGGTG"	""	"ERX6700410"	"ERP132577"	"testis"	"Spermatocytes"	NA	NA	NA	"CL:0000017"	"spermatocyte"	"perfect match"	"SN115"	NA	5
"AGCTTGAAGGCGACAT"	""	"ERX6700410"	"ERP132577"	"testis"	"Round_spermatids"	NA	NA	NA	"CL:4030036"	"early spermatid"	"perfect match"	"SN115"	NA	1
"AGCTTGAAGTCCAGGA"	""	"ERX6700410"	"ERP132577"	"testis"	"Sertoli"	NA	NA	NA	"CL:0000216"	"Sertoli cell"	"perfect match"	"SN115"	NA	3
"AGCTTGACACCCAGTG"	""	"ERX6700410"	"ERP132577"	"testis"	"Other_somatic"	NA	NA	NA	"CL:0002371"	"somatic cell"	"perfect match"	"SN115"	NA	2
"AGCTTGACACGACTCG"	""	"ERX6700410"	"ERP132577"	"testis"	"Elongated_spermatids"	NA	NA	NA	"CL:4030037"	"late spermatid"	"perfect match"	"SN115"	NA	4
"AGCTTGACATCCCATC"	""	"ERX6700410"	"ERP132577"	"testis"	"Round_spermatids"	NA	NA	NA	"CL:4030036"	"early spermatid"	"perfect match"	"SN115"	NA	1
"AGCTTGAGTCAACTGT"	""	"ERX6700410"	"ERP132577"	"testis"	"Other_somatic"	NA	NA	NA	"CL:0002371"	"somatic cell"	"perfect match"	"SN115"	NA	2
"AGCTTGAGTGCAGACA"	""	"ERX6700410"	"ERP132577"	"testis"	"Round_spermatids"	NA	NA	NA	"CL:4030036"	"early spermatid"	"perfect match"	"SN115"	NA	1
"AGCTTGATCTACTATC"	""	"ERX6700410"	"ERP132577"	"testis"	"Round_spermatids"	NA	NA	NA	"CL:4030036"	"early spermatid"	"perfect match"	"SN115"	NA	1
"AGCTTGATCTCCAACC"	""	"ERX6700410"	"ERP132577"	"testis"	"Elongated_spermatids"	NA	NA	NA	"CL:4030037"	"late spermatid"	"perfect match"	"SN115"	NA	4
"AGGCCACAGACTAGGC"	""	"ERX6700410"	"ERP132577"	"testis"	"Round_spermatids"	NA	NA	NA	"CL:4030036"	"early spermatid"	"perfect match"	"SN115"	NA	1
"AGGCCACCAAGAGGCT"	""	"ERX6700410"	"ERP132577"	"testis"	"Elongated_spermatids"	NA	NA	NA	"CL:4030037"	"late spermatid"	"perfect match"	"SN115"	NA	4
"AGGCCACGTCGCATAT"	""	"ERX6700410"	"ERP132577"	"testis"	"Round_spermatids"	NA	NA	NA	"CL:4030036"	"early spermatid"	"perfect match"	"SN115"	NA	1
"AGGCCACGTGGCCCTA"	""	"ERX6700410"	"ERP132577"	"testis"	"Round_spermatids"	NA	NA	NA	"CL:4030036"	"early spermatid"	"perfect match"	"SN115"	NA	1
"AGGCCACGTGTAATGA"	""	"ERX6700410"	"ERP132577"	"testis"	"Spermatocytes"	NA	NA	NA	"CL:0000017"	"spermatocyte"	"perfect match"	"SN115"	NA	5
"AGGCCACTCGGTCTAA"	""	"ERX6700410"	"ERP132577"	"testis"	"Other_somatic"	NA	NA	NA	"CL:0002371"	"somatic cell"	"perfect match"	"SN115"	NA	2
"AGGCCACTCTGTCTCG"	""	"ERX6700410"	"ERP132577"	"testis"	"Other_somatic"	NA	NA	NA	"CL:0002371"	"somatic cell"	"perfect match"	"SN115"	NA	2
"AGGCCGTCAACGATCT"	""	"ERX6700410"	"ERP132577"	"testis"	"Elongated_spermatids"	NA	NA	NA	"CL:4030037"	"late spermatid"	"perfect match"	"SN115"	NA	4
"AGGCCGTGTGGTCCGT"	""	"ERX6700410"	"ERP132577"	"testis"	"Spermatocytes"	NA	NA	NA	"CL:0000017"	"spermatocyte"	"perfect match"	"SN115"	NA	5
"AGGCCGTGTTACAGAA"	""	"ERX6700410"	"ERP132577"	"testis"	"Other_somatic"	NA	NA	NA	"CL:0002371"	"somatic cell"	"perfect match"	"SN115"	NA	2
"AGGCCGTTCGTGGGAA"	""	"ERX6700410"	"ERP132577"	"testis"	"Round_spermatids"	NA	NA	NA	"CL:4030036"	"early spermatid"	"perfect match"	"SN115"	NA	1
"AGGGAGTAGCCCGAAA"	""	"ERX6700410"	"ERP132577"	"testis"	"Round_spermatids"	NA	NA	NA	"CL:4030036"	"early spermatid"	"perfect match"	"SN115"	NA	1
"AGGGAGTCAATAAGCA"	""	"ERX6700410"	"ERP132577"	"testis"	"Round_spermatids"	NA	NA	NA	"CL:4030036"	"early spermatid"	"perfect match"	"SN115"	NA	1
"AGGGAGTGTACAGTGG"	""	"ERX6700410"	"ERP132577"	"testis"	"Other_somatic"	NA	NA	NA	"CL:0002371"	"somatic cell"	"perfect match"	"SN115"	NA	2
"AGGGAGTGTACCCAAT"	""	"ERX6700410"	"ERP132577"	"testis"	"Elongated_spermatids"	NA	NA	NA	"CL:4030037"	"late spermatid"	"perfect match"	"SN115"	NA	4
"AGGGAGTGTGCCTGCA"	""	"ERX6700410"	"ERP132577"	"testis"	"Other_somatic"	NA	NA	NA	"CL:0002371"	"somatic cell"	"perfect match"	"SN115"	NA	2
"AGGGAGTGTTCCCGAG"	""	"ERX6700410"	"ERP132577"	"testis"	"Elongated_spermatids"	NA	NA	NA	"CL:4030037"	"late spermatid"	"perfect match"	"SN115"	NA	4
"AGGGAGTTCTACTTAC"	""	"ERX6700410"	"ERP132577"	"testis"	"Elongated_spermatids"	NA	NA	NA	"CL:4030037"	"late spermatid"	"perfect match"	"SN115"	NA	4
"AGGGATGAGAAGGTTT"	""	"ERX6700410"	"ERP132577"	"testis"	"Round_spermatids"	NA	NA	NA	"CL:4030036"	"early spermatid"	"perfect match"	"SN115"	NA	1
"AGGGATGAGAATTCCC"	""	"ERX6700410"	"ERP132577"	"testis"	"Round_spermatids"	NA	NA	NA	"CL:4030036"	"early spermatid"	"perfect match"	"SN115"	NA	1
"AGGGATGAGCCGGTAA"	""	"ERX6700410"	"ERP132577"	"testis"	"Round_spermatids"	NA	NA	NA	"CL:4030036"	"early spermatid"	"perfect match"	"SN115"	NA	1
"AGGGATGAGGGCATGT"	""	"ERX6700410"	"ERP132577"	"testis"	"Other_somatic"	NA	NA	NA	"CL:0002371"	"somatic cell"	"perfect match"	"SN115"	NA	2
"AGGGATGCACTGCCAG"	""	"ERX6700410"	"ERP132577"	"testis"	"Elongated_spermatids"	NA	NA	NA	"CL:4030037"	"late spermatid"	"perfect match"	"SN115"	NA	4
"AGGGATGCATGCCTAA"	""	"ERX6700410"	"ERP132577"	"testis"	"Round_spermatids"	NA	NA	NA	"CL:4030036"	"early spermatid"	"perfect match"	"SN115"	NA	1
"AGGGATGCATGCCTTC"	""	"ERX6700410"	"ERP132577"	"testis"	"Round_spermatids"	NA	NA	NA	"CL:4030036"	"early spermatid"	"perfect match"	"SN115"	NA	1
"AGGGATGGTAGCTGCC"	""	"ERX6700410"	"ERP132577"	"testis"	"Elongated_spermatids"	NA	NA	NA	"CL:4030037"	"late spermatid"	"perfect match"	"SN115"	NA	4
"AGGGATGTCCAATGGT"	""	"ERX6700410"	"ERP132577"	"testis"	"Other_somatic"	NA	NA	NA	"CL:0002371"	"somatic cell"	"perfect match"	"SN115"	NA	2
"AGGGATGTCGTGGTCG"	""	"ERX6700410"	"ERP132577"	"testis"	"Round_spermatids"	NA	NA	NA	"CL:4030036"	"early spermatid"	"perfect match"	"SN115"	NA	1
"AGGGATGTCTGCAGTA"	""	"ERX6700410"	"ERP132577"	"testis"	"Elongated_spermatids"	NA	NA	NA	"CL:4030037"	"late spermatid"	"perfect match"	"SN115"	NA	4
"AGGGTGACAGTAACGG"	""	"ERX6700410"	"ERP132577"	"testis"	"Other_somatic"	NA	NA	NA	"CL:0002371"	"somatic cell"	"perfect match"	"SN115"	NA	2
"AGGGTGACATATGGTC"	""	"ERX6700410"	"ERP132577"	"testis"	"Elongated_spermatids"	NA	NA	NA	"CL:4030037"	"late spermatid"	"perfect match"	"SN115"	NA	4
"AGGGTGAGTAACGTTC"	""	"ERX6700410"	"ERP132577"	"testis"	"Round_spermatids"	NA	NA	NA	"CL:4030036"	"early spermatid"	"perfect match"	"SN115"	NA	1
"AGGGTGAGTGTAAGTA"	""	"ERX6700410"	"ERP132577"	"testis"	"Round_spermatids"	NA	NA	NA	"CL:4030036"	"early spermatid"	"perfect match"	"SN115"	NA	1
"AGGGTGATCAATACCG"	""	"ERX6700410"	"ERP132577"	"testis"	"Other_somatic"	NA	NA	NA	"CL:0002371"	"somatic cell"	"perfect match"	"SN115"	NA	2
"AGGTCATAGACTTGAA"	""	"ERX6700410"	"ERP132577"	"testis"	"Sertoli"	NA	NA	NA	"CL:0000216"	"Sertoli cell"	"perfect match"	"SN115"	NA	3
"AGGTCATAGTACGACG"	""	"ERX6700410"	"ERP132577"	"testis"	"Other_somatic"	NA	NA	NA	"CL:0002371"	"somatic cell"	"perfect match"	"SN115"	NA	2
"AGGTCATCACATAACC"	""	"ERX6700410"	"ERP132577"	"testis"	"Other_somatic"	NA	NA	NA	"CL:0002371"	"somatic cell"	"perfect match"	"SN115"	NA	2
"AGGTCATCACCCATGG"	""	"ERX6700410"	"ERP132577"	"testis"	"Other_somatic"	NA	NA	NA	"CL:0002371"	"somatic cell"	"perfect match"	"SN115"	NA	2
"AGGTCATCACCTGGTG"	""	"ERX6700410"	"ERP132577"	"testis"	"Round_spermatids"	NA	NA	NA	"CL:4030036"	"early spermatid"	"perfect match"	"SN115"	NA	1
"AGGTCATCAGACGTAG"	""	"ERX6700410"	"ERP132577"	"testis"	"Other_somatic"	NA	NA	NA	"CL:0002371"	"somatic cell"	"perfect match"	"SN115"	NA	2
"AGGTCATGTCACCTAA"	""	"ERX6700410"	"ERP132577"	"testis"	"Other_somatic"	NA	NA	NA	"CL:0002371"	"somatic cell"	"perfect match"	"SN115"	NA	2
"AGGTCATGTCAGAATA"	""	"ERX6700410"	"ERP132577"	"testis"	"Elongated_spermatids"	NA	NA	NA	"CL:4030037"	"late spermatid"	"perfect match"	"SN115"	NA	4
"AGGTCATGTGATGATA"	""	"ERX6700410"	"ERP132577"	"testis"	"Other_somatic"	NA	NA	NA	"CL:0002371"	"somatic cell"	"perfect match"	"SN115"	NA	2
"AGGTCATGTTTGTGTG"	""	"ERX6700410"	"ERP132577"	"testis"	"Other_somatic"	NA	NA	NA	"CL:0002371"	"somatic cell"	"perfect match"	"SN115"	NA	2
"AGGTCCGAGCGATGAC"	""	"ERX6700410"	"ERP132577"	"testis"	"Round_spermatids"	NA	NA	NA	"CL:4030036"	"early spermatid"	"perfect match"	"SN115"	NA	1
"AGGTCCGAGGACAGCT"	""	"ERX6700410"	"ERP132577"	"testis"	"Spermatocytes"	NA	NA	NA	"CL:0000017"	"spermatocyte"	"perfect match"	"SN115"	NA	5
"AGGTCCGCACATCCAA"	""	"ERX6700410"	"ERP132577"	"testis"	"Spermatogonia"	NA	NA	NA	"CL:0000020"	"spermatogonium"	"perfect match"	"SN115"	NA	6
"AGGTCCGCACATTAGC"	""	"ERX6700410"	"ERP132577"	"testis"	"Other_somatic"	NA	NA	NA	"CL:0002371"	"somatic cell"	"perfect match"	"SN115"	NA	2
"AGGTCCGCAGACGTAG"	""	"ERX6700410"	"ERP132577"	"testis"	"Spermatogonia"	NA	NA	NA	"CL:0000020"	"spermatogonium"	"perfect match"	"SN115"	NA	6
"AGGTCCGCAGCTCGCA"	""	"ERX6700410"	"ERP132577"	"testis"	"Other_somatic"	NA	NA	NA	"CL:0002371"	"somatic cell"	"perfect match"	"SN115"	NA	2
"AGGTCCGCAGGTCTCG"	""	"ERX6700410"	"ERP132577"	"testis"	"Other_somatic"	NA	NA	NA	"CL:0002371"	"somatic cell"	"perfect match"	"SN115"	NA	2
"AGGTCCGGTATTAGCC"	""	"ERX6700410"	"ERP132577"	"testis"	"Round_spermatids"	NA	NA	NA	"CL:4030036"	"early spermatid"	"perfect match"	"SN115"	NA	1
"AGGTCCGGTCCATGAT"	""	"ERX6700410"	"ERP132577"	"testis"	"Spermatocytes"	NA	NA	NA	"CL:0000017"	"spermatocyte"	"perfect match"	"SN115"	NA	5
"AGTAGTCAGATCGATA"	""	"ERX6700410"	"ERP132577"	"testis"	"Round_spermatids"	NA	NA	NA	"CL:4030036"	"early spermatid"	"perfect match"	"SN115"	NA	1
"AGTAGTCAGCCGATTT"	""	"ERX6700410"	"ERP132577"	"testis"	"Round_spermatids"	NA	NA	NA	"CL:4030036"	"early spermatid"	"perfect match"	"SN115"	NA	1
"AGTAGTCAGCGTCAAG"	""	"ERX6700410"	"ERP132577"	"testis"	"Other_somatic"	NA	NA	NA	"CL:0002371"	"somatic cell"	"perfect match"	"SN115"	NA	2
"AGTAGTCAGTGGAGAA"	""	"ERX6700410"	"ERP132577"	"testis"	"Spermatogonia"	NA	NA	NA	"CL:0000020"	"spermatogonium"	"perfect match"	"SN115"	NA	6
"AGTAGTCGTCACCCAG"	""	"ERX6700410"	"ERP132577"	"testis"	"Other_somatic"	NA	NA	NA	"CL:0002371"	"somatic cell"	"perfect match"	"SN115"	NA	2
"AGTAGTCGTGAACCTT"	""	"ERX6700410"	"ERP132577"	"testis"	"Sertoli"	NA	NA	NA	"CL:0000216"	"Sertoli cell"	"perfect match"	"SN115"	NA	3
"AGTAGTCTCCTGCTTG"	""	"ERX6700410"	"ERP132577"	"testis"	"Other_somatic"	NA	NA	NA	"CL:0002371"	"somatic cell"	"perfect match"	"SN115"	NA	2
"AGTCTTTAGGGCATGT"	""	"ERX6700410"	"ERP132577"	"testis"	"Sertoli"	NA	NA	NA	"CL:0000216"	"Sertoli cell"	"perfect match"	"SN115"	NA	3
"AGTCTTTAGTCGATAA"	""	"ERX6700410"	"ERP132577"	"testis"	"Other_somatic"	NA	NA	NA	"CL:0002371"	"somatic cell"	"perfect match"	"SN115"	NA	2
"AGTCTTTAGTCGTACT"	""	"ERX6700410"	"ERP132577"	"testis"	"Round_spermatids"	NA	NA	NA	"CL:4030036"	"early spermatid"	"perfect match"	"SN115"	NA	1
"AGTCTTTCAATCTACG"	""	"ERX6700410"	"ERP132577"	"testis"	"Other_somatic"	NA	NA	NA	"CL:0002371"	"somatic cell"	"perfect match"	"SN115"	NA	2
"AGTCTTTCACCAGTTA"	""	"ERX6700410"	"ERP132577"	"testis"	"Other_somatic"	NA	NA	NA	"CL:0002371"	"somatic cell"	"perfect match"	"SN115"	NA	2
"AGTCTTTGTCGCATCG"	""	"ERX6700410"	"ERP132577"	"testis"	"Elongated_spermatids"	NA	NA	NA	"CL:4030037"	"late spermatid"	"perfect match"	"SN115"	NA	4
"AGTCTTTTCACTATTC"	""	"ERX6700410"	"ERP132577"	"testis"	"Elongated_spermatids"	NA	NA	NA	"CL:4030037"	"late spermatid"	"perfect match"	"SN115"	NA	4
"AGTGAGGAGTACACCT"	""	"ERX6700410"	"ERP132577"	"testis"	"Other_somatic"	NA	NA	NA	"CL:0002371"	"somatic cell"	"perfect match"	"SN115"	NA	2
"AGTGAGGAGTGGTAAT"	""	"ERX6700410"	"ERP132577"	"testis"	"Round_spermatids"	NA	NA	NA	"CL:4030036"	"early spermatid"	"perfect match"	"SN115"	NA	1
"AGTGAGGCAGTCCTTC"	""	"ERX6700410"	"ERP132577"	"testis"	"Elongated_spermatids"	NA	NA	NA	"CL:4030037"	"late spermatid"	"perfect match"	"SN115"	NA	4
"AGTGAGGGTAGCACGA"	""	"ERX6700410"	"ERP132577"	"testis"	"Round_spermatids"	NA	NA	NA	"CL:4030036"	"early spermatid"	"perfect match"	"SN115"	NA	1
"AGTGAGGTCCGTCAAA"	""	"ERX6700410"	"ERP132577"	"testis"	"Sertoli"	NA	NA	NA	"CL:0000216"	"Sertoli cell"	"perfect match"	"SN115"	NA	3
"AGTGAGGTCCTGTACC"	""	"ERX6700410"	"ERP132577"	"testis"	"Spermatocytes"	NA	NA	NA	"CL:0000017"	"spermatocyte"	"perfect match"	"SN115"	NA	5
"AGTGGGAAGTGGAGTC"	""	"ERX6700410"	"ERP132577"	"testis"	"Other_somatic"	NA	NA	NA	"CL:0002371"	"somatic cell"	"perfect match"	"SN115"	NA	2
"AGTGGGACAGTCGATT"	""	"ERX6700410"	"ERP132577"	"testis"	"Spermatocytes"	NA	NA	NA	"CL:0000017"	"spermatocyte"	"perfect match"	"SN115"	NA	5
"AGTGGGACATTTCACT"	""	"ERX6700410"	"ERP132577"	"testis"	"Round_spermatids"	NA	NA	NA	"CL:4030036"	"early spermatid"	"perfect match"	"SN115"	NA	1
"AGTGGGAGTCGCGAAA"	""	"ERX6700410"	"ERP132577"	"testis"	"Elongated_spermatids"	NA	NA	NA	"CL:4030037"	"late spermatid"	"perfect match"	"SN115"	NA	4
"AGTGGGATCAGCGACC"	""	"ERX6700410"	"ERP132577"	"testis"	"Elongated_spermatids"	NA	NA	NA	"CL:4030037"	"late spermatid"	"perfect match"	"SN115"	NA	4
"AGTGGGATCTCACATT"	""	"ERX6700410"	"ERP132577"	"testis"	"Elongated_spermatids"	NA	NA	NA	"CL:4030037"	"late spermatid"	"perfect match"	"SN115"	NA	4
"AGTGTCAAGGGTCTCC"	""	"ERX6700410"	"ERP132577"	"testis"	"Other_somatic"	NA	NA	NA	"CL:0002371"	"somatic cell"	"perfect match"	"SN115"	NA	2
"AGTGTCAAGTGCTGCC"	""	"ERX6700410"	"ERP132577"	"testis"	"Other_somatic"	NA	NA	NA	"CL:0002371"	"somatic cell"	"perfect match"	"SN115"	NA	2
"AGTGTCACAAATTGCC"	""	"ERX6700410"	"ERP132577"	"testis"	"Spermatogonia"	NA	NA	NA	"CL:0000020"	"spermatogonium"	"perfect match"	"SN115"	NA	6
"AGTGTCACACGGACAA"	""	"ERX6700410"	"ERP132577"	"testis"	"Other_somatic"	NA	NA	NA	"CL:0002371"	"somatic cell"	"perfect match"	"SN115"	NA	2
"AGTGTCAGTGTTTGGT"	""	"ERX6700410"	"ERP132577"	"testis"	"Spermatogonia"	NA	NA	NA	"CL:0000020"	"spermatogonium"	"perfect match"	"SN115"	NA	6
"AGTGTCATCTTGTTTG"	""	"ERX6700410"	"ERP132577"	"testis"	"Round_spermatids"	NA	NA	NA	"CL:4030036"	"early spermatid"	"perfect match"	"SN115"	NA	1
"AGTTGGTAGAGACTTA"	""	"ERX6700410"	"ERP132577"	"testis"	"Round_spermatids"	NA	NA	NA	"CL:4030036"	"early spermatid"	"perfect match"	"SN115"	NA	1
"AGTTGGTAGGACAGCT"	""	"ERX6700410"	"ERP132577"	"testis"	"Round_spermatids"	NA	NA	NA	"CL:4030036"	"early spermatid"	"perfect match"	"SN115"	NA	1
"AGTTGGTAGGCTATCT"	""	"ERX6700410"	"ERP132577"	"testis"	"Sertoli"	NA	NA	NA	"CL:0000216"	"Sertoli cell"	"perfect match"	"SN115"	NA	3
"AGTTGGTAGTCGAGTG"	""	"ERX6700410"	"ERP132577"	"testis"	"Sertoli"	NA	NA	NA	"CL:0000216"	"Sertoli cell"	"perfect match"	"SN115"	NA	3
"AGTTGGTAGTGTGGCA"	""	"ERX6700410"	"ERP132577"	"testis"	"Round_spermatids"	NA	NA	NA	"CL:4030036"	"early spermatid"	"perfect match"	"SN115"	NA	1
"AGTTGGTGTCCGAACC"	""	"ERX6700410"	"ERP132577"	"testis"	"Elongated_spermatids"	NA	NA	NA	"CL:4030037"	"late spermatid"	"perfect match"	"SN115"	NA	4
"AGTTGGTTCAACGGCC"	""	"ERX6700410"	"ERP132577"	"testis"	"Other_somatic"	NA	NA	NA	"CL:0002371"	"somatic cell"	"perfect match"	"SN115"	NA	2
"AGTTGGTTCCGCTGTT"	""	"ERX6700410"	"ERP132577"	"testis"	"Round_spermatids"	NA	NA	NA	"CL:4030036"	"early spermatid"	"perfect match"	"SN115"	NA	1
"AGTTGGTTCCGGGTGT"	""	"ERX6700410"	"ERP132577"	"testis"	"Round_spermatids"	NA	NA	NA	"CL:4030036"	"early spermatid"	"perfect match"	"SN115"	NA	1
"ATAACGCAGGATCGCA"	""	"ERX6700410"	"ERP132577"	"testis"	"Other_somatic"	NA	NA	NA	"CL:0002371"	"somatic cell"	"perfect match"	"SN115"	NA	2
"ATAACGCCAGTAACGG"	""	"ERX6700410"	"ERP132577"	"testis"	"Other_somatic"	NA	NA	NA	"CL:0002371"	"somatic cell"	"perfect match"	"SN115"	NA	2
"ATAACGCGTCATTAGC"	""	"ERX6700410"	"ERP132577"	"testis"	"Round_spermatids"	NA	NA	NA	"CL:4030036"	"early spermatid"	"perfect match"	"SN115"	NA	1
"ATAACGCGTCCGTCAG"	""	"ERX6700410"	"ERP132577"	"testis"	"Other_somatic"	NA	NA	NA	"CL:0002371"	"somatic cell"	"perfect match"	"SN115"	NA	2
"ATAACGCGTGGGTATG"	""	"ERX6700410"	"ERP132577"	"testis"	"Other_somatic"	NA	NA	NA	"CL:0002371"	"somatic cell"	"perfect match"	"SN115"	NA	2
"ATAACGCTCCAGTAGT"	""	"ERX6700410"	"ERP132577"	"testis"	"Spermatogonia"	NA	NA	NA	"CL:0000020"	"spermatogonium"	"perfect match"	"SN115"	NA	6
"ATAACGCTCGCCAGCA"	""	"ERX6700410"	"ERP132577"	"testis"	"Other_somatic"	NA	NA	NA	"CL:0002371"	"somatic cell"	"perfect match"	"SN115"	NA	2
"ATAACGCTCTCATTCA"	""	"ERX6700410"	"ERP132577"	"testis"	"Other_somatic"	NA	NA	NA	"CL:0002371"	"somatic cell"	"perfect match"	"SN115"	NA	2
"ATAACGCTCTCTGAGA"	""	"ERX6700410"	"ERP132577"	"testis"	"Elongated_spermatids"	NA	NA	NA	"CL:4030037"	"late spermatid"	"perfect match"	"SN115"	NA	4
"ATAACGCTCTGGTGTA"	""	"ERX6700410"	"ERP132577"	"testis"	"Elongated_spermatids"	NA	NA	NA	"CL:4030037"	"late spermatid"	"perfect match"	"SN115"	NA	4
"ATAAGAGCAAGTACCT"	""	"ERX6700410"	"ERP132577"	"testis"	"Round_spermatids"	NA	NA	NA	"CL:4030036"	"early spermatid"	"perfect match"	"SN115"	NA	1
"ATAAGAGCATTGGGCC"	""	"ERX6700410"	"ERP132577"	"testis"	"Elongated_spermatids"	NA	NA	NA	"CL:4030037"	"late spermatid"	"perfect match"	"SN115"	NA	4
"ATAAGAGGTAGCTGCC"	""	"ERX6700410"	"ERP132577"	"testis"	"Round_spermatids"	NA	NA	NA	"CL:4030036"	"early spermatid"	"perfect match"	"SN115"	NA	1
"ATAAGAGGTCTAGGTT"	""	"ERX6700410"	"ERP132577"	"testis"	"Other_somatic"	NA	NA	NA	"CL:0002371"	"somatic cell"	"perfect match"	"SN115"	NA	2
"ATAAGAGGTGATAAGT"	""	"ERX6700410"	"ERP132577"	"testis"	"Round_spermatids"	NA	NA	NA	"CL:4030036"	"early spermatid"	"perfect match"	"SN115"	NA	1
"ATAAGAGTCAGCGACC"	""	"ERX6700410"	"ERP132577"	"testis"	"Other_somatic"	NA	NA	NA	"CL:0002371"	"somatic cell"	"perfect match"	"SN115"	NA	2
"ATAGACCAGAGTAAGG"	""	"ERX6700410"	"ERP132577"	"testis"	"Spermatocytes"	NA	NA	NA	"CL:0000017"	"spermatocyte"	"perfect match"	"SN115"	NA	5
"ATAGACCAGTATCGAA"	""	"ERX6700410"	"ERP132577"	"testis"	"Elongated_spermatids"	NA	NA	NA	"CL:4030037"	"late spermatid"	"perfect match"	"SN115"	NA	4
"ATAGACCCAAGTTGTC"	""	"ERX6700410"	"ERP132577"	"testis"	"Round_spermatids"	NA	NA	NA	"CL:4030036"	"early spermatid"	"perfect match"	"SN115"	NA	1
"ATAGACCCACGAAATA"	""	"ERX6700410"	"ERP132577"	"testis"	"Other_somatic"	NA	NA	NA	"CL:0002371"	"somatic cell"	"perfect match"	"SN115"	NA	2
"ATAGACCCAGCTGTAT"	""	"ERX6700410"	"ERP132577"	"testis"	"Round_spermatids"	NA	NA	NA	"CL:4030036"	"early spermatid"	"perfect match"	"SN115"	NA	1
"ATAGACCCAGGTCTCG"	""	"ERX6700410"	"ERP132577"	"testis"	"Other_somatic"	NA	NA	NA	"CL:0002371"	"somatic cell"	"perfect match"	"SN115"	NA	2
"ATAGACCCAGTCGATT"	""	"ERX6700410"	"ERP132577"	"testis"	"Round_spermatids"	NA	NA	NA	"CL:4030036"	"early spermatid"	"perfect match"	"SN115"	NA	1
"ATAGACCCATACTACG"	""	"ERX6700410"	"ERP132577"	"testis"	"Round_spermatids"	NA	NA	NA	"CL:4030036"	"early spermatid"	"perfect match"	"SN115"	NA	1
"ATAGACCCATCCGGGT"	""	"ERX6700410"	"ERP132577"	"testis"	"Other_somatic"	NA	NA	NA	"CL:0002371"	"somatic cell"	"perfect match"	"SN115"	NA	2
"ATCACGAAGAGTACCG"	""	"ERX6700410"	"ERP132577"	"testis"	"Elongated_spermatids"	NA	NA	NA	"CL:4030037"	"late spermatid"	"perfect match"	"SN115"	NA	4
"ATCACGACACAGGAGT"	""	"ERX6700410"	"ERP132577"	"testis"	"Round_spermatids"	NA	NA	NA	"CL:4030036"	"early spermatid"	"perfect match"	"SN115"	NA	1
"ATCATCTCACCTCGGA"	""	"ERX6700410"	"ERP132577"	"testis"	"Spermatocytes"	NA	NA	NA	"CL:0000017"	"spermatocyte"	"perfect match"	"SN115"	NA	5
"ATCATCTCATGCCTAA"	""	"ERX6700410"	"ERP132577"	"testis"	"Other_somatic"	NA	NA	NA	"CL:0002371"	"somatic cell"	"perfect match"	"SN115"	NA	2
"ATCATCTGTCCGTGAC"	""	"ERX6700410"	"ERP132577"	"testis"	"Spermatogonia"	NA	NA	NA	"CL:0000020"	"spermatogonium"	"perfect match"	"SN115"	NA	6
"ATCATCTGTTACCGAT"	""	"ERX6700410"	"ERP132577"	"testis"	"Other_somatic"	NA	NA	NA	"CL:0002371"	"somatic cell"	"perfect match"	"SN115"	NA	2
"ATCATCTTCCGTCATC"	""	"ERX6700410"	"ERP132577"	"testis"	"Round_spermatids"	NA	NA	NA	"CL:4030036"	"early spermatid"	"perfect match"	"SN115"	NA	1
"ATCATGGAGCACCGTC"	""	"ERX6700410"	"ERP132577"	"testis"	"Round_spermatids"	NA	NA	NA	"CL:4030036"	"early spermatid"	"perfect match"	"SN115"	NA	1
"ATCATGGAGTGGAGTC"	""	"ERX6700410"	"ERP132577"	"testis"	"Other_somatic"	NA	NA	NA	"CL:0002371"	"somatic cell"	"perfect match"	"SN115"	NA	2
"ATCATGGCAAGCGTAG"	""	"ERX6700410"	"ERP132577"	"testis"	"Elongated_spermatids"	NA	NA	NA	"CL:4030037"	"late spermatid"	"perfect match"	"SN115"	NA	4
"ATCATGGTCGGTGTTA"	""	"ERX6700410"	"ERP132577"	"testis"	"Elongated_spermatids"	NA	NA	NA	"CL:4030037"	"late spermatid"	"perfect match"	"SN115"	NA	4
"ATCCACCAGCGATAGC"	""	"ERX6700410"	"ERP132577"	"testis"	"Elongated_spermatids"	NA	NA	NA	"CL:4030037"	"late spermatid"	"perfect match"	"SN115"	NA	4
"ATCCACCAGGCAGTCA"	""	"ERX6700410"	"ERP132577"	"testis"	"Elongated_spermatids"	NA	NA	NA	"CL:4030037"	"late spermatid"	"perfect match"	"SN115"	NA	4
"ATCCACCCACGGCGTT"	""	"ERX6700410"	"ERP132577"	"testis"	"Other_somatic"	NA	NA	NA	"CL:0002371"	"somatic cell"	"perfect match"	"SN115"	NA	2
"ATCCACCGTAATAGCA"	""	"ERX6700410"	"ERP132577"	"testis"	"Other_somatic"	NA	NA	NA	"CL:0002371"	"somatic cell"	"perfect match"	"SN115"	NA	2
"ATCCACCGTATCACCA"	""	"ERX6700410"	"ERP132577"	"testis"	"Other_somatic"	NA	NA	NA	"CL:0002371"	"somatic cell"	"perfect match"	"SN115"	NA	2
"ATCCACCGTTCGCGAC"	""	"ERX6700410"	"ERP132577"	"testis"	"Spermatogonia"	NA	NA	NA	"CL:0000020"	"spermatogonium"	"perfect match"	"SN115"	NA	6
"ATCCACCTCCAGATCA"	""	"ERX6700410"	"ERP132577"	"testis"	"Other_somatic"	NA	NA	NA	"CL:0002371"	"somatic cell"	"perfect match"	"SN115"	NA	2
"ATCCGAAAGAGGTTGC"	""	"ERX6700410"	"ERP132577"	"testis"	"Other_somatic"	NA	NA	NA	"CL:0002371"	"somatic cell"	"perfect match"	"SN115"	NA	2
"ATCCGAACAAGCGCTC"	""	"ERX6700410"	"ERP132577"	"testis"	"Round_spermatids"	NA	NA	NA	"CL:4030036"	"early spermatid"	"perfect match"	"SN115"	NA	1
"ATCCGAACACTCGACG"	""	"ERX6700410"	"ERP132577"	"testis"	"Spermatogonia"	NA	NA	NA	"CL:0000020"	"spermatogonium"	"perfect match"	"SN115"	NA	6
"ATCCGAACATGCAATC"	""	"ERX6700410"	"ERP132577"	"testis"	"Other_somatic"	NA	NA	NA	"CL:0002371"	"somatic cell"	"perfect match"	"SN115"	NA	2
"ATCCGAAGTTGATTGC"	""	"ERX6700410"	"ERP132577"	"testis"	"Other_somatic"	NA	NA	NA	"CL:0002371"	"somatic cell"	"perfect match"	"SN115"	NA	2
"ATCCGAAGTTGGTTTG"	""	"ERX6700410"	"ERP132577"	"testis"	"Other_somatic"	NA	NA	NA	"CL:0002371"	"somatic cell"	"perfect match"	"SN115"	NA	2
"ATCCGAAGTTTAGGAA"	""	"ERX6700410"	"ERP132577"	"testis"	"Other_somatic"	NA	NA	NA	"CL:0002371"	"somatic cell"	"perfect match"	"SN115"	NA	2
"ATCCGAATCCAACCAA"	""	"ERX6700410"	"ERP132577"	"testis"	"Other_somatic"	NA	NA	NA	"CL:0002371"	"somatic cell"	"perfect match"	"SN115"	NA	2
"ATCCGAATCTTGCATT"	""	"ERX6700410"	"ERP132577"	"testis"	"Round_spermatids"	NA	NA	NA	"CL:4030036"	"early spermatid"	"perfect match"	"SN115"	NA	1
"ATCGAGTAGTATCTCG"	""	"ERX6700410"	"ERP132577"	"testis"	"Elongated_spermatids"	NA	NA	NA	"CL:4030037"	"late spermatid"	"perfect match"	"SN115"	NA	4
"ATCGAGTGTTCCTCCA"	""	"ERX6700410"	"ERP132577"	"testis"	"Sertoli"	NA	NA	NA	"CL:0000216"	"Sertoli cell"	"perfect match"	"SN115"	NA	3
"ATCTACTAGACTTGAA"	""	"ERX6700410"	"ERP132577"	"testis"	"Round_spermatids"	NA	NA	NA	"CL:4030036"	"early spermatid"	"perfect match"	"SN115"	NA	1
"ATCTACTAGATGGCGT"	""	"ERX6700410"	"ERP132577"	"testis"	"Elongated_spermatids"	NA	NA	NA	"CL:4030037"	"late spermatid"	"perfect match"	"SN115"	NA	4
"ATCTACTAGCGTAATA"	""	"ERX6700410"	"ERP132577"	"testis"	"Other_somatic"	NA	NA	NA	"CL:0002371"	"somatic cell"	"perfect match"	"SN115"	NA	2
"ATCTACTAGTACGCCC"	""	"ERX6700410"	"ERP132577"	"testis"	"Other_somatic"	NA	NA	NA	"CL:0002371"	"somatic cell"	"perfect match"	"SN115"	NA	2
"ATCTACTCACAACGCC"	""	"ERX6700410"	"ERP132577"	"testis"	"Elongated_spermatids"	NA	NA	NA	"CL:4030037"	"late spermatid"	"perfect match"	"SN115"	NA	4
"ATCTACTGTGAACCTT"	""	"ERX6700410"	"ERP132577"	"testis"	"Other_somatic"	NA	NA	NA	"CL:0002371"	"somatic cell"	"perfect match"	"SN115"	NA	2
"ATCTACTGTGACGCCT"	""	"ERX6700410"	"ERP132577"	"testis"	"Round_spermatids"	NA	NA	NA	"CL:4030036"	"early spermatid"	"perfect match"	"SN115"	NA	1
"ATCTACTTCTCGATGA"	""	"ERX6700410"	"ERP132577"	"testis"	"Elongated_spermatids"	NA	NA	NA	"CL:4030037"	"late spermatid"	"perfect match"	"SN115"	NA	4
"ATCTGCCAGACTGGGT"	""	"ERX6700410"	"ERP132577"	"testis"	"Elongated_spermatids"	NA	NA	NA	"CL:4030037"	"late spermatid"	"perfect match"	"SN115"	NA	4
"ATCTGCCAGCTTCGCG"	""	"ERX6700410"	"ERP132577"	"testis"	"Other_somatic"	NA	NA	NA	"CL:0002371"	"somatic cell"	"perfect match"	"SN115"	NA	2
"ATCTGCCAGTGAACAT"	""	"ERX6700410"	"ERP132577"	"testis"	"Round_spermatids"	NA	NA	NA	"CL:4030036"	"early spermatid"	"perfect match"	"SN115"	NA	1
"ATCTGCCAGTTAGGTA"	""	"ERX6700410"	"ERP132577"	"testis"	"Round_spermatids"	NA	NA	NA	"CL:4030036"	"early spermatid"	"perfect match"	"SN115"	NA	1
"ATCTGCCCACAAGTAA"	""	"ERX6700410"	"ERP132577"	"testis"	"Round_spermatids"	NA	NA	NA	"CL:4030036"	"early spermatid"	"perfect match"	"SN115"	NA	1
"ATCTGCCCACGAGGTA"	""	"ERX6700410"	"ERP132577"	"testis"	"Other_somatic"	NA	NA	NA	"CL:0002371"	"somatic cell"	"perfect match"	"SN115"	NA	2
"ATCTGCCGTCCTCCAT"	""	"ERX6700410"	"ERP132577"	"testis"	"Other_somatic"	NA	NA	NA	"CL:0002371"	"somatic cell"	"perfect match"	"SN115"	NA	2
"ATCTGCCTCACAGGCC"	""	"ERX6700410"	"ERP132577"	"testis"	"Other_somatic"	NA	NA	NA	"CL:0002371"	"somatic cell"	"perfect match"	"SN115"	NA	2
"ATCTGCCTCAGTTCGA"	""	"ERX6700410"	"ERP132577"	"testis"	"Other_somatic"	NA	NA	NA	"CL:0002371"	"somatic cell"	"perfect match"	"SN115"	NA	2
"ATCTGCCTCGCCCTTA"	""	"ERX6700410"	"ERP132577"	"testis"	"Round_spermatids"	NA	NA	NA	"CL:4030036"	"early spermatid"	"perfect match"	"SN115"	NA	1
"ATGAGGGCACCAGCAC"	""	"ERX6700410"	"ERP132577"	"testis"	"Elongated_spermatids"	NA	NA	NA	"CL:4030037"	"late spermatid"	"perfect match"	"SN115"	NA	4
"ATGAGGGCAGTACACT"	""	"ERX6700410"	"ERP132577"	"testis"	"Other_somatic"	NA	NA	NA	"CL:0002371"	"somatic cell"	"perfect match"	"SN115"	NA	2
"ATGAGGGGTCATATGC"	""	"ERX6700410"	"ERP132577"	"testis"	"Round_spermatids"	NA	NA	NA	"CL:4030036"	"early spermatid"	"perfect match"	"SN115"	NA	1
"ATGAGGGTCCTTGACC"	""	"ERX6700410"	"ERP132577"	"testis"	"Sertoli"	NA	NA	NA	"CL:0000216"	"Sertoli cell"	"perfect match"	"SN115"	NA	3
"ATGAGGGTCGCTTGTC"	""	"ERX6700410"	"ERP132577"	"testis"	"Elongated_spermatids"	NA	NA	NA	"CL:4030037"	"late spermatid"	"perfect match"	"SN115"	NA	4
"ATGAGGGTCTCGAGTA"	""	"ERX6700410"	"ERP132577"	"testis"	"Spermatocytes"	NA	NA	NA	"CL:0000017"	"spermatocyte"	"perfect match"	"SN115"	NA	5
"ATGAGGGTCTGATTCT"	""	"ERX6700410"	"ERP132577"	"testis"	"Other_somatic"	NA	NA	NA	"CL:0002371"	"somatic cell"	"perfect match"	"SN115"	NA	2
"ATGCGATAGGACCACA"	""	"ERX6700410"	"ERP132577"	"testis"	"Elongated_spermatids"	NA	NA	NA	"CL:4030037"	"late spermatid"	"perfect match"	"SN115"	NA	4
"ATGCGATAGTTCGCAT"	""	"ERX6700410"	"ERP132577"	"testis"	"Other_somatic"	NA	NA	NA	"CL:0002371"	"somatic cell"	"perfect match"	"SN115"	NA	2
"ATGCGATCACGTTGGC"	""	"ERX6700410"	"ERP132577"	"testis"	"Elongated_spermatids"	NA	NA	NA	"CL:4030037"	"late spermatid"	"perfect match"	"SN115"	NA	4
"ATGCGATCATACAGCT"	""	"ERX6700410"	"ERP132577"	"testis"	"Elongated_spermatids"	NA	NA	NA	"CL:4030037"	"late spermatid"	"perfect match"	"SN115"	NA	4
"ATGCGATCATCCAACA"	""	"ERX6700410"	"ERP132577"	"testis"	"Elongated_spermatids"	NA	NA	NA	"CL:4030037"	"late spermatid"	"perfect match"	"SN115"	NA	4
"ATGCGATGTCCCTTGT"	""	"ERX6700410"	"ERP132577"	"testis"	"Spermatogonia"	NA	NA	NA	"CL:0000020"	"spermatogonium"	"perfect match"	"SN115"	NA	6
"ATGCGATTCTGCTGTC"	""	"ERX6700410"	"ERP132577"	"testis"	"Elongated_spermatids"	NA	NA	NA	"CL:4030037"	"late spermatid"	"perfect match"	"SN115"	NA	4
"ATGGGAGCAATAAGCA"	""	"ERX6700410"	"ERP132577"	"testis"	"Elongated_spermatids"	NA	NA	NA	"CL:4030037"	"late spermatid"	"perfect match"	"SN115"	NA	4
"ATGGGAGGTGTCGCTG"	""	"ERX6700410"	"ERP132577"	"testis"	"Round_spermatids"	NA	NA	NA	"CL:4030036"	"early spermatid"	"perfect match"	"SN115"	NA	1
"ATGGGAGGTTTAGGAA"	""	"ERX6700410"	"ERP132577"	"testis"	"Sertoli"	NA	NA	NA	"CL:0000216"	"Sertoli cell"	"perfect match"	"SN115"	NA	3
"ATGGGAGGTTTGCATG"	""	"ERX6700410"	"ERP132577"	"testis"	"Spermatogonia"	NA	NA	NA	"CL:0000020"	"spermatogonium"	"perfect match"	"SN115"	NA	6
"ATGTGTGAGACGCACA"	""	"ERX6700410"	"ERP132577"	"testis"	"Elongated_spermatids"	NA	NA	NA	"CL:4030037"	"late spermatid"	"perfect match"	"SN115"	NA	4
"ATGTGTGAGAGGTTGC"	""	"ERX6700410"	"ERP132577"	"testis"	"Round_spermatids"	NA	NA	NA	"CL:4030036"	"early spermatid"	"perfect match"	"SN115"	NA	1
"ATGTGTGTCCAACCAA"	""	"ERX6700410"	"ERP132577"	"testis"	"Sertoli"	NA	NA	NA	"CL:0000216"	"Sertoli cell"	"perfect match"	"SN115"	NA	3
"ATGTGTGTCTACCTGC"	""	"ERX6700410"	"ERP132577"	"testis"	"Spermatocytes"	NA	NA	NA	"CL:0000017"	"spermatocyte"	"perfect match"	"SN115"	NA	5
"ATTACTCAGGTGTTAA"	""	"ERX6700410"	"ERP132577"	"testis"	"Round_spermatids"	NA	NA	NA	"CL:4030036"	"early spermatid"	"perfect match"	"SN115"	NA	1
"ATTACTCCACACAGAG"	""	"ERX6700410"	"ERP132577"	"testis"	"Other_somatic"	NA	NA	NA	"CL:0002371"	"somatic cell"	"perfect match"	"SN115"	NA	2
"ATTACTCCACGGATAG"	""	"ERX6700410"	"ERP132577"	"testis"	"Round_spermatids"	NA	NA	NA	"CL:4030036"	"early spermatid"	"perfect match"	"SN115"	NA	1
"ATTACTCCATTGGCGC"	""	"ERX6700410"	"ERP132577"	"testis"	"Round_spermatids"	NA	NA	NA	"CL:4030036"	"early spermatid"	"perfect match"	"SN115"	NA	1
"ATTACTCGTCGGCACT"	""	"ERX6700410"	"ERP132577"	"testis"	"Round_spermatids"	NA	NA	NA	"CL:4030036"	"early spermatid"	"perfect match"	"SN115"	NA	1
"ATTACTCTCGTCGTTC"	""	"ERX6700410"	"ERP132577"	"testis"	"Elongated_spermatids"	NA	NA	NA	"CL:4030037"	"late spermatid"	"perfect match"	"SN115"	NA	4
"ATTACTCTCGTTTATC"	""	"ERX6700410"	"ERP132577"	"testis"	"Round_spermatids"	NA	NA	NA	"CL:4030036"	"early spermatid"	"perfect match"	"SN115"	NA	1
"ATTATCCAGAGGTACC"	""	"ERX6700410"	"ERP132577"	"testis"	"Round_spermatids"	NA	NA	NA	"CL:4030036"	"early spermatid"	"perfect match"	"SN115"	NA	1
"ATTATCCAGATCTGCT"	""	"ERX6700410"	"ERP132577"	"testis"	"Elongated_spermatids"	NA	NA	NA	"CL:4030037"	"late spermatid"	"perfect match"	"SN115"	NA	4
"ATTATCCAGTGCGTGA"	""	"ERX6700410"	"ERP132577"	"testis"	"Other_somatic"	NA	NA	NA	"CL:0002371"	"somatic cell"	"perfect match"	"SN115"	NA	2
"ATTATCCCAGTAACGG"	""	"ERX6700410"	"ERP132577"	"testis"	"Sertoli"	NA	NA	NA	"CL:0000216"	"Sertoli cell"	"perfect match"	"SN115"	NA	3
"ATTATCCCATGGGAAC"	""	"ERX6700410"	"ERP132577"	"testis"	"Round_spermatids"	NA	NA	NA	"CL:4030036"	"early spermatid"	"perfect match"	"SN115"	NA	1
"ATTATCCGTAGCGCAA"	""	"ERX6700410"	"ERP132577"	"testis"	"Other_somatic"	NA	NA	NA	"CL:0002371"	"somatic cell"	"perfect match"	"SN115"	NA	2
"ATTATCCGTCAAAGAT"	""	"ERX6700410"	"ERP132577"	"testis"	"Sertoli"	NA	NA	NA	"CL:0000216"	"Sertoli cell"	"perfect match"	"SN115"	NA	3
"ATTATCCGTGCTTCTC"	""	"ERX6700410"	"ERP132577"	"testis"	"Other_somatic"	NA	NA	NA	"CL:0002371"	"somatic cell"	"perfect match"	"SN115"	NA	2
"ATTATCCTCTACGAGT"	""	"ERX6700410"	"ERP132577"	"testis"	"Spermatocytes"	NA	NA	NA	"CL:0000017"	"spermatocyte"	"perfect match"	"SN115"	NA	5
"ATTCTACAGGAGTAGA"	""	"ERX6700410"	"ERP132577"	"testis"	"Round_spermatids"	NA	NA	NA	"CL:4030036"	"early spermatid"	"perfect match"	"SN115"	NA	1
"ATTCTACAGGCCATAG"	""	"ERX6700410"	"ERP132577"	"testis"	"Other_somatic"	NA	NA	NA	"CL:0002371"	"somatic cell"	"perfect match"	"SN115"	NA	2
"ATTCTACCACTGAAGG"	""	"ERX6700410"	"ERP132577"	"testis"	"Other_somatic"	NA	NA	NA	"CL:0002371"	"somatic cell"	"perfect match"	"SN115"	NA	2
"ATTCTACTCCACTGGG"	""	"ERX6700410"	"ERP132577"	"testis"	"Round_spermatids"	NA	NA	NA	"CL:4030036"	"early spermatid"	"perfect match"	"SN115"	NA	1
"ATTCTACTCGGCGCAT"	""	"ERX6700410"	"ERP132577"	"testis"	"Other_somatic"	NA	NA	NA	"CL:0002371"	"somatic cell"	"perfect match"	"SN115"	NA	2
"ATTCTACTCTGTACGA"	""	"ERX6700410"	"ERP132577"	"testis"	"Other_somatic"	NA	NA	NA	"CL:0002371"	"somatic cell"	"perfect match"	"SN115"	NA	2
"ATTGGACCACAGACTT"	""	"ERX6700410"	"ERP132577"	"testis"	"Elongated_spermatids"	NA	NA	NA	"CL:4030037"	"late spermatid"	"perfect match"	"SN115"	NA	4
"ATTGGACCACCCTATC"	""	"ERX6700410"	"ERP132577"	"testis"	"Sertoli"	NA	NA	NA	"CL:0000216"	"Sertoli cell"	"perfect match"	"SN115"	NA	3
"ATTGGACCATGACATC"	""	"ERX6700410"	"ERP132577"	"testis"	"Other_somatic"	NA	NA	NA	"CL:0002371"	"somatic cell"	"perfect match"	"SN115"	NA	2
"ATTGGACGTGTAAGTA"	""	"ERX6700410"	"ERP132577"	"testis"	"Other_somatic"	NA	NA	NA	"CL:0002371"	"somatic cell"	"perfect match"	"SN115"	NA	2
"ATTGGACGTTATCACG"	""	"ERX6700410"	"ERP132577"	"testis"	"Spermatogonia"	NA	NA	NA	"CL:0000020"	"spermatogonium"	"perfect match"	"SN115"	NA	6
"ATTGGACTCCACTGGG"	""	"ERX6700410"	"ERP132577"	"testis"	"Round_spermatids"	NA	NA	NA	"CL:4030036"	"early spermatid"	"perfect match"	"SN115"	NA	1
"ATTGGTGCATCACGAT"	""	"ERX6700410"	"ERP132577"	"testis"	"Round_spermatids"	NA	NA	NA	"CL:4030036"	"early spermatid"	"perfect match"	"SN115"	NA	1
"ATTTCTGCACGTCTCT"	""	"ERX6700410"	"ERP132577"	"testis"	"Other_somatic"	NA	NA	NA	"CL:0002371"	"somatic cell"	"perfect match"	"SN115"	NA	2
"ATTTCTGCACTCTGTC"	""	"ERX6700410"	"ERP132577"	"testis"	"Elongated_spermatids"	NA	NA	NA	"CL:4030037"	"late spermatid"	"perfect match"	"SN115"	NA	4
"ATTTCTGCACTTAAGC"	""	"ERX6700410"	"ERP132577"	"testis"	"Round_spermatids"	NA	NA	NA	"CL:4030036"	"early spermatid"	"perfect match"	"SN115"	NA	1
"ATTTCTGGTAAATACG"	""	"ERX6700410"	"ERP132577"	"testis"	"Other_somatic"	NA	NA	NA	"CL:0002371"	"somatic cell"	"perfect match"	"SN115"	NA	2
"ATTTCTGGTCCCGACA"	""	"ERX6700410"	"ERP132577"	"testis"	"Round_spermatids"	NA	NA	NA	"CL:4030036"	"early spermatid"	"perfect match"	"SN115"	NA	1
"ATTTCTGGTCTTCAAG"	""	"ERX6700410"	"ERP132577"	"testis"	"Elongated_spermatids"	NA	NA	NA	"CL:4030037"	"late spermatid"	"perfect match"	"SN115"	NA	4
"ATTTCTGTCTCCAGGG"	""	"ERX6700410"	"ERP132577"	"testis"	"Spermatocytes"	NA	NA	NA	"CL:0000017"	"spermatocyte"	"perfect match"	"SN115"	NA	5
"ATTTCTGTCTGCAAGT"	""	"ERX6700410"	"ERP132577"	"testis"	"Elongated_spermatids"	NA	NA	NA	"CL:4030037"	"late spermatid"	"perfect match"	"SN115"	NA	4
"CAACCAAAGGCTAGAC"	""	"ERX6700410"	"ERP132577"	"testis"	"Other_somatic"	NA	NA	NA	"CL:0002371"	"somatic cell"	"perfect match"	"SN115"	NA	2
"CAACCAAAGGTGGGTT"	""	"ERX6700410"	"ERP132577"	"testis"	"Other_somatic"	NA	NA	NA	"CL:0002371"	"somatic cell"	"perfect match"	"SN115"	NA	2
"CAACCAAAGTCAAGGC"	""	"ERX6700410"	"ERP132577"	"testis"	"Other_somatic"	NA	NA	NA	"CL:0002371"	"somatic cell"	"perfect match"	"SN115"	NA	2
"CAACCAACAAACTGCT"	""	"ERX6700410"	"ERP132577"	"testis"	"Round_spermatids"	NA	NA	NA	"CL:4030036"	"early spermatid"	"perfect match"	"SN115"	NA	1
"CAACCAAGTAACGTTC"	""	"ERX6700410"	"ERP132577"	"testis"	"Spermatogonia"	NA	NA	NA	"CL:0000020"	"spermatogonium"	"perfect match"	"SN115"	NA	6
"CAACCAAGTGACCAAG"	""	"ERX6700410"	"ERP132577"	"testis"	"Round_spermatids"	NA	NA	NA	"CL:4030036"	"early spermatid"	"perfect match"	"SN115"	NA	1
"CAACCTCAGATAGCAT"	""	"ERX6700410"	"ERP132577"	"testis"	"Elongated_spermatids"	NA	NA	NA	"CL:4030037"	"late spermatid"	"perfect match"	"SN115"	NA	4
"CAACCTCAGGTCATCT"	""	"ERX6700410"	"ERP132577"	"testis"	"Round_spermatids"	NA	NA	NA	"CL:4030036"	"early spermatid"	"perfect match"	"SN115"	NA	1
"CAACCTCAGTGCTGCC"	""	"ERX6700410"	"ERP132577"	"testis"	"Other_somatic"	NA	NA	NA	"CL:0002371"	"somatic cell"	"perfect match"	"SN115"	NA	2
"CAACCTCCAAAGTCAA"	""	"ERX6700410"	"ERP132577"	"testis"	"Other_somatic"	NA	NA	NA	"CL:0002371"	"somatic cell"	"perfect match"	"SN115"	NA	2
"CAACCTCCAAGACACG"	""	"ERX6700410"	"ERP132577"	"testis"	"Other_somatic"	NA	NA	NA	"CL:0002371"	"somatic cell"	"perfect match"	"SN115"	NA	2
"CAACCTCGTTACAGAA"	""	"ERX6700410"	"ERP132577"	"testis"	"Elongated_spermatids"	NA	NA	NA	"CL:4030037"	"late spermatid"	"perfect match"	"SN115"	NA	4
"CAACCTCTCCGCGGTA"	""	"ERX6700410"	"ERP132577"	"testis"	"Other_somatic"	NA	NA	NA	"CL:0002371"	"somatic cell"	"perfect match"	"SN115"	NA	2
"CAACTAGAGGATATAC"	""	"ERX6700410"	"ERP132577"	"testis"	"Other_somatic"	NA	NA	NA	"CL:0002371"	"somatic cell"	"perfect match"	"SN115"	NA	2
"CAACTAGAGTCAAGCG"	""	"ERX6700410"	"ERP132577"	"testis"	"Other_somatic"	NA	NA	NA	"CL:0002371"	"somatic cell"	"perfect match"	"SN115"	NA	2
"CAACTAGCATCGGAAG"	""	"ERX6700410"	"ERP132577"	"testis"	"Round_spermatids"	NA	NA	NA	"CL:4030036"	"early spermatid"	"perfect match"	"SN115"	NA	1
"CAACTAGCATGGTCAT"	""	"ERX6700410"	"ERP132577"	"testis"	"Other_somatic"	NA	NA	NA	"CL:0002371"	"somatic cell"	"perfect match"	"SN115"	NA	2
"CAACTAGCATGTCCTC"	""	"ERX6700410"	"ERP132577"	"testis"	"Sertoli"	NA	NA	NA	"CL:0000216"	"Sertoli cell"	"perfect match"	"SN115"	NA	3
"CAACTAGGTAAGGATT"	""	"ERX6700410"	"ERP132577"	"testis"	"Round_spermatids"	NA	NA	NA	"CL:4030036"	"early spermatid"	"perfect match"	"SN115"	NA	1
"CAACTAGTCTATGTGG"	""	"ERX6700410"	"ERP132577"	"testis"	"Elongated_spermatids"	NA	NA	NA	"CL:4030037"	"late spermatid"	"perfect match"	"SN115"	NA	4
"CAACTAGTCTCGATGA"	""	"ERX6700410"	"ERP132577"	"testis"	"Round_spermatids"	NA	NA	NA	"CL:4030036"	"early spermatid"	"perfect match"	"SN115"	NA	1
"CAAGAAAAGCCACGCT"	""	"ERX6700410"	"ERP132577"	"testis"	"Other_somatic"	NA	NA	NA	"CL:0002371"	"somatic cell"	"perfect match"	"SN115"	NA	2
"CAAGAAAAGGATTCGG"	""	"ERX6700410"	"ERP132577"	"testis"	"Other_somatic"	NA	NA	NA	"CL:0002371"	"somatic cell"	"perfect match"	"SN115"	NA	2
"CAAGAAAAGTCCATAC"	""	"ERX6700410"	"ERP132577"	"testis"	"Elongated_spermatids"	NA	NA	NA	"CL:4030037"	"late spermatid"	"perfect match"	"SN115"	NA	4
"CAAGAAAAGTGTTAGA"	""	"ERX6700410"	"ERP132577"	"testis"	"Round_spermatids"	NA	NA	NA	"CL:4030036"	"early spermatid"	"perfect match"	"SN115"	NA	1
"CAAGAAACACCCTATC"	""	"ERX6700410"	"ERP132577"	"testis"	"Round_spermatids"	NA	NA	NA	"CL:4030036"	"early spermatid"	"perfect match"	"SN115"	NA	1
"CAAGAAACAGGAACGT"	""	"ERX6700410"	"ERP132577"	"testis"	"Round_spermatids"	NA	NA	NA	"CL:4030036"	"early spermatid"	"perfect match"	"SN115"	NA	1
"CAAGAAAGTGGCAAAC"	""	"ERX6700410"	"ERP132577"	"testis"	"Other_somatic"	NA	NA	NA	"CL:0002371"	"somatic cell"	"perfect match"	"SN115"	NA	2
"CAAGAAATCGCGATCG"	""	"ERX6700410"	"ERP132577"	"testis"	"Sertoli"	NA	NA	NA	"CL:0000216"	"Sertoli cell"	"perfect match"	"SN115"	NA	3
"CAAGATCAGATCCCGC"	""	"ERX6700410"	"ERP132577"	"testis"	"Round_spermatids"	NA	NA	NA	"CL:4030036"	"early spermatid"	"perfect match"	"SN115"	NA	1
"CAAGATCCAATGGATA"	""	"ERX6700410"	"ERP132577"	"testis"	"Other_somatic"	NA	NA	NA	"CL:0002371"	"somatic cell"	"perfect match"	"SN115"	NA	2
"CAAGATCCATGGTTGT"	""	"ERX6700410"	"ERP132577"	"testis"	"Other_somatic"	NA	NA	NA	"CL:0002371"	"somatic cell"	"perfect match"	"SN115"	NA	2
"CAAGATCCATTGGCGC"	""	"ERX6700410"	"ERP132577"	"testis"	"Round_spermatids"	NA	NA	NA	"CL:4030036"	"early spermatid"	"perfect match"	"SN115"	NA	1
"CAAGATCTCATGCTCC"	""	"ERX6700410"	"ERP132577"	"testis"	"Round_spermatids"	NA	NA	NA	"CL:4030036"	"early spermatid"	"perfect match"	"SN115"	NA	1
"CAAGATCTCGATGAGG"	""	"ERX6700410"	"ERP132577"	"testis"	"Other_somatic"	NA	NA	NA	"CL:0002371"	"somatic cell"	"perfect match"	"SN115"	NA	2
"CAAGGCCAGTACCGGA"	""	"ERX6700410"	"ERP132577"	"testis"	"Other_somatic"	NA	NA	NA	"CL:0002371"	"somatic cell"	"perfect match"	"SN115"	NA	2
"CAAGGCCAGTGAAGTT"	""	"ERX6700410"	"ERP132577"	"testis"	"Elongated_spermatids"	NA	NA	NA	"CL:4030037"	"late spermatid"	"perfect match"	"SN115"	NA	4
"CAAGGCCCAAAGTGCG"	""	"ERX6700410"	"ERP132577"	"testis"	"Other_somatic"	NA	NA	NA	"CL:0002371"	"somatic cell"	"perfect match"	"SN115"	NA	2
"CAAGGCCCAATGAAAC"	""	"ERX6700410"	"ERP132577"	"testis"	"Elongated_spermatids"	NA	NA	NA	"CL:4030037"	"late spermatid"	"perfect match"	"SN115"	NA	4
"CAAGGCCCAGAGCCAA"	""	"ERX6700410"	"ERP132577"	"testis"	"Other_somatic"	NA	NA	NA	"CL:0002371"	"somatic cell"	"perfect match"	"SN115"	NA	2
"CAAGGCCGTGTTGAGG"	""	"ERX6700410"	"ERP132577"	"testis"	"Elongated_spermatids"	NA	NA	NA	"CL:4030037"	"late spermatid"	"perfect match"	"SN115"	NA	4
"CAAGGCCTCGTGGACC"	""	"ERX6700410"	"ERP132577"	"testis"	"Other_somatic"	NA	NA	NA	"CL:0002371"	"somatic cell"	"perfect match"	"SN115"	NA	2
"CAAGGCCTCTCCAACC"	""	"ERX6700410"	"ERP132577"	"testis"	"Other_somatic"	NA	NA	NA	"CL:0002371"	"somatic cell"	"perfect match"	"SN115"	NA	2
"CAAGGCCTCTGCTTGC"	""	"ERX6700410"	"ERP132577"	"testis"	"Round_spermatids"	NA	NA	NA	"CL:4030036"	"early spermatid"	"perfect match"	"SN115"	NA	1
"CAAGTTGAGCAGGTCA"	""	"ERX6700410"	"ERP132577"	"testis"	"Round_spermatids"	NA	NA	NA	"CL:4030036"	"early spermatid"	"perfect match"	"SN115"	NA	1
"CAAGTTGAGCCAGGAT"	""	"ERX6700410"	"ERP132577"	"testis"	"Round_spermatids"	NA	NA	NA	"CL:4030036"	"early spermatid"	"perfect match"	"SN115"	NA	1
"CAAGTTGAGCGTCAAG"	""	"ERX6700410"	"ERP132577"	"testis"	"Elongated_spermatids"	NA	NA	NA	"CL:4030037"	"late spermatid"	"perfect match"	"SN115"	NA	4
"CAAGTTGCACTTAAGC"	""	"ERX6700410"	"ERP132577"	"testis"	"Other_somatic"	NA	NA	NA	"CL:0002371"	"somatic cell"	"perfect match"	"SN115"	NA	2
"CAAGTTGCAGACGCTC"	""	"ERX6700410"	"ERP132577"	"testis"	"Round_spermatids"	NA	NA	NA	"CL:4030036"	"early spermatid"	"perfect match"	"SN115"	NA	1
"CAAGTTGCAGCTATTG"	""	"ERX6700410"	"ERP132577"	"testis"	"Other_somatic"	NA	NA	NA	"CL:0002371"	"somatic cell"	"perfect match"	"SN115"	NA	2
"CAAGTTGGTCATGCCG"	""	"ERX6700410"	"ERP132577"	"testis"	"Elongated_spermatids"	NA	NA	NA	"CL:4030037"	"late spermatid"	"perfect match"	"SN115"	NA	4
"CAAGTTGTCAGAGCTT"	""	"ERX6700410"	"ERP132577"	"testis"	"Other_somatic"	NA	NA	NA	"CL:0002371"	"somatic cell"	"perfect match"	"SN115"	NA	2
"CAAGTTGTCAGGCCCA"	""	"ERX6700410"	"ERP132577"	"testis"	"Sertoli"	NA	NA	NA	"CL:0000216"	"Sertoli cell"	"perfect match"	"SN115"	NA	3
"CAAGTTGTCCTATGTT"	""	"ERX6700410"	"ERP132577"	"testis"	"Round_spermatids"	NA	NA	NA	"CL:4030036"	"early spermatid"	"perfect match"	"SN115"	NA	1
"CACAAACCAAGTAGTA"	""	"ERX6700410"	"ERP132577"	"testis"	"Round_spermatids"	NA	NA	NA	"CL:4030036"	"early spermatid"	"perfect match"	"SN115"	NA	1
"CACAAACCAAGTTCTG"	""	"ERX6700410"	"ERP132577"	"testis"	"Other_somatic"	NA	NA	NA	"CL:0002371"	"somatic cell"	"perfect match"	"SN115"	NA	2
"CACAAACCACAGCGTC"	""	"ERX6700410"	"ERP132577"	"testis"	"Sertoli"	NA	NA	NA	"CL:0000216"	"Sertoli cell"	"perfect match"	"SN115"	NA	3
"CACAAACCACCACCAG"	""	"ERX6700410"	"ERP132577"	"testis"	"Elongated_spermatids"	NA	NA	NA	"CL:4030037"	"late spermatid"	"perfect match"	"SN115"	NA	4
"CACAAACCAGTCCTTC"	""	"ERX6700410"	"ERP132577"	"testis"	"Round_spermatids"	NA	NA	NA	"CL:4030036"	"early spermatid"	"perfect match"	"SN115"	NA	1
"CACAAACGTAGGGACT"	""	"ERX6700410"	"ERP132577"	"testis"	"Elongated_spermatids"	NA	NA	NA	"CL:4030037"	"late spermatid"	"perfect match"	"SN115"	NA	4
"CACACAAAGCTGGAAC"	""	"ERX6700410"	"ERP132577"	"testis"	"Elongated_spermatids"	NA	NA	NA	"CL:4030037"	"late spermatid"	"perfect match"	"SN115"	NA	4
"CACACAAAGGCCCTTG"	""	"ERX6700410"	"ERP132577"	"testis"	"Round_spermatids"	NA	NA	NA	"CL:4030036"	"early spermatid"	"perfect match"	"SN115"	NA	1
"CACACAACAACTGCTA"	""	"ERX6700410"	"ERP132577"	"testis"	"Spermatogonia"	NA	NA	NA	"CL:0000020"	"spermatogonium"	"perfect match"	"SN115"	NA	6
"CACACCTCAACGATGG"	""	"ERX6700410"	"ERP132577"	"testis"	"Elongated_spermatids"	NA	NA	NA	"CL:4030037"	"late spermatid"	"perfect match"	"SN115"	NA	4
"CACACCTCAACTGCGC"	""	"ERX6700410"	"ERP132577"	"testis"	"Other_somatic"	NA	NA	NA	"CL:0002371"	"somatic cell"	"perfect match"	"SN115"	NA	2
"CACACCTGTAATTGGA"	""	"ERX6700410"	"ERP132577"	"testis"	"Elongated_spermatids"	NA	NA	NA	"CL:4030037"	"late spermatid"	"perfect match"	"SN115"	NA	4
"CACACCTGTCGCATAT"	""	"ERX6700410"	"ERP132577"	"testis"	"Sertoli"	NA	NA	NA	"CL:0000216"	"Sertoli cell"	"perfect match"	"SN115"	NA	3
"CACACCTTCCCTAATT"	""	"ERX6700410"	"ERP132577"	"testis"	"Sertoli"	NA	NA	NA	"CL:0000216"	"Sertoli cell"	"perfect match"	"SN115"	NA	3
"CACACTCAGCTAAACA"	""	"ERX6700410"	"ERP132577"	"testis"	"Other_somatic"	NA	NA	NA	"CL:0002371"	"somatic cell"	"perfect match"	"SN115"	NA	2
"CACACTCAGGAGTTGC"	""	"ERX6700410"	"ERP132577"	"testis"	"Round_spermatids"	NA	NA	NA	"CL:4030036"	"early spermatid"	"perfect match"	"SN115"	NA	1
"CACACTCAGTGGTAGC"	""	"ERX6700410"	"ERP132577"	"testis"	"Elongated_spermatids"	NA	NA	NA	"CL:4030037"	"late spermatid"	"perfect match"	"SN115"	NA	4
"CACACTCCAATGGAAT"	""	"ERX6700410"	"ERP132577"	"testis"	"Other_somatic"	NA	NA	NA	"CL:0002371"	"somatic cell"	"perfect match"	"SN115"	NA	2
"CACACTCCATAACCTG"	""	"ERX6700410"	"ERP132577"	"testis"	"Round_spermatids"	NA	NA	NA	"CL:4030036"	"early spermatid"	"perfect match"	"SN115"	NA	1
"CACACTCGTCCTAGCG"	""	"ERX6700410"	"ERP132577"	"testis"	"Other_somatic"	NA	NA	NA	"CL:0002371"	"somatic cell"	"perfect match"	"SN115"	NA	2
"CACACTCGTGAAATCA"	""	"ERX6700410"	"ERP132577"	"testis"	"Other_somatic"	NA	NA	NA	"CL:0002371"	"somatic cell"	"perfect match"	"SN115"	NA	2
"CACACTCGTGGTTTCA"	""	"ERX6700410"	"ERP132577"	"testis"	"Round_spermatids"	NA	NA	NA	"CL:4030036"	"early spermatid"	"perfect match"	"SN115"	NA	1
"CACACTCTCGTATCAG"	""	"ERX6700410"	"ERP132577"	"testis"	"Other_somatic"	NA	NA	NA	"CL:0002371"	"somatic cell"	"perfect match"	"SN115"	NA	2
"CACACTCTCTTTACGT"	""	"ERX6700410"	"ERP132577"	"testis"	"Round_spermatids"	NA	NA	NA	"CL:4030036"	"early spermatid"	"perfect match"	"SN115"	NA	1
"CACAGGCAGGAGTACC"	""	"ERX6700410"	"ERP132577"	"testis"	"Spermatogonia"	NA	NA	NA	"CL:0000020"	"spermatogonium"	"perfect match"	"SN115"	NA	6
"CACAGGCAGGGTATCG"	""	"ERX6700410"	"ERP132577"	"testis"	"Elongated_spermatids"	NA	NA	NA	"CL:4030037"	"late spermatid"	"perfect match"	"SN115"	NA	4
"CACAGGCTCAACTCTT"	""	"ERX6700410"	"ERP132577"	"testis"	"Other_somatic"	NA	NA	NA	"CL:0002371"	"somatic cell"	"perfect match"	"SN115"	NA	2
"CACAGTAAGGACGAAA"	""	"ERX6700410"	"ERP132577"	"testis"	"Other_somatic"	NA	NA	NA	"CL:0002371"	"somatic cell"	"perfect match"	"SN115"	NA	2
"CACAGTACAACTTGAC"	""	"ERX6700410"	"ERP132577"	"testis"	"Elongated_spermatids"	NA	NA	NA	"CL:4030037"	"late spermatid"	"perfect match"	"SN115"	NA	4
"CACAGTATCAATCTCT"	""	"ERX6700410"	"ERP132577"	"testis"	"Other_somatic"	NA	NA	NA	"CL:0002371"	"somatic cell"	"perfect match"	"SN115"	NA	2
"CACAGTATCTGAAAGA"	""	"ERX6700410"	"ERP132577"	"testis"	"Other_somatic"	NA	NA	NA	"CL:0002371"	"somatic cell"	"perfect match"	"SN115"	NA	2
"CACATAGAGGGTGTTG"	""	"ERX6700410"	"ERP132577"	"testis"	"Elongated_spermatids"	NA	NA	NA	"CL:4030037"	"late spermatid"	"perfect match"	"SN115"	NA	4
"CACATAGCACCAGGCT"	""	"ERX6700410"	"ERP132577"	"testis"	"Other_somatic"	NA	NA	NA	"CL:0002371"	"somatic cell"	"perfect match"	"SN115"	NA	2
"CACATAGGTACGACCC"	""	"ERX6700410"	"ERP132577"	"testis"	"Other_somatic"	NA	NA	NA	"CL:0002371"	"somatic cell"	"perfect match"	"SN115"	NA	2
"CACATAGGTAGCACGA"	""	"ERX6700410"	"ERP132577"	"testis"	"Elongated_spermatids"	NA	NA	NA	"CL:4030037"	"late spermatid"	"perfect match"	"SN115"	NA	4
"CACATAGGTCCAAGTT"	""	"ERX6700410"	"ERP132577"	"testis"	"Spermatocytes"	NA	NA	NA	"CL:0000017"	"spermatocyte"	"perfect match"	"SN115"	NA	5
"CACATAGGTCTCTCGT"	""	"ERX6700410"	"ERP132577"	"testis"	"Elongated_spermatids"	NA	NA	NA	"CL:4030037"	"late spermatid"	"perfect match"	"SN115"	NA	4
"CACATAGGTTAAGATG"	""	"ERX6700410"	"ERP132577"	"testis"	"Round_spermatids"	NA	NA	NA	"CL:4030036"	"early spermatid"	"perfect match"	"SN115"	NA	1
"CACATAGTCAAGGCTT"	""	"ERX6700410"	"ERP132577"	"testis"	"Spermatogonia"	NA	NA	NA	"CL:0000020"	"spermatogonium"	"perfect match"	"SN115"	NA	6
"CACATAGTCTGTACGA"	""	"ERX6700410"	"ERP132577"	"testis"	"Other_somatic"	NA	NA	NA	"CL:0002371"	"somatic cell"	"perfect match"	"SN115"	NA	2
"CACATTTCACGGCGTT"	""	"ERX6700410"	"ERP132577"	"testis"	"Round_spermatids"	NA	NA	NA	"CL:4030036"	"early spermatid"	"perfect match"	"SN115"	NA	1
"CACATTTCACTTCGAA"	""	"ERX6700410"	"ERP132577"	"testis"	"Round_spermatids"	NA	NA	NA	"CL:4030036"	"early spermatid"	"perfect match"	"SN115"	NA	1
"CACATTTGTAGTGAAT"	""	"ERX6700410"	"ERP132577"	"testis"	"Other_somatic"	NA	NA	NA	"CL:0002371"	"somatic cell"	"perfect match"	"SN115"	NA	2
"CACATTTGTATCGCAT"	""	"ERX6700410"	"ERP132577"	"testis"	"Elongated_spermatids"	NA	NA	NA	"CL:4030037"	"late spermatid"	"perfect match"	"SN115"	NA	4
"CACATTTGTCCATCCT"	""	"ERX6700410"	"ERP132577"	"testis"	"Other_somatic"	NA	NA	NA	"CL:0002371"	"somatic cell"	"perfect match"	"SN115"	NA	2
"CACATTTGTTCGTGAT"	""	"ERX6700410"	"ERP132577"	"testis"	"Other_somatic"	NA	NA	NA	"CL:0002371"	"somatic cell"	"perfect match"	"SN115"	NA	2
"CACATTTTCCCAGGTG"	""	"ERX6700410"	"ERP132577"	"testis"	"Elongated_spermatids"	NA	NA	NA	"CL:4030037"	"late spermatid"	"perfect match"	"SN115"	NA	4
"CACATTTTCTCGTTTA"	""	"ERX6700410"	"ERP132577"	"testis"	"Round_spermatids"	NA	NA	NA	"CL:4030036"	"early spermatid"	"perfect match"	"SN115"	NA	1
"CACCACTAGCTCAACT"	""	"ERX6700410"	"ERP132577"	"testis"	"Elongated_spermatids"	NA	NA	NA	"CL:4030037"	"late spermatid"	"perfect match"	"SN115"	NA	4
"CACCACTCACACATGT"	""	"ERX6700410"	"ERP132577"	"testis"	"Round_spermatids"	NA	NA	NA	"CL:4030036"	"early spermatid"	"perfect match"	"SN115"	NA	1
"CACCACTGTCATATCG"	""	"ERX6700410"	"ERP132577"	"testis"	"Round_spermatids"	NA	NA	NA	"CL:4030036"	"early spermatid"	"perfect match"	"SN115"	NA	1
"CACCAGGAGGACCACA"	""	"ERX6700410"	"ERP132577"	"testis"	"Elongated_spermatids"	NA	NA	NA	"CL:4030037"	"late spermatid"	"perfect match"	"SN115"	NA	4
"CACCAGGCAAACTGTC"	""	"ERX6700410"	"ERP132577"	"testis"	"Elongated_spermatids"	NA	NA	NA	"CL:4030037"	"late spermatid"	"perfect match"	"SN115"	NA	4
"CACCAGGCAGTCACTA"	""	"ERX6700410"	"ERP132577"	"testis"	"Spermatogonia"	NA	NA	NA	"CL:0000020"	"spermatogonium"	"perfect match"	"SN115"	NA	6
"CACCAGGCAGTGACAG"	""	"ERX6700410"	"ERP132577"	"testis"	"Round_spermatids"	NA	NA	NA	"CL:4030036"	"early spermatid"	"perfect match"	"SN115"	NA	1
"CACCAGGCATGTCTCC"	""	"ERX6700410"	"ERP132577"	"testis"	"Elongated_spermatids"	NA	NA	NA	"CL:4030037"	"late spermatid"	"perfect match"	"SN115"	NA	4
"CACCAGGGTATTACCG"	""	"ERX6700410"	"ERP132577"	"testis"	"Round_spermatids"	NA	NA	NA	"CL:4030036"	"early spermatid"	"perfect match"	"SN115"	NA	1
"CACCAGGGTTGCCTCT"	""	"ERX6700410"	"ERP132577"	"testis"	"Round_spermatids"	NA	NA	NA	"CL:4030036"	"early spermatid"	"perfect match"	"SN115"	NA	1
"CACCAGGGTTTGTTGG"	""	"ERX6700410"	"ERP132577"	"testis"	"Sertoli"	NA	NA	NA	"CL:0000216"	"Sertoli cell"	"perfect match"	"SN115"	NA	3
"CACCAGGTCCAGAAGG"	""	"ERX6700410"	"ERP132577"	"testis"	"Round_spermatids"	NA	NA	NA	"CL:4030036"	"early spermatid"	"perfect match"	"SN115"	NA	1
"CACCAGGTCTAAGCCA"	""	"ERX6700410"	"ERP132577"	"testis"	"Spermatocytes"	NA	NA	NA	"CL:0000017"	"spermatocyte"	"perfect match"	"SN115"	NA	5
"CACCTTGAGACTGTAA"	""	"ERX6700410"	"ERP132577"	"testis"	"Round_spermatids"	NA	NA	NA	"CL:4030036"	"early spermatid"	"perfect match"	"SN115"	NA	1
"CACCTTGCATATGGTC"	""	"ERX6700410"	"ERP132577"	"testis"	"Elongated_spermatids"	NA	NA	NA	"CL:4030037"	"late spermatid"	"perfect match"	"SN115"	NA	4
"CACCTTGGTCGCCATG"	""	"ERX6700410"	"ERP132577"	"testis"	"Elongated_spermatids"	NA	NA	NA	"CL:4030037"	"late spermatid"	"perfect match"	"SN115"	NA	4
"CACCTTGTCGTATCAG"	""	"ERX6700410"	"ERP132577"	"testis"	"Other_somatic"	NA	NA	NA	"CL:0002371"	"somatic cell"	"perfect match"	"SN115"	NA	2
"CACCTTGTCTCGGACG"	""	"ERX6700410"	"ERP132577"	"testis"	"Round_spermatids"	NA	NA	NA	"CL:4030036"	"early spermatid"	"perfect match"	"SN115"	NA	1
"CACTCCAAGATGCGAC"	""	"ERX6700410"	"ERP132577"	"testis"	"Round_spermatids"	NA	NA	NA	"CL:4030036"	"early spermatid"	"perfect match"	"SN115"	NA	1
"CACTCCAAGTGTACCT"	""	"ERX6700410"	"ERP132577"	"testis"	"Other_somatic"	NA	NA	NA	"CL:0002371"	"somatic cell"	"perfect match"	"SN115"	NA	2
"CACTCCACAAAGTCAA"	""	"ERX6700410"	"ERP132577"	"testis"	"Other_somatic"	NA	NA	NA	"CL:0002371"	"somatic cell"	"perfect match"	"SN115"	NA	2
"CACTCCACAGGGTTAG"	""	"ERX6700410"	"ERP132577"	"testis"	"Spermatogonia"	NA	NA	NA	"CL:0000020"	"spermatogonium"	"perfect match"	"SN115"	NA	6
"CACTCCACATCTCGCT"	""	"ERX6700410"	"ERP132577"	"testis"	"Other_somatic"	NA	NA	NA	"CL:0002371"	"somatic cell"	"perfect match"	"SN115"	NA	2
"CACTCCATCGGCTACG"	""	"ERX6700410"	"ERP132577"	"testis"	"Other_somatic"	NA	NA	NA	"CL:0002371"	"somatic cell"	"perfect match"	"SN115"	NA	2
"CAGAATCCACATTTCT"	""	"ERX6700410"	"ERP132577"	"testis"	"Elongated_spermatids"	NA	NA	NA	"CL:4030037"	"late spermatid"	"perfect match"	"SN115"	NA	4
"CAGAATCCAGCCTTGG"	""	"ERX6700410"	"ERP132577"	"testis"	"Round_spermatids"	NA	NA	NA	"CL:4030036"	"early spermatid"	"perfect match"	"SN115"	NA	1
"CAGAATCGTCTACCTC"	""	"ERX6700410"	"ERP132577"	"testis"	"Round_spermatids"	NA	NA	NA	"CL:4030036"	"early spermatid"	"perfect match"	"SN115"	NA	1
"CAGAGAGAGCGATTCT"	""	"ERX6700410"	"ERP132577"	"testis"	"Sertoli"	NA	NA	NA	"CL:0000216"	"Sertoli cell"	"perfect match"	"SN115"	NA	3
"CAGAGAGAGCTAGTGG"	""	"ERX6700410"	"ERP132577"	"testis"	"Elongated_spermatids"	NA	NA	NA	"CL:4030037"	"late spermatid"	"perfect match"	"SN115"	NA	4
"CAGAGAGCAAGCGAGT"	""	"ERX6700410"	"ERP132577"	"testis"	"Round_spermatids"	NA	NA	NA	"CL:4030036"	"early spermatid"	"perfect match"	"SN115"	NA	1
"CAGAGAGCACTTAAGC"	""	"ERX6700410"	"ERP132577"	"testis"	"Sertoli"	NA	NA	NA	"CL:0000216"	"Sertoli cell"	"perfect match"	"SN115"	NA	3
"CAGAGAGCATTGGGCC"	""	"ERX6700410"	"ERP132577"	"testis"	"Other_somatic"	NA	NA	NA	"CL:0002371"	"somatic cell"	"perfect match"	"SN115"	NA	2
"CAGAGAGGTCAGCTAT"	""	"ERX6700410"	"ERP132577"	"testis"	"Other_somatic"	NA	NA	NA	"CL:0002371"	"somatic cell"	"perfect match"	"SN115"	NA	2
"CAGAGAGGTCTTCGTC"	""	"ERX6700410"	"ERP132577"	"testis"	"Other_somatic"	NA	NA	NA	"CL:0002371"	"somatic cell"	"perfect match"	"SN115"	NA	2
"CAGAGAGTCACTTATC"	""	"ERX6700410"	"ERP132577"	"testis"	"Other_somatic"	NA	NA	NA	"CL:0002371"	"somatic cell"	"perfect match"	"SN115"	NA	2
"CAGAGAGTCGAGAACG"	""	"ERX6700410"	"ERP132577"	"testis"	"Other_somatic"	NA	NA	NA	"CL:0002371"	"somatic cell"	"perfect match"	"SN115"	NA	2
"CAGAGAGTCTCACATT"	""	"ERX6700410"	"ERP132577"	"testis"	"Sertoli"	NA	NA	NA	"CL:0000216"	"Sertoli cell"	"perfect match"	"SN115"	NA	3
"CAGATCACAGGACGTA"	""	"ERX6700410"	"ERP132577"	"testis"	"Round_spermatids"	NA	NA	NA	"CL:4030036"	"early spermatid"	"perfect match"	"SN115"	NA	1
"CAGATCAGTGACTCAT"	""	"ERX6700410"	"ERP132577"	"testis"	"Round_spermatids"	NA	NA	NA	"CL:4030036"	"early spermatid"	"perfect match"	"SN115"	NA	1
"CAGATCATCAGGCGAA"	""	"ERX6700410"	"ERP132577"	"testis"	"Round_spermatids"	NA	NA	NA	"CL:4030036"	"early spermatid"	"perfect match"	"SN115"	NA	1
"CAGATCATCCACTCCA"	""	"ERX6700410"	"ERP132577"	"testis"	"Other_somatic"	NA	NA	NA	"CL:0002371"	"somatic cell"	"perfect match"	"SN115"	NA	2
"CAGATCATCCCACTTG"	""	"ERX6700410"	"ERP132577"	"testis"	"Round_spermatids"	NA	NA	NA	"CL:4030036"	"early spermatid"	"perfect match"	"SN115"	NA	1
"CAGCAGCAGGATGGTC"	""	"ERX6700410"	"ERP132577"	"testis"	"Spermatogonia"	NA	NA	NA	"CL:0000020"	"spermatogonium"	"perfect match"	"SN115"	NA	6
"CAGCAGCCACCTTGTC"	""	"ERX6700410"	"ERP132577"	"testis"	"Sertoli"	NA	NA	NA	"CL:0000216"	"Sertoli cell"	"perfect match"	"SN115"	NA	3
"CAGCAGCGTAATTGGA"	""	"ERX6700410"	"ERP132577"	"testis"	"Round_spermatids"	NA	NA	NA	"CL:4030036"	"early spermatid"	"perfect match"	"SN115"	NA	1
"CAGCAGCGTCTCTCGT"	""	"ERX6700410"	"ERP132577"	"testis"	"Round_spermatids"	NA	NA	NA	"CL:4030036"	"early spermatid"	"perfect match"	"SN115"	NA	1
"CAGCAGCGTGGACGAT"	""	"ERX6700410"	"ERP132577"	"testis"	"Elongated_spermatids"	NA	NA	NA	"CL:4030037"	"late spermatid"	"perfect match"	"SN115"	NA	4
"CAGCAGCGTTTGTGTG"	""	"ERX6700410"	"ERP132577"	"testis"	"Spermatogonia"	NA	NA	NA	"CL:0000020"	"spermatogonium"	"perfect match"	"SN115"	NA	6
"CAGCAGCTCCTTTACA"	""	"ERX6700410"	"ERP132577"	"testis"	"Elongated_spermatids"	NA	NA	NA	"CL:4030037"	"late spermatid"	"perfect match"	"SN115"	NA	4
"CAGCAGCTCTTATCTG"	""	"ERX6700410"	"ERP132577"	"testis"	"Round_spermatids"	NA	NA	NA	"CL:4030036"	"early spermatid"	"perfect match"	"SN115"	NA	1
"CAGCATAAGACAATAC"	""	"ERX6700410"	"ERP132577"	"testis"	"Elongated_spermatids"	NA	NA	NA	"CL:4030037"	"late spermatid"	"perfect match"	"SN115"	NA	4
"CAGCATAAGGCTCTTA"	""	"ERX6700410"	"ERP132577"	"testis"	"Elongated_spermatids"	NA	NA	NA	"CL:4030037"	"late spermatid"	"perfect match"	"SN115"	NA	4
"CAGCATAAGTGGGCTA"	""	"ERX6700410"	"ERP132577"	"testis"	"Other_somatic"	NA	NA	NA	"CL:0002371"	"somatic cell"	"perfect match"	"SN115"	NA	2
"CAGCATAAGTGTGGCA"	""	"ERX6700410"	"ERP132577"	"testis"	"Other_somatic"	NA	NA	NA	"CL:0002371"	"somatic cell"	"perfect match"	"SN115"	NA	2
"CAGCATACAATCTGCA"	""	"ERX6700410"	"ERP132577"	"testis"	"Other_somatic"	NA	NA	NA	"CL:0002371"	"somatic cell"	"perfect match"	"SN115"	NA	2
"CAGCATACACAGAGGT"	""	"ERX6700410"	"ERP132577"	"testis"	"Elongated_spermatids"	NA	NA	NA	"CL:4030037"	"late spermatid"	"perfect match"	"SN115"	NA	4
"CAGCATACATCGGTTA"	""	"ERX6700410"	"ERP132577"	"testis"	"Round_spermatids"	NA	NA	NA	"CL:4030036"	"early spermatid"	"perfect match"	"SN115"	NA	1
"CAGCATAGTCACACGC"	""	"ERX6700410"	"ERP132577"	"testis"	"Round_spermatids"	NA	NA	NA	"CL:4030036"	"early spermatid"	"perfect match"	"SN115"	NA	1
"CAGCATAGTCATCCCT"	""	"ERX6700410"	"ERP132577"	"testis"	"Round_spermatids"	NA	NA	NA	"CL:4030036"	"early spermatid"	"perfect match"	"SN115"	NA	1
"CAGCATAGTGCTGTAT"	""	"ERX6700410"	"ERP132577"	"testis"	"Round_spermatids"	NA	NA	NA	"CL:4030036"	"early spermatid"	"perfect match"	"SN115"	NA	1
"CAGCATATCCCTTGCA"	""	"ERX6700410"	"ERP132577"	"testis"	"Elongated_spermatids"	NA	NA	NA	"CL:4030037"	"late spermatid"	"perfect match"	"SN115"	NA	4
"CAGCATATCGTCTGAA"	""	"ERX6700410"	"ERP132577"	"testis"	"Elongated_spermatids"	NA	NA	NA	"CL:4030037"	"late spermatid"	"perfect match"	"SN115"	NA	4
"CAGCATATCTGAAAGA"	""	"ERX6700410"	"ERP132577"	"testis"	"Other_somatic"	NA	NA	NA	"CL:0002371"	"somatic cell"	"perfect match"	"SN115"	NA	2
"CAGCCGAAGACCTAGG"	""	"ERX6700410"	"ERP132577"	"testis"	"Sertoli"	NA	NA	NA	"CL:0000216"	"Sertoli cell"	"perfect match"	"SN115"	NA	3
"CAGCCGAAGAGCCCAA"	""	"ERX6700410"	"ERP132577"	"testis"	"Spermatocytes"	NA	NA	NA	"CL:0000017"	"spermatocyte"	"perfect match"	"SN115"	NA	5
"CAGCCGAAGCAGCCTC"	""	"ERX6700410"	"ERP132577"	"testis"	"Elongated_spermatids"	NA	NA	NA	"CL:4030037"	"late spermatid"	"perfect match"	"SN115"	NA	4
"CAGCCGAAGCCGTCGT"	""	"ERX6700410"	"ERP132577"	"testis"	"Round_spermatids"	NA	NA	NA	"CL:4030036"	"early spermatid"	"perfect match"	"SN115"	NA	1
"CAGCCGAAGTGTGGCA"	""	"ERX6700410"	"ERP132577"	"testis"	"Round_spermatids"	NA	NA	NA	"CL:4030036"	"early spermatid"	"perfect match"	"SN115"	NA	1
"CAGCCGACAGGCGATA"	""	"ERX6700410"	"ERP132577"	"testis"	"Other_somatic"	NA	NA	NA	"CL:0002371"	"somatic cell"	"perfect match"	"SN115"	NA	2
"CAGCCGACATCTACGA"	""	"ERX6700410"	"ERP132577"	"testis"	"Round_spermatids"	NA	NA	NA	"CL:4030036"	"early spermatid"	"perfect match"	"SN115"	NA	1
"CAGCGACAGGAGTACC"	""	"ERX6700410"	"ERP132577"	"testis"	"Round_spermatids"	NA	NA	NA	"CL:4030036"	"early spermatid"	"perfect match"	"SN115"	NA	1
"CAGCGACAGGCTAGAC"	""	"ERX6700410"	"ERP132577"	"testis"	"Round_spermatids"	NA	NA	NA	"CL:4030036"	"early spermatid"	"perfect match"	"SN115"	NA	1
"CAGCGACAGTCGAGTG"	""	"ERX6700410"	"ERP132577"	"testis"	"Spermatocytes"	NA	NA	NA	"CL:0000017"	"spermatocyte"	"perfect match"	"SN115"	NA	5
"CAGCGACAGTGGAGTC"	""	"ERX6700410"	"ERP132577"	"testis"	"Round_spermatids"	NA	NA	NA	"CL:4030036"	"early spermatid"	"perfect match"	"SN115"	NA	1
"CAGCGACCAAGTAATG"	""	"ERX6700410"	"ERP132577"	"testis"	"Spermatocytes"	NA	NA	NA	"CL:0000017"	"spermatocyte"	"perfect match"	"SN115"	NA	5
"CAGCGACGTAATCGTC"	""	"ERX6700410"	"ERP132577"	"testis"	"Other_somatic"	NA	NA	NA	"CL:0002371"	"somatic cell"	"perfect match"	"SN115"	NA	2
"CAGCGACTCCGTTGCT"	""	"ERX6700410"	"ERP132577"	"testis"	"Other_somatic"	NA	NA	NA	"CL:0002371"	"somatic cell"	"perfect match"	"SN115"	NA	2
"CAGCGACTCTTGAGGT"	""	"ERX6700410"	"ERP132577"	"testis"	"Elongated_spermatids"	NA	NA	NA	"CL:4030037"	"late spermatid"	"perfect match"	"SN115"	NA	4
"CAGCTAAAGCAGGCTA"	""	"ERX6700410"	"ERP132577"	"testis"	"Round_spermatids"	NA	NA	NA	"CL:4030036"	"early spermatid"	"perfect match"	"SN115"	NA	1
"CAGCTAAAGCCAGAAC"	""	"ERX6700410"	"ERP132577"	"testis"	"Round_spermatids"	NA	NA	NA	"CL:4030036"	"early spermatid"	"perfect match"	"SN115"	NA	1
"CAGCTAAAGCGTGAAC"	""	"ERX6700410"	"ERP132577"	"testis"	"Other_somatic"	NA	NA	NA	"CL:0002371"	"somatic cell"	"perfect match"	"SN115"	NA	2
"CAGCTAAAGCTAGTTC"	""	"ERX6700410"	"ERP132577"	"testis"	"Elongated_spermatids"	NA	NA	NA	"CL:4030037"	"late spermatid"	"perfect match"	"SN115"	NA	4
"CAGCTAACAAGCCGTC"	""	"ERX6700410"	"ERP132577"	"testis"	"Sertoli"	NA	NA	NA	"CL:0000216"	"Sertoli cell"	"perfect match"	"SN115"	NA	3
"CAGCTAACAAGCGTAG"	""	"ERX6700410"	"ERP132577"	"testis"	"Round_spermatids"	NA	NA	NA	"CL:4030036"	"early spermatid"	"perfect match"	"SN115"	NA	1
"CAGCTAAGTAAGGATT"	""	"ERX6700410"	"ERP132577"	"testis"	"Round_spermatids"	NA	NA	NA	"CL:4030036"	"early spermatid"	"perfect match"	"SN115"	NA	1
"CAGCTAAGTCTAGCCG"	""	"ERX6700410"	"ERP132577"	"testis"	"Spermatogonia"	NA	NA	NA	"CL:0000020"	"spermatogonium"	"perfect match"	"SN115"	NA	6
"CAGCTAAGTTGGTAAA"	""	"ERX6700410"	"ERP132577"	"testis"	"Other_somatic"	NA	NA	NA	"CL:0002371"	"somatic cell"	"perfect match"	"SN115"	NA	2
"CAGCTAATCCTGCCAT"	""	"ERX6700410"	"ERP132577"	"testis"	"Other_somatic"	NA	NA	NA	"CL:0002371"	"somatic cell"	"perfect match"	"SN115"	NA	2
"CAGCTGGAGAGTTGGC"	""	"ERX6700410"	"ERP132577"	"testis"	"Sertoli"	NA	NA	NA	"CL:0000216"	"Sertoli cell"	"perfect match"	"SN115"	NA	3
"CAGCTGGAGGAGTCTG"	""	"ERX6700410"	"ERP132577"	"testis"	"Sertoli"	NA	NA	NA	"CL:0000216"	"Sertoli cell"	"perfect match"	"SN115"	NA	3
"CAGCTGGCAATGAAAC"	""	"ERX6700410"	"ERP132577"	"testis"	"Other_somatic"	NA	NA	NA	"CL:0002371"	"somatic cell"	"perfect match"	"SN115"	NA	2
"CAGCTGGCACGAAAGC"	""	"ERX6700410"	"ERP132577"	"testis"	"Other_somatic"	NA	NA	NA	"CL:0002371"	"somatic cell"	"perfect match"	"SN115"	NA	2
"CAGCTGGCATACTACG"	""	"ERX6700410"	"ERP132577"	"testis"	"Other_somatic"	NA	NA	NA	"CL:0002371"	"somatic cell"	"perfect match"	"SN115"	NA	2
"CAGCTGGTCATTATCC"	""	"ERX6700410"	"ERP132577"	"testis"	"Spermatocytes"	NA	NA	NA	"CL:0000017"	"spermatocyte"	"perfect match"	"SN115"	NA	5
"CAGCTGGTCTCTGTCG"	""	"ERX6700410"	"ERP132577"	"testis"	"Other_somatic"	NA	NA	NA	"CL:0002371"	"somatic cell"	"perfect match"	"SN115"	NA	2
"CAGCTGGTCTGGTGTA"	""	"ERX6700410"	"ERP132577"	"testis"	"Other_somatic"	NA	NA	NA	"CL:0002371"	"somatic cell"	"perfect match"	"SN115"	NA	2
"CAGGTGCAGAACAATC"	""	"ERX6700410"	"ERP132577"	"testis"	"Other_somatic"	NA	NA	NA	"CL:0002371"	"somatic cell"	"perfect match"	"SN115"	NA	2
"CAGGTGCAGACAAAGG"	""	"ERX6700410"	"ERP132577"	"testis"	"Elongated_spermatids"	NA	NA	NA	"CL:4030037"	"late spermatid"	"perfect match"	"SN115"	NA	4
"CAGGTGCCAAATTGCC"	""	"ERX6700410"	"ERP132577"	"testis"	"Elongated_spermatids"	NA	NA	NA	"CL:4030037"	"late spermatid"	"perfect match"	"SN115"	NA	4
"CAGGTGCCACTTAAGC"	""	"ERX6700410"	"ERP132577"	"testis"	"Other_somatic"	NA	NA	NA	"CL:0002371"	"somatic cell"	"perfect match"	"SN115"	NA	2
"CAGGTGCCAGGTGCCT"	""	"ERX6700410"	"ERP132577"	"testis"	"Other_somatic"	NA	NA	NA	"CL:0002371"	"somatic cell"	"perfect match"	"SN115"	NA	2
"CAGGTGCGTTCACGGC"	""	"ERX6700410"	"ERP132577"	"testis"	"Sertoli"	NA	NA	NA	"CL:0000216"	"Sertoli cell"	"perfect match"	"SN115"	NA	3
"CAGTAACAGCTAACTC"	""	"ERX6700410"	"ERP132577"	"testis"	"Other_somatic"	NA	NA	NA	"CL:0002371"	"somatic cell"	"perfect match"	"SN115"	NA	2
"CAGTAACAGTTGAGAT"	""	"ERX6700410"	"ERP132577"	"testis"	"Other_somatic"	NA	NA	NA	"CL:0002371"	"somatic cell"	"perfect match"	"SN115"	NA	2
"CAGTAACCAAGTTCTG"	""	"ERX6700410"	"ERP132577"	"testis"	"Round_spermatids"	NA	NA	NA	"CL:4030036"	"early spermatid"	"perfect match"	"SN115"	NA	1
"CAGTAACCAGCCAATT"	""	"ERX6700410"	"ERP132577"	"testis"	"Elongated_spermatids"	NA	NA	NA	"CL:4030037"	"late spermatid"	"perfect match"	"SN115"	NA	4
"CAGTAACCAGTGACAG"	""	"ERX6700410"	"ERP132577"	"testis"	"Other_somatic"	NA	NA	NA	"CL:0002371"	"somatic cell"	"perfect match"	"SN115"	NA	2
"CAGTAACGTCCTAGCG"	""	"ERX6700410"	"ERP132577"	"testis"	"Sertoli"	NA	NA	NA	"CL:0000216"	"Sertoli cell"	"perfect match"	"SN115"	NA	3
"CAGTAACGTCGCGTGT"	""	"ERX6700410"	"ERP132577"	"testis"	"Elongated_spermatids"	NA	NA	NA	"CL:4030037"	"late spermatid"	"perfect match"	"SN115"	NA	4
"CAGTAACGTTGACGTT"	""	"ERX6700410"	"ERP132577"	"testis"	"Elongated_spermatids"	NA	NA	NA	"CL:4030037"	"late spermatid"	"perfect match"	"SN115"	NA	4
"CAGTAACTCAATACCG"	""	"ERX6700410"	"ERP132577"	"testis"	"Spermatogonia"	NA	NA	NA	"CL:0000020"	"spermatogonium"	"perfect match"	"SN115"	NA	6
"CAGTAACTCAATCTCT"	""	"ERX6700410"	"ERP132577"	"testis"	"Other_somatic"	NA	NA	NA	"CL:0002371"	"somatic cell"	"perfect match"	"SN115"	NA	2
"CAGTAACTCCCAACGG"	""	"ERX6700410"	"ERP132577"	"testis"	"Sertoli"	NA	NA	NA	"CL:0000216"	"Sertoli cell"	"perfect match"	"SN115"	NA	3
"CAGTAACTCCCTTGTG"	""	"ERX6700410"	"ERP132577"	"testis"	"Elongated_spermatids"	NA	NA	NA	"CL:4030037"	"late spermatid"	"perfect match"	"SN115"	NA	4
"CAGTAACTCCTCAACC"	""	"ERX6700410"	"ERP132577"	"testis"	"Other_somatic"	NA	NA	NA	"CL:0002371"	"somatic cell"	"perfect match"	"SN115"	NA	2
"CAGTCCTAGCCCAACC"	""	"ERX6700410"	"ERP132577"	"testis"	"Round_spermatids"	NA	NA	NA	"CL:4030036"	"early spermatid"	"perfect match"	"SN115"	NA	1
"CAGTCCTAGTGTTTGC"	""	"ERX6700410"	"ERP132577"	"testis"	"Other_somatic"	NA	NA	NA	"CL:0002371"	"somatic cell"	"perfect match"	"SN115"	NA	2
"CAGTCCTAGTTACGGG"	""	"ERX6700410"	"ERP132577"	"testis"	"Other_somatic"	NA	NA	NA	"CL:0002371"	"somatic cell"	"perfect match"	"SN115"	NA	2
"CAGTCCTGTCTTGTCC"	""	"ERX6700410"	"ERP132577"	"testis"	"Round_spermatids"	NA	NA	NA	"CL:4030036"	"early spermatid"	"perfect match"	"SN115"	NA	1
"CAGTCCTTCAGCAACT"	""	"ERX6700410"	"ERP132577"	"testis"	"Elongated_spermatids"	NA	NA	NA	"CL:4030037"	"late spermatid"	"perfect match"	"SN115"	NA	4
"CAGTCCTTCCTACAGA"	""	"ERX6700410"	"ERP132577"	"testis"	"Other_somatic"	NA	NA	NA	"CL:0002371"	"somatic cell"	"perfect match"	"SN115"	NA	2
"CAGTCCTTCTGCCAGG"	""	"ERX6700410"	"ERP132577"	"testis"	"Elongated_spermatids"	NA	NA	NA	"CL:4030037"	"late spermatid"	"perfect match"	"SN115"	NA	4
"CATATGGAGACGACGT"	""	"ERX6700410"	"ERP132577"	"testis"	"Elongated_spermatids"	NA	NA	NA	"CL:4030037"	"late spermatid"	"perfect match"	"SN115"	NA	4
"CATATGGCACGGACAA"	""	"ERX6700410"	"ERP132577"	"testis"	"Elongated_spermatids"	NA	NA	NA	"CL:4030037"	"late spermatid"	"perfect match"	"SN115"	NA	4
"CATATGGGTAGAGTGC"	""	"ERX6700410"	"ERP132577"	"testis"	"Other_somatic"	NA	NA	NA	"CL:0002371"	"somatic cell"	"perfect match"	"SN115"	NA	2
"CATATGGGTAGCGATG"	""	"ERX6700410"	"ERP132577"	"testis"	"Other_somatic"	NA	NA	NA	"CL:0002371"	"somatic cell"	"perfect match"	"SN115"	NA	2
"CATATGGGTGGGTATG"	""	"ERX6700410"	"ERP132577"	"testis"	"Round_spermatids"	NA	NA	NA	"CL:4030036"	"early spermatid"	"perfect match"	"SN115"	NA	1
"CATATGGTCACAACGT"	""	"ERX6700410"	"ERP132577"	"testis"	"Round_spermatids"	NA	NA	NA	"CL:4030036"	"early spermatid"	"perfect match"	"SN115"	NA	1
"CATATGGTCAGCTTAG"	""	"ERX6700410"	"ERP132577"	"testis"	"Other_somatic"	NA	NA	NA	"CL:0002371"	"somatic cell"	"perfect match"	"SN115"	NA	2
"CATATTCCAAGTTCTG"	""	"ERX6700410"	"ERP132577"	"testis"	"Other_somatic"	NA	NA	NA	"CL:0002371"	"somatic cell"	"perfect match"	"SN115"	NA	2
"CATATTCCACCCATTC"	""	"ERX6700410"	"ERP132577"	"testis"	"Round_spermatids"	NA	NA	NA	"CL:4030036"	"early spermatid"	"perfect match"	"SN115"	NA	1
"CATATTCCAGCTGCTG"	""	"ERX6700410"	"ERP132577"	"testis"	"Other_somatic"	NA	NA	NA	"CL:0002371"	"somatic cell"	"perfect match"	"SN115"	NA	2
"CATATTCCATAGAAAC"	""	"ERX6700410"	"ERP132577"	"testis"	"Other_somatic"	NA	NA	NA	"CL:0002371"	"somatic cell"	"perfect match"	"SN115"	NA	2
"CATATTCGTCTGATTG"	""	"ERX6700410"	"ERP132577"	"testis"	"Other_somatic"	NA	NA	NA	"CL:0002371"	"somatic cell"	"perfect match"	"SN115"	NA	2
"CATATTCTCAAGGTAA"	""	"ERX6700410"	"ERP132577"	"testis"	"Round_spermatids"	NA	NA	NA	"CL:4030036"	"early spermatid"	"perfect match"	"SN115"	NA	1
"CATATTCTCACATAGC"	""	"ERX6700410"	"ERP132577"	"testis"	"Elongated_spermatids"	NA	NA	NA	"CL:4030037"	"late spermatid"	"perfect match"	"SN115"	NA	4
"CATATTCTCGAATGGG"	""	"ERX6700410"	"ERP132577"	"testis"	"Spermatocytes"	NA	NA	NA	"CL:0000017"	"spermatocyte"	"perfect match"	"SN115"	NA	5
"CATCAAGAGTAGCCGA"	""	"ERX6700410"	"ERP132577"	"testis"	"Round_spermatids"	NA	NA	NA	"CL:4030036"	"early spermatid"	"perfect match"	"SN115"	NA	1
"CATCAAGAGTTCGATC"	""	"ERX6700410"	"ERP132577"	"testis"	"Elongated_spermatids"	NA	NA	NA	"CL:4030037"	"late spermatid"	"perfect match"	"SN115"	NA	4
"CATCAAGGTCTGGTCG"	""	"ERX6700410"	"ERP132577"	"testis"	"Other_somatic"	NA	NA	NA	"CL:0002371"	"somatic cell"	"perfect match"	"SN115"	NA	2
"CATCAAGGTGAAATCA"	""	"ERX6700410"	"ERP132577"	"testis"	"Elongated_spermatids"	NA	NA	NA	"CL:4030037"	"late spermatid"	"perfect match"	"SN115"	NA	4
"CATCAAGTCACTCCTG"	""	"ERX6700410"	"ERP132577"	"testis"	"Other_somatic"	NA	NA	NA	"CL:0002371"	"somatic cell"	"perfect match"	"SN115"	NA	2
"CATCAGAAGCCACGTC"	""	"ERX6700410"	"ERP132577"	"testis"	"Elongated_spermatids"	NA	NA	NA	"CL:4030037"	"late spermatid"	"perfect match"	"SN115"	NA	4
"CATCAGAAGGATGGAA"	""	"ERX6700410"	"ERP132577"	"testis"	"Other_somatic"	NA	NA	NA	"CL:0002371"	"somatic cell"	"perfect match"	"SN115"	NA	2
"CATCAGAAGTGGGATC"	""	"ERX6700410"	"ERP132577"	"testis"	"Round_spermatids"	NA	NA	NA	"CL:4030036"	"early spermatid"	"perfect match"	"SN115"	NA	1
"CATCAGACACGGCGTT"	""	"ERX6700410"	"ERP132577"	"testis"	"Elongated_spermatids"	NA	NA	NA	"CL:4030037"	"late spermatid"	"perfect match"	"SN115"	NA	4
"CATCAGACAGTATAAG"	""	"ERX6700410"	"ERP132577"	"testis"	"Round_spermatids"	NA	NA	NA	"CL:4030036"	"early spermatid"	"perfect match"	"SN115"	NA	1
"CATCAGACATCGATGT"	""	"ERX6700410"	"ERP132577"	"testis"	"Other_somatic"	NA	NA	NA	"CL:0002371"	"somatic cell"	"perfect match"	"SN115"	NA	2
"CATCAGACATGGAATA"	""	"ERX6700410"	"ERP132577"	"testis"	"Round_spermatids"	NA	NA	NA	"CL:4030036"	"early spermatid"	"perfect match"	"SN115"	NA	1
"CATCAGAGTCAACATC"	""	"ERX6700410"	"ERP132577"	"testis"	"Other_somatic"	NA	NA	NA	"CL:0002371"	"somatic cell"	"perfect match"	"SN115"	NA	2
"CATCAGATCCTTCAAT"	""	"ERX6700410"	"ERP132577"	"testis"	"Elongated_spermatids"	NA	NA	NA	"CL:4030037"	"late spermatid"	"perfect match"	"SN115"	NA	4
"CATCCACAGATACACA"	""	"ERX6700410"	"ERP132577"	"testis"	"Other_somatic"	NA	NA	NA	"CL:0002371"	"somatic cell"	"perfect match"	"SN115"	NA	2
"CATCCACAGGATGTAT"	""	"ERX6700410"	"ERP132577"	"testis"	"Other_somatic"	NA	NA	NA	"CL:0002371"	"somatic cell"	"perfect match"	"SN115"	NA	2
"CATCCACCACTCGACG"	""	"ERX6700410"	"ERP132577"	"testis"	"Elongated_spermatids"	NA	NA	NA	"CL:4030037"	"late spermatid"	"perfect match"	"SN115"	NA	4
"CATCCACCAGGCTCAC"	""	"ERX6700410"	"ERP132577"	"testis"	"Round_spermatids"	NA	NA	NA	"CL:4030036"	"early spermatid"	"perfect match"	"SN115"	NA	1
"CATCCACGTAGAAAGG"	""	"ERX6700410"	"ERP132577"	"testis"	"Sertoli"	NA	NA	NA	"CL:0000216"	"Sertoli cell"	"perfect match"	"SN115"	NA	3
"CATCCACGTAGATTAG"	""	"ERX6700410"	"ERP132577"	"testis"	"Other_somatic"	NA	NA	NA	"CL:0002371"	"somatic cell"	"perfect match"	"SN115"	NA	2
"CATCCACGTCTAGCGC"	""	"ERX6700410"	"ERP132577"	"testis"	"Round_spermatids"	NA	NA	NA	"CL:4030036"	"early spermatid"	"perfect match"	"SN115"	NA	1
"CATCCACGTCTTGCGG"	""	"ERX6700410"	"ERP132577"	"testis"	"Elongated_spermatids"	NA	NA	NA	"CL:4030037"	"late spermatid"	"perfect match"	"SN115"	NA	4
"CATCCACTCGATGAGG"	""	"ERX6700410"	"ERP132577"	"testis"	"Round_spermatids"	NA	NA	NA	"CL:4030036"	"early spermatid"	"perfect match"	"SN115"	NA	1
"CATCGAAAGTCCTCCT"	""	"ERX6700410"	"ERP132577"	"testis"	"Other_somatic"	NA	NA	NA	"CL:0002371"	"somatic cell"	"perfect match"	"SN115"	NA	2
"CATCGAACACGGATAG"	""	"ERX6700410"	"ERP132577"	"testis"	"Sertoli"	NA	NA	NA	"CL:0000216"	"Sertoli cell"	"perfect match"	"SN115"	NA	3
"CATCGAATCAGAAATG"	""	"ERX6700410"	"ERP132577"	"testis"	"Elongated_spermatids"	NA	NA	NA	"CL:4030037"	"late spermatid"	"perfect match"	"SN115"	NA	4
"CATCGAATCCGAGCCA"	""	"ERX6700410"	"ERP132577"	"testis"	"Round_spermatids"	NA	NA	NA	"CL:4030036"	"early spermatid"	"perfect match"	"SN115"	NA	1
"CATCGGGCAAGTTGTC"	""	"ERX6700410"	"ERP132577"	"testis"	"Round_spermatids"	NA	NA	NA	"CL:4030036"	"early spermatid"	"perfect match"	"SN115"	NA	1
"CATCGGGCACGGTTTA"	""	"ERX6700410"	"ERP132577"	"testis"	"Round_spermatids"	NA	NA	NA	"CL:4030036"	"early spermatid"	"perfect match"	"SN115"	NA	1
"CATCGGGGTGATGATA"	""	"ERX6700410"	"ERP132577"	"testis"	"Other_somatic"	NA	NA	NA	"CL:0002371"	"somatic cell"	"perfect match"	"SN115"	NA	2
"CATCGGGGTGATGTCT"	""	"ERX6700410"	"ERP132577"	"testis"	"Round_spermatids"	NA	NA	NA	"CL:4030036"	"early spermatid"	"perfect match"	"SN115"	NA	1
"CATCGGGTCGCCAGCA"	""	"ERX6700410"	"ERP132577"	"testis"	"Other_somatic"	NA	NA	NA	"CL:0002371"	"somatic cell"	"perfect match"	"SN115"	NA	2
"CATCGGGTCTTGAGAC"	""	"ERX6700410"	"ERP132577"	"testis"	"Sertoli"	NA	NA	NA	"CL:0000216"	"Sertoli cell"	"perfect match"	"SN115"	NA	3
"CATGACAAGAGTACCG"	""	"ERX6700410"	"ERP132577"	"testis"	"Elongated_spermatids"	NA	NA	NA	"CL:4030037"	"late spermatid"	"perfect match"	"SN115"	NA	4
"CATGACACAATGGATA"	""	"ERX6700410"	"ERP132577"	"testis"	"Elongated_spermatids"	NA	NA	NA	"CL:4030037"	"late spermatid"	"perfect match"	"SN115"	NA	4
"CATGACAGTAGTACCT"	""	"ERX6700410"	"ERP132577"	"testis"	"Other_somatic"	NA	NA	NA	"CL:0002371"	"somatic cell"	"perfect match"	"SN115"	NA	2
"CATGACAGTTCGCTAA"	""	"ERX6700410"	"ERP132577"	"testis"	"Spermatogonia"	NA	NA	NA	"CL:0000020"	"spermatogonium"	"perfect match"	"SN115"	NA	6
"CATGACATCGCTTGTC"	""	"ERX6700410"	"ERP132577"	"testis"	"Other_somatic"	NA	NA	NA	"CL:0002371"	"somatic cell"	"perfect match"	"SN115"	NA	2
"CATGACATCGGTTCGG"	""	"ERX6700410"	"ERP132577"	"testis"	"Elongated_spermatids"	NA	NA	NA	"CL:4030037"	"late spermatid"	"perfect match"	"SN115"	NA	4
"CATGACATCTTCTGGC"	""	"ERX6700410"	"ERP132577"	"testis"	"Elongated_spermatids"	NA	NA	NA	"CL:4030037"	"late spermatid"	"perfect match"	"SN115"	NA	4
"CATGCCTAGTACATGA"	""	"ERX6700410"	"ERP132577"	"testis"	"Sertoli"	NA	NA	NA	"CL:0000216"	"Sertoli cell"	"perfect match"	"SN115"	NA	3
"CATGCCTCAAGCTGTT"	""	"ERX6700410"	"ERP132577"	"testis"	"Other_somatic"	NA	NA	NA	"CL:0002371"	"somatic cell"	"perfect match"	"SN115"	NA	2
"CATGCCTGTTGTGGCC"	""	"ERX6700410"	"ERP132577"	"testis"	"Round_spermatids"	NA	NA	NA	"CL:4030036"	"early spermatid"	"perfect match"	"SN115"	NA	1
"CATGCCTTCGACAGCC"	""	"ERX6700410"	"ERP132577"	"testis"	"Round_spermatids"	NA	NA	NA	"CL:4030036"	"early spermatid"	"perfect match"	"SN115"	NA	1
"CATGCCTTCTTACCTA"	""	"ERX6700410"	"ERP132577"	"testis"	"Other_somatic"	NA	NA	NA	"CL:0002371"	"somatic cell"	"perfect match"	"SN115"	NA	2
"CATGGCGAGAGGACGG"	""	"ERX6700410"	"ERP132577"	"testis"	"Spermatocytes"	NA	NA	NA	"CL:0000017"	"spermatocyte"	"perfect match"	"SN115"	NA	5
"CATGGCGAGCAAATCA"	""	"ERX6700410"	"ERP132577"	"testis"	"Spermatogonia"	NA	NA	NA	"CL:0000020"	"spermatogonium"	"perfect match"	"SN115"	NA	6
"CATGGCGCACTACAGT"	""	"ERX6700410"	"ERP132577"	"testis"	"Other_somatic"	NA	NA	NA	"CL:0002371"	"somatic cell"	"perfect match"	"SN115"	NA	2
"CATGGCGCAGTTAACC"	""	"ERX6700410"	"ERP132577"	"testis"	"Elongated_spermatids"	NA	NA	NA	"CL:4030037"	"late spermatid"	"perfect match"	"SN115"	NA	4
"CATGGCGTCAAGATCC"	""	"ERX6700410"	"ERP132577"	"testis"	"Elongated_spermatids"	NA	NA	NA	"CL:4030037"	"late spermatid"	"perfect match"	"SN115"	NA	4
"CATTATCAGAATAGGG"	""	"ERX6700410"	"ERP132577"	"testis"	"Round_spermatids"	NA	NA	NA	"CL:4030036"	"early spermatid"	"perfect match"	"SN115"	NA	1
"CATTATCTCACCGTAA"	""	"ERX6700410"	"ERP132577"	"testis"	"Elongated_spermatids"	NA	NA	NA	"CL:4030037"	"late spermatid"	"perfect match"	"SN115"	NA	4
"CATTCGCAGGTGATTA"	""	"ERX6700410"	"ERP132577"	"testis"	"Sertoli"	NA	NA	NA	"CL:0000216"	"Sertoli cell"	"perfect match"	"SN115"	NA	3
"CATTCGCAGTATCTCG"	""	"ERX6700410"	"ERP132577"	"testis"	"Round_spermatids"	NA	NA	NA	"CL:4030036"	"early spermatid"	"perfect match"	"SN115"	NA	1
"CATTCGCAGTCGTACT"	""	"ERX6700410"	"ERP132577"	"testis"	"Other_somatic"	NA	NA	NA	"CL:0002371"	"somatic cell"	"perfect match"	"SN115"	NA	2
"CATTCGCCACGGTAAG"	""	"ERX6700410"	"ERP132577"	"testis"	"Sertoli"	NA	NA	NA	"CL:0000216"	"Sertoli cell"	"perfect match"	"SN115"	NA	3
"CATTCGCGTGTGTGCC"	""	"ERX6700410"	"ERP132577"	"testis"	"Elongated_spermatids"	NA	NA	NA	"CL:4030037"	"late spermatid"	"perfect match"	"SN115"	NA	4
"CATTCGCGTTCCGTCT"	""	"ERX6700410"	"ERP132577"	"testis"	"Other_somatic"	NA	NA	NA	"CL:0002371"	"somatic cell"	"perfect match"	"SN115"	NA	2
"CATTCGCTCGCCTGTT"	""	"ERX6700410"	"ERP132577"	"testis"	"Other_somatic"	NA	NA	NA	"CL:0002371"	"somatic cell"	"perfect match"	"SN115"	NA	2
"CCAATCCAGAAACCAT"	""	"ERX6700410"	"ERP132577"	"testis"	"Elongated_spermatids"	NA	NA	NA	"CL:4030037"	"late spermatid"	"perfect match"	"SN115"	NA	4
"CCAATCCAGACAATAC"	""	"ERX6700410"	"ERP132577"	"testis"	"Other_somatic"	NA	NA	NA	"CL:0002371"	"somatic cell"	"perfect match"	"SN115"	NA	2
"CCAATCCAGTCTCAAC"	""	"ERX6700410"	"ERP132577"	"testis"	"Round_spermatids"	NA	NA	NA	"CL:4030036"	"early spermatid"	"perfect match"	"SN115"	NA	1
"CCAATCCCAAGTAATG"	""	"ERX6700410"	"ERP132577"	"testis"	"Other_somatic"	NA	NA	NA	"CL:0002371"	"somatic cell"	"perfect match"	"SN115"	NA	2
"CCAATCCCATCCCACT"	""	"ERX6700410"	"ERP132577"	"testis"	"Other_somatic"	NA	NA	NA	"CL:0002371"	"somatic cell"	"perfect match"	"SN115"	NA	2
"CCAATCCCATTGGTAC"	""	"ERX6700410"	"ERP132577"	"testis"	"Other_somatic"	NA	NA	NA	"CL:0002371"	"somatic cell"	"perfect match"	"SN115"	NA	2
"CCAATCCGTCGCATAT"	""	"ERX6700410"	"ERP132577"	"testis"	"Other_somatic"	NA	NA	NA	"CL:0002371"	"somatic cell"	"perfect match"	"SN115"	NA	2
"CCAATCCGTTTGCATG"	""	"ERX6700410"	"ERP132577"	"testis"	"Round_spermatids"	NA	NA	NA	"CL:4030036"	"early spermatid"	"perfect match"	"SN115"	NA	1
"CCAATCCTCAAACAAG"	""	"ERX6700410"	"ERP132577"	"testis"	"Round_spermatids"	NA	NA	NA	"CL:4030036"	"early spermatid"	"perfect match"	"SN115"	NA	1
"CCAATCCTCATGGTCA"	""	"ERX6700410"	"ERP132577"	"testis"	"Elongated_spermatids"	NA	NA	NA	"CL:4030037"	"late spermatid"	"perfect match"	"SN115"	NA	4
"CCACCTAAGCGCCTTG"	""	"ERX6700410"	"ERP132577"	"testis"	"Other_somatic"	NA	NA	NA	"CL:0002371"	"somatic cell"	"perfect match"	"SN115"	NA	2
"CCACGGAAGTGGAGTC"	""	"ERX6700410"	"ERP132577"	"testis"	"Elongated_spermatids"	NA	NA	NA	"CL:4030037"	"late spermatid"	"perfect match"	"SN115"	NA	4
"CCACGGACATCGGGTC"	""	"ERX6700410"	"ERP132577"	"testis"	"Sertoli"	NA	NA	NA	"CL:0000216"	"Sertoli cell"	"perfect match"	"SN115"	NA	3
"CCACGGATCCTGTAGA"	""	"ERX6700410"	"ERP132577"	"testis"	"Elongated_spermatids"	NA	NA	NA	"CL:4030037"	"late spermatid"	"perfect match"	"SN115"	NA	4
"CCACGGATCTGTGCAA"	""	"ERX6700410"	"ERP132577"	"testis"	"Round_spermatids"	NA	NA	NA	"CL:4030036"	"early spermatid"	"perfect match"	"SN115"	NA	1
"CCACTACAGGGTGTGT"	""	"ERX6700410"	"ERP132577"	"testis"	"Spermatogonia"	NA	NA	NA	"CL:0000020"	"spermatogonium"	"perfect match"	"SN115"	NA	6
"CCACTACCAAGAGTCG"	""	"ERX6700410"	"ERP132577"	"testis"	"Other_somatic"	NA	NA	NA	"CL:0002371"	"somatic cell"	"perfect match"	"SN115"	NA	2
"CCACTACCAGCGAACA"	""	"ERX6700410"	"ERP132577"	"testis"	"Spermatocytes"	NA	NA	NA	"CL:0000017"	"spermatocyte"	"perfect match"	"SN115"	NA	5
"CCACTACGTATCGCAT"	""	"ERX6700410"	"ERP132577"	"testis"	"Elongated_spermatids"	NA	NA	NA	"CL:4030037"	"late spermatid"	"perfect match"	"SN115"	NA	4
"CCACTACGTCTTCAAG"	""	"ERX6700410"	"ERP132577"	"testis"	"Spermatogonia"	NA	NA	NA	"CL:0000020"	"spermatogonium"	"perfect match"	"SN115"	NA	6
"CCACTACTCCTGTAGA"	""	"ERX6700410"	"ERP132577"	"testis"	"Elongated_spermatids"	NA	NA	NA	"CL:4030037"	"late spermatid"	"perfect match"	"SN115"	NA	4
"CCACTACTCCTTGACC"	""	"ERX6700410"	"ERP132577"	"testis"	"Round_spermatids"	NA	NA	NA	"CL:4030036"	"early spermatid"	"perfect match"	"SN115"	NA	1
"CCACTACTCGCGTTTC"	""	"ERX6700410"	"ERP132577"	"testis"	"Round_spermatids"	NA	NA	NA	"CL:4030036"	"early spermatid"	"perfect match"	"SN115"	NA	1
"CCACTACTCGTCACGG"	""	"ERX6700410"	"ERP132577"	"testis"	"Elongated_spermatids"	NA	NA	NA	"CL:4030037"	"late spermatid"	"perfect match"	"SN115"	NA	4
"CCAGCGAAGACTGTAA"	""	"ERX6700410"	"ERP132577"	"testis"	"Other_somatic"	NA	NA	NA	"CL:0002371"	"somatic cell"	"perfect match"	"SN115"	NA	2
"CCAGCGAAGCGCTTAT"	""	"ERX6700410"	"ERP132577"	"testis"	"Elongated_spermatids"	NA	NA	NA	"CL:4030037"	"late spermatid"	"perfect match"	"SN115"	NA	4
"CCAGCGAAGTCCTCCT"	""	"ERX6700410"	"ERP132577"	"testis"	"Elongated_spermatids"	NA	NA	NA	"CL:4030037"	"late spermatid"	"perfect match"	"SN115"	NA	4
"CCAGCGAAGTGTCCAT"	""	"ERX6700410"	"ERP132577"	"testis"	"Other_somatic"	NA	NA	NA	"CL:0002371"	"somatic cell"	"perfect match"	"SN115"	NA	2
"CCAGCGACATCCTTGC"	""	"ERX6700410"	"ERP132577"	"testis"	"Elongated_spermatids"	NA	NA	NA	"CL:4030037"	"late spermatid"	"perfect match"	"SN115"	NA	4
"CCAGCGACATCTATGG"	""	"ERX6700410"	"ERP132577"	"testis"	"Other_somatic"	NA	NA	NA	"CL:0002371"	"somatic cell"	"perfect match"	"SN115"	NA	2
"CCAGCGACATGTAGTC"	""	"ERX6700410"	"ERP132577"	"testis"	"Elongated_spermatids"	NA	NA	NA	"CL:4030037"	"late spermatid"	"perfect match"	"SN115"	NA	4
"CCAGCGAGTCTCGTTC"	""	"ERX6700410"	"ERP132577"	"testis"	"Round_spermatids"	NA	NA	NA	"CL:4030036"	"early spermatid"	"perfect match"	"SN115"	NA	1
"CCAGCGATCAACGAAA"	""	"ERX6700410"	"ERP132577"	"testis"	"Round_spermatids"	NA	NA	NA	"CL:4030036"	"early spermatid"	"perfect match"	"SN115"	NA	1
"CCATGTCAGTTTAGGA"	""	"ERX6700410"	"ERP132577"	"testis"	"Sertoli"	NA	NA	NA	"CL:0000216"	"Sertoli cell"	"perfect match"	"SN115"	NA	3
"CCATGTCCAACTGGCC"	""	"ERX6700410"	"ERP132577"	"testis"	"Spermatocytes"	NA	NA	NA	"CL:0000017"	"spermatocyte"	"perfect match"	"SN115"	NA	5
"CCATGTCCACCAGATT"	""	"ERX6700410"	"ERP132577"	"testis"	"Other_somatic"	NA	NA	NA	"CL:0002371"	"somatic cell"	"perfect match"	"SN115"	NA	2
"CCATGTCCAGACAAAT"	""	"ERX6700410"	"ERP132577"	"testis"	"Elongated_spermatids"	NA	NA	NA	"CL:4030037"	"late spermatid"	"perfect match"	"SN115"	NA	4
"CCATGTCCATCACGTA"	""	"ERX6700410"	"ERP132577"	"testis"	"Other_somatic"	NA	NA	NA	"CL:0002371"	"somatic cell"	"perfect match"	"SN115"	NA	2
"CCATGTCCATGATCCA"	""	"ERX6700410"	"ERP132577"	"testis"	"Round_spermatids"	NA	NA	NA	"CL:4030036"	"early spermatid"	"perfect match"	"SN115"	NA	1
"CCATGTCCATGGTCTA"	""	"ERX6700410"	"ERP132577"	"testis"	"Other_somatic"	NA	NA	NA	"CL:0002371"	"somatic cell"	"perfect match"	"SN115"	NA	2
"CCATGTCGTACCGTAT"	""	"ERX6700410"	"ERP132577"	"testis"	"Round_spermatids"	NA	NA	NA	"CL:4030036"	"early spermatid"	"perfect match"	"SN115"	NA	1
"CCATGTCGTGCATCTA"	""	"ERX6700410"	"ERP132577"	"testis"	"Elongated_spermatids"	NA	NA	NA	"CL:4030037"	"late spermatid"	"perfect match"	"SN115"	NA	4
"CCATGTCGTTCCACTC"	""	"ERX6700410"	"ERP132577"	"testis"	"Other_somatic"	NA	NA	NA	"CL:0002371"	"somatic cell"	"perfect match"	"SN115"	NA	2
"CCATGTCTCTGGTGTA"	""	"ERX6700410"	"ERP132577"	"testis"	"Other_somatic"	NA	NA	NA	"CL:0002371"	"somatic cell"	"perfect match"	"SN115"	NA	2
"CCATTCGAGGCTCTTA"	""	"ERX6700410"	"ERP132577"	"testis"	"Other_somatic"	NA	NA	NA	"CL:0002371"	"somatic cell"	"perfect match"	"SN115"	NA	2
"CCATTCGCAGGCTGAA"	""	"ERX6700410"	"ERP132577"	"testis"	"Elongated_spermatids"	NA	NA	NA	"CL:4030037"	"late spermatid"	"perfect match"	"SN115"	NA	4
"CCATTCGGTCTCAACA"	""	"ERX6700410"	"ERP132577"	"testis"	"Sertoli"	NA	NA	NA	"CL:0000216"	"Sertoli cell"	"perfect match"	"SN115"	NA	3
"CCATTCGTCATTATCC"	""	"ERX6700410"	"ERP132577"	"testis"	"Spermatogonia"	NA	NA	NA	"CL:0000020"	"spermatogonium"	"perfect match"	"SN115"	NA	6
"CCCAATCAGACCACGA"	""	"ERX6700410"	"ERP132577"	"testis"	"Other_somatic"	NA	NA	NA	"CL:0002371"	"somatic cell"	"perfect match"	"SN115"	NA	2
"CCCAATCCACTACAGT"	""	"ERX6700410"	"ERP132577"	"testis"	"Elongated_spermatids"	NA	NA	NA	"CL:4030037"	"late spermatid"	"perfect match"	"SN115"	NA	4
"CCCAATCCAGAAGCAC"	""	"ERX6700410"	"ERP132577"	"testis"	"Other_somatic"	NA	NA	NA	"CL:0002371"	"somatic cell"	"perfect match"	"SN115"	NA	2
"CCCAATCGTGGCCCTA"	""	"ERX6700410"	"ERP132577"	"testis"	"Round_spermatids"	NA	NA	NA	"CL:4030036"	"early spermatid"	"perfect match"	"SN115"	NA	1
"CCCAATCGTGTCGCTG"	""	"ERX6700410"	"ERP132577"	"testis"	"Other_somatic"	NA	NA	NA	"CL:0002371"	"somatic cell"	"perfect match"	"SN115"	NA	2
"CCCAATCTCTCTTATG"	""	"ERX6700410"	"ERP132577"	"testis"	"Other_somatic"	NA	NA	NA	"CL:0002371"	"somatic cell"	"perfect match"	"SN115"	NA	2
"CCCAGTTAGACACGAC"	""	"ERX6700410"	"ERP132577"	"testis"	"Other_somatic"	NA	NA	NA	"CL:0002371"	"somatic cell"	"perfect match"	"SN115"	NA	2
"CCCAGTTAGCAGCGTA"	""	"ERX6700410"	"ERP132577"	"testis"	"Other_somatic"	NA	NA	NA	"CL:0002371"	"somatic cell"	"perfect match"	"SN115"	NA	2
"CCCAGTTAGGATCGCA"	""	"ERX6700410"	"ERP132577"	"testis"	"Spermatogonia"	NA	NA	NA	"CL:0000020"	"spermatogonium"	"perfect match"	"SN115"	NA	6
"CCCAGTTCATCTATGG"	""	"ERX6700410"	"ERP132577"	"testis"	"Elongated_spermatids"	NA	NA	NA	"CL:4030037"	"late spermatid"	"perfect match"	"SN115"	NA	4
"CCCAGTTTCACTTACT"	""	"ERX6700410"	"ERP132577"	"testis"	"Other_somatic"	NA	NA	NA	"CL:0002371"	"somatic cell"	"perfect match"	"SN115"	NA	2
"CCCATACAGACACGAC"	""	"ERX6700410"	"ERP132577"	"testis"	"Round_spermatids"	NA	NA	NA	"CL:4030036"	"early spermatid"	"perfect match"	"SN115"	NA	1
"CCCATACAGCGATATA"	""	"ERX6700410"	"ERP132577"	"testis"	"Sertoli"	NA	NA	NA	"CL:0000216"	"Sertoli cell"	"perfect match"	"SN115"	NA	3
"CCCATACAGGGCTCTC"	""	"ERX6700410"	"ERP132577"	"testis"	"Round_spermatids"	NA	NA	NA	"CL:4030036"	"early spermatid"	"perfect match"	"SN115"	NA	1
"CCCATACAGTTTGCGT"	""	"ERX6700410"	"ERP132577"	"testis"	"Sertoli"	NA	NA	NA	"CL:0000216"	"Sertoli cell"	"perfect match"	"SN115"	NA	3
"CCCATACCACTTAACG"	""	"ERX6700410"	"ERP132577"	"testis"	"Round_spermatids"	NA	NA	NA	"CL:4030036"	"early spermatid"	"perfect match"	"SN115"	NA	1
"CCCATACCATGCAACT"	""	"ERX6700410"	"ERP132577"	"testis"	"Elongated_spermatids"	NA	NA	NA	"CL:4030037"	"late spermatid"	"perfect match"	"SN115"	NA	4
"CCCATACGTTACAGAA"	""	"ERX6700410"	"ERP132577"	"testis"	"Round_spermatids"	NA	NA	NA	"CL:4030036"	"early spermatid"	"perfect match"	"SN115"	NA	1
"CCCATACTCACCTTAT"	""	"ERX6700410"	"ERP132577"	"testis"	"Elongated_spermatids"	NA	NA	NA	"CL:4030037"	"late spermatid"	"perfect match"	"SN115"	NA	4
"CCCATACTCATTGCGA"	""	"ERX6700410"	"ERP132577"	"testis"	"Other_somatic"	NA	NA	NA	"CL:0002371"	"somatic cell"	"perfect match"	"SN115"	NA	2
"CCCATACTCCGCGTTT"	""	"ERX6700410"	"ERP132577"	"testis"	"Spermatogonia"	NA	NA	NA	"CL:0000020"	"spermatogonium"	"perfect match"	"SN115"	NA	6
"CCCATACTCGGGAGTA"	""	"ERX6700410"	"ERP132577"	"testis"	"Other_somatic"	NA	NA	NA	"CL:0002371"	"somatic cell"	"perfect match"	"SN115"	NA	2
"CCCATACTCTTCCTTC"	""	"ERX6700410"	"ERP132577"	"testis"	"Other_somatic"	NA	NA	NA	"CL:0002371"	"somatic cell"	"perfect match"	"SN115"	NA	2
"CCCTCCTCACCTCGGA"	""	"ERX6700410"	"ERP132577"	"testis"	"Elongated_spermatids"	NA	NA	NA	"CL:4030037"	"late spermatid"	"perfect match"	"SN115"	NA	4
"CCCTCCTCAGTACACT"	""	"ERX6700410"	"ERP132577"	"testis"	"Other_somatic"	NA	NA	NA	"CL:0002371"	"somatic cell"	"perfect match"	"SN115"	NA	2
"CCCTCCTGTAATCACC"	""	"ERX6700410"	"ERP132577"	"testis"	"Other_somatic"	NA	NA	NA	"CL:0002371"	"somatic cell"	"perfect match"	"SN115"	NA	2
"CCCTCCTGTGGCAAAC"	""	"ERX6700410"	"ERP132577"	"testis"	"Sertoli"	NA	NA	NA	"CL:0000216"	"Sertoli cell"	"perfect match"	"SN115"	NA	3
"CCCTCCTTCACAACGT"	""	"ERX6700410"	"ERP132577"	"testis"	"Elongated_spermatids"	NA	NA	NA	"CL:4030037"	"late spermatid"	"perfect match"	"SN115"	NA	4
"CCCTCCTTCCGTACAA"	""	"ERX6700410"	"ERP132577"	"testis"	"Round_spermatids"	NA	NA	NA	"CL:4030036"	"early spermatid"	"perfect match"	"SN115"	NA	1
"CCCTCCTTCGACAGCC"	""	"ERX6700410"	"ERP132577"	"testis"	"Other_somatic"	NA	NA	NA	"CL:0002371"	"somatic cell"	"perfect match"	"SN115"	NA	2
"CCCTCCTTCGTCTGCT"	""	"ERX6700410"	"ERP132577"	"testis"	"Round_spermatids"	NA	NA	NA	"CL:4030036"	"early spermatid"	"perfect match"	"SN115"	NA	1
"CCGGGATAGCAACGGT"	""	"ERX6700410"	"ERP132577"	"testis"	"Elongated_spermatids"	NA	NA	NA	"CL:4030037"	"late spermatid"	"perfect match"	"SN115"	NA	4
"CCGGGATCAAAGGAAG"	""	"ERX6700410"	"ERP132577"	"testis"	"Other_somatic"	NA	NA	NA	"CL:0002371"	"somatic cell"	"perfect match"	"SN115"	NA	2
"CCGGGATCACCGCTAG"	""	"ERX6700410"	"ERP132577"	"testis"	"Other_somatic"	NA	NA	NA	"CL:0002371"	"somatic cell"	"perfect match"	"SN115"	NA	2
"CCGGGATGTTGCTCCT"	""	"ERX6700410"	"ERP132577"	"testis"	"Elongated_spermatids"	NA	NA	NA	"CL:4030037"	"late spermatid"	"perfect match"	"SN115"	NA	4
"CCGGGATGTTGTGGAG"	""	"ERX6700410"	"ERP132577"	"testis"	"Other_somatic"	NA	NA	NA	"CL:0002371"	"somatic cell"	"perfect match"	"SN115"	NA	2
"CCGGTAGAGACTTTCG"	""	"ERX6700410"	"ERP132577"	"testis"	"Other_somatic"	NA	NA	NA	"CL:0002371"	"somatic cell"	"perfect match"	"SN115"	NA	2
"CCGGTAGAGATCTGCT"	""	"ERX6700410"	"ERP132577"	"testis"	"Elongated_spermatids"	NA	NA	NA	"CL:4030037"	"late spermatid"	"perfect match"	"SN115"	NA	4
"CCGGTAGAGCCAACAG"	""	"ERX6700410"	"ERP132577"	"testis"	"Round_spermatids"	NA	NA	NA	"CL:4030036"	"early spermatid"	"perfect match"	"SN115"	NA	1
"CCGGTAGCAAGACGTG"	""	"ERX6700410"	"ERP132577"	"testis"	"Other_somatic"	NA	NA	NA	"CL:0002371"	"somatic cell"	"perfect match"	"SN115"	NA	2
"CCGGTAGCAAGGACAC"	""	"ERX6700410"	"ERP132577"	"testis"	"Elongated_spermatids"	NA	NA	NA	"CL:4030037"	"late spermatid"	"perfect match"	"SN115"	NA	4
"CCGGTAGCACCACGTG"	""	"ERX6700410"	"ERP132577"	"testis"	"Sertoli"	NA	NA	NA	"CL:0000216"	"Sertoli cell"	"perfect match"	"SN115"	NA	3
"CCGGTAGTCGTCGTTC"	""	"ERX6700410"	"ERP132577"	"testis"	"Sertoli"	NA	NA	NA	"CL:0000216"	"Sertoli cell"	"perfect match"	"SN115"	NA	3
"CCGGTAGTCTTGAGAC"	""	"ERX6700410"	"ERP132577"	"testis"	"Elongated_spermatids"	NA	NA	NA	"CL:4030037"	"late spermatid"	"perfect match"	"SN115"	NA	4
"CCGTACTGTAGCTCCG"	""	"ERX6700410"	"ERP132577"	"testis"	"Round_spermatids"	NA	NA	NA	"CL:4030036"	"early spermatid"	"perfect match"	"SN115"	NA	1
"CCGTACTTCATCGCTC"	""	"ERX6700410"	"ERP132577"	"testis"	"Elongated_spermatids"	NA	NA	NA	"CL:4030037"	"late spermatid"	"perfect match"	"SN115"	NA	4
"CCGTACTTCGCATGGC"	""	"ERX6700410"	"ERP132577"	"testis"	"Other_somatic"	NA	NA	NA	"CL:0002371"	"somatic cell"	"perfect match"	"SN115"	NA	2
"CCGTACTTCGCCTGAG"	""	"ERX6700410"	"ERP132577"	"testis"	"Elongated_spermatids"	NA	NA	NA	"CL:4030037"	"late spermatid"	"perfect match"	"SN115"	NA	4
"CCGTGGAAGGAGCGAG"	""	"ERX6700410"	"ERP132577"	"testis"	"Sertoli"	NA	NA	NA	"CL:0000216"	"Sertoli cell"	"perfect match"	"SN115"	NA	3
"CCGTGGAAGTGTACCT"	""	"ERX6700410"	"ERP132577"	"testis"	"Round_spermatids"	NA	NA	NA	"CL:4030036"	"early spermatid"	"perfect match"	"SN115"	NA	1
"CCGTGGAAGTGTTAGA"	""	"ERX6700410"	"ERP132577"	"testis"	"Round_spermatids"	NA	NA	NA	"CL:4030036"	"early spermatid"	"perfect match"	"SN115"	NA	1
"CCGTGGACAAGCGAGT"	""	"ERX6700410"	"ERP132577"	"testis"	"Spermatocytes"	NA	NA	NA	"CL:0000017"	"spermatocyte"	"perfect match"	"SN115"	NA	5
"CCGTGGACACGGTGTC"	""	"ERX6700410"	"ERP132577"	"testis"	"Other_somatic"	NA	NA	NA	"CL:0002371"	"somatic cell"	"perfect match"	"SN115"	NA	2
"CCGTGGACAGTATAAG"	""	"ERX6700410"	"ERP132577"	"testis"	"Spermatocytes"	NA	NA	NA	"CL:0000017"	"spermatocyte"	"perfect match"	"SN115"	NA	5
"CCGTGGAGTCTAAAGA"	""	"ERX6700410"	"ERP132577"	"testis"	"Round_spermatids"	NA	NA	NA	"CL:4030036"	"early spermatid"	"perfect match"	"SN115"	NA	1
"CCGTGGAGTGCAGACA"	""	"ERX6700410"	"ERP132577"	"testis"	"Sertoli"	NA	NA	NA	"CL:0000216"	"Sertoli cell"	"perfect match"	"SN115"	NA	3
"CCGTTCAAGAACAATC"	""	"ERX6700410"	"ERP132577"	"testis"	"Elongated_spermatids"	NA	NA	NA	"CL:4030037"	"late spermatid"	"perfect match"	"SN115"	NA	4
"CCGTTCAAGATCACGG"	""	"ERX6700410"	"ERP132577"	"testis"	"Elongated_spermatids"	NA	NA	NA	"CL:4030037"	"late spermatid"	"perfect match"	"SN115"	NA	4
"CCGTTCACAAGCCTAT"	""	"ERX6700410"	"ERP132577"	"testis"	"Elongated_spermatids"	NA	NA	NA	"CL:4030037"	"late spermatid"	"perfect match"	"SN115"	NA	4
"CCGTTCACATGTTCCC"	""	"ERX6700410"	"ERP132577"	"testis"	"Round_spermatids"	NA	NA	NA	"CL:4030036"	"early spermatid"	"perfect match"	"SN115"	NA	1
"CCGTTCAGTGTCTGAT"	""	"ERX6700410"	"ERP132577"	"testis"	"Other_somatic"	NA	NA	NA	"CL:0002371"	"somatic cell"	"perfect match"	"SN115"	NA	2
"CCGTTCAGTTAGGGTG"	""	"ERX6700410"	"ERP132577"	"testis"	"Elongated_spermatids"	NA	NA	NA	"CL:4030037"	"late spermatid"	"perfect match"	"SN115"	NA	4
"CCGTTCATCAGTCCCT"	""	"ERX6700410"	"ERP132577"	"testis"	"Spermatocytes"	NA	NA	NA	"CL:0000017"	"spermatocyte"	"perfect match"	"SN115"	NA	5
"CCTAAAGAGACTTGAA"	""	"ERX6700410"	"ERP132577"	"testis"	"Round_spermatids"	NA	NA	NA	"CL:4030036"	"early spermatid"	"perfect match"	"SN115"	NA	1
"CCTAAAGAGCAGGTCA"	""	"ERX6700410"	"ERP132577"	"testis"	"Elongated_spermatids"	NA	NA	NA	"CL:4030037"	"late spermatid"	"perfect match"	"SN115"	NA	4
"CCTAAAGCAAGCGTAG"	""	"ERX6700410"	"ERP132577"	"testis"	"Other_somatic"	NA	NA	NA	"CL:0002371"	"somatic cell"	"perfect match"	"SN115"	NA	2
"CCTAAAGCAAGGACAC"	""	"ERX6700410"	"ERP132577"	"testis"	"Elongated_spermatids"	NA	NA	NA	"CL:4030037"	"late spermatid"	"perfect match"	"SN115"	NA	4
"CCTAAAGCAATAGAGT"	""	"ERX6700410"	"ERP132577"	"testis"	"Other_somatic"	NA	NA	NA	"CL:0002371"	"somatic cell"	"perfect match"	"SN115"	NA	2
"CCTAAAGCACGCCAGT"	""	"ERX6700410"	"ERP132577"	"testis"	"Other_somatic"	NA	NA	NA	"CL:0002371"	"somatic cell"	"perfect match"	"SN115"	NA	2
"CCTAAAGCAGACGCCT"	""	"ERX6700410"	"ERP132577"	"testis"	"Round_spermatids"	NA	NA	NA	"CL:4030036"	"early spermatid"	"perfect match"	"SN115"	NA	1
"CCTAAAGCAGGCAGTA"	""	"ERX6700410"	"ERP132577"	"testis"	"Round_spermatids"	NA	NA	NA	"CL:4030036"	"early spermatid"	"perfect match"	"SN115"	NA	1
"CCTAAAGCAGTGGGAT"	""	"ERX6700410"	"ERP132577"	"testis"	"Round_spermatids"	NA	NA	NA	"CL:4030036"	"early spermatid"	"perfect match"	"SN115"	NA	1
"CCTAAAGTCACGCGGT"	""	"ERX6700410"	"ERP132577"	"testis"	"Other_somatic"	NA	NA	NA	"CL:0002371"	"somatic cell"	"perfect match"	"SN115"	NA	2
"CCTACACAGCCACTAT"	""	"ERX6700410"	"ERP132577"	"testis"	"Elongated_spermatids"	NA	NA	NA	"CL:4030037"	"late spermatid"	"perfect match"	"SN115"	NA	4
"CCTACACCACCAGATT"	""	"ERX6700410"	"ERP132577"	"testis"	"Round_spermatids"	NA	NA	NA	"CL:4030036"	"early spermatid"	"perfect match"	"SN115"	NA	1
"CCTACACGTACAGTTC"	""	"ERX6700410"	"ERP132577"	"testis"	"Elongated_spermatids"	NA	NA	NA	"CL:4030037"	"late spermatid"	"perfect match"	"SN115"	NA	4
"CCTACACGTATCACCA"	""	"ERX6700410"	"ERP132577"	"testis"	"Other_somatic"	NA	NA	NA	"CL:0002371"	"somatic cell"	"perfect match"	"SN115"	NA	2
"CCTACCACAATAGCAA"	""	"ERX6700410"	"ERP132577"	"testis"	"Sertoli"	NA	NA	NA	"CL:0000216"	"Sertoli cell"	"perfect match"	"SN115"	NA	3
"CCTACCACATGTCTCC"	""	"ERX6700410"	"ERP132577"	"testis"	"Elongated_spermatids"	NA	NA	NA	"CL:4030037"	"late spermatid"	"perfect match"	"SN115"	NA	4
"CCTACCAGTAGATTAG"	""	"ERX6700410"	"ERP132577"	"testis"	"Other_somatic"	NA	NA	NA	"CL:0002371"	"somatic cell"	"perfect match"	"SN115"	NA	2
"CCTACCATCTTATCTG"	""	"ERX6700410"	"ERP132577"	"testis"	"Round_spermatids"	NA	NA	NA	"CL:4030036"	"early spermatid"	"perfect match"	"SN115"	NA	1
"CCTAGCTAGCCAGTAG"	""	"ERX6700410"	"ERP132577"	"testis"	"Sertoli"	NA	NA	NA	"CL:0000216"	"Sertoli cell"	"perfect match"	"SN115"	NA	3
"CCTAGCTGTCGAGTTT"	""	"ERX6700410"	"ERP132577"	"testis"	"Round_spermatids"	NA	NA	NA	"CL:4030036"	"early spermatid"	"perfect match"	"SN115"	NA	1
"CCTAGCTGTTATTCTC"	""	"ERX6700410"	"ERP132577"	"testis"	"Sertoli"	NA	NA	NA	"CL:0000216"	"Sertoli cell"	"perfect match"	"SN115"	NA	3
"CCTAGCTTCAAAGTAG"	""	"ERX6700410"	"ERP132577"	"testis"	"Round_spermatids"	NA	NA	NA	"CL:4030036"	"early spermatid"	"perfect match"	"SN115"	NA	1
"CCTATTAAGAACAATC"	""	"ERX6700410"	"ERP132577"	"testis"	"Round_spermatids"	NA	NA	NA	"CL:4030036"	"early spermatid"	"perfect match"	"SN115"	NA	1
"CCTATTAAGCCTTGAT"	""	"ERX6700410"	"ERP132577"	"testis"	"Sertoli"	NA	NA	NA	"CL:0000216"	"Sertoli cell"	"perfect match"	"SN115"	NA	3
"CCTATTAAGGTGTGGT"	""	"ERX6700410"	"ERP132577"	"testis"	"Spermatocytes"	NA	NA	NA	"CL:0000017"	"spermatocyte"	"perfect match"	"SN115"	NA	5
"CCTATTACAAATCCGT"	""	"ERX6700410"	"ERP132577"	"testis"	"Sertoli"	NA	NA	NA	"CL:0000216"	"Sertoli cell"	"perfect match"	"SN115"	NA	3
"CCTATTACAGATGAGC"	""	"ERX6700410"	"ERP132577"	"testis"	"Elongated_spermatids"	NA	NA	NA	"CL:4030037"	"late spermatid"	"perfect match"	"SN115"	NA	4
"CCTATTACATGTTCCC"	""	"ERX6700410"	"ERP132577"	"testis"	"Round_spermatids"	NA	NA	NA	"CL:4030036"	"early spermatid"	"perfect match"	"SN115"	NA	1
"CCTATTAGTACCATCA"	""	"ERX6700410"	"ERP132577"	"testis"	"Round_spermatids"	NA	NA	NA	"CL:4030036"	"early spermatid"	"perfect match"	"SN115"	NA	1
"CCTCAGTAGACCCACC"	""	"ERX6700410"	"ERP132577"	"testis"	"Other_somatic"	NA	NA	NA	"CL:0002371"	"somatic cell"	"perfect match"	"SN115"	NA	2
"CCTCAGTAGCGTAGTG"	""	"ERX6700410"	"ERP132577"	"testis"	"Sertoli"	NA	NA	NA	"CL:0000216"	"Sertoli cell"	"perfect match"	"SN115"	NA	3
"CCTCAGTAGCTGGAAC"	""	"ERX6700410"	"ERP132577"	"testis"	"Elongated_spermatids"	NA	NA	NA	"CL:4030037"	"late spermatid"	"perfect match"	"SN115"	NA	4
"CCTCAGTAGTCTTGCA"	""	"ERX6700410"	"ERP132577"	"testis"	"Other_somatic"	NA	NA	NA	"CL:0002371"	"somatic cell"	"perfect match"	"SN115"	NA	2
"CCTCAGTGTCACAAGG"	""	"ERX6700410"	"ERP132577"	"testis"	"Other_somatic"	NA	NA	NA	"CL:0002371"	"somatic cell"	"perfect match"	"SN115"	NA	2
"CCTCAGTGTCGCCATG"	""	"ERX6700410"	"ERP132577"	"testis"	"Elongated_spermatids"	NA	NA	NA	"CL:4030037"	"late spermatid"	"perfect match"	"SN115"	NA	4
"CCTCAGTTCTCGTATT"	""	"ERX6700410"	"ERP132577"	"testis"	"Other_somatic"	NA	NA	NA	"CL:0002371"	"somatic cell"	"perfect match"	"SN115"	NA	2
"CCTCAGTTCTTATCTG"	""	"ERX6700410"	"ERP132577"	"testis"	"Other_somatic"	NA	NA	NA	"CL:0002371"	"somatic cell"	"perfect match"	"SN115"	NA	2
"CCTCTGAAGACTTTCG"	""	"ERX6700410"	"ERP132577"	"testis"	"Other_somatic"	NA	NA	NA	"CL:0002371"	"somatic cell"	"perfect match"	"SN115"	NA	2
"CCTCTGAAGGATGTAT"	""	"ERX6700410"	"ERP132577"	"testis"	"Sertoli"	NA	NA	NA	"CL:0000216"	"Sertoli cell"	"perfect match"	"SN115"	NA	3
"CCTCTGACACATCCAA"	""	"ERX6700410"	"ERP132577"	"testis"	"Other_somatic"	NA	NA	NA	"CL:0002371"	"somatic cell"	"perfect match"	"SN115"	NA	2
"CCTCTGACAGTACACT"	""	"ERX6700410"	"ERP132577"	"testis"	"Round_spermatids"	NA	NA	NA	"CL:4030036"	"early spermatid"	"perfect match"	"SN115"	NA	1
"CCTCTGAGTCTGGTCG"	""	"ERX6700410"	"ERP132577"	"testis"	"Other_somatic"	NA	NA	NA	"CL:0002371"	"somatic cell"	"perfect match"	"SN115"	NA	2
"CCTCTGAGTTACAGAA"	""	"ERX6700410"	"ERP132577"	"testis"	"Elongated_spermatids"	NA	NA	NA	"CL:4030037"	"late spermatid"	"perfect match"	"SN115"	NA	4
"CCTCTGATCACAAACC"	""	"ERX6700410"	"ERP132577"	"testis"	"Other_somatic"	NA	NA	NA	"CL:0002371"	"somatic cell"	"perfect match"	"SN115"	NA	2
"CCTTACGAGACAATAC"	""	"ERX6700410"	"ERP132577"	"testis"	"Round_spermatids"	NA	NA	NA	"CL:4030036"	"early spermatid"	"perfect match"	"SN115"	NA	1
"CCTTACGAGCCATCGC"	""	"ERX6700410"	"ERP132577"	"testis"	"Round_spermatids"	NA	NA	NA	"CL:4030036"	"early spermatid"	"perfect match"	"SN115"	NA	1
"CCTTACGCAGCCAATT"	""	"ERX6700410"	"ERP132577"	"testis"	"Round_spermatids"	NA	NA	NA	"CL:4030036"	"early spermatid"	"perfect match"	"SN115"	NA	1
"CCTTACGCATTAGCCA"	""	"ERX6700410"	"ERP132577"	"testis"	"Other_somatic"	NA	NA	NA	"CL:0002371"	"somatic cell"	"perfect match"	"SN115"	NA	2
"CCTTACGTCAGAAATG"	""	"ERX6700410"	"ERP132577"	"testis"	"Other_somatic"	NA	NA	NA	"CL:0002371"	"somatic cell"	"perfect match"	"SN115"	NA	2
"CCTTACGTCCCGACTT"	""	"ERX6700410"	"ERP132577"	"testis"	"Sertoli"	NA	NA	NA	"CL:0000216"	"Sertoli cell"	"perfect match"	"SN115"	NA	3
"CCTTCCCAGAGGTTAT"	""	"ERX6700410"	"ERP132577"	"testis"	"Elongated_spermatids"	NA	NA	NA	"CL:4030037"	"late spermatid"	"perfect match"	"SN115"	NA	4
"CCTTCCCAGATATACG"	""	"ERX6700410"	"ERP132577"	"testis"	"Round_spermatids"	NA	NA	NA	"CL:4030036"	"early spermatid"	"perfect match"	"SN115"	NA	1
"CCTTCCCCAAGTACCT"	""	"ERX6700410"	"ERP132577"	"testis"	"Spermatocytes"	NA	NA	NA	"CL:0000017"	"spermatocyte"	"perfect match"	"SN115"	NA	5
"CCTTCCCCAAGTCTAC"	""	"ERX6700410"	"ERP132577"	"testis"	"Other_somatic"	NA	NA	NA	"CL:0002371"	"somatic cell"	"perfect match"	"SN115"	NA	2
"CCTTCCCCATAGACTC"	""	"ERX6700410"	"ERP132577"	"testis"	"Sertoli"	NA	NA	NA	"CL:0000216"	"Sertoli cell"	"perfect match"	"SN115"	NA	3
"CCTTCCCGTATATGGA"	""	"ERX6700410"	"ERP132577"	"testis"	"Elongated_spermatids"	NA	NA	NA	"CL:4030037"	"late spermatid"	"perfect match"	"SN115"	NA	4
"CCTTCCCTCCGCATCT"	""	"ERX6700410"	"ERP132577"	"testis"	"Other_somatic"	NA	NA	NA	"CL:0002371"	"somatic cell"	"perfect match"	"SN115"	NA	2
"CCTTCCCTCTCCAGGG"	""	"ERX6700410"	"ERP132577"	"testis"	"Elongated_spermatids"	NA	NA	NA	"CL:4030037"	"late spermatid"	"perfect match"	"SN115"	NA	4
"CCTTCGAAGAAGGTTT"	""	"ERX6700410"	"ERP132577"	"testis"	"Sertoli"	NA	NA	NA	"CL:0000216"	"Sertoli cell"	"perfect match"	"SN115"	NA	3
"CCTTCGAAGCTGTCTA"	""	"ERX6700410"	"ERP132577"	"testis"	"Spermatocytes"	NA	NA	NA	"CL:0000017"	"spermatocyte"	"perfect match"	"SN115"	NA	5
"CCTTCGAAGGCATGTG"	""	"ERX6700410"	"ERP132577"	"testis"	"Other_somatic"	NA	NA	NA	"CL:0002371"	"somatic cell"	"perfect match"	"SN115"	NA	2
"CCTTCGACACAGACAG"	""	"ERX6700410"	"ERP132577"	"testis"	"Other_somatic"	NA	NA	NA	"CL:0002371"	"somatic cell"	"perfect match"	"SN115"	NA	2
"CCTTCGACATTCTCAT"	""	"ERX6700410"	"ERP132577"	"testis"	"Other_somatic"	NA	NA	NA	"CL:0002371"	"somatic cell"	"perfect match"	"SN115"	NA	2
"CCTTCGAGTAGAGCTG"	""	"ERX6700410"	"ERP132577"	"testis"	"Elongated_spermatids"	NA	NA	NA	"CL:4030037"	"late spermatid"	"perfect match"	"SN115"	NA	4
"CCTTCGAGTATATGGA"	""	"ERX6700410"	"ERP132577"	"testis"	"Elongated_spermatids"	NA	NA	NA	"CL:4030037"	"late spermatid"	"perfect match"	"SN115"	NA	4
"CCTTCGATCAAGATCC"	""	"ERX6700410"	"ERP132577"	"testis"	"Other_somatic"	NA	NA	NA	"CL:0002371"	"somatic cell"	"perfect match"	"SN115"	NA	2
"CCTTCGATCACCCGAG"	""	"ERX6700410"	"ERP132577"	"testis"	"Spermatocytes"	NA	NA	NA	"CL:0000017"	"spermatocyte"	"perfect match"	"SN115"	NA	5
"CCTTCGATCGAACGGA"	""	"ERX6700410"	"ERP132577"	"testis"	"Elongated_spermatids"	NA	NA	NA	"CL:4030037"	"late spermatid"	"perfect match"	"SN115"	NA	4
"CCTTTCTAGAAGGGTA"	""	"ERX6700410"	"ERP132577"	"testis"	"Round_spermatids"	NA	NA	NA	"CL:4030036"	"early spermatid"	"perfect match"	"SN115"	NA	1
"CCTTTCTAGGCGCTCT"	""	"ERX6700410"	"ERP132577"	"testis"	"Sertoli"	NA	NA	NA	"CL:0000216"	"Sertoli cell"	"perfect match"	"SN115"	NA	3
"CCTTTCTAGTGGCACA"	""	"ERX6700410"	"ERP132577"	"testis"	"Round_spermatids"	NA	NA	NA	"CL:4030036"	"early spermatid"	"perfect match"	"SN115"	NA	1
"CCTTTCTCAACGATGG"	""	"ERX6700410"	"ERP132577"	"testis"	"Elongated_spermatids"	NA	NA	NA	"CL:4030037"	"late spermatid"	"perfect match"	"SN115"	NA	4
"CCTTTCTCACACGCTG"	""	"ERX6700410"	"ERP132577"	"testis"	"Round_spermatids"	NA	NA	NA	"CL:4030036"	"early spermatid"	"perfect match"	"SN115"	NA	1
"CCTTTCTCACATTCGA"	""	"ERX6700410"	"ERP132577"	"testis"	"Other_somatic"	NA	NA	NA	"CL:0002371"	"somatic cell"	"perfect match"	"SN115"	NA	2
"CGAACATCACATCCAA"	""	"ERX6700410"	"ERP132577"	"testis"	"Elongated_spermatids"	NA	NA	NA	"CL:4030037"	"late spermatid"	"perfect match"	"SN115"	NA	4
"CGAACATCATGGTCAT"	""	"ERX6700410"	"ERP132577"	"testis"	"Elongated_spermatids"	NA	NA	NA	"CL:4030037"	"late spermatid"	"perfect match"	"SN115"	NA	4
"CGAACATCATTGGCGC"	""	"ERX6700410"	"ERP132577"	"testis"	"Elongated_spermatids"	NA	NA	NA	"CL:4030037"	"late spermatid"	"perfect match"	"SN115"	NA	4
"CGAACATGTCGATTGT"	""	"ERX6700410"	"ERP132577"	"testis"	"Spermatogonia"	NA	NA	NA	"CL:0000020"	"spermatogonium"	"perfect match"	"SN115"	NA	6
"CGAATGTAGTCCTCCT"	""	"ERX6700410"	"ERP132577"	"testis"	"Round_spermatids"	NA	NA	NA	"CL:4030036"	"early spermatid"	"perfect match"	"SN115"	NA	1
"CGAATGTAGTGAACAT"	""	"ERX6700410"	"ERP132577"	"testis"	"Elongated_spermatids"	NA	NA	NA	"CL:4030037"	"late spermatid"	"perfect match"	"SN115"	NA	4
"CGAATGTCAAGCGATG"	""	"ERX6700410"	"ERP132577"	"testis"	"Round_spermatids"	NA	NA	NA	"CL:4030036"	"early spermatid"	"perfect match"	"SN115"	NA	1
"CGAATGTCACCCTATC"	""	"ERX6700410"	"ERP132577"	"testis"	"Elongated_spermatids"	NA	NA	NA	"CL:4030037"	"late spermatid"	"perfect match"	"SN115"	NA	4
"CGAATGTCAGCCAGAA"	""	"ERX6700410"	"ERP132577"	"testis"	"Spermatocytes"	NA	NA	NA	"CL:0000017"	"spermatocyte"	"perfect match"	"SN115"	NA	5
"CGAATGTTCCAGTATG"	""	"ERX6700410"	"ERP132577"	"testis"	"Other_somatic"	NA	NA	NA	"CL:0002371"	"somatic cell"	"perfect match"	"SN115"	NA	2
"CGAATGTTCCTCCTAG"	""	"ERX6700410"	"ERP132577"	"testis"	"Other_somatic"	NA	NA	NA	"CL:0002371"	"somatic cell"	"perfect match"	"SN115"	NA	2
"CGAATGTTCTATGTGG"	""	"ERX6700410"	"ERP132577"	"testis"	"Other_somatic"	NA	NA	NA	"CL:0002371"	"somatic cell"	"perfect match"	"SN115"	NA	2
"CGACCTTTCCCAAGTA"	""	"ERX6700410"	"ERP132577"	"testis"	"Round_spermatids"	NA	NA	NA	"CL:4030036"	"early spermatid"	"perfect match"	"SN115"	NA	1
"CGACCTTTCGTTTATC"	""	"ERX6700410"	"ERP132577"	"testis"	"Elongated_spermatids"	NA	NA	NA	"CL:4030037"	"late spermatid"	"perfect match"	"SN115"	NA	4
"CGACTTCCAACACGCC"	""	"ERX6700410"	"ERP132577"	"testis"	"Round_spermatids"	NA	NA	NA	"CL:4030036"	"early spermatid"	"perfect match"	"SN115"	NA	1
"CGACTTCCAACGATCT"	""	"ERX6700410"	"ERP132577"	"testis"	"Elongated_spermatids"	NA	NA	NA	"CL:4030037"	"late spermatid"	"perfect match"	"SN115"	NA	4
"CGACTTCCAGGACCCT"	""	"ERX6700410"	"ERP132577"	"testis"	"Elongated_spermatids"	NA	NA	NA	"CL:4030037"	"late spermatid"	"perfect match"	"SN115"	NA	4
"CGACTTCGTTATTCTC"	""	"ERX6700410"	"ERP132577"	"testis"	"Other_somatic"	NA	NA	NA	"CL:0002371"	"somatic cell"	"perfect match"	"SN115"	NA	2
"CGACTTCTCCGCAAGC"	""	"ERX6700410"	"ERP132577"	"testis"	"Elongated_spermatids"	NA	NA	NA	"CL:4030037"	"late spermatid"	"perfect match"	"SN115"	NA	4
"CGAGAAGAGAGGACGG"	""	"ERX6700410"	"ERP132577"	"testis"	"Elongated_spermatids"	NA	NA	NA	"CL:4030037"	"late spermatid"	"perfect match"	"SN115"	NA	4
"CGAGAAGAGCTGAACG"	""	"ERX6700410"	"ERP132577"	"testis"	"Round_spermatids"	NA	NA	NA	"CL:4030036"	"early spermatid"	"perfect match"	"SN115"	NA	1
"CGAGCACAGAGACTAT"	""	"ERX6700410"	"ERP132577"	"testis"	"Round_spermatids"	NA	NA	NA	"CL:4030036"	"early spermatid"	"perfect match"	"SN115"	NA	1
"CGAGCACAGGGTCTCC"	""	"ERX6700410"	"ERP132577"	"testis"	"Sertoli"	NA	NA	NA	"CL:0000216"	"Sertoli cell"	"perfect match"	"SN115"	NA	3
"CGAGCACCATCACGAT"	""	"ERX6700410"	"ERP132577"	"testis"	"Elongated_spermatids"	NA	NA	NA	"CL:4030037"	"late spermatid"	"perfect match"	"SN115"	NA	4
"CGAGCACGTAATCACC"	""	"ERX6700410"	"ERP132577"	"testis"	"Other_somatic"	NA	NA	NA	"CL:0002371"	"somatic cell"	"perfect match"	"SN115"	NA	2
"CGAGCACTCAGCTCGG"	""	"ERX6700410"	"ERP132577"	"testis"	"Elongated_spermatids"	NA	NA	NA	"CL:4030037"	"late spermatid"	"perfect match"	"SN115"	NA	4
"CGAGCACTCCTATTCA"	""	"ERX6700410"	"ERP132577"	"testis"	"Elongated_spermatids"	NA	NA	NA	"CL:4030037"	"late spermatid"	"perfect match"	"SN115"	NA	4
"CGAGCACTCGATGAGG"	""	"ERX6700410"	"ERP132577"	"testis"	"Other_somatic"	NA	NA	NA	"CL:0002371"	"somatic cell"	"perfect match"	"SN115"	NA	2
"CGAGCACTCTCCAGGG"	""	"ERX6700410"	"ERP132577"	"testis"	"Sertoli"	NA	NA	NA	"CL:0000216"	"Sertoli cell"	"perfect match"	"SN115"	NA	3
"CGAGCACTCTGACCTC"	""	"ERX6700410"	"ERP132577"	"testis"	"Elongated_spermatids"	NA	NA	NA	"CL:4030037"	"late spermatid"	"perfect match"	"SN115"	NA	4
"CGAGCCAAGACTAGGC"	""	"ERX6700410"	"ERP132577"	"testis"	"Elongated_spermatids"	NA	NA	NA	"CL:4030037"	"late spermatid"	"perfect match"	"SN115"	NA	4
"CGAGCCACACGGTAGA"	""	"ERX6700410"	"ERP132577"	"testis"	"Other_somatic"	NA	NA	NA	"CL:0002371"	"somatic cell"	"perfect match"	"SN115"	NA	2
"CGAGCCAGTAAATACG"	""	"ERX6700410"	"ERP132577"	"testis"	"Elongated_spermatids"	NA	NA	NA	"CL:4030037"	"late spermatid"	"perfect match"	"SN115"	NA	4
"CGAGCCAGTAAGAGGA"	""	"ERX6700410"	"ERP132577"	"testis"	"Other_somatic"	NA	NA	NA	"CL:0002371"	"somatic cell"	"perfect match"	"SN115"	NA	2
"CGAGCCAGTCGGATCC"	""	"ERX6700410"	"ERP132577"	"testis"	"Elongated_spermatids"	NA	NA	NA	"CL:4030037"	"late spermatid"	"perfect match"	"SN115"	NA	4
"CGAGCCATCAACGGCC"	""	"ERX6700410"	"ERP132577"	"testis"	"Other_somatic"	NA	NA	NA	"CL:0002371"	"somatic cell"	"perfect match"	"SN115"	NA	2
"CGAGCCATCCTGCCAT"	""	"ERX6700410"	"ERP132577"	"testis"	"Other_somatic"	NA	NA	NA	"CL:0002371"	"somatic cell"	"perfect match"	"SN115"	NA	2
"CGAGCCATCGTACGGC"	""	"ERX6700410"	"ERP132577"	"testis"	"Other_somatic"	NA	NA	NA	"CL:0002371"	"somatic cell"	"perfect match"	"SN115"	NA	2
"CGAGCCATCTTTACGT"	""	"ERX6700410"	"ERP132577"	"testis"	"Other_somatic"	NA	NA	NA	"CL:0002371"	"somatic cell"	"perfect match"	"SN115"	NA	2
"CGATCGGAGTAATCCC"	""	"ERX6700410"	"ERP132577"	"testis"	"Round_spermatids"	NA	NA	NA	"CL:4030036"	"early spermatid"	"perfect match"	"SN115"	NA	1
"CGATCGGCATGGTCAT"	""	"ERX6700410"	"ERP132577"	"testis"	"Other_somatic"	NA	NA	NA	"CL:0002371"	"somatic cell"	"perfect match"	"SN115"	NA	2
"CGATCGGGTAAGGGCT"	""	"ERX6700410"	"ERP132577"	"testis"	"Other_somatic"	NA	NA	NA	"CL:0002371"	"somatic cell"	"perfect match"	"SN115"	NA	2
"CGATCGGGTTGCGCAC"	""	"ERX6700410"	"ERP132577"	"testis"	"Round_spermatids"	NA	NA	NA	"CL:4030036"	"early spermatid"	"perfect match"	"SN115"	NA	1
"CGATCGGTCACAGGCC"	""	"ERX6700410"	"ERP132577"	"testis"	"Other_somatic"	NA	NA	NA	"CL:0002371"	"somatic cell"	"perfect match"	"SN115"	NA	2
"CGATCGGTCCTTTCGG"	""	"ERX6700410"	"ERP132577"	"testis"	"Other_somatic"	NA	NA	NA	"CL:0002371"	"somatic cell"	"perfect match"	"SN115"	NA	2
"CGATCGGTCTGATACG"	""	"ERX6700410"	"ERP132577"	"testis"	"Other_somatic"	NA	NA	NA	"CL:0002371"	"somatic cell"	"perfect match"	"SN115"	NA	2
"CGATCGGTCTTGTCAT"	""	"ERX6700410"	"ERP132577"	"testis"	"Other_somatic"	NA	NA	NA	"CL:0002371"	"somatic cell"	"perfect match"	"SN115"	NA	2
"CGATGGCAGACCGGAT"	""	"ERX6700410"	"ERP132577"	"testis"	"Other_somatic"	NA	NA	NA	"CL:0002371"	"somatic cell"	"perfect match"	"SN115"	NA	2
"CGATGGCAGGCTACGA"	""	"ERX6700410"	"ERP132577"	"testis"	"Round_spermatids"	NA	NA	NA	"CL:4030036"	"early spermatid"	"perfect match"	"SN115"	NA	1
"CGATGGCAGTGTCCAT"	""	"ERX6700410"	"ERP132577"	"testis"	"Sertoli"	NA	NA	NA	"CL:0000216"	"Sertoli cell"	"perfect match"	"SN115"	NA	3
"CGATGGCCAAGCCGCT"	""	"ERX6700410"	"ERP132577"	"testis"	"Other_somatic"	NA	NA	NA	"CL:0002371"	"somatic cell"	"perfect match"	"SN115"	NA	2
"CGATGGCGTCTAGAGG"	""	"ERX6700410"	"ERP132577"	"testis"	"Other_somatic"	NA	NA	NA	"CL:0002371"	"somatic cell"	"perfect match"	"SN115"	NA	2
"CGATGGCGTGCACTTA"	""	"ERX6700410"	"ERP132577"	"testis"	"Round_spermatids"	NA	NA	NA	"CL:4030036"	"early spermatid"	"perfect match"	"SN115"	NA	1
"CGATGGCTCAGAGGTG"	""	"ERX6700410"	"ERP132577"	"testis"	"Spermatocytes"	NA	NA	NA	"CL:0000017"	"spermatocyte"	"perfect match"	"SN115"	NA	5
"CGATGGCTCGCCTGAG"	""	"ERX6700410"	"ERP132577"	"testis"	"Round_spermatids"	NA	NA	NA	"CL:4030036"	"early spermatid"	"perfect match"	"SN115"	NA	1
"CGATGTAAGGATATAC"	""	"ERX6700410"	"ERP132577"	"testis"	"Spermatogonia"	NA	NA	NA	"CL:0000020"	"spermatogonium"	"perfect match"	"SN115"	NA	6
"CGATGTAAGGCAGTCA"	""	"ERX6700410"	"ERP132577"	"testis"	"Round_spermatids"	NA	NA	NA	"CL:4030036"	"early spermatid"	"perfect match"	"SN115"	NA	1
"CGATGTAAGTGGGATC"	""	"ERX6700410"	"ERP132577"	"testis"	"Other_somatic"	NA	NA	NA	"CL:0002371"	"somatic cell"	"perfect match"	"SN115"	NA	2
"CGATGTATCGTGGGAA"	""	"ERX6700410"	"ERP132577"	"testis"	"Other_somatic"	NA	NA	NA	"CL:0002371"	"somatic cell"	"perfect match"	"SN115"	NA	2
"CGATGTATCTGCAAGT"	""	"ERX6700410"	"ERP132577"	"testis"	"Round_spermatids"	NA	NA	NA	"CL:4030036"	"early spermatid"	"perfect match"	"SN115"	NA	1
"CGATTGAAGTCGCCGT"	""	"ERX6700410"	"ERP132577"	"testis"	"Round_spermatids"	NA	NA	NA	"CL:4030036"	"early spermatid"	"perfect match"	"SN115"	NA	1
"CGATTGACAGTTCCCT"	""	"ERX6700410"	"ERP132577"	"testis"	"Elongated_spermatids"	NA	NA	NA	"CL:4030037"	"late spermatid"	"perfect match"	"SN115"	NA	4
"CGATTGACATCTGGTA"	""	"ERX6700410"	"ERP132577"	"testis"	"Other_somatic"	NA	NA	NA	"CL:0002371"	"somatic cell"	"perfect match"	"SN115"	NA	2
"CGATTGAGTAAATGAC"	""	"ERX6700410"	"ERP132577"	"testis"	"Elongated_spermatids"	NA	NA	NA	"CL:4030037"	"late spermatid"	"perfect match"	"SN115"	NA	4
"CGATTGAGTATAGGTA"	""	"ERX6700410"	"ERP132577"	"testis"	"Round_spermatids"	NA	NA	NA	"CL:4030036"	"early spermatid"	"perfect match"	"SN115"	NA	1
"CGATTGAGTATCACCA"	""	"ERX6700410"	"ERP132577"	"testis"	"Round_spermatids"	NA	NA	NA	"CL:4030036"	"early spermatid"	"perfect match"	"SN115"	NA	1
"CGATTGAGTTGAGGTG"	""	"ERX6700410"	"ERP132577"	"testis"	"Sertoli"	NA	NA	NA	"CL:0000216"	"Sertoli cell"	"perfect match"	"SN115"	NA	3
"CGCCAAGAGCCTCGTG"	""	"ERX6700410"	"ERP132577"	"testis"	"Other_somatic"	NA	NA	NA	"CL:0002371"	"somatic cell"	"perfect match"	"SN115"	NA	2
"CGCCAAGAGCTGTTCA"	""	"ERX6700410"	"ERP132577"	"testis"	"Round_spermatids"	NA	NA	NA	"CL:4030036"	"early spermatid"	"perfect match"	"SN115"	NA	1
"CGCCAAGCAAAGGAAG"	""	"ERX6700410"	"ERP132577"	"testis"	"Round_spermatids"	NA	NA	NA	"CL:4030036"	"early spermatid"	"perfect match"	"SN115"	NA	1
"CGCGGTAAGTACATGA"	""	"ERX6700410"	"ERP132577"	"testis"	"Round_spermatids"	NA	NA	NA	"CL:4030036"	"early spermatid"	"perfect match"	"SN115"	NA	1
"CGCGGTACAGCCTGTG"	""	"ERX6700410"	"ERP132577"	"testis"	"Elongated_spermatids"	NA	NA	NA	"CL:4030037"	"late spermatid"	"perfect match"	"SN115"	NA	4
"CGCGGTATCCAGATCA"	""	"ERX6700410"	"ERP132577"	"testis"	"Other_somatic"	NA	NA	NA	"CL:0002371"	"somatic cell"	"perfect match"	"SN115"	NA	2
"CGCGTTTAGTTCGCAT"	""	"ERX6700410"	"ERP132577"	"testis"	"Round_spermatids"	NA	NA	NA	"CL:4030036"	"early spermatid"	"perfect match"	"SN115"	NA	1
"CGCGTTTCAAGGTTTC"	""	"ERX6700410"	"ERP132577"	"testis"	"Other_somatic"	NA	NA	NA	"CL:0002371"	"somatic cell"	"perfect match"	"SN115"	NA	2
"CGCGTTTCAGCCACCA"	""	"ERX6700410"	"ERP132577"	"testis"	"Round_spermatids"	NA	NA	NA	"CL:4030036"	"early spermatid"	"perfect match"	"SN115"	NA	1
"CGCGTTTCAGCGTAAG"	""	"ERX6700410"	"ERP132577"	"testis"	"Elongated_spermatids"	NA	NA	NA	"CL:4030037"	"late spermatid"	"perfect match"	"SN115"	NA	4
"CGCGTTTCATTCCTCG"	""	"ERX6700410"	"ERP132577"	"testis"	"Spermatocytes"	NA	NA	NA	"CL:0000017"	"spermatocyte"	"perfect match"	"SN115"	NA	5
"CGCGTTTGTCGCGGTT"	""	"ERX6700410"	"ERP132577"	"testis"	"Elongated_spermatids"	NA	NA	NA	"CL:4030037"	"late spermatid"	"perfect match"	"SN115"	NA	4
"CGCGTTTTCGTTACAG"	""	"ERX6700410"	"ERP132577"	"testis"	"Other_somatic"	NA	NA	NA	"CL:0002371"	"somatic cell"	"perfect match"	"SN115"	NA	2
"CGCTATCAGATATGGT"	""	"ERX6700410"	"ERP132577"	"testis"	"Other_somatic"	NA	NA	NA	"CL:0002371"	"somatic cell"	"perfect match"	"SN115"	NA	2
"CGCTATCAGTAGATGT"	""	"ERX6700410"	"ERP132577"	"testis"	"Round_spermatids"	NA	NA	NA	"CL:4030036"	"early spermatid"	"perfect match"	"SN115"	NA	1
"CGCTATCCAGTATAAG"	""	"ERX6700410"	"ERP132577"	"testis"	"Sertoli"	NA	NA	NA	"CL:0000216"	"Sertoli cell"	"perfect match"	"SN115"	NA	3
"CGCTATCCATACTACG"	""	"ERX6700410"	"ERP132577"	"testis"	"Other_somatic"	NA	NA	NA	"CL:0002371"	"somatic cell"	"perfect match"	"SN115"	NA	2
"CGCTATCCATTATCTC"	""	"ERX6700410"	"ERP132577"	"testis"	"Round_spermatids"	NA	NA	NA	"CL:4030036"	"early spermatid"	"perfect match"	"SN115"	NA	1
"CGCTATCGTCATATGC"	""	"ERX6700410"	"ERP132577"	"testis"	"Round_spermatids"	NA	NA	NA	"CL:4030036"	"early spermatid"	"perfect match"	"SN115"	NA	1
"CGCTATCGTCCTCCAT"	""	"ERX6700410"	"ERP132577"	"testis"	"Elongated_spermatids"	NA	NA	NA	"CL:4030037"	"late spermatid"	"perfect match"	"SN115"	NA	4
"CGCTGGAAGCCGGTAA"	""	"ERX6700410"	"ERP132577"	"testis"	"Round_spermatids"	NA	NA	NA	"CL:4030036"	"early spermatid"	"perfect match"	"SN115"	NA	1
"CGCTGGAAGCGTTCCG"	""	"ERX6700410"	"ERP132577"	"testis"	"Other_somatic"	NA	NA	NA	"CL:0002371"	"somatic cell"	"perfect match"	"SN115"	NA	2
"CGCTGGACAGTGGGAT"	""	"ERX6700410"	"ERP132577"	"testis"	"Round_spermatids"	NA	NA	NA	"CL:4030036"	"early spermatid"	"perfect match"	"SN115"	NA	1
"CGCTGGAGTCCAACTA"	""	"ERX6700410"	"ERP132577"	"testis"	"Spermatocytes"	NA	NA	NA	"CL:0000017"	"spermatocyte"	"perfect match"	"SN115"	NA	5
"CGCTGGATCAACACGT"	""	"ERX6700410"	"ERP132577"	"testis"	"Round_spermatids"	NA	NA	NA	"CL:4030036"	"early spermatid"	"perfect match"	"SN115"	NA	1
"CGCTGGATCCAAATGC"	""	"ERX6700410"	"ERP132577"	"testis"	"Round_spermatids"	NA	NA	NA	"CL:4030036"	"early spermatid"	"perfect match"	"SN115"	NA	1
"CGCTGGATCTAGCACA"	""	"ERX6700410"	"ERP132577"	"testis"	"Elongated_spermatids"	NA	NA	NA	"CL:4030037"	"late spermatid"	"perfect match"	"SN115"	NA	4
"CGCTTCAAGATATACG"	""	"ERX6700410"	"ERP132577"	"testis"	"Elongated_spermatids"	NA	NA	NA	"CL:4030037"	"late spermatid"	"perfect match"	"SN115"	NA	4
"CGCTTCAAGTAACCCT"	""	"ERX6700410"	"ERP132577"	"testis"	"Other_somatic"	NA	NA	NA	"CL:0002371"	"somatic cell"	"perfect match"	"SN115"	NA	2
"CGCTTCACACTAAGTC"	""	"ERX6700410"	"ERP132577"	"testis"	"Elongated_spermatids"	NA	NA	NA	"CL:4030037"	"late spermatid"	"perfect match"	"SN115"	NA	4
"CGCTTCAGTATATCCG"	""	"ERX6700410"	"ERP132577"	"testis"	"Elongated_spermatids"	NA	NA	NA	"CL:4030037"	"late spermatid"	"perfect match"	"SN115"	NA	4
"CGCTTCAGTCCGTGAC"	""	"ERX6700410"	"ERP132577"	"testis"	"Round_spermatids"	NA	NA	NA	"CL:4030036"	"early spermatid"	"perfect match"	"SN115"	NA	1
"CGCTTCAGTCTTCAAG"	""	"ERX6700410"	"ERP132577"	"testis"	"Round_spermatids"	NA	NA	NA	"CL:4030036"	"early spermatid"	"perfect match"	"SN115"	NA	1
"CGCTTCAGTTTGCATG"	""	"ERX6700410"	"ERP132577"	"testis"	"Other_somatic"	NA	NA	NA	"CL:0002371"	"somatic cell"	"perfect match"	"SN115"	NA	2
"CGCTTCATCAAGAAGT"	""	"ERX6700410"	"ERP132577"	"testis"	"Other_somatic"	NA	NA	NA	"CL:0002371"	"somatic cell"	"perfect match"	"SN115"	NA	2
"CGGACACAGAATGTTG"	""	"ERX6700410"	"ERP132577"	"testis"	"Other_somatic"	NA	NA	NA	"CL:0002371"	"somatic cell"	"perfect match"	"SN115"	NA	2
"CGGACACAGGATGCGT"	""	"ERX6700410"	"ERP132577"	"testis"	"Elongated_spermatids"	NA	NA	NA	"CL:4030037"	"late spermatid"	"perfect match"	"SN115"	NA	4
"CGGACACAGTACTTGC"	""	"ERX6700410"	"ERP132577"	"testis"	"Round_spermatids"	NA	NA	NA	"CL:4030036"	"early spermatid"	"perfect match"	"SN115"	NA	1
"CGGACACCAAAGTCAA"	""	"ERX6700410"	"ERP132577"	"testis"	"Elongated_spermatids"	NA	NA	NA	"CL:4030037"	"late spermatid"	"perfect match"	"SN115"	NA	4
"CGGACACCACCACCAG"	""	"ERX6700410"	"ERP132577"	"testis"	"Round_spermatids"	NA	NA	NA	"CL:4030036"	"early spermatid"	"perfect match"	"SN115"	NA	1
"CGGACACGTGATGCCC"	""	"ERX6700410"	"ERP132577"	"testis"	"Other_somatic"	NA	NA	NA	"CL:0002371"	"somatic cell"	"perfect match"	"SN115"	NA	2
"CGGACACGTGCAACGA"	""	"ERX6700410"	"ERP132577"	"testis"	"Spermatogonia"	NA	NA	NA	"CL:0000020"	"spermatogonium"	"perfect match"	"SN115"	NA	6
"CGGACACGTGTTCGAT"	""	"ERX6700410"	"ERP132577"	"testis"	"Sertoli"	NA	NA	NA	"CL:0000216"	"Sertoli cell"	"perfect match"	"SN115"	NA	3
"CGGACACTCTTGTATC"	""	"ERX6700410"	"ERP132577"	"testis"	"Elongated_spermatids"	NA	NA	NA	"CL:4030037"	"late spermatid"	"perfect match"	"SN115"	NA	4
"CGGACGTAGACCTAGG"	""	"ERX6700410"	"ERP132577"	"testis"	"Other_somatic"	NA	NA	NA	"CL:0002371"	"somatic cell"	"perfect match"	"SN115"	NA	2
"CGGACGTAGAGTAAGG"	""	"ERX6700410"	"ERP132577"	"testis"	"Round_spermatids"	NA	NA	NA	"CL:4030036"	"early spermatid"	"perfect match"	"SN115"	NA	1
"CGGACGTCAGATCTGT"	""	"ERX6700410"	"ERP132577"	"testis"	"Round_spermatids"	NA	NA	NA	"CL:4030036"	"early spermatid"	"perfect match"	"SN115"	NA	1
"CGGACGTGTAGCGTAG"	""	"ERX6700410"	"ERP132577"	"testis"	"Spermatocytes"	NA	NA	NA	"CL:0000017"	"spermatocyte"	"perfect match"	"SN115"	NA	5
"CGGACGTGTCATACTG"	""	"ERX6700410"	"ERP132577"	"testis"	"Other_somatic"	NA	NA	NA	"CL:0002371"	"somatic cell"	"perfect match"	"SN115"	NA	2
"CGGACGTGTCGCGAAA"	""	"ERX6700410"	"ERP132577"	"testis"	"Round_spermatids"	NA	NA	NA	"CL:4030036"	"early spermatid"	"perfect match"	"SN115"	NA	1
"CGGACGTGTGCATCTA"	""	"ERX6700410"	"ERP132577"	"testis"	"Other_somatic"	NA	NA	NA	"CL:0002371"	"somatic cell"	"perfect match"	"SN115"	NA	2
"CGGACGTGTTGCTCCT"	""	"ERX6700410"	"ERP132577"	"testis"	"Other_somatic"	NA	NA	NA	"CL:0002371"	"somatic cell"	"perfect match"	"SN115"	NA	2
"CGGACGTTCCTCAATT"	""	"ERX6700410"	"ERP132577"	"testis"	"Other_somatic"	NA	NA	NA	"CL:0002371"	"somatic cell"	"perfect match"	"SN115"	NA	2
"CGGACGTTCGACGGAA"	""	"ERX6700410"	"ERP132577"	"testis"	"Other_somatic"	NA	NA	NA	"CL:0002371"	"somatic cell"	"perfect match"	"SN115"	NA	2
"CGGACGTTCGGAATCT"	""	"ERX6700410"	"ERP132577"	"testis"	"Round_spermatids"	NA	NA	NA	"CL:4030036"	"early spermatid"	"perfect match"	"SN115"	NA	1
"CGGACGTTCGTCTGCT"	""	"ERX6700410"	"ERP132577"	"testis"	"Other_somatic"	NA	NA	NA	"CL:0002371"	"somatic cell"	"perfect match"	"SN115"	NA	2
"CGGACGTTCGTTGCCT"	""	"ERX6700410"	"ERP132577"	"testis"	"Other_somatic"	NA	NA	NA	"CL:0002371"	"somatic cell"	"perfect match"	"SN115"	NA	2
"CGGACGTTCTGCCAGG"	""	"ERX6700410"	"ERP132577"	"testis"	"Round_spermatids"	NA	NA	NA	"CL:4030036"	"early spermatid"	"perfect match"	"SN115"	NA	1
"CGGACTGAGAGTGACC"	""	"ERX6700410"	"ERP132577"	"testis"	"Other_somatic"	NA	NA	NA	"CL:0002371"	"somatic cell"	"perfect match"	"SN115"	NA	2
"CGGACTGGTTTACTCT"	""	"ERX6700410"	"ERP132577"	"testis"	"Other_somatic"	NA	NA	NA	"CL:0002371"	"somatic cell"	"perfect match"	"SN115"	NA	2
"CGGACTGTCCAGTATG"	""	"ERX6700410"	"ERP132577"	"testis"	"Other_somatic"	NA	NA	NA	"CL:0002371"	"somatic cell"	"perfect match"	"SN115"	NA	2
"CGGACTGTCCATTCTA"	""	"ERX6700410"	"ERP132577"	"testis"	"Other_somatic"	NA	NA	NA	"CL:0002371"	"somatic cell"	"perfect match"	"SN115"	NA	2
"CGGACTGTCGATGAGG"	""	"ERX6700410"	"ERP132577"	"testis"	"Elongated_spermatids"	NA	NA	NA	"CL:4030037"	"late spermatid"	"perfect match"	"SN115"	NA	4
"CGGACTGTCTCCCTGA"	""	"ERX6700410"	"ERP132577"	"testis"	"Round_spermatids"	NA	NA	NA	"CL:4030036"	"early spermatid"	"perfect match"	"SN115"	NA	1
"CGGAGCTAGCTGAAAT"	""	"ERX6700410"	"ERP132577"	"testis"	"Round_spermatids"	NA	NA	NA	"CL:4030036"	"early spermatid"	"perfect match"	"SN115"	NA	1
"CGGAGCTAGTCTCGGC"	""	"ERX6700410"	"ERP132577"	"testis"	"Elongated_spermatids"	NA	NA	NA	"CL:4030037"	"late spermatid"	"perfect match"	"SN115"	NA	4
"CGGAGCTAGTGACTCT"	""	"ERX6700410"	"ERP132577"	"testis"	"Other_somatic"	NA	NA	NA	"CL:0002371"	"somatic cell"	"perfect match"	"SN115"	NA	2
"CGGAGCTAGTTTGCGT"	""	"ERX6700410"	"ERP132577"	"testis"	"Elongated_spermatids"	NA	NA	NA	"CL:4030037"	"late spermatid"	"perfect match"	"SN115"	NA	4
"CGGAGCTCATATACCG"	""	"ERX6700410"	"ERP132577"	"testis"	"Round_spermatids"	NA	NA	NA	"CL:4030036"	"early spermatid"	"perfect match"	"SN115"	NA	1
"CGGAGCTGTACTCAAC"	""	"ERX6700410"	"ERP132577"	"testis"	"Round_spermatids"	NA	NA	NA	"CL:4030036"	"early spermatid"	"perfect match"	"SN115"	NA	1
"CGGAGCTGTCATCGGC"	""	"ERX6700410"	"ERP132577"	"testis"	"Round_spermatids"	NA	NA	NA	"CL:4030036"	"early spermatid"	"perfect match"	"SN115"	NA	1
"CGGAGCTGTCCGAACC"	""	"ERX6700410"	"ERP132577"	"testis"	"Other_somatic"	NA	NA	NA	"CL:0002371"	"somatic cell"	"perfect match"	"SN115"	NA	2
"CGGAGCTGTTACGTCA"	""	"ERX6700410"	"ERP132577"	"testis"	"Round_spermatids"	NA	NA	NA	"CL:4030036"	"early spermatid"	"perfect match"	"SN115"	NA	1
"CGGAGCTGTTCGTGAT"	""	"ERX6700410"	"ERP132577"	"testis"	"Other_somatic"	NA	NA	NA	"CL:0002371"	"somatic cell"	"perfect match"	"SN115"	NA	2
"CGGAGCTTCGCCAGCA"	""	"ERX6700410"	"ERP132577"	"testis"	"Elongated_spermatids"	NA	NA	NA	"CL:4030037"	"late spermatid"	"perfect match"	"SN115"	NA	4
"CGGAGTCAGGCGACAT"	""	"ERX6700410"	"ERP132577"	"testis"	"Round_spermatids"	NA	NA	NA	"CL:4030036"	"early spermatid"	"perfect match"	"SN115"	NA	1
"CGGAGTCAGTCCGGTC"	""	"ERX6700410"	"ERP132577"	"testis"	"Other_somatic"	NA	NA	NA	"CL:0002371"	"somatic cell"	"perfect match"	"SN115"	NA	2
"CGGAGTCCAATCGGTT"	""	"ERX6700410"	"ERP132577"	"testis"	"Elongated_spermatids"	NA	NA	NA	"CL:4030037"	"late spermatid"	"perfect match"	"SN115"	NA	4
"CGGAGTCCACATCCGG"	""	"ERX6700410"	"ERP132577"	"testis"	"Elongated_spermatids"	NA	NA	NA	"CL:4030037"	"late spermatid"	"perfect match"	"SN115"	NA	4
"CGGAGTCCATCTATGG"	""	"ERX6700410"	"ERP132577"	"testis"	"Sertoli"	NA	NA	NA	"CL:0000216"	"Sertoli cell"	"perfect match"	"SN115"	NA	3
"CGGAGTCTCGTTTATC"	""	"ERX6700410"	"ERP132577"	"testis"	"Other_somatic"	NA	NA	NA	"CL:0002371"	"somatic cell"	"perfect match"	"SN115"	NA	2
"CGGAGTCTCTCGGACG"	""	"ERX6700410"	"ERP132577"	"testis"	"Elongated_spermatids"	NA	NA	NA	"CL:4030037"	"late spermatid"	"perfect match"	"SN115"	NA	4
"CGGCTAGGTCAACATC"	""	"ERX6700410"	"ERP132577"	"testis"	"Spermatogonia"	NA	NA	NA	"CL:0000020"	"spermatogonium"	"perfect match"	"SN115"	NA	6
"CGGCTAGGTCATGCAT"	""	"ERX6700410"	"ERP132577"	"testis"	"Other_somatic"	NA	NA	NA	"CL:0002371"	"somatic cell"	"perfect match"	"SN115"	NA	2
"CGGCTAGGTCGGCACT"	""	"ERX6700410"	"ERP132577"	"testis"	"Round_spermatids"	NA	NA	NA	"CL:4030036"	"early spermatid"	"perfect match"	"SN115"	NA	1
"CGGCTAGGTTTGTTGG"	""	"ERX6700410"	"ERP132577"	"testis"	"Other_somatic"	NA	NA	NA	"CL:0002371"	"somatic cell"	"perfect match"	"SN115"	NA	2
"CGGGTCAAGAGTGACC"	""	"ERX6700410"	"ERP132577"	"testis"	"Elongated_spermatids"	NA	NA	NA	"CL:4030037"	"late spermatid"	"perfect match"	"SN115"	NA	4
"CGGGTCACAACACGCC"	""	"ERX6700410"	"ERP132577"	"testis"	"Elongated_spermatids"	NA	NA	NA	"CL:4030037"	"late spermatid"	"perfect match"	"SN115"	NA	4
"CGGGTCACAGTCAGAG"	""	"ERX6700410"	"ERP132577"	"testis"	"Other_somatic"	NA	NA	NA	"CL:0002371"	"somatic cell"	"perfect match"	"SN115"	NA	2
"CGGGTCACAGTCGTGC"	""	"ERX6700410"	"ERP132577"	"testis"	"Elongated_spermatids"	NA	NA	NA	"CL:4030037"	"late spermatid"	"perfect match"	"SN115"	NA	4
"CGGGTCAGTAGCTAAA"	""	"ERX6700410"	"ERP132577"	"testis"	"Sertoli"	NA	NA	NA	"CL:0000216"	"Sertoli cell"	"perfect match"	"SN115"	NA	3
"CGGGTCATCAAAGACA"	""	"ERX6700410"	"ERP132577"	"testis"	"Other_somatic"	NA	NA	NA	"CL:0002371"	"somatic cell"	"perfect match"	"SN115"	NA	2
"CGGGTCATCGGTGTTA"	""	"ERX6700410"	"ERP132577"	"testis"	"Other_somatic"	NA	NA	NA	"CL:0002371"	"somatic cell"	"perfect match"	"SN115"	NA	2
"CGGGTCATCTTCTGGC"	""	"ERX6700410"	"ERP132577"	"testis"	"Other_somatic"	NA	NA	NA	"CL:0002371"	"somatic cell"	"perfect match"	"SN115"	NA	2
"CGGTTAAAGAATCTCC"	""	"ERX6700410"	"ERP132577"	"testis"	"Round_spermatids"	NA	NA	NA	"CL:4030036"	"early spermatid"	"perfect match"	"SN115"	NA	1
"CGGTTAAGTGAAATCA"	""	"ERX6700410"	"ERP132577"	"testis"	"Round_spermatids"	NA	NA	NA	"CL:4030036"	"early spermatid"	"perfect match"	"SN115"	NA	1
"CGGTTAAGTTCTGAAC"	""	"ERX6700410"	"ERP132577"	"testis"	"Spermatocytes"	NA	NA	NA	"CL:0000017"	"spermatocyte"	"perfect match"	"SN115"	NA	5
"CGGTTAATCAGAGACG"	""	"ERX6700410"	"ERP132577"	"testis"	"Elongated_spermatids"	NA	NA	NA	"CL:4030037"	"late spermatid"	"perfect match"	"SN115"	NA	4
"CGGTTAATCCACGACG"	""	"ERX6700410"	"ERP132577"	"testis"	"Other_somatic"	NA	NA	NA	"CL:0002371"	"somatic cell"	"perfect match"	"SN115"	NA	2
"CGGTTAATCTTAACCT"	""	"ERX6700410"	"ERP132577"	"testis"	"Round_spermatids"	NA	NA	NA	"CL:4030036"	"early spermatid"	"perfect match"	"SN115"	NA	1
"CGTAGCGAGCCAGGAT"	""	"ERX6700410"	"ERP132577"	"testis"	"Other_somatic"	NA	NA	NA	"CL:0002371"	"somatic cell"	"perfect match"	"SN115"	NA	2
"CGTAGCGCACTGTCGG"	""	"ERX6700410"	"ERP132577"	"testis"	"Spermatocytes"	NA	NA	NA	"CL:0000017"	"spermatocyte"	"perfect match"	"SN115"	NA	5
"CGTAGCGCATAGACTC"	""	"ERX6700410"	"ERP132577"	"testis"	"Other_somatic"	NA	NA	NA	"CL:0002371"	"somatic cell"	"perfect match"	"SN115"	NA	2
"CGTAGCGCATGCGCAC"	""	"ERX6700410"	"ERP132577"	"testis"	"Spermatocytes"	NA	NA	NA	"CL:0000017"	"spermatocyte"	"perfect match"	"SN115"	NA	5
"CGTAGCGGTCGAACAG"	""	"ERX6700410"	"ERP132577"	"testis"	"Round_spermatids"	NA	NA	NA	"CL:4030036"	"early spermatid"	"perfect match"	"SN115"	NA	1
"CGTAGCGGTTTGGGCC"	""	"ERX6700410"	"ERP132577"	"testis"	"Round_spermatids"	NA	NA	NA	"CL:4030036"	"early spermatid"	"perfect match"	"SN115"	NA	1
"CGTAGGCAGCGATGAC"	""	"ERX6700410"	"ERP132577"	"testis"	"Elongated_spermatids"	NA	NA	NA	"CL:4030037"	"late spermatid"	"perfect match"	"SN115"	NA	4
"CGTAGGCAGTGAATTG"	""	"ERX6700410"	"ERP132577"	"testis"	"Round_spermatids"	NA	NA	NA	"CL:4030036"	"early spermatid"	"perfect match"	"SN115"	NA	1
"CGTAGGCCACGGTGTC"	""	"ERX6700410"	"ERP132577"	"testis"	"Elongated_spermatids"	NA	NA	NA	"CL:4030037"	"late spermatid"	"perfect match"	"SN115"	NA	4
"CGTAGGCGTATAGTAG"	""	"ERX6700410"	"ERP132577"	"testis"	"Elongated_spermatids"	NA	NA	NA	"CL:4030037"	"late spermatid"	"perfect match"	"SN115"	NA	4
"CGTAGGCGTCCTGCTT"	""	"ERX6700410"	"ERP132577"	"testis"	"Elongated_spermatids"	NA	NA	NA	"CL:4030037"	"late spermatid"	"perfect match"	"SN115"	NA	4
"CGTAGGCGTGTCGCTG"	""	"ERX6700410"	"ERP132577"	"testis"	"Elongated_spermatids"	NA	NA	NA	"CL:4030037"	"late spermatid"	"perfect match"	"SN115"	NA	4
"CGTAGGCGTTCGGCAC"	""	"ERX6700410"	"ERP132577"	"testis"	"Other_somatic"	NA	NA	NA	"CL:0002371"	"somatic cell"	"perfect match"	"SN115"	NA	2
"CGTAGGCTCTTGGGTA"	""	"ERX6700410"	"ERP132577"	"testis"	"Round_spermatids"	NA	NA	NA	"CL:4030036"	"early spermatid"	"perfect match"	"SN115"	NA	1
"CGTCACTCAGACAAGC"	""	"ERX6700410"	"ERP132577"	"testis"	"Spermatocytes"	NA	NA	NA	"CL:0000017"	"spermatocyte"	"perfect match"	"SN115"	NA	5
"CGTCACTCATGTCTCC"	""	"ERX6700410"	"ERP132577"	"testis"	"Other_somatic"	NA	NA	NA	"CL:0002371"	"somatic cell"	"perfect match"	"SN115"	NA	2
"CGTCACTGTTGAGTTC"	""	"ERX6700410"	"ERP132577"	"testis"	"Round_spermatids"	NA	NA	NA	"CL:4030036"	"early spermatid"	"perfect match"	"SN115"	NA	1
"CGTCACTGTTTAGGAA"	""	"ERX6700410"	"ERP132577"	"testis"	"Sertoli"	NA	NA	NA	"CL:0000216"	"Sertoli cell"	"perfect match"	"SN115"	NA	3
"CGTCACTTCAAACCGT"	""	"ERX6700410"	"ERP132577"	"testis"	"Elongated_spermatids"	NA	NA	NA	"CL:4030037"	"late spermatid"	"perfect match"	"SN115"	NA	4
"CGTCACTTCCAAACAC"	""	"ERX6700410"	"ERP132577"	"testis"	"Elongated_spermatids"	NA	NA	NA	"CL:4030037"	"late spermatid"	"perfect match"	"SN115"	NA	4
"CGTCACTTCGTACGGC"	""	"ERX6700410"	"ERP132577"	"testis"	"Round_spermatids"	NA	NA	NA	"CL:4030036"	"early spermatid"	"perfect match"	"SN115"	NA	1
"CGTCACTTCTCAAACG"	""	"ERX6700410"	"ERP132577"	"testis"	"Other_somatic"	NA	NA	NA	"CL:0002371"	"somatic cell"	"perfect match"	"SN115"	NA	2
"CGTCAGGAGCAGCCTC"	""	"ERX6700410"	"ERP132577"	"testis"	"Elongated_spermatids"	NA	NA	NA	"CL:4030037"	"late spermatid"	"perfect match"	"SN115"	NA	4
"CGTCAGGAGCCACCTG"	""	"ERX6700410"	"ERP132577"	"testis"	"Elongated_spermatids"	NA	NA	NA	"CL:4030037"	"late spermatid"	"perfect match"	"SN115"	NA	4
"CGTCAGGCACAGGCCT"	""	"ERX6700410"	"ERP132577"	"testis"	"Elongated_spermatids"	NA	NA	NA	"CL:4030037"	"late spermatid"	"perfect match"	"SN115"	NA	4
"CGTCAGGCACATCTTT"	""	"ERX6700410"	"ERP132577"	"testis"	"Other_somatic"	NA	NA	NA	"CL:0002371"	"somatic cell"	"perfect match"	"SN115"	NA	2
"CGTCAGGGTCACTTCC"	""	"ERX6700410"	"ERP132577"	"testis"	"Other_somatic"	NA	NA	NA	"CL:0002371"	"somatic cell"	"perfect match"	"SN115"	NA	2
"CGTCAGGTCTCCAGGG"	""	"ERX6700410"	"ERP132577"	"testis"	"Other_somatic"	NA	NA	NA	"CL:0002371"	"somatic cell"	"perfect match"	"SN115"	NA	2
"CGTCCATAGATATGGT"	""	"ERX6700410"	"ERP132577"	"testis"	"Round_spermatids"	NA	NA	NA	"CL:4030036"	"early spermatid"	"perfect match"	"SN115"	NA	1
"CGTCCATAGGTGTTAA"	""	"ERX6700410"	"ERP132577"	"testis"	"Other_somatic"	NA	NA	NA	"CL:0002371"	"somatic cell"	"perfect match"	"SN115"	NA	2
"CGTCCATAGTAGGCCA"	""	"ERX6700410"	"ERP132577"	"testis"	"Round_spermatids"	NA	NA	NA	"CL:4030036"	"early spermatid"	"perfect match"	"SN115"	NA	1
"CGTCCATTCTGTCTCG"	""	"ERX6700410"	"ERP132577"	"testis"	"Sertoli"	NA	NA	NA	"CL:0000216"	"Sertoli cell"	"perfect match"	"SN115"	NA	3
"CGTCTACAGGAGTAGA"	""	"ERX6700410"	"ERP132577"	"testis"	"Other_somatic"	NA	NA	NA	"CL:0002371"	"somatic cell"	"perfect match"	"SN115"	NA	2
"CGTCTACGTATAATGG"	""	"ERX6700410"	"ERP132577"	"testis"	"Round_spermatids"	NA	NA	NA	"CL:4030036"	"early spermatid"	"perfect match"	"SN115"	NA	1
"CGTCTACTCATCGCTC"	""	"ERX6700410"	"ERP132577"	"testis"	"Other_somatic"	NA	NA	NA	"CL:0002371"	"somatic cell"	"perfect match"	"SN115"	NA	2
"CGTCTACTCGCCTGTT"	""	"ERX6700410"	"ERP132577"	"testis"	"Spermatogonia"	NA	NA	NA	"CL:0000020"	"spermatogonium"	"perfect match"	"SN115"	NA	6
"CGTGAGCAGACCTAGG"	""	"ERX6700410"	"ERP132577"	"testis"	"Other_somatic"	NA	NA	NA	"CL:0002371"	"somatic cell"	"perfect match"	"SN115"	NA	2
"CGTGAGCAGAGTGACC"	""	"ERX6700410"	"ERP132577"	"testis"	"Elongated_spermatids"	NA	NA	NA	"CL:4030037"	"late spermatid"	"perfect match"	"SN115"	NA	4
"CGTGAGCAGGCGTACA"	""	"ERX6700410"	"ERP132577"	"testis"	"Other_somatic"	NA	NA	NA	"CL:0002371"	"somatic cell"	"perfect match"	"SN115"	NA	2
"CGTGAGCCAGCTGGCT"	""	"ERX6700410"	"ERP132577"	"testis"	"Round_spermatids"	NA	NA	NA	"CL:4030036"	"early spermatid"	"perfect match"	"SN115"	NA	1
"CGTGAGCCATCGGGTC"	""	"ERX6700410"	"ERP132577"	"testis"	"Other_somatic"	NA	NA	NA	"CL:0002371"	"somatic cell"	"perfect match"	"SN115"	NA	2
"CGTGAGCTCACCTTAT"	""	"ERX6700410"	"ERP132577"	"testis"	"Round_spermatids"	NA	NA	NA	"CL:4030036"	"early spermatid"	"perfect match"	"SN115"	NA	1
"CGTGAGCTCCAAACAC"	""	"ERX6700410"	"ERP132577"	"testis"	"Other_somatic"	NA	NA	NA	"CL:0002371"	"somatic cell"	"perfect match"	"SN115"	NA	2
"CGTGTAAAGACAGACC"	""	"ERX6700410"	"ERP132577"	"testis"	"Round_spermatids"	NA	NA	NA	"CL:4030036"	"early spermatid"	"perfect match"	"SN115"	NA	1
"CGTGTAACATTCACTT"	""	"ERX6700410"	"ERP132577"	"testis"	"Round_spermatids"	NA	NA	NA	"CL:4030036"	"early spermatid"	"perfect match"	"SN115"	NA	1
"CGTGTAAGTATATGAG"	""	"ERX6700410"	"ERP132577"	"testis"	"Other_somatic"	NA	NA	NA	"CL:0002371"	"somatic cell"	"perfect match"	"SN115"	NA	2
"CGTGTAAGTTAAGATG"	""	"ERX6700410"	"ERP132577"	"testis"	"Spermatocytes"	NA	NA	NA	"CL:0000017"	"spermatocyte"	"perfect match"	"SN115"	NA	5
"CGTGTAAGTTCATGGT"	""	"ERX6700410"	"ERP132577"	"testis"	"Spermatogonia"	NA	NA	NA	"CL:0000020"	"spermatogonium"	"perfect match"	"SN115"	NA	6
"CGTGTCTAGTTGAGTA"	""	"ERX6700410"	"ERP132577"	"testis"	"Other_somatic"	NA	NA	NA	"CL:0002371"	"somatic cell"	"perfect match"	"SN115"	NA	2
"CGTGTCTCAATAACGA"	""	"ERX6700410"	"ERP132577"	"testis"	"Round_spermatids"	NA	NA	NA	"CL:4030036"	"early spermatid"	"perfect match"	"SN115"	NA	1
"CGTGTCTCATCCGCGA"	""	"ERX6700410"	"ERP132577"	"testis"	"Spermatogonia"	NA	NA	NA	"CL:0000020"	"spermatogonium"	"perfect match"	"SN115"	NA	6
"CGTGTCTGTTTGACAC"	""	"ERX6700410"	"ERP132577"	"testis"	"Elongated_spermatids"	NA	NA	NA	"CL:4030037"	"late spermatid"	"perfect match"	"SN115"	NA	4
"CGTTAGAAGCGATTCT"	""	"ERX6700410"	"ERP132577"	"testis"	"Other_somatic"	NA	NA	NA	"CL:0002371"	"somatic cell"	"perfect match"	"SN115"	NA	2
"CGTTAGATCACAACGT"	""	"ERX6700410"	"ERP132577"	"testis"	"Sertoli"	NA	NA	NA	"CL:0000216"	"Sertoli cell"	"perfect match"	"SN115"	NA	3
"CGTTAGATCATAACCG"	""	"ERX6700410"	"ERP132577"	"testis"	"Other_somatic"	NA	NA	NA	"CL:0002371"	"somatic cell"	"perfect match"	"SN115"	NA	2
"CGTTAGATCGACCAGC"	""	"ERX6700410"	"ERP132577"	"testis"	"Round_spermatids"	NA	NA	NA	"CL:4030036"	"early spermatid"	"perfect match"	"SN115"	NA	1
"CGTTAGATCGTACCGG"	""	"ERX6700410"	"ERP132577"	"testis"	"Other_somatic"	NA	NA	NA	"CL:0002371"	"somatic cell"	"perfect match"	"SN115"	NA	2
"CGTTAGATCTGCGTAA"	""	"ERX6700410"	"ERP132577"	"testis"	"Elongated_spermatids"	NA	NA	NA	"CL:4030037"	"late spermatid"	"perfect match"	"SN115"	NA	4
"CGTTAGATCTTGTTTG"	""	"ERX6700410"	"ERP132577"	"testis"	"Other_somatic"	NA	NA	NA	"CL:0002371"	"somatic cell"	"perfect match"	"SN115"	NA	2
"CGTTCTGAGGTAGCTG"	""	"ERX6700410"	"ERP132577"	"testis"	"Round_spermatids"	NA	NA	NA	"CL:4030036"	"early spermatid"	"perfect match"	"SN115"	NA	1
"CGTTCTGAGTAATCCC"	""	"ERX6700410"	"ERP132577"	"testis"	"Elongated_spermatids"	NA	NA	NA	"CL:4030037"	"late spermatid"	"perfect match"	"SN115"	NA	4
"CGTTCTGCATTAGCCA"	""	"ERX6700410"	"ERP132577"	"testis"	"Elongated_spermatids"	NA	NA	NA	"CL:4030037"	"late spermatid"	"perfect match"	"SN115"	NA	4
"CGTTCTGGTAGGGACT"	""	"ERX6700410"	"ERP132577"	"testis"	"Round_spermatids"	NA	NA	NA	"CL:4030036"	"early spermatid"	"perfect match"	"SN115"	NA	1
"CGTTGGGCACGTAAGG"	""	"ERX6700410"	"ERP132577"	"testis"	"Other_somatic"	NA	NA	NA	"CL:0002371"	"somatic cell"	"perfect match"	"SN115"	NA	2
"CGTTGGGCACTGAAGG"	""	"ERX6700410"	"ERP132577"	"testis"	"Elongated_spermatids"	NA	NA	NA	"CL:4030037"	"late spermatid"	"perfect match"	"SN115"	NA	4
"CGTTGGGCATCTCGCT"	""	"ERX6700410"	"ERP132577"	"testis"	"Other_somatic"	NA	NA	NA	"CL:0002371"	"somatic cell"	"perfect match"	"SN115"	NA	2
"CGTTGGGGTCTGGTCG"	""	"ERX6700410"	"ERP132577"	"testis"	"Elongated_spermatids"	NA	NA	NA	"CL:4030037"	"late spermatid"	"perfect match"	"SN115"	NA	4
"CGTTGGGGTTAAAGAC"	""	"ERX6700410"	"ERP132577"	"testis"	"Spermatocytes"	NA	NA	NA	"CL:0000017"	"spermatocyte"	"perfect match"	"SN115"	NA	5
"CGTTGGGGTTCTCATT"	""	"ERX6700410"	"ERP132577"	"testis"	"Round_spermatids"	NA	NA	NA	"CL:4030036"	"early spermatid"	"perfect match"	"SN115"	NA	1
"CGTTGGGTCATATCGG"	""	"ERX6700410"	"ERP132577"	"testis"	"Other_somatic"	NA	NA	NA	"CL:0002371"	"somatic cell"	"perfect match"	"SN115"	NA	2
"CGTTGGGTCTGGTGTA"	""	"ERX6700410"	"ERP132577"	"testis"	"Spermatocytes"	NA	NA	NA	"CL:0000017"	"spermatocyte"	"perfect match"	"SN115"	NA	5
"CTAACTTAGCGATTCT"	""	"ERX6700410"	"ERP132577"	"testis"	"Elongated_spermatids"	NA	NA	NA	"CL:4030037"	"late spermatid"	"perfect match"	"SN115"	NA	4
"CTAACTTAGTCTCGGC"	""	"ERX6700410"	"ERP132577"	"testis"	"Elongated_spermatids"	NA	NA	NA	"CL:4030037"	"late spermatid"	"perfect match"	"SN115"	NA	4
"CTAACTTGTATTAGCC"	""	"ERX6700410"	"ERP132577"	"testis"	"Other_somatic"	NA	NA	NA	"CL:0002371"	"somatic cell"	"perfect match"	"SN115"	NA	2
"CTAACTTGTTTGGGCC"	""	"ERX6700410"	"ERP132577"	"testis"	"Other_somatic"	NA	NA	NA	"CL:0002371"	"somatic cell"	"perfect match"	"SN115"	NA	2
"CTAACTTTCCAGGGCT"	""	"ERX6700410"	"ERP132577"	"testis"	"Spermatocytes"	NA	NA	NA	"CL:0000017"	"spermatocyte"	"perfect match"	"SN115"	NA	5
"CTAACTTTCCCATTTA"	""	"ERX6700410"	"ERP132577"	"testis"	"Other_somatic"	NA	NA	NA	"CL:0002371"	"somatic cell"	"perfect match"	"SN115"	NA	2
"CTAACTTTCGACGGAA"	""	"ERX6700410"	"ERP132577"	"testis"	"Round_spermatids"	NA	NA	NA	"CL:4030036"	"early spermatid"	"perfect match"	"SN115"	NA	1
"CTAAGACAGCACAGGT"	""	"ERX6700410"	"ERP132577"	"testis"	"Round_spermatids"	NA	NA	NA	"CL:4030036"	"early spermatid"	"perfect match"	"SN115"	NA	1
"CTAAGACAGGTGCAAC"	""	"ERX6700410"	"ERP132577"	"testis"	"Round_spermatids"	NA	NA	NA	"CL:4030036"	"early spermatid"	"perfect match"	"SN115"	NA	1
"CTAAGACCAAACCCAT"	""	"ERX6700410"	"ERP132577"	"testis"	"Other_somatic"	NA	NA	NA	"CL:0002371"	"somatic cell"	"perfect match"	"SN115"	NA	2
"CTAAGACCATCGGAAG"	""	"ERX6700410"	"ERP132577"	"testis"	"Sertoli"	NA	NA	NA	"CL:0000216"	"Sertoli cell"	"perfect match"	"SN115"	NA	3
"CTAAGACCATGACGGA"	""	"ERX6700410"	"ERP132577"	"testis"	"Other_somatic"	NA	NA	NA	"CL:0002371"	"somatic cell"	"perfect match"	"SN115"	NA	2
"CTAAGACTCTGCCCTA"	""	"ERX6700410"	"ERP132577"	"testis"	"Elongated_spermatids"	NA	NA	NA	"CL:4030037"	"late spermatid"	"perfect match"	"SN115"	NA	4
"CTAATGGAGAGCTATA"	""	"ERX6700410"	"ERP132577"	"testis"	"Round_spermatids"	NA	NA	NA	"CL:4030036"	"early spermatid"	"perfect match"	"SN115"	NA	1
"CTAATGGCAAGGACAC"	""	"ERX6700410"	"ERP132577"	"testis"	"Round_spermatids"	NA	NA	NA	"CL:4030036"	"early spermatid"	"perfect match"	"SN115"	NA	1
"CTAATGGCACGGATAG"	""	"ERX6700410"	"ERP132577"	"testis"	"Round_spermatids"	NA	NA	NA	"CL:4030036"	"early spermatid"	"perfect match"	"SN115"	NA	1
"CTAATGGGTGACAAAT"	""	"ERX6700410"	"ERP132577"	"testis"	"Elongated_spermatids"	NA	NA	NA	"CL:4030037"	"late spermatid"	"perfect match"	"SN115"	NA	4
"CTAATGGTCGTTACAG"	""	"ERX6700410"	"ERP132577"	"testis"	"Elongated_spermatids"	NA	NA	NA	"CL:4030037"	"late spermatid"	"perfect match"	"SN115"	NA	4
"CTAATGGTCTTCCTTC"	""	"ERX6700410"	"ERP132577"	"testis"	"Elongated_spermatids"	NA	NA	NA	"CL:4030037"	"late spermatid"	"perfect match"	"SN115"	NA	4
"CTACACCAGAAGCCCA"	""	"ERX6700410"	"ERP132577"	"testis"	"Round_spermatids"	NA	NA	NA	"CL:4030036"	"early spermatid"	"perfect match"	"SN115"	NA	1
"CTACACCAGACAAAGG"	""	"ERX6700410"	"ERP132577"	"testis"	"Elongated_spermatids"	NA	NA	NA	"CL:4030037"	"late spermatid"	"perfect match"	"SN115"	NA	4
"CTACACCAGCGGCTTC"	""	"ERX6700410"	"ERP132577"	"testis"	"Elongated_spermatids"	NA	NA	NA	"CL:4030037"	"late spermatid"	"perfect match"	"SN115"	NA	4
"CTACACCGTAGTGAAT"	""	"ERX6700410"	"ERP132577"	"testis"	"Other_somatic"	NA	NA	NA	"CL:0002371"	"somatic cell"	"perfect match"	"SN115"	NA	2
"CTACACCGTATATGGA"	""	"ERX6700410"	"ERP132577"	"testis"	"Round_spermatids"	NA	NA	NA	"CL:4030036"	"early spermatid"	"perfect match"	"SN115"	NA	1
"CTACACCTCAGCGATT"	""	"ERX6700410"	"ERP132577"	"testis"	"Spermatogonia"	NA	NA	NA	"CL:0000020"	"spermatogonium"	"perfect match"	"SN115"	NA	6
"CTACACCTCTGATTCT"	""	"ERX6700410"	"ERP132577"	"testis"	"Elongated_spermatids"	NA	NA	NA	"CL:4030037"	"late spermatid"	"perfect match"	"SN115"	NA	4
"CTACATTAGAAACCTA"	""	"ERX6700410"	"ERP132577"	"testis"	"Round_spermatids"	NA	NA	NA	"CL:4030036"	"early spermatid"	"perfect match"	"SN115"	NA	1
"CTACATTAGAGCCCAA"	""	"ERX6700410"	"ERP132577"	"testis"	"Elongated_spermatids"	NA	NA	NA	"CL:4030037"	"late spermatid"	"perfect match"	"SN115"	NA	4
"CTACATTAGTCCGGTC"	""	"ERX6700410"	"ERP132577"	"testis"	"Round_spermatids"	NA	NA	NA	"CL:4030036"	"early spermatid"	"perfect match"	"SN115"	NA	1
"CTACATTCAATGACCT"	""	"ERX6700410"	"ERP132577"	"testis"	"Round_spermatids"	NA	NA	NA	"CL:4030036"	"early spermatid"	"perfect match"	"SN115"	NA	1
"CTACCCAAGAGACTAT"	""	"ERX6700410"	"ERP132577"	"testis"	"Elongated_spermatids"	NA	NA	NA	"CL:4030037"	"late spermatid"	"perfect match"	"SN115"	NA	4
"CTACCCACAAAGTGCG"	""	"ERX6700410"	"ERP132577"	"testis"	"Sertoli"	NA	NA	NA	"CL:0000216"	"Sertoli cell"	"perfect match"	"SN115"	NA	3
"CTACCCACACACGCTG"	""	"ERX6700410"	"ERP132577"	"testis"	"Other_somatic"	NA	NA	NA	"CL:0002371"	"somatic cell"	"perfect match"	"SN115"	NA	2
"CTACCCAGTAAGTGTA"	""	"ERX6700410"	"ERP132577"	"testis"	"Other_somatic"	NA	NA	NA	"CL:0002371"	"somatic cell"	"perfect match"	"SN115"	NA	2
"CTACCCAGTACCGTAT"	""	"ERX6700410"	"ERP132577"	"testis"	"Round_spermatids"	NA	NA	NA	"CL:4030036"	"early spermatid"	"perfect match"	"SN115"	NA	1
"CTACCCAGTCGCATCG"	""	"ERX6700410"	"ERP132577"	"testis"	"Spermatogonia"	NA	NA	NA	"CL:0000020"	"spermatogonium"	"perfect match"	"SN115"	NA	6
"CTACCCAGTGTGACGA"	""	"ERX6700410"	"ERP132577"	"testis"	"Round_spermatids"	NA	NA	NA	"CL:4030036"	"early spermatid"	"perfect match"	"SN115"	NA	1
"CTACGTCAGTGGTAAT"	""	"ERX6700410"	"ERP132577"	"testis"	"Other_somatic"	NA	NA	NA	"CL:0002371"	"somatic cell"	"perfect match"	"SN115"	NA	2
"CTACGTCGTCCCTACT"	""	"ERX6700410"	"ERP132577"	"testis"	"Other_somatic"	NA	NA	NA	"CL:0002371"	"somatic cell"	"perfect match"	"SN115"	NA	2
"CTACGTCTCAAACCGT"	""	"ERX6700410"	"ERP132577"	"testis"	"Round_spermatids"	NA	NA	NA	"CL:4030036"	"early spermatid"	"perfect match"	"SN115"	NA	1
"CTAGAGTCATGCATGT"	""	"ERX6700410"	"ERP132577"	"testis"	"Other_somatic"	NA	NA	NA	"CL:0002371"	"somatic cell"	"perfect match"	"SN115"	NA	2
"CTAGAGTGTCTCCCTA"	""	"ERX6700410"	"ERP132577"	"testis"	"Elongated_spermatids"	NA	NA	NA	"CL:4030037"	"late spermatid"	"perfect match"	"SN115"	NA	4
"CTAGAGTTCAGTTTGG"	""	"ERX6700410"	"ERP132577"	"testis"	"Round_spermatids"	NA	NA	NA	"CL:4030036"	"early spermatid"	"perfect match"	"SN115"	NA	1
"CTAGAGTTCCAAGCCG"	""	"ERX6700410"	"ERP132577"	"testis"	"Round_spermatids"	NA	NA	NA	"CL:4030036"	"early spermatid"	"perfect match"	"SN115"	NA	1
"CTAGAGTTCGATAGAA"	""	"ERX6700410"	"ERP132577"	"testis"	"Spermatogonia"	NA	NA	NA	"CL:0000020"	"spermatogonium"	"perfect match"	"SN115"	NA	6
"CTAGCCTAGTGTACCT"	""	"ERX6700410"	"ERP132577"	"testis"	"Round_spermatids"	NA	NA	NA	"CL:4030036"	"early spermatid"	"perfect match"	"SN115"	NA	1
"CTAGCCTCACCCATTC"	""	"ERX6700410"	"ERP132577"	"testis"	"Elongated_spermatids"	NA	NA	NA	"CL:4030037"	"late spermatid"	"perfect match"	"SN115"	NA	4
"CTAGCCTCATGGATGG"	""	"ERX6700410"	"ERP132577"	"testis"	"Round_spermatids"	NA	NA	NA	"CL:4030036"	"early spermatid"	"perfect match"	"SN115"	NA	1
"CTAGTGAAGCGATGAC"	""	"ERX6700410"	"ERP132577"	"testis"	"Other_somatic"	NA	NA	NA	"CL:0002371"	"somatic cell"	"perfect match"	"SN115"	NA	2
"CTAGTGACAAGCGTAG"	""	"ERX6700410"	"ERP132577"	"testis"	"Sertoli"	NA	NA	NA	"CL:0000216"	"Sertoli cell"	"perfect match"	"SN115"	NA	3
"CTAGTGACATGTCTCC"	""	"ERX6700410"	"ERP132577"	"testis"	"Spermatocytes"	NA	NA	NA	"CL:0000017"	"spermatocyte"	"perfect match"	"SN115"	NA	5
"CTAGTGAGTCTCAACA"	""	"ERX6700410"	"ERP132577"	"testis"	"Other_somatic"	NA	NA	NA	"CL:0002371"	"somatic cell"	"perfect match"	"SN115"	NA	2
"CTAGTGATCATGTCTT"	""	"ERX6700410"	"ERP132577"	"testis"	"Sertoli"	NA	NA	NA	"CL:0000216"	"Sertoli cell"	"perfect match"	"SN115"	NA	3
"CTAGTGATCCGTCATC"	""	"ERX6700410"	"ERP132577"	"testis"	"Other_somatic"	NA	NA	NA	"CL:0002371"	"somatic cell"	"perfect match"	"SN115"	NA	2
"CTAGTGATCCTACAGA"	""	"ERX6700410"	"ERP132577"	"testis"	"Other_somatic"	NA	NA	NA	"CL:0002371"	"somatic cell"	"perfect match"	"SN115"	NA	2
"CTAGTGATCTCGTATT"	""	"ERX6700410"	"ERP132577"	"testis"	"Round_spermatids"	NA	NA	NA	"CL:4030036"	"early spermatid"	"perfect match"	"SN115"	NA	1
"CTCACACAGACTAGAT"	""	"ERX6700410"	"ERP132577"	"testis"	"Round_spermatids"	NA	NA	NA	"CL:4030036"	"early spermatid"	"perfect match"	"SN115"	NA	1
"CTCACACAGAGCTGCA"	""	"ERX6700410"	"ERP132577"	"testis"	"Spermatogonia"	NA	NA	NA	"CL:0000020"	"spermatogonium"	"perfect match"	"SN115"	NA	6
"CTCACACAGCAACGGT"	""	"ERX6700410"	"ERP132577"	"testis"	"Other_somatic"	NA	NA	NA	"CL:0002371"	"somatic cell"	"perfect match"	"SN115"	NA	2
"CTCACACAGTAGATGT"	""	"ERX6700410"	"ERP132577"	"testis"	"Other_somatic"	NA	NA	NA	"CL:0002371"	"somatic cell"	"perfect match"	"SN115"	NA	2
"CTCACACAGTATTGGA"	""	"ERX6700410"	"ERP132577"	"testis"	"Elongated_spermatids"	NA	NA	NA	"CL:4030037"	"late spermatid"	"perfect match"	"SN115"	NA	4
"CTCACACCAATTCCTT"	""	"ERX6700410"	"ERP132577"	"testis"	"Round_spermatids"	NA	NA	NA	"CL:4030036"	"early spermatid"	"perfect match"	"SN115"	NA	1
"CTCACACCACCAGGCT"	""	"ERX6700410"	"ERP132577"	"testis"	"Round_spermatids"	NA	NA	NA	"CL:4030036"	"early spermatid"	"perfect match"	"SN115"	NA	1
"CTCACACGTAAATACG"	""	"ERX6700410"	"ERP132577"	"testis"	"Round_spermatids"	NA	NA	NA	"CL:4030036"	"early spermatid"	"perfect match"	"SN115"	NA	1
"CTCACACGTGACGCCT"	""	"ERX6700410"	"ERP132577"	"testis"	"Other_somatic"	NA	NA	NA	"CL:0002371"	"somatic cell"	"perfect match"	"SN115"	NA	2
"CTCACACGTGCCTGTG"	""	"ERX6700410"	"ERP132577"	"testis"	"Other_somatic"	NA	NA	NA	"CL:0002371"	"somatic cell"	"perfect match"	"SN115"	NA	2
"CTCACACTCGGTTCGG"	""	"ERX6700410"	"ERP132577"	"testis"	"Elongated_spermatids"	NA	NA	NA	"CL:4030037"	"late spermatid"	"perfect match"	"SN115"	NA	4
"CTCAGAAAGTTGAGTA"	""	"ERX6700410"	"ERP132577"	"testis"	"Round_spermatids"	NA	NA	NA	"CL:4030036"	"early spermatid"	"perfect match"	"SN115"	NA	1
"CTCAGAACACGCTTTC"	""	"ERX6700410"	"ERP132577"	"testis"	"Other_somatic"	NA	NA	NA	"CL:0002371"	"somatic cell"	"perfect match"	"SN115"	NA	2
"CTCAGAAGTACCGTTA"	""	"ERX6700410"	"ERP132577"	"testis"	"Round_spermatids"	NA	NA	NA	"CL:4030036"	"early spermatid"	"perfect match"	"SN115"	NA	1
"CTCAGAATCAGAGACG"	""	"ERX6700410"	"ERP132577"	"testis"	"Round_spermatids"	NA	NA	NA	"CL:4030036"	"early spermatid"	"perfect match"	"SN115"	NA	1
"CTCATTAAGTTAAGTG"	""	"ERX6700410"	"ERP132577"	"testis"	"Other_somatic"	NA	NA	NA	"CL:0002371"	"somatic cell"	"perfect match"	"SN115"	NA	2
"CTCATTACAGCCTGTG"	""	"ERX6700410"	"ERP132577"	"testis"	"Elongated_spermatids"	NA	NA	NA	"CL:4030037"	"late spermatid"	"perfect match"	"SN115"	NA	4
"CTCATTACAGCGTCCA"	""	"ERX6700410"	"ERP132577"	"testis"	"Spermatogonia"	NA	NA	NA	"CL:0000020"	"spermatogonium"	"perfect match"	"SN115"	NA	6
"CTCATTACAGGATTGG"	""	"ERX6700410"	"ERP132577"	"testis"	"Spermatocytes"	NA	NA	NA	"CL:0000017"	"spermatocyte"	"perfect match"	"SN115"	NA	5
"CTCATTACAGTATAAG"	""	"ERX6700410"	"ERP132577"	"testis"	"Elongated_spermatids"	NA	NA	NA	"CL:4030037"	"late spermatid"	"perfect match"	"SN115"	NA	4
"CTCATTAGTCGACTGC"	""	"ERX6700410"	"ERP132577"	"testis"	"Round_spermatids"	NA	NA	NA	"CL:4030036"	"early spermatid"	"perfect match"	"SN115"	NA	1
"CTCATTAGTGGCCCTA"	""	"ERX6700410"	"ERP132577"	"testis"	"Other_somatic"	NA	NA	NA	"CL:0002371"	"somatic cell"	"perfect match"	"SN115"	NA	2
"CTCATTAGTGGTGTAG"	""	"ERX6700410"	"ERP132577"	"testis"	"Elongated_spermatids"	NA	NA	NA	"CL:4030037"	"late spermatid"	"perfect match"	"SN115"	NA	4
"CTCATTATCACTTCAT"	""	"ERX6700410"	"ERP132577"	"testis"	"Round_spermatids"	NA	NA	NA	"CL:4030036"	"early spermatid"	"perfect match"	"SN115"	NA	1
"CTCATTATCGCTAGCG"	""	"ERX6700410"	"ERP132577"	"testis"	"Other_somatic"	NA	NA	NA	"CL:0002371"	"somatic cell"	"perfect match"	"SN115"	NA	2
"CTCCTAGCAGCCACCA"	""	"ERX6700410"	"ERP132577"	"testis"	"Other_somatic"	NA	NA	NA	"CL:0002371"	"somatic cell"	"perfect match"	"SN115"	NA	2
"CTCCTAGGTTATTCTC"	""	"ERX6700410"	"ERP132577"	"testis"	"Other_somatic"	NA	NA	NA	"CL:0002371"	"somatic cell"	"perfect match"	"SN115"	NA	2
"CTCCTAGTCATGTAGC"	""	"ERX6700410"	"ERP132577"	"testis"	"Other_somatic"	NA	NA	NA	"CL:0002371"	"somatic cell"	"perfect match"	"SN115"	NA	2
"CTCGAAAAGAGACTAT"	""	"ERX6700410"	"ERP132577"	"testis"	"Elongated_spermatids"	NA	NA	NA	"CL:4030037"	"late spermatid"	"perfect match"	"SN115"	NA	4
"CTCGAAAAGCCACGTC"	""	"ERX6700410"	"ERP132577"	"testis"	"Elongated_spermatids"	NA	NA	NA	"CL:4030037"	"late spermatid"	"perfect match"	"SN115"	NA	4
"CTCGAAAAGCGATAGC"	""	"ERX6700410"	"ERP132577"	"testis"	"Sertoli"	NA	NA	NA	"CL:0000216"	"Sertoli cell"	"perfect match"	"SN115"	NA	3
"CTCGAAACAACACCCG"	""	"ERX6700410"	"ERP132577"	"testis"	"Other_somatic"	NA	NA	NA	"CL:0002371"	"somatic cell"	"perfect match"	"SN115"	NA	2
"CTCGAAAGTAAATGTG"	""	"ERX6700410"	"ERP132577"	"testis"	"Elongated_spermatids"	NA	NA	NA	"CL:4030037"	"late spermatid"	"perfect match"	"SN115"	NA	4
"CTCGAAATCACTTATC"	""	"ERX6700410"	"ERP132577"	"testis"	"Other_somatic"	NA	NA	NA	"CL:0002371"	"somatic cell"	"perfect match"	"SN115"	NA	2
"CTCGAAATCAGCGACC"	""	"ERX6700410"	"ERP132577"	"testis"	"Other_somatic"	NA	NA	NA	"CL:0002371"	"somatic cell"	"perfect match"	"SN115"	NA	2
"CTCGAGGAGATGTAAC"	""	"ERX6700410"	"ERP132577"	"testis"	"Elongated_spermatids"	NA	NA	NA	"CL:4030037"	"late spermatid"	"perfect match"	"SN115"	NA	4
"CTCGAGGCAAACGTGG"	""	"ERX6700410"	"ERP132577"	"testis"	"Other_somatic"	NA	NA	NA	"CL:0002371"	"somatic cell"	"perfect match"	"SN115"	NA	2
"CTCGAGGCACCATCCT"	""	"ERX6700410"	"ERP132577"	"testis"	"Other_somatic"	NA	NA	NA	"CL:0002371"	"somatic cell"	"perfect match"	"SN115"	NA	2
"CTCGAGGGTTCCACGG"	""	"ERX6700410"	"ERP132577"	"testis"	"Round_spermatids"	NA	NA	NA	"CL:4030036"	"early spermatid"	"perfect match"	"SN115"	NA	1
"CTCGGAGAGCCGCCTA"	""	"ERX6700410"	"ERP132577"	"testis"	"Elongated_spermatids"	NA	NA	NA	"CL:4030037"	"late spermatid"	"perfect match"	"SN115"	NA	4
"CTCGGAGCACTTCTGC"	""	"ERX6700410"	"ERP132577"	"testis"	"Other_somatic"	NA	NA	NA	"CL:0002371"	"somatic cell"	"perfect match"	"SN115"	NA	2
"CTCGGAGCATGGTCTA"	""	"ERX6700410"	"ERP132577"	"testis"	"Elongated_spermatids"	NA	NA	NA	"CL:4030037"	"late spermatid"	"perfect match"	"SN115"	NA	4
"CTCGGAGGTATTAGCC"	""	"ERX6700410"	"ERP132577"	"testis"	"Elongated_spermatids"	NA	NA	NA	"CL:4030037"	"late spermatid"	"perfect match"	"SN115"	NA	4
"CTCGGAGGTCAGATAA"	""	"ERX6700410"	"ERP132577"	"testis"	"Other_somatic"	NA	NA	NA	"CL:0002371"	"somatic cell"	"perfect match"	"SN115"	NA	2
"CTCGGAGTCAACGGCC"	""	"ERX6700410"	"ERP132577"	"testis"	"Elongated_spermatids"	NA	NA	NA	"CL:4030037"	"late spermatid"	"perfect match"	"SN115"	NA	4
"CTCGGAGTCCTGCCAT"	""	"ERX6700410"	"ERP132577"	"testis"	"Elongated_spermatids"	NA	NA	NA	"CL:4030037"	"late spermatid"	"perfect match"	"SN115"	NA	4
"CTCGGGACAAGTCTGT"	""	"ERX6700410"	"ERP132577"	"testis"	"Other_somatic"	NA	NA	NA	"CL:0002371"	"somatic cell"	"perfect match"	"SN115"	NA	2
"CTCGTACAGAGCCCAA"	""	"ERX6700410"	"ERP132577"	"testis"	"Elongated_spermatids"	NA	NA	NA	"CL:4030037"	"late spermatid"	"perfect match"	"SN115"	NA	4
"CTCGTACAGCTCCTTC"	""	"ERX6700410"	"ERP132577"	"testis"	"Other_somatic"	NA	NA	NA	"CL:0002371"	"somatic cell"	"perfect match"	"SN115"	NA	2
"CTCGTACAGTCACGCC"	""	"ERX6700410"	"ERP132577"	"testis"	"Round_spermatids"	NA	NA	NA	"CL:4030036"	"early spermatid"	"perfect match"	"SN115"	NA	1
"CTCGTACCAGCATACT"	""	"ERX6700410"	"ERP132577"	"testis"	"Round_spermatids"	NA	NA	NA	"CL:4030036"	"early spermatid"	"perfect match"	"SN115"	NA	1
"CTCGTACCAGTCAGCC"	""	"ERX6700410"	"ERP132577"	"testis"	"Round_spermatids"	NA	NA	NA	"CL:4030036"	"early spermatid"	"perfect match"	"SN115"	NA	1
"CTCGTACGTAAACCTC"	""	"ERX6700410"	"ERP132577"	"testis"	"Round_spermatids"	NA	NA	NA	"CL:4030036"	"early spermatid"	"perfect match"	"SN115"	NA	1
"CTCGTACGTCCAGTGC"	""	"ERX6700410"	"ERP132577"	"testis"	"Round_spermatids"	NA	NA	NA	"CL:4030036"	"early spermatid"	"perfect match"	"SN115"	NA	1
"CTCGTACGTGGTCCGT"	""	"ERX6700410"	"ERP132577"	"testis"	"Other_somatic"	NA	NA	NA	"CL:0002371"	"somatic cell"	"perfect match"	"SN115"	NA	2
"CTCGTACGTTCAACCA"	""	"ERX6700410"	"ERP132577"	"testis"	"Elongated_spermatids"	NA	NA	NA	"CL:4030037"	"late spermatid"	"perfect match"	"SN115"	NA	4
"CTCGTACGTTTGTGTG"	""	"ERX6700410"	"ERP132577"	"testis"	"Round_spermatids"	NA	NA	NA	"CL:4030036"	"early spermatid"	"perfect match"	"SN115"	NA	1
"CTCGTACTCACGAAGG"	""	"ERX6700410"	"ERP132577"	"testis"	"Elongated_spermatids"	NA	NA	NA	"CL:4030037"	"late spermatid"	"perfect match"	"SN115"	NA	4
"CTCGTCAAGGCGTACA"	""	"ERX6700410"	"ERP132577"	"testis"	"Other_somatic"	NA	NA	NA	"CL:0002371"	"somatic cell"	"perfect match"	"SN115"	NA	2
"CTCGTCAGTGTAACGG"	""	"ERX6700410"	"ERP132577"	"testis"	"Elongated_spermatids"	NA	NA	NA	"CL:4030037"	"late spermatid"	"perfect match"	"SN115"	NA	4
"CTCGTCATCTGGTGTA"	""	"ERX6700410"	"ERP132577"	"testis"	"Other_somatic"	NA	NA	NA	"CL:0002371"	"somatic cell"	"perfect match"	"SN115"	NA	2
"CTCGTCATCTTTACAC"	""	"ERX6700410"	"ERP132577"	"testis"	"Round_spermatids"	NA	NA	NA	"CL:4030036"	"early spermatid"	"perfect match"	"SN115"	NA	1
"CTCTAATAGCGATGAC"	""	"ERX6700410"	"ERP132577"	"testis"	"Sertoli"	NA	NA	NA	"CL:0000216"	"Sertoli cell"	"perfect match"	"SN115"	NA	3
"CTCTAATAGGGCTTGA"	""	"ERX6700410"	"ERP132577"	"testis"	"Other_somatic"	NA	NA	NA	"CL:0002371"	"somatic cell"	"perfect match"	"SN115"	NA	2
"CTCTAATAGGTGACCA"	""	"ERX6700410"	"ERP132577"	"testis"	"Other_somatic"	NA	NA	NA	"CL:0002371"	"somatic cell"	"perfect match"	"SN115"	NA	2
"CTCTAATCAAGTTGTC"	""	"ERX6700410"	"ERP132577"	"testis"	"Other_somatic"	NA	NA	NA	"CL:0002371"	"somatic cell"	"perfect match"	"SN115"	NA	2
"CTCTAATTCATGTCTT"	""	"ERX6700410"	"ERP132577"	"testis"	"Elongated_spermatids"	NA	NA	NA	"CL:4030037"	"late spermatid"	"perfect match"	"SN115"	NA	4
"CTCTAATTCGTATCAG"	""	"ERX6700410"	"ERP132577"	"testis"	"Other_somatic"	NA	NA	NA	"CL:0002371"	"somatic cell"	"perfect match"	"SN115"	NA	2
"CTCTACGAGGTGACCA"	""	"ERX6700410"	"ERP132577"	"testis"	"Round_spermatids"	NA	NA	NA	"CL:4030036"	"early spermatid"	"perfect match"	"SN115"	NA	1
"CTCTACGCAAGGACAC"	""	"ERX6700410"	"ERP132577"	"testis"	"Elongated_spermatids"	NA	NA	NA	"CL:4030037"	"late spermatid"	"perfect match"	"SN115"	NA	4
"CTCTACGGTTATCCGA"	""	"ERX6700410"	"ERP132577"	"testis"	"Elongated_spermatids"	NA	NA	NA	"CL:4030037"	"late spermatid"	"perfect match"	"SN115"	NA	4
"CTCTGGTAGCTCCTCT"	""	"ERX6700410"	"ERP132577"	"testis"	"Other_somatic"	NA	NA	NA	"CL:0002371"	"somatic cell"	"perfect match"	"SN115"	NA	2
"CTCTGGTCAATCGGTT"	""	"ERX6700410"	"ERP132577"	"testis"	"Sertoli"	NA	NA	NA	"CL:0000216"	"Sertoli cell"	"perfect match"	"SN115"	NA	3
"CTCTGGTGTAATCACC"	""	"ERX6700410"	"ERP132577"	"testis"	"Other_somatic"	NA	NA	NA	"CL:0002371"	"somatic cell"	"perfect match"	"SN115"	NA	2
"CTCTGGTGTTCGGGCT"	""	"ERX6700410"	"ERP132577"	"testis"	"Other_somatic"	NA	NA	NA	"CL:0002371"	"somatic cell"	"perfect match"	"SN115"	NA	2
"CTCTGGTTCTAACTGG"	""	"ERX6700410"	"ERP132577"	"testis"	"Elongated_spermatids"	NA	NA	NA	"CL:4030037"	"late spermatid"	"perfect match"	"SN115"	NA	4
"CTCTGGTTCTCCAGGG"	""	"ERX6700410"	"ERP132577"	"testis"	"Other_somatic"	NA	NA	NA	"CL:0002371"	"somatic cell"	"perfect match"	"SN115"	NA	2
"CTGAAACAGAATGTTG"	""	"ERX6700410"	"ERP132577"	"testis"	"Elongated_spermatids"	NA	NA	NA	"CL:4030037"	"late spermatid"	"perfect match"	"SN115"	NA	4
"CTGAAACAGCCAGTAG"	""	"ERX6700410"	"ERP132577"	"testis"	"Elongated_spermatids"	NA	NA	NA	"CL:4030037"	"late spermatid"	"perfect match"	"SN115"	NA	4
"CTGAAACAGTTACCCA"	""	"ERX6700410"	"ERP132577"	"testis"	"Other_somatic"	NA	NA	NA	"CL:0002371"	"somatic cell"	"perfect match"	"SN115"	NA	2
"CTGAAACCACTGAAGG"	""	"ERX6700410"	"ERP132577"	"testis"	"Round_spermatids"	NA	NA	NA	"CL:4030036"	"early spermatid"	"perfect match"	"SN115"	NA	1
"CTGAAACCACTGCCAG"	""	"ERX6700410"	"ERP132577"	"testis"	"Round_spermatids"	NA	NA	NA	"CL:4030036"	"early spermatid"	"perfect match"	"SN115"	NA	1
"CTGAAACTCTATGTGG"	""	"ERX6700410"	"ERP132577"	"testis"	"Other_somatic"	NA	NA	NA	"CL:0002371"	"somatic cell"	"perfect match"	"SN115"	NA	2
"CTGAAACTCTCTGAGA"	""	"ERX6700410"	"ERP132577"	"testis"	"Other_somatic"	NA	NA	NA	"CL:0002371"	"somatic cell"	"perfect match"	"SN115"	NA	2
"CTGAAGTAGCTGCAAG"	""	"ERX6700410"	"ERP132577"	"testis"	"Other_somatic"	NA	NA	NA	"CL:0002371"	"somatic cell"	"perfect match"	"SN115"	NA	2
"CTGAAGTAGTACGCGA"	""	"ERX6700410"	"ERP132577"	"testis"	"Other_somatic"	NA	NA	NA	"CL:0002371"	"somatic cell"	"perfect match"	"SN115"	NA	2
"CTGAAGTCAATTGCTG"	""	"ERX6700410"	"ERP132577"	"testis"	"Other_somatic"	NA	NA	NA	"CL:0002371"	"somatic cell"	"perfect match"	"SN115"	NA	2
"CTGAAGTCACGAAAGC"	""	"ERX6700410"	"ERP132577"	"testis"	"Other_somatic"	NA	NA	NA	"CL:0002371"	"somatic cell"	"perfect match"	"SN115"	NA	2
"CTGAAGTGTCGACTAT"	""	"ERX6700410"	"ERP132577"	"testis"	"Other_somatic"	NA	NA	NA	"CL:0002371"	"somatic cell"	"perfect match"	"SN115"	NA	2
"CTGAAGTGTCTTGCGG"	""	"ERX6700410"	"ERP132577"	"testis"	"Other_somatic"	NA	NA	NA	"CL:0002371"	"somatic cell"	"perfect match"	"SN115"	NA	2
"CTGAAGTGTTGGAGGT"	""	"ERX6700410"	"ERP132577"	"testis"	"Other_somatic"	NA	NA	NA	"CL:0002371"	"somatic cell"	"perfect match"	"SN115"	NA	2
"CTGAAGTTCATCGCTC"	""	"ERX6700410"	"ERP132577"	"testis"	"Round_spermatids"	NA	NA	NA	"CL:4030036"	"early spermatid"	"perfect match"	"SN115"	NA	1
"CTGATAGAGAATTCCC"	""	"ERX6700410"	"ERP132577"	"testis"	"Round_spermatids"	NA	NA	NA	"CL:4030036"	"early spermatid"	"perfect match"	"SN115"	NA	1
"CTGATAGAGGGCACTA"	""	"ERX6700410"	"ERP132577"	"testis"	"Round_spermatids"	NA	NA	NA	"CL:4030036"	"early spermatid"	"perfect match"	"SN115"	NA	1
"CTGATAGAGGTTCCTA"	""	"ERX6700410"	"ERP132577"	"testis"	"Other_somatic"	NA	NA	NA	"CL:0002371"	"somatic cell"	"perfect match"	"SN115"	NA	2
"CTGATAGAGTAATCCC"	""	"ERX6700410"	"ERP132577"	"testis"	"Round_spermatids"	NA	NA	NA	"CL:4030036"	"early spermatid"	"perfect match"	"SN115"	NA	1
"CTGATAGCACGAAACG"	""	"ERX6700410"	"ERP132577"	"testis"	"Other_somatic"	NA	NA	NA	"CL:0002371"	"somatic cell"	"perfect match"	"SN115"	NA	2
"CTGATAGCATGGATGG"	""	"ERX6700410"	"ERP132577"	"testis"	"Elongated_spermatids"	NA	NA	NA	"CL:4030037"	"late spermatid"	"perfect match"	"SN115"	NA	4
"CTGATAGGTGTAACGG"	""	"ERX6700410"	"ERP132577"	"testis"	"Spermatocytes"	NA	NA	NA	"CL:0000017"	"spermatocyte"	"perfect match"	"SN115"	NA	5
"CTGATAGGTGTGACCC"	""	"ERX6700410"	"ERP132577"	"testis"	"Round_spermatids"	NA	NA	NA	"CL:4030036"	"early spermatid"	"perfect match"	"SN115"	NA	1
"CTGATAGGTTGTACAC"	""	"ERX6700410"	"ERP132577"	"testis"	"Elongated_spermatids"	NA	NA	NA	"CL:4030037"	"late spermatid"	"perfect match"	"SN115"	NA	4
"CTGATAGTCAAACAAG"	""	"ERX6700410"	"ERP132577"	"testis"	"Other_somatic"	NA	NA	NA	"CL:0002371"	"somatic cell"	"perfect match"	"SN115"	NA	2
"CTGATAGTCGGCGCTA"	""	"ERX6700410"	"ERP132577"	"testis"	"Other_somatic"	NA	NA	NA	"CL:0002371"	"somatic cell"	"perfect match"	"SN115"	NA	2
"CTGATAGTCTCAACTT"	""	"ERX6700410"	"ERP132577"	"testis"	"Other_somatic"	NA	NA	NA	"CL:0002371"	"somatic cell"	"perfect match"	"SN115"	NA	2
"CTGATAGTCTTGAGGT"	""	"ERX6700410"	"ERP132577"	"testis"	"Round_spermatids"	NA	NA	NA	"CL:4030036"	"early spermatid"	"perfect match"	"SN115"	NA	1
"CTGATCCAGATGGCGT"	""	"ERX6700410"	"ERP132577"	"testis"	"Round_spermatids"	NA	NA	NA	"CL:4030036"	"early spermatid"	"perfect match"	"SN115"	NA	1
"CTGATCCAGCTCAACT"	""	"ERX6700410"	"ERP132577"	"testis"	"Other_somatic"	NA	NA	NA	"CL:0002371"	"somatic cell"	"perfect match"	"SN115"	NA	2
"CTGATCCAGGGCACTA"	""	"ERX6700410"	"ERP132577"	"testis"	"Round_spermatids"	NA	NA	NA	"CL:4030036"	"early spermatid"	"perfect match"	"SN115"	NA	1
"CTGATCCAGTGGTAGC"	""	"ERX6700410"	"ERP132577"	"testis"	"Other_somatic"	NA	NA	NA	"CL:0002371"	"somatic cell"	"perfect match"	"SN115"	NA	2
"CTGATCCAGTTGAGTA"	""	"ERX6700410"	"ERP132577"	"testis"	"Round_spermatids"	NA	NA	NA	"CL:4030036"	"early spermatid"	"perfect match"	"SN115"	NA	1
"CTGATCCGTATTAGCC"	""	"ERX6700410"	"ERP132577"	"testis"	"Other_somatic"	NA	NA	NA	"CL:0002371"	"somatic cell"	"perfect match"	"SN115"	NA	2
"CTGATCCGTCAGAAGC"	""	"ERX6700410"	"ERP132577"	"testis"	"Elongated_spermatids"	NA	NA	NA	"CL:4030037"	"late spermatid"	"perfect match"	"SN115"	NA	4
"CTGATCCGTGTTGGGA"	""	"ERX6700410"	"ERP132577"	"testis"	"Other_somatic"	NA	NA	NA	"CL:0002371"	"somatic cell"	"perfect match"	"SN115"	NA	2
"CTGATCCTCGGCGGTT"	""	"ERX6700410"	"ERP132577"	"testis"	"Spermatogonia"	NA	NA	NA	"CL:0000020"	"spermatogonium"	"perfect match"	"SN115"	NA	6
"CTGCCTACAAGCCTAT"	""	"ERX6700410"	"ERP132577"	"testis"	"Elongated_spermatids"	NA	NA	NA	"CL:4030037"	"late spermatid"	"perfect match"	"SN115"	NA	4
"CTGCCTACAAGCTGAG"	""	"ERX6700410"	"ERP132577"	"testis"	"Other_somatic"	NA	NA	NA	"CL:0002371"	"somatic cell"	"perfect match"	"SN115"	NA	2
"CTGCCTACATGACGGA"	""	"ERX6700410"	"ERP132577"	"testis"	"Spermatogonia"	NA	NA	NA	"CL:0000020"	"spermatogonium"	"perfect match"	"SN115"	NA	6
"CTGCCTAGTCATATCG"	""	"ERX6700410"	"ERP132577"	"testis"	"Round_spermatids"	NA	NA	NA	"CL:4030036"	"early spermatid"	"perfect match"	"SN115"	NA	1
"CTGCCTAGTTCCGGCA"	""	"ERX6700410"	"ERP132577"	"testis"	"Elongated_spermatids"	NA	NA	NA	"CL:4030037"	"late spermatid"	"perfect match"	"SN115"	NA	4
"CTGCCTATCGCAAGCC"	""	"ERX6700410"	"ERP132577"	"testis"	"Other_somatic"	NA	NA	NA	"CL:0002371"	"somatic cell"	"perfect match"	"SN115"	NA	2
"CTGCGGAAGATCGATA"	""	"ERX6700410"	"ERP132577"	"testis"	"Sertoli"	NA	NA	NA	"CL:0000216"	"Sertoli cell"	"perfect match"	"SN115"	NA	3
"CTGCGGAAGATGCCTT"	""	"ERX6700410"	"ERP132577"	"testis"	"Other_somatic"	NA	NA	NA	"CL:0002371"	"somatic cell"	"perfect match"	"SN115"	NA	2
"CTGCGGAAGGACACCA"	""	"ERX6700410"	"ERP132577"	"testis"	"Spermatogonia"	NA	NA	NA	"CL:0000020"	"spermatogonium"	"perfect match"	"SN115"	NA	6
"CTGCGGACACCACCAG"	""	"ERX6700410"	"ERP132577"	"testis"	"Other_somatic"	NA	NA	NA	"CL:0002371"	"somatic cell"	"perfect match"	"SN115"	NA	2
"CTGCGGATCACTTCAT"	""	"ERX6700410"	"ERP132577"	"testis"	"Other_somatic"	NA	NA	NA	"CL:0002371"	"somatic cell"	"perfect match"	"SN115"	NA	2
"CTGCGGATCCTTGCCA"	""	"ERX6700410"	"ERP132577"	"testis"	"Round_spermatids"	NA	NA	NA	"CL:4030036"	"early spermatid"	"perfect match"	"SN115"	NA	1
"CTGCGGATCTCTGAGA"	""	"ERX6700410"	"ERP132577"	"testis"	"Other_somatic"	NA	NA	NA	"CL:0002371"	"somatic cell"	"perfect match"	"SN115"	NA	2
"CTGCTGTAGAAGGACA"	""	"ERX6700410"	"ERP132577"	"testis"	"Elongated_spermatids"	NA	NA	NA	"CL:4030037"	"late spermatid"	"perfect match"	"SN115"	NA	4
"CTGCTGTAGTTGAGTA"	""	"ERX6700410"	"ERP132577"	"testis"	"Other_somatic"	NA	NA	NA	"CL:0002371"	"somatic cell"	"perfect match"	"SN115"	NA	2
"CTGCTGTGTAGAGGAA"	""	"ERX6700410"	"ERP132577"	"testis"	"Other_somatic"	NA	NA	NA	"CL:0002371"	"somatic cell"	"perfect match"	"SN115"	NA	2
"CTGCTGTTCACCACCT"	""	"ERX6700410"	"ERP132577"	"testis"	"Other_somatic"	NA	NA	NA	"CL:0002371"	"somatic cell"	"perfect match"	"SN115"	NA	2
"CTGCTGTTCACGAAGG"	""	"ERX6700410"	"ERP132577"	"testis"	"Sertoli"	NA	NA	NA	"CL:0000216"	"Sertoli cell"	"perfect match"	"SN115"	NA	3
"CTGCTGTTCGTTACGA"	""	"ERX6700410"	"ERP132577"	"testis"	"Other_somatic"	NA	NA	NA	"CL:0002371"	"somatic cell"	"perfect match"	"SN115"	NA	2
"CTGGTCTAGTTAAGTG"	""	"ERX6700410"	"ERP132577"	"testis"	"Round_spermatids"	NA	NA	NA	"CL:4030036"	"early spermatid"	"perfect match"	"SN115"	NA	1
"CTGGTCTCAGACAGGT"	""	"ERX6700410"	"ERP132577"	"testis"	"Round_spermatids"	NA	NA	NA	"CL:4030036"	"early spermatid"	"perfect match"	"SN115"	NA	1
"CTGGTCTCAGACGCCT"	""	"ERX6700410"	"ERP132577"	"testis"	"Spermatogonia"	NA	NA	NA	"CL:0000020"	"spermatogonium"	"perfect match"	"SN115"	NA	6
"CTGGTCTCAGCCACCA"	""	"ERX6700410"	"ERP132577"	"testis"	"Elongated_spermatids"	NA	NA	NA	"CL:4030037"	"late spermatid"	"perfect match"	"SN115"	NA	4
"CTGGTCTCAGGGAGAG"	""	"ERX6700410"	"ERP132577"	"testis"	"Round_spermatids"	NA	NA	NA	"CL:4030036"	"early spermatid"	"perfect match"	"SN115"	NA	1
"CTGGTCTGTATTCGTG"	""	"ERX6700410"	"ERP132577"	"testis"	"Elongated_spermatids"	NA	NA	NA	"CL:4030037"	"late spermatid"	"perfect match"	"SN115"	NA	4
"CTGGTCTGTGTTTGTG"	""	"ERX6700410"	"ERP132577"	"testis"	"Elongated_spermatids"	NA	NA	NA	"CL:4030037"	"late spermatid"	"perfect match"	"SN115"	NA	4
"CTGGTCTTCCAGATCA"	""	"ERX6700410"	"ERP132577"	"testis"	"Elongated_spermatids"	NA	NA	NA	"CL:4030037"	"late spermatid"	"perfect match"	"SN115"	NA	4
"CTGGTCTTCTGCTGTC"	""	"ERX6700410"	"ERP132577"	"testis"	"Other_somatic"	NA	NA	NA	"CL:0002371"	"somatic cell"	"perfect match"	"SN115"	NA	2
"CTGGTCTTCTTATCTG"	""	"ERX6700410"	"ERP132577"	"testis"	"Elongated_spermatids"	NA	NA	NA	"CL:4030037"	"late spermatid"	"perfect match"	"SN115"	NA	4
"CTGTGCTAGGACATTA"	""	"ERX6700410"	"ERP132577"	"testis"	"Round_spermatids"	NA	NA	NA	"CL:4030036"	"early spermatid"	"perfect match"	"SN115"	NA	1
"CTGTGCTGTAACGCGA"	""	"ERX6700410"	"ERP132577"	"testis"	"Other_somatic"	NA	NA	NA	"CL:0002371"	"somatic cell"	"perfect match"	"SN115"	NA	2
"CTGTGCTGTAAGAGAG"	""	"ERX6700410"	"ERP132577"	"testis"	"Elongated_spermatids"	NA	NA	NA	"CL:4030037"	"late spermatid"	"perfect match"	"SN115"	NA	4
"CTGTGCTGTTCATGGT"	""	"ERX6700410"	"ERP132577"	"testis"	"Elongated_spermatids"	NA	NA	NA	"CL:4030037"	"late spermatid"	"perfect match"	"SN115"	NA	4
"CTGTGCTTCAACACGT"	""	"ERX6700410"	"ERP132577"	"testis"	"Elongated_spermatids"	NA	NA	NA	"CL:4030037"	"late spermatid"	"perfect match"	"SN115"	NA	4
"CTGTGCTTCATTGCCC"	""	"ERX6700410"	"ERP132577"	"testis"	"Round_spermatids"	NA	NA	NA	"CL:4030036"	"early spermatid"	"perfect match"	"SN115"	NA	1
"CTGTGCTTCCGAACGC"	""	"ERX6700410"	"ERP132577"	"testis"	"Spermatocytes"	NA	NA	NA	"CL:0000017"	"spermatocyte"	"perfect match"	"SN115"	NA	5
"CTGTGCTTCTGGAGCC"	""	"ERX6700410"	"ERP132577"	"testis"	"Elongated_spermatids"	NA	NA	NA	"CL:4030037"	"late spermatid"	"perfect match"	"SN115"	NA	4
"CTGTGCTTCTTCGAGA"	""	"ERX6700410"	"ERP132577"	"testis"	"Sertoli"	NA	NA	NA	"CL:0000216"	"Sertoli cell"	"perfect match"	"SN115"	NA	3
"CTGTTTACACGTTGGC"	""	"ERX6700410"	"ERP132577"	"testis"	"Sertoli"	NA	NA	NA	"CL:0000216"	"Sertoli cell"	"perfect match"	"SN115"	NA	3
"CTGTTTAGTCCGAATT"	""	"ERX6700410"	"ERP132577"	"testis"	"Spermatocytes"	NA	NA	NA	"CL:0000017"	"spermatocyte"	"perfect match"	"SN115"	NA	5
"CTGTTTATCGTCTGAA"	""	"ERX6700410"	"ERP132577"	"testis"	"Elongated_spermatids"	NA	NA	NA	"CL:4030037"	"late spermatid"	"perfect match"	"SN115"	NA	4
"CTGTTTATCTCGCATC"	""	"ERX6700410"	"ERP132577"	"testis"	"Sertoli"	NA	NA	NA	"CL:0000216"	"Sertoli cell"	"perfect match"	"SN115"	NA	3
"CTGTTTATCTGACCTC"	""	"ERX6700410"	"ERP132577"	"testis"	"Other_somatic"	NA	NA	NA	"CL:0002371"	"somatic cell"	"perfect match"	"SN115"	NA	2
"CTGTTTATCTGTTTGT"	""	"ERX6700410"	"ERP132577"	"testis"	"Elongated_spermatids"	NA	NA	NA	"CL:4030037"	"late spermatid"	"perfect match"	"SN115"	NA	4
"CTTAACTAGTAGATGT"	""	"ERX6700410"	"ERP132577"	"testis"	"Round_spermatids"	NA	NA	NA	"CL:4030036"	"early spermatid"	"perfect match"	"SN115"	NA	1
"CTTAACTCAAGGACTG"	""	"ERX6700410"	"ERP132577"	"testis"	"Elongated_spermatids"	NA	NA	NA	"CL:4030037"	"late spermatid"	"perfect match"	"SN115"	NA	4
"CTTAACTCAAGTTCTG"	""	"ERX6700410"	"ERP132577"	"testis"	"Round_spermatids"	NA	NA	NA	"CL:4030036"	"early spermatid"	"perfect match"	"SN115"	NA	1
"CTTAACTCATAGGATA"	""	"ERX6700410"	"ERP132577"	"testis"	"Other_somatic"	NA	NA	NA	"CL:0002371"	"somatic cell"	"perfect match"	"SN115"	NA	2
"CTTAACTGTGCCTGCA"	""	"ERX6700410"	"ERP132577"	"testis"	"Elongated_spermatids"	NA	NA	NA	"CL:4030037"	"late spermatid"	"perfect match"	"SN115"	NA	4
"CTTAACTGTTGTCGCG"	""	"ERX6700410"	"ERP132577"	"testis"	"Round_spermatids"	NA	NA	NA	"CL:4030036"	"early spermatid"	"perfect match"	"SN115"	NA	1
"CTTAACTTCCAAATGC"	""	"ERX6700410"	"ERP132577"	"testis"	"Round_spermatids"	NA	NA	NA	"CL:4030036"	"early spermatid"	"perfect match"	"SN115"	NA	1
"CTTAACTTCGAACTGT"	""	"ERX6700410"	"ERP132577"	"testis"	"Elongated_spermatids"	NA	NA	NA	"CL:4030037"	"late spermatid"	"perfect match"	"SN115"	NA	4
"CTTACCGAGGACGAAA"	""	"ERX6700410"	"ERP132577"	"testis"	"Round_spermatids"	NA	NA	NA	"CL:4030036"	"early spermatid"	"perfect match"	"SN115"	NA	1
"CTTACCGAGTTGCAGG"	""	"ERX6700410"	"ERP132577"	"testis"	"Spermatocytes"	NA	NA	NA	"CL:0000017"	"spermatocyte"	"perfect match"	"SN115"	NA	5
"CTTACCGCACCGAATT"	""	"ERX6700410"	"ERP132577"	"testis"	"Other_somatic"	NA	NA	NA	"CL:0002371"	"somatic cell"	"perfect match"	"SN115"	NA	2
"CTTACCGCAGTCAGCC"	""	"ERX6700410"	"ERP132577"	"testis"	"Spermatogonia"	NA	NA	NA	"CL:0000020"	"spermatogonium"	"perfect match"	"SN115"	NA	6
"CTTACCGTCATTCACT"	""	"ERX6700410"	"ERP132577"	"testis"	"Elongated_spermatids"	NA	NA	NA	"CL:4030037"	"late spermatid"	"perfect match"	"SN115"	NA	4
"CTTACCGTCGACCAGC"	""	"ERX6700410"	"ERP132577"	"testis"	"Round_spermatids"	NA	NA	NA	"CL:4030036"	"early spermatid"	"perfect match"	"SN115"	NA	1
"CTTAGGAAGCCCAACC"	""	"ERX6700410"	"ERP132577"	"testis"	"Round_spermatids"	NA	NA	NA	"CL:4030036"	"early spermatid"	"perfect match"	"SN115"	NA	1
"CTTAGGAAGGCTAGCA"	""	"ERX6700410"	"ERP132577"	"testis"	"Sertoli"	NA	NA	NA	"CL:0000216"	"Sertoli cell"	"perfect match"	"SN115"	NA	3
"CTTAGGAAGTATCGAA"	""	"ERX6700410"	"ERP132577"	"testis"	"Elongated_spermatids"	NA	NA	NA	"CL:4030037"	"late spermatid"	"perfect match"	"SN115"	NA	4
"CTTAGGAGTGTCGCTG"	""	"ERX6700410"	"ERP132577"	"testis"	"Round_spermatids"	NA	NA	NA	"CL:4030036"	"early spermatid"	"perfect match"	"SN115"	NA	1
"CTTAGGAGTTTAGGAA"	""	"ERX6700410"	"ERP132577"	"testis"	"Round_spermatids"	NA	NA	NA	"CL:4030036"	"early spermatid"	"perfect match"	"SN115"	NA	1
"CTTCTCTAGCTACCGC"	""	"ERX6700410"	"ERP132577"	"testis"	"Spermatogonia"	NA	NA	NA	"CL:0000020"	"spermatogonium"	"perfect match"	"SN115"	NA	6
"CTTCTCTAGGAGTTTA"	""	"ERX6700410"	"ERP132577"	"testis"	"Other_somatic"	NA	NA	NA	"CL:0002371"	"somatic cell"	"perfect match"	"SN115"	NA	2
"CTTCTCTAGGGTCTCC"	""	"ERX6700410"	"ERP132577"	"testis"	"Elongated_spermatids"	NA	NA	NA	"CL:4030037"	"late spermatid"	"perfect match"	"SN115"	NA	4
"CTTCTCTAGTACGTTC"	""	"ERX6700410"	"ERP132577"	"testis"	"Spermatogonia"	NA	NA	NA	"CL:0000020"	"spermatogonium"	"perfect match"	"SN115"	NA	6
"CTTCTCTCACTTCTGC"	""	"ERX6700410"	"ERP132577"	"testis"	"Other_somatic"	NA	NA	NA	"CL:0002371"	"somatic cell"	"perfect match"	"SN115"	NA	2
"CTTCTCTGTCCGAAGA"	""	"ERX6700410"	"ERP132577"	"testis"	"Other_somatic"	NA	NA	NA	"CL:0002371"	"somatic cell"	"perfect match"	"SN115"	NA	2
"CTTCTCTTCCACGTTC"	""	"ERX6700410"	"ERP132577"	"testis"	"Spermatogonia"	NA	NA	NA	"CL:0000020"	"spermatogonium"	"perfect match"	"SN115"	NA	6
"CTTCTCTTCGTCTGAA"	""	"ERX6700410"	"ERP132577"	"testis"	"Round_spermatids"	NA	NA	NA	"CL:4030036"	"early spermatid"	"perfect match"	"SN115"	NA	1
"CTTCTCTTCTCCCTGA"	""	"ERX6700410"	"ERP132577"	"testis"	"Other_somatic"	NA	NA	NA	"CL:0002371"	"somatic cell"	"perfect match"	"SN115"	NA	2
"CTTGGCTAGAGGTTAT"	""	"ERX6700410"	"ERP132577"	"testis"	"Round_spermatids"	NA	NA	NA	"CL:4030036"	"early spermatid"	"perfect match"	"SN115"	NA	1
"CTTGGCTAGCAATCTC"	""	"ERX6700410"	"ERP132577"	"testis"	"Sertoli"	NA	NA	NA	"CL:0000216"	"Sertoli cell"	"perfect match"	"SN115"	NA	3
"CTTGGCTAGCTTTGGT"	""	"ERX6700410"	"ERP132577"	"testis"	"Sertoli"	NA	NA	NA	"CL:0000216"	"Sertoli cell"	"perfect match"	"SN115"	NA	3
"CTTGGCTAGTTTGCGT"	""	"ERX6700410"	"ERP132577"	"testis"	"Sertoli"	NA	NA	NA	"CL:0000216"	"Sertoli cell"	"perfect match"	"SN115"	NA	3
"CTTGGCTCAACGATGG"	""	"ERX6700410"	"ERP132577"	"testis"	"Round_spermatids"	NA	NA	NA	"CL:4030036"	"early spermatid"	"perfect match"	"SN115"	NA	1
"CTTGGCTCATTTGCTT"	""	"ERX6700410"	"ERP132577"	"testis"	"Round_spermatids"	NA	NA	NA	"CL:4030036"	"early spermatid"	"perfect match"	"SN115"	NA	1
"CTTGGCTGTACCTACA"	""	"ERX6700410"	"ERP132577"	"testis"	"Elongated_spermatids"	NA	NA	NA	"CL:4030037"	"late spermatid"	"perfect match"	"SN115"	NA	4
"CTTGGCTGTCGCTTCT"	""	"ERX6700410"	"ERP132577"	"testis"	"Other_somatic"	NA	NA	NA	"CL:0002371"	"somatic cell"	"perfect match"	"SN115"	NA	2
"CTTGGCTGTGGGTCAA"	""	"ERX6700410"	"ERP132577"	"testis"	"Other_somatic"	NA	NA	NA	"CL:0002371"	"somatic cell"	"perfect match"	"SN115"	NA	2
"CTTGGCTTCCTTGGTC"	""	"ERX6700410"	"ERP132577"	"testis"	"Other_somatic"	NA	NA	NA	"CL:0002371"	"somatic cell"	"perfect match"	"SN115"	NA	2
"CTTGGCTTCGTGGGAA"	""	"ERX6700410"	"ERP132577"	"testis"	"Other_somatic"	NA	NA	NA	"CL:0002371"	"somatic cell"	"perfect match"	"SN115"	NA	2
"CTTTGCGAGATATGCA"	""	"ERX6700410"	"ERP132577"	"testis"	"Elongated_spermatids"	NA	NA	NA	"CL:4030037"	"late spermatid"	"perfect match"	"SN115"	NA	4
"CTTTGCGAGTGCTGCC"	""	"ERX6700410"	"ERP132577"	"testis"	"Other_somatic"	NA	NA	NA	"CL:0002371"	"somatic cell"	"perfect match"	"SN115"	NA	2
"CTTTGCGCACCATGTA"	""	"ERX6700410"	"ERP132577"	"testis"	"Round_spermatids"	NA	NA	NA	"CL:4030036"	"early spermatid"	"perfect match"	"SN115"	NA	1
"CTTTGCGGTAATCGTC"	""	"ERX6700410"	"ERP132577"	"testis"	"Round_spermatids"	NA	NA	NA	"CL:4030036"	"early spermatid"	"perfect match"	"SN115"	NA	1
"CTTTGCGGTAGCTCCG"	""	"ERX6700410"	"ERP132577"	"testis"	"Round_spermatids"	NA	NA	NA	"CL:4030036"	"early spermatid"	"perfect match"	"SN115"	NA	1
"CTTTGCGGTCAGGACA"	""	"ERX6700410"	"ERP132577"	"testis"	"Sertoli"	NA	NA	NA	"CL:0000216"	"Sertoli cell"	"perfect match"	"SN115"	NA	3
"CTTTGCGGTGCAGGTA"	""	"ERX6700410"	"ERP132577"	"testis"	"Spermatogonia"	NA	NA	NA	"CL:0000020"	"spermatogonium"	"perfect match"	"SN115"	NA	6
"GAAACTCAGCCTCGTG"	""	"ERX6700410"	"ERP132577"	"testis"	"Round_spermatids"	NA	NA	NA	"CL:4030036"	"early spermatid"	"perfect match"	"SN115"	NA	1
"GAAACTCAGGCTACGA"	""	"ERX6700410"	"ERP132577"	"testis"	"Elongated_spermatids"	NA	NA	NA	"CL:4030037"	"late spermatid"	"perfect match"	"SN115"	NA	4
"GAAACTCTCTCGGACG"	""	"ERX6700410"	"ERP132577"	"testis"	"Elongated_spermatids"	NA	NA	NA	"CL:4030037"	"late spermatid"	"perfect match"	"SN115"	NA	4
"GAAACTCTCTTACCGC"	""	"ERX6700410"	"ERP132577"	"testis"	"Round_spermatids"	NA	NA	NA	"CL:4030036"	"early spermatid"	"perfect match"	"SN115"	NA	1
"GAAATGAAGCTAGTCT"	""	"ERX6700410"	"ERP132577"	"testis"	"Elongated_spermatids"	NA	NA	NA	"CL:4030037"	"late spermatid"	"perfect match"	"SN115"	NA	4
"GAAATGAAGTCACGCC"	""	"ERX6700410"	"ERP132577"	"testis"	"Elongated_spermatids"	NA	NA	NA	"CL:4030037"	"late spermatid"	"perfect match"	"SN115"	NA	4
"GAAATGACAATCCAAC"	""	"ERX6700410"	"ERP132577"	"testis"	"Elongated_spermatids"	NA	NA	NA	"CL:4030037"	"late spermatid"	"perfect match"	"SN115"	NA	4
"GAAATGACAATGCCAT"	""	"ERX6700410"	"ERP132577"	"testis"	"Round_spermatids"	NA	NA	NA	"CL:4030036"	"early spermatid"	"perfect match"	"SN115"	NA	1
"GAAATGAGTAAGGGAA"	""	"ERX6700410"	"ERP132577"	"testis"	"Round_spermatids"	NA	NA	NA	"CL:4030036"	"early spermatid"	"perfect match"	"SN115"	NA	1
"GAAATGATCAAGCCTA"	""	"ERX6700410"	"ERP132577"	"testis"	"Elongated_spermatids"	NA	NA	NA	"CL:4030037"	"late spermatid"	"perfect match"	"SN115"	NA	4
"GAAATGATCCAAACTG"	""	"ERX6700410"	"ERP132577"	"testis"	"Round_spermatids"	NA	NA	NA	"CL:4030036"	"early spermatid"	"perfect match"	"SN115"	NA	1
"GAACATCCACCCATGG"	""	"ERX6700410"	"ERP132577"	"testis"	"Round_spermatids"	NA	NA	NA	"CL:4030036"	"early spermatid"	"perfect match"	"SN115"	NA	1
"GAACATCGTCTTGCGG"	""	"ERX6700410"	"ERP132577"	"testis"	"Round_spermatids"	NA	NA	NA	"CL:4030036"	"early spermatid"	"perfect match"	"SN115"	NA	1
"GAACATCGTTGACGTT"	""	"ERX6700410"	"ERP132577"	"testis"	"Other_somatic"	NA	NA	NA	"CL:0002371"	"somatic cell"	"perfect match"	"SN115"	NA	2
"GAACCTAAGACCTAGG"	""	"ERX6700410"	"ERP132577"	"testis"	"Elongated_spermatids"	NA	NA	NA	"CL:4030037"	"late spermatid"	"perfect match"	"SN115"	NA	4
"GAACCTAAGATCACGG"	""	"ERX6700410"	"ERP132577"	"testis"	"Other_somatic"	NA	NA	NA	"CL:0002371"	"somatic cell"	"perfect match"	"SN115"	NA	2
"GAACCTAAGTAGTGCG"	""	"ERX6700410"	"ERP132577"	"testis"	"Other_somatic"	NA	NA	NA	"CL:0002371"	"somatic cell"	"perfect match"	"SN115"	NA	2
"GAACCTAAGTCGTTTG"	""	"ERX6700410"	"ERP132577"	"testis"	"Round_spermatids"	NA	NA	NA	"CL:4030036"	"early spermatid"	"perfect match"	"SN115"	NA	1
"GAACCTACAGTTCCCT"	""	"ERX6700410"	"ERP132577"	"testis"	"Elongated_spermatids"	NA	NA	NA	"CL:4030037"	"late spermatid"	"perfect match"	"SN115"	NA	4
"GAACCTAGTCAGCTAT"	""	"ERX6700410"	"ERP132577"	"testis"	"Spermatocytes"	NA	NA	NA	"CL:0000017"	"spermatocyte"	"perfect match"	"SN115"	NA	5
"GAACCTAGTCCATGAT"	""	"ERX6700410"	"ERP132577"	"testis"	"Elongated_spermatids"	NA	NA	NA	"CL:4030037"	"late spermatid"	"perfect match"	"SN115"	NA	4
"GAACCTAGTCCGAAGA"	""	"ERX6700410"	"ERP132577"	"testis"	"Spermatogonia"	NA	NA	NA	"CL:0000020"	"spermatogonium"	"perfect match"	"SN115"	NA	6
"GAACGGAAGCCCGAAA"	""	"ERX6700410"	"ERP132577"	"testis"	"Spermatogonia"	NA	NA	NA	"CL:0000020"	"spermatogonium"	"perfect match"	"SN115"	NA	6
"GAACGGACACGTCAGC"	""	"ERX6700410"	"ERP132577"	"testis"	"Spermatocytes"	NA	NA	NA	"CL:0000017"	"spermatocyte"	"perfect match"	"SN115"	NA	5
"GAACGGACAGAGCCAA"	""	"ERX6700410"	"ERP132577"	"testis"	"Sertoli"	NA	NA	NA	"CL:0000216"	"Sertoli cell"	"perfect match"	"SN115"	NA	3
"GAAGCAGAGAGTGAGA"	""	"ERX6700410"	"ERP132577"	"testis"	"Other_somatic"	NA	NA	NA	"CL:0002371"	"somatic cell"	"perfect match"	"SN115"	NA	2
"GAAGCAGAGTTGTAGA"	""	"ERX6700410"	"ERP132577"	"testis"	"Other_somatic"	NA	NA	NA	"CL:0002371"	"somatic cell"	"perfect match"	"SN115"	NA	2
"GAAGCAGGTCGCGAAA"	""	"ERX6700410"	"ERP132577"	"testis"	"Elongated_spermatids"	NA	NA	NA	"CL:4030037"	"late spermatid"	"perfect match"	"SN115"	NA	4
"GAAGCAGGTTGGAGGT"	""	"ERX6700410"	"ERP132577"	"testis"	"Round_spermatids"	NA	NA	NA	"CL:4030036"	"early spermatid"	"perfect match"	"SN115"	NA	1
"GAAGCAGGTTGTCGCG"	""	"ERX6700410"	"ERP132577"	"testis"	"Round_spermatids"	NA	NA	NA	"CL:4030036"	"early spermatid"	"perfect match"	"SN115"	NA	1
"GAAGCAGTCTTATCTG"	""	"ERX6700410"	"ERP132577"	"testis"	"Other_somatic"	NA	NA	NA	"CL:0002371"	"somatic cell"	"perfect match"	"SN115"	NA	2
"GAATAAGAGAGGTTGC"	""	"ERX6700410"	"ERP132577"	"testis"	"Sertoli"	NA	NA	NA	"CL:0000216"	"Sertoli cell"	"perfect match"	"SN115"	NA	3
"GAATAAGAGGAGCGTT"	""	"ERX6700410"	"ERP132577"	"testis"	"Other_somatic"	NA	NA	NA	"CL:0002371"	"somatic cell"	"perfect match"	"SN115"	NA	2
"GAATAAGGTACAGACG"	""	"ERX6700410"	"ERP132577"	"testis"	"Elongated_spermatids"	NA	NA	NA	"CL:4030037"	"late spermatid"	"perfect match"	"SN115"	NA	4
"GAATAAGTCACCCTCA"	""	"ERX6700410"	"ERP132577"	"testis"	"Round_spermatids"	NA	NA	NA	"CL:4030036"	"early spermatid"	"perfect match"	"SN115"	NA	1
"GAATAAGTCAGTGCAT"	""	"ERX6700410"	"ERP132577"	"testis"	"Spermatocytes"	NA	NA	NA	"CL:0000017"	"spermatocyte"	"perfect match"	"SN115"	NA	5
"GAATGAAAGCCGATTT"	""	"ERX6700410"	"ERP132577"	"testis"	"Elongated_spermatids"	NA	NA	NA	"CL:4030037"	"late spermatid"	"perfect match"	"SN115"	NA	4
"GAATGAAAGTGGGCTA"	""	"ERX6700410"	"ERP132577"	"testis"	"Elongated_spermatids"	NA	NA	NA	"CL:4030037"	"late spermatid"	"perfect match"	"SN115"	NA	4
"GAATGAAAGTTACGGG"	""	"ERX6700410"	"ERP132577"	"testis"	"Other_somatic"	NA	NA	NA	"CL:0002371"	"somatic cell"	"perfect match"	"SN115"	NA	2
"GAATGAACAGCTCCGA"	""	"ERX6700410"	"ERP132577"	"testis"	"Elongated_spermatids"	NA	NA	NA	"CL:4030037"	"late spermatid"	"perfect match"	"SN115"	NA	4
"GAATGAACAGGGTATG"	""	"ERX6700410"	"ERP132577"	"testis"	"Other_somatic"	NA	NA	NA	"CL:0002371"	"somatic cell"	"perfect match"	"SN115"	NA	2
"GAATGAACAGTCGTGC"	""	"ERX6700410"	"ERP132577"	"testis"	"Other_somatic"	NA	NA	NA	"CL:0002371"	"somatic cell"	"perfect match"	"SN115"	NA	2
"GAATGAACATCACGAT"	""	"ERX6700410"	"ERP132577"	"testis"	"Round_spermatids"	NA	NA	NA	"CL:4030036"	"early spermatid"	"perfect match"	"SN115"	NA	1
"GAATGAAGTCATCGGC"	""	"ERX6700410"	"ERP132577"	"testis"	"Round_spermatids"	NA	NA	NA	"CL:4030036"	"early spermatid"	"perfect match"	"SN115"	NA	1
"GAATGAAGTCTCGTTC"	""	"ERX6700410"	"ERP132577"	"testis"	"Sertoli"	NA	NA	NA	"CL:0000216"	"Sertoli cell"	"perfect match"	"SN115"	NA	3
"GAATGAAGTGCCTGGT"	""	"ERX6700410"	"ERP132577"	"testis"	"Elongated_spermatids"	NA	NA	NA	"CL:4030037"	"late spermatid"	"perfect match"	"SN115"	NA	4
"GAATGAAGTGGACGAT"	""	"ERX6700410"	"ERP132577"	"testis"	"Round_spermatids"	NA	NA	NA	"CL:4030036"	"early spermatid"	"perfect match"	"SN115"	NA	1
"GAATGAAGTTGGAGGT"	""	"ERX6700410"	"ERP132577"	"testis"	"Round_spermatids"	NA	NA	NA	"CL:4030036"	"early spermatid"	"perfect match"	"SN115"	NA	1
"GACACGCAGAACAATC"	""	"ERX6700410"	"ERP132577"	"testis"	"Sertoli"	NA	NA	NA	"CL:0000216"	"Sertoli cell"	"perfect match"	"SN115"	NA	3
"GACACGCAGAGTCTGG"	""	"ERX6700410"	"ERP132577"	"testis"	"Other_somatic"	NA	NA	NA	"CL:0002371"	"somatic cell"	"perfect match"	"SN115"	NA	2
"GACACGCAGCAAATCA"	""	"ERX6700410"	"ERP132577"	"testis"	"Round_spermatids"	NA	NA	NA	"CL:4030036"	"early spermatid"	"perfect match"	"SN115"	NA	1
"GACACGCAGGCTACGA"	""	"ERX6700410"	"ERP132577"	"testis"	"Elongated_spermatids"	NA	NA	NA	"CL:4030037"	"late spermatid"	"perfect match"	"SN115"	NA	4
"GACACGCCAAGTTGTC"	""	"ERX6700410"	"ERP132577"	"testis"	"Other_somatic"	NA	NA	NA	"CL:0002371"	"somatic cell"	"perfect match"	"SN115"	NA	2
"GACACGCCATCCTTGC"	""	"ERX6700410"	"ERP132577"	"testis"	"Elongated_spermatids"	NA	NA	NA	"CL:4030037"	"late spermatid"	"perfect match"	"SN115"	NA	4
"GACACGCGTCGCGTGT"	""	"ERX6700410"	"ERP132577"	"testis"	"Spermatocytes"	NA	NA	NA	"CL:0000017"	"spermatocyte"	"perfect match"	"SN115"	NA	5
"GACACGCTCAAAGTAG"	""	"ERX6700410"	"ERP132577"	"testis"	"Sertoli"	NA	NA	NA	"CL:0000216"	"Sertoli cell"	"perfect match"	"SN115"	NA	3
"GACACGCTCCGCAAGC"	""	"ERX6700410"	"ERP132577"	"testis"	"Spermatogonia"	NA	NA	NA	"CL:0000020"	"spermatogonium"	"perfect match"	"SN115"	NA	6
"GACACGCTCGGCTACG"	""	"ERX6700410"	"ERP132577"	"testis"	"Other_somatic"	NA	NA	NA	"CL:0002371"	"somatic cell"	"perfect match"	"SN115"	NA	2
"GACACGCTCTGTTTGT"	""	"ERX6700410"	"ERP132577"	"testis"	"Elongated_spermatids"	NA	NA	NA	"CL:4030037"	"late spermatid"	"perfect match"	"SN115"	NA	4
"GACAGAGAGCACGCCT"	""	"ERX6700410"	"ERP132577"	"testis"	"Round_spermatids"	NA	NA	NA	"CL:4030036"	"early spermatid"	"perfect match"	"SN115"	NA	1
"GACAGAGAGTACGCCC"	""	"ERX6700410"	"ERP132577"	"testis"	"Round_spermatids"	NA	NA	NA	"CL:4030036"	"early spermatid"	"perfect match"	"SN115"	NA	1
"GACAGAGAGTAGTGCG"	""	"ERX6700410"	"ERP132577"	"testis"	"Other_somatic"	NA	NA	NA	"CL:0002371"	"somatic cell"	"perfect match"	"SN115"	NA	2
"GACAGAGGTCTGGTCG"	""	"ERX6700410"	"ERP132577"	"testis"	"Other_somatic"	NA	NA	NA	"CL:0002371"	"somatic cell"	"perfect match"	"SN115"	NA	2
"GACCAATAGGAATGGA"	""	"ERX6700410"	"ERP132577"	"testis"	"Other_somatic"	NA	NA	NA	"CL:0002371"	"somatic cell"	"perfect match"	"SN115"	NA	2
"GACCAATAGTCACGCC"	""	"ERX6700410"	"ERP132577"	"testis"	"Other_somatic"	NA	NA	NA	"CL:0002371"	"somatic cell"	"perfect match"	"SN115"	NA	2
"GACCAATGTACAGACG"	""	"ERX6700410"	"ERP132577"	"testis"	"Other_somatic"	NA	NA	NA	"CL:0002371"	"somatic cell"	"perfect match"	"SN115"	NA	2
"GACCAATGTAGCACGA"	""	"ERX6700410"	"ERP132577"	"testis"	"Round_spermatids"	NA	NA	NA	"CL:4030036"	"early spermatid"	"perfect match"	"SN115"	NA	1
"GACCAATGTTACGACT"	""	"ERX6700410"	"ERP132577"	"testis"	"Other_somatic"	NA	NA	NA	"CL:0002371"	"somatic cell"	"perfect match"	"SN115"	NA	2
"GACCAATTCGTCGTTC"	""	"ERX6700410"	"ERP132577"	"testis"	"Elongated_spermatids"	NA	NA	NA	"CL:4030037"	"late spermatid"	"perfect match"	"SN115"	NA	4
"GACCTGGAGACCACGA"	""	"ERX6700410"	"ERP132577"	"testis"	"Other_somatic"	NA	NA	NA	"CL:0002371"	"somatic cell"	"perfect match"	"SN115"	NA	2
"GACCTGGCAATGTTGC"	""	"ERX6700410"	"ERP132577"	"testis"	"Other_somatic"	NA	NA	NA	"CL:0002371"	"somatic cell"	"perfect match"	"SN115"	NA	2
"GACCTGGCATATACGC"	""	"ERX6700410"	"ERP132577"	"testis"	"Round_spermatids"	NA	NA	NA	"CL:4030036"	"early spermatid"	"perfect match"	"SN115"	NA	1
"GACCTGGTCAGCACAT"	""	"ERX6700410"	"ERP132577"	"testis"	"Round_spermatids"	NA	NA	NA	"CL:4030036"	"early spermatid"	"perfect match"	"SN115"	NA	1
"GACGCGTAGTCGAGTG"	""	"ERX6700410"	"ERP132577"	"testis"	"Elongated_spermatids"	NA	NA	NA	"CL:4030037"	"late spermatid"	"perfect match"	"SN115"	NA	4
"GACGCGTAGTCTCCTC"	""	"ERX6700410"	"ERP132577"	"testis"	"Sertoli"	NA	NA	NA	"CL:0000216"	"Sertoli cell"	"perfect match"	"SN115"	NA	3
"GACGCGTCAATGGAGC"	""	"ERX6700410"	"ERP132577"	"testis"	"Other_somatic"	NA	NA	NA	"CL:0002371"	"somatic cell"	"perfect match"	"SN115"	NA	2
"GACGCGTCACAGCGTC"	""	"ERX6700410"	"ERP132577"	"testis"	"Sertoli"	NA	NA	NA	"CL:0000216"	"Sertoli cell"	"perfect match"	"SN115"	NA	3
"GACGCGTGTATATCCG"	""	"ERX6700410"	"ERP132577"	"testis"	"Other_somatic"	NA	NA	NA	"CL:0002371"	"somatic cell"	"perfect match"	"SN115"	NA	2
"GACGCGTTCATTATCC"	""	"ERX6700410"	"ERP132577"	"testis"	"Round_spermatids"	NA	NA	NA	"CL:4030036"	"early spermatid"	"perfect match"	"SN115"	NA	1
"GACGCGTTCTTACCTA"	""	"ERX6700410"	"ERP132577"	"testis"	"Elongated_spermatids"	NA	NA	NA	"CL:4030037"	"late spermatid"	"perfect match"	"SN115"	NA	4
"GACGGCTAGAGTAATC"	""	"ERX6700410"	"ERP132577"	"testis"	"Elongated_spermatids"	NA	NA	NA	"CL:4030037"	"late spermatid"	"perfect match"	"SN115"	NA	4
"GACGGCTCACGCGAAA"	""	"ERX6700410"	"ERP132577"	"testis"	"Other_somatic"	NA	NA	NA	"CL:0002371"	"somatic cell"	"perfect match"	"SN115"	NA	2
"GACGGCTCATTCCTCG"	""	"ERX6700410"	"ERP132577"	"testis"	"Elongated_spermatids"	NA	NA	NA	"CL:4030037"	"late spermatid"	"perfect match"	"SN115"	NA	4
"GACGGCTGTATAAACG"	""	"ERX6700410"	"ERP132577"	"testis"	"Other_somatic"	NA	NA	NA	"CL:0002371"	"somatic cell"	"perfect match"	"SN115"	NA	2
"GACGGCTGTCACTTCC"	""	"ERX6700410"	"ERP132577"	"testis"	"Round_spermatids"	NA	NA	NA	"CL:4030036"	"early spermatid"	"perfect match"	"SN115"	NA	1
"GACGGCTGTGTAACGG"	""	"ERX6700410"	"ERP132577"	"testis"	"Sertoli"	NA	NA	NA	"CL:0000216"	"Sertoli cell"	"perfect match"	"SN115"	NA	3
"GACGGCTTCCCAAGAT"	""	"ERX6700410"	"ERP132577"	"testis"	"Other_somatic"	NA	NA	NA	"CL:0002371"	"somatic cell"	"perfect match"	"SN115"	NA	2
"GACGGCTTCCTTGACC"	""	"ERX6700410"	"ERP132577"	"testis"	"Elongated_spermatids"	NA	NA	NA	"CL:4030037"	"late spermatid"	"perfect match"	"SN115"	NA	4
"GACGGCTTCGAACTGT"	""	"ERX6700410"	"ERP132577"	"testis"	"Round_spermatids"	NA	NA	NA	"CL:4030036"	"early spermatid"	"perfect match"	"SN115"	NA	1
"GACGGCTTCGTCCAGG"	""	"ERX6700410"	"ERP132577"	"testis"	"Elongated_spermatids"	NA	NA	NA	"CL:4030037"	"late spermatid"	"perfect match"	"SN115"	NA	4
"GACGGCTTCTGGCGAC"	""	"ERX6700410"	"ERP132577"	"testis"	"Other_somatic"	NA	NA	NA	"CL:0002371"	"somatic cell"	"perfect match"	"SN115"	NA	2
"GACGTGCAGAATGTGT"	""	"ERX6700410"	"ERP132577"	"testis"	"Other_somatic"	NA	NA	NA	"CL:0002371"	"somatic cell"	"perfect match"	"SN115"	NA	2
"GACGTGCCAAGCCGCT"	""	"ERX6700410"	"ERP132577"	"testis"	"Round_spermatids"	NA	NA	NA	"CL:4030036"	"early spermatid"	"perfect match"	"SN115"	NA	1
"GACGTGCCAATCTACG"	""	"ERX6700410"	"ERP132577"	"testis"	"Other_somatic"	NA	NA	NA	"CL:0002371"	"somatic cell"	"perfect match"	"SN115"	NA	2
"GACGTGCCACCCTATC"	""	"ERX6700410"	"ERP132577"	"testis"	"Sertoli"	NA	NA	NA	"CL:0000216"	"Sertoli cell"	"perfect match"	"SN115"	NA	3
"GACGTGCCATCTGGTA"	""	"ERX6700410"	"ERP132577"	"testis"	"Round_spermatids"	NA	NA	NA	"CL:4030036"	"early spermatid"	"perfect match"	"SN115"	NA	1
"GACGTGCGTGAGTGAC"	""	"ERX6700410"	"ERP132577"	"testis"	"Other_somatic"	NA	NA	NA	"CL:0002371"	"somatic cell"	"perfect match"	"SN115"	NA	2
"GACGTGCTCAGCAACT"	""	"ERX6700410"	"ERP132577"	"testis"	"Elongated_spermatids"	NA	NA	NA	"CL:4030037"	"late spermatid"	"perfect match"	"SN115"	NA	4
"GACGTGCTCGCAAACT"	""	"ERX6700410"	"ERP132577"	"testis"	"Elongated_spermatids"	NA	NA	NA	"CL:4030037"	"late spermatid"	"perfect match"	"SN115"	NA	4
"GACGTTAAGGGTGTGT"	""	"ERX6700410"	"ERP132577"	"testis"	"Elongated_spermatids"	NA	NA	NA	"CL:4030037"	"late spermatid"	"perfect match"	"SN115"	NA	4
"GACGTTACATTCTTAC"	""	"ERX6700410"	"ERP132577"	"testis"	"Other_somatic"	NA	NA	NA	"CL:0002371"	"somatic cell"	"perfect match"	"SN115"	NA	2
"GACGTTATCAACACCA"	""	"ERX6700410"	"ERP132577"	"testis"	"Round_spermatids"	NA	NA	NA	"CL:4030036"	"early spermatid"	"perfect match"	"SN115"	NA	1
"GACGTTATCCTCAATT"	""	"ERX6700410"	"ERP132577"	"testis"	"Elongated_spermatids"	NA	NA	NA	"CL:4030037"	"late spermatid"	"perfect match"	"SN115"	NA	4
"GACGTTATCTCCCTGA"	""	"ERX6700410"	"ERP132577"	"testis"	"Round_spermatids"	NA	NA	NA	"CL:4030036"	"early spermatid"	"perfect match"	"SN115"	NA	1
"GACTAACAGAGTACCG"	""	"ERX6700410"	"ERP132577"	"testis"	"Other_somatic"	NA	NA	NA	"CL:0002371"	"somatic cell"	"perfect match"	"SN115"	NA	2
"GACTAACCAAGACGTG"	""	"ERX6700410"	"ERP132577"	"testis"	"Round_spermatids"	NA	NA	NA	"CL:4030036"	"early spermatid"	"perfect match"	"SN115"	NA	1
"GACTAACCATCCAACA"	""	"ERX6700410"	"ERP132577"	"testis"	"Elongated_spermatids"	NA	NA	NA	"CL:4030037"	"late spermatid"	"perfect match"	"SN115"	NA	4
"GACTAACCATGCAATC"	""	"ERX6700410"	"ERP132577"	"testis"	"Round_spermatids"	NA	NA	NA	"CL:4030036"	"early spermatid"	"perfect match"	"SN115"	NA	1
"GACTAACTCATATCGG"	""	"ERX6700410"	"ERP132577"	"testis"	"Other_somatic"	NA	NA	NA	"CL:0002371"	"somatic cell"	"perfect match"	"SN115"	NA	2
"GACTACAAGAGCTTCT"	""	"ERX6700410"	"ERP132577"	"testis"	"Elongated_spermatids"	NA	NA	NA	"CL:4030037"	"late spermatid"	"perfect match"	"SN115"	NA	4
"GACTACACAGATTGCT"	""	"ERX6700410"	"ERP132577"	"testis"	"Round_spermatids"	NA	NA	NA	"CL:4030036"	"early spermatid"	"perfect match"	"SN115"	NA	1
"GACTACAGTAAATACG"	""	"ERX6700410"	"ERP132577"	"testis"	"Other_somatic"	NA	NA	NA	"CL:0002371"	"somatic cell"	"perfect match"	"SN115"	NA	2
"GACTACAGTTGGTTTG"	""	"ERX6700410"	"ERP132577"	"testis"	"Round_spermatids"	NA	NA	NA	"CL:4030036"	"early spermatid"	"perfect match"	"SN115"	NA	1
"GACTACATCAGTTTGG"	""	"ERX6700410"	"ERP132577"	"testis"	"Elongated_spermatids"	NA	NA	NA	"CL:4030037"	"late spermatid"	"perfect match"	"SN115"	NA	4
"GACTACATCCTTGGTC"	""	"ERX6700410"	"ERP132577"	"testis"	"Elongated_spermatids"	NA	NA	NA	"CL:4030037"	"late spermatid"	"perfect match"	"SN115"	NA	4
"GACTACATCTGCGTAA"	""	"ERX6700410"	"ERP132577"	"testis"	"Round_spermatids"	NA	NA	NA	"CL:4030036"	"early spermatid"	"perfect match"	"SN115"	NA	1
"GACTGCGAGACTGGGT"	""	"ERX6700410"	"ERP132577"	"testis"	"Spermatocytes"	NA	NA	NA	"CL:0000017"	"spermatocyte"	"perfect match"	"SN115"	NA	5
"GACTGCGAGATGGGTC"	""	"ERX6700410"	"ERP132577"	"testis"	"Other_somatic"	NA	NA	NA	"CL:0002371"	"somatic cell"	"perfect match"	"SN115"	NA	2
"GACTGCGCAGCCTTGG"	""	"ERX6700410"	"ERP132577"	"testis"	"Elongated_spermatids"	NA	NA	NA	"CL:4030037"	"late spermatid"	"perfect match"	"SN115"	NA	4
"GAGCAGAAGAGTAAGG"	""	"ERX6700410"	"ERP132577"	"testis"	"Other_somatic"	NA	NA	NA	"CL:0002371"	"somatic cell"	"perfect match"	"SN115"	NA	2
"GAGCAGAAGCAGCGTA"	""	"ERX6700410"	"ERP132577"	"testis"	"Other_somatic"	NA	NA	NA	"CL:0002371"	"somatic cell"	"perfect match"	"SN115"	NA	2
"GAGCAGAAGGCGTACA"	""	"ERX6700410"	"ERP132577"	"testis"	"Round_spermatids"	NA	NA	NA	"CL:4030036"	"early spermatid"	"perfect match"	"SN115"	NA	1
"GAGCAGATCGGCGCAT"	""	"ERX6700410"	"ERP132577"	"testis"	"Sertoli"	NA	NA	NA	"CL:0000216"	"Sertoli cell"	"perfect match"	"SN115"	NA	3
"GAGCAGATCGTCCAGG"	""	"ERX6700410"	"ERP132577"	"testis"	"Round_spermatids"	NA	NA	NA	"CL:4030036"	"early spermatid"	"perfect match"	"SN115"	NA	1
"GAGGTGAAGGCCATAG"	""	"ERX6700410"	"ERP132577"	"testis"	"Other_somatic"	NA	NA	NA	"CL:0002371"	"somatic cell"	"perfect match"	"SN115"	NA	2
"GAGGTGACAGACGCAA"	""	"ERX6700410"	"ERP132577"	"testis"	"Elongated_spermatids"	NA	NA	NA	"CL:4030037"	"late spermatid"	"perfect match"	"SN115"	NA	4
"GAGGTGAGTACGCACC"	""	"ERX6700410"	"ERP132577"	"testis"	"Other_somatic"	NA	NA	NA	"CL:0002371"	"somatic cell"	"perfect match"	"SN115"	NA	2
"GAGGTGAGTAGCGCAA"	""	"ERX6700410"	"ERP132577"	"testis"	"Round_spermatids"	NA	NA	NA	"CL:4030036"	"early spermatid"	"perfect match"	"SN115"	NA	1
"GAGGTGAGTCGCATAT"	""	"ERX6700410"	"ERP132577"	"testis"	"Elongated_spermatids"	NA	NA	NA	"CL:4030037"	"late spermatid"	"perfect match"	"SN115"	NA	4
"GAGGTGAGTGAAGGCT"	""	"ERX6700410"	"ERP132577"	"testis"	"Other_somatic"	NA	NA	NA	"CL:0002371"	"somatic cell"	"perfect match"	"SN115"	NA	2
"GAGGTGATCGTTACGA"	""	"ERX6700410"	"ERP132577"	"testis"	"Elongated_spermatids"	NA	NA	NA	"CL:4030037"	"late spermatid"	"perfect match"	"SN115"	NA	4
"GAGTCCGCACGAAACG"	""	"ERX6700410"	"ERP132577"	"testis"	"Elongated_spermatids"	NA	NA	NA	"CL:4030037"	"late spermatid"	"perfect match"	"SN115"	NA	4
"GAGTCCGCAGATCGGA"	""	"ERX6700410"	"ERP132577"	"testis"	"Elongated_spermatids"	NA	NA	NA	"CL:4030037"	"late spermatid"	"perfect match"	"SN115"	NA	4
"GATCAGTAGGCCCGTT"	""	"ERX6700410"	"ERP132577"	"testis"	"Other_somatic"	NA	NA	NA	"CL:0002371"	"somatic cell"	"perfect match"	"SN115"	NA	2
"GATCAGTAGGGATCTG"	""	"ERX6700410"	"ERP132577"	"testis"	"Round_spermatids"	NA	NA	NA	"CL:4030036"	"early spermatid"	"perfect match"	"SN115"	NA	1
"GATCAGTAGTCAAGCG"	""	"ERX6700410"	"ERP132577"	"testis"	"Spermatogonia"	NA	NA	NA	"CL:0000020"	"spermatogonium"	"perfect match"	"SN115"	NA	6
"GATCAGTGTCATGCAT"	""	"ERX6700410"	"ERP132577"	"testis"	"Elongated_spermatids"	NA	NA	NA	"CL:4030037"	"late spermatid"	"perfect match"	"SN115"	NA	4
"GATCAGTGTGACAAAT"	""	"ERX6700410"	"ERP132577"	"testis"	"Round_spermatids"	NA	NA	NA	"CL:4030036"	"early spermatid"	"perfect match"	"SN115"	NA	1
"GATCGATAGACAGACC"	""	"ERX6700410"	"ERP132577"	"testis"	"Round_spermatids"	NA	NA	NA	"CL:4030036"	"early spermatid"	"perfect match"	"SN115"	NA	1
"GATCGATAGATAGCAT"	""	"ERX6700410"	"ERP132577"	"testis"	"Elongated_spermatids"	NA	NA	NA	"CL:4030037"	"late spermatid"	"perfect match"	"SN115"	NA	4
"GATCGATGTCTTCGTC"	""	"ERX6700410"	"ERP132577"	"testis"	"Elongated_spermatids"	NA	NA	NA	"CL:4030037"	"late spermatid"	"perfect match"	"SN115"	NA	4
"GATCGATGTGGTCTCG"	""	"ERX6700410"	"ERP132577"	"testis"	"Elongated_spermatids"	NA	NA	NA	"CL:4030037"	"late spermatid"	"perfect match"	"SN115"	NA	4
"GATCGATGTTGAGTTC"	""	"ERX6700410"	"ERP132577"	"testis"	"Round_spermatids"	NA	NA	NA	"CL:4030036"	"early spermatid"	"perfect match"	"SN115"	NA	1
"GATCGATTCAACCAAC"	""	"ERX6700410"	"ERP132577"	"testis"	"Other_somatic"	NA	NA	NA	"CL:0002371"	"somatic cell"	"perfect match"	"SN115"	NA	2
"GATCGATTCTCACATT"	""	"ERX6700410"	"ERP132577"	"testis"	"Round_spermatids"	NA	NA	NA	"CL:4030036"	"early spermatid"	"perfect match"	"SN115"	NA	1
"GATCGCGAGACTTTCG"	""	"ERX6700410"	"ERP132577"	"testis"	"Other_somatic"	NA	NA	NA	"CL:0002371"	"somatic cell"	"perfect match"	"SN115"	NA	2
"GATCGCGAGGTGCTTT"	""	"ERX6700410"	"ERP132577"	"testis"	"Other_somatic"	NA	NA	NA	"CL:0002371"	"somatic cell"	"perfect match"	"SN115"	NA	2
"GATCGCGAGTACTTGC"	""	"ERX6700410"	"ERP132577"	"testis"	"Other_somatic"	NA	NA	NA	"CL:0002371"	"somatic cell"	"perfect match"	"SN115"	NA	2
"GATCGCGCAGACACTT"	""	"ERX6700410"	"ERP132577"	"testis"	"Other_somatic"	NA	NA	NA	"CL:0002371"	"somatic cell"	"perfect match"	"SN115"	NA	2
"GATCGCGGTATGAAAC"	""	"ERX6700410"	"ERP132577"	"testis"	"Round_spermatids"	NA	NA	NA	"CL:4030036"	"early spermatid"	"perfect match"	"SN115"	NA	1
"GATCGCGGTCGCGTGT"	""	"ERX6700410"	"ERP132577"	"testis"	"Spermatogonia"	NA	NA	NA	"CL:0000020"	"spermatogonium"	"perfect match"	"SN115"	NA	6
"GATCGCGTCTTGTTTG"	""	"ERX6700410"	"ERP132577"	"testis"	"Elongated_spermatids"	NA	NA	NA	"CL:4030037"	"late spermatid"	"perfect match"	"SN115"	NA	4
"GATCGTAAGAGTCTGG"	""	"ERX6700410"	"ERP132577"	"testis"	"Round_spermatids"	NA	NA	NA	"CL:4030036"	"early spermatid"	"perfect match"	"SN115"	NA	1
"GATCGTAAGCACCGCT"	""	"ERX6700410"	"ERP132577"	"testis"	"Round_spermatids"	NA	NA	NA	"CL:4030036"	"early spermatid"	"perfect match"	"SN115"	NA	1
"GATCGTAAGTAGGTGC"	""	"ERX6700410"	"ERP132577"	"testis"	"Other_somatic"	NA	NA	NA	"CL:0002371"	"somatic cell"	"perfect match"	"SN115"	NA	2
"GATCGTAAGTGGGTTG"	""	"ERX6700410"	"ERP132577"	"testis"	"Elongated_spermatids"	NA	NA	NA	"CL:4030037"	"late spermatid"	"perfect match"	"SN115"	NA	4
"GATCGTAAGTGTCTCA"	""	"ERX6700410"	"ERP132577"	"testis"	"Elongated_spermatids"	NA	NA	NA	"CL:4030037"	"late spermatid"	"perfect match"	"SN115"	NA	4
"GATCGTACACCGAAAG"	""	"ERX6700410"	"ERP132577"	"testis"	"Sertoli"	NA	NA	NA	"CL:0000216"	"Sertoli cell"	"perfect match"	"SN115"	NA	3
"GATCGTACAGACAGGT"	""	"ERX6700410"	"ERP132577"	"testis"	"Elongated_spermatids"	NA	NA	NA	"CL:4030037"	"late spermatid"	"perfect match"	"SN115"	NA	4
"GATCGTACAGTCGTGC"	""	"ERX6700410"	"ERP132577"	"testis"	"Round_spermatids"	NA	NA	NA	"CL:4030036"	"early spermatid"	"perfect match"	"SN115"	NA	1
"GATCGTATCCTGCCAT"	""	"ERX6700410"	"ERP132577"	"testis"	"Other_somatic"	NA	NA	NA	"CL:0002371"	"somatic cell"	"perfect match"	"SN115"	NA	2
"GATCTAGAGGGTGTGT"	""	"ERX6700410"	"ERP132577"	"testis"	"Round_spermatids"	NA	NA	NA	"CL:4030036"	"early spermatid"	"perfect match"	"SN115"	NA	1
"GATCTAGCACCAACCG"	""	"ERX6700410"	"ERP132577"	"testis"	"Elongated_spermatids"	NA	NA	NA	"CL:4030037"	"late spermatid"	"perfect match"	"SN115"	NA	4
"GATCTAGTCCTAGAAC"	""	"ERX6700410"	"ERP132577"	"testis"	"Elongated_spermatids"	NA	NA	NA	"CL:4030037"	"late spermatid"	"perfect match"	"SN115"	NA	4
"GATGAAAAGATGAGAG"	""	"ERX6700410"	"ERP132577"	"testis"	"Other_somatic"	NA	NA	NA	"CL:0002371"	"somatic cell"	"perfect match"	"SN115"	NA	2
"GATGAAAAGGTGATTA"	""	"ERX6700410"	"ERP132577"	"testis"	"Round_spermatids"	NA	NA	NA	"CL:4030036"	"early spermatid"	"perfect match"	"SN115"	NA	1
"GATGAAACACATGGGA"	""	"ERX6700410"	"ERP132577"	"testis"	"Sertoli"	NA	NA	NA	"CL:0000216"	"Sertoli cell"	"perfect match"	"SN115"	NA	3
"GATGAAACAGACAAGC"	""	"ERX6700410"	"ERP132577"	"testis"	"Other_somatic"	NA	NA	NA	"CL:0002371"	"somatic cell"	"perfect match"	"SN115"	NA	2
"GATGAAAGTAGTACCT"	""	"ERX6700410"	"ERP132577"	"testis"	"Elongated_spermatids"	NA	NA	NA	"CL:4030037"	"late spermatid"	"perfect match"	"SN115"	NA	4
"GATGAAAGTGTGCGTC"	""	"ERX6700410"	"ERP132577"	"testis"	"Round_spermatids"	NA	NA	NA	"CL:4030036"	"early spermatid"	"perfect match"	"SN115"	NA	1
"GATGAAATCCTCAATT"	""	"ERX6700410"	"ERP132577"	"testis"	"Elongated_spermatids"	NA	NA	NA	"CL:4030037"	"late spermatid"	"perfect match"	"SN115"	NA	4
"GATGAAATCTTGGGTA"	""	"ERX6700410"	"ERP132577"	"testis"	"Other_somatic"	NA	NA	NA	"CL:0002371"	"somatic cell"	"perfect match"	"SN115"	NA	2
"GATGAGGAGCCAGAAC"	""	"ERX6700410"	"ERP132577"	"testis"	"Other_somatic"	NA	NA	NA	"CL:0002371"	"somatic cell"	"perfect match"	"SN115"	NA	2
"GATGAGGCAGACGCTC"	""	"ERX6700410"	"ERP132577"	"testis"	"Elongated_spermatids"	NA	NA	NA	"CL:4030037"	"late spermatid"	"perfect match"	"SN115"	NA	4
"GATGAGGGTAAGTAGT"	""	"ERX6700410"	"ERP132577"	"testis"	"Round_spermatids"	NA	NA	NA	"CL:4030036"	"early spermatid"	"perfect match"	"SN115"	NA	1
"GATGAGGGTCAAAGCG"	""	"ERX6700410"	"ERP132577"	"testis"	"Round_spermatids"	NA	NA	NA	"CL:4030036"	"early spermatid"	"perfect match"	"SN115"	NA	1
"GATGAGGGTTCAGCGC"	""	"ERX6700410"	"ERP132577"	"testis"	"Round_spermatids"	NA	NA	NA	"CL:4030036"	"early spermatid"	"perfect match"	"SN115"	NA	1
"GATGCTAGTAAATGTG"	""	"ERX6700410"	"ERP132577"	"testis"	"Round_spermatids"	NA	NA	NA	"CL:4030036"	"early spermatid"	"perfect match"	"SN115"	NA	1
"GATGCTAGTAGCAAAT"	""	"ERX6700410"	"ERP132577"	"testis"	"Sertoli"	NA	NA	NA	"CL:0000216"	"Sertoli cell"	"perfect match"	"SN115"	NA	3
"GATGCTAGTATATCCG"	""	"ERX6700410"	"ERP132577"	"testis"	"Sertoli"	NA	NA	NA	"CL:0000216"	"Sertoli cell"	"perfect match"	"SN115"	NA	3
"GATGCTAGTGCGCTTG"	""	"ERX6700410"	"ERP132577"	"testis"	"Other_somatic"	NA	NA	NA	"CL:0002371"	"somatic cell"	"perfect match"	"SN115"	NA	2
"GATGCTAGTTCCGGCA"	""	"ERX6700410"	"ERP132577"	"testis"	"Round_spermatids"	NA	NA	NA	"CL:4030036"	"early spermatid"	"perfect match"	"SN115"	NA	1
"GATGCTATCTACCTGC"	""	"ERX6700410"	"ERP132577"	"testis"	"Spermatogonia"	NA	NA	NA	"CL:0000020"	"spermatogonium"	"perfect match"	"SN115"	NA	6
"GATTCAGAGACTAAGT"	""	"ERX6700410"	"ERP132577"	"testis"	"Other_somatic"	NA	NA	NA	"CL:0002371"	"somatic cell"	"perfect match"	"SN115"	NA	2
"GATTCAGAGCACCGTC"	""	"ERX6700410"	"ERP132577"	"testis"	"Other_somatic"	NA	NA	NA	"CL:0002371"	"somatic cell"	"perfect match"	"SN115"	NA	2
"GATTCAGAGGCTCATT"	""	"ERX6700410"	"ERP132577"	"testis"	"Spermatocytes"	NA	NA	NA	"CL:0000017"	"spermatocyte"	"perfect match"	"SN115"	NA	5
"GATTCAGCAGTAGAGC"	""	"ERX6700410"	"ERP132577"	"testis"	"Other_somatic"	NA	NA	NA	"CL:0002371"	"somatic cell"	"perfect match"	"SN115"	NA	2
"GATTCAGGTTGTCGCG"	""	"ERX6700410"	"ERP132577"	"testis"	"Other_somatic"	NA	NA	NA	"CL:0002371"	"somatic cell"	"perfect match"	"SN115"	NA	2
"GATTCAGTCGTGGACC"	""	"ERX6700410"	"ERP132577"	"testis"	"Spermatocytes"	NA	NA	NA	"CL:0000017"	"spermatocyte"	"perfect match"	"SN115"	NA	5
"GCAAACTAGATCCCGC"	""	"ERX6700410"	"ERP132577"	"testis"	"Elongated_spermatids"	NA	NA	NA	"CL:4030037"	"late spermatid"	"perfect match"	"SN115"	NA	4
"GCAAACTAGGCATTGG"	""	"ERX6700410"	"ERP132577"	"testis"	"Elongated_spermatids"	NA	NA	NA	"CL:4030037"	"late spermatid"	"perfect match"	"SN115"	NA	4
"GCAAACTAGGGTCTCC"	""	"ERX6700410"	"ERP132577"	"testis"	"Elongated_spermatids"	NA	NA	NA	"CL:4030037"	"late spermatid"	"perfect match"	"SN115"	NA	4
"GCAAACTAGTGGTCCC"	""	"ERX6700410"	"ERP132577"	"testis"	"Round_spermatids"	NA	NA	NA	"CL:4030036"	"early spermatid"	"perfect match"	"SN115"	NA	1
"GCAAACTCACACGCTG"	""	"ERX6700410"	"ERP132577"	"testis"	"Round_spermatids"	NA	NA	NA	"CL:4030036"	"early spermatid"	"perfect match"	"SN115"	NA	1
"GCAAACTCATGAAGTA"	""	"ERX6700410"	"ERP132577"	"testis"	"Round_spermatids"	NA	NA	NA	"CL:4030036"	"early spermatid"	"perfect match"	"SN115"	NA	1
"GCAAACTGTATGGTTC"	""	"ERX6700410"	"ERP132577"	"testis"	"Other_somatic"	NA	NA	NA	"CL:0002371"	"somatic cell"	"perfect match"	"SN115"	NA	2
"GCAAACTGTCGACTAT"	""	"ERX6700410"	"ERP132577"	"testis"	"Round_spermatids"	NA	NA	NA	"CL:4030036"	"early spermatid"	"perfect match"	"SN115"	NA	1
"GCAAACTGTCGGGTCT"	""	"ERX6700410"	"ERP132577"	"testis"	"Other_somatic"	NA	NA	NA	"CL:0002371"	"somatic cell"	"perfect match"	"SN115"	NA	2
"GCAAACTGTTCCACGG"	""	"ERX6700410"	"ERP132577"	"testis"	"Round_spermatids"	NA	NA	NA	"CL:4030036"	"early spermatid"	"perfect match"	"SN115"	NA	1
"GCAAACTTCGACCAGC"	""	"ERX6700410"	"ERP132577"	"testis"	"Round_spermatids"	NA	NA	NA	"CL:4030036"	"early spermatid"	"perfect match"	"SN115"	NA	1
"GCAATCAAGTGGAGTC"	""	"ERX6700410"	"ERP132577"	"testis"	"Elongated_spermatids"	NA	NA	NA	"CL:4030037"	"late spermatid"	"perfect match"	"SN115"	NA	4
"GCAATCACAACACCCG"	""	"ERX6700410"	"ERP132577"	"testis"	"Elongated_spermatids"	NA	NA	NA	"CL:4030037"	"late spermatid"	"perfect match"	"SN115"	NA	4
"GCAATCACACCTTGTC"	""	"ERX6700410"	"ERP132577"	"testis"	"Round_spermatids"	NA	NA	NA	"CL:4030036"	"early spermatid"	"perfect match"	"SN115"	NA	1
"GCAATCACATACGCCG"	""	"ERX6700410"	"ERP132577"	"testis"	"Round_spermatids"	NA	NA	NA	"CL:4030036"	"early spermatid"	"perfect match"	"SN115"	NA	1
"GCAATCAGTGACTACT"	""	"ERX6700410"	"ERP132577"	"testis"	"Other_somatic"	NA	NA	NA	"CL:0002371"	"somatic cell"	"perfect match"	"SN115"	NA	2
"GCAATCAGTGGTCCGT"	""	"ERX6700410"	"ERP132577"	"testis"	"Sertoli"	NA	NA	NA	"CL:0000216"	"Sertoli cell"	"perfect match"	"SN115"	NA	3
"GCACATAAGCTGCGAA"	""	"ERX6700410"	"ERP132577"	"testis"	"Other_somatic"	NA	NA	NA	"CL:0002371"	"somatic cell"	"perfect match"	"SN115"	NA	2
"GCACATACAAGCGTAG"	""	"ERX6700410"	"ERP132577"	"testis"	"Spermatogonia"	NA	NA	NA	"CL:0000020"	"spermatogonium"	"perfect match"	"SN115"	NA	6
"GCACATACACCCATTC"	""	"ERX6700410"	"ERP132577"	"testis"	"Other_somatic"	NA	NA	NA	"CL:0002371"	"somatic cell"	"perfect match"	"SN115"	NA	2
"GCACATACAGGCAGTA"	""	"ERX6700410"	"ERP132577"	"testis"	"Other_somatic"	NA	NA	NA	"CL:0002371"	"somatic cell"	"perfect match"	"SN115"	NA	2
"GCACATAGTTTGACTG"	""	"ERX6700410"	"ERP132577"	"testis"	"Elongated_spermatids"	NA	NA	NA	"CL:4030037"	"late spermatid"	"perfect match"	"SN115"	NA	4
"GCACTCTAGGACCACA"	""	"ERX6700410"	"ERP132577"	"testis"	"Elongated_spermatids"	NA	NA	NA	"CL:4030037"	"late spermatid"	"perfect match"	"SN115"	NA	4
"GCACTCTCACATAACC"	""	"ERX6700410"	"ERP132577"	"testis"	"Elongated_spermatids"	NA	NA	NA	"CL:4030037"	"late spermatid"	"perfect match"	"SN115"	NA	4
"GCACTCTCAGCTATTG"	""	"ERX6700410"	"ERP132577"	"testis"	"Elongated_spermatids"	NA	NA	NA	"CL:4030037"	"late spermatid"	"perfect match"	"SN115"	NA	4
"GCACTCTCATACAGCT"	""	"ERX6700410"	"ERP132577"	"testis"	"Elongated_spermatids"	NA	NA	NA	"CL:4030037"	"late spermatid"	"perfect match"	"SN115"	NA	4
"GCACTCTCATTACGAC"	""	"ERX6700410"	"ERP132577"	"testis"	"Round_spermatids"	NA	NA	NA	"CL:4030036"	"early spermatid"	"perfect match"	"SN115"	NA	1
"GCACTCTGTGACGCCT"	""	"ERX6700410"	"ERP132577"	"testis"	"Round_spermatids"	NA	NA	NA	"CL:4030036"	"early spermatid"	"perfect match"	"SN115"	NA	1
"GCACTCTGTTATTCTC"	""	"ERX6700410"	"ERP132577"	"testis"	"Round_spermatids"	NA	NA	NA	"CL:4030036"	"early spermatid"	"perfect match"	"SN115"	NA	1
"GCACTCTTCACAGGCC"	""	"ERX6700410"	"ERP132577"	"testis"	"Round_spermatids"	NA	NA	NA	"CL:4030036"	"early spermatid"	"perfect match"	"SN115"	NA	1
"GCAGCCAAGGCCATAG"	""	"ERX6700410"	"ERP132577"	"testis"	"Other_somatic"	NA	NA	NA	"CL:0002371"	"somatic cell"	"perfect match"	"SN115"	NA	2
"GCAGCCAAGTGGAGTC"	""	"ERX6700410"	"ERP132577"	"testis"	"Round_spermatids"	NA	NA	NA	"CL:4030036"	"early spermatid"	"perfect match"	"SN115"	NA	1
"GCAGCCACATGACGGA"	""	"ERX6700410"	"ERP132577"	"testis"	"Elongated_spermatids"	NA	NA	NA	"CL:4030037"	"late spermatid"	"perfect match"	"SN115"	NA	4
"GCAGCCAGTCTAAAGA"	""	"ERX6700410"	"ERP132577"	"testis"	"Elongated_spermatids"	NA	NA	NA	"CL:4030037"	"late spermatid"	"perfect match"	"SN115"	NA	4
"GCAGCCATCATAAAGG"	""	"ERX6700410"	"ERP132577"	"testis"	"Round_spermatids"	NA	NA	NA	"CL:4030036"	"early spermatid"	"perfect match"	"SN115"	NA	1
"GCAGCCATCCATGAGT"	""	"ERX6700410"	"ERP132577"	"testis"	"Other_somatic"	NA	NA	NA	"CL:0002371"	"somatic cell"	"perfect match"	"SN115"	NA	2
"GCAGCCATCCGTCATC"	""	"ERX6700410"	"ERP132577"	"testis"	"Elongated_spermatids"	NA	NA	NA	"CL:4030037"	"late spermatid"	"perfect match"	"SN115"	NA	4
"GCAGCCATCCTACAGA"	""	"ERX6700410"	"ERP132577"	"testis"	"Other_somatic"	NA	NA	NA	"CL:0002371"	"somatic cell"	"perfect match"	"SN115"	NA	2
"GCAGCCATCGCCATAA"	""	"ERX6700410"	"ERP132577"	"testis"	"Round_spermatids"	NA	NA	NA	"CL:4030036"	"early spermatid"	"perfect match"	"SN115"	NA	1
"GCAGCCATCTTAGAGC"	""	"ERX6700410"	"ERP132577"	"testis"	"Elongated_spermatids"	NA	NA	NA	"CL:4030037"	"late spermatid"	"perfect match"	"SN115"	NA	4
"GCAGTTAAGAAAGTGG"	""	"ERX6700410"	"ERP132577"	"testis"	"Other_somatic"	NA	NA	NA	"CL:0002371"	"somatic cell"	"perfect match"	"SN115"	NA	2
"GCAGTTAAGATCCCAT"	""	"ERX6700410"	"ERP132577"	"testis"	"Spermatocytes"	NA	NA	NA	"CL:0000017"	"spermatocyte"	"perfect match"	"SN115"	NA	5
"GCAGTTAAGCGTTTAC"	""	"ERX6700410"	"ERP132577"	"testis"	"Round_spermatids"	NA	NA	NA	"CL:4030036"	"early spermatid"	"perfect match"	"SN115"	NA	1
"GCAGTTAAGGAATGGA"	""	"ERX6700410"	"ERP132577"	"testis"	"Elongated_spermatids"	NA	NA	NA	"CL:4030037"	"late spermatid"	"perfect match"	"SN115"	NA	4
"GCAGTTAAGTGGTCCC"	""	"ERX6700410"	"ERP132577"	"testis"	"Round_spermatids"	NA	NA	NA	"CL:4030036"	"early spermatid"	"perfect match"	"SN115"	NA	1
"GCAGTTACAAGGACTG"	""	"ERX6700410"	"ERP132577"	"testis"	"Round_spermatids"	NA	NA	NA	"CL:4030036"	"early spermatid"	"perfect match"	"SN115"	NA	1
"GCAGTTACAGCTGGCT"	""	"ERX6700410"	"ERP132577"	"testis"	"Other_somatic"	NA	NA	NA	"CL:0002371"	"somatic cell"	"perfect match"	"SN115"	NA	2
"GCAGTTAGTAAGTTCC"	""	"ERX6700410"	"ERP132577"	"testis"	"Round_spermatids"	NA	NA	NA	"CL:4030036"	"early spermatid"	"perfect match"	"SN115"	NA	1
"GCAGTTAGTGCAACGA"	""	"ERX6700410"	"ERP132577"	"testis"	"Spermatogonia"	NA	NA	NA	"CL:0000020"	"spermatogonium"	"perfect match"	"SN115"	NA	6
"GCAGTTATCCAAACTG"	""	"ERX6700410"	"ERP132577"	"testis"	"Elongated_spermatids"	NA	NA	NA	"CL:4030037"	"late spermatid"	"perfect match"	"SN115"	NA	4
"GCAGTTATCGAACGGA"	""	"ERX6700410"	"ERP132577"	"testis"	"Round_spermatids"	NA	NA	NA	"CL:4030036"	"early spermatid"	"perfect match"	"SN115"	NA	1
"GCAGTTATCTGGTTCC"	""	"ERX6700410"	"ERP132577"	"testis"	"Other_somatic"	NA	NA	NA	"CL:0002371"	"somatic cell"	"perfect match"	"SN115"	NA	2
"GCATACAAGCGTGAAC"	""	"ERX6700410"	"ERP132577"	"testis"	"Elongated_spermatids"	NA	NA	NA	"CL:4030037"	"late spermatid"	"perfect match"	"SN115"	NA	4
"GCATACACAAATTGCC"	""	"ERX6700410"	"ERP132577"	"testis"	"Elongated_spermatids"	NA	NA	NA	"CL:4030037"	"late spermatid"	"perfect match"	"SN115"	NA	4
"GCATACATCATAGCAC"	""	"ERX6700410"	"ERP132577"	"testis"	"Other_somatic"	NA	NA	NA	"CL:0002371"	"somatic cell"	"perfect match"	"SN115"	NA	2
"GCATGATCAAAGGAAG"	""	"ERX6700410"	"ERP132577"	"testis"	"Elongated_spermatids"	NA	NA	NA	"CL:4030037"	"late spermatid"	"perfect match"	"SN115"	NA	4
"GCATGATCATCCGCGA"	""	"ERX6700410"	"ERP132577"	"testis"	"Other_somatic"	NA	NA	NA	"CL:0002371"	"somatic cell"	"perfect match"	"SN115"	NA	2
"GCATGATGTGAAATCA"	""	"ERX6700410"	"ERP132577"	"testis"	"Round_spermatids"	NA	NA	NA	"CL:4030036"	"early spermatid"	"perfect match"	"SN115"	NA	1
"GCATGATGTGTGAAAT"	""	"ERX6700410"	"ERP132577"	"testis"	"Sertoli"	NA	NA	NA	"CL:0000216"	"Sertoli cell"	"perfect match"	"SN115"	NA	3
"GCATGATGTTATCCGA"	""	"ERX6700410"	"ERP132577"	"testis"	"Other_somatic"	NA	NA	NA	"CL:0002371"	"somatic cell"	"perfect match"	"SN115"	NA	2
"GCATGATTCACCGGGT"	""	"ERX6700410"	"ERP132577"	"testis"	"Other_somatic"	NA	NA	NA	"CL:0002371"	"somatic cell"	"perfect match"	"SN115"	NA	2
"GCATGATTCATATCGG"	""	"ERX6700410"	"ERP132577"	"testis"	"Elongated_spermatids"	NA	NA	NA	"CL:4030037"	"late spermatid"	"perfect match"	"SN115"	NA	4
"GCATGATTCGTACGGC"	""	"ERX6700410"	"ERP132577"	"testis"	"Spermatocytes"	NA	NA	NA	"CL:0000017"	"spermatocyte"	"perfect match"	"SN115"	NA	5
"GCATGCGCAACTGCTA"	""	"ERX6700410"	"ERP132577"	"testis"	"Round_spermatids"	NA	NA	NA	"CL:4030036"	"early spermatid"	"perfect match"	"SN115"	NA	1
"GCATGCGCACTTAACG"	""	"ERX6700410"	"ERP132577"	"testis"	"Other_somatic"	NA	NA	NA	"CL:0002371"	"somatic cell"	"perfect match"	"SN115"	NA	2
"GCATGCGGTGCAACTT"	""	"ERX6700410"	"ERP132577"	"testis"	"Other_somatic"	NA	NA	NA	"CL:0002371"	"somatic cell"	"perfect match"	"SN115"	NA	2
"GCATGCGTCAGTCAGT"	""	"ERX6700410"	"ERP132577"	"testis"	"Round_spermatids"	NA	NA	NA	"CL:4030036"	"early spermatid"	"perfect match"	"SN115"	NA	1
"GCATGCGTCCGTTGCT"	""	"ERX6700410"	"ERP132577"	"testis"	"Other_somatic"	NA	NA	NA	"CL:0002371"	"somatic cell"	"perfect match"	"SN115"	NA	2
"GCATGCGTCTGCGACG"	""	"ERX6700410"	"ERP132577"	"testis"	"Other_somatic"	NA	NA	NA	"CL:0002371"	"somatic cell"	"perfect match"	"SN115"	NA	2
"GCATGTAAGTTGCAGG"	""	"ERX6700410"	"ERP132577"	"testis"	"Round_spermatids"	NA	NA	NA	"CL:4030036"	"early spermatid"	"perfect match"	"SN115"	NA	1
"GCATGTACACAACGCC"	""	"ERX6700410"	"ERP132577"	"testis"	"Round_spermatids"	NA	NA	NA	"CL:4030036"	"early spermatid"	"perfect match"	"SN115"	NA	1
"GCATGTACACAAGACG"	""	"ERX6700410"	"ERP132577"	"testis"	"Other_somatic"	NA	NA	NA	"CL:0002371"	"somatic cell"	"perfect match"	"SN115"	NA	2
"GCATGTACACACTGCG"	""	"ERX6700410"	"ERP132577"	"testis"	"Elongated_spermatids"	NA	NA	NA	"CL:4030037"	"late spermatid"	"perfect match"	"SN115"	NA	4
"GCATGTACACATCCGG"	""	"ERX6700410"	"ERP132577"	"testis"	"Elongated_spermatids"	NA	NA	NA	"CL:4030037"	"late spermatid"	"perfect match"	"SN115"	NA	4
"GCATGTAGTGGTCTCG"	""	"ERX6700410"	"ERP132577"	"testis"	"Other_somatic"	NA	NA	NA	"CL:0002371"	"somatic cell"	"perfect match"	"SN115"	NA	2
"GCATGTATCGCACTCT"	""	"ERX6700410"	"ERP132577"	"testis"	"Elongated_spermatids"	NA	NA	NA	"CL:4030037"	"late spermatid"	"perfect match"	"SN115"	NA	4
"GCATGTATCTTCATGT"	""	"ERX6700410"	"ERP132577"	"testis"	"Round_spermatids"	NA	NA	NA	"CL:4030036"	"early spermatid"	"perfect match"	"SN115"	NA	1
"GCATGTATCTTTCCTC"	""	"ERX6700410"	"ERP132577"	"testis"	"Other_somatic"	NA	NA	NA	"CL:0002371"	"somatic cell"	"perfect match"	"SN115"	NA	2
"GCCAAATAGCTGAAAT"	""	"ERX6700410"	"ERP132577"	"testis"	"Other_somatic"	NA	NA	NA	"CL:0002371"	"somatic cell"	"perfect match"	"SN115"	NA	2
"GCCAAATAGGCTCAGA"	""	"ERX6700410"	"ERP132577"	"testis"	"Other_somatic"	NA	NA	NA	"CL:0002371"	"somatic cell"	"perfect match"	"SN115"	NA	2
"GCCAAATGTTGGTTTG"	""	"ERX6700410"	"ERP132577"	"testis"	"Other_somatic"	NA	NA	NA	"CL:0002371"	"somatic cell"	"perfect match"	"SN115"	NA	2
"GCCAAATTCAGTTTGG"	""	"ERX6700410"	"ERP132577"	"testis"	"Elongated_spermatids"	NA	NA	NA	"CL:4030037"	"late spermatid"	"perfect match"	"SN115"	NA	4
"GCCAAATTCTTTACGT"	""	"ERX6700410"	"ERP132577"	"testis"	"Elongated_spermatids"	NA	NA	NA	"CL:4030037"	"late spermatid"	"perfect match"	"SN115"	NA	4
"GCCTCTAAGACTACAA"	""	"ERX6700410"	"ERP132577"	"testis"	"Round_spermatids"	NA	NA	NA	"CL:4030036"	"early spermatid"	"perfect match"	"SN115"	NA	1
"GCCTCTAAGCAGCCTC"	""	"ERX6700410"	"ERP132577"	"testis"	"Elongated_spermatids"	NA	NA	NA	"CL:4030037"	"late spermatid"	"perfect match"	"SN115"	NA	4
"GCCTCTAAGGATATAC"	""	"ERX6700410"	"ERP132577"	"testis"	"Round_spermatids"	NA	NA	NA	"CL:4030036"	"early spermatid"	"perfect match"	"SN115"	NA	1
"GCCTCTAAGGGTTCCC"	""	"ERX6700410"	"ERP132577"	"testis"	"Spermatogonia"	NA	NA	NA	"CL:0000020"	"spermatogonium"	"perfect match"	"SN115"	NA	6
"GCCTCTACAGCCTGTG"	""	"ERX6700410"	"ERP132577"	"testis"	"Elongated_spermatids"	NA	NA	NA	"CL:4030037"	"late spermatid"	"perfect match"	"SN115"	NA	4
"GCCTCTATCAGTCCCT"	""	"ERX6700410"	"ERP132577"	"testis"	"Spermatocytes"	NA	NA	NA	"CL:0000017"	"spermatocyte"	"perfect match"	"SN115"	NA	5
"GCCTCTATCGCCTGAG"	""	"ERX6700410"	"ERP132577"	"testis"	"Round_spermatids"	NA	NA	NA	"CL:4030036"	"early spermatid"	"perfect match"	"SN115"	NA	1
"GCCTCTATCTAAGCCA"	""	"ERX6700410"	"ERP132577"	"testis"	"Spermatocytes"	NA	NA	NA	"CL:0000017"	"spermatocyte"	"perfect match"	"SN115"	NA	5
"GCCTCTATCTCCTATA"	""	"ERX6700410"	"ERP132577"	"testis"	"Sertoli"	NA	NA	NA	"CL:0000216"	"Sertoli cell"	"perfect match"	"SN115"	NA	3
"GCCTCTATCTGATTCT"	""	"ERX6700410"	"ERP132577"	"testis"	"Round_spermatids"	NA	NA	NA	"CL:4030036"	"early spermatid"	"perfect match"	"SN115"	NA	1
"GCCTCTATCTTCTGGC"	""	"ERX6700410"	"ERP132577"	"testis"	"Elongated_spermatids"	NA	NA	NA	"CL:4030037"	"late spermatid"	"perfect match"	"SN115"	NA	4
"GCGACCAAGCGATGAC"	""	"ERX6700410"	"ERP132577"	"testis"	"Round_spermatids"	NA	NA	NA	"CL:4030036"	"early spermatid"	"perfect match"	"SN115"	NA	1
"GCGACCAAGTCGAGTG"	""	"ERX6700410"	"ERP132577"	"testis"	"Other_somatic"	NA	NA	NA	"CL:0002371"	"somatic cell"	"perfect match"	"SN115"	NA	2
"GCGACCAGTTGTTTGG"	""	"ERX6700410"	"ERP132577"	"testis"	"Round_spermatids"	NA	NA	NA	"CL:4030036"	"early spermatid"	"perfect match"	"SN115"	NA	1
"GCGACCATCACAGTAC"	""	"ERX6700410"	"ERP132577"	"testis"	"Spermatocytes"	NA	NA	NA	"CL:0000017"	"spermatocyte"	"perfect match"	"SN115"	NA	5
"GCGACCATCGCCCTTA"	""	"ERX6700410"	"ERP132577"	"testis"	"Round_spermatids"	NA	NA	NA	"CL:4030036"	"early spermatid"	"perfect match"	"SN115"	NA	1
"GCGAGAAAGGATTCGG"	""	"ERX6700410"	"ERP132577"	"testis"	"Round_spermatids"	NA	NA	NA	"CL:4030036"	"early spermatid"	"perfect match"	"SN115"	NA	1
"GCGAGAAAGGCTCATT"	""	"ERX6700410"	"ERP132577"	"testis"	"Other_somatic"	NA	NA	NA	"CL:0002371"	"somatic cell"	"perfect match"	"SN115"	NA	2
"GCGAGAACATCCGGGT"	""	"ERX6700410"	"ERP132577"	"testis"	"Round_spermatids"	NA	NA	NA	"CL:4030036"	"early spermatid"	"perfect match"	"SN115"	NA	1
"GCGAGAACATTAGCCA"	""	"ERX6700410"	"ERP132577"	"testis"	"Other_somatic"	NA	NA	NA	"CL:0002371"	"somatic cell"	"perfect match"	"SN115"	NA	2
"GCGAGAAGTTCGTCTC"	""	"ERX6700410"	"ERP132577"	"testis"	"Elongated_spermatids"	NA	NA	NA	"CL:4030037"	"late spermatid"	"perfect match"	"SN115"	NA	4
"GCGAGAATCGTTACAG"	""	"ERX6700410"	"ERP132577"	"testis"	"Elongated_spermatids"	NA	NA	NA	"CL:4030037"	"late spermatid"	"perfect match"	"SN115"	NA	4
"GCGAGAATCTAACGGT"	""	"ERX6700410"	"ERP132577"	"testis"	"Round_spermatids"	NA	NA	NA	"CL:4030036"	"early spermatid"	"perfect match"	"SN115"	NA	1
"GCGCAACAGAATAGGG"	""	"ERX6700410"	"ERP132577"	"testis"	"Spermatocytes"	NA	NA	NA	"CL:0000017"	"spermatocyte"	"perfect match"	"SN115"	NA	5
"GCGCAACCAAGCCTAT"	""	"ERX6700410"	"ERP132577"	"testis"	"Round_spermatids"	NA	NA	NA	"CL:4030036"	"early spermatid"	"perfect match"	"SN115"	NA	1
"GCGCAACGTATGAATG"	""	"ERX6700410"	"ERP132577"	"testis"	"Round_spermatids"	NA	NA	NA	"CL:4030036"	"early spermatid"	"perfect match"	"SN115"	NA	1
"GCGCAACGTGCAGGTA"	""	"ERX6700410"	"ERP132577"	"testis"	"Elongated_spermatids"	NA	NA	NA	"CL:4030037"	"late spermatid"	"perfect match"	"SN115"	NA	4
"GCGCAACTCAACTCTT"	""	"ERX6700410"	"ERP132577"	"testis"	"Elongated_spermatids"	NA	NA	NA	"CL:4030037"	"late spermatid"	"perfect match"	"SN115"	NA	4
"GCGCAACTCACTTACT"	""	"ERX6700410"	"ERP132577"	"testis"	"Round_spermatids"	NA	NA	NA	"CL:4030036"	"early spermatid"	"perfect match"	"SN115"	NA	1
"GCGCAACTCGCTTAGA"	""	"ERX6700410"	"ERP132577"	"testis"	"Spermatocytes"	NA	NA	NA	"CL:0000017"	"spermatocyte"	"perfect match"	"SN115"	NA	5
"GCGCAACTCTTGGGTA"	""	"ERX6700410"	"ERP132577"	"testis"	"Sertoli"	NA	NA	NA	"CL:0000216"	"Sertoli cell"	"perfect match"	"SN115"	NA	3
"GCGCAGTAGCAATCTC"	""	"ERX6700410"	"ERP132577"	"testis"	"Round_spermatids"	NA	NA	NA	"CL:4030036"	"early spermatid"	"perfect match"	"SN115"	NA	1
"GCGCAGTAGTACTTGC"	""	"ERX6700410"	"ERP132577"	"testis"	"Elongated_spermatids"	NA	NA	NA	"CL:4030037"	"late spermatid"	"perfect match"	"SN115"	NA	4
"GCGCAGTGTCTGATCA"	""	"ERX6700410"	"ERP132577"	"testis"	"Other_somatic"	NA	NA	NA	"CL:0002371"	"somatic cell"	"perfect match"	"SN115"	NA	2
"GCGCAGTTCAACGCTA"	""	"ERX6700410"	"ERP132577"	"testis"	"Other_somatic"	NA	NA	NA	"CL:0002371"	"somatic cell"	"perfect match"	"SN115"	NA	2
"GCGCCAAAGATGCCTT"	""	"ERX6700410"	"ERP132577"	"testis"	"Other_somatic"	NA	NA	NA	"CL:0002371"	"somatic cell"	"perfect match"	"SN115"	NA	2
"GCGCCAAAGCTACCGC"	""	"ERX6700410"	"ERP132577"	"testis"	"Round_spermatids"	NA	NA	NA	"CL:4030036"	"early spermatid"	"perfect match"	"SN115"	NA	1
"GCGCCAACAAGCGAGT"	""	"ERX6700410"	"ERP132577"	"testis"	"Round_spermatids"	NA	NA	NA	"CL:4030036"	"early spermatid"	"perfect match"	"SN115"	NA	1
"GCGCCAACACGTAAGG"	""	"ERX6700410"	"ERP132577"	"testis"	"Other_somatic"	NA	NA	NA	"CL:0002371"	"somatic cell"	"perfect match"	"SN115"	NA	2
"GCGCCAAGTCCGTCAG"	""	"ERX6700410"	"ERP132577"	"testis"	"Round_spermatids"	NA	NA	NA	"CL:4030036"	"early spermatid"	"perfect match"	"SN115"	NA	1
"GCGCCAATCTCGAGTA"	""	"ERX6700410"	"ERP132577"	"testis"	"Other_somatic"	NA	NA	NA	"CL:0002371"	"somatic cell"	"perfect match"	"SN115"	NA	2
"GCGCGATAGTGCCAGA"	""	"ERX6700410"	"ERP132577"	"testis"	"Round_spermatids"	NA	NA	NA	"CL:4030036"	"early spermatid"	"perfect match"	"SN115"	NA	1
"GCGCGATCAGGATCGA"	""	"ERX6700410"	"ERP132577"	"testis"	"Elongated_spermatids"	NA	NA	NA	"CL:4030037"	"late spermatid"	"perfect match"	"SN115"	NA	4
"GCGCGATCATCAGTAC"	""	"ERX6700410"	"ERP132577"	"testis"	"Round_spermatids"	NA	NA	NA	"CL:4030036"	"early spermatid"	"perfect match"	"SN115"	NA	1
"GCGCGATCATCTACGA"	""	"ERX6700410"	"ERP132577"	"testis"	"Elongated_spermatids"	NA	NA	NA	"CL:4030037"	"late spermatid"	"perfect match"	"SN115"	NA	4
"GCGCGATGTAGCACGA"	""	"ERX6700410"	"ERP132577"	"testis"	"Round_spermatids"	NA	NA	NA	"CL:4030036"	"early spermatid"	"perfect match"	"SN115"	NA	1
"GCGCGATGTGAAATCA"	""	"ERX6700410"	"ERP132577"	"testis"	"Spermatocytes"	NA	NA	NA	"CL:0000017"	"spermatocyte"	"perfect match"	"SN115"	NA	5
"GCGGGTTAGCACAGGT"	""	"ERX6700410"	"ERP132577"	"testis"	"Other_somatic"	NA	NA	NA	"CL:0002371"	"somatic cell"	"perfect match"	"SN115"	NA	2
"GCGGGTTAGCTAGTTC"	""	"ERX6700410"	"ERP132577"	"testis"	"Elongated_spermatids"	NA	NA	NA	"CL:4030037"	"late spermatid"	"perfect match"	"SN115"	NA	4
"GCGGGTTGTCCGAGTC"	""	"ERX6700410"	"ERP132577"	"testis"	"Round_spermatids"	NA	NA	NA	"CL:4030036"	"early spermatid"	"perfect match"	"SN115"	NA	1
"GCGGGTTGTGCACCAC"	""	"ERX6700410"	"ERP132577"	"testis"	"Elongated_spermatids"	NA	NA	NA	"CL:4030037"	"late spermatid"	"perfect match"	"SN115"	NA	4
"GCGGGTTTCAGGATCT"	""	"ERX6700410"	"ERP132577"	"testis"	"Elongated_spermatids"	NA	NA	NA	"CL:4030037"	"late spermatid"	"perfect match"	"SN115"	NA	4
"GCGGGTTTCGACGGAA"	""	"ERX6700410"	"ERP132577"	"testis"	"Sertoli"	NA	NA	NA	"CL:0000216"	"Sertoli cell"	"perfect match"	"SN115"	NA	3
"GCTCCTAAGAGGACGG"	""	"ERX6700410"	"ERP132577"	"testis"	"Round_spermatids"	NA	NA	NA	"CL:4030036"	"early spermatid"	"perfect match"	"SN115"	NA	1
"GCTCCTAAGTGTACCT"	""	"ERX6700410"	"ERP132577"	"testis"	"Spermatocytes"	NA	NA	NA	"CL:0000017"	"spermatocyte"	"perfect match"	"SN115"	NA	5
"GCTCCTACAATGGACG"	""	"ERX6700410"	"ERP132577"	"testis"	"Other_somatic"	NA	NA	NA	"CL:0002371"	"somatic cell"	"perfect match"	"SN115"	NA	2
"GCTCCTATCTGCGACG"	""	"ERX6700410"	"ERP132577"	"testis"	"Other_somatic"	NA	NA	NA	"CL:0002371"	"somatic cell"	"perfect match"	"SN115"	NA	2
"GCTCTGTCACCACGTG"	""	"ERX6700410"	"ERP132577"	"testis"	"Round_spermatids"	NA	NA	NA	"CL:4030036"	"early spermatid"	"perfect match"	"SN115"	NA	1
"GCTCTGTGTGATGTGG"	""	"ERX6700410"	"ERP132577"	"testis"	"Elongated_spermatids"	NA	NA	NA	"CL:4030037"	"late spermatid"	"perfect match"	"SN115"	NA	4
"GCTCTGTTCCTGTAGA"	""	"ERX6700410"	"ERP132577"	"testis"	"Sertoli"	NA	NA	NA	"CL:0000216"	"Sertoli cell"	"perfect match"	"SN115"	NA	3
"GCTGCAGAGAGACTTA"	""	"ERX6700410"	"ERP132577"	"testis"	"Elongated_spermatids"	NA	NA	NA	"CL:4030037"	"late spermatid"	"perfect match"	"SN115"	NA	4
"GCTGCAGAGCACCGCT"	""	"ERX6700410"	"ERP132577"	"testis"	"Other_somatic"	NA	NA	NA	"CL:0002371"	"somatic cell"	"perfect match"	"SN115"	NA	2
"GCTGCAGAGGAACTGC"	""	"ERX6700410"	"ERP132577"	"testis"	"Round_spermatids"	NA	NA	NA	"CL:4030036"	"early spermatid"	"perfect match"	"SN115"	NA	1
"GCTGCAGCAATAGAGT"	""	"ERX6700410"	"ERP132577"	"testis"	"Elongated_spermatids"	NA	NA	NA	"CL:4030037"	"late spermatid"	"perfect match"	"SN115"	NA	4
"GCTGCAGCAATAGCGG"	""	"ERX6700410"	"ERP132577"	"testis"	"Other_somatic"	NA	NA	NA	"CL:0002371"	"somatic cell"	"perfect match"	"SN115"	NA	2
"GCTGCAGCATTGGCGC"	""	"ERX6700410"	"ERP132577"	"testis"	"Round_spermatids"	NA	NA	NA	"CL:4030036"	"early spermatid"	"perfect match"	"SN115"	NA	1
"GCTGCAGGTCAAAGAT"	""	"ERX6700410"	"ERP132577"	"testis"	"Other_somatic"	NA	NA	NA	"CL:0002371"	"somatic cell"	"perfect match"	"SN115"	NA	2
"GCTGCAGGTTGGTAAA"	""	"ERX6700410"	"ERP132577"	"testis"	"Round_spermatids"	NA	NA	NA	"CL:4030036"	"early spermatid"	"perfect match"	"SN115"	NA	1
"GCTGCAGTCAAGGTAA"	""	"ERX6700410"	"ERP132577"	"testis"	"Round_spermatids"	NA	NA	NA	"CL:4030036"	"early spermatid"	"perfect match"	"SN115"	NA	1
"GCTGCAGTCCTACAGA"	""	"ERX6700410"	"ERP132577"	"testis"	"Round_spermatids"	NA	NA	NA	"CL:4030036"	"early spermatid"	"perfect match"	"SN115"	NA	1
"GCTGCGAAGAGTAAGG"	""	"ERX6700410"	"ERP132577"	"testis"	"Other_somatic"	NA	NA	NA	"CL:0002371"	"somatic cell"	"perfect match"	"SN115"	NA	2
"GCTGCGAAGGAACTGC"	""	"ERX6700410"	"ERP132577"	"testis"	"Spermatogonia"	NA	NA	NA	"CL:0000020"	"spermatogonium"	"perfect match"	"SN115"	NA	6
"GCTGCGACATGAACCT"	""	"ERX6700410"	"ERP132577"	"testis"	"Other_somatic"	NA	NA	NA	"CL:0002371"	"somatic cell"	"perfect match"	"SN115"	NA	2
"GCTGCGATCAACACGT"	""	"ERX6700410"	"ERP132577"	"testis"	"Round_spermatids"	NA	NA	NA	"CL:4030036"	"early spermatid"	"perfect match"	"SN115"	NA	1
"GCTGCTTAGAGACGAA"	""	"ERX6700410"	"ERP132577"	"testis"	"Elongated_spermatids"	NA	NA	NA	"CL:4030037"	"late spermatid"	"perfect match"	"SN115"	NA	4
"GCTGCTTAGCCCTAAT"	""	"ERX6700410"	"ERP132577"	"testis"	"Round_spermatids"	NA	NA	NA	"CL:4030036"	"early spermatid"	"perfect match"	"SN115"	NA	1
"GCTGCTTAGCGATAGC"	""	"ERX6700410"	"ERP132577"	"testis"	"Other_somatic"	NA	NA	NA	"CL:0002371"	"somatic cell"	"perfect match"	"SN115"	NA	2
"GCTGCTTAGCGTAATA"	""	"ERX6700410"	"ERP132577"	"testis"	"Spermatocytes"	NA	NA	NA	"CL:0000017"	"spermatocyte"	"perfect match"	"SN115"	NA	5
"GCTGCTTAGGACTGGT"	""	"ERX6700410"	"ERP132577"	"testis"	"Elongated_spermatids"	NA	NA	NA	"CL:4030037"	"late spermatid"	"perfect match"	"SN115"	NA	4
"GCTGCTTAGTAATCCC"	""	"ERX6700410"	"ERP132577"	"testis"	"Round_spermatids"	NA	NA	NA	"CL:4030036"	"early spermatid"	"perfect match"	"SN115"	NA	1
"GCTGCTTGTGATAAAC"	""	"ERX6700410"	"ERP132577"	"testis"	"Elongated_spermatids"	NA	NA	NA	"CL:4030037"	"late spermatid"	"perfect match"	"SN115"	NA	4
"GCTGCTTTCTAACCGA"	""	"ERX6700410"	"ERP132577"	"testis"	"Other_somatic"	NA	NA	NA	"CL:0002371"	"somatic cell"	"perfect match"	"SN115"	NA	2
"GCTGGGTAGAAGGCCT"	""	"ERX6700410"	"ERP132577"	"testis"	"Elongated_spermatids"	NA	NA	NA	"CL:4030037"	"late spermatid"	"perfect match"	"SN115"	NA	4
"GCTGGGTAGACGCTTT"	""	"ERX6700410"	"ERP132577"	"testis"	"Other_somatic"	NA	NA	NA	"CL:0002371"	"somatic cell"	"perfect match"	"SN115"	NA	2
"GCTGGGTAGTGAACAT"	""	"ERX6700410"	"ERP132577"	"testis"	"Round_spermatids"	NA	NA	NA	"CL:4030036"	"early spermatid"	"perfect match"	"SN115"	NA	1
"GCTGGGTCAAGAAAGG"	""	"ERX6700410"	"ERP132577"	"testis"	"Elongated_spermatids"	NA	NA	NA	"CL:4030037"	"late spermatid"	"perfect match"	"SN115"	NA	4
"GCTGGGTCAAGCGAGT"	""	"ERX6700410"	"ERP132577"	"testis"	"Other_somatic"	NA	NA	NA	"CL:0002371"	"somatic cell"	"perfect match"	"SN115"	NA	2
"GCTGGGTCACAGTCGC"	""	"ERX6700410"	"ERP132577"	"testis"	"Round_spermatids"	NA	NA	NA	"CL:4030036"	"early spermatid"	"perfect match"	"SN115"	NA	1
"GCTGGGTCATGGTCTA"	""	"ERX6700410"	"ERP132577"	"testis"	"Other_somatic"	NA	NA	NA	"CL:0002371"	"somatic cell"	"perfect match"	"SN115"	NA	2
"GCTGGGTTCCCATTAT"	""	"ERX6700410"	"ERP132577"	"testis"	"Spermatogonia"	NA	NA	NA	"CL:0000020"	"spermatogonium"	"perfect match"	"SN115"	NA	6
"GCTGGGTTCCCTCAGT"	""	"ERX6700410"	"ERP132577"	"testis"	"Other_somatic"	NA	NA	NA	"CL:0002371"	"somatic cell"	"perfect match"	"SN115"	NA	2
"GCTTCCAAGAATTGTG"	""	"ERX6700410"	"ERP132577"	"testis"	"Other_somatic"	NA	NA	NA	"CL:0002371"	"somatic cell"	"perfect match"	"SN115"	NA	2
"GCTTCCAAGTACGATA"	""	"ERX6700410"	"ERP132577"	"testis"	"Round_spermatids"	NA	NA	NA	"CL:4030036"	"early spermatid"	"perfect match"	"SN115"	NA	1
"GCTTCCAGTCGGATCC"	""	"ERX6700410"	"ERP132577"	"testis"	"Elongated_spermatids"	NA	NA	NA	"CL:4030037"	"late spermatid"	"perfect match"	"SN115"	NA	4
"GCTTCCATCAGATAAG"	""	"ERX6700410"	"ERP132577"	"testis"	"Other_somatic"	NA	NA	NA	"CL:0002371"	"somatic cell"	"perfect match"	"SN115"	NA	2
"GCTTGAAAGGAGTAGA"	""	"ERX6700410"	"ERP132577"	"testis"	"Elongated_spermatids"	NA	NA	NA	"CL:4030037"	"late spermatid"	"perfect match"	"SN115"	NA	4
"GCTTGAAAGGTAGCCA"	""	"ERX6700410"	"ERP132577"	"testis"	"Elongated_spermatids"	NA	NA	NA	"CL:4030037"	"late spermatid"	"perfect match"	"SN115"	NA	4
"GCTTGAAAGTGTCCCG"	""	"ERX6700410"	"ERP132577"	"testis"	"Elongated_spermatids"	NA	NA	NA	"CL:4030037"	"late spermatid"	"perfect match"	"SN115"	NA	4
"GCTTGAAGTCACAAGG"	""	"ERX6700410"	"ERP132577"	"testis"	"Elongated_spermatids"	NA	NA	NA	"CL:4030037"	"late spermatid"	"perfect match"	"SN115"	NA	4
"GCTTGAAGTTGCGTTA"	""	"ERX6700410"	"ERP132577"	"testis"	"Elongated_spermatids"	NA	NA	NA	"CL:4030037"	"late spermatid"	"perfect match"	"SN115"	NA	4
"GCTTGAATCAGGCCCA"	""	"ERX6700410"	"ERP132577"	"testis"	"Round_spermatids"	NA	NA	NA	"CL:4030036"	"early spermatid"	"perfect match"	"SN115"	NA	1
"GCTTGAATCGACGGAA"	""	"ERX6700410"	"ERP132577"	"testis"	"Other_somatic"	NA	NA	NA	"CL:0002371"	"somatic cell"	"perfect match"	"SN115"	NA	2
"GCTTGAATCGTACGGC"	""	"ERX6700410"	"ERP132577"	"testis"	"Elongated_spermatids"	NA	NA	NA	"CL:4030037"	"late spermatid"	"perfect match"	"SN115"	NA	4
"GCTTGAATCTCTTGAT"	""	"ERX6700410"	"ERP132577"	"testis"	"Round_spermatids"	NA	NA	NA	"CL:4030036"	"early spermatid"	"perfect match"	"SN115"	NA	1
"GGAAAGCAGAAGGCCT"	""	"ERX6700410"	"ERP132577"	"testis"	"Sertoli"	NA	NA	NA	"CL:0000216"	"Sertoli cell"	"perfect match"	"SN115"	NA	3
"GGAAAGCCACGGCGTT"	""	"ERX6700410"	"ERP132577"	"testis"	"Spermatocytes"	NA	NA	NA	"CL:0000017"	"spermatocyte"	"perfect match"	"SN115"	NA	5
"GGAAAGCGTAAAGTCA"	""	"ERX6700410"	"ERP132577"	"testis"	"Elongated_spermatids"	NA	NA	NA	"CL:4030037"	"late spermatid"	"perfect match"	"SN115"	NA	4
"GGAAAGCGTGGAAAGA"	""	"ERX6700410"	"ERP132577"	"testis"	"Other_somatic"	NA	NA	NA	"CL:0002371"	"somatic cell"	"perfect match"	"SN115"	NA	2
"GGAACTTCACATCCAA"	""	"ERX6700410"	"ERP132577"	"testis"	"Spermatogonia"	NA	NA	NA	"CL:0000020"	"spermatogonium"	"perfect match"	"SN115"	NA	6
"GGAACTTCATCGGAAG"	""	"ERX6700410"	"ERP132577"	"testis"	"Round_spermatids"	NA	NA	NA	"CL:4030036"	"early spermatid"	"perfect match"	"SN115"	NA	1
"GGAACTTGTTTCGCTC"	""	"ERX6700410"	"ERP132577"	"testis"	"Sertoli"	NA	NA	NA	"CL:0000216"	"Sertoli cell"	"perfect match"	"SN115"	NA	3
"GGAACTTTCAACACGT"	""	"ERX6700410"	"ERP132577"	"testis"	"Elongated_spermatids"	NA	NA	NA	"CL:4030037"	"late spermatid"	"perfect match"	"SN115"	NA	4
"GGAACTTTCAGCTCTC"	""	"ERX6700410"	"ERP132577"	"testis"	"Round_spermatids"	NA	NA	NA	"CL:4030036"	"early spermatid"	"perfect match"	"SN115"	NA	1
"GGAACTTTCCCTAATT"	""	"ERX6700410"	"ERP132577"	"testis"	"Elongated_spermatids"	NA	NA	NA	"CL:4030037"	"late spermatid"	"perfect match"	"SN115"	NA	4
"GGAATAACATAAAGGT"	""	"ERX6700410"	"ERP132577"	"testis"	"Other_somatic"	NA	NA	NA	"CL:0002371"	"somatic cell"	"perfect match"	"SN115"	NA	2
"GGAATAAGTCAGTGGA"	""	"ERX6700410"	"ERP132577"	"testis"	"Sertoli"	NA	NA	NA	"CL:0000216"	"Sertoli cell"	"perfect match"	"SN115"	NA	3
"GGAATAAGTCTTCGTC"	""	"ERX6700410"	"ERP132577"	"testis"	"Other_somatic"	NA	NA	NA	"CL:0002371"	"somatic cell"	"perfect match"	"SN115"	NA	2
"GGAATAAGTGGAAAGA"	""	"ERX6700410"	"ERP132577"	"testis"	"Elongated_spermatids"	NA	NA	NA	"CL:4030037"	"late spermatid"	"perfect match"	"SN115"	NA	4
"GGAATAATCATACGGT"	""	"ERX6700410"	"ERP132577"	"testis"	"Round_spermatids"	NA	NA	NA	"CL:4030036"	"early spermatid"	"perfect match"	"SN115"	NA	1
"GGAATAATCGAGAACG"	""	"ERX6700410"	"ERP132577"	"testis"	"Spermatogonia"	NA	NA	NA	"CL:0000020"	"spermatogonium"	"perfect match"	"SN115"	NA	6
"GGAATAATCTCTAAGG"	""	"ERX6700410"	"ERP132577"	"testis"	"Other_somatic"	NA	NA	NA	"CL:0002371"	"somatic cell"	"perfect match"	"SN115"	NA	2
"GGACAAGAGAACAATC"	""	"ERX6700410"	"ERP132577"	"testis"	"Elongated_spermatids"	NA	NA	NA	"CL:4030037"	"late spermatid"	"perfect match"	"SN115"	NA	4
"GGACAAGAGAGAGCTC"	""	"ERX6700410"	"ERP132577"	"testis"	"Other_somatic"	NA	NA	NA	"CL:0002371"	"somatic cell"	"perfect match"	"SN115"	NA	2
"GGACAAGAGCTAGTGG"	""	"ERX6700410"	"ERP132577"	"testis"	"Elongated_spermatids"	NA	NA	NA	"CL:4030037"	"late spermatid"	"perfect match"	"SN115"	NA	4
"GGACAAGAGGTCGGAT"	""	"ERX6700410"	"ERP132577"	"testis"	"Other_somatic"	NA	NA	NA	"CL:0002371"	"somatic cell"	"perfect match"	"SN115"	NA	2
"GGACAAGCACCGGAAA"	""	"ERX6700410"	"ERP132577"	"testis"	"Other_somatic"	NA	NA	NA	"CL:0002371"	"somatic cell"	"perfect match"	"SN115"	NA	2
"GGACAAGCACTGTGTA"	""	"ERX6700410"	"ERP132577"	"testis"	"Elongated_spermatids"	NA	NA	NA	"CL:4030037"	"late spermatid"	"perfect match"	"SN115"	NA	4
"GGACAAGCATTATCTC"	""	"ERX6700410"	"ERP132577"	"testis"	"Elongated_spermatids"	NA	NA	NA	"CL:4030037"	"late spermatid"	"perfect match"	"SN115"	NA	4
"GGACAAGGTAATCGTC"	""	"ERX6700410"	"ERP132577"	"testis"	"Round_spermatids"	NA	NA	NA	"CL:4030036"	"early spermatid"	"perfect match"	"SN115"	NA	1
"GGACAAGTCAGAGGTG"	""	"ERX6700410"	"ERP132577"	"testis"	"Other_somatic"	NA	NA	NA	"CL:0002371"	"somatic cell"	"perfect match"	"SN115"	NA	2
"GGACAAGTCCAAGCCG"	""	"ERX6700410"	"ERP132577"	"testis"	"Elongated_spermatids"	NA	NA	NA	"CL:4030037"	"late spermatid"	"perfect match"	"SN115"	NA	4
"GGACAGAGTTATGCGT"	""	"ERX6700410"	"ERP132577"	"testis"	"Elongated_spermatids"	NA	NA	NA	"CL:4030037"	"late spermatid"	"perfect match"	"SN115"	NA	4
"GGACAGATCCACTGGG"	""	"ERX6700410"	"ERP132577"	"testis"	"Elongated_spermatids"	NA	NA	NA	"CL:4030037"	"late spermatid"	"perfect match"	"SN115"	NA	4
"GGACAGATCCTAAGTG"	""	"ERX6700410"	"ERP132577"	"testis"	"Other_somatic"	NA	NA	NA	"CL:0002371"	"somatic cell"	"perfect match"	"SN115"	NA	2
"GGACAGATCTCCTATA"	""	"ERX6700410"	"ERP132577"	"testis"	"Other_somatic"	NA	NA	NA	"CL:0002371"	"somatic cell"	"perfect match"	"SN115"	NA	2
"GGACATTGTAATCGTC"	""	"ERX6700410"	"ERP132577"	"testis"	"Elongated_spermatids"	NA	NA	NA	"CL:4030037"	"late spermatid"	"perfect match"	"SN115"	NA	4
"GGACATTGTGGTTTCA"	""	"ERX6700410"	"ERP132577"	"testis"	"Other_somatic"	NA	NA	NA	"CL:0002371"	"somatic cell"	"perfect match"	"SN115"	NA	2
"GGACATTTCACAGGCC"	""	"ERX6700410"	"ERP132577"	"testis"	"Round_spermatids"	NA	NA	NA	"CL:4030036"	"early spermatid"	"perfect match"	"SN115"	NA	1
"GGACATTTCCGGGTGT"	""	"ERX6700410"	"ERP132577"	"testis"	"Other_somatic"	NA	NA	NA	"CL:0002371"	"somatic cell"	"perfect match"	"SN115"	NA	2
"GGACGTCCAGCTGCAC"	""	"ERX6700410"	"ERP132577"	"testis"	"Other_somatic"	NA	NA	NA	"CL:0002371"	"somatic cell"	"perfect match"	"SN115"	NA	2
"GGACGTCCATGGGAAC"	""	"ERX6700410"	"ERP132577"	"testis"	"Round_spermatids"	NA	NA	NA	"CL:4030036"	"early spermatid"	"perfect match"	"SN115"	NA	1
"GGACGTCGTATCACCA"	""	"ERX6700410"	"ERP132577"	"testis"	"Round_spermatids"	NA	NA	NA	"CL:4030036"	"early spermatid"	"perfect match"	"SN115"	NA	1
"GGACGTCGTCCCGACA"	""	"ERX6700410"	"ERP132577"	"testis"	"Other_somatic"	NA	NA	NA	"CL:0002371"	"somatic cell"	"perfect match"	"SN115"	NA	2
"GGACGTCGTCCTGCTT"	""	"ERX6700410"	"ERP132577"	"testis"	"Round_spermatids"	NA	NA	NA	"CL:4030036"	"early spermatid"	"perfect match"	"SN115"	NA	1
"GGACGTCGTGCCTGCA"	""	"ERX6700410"	"ERP132577"	"testis"	"Other_somatic"	NA	NA	NA	"CL:0002371"	"somatic cell"	"perfect match"	"SN115"	NA	2
"GGACGTCGTTAAAGAC"	""	"ERX6700410"	"ERP132577"	"testis"	"Other_somatic"	NA	NA	NA	"CL:0002371"	"somatic cell"	"perfect match"	"SN115"	NA	2
"GGACGTCTCCCAGGTG"	""	"ERX6700410"	"ERP132577"	"testis"	"Elongated_spermatids"	NA	NA	NA	"CL:4030037"	"late spermatid"	"perfect match"	"SN115"	NA	4
"GGAGCAAAGACAAGCC"	""	"ERX6700410"	"ERP132577"	"testis"	"Elongated_spermatids"	NA	NA	NA	"CL:4030037"	"late spermatid"	"perfect match"	"SN115"	NA	4
"GGAGCAACAAGACGTG"	""	"ERX6700410"	"ERP132577"	"testis"	"Round_spermatids"	NA	NA	NA	"CL:4030036"	"early spermatid"	"perfect match"	"SN115"	NA	1
"GGAGCAACAAGTCTAC"	""	"ERX6700410"	"ERP132577"	"testis"	"Elongated_spermatids"	NA	NA	NA	"CL:4030037"	"late spermatid"	"perfect match"	"SN115"	NA	4
"GGAGCAACACGAAGCA"	""	"ERX6700410"	"ERP132577"	"testis"	"Elongated_spermatids"	NA	NA	NA	"CL:4030037"	"late spermatid"	"perfect match"	"SN115"	NA	4
"GGAGCAACAGAAGCAC"	""	"ERX6700410"	"ERP132577"	"testis"	"Round_spermatids"	NA	NA	NA	"CL:4030036"	"early spermatid"	"perfect match"	"SN115"	NA	1
"GGAGCAAGTAAGAGGA"	""	"ERX6700410"	"ERP132577"	"testis"	"Round_spermatids"	NA	NA	NA	"CL:4030036"	"early spermatid"	"perfect match"	"SN115"	NA	1
"GGAGCAAGTACCGTAT"	""	"ERX6700410"	"ERP132577"	"testis"	"Other_somatic"	NA	NA	NA	"CL:0002371"	"somatic cell"	"perfect match"	"SN115"	NA	2
"GGAGCAAGTCAATGTC"	""	"ERX6700410"	"ERP132577"	"testis"	"Round_spermatids"	NA	NA	NA	"CL:4030036"	"early spermatid"	"perfect match"	"SN115"	NA	1
"GGAGCAAGTCCGTTAA"	""	"ERX6700410"	"ERP132577"	"testis"	"Other_somatic"	NA	NA	NA	"CL:0002371"	"somatic cell"	"perfect match"	"SN115"	NA	2
"GGATGTTAGATCCGAG"	""	"ERX6700410"	"ERP132577"	"testis"	"Elongated_spermatids"	NA	NA	NA	"CL:4030037"	"late spermatid"	"perfect match"	"SN115"	NA	4
"GGATGTTAGCGTGAGT"	""	"ERX6700410"	"ERP132577"	"testis"	"Other_somatic"	NA	NA	NA	"CL:0002371"	"somatic cell"	"perfect match"	"SN115"	NA	2
"GGATGTTAGGATGTAT"	""	"ERX6700410"	"ERP132577"	"testis"	"Elongated_spermatids"	NA	NA	NA	"CL:4030037"	"late spermatid"	"perfect match"	"SN115"	NA	4
"GGATGTTAGTATGACA"	""	"ERX6700410"	"ERP132577"	"testis"	"Round_spermatids"	NA	NA	NA	"CL:4030036"	"early spermatid"	"perfect match"	"SN115"	NA	1
"GGATGTTCACCATCCT"	""	"ERX6700410"	"ERP132577"	"testis"	"Round_spermatids"	NA	NA	NA	"CL:4030036"	"early spermatid"	"perfect match"	"SN115"	NA	1
"GGATGTTCAGGGTATG"	""	"ERX6700410"	"ERP132577"	"testis"	"Other_somatic"	NA	NA	NA	"CL:0002371"	"somatic cell"	"perfect match"	"SN115"	NA	2
"GGATGTTCATACGCCG"	""	"ERX6700410"	"ERP132577"	"testis"	"Other_somatic"	NA	NA	NA	"CL:0002371"	"somatic cell"	"perfect match"	"SN115"	NA	2
"GGATGTTGTTCCGTCT"	""	"ERX6700410"	"ERP132577"	"testis"	"Other_somatic"	NA	NA	NA	"CL:0002371"	"somatic cell"	"perfect match"	"SN115"	NA	2
"GGATTACAGGTCATCT"	""	"ERX6700410"	"ERP132577"	"testis"	"Round_spermatids"	NA	NA	NA	"CL:4030036"	"early spermatid"	"perfect match"	"SN115"	NA	1
"GGATTACCAGTCACTA"	""	"ERX6700410"	"ERP132577"	"testis"	"Other_somatic"	NA	NA	NA	"CL:0002371"	"somatic cell"	"perfect match"	"SN115"	NA	2
"GGATTACCATGAGCGA"	""	"ERX6700410"	"ERP132577"	"testis"	"Elongated_spermatids"	NA	NA	NA	"CL:4030037"	"late spermatid"	"perfect match"	"SN115"	NA	4
"GGATTACCATTCCTGC"	""	"ERX6700410"	"ERP132577"	"testis"	"Other_somatic"	NA	NA	NA	"CL:0002371"	"somatic cell"	"perfect match"	"SN115"	NA	2
"GGATTACTCAAGATCC"	""	"ERX6700410"	"ERP132577"	"testis"	"Elongated_spermatids"	NA	NA	NA	"CL:4030037"	"late spermatid"	"perfect match"	"SN115"	NA	4
"GGATTACTCCTTAATC"	""	"ERX6700410"	"ERP132577"	"testis"	"Other_somatic"	NA	NA	NA	"CL:0002371"	"somatic cell"	"perfect match"	"SN115"	NA	2
"GGATTACTCTCTGCTG"	""	"ERX6700410"	"ERP132577"	"testis"	"Other_somatic"	NA	NA	NA	"CL:0002371"	"somatic cell"	"perfect match"	"SN115"	NA	2
"GGATTACTCTTTACGT"	""	"ERX6700410"	"ERP132577"	"testis"	"Elongated_spermatids"	NA	NA	NA	"CL:4030037"	"late spermatid"	"perfect match"	"SN115"	NA	4
"GGCAATTAGGCATGTG"	""	"ERX6700410"	"ERP132577"	"testis"	"Other_somatic"	NA	NA	NA	"CL:0002371"	"somatic cell"	"perfect match"	"SN115"	NA	2
"GGCAATTCAGTTTACG"	""	"ERX6700410"	"ERP132577"	"testis"	"Elongated_spermatids"	NA	NA	NA	"CL:4030037"	"late spermatid"	"perfect match"	"SN115"	NA	4
"GGCAATTCATGCGCAC"	""	"ERX6700410"	"ERP132577"	"testis"	"Round_spermatids"	NA	NA	NA	"CL:4030036"	"early spermatid"	"perfect match"	"SN115"	NA	1
"GGCAATTTCAAACAAG"	""	"ERX6700410"	"ERP132577"	"testis"	"Spermatogonia"	NA	NA	NA	"CL:0000020"	"spermatogonium"	"perfect match"	"SN115"	NA	6
"GGCAATTTCAATAAGG"	""	"ERX6700410"	"ERP132577"	"testis"	"Other_somatic"	NA	NA	NA	"CL:0002371"	"somatic cell"	"perfect match"	"SN115"	NA	2
"GGCAATTTCAGTCAGT"	""	"ERX6700410"	"ERP132577"	"testis"	"Round_spermatids"	NA	NA	NA	"CL:4030036"	"early spermatid"	"perfect match"	"SN115"	NA	1
"GGCCGATGTGCAGGTA"	""	"ERX6700410"	"ERP132577"	"testis"	"Round_spermatids"	NA	NA	NA	"CL:4030036"	"early spermatid"	"perfect match"	"SN115"	NA	1
"GGCCGATTCAACTCTT"	""	"ERX6700410"	"ERP132577"	"testis"	"Elongated_spermatids"	NA	NA	NA	"CL:4030037"	"late spermatid"	"perfect match"	"SN115"	NA	4
"GGCCGATTCCCAAGAT"	""	"ERX6700410"	"ERP132577"	"testis"	"Spermatocytes"	NA	NA	NA	"CL:0000017"	"spermatocyte"	"perfect match"	"SN115"	NA	5
"GGCGACTAGACGACGT"	""	"ERX6700410"	"ERP132577"	"testis"	"Elongated_spermatids"	NA	NA	NA	"CL:4030037"	"late spermatid"	"perfect match"	"SN115"	NA	4
"GGCGACTAGATCCCAT"	""	"ERX6700410"	"ERP132577"	"testis"	"Round_spermatids"	NA	NA	NA	"CL:4030036"	"early spermatid"	"perfect match"	"SN115"	NA	1
"GGCGACTCATTAACCG"	""	"ERX6700410"	"ERP132577"	"testis"	"Spermatocytes"	NA	NA	NA	"CL:0000017"	"spermatocyte"	"perfect match"	"SN115"	NA	5
"GGCGACTGTCATCCCT"	""	"ERX6700410"	"ERP132577"	"testis"	"Round_spermatids"	NA	NA	NA	"CL:4030036"	"early spermatid"	"perfect match"	"SN115"	NA	1
"GGCGACTGTTTAGCTG"	""	"ERX6700410"	"ERP132577"	"testis"	"Other_somatic"	NA	NA	NA	"CL:0002371"	"somatic cell"	"perfect match"	"SN115"	NA	2
"GGCGACTTCTATCCTA"	""	"ERX6700410"	"ERP132577"	"testis"	"Elongated_spermatids"	NA	NA	NA	"CL:4030037"	"late spermatid"	"perfect match"	"SN115"	NA	4
"GGCGACTTCTGTACGA"	""	"ERX6700410"	"ERP132577"	"testis"	"Other_somatic"	NA	NA	NA	"CL:0002371"	"somatic cell"	"perfect match"	"SN115"	NA	2
"GGCGACTTCTTAGAGC"	""	"ERX6700410"	"ERP132577"	"testis"	"Round_spermatids"	NA	NA	NA	"CL:4030036"	"early spermatid"	"perfect match"	"SN115"	NA	1
"GGCGTGTCATGCAATC"	""	"ERX6700410"	"ERP132577"	"testis"	"Round_spermatids"	NA	NA	NA	"CL:4030036"	"early spermatid"	"perfect match"	"SN115"	NA	1
"GGCGTGTTCATCATTC"	""	"ERX6700410"	"ERP132577"	"testis"	"Round_spermatids"	NA	NA	NA	"CL:4030036"	"early spermatid"	"perfect match"	"SN115"	NA	1
"GGCGTGTTCCTCATTA"	""	"ERX6700410"	"ERP132577"	"testis"	"Round_spermatids"	NA	NA	NA	"CL:4030036"	"early spermatid"	"perfect match"	"SN115"	NA	1
"GGCTCGACAAGGTGTG"	""	"ERX6700410"	"ERP132577"	"testis"	"Other_somatic"	NA	NA	NA	"CL:0002371"	"somatic cell"	"perfect match"	"SN115"	NA	2
"GGCTCGAGTTGAACTC"	""	"ERX6700410"	"ERP132577"	"testis"	"Other_somatic"	NA	NA	NA	"CL:0002371"	"somatic cell"	"perfect match"	"SN115"	NA	2
"GGCTCGATCGCATGGC"	""	"ERX6700410"	"ERP132577"	"testis"	"Round_spermatids"	NA	NA	NA	"CL:4030036"	"early spermatid"	"perfect match"	"SN115"	NA	1
"GGCTCGATCTAACCGA"	""	"ERX6700410"	"ERP132577"	"testis"	"Spermatocytes"	NA	NA	NA	"CL:0000017"	"spermatocyte"	"perfect match"	"SN115"	NA	5
"GGCTCGATCTCGATGA"	""	"ERX6700410"	"ERP132577"	"testis"	"Round_spermatids"	NA	NA	NA	"CL:4030036"	"early spermatid"	"perfect match"	"SN115"	NA	1
"GGCTCGATCTCTGCTG"	""	"ERX6700410"	"ERP132577"	"testis"	"Elongated_spermatids"	NA	NA	NA	"CL:4030037"	"late spermatid"	"perfect match"	"SN115"	NA	4
"GGCTGGTAGAAGGTGA"	""	"ERX6700410"	"ERP132577"	"testis"	"Other_somatic"	NA	NA	NA	"CL:0002371"	"somatic cell"	"perfect match"	"SN115"	NA	2
"GGCTGGTCAGGGAGAG"	""	"ERX6700410"	"ERP132577"	"testis"	"Other_somatic"	NA	NA	NA	"CL:0002371"	"somatic cell"	"perfect match"	"SN115"	NA	2
"GGCTGGTGTCTAGAGG"	""	"ERX6700410"	"ERP132577"	"testis"	"Round_spermatids"	NA	NA	NA	"CL:4030036"	"early spermatid"	"perfect match"	"SN115"	NA	1
"GGCTGGTTCTAACCGA"	""	"ERX6700410"	"ERP132577"	"testis"	"Round_spermatids"	NA	NA	NA	"CL:4030036"	"early spermatid"	"perfect match"	"SN115"	NA	1
"GGGAATGAGATAGGAG"	""	"ERX6700410"	"ERP132577"	"testis"	"Elongated_spermatids"	NA	NA	NA	"CL:4030037"	"late spermatid"	"perfect match"	"SN115"	NA	4
"GGGAATGAGCATCATC"	""	"ERX6700410"	"ERP132577"	"testis"	"Other_somatic"	NA	NA	NA	"CL:0002371"	"somatic cell"	"perfect match"	"SN115"	NA	2
"GGGAATGAGCCCGAAA"	""	"ERX6700410"	"ERP132577"	"testis"	"Elongated_spermatids"	NA	NA	NA	"CL:4030037"	"late spermatid"	"perfect match"	"SN115"	NA	4
"GGGAATGAGCGTTCCG"	""	"ERX6700410"	"ERP132577"	"testis"	"Round_spermatids"	NA	NA	NA	"CL:4030036"	"early spermatid"	"perfect match"	"SN115"	NA	1
"GGGAATGAGTTACGGG"	""	"ERX6700410"	"ERP132577"	"testis"	"Elongated_spermatids"	NA	NA	NA	"CL:4030037"	"late spermatid"	"perfect match"	"SN115"	NA	4
"GGGAATGCACACTGCG"	""	"ERX6700410"	"ERP132577"	"testis"	"Elongated_spermatids"	NA	NA	NA	"CL:4030037"	"late spermatid"	"perfect match"	"SN115"	NA	4
"GGGAATGCACCCAGTG"	""	"ERX6700410"	"ERP132577"	"testis"	"Other_somatic"	NA	NA	NA	"CL:0002371"	"somatic cell"	"perfect match"	"SN115"	NA	2
"GGGAATGGTACCGTAT"	""	"ERX6700410"	"ERP132577"	"testis"	"Round_spermatids"	NA	NA	NA	"CL:4030036"	"early spermatid"	"perfect match"	"SN115"	NA	1
"GGGAATGTCCGCGTTT"	""	"ERX6700410"	"ERP132577"	"testis"	"Round_spermatids"	NA	NA	NA	"CL:4030036"	"early spermatid"	"perfect match"	"SN115"	NA	1
"GGGAATGTCTAAGCCA"	""	"ERX6700410"	"ERP132577"	"testis"	"Other_somatic"	NA	NA	NA	"CL:0002371"	"somatic cell"	"perfect match"	"SN115"	NA	2
"GGGACCTAGCTAGGCA"	""	"ERX6700410"	"ERP132577"	"testis"	"Other_somatic"	NA	NA	NA	"CL:0002371"	"somatic cell"	"perfect match"	"SN115"	NA	2
"GGGACCTAGGATGGAA"	""	"ERX6700410"	"ERP132577"	"testis"	"Round_spermatids"	NA	NA	NA	"CL:4030036"	"early spermatid"	"perfect match"	"SN115"	NA	1
"GGGACCTAGGGCATGT"	""	"ERX6700410"	"ERP132577"	"testis"	"Elongated_spermatids"	NA	NA	NA	"CL:4030037"	"late spermatid"	"perfect match"	"SN115"	NA	4
"GGGACCTAGTTACGGG"	""	"ERX6700410"	"ERP132577"	"testis"	"Round_spermatids"	NA	NA	NA	"CL:4030036"	"early spermatid"	"perfect match"	"SN115"	NA	1
"GGGACCTCACCGGAAA"	""	"ERX6700410"	"ERP132577"	"testis"	"Other_somatic"	NA	NA	NA	"CL:0002371"	"somatic cell"	"perfect match"	"SN115"	NA	2
"GGGACCTGTCCATGAT"	""	"ERX6700410"	"ERP132577"	"testis"	"Sertoli"	NA	NA	NA	"CL:0000216"	"Sertoli cell"	"perfect match"	"SN115"	NA	3
"GGGACCTTCAAACAAG"	""	"ERX6700410"	"ERP132577"	"testis"	"Spermatocytes"	NA	NA	NA	"CL:0000017"	"spermatocyte"	"perfect match"	"SN115"	NA	5
"GGGACCTTCCGAACGC"	""	"ERX6700410"	"ERP132577"	"testis"	"Other_somatic"	NA	NA	NA	"CL:0002371"	"somatic cell"	"perfect match"	"SN115"	NA	2
"GGGACCTTCTAAGCCA"	""	"ERX6700410"	"ERP132577"	"testis"	"Sertoli"	NA	NA	NA	"CL:0000216"	"Sertoli cell"	"perfect match"	"SN115"	NA	3
"GGGAGATAGAAAGTGG"	""	"ERX6700410"	"ERP132577"	"testis"	"Elongated_spermatids"	NA	NA	NA	"CL:4030037"	"late spermatid"	"perfect match"	"SN115"	NA	4
"GGGAGATAGTAGTGCG"	""	"ERX6700410"	"ERP132577"	"testis"	"Other_somatic"	NA	NA	NA	"CL:0002371"	"somatic cell"	"perfect match"	"SN115"	NA	2
"GGGAGATAGTGCGATG"	""	"ERX6700410"	"ERP132577"	"testis"	"Sertoli"	NA	NA	NA	"CL:0000216"	"Sertoli cell"	"perfect match"	"SN115"	NA	3
"GGGAGATTCAAGGCTT"	""	"ERX6700410"	"ERP132577"	"testis"	"Elongated_spermatids"	NA	NA	NA	"CL:4030037"	"late spermatid"	"perfect match"	"SN115"	NA	4
"GGGAGATTCACATACG"	""	"ERX6700410"	"ERP132577"	"testis"	"Sertoli"	NA	NA	NA	"CL:0000216"	"Sertoli cell"	"perfect match"	"SN115"	NA	3
"GGGAGATTCTGGCGAC"	""	"ERX6700410"	"ERP132577"	"testis"	"Sertoli"	NA	NA	NA	"CL:0000216"	"Sertoli cell"	"perfect match"	"SN115"	NA	3
"GGGATGAAGCTCCTTC"	""	"ERX6700410"	"ERP132577"	"testis"	"Other_somatic"	NA	NA	NA	"CL:0002371"	"somatic cell"	"perfect match"	"SN115"	NA	2
"GGGATGAAGGTAAACT"	""	"ERX6700410"	"ERP132577"	"testis"	"Spermatocytes"	NA	NA	NA	"CL:0000017"	"spermatocyte"	"perfect match"	"SN115"	NA	5
"GGGATGACAGGGAGAG"	""	"ERX6700410"	"ERP132577"	"testis"	"Spermatocytes"	NA	NA	NA	"CL:0000017"	"spermatocyte"	"perfect match"	"SN115"	NA	5
"GGGATGACAGGTCTCG"	""	"ERX6700410"	"ERP132577"	"testis"	"Round_spermatids"	NA	NA	NA	"CL:4030036"	"early spermatid"	"perfect match"	"SN115"	NA	1
"GGGATGACATGCCTAA"	""	"ERX6700410"	"ERP132577"	"testis"	"Other_somatic"	NA	NA	NA	"CL:0002371"	"somatic cell"	"perfect match"	"SN115"	NA	2
"GGGATGAGTGCGCTTG"	""	"ERX6700410"	"ERP132577"	"testis"	"Round_spermatids"	NA	NA	NA	"CL:4030036"	"early spermatid"	"perfect match"	"SN115"	NA	1
"GGGATGATCATTCACT"	""	"ERX6700410"	"ERP132577"	"testis"	"Round_spermatids"	NA	NA	NA	"CL:4030036"	"early spermatid"	"perfect match"	"SN115"	NA	1
"GGGATGATCTTAGCCC"	""	"ERX6700410"	"ERP132577"	"testis"	"Other_somatic"	NA	NA	NA	"CL:0002371"	"somatic cell"	"perfect match"	"SN115"	NA	2
"GGGCACTCAATAGCGG"	""	"ERX6700410"	"ERP132577"	"testis"	"Round_spermatids"	NA	NA	NA	"CL:4030036"	"early spermatid"	"perfect match"	"SN115"	NA	1
"GGGCACTCAGCAGTTT"	""	"ERX6700410"	"ERP132577"	"testis"	"Round_spermatids"	NA	NA	NA	"CL:4030036"	"early spermatid"	"perfect match"	"SN115"	NA	1
"GGGCACTCAGGCTGAA"	""	"ERX6700410"	"ERP132577"	"testis"	"Other_somatic"	NA	NA	NA	"CL:0002371"	"somatic cell"	"perfect match"	"SN115"	NA	2
"GGGCACTGTAGGGTAC"	""	"ERX6700410"	"ERP132577"	"testis"	"Other_somatic"	NA	NA	NA	"CL:0002371"	"somatic cell"	"perfect match"	"SN115"	NA	2
"GGGCACTGTCCCGACA"	""	"ERX6700410"	"ERP132577"	"testis"	"Elongated_spermatids"	NA	NA	NA	"CL:4030037"	"late spermatid"	"perfect match"	"SN115"	NA	4
"GGGCACTGTTCATGGT"	""	"ERX6700410"	"ERP132577"	"testis"	"Round_spermatids"	NA	NA	NA	"CL:4030036"	"early spermatid"	"perfect match"	"SN115"	NA	1
"GGGCACTGTTCTGGTA"	""	"ERX6700410"	"ERP132577"	"testis"	"Round_spermatids"	NA	NA	NA	"CL:4030036"	"early spermatid"	"perfect match"	"SN115"	NA	1
"GGGCACTTCGCTTAGA"	""	"ERX6700410"	"ERP132577"	"testis"	"Round_spermatids"	NA	NA	NA	"CL:4030036"	"early spermatid"	"perfect match"	"SN115"	NA	1
"GGGCATCAGCGACGTA"	""	"ERX6700410"	"ERP132577"	"testis"	"Round_spermatids"	NA	NA	NA	"CL:4030036"	"early spermatid"	"perfect match"	"SN115"	NA	1
"GGGCATCAGCTGAAAT"	""	"ERX6700410"	"ERP132577"	"testis"	"Elongated_spermatids"	NA	NA	NA	"CL:4030037"	"late spermatid"	"perfect match"	"SN115"	NA	4
"GGGTCTGAGCGTTCCG"	""	"ERX6700410"	"ERP132577"	"testis"	"Round_spermatids"	NA	NA	NA	"CL:4030036"	"early spermatid"	"perfect match"	"SN115"	NA	1
"GGGTCTGAGTGTTAGA"	""	"ERX6700410"	"ERP132577"	"testis"	"Round_spermatids"	NA	NA	NA	"CL:4030036"	"early spermatid"	"perfect match"	"SN115"	NA	1
"GGGTCTGCACAGCGTC"	""	"ERX6700410"	"ERP132577"	"testis"	"Other_somatic"	NA	NA	NA	"CL:0002371"	"somatic cell"	"perfect match"	"SN115"	NA	2
"GGGTCTGTCTACTTAC"	""	"ERX6700410"	"ERP132577"	"testis"	"Other_somatic"	NA	NA	NA	"CL:0002371"	"somatic cell"	"perfect match"	"SN115"	NA	2
"GGGTTGCCATTTCAGG"	""	"ERX6700410"	"ERP132577"	"testis"	"Elongated_spermatids"	NA	NA	NA	"CL:4030037"	"late spermatid"	"perfect match"	"SN115"	NA	4
"GGGTTGCTCCACGTGG"	""	"ERX6700410"	"ERP132577"	"testis"	"Round_spermatids"	NA	NA	NA	"CL:4030036"	"early spermatid"	"perfect match"	"SN115"	NA	1
"GGGTTGCTCTCATTCA"	""	"ERX6700410"	"ERP132577"	"testis"	"Other_somatic"	NA	NA	NA	"CL:0002371"	"somatic cell"	"perfect match"	"SN115"	NA	2
"GGTATTGAGGGCTTGA"	""	"ERX6700410"	"ERP132577"	"testis"	"Elongated_spermatids"	NA	NA	NA	"CL:4030037"	"late spermatid"	"perfect match"	"SN115"	NA	4
"GGTATTGCACCAACCG"	""	"ERX6700410"	"ERP132577"	"testis"	"Other_somatic"	NA	NA	NA	"CL:0002371"	"somatic cell"	"perfect match"	"SN115"	NA	2
"GGTATTGCATATGCTG"	""	"ERX6700410"	"ERP132577"	"testis"	"Round_spermatids"	NA	NA	NA	"CL:4030036"	"early spermatid"	"perfect match"	"SN115"	NA	1
"GGTATTGGTCGAATCT"	""	"ERX6700410"	"ERP132577"	"testis"	"Other_somatic"	NA	NA	NA	"CL:0002371"	"somatic cell"	"perfect match"	"SN115"	NA	2
"GGTATTGGTGCATCTA"	""	"ERX6700410"	"ERP132577"	"testis"	"Other_somatic"	NA	NA	NA	"CL:0002371"	"somatic cell"	"perfect match"	"SN115"	NA	2
"GGTATTGGTTAAAGTG"	""	"ERX6700410"	"ERP132577"	"testis"	"Other_somatic"	NA	NA	NA	"CL:0002371"	"somatic cell"	"perfect match"	"SN115"	NA	2
"GGTATTGTCGGAGGTA"	""	"ERX6700410"	"ERP132577"	"testis"	"Elongated_spermatids"	NA	NA	NA	"CL:4030037"	"late spermatid"	"perfect match"	"SN115"	NA	4
"GGTATTGTCGGTTAAC"	""	"ERX6700410"	"ERP132577"	"testis"	"Other_somatic"	NA	NA	NA	"CL:0002371"	"somatic cell"	"perfect match"	"SN115"	NA	2
"GGTGAAGAGATCACGG"	""	"ERX6700410"	"ERP132577"	"testis"	"Round_spermatids"	NA	NA	NA	"CL:4030036"	"early spermatid"	"perfect match"	"SN115"	NA	1
"GGTGAAGAGCCCAGCT"	""	"ERX6700410"	"ERP132577"	"testis"	"Other_somatic"	NA	NA	NA	"CL:0002371"	"somatic cell"	"perfect match"	"SN115"	NA	2
"GGTGAAGCAGATGGGT"	""	"ERX6700410"	"ERP132577"	"testis"	"Spermatogonia"	NA	NA	NA	"CL:0000020"	"spermatogonium"	"perfect match"	"SN115"	NA	6
"GGTGAAGCAGGATCGA"	""	"ERX6700410"	"ERP132577"	"testis"	"Spermatocytes"	NA	NA	NA	"CL:0000017"	"spermatocyte"	"perfect match"	"SN115"	NA	5
"GGTGAAGCATTGGGCC"	""	"ERX6700410"	"ERP132577"	"testis"	"Round_spermatids"	NA	NA	NA	"CL:4030036"	"early spermatid"	"perfect match"	"SN115"	NA	1
"GGTGAAGGTCATGCCG"	""	"ERX6700410"	"ERP132577"	"testis"	"Spermatogonia"	NA	NA	NA	"CL:0000020"	"spermatogonium"	"perfect match"	"SN115"	NA	6
"GGTGAAGGTCTGCCAG"	""	"ERX6700410"	"ERP132577"	"testis"	"Spermatogonia"	NA	NA	NA	"CL:0000020"	"spermatogonium"	"perfect match"	"SN115"	NA	6
"GGTGAAGTCTGGTTCC"	""	"ERX6700410"	"ERP132577"	"testis"	"Elongated_spermatids"	NA	NA	NA	"CL:4030037"	"late spermatid"	"perfect match"	"SN115"	NA	4
"GGTGAAGTCTGTCCGT"	""	"ERX6700410"	"ERP132577"	"testis"	"Other_somatic"	NA	NA	NA	"CL:0002371"	"somatic cell"	"perfect match"	"SN115"	NA	2
"GGTGCGTAGCCAACAG"	""	"ERX6700410"	"ERP132577"	"testis"	"Round_spermatids"	NA	NA	NA	"CL:4030036"	"early spermatid"	"perfect match"	"SN115"	NA	1
"GGTGCGTCACCCTATC"	""	"ERX6700410"	"ERP132577"	"testis"	"Other_somatic"	NA	NA	NA	"CL:0002371"	"somatic cell"	"perfect match"	"SN115"	NA	2
"GGTGCGTCAGCAGTTT"	""	"ERX6700410"	"ERP132577"	"testis"	"Other_somatic"	NA	NA	NA	"CL:0002371"	"somatic cell"	"perfect match"	"SN115"	NA	2
"GGTGCGTCAGTTAACC"	""	"ERX6700410"	"ERP132577"	"testis"	"Spermatocytes"	NA	NA	NA	"CL:0000017"	"spermatocyte"	"perfect match"	"SN115"	NA	5
"GGTGCGTTCCGAAGAG"	""	"ERX6700410"	"ERP132577"	"testis"	"Elongated_spermatids"	NA	NA	NA	"CL:4030037"	"late spermatid"	"perfect match"	"SN115"	NA	4
"GGTGCGTTCGGCTACG"	""	"ERX6700410"	"ERP132577"	"testis"	"Spermatocytes"	NA	NA	NA	"CL:0000017"	"spermatocyte"	"perfect match"	"SN115"	NA	5
"GGTGTTAAGTGGGCTA"	""	"ERX6700410"	"ERP132577"	"testis"	"Elongated_spermatids"	NA	NA	NA	"CL:4030037"	"late spermatid"	"perfect match"	"SN115"	NA	4
"GGTGTTACACAGCGTC"	""	"ERX6700410"	"ERP132577"	"testis"	"Round_spermatids"	NA	NA	NA	"CL:4030036"	"early spermatid"	"perfect match"	"SN115"	NA	1
"GGTGTTACACCAGCAC"	""	"ERX6700410"	"ERP132577"	"testis"	"Elongated_spermatids"	NA	NA	NA	"CL:4030037"	"late spermatid"	"perfect match"	"SN115"	NA	4
"GGTGTTACACGCATCG"	""	"ERX6700410"	"ERP132577"	"testis"	"Elongated_spermatids"	NA	NA	NA	"CL:4030037"	"late spermatid"	"perfect match"	"SN115"	NA	4
"GGTGTTAGTCAATACC"	""	"ERX6700410"	"ERP132577"	"testis"	"Round_spermatids"	NA	NA	NA	"CL:4030036"	"early spermatid"	"perfect match"	"SN115"	NA	1
"GGTGTTATCAAACAAG"	""	"ERX6700410"	"ERP132577"	"testis"	"Elongated_spermatids"	NA	NA	NA	"CL:4030037"	"late spermatid"	"perfect match"	"SN115"	NA	4
"GGTGTTATCCGCGGTA"	""	"ERX6700410"	"ERP132577"	"testis"	"Other_somatic"	NA	NA	NA	"CL:0002371"	"somatic cell"	"perfect match"	"SN115"	NA	2
"GGTGTTATCTTCGAGA"	""	"ERX6700410"	"ERP132577"	"testis"	"Elongated_spermatids"	NA	NA	NA	"CL:4030037"	"late spermatid"	"perfect match"	"SN115"	NA	4
"GTAACGTAGATCACGG"	""	"ERX6700410"	"ERP132577"	"testis"	"Sertoli"	NA	NA	NA	"CL:0000216"	"Sertoli cell"	"perfect match"	"SN115"	NA	3
"GTAACGTAGCACGCCT"	""	"ERX6700410"	"ERP132577"	"testis"	"Sertoli"	NA	NA	NA	"CL:0000216"	"Sertoli cell"	"perfect match"	"SN115"	NA	3
"GTAACGTCACGTCAGC"	""	"ERX6700410"	"ERP132577"	"testis"	"Round_spermatids"	NA	NA	NA	"CL:4030036"	"early spermatid"	"perfect match"	"SN115"	NA	1
"GTAACGTCATACGCCG"	""	"ERX6700410"	"ERP132577"	"testis"	"Other_somatic"	NA	NA	NA	"CL:0002371"	"somatic cell"	"perfect match"	"SN115"	NA	2
"GTAACGTCATACTACG"	""	"ERX6700410"	"ERP132577"	"testis"	"Sertoli"	NA	NA	NA	"CL:0000216"	"Sertoli cell"	"perfect match"	"SN115"	NA	3
"GTAACGTCATTTCACT"	""	"ERX6700410"	"ERP132577"	"testis"	"Elongated_spermatids"	NA	NA	NA	"CL:4030037"	"late spermatid"	"perfect match"	"SN115"	NA	4
"GTAACGTGTTCACGGC"	""	"ERX6700410"	"ERP132577"	"testis"	"Other_somatic"	NA	NA	NA	"CL:0002371"	"somatic cell"	"perfect match"	"SN115"	NA	2
"GTAACGTGTTCGTGAT"	""	"ERX6700410"	"ERP132577"	"testis"	"Other_somatic"	NA	NA	NA	"CL:0002371"	"somatic cell"	"perfect match"	"SN115"	NA	2
"GTAACGTTCCTGCCAT"	""	"ERX6700410"	"ERP132577"	"testis"	"Other_somatic"	NA	NA	NA	"CL:0002371"	"somatic cell"	"perfect match"	"SN115"	NA	2
"GTAACGTTCTGCTGTC"	""	"ERX6700410"	"ERP132577"	"testis"	"Sertoli"	NA	NA	NA	"CL:0000216"	"Sertoli cell"	"perfect match"	"SN115"	NA	3
"GTAACTGAGAGCTTCT"	""	"ERX6700410"	"ERP132577"	"testis"	"Other_somatic"	NA	NA	NA	"CL:0002371"	"somatic cell"	"perfect match"	"SN115"	NA	2
"GTAACTGAGATGGCGT"	""	"ERX6700410"	"ERP132577"	"testis"	"Round_spermatids"	NA	NA	NA	"CL:4030036"	"early spermatid"	"perfect match"	"SN115"	NA	1
"GTAACTGAGGCCGAAT"	""	"ERX6700410"	"ERP132577"	"testis"	"Elongated_spermatids"	NA	NA	NA	"CL:4030037"	"late spermatid"	"perfect match"	"SN115"	NA	4
"GTAACTGCACCGGAAA"	""	"ERX6700410"	"ERP132577"	"testis"	"Round_spermatids"	NA	NA	NA	"CL:4030036"	"early spermatid"	"perfect match"	"SN115"	NA	1
"GTAACTGCAGATGGGT"	""	"ERX6700410"	"ERP132577"	"testis"	"Spermatogonia"	NA	NA	NA	"CL:0000020"	"spermatogonium"	"perfect match"	"SN115"	NA	6
"GTAACTGGTCTAAACC"	""	"ERX6700410"	"ERP132577"	"testis"	"Other_somatic"	NA	NA	NA	"CL:0002371"	"somatic cell"	"perfect match"	"SN115"	NA	2
"GTAACTGGTGCACTTA"	""	"ERX6700410"	"ERP132577"	"testis"	"Spermatocytes"	NA	NA	NA	"CL:0000017"	"spermatocyte"	"perfect match"	"SN115"	NA	5
"GTAACTGTCGTAGATC"	""	"ERX6700410"	"ERP132577"	"testis"	"Other_somatic"	NA	NA	NA	"CL:0002371"	"somatic cell"	"perfect match"	"SN115"	NA	2
"GTACGTAAGTGTGAAT"	""	"ERX6700410"	"ERP132577"	"testis"	"Other_somatic"	NA	NA	NA	"CL:0002371"	"somatic cell"	"perfect match"	"SN115"	NA	2
"GTACGTACACAACGCC"	""	"ERX6700410"	"ERP132577"	"testis"	"Round_spermatids"	NA	NA	NA	"CL:4030036"	"early spermatid"	"perfect match"	"SN115"	NA	1
"GTACGTACACGCATCG"	""	"ERX6700410"	"ERP132577"	"testis"	"Elongated_spermatids"	NA	NA	NA	"CL:4030037"	"late spermatid"	"perfect match"	"SN115"	NA	4
"GTACGTACATGTCCTC"	""	"ERX6700410"	"ERP132577"	"testis"	"Spermatocytes"	NA	NA	NA	"CL:0000017"	"spermatocyte"	"perfect match"	"SN115"	NA	5
"GTACGTATCACGCGGT"	""	"ERX6700410"	"ERP132577"	"testis"	"Round_spermatids"	NA	NA	NA	"CL:4030036"	"early spermatid"	"perfect match"	"SN115"	NA	1
"GTACTCCAGCAATATG"	""	"ERX6700410"	"ERP132577"	"testis"	"Elongated_spermatids"	NA	NA	NA	"CL:4030037"	"late spermatid"	"perfect match"	"SN115"	NA	4
"GTACTCCCACTACAGT"	""	"ERX6700410"	"ERP132577"	"testis"	"Other_somatic"	NA	NA	NA	"CL:0002371"	"somatic cell"	"perfect match"	"SN115"	NA	2
"GTACTCCTCCCTTGCA"	""	"ERX6700410"	"ERP132577"	"testis"	"Round_spermatids"	NA	NA	NA	"CL:4030036"	"early spermatid"	"perfect match"	"SN115"	NA	1
"GTACTCCTCCGTCAAA"	""	"ERX6700410"	"ERP132577"	"testis"	"Round_spermatids"	NA	NA	NA	"CL:4030036"	"early spermatid"	"perfect match"	"SN115"	NA	1
"GTACTCCTCGACCAGC"	""	"ERX6700410"	"ERP132577"	"testis"	"Spermatocytes"	NA	NA	NA	"CL:0000017"	"spermatocyte"	"perfect match"	"SN115"	NA	5
"GTACTCCTCGGAATCT"	""	"ERX6700410"	"ERP132577"	"testis"	"Other_somatic"	NA	NA	NA	"CL:0002371"	"somatic cell"	"perfect match"	"SN115"	NA	2
"GTACTTTAGACAATAC"	""	"ERX6700410"	"ERP132577"	"testis"	"Round_spermatids"	NA	NA	NA	"CL:4030036"	"early spermatid"	"perfect match"	"SN115"	NA	1
"GTACTTTAGCAGACTG"	""	"ERX6700410"	"ERP132577"	"testis"	"Elongated_spermatids"	NA	NA	NA	"CL:4030037"	"late spermatid"	"perfect match"	"SN115"	NA	4
"GTACTTTAGCTTTGGT"	""	"ERX6700410"	"ERP132577"	"testis"	"Elongated_spermatids"	NA	NA	NA	"CL:4030037"	"late spermatid"	"perfect match"	"SN115"	NA	4
"GTACTTTGTGTTCGAT"	""	"ERX6700410"	"ERP132577"	"testis"	"Round_spermatids"	NA	NA	NA	"CL:4030036"	"early spermatid"	"perfect match"	"SN115"	NA	1
"GTACTTTTCAGAGCTT"	""	"ERX6700410"	"ERP132577"	"testis"	"Round_spermatids"	NA	NA	NA	"CL:4030036"	"early spermatid"	"perfect match"	"SN115"	NA	1
"GTACTTTTCCGTCATC"	""	"ERX6700410"	"ERP132577"	"testis"	"Other_somatic"	NA	NA	NA	"CL:0002371"	"somatic cell"	"perfect match"	"SN115"	NA	2
"GTAGGCCAGCCAGGAT"	""	"ERX6700410"	"ERP132577"	"testis"	"Sertoli"	NA	NA	NA	"CL:0000216"	"Sertoli cell"	"perfect match"	"SN115"	NA	3
"GTAGGCCGTCTTGCGG"	""	"ERX6700410"	"ERP132577"	"testis"	"Other_somatic"	NA	NA	NA	"CL:0002371"	"somatic cell"	"perfect match"	"SN115"	NA	2
"GTAGGCCGTGACAAAT"	""	"ERX6700410"	"ERP132577"	"testis"	"Other_somatic"	NA	NA	NA	"CL:0002371"	"somatic cell"	"perfect match"	"SN115"	NA	2
"GTAGGCCTCAAGATCC"	""	"ERX6700410"	"ERP132577"	"testis"	"Other_somatic"	NA	NA	NA	"CL:0002371"	"somatic cell"	"perfect match"	"SN115"	NA	2
"GTAGGCCTCCGTCAAA"	""	"ERX6700410"	"ERP132577"	"testis"	"Round_spermatids"	NA	NA	NA	"CL:4030036"	"early spermatid"	"perfect match"	"SN115"	NA	1
"GTAGGCCTCGGTCCGA"	""	"ERX6700410"	"ERP132577"	"testis"	"Sertoli"	NA	NA	NA	"CL:0000216"	"Sertoli cell"	"perfect match"	"SN115"	NA	3
"GTAGTCAAGATCTGCT"	""	"ERX6700410"	"ERP132577"	"testis"	"Other_somatic"	NA	NA	NA	"CL:0002371"	"somatic cell"	"perfect match"	"SN115"	NA	2
"GTAGTCAAGCCAACAG"	""	"ERX6700410"	"ERP132577"	"testis"	"Round_spermatids"	NA	NA	NA	"CL:4030036"	"early spermatid"	"perfect match"	"SN115"	NA	1
"GTAGTCACACATCCAA"	""	"ERX6700410"	"ERP132577"	"testis"	"Round_spermatids"	NA	NA	NA	"CL:4030036"	"early spermatid"	"perfect match"	"SN115"	NA	1
"GTAGTCACATGGGACA"	""	"ERX6700410"	"ERP132577"	"testis"	"Other_somatic"	NA	NA	NA	"CL:0002371"	"somatic cell"	"perfect match"	"SN115"	NA	2
"GTAGTCAGTCAACTGT"	""	"ERX6700410"	"ERP132577"	"testis"	"Round_spermatids"	NA	NA	NA	"CL:4030036"	"early spermatid"	"perfect match"	"SN115"	NA	1
"GTAGTCAGTTCGAATC"	""	"ERX6700410"	"ERP132577"	"testis"	"Other_somatic"	NA	NA	NA	"CL:0002371"	"somatic cell"	"perfect match"	"SN115"	NA	2
"GTAGTCATCACGGTTA"	""	"ERX6700410"	"ERP132577"	"testis"	"Elongated_spermatids"	NA	NA	NA	"CL:4030037"	"late spermatid"	"perfect match"	"SN115"	NA	4
"GTAGTCATCGATAGAA"	""	"ERX6700410"	"ERP132577"	"testis"	"Elongated_spermatids"	NA	NA	NA	"CL:4030037"	"late spermatid"	"perfect match"	"SN115"	NA	4
"GTATCTTAGGTGTTAA"	""	"ERX6700410"	"ERP132577"	"testis"	"Round_spermatids"	NA	NA	NA	"CL:4030036"	"early spermatid"	"perfect match"	"SN115"	NA	1
"GTATCTTAGTTGTAGA"	""	"ERX6700410"	"ERP132577"	"testis"	"Other_somatic"	NA	NA	NA	"CL:0002371"	"somatic cell"	"perfect match"	"SN115"	NA	2
"GTATCTTCATTACGAC"	""	"ERX6700410"	"ERP132577"	"testis"	"Elongated_spermatids"	NA	NA	NA	"CL:4030037"	"late spermatid"	"perfect match"	"SN115"	NA	4
"GTATCTTTCAGGTTCA"	""	"ERX6700410"	"ERP132577"	"testis"	"Round_spermatids"	NA	NA	NA	"CL:4030036"	"early spermatid"	"perfect match"	"SN115"	NA	1
"GTATCTTTCCAACCAA"	""	"ERX6700410"	"ERP132577"	"testis"	"Other_somatic"	NA	NA	NA	"CL:0002371"	"somatic cell"	"perfect match"	"SN115"	NA	2
"GTATCTTTCGATCCCT"	""	"ERX6700410"	"ERP132577"	"testis"	"Elongated_spermatids"	NA	NA	NA	"CL:4030037"	"late spermatid"	"perfect match"	"SN115"	NA	4
"GTATCTTTCGGCTACG"	""	"ERX6700410"	"ERP132577"	"testis"	"Other_somatic"	NA	NA	NA	"CL:0002371"	"somatic cell"	"perfect match"	"SN115"	NA	2
"GTATCTTTCTTGAGAC"	""	"ERX6700410"	"ERP132577"	"testis"	"Round_spermatids"	NA	NA	NA	"CL:4030036"	"early spermatid"	"perfect match"	"SN115"	NA	1
"GTATTCTAGAACTGTA"	""	"ERX6700410"	"ERP132577"	"testis"	"Elongated_spermatids"	NA	NA	NA	"CL:4030037"	"late spermatid"	"perfect match"	"SN115"	NA	4
"GTATTCTAGACATAAC"	""	"ERX6700410"	"ERP132577"	"testis"	"Round_spermatids"	NA	NA	NA	"CL:4030036"	"early spermatid"	"perfect match"	"SN115"	NA	1
"GTATTCTCAAGTAGTA"	""	"ERX6700410"	"ERP132577"	"testis"	"Elongated_spermatids"	NA	NA	NA	"CL:4030037"	"late spermatid"	"perfect match"	"SN115"	NA	4
"GTATTCTCAGCTCCGA"	""	"ERX6700410"	"ERP132577"	"testis"	"Other_somatic"	NA	NA	NA	"CL:0002371"	"somatic cell"	"perfect match"	"SN115"	NA	2
"GTATTCTCATCACGTA"	""	"ERX6700410"	"ERP132577"	"testis"	"Round_spermatids"	NA	NA	NA	"CL:4030036"	"early spermatid"	"perfect match"	"SN115"	NA	1
"GTATTCTGTGAACCTT"	""	"ERX6700410"	"ERP132577"	"testis"	"Other_somatic"	NA	NA	NA	"CL:0002371"	"somatic cell"	"perfect match"	"SN115"	NA	2
"GTATTCTTCATCGCTC"	""	"ERX6700410"	"ERP132577"	"testis"	"Other_somatic"	NA	NA	NA	"CL:0002371"	"somatic cell"	"perfect match"	"SN115"	NA	2
"GTATTCTTCGATCCCT"	""	"ERX6700410"	"ERP132577"	"testis"	"Elongated_spermatids"	NA	NA	NA	"CL:4030037"	"late spermatid"	"perfect match"	"SN115"	NA	4
"GTATTCTTCGTTTAGG"	""	"ERX6700410"	"ERP132577"	"testis"	"Other_somatic"	NA	NA	NA	"CL:0002371"	"somatic cell"	"perfect match"	"SN115"	NA	2
"GTCAAGTCACATTTCT"	""	"ERX6700410"	"ERP132577"	"testis"	"Elongated_spermatids"	NA	NA	NA	"CL:4030037"	"late spermatid"	"perfect match"	"SN115"	NA	4
"GTCAAGTCACCACCAG"	""	"ERX6700410"	"ERP132577"	"testis"	"Other_somatic"	NA	NA	NA	"CL:0002371"	"somatic cell"	"perfect match"	"SN115"	NA	2
"GTCAAGTCACGCATCG"	""	"ERX6700410"	"ERP132577"	"testis"	"Other_somatic"	NA	NA	NA	"CL:0002371"	"somatic cell"	"perfect match"	"SN115"	NA	2
"GTCAAGTCATACCATG"	""	"ERX6700410"	"ERP132577"	"testis"	"Elongated_spermatids"	NA	NA	NA	"CL:4030037"	"late spermatid"	"perfect match"	"SN115"	NA	4
"GTCAAGTCATATGGTC"	""	"ERX6700410"	"ERP132577"	"testis"	"Round_spermatids"	NA	NA	NA	"CL:4030036"	"early spermatid"	"perfect match"	"SN115"	NA	1
"GTCAAGTTCACAATGC"	""	"ERX6700410"	"ERP132577"	"testis"	"Round_spermatids"	NA	NA	NA	"CL:4030036"	"early spermatid"	"perfect match"	"SN115"	NA	1
"GTCAAGTTCATAGCAC"	""	"ERX6700410"	"ERP132577"	"testis"	"Elongated_spermatids"	NA	NA	NA	"CL:4030037"	"late spermatid"	"perfect match"	"SN115"	NA	4
"GTCAAGTTCATGTCCC"	""	"ERX6700410"	"ERP132577"	"testis"	"Elongated_spermatids"	NA	NA	NA	"CL:4030037"	"late spermatid"	"perfect match"	"SN115"	NA	4
"GTCACAAAGAAGGTGA"	""	"ERX6700410"	"ERP132577"	"testis"	"Spermatogonia"	NA	NA	NA	"CL:0000020"	"spermatogonium"	"perfect match"	"SN115"	NA	6
"GTCACAATCATGTGGT"	""	"ERX6700410"	"ERP132577"	"testis"	"Other_somatic"	NA	NA	NA	"CL:0002371"	"somatic cell"	"perfect match"	"SN115"	NA	2
"GTCACGGAGGCATGGT"	""	"ERX6700410"	"ERP132577"	"testis"	"Round_spermatids"	NA	NA	NA	"CL:4030036"	"early spermatid"	"perfect match"	"SN115"	NA	1
"GTCACGGCAGTCAGCC"	""	"ERX6700410"	"ERP132577"	"testis"	"Other_somatic"	NA	NA	NA	"CL:0002371"	"somatic cell"	"perfect match"	"SN115"	NA	2
"GTCACGGGTCTTGATG"	""	"ERX6700410"	"ERP132577"	"testis"	"Elongated_spermatids"	NA	NA	NA	"CL:4030037"	"late spermatid"	"perfect match"	"SN115"	NA	4
"GTCACGGTCTATCCCG"	""	"ERX6700410"	"ERP132577"	"testis"	"Elongated_spermatids"	NA	NA	NA	"CL:4030037"	"late spermatid"	"perfect match"	"SN115"	NA	4
"GTCACGGTCTCTAGGA"	""	"ERX6700410"	"ERP132577"	"testis"	"Spermatogonia"	NA	NA	NA	"CL:0000020"	"spermatogonium"	"perfect match"	"SN115"	NA	6
"GTCATTTAGTGAATTG"	""	"ERX6700410"	"ERP132577"	"testis"	"Round_spermatids"	NA	NA	NA	"CL:4030036"	"early spermatid"	"perfect match"	"SN115"	NA	1
"GTCATTTCAGCCTTTC"	""	"ERX6700410"	"ERP132577"	"testis"	"Round_spermatids"	NA	NA	NA	"CL:4030036"	"early spermatid"	"perfect match"	"SN115"	NA	1
"GTCATTTCATAGACTC"	""	"ERX6700410"	"ERP132577"	"testis"	"Elongated_spermatids"	NA	NA	NA	"CL:4030037"	"late spermatid"	"perfect match"	"SN115"	NA	4
"GTCATTTGTTGCGCAC"	""	"ERX6700410"	"ERP132577"	"testis"	"Round_spermatids"	NA	NA	NA	"CL:4030036"	"early spermatid"	"perfect match"	"SN115"	NA	1
"GTCATTTTCGTAGATC"	""	"ERX6700410"	"ERP132577"	"testis"	"Other_somatic"	NA	NA	NA	"CL:0002371"	"somatic cell"	"perfect match"	"SN115"	NA	2
"GTCCTCAAGGGAAACA"	""	"ERX6700410"	"ERP132577"	"testis"	"Sertoli"	NA	NA	NA	"CL:0000216"	"Sertoli cell"	"perfect match"	"SN115"	NA	3
"GTCCTCACAATAACGA"	""	"ERX6700410"	"ERP132577"	"testis"	"Other_somatic"	NA	NA	NA	"CL:0002371"	"somatic cell"	"perfect match"	"SN115"	NA	2
"GTCCTCACACTTACGA"	""	"ERX6700410"	"ERP132577"	"testis"	"Elongated_spermatids"	NA	NA	NA	"CL:4030037"	"late spermatid"	"perfect match"	"SN115"	NA	4
"GTCCTCACACTTCGAA"	""	"ERX6700410"	"ERP132577"	"testis"	"Elongated_spermatids"	NA	NA	NA	"CL:4030037"	"late spermatid"	"perfect match"	"SN115"	NA	4
"GTCCTCACAGTAACGG"	""	"ERX6700410"	"ERP132577"	"testis"	"Other_somatic"	NA	NA	NA	"CL:0002371"	"somatic cell"	"perfect match"	"SN115"	NA	2
"GTCCTCAGTGCCTTGG"	""	"ERX6700410"	"ERP132577"	"testis"	"Elongated_spermatids"	NA	NA	NA	"CL:4030037"	"late spermatid"	"perfect match"	"SN115"	NA	4
"GTCCTCAGTGGTCTCG"	""	"ERX6700410"	"ERP132577"	"testis"	"Other_somatic"	NA	NA	NA	"CL:0002371"	"somatic cell"	"perfect match"	"SN115"	NA	2
"GTCCTCAGTTCGCTAA"	""	"ERX6700410"	"ERP132577"	"testis"	"Sertoli"	NA	NA	NA	"CL:0000216"	"Sertoli cell"	"perfect match"	"SN115"	NA	3
"GTCCTCAGTTGAGGTG"	""	"ERX6700410"	"ERP132577"	"testis"	"Elongated_spermatids"	NA	NA	NA	"CL:4030037"	"late spermatid"	"perfect match"	"SN115"	NA	4
"GTCCTCATCATGCTCC"	""	"ERX6700410"	"ERP132577"	"testis"	"Elongated_spermatids"	NA	NA	NA	"CL:4030037"	"late spermatid"	"perfect match"	"SN115"	NA	4
"GTCGGGTGTCATTAGC"	""	"ERX6700410"	"ERP132577"	"testis"	"Other_somatic"	NA	NA	NA	"CL:0002371"	"somatic cell"	"perfect match"	"SN115"	NA	2
"GTCGGGTTCGGCCGAT"	""	"ERX6700410"	"ERP132577"	"testis"	"Spermatocytes"	NA	NA	NA	"CL:0000017"	"spermatocyte"	"perfect match"	"SN115"	NA	5
"GTCGGGTTCTCGAGTA"	""	"ERX6700410"	"ERP132577"	"testis"	"Round_spermatids"	NA	NA	NA	"CL:4030036"	"early spermatid"	"perfect match"	"SN115"	NA	1
"GTCGTAACAAGGACAC"	""	"ERX6700410"	"ERP132577"	"testis"	"Round_spermatids"	NA	NA	NA	"CL:4030036"	"early spermatid"	"perfect match"	"SN115"	NA	1
"GTCGTAATCCTCATTA"	""	"ERX6700410"	"ERP132577"	"testis"	"Elongated_spermatids"	NA	NA	NA	"CL:4030037"	"late spermatid"	"perfect match"	"SN115"	NA	4
"GTCGTAATCGTCTGCT"	""	"ERX6700410"	"ERP132577"	"testis"	"Elongated_spermatids"	NA	NA	NA	"CL:4030037"	"late spermatid"	"perfect match"	"SN115"	NA	4
"GTCTCGTAGACCTTTG"	""	"ERX6700410"	"ERP132577"	"testis"	"Sertoli"	NA	NA	NA	"CL:0000216"	"Sertoli cell"	"perfect match"	"SN115"	NA	3
"GTCTCGTAGATCCCGC"	""	"ERX6700410"	"ERP132577"	"testis"	"Sertoli"	NA	NA	NA	"CL:0000216"	"Sertoli cell"	"perfect match"	"SN115"	NA	3
"GTCTCGTAGGTGGGTT"	""	"ERX6700410"	"ERP132577"	"testis"	"Spermatogonia"	NA	NA	NA	"CL:0000020"	"spermatogonium"	"perfect match"	"SN115"	NA	6
"GTCTCGTCACTACAGT"	""	"ERX6700410"	"ERP132577"	"testis"	"Other_somatic"	NA	NA	NA	"CL:0002371"	"somatic cell"	"perfect match"	"SN115"	NA	2
"GTCTCGTCATGACGGA"	""	"ERX6700410"	"ERP132577"	"testis"	"Round_spermatids"	NA	NA	NA	"CL:4030036"	"early spermatid"	"perfect match"	"SN115"	NA	1
"GTCTCGTGTAATAGCA"	""	"ERX6700410"	"ERP132577"	"testis"	"Round_spermatids"	NA	NA	NA	"CL:4030036"	"early spermatid"	"perfect match"	"SN115"	NA	1
"GTCTCGTGTCAAACTC"	""	"ERX6700410"	"ERP132577"	"testis"	"Round_spermatids"	NA	NA	NA	"CL:4030036"	"early spermatid"	"perfect match"	"SN115"	NA	1
"GTCTCGTTCGAACTGT"	""	"ERX6700410"	"ERP132577"	"testis"	"Other_somatic"	NA	NA	NA	"CL:0002371"	"somatic cell"	"perfect match"	"SN115"	NA	2
"GTCTCGTTCTGCTTGC"	""	"ERX6700410"	"ERP132577"	"testis"	"Round_spermatids"	NA	NA	NA	"CL:4030036"	"early spermatid"	"perfect match"	"SN115"	NA	1
"GTCTTCGAGATCCCGC"	""	"ERX6700410"	"ERP132577"	"testis"	"Elongated_spermatids"	NA	NA	NA	"CL:4030037"	"late spermatid"	"perfect match"	"SN115"	NA	4
"GTCTTCGCACAAGACG"	""	"ERX6700410"	"ERP132577"	"testis"	"Round_spermatids"	NA	NA	NA	"CL:4030036"	"early spermatid"	"perfect match"	"SN115"	NA	1
"GTCTTCGCAGTTCATG"	""	"ERX6700410"	"ERP132577"	"testis"	"Round_spermatids"	NA	NA	NA	"CL:4030036"	"early spermatid"	"perfect match"	"SN115"	NA	1
"GTCTTCGCATGTTGAC"	""	"ERX6700410"	"ERP132577"	"testis"	"Other_somatic"	NA	NA	NA	"CL:0002371"	"somatic cell"	"perfect match"	"SN115"	NA	2
"GTCTTCGGTGAGTATA"	""	"ERX6700410"	"ERP132577"	"testis"	"Other_somatic"	NA	NA	NA	"CL:0002371"	"somatic cell"	"perfect match"	"SN115"	NA	2
"GTCTTCGGTTCGAATC"	""	"ERX6700410"	"ERP132577"	"testis"	"Other_somatic"	NA	NA	NA	"CL:0002371"	"somatic cell"	"perfect match"	"SN115"	NA	2
"GTCTTCGGTTTCGCTC"	""	"ERX6700410"	"ERP132577"	"testis"	"Sertoli"	NA	NA	NA	"CL:0000216"	"Sertoli cell"	"perfect match"	"SN115"	NA	3
"GTCTTCGTCAGCCTAA"	""	"ERX6700410"	"ERP132577"	"testis"	"Other_somatic"	NA	NA	NA	"CL:0002371"	"somatic cell"	"perfect match"	"SN115"	NA	2
"GTCTTCGTCTGTCTCG"	""	"ERX6700410"	"ERP132577"	"testis"	"Other_somatic"	NA	NA	NA	"CL:0002371"	"somatic cell"	"perfect match"	"SN115"	NA	2
"GTGAAGGAGCTAGTTC"	""	"ERX6700410"	"ERP132577"	"testis"	"Other_somatic"	NA	NA	NA	"CL:0002371"	"somatic cell"	"perfect match"	"SN115"	NA	2
"GTGAAGGGTAGCTTGT"	""	"ERX6700410"	"ERP132577"	"testis"	"Round_spermatids"	NA	NA	NA	"CL:4030036"	"early spermatid"	"perfect match"	"SN115"	NA	1
"GTGAAGGGTTCGCGAC"	""	"ERX6700410"	"ERP132577"	"testis"	"Elongated_spermatids"	NA	NA	NA	"CL:4030037"	"late spermatid"	"perfect match"	"SN115"	NA	4
"GTGAAGGTCAACACGT"	""	"ERX6700410"	"ERP132577"	"testis"	"Elongated_spermatids"	NA	NA	NA	"CL:4030037"	"late spermatid"	"perfect match"	"SN115"	NA	4
"GTGAAGGTCCGCATCT"	""	"ERX6700410"	"ERP132577"	"testis"	"Elongated_spermatids"	NA	NA	NA	"CL:4030037"	"late spermatid"	"perfect match"	"SN115"	NA	4
"GTGAAGGTCCGCGTTT"	""	"ERX6700410"	"ERP132577"	"testis"	"Other_somatic"	NA	NA	NA	"CL:0002371"	"somatic cell"	"perfect match"	"SN115"	NA	2
"GTGAAGGTCTGAGTGT"	""	"ERX6700410"	"ERP132577"	"testis"	"Other_somatic"	NA	NA	NA	"CL:0002371"	"somatic cell"	"perfect match"	"SN115"	NA	2
"GTGCAGCAGCCACTAT"	""	"ERX6700410"	"ERP132577"	"testis"	"Other_somatic"	NA	NA	NA	"CL:0002371"	"somatic cell"	"perfect match"	"SN115"	NA	2
"GTGCAGCAGCTGATAA"	""	"ERX6700410"	"ERP132577"	"testis"	"Other_somatic"	NA	NA	NA	"CL:0002371"	"somatic cell"	"perfect match"	"SN115"	NA	2
"GTGCAGCAGTGTTTGC"	""	"ERX6700410"	"ERP132577"	"testis"	"Elongated_spermatids"	NA	NA	NA	"CL:4030037"	"late spermatid"	"perfect match"	"SN115"	NA	4
"GTGCAGCGTCGGCATC"	""	"ERX6700410"	"ERP132577"	"testis"	"Round_spermatids"	NA	NA	NA	"CL:4030036"	"early spermatid"	"perfect match"	"SN115"	NA	1
"GTGCAGCTCTATCCTA"	""	"ERX6700410"	"ERP132577"	"testis"	"Round_spermatids"	NA	NA	NA	"CL:4030036"	"early spermatid"	"perfect match"	"SN115"	NA	1
"GTGCATACAGATTGCT"	""	"ERX6700410"	"ERP132577"	"testis"	"Spermatogonia"	NA	NA	NA	"CL:0000020"	"spermatogonium"	"perfect match"	"SN115"	NA	6
"GTGCATACAGCTCGCA"	""	"ERX6700410"	"ERP132577"	"testis"	"Other_somatic"	NA	NA	NA	"CL:0002371"	"somatic cell"	"perfect match"	"SN115"	NA	2
"GTGCATACAGTTCATG"	""	"ERX6700410"	"ERP132577"	"testis"	"Round_spermatids"	NA	NA	NA	"CL:4030036"	"early spermatid"	"perfect match"	"SN115"	NA	1
"GTGCATACATACAGCT"	""	"ERX6700410"	"ERP132577"	"testis"	"Elongated_spermatids"	NA	NA	NA	"CL:4030037"	"late spermatid"	"perfect match"	"SN115"	NA	4
"GTGCATACATCAGTAC"	""	"ERX6700410"	"ERP132577"	"testis"	"Round_spermatids"	NA	NA	NA	"CL:4030036"	"early spermatid"	"perfect match"	"SN115"	NA	1
"GTGCATAGTCATATGC"	""	"ERX6700410"	"ERP132577"	"testis"	"Round_spermatids"	NA	NA	NA	"CL:4030036"	"early spermatid"	"perfect match"	"SN115"	NA	1
"GTGCATAGTTCTGGTA"	""	"ERX6700410"	"ERP132577"	"testis"	"Elongated_spermatids"	NA	NA	NA	"CL:4030037"	"late spermatid"	"perfect match"	"SN115"	NA	4
"GTGCATATCTGGCGTG"	""	"ERX6700410"	"ERP132577"	"testis"	"Other_somatic"	NA	NA	NA	"CL:0002371"	"somatic cell"	"perfect match"	"SN115"	NA	2
"GTGCGGTAGTCGCCGT"	""	"ERX6700410"	"ERP132577"	"testis"	"Sertoli"	NA	NA	NA	"CL:0000216"	"Sertoli cell"	"perfect match"	"SN115"	NA	3
"GTGCGGTAGTGCAAGC"	""	"ERX6700410"	"ERP132577"	"testis"	"Other_somatic"	NA	NA	NA	"CL:0002371"	"somatic cell"	"perfect match"	"SN115"	NA	2
"GTGCGGTCAAGCCGTC"	""	"ERX6700410"	"ERP132577"	"testis"	"Elongated_spermatids"	NA	NA	NA	"CL:4030037"	"late spermatid"	"perfect match"	"SN115"	NA	4
"GTGCGGTGTAGTGAAT"	""	"ERX6700410"	"ERP132577"	"testis"	"Elongated_spermatids"	NA	NA	NA	"CL:4030037"	"late spermatid"	"perfect match"	"SN115"	NA	4
"GTGCGGTGTCAGAAGC"	""	"ERX6700410"	"ERP132577"	"testis"	"Other_somatic"	NA	NA	NA	"CL:0002371"	"somatic cell"	"perfect match"	"SN115"	NA	2
"GTGCGGTTCCTTAATC"	""	"ERX6700410"	"ERP132577"	"testis"	"Other_somatic"	NA	NA	NA	"CL:0002371"	"somatic cell"	"perfect match"	"SN115"	NA	2
"GTGCGGTTCTCAAACG"	""	"ERX6700410"	"ERP132577"	"testis"	"Round_spermatids"	NA	NA	NA	"CL:4030036"	"early spermatid"	"perfect match"	"SN115"	NA	1
"GTGCGGTTCTCATTCA"	""	"ERX6700410"	"ERP132577"	"testis"	"Sertoli"	NA	NA	NA	"CL:0000216"	"Sertoli cell"	"perfect match"	"SN115"	NA	3
"GTGCTTCAGCCTTGAT"	""	"ERX6700410"	"ERP132577"	"testis"	"Round_spermatids"	NA	NA	NA	"CL:4030036"	"early spermatid"	"perfect match"	"SN115"	NA	1
"GTGCTTCAGGACAGCT"	""	"ERX6700410"	"ERP132577"	"testis"	"Other_somatic"	NA	NA	NA	"CL:0002371"	"somatic cell"	"perfect match"	"SN115"	NA	2
"GTGCTTCAGGATGCGT"	""	"ERX6700410"	"ERP132577"	"testis"	"Other_somatic"	NA	NA	NA	"CL:0002371"	"somatic cell"	"perfect match"	"SN115"	NA	2
"GTGCTTCCAATCTACG"	""	"ERX6700410"	"ERP132577"	"testis"	"Other_somatic"	NA	NA	NA	"CL:0002371"	"somatic cell"	"perfect match"	"SN115"	NA	2
"GTGCTTCCACAAGACG"	""	"ERX6700410"	"ERP132577"	"testis"	"Other_somatic"	NA	NA	NA	"CL:0002371"	"somatic cell"	"perfect match"	"SN115"	NA	2
"GTGCTTCCACGAAGCA"	""	"ERX6700410"	"ERP132577"	"testis"	"Elongated_spermatids"	NA	NA	NA	"CL:4030037"	"late spermatid"	"perfect match"	"SN115"	NA	4
"GTGCTTCCAGACAAGC"	""	"ERX6700410"	"ERP132577"	"testis"	"Elongated_spermatids"	NA	NA	NA	"CL:4030037"	"late spermatid"	"perfect match"	"SN115"	NA	4
"GTGCTTCCATTAGCCA"	""	"ERX6700410"	"ERP132577"	"testis"	"Round_spermatids"	NA	NA	NA	"CL:4030036"	"early spermatid"	"perfect match"	"SN115"	NA	1
"GTGCTTCGTACTTGAC"	""	"ERX6700410"	"ERP132577"	"testis"	"Other_somatic"	NA	NA	NA	"CL:0002371"	"somatic cell"	"perfect match"	"SN115"	NA	2
"GTGCTTCGTCTCTTAT"	""	"ERX6700410"	"ERP132577"	"testis"	"Other_somatic"	NA	NA	NA	"CL:0002371"	"somatic cell"	"perfect match"	"SN115"	NA	2
"GTGCTTCGTGTTTGGT"	""	"ERX6700410"	"ERP132577"	"testis"	"Round_spermatids"	NA	NA	NA	"CL:4030036"	"early spermatid"	"perfect match"	"SN115"	NA	1
"GTGCTTCGTTCACGGC"	""	"ERX6700410"	"ERP132577"	"testis"	"Other_somatic"	NA	NA	NA	"CL:0002371"	"somatic cell"	"perfect match"	"SN115"	NA	2
"GTGCTTCTCCAGAGGA"	""	"ERX6700410"	"ERP132577"	"testis"	"Spermatocytes"	NA	NA	NA	"CL:0000017"	"spermatocyte"	"perfect match"	"SN115"	NA	5
"GTGCTTCTCGTTACAG"	""	"ERX6700410"	"ERP132577"	"testis"	"Sertoli"	NA	NA	NA	"CL:0000216"	"Sertoli cell"	"perfect match"	"SN115"	NA	3
"GTGCTTCTCTAAGCCA"	""	"ERX6700410"	"ERP132577"	"testis"	"Round_spermatids"	NA	NA	NA	"CL:4030036"	"early spermatid"	"perfect match"	"SN115"	NA	1
"GTGGGTCAGACATAAC"	""	"ERX6700410"	"ERP132577"	"testis"	"Sertoli"	NA	NA	NA	"CL:0000216"	"Sertoli cell"	"perfect match"	"SN115"	NA	3
"GTGGGTCAGCCAACAG"	""	"ERX6700410"	"ERP132577"	"testis"	"Spermatocytes"	NA	NA	NA	"CL:0000017"	"spermatocyte"	"perfect match"	"SN115"	NA	5
"GTGGGTCAGCCGGTAA"	""	"ERX6700410"	"ERP132577"	"testis"	"Other_somatic"	NA	NA	NA	"CL:0002371"	"somatic cell"	"perfect match"	"SN115"	NA	2
"GTGGGTCAGCTACCGC"	""	"ERX6700410"	"ERP132577"	"testis"	"Elongated_spermatids"	NA	NA	NA	"CL:4030037"	"late spermatid"	"perfect match"	"SN115"	NA	4
"GTGGGTCCAGTGAGTG"	""	"ERX6700410"	"ERP132577"	"testis"	"Round_spermatids"	NA	NA	NA	"CL:4030036"	"early spermatid"	"perfect match"	"SN115"	NA	1
"GTGGGTCGTCTGATCA"	""	"ERX6700410"	"ERP132577"	"testis"	"Other_somatic"	NA	NA	NA	"CL:0002371"	"somatic cell"	"perfect match"	"SN115"	NA	2
"GTGGGTCGTGTGAATA"	""	"ERX6700410"	"ERP132577"	"testis"	"Round_spermatids"	NA	NA	NA	"CL:4030036"	"early spermatid"	"perfect match"	"SN115"	NA	1
"GTGGGTCTCCCATTAT"	""	"ERX6700410"	"ERP132577"	"testis"	"Sertoli"	NA	NA	NA	"CL:0000216"	"Sertoli cell"	"perfect match"	"SN115"	NA	3
"GTGTGCGAGAACTGTA"	""	"ERX6700410"	"ERP132577"	"testis"	"Other_somatic"	NA	NA	NA	"CL:0002371"	"somatic cell"	"perfect match"	"SN115"	NA	2
"GTGTGCGAGATGGGTC"	""	"ERX6700410"	"ERP132577"	"testis"	"Round_spermatids"	NA	NA	NA	"CL:4030036"	"early spermatid"	"perfect match"	"SN115"	NA	1
"GTGTGCGCATCCTTGC"	""	"ERX6700410"	"ERP132577"	"testis"	"Other_somatic"	NA	NA	NA	"CL:0002371"	"somatic cell"	"perfect match"	"SN115"	NA	2
"GTGTGCGCATTAACCG"	""	"ERX6700410"	"ERP132577"	"testis"	"Elongated_spermatids"	NA	NA	NA	"CL:4030037"	"late spermatid"	"perfect match"	"SN115"	NA	4
"GTGTGCGGTAAGGATT"	""	"ERX6700410"	"ERP132577"	"testis"	"Sertoli"	NA	NA	NA	"CL:0000216"	"Sertoli cell"	"perfect match"	"SN115"	NA	3
"GTGTGCGGTAAGTTCC"	""	"ERX6700410"	"ERP132577"	"testis"	"Other_somatic"	NA	NA	NA	"CL:0002371"	"somatic cell"	"perfect match"	"SN115"	NA	2
"GTGTGCGGTCTTTCAT"	""	"ERX6700410"	"ERP132577"	"testis"	"Sertoli"	NA	NA	NA	"CL:0000216"	"Sertoli cell"	"perfect match"	"SN115"	NA	3
"GTGTGCGTCAGTGCAT"	""	"ERX6700410"	"ERP132577"	"testis"	"Other_somatic"	NA	NA	NA	"CL:0002371"	"somatic cell"	"perfect match"	"SN115"	NA	2
"GTGTTAGAGATGGGTC"	""	"ERX6700410"	"ERP132577"	"testis"	"Other_somatic"	NA	NA	NA	"CL:0002371"	"somatic cell"	"perfect match"	"SN115"	NA	2
"GTGTTAGAGCTGTTCA"	""	"ERX6700410"	"ERP132577"	"testis"	"Other_somatic"	NA	NA	NA	"CL:0002371"	"somatic cell"	"perfect match"	"SN115"	NA	2
"GTGTTAGCACCCTATC"	""	"ERX6700410"	"ERP132577"	"testis"	"Elongated_spermatids"	NA	NA	NA	"CL:4030037"	"late spermatid"	"perfect match"	"SN115"	NA	4
"GTGTTAGCAGCATGAG"	""	"ERX6700410"	"ERP132577"	"testis"	"Sertoli"	NA	NA	NA	"CL:0000216"	"Sertoli cell"	"perfect match"	"SN115"	NA	3
"GTGTTAGCAGGCTGAA"	""	"ERX6700410"	"ERP132577"	"testis"	"Round_spermatids"	NA	NA	NA	"CL:4030036"	"early spermatid"	"perfect match"	"SN115"	NA	1
"GTGTTAGCATAACCTG"	""	"ERX6700410"	"ERP132577"	"testis"	"Elongated_spermatids"	NA	NA	NA	"CL:4030037"	"late spermatid"	"perfect match"	"SN115"	NA	4
"GTGTTAGTCGACGGAA"	""	"ERX6700410"	"ERP132577"	"testis"	"Round_spermatids"	NA	NA	NA	"CL:4030036"	"early spermatid"	"perfect match"	"SN115"	NA	1
"GTTAAGCAGAGGTTGC"	""	"ERX6700410"	"ERP132577"	"testis"	"Other_somatic"	NA	NA	NA	"CL:0002371"	"somatic cell"	"perfect match"	"SN115"	NA	2
"GTTAAGCAGCTCCCAG"	""	"ERX6700410"	"ERP132577"	"testis"	"Round_spermatids"	NA	NA	NA	"CL:4030036"	"early spermatid"	"perfect match"	"SN115"	NA	1
"GTTAAGCCAAACGCGA"	""	"ERX6700410"	"ERP132577"	"testis"	"Elongated_spermatids"	NA	NA	NA	"CL:4030037"	"late spermatid"	"perfect match"	"SN115"	NA	4
"GTTAAGCGTACAAGTA"	""	"ERX6700410"	"ERP132577"	"testis"	"Elongated_spermatids"	NA	NA	NA	"CL:4030037"	"late spermatid"	"perfect match"	"SN115"	NA	4
"GTTAAGCGTGCAACGA"	""	"ERX6700410"	"ERP132577"	"testis"	"Round_spermatids"	NA	NA	NA	"CL:4030036"	"early spermatid"	"perfect match"	"SN115"	NA	1
"GTTAAGCGTGGTGTAG"	""	"ERX6700410"	"ERP132577"	"testis"	"Sertoli"	NA	NA	NA	"CL:0000216"	"Sertoli cell"	"perfect match"	"SN115"	NA	3
"GTTAAGCGTTTCCACC"	""	"ERX6700410"	"ERP132577"	"testis"	"Elongated_spermatids"	NA	NA	NA	"CL:4030037"	"late spermatid"	"perfect match"	"SN115"	NA	4
"GTTAAGCTCGTTACAG"	""	"ERX6700410"	"ERP132577"	"testis"	"Round_spermatids"	NA	NA	NA	"CL:4030036"	"early spermatid"	"perfect match"	"SN115"	NA	1
"GTTACAGAGATGTTAG"	""	"ERX6700410"	"ERP132577"	"testis"	"Elongated_spermatids"	NA	NA	NA	"CL:4030037"	"late spermatid"	"perfect match"	"SN115"	NA	4
"GTTACAGCAAAGGAAG"	""	"ERX6700410"	"ERP132577"	"testis"	"Round_spermatids"	NA	NA	NA	"CL:4030036"	"early spermatid"	"perfect match"	"SN115"	NA	1
"GTTACAGCACTATCTT"	""	"ERX6700410"	"ERP132577"	"testis"	"Elongated_spermatids"	NA	NA	NA	"CL:4030037"	"late spermatid"	"perfect match"	"SN115"	NA	4
"GTTACAGTCTGCTGTC"	""	"ERX6700410"	"ERP132577"	"testis"	"Round_spermatids"	NA	NA	NA	"CL:4030036"	"early spermatid"	"perfect match"	"SN115"	NA	1
"GTTCATTAGCCTTGAT"	""	"ERX6700410"	"ERP132577"	"testis"	"Elongated_spermatids"	NA	NA	NA	"CL:4030037"	"late spermatid"	"perfect match"	"SN115"	NA	4
"GTTCATTAGGCCATAG"	""	"ERX6700410"	"ERP132577"	"testis"	"Elongated_spermatids"	NA	NA	NA	"CL:4030037"	"late spermatid"	"perfect match"	"SN115"	NA	4
"GTTCATTAGGCGACAT"	""	"ERX6700410"	"ERP132577"	"testis"	"Spermatocytes"	NA	NA	NA	"CL:0000017"	"spermatocyte"	"perfect match"	"SN115"	NA	5
"GTTCATTAGTCCGTAT"	""	"ERX6700410"	"ERP132577"	"testis"	"Round_spermatids"	NA	NA	NA	"CL:4030036"	"early spermatid"	"perfect match"	"SN115"	NA	1
"GTTCATTAGTGTCCCG"	""	"ERX6700410"	"ERP132577"	"testis"	"Spermatogonia"	NA	NA	NA	"CL:0000020"	"spermatogonium"	"perfect match"	"SN115"	NA	6
"GTTCATTCAGGGTACA"	""	"ERX6700410"	"ERP132577"	"testis"	"Other_somatic"	NA	NA	NA	"CL:0002371"	"somatic cell"	"perfect match"	"SN115"	NA	2
"GTTCATTCATCGTCGG"	""	"ERX6700410"	"ERP132577"	"testis"	"Elongated_spermatids"	NA	NA	NA	"CL:4030037"	"late spermatid"	"perfect match"	"SN115"	NA	4
"GTTCATTGTGAGTGAC"	""	"ERX6700410"	"ERP132577"	"testis"	"Other_somatic"	NA	NA	NA	"CL:0002371"	"somatic cell"	"perfect match"	"SN115"	NA	2
"GTTCATTGTTATGTGC"	""	"ERX6700410"	"ERP132577"	"testis"	"Sertoli"	NA	NA	NA	"CL:0000216"	"Sertoli cell"	"perfect match"	"SN115"	NA	3
"GTTCATTGTTGGACCC"	""	"ERX6700410"	"ERP132577"	"testis"	"Round_spermatids"	NA	NA	NA	"CL:4030036"	"early spermatid"	"perfect match"	"SN115"	NA	1
"GTTCGGGTCAGGTAAA"	""	"ERX6700410"	"ERP132577"	"testis"	"Spermatogonia"	NA	NA	NA	"CL:0000020"	"spermatogonium"	"perfect match"	"SN115"	NA	6
"GTTCGGGTCGCTAGCG"	""	"ERX6700410"	"ERP132577"	"testis"	"Sertoli"	NA	NA	NA	"CL:0000216"	"Sertoli cell"	"perfect match"	"SN115"	NA	3
"GTTCGGGTCTAGCACA"	""	"ERX6700410"	"ERP132577"	"testis"	"Round_spermatids"	NA	NA	NA	"CL:4030036"	"early spermatid"	"perfect match"	"SN115"	NA	1
"GTTCTCGCATCCAACA"	""	"ERX6700410"	"ERP132577"	"testis"	"Elongated_spermatids"	NA	NA	NA	"CL:4030037"	"late spermatid"	"perfect match"	"SN115"	NA	4
"GTTCTCGCATCTCGCT"	""	"ERX6700410"	"ERP132577"	"testis"	"Sertoli"	NA	NA	NA	"CL:0000216"	"Sertoli cell"	"perfect match"	"SN115"	NA	3
"GTTCTCGCATTCCTGC"	""	"ERX6700410"	"ERP132577"	"testis"	"Elongated_spermatids"	NA	NA	NA	"CL:4030037"	"late spermatid"	"perfect match"	"SN115"	NA	4
"GTTCTCGGTCTCTTTA"	""	"ERX6700410"	"ERP132577"	"testis"	"Round_spermatids"	NA	NA	NA	"CL:4030036"	"early spermatid"	"perfect match"	"SN115"	NA	1
"GTTCTCGTCAGGTTCA"	""	"ERX6700410"	"ERP132577"	"testis"	"Other_somatic"	NA	NA	NA	"CL:0002371"	"somatic cell"	"perfect match"	"SN115"	NA	2
"GTTCTCGTCGGCATCG"	""	"ERX6700410"	"ERP132577"	"testis"	"Round_spermatids"	NA	NA	NA	"CL:4030036"	"early spermatid"	"perfect match"	"SN115"	NA	1
"GTTTCTAAGATACACA"	""	"ERX6700410"	"ERP132577"	"testis"	"Sertoli"	NA	NA	NA	"CL:0000216"	"Sertoli cell"	"perfect match"	"SN115"	NA	3
"GTTTCTAAGCGTAATA"	""	"ERX6700410"	"ERP132577"	"testis"	"Other_somatic"	NA	NA	NA	"CL:0002371"	"somatic cell"	"perfect match"	"SN115"	NA	2
"GTTTCTAAGGGATCTG"	""	"ERX6700410"	"ERP132577"	"testis"	"Other_somatic"	NA	NA	NA	"CL:0002371"	"somatic cell"	"perfect match"	"SN115"	NA	2
"GTTTCTAAGTTATCGC"	""	"ERX6700410"	"ERP132577"	"testis"	"Round_spermatids"	NA	NA	NA	"CL:4030036"	"early spermatid"	"perfect match"	"SN115"	NA	1
"GTTTCTACACACAGAG"	""	"ERX6700410"	"ERP132577"	"testis"	"Round_spermatids"	NA	NA	NA	"CL:4030036"	"early spermatid"	"perfect match"	"SN115"	NA	1
"GTTTCTACATAAAGGT"	""	"ERX6700410"	"ERP132577"	"testis"	"Other_somatic"	NA	NA	NA	"CL:0002371"	"somatic cell"	"perfect match"	"SN115"	NA	2
"GTTTCTATCCATGAAC"	""	"ERX6700410"	"ERP132577"	"testis"	"Elongated_spermatids"	NA	NA	NA	"CL:4030037"	"late spermatid"	"perfect match"	"SN115"	NA	4
"GTTTCTATCGTTTATC"	""	"ERX6700410"	"ERP132577"	"testis"	"Spermatogonia"	NA	NA	NA	"CL:0000020"	"spermatogonium"	"perfect match"	"SN115"	NA	6
"TAAACCGAGTGCAAGC"	""	"ERX6700410"	"ERP132577"	"testis"	"Other_somatic"	NA	NA	NA	"CL:0002371"	"somatic cell"	"perfect match"	"SN115"	NA	2
"TAAACCGCACCAGATT"	""	"ERX6700410"	"ERP132577"	"testis"	"Other_somatic"	NA	NA	NA	"CL:0002371"	"somatic cell"	"perfect match"	"SN115"	NA	2
"TAAACCGGTCACACGC"	""	"ERX6700410"	"ERP132577"	"testis"	"Round_spermatids"	NA	NA	NA	"CL:4030036"	"early spermatid"	"perfect match"	"SN115"	NA	1
"TAAACCGGTTACGGAG"	""	"ERX6700410"	"ERP132577"	"testis"	"Other_somatic"	NA	NA	NA	"CL:0002371"	"somatic cell"	"perfect match"	"SN115"	NA	2
"TAAACCGTCAGTTTGG"	""	"ERX6700410"	"ERP132577"	"testis"	"Other_somatic"	NA	NA	NA	"CL:0002371"	"somatic cell"	"perfect match"	"SN115"	NA	2
"TAAACCGTCCGCATCT"	""	"ERX6700410"	"ERP132577"	"testis"	"Sertoli"	NA	NA	NA	"CL:0000216"	"Sertoli cell"	"perfect match"	"SN115"	NA	3
"TAAACCGTCGTCGTTC"	""	"ERX6700410"	"ERP132577"	"testis"	"Round_spermatids"	NA	NA	NA	"CL:4030036"	"early spermatid"	"perfect match"	"SN115"	NA	1
"TAAACCGTCGTCTGAA"	""	"ERX6700410"	"ERP132577"	"testis"	"Elongated_spermatids"	NA	NA	NA	"CL:4030037"	"late spermatid"	"perfect match"	"SN115"	NA	4
"TAAGAGACAGATCGGA"	""	"ERX6700410"	"ERP132577"	"testis"	"Elongated_spermatids"	NA	NA	NA	"CL:4030037"	"late spermatid"	"perfect match"	"SN115"	NA	4
"TAAGAGACAGTCACTA"	""	"ERX6700410"	"ERP132577"	"testis"	"Round_spermatids"	NA	NA	NA	"CL:4030036"	"early spermatid"	"perfect match"	"SN115"	NA	1
"TAAGAGACAGTGGGAT"	""	"ERX6700410"	"ERP132577"	"testis"	"Round_spermatids"	NA	NA	NA	"CL:4030036"	"early spermatid"	"perfect match"	"SN115"	NA	1
"TAAGAGAGTCAATGTC"	""	"ERX6700410"	"ERP132577"	"testis"	"Round_spermatids"	NA	NA	NA	"CL:4030036"	"early spermatid"	"perfect match"	"SN115"	NA	1
"TAAGAGATCTATCGCC"	""	"ERX6700410"	"ERP132577"	"testis"	"Round_spermatids"	NA	NA	NA	"CL:4030036"	"early spermatid"	"perfect match"	"SN115"	NA	1
"TAAGCGTAGAAGCCCA"	""	"ERX6700410"	"ERP132577"	"testis"	"Sertoli"	NA	NA	NA	"CL:0000216"	"Sertoli cell"	"perfect match"	"SN115"	NA	3
"TAAGCGTAGCGTGTCC"	""	"ERX6700410"	"ERP132577"	"testis"	"Other_somatic"	NA	NA	NA	"CL:0002371"	"somatic cell"	"perfect match"	"SN115"	NA	2
"TAAGCGTAGGTAGCCA"	""	"ERX6700410"	"ERP132577"	"testis"	"Elongated_spermatids"	NA	NA	NA	"CL:4030037"	"late spermatid"	"perfect match"	"SN115"	NA	4
"TAAGCGTGTAAGGGCT"	""	"ERX6700410"	"ERP132577"	"testis"	"Spermatocytes"	NA	NA	NA	"CL:0000017"	"spermatocyte"	"perfect match"	"SN115"	NA	5
"TAAGCGTTCGTATCAG"	""	"ERX6700410"	"ERP132577"	"testis"	"Elongated_spermatids"	NA	NA	NA	"CL:4030037"	"late spermatid"	"perfect match"	"SN115"	NA	4
"TAAGTGCAGAGGGCTT"	""	"ERX6700410"	"ERP132577"	"testis"	"Round_spermatids"	NA	NA	NA	"CL:4030036"	"early spermatid"	"perfect match"	"SN115"	NA	1
"TAAGTGCGTCTAGTGT"	""	"ERX6700410"	"ERP132577"	"testis"	"Other_somatic"	NA	NA	NA	"CL:0002371"	"somatic cell"	"perfect match"	"SN115"	NA	2
"TAAGTGCGTTCCAACA"	""	"ERX6700410"	"ERP132577"	"testis"	"Other_somatic"	NA	NA	NA	"CL:0002371"	"somatic cell"	"perfect match"	"SN115"	NA	2
"TAAGTGCTCATCTGTT"	""	"ERX6700410"	"ERP132577"	"testis"	"Elongated_spermatids"	NA	NA	NA	"CL:4030037"	"late spermatid"	"perfect match"	"SN115"	NA	4
"TAAGTGCTCGGTCCGA"	""	"ERX6700410"	"ERP132577"	"testis"	"Elongated_spermatids"	NA	NA	NA	"CL:4030037"	"late spermatid"	"perfect match"	"SN115"	NA	4
"TACACGAAGGTGTTAA"	""	"ERX6700410"	"ERP132577"	"testis"	"Round_spermatids"	NA	NA	NA	"CL:4030036"	"early spermatid"	"perfect match"	"SN115"	NA	1
"TACACGAGTAGCGTAG"	""	"ERX6700410"	"ERP132577"	"testis"	"Elongated_spermatids"	NA	NA	NA	"CL:4030037"	"late spermatid"	"perfect match"	"SN115"	NA	4
"TACACGAGTGTTAAGA"	""	"ERX6700410"	"ERP132577"	"testis"	"Spermatogonia"	NA	NA	NA	"CL:0000020"	"spermatogonium"	"perfect match"	"SN115"	NA	6
"TACACGATCGTGGACC"	""	"ERX6700410"	"ERP132577"	"testis"	"Elongated_spermatids"	NA	NA	NA	"CL:4030037"	"late spermatid"	"perfect match"	"SN115"	NA	4
"TACACGATCTCGTATT"	""	"ERX6700410"	"ERP132577"	"testis"	"Round_spermatids"	NA	NA	NA	"CL:4030036"	"early spermatid"	"perfect match"	"SN115"	NA	1
"TACAGTGAGCTGCAAG"	""	"ERX6700410"	"ERP132577"	"testis"	"Other_somatic"	NA	NA	NA	"CL:0002371"	"somatic cell"	"perfect match"	"SN115"	NA	2
"TACAGTGAGGTAGCCA"	""	"ERX6700410"	"ERP132577"	"testis"	"Spermatogonia"	NA	NA	NA	"CL:0000020"	"spermatogonium"	"perfect match"	"SN115"	NA	6
"TACAGTGGTATTAGCC"	""	"ERX6700410"	"ERP132577"	"testis"	"Elongated_spermatids"	NA	NA	NA	"CL:4030037"	"late spermatid"	"perfect match"	"SN115"	NA	4
"TACAGTGTCACCCTCA"	""	"ERX6700410"	"ERP132577"	"testis"	"Other_somatic"	NA	NA	NA	"CL:0002371"	"somatic cell"	"perfect match"	"SN115"	NA	2
"TACCTATAGAGTAAGG"	""	"ERX6700410"	"ERP132577"	"testis"	"Round_spermatids"	NA	NA	NA	"CL:4030036"	"early spermatid"	"perfect match"	"SN115"	NA	1
"TACCTATAGATAGGAG"	""	"ERX6700410"	"ERP132577"	"testis"	"Elongated_spermatids"	NA	NA	NA	"CL:4030037"	"late spermatid"	"perfect match"	"SN115"	NA	4
"TACCTATAGGCTAGAC"	""	"ERX6700410"	"ERP132577"	"testis"	"Round_spermatids"	NA	NA	NA	"CL:4030036"	"early spermatid"	"perfect match"	"SN115"	NA	1
"TACCTATGTACCGCTG"	""	"ERX6700410"	"ERP132577"	"testis"	"Other_somatic"	NA	NA	NA	"CL:0002371"	"somatic cell"	"perfect match"	"SN115"	NA	2
"TACCTATGTACTTAGC"	""	"ERX6700410"	"ERP132577"	"testis"	"Round_spermatids"	NA	NA	NA	"CL:4030036"	"early spermatid"	"perfect match"	"SN115"	NA	1
"TACCTATTCCAGTAGT"	""	"ERX6700410"	"ERP132577"	"testis"	"Round_spermatids"	NA	NA	NA	"CL:4030036"	"early spermatid"	"perfect match"	"SN115"	NA	1
"TACCTATTCGTGGACC"	""	"ERX6700410"	"ERP132577"	"testis"	"Elongated_spermatids"	NA	NA	NA	"CL:4030037"	"late spermatid"	"perfect match"	"SN115"	NA	4
"TACCTTAAGAAGGTGA"	""	"ERX6700410"	"ERP132577"	"testis"	"Other_somatic"	NA	NA	NA	"CL:0002371"	"somatic cell"	"perfect match"	"SN115"	NA	2
"TACCTTAAGGAGTAGA"	""	"ERX6700410"	"ERP132577"	"testis"	"Spermatogonia"	NA	NA	NA	"CL:0000020"	"spermatogonium"	"perfect match"	"SN115"	NA	6
"TACCTTACACATCCGG"	""	"ERX6700410"	"ERP132577"	"testis"	"Other_somatic"	NA	NA	NA	"CL:0002371"	"somatic cell"	"perfect match"	"SN115"	NA	2
"TACCTTACATAACCTG"	""	"ERX6700410"	"ERP132577"	"testis"	"Spermatogonia"	NA	NA	NA	"CL:0000020"	"spermatogonium"	"perfect match"	"SN115"	NA	6
"TACCTTAGTAAGTGTA"	""	"ERX6700410"	"ERP132577"	"testis"	"Other_somatic"	NA	NA	NA	"CL:0002371"	"somatic cell"	"perfect match"	"SN115"	NA	2
"TACCTTAGTACCCAAT"	""	"ERX6700410"	"ERP132577"	"testis"	"Other_somatic"	NA	NA	NA	"CL:0002371"	"somatic cell"	"perfect match"	"SN115"	NA	2
"TACCTTAGTCGAATCT"	""	"ERX6700410"	"ERP132577"	"testis"	"Other_somatic"	NA	NA	NA	"CL:0002371"	"somatic cell"	"perfect match"	"SN115"	NA	2
"TACCTTATCGCGTAGC"	""	"ERX6700410"	"ERP132577"	"testis"	"Round_spermatids"	NA	NA	NA	"CL:4030036"	"early spermatid"	"perfect match"	"SN115"	NA	1
"TACCTTATCTATCGCC"	""	"ERX6700410"	"ERP132577"	"testis"	"Round_spermatids"	NA	NA	NA	"CL:4030036"	"early spermatid"	"perfect match"	"SN115"	NA	1
"TACCTTATCTCTTGAT"	""	"ERX6700410"	"ERP132577"	"testis"	"Other_somatic"	NA	NA	NA	"CL:0002371"	"somatic cell"	"perfect match"	"SN115"	NA	2
"TACGGATAGAACAACT"	""	"ERX6700410"	"ERP132577"	"testis"	"Sertoli"	NA	NA	NA	"CL:0000216"	"Sertoli cell"	"perfect match"	"SN115"	NA	3
"TACGGATCAGCCAATT"	""	"ERX6700410"	"ERP132577"	"testis"	"Other_somatic"	NA	NA	NA	"CL:0002371"	"somatic cell"	"perfect match"	"SN115"	NA	2
"TACGGATGTAAACGCG"	""	"ERX6700410"	"ERP132577"	"testis"	"Elongated_spermatids"	NA	NA	NA	"CL:4030037"	"late spermatid"	"perfect match"	"SN115"	NA	4
"TACGGATGTAGGAGTC"	""	"ERX6700410"	"ERP132577"	"testis"	"Sertoli"	NA	NA	NA	"CL:0000216"	"Sertoli cell"	"perfect match"	"SN115"	NA	3
"TACGGATGTCCAGTGC"	""	"ERX6700410"	"ERP132577"	"testis"	"Other_somatic"	NA	NA	NA	"CL:0002371"	"somatic cell"	"perfect match"	"SN115"	NA	2
"TACGGATTCAGCAACT"	""	"ERX6700410"	"ERP132577"	"testis"	"Elongated_spermatids"	NA	NA	NA	"CL:4030037"	"late spermatid"	"perfect match"	"SN115"	NA	4
"TACGGATTCCGAAGAG"	""	"ERX6700410"	"ERP132577"	"testis"	"Round_spermatids"	NA	NA	NA	"CL:4030036"	"early spermatid"	"perfect match"	"SN115"	NA	1
"TACGGATTCGTCCGTT"	""	"ERX6700410"	"ERP132577"	"testis"	"Other_somatic"	NA	NA	NA	"CL:0002371"	"somatic cell"	"perfect match"	"SN115"	NA	2
"TACGGATTCTAGCACA"	""	"ERX6700410"	"ERP132577"	"testis"	"Elongated_spermatids"	NA	NA	NA	"CL:4030037"	"late spermatid"	"perfect match"	"SN115"	NA	4
"TACGGATTCTTTACGT"	""	"ERX6700410"	"ERP132577"	"testis"	"Round_spermatids"	NA	NA	NA	"CL:4030036"	"early spermatid"	"perfect match"	"SN115"	NA	1
"TACGGATTCTTTAGGG"	""	"ERX6700410"	"ERP132577"	"testis"	"Spermatocytes"	NA	NA	NA	"CL:0000017"	"spermatocyte"	"perfect match"	"SN115"	NA	5
"TACGGGCAGAAACGCC"	""	"ERX6700410"	"ERP132577"	"testis"	"Elongated_spermatids"	NA	NA	NA	"CL:4030037"	"late spermatid"	"perfect match"	"SN115"	NA	4
"TACGGGCAGGATGCGT"	""	"ERX6700410"	"ERP132577"	"testis"	"Elongated_spermatids"	NA	NA	NA	"CL:4030037"	"late spermatid"	"perfect match"	"SN115"	NA	4
"TACGGGCAGGGAAACA"	""	"ERX6700410"	"ERP132577"	"testis"	"Round_spermatids"	NA	NA	NA	"CL:4030036"	"early spermatid"	"perfect match"	"SN115"	NA	1
"TACGGGCCAGCGTAAG"	""	"ERX6700410"	"ERP132577"	"testis"	"Round_spermatids"	NA	NA	NA	"CL:4030036"	"early spermatid"	"perfect match"	"SN115"	NA	1
"TACGGGCCAGGCTCAC"	""	"ERX6700410"	"ERP132577"	"testis"	"Elongated_spermatids"	NA	NA	NA	"CL:4030037"	"late spermatid"	"perfect match"	"SN115"	NA	4
"TACGGGCCATGTTGAC"	""	"ERX6700410"	"ERP132577"	"testis"	"Sertoli"	NA	NA	NA	"CL:0000216"	"Sertoli cell"	"perfect match"	"SN115"	NA	3
"TACGGGCTCATAAAGG"	""	"ERX6700410"	"ERP132577"	"testis"	"Round_spermatids"	NA	NA	NA	"CL:4030036"	"early spermatid"	"perfect match"	"SN115"	NA	1
"TACGGGCTCTAACTCT"	""	"ERX6700410"	"ERP132577"	"testis"	"Round_spermatids"	NA	NA	NA	"CL:4030036"	"early spermatid"	"perfect match"	"SN115"	NA	1
"TACGGGCTCTTCCTTC"	""	"ERX6700410"	"ERP132577"	"testis"	"Spermatocytes"	NA	NA	NA	"CL:0000017"	"spermatocyte"	"perfect match"	"SN115"	NA	5
"TACGGTAAGATGTCGG"	""	"ERX6700410"	"ERP132577"	"testis"	"Elongated_spermatids"	NA	NA	NA	"CL:4030037"	"late spermatid"	"perfect match"	"SN115"	NA	4
"TACGGTAAGTGCCATT"	""	"ERX6700410"	"ERP132577"	"testis"	"Elongated_spermatids"	NA	NA	NA	"CL:4030037"	"late spermatid"	"perfect match"	"SN115"	NA	4
"TACGGTAAGTTGAGTA"	""	"ERX6700410"	"ERP132577"	"testis"	"Other_somatic"	NA	NA	NA	"CL:0002371"	"somatic cell"	"perfect match"	"SN115"	NA	2
"TACGGTACAACAACCT"	""	"ERX6700410"	"ERP132577"	"testis"	"Round_spermatids"	NA	NA	NA	"CL:4030036"	"early spermatid"	"perfect match"	"SN115"	NA	1
"TACGGTATCAAGGCTT"	""	"ERX6700410"	"ERP132577"	"testis"	"Sertoli"	NA	NA	NA	"CL:0000216"	"Sertoli cell"	"perfect match"	"SN115"	NA	3
"TACGGTATCATAGCAC"	""	"ERX6700410"	"ERP132577"	"testis"	"Other_somatic"	NA	NA	NA	"CL:0002371"	"somatic cell"	"perfect match"	"SN115"	NA	2
"TACTCATCACCTCGGA"	""	"ERX6700410"	"ERP132577"	"testis"	"Other_somatic"	NA	NA	NA	"CL:0002371"	"somatic cell"	"perfect match"	"SN115"	NA	2
"TACTCATGTAATAGCA"	""	"ERX6700410"	"ERP132577"	"testis"	"Round_spermatids"	NA	NA	NA	"CL:4030036"	"early spermatid"	"perfect match"	"SN115"	NA	1
"TACTCATTCACATGCA"	""	"ERX6700410"	"ERP132577"	"testis"	"Other_somatic"	NA	NA	NA	"CL:0002371"	"somatic cell"	"perfect match"	"SN115"	NA	2
"TACTCATTCATAAAGG"	""	"ERX6700410"	"ERP132577"	"testis"	"Other_somatic"	NA	NA	NA	"CL:0002371"	"somatic cell"	"perfect match"	"SN115"	NA	2
"TACTCATTCTGCTGCT"	""	"ERX6700410"	"ERP132577"	"testis"	"Spermatogonia"	NA	NA	NA	"CL:0000020"	"spermatogonium"	"perfect match"	"SN115"	NA	6
"TACTCGCAGCGCCTCA"	""	"ERX6700410"	"ERP132577"	"testis"	"Elongated_spermatids"	NA	NA	NA	"CL:4030037"	"late spermatid"	"perfect match"	"SN115"	NA	4
"TACTCGCAGGAATGGA"	""	"ERX6700410"	"ERP132577"	"testis"	"Other_somatic"	NA	NA	NA	"CL:0002371"	"somatic cell"	"perfect match"	"SN115"	NA	2
"TACTCGCAGGCTACGA"	""	"ERX6700410"	"ERP132577"	"testis"	"Round_spermatids"	NA	NA	NA	"CL:4030036"	"early spermatid"	"perfect match"	"SN115"	NA	1
"TACTCGCGTCAGAATA"	""	"ERX6700410"	"ERP132577"	"testis"	"Sertoli"	NA	NA	NA	"CL:0000216"	"Sertoli cell"	"perfect match"	"SN115"	NA	3
"TACTCGCGTCATCCCT"	""	"ERX6700410"	"ERP132577"	"testis"	"Other_somatic"	NA	NA	NA	"CL:0002371"	"somatic cell"	"perfect match"	"SN115"	NA	2
"TACTCGCTCATTCACT"	""	"ERX6700410"	"ERP132577"	"testis"	"Elongated_spermatids"	NA	NA	NA	"CL:4030037"	"late spermatid"	"perfect match"	"SN115"	NA	4
"TACTCGCTCCTGTAGA"	""	"ERX6700410"	"ERP132577"	"testis"	"Other_somatic"	NA	NA	NA	"CL:0002371"	"somatic cell"	"perfect match"	"SN115"	NA	2
"TACTTACAGCGACGTA"	""	"ERX6700410"	"ERP132577"	"testis"	"Spermatocytes"	NA	NA	NA	"CL:0000017"	"spermatocyte"	"perfect match"	"SN115"	NA	5
"TACTTACCACAGGTTT"	""	"ERX6700410"	"ERP132577"	"testis"	"Other_somatic"	NA	NA	NA	"CL:0002371"	"somatic cell"	"perfect match"	"SN115"	NA	2
"TACTTACGTGCAGACA"	""	"ERX6700410"	"ERP132577"	"testis"	"Sertoli"	NA	NA	NA	"CL:0000216"	"Sertoli cell"	"perfect match"	"SN115"	NA	3
"TACTTACGTGTGGTTT"	""	"ERX6700410"	"ERP132577"	"testis"	"Elongated_spermatids"	NA	NA	NA	"CL:4030037"	"late spermatid"	"perfect match"	"SN115"	NA	4
"TACTTACGTTAAAGAC"	""	"ERX6700410"	"ERP132577"	"testis"	"Sertoli"	NA	NA	NA	"CL:0000216"	"Sertoli cell"	"perfect match"	"SN115"	NA	3
"TACTTACTCAACGGGA"	""	"ERX6700410"	"ERP132577"	"testis"	"Round_spermatids"	NA	NA	NA	"CL:4030036"	"early spermatid"	"perfect match"	"SN115"	NA	1
"TACTTACTCTGTCAAG"	""	"ERX6700410"	"ERP132577"	"testis"	"Elongated_spermatids"	NA	NA	NA	"CL:4030037"	"late spermatid"	"perfect match"	"SN115"	NA	4
"TACTTGTAGGTGCAAC"	""	"ERX6700410"	"ERP132577"	"testis"	"Elongated_spermatids"	NA	NA	NA	"CL:4030037"	"late spermatid"	"perfect match"	"SN115"	NA	4
"TACTTGTAGTACGCCC"	""	"ERX6700410"	"ERP132577"	"testis"	"Other_somatic"	NA	NA	NA	"CL:0002371"	"somatic cell"	"perfect match"	"SN115"	NA	2
"TACTTGTGTAGCAAAT"	""	"ERX6700410"	"ERP132577"	"testis"	"Spermatocytes"	NA	NA	NA	"CL:0000017"	"spermatocyte"	"perfect match"	"SN115"	NA	5
"TACTTGTGTATTACCG"	""	"ERX6700410"	"ERP132577"	"testis"	"Round_spermatids"	NA	NA	NA	"CL:4030036"	"early spermatid"	"perfect match"	"SN115"	NA	1
"TACTTGTGTCCTGCTT"	""	"ERX6700410"	"ERP132577"	"testis"	"Round_spermatids"	NA	NA	NA	"CL:4030036"	"early spermatid"	"perfect match"	"SN115"	NA	1
"TACTTGTGTTACGCGC"	""	"ERX6700410"	"ERP132577"	"testis"	"Other_somatic"	NA	NA	NA	"CL:0002371"	"somatic cell"	"perfect match"	"SN115"	NA	2
"TACTTGTGTTCGCGAC"	""	"ERX6700410"	"ERP132577"	"testis"	"Round_spermatids"	NA	NA	NA	"CL:4030036"	"early spermatid"	"perfect match"	"SN115"	NA	1
"TACTTGTTCACCATAG"	""	"ERX6700410"	"ERP132577"	"testis"	"Elongated_spermatids"	NA	NA	NA	"CL:4030037"	"late spermatid"	"perfect match"	"SN115"	NA	4
"TACTTGTTCACTTACT"	""	"ERX6700410"	"ERP132577"	"testis"	"Spermatocytes"	NA	NA	NA	"CL:0000017"	"spermatocyte"	"perfect match"	"SN115"	NA	5
"TACTTGTTCGCCATAA"	""	"ERX6700410"	"ERP132577"	"testis"	"Round_spermatids"	NA	NA	NA	"CL:4030036"	"early spermatid"	"perfect match"	"SN115"	NA	1
"TACTTGTTCTACTTAC"	""	"ERX6700410"	"ERP132577"	"testis"	"Other_somatic"	NA	NA	NA	"CL:0002371"	"somatic cell"	"perfect match"	"SN115"	NA	2
"TAGACCAAGCGATTCT"	""	"ERX6700410"	"ERP132577"	"testis"	"Elongated_spermatids"	NA	NA	NA	"CL:4030037"	"late spermatid"	"perfect match"	"SN115"	NA	4
"TAGACCAAGTGCCAGA"	""	"ERX6700410"	"ERP132577"	"testis"	"Sertoli"	NA	NA	NA	"CL:0000216"	"Sertoli cell"	"perfect match"	"SN115"	NA	3
"TAGACCACATGCCTAA"	""	"ERX6700410"	"ERP132577"	"testis"	"Spermatocytes"	NA	NA	NA	"CL:0000017"	"spermatocyte"	"perfect match"	"SN115"	NA	5
"TAGACCACATTCCTGC"	""	"ERX6700410"	"ERP132577"	"testis"	"Other_somatic"	NA	NA	NA	"CL:0002371"	"somatic cell"	"perfect match"	"SN115"	NA	2
"TAGACCATCGTTACAG"	""	"ERX6700410"	"ERP132577"	"testis"	"Spermatocytes"	NA	NA	NA	"CL:0000017"	"spermatocyte"	"perfect match"	"SN115"	NA	5
"TAGACCATCTTACCTA"	""	"ERX6700410"	"ERP132577"	"testis"	"Elongated_spermatids"	NA	NA	NA	"CL:4030037"	"late spermatid"	"perfect match"	"SN115"	NA	4
"TAGAGCTAGAGCTATA"	""	"ERX6700410"	"ERP132577"	"testis"	"Spermatogonia"	NA	NA	NA	"CL:0000020"	"spermatogonium"	"perfect match"	"SN115"	NA	6
"TAGAGCTAGGCAGTCA"	""	"ERX6700410"	"ERP132577"	"testis"	"Sertoli"	NA	NA	NA	"CL:0000216"	"Sertoli cell"	"perfect match"	"SN115"	NA	3
"TAGAGCTAGTGCCAGA"	""	"ERX6700410"	"ERP132577"	"testis"	"Other_somatic"	NA	NA	NA	"CL:0002371"	"somatic cell"	"perfect match"	"SN115"	NA	2
"TAGAGCTCAACTTGAC"	""	"ERX6700410"	"ERP132577"	"testis"	"Other_somatic"	NA	NA	NA	"CL:0002371"	"somatic cell"	"perfect match"	"SN115"	NA	2
"TAGAGCTCAGCTCCGA"	""	"ERX6700410"	"ERP132577"	"testis"	"Sertoli"	NA	NA	NA	"CL:0000216"	"Sertoli cell"	"perfect match"	"SN115"	NA	3
"TAGAGCTCAGCTGTGC"	""	"ERX6700410"	"ERP132577"	"testis"	"Round_spermatids"	NA	NA	NA	"CL:4030036"	"early spermatid"	"perfect match"	"SN115"	NA	1
"TAGAGCTCATATACGC"	""	"ERX6700410"	"ERP132577"	"testis"	"Other_somatic"	NA	NA	NA	"CL:0002371"	"somatic cell"	"perfect match"	"SN115"	NA	2
"TAGAGCTGTTGATTGC"	""	"ERX6700410"	"ERP132577"	"testis"	"Round_spermatids"	NA	NA	NA	"CL:4030036"	"early spermatid"	"perfect match"	"SN115"	NA	1
"TAGAGCTTCAACCAAC"	""	"ERX6700410"	"ERP132577"	"testis"	"Sertoli"	NA	NA	NA	"CL:0000216"	"Sertoli cell"	"perfect match"	"SN115"	NA	3
"TAGAGCTTCACAAACC"	""	"ERX6700410"	"ERP132577"	"testis"	"Round_spermatids"	NA	NA	NA	"CL:4030036"	"early spermatid"	"perfect match"	"SN115"	NA	1
"TAGAGCTTCACGCGGT"	""	"ERX6700410"	"ERP132577"	"testis"	"Other_somatic"	NA	NA	NA	"CL:0002371"	"somatic cell"	"perfect match"	"SN115"	NA	2
"TAGCCGGAGATCACGG"	""	"ERX6700410"	"ERP132577"	"testis"	"Elongated_spermatids"	NA	NA	NA	"CL:4030037"	"late spermatid"	"perfect match"	"SN115"	NA	4
"TAGCCGGAGCCGGTAA"	""	"ERX6700410"	"ERP132577"	"testis"	"Round_spermatids"	NA	NA	NA	"CL:4030036"	"early spermatid"	"perfect match"	"SN115"	NA	1
"TAGCCGGCAGCCAATT"	""	"ERX6700410"	"ERP132577"	"testis"	"Sertoli"	NA	NA	NA	"CL:0000216"	"Sertoli cell"	"perfect match"	"SN115"	NA	3
"TAGCCGGCAGTAGAGC"	""	"ERX6700410"	"ERP132577"	"testis"	"Round_spermatids"	NA	NA	NA	"CL:4030036"	"early spermatid"	"perfect match"	"SN115"	NA	1
"TAGCCGGGTGTCTGAT"	""	"ERX6700410"	"ERP132577"	"testis"	"Sertoli"	NA	NA	NA	"CL:0000216"	"Sertoli cell"	"perfect match"	"SN115"	NA	3
"TAGCCGGGTTGATTCG"	""	"ERX6700410"	"ERP132577"	"testis"	"Round_spermatids"	NA	NA	NA	"CL:4030036"	"early spermatid"	"perfect match"	"SN115"	NA	1
"TAGCCGGTCATGCTCC"	""	"ERX6700410"	"ERP132577"	"testis"	"Spermatocytes"	NA	NA	NA	"CL:0000017"	"spermatocyte"	"perfect match"	"SN115"	NA	5
"TAGCCGGTCCAACCAA"	""	"ERX6700410"	"ERP132577"	"testis"	"Other_somatic"	NA	NA	NA	"CL:0002371"	"somatic cell"	"perfect match"	"SN115"	NA	2
"TAGCCGGTCCTCGCAT"	""	"ERX6700410"	"ERP132577"	"testis"	"Other_somatic"	NA	NA	NA	"CL:0002371"	"somatic cell"	"perfect match"	"SN115"	NA	2
"TAGCCGGTCGGCCGAT"	""	"ERX6700410"	"ERP132577"	"testis"	"Elongated_spermatids"	NA	NA	NA	"CL:4030037"	"late spermatid"	"perfect match"	"SN115"	NA	4
"TAGGCATCAAATACAG"	""	"ERX6700410"	"ERP132577"	"testis"	"Round_spermatids"	NA	NA	NA	"CL:4030036"	"early spermatid"	"perfect match"	"SN115"	NA	1
"TAGGCATCACCCATTC"	""	"ERX6700410"	"ERP132577"	"testis"	"Elongated_spermatids"	NA	NA	NA	"CL:4030037"	"late spermatid"	"perfect match"	"SN115"	NA	4
"TAGGCATGTTATTCTC"	""	"ERX6700410"	"ERP132577"	"testis"	"Elongated_spermatids"	NA	NA	NA	"CL:4030037"	"late spermatid"	"perfect match"	"SN115"	NA	4
"TAGGCATGTTGCGTTA"	""	"ERX6700410"	"ERP132577"	"testis"	"Other_somatic"	NA	NA	NA	"CL:0002371"	"somatic cell"	"perfect match"	"SN115"	NA	2
"TAGGCATTCCACGCAG"	""	"ERX6700410"	"ERP132577"	"testis"	"Elongated_spermatids"	NA	NA	NA	"CL:4030037"	"late spermatid"	"perfect match"	"SN115"	NA	4
"TAGGCATTCCAGAAGG"	""	"ERX6700410"	"ERP132577"	"testis"	"Round_spermatids"	NA	NA	NA	"CL:4030036"	"early spermatid"	"perfect match"	"SN115"	NA	1
"TAGGCATTCGAGAGCA"	""	"ERX6700410"	"ERP132577"	"testis"	"Round_spermatids"	NA	NA	NA	"CL:4030036"	"early spermatid"	"perfect match"	"SN115"	NA	1
"TAGGCATTCTGGTGTA"	""	"ERX6700410"	"ERP132577"	"testis"	"Round_spermatids"	NA	NA	NA	"CL:4030036"	"early spermatid"	"perfect match"	"SN115"	NA	1
"TAGTGGTAGCTGTCTA"	""	"ERX6700410"	"ERP132577"	"testis"	"Other_somatic"	NA	NA	NA	"CL:0002371"	"somatic cell"	"perfect match"	"SN115"	NA	2
"TAGTGGTCAGTAAGCG"	""	"ERX6700410"	"ERP132577"	"testis"	"Round_spermatids"	NA	NA	NA	"CL:4030036"	"early spermatid"	"perfect match"	"SN115"	NA	1
"TAGTGGTGTCTTGCGG"	""	"ERX6700410"	"ERP132577"	"testis"	"Round_spermatids"	NA	NA	NA	"CL:4030036"	"early spermatid"	"perfect match"	"SN115"	NA	1
"TAGTGGTGTGAGCGAT"	""	"ERX6700410"	"ERP132577"	"testis"	"Elongated_spermatids"	NA	NA	NA	"CL:4030037"	"late spermatid"	"perfect match"	"SN115"	NA	4
"TAGTGGTGTGAGGCTA"	""	"ERX6700410"	"ERP132577"	"testis"	"Other_somatic"	NA	NA	NA	"CL:0002371"	"somatic cell"	"perfect match"	"SN115"	NA	2
"TAGTGGTTCATTGCCC"	""	"ERX6700410"	"ERP132577"	"testis"	"Round_spermatids"	NA	NA	NA	"CL:4030036"	"early spermatid"	"perfect match"	"SN115"	NA	1
"TAGTTGGAGACAAAGG"	""	"ERX6700410"	"ERP132577"	"testis"	"Elongated_spermatids"	NA	NA	NA	"CL:4030037"	"late spermatid"	"perfect match"	"SN115"	NA	4
"TAGTTGGAGATCGGGT"	""	"ERX6700410"	"ERP132577"	"testis"	"Other_somatic"	NA	NA	NA	"CL:0002371"	"somatic cell"	"perfect match"	"SN115"	NA	2
"TAGTTGGAGCCACGTC"	""	"ERX6700410"	"ERP132577"	"testis"	"Round_spermatids"	NA	NA	NA	"CL:4030036"	"early spermatid"	"perfect match"	"SN115"	NA	1
"TAGTTGGAGTCGAGTG"	""	"ERX6700410"	"ERP132577"	"testis"	"Sertoli"	NA	NA	NA	"CL:0000216"	"Sertoli cell"	"perfect match"	"SN115"	NA	3
"TAGTTGGCAAAGGAAG"	""	"ERX6700410"	"ERP132577"	"testis"	"Other_somatic"	NA	NA	NA	"CL:0002371"	"somatic cell"	"perfect match"	"SN115"	NA	2
"TAGTTGGCAAGCTGGA"	""	"ERX6700410"	"ERP132577"	"testis"	"Round_spermatids"	NA	NA	NA	"CL:4030036"	"early spermatid"	"perfect match"	"SN115"	NA	1
"TAGTTGGCAATAGCAA"	""	"ERX6700410"	"ERP132577"	"testis"	"Other_somatic"	NA	NA	NA	"CL:0002371"	"somatic cell"	"perfect match"	"SN115"	NA	2
"TAGTTGGCATGCAATC"	""	"ERX6700410"	"ERP132577"	"testis"	"Round_spermatids"	NA	NA	NA	"CL:4030036"	"early spermatid"	"perfect match"	"SN115"	NA	1
"TAGTTGGTCACGAAGG"	""	"ERX6700410"	"ERP132577"	"testis"	"Other_somatic"	NA	NA	NA	"CL:0002371"	"somatic cell"	"perfect match"	"SN115"	NA	2
"TAGTTGGTCACTTATC"	""	"ERX6700410"	"ERP132577"	"testis"	"Elongated_spermatids"	NA	NA	NA	"CL:4030037"	"late spermatid"	"perfect match"	"SN115"	NA	4
"TATCAGGCAAGTAATG"	""	"ERX6700410"	"ERP132577"	"testis"	"Elongated_spermatids"	NA	NA	NA	"CL:4030037"	"late spermatid"	"perfect match"	"SN115"	NA	4
"TATCAGGTCCAGAAGG"	""	"ERX6700410"	"ERP132577"	"testis"	"Round_spermatids"	NA	NA	NA	"CL:4030036"	"early spermatid"	"perfect match"	"SN115"	NA	1
"TATCAGGTCCAGATCA"	""	"ERX6700410"	"ERP132577"	"testis"	"Other_somatic"	NA	NA	NA	"CL:0002371"	"somatic cell"	"perfect match"	"SN115"	NA	2
"TATCAGGTCCTGCTTG"	""	"ERX6700410"	"ERP132577"	"testis"	"Elongated_spermatids"	NA	NA	NA	"CL:4030037"	"late spermatid"	"perfect match"	"SN115"	NA	4
"TATCAGGTCTCAACTT"	""	"ERX6700410"	"ERP132577"	"testis"	"Elongated_spermatids"	NA	NA	NA	"CL:4030037"	"late spermatid"	"perfect match"	"SN115"	NA	4
"TATCTCAAGACTTTCG"	""	"ERX6700410"	"ERP132577"	"testis"	"Round_spermatids"	NA	NA	NA	"CL:4030036"	"early spermatid"	"perfect match"	"SN115"	NA	1
"TATCTCACAACCGCCA"	""	"ERX6700410"	"ERP132577"	"testis"	"Sertoli"	NA	NA	NA	"CL:0000216"	"Sertoli cell"	"perfect match"	"SN115"	NA	3
"TATCTCACAAGACACG"	""	"ERX6700410"	"ERP132577"	"testis"	"Elongated_spermatids"	NA	NA	NA	"CL:4030037"	"late spermatid"	"perfect match"	"SN115"	NA	4
"TATCTCAGTGAAAGAG"	""	"ERX6700410"	"ERP132577"	"testis"	"Elongated_spermatids"	NA	NA	NA	"CL:4030037"	"late spermatid"	"perfect match"	"SN115"	NA	4
"TATCTCATCCAATGGT"	""	"ERX6700410"	"ERP132577"	"testis"	"Round_spermatids"	NA	NA	NA	"CL:4030036"	"early spermatid"	"perfect match"	"SN115"	NA	1
"TATCTCATCCTGCCAT"	""	"ERX6700410"	"ERP132577"	"testis"	"Round_spermatids"	NA	NA	NA	"CL:4030036"	"early spermatid"	"perfect match"	"SN115"	NA	1
"TATCTCATCGTACCGG"	""	"ERX6700410"	"ERP132577"	"testis"	"Other_somatic"	NA	NA	NA	"CL:0002371"	"somatic cell"	"perfect match"	"SN115"	NA	2
"TATGCCCCACACCGAC"	""	"ERX6700410"	"ERP132577"	"testis"	"Elongated_spermatids"	NA	NA	NA	"CL:4030037"	"late spermatid"	"perfect match"	"SN115"	NA	4
"TATGCCCCACGGTAAG"	""	"ERX6700410"	"ERP132577"	"testis"	"Round_spermatids"	NA	NA	NA	"CL:4030036"	"early spermatid"	"perfect match"	"SN115"	NA	1
"TATGCCCTCCTGTACC"	""	"ERX6700410"	"ERP132577"	"testis"	"Spermatogonia"	NA	NA	NA	"CL:0000020"	"spermatogonium"	"perfect match"	"SN115"	NA	6
"TATGCCCTCTTCATGT"	""	"ERX6700410"	"ERP132577"	"testis"	"Elongated_spermatids"	NA	NA	NA	"CL:4030037"	"late spermatid"	"perfect match"	"SN115"	NA	4
"TATTACCAGTGTACGG"	""	"ERX6700410"	"ERP132577"	"testis"	"Elongated_spermatids"	NA	NA	NA	"CL:4030037"	"late spermatid"	"perfect match"	"SN115"	NA	4
"TATTACCCATCCGTGG"	""	"ERX6700410"	"ERP132577"	"testis"	"Elongated_spermatids"	NA	NA	NA	"CL:4030037"	"late spermatid"	"perfect match"	"SN115"	NA	4
"TATTACCGTACCCAAT"	""	"ERX6700410"	"ERP132577"	"testis"	"Round_spermatids"	NA	NA	NA	"CL:4030036"	"early spermatid"	"perfect match"	"SN115"	NA	1
"TATTACCGTTAGTGGG"	""	"ERX6700410"	"ERP132577"	"testis"	"Round_spermatids"	NA	NA	NA	"CL:4030036"	"early spermatid"	"perfect match"	"SN115"	NA	1
"TATTACCGTTGTCTTT"	""	"ERX6700410"	"ERP132577"	"testis"	"Other_somatic"	NA	NA	NA	"CL:0002371"	"somatic cell"	"perfect match"	"SN115"	NA	2
"TATTACCTCAGGCCCA"	""	"ERX6700410"	"ERP132577"	"testis"	"Sertoli"	NA	NA	NA	"CL:0000216"	"Sertoli cell"	"perfect match"	"SN115"	NA	3
"TATTACCTCATTATCC"	""	"ERX6700410"	"ERP132577"	"testis"	"Spermatogonia"	NA	NA	NA	"CL:0000020"	"spermatogonium"	"perfect match"	"SN115"	NA	6
"TATTACCTCATTGCGA"	""	"ERX6700410"	"ERP132577"	"testis"	"Other_somatic"	NA	NA	NA	"CL:0002371"	"somatic cell"	"perfect match"	"SN115"	NA	2
"TATTACCTCTCACATT"	""	"ERX6700410"	"ERP132577"	"testis"	"Round_spermatids"	NA	NA	NA	"CL:4030036"	"early spermatid"	"perfect match"	"SN115"	NA	1
"TCAACGAAGAGAGCTC"	""	"ERX6700410"	"ERP132577"	"testis"	"Other_somatic"	NA	NA	NA	"CL:0002371"	"somatic cell"	"perfect match"	"SN115"	NA	2
"TCAACGACAGATGGCA"	""	"ERX6700410"	"ERP132577"	"testis"	"Sertoli"	NA	NA	NA	"CL:0000216"	"Sertoli cell"	"perfect match"	"SN115"	NA	3
"TCAACGACATCGATGT"	""	"ERX6700410"	"ERP132577"	"testis"	"Round_spermatids"	NA	NA	NA	"CL:4030036"	"early spermatid"	"perfect match"	"SN115"	NA	1
"TCAACGAGTAGGAGTC"	""	"ERX6700410"	"ERP132577"	"testis"	"Other_somatic"	NA	NA	NA	"CL:0002371"	"somatic cell"	"perfect match"	"SN115"	NA	2
"TCAACGAGTCCGAACC"	""	"ERX6700410"	"ERP132577"	"testis"	"Round_spermatids"	NA	NA	NA	"CL:4030036"	"early spermatid"	"perfect match"	"SN115"	NA	1
"TCAACGAGTGTTTGTG"	""	"ERX6700410"	"ERP132577"	"testis"	"Spermatogonia"	NA	NA	NA	"CL:0000020"	"spermatogonium"	"perfect match"	"SN115"	NA	6
"TCAATCTAGCTCTCGG"	""	"ERX6700410"	"ERP132577"	"testis"	"Sertoli"	NA	NA	NA	"CL:0000216"	"Sertoli cell"	"perfect match"	"SN115"	NA	3
"TCAATCTAGGCGATAC"	""	"ERX6700410"	"ERP132577"	"testis"	"Elongated_spermatids"	NA	NA	NA	"CL:4030037"	"late spermatid"	"perfect match"	"SN115"	NA	4
"TCAATCTAGGTGTGGT"	""	"ERX6700410"	"ERP132577"	"testis"	"Other_somatic"	NA	NA	NA	"CL:0002371"	"somatic cell"	"perfect match"	"SN115"	NA	2
"TCAATCTAGTGAACAT"	""	"ERX6700410"	"ERP132577"	"testis"	"Round_spermatids"	NA	NA	NA	"CL:4030036"	"early spermatid"	"perfect match"	"SN115"	NA	1
"TCAATCTAGTGGTAAT"	""	"ERX6700410"	"ERP132577"	"testis"	"Elongated_spermatids"	NA	NA	NA	"CL:4030037"	"late spermatid"	"perfect match"	"SN115"	NA	4
"TCAATCTAGTGGTAGC"	""	"ERX6700410"	"ERP132577"	"testis"	"Spermatogonia"	NA	NA	NA	"CL:0000020"	"spermatogonium"	"perfect match"	"SN115"	NA	6
"TCAATCTCAACGATCT"	""	"ERX6700410"	"ERP132577"	"testis"	"Sertoli"	NA	NA	NA	"CL:0000216"	"Sertoli cell"	"perfect match"	"SN115"	NA	3
"TCAATCTCAAGGTTTC"	""	"ERX6700410"	"ERP132577"	"testis"	"Other_somatic"	NA	NA	NA	"CL:0002371"	"somatic cell"	"perfect match"	"SN115"	NA	2
"TCAATCTCATACTCTT"	""	"ERX6700410"	"ERP132577"	"testis"	"Other_somatic"	NA	NA	NA	"CL:0002371"	"somatic cell"	"perfect match"	"SN115"	NA	2
"TCAATCTTCATGTGGT"	""	"ERX6700410"	"ERP132577"	"testis"	"Elongated_spermatids"	NA	NA	NA	"CL:4030037"	"late spermatid"	"perfect match"	"SN115"	NA	4
"TCACAAGAGCTGTCTA"	""	"ERX6700410"	"ERP132577"	"testis"	"Round_spermatids"	NA	NA	NA	"CL:4030036"	"early spermatid"	"perfect match"	"SN115"	NA	1
"TCACAAGAGTTAACGA"	""	"ERX6700410"	"ERP132577"	"testis"	"Other_somatic"	NA	NA	NA	"CL:0002371"	"somatic cell"	"perfect match"	"SN115"	NA	2
"TCACAAGCATATGCTG"	""	"ERX6700410"	"ERP132577"	"testis"	"Elongated_spermatids"	NA	NA	NA	"CL:4030037"	"late spermatid"	"perfect match"	"SN115"	NA	4
"TCACAAGGTCGCTTCT"	""	"ERX6700410"	"ERP132577"	"testis"	"Round_spermatids"	NA	NA	NA	"CL:4030036"	"early spermatid"	"perfect match"	"SN115"	NA	1
"TCACAAGTCACCGTAA"	""	"ERX6700410"	"ERP132577"	"testis"	"Round_spermatids"	NA	NA	NA	"CL:4030036"	"early spermatid"	"perfect match"	"SN115"	NA	1
"TCACAAGTCGACAGCC"	""	"ERX6700410"	"ERP132577"	"testis"	"Other_somatic"	NA	NA	NA	"CL:0002371"	"somatic cell"	"perfect match"	"SN115"	NA	2
"TCACAAGTCTATCGCC"	""	"ERX6700410"	"ERP132577"	"testis"	"Round_spermatids"	NA	NA	NA	"CL:4030036"	"early spermatid"	"perfect match"	"SN115"	NA	1
"TCACAAGTCTGCCAGG"	""	"ERX6700410"	"ERP132577"	"testis"	"Elongated_spermatids"	NA	NA	NA	"CL:4030037"	"late spermatid"	"perfect match"	"SN115"	NA	4
"TCACAAGTCTTCATGT"	""	"ERX6700410"	"ERP132577"	"testis"	"Other_somatic"	NA	NA	NA	"CL:0002371"	"somatic cell"	"perfect match"	"SN115"	NA	2
"TCACGAAAGTGACTCT"	""	"ERX6700410"	"ERP132577"	"testis"	"Round_spermatids"	NA	NA	NA	"CL:4030036"	"early spermatid"	"perfect match"	"SN115"	NA	1
"TCACGAAAGTTGAGTA"	""	"ERX6700410"	"ERP132577"	"testis"	"Other_somatic"	NA	NA	NA	"CL:0002371"	"somatic cell"	"perfect match"	"SN115"	NA	2
"TCACGAACAGTGGAGT"	""	"ERX6700410"	"ERP132577"	"testis"	"Round_spermatids"	NA	NA	NA	"CL:4030036"	"early spermatid"	"perfect match"	"SN115"	NA	1
"TCACGAACATTCTCAT"	""	"ERX6700410"	"ERP132577"	"testis"	"Other_somatic"	NA	NA	NA	"CL:0002371"	"somatic cell"	"perfect match"	"SN115"	NA	2
"TCACGAAGTCTCAACA"	""	"ERX6700410"	"ERP132577"	"testis"	"Round_spermatids"	NA	NA	NA	"CL:4030036"	"early spermatid"	"perfect match"	"SN115"	NA	1
"TCACGAAGTGCGGTAA"	""	"ERX6700410"	"ERP132577"	"testis"	"Spermatogonia"	NA	NA	NA	"CL:0000020"	"spermatogonium"	"perfect match"	"SN115"	NA	6
"TCACGAATCGGGAGTA"	""	"ERX6700410"	"ERP132577"	"testis"	"Elongated_spermatids"	NA	NA	NA	"CL:4030037"	"late spermatid"	"perfect match"	"SN115"	NA	4
"TCACGAATCGGTGTTA"	""	"ERX6700410"	"ERP132577"	"testis"	"Other_somatic"	NA	NA	NA	"CL:0002371"	"somatic cell"	"perfect match"	"SN115"	NA	2
"TCACGAATCTCGTATT"	""	"ERX6700410"	"ERP132577"	"testis"	"Elongated_spermatids"	NA	NA	NA	"CL:4030037"	"late spermatid"	"perfect match"	"SN115"	NA	4
"TCACGAATCTCTTGAT"	""	"ERX6700410"	"ERP132577"	"testis"	"Other_somatic"	NA	NA	NA	"CL:0002371"	"somatic cell"	"perfect match"	"SN115"	NA	2
"TCAGATGCACGGTTTA"	""	"ERX6700410"	"ERP132577"	"testis"	"Elongated_spermatids"	NA	NA	NA	"CL:4030037"	"late spermatid"	"perfect match"	"SN115"	NA	4
"TCAGATGCAGCTCGCA"	""	"ERX6700410"	"ERP132577"	"testis"	"Sertoli"	NA	NA	NA	"CL:0000216"	"Sertoli cell"	"perfect match"	"SN115"	NA	3
"TCAGATGGTCAGAATA"	""	"ERX6700410"	"ERP132577"	"testis"	"Other_somatic"	NA	NA	NA	"CL:0002371"	"somatic cell"	"perfect match"	"SN115"	NA	2
"TCAGATGGTCCTCCAT"	""	"ERX6700410"	"ERP132577"	"testis"	"Other_somatic"	NA	NA	NA	"CL:0002371"	"somatic cell"	"perfect match"	"SN115"	NA	2
"TCAGATGTCTGCCCTA"	""	"ERX6700410"	"ERP132577"	"testis"	"Other_somatic"	NA	NA	NA	"CL:0002371"	"somatic cell"	"perfect match"	"SN115"	NA	2
"TCAGATGTCTGGTGTA"	""	"ERX6700410"	"ERP132577"	"testis"	"Other_somatic"	NA	NA	NA	"CL:0002371"	"somatic cell"	"perfect match"	"SN115"	NA	2
"TCAGCAACAGGAATGC"	""	"ERX6700410"	"ERP132577"	"testis"	"Other_somatic"	NA	NA	NA	"CL:0002371"	"somatic cell"	"perfect match"	"SN115"	NA	2
"TCAGCAAGTAAGAGGA"	""	"ERX6700410"	"ERP132577"	"testis"	"Elongated_spermatids"	NA	NA	NA	"CL:4030037"	"late spermatid"	"perfect match"	"SN115"	NA	4
"TCAGCAATCTCATTCA"	""	"ERX6700410"	"ERP132577"	"testis"	"Round_spermatids"	NA	NA	NA	"CL:4030036"	"early spermatid"	"perfect match"	"SN115"	NA	1
"TCAGCTCGTTAAGTAG"	""	"ERX6700410"	"ERP132577"	"testis"	"Elongated_spermatids"	NA	NA	NA	"CL:4030037"	"late spermatid"	"perfect match"	"SN115"	NA	4
"TCAGCTCGTTCGCGAC"	""	"ERX6700410"	"ERP132577"	"testis"	"Round_spermatids"	NA	NA	NA	"CL:4030036"	"early spermatid"	"perfect match"	"SN115"	NA	1
"TCAGCTCTCAGGCGAA"	""	"ERX6700410"	"ERP132577"	"testis"	"Other_somatic"	NA	NA	NA	"CL:0002371"	"somatic cell"	"perfect match"	"SN115"	NA	2
"TCAGGATAGGCCATAG"	""	"ERX6700410"	"ERP132577"	"testis"	"Other_somatic"	NA	NA	NA	"CL:0002371"	"somatic cell"	"perfect match"	"SN115"	NA	2
"TCAGGATCACCCATTC"	""	"ERX6700410"	"ERP132577"	"testis"	"Other_somatic"	NA	NA	NA	"CL:0002371"	"somatic cell"	"perfect match"	"SN115"	NA	2
"TCAGGATGTAGAAAGG"	""	"ERX6700410"	"ERP132577"	"testis"	"Spermatogonia"	NA	NA	NA	"CL:0000020"	"spermatogonium"	"perfect match"	"SN115"	NA	6
"TCAGGATTCAACTCTT"	""	"ERX6700410"	"ERP132577"	"testis"	"Other_somatic"	NA	NA	NA	"CL:0002371"	"somatic cell"	"perfect match"	"SN115"	NA	2
"TCAGGATTCAGAGCTT"	""	"ERX6700410"	"ERP132577"	"testis"	"Other_somatic"	NA	NA	NA	"CL:0002371"	"somatic cell"	"perfect match"	"SN115"	NA	2
"TCAGGTAAGTACGTTC"	""	"ERX6700410"	"ERP132577"	"testis"	"Other_somatic"	NA	NA	NA	"CL:0002371"	"somatic cell"	"perfect match"	"SN115"	NA	2
"TCAGGTAAGTCGTACT"	""	"ERX6700410"	"ERP132577"	"testis"	"Round_spermatids"	NA	NA	NA	"CL:4030036"	"early spermatid"	"perfect match"	"SN115"	NA	1
"TCAGGTACAAGTTAAG"	""	"ERX6700410"	"ERP132577"	"testis"	"Other_somatic"	NA	NA	NA	"CL:0002371"	"somatic cell"	"perfect match"	"SN115"	NA	2
"TCAGGTACAATGTTGC"	""	"ERX6700410"	"ERP132577"	"testis"	"Other_somatic"	NA	NA	NA	"CL:0002371"	"somatic cell"	"perfect match"	"SN115"	NA	2
"TCAGGTACATGTCCTC"	""	"ERX6700410"	"ERP132577"	"testis"	"Other_somatic"	NA	NA	NA	"CL:0002371"	"somatic cell"	"perfect match"	"SN115"	NA	2
"TCAGGTAGTCAGCTAT"	""	"ERX6700410"	"ERP132577"	"testis"	"Round_spermatids"	NA	NA	NA	"CL:4030036"	"early spermatid"	"perfect match"	"SN115"	NA	1
"TCAGGTAGTTAAGATG"	""	"ERX6700410"	"ERP132577"	"testis"	"Round_spermatids"	NA	NA	NA	"CL:4030036"	"early spermatid"	"perfect match"	"SN115"	NA	1
"TCAGGTATCCCATTTA"	""	"ERX6700410"	"ERP132577"	"testis"	"Elongated_spermatids"	NA	NA	NA	"CL:4030037"	"late spermatid"	"perfect match"	"SN115"	NA	4
"TCATTACAGTACGACG"	""	"ERX6700410"	"ERP132577"	"testis"	"Round_spermatids"	NA	NA	NA	"CL:4030036"	"early spermatid"	"perfect match"	"SN115"	NA	1
"TCATTACAGTCATGCT"	""	"ERX6700410"	"ERP132577"	"testis"	"Round_spermatids"	NA	NA	NA	"CL:4030036"	"early spermatid"	"perfect match"	"SN115"	NA	1
"TCATTACCAAGTAGTA"	""	"ERX6700410"	"ERP132577"	"testis"	"Other_somatic"	NA	NA	NA	"CL:0002371"	"somatic cell"	"perfect match"	"SN115"	NA	2
"TCATTACCAGGGCATA"	""	"ERX6700410"	"ERP132577"	"testis"	"Elongated_spermatids"	NA	NA	NA	"CL:4030037"	"late spermatid"	"perfect match"	"SN115"	NA	4
"TCATTACCATCACAAC"	""	"ERX6700410"	"ERP132577"	"testis"	"Other_somatic"	NA	NA	NA	"CL:0002371"	"somatic cell"	"perfect match"	"SN115"	NA	2
"TCATTACTCAAACCGT"	""	"ERX6700410"	"ERP132577"	"testis"	"Other_somatic"	NA	NA	NA	"CL:0002371"	"somatic cell"	"perfect match"	"SN115"	NA	2
"TCATTACTCATTGCCC"	""	"ERX6700410"	"ERP132577"	"testis"	"Round_spermatids"	NA	NA	NA	"CL:4030036"	"early spermatid"	"perfect match"	"SN115"	NA	1
"TCATTACTCCCAAGTA"	""	"ERX6700410"	"ERP132577"	"testis"	"Other_somatic"	NA	NA	NA	"CL:0002371"	"somatic cell"	"perfect match"	"SN115"	NA	2
"TCATTTGAGCGCCTCA"	""	"ERX6700410"	"ERP132577"	"testis"	"Elongated_spermatids"	NA	NA	NA	"CL:4030037"	"late spermatid"	"perfect match"	"SN115"	NA	4
"TCATTTGAGGACTGGT"	""	"ERX6700410"	"ERP132577"	"testis"	"Round_spermatids"	NA	NA	NA	"CL:4030036"	"early spermatid"	"perfect match"	"SN115"	NA	1
"TCATTTGCAACGATGG"	""	"ERX6700410"	"ERP132577"	"testis"	"Elongated_spermatids"	NA	NA	NA	"CL:4030037"	"late spermatid"	"perfect match"	"SN115"	NA	4
"TCATTTGCACCATGTA"	""	"ERX6700410"	"ERP132577"	"testis"	"Elongated_spermatids"	NA	NA	NA	"CL:4030037"	"late spermatid"	"perfect match"	"SN115"	NA	4
"TCATTTGCAGTATCTG"	""	"ERX6700410"	"ERP132577"	"testis"	"Other_somatic"	NA	NA	NA	"CL:0002371"	"somatic cell"	"perfect match"	"SN115"	NA	2
"TCATTTGTCAGCTCGG"	""	"ERX6700410"	"ERP132577"	"testis"	"Round_spermatids"	NA	NA	NA	"CL:4030036"	"early spermatid"	"perfect match"	"SN115"	NA	1
"TCCACACAGCCGTCGT"	""	"ERX6700410"	"ERP132577"	"testis"	"Round_spermatids"	NA	NA	NA	"CL:4030036"	"early spermatid"	"perfect match"	"SN115"	NA	1
"TCCACACAGCTAACTC"	""	"ERX6700410"	"ERP132577"	"testis"	"Other_somatic"	NA	NA	NA	"CL:0002371"	"somatic cell"	"perfect match"	"SN115"	NA	2
"TCCACACAGTCATCCA"	""	"ERX6700410"	"ERP132577"	"testis"	"Round_spermatids"	NA	NA	NA	"CL:4030036"	"early spermatid"	"perfect match"	"SN115"	NA	1
"TCCACACCAGACGCTC"	""	"ERX6700410"	"ERP132577"	"testis"	"Other_somatic"	NA	NA	NA	"CL:0002371"	"somatic cell"	"perfect match"	"SN115"	NA	2
"TCCACACGTACCGTTA"	""	"ERX6700410"	"ERP132577"	"testis"	"Elongated_spermatids"	NA	NA	NA	"CL:4030037"	"late spermatid"	"perfect match"	"SN115"	NA	4
"TCCACACGTGTTTGGT"	""	"ERX6700410"	"ERP132577"	"testis"	"Other_somatic"	NA	NA	NA	"CL:0002371"	"somatic cell"	"perfect match"	"SN115"	NA	2
"TCCACACTCTCTTATG"	""	"ERX6700410"	"ERP132577"	"testis"	"Sertoli"	NA	NA	NA	"CL:0000216"	"Sertoli cell"	"perfect match"	"SN115"	NA	3
"TCCCGATAGGATATAC"	""	"ERX6700410"	"ERP132577"	"testis"	"Elongated_spermatids"	NA	NA	NA	"CL:4030037"	"late spermatid"	"perfect match"	"SN115"	NA	4
"TCCCGATAGTCATGCT"	""	"ERX6700410"	"ERP132577"	"testis"	"Round_spermatids"	NA	NA	NA	"CL:4030036"	"early spermatid"	"perfect match"	"SN115"	NA	1
"TCCCGATCAACTGCGC"	""	"ERX6700410"	"ERP132577"	"testis"	"Sertoli"	NA	NA	NA	"CL:0000216"	"Sertoli cell"	"perfect match"	"SN115"	NA	3
"TCCCGATCACAACGTT"	""	"ERX6700410"	"ERP132577"	"testis"	"Round_spermatids"	NA	NA	NA	"CL:4030036"	"early spermatid"	"perfect match"	"SN115"	NA	1
"TCCCGATCAGCTATTG"	""	"ERX6700410"	"ERP132577"	"testis"	"Elongated_spermatids"	NA	NA	NA	"CL:4030037"	"late spermatid"	"perfect match"	"SN115"	NA	4
"TCCCGATCATCCCACT"	""	"ERX6700410"	"ERP132577"	"testis"	"Spermatogonia"	NA	NA	NA	"CL:0000020"	"spermatogonium"	"perfect match"	"SN115"	NA	6
"TCCCGATCATGGTTGT"	""	"ERX6700410"	"ERP132577"	"testis"	"Elongated_spermatids"	NA	NA	NA	"CL:4030037"	"late spermatid"	"perfect match"	"SN115"	NA	4
"TCCCGATGTAAGGATT"	""	"ERX6700410"	"ERP132577"	"testis"	"Elongated_spermatids"	NA	NA	NA	"CL:4030037"	"late spermatid"	"perfect match"	"SN115"	NA	4
"TCCCGATGTATTCTCT"	""	"ERX6700410"	"ERP132577"	"testis"	"Elongated_spermatids"	NA	NA	NA	"CL:4030037"	"late spermatid"	"perfect match"	"SN115"	NA	4
"TCCCGATGTTAAGTAG"	""	"ERX6700410"	"ERP132577"	"testis"	"Other_somatic"	NA	NA	NA	"CL:0002371"	"somatic cell"	"perfect match"	"SN115"	NA	2
"TCCCGATTCCGCGTTT"	""	"ERX6700410"	"ERP132577"	"testis"	"Spermatocytes"	NA	NA	NA	"CL:0000017"	"spermatocyte"	"perfect match"	"SN115"	NA	5
"TCCCGATTCGCATGGC"	""	"ERX6700410"	"ERP132577"	"testis"	"Elongated_spermatids"	NA	NA	NA	"CL:4030037"	"late spermatid"	"perfect match"	"SN115"	NA	4
"TCCCGATTCGGAGCAA"	""	"ERX6700410"	"ERP132577"	"testis"	"Spermatocytes"	NA	NA	NA	"CL:0000017"	"spermatocyte"	"perfect match"	"SN115"	NA	5
"TCGAGGCAGGCCCGTT"	""	"ERX6700410"	"ERP132577"	"testis"	"Round_spermatids"	NA	NA	NA	"CL:4030036"	"early spermatid"	"perfect match"	"SN115"	NA	1
"TCGAGGCCAACACGCC"	""	"ERX6700410"	"ERP132577"	"testis"	"Other_somatic"	NA	NA	NA	"CL:0002371"	"somatic cell"	"perfect match"	"SN115"	NA	2
"TCGAGGCCAGCTGGCT"	""	"ERX6700410"	"ERP132577"	"testis"	"Other_somatic"	NA	NA	NA	"CL:0002371"	"somatic cell"	"perfect match"	"SN115"	NA	2
"TCGAGGCCAGTTTACG"	""	"ERX6700410"	"ERP132577"	"testis"	"Other_somatic"	NA	NA	NA	"CL:0002371"	"somatic cell"	"perfect match"	"SN115"	NA	2
"TCGAGGCCATGGTTGT"	""	"ERX6700410"	"ERP132577"	"testis"	"Other_somatic"	NA	NA	NA	"CL:0002371"	"somatic cell"	"perfect match"	"SN115"	NA	2
"TCGAGGCGTACTTCTT"	""	"ERX6700410"	"ERP132577"	"testis"	"Other_somatic"	NA	NA	NA	"CL:0002371"	"somatic cell"	"perfect match"	"SN115"	NA	2
"TCGAGGCGTATAAACG"	""	"ERX6700410"	"ERP132577"	"testis"	"Round_spermatids"	NA	NA	NA	"CL:4030036"	"early spermatid"	"perfect match"	"SN115"	NA	1
"TCGAGGCGTCTAGCGC"	""	"ERX6700410"	"ERP132577"	"testis"	"Other_somatic"	NA	NA	NA	"CL:0002371"	"somatic cell"	"perfect match"	"SN115"	NA	2
"TCGAGGCGTTCATGGT"	""	"ERX6700410"	"ERP132577"	"testis"	"Other_somatic"	NA	NA	NA	"CL:0002371"	"somatic cell"	"perfect match"	"SN115"	NA	2
"TCGAGGCTCGCGGATC"	""	"ERX6700410"	"ERP132577"	"testis"	"Round_spermatids"	NA	NA	NA	"CL:4030036"	"early spermatid"	"perfect match"	"SN115"	NA	1
"TCGAGGCTCTCACATT"	""	"ERX6700410"	"ERP132577"	"testis"	"Round_spermatids"	NA	NA	NA	"CL:4030036"	"early spermatid"	"perfect match"	"SN115"	NA	1
"TCGCGAGAGGGAAACA"	""	"ERX6700410"	"ERP132577"	"testis"	"Elongated_spermatids"	NA	NA	NA	"CL:4030037"	"late spermatid"	"perfect match"	"SN115"	NA	4
"TCGCGAGCAAGGTTTC"	""	"ERX6700410"	"ERP132577"	"testis"	"Round_spermatids"	NA	NA	NA	"CL:4030036"	"early spermatid"	"perfect match"	"SN115"	NA	1
"TCGCGAGTCATTGCGA"	""	"ERX6700410"	"ERP132577"	"testis"	"Other_somatic"	NA	NA	NA	"CL:0002371"	"somatic cell"	"perfect match"	"SN115"	NA	2
"TCGCGTTCACAAGCCC"	""	"ERX6700410"	"ERP132577"	"testis"	"Round_spermatids"	NA	NA	NA	"CL:4030036"	"early spermatid"	"perfect match"	"SN115"	NA	1
"TCGCGTTCACGTCAGC"	""	"ERX6700410"	"ERP132577"	"testis"	"Round_spermatids"	NA	NA	NA	"CL:4030036"	"early spermatid"	"perfect match"	"SN115"	NA	1
"TCGCGTTGTCAAAGAT"	""	"ERX6700410"	"ERP132577"	"testis"	"Other_somatic"	NA	NA	NA	"CL:0002371"	"somatic cell"	"perfect match"	"SN115"	NA	2
"TCGCGTTGTGTAAGTA"	""	"ERX6700410"	"ERP132577"	"testis"	"Other_somatic"	NA	NA	NA	"CL:0002371"	"somatic cell"	"perfect match"	"SN115"	NA	2
"TCGCGTTTCCTGCTTG"	""	"ERX6700410"	"ERP132577"	"testis"	"Round_spermatids"	NA	NA	NA	"CL:4030036"	"early spermatid"	"perfect match"	"SN115"	NA	1
"TCGGGACAGAAGCCCA"	""	"ERX6700410"	"ERP132577"	"testis"	"Round_spermatids"	NA	NA	NA	"CL:4030036"	"early spermatid"	"perfect match"	"SN115"	NA	1
"TCGGGACAGATAGCAT"	""	"ERX6700410"	"ERP132577"	"testis"	"Other_somatic"	NA	NA	NA	"CL:0002371"	"somatic cell"	"perfect match"	"SN115"	NA	2
"TCGGGACCACCCATGG"	""	"ERX6700410"	"ERP132577"	"testis"	"Elongated_spermatids"	NA	NA	NA	"CL:4030037"	"late spermatid"	"perfect match"	"SN115"	NA	4
"TCGGGACCAGCTCCGA"	""	"ERX6700410"	"ERP132577"	"testis"	"Spermatocytes"	NA	NA	NA	"CL:0000017"	"spermatocyte"	"perfect match"	"SN115"	NA	5
"TCGGGACGTCAAGCGA"	""	"ERX6700410"	"ERP132577"	"testis"	"Elongated_spermatids"	NA	NA	NA	"CL:4030037"	"late spermatid"	"perfect match"	"SN115"	NA	4
"TCGGGACGTCGACTAT"	""	"ERX6700410"	"ERP132577"	"testis"	"Other_somatic"	NA	NA	NA	"CL:0002371"	"somatic cell"	"perfect match"	"SN115"	NA	2
"TCGGGACGTTCGGCAC"	""	"ERX6700410"	"ERP132577"	"testis"	"Elongated_spermatids"	NA	NA	NA	"CL:4030037"	"late spermatid"	"perfect match"	"SN115"	NA	4
"TCGGGACTCTGTGCAA"	""	"ERX6700410"	"ERP132577"	"testis"	"Elongated_spermatids"	NA	NA	NA	"CL:4030037"	"late spermatid"	"perfect match"	"SN115"	NA	4
"TCGGTAAAGCAGATCG"	""	"ERX6700410"	"ERP132577"	"testis"	"Round_spermatids"	NA	NA	NA	"CL:4030036"	"early spermatid"	"perfect match"	"SN115"	NA	1
"TCGGTAACAAAGGAAG"	""	"ERX6700410"	"ERP132577"	"testis"	"Elongated_spermatids"	NA	NA	NA	"CL:4030037"	"late spermatid"	"perfect match"	"SN115"	NA	4
"TCGGTAACAACGCACC"	""	"ERX6700410"	"ERP132577"	"testis"	"Spermatogonia"	NA	NA	NA	"CL:0000020"	"spermatogonium"	"perfect match"	"SN115"	NA	6
"TCGGTAACAATAAGCA"	""	"ERX6700410"	"ERP132577"	"testis"	"Round_spermatids"	NA	NA	NA	"CL:4030036"	"early spermatid"	"perfect match"	"SN115"	NA	1
"TCGGTAACACATGACT"	""	"ERX6700410"	"ERP132577"	"testis"	"Elongated_spermatids"	NA	NA	NA	"CL:4030037"	"late spermatid"	"perfect match"	"SN115"	NA	4
"TCGGTAACACGTAAGG"	""	"ERX6700410"	"ERP132577"	"testis"	"Round_spermatids"	NA	NA	NA	"CL:4030036"	"early spermatid"	"perfect match"	"SN115"	NA	1
"TCGGTAACACTTAACG"	""	"ERX6700410"	"ERP132577"	"testis"	"Elongated_spermatids"	NA	NA	NA	"CL:4030037"	"late spermatid"	"perfect match"	"SN115"	NA	4
"TCGGTAACAGAAGCAC"	""	"ERX6700410"	"ERP132577"	"testis"	"Other_somatic"	NA	NA	NA	"CL:0002371"	"somatic cell"	"perfect match"	"SN115"	NA	2
"TCGGTAACAGCTGTAT"	""	"ERX6700410"	"ERP132577"	"testis"	"Spermatogonia"	NA	NA	NA	"CL:0000020"	"spermatogonium"	"perfect match"	"SN115"	NA	6
"TCGGTAACATCGTCGG"	""	"ERX6700410"	"ERP132577"	"testis"	"Round_spermatids"	NA	NA	NA	"CL:4030036"	"early spermatid"	"perfect match"	"SN115"	NA	1
"TCGGTAATCATTCACT"	""	"ERX6700410"	"ERP132577"	"testis"	"Round_spermatids"	NA	NA	NA	"CL:4030036"	"early spermatid"	"perfect match"	"SN115"	NA	1
"TCGGTAATCTGGCGTG"	""	"ERX6700410"	"ERP132577"	"testis"	"Elongated_spermatids"	NA	NA	NA	"CL:4030037"	"late spermatid"	"perfect match"	"SN115"	NA	4
"TCGTACCAGCGATCCC"	""	"ERX6700410"	"ERP132577"	"testis"	"Round_spermatids"	NA	NA	NA	"CL:4030036"	"early spermatid"	"perfect match"	"SN115"	NA	1
"TCGTACCAGGACATTA"	""	"ERX6700410"	"ERP132577"	"testis"	"Elongated_spermatids"	NA	NA	NA	"CL:4030037"	"late spermatid"	"perfect match"	"SN115"	NA	4
"TCGTACCCATTCTTAC"	""	"ERX6700410"	"ERP132577"	"testis"	"Round_spermatids"	NA	NA	NA	"CL:4030036"	"early spermatid"	"perfect match"	"SN115"	NA	1
"TCGTACCGTATGAAAC"	""	"ERX6700410"	"ERP132577"	"testis"	"Round_spermatids"	NA	NA	NA	"CL:4030036"	"early spermatid"	"perfect match"	"SN115"	NA	1
"TCGTACCGTCAGATAA"	""	"ERX6700410"	"ERP132577"	"testis"	"Other_somatic"	NA	NA	NA	"CL:0002371"	"somatic cell"	"perfect match"	"SN115"	NA	2
"TCGTACCGTGTTAAGA"	""	"ERX6700410"	"ERP132577"	"testis"	"Round_spermatids"	NA	NA	NA	"CL:4030036"	"early spermatid"	"perfect match"	"SN115"	NA	1
"TCGTAGAAGAACTCGG"	""	"ERX6700410"	"ERP132577"	"testis"	"Round_spermatids"	NA	NA	NA	"CL:4030036"	"early spermatid"	"perfect match"	"SN115"	NA	1
"TCGTAGACAAGTTAAG"	""	"ERX6700410"	"ERP132577"	"testis"	"Round_spermatids"	NA	NA	NA	"CL:4030036"	"early spermatid"	"perfect match"	"SN115"	NA	1
"TCGTAGACAATCTGCA"	""	"ERX6700410"	"ERP132577"	"testis"	"Other_somatic"	NA	NA	NA	"CL:0002371"	"somatic cell"	"perfect match"	"SN115"	NA	2
"TCGTAGACATTGCGGC"	""	"ERX6700410"	"ERP132577"	"testis"	"Round_spermatids"	NA	NA	NA	"CL:4030036"	"early spermatid"	"perfect match"	"SN115"	NA	1
"TCGTAGAGTGAAATCA"	""	"ERX6700410"	"ERP132577"	"testis"	"Other_somatic"	NA	NA	NA	"CL:0002371"	"somatic cell"	"perfect match"	"SN115"	NA	2
"TCGTAGAGTGGCGAAT"	""	"ERX6700410"	"ERP132577"	"testis"	"Other_somatic"	NA	NA	NA	"CL:0002371"	"somatic cell"	"perfect match"	"SN115"	NA	2
"TCGTAGATCAGTTTGG"	""	"ERX6700410"	"ERP132577"	"testis"	"Other_somatic"	NA	NA	NA	"CL:0002371"	"somatic cell"	"perfect match"	"SN115"	NA	2
"TCGTAGATCGCCTGTT"	""	"ERX6700410"	"ERP132577"	"testis"	"Elongated_spermatids"	NA	NA	NA	"CL:4030037"	"late spermatid"	"perfect match"	"SN115"	NA	4
"TCTATTGCACCAGATT"	""	"ERX6700410"	"ERP132577"	"testis"	"Round_spermatids"	NA	NA	NA	"CL:4030036"	"early spermatid"	"perfect match"	"SN115"	NA	1
"TCTATTGCACTGTGTA"	""	"ERX6700410"	"ERP132577"	"testis"	"Round_spermatids"	NA	NA	NA	"CL:4030036"	"early spermatid"	"perfect match"	"SN115"	NA	1
"TCTATTGGTGGTGTAG"	""	"ERX6700410"	"ERP132577"	"testis"	"Round_spermatids"	NA	NA	NA	"CL:4030036"	"early spermatid"	"perfect match"	"SN115"	NA	1
"TCTATTGGTTCAGACT"	""	"ERX6700410"	"ERP132577"	"testis"	"Other_somatic"	NA	NA	NA	"CL:0002371"	"somatic cell"	"perfect match"	"SN115"	NA	2
"TCTCATAAGGCTATCT"	""	"ERX6700410"	"ERP132577"	"testis"	"Round_spermatids"	NA	NA	NA	"CL:4030036"	"early spermatid"	"perfect match"	"SN115"	NA	1
"TCTCATACAATGGAAT"	""	"ERX6700410"	"ERP132577"	"testis"	"Other_somatic"	NA	NA	NA	"CL:0002371"	"somatic cell"	"perfect match"	"SN115"	NA	2
"TCTCATACATTCGACA"	""	"ERX6700410"	"ERP132577"	"testis"	"Spermatogonia"	NA	NA	NA	"CL:0000020"	"spermatogonium"	"perfect match"	"SN115"	NA	6
"TCTCATAGTCCGCTGA"	""	"ERX6700410"	"ERP132577"	"testis"	"Round_spermatids"	NA	NA	NA	"CL:4030036"	"early spermatid"	"perfect match"	"SN115"	NA	1
"TCTCATATCCTATGTT"	""	"ERX6700410"	"ERP132577"	"testis"	"Round_spermatids"	NA	NA	NA	"CL:4030036"	"early spermatid"	"perfect match"	"SN115"	NA	1
"TCTCTAACACAAGCCC"	""	"ERX6700410"	"ERP132577"	"testis"	"Elongated_spermatids"	NA	NA	NA	"CL:4030037"	"late spermatid"	"perfect match"	"SN115"	NA	4
"TCTCTAAGTACGCTGC"	""	"ERX6700410"	"ERP132577"	"testis"	"Spermatocytes"	NA	NA	NA	"CL:0000017"	"spermatocyte"	"perfect match"	"SN115"	NA	5
"TCTCTAAGTTCGTTGA"	""	"ERX6700410"	"ERP132577"	"testis"	"Round_spermatids"	NA	NA	NA	"CL:4030036"	"early spermatid"	"perfect match"	"SN115"	NA	1
"TCTCTAATCAACGGCC"	""	"ERX6700410"	"ERP132577"	"testis"	"Other_somatic"	NA	NA	NA	"CL:0002371"	"somatic cell"	"perfect match"	"SN115"	NA	2
"TCTCTAATCTCGGACG"	""	"ERX6700410"	"ERP132577"	"testis"	"Round_spermatids"	NA	NA	NA	"CL:4030036"	"early spermatid"	"perfect match"	"SN115"	NA	1
"TCTCTAATCTCTTATG"	""	"ERX6700410"	"ERP132577"	"testis"	"Round_spermatids"	NA	NA	NA	"CL:4030036"	"early spermatid"	"perfect match"	"SN115"	NA	1
"TCTCTAATCTGGGCCA"	""	"ERX6700410"	"ERP132577"	"testis"	"Round_spermatids"	NA	NA	NA	"CL:4030036"	"early spermatid"	"perfect match"	"SN115"	NA	1
"TCTGAGAAGAGACGAA"	""	"ERX6700410"	"ERP132577"	"testis"	"Elongated_spermatids"	NA	NA	NA	"CL:4030037"	"late spermatid"	"perfect match"	"SN115"	NA	4
"TCTGAGAAGGGCTTGA"	""	"ERX6700410"	"ERP132577"	"testis"	"Spermatocytes"	NA	NA	NA	"CL:0000017"	"spermatocyte"	"perfect match"	"SN115"	NA	5
"TCTGAGAAGTTAGGTA"	""	"ERX6700410"	"ERP132577"	"testis"	"Other_somatic"	NA	NA	NA	"CL:0002371"	"somatic cell"	"perfect match"	"SN115"	NA	2
"TCTGAGACATCCCACT"	""	"ERX6700410"	"ERP132577"	"testis"	"Round_spermatids"	NA	NA	NA	"CL:4030036"	"early spermatid"	"perfect match"	"SN115"	NA	1
"TCTGAGAGTTGGACCC"	""	"ERX6700410"	"ERP132577"	"testis"	"Round_spermatids"	NA	NA	NA	"CL:4030036"	"early spermatid"	"perfect match"	"SN115"	NA	1
"TCTGGAAAGGTTACCT"	""	"ERX6700410"	"ERP132577"	"testis"	"Other_somatic"	NA	NA	NA	"CL:0002371"	"somatic cell"	"perfect match"	"SN115"	NA	2
"TCTGGAAAGTATTGGA"	""	"ERX6700410"	"ERP132577"	"testis"	"Elongated_spermatids"	NA	NA	NA	"CL:4030037"	"late spermatid"	"perfect match"	"SN115"	NA	4
"TCTGGAACAACTGGCC"	""	"ERX6700410"	"ERP132577"	"testis"	"Round_spermatids"	NA	NA	NA	"CL:4030036"	"early spermatid"	"perfect match"	"SN115"	NA	1
"TCTGGAATCCCTAATT"	""	"ERX6700410"	"ERP132577"	"testis"	"Round_spermatids"	NA	NA	NA	"CL:4030036"	"early spermatid"	"perfect match"	"SN115"	NA	1
"TCTGGAATCGCTTGTC"	""	"ERX6700410"	"ERP132577"	"testis"	"Elongated_spermatids"	NA	NA	NA	"CL:4030037"	"late spermatid"	"perfect match"	"SN115"	NA	4
"TCTTCGGGTCCCTTGT"	""	"ERX6700410"	"ERP132577"	"testis"	"Other_somatic"	NA	NA	NA	"CL:0002371"	"somatic cell"	"perfect match"	"SN115"	NA	2
"TCTTCGGTCATCATTC"	""	"ERX6700410"	"ERP132577"	"testis"	"Sertoli"	NA	NA	NA	"CL:0000216"	"Sertoli cell"	"perfect match"	"SN115"	NA	3
"TCTTCGGTCGCGATCG"	""	"ERX6700410"	"ERP132577"	"testis"	"Elongated_spermatids"	NA	NA	NA	"CL:4030037"	"late spermatid"	"perfect match"	"SN115"	NA	4
"TCTTCGGTCTCAAGTG"	""	"ERX6700410"	"ERP132577"	"testis"	"Spermatogonia"	NA	NA	NA	"CL:0000020"	"spermatogonium"	"perfect match"	"SN115"	NA	6
"TCTTTCCCACCGCTAG"	""	"ERX6700410"	"ERP132577"	"testis"	"Other_somatic"	NA	NA	NA	"CL:0002371"	"somatic cell"	"perfect match"	"SN115"	NA	2
"TCTTTCCCACGAAATA"	""	"ERX6700410"	"ERP132577"	"testis"	"Round_spermatids"	NA	NA	NA	"CL:4030036"	"early spermatid"	"perfect match"	"SN115"	NA	1
"TCTTTCCCATCGATGT"	""	"ERX6700410"	"ERP132577"	"testis"	"Elongated_spermatids"	NA	NA	NA	"CL:4030037"	"late spermatid"	"perfect match"	"SN115"	NA	4
"TCTTTCCTCCAAGCCG"	""	"ERX6700410"	"ERP132577"	"testis"	"Elongated_spermatids"	NA	NA	NA	"CL:4030037"	"late spermatid"	"perfect match"	"SN115"	NA	4
"TCTTTCCTCCATTCTA"	""	"ERX6700410"	"ERP132577"	"testis"	"Other_somatic"	NA	NA	NA	"CL:0002371"	"somatic cell"	"perfect match"	"SN115"	NA	2
"TGAAAGAAGAGGGCTT"	""	"ERX6700410"	"ERP132577"	"testis"	"Other_somatic"	NA	NA	NA	"CL:0002371"	"somatic cell"	"perfect match"	"SN115"	NA	2
"TGAAAGAAGTTGTAGA"	""	"ERX6700410"	"ERP132577"	"testis"	"Round_spermatids"	NA	NA	NA	"CL:4030036"	"early spermatid"	"perfect match"	"SN115"	NA	1
"TGAAAGACATTCACTT"	""	"ERX6700410"	"ERP132577"	"testis"	"Round_spermatids"	NA	NA	NA	"CL:4030036"	"early spermatid"	"perfect match"	"SN115"	NA	1
"TGAAAGAGTTGCGCAC"	""	"ERX6700410"	"ERP132577"	"testis"	"Round_spermatids"	NA	NA	NA	"CL:4030036"	"early spermatid"	"perfect match"	"SN115"	NA	1
"TGACAACAGTACGACG"	""	"ERX6700410"	"ERP132577"	"testis"	"Sertoli"	NA	NA	NA	"CL:0000216"	"Sertoli cell"	"perfect match"	"SN115"	NA	3
"TGACAACCAATCGAAA"	""	"ERX6700410"	"ERP132577"	"testis"	"Round_spermatids"	NA	NA	NA	"CL:4030036"	"early spermatid"	"perfect match"	"SN115"	NA	1
"TGACAACCACATCTTT"	""	"ERX6700410"	"ERP132577"	"testis"	"Other_somatic"	NA	NA	NA	"CL:0002371"	"somatic cell"	"perfect match"	"SN115"	NA	2
"TGACAACGTGGCCCTA"	""	"ERX6700410"	"ERP132577"	"testis"	"Other_somatic"	NA	NA	NA	"CL:0002371"	"somatic cell"	"perfect match"	"SN115"	NA	2
"TGACAACTCAGCAACT"	""	"ERX6700410"	"ERP132577"	"testis"	"Round_spermatids"	NA	NA	NA	"CL:4030036"	"early spermatid"	"perfect match"	"SN115"	NA	1
"TGACAACTCCGAGCCA"	""	"ERX6700410"	"ERP132577"	"testis"	"Other_somatic"	NA	NA	NA	"CL:0002371"	"somatic cell"	"perfect match"	"SN115"	NA	2
"TGACGGCAGAGACTAT"	""	"ERX6700410"	"ERP132577"	"testis"	"Other_somatic"	NA	NA	NA	"CL:0002371"	"somatic cell"	"perfect match"	"SN115"	NA	2
"TGACGGCAGAGGGCTT"	""	"ERX6700410"	"ERP132577"	"testis"	"Other_somatic"	NA	NA	NA	"CL:0002371"	"somatic cell"	"perfect match"	"SN115"	NA	2
"TGACGGCAGGCAAAGA"	""	"ERX6700410"	"ERP132577"	"testis"	"Elongated_spermatids"	NA	NA	NA	"CL:4030037"	"late spermatid"	"perfect match"	"SN115"	NA	4
"TGACGGCCAGCGTAAG"	""	"ERX6700410"	"ERP132577"	"testis"	"Other_somatic"	NA	NA	NA	"CL:0002371"	"somatic cell"	"perfect match"	"SN115"	NA	2
"TGACGGCGTACCGCTG"	""	"ERX6700410"	"ERP132577"	"testis"	"Sertoli"	NA	NA	NA	"CL:0000216"	"Sertoli cell"	"perfect match"	"SN115"	NA	3
"TGACGGCGTTTAGGAA"	""	"ERX6700410"	"ERP132577"	"testis"	"Round_spermatids"	NA	NA	NA	"CL:4030036"	"early spermatid"	"perfect match"	"SN115"	NA	1
"TGACGGCTCGACGGAA"	""	"ERX6700410"	"ERP132577"	"testis"	"Round_spermatids"	NA	NA	NA	"CL:4030036"	"early spermatid"	"perfect match"	"SN115"	NA	1
"TGACGGCTCGCGTAGC"	""	"ERX6700410"	"ERP132577"	"testis"	"Round_spermatids"	NA	NA	NA	"CL:4030036"	"early spermatid"	"perfect match"	"SN115"	NA	1
"TGACTAGGTAGAGTGC"	""	"ERX6700410"	"ERP132577"	"testis"	"Elongated_spermatids"	NA	NA	NA	"CL:4030037"	"late spermatid"	"perfect match"	"SN115"	NA	4
"TGACTAGTCTTCGAGA"	""	"ERX6700410"	"ERP132577"	"testis"	"Spermatogonia"	NA	NA	NA	"CL:0000020"	"spermatogonium"	"perfect match"	"SN115"	NA	6
"TGACTTTCAAGTCTGT"	""	"ERX6700410"	"ERP132577"	"testis"	"Spermatocytes"	NA	NA	NA	"CL:0000017"	"spermatocyte"	"perfect match"	"SN115"	NA	5
"TGACTTTCAATGACCT"	""	"ERX6700410"	"ERP132577"	"testis"	"Elongated_spermatids"	NA	NA	NA	"CL:4030037"	"late spermatid"	"perfect match"	"SN115"	NA	4
"TGACTTTCAATGGAAT"	""	"ERX6700410"	"ERP132577"	"testis"	"Other_somatic"	NA	NA	NA	"CL:0002371"	"somatic cell"	"perfect match"	"SN115"	NA	2
"TGACTTTCACCAGGTC"	""	"ERX6700410"	"ERP132577"	"testis"	"Elongated_spermatids"	NA	NA	NA	"CL:4030037"	"late spermatid"	"perfect match"	"SN115"	NA	4
"TGAGAGGAGACTACAA"	""	"ERX6700410"	"ERP132577"	"testis"	"Spermatocytes"	NA	NA	NA	"CL:0000017"	"spermatocyte"	"perfect match"	"SN115"	NA	5
"TGAGAGGAGACTGTAA"	""	"ERX6700410"	"ERP132577"	"testis"	"Sertoli"	NA	NA	NA	"CL:0000216"	"Sertoli cell"	"perfect match"	"SN115"	NA	3
"TGAGAGGAGCTAGTTC"	""	"ERX6700410"	"ERP132577"	"testis"	"Other_somatic"	NA	NA	NA	"CL:0002371"	"somatic cell"	"perfect match"	"SN115"	NA	2
"TGAGAGGCAAGAGGCT"	""	"ERX6700410"	"ERP132577"	"testis"	"Round_spermatids"	NA	NA	NA	"CL:4030036"	"early spermatid"	"perfect match"	"SN115"	NA	1
"TGAGAGGCAAGCGAGT"	""	"ERX6700410"	"ERP132577"	"testis"	"Round_spermatids"	NA	NA	NA	"CL:4030036"	"early spermatid"	"perfect match"	"SN115"	NA	1
"TGAGAGGCATAAGACA"	""	"ERX6700410"	"ERP132577"	"testis"	"Elongated_spermatids"	NA	NA	NA	"CL:4030037"	"late spermatid"	"perfect match"	"SN115"	NA	4
"TGAGAGGGTCATGCAT"	""	"ERX6700410"	"ERP132577"	"testis"	"Other_somatic"	NA	NA	NA	"CL:0002371"	"somatic cell"	"perfect match"	"SN115"	NA	2
"TGAGAGGTCAGTACGT"	""	"ERX6700410"	"ERP132577"	"testis"	"Spermatogonia"	NA	NA	NA	"CL:0000020"	"spermatogonium"	"perfect match"	"SN115"	NA	6
"TGAGAGGTCGGTCTAA"	""	"ERX6700410"	"ERP132577"	"testis"	"Round_spermatids"	NA	NA	NA	"CL:4030036"	"early spermatid"	"perfect match"	"SN115"	NA	1
"TGAGCATCACGAGGTA"	""	"ERX6700410"	"ERP132577"	"testis"	"Round_spermatids"	NA	NA	NA	"CL:4030036"	"early spermatid"	"perfect match"	"SN115"	NA	1
"TGAGCATTCTGGGCCA"	""	"ERX6700410"	"ERP132577"	"testis"	"Round_spermatids"	NA	NA	NA	"CL:4030036"	"early spermatid"	"perfect match"	"SN115"	NA	1
"TGAGCCGAGAAGGTGA"	""	"ERX6700410"	"ERP132577"	"testis"	"Other_somatic"	NA	NA	NA	"CL:0002371"	"somatic cell"	"perfect match"	"SN115"	NA	2
"TGAGCCGAGGGAGTAA"	""	"ERX6700410"	"ERP132577"	"testis"	"Other_somatic"	NA	NA	NA	"CL:0002371"	"somatic cell"	"perfect match"	"SN115"	NA	2
"TGAGCCGAGTTTAGGA"	""	"ERX6700410"	"ERP132577"	"testis"	"Elongated_spermatids"	NA	NA	NA	"CL:4030037"	"late spermatid"	"perfect match"	"SN115"	NA	4
"TGAGCCGGTCACACGC"	""	"ERX6700410"	"ERP132577"	"testis"	"Round_spermatids"	NA	NA	NA	"CL:4030036"	"early spermatid"	"perfect match"	"SN115"	NA	1
"TGAGCCGGTCATTAGC"	""	"ERX6700410"	"ERP132577"	"testis"	"Round_spermatids"	NA	NA	NA	"CL:4030036"	"early spermatid"	"perfect match"	"SN115"	NA	1
"TGAGCCGTCACAGGCC"	""	"ERX6700410"	"ERP132577"	"testis"	"Sertoli"	NA	NA	NA	"CL:0000216"	"Sertoli cell"	"perfect match"	"SN115"	NA	3
"TGAGCCGTCCCGACTT"	""	"ERX6700410"	"ERP132577"	"testis"	"Round_spermatids"	NA	NA	NA	"CL:4030036"	"early spermatid"	"perfect match"	"SN115"	NA	1
"TGAGGGAAGGAGTTGC"	""	"ERX6700410"	"ERP132577"	"testis"	"Elongated_spermatids"	NA	NA	NA	"CL:4030037"	"late spermatid"	"perfect match"	"SN115"	NA	4
"TGAGGGACACATAACC"	""	"ERX6700410"	"ERP132577"	"testis"	"Other_somatic"	NA	NA	NA	"CL:0002371"	"somatic cell"	"perfect match"	"SN115"	NA	2
"TGAGGGACACGGATAG"	""	"ERX6700410"	"ERP132577"	"testis"	"Elongated_spermatids"	NA	NA	NA	"CL:4030037"	"late spermatid"	"perfect match"	"SN115"	NA	4
"TGAGGGACATATGCTG"	""	"ERX6700410"	"ERP132577"	"testis"	"Other_somatic"	NA	NA	NA	"CL:0002371"	"somatic cell"	"perfect match"	"SN115"	NA	2
"TGAGGGACATGCCACG"	""	"ERX6700410"	"ERP132577"	"testis"	"Round_spermatids"	NA	NA	NA	"CL:4030036"	"early spermatid"	"perfect match"	"SN115"	NA	1
"TGAGGGAGTACCCAAT"	""	"ERX6700410"	"ERP132577"	"testis"	"Other_somatic"	NA	NA	NA	"CL:0002371"	"somatic cell"	"perfect match"	"SN115"	NA	2
"TGAGGGAGTCACCCAG"	""	"ERX6700410"	"ERP132577"	"testis"	"Elongated_spermatids"	NA	NA	NA	"CL:4030037"	"late spermatid"	"perfect match"	"SN115"	NA	4
"TGAGGGAGTGACGCCT"	""	"ERX6700410"	"ERP132577"	"testis"	"Elongated_spermatids"	NA	NA	NA	"CL:4030037"	"late spermatid"	"perfect match"	"SN115"	NA	4
"TGAGGGATCACTTATC"	""	"ERX6700410"	"ERP132577"	"testis"	"Elongated_spermatids"	NA	NA	NA	"CL:4030037"	"late spermatid"	"perfect match"	"SN115"	NA	4
"TGATTTCCAAGCGATG"	""	"ERX6700410"	"ERP132577"	"testis"	"Sertoli"	NA	NA	NA	"CL:0000216"	"Sertoli cell"	"perfect match"	"SN115"	NA	3
"TGATTTCGTACCGCTG"	""	"ERX6700410"	"ERP132577"	"testis"	"Round_spermatids"	NA	NA	NA	"CL:4030036"	"early spermatid"	"perfect match"	"SN115"	NA	1
"TGATTTCTCAGAAATG"	""	"ERX6700410"	"ERP132577"	"testis"	"Sertoli"	NA	NA	NA	"CL:0000216"	"Sertoli cell"	"perfect match"	"SN115"	NA	3
"TGATTTCTCGGTGTCG"	""	"ERX6700410"	"ERP132577"	"testis"	"Round_spermatids"	NA	NA	NA	"CL:4030036"	"early spermatid"	"perfect match"	"SN115"	NA	1
"TGATTTCTCGTGGTCG"	""	"ERX6700410"	"ERP132577"	"testis"	"Spermatogonia"	NA	NA	NA	"CL:0000020"	"spermatogonium"	"perfect match"	"SN115"	NA	6
"TGCACCTAGCTGTTCA"	""	"ERX6700410"	"ERP132577"	"testis"	"Elongated_spermatids"	NA	NA	NA	"CL:4030037"	"late spermatid"	"perfect match"	"SN115"	NA	4
"TGCACCTCAACACGCC"	""	"ERX6700410"	"ERP132577"	"testis"	"Round_spermatids"	NA	NA	NA	"CL:4030036"	"early spermatid"	"perfect match"	"SN115"	NA	1
"TGCACCTCACTGCCAG"	""	"ERX6700410"	"ERP132577"	"testis"	"Spermatocytes"	NA	NA	NA	"CL:0000017"	"spermatocyte"	"perfect match"	"SN115"	NA	5
"TGCACCTGTCGATTGT"	""	"ERX6700410"	"ERP132577"	"testis"	"Other_somatic"	NA	NA	NA	"CL:0002371"	"somatic cell"	"perfect match"	"SN115"	NA	2
"TGCCAAAAGCTCCCAG"	""	"ERX6700410"	"ERP132577"	"testis"	"Round_spermatids"	NA	NA	NA	"CL:4030036"	"early spermatid"	"perfect match"	"SN115"	NA	1
"TGCCAAAAGGAGTTGC"	""	"ERX6700410"	"ERP132577"	"testis"	"Sertoli"	NA	NA	NA	"CL:0000216"	"Sertoli cell"	"perfect match"	"SN115"	NA	3
"TGCCAAAAGTTTCCTT"	""	"ERX6700410"	"ERP132577"	"testis"	"Other_somatic"	NA	NA	NA	"CL:0002371"	"somatic cell"	"perfect match"	"SN115"	NA	2
"TGCCAAAGTCGGATCC"	""	"ERX6700410"	"ERP132577"	"testis"	"Other_somatic"	NA	NA	NA	"CL:0002371"	"somatic cell"	"perfect match"	"SN115"	NA	2
"TGCCCATAGACGCTTT"	""	"ERX6700410"	"ERP132577"	"testis"	"Elongated_spermatids"	NA	NA	NA	"CL:4030037"	"late spermatid"	"perfect match"	"SN115"	NA	4
"TGCCCATAGCCCTAAT"	""	"ERX6700410"	"ERP132577"	"testis"	"Other_somatic"	NA	NA	NA	"CL:0002371"	"somatic cell"	"perfect match"	"SN115"	NA	2
"TGCCCATAGTTGCAGG"	""	"ERX6700410"	"ERP132577"	"testis"	"Other_somatic"	NA	NA	NA	"CL:0002371"	"somatic cell"	"perfect match"	"SN115"	NA	2
"TGCCCATCAAGGTTTC"	""	"ERX6700410"	"ERP132577"	"testis"	"Round_spermatids"	NA	NA	NA	"CL:4030036"	"early spermatid"	"perfect match"	"SN115"	NA	1
"TGCCCATCAGAAGCAC"	""	"ERX6700410"	"ERP132577"	"testis"	"Elongated_spermatids"	NA	NA	NA	"CL:4030037"	"late spermatid"	"perfect match"	"SN115"	NA	4
"TGCCCATCATTATCTC"	""	"ERX6700410"	"ERP132577"	"testis"	"Other_somatic"	NA	NA	NA	"CL:0002371"	"somatic cell"	"perfect match"	"SN115"	NA	2
"TGCCCATGTATAATGG"	""	"ERX6700410"	"ERP132577"	"testis"	"Other_somatic"	NA	NA	NA	"CL:0002371"	"somatic cell"	"perfect match"	"SN115"	NA	2
"TGCCCATGTATCACCA"	""	"ERX6700410"	"ERP132577"	"testis"	"Sertoli"	NA	NA	NA	"CL:0000216"	"Sertoli cell"	"perfect match"	"SN115"	NA	3
"TGCCCATGTTCCATGA"	""	"ERX6700410"	"ERP132577"	"testis"	"Sertoli"	NA	NA	NA	"CL:0000216"	"Sertoli cell"	"perfect match"	"SN115"	NA	3
"TGCCCATTCACTCTTA"	""	"ERX6700410"	"ERP132577"	"testis"	"Elongated_spermatids"	NA	NA	NA	"CL:4030037"	"late spermatid"	"perfect match"	"SN115"	NA	4
"TGCCCATTCGCGATCG"	""	"ERX6700410"	"ERP132577"	"testis"	"Elongated_spermatids"	NA	NA	NA	"CL:4030037"	"late spermatid"	"perfect match"	"SN115"	NA	4
"TGCCCTAAGCTAAGAT"	""	"ERX6700410"	"ERP132577"	"testis"	"Round_spermatids"	NA	NA	NA	"CL:4030036"	"early spermatid"	"perfect match"	"SN115"	NA	1
"TGCCCTAAGGATGGAA"	""	"ERX6700410"	"ERP132577"	"testis"	"Other_somatic"	NA	NA	NA	"CL:0002371"	"somatic cell"	"perfect match"	"SN115"	NA	2
"TGCCCTAAGGTTACCT"	""	"ERX6700410"	"ERP132577"	"testis"	"Other_somatic"	NA	NA	NA	"CL:0002371"	"somatic cell"	"perfect match"	"SN115"	NA	2
"TGCCCTACACAACTGT"	""	"ERX6700410"	"ERP132577"	"testis"	"Other_somatic"	NA	NA	NA	"CL:0002371"	"somatic cell"	"perfect match"	"SN115"	NA	2
"TGCCCTACAGTGAGTG"	""	"ERX6700410"	"ERP132577"	"testis"	"Round_spermatids"	NA	NA	NA	"CL:4030036"	"early spermatid"	"perfect match"	"SN115"	NA	1
"TGCCCTACATTCTCAT"	""	"ERX6700410"	"ERP132577"	"testis"	"Round_spermatids"	NA	NA	NA	"CL:4030036"	"early spermatid"	"perfect match"	"SN115"	NA	1
"TGCCCTAGTCAACATC"	""	"ERX6700410"	"ERP132577"	"testis"	"Round_spermatids"	NA	NA	NA	"CL:4030036"	"early spermatid"	"perfect match"	"SN115"	NA	1
"TGCCCTAGTGTAACGG"	""	"ERX6700410"	"ERP132577"	"testis"	"Round_spermatids"	NA	NA	NA	"CL:4030036"	"early spermatid"	"perfect match"	"SN115"	NA	1
"TGCCCTATCGACCAGC"	""	"ERX6700410"	"ERP132577"	"testis"	"Elongated_spermatids"	NA	NA	NA	"CL:4030037"	"late spermatid"	"perfect match"	"SN115"	NA	4
"TGCCCTATCGCCTGTT"	""	"ERX6700410"	"ERP132577"	"testis"	"Other_somatic"	NA	NA	NA	"CL:0002371"	"somatic cell"	"perfect match"	"SN115"	NA	2
"TGCCCTATCTGAGTGT"	""	"ERX6700410"	"ERP132577"	"testis"	"Elongated_spermatids"	NA	NA	NA	"CL:4030037"	"late spermatid"	"perfect match"	"SN115"	NA	4
"TGCGCAGAGCAGGTCA"	""	"ERX6700410"	"ERP132577"	"testis"	"Elongated_spermatids"	NA	NA	NA	"CL:4030037"	"late spermatid"	"perfect match"	"SN115"	NA	4
"TGCGCAGCACAGGAGT"	""	"ERX6700410"	"ERP132577"	"testis"	"Elongated_spermatids"	NA	NA	NA	"CL:4030037"	"late spermatid"	"perfect match"	"SN115"	NA	4
"TGCGCAGGTAAGTAGT"	""	"ERX6700410"	"ERP132577"	"testis"	"Other_somatic"	NA	NA	NA	"CL:0002371"	"somatic cell"	"perfect match"	"SN115"	NA	2
"TGCGCAGTCCGCAGTG"	""	"ERX6700410"	"ERP132577"	"testis"	"Spermatogonia"	NA	NA	NA	"CL:0000020"	"spermatogonium"	"perfect match"	"SN115"	NA	6
"TGCGGGTAGAAACCGC"	""	"ERX6700410"	"ERP132577"	"testis"	"Round_spermatids"	NA	NA	NA	"CL:4030036"	"early spermatid"	"perfect match"	"SN115"	NA	1
"TGCGGGTAGAAGAAGC"	""	"ERX6700410"	"ERP132577"	"testis"	"Elongated_spermatids"	NA	NA	NA	"CL:4030037"	"late spermatid"	"perfect match"	"SN115"	NA	4
"TGCGGGTCATTTCACT"	""	"ERX6700410"	"ERP132577"	"testis"	"Elongated_spermatids"	NA	NA	NA	"CL:4030037"	"late spermatid"	"perfect match"	"SN115"	NA	4
"TGCGGGTTCAAGGTAA"	""	"ERX6700410"	"ERP132577"	"testis"	"Spermatocytes"	NA	NA	NA	"CL:0000017"	"spermatocyte"	"perfect match"	"SN115"	NA	5
"TGCGGGTTCACTTACT"	""	"ERX6700410"	"ERP132577"	"testis"	"Round_spermatids"	NA	NA	NA	"CL:4030036"	"early spermatid"	"perfect match"	"SN115"	NA	1
"TGCGGGTTCCATGAAC"	""	"ERX6700410"	"ERP132577"	"testis"	"Round_spermatids"	NA	NA	NA	"CL:4030036"	"early spermatid"	"perfect match"	"SN115"	NA	1
"TGCGTGGAGAGTACCG"	""	"ERX6700410"	"ERP132577"	"testis"	"Other_somatic"	NA	NA	NA	"CL:0002371"	"somatic cell"	"perfect match"	"SN115"	NA	2
"TGCGTGGAGAGTCTGG"	""	"ERX6700410"	"ERP132577"	"testis"	"Other_somatic"	NA	NA	NA	"CL:0002371"	"somatic cell"	"perfect match"	"SN115"	NA	2
"TGCGTGGCACCGCTAG"	""	"ERX6700410"	"ERP132577"	"testis"	"Other_somatic"	NA	NA	NA	"CL:0002371"	"somatic cell"	"perfect match"	"SN115"	NA	2
"TGCGTGGCAGCCAATT"	""	"ERX6700410"	"ERP132577"	"testis"	"Other_somatic"	NA	NA	NA	"CL:0002371"	"somatic cell"	"perfect match"	"SN115"	NA	2
"TGCGTGGCAGTCAGAG"	""	"ERX6700410"	"ERP132577"	"testis"	"Elongated_spermatids"	NA	NA	NA	"CL:4030037"	"late spermatid"	"perfect match"	"SN115"	NA	4
"TGCGTGGCATTCCTCG"	""	"ERX6700410"	"ERP132577"	"testis"	"Elongated_spermatids"	NA	NA	NA	"CL:4030037"	"late spermatid"	"perfect match"	"SN115"	NA	4
"TGCGTGGGTGCTAGCC"	""	"ERX6700410"	"ERP132577"	"testis"	"Elongated_spermatids"	NA	NA	NA	"CL:4030037"	"late spermatid"	"perfect match"	"SN115"	NA	4
"TGCGTGGGTTGAGTTC"	""	"ERX6700410"	"ERP132577"	"testis"	"Round_spermatids"	NA	NA	NA	"CL:4030036"	"early spermatid"	"perfect match"	"SN115"	NA	1
"TGCTACCCAAGAAAGG"	""	"ERX6700410"	"ERP132577"	"testis"	"Other_somatic"	NA	NA	NA	"CL:0002371"	"somatic cell"	"perfect match"	"SN115"	NA	2
"TGCTACCGTACTTGAC"	""	"ERX6700410"	"ERP132577"	"testis"	"Elongated_spermatids"	NA	NA	NA	"CL:4030037"	"late spermatid"	"perfect match"	"SN115"	NA	4
"TGCTACCGTTATGTGC"	""	"ERX6700410"	"ERP132577"	"testis"	"Round_spermatids"	NA	NA	NA	"CL:4030036"	"early spermatid"	"perfect match"	"SN115"	NA	1
"TGCTACCTCCGCAGTG"	""	"ERX6700410"	"ERP132577"	"testis"	"Round_spermatids"	NA	NA	NA	"CL:4030036"	"early spermatid"	"perfect match"	"SN115"	NA	1
"TGCTACCTCGCCAGCA"	""	"ERX6700410"	"ERP132577"	"testis"	"Round_spermatids"	NA	NA	NA	"CL:4030036"	"early spermatid"	"perfect match"	"SN115"	NA	1
"TGCTACCTCTCCAGGG"	""	"ERX6700410"	"ERP132577"	"testis"	"Round_spermatids"	NA	NA	NA	"CL:4030036"	"early spermatid"	"perfect match"	"SN115"	NA	1
"TGCTACCTCTGCTTGC"	""	"ERX6700410"	"ERP132577"	"testis"	"Other_somatic"	NA	NA	NA	"CL:0002371"	"somatic cell"	"perfect match"	"SN115"	NA	2
"TGCTGCTAGCCACGCT"	""	"ERX6700410"	"ERP132577"	"testis"	"Other_somatic"	NA	NA	NA	"CL:0002371"	"somatic cell"	"perfect match"	"SN115"	NA	2
"TGCTGCTCAGAGCCAA"	""	"ERX6700410"	"ERP132577"	"testis"	"Other_somatic"	NA	NA	NA	"CL:0002371"	"somatic cell"	"perfect match"	"SN115"	NA	2
"TGCTGCTCAGCTGCAC"	""	"ERX6700410"	"ERP132577"	"testis"	"Elongated_spermatids"	NA	NA	NA	"CL:4030037"	"late spermatid"	"perfect match"	"SN115"	NA	4
"TGCTGCTCAGGTTTCA"	""	"ERX6700410"	"ERP132577"	"testis"	"Round_spermatids"	NA	NA	NA	"CL:4030036"	"early spermatid"	"perfect match"	"SN115"	NA	1
"TGCTGCTGTGCTCTTC"	""	"ERX6700410"	"ERP132577"	"testis"	"Elongated_spermatids"	NA	NA	NA	"CL:4030037"	"late spermatid"	"perfect match"	"SN115"	NA	4
"TGCTGCTTCTTCGGTC"	""	"ERX6700410"	"ERP132577"	"testis"	"Elongated_spermatids"	NA	NA	NA	"CL:4030037"	"late spermatid"	"perfect match"	"SN115"	NA	4
"TGGACGCAGCCCAGCT"	""	"ERX6700410"	"ERP132577"	"testis"	"Round_spermatids"	NA	NA	NA	"CL:4030036"	"early spermatid"	"perfect match"	"SN115"	NA	1
"TGGACGCAGCTGCGAA"	""	"ERX6700410"	"ERP132577"	"testis"	"Other_somatic"	NA	NA	NA	"CL:0002371"	"somatic cell"	"perfect match"	"SN115"	NA	2
"TGGACGCAGGACGAAA"	""	"ERX6700410"	"ERP132577"	"testis"	"Spermatocytes"	NA	NA	NA	"CL:0000017"	"spermatocyte"	"perfect match"	"SN115"	NA	5
"TGGACGCAGTCCATAC"	""	"ERX6700410"	"ERP132577"	"testis"	"Sertoli"	NA	NA	NA	"CL:0000216"	"Sertoli cell"	"perfect match"	"SN115"	NA	3
"TGGACGCCACAAGTAA"	""	"ERX6700410"	"ERP132577"	"testis"	"Elongated_spermatids"	NA	NA	NA	"CL:4030037"	"late spermatid"	"perfect match"	"SN115"	NA	4
"TGGACGCCACCTCGGA"	""	"ERX6700410"	"ERP132577"	"testis"	"Sertoli"	NA	NA	NA	"CL:0000216"	"Sertoli cell"	"perfect match"	"SN115"	NA	3
"TGGACGCCAGTGACAG"	""	"ERX6700410"	"ERP132577"	"testis"	"Other_somatic"	NA	NA	NA	"CL:0002371"	"somatic cell"	"perfect match"	"SN115"	NA	2
"TGGACGCGTGTTGGGA"	""	"ERX6700410"	"ERP132577"	"testis"	"Other_somatic"	NA	NA	NA	"CL:0002371"	"somatic cell"	"perfect match"	"SN115"	NA	2
"TGGACGCTCAACCAAC"	""	"ERX6700410"	"ERP132577"	"testis"	"Other_somatic"	NA	NA	NA	"CL:0002371"	"somatic cell"	"perfect match"	"SN115"	NA	2
"TGGACGCTCTCGATGA"	""	"ERX6700410"	"ERP132577"	"testis"	"Elongated_spermatids"	NA	NA	NA	"CL:4030037"	"late spermatid"	"perfect match"	"SN115"	NA	4
"TGGCCAGAGACTAGGC"	""	"ERX6700410"	"ERP132577"	"testis"	"Spermatocytes"	NA	NA	NA	"CL:0000017"	"spermatocyte"	"perfect match"	"SN115"	NA	5
"TGGCCAGAGCCTTGAT"	""	"ERX6700410"	"ERP132577"	"testis"	"Other_somatic"	NA	NA	NA	"CL:0002371"	"somatic cell"	"perfect match"	"SN115"	NA	2
"TGGCCAGCACCATGTA"	""	"ERX6700410"	"ERP132577"	"testis"	"Other_somatic"	NA	NA	NA	"CL:0002371"	"somatic cell"	"perfect match"	"SN115"	NA	2
"TGGCCAGCACGGTAGA"	""	"ERX6700410"	"ERP132577"	"testis"	"Elongated_spermatids"	NA	NA	NA	"CL:4030037"	"late spermatid"	"perfect match"	"SN115"	NA	4
"TGGCCAGCAGCGTAAG"	""	"ERX6700410"	"ERP132577"	"testis"	"Other_somatic"	NA	NA	NA	"CL:0002371"	"somatic cell"	"perfect match"	"SN115"	NA	2
"TGGCCAGCAGGAATGC"	""	"ERX6700410"	"ERP132577"	"testis"	"Elongated_spermatids"	NA	NA	NA	"CL:4030037"	"late spermatid"	"perfect match"	"SN115"	NA	4
"TGGCCAGGTAACGCGA"	""	"ERX6700410"	"ERP132577"	"testis"	"Round_spermatids"	NA	NA	NA	"CL:4030036"	"early spermatid"	"perfect match"	"SN115"	NA	1
"TGGCCAGGTCATGCCG"	""	"ERX6700410"	"ERP132577"	"testis"	"Elongated_spermatids"	NA	NA	NA	"CL:4030037"	"late spermatid"	"perfect match"	"SN115"	NA	4
"TGGCCAGTCCCATTTA"	""	"ERX6700410"	"ERP132577"	"testis"	"Spermatocytes"	NA	NA	NA	"CL:0000017"	"spermatocyte"	"perfect match"	"SN115"	NA	5
"TGGCCAGTCTTCGGTC"	""	"ERX6700410"	"ERP132577"	"testis"	"Round_spermatids"	NA	NA	NA	"CL:4030036"	"early spermatid"	"perfect match"	"SN115"	NA	1
"TGGCGCAAGCACAGGT"	""	"ERX6700410"	"ERP132577"	"testis"	"Spermatogonia"	NA	NA	NA	"CL:0000020"	"spermatogonium"	"perfect match"	"SN115"	NA	6
"TGGCGCAAGCCCAATT"	""	"ERX6700410"	"ERP132577"	"testis"	"Round_spermatids"	NA	NA	NA	"CL:4030036"	"early spermatid"	"perfect match"	"SN115"	NA	1
"TGGCGCAAGTCACGCC"	""	"ERX6700410"	"ERP132577"	"testis"	"Spermatocytes"	NA	NA	NA	"CL:0000017"	"spermatocyte"	"perfect match"	"SN115"	NA	5
"TGGCGCACAATGTTGC"	""	"ERX6700410"	"ERP132577"	"testis"	"Other_somatic"	NA	NA	NA	"CL:0002371"	"somatic cell"	"perfect match"	"SN115"	NA	2
"TGGCGCAGTCCTCTTG"	""	"ERX6700410"	"ERP132577"	"testis"	"Round_spermatids"	NA	NA	NA	"CL:4030036"	"early spermatid"	"perfect match"	"SN115"	NA	1
"TGGCGCAGTCGCATCG"	""	"ERX6700410"	"ERP132577"	"testis"	"Round_spermatids"	NA	NA	NA	"CL:4030036"	"early spermatid"	"perfect match"	"SN115"	NA	1
"TGGCGCATCGCATGGC"	""	"ERX6700410"	"ERP132577"	"testis"	"Spermatocytes"	NA	NA	NA	"CL:0000017"	"spermatocyte"	"perfect match"	"SN115"	NA	5
"TGGCGCATCTGACCTC"	""	"ERX6700410"	"ERP132577"	"testis"	"Round_spermatids"	NA	NA	NA	"CL:4030036"	"early spermatid"	"perfect match"	"SN115"	NA	1
"TGGCGCATCTGGTTCC"	""	"ERX6700410"	"ERP132577"	"testis"	"Other_somatic"	NA	NA	NA	"CL:0002371"	"somatic cell"	"perfect match"	"SN115"	NA	2
"TGGCGCATCTTGCATT"	""	"ERX6700410"	"ERP132577"	"testis"	"Other_somatic"	NA	NA	NA	"CL:0002371"	"somatic cell"	"perfect match"	"SN115"	NA	2
"TGGCGCATCTTGCCGT"	""	"ERX6700410"	"ERP132577"	"testis"	"Other_somatic"	NA	NA	NA	"CL:0002371"	"somatic cell"	"perfect match"	"SN115"	NA	2
"TGGCGCATCTTTACGT"	""	"ERX6700410"	"ERP132577"	"testis"	"Round_spermatids"	NA	NA	NA	"CL:4030036"	"early spermatid"	"perfect match"	"SN115"	NA	1
"TGGCTGGCAGCTGGCT"	""	"ERX6700410"	"ERP132577"	"testis"	"Round_spermatids"	NA	NA	NA	"CL:4030036"	"early spermatid"	"perfect match"	"SN115"	NA	1
"TGGCTGGGTACCAGTT"	""	"ERX6700410"	"ERP132577"	"testis"	"Elongated_spermatids"	NA	NA	NA	"CL:4030037"	"late spermatid"	"perfect match"	"SN115"	NA	4
"TGGCTGGGTCAAAGAT"	""	"ERX6700410"	"ERP132577"	"testis"	"Spermatogonia"	NA	NA	NA	"CL:0000020"	"spermatogonium"	"perfect match"	"SN115"	NA	6
"TGGCTGGGTGTAATGA"	""	"ERX6700410"	"ERP132577"	"testis"	"Round_spermatids"	NA	NA	NA	"CL:4030036"	"early spermatid"	"perfect match"	"SN115"	NA	1
"TGGCTGGGTTAAGAAC"	""	"ERX6700410"	"ERP132577"	"testis"	"Other_somatic"	NA	NA	NA	"CL:0002371"	"somatic cell"	"perfect match"	"SN115"	NA	2
"TGGCTGGTCACAATGC"	""	"ERX6700410"	"ERP132577"	"testis"	"Sertoli"	NA	NA	NA	"CL:0000216"	"Sertoli cell"	"perfect match"	"SN115"	NA	3
"TGGCTGGTCGCGTTTC"	""	"ERX6700410"	"ERP132577"	"testis"	"Round_spermatids"	NA	NA	NA	"CL:4030036"	"early spermatid"	"perfect match"	"SN115"	NA	1
"TGGGAAGAGACTAAGT"	""	"ERX6700410"	"ERP132577"	"testis"	"Round_spermatids"	NA	NA	NA	"CL:4030036"	"early spermatid"	"perfect match"	"SN115"	NA	1
"TGGGAAGAGACTGTAA"	""	"ERX6700410"	"ERP132577"	"testis"	"Spermatocytes"	NA	NA	NA	"CL:0000017"	"spermatocyte"	"perfect match"	"SN115"	NA	5
"TGGGAAGAGATTACCC"	""	"ERX6700410"	"ERP132577"	"testis"	"Other_somatic"	NA	NA	NA	"CL:0002371"	"somatic cell"	"perfect match"	"SN115"	NA	2
"TGGGAAGCAGTAAGAT"	""	"ERX6700410"	"ERP132577"	"testis"	"Other_somatic"	NA	NA	NA	"CL:0002371"	"somatic cell"	"perfect match"	"SN115"	NA	2
"TGGGAAGCATACGCTA"	""	"ERX6700410"	"ERP132577"	"testis"	"Elongated_spermatids"	NA	NA	NA	"CL:4030037"	"late spermatid"	"perfect match"	"SN115"	NA	4
"TGGGAAGCATCACGAT"	""	"ERX6700410"	"ERP132577"	"testis"	"Elongated_spermatids"	NA	NA	NA	"CL:4030037"	"late spermatid"	"perfect match"	"SN115"	NA	4
"TGGGAAGGTCCGACGT"	""	"ERX6700410"	"ERP132577"	"testis"	"Elongated_spermatids"	NA	NA	NA	"CL:4030037"	"late spermatid"	"perfect match"	"SN115"	NA	4
"TGGGAAGGTCTCCATC"	""	"ERX6700410"	"ERP132577"	"testis"	"Round_spermatids"	NA	NA	NA	"CL:4030036"	"early spermatid"	"perfect match"	"SN115"	NA	1
"TGGGAAGTCGATAGAA"	""	"ERX6700410"	"ERP132577"	"testis"	"Other_somatic"	NA	NA	NA	"CL:0002371"	"somatic cell"	"perfect match"	"SN115"	NA	2
"TGGGAAGTCGCCTGTT"	""	"ERX6700410"	"ERP132577"	"testis"	"Elongated_spermatids"	NA	NA	NA	"CL:4030037"	"late spermatid"	"perfect match"	"SN115"	NA	4
"TGGGAAGTCTGCTGCT"	""	"ERX6700410"	"ERP132577"	"testis"	"Elongated_spermatids"	NA	NA	NA	"CL:4030037"	"late spermatid"	"perfect match"	"SN115"	NA	4
"TGGGCGTAGAGCTATA"	""	"ERX6700410"	"ERP132577"	"testis"	"Other_somatic"	NA	NA	NA	"CL:0002371"	"somatic cell"	"perfect match"	"SN115"	NA	2
"TGGGCGTCAATTCCTT"	""	"ERX6700410"	"ERP132577"	"testis"	"Spermatocytes"	NA	NA	NA	"CL:0000017"	"spermatocyte"	"perfect match"	"SN115"	NA	5
"TGGGCGTCACCAGGCT"	""	"ERX6700410"	"ERP132577"	"testis"	"Other_somatic"	NA	NA	NA	"CL:0002371"	"somatic cell"	"perfect match"	"SN115"	NA	2
"TGGGCGTCACTATCTT"	""	"ERX6700410"	"ERP132577"	"testis"	"Elongated_spermatids"	NA	NA	NA	"CL:4030037"	"late spermatid"	"perfect match"	"SN115"	NA	4
"TGGGCGTCATTTGCTT"	""	"ERX6700410"	"ERP132577"	"testis"	"Round_spermatids"	NA	NA	NA	"CL:4030036"	"early spermatid"	"perfect match"	"SN115"	NA	1
"TGGGCGTGTACCATCA"	""	"ERX6700410"	"ERP132577"	"testis"	"Other_somatic"	NA	NA	NA	"CL:0002371"	"somatic cell"	"perfect match"	"SN115"	NA	2
"TGGGCGTGTTCACCTC"	""	"ERX6700410"	"ERP132577"	"testis"	"Round_spermatids"	NA	NA	NA	"CL:4030036"	"early spermatid"	"perfect match"	"SN115"	NA	1
"TGGGCGTTCACCAGGC"	""	"ERX6700410"	"ERP132577"	"testis"	"Sertoli"	NA	NA	NA	"CL:0000216"	"Sertoli cell"	"perfect match"	"SN115"	NA	3
"TGGGCGTTCAGAGGTG"	""	"ERX6700410"	"ERP132577"	"testis"	"Round_spermatids"	NA	NA	NA	"CL:4030036"	"early spermatid"	"perfect match"	"SN115"	NA	1
"TGGGCGTTCCCTCTTT"	""	"ERX6700410"	"ERP132577"	"testis"	"Sertoli"	NA	NA	NA	"CL:0000216"	"Sertoli cell"	"perfect match"	"SN115"	NA	3
"TGGGCGTTCGGAATCT"	""	"ERX6700410"	"ERP132577"	"testis"	"Other_somatic"	NA	NA	NA	"CL:0002371"	"somatic cell"	"perfect match"	"SN115"	NA	2
"TGGGCGTTCTTCAACT"	""	"ERX6700410"	"ERP132577"	"testis"	"Round_spermatids"	NA	NA	NA	"CL:4030036"	"early spermatid"	"perfect match"	"SN115"	NA	1
"TGGTTAGCAGCCAGAA"	""	"ERX6700410"	"ERP132577"	"testis"	"Other_somatic"	NA	NA	NA	"CL:0002371"	"somatic cell"	"perfect match"	"SN115"	NA	2
"TGGTTAGCAGTTCCCT"	""	"ERX6700410"	"ERP132577"	"testis"	"Elongated_spermatids"	NA	NA	NA	"CL:4030037"	"late spermatid"	"perfect match"	"SN115"	NA	4
"TGGTTAGCATTGGCGC"	""	"ERX6700410"	"ERP132577"	"testis"	"Sertoli"	NA	NA	NA	"CL:0000216"	"Sertoli cell"	"perfect match"	"SN115"	NA	3
"TGGTTAGGTGCCTTGG"	""	"ERX6700410"	"ERP132577"	"testis"	"Elongated_spermatids"	NA	NA	NA	"CL:4030037"	"late spermatid"	"perfect match"	"SN115"	NA	4
"TGGTTAGGTTGGAGGT"	""	"ERX6700410"	"ERP132577"	"testis"	"Round_spermatids"	NA	NA	NA	"CL:4030036"	"early spermatid"	"perfect match"	"SN115"	NA	1
"TGTATTCAGAAGAAGC"	""	"ERX6700410"	"ERP132577"	"testis"	"Round_spermatids"	NA	NA	NA	"CL:4030036"	"early spermatid"	"perfect match"	"SN115"	NA	1
"TGTATTCAGTGGGATC"	""	"ERX6700410"	"ERP132577"	"testis"	"Elongated_spermatids"	NA	NA	NA	"CL:4030037"	"late spermatid"	"perfect match"	"SN115"	NA	4
"TGTATTCAGTGGTCCC"	""	"ERX6700410"	"ERP132577"	"testis"	"Elongated_spermatids"	NA	NA	NA	"CL:4030037"	"late spermatid"	"perfect match"	"SN115"	NA	4
"TGTATTCCATGCAACT"	""	"ERX6700410"	"ERP132577"	"testis"	"Round_spermatids"	NA	NA	NA	"CL:4030036"	"early spermatid"	"perfect match"	"SN115"	NA	1
"TGTATTCTCAATAAGG"	""	"ERX6700410"	"ERP132577"	"testis"	"Other_somatic"	NA	NA	NA	"CL:0002371"	"somatic cell"	"perfect match"	"SN115"	NA	2
"TGTATTCTCTGCAAGT"	""	"ERX6700410"	"ERP132577"	"testis"	"Round_spermatids"	NA	NA	NA	"CL:4030036"	"early spermatid"	"perfect match"	"SN115"	NA	1
"TGTATTCTCTGCGTAA"	""	"ERX6700410"	"ERP132577"	"testis"	"Round_spermatids"	NA	NA	NA	"CL:4030036"	"early spermatid"	"perfect match"	"SN115"	NA	1
"TGTCCCAAGGTGGGTT"	""	"ERX6700410"	"ERP132577"	"testis"	"Round_spermatids"	NA	NA	NA	"CL:4030036"	"early spermatid"	"perfect match"	"SN115"	NA	1
"TGTCCCACACTTCTGC"	""	"ERX6700410"	"ERP132577"	"testis"	"Round_spermatids"	NA	NA	NA	"CL:4030036"	"early spermatid"	"perfect match"	"SN115"	NA	1
"TGTCCCACATGGTAGG"	""	"ERX6700410"	"ERP132577"	"testis"	"Elongated_spermatids"	NA	NA	NA	"CL:4030037"	"late spermatid"	"perfect match"	"SN115"	NA	4
"TGTCCCAGTAAGTGGC"	""	"ERX6700410"	"ERP132577"	"testis"	"Round_spermatids"	NA	NA	NA	"CL:4030036"	"early spermatid"	"perfect match"	"SN115"	NA	1
"TGTCCCATCGATCCCT"	""	"ERX6700410"	"ERP132577"	"testis"	"Sertoli"	NA	NA	NA	"CL:0000216"	"Sertoli cell"	"perfect match"	"SN115"	NA	3
"TGTGGTAGTCACTGGC"	""	"ERX6700410"	"ERP132577"	"testis"	"Spermatocytes"	NA	NA	NA	"CL:0000017"	"spermatocyte"	"perfect match"	"SN115"	NA	5
"TGTGGTAGTCCCGACA"	""	"ERX6700410"	"ERP132577"	"testis"	"Other_somatic"	NA	NA	NA	"CL:0002371"	"somatic cell"	"perfect match"	"SN115"	NA	2
"TGTGGTATCACATAGC"	""	"ERX6700410"	"ERP132577"	"testis"	"Elongated_spermatids"	NA	NA	NA	"CL:4030037"	"late spermatid"	"perfect match"	"SN115"	NA	4
"TGTGGTATCACGCGGT"	""	"ERX6700410"	"ERP132577"	"testis"	"Spermatogonia"	NA	NA	NA	"CL:0000020"	"spermatogonium"	"perfect match"	"SN115"	NA	6
"TGTGGTATCCACTGGG"	""	"ERX6700410"	"ERP132577"	"testis"	"Elongated_spermatids"	NA	NA	NA	"CL:4030037"	"late spermatid"	"perfect match"	"SN115"	NA	4
"TGTGGTATCGTAGGAG"	""	"ERX6700410"	"ERP132577"	"testis"	"Elongated_spermatids"	NA	NA	NA	"CL:4030037"	"late spermatid"	"perfect match"	"SN115"	NA	4
"TGTGGTATCGTTACGA"	""	"ERX6700410"	"ERP132577"	"testis"	"Round_spermatids"	NA	NA	NA	"CL:4030036"	"early spermatid"	"perfect match"	"SN115"	NA	1
"TGTGTTTAGGACGAAA"	""	"ERX6700410"	"ERP132577"	"testis"	"Elongated_spermatids"	NA	NA	NA	"CL:4030037"	"late spermatid"	"perfect match"	"SN115"	NA	4
"TGTGTTTGTATTAGCC"	""	"ERX6700410"	"ERP132577"	"testis"	"Round_spermatids"	NA	NA	NA	"CL:4030036"	"early spermatid"	"perfect match"	"SN115"	NA	1
"TGTGTTTGTCCCTACT"	""	"ERX6700410"	"ERP132577"	"testis"	"Round_spermatids"	NA	NA	NA	"CL:4030036"	"early spermatid"	"perfect match"	"SN115"	NA	1
"TGTGTTTTCCCGGATG"	""	"ERX6700410"	"ERP132577"	"testis"	"Elongated_spermatids"	NA	NA	NA	"CL:4030037"	"late spermatid"	"perfect match"	"SN115"	NA	4
"TGTGTTTTCTACTTAC"	""	"ERX6700410"	"ERP132577"	"testis"	"Round_spermatids"	NA	NA	NA	"CL:4030036"	"early spermatid"	"perfect match"	"SN115"	NA	1
"TGTTCCGAGCCGGTAA"	""	"ERX6700410"	"ERP132577"	"testis"	"Other_somatic"	NA	NA	NA	"CL:0002371"	"somatic cell"	"perfect match"	"SN115"	NA	2
"TGTTCCGAGCGGATCA"	""	"ERX6700410"	"ERP132577"	"testis"	"Other_somatic"	NA	NA	NA	"CL:0002371"	"somatic cell"	"perfect match"	"SN115"	NA	2
"TGTTCCGCAGGTTTCA"	""	"ERX6700410"	"ERP132577"	"testis"	"Elongated_spermatids"	NA	NA	NA	"CL:4030037"	"late spermatid"	"perfect match"	"SN115"	NA	4
"TGTTCCGGTGCGATAG"	""	"ERX6700410"	"ERP132577"	"testis"	"Sertoli"	NA	NA	NA	"CL:0000216"	"Sertoli cell"	"perfect match"	"SN115"	NA	3
"TGTTCCGGTTACGCGC"	""	"ERX6700410"	"ERP132577"	"testis"	"Other_somatic"	NA	NA	NA	"CL:0002371"	"somatic cell"	"perfect match"	"SN115"	NA	2
"TGTTCCGTCCTTGCCA"	""	"ERX6700410"	"ERP132577"	"testis"	"Other_somatic"	NA	NA	NA	"CL:0002371"	"somatic cell"	"perfect match"	"SN115"	NA	2
"TTAACTCGTAATAGCA"	""	"ERX6700410"	"ERP132577"	"testis"	"Elongated_spermatids"	NA	NA	NA	"CL:4030037"	"late spermatid"	"perfect match"	"SN115"	NA	4
"TTAGGACAGTTCGATC"	""	"ERX6700410"	"ERP132577"	"testis"	"Other_somatic"	NA	NA	NA	"CL:0002371"	"somatic cell"	"perfect match"	"SN115"	NA	2
"TTAGGACCAAGTCATC"	""	"ERX6700410"	"ERP132577"	"testis"	"Round_spermatids"	NA	NA	NA	"CL:4030036"	"early spermatid"	"perfect match"	"SN115"	NA	1
"TTAGGACCACGGATAG"	""	"ERX6700410"	"ERP132577"	"testis"	"Round_spermatids"	NA	NA	NA	"CL:4030036"	"early spermatid"	"perfect match"	"SN115"	NA	1
"TTAGGACGTAGCGCAA"	""	"ERX6700410"	"ERP132577"	"testis"	"Other_somatic"	NA	NA	NA	"CL:0002371"	"somatic cell"	"perfect match"	"SN115"	NA	2
"TTAGGACGTGCTGTAT"	""	"ERX6700410"	"ERP132577"	"testis"	"Elongated_spermatids"	NA	NA	NA	"CL:4030037"	"late spermatid"	"perfect match"	"SN115"	NA	4
"TTAGGACGTGTGAATA"	""	"ERX6700410"	"ERP132577"	"testis"	"Other_somatic"	NA	NA	NA	"CL:0002371"	"somatic cell"	"perfect match"	"SN115"	NA	2
"TTAGGCACAAACCTAC"	""	"ERX6700410"	"ERP132577"	"testis"	"Other_somatic"	NA	NA	NA	"CL:0002371"	"somatic cell"	"perfect match"	"SN115"	NA	2
"TTAGGCACATGATCCA"	""	"ERX6700410"	"ERP132577"	"testis"	"Other_somatic"	NA	NA	NA	"CL:0002371"	"somatic cell"	"perfect match"	"SN115"	NA	2
"TTAGGCAGTCAATGTC"	""	"ERX6700410"	"ERP132577"	"testis"	"Round_spermatids"	NA	NA	NA	"CL:4030036"	"early spermatid"	"perfect match"	"SN115"	NA	1
"TTAGGCAGTGGCGAAT"	""	"ERX6700410"	"ERP132577"	"testis"	"Elongated_spermatids"	NA	NA	NA	"CL:4030037"	"late spermatid"	"perfect match"	"SN115"	NA	4
"TTAGGCATCGCTGATA"	""	"ERX6700410"	"ERP132577"	"testis"	"Spermatogonia"	NA	NA	NA	"CL:0000020"	"spermatogonium"	"perfect match"	"SN115"	NA	6
"TTAGGCATCGGATGGA"	""	"ERX6700410"	"ERP132577"	"testis"	"Elongated_spermatids"	NA	NA	NA	"CL:4030037"	"late spermatid"	"perfect match"	"SN115"	NA	4
"TTAGGCATCGGTGTCG"	""	"ERX6700410"	"ERP132577"	"testis"	"Elongated_spermatids"	NA	NA	NA	"CL:4030037"	"late spermatid"	"perfect match"	"SN115"	NA	4
"TTAGTTCAGAGAGCTC"	""	"ERX6700410"	"ERP132577"	"testis"	"Other_somatic"	NA	NA	NA	"CL:0002371"	"somatic cell"	"perfect match"	"SN115"	NA	2
"TTAGTTCCAGTGGAGT"	""	"ERX6700410"	"ERP132577"	"testis"	"Other_somatic"	NA	NA	NA	"CL:0002371"	"somatic cell"	"perfect match"	"SN115"	NA	2
"TTAGTTCGTAAACACA"	""	"ERX6700410"	"ERP132577"	"testis"	"Elongated_spermatids"	NA	NA	NA	"CL:4030037"	"late spermatid"	"perfect match"	"SN115"	NA	4
"TTAGTTCTCGTCTGCT"	""	"ERX6700410"	"ERP132577"	"testis"	"Spermatogonia"	NA	NA	NA	"CL:0000020"	"spermatogonium"	"perfect match"	"SN115"	NA	6
"TTATGCTAGCAGATCG"	""	"ERX6700410"	"ERP132577"	"testis"	"Elongated_spermatids"	NA	NA	NA	"CL:4030037"	"late spermatid"	"perfect match"	"SN115"	NA	4
"TTATGCTAGTGTCCAT"	""	"ERX6700410"	"ERP132577"	"testis"	"Other_somatic"	NA	NA	NA	"CL:0002371"	"somatic cell"	"perfect match"	"SN115"	NA	2
"TTATGCTCACGGCGTT"	""	"ERX6700410"	"ERP132577"	"testis"	"Elongated_spermatids"	NA	NA	NA	"CL:4030037"	"late spermatid"	"perfect match"	"SN115"	NA	4
"TTATGCTGTAGTAGTA"	""	"ERX6700410"	"ERP132577"	"testis"	"Spermatogonia"	NA	NA	NA	"CL:0000020"	"spermatogonium"	"perfect match"	"SN115"	NA	6
"TTATGCTGTGACAAAT"	""	"ERX6700410"	"ERP132577"	"testis"	"Round_spermatids"	NA	NA	NA	"CL:4030036"	"early spermatid"	"perfect match"	"SN115"	NA	1
"TTATGCTGTTGTGGAG"	""	"ERX6700410"	"ERP132577"	"testis"	"Round_spermatids"	NA	NA	NA	"CL:4030036"	"early spermatid"	"perfect match"	"SN115"	NA	1
"TTCCCAGAGTAGCGGT"	""	"ERX6700410"	"ERP132577"	"testis"	"Spermatocytes"	NA	NA	NA	"CL:0000017"	"spermatocyte"	"perfect match"	"SN115"	NA	5
"TTCCCAGCAGACGCCT"	""	"ERX6700410"	"ERP132577"	"testis"	"Round_spermatids"	NA	NA	NA	"CL:4030036"	"early spermatid"	"perfect match"	"SN115"	NA	1
"TTCCCAGCAGGCTGAA"	""	"ERX6700410"	"ERP132577"	"testis"	"Other_somatic"	NA	NA	NA	"CL:0002371"	"somatic cell"	"perfect match"	"SN115"	NA	2
"TTCCCAGGTGGTAACG"	""	"ERX6700410"	"ERP132577"	"testis"	"Spermatogonia"	NA	NA	NA	"CL:0000020"	"spermatogonium"	"perfect match"	"SN115"	NA	6
"TTCCCAGTCAACGAAA"	""	"ERX6700410"	"ERP132577"	"testis"	"Other_somatic"	NA	NA	NA	"CL:0002371"	"somatic cell"	"perfect match"	"SN115"	NA	2
"TTCCCAGTCTCACATT"	""	"ERX6700410"	"ERP132577"	"testis"	"Elongated_spermatids"	NA	NA	NA	"CL:4030037"	"late spermatid"	"perfect match"	"SN115"	NA	4
"TTCCCAGTCTTCATGT"	""	"ERX6700410"	"ERP132577"	"testis"	"Elongated_spermatids"	NA	NA	NA	"CL:4030037"	"late spermatid"	"perfect match"	"SN115"	NA	4
"TTCGAAGAGAAGCCCA"	""	"ERX6700410"	"ERP132577"	"testis"	"Round_spermatids"	NA	NA	NA	"CL:4030036"	"early spermatid"	"perfect match"	"SN115"	NA	1
"TTCGAAGAGAGGGCTT"	""	"ERX6700410"	"ERP132577"	"testis"	"Round_spermatids"	NA	NA	NA	"CL:4030036"	"early spermatid"	"perfect match"	"SN115"	NA	1
"TTCGAAGAGCCGATTT"	""	"ERX6700410"	"ERP132577"	"testis"	"Other_somatic"	NA	NA	NA	"CL:0002371"	"somatic cell"	"perfect match"	"SN115"	NA	2
"TTCGAAGCAGGCAGTA"	""	"ERX6700410"	"ERP132577"	"testis"	"Other_somatic"	NA	NA	NA	"CL:0002371"	"somatic cell"	"perfect match"	"SN115"	NA	2
"TTCGAAGCAGTCGTGC"	""	"ERX6700410"	"ERP132577"	"testis"	"Round_spermatids"	NA	NA	NA	"CL:4030036"	"early spermatid"	"perfect match"	"SN115"	NA	1
"TTCGAAGGTCAACTGT"	""	"ERX6700410"	"ERP132577"	"testis"	"Elongated_spermatids"	NA	NA	NA	"CL:4030037"	"late spermatid"	"perfect match"	"SN115"	NA	4
"TTCGGTCCACACCGAC"	""	"ERX6700410"	"ERP132577"	"testis"	"Other_somatic"	NA	NA	NA	"CL:0002371"	"somatic cell"	"perfect match"	"SN115"	NA	2
"TTCGGTCCACGAAGCA"	""	"ERX6700410"	"ERP132577"	"testis"	"Spermatocytes"	NA	NA	NA	"CL:0000017"	"spermatocyte"	"perfect match"	"SN115"	NA	5
"TTCGGTCTCATTTGGG"	""	"ERX6700410"	"ERP132577"	"testis"	"Other_somatic"	NA	NA	NA	"CL:0002371"	"somatic cell"	"perfect match"	"SN115"	NA	2
"TTCGGTCTCCACTGGG"	""	"ERX6700410"	"ERP132577"	"testis"	"Other_somatic"	NA	NA	NA	"CL:0002371"	"somatic cell"	"perfect match"	"SN115"	NA	2
"TTCGGTCTCGGATGGA"	""	"ERX6700410"	"ERP132577"	"testis"	"Round_spermatids"	NA	NA	NA	"CL:4030036"	"early spermatid"	"perfect match"	"SN115"	NA	1
"TTCTACAAGCTGTTCA"	""	"ERX6700410"	"ERP132577"	"testis"	"Other_somatic"	NA	NA	NA	"CL:0002371"	"somatic cell"	"perfect match"	"SN115"	NA	2
"TTCTACAAGGGCATGT"	""	"ERX6700410"	"ERP132577"	"testis"	"Other_somatic"	NA	NA	NA	"CL:0002371"	"somatic cell"	"perfect match"	"SN115"	NA	2
"TTCTACACACAAGACG"	""	"ERX6700410"	"ERP132577"	"testis"	"Spermatocytes"	NA	NA	NA	"CL:0000017"	"spermatocyte"	"perfect match"	"SN115"	NA	5
"TTCTACACAGACGCAA"	""	"ERX6700410"	"ERP132577"	"testis"	"Round_spermatids"	NA	NA	NA	"CL:4030036"	"early spermatid"	"perfect match"	"SN115"	NA	1
"TTCTACAGTAGCTCCG"	""	"ERX6700410"	"ERP132577"	"testis"	"Round_spermatids"	NA	NA	NA	"CL:4030036"	"early spermatid"	"perfect match"	"SN115"	NA	1
"TTCTACAGTCCAGTTA"	""	"ERX6700410"	"ERP132577"	"testis"	"Round_spermatids"	NA	NA	NA	"CL:4030036"	"early spermatid"	"perfect match"	"SN115"	NA	1
"TTCTACAGTTGCTCCT"	""	"ERX6700410"	"ERP132577"	"testis"	"Elongated_spermatids"	NA	NA	NA	"CL:4030037"	"late spermatid"	"perfect match"	"SN115"	NA	4
"TTCTACATCACCACCT"	""	"ERX6700410"	"ERP132577"	"testis"	"Round_spermatids"	NA	NA	NA	"CL:4030036"	"early spermatid"	"perfect match"	"SN115"	NA	1
"TTCTACATCGGTGTTA"	""	"ERX6700410"	"ERP132577"	"testis"	"Other_somatic"	NA	NA	NA	"CL:0002371"	"somatic cell"	"perfect match"	"SN115"	NA	2
"TTCTACATCGTGGGAA"	""	"ERX6700410"	"ERP132577"	"testis"	"Other_somatic"	NA	NA	NA	"CL:0002371"	"somatic cell"	"perfect match"	"SN115"	NA	2
"TTCTCAACAAGCGAGT"	""	"ERX6700410"	"ERP132577"	"testis"	"Round_spermatids"	NA	NA	NA	"CL:4030036"	"early spermatid"	"perfect match"	"SN115"	NA	1
"TTCTCAACACATCCGG"	""	"ERX6700410"	"ERP132577"	"testis"	"Sertoli"	NA	NA	NA	"CL:0000216"	"Sertoli cell"	"perfect match"	"SN115"	NA	3
"TTCTCAACACGAAATA"	""	"ERX6700410"	"ERP132577"	"testis"	"Round_spermatids"	NA	NA	NA	"CL:4030036"	"early spermatid"	"perfect match"	"SN115"	NA	1
"TTCTCAAGTACACCGC"	""	"ERX6700410"	"ERP132577"	"testis"	"Spermatogonia"	NA	NA	NA	"CL:0000020"	"spermatogonium"	"perfect match"	"SN115"	NA	6
"TTCTCAAGTGCACCAC"	""	"ERX6700410"	"ERP132577"	"testis"	"Sertoli"	NA	NA	NA	"CL:0000216"	"Sertoli cell"	"perfect match"	"SN115"	NA	3
"TTCTCAATCATCGGAT"	""	"ERX6700410"	"ERP132577"	"testis"	"Spermatocytes"	NA	NA	NA	"CL:0000017"	"spermatocyte"	"perfect match"	"SN115"	NA	5
"TTCTCAATCCGTCAAA"	""	"ERX6700410"	"ERP132577"	"testis"	"Round_spermatids"	NA	NA	NA	"CL:4030036"	"early spermatid"	"perfect match"	"SN115"	NA	1
"TTCTCCTTCACATACG"	""	"ERX6700410"	"ERP132577"	"testis"	"Other_somatic"	NA	NA	NA	"CL:0002371"	"somatic cell"	"perfect match"	"SN115"	NA	2
"TTCTCCTTCCTCCTAG"	""	"ERX6700410"	"ERP132577"	"testis"	"Other_somatic"	NA	NA	NA	"CL:0002371"	"somatic cell"	"perfect match"	"SN115"	NA	2
"TTCTCCTTCTCTTATG"	""	"ERX6700410"	"ERP132577"	"testis"	"Elongated_spermatids"	NA	NA	NA	"CL:4030037"	"late spermatid"	"perfect match"	"SN115"	NA	4
"TTCTCCTTCTGTACGA"	""	"ERX6700410"	"ERP132577"	"testis"	"Round_spermatids"	NA	NA	NA	"CL:4030036"	"early spermatid"	"perfect match"	"SN115"	NA	1
"TTCTTAGAGAAACCGC"	""	"ERX6700410"	"ERP132577"	"testis"	"Round_spermatids"	NA	NA	NA	"CL:4030036"	"early spermatid"	"perfect match"	"SN115"	NA	1
"TTCTTAGAGTGACTCT"	""	"ERX6700410"	"ERP132577"	"testis"	"Other_somatic"	NA	NA	NA	"CL:0002371"	"somatic cell"	"perfect match"	"SN115"	NA	2
"TTCTTAGCAGGAACGT"	""	"ERX6700410"	"ERP132577"	"testis"	"Other_somatic"	NA	NA	NA	"CL:0002371"	"somatic cell"	"perfect match"	"SN115"	NA	2
"TTCTTAGCATCCAACA"	""	"ERX6700410"	"ERP132577"	"testis"	"Elongated_spermatids"	NA	NA	NA	"CL:4030037"	"late spermatid"	"perfect match"	"SN115"	NA	4
"TTCTTAGCATCGATTG"	""	"ERX6700410"	"ERP132577"	"testis"	"Other_somatic"	NA	NA	NA	"CL:0002371"	"somatic cell"	"perfect match"	"SN115"	NA	2
"TTCTTAGCATGCCTAA"	""	"ERX6700410"	"ERP132577"	"testis"	"Round_spermatids"	NA	NA	NA	"CL:4030036"	"early spermatid"	"perfect match"	"SN115"	NA	1
"TTCTTAGGTGCACGAA"	""	"ERX6700410"	"ERP132577"	"testis"	"Round_spermatids"	NA	NA	NA	"CL:4030036"	"early spermatid"	"perfect match"	"SN115"	NA	1
"TTCTTAGTCGAGCCCA"	""	"ERX6700410"	"ERP132577"	"testis"	"Elongated_spermatids"	NA	NA	NA	"CL:4030037"	"late spermatid"	"perfect match"	"SN115"	NA	4
"TTCTTAGTCGGCTACG"	""	"ERX6700410"	"ERP132577"	"testis"	"Other_somatic"	NA	NA	NA	"CL:0002371"	"somatic cell"	"perfect match"	"SN115"	NA	2
"TTGAACGAGGCCGAAT"	""	"ERX6700410"	"ERP132577"	"testis"	"Round_spermatids"	NA	NA	NA	"CL:4030036"	"early spermatid"	"perfect match"	"SN115"	NA	1
"TTGAACGCAGGACCCT"	""	"ERX6700410"	"ERP132577"	"testis"	"Other_somatic"	NA	NA	NA	"CL:0002371"	"somatic cell"	"perfect match"	"SN115"	NA	2
"TTGAACGCAGGGTTAG"	""	"ERX6700410"	"ERP132577"	"testis"	"Other_somatic"	NA	NA	NA	"CL:0002371"	"somatic cell"	"perfect match"	"SN115"	NA	2
"TTGAACGGTCTAGTCA"	""	"ERX6700410"	"ERP132577"	"testis"	"Other_somatic"	NA	NA	NA	"CL:0002371"	"somatic cell"	"perfect match"	"SN115"	NA	2
"TTGAACGGTTTGCATG"	""	"ERX6700410"	"ERP132577"	"testis"	"Spermatogonia"	NA	NA	NA	"CL:0000020"	"spermatogonium"	"perfect match"	"SN115"	NA	6
"TTGAACGTCTATCGCC"	""	"ERX6700410"	"ERP132577"	"testis"	"Other_somatic"	NA	NA	NA	"CL:0002371"	"somatic cell"	"perfect match"	"SN115"	NA	2
"TTGACTTAGAGACTAT"	""	"ERX6700410"	"ERP132577"	"testis"	"Round_spermatids"	NA	NA	NA	"CL:4030036"	"early spermatid"	"perfect match"	"SN115"	NA	1
"TTGACTTAGGCCCTCA"	""	"ERX6700410"	"ERP132577"	"testis"	"Elongated_spermatids"	NA	NA	NA	"CL:4030037"	"late spermatid"	"perfect match"	"SN115"	NA	4
"TTGACTTAGTGGTAAT"	""	"ERX6700410"	"ERP132577"	"testis"	"Spermatocytes"	NA	NA	NA	"CL:0000017"	"spermatocyte"	"perfect match"	"SN115"	NA	5
"TTGCCGTCACAGGCCT"	""	"ERX6700410"	"ERP132577"	"testis"	"Other_somatic"	NA	NA	NA	"CL:0002371"	"somatic cell"	"perfect match"	"SN115"	NA	2
"TTGCCGTCAGTATCTG"	""	"ERX6700410"	"ERP132577"	"testis"	"Elongated_spermatids"	NA	NA	NA	"CL:4030037"	"late spermatid"	"perfect match"	"SN115"	NA	4
"TTGCCGTCATACTACG"	""	"ERX6700410"	"ERP132577"	"testis"	"Other_somatic"	NA	NA	NA	"CL:0002371"	"somatic cell"	"perfect match"	"SN115"	NA	2
"TTGCCGTCATGGGAAC"	""	"ERX6700410"	"ERP132577"	"testis"	"Elongated_spermatids"	NA	NA	NA	"CL:4030037"	"late spermatid"	"perfect match"	"SN115"	NA	4
"TTGCCGTTCACAGGCC"	""	"ERX6700410"	"ERP132577"	"testis"	"Spermatogonia"	NA	NA	NA	"CL:0000020"	"spermatogonium"	"perfect match"	"SN115"	NA	6
"TTGCCGTTCCGAAGAG"	""	"ERX6700410"	"ERP132577"	"testis"	"Elongated_spermatids"	NA	NA	NA	"CL:4030037"	"late spermatid"	"perfect match"	"SN115"	NA	4
"TTGCCGTTCCGTTGTC"	""	"ERX6700410"	"ERP132577"	"testis"	"Round_spermatids"	NA	NA	NA	"CL:4030036"	"early spermatid"	"perfect match"	"SN115"	NA	1
"TTGCGTCAGCTCCTTC"	""	"ERX6700410"	"ERP132577"	"testis"	"Spermatocytes"	NA	NA	NA	"CL:0000017"	"spermatocyte"	"perfect match"	"SN115"	NA	5
"TTGCGTCAGGGAAACA"	""	"ERX6700410"	"ERP132577"	"testis"	"Round_spermatids"	NA	NA	NA	"CL:4030036"	"early spermatid"	"perfect match"	"SN115"	NA	1
"TTGCGTCCAAACCTAC"	""	"ERX6700410"	"ERP132577"	"testis"	"Sertoli"	NA	NA	NA	"CL:0000216"	"Sertoli cell"	"perfect match"	"SN115"	NA	3
"TTGCGTCTCAGTCAGT"	""	"ERX6700410"	"ERP132577"	"testis"	"Other_somatic"	NA	NA	NA	"CL:0002371"	"somatic cell"	"perfect match"	"SN115"	NA	2
"TTGCGTCTCGTGGTCG"	""	"ERX6700410"	"ERP132577"	"testis"	"Elongated_spermatids"	NA	NA	NA	"CL:4030037"	"late spermatid"	"perfect match"	"SN115"	NA	4
"TTGGAACAGTTGTAGA"	""	"ERX6700410"	"ERP132577"	"testis"	"Other_somatic"	NA	NA	NA	"CL:0002371"	"somatic cell"	"perfect match"	"SN115"	NA	2
"TTGGAACCAAGCCTAT"	""	"ERX6700410"	"ERP132577"	"testis"	"Other_somatic"	NA	NA	NA	"CL:0002371"	"somatic cell"	"perfect match"	"SN115"	NA	2
"TTGGAACCACACTGCG"	""	"ERX6700410"	"ERP132577"	"testis"	"Spermatogonia"	NA	NA	NA	"CL:0000020"	"spermatogonium"	"perfect match"	"SN115"	NA	6
"TTGGAACCAGATCTGT"	""	"ERX6700410"	"ERP132577"	"testis"	"Round_spermatids"	NA	NA	NA	"CL:4030036"	"early spermatid"	"perfect match"	"SN115"	NA	1
"TTGGAACGTCGGCACT"	""	"ERX6700410"	"ERP132577"	"testis"	"Round_spermatids"	NA	NA	NA	"CL:4030036"	"early spermatid"	"perfect match"	"SN115"	NA	1
"TTGGAACTCCTTGGTC"	""	"ERX6700410"	"ERP132577"	"testis"	"Round_spermatids"	NA	NA	NA	"CL:4030036"	"early spermatid"	"perfect match"	"SN115"	NA	1
"TTGGAACTCTATGTGG"	""	"ERX6700410"	"ERP132577"	"testis"	"Elongated_spermatids"	NA	NA	NA	"CL:4030037"	"late spermatid"	"perfect match"	"SN115"	NA	4
"TTGGCAAAGAATTGTG"	""	"ERX6700410"	"ERP132577"	"testis"	"Other_somatic"	NA	NA	NA	"CL:0002371"	"somatic cell"	"perfect match"	"SN115"	NA	2
"TTGGCAAAGTCACGCC"	""	"ERX6700410"	"ERP132577"	"testis"	"Round_spermatids"	NA	NA	NA	"CL:4030036"	"early spermatid"	"perfect match"	"SN115"	NA	1
"TTGGCAACAAACCTAC"	""	"ERX6700410"	"ERP132577"	"testis"	"Elongated_spermatids"	NA	NA	NA	"CL:4030037"	"late spermatid"	"perfect match"	"SN115"	NA	4
"TTGGCAACACGACTCG"	""	"ERX6700410"	"ERP132577"	"testis"	"Round_spermatids"	NA	NA	NA	"CL:4030036"	"early spermatid"	"perfect match"	"SN115"	NA	1
"TTGGCAACATTCGACA"	""	"ERX6700410"	"ERP132577"	"testis"	"Elongated_spermatids"	NA	NA	NA	"CL:4030037"	"late spermatid"	"perfect match"	"SN115"	NA	4
"TTGGCAAGTTCACGGC"	""	"ERX6700410"	"ERP132577"	"testis"	"Sertoli"	NA	NA	NA	"CL:0000216"	"Sertoli cell"	"perfect match"	"SN115"	NA	3
"TTGTAGGAGTCAAGGC"	""	"ERX6700410"	"ERP132577"	"testis"	"Other_somatic"	NA	NA	NA	"CL:0002371"	"somatic cell"	"perfect match"	"SN115"	NA	2
"TTGTAGGGTAACGCGA"	""	"ERX6700410"	"ERP132577"	"testis"	"Elongated_spermatids"	NA	NA	NA	"CL:4030037"	"late spermatid"	"perfect match"	"SN115"	NA	4
"TTGTAGGGTACAGACG"	""	"ERX6700410"	"ERP132577"	"testis"	"Other_somatic"	NA	NA	NA	"CL:0002371"	"somatic cell"	"perfect match"	"SN115"	NA	2
"TTGTAGGTCCGAGCCA"	""	"ERX6700410"	"ERP132577"	"testis"	"Sertoli"	NA	NA	NA	"CL:0000216"	"Sertoli cell"	"perfect match"	"SN115"	NA	3
"TTGTAGGTCCTCCTAG"	""	"ERX6700410"	"ERP132577"	"testis"	"Other_somatic"	NA	NA	NA	"CL:0002371"	"somatic cell"	"perfect match"	"SN115"	NA	2
"TTTACTGAGTCTCGGC"	""	"ERX6700410"	"ERP132577"	"testis"	"Round_spermatids"	NA	NA	NA	"CL:4030036"	"early spermatid"	"perfect match"	"SN115"	NA	1
"TTTACTGCATCCTTGC"	""	"ERX6700410"	"ERP132577"	"testis"	"Round_spermatids"	NA	NA	NA	"CL:4030036"	"early spermatid"	"perfect match"	"SN115"	NA	1
"TTTACTGCATGGTTGT"	""	"ERX6700410"	"ERP132577"	"testis"	"Elongated_spermatids"	NA	NA	NA	"CL:4030037"	"late spermatid"	"perfect match"	"SN115"	NA	4
"TTTACTGGTACCAGTT"	""	"ERX6700410"	"ERP132577"	"testis"	"Sertoli"	NA	NA	NA	"CL:0000216"	"Sertoli cell"	"perfect match"	"SN115"	NA	3
"TTTACTGGTCCGAACC"	""	"ERX6700410"	"ERP132577"	"testis"	"Elongated_spermatids"	NA	NA	NA	"CL:4030037"	"late spermatid"	"perfect match"	"SN115"	NA	4
"TTTACTGGTGTTTGGT"	""	"ERX6700410"	"ERP132577"	"testis"	"Other_somatic"	NA	NA	NA	"CL:0002371"	"somatic cell"	"perfect match"	"SN115"	NA	2
"TTTACTGTCACGACTA"	""	"ERX6700410"	"ERP132577"	"testis"	"Round_spermatids"	NA	NA	NA	"CL:4030036"	"early spermatid"	"perfect match"	"SN115"	NA	1
"TTTACTGTCCCAACGG"	""	"ERX6700410"	"ERP132577"	"testis"	"Sertoli"	NA	NA	NA	"CL:0000216"	"Sertoli cell"	"perfect match"	"SN115"	NA	3
"TTTACTGTCCGGCACA"	""	"ERX6700410"	"ERP132577"	"testis"	"Round_spermatids"	NA	NA	NA	"CL:4030036"	"early spermatid"	"perfect match"	"SN115"	NA	1
"TTTACTGTCCGGGTGT"	""	"ERX6700410"	"ERP132577"	"testis"	"Other_somatic"	NA	NA	NA	"CL:0002371"	"somatic cell"	"perfect match"	"SN115"	NA	2
"TTTATGCAGTAATCCC"	""	"ERX6700410"	"ERP132577"	"testis"	"Round_spermatids"	NA	NA	NA	"CL:4030036"	"early spermatid"	"perfect match"	"SN115"	NA	1
"TTTATGCAGTTAGCGG"	""	"ERX6700410"	"ERP132577"	"testis"	"Round_spermatids"	NA	NA	NA	"CL:4030036"	"early spermatid"	"perfect match"	"SN115"	NA	1
"TTTATGCCAAGCCGTC"	""	"ERX6700410"	"ERP132577"	"testis"	"Elongated_spermatids"	NA	NA	NA	"CL:4030037"	"late spermatid"	"perfect match"	"SN115"	NA	4
"TTTATGCCAATGAAAC"	""	"ERX6700410"	"ERP132577"	"testis"	"Round_spermatids"	NA	NA	NA	"CL:4030036"	"early spermatid"	"perfect match"	"SN115"	NA	1
"TTTATGCCAGTAACGG"	""	"ERX6700410"	"ERP132577"	"testis"	"Round_spermatids"	NA	NA	NA	"CL:4030036"	"early spermatid"	"perfect match"	"SN115"	NA	1
"TTTATGCGTACGCTGC"	""	"ERX6700410"	"ERP132577"	"testis"	"Elongated_spermatids"	NA	NA	NA	"CL:4030037"	"late spermatid"	"perfect match"	"SN115"	NA	4
"TTTATGCGTAGGAGTC"	""	"ERX6700410"	"ERP132577"	"testis"	"Round_spermatids"	NA	NA	NA	"CL:4030036"	"early spermatid"	"perfect match"	"SN115"	NA	1
"TTTATGCTCCACGACG"	""	"ERX6700410"	"ERP132577"	"testis"	"Round_spermatids"	NA	NA	NA	"CL:4030036"	"early spermatid"	"perfect match"	"SN115"	NA	1
"TTTATGCTCTAACCGA"	""	"ERX6700410"	"ERP132577"	"testis"	"Round_spermatids"	NA	NA	NA	"CL:4030036"	"early spermatid"	"perfect match"	"SN115"	NA	1
"TTTCCTCAGAACTGTA"	""	"ERX6700410"	"ERP132577"	"testis"	"Round_spermatids"	NA	NA	NA	"CL:4030036"	"early spermatid"	"perfect match"	"SN115"	NA	1
"TTTCCTCAGCGCTTAT"	""	"ERX6700410"	"ERP132577"	"testis"	"Other_somatic"	NA	NA	NA	"CL:0002371"	"somatic cell"	"perfect match"	"SN115"	NA	2
"TTTCCTCAGGATGGTC"	""	"ERX6700410"	"ERP132577"	"testis"	"Elongated_spermatids"	NA	NA	NA	"CL:4030037"	"late spermatid"	"perfect match"	"SN115"	NA	4
"TTTCCTCCACGGACAA"	""	"ERX6700410"	"ERP132577"	"testis"	"Elongated_spermatids"	NA	NA	NA	"CL:4030037"	"late spermatid"	"perfect match"	"SN115"	NA	4
"TTTCCTCCACGTCAGC"	""	"ERX6700410"	"ERP132577"	"testis"	"Elongated_spermatids"	NA	NA	NA	"CL:4030037"	"late spermatid"	"perfect match"	"SN115"	NA	4
"TTTCCTCCAGGACCCT"	""	"ERX6700410"	"ERP132577"	"testis"	"Round_spermatids"	NA	NA	NA	"CL:4030036"	"early spermatid"	"perfect match"	"SN115"	NA	1
"TTTCCTCCAGTATCTG"	""	"ERX6700410"	"ERP132577"	"testis"	"Sertoli"	NA	NA	NA	"CL:0000216"	"Sertoli cell"	"perfect match"	"SN115"	NA	3
"TTTCCTCCATAGAAAC"	""	"ERX6700410"	"ERP132577"	"testis"	"Other_somatic"	NA	NA	NA	"CL:0002371"	"somatic cell"	"perfect match"	"SN115"	NA	2
"TTTCCTCCATGTAGTC"	""	"ERX6700410"	"ERP132577"	"testis"	"Elongated_spermatids"	NA	NA	NA	"CL:4030037"	"late spermatid"	"perfect match"	"SN115"	NA	4
"TTTCCTCGTGTGACCC"	""	"ERX6700410"	"ERP132577"	"testis"	"Sertoli"	NA	NA	NA	"CL:0000216"	"Sertoli cell"	"perfect match"	"SN115"	NA	3
"TTTCCTCTCAGTGCAT"	""	"ERX6700410"	"ERP132577"	"testis"	"Round_spermatids"	NA	NA	NA	"CL:4030036"	"early spermatid"	"perfect match"	"SN115"	NA	1
"TTTCCTCTCTTTAGGG"	""	"ERX6700410"	"ERP132577"	"testis"	"Round_spermatids"	NA	NA	NA	"CL:4030036"	"early spermatid"	"perfect match"	"SN115"	NA	1
"TTTGCGCAGGATATAC"	""	"ERX6700410"	"ERP132577"	"testis"	"Elongated_spermatids"	NA	NA	NA	"CL:4030037"	"late spermatid"	"perfect match"	"SN115"	NA	4
"TTTGCGCAGGCACATG"	""	"ERX6700410"	"ERP132577"	"testis"	"Other_somatic"	NA	NA	NA	"CL:0002371"	"somatic cell"	"perfect match"	"SN115"	NA	2
"TTTGCGCAGTCAATAG"	""	"ERX6700410"	"ERP132577"	"testis"	"Spermatocytes"	NA	NA	NA	"CL:0000017"	"spermatocyte"	"perfect match"	"SN115"	NA	5
"TTTGCGCAGTGGGTTG"	""	"ERX6700410"	"ERP132577"	"testis"	"Round_spermatids"	NA	NA	NA	"CL:4030036"	"early spermatid"	"perfect match"	"SN115"	NA	1
"TTTGCGCCAGAGCCAA"	""	"ERX6700410"	"ERP132577"	"testis"	"Other_somatic"	NA	NA	NA	"CL:0002371"	"somatic cell"	"perfect match"	"SN115"	NA	2
"TTTGCGCCAGCTCGAC"	""	"ERX6700410"	"ERP132577"	"testis"	"Other_somatic"	NA	NA	NA	"CL:0002371"	"somatic cell"	"perfect match"	"SN115"	NA	2
"TTTGCGCCATTCGACA"	""	"ERX6700410"	"ERP132577"	"testis"	"Sertoli"	NA	NA	NA	"CL:0000216"	"Sertoli cell"	"perfect match"	"SN115"	NA	3
"TTTGCGCTCACGCATA"	""	"ERX6700410"	"ERP132577"	"testis"	"Sertoli"	NA	NA	NA	"CL:0000216"	"Sertoli cell"	"perfect match"	"SN115"	NA	3
"TTTGCGCTCTGCCCTA"	""	"ERX6700410"	"ERP132577"	"testis"	"Round_spermatids"	NA	NA	NA	"CL:4030036"	"early spermatid"	"perfect match"	"SN115"	NA	1
"TTTGGTTAGAAGAAGC"	""	"ERX6700410"	"ERP132577"	"testis"	"Elongated_spermatids"	NA	NA	NA	"CL:4030037"	"late spermatid"	"perfect match"	"SN115"	NA	4
"TTTGGTTAGCGAGAAA"	""	"ERX6700410"	"ERP132577"	"testis"	"Elongated_spermatids"	NA	NA	NA	"CL:4030037"	"late spermatid"	"perfect match"	"SN115"	NA	4
"TTTGGTTCACCTCGGA"	""	"ERX6700410"	"ERP132577"	"testis"	"Spermatogonia"	NA	NA	NA	"CL:0000020"	"spermatogonium"	"perfect match"	"SN115"	NA	6
"TTTGGTTGTGATGCCC"	""	"ERX6700410"	"ERP132577"	"testis"	"Elongated_spermatids"	NA	NA	NA	"CL:4030037"	"late spermatid"	"perfect match"	"SN115"	NA	4
"TTTGGTTGTTATGCGT"	""	"ERX6700410"	"ERP132577"	"testis"	"Other_somatic"	NA	NA	NA	"CL:0002371"	"somatic cell"	"perfect match"	"SN115"	NA	2
"TTTGGTTTCATGCTCC"	""	"ERX6700410"	"ERP132577"	"testis"	"Elongated_spermatids"	NA	NA	NA	"CL:4030037"	"late spermatid"	"perfect match"	"SN115"	NA	4
"TTTGGTTTCGTATCAG"	""	"ERX6700410"	"ERP132577"	"testis"	"Round_spermatids"	NA	NA	NA	"CL:4030036"	"early spermatid"	"perfect match"	"SN115"	NA	1
"TTTGTCAAGCTGAAAT"	""	"ERX6700410"	"ERP132577"	"testis"	"Elongated_spermatids"	NA	NA	NA	"CL:4030037"	"late spermatid"	"perfect match"	"SN115"	NA	4
"TTTGTCAAGTTGTCGT"	""	"ERX6700410"	"ERP132577"	"testis"	"Other_somatic"	NA	NA	NA	"CL:0002371"	"somatic cell"	"perfect match"	"SN115"	NA	2
"TTTGTCAGTAATCGTC"	""	"ERX6700410"	"ERP132577"	"testis"	"Other_somatic"	NA	NA	NA	"CL:0002371"	"somatic cell"	"perfect match"	"SN115"	NA	2
"TTTGTCATCACGATGT"	""	"ERX6700410"	"ERP132577"	"testis"	"Round_spermatids"	NA	NA	NA	"CL:4030036"	"early spermatid"	"perfect match"	"SN115"	NA	1
"TTTGTCATCATACGGT"	""	"ERX6700410"	"ERP132577"	"testis"	"Round_spermatids"	NA	NA	NA	"CL:4030036"	"early spermatid"	"perfect match"	"SN115"	NA	1
"TTTGTCATCGTGGGAA"	""	"ERX6700410"	"ERP132577"	"testis"	"Elongated_spermatids"	NA	NA	NA	"CL:4030037"	"late spermatid"	"perfect match"	"SN115"	NA	4
"AAACCTGCACCAGATT"	""	"ERX6700409"	"ERP132577"	"testis"	"Round_spermatids"	NA	NA	NA	"CL:4030036"	"early spermatid"	"perfect match"	"SN090"	NA	1
"AAACGGGCAGTTTACG"	""	"ERX6700409"	"ERP132577"	"testis"	"Round_spermatids"	NA	NA	NA	"CL:4030036"	"early spermatid"	"perfect match"	"SN090"	NA	1
"AAACGGGCATTACCTT"	""	"ERX6700409"	"ERP132577"	"testis"	"Sertoli"	NA	NA	NA	"CL:0000216"	"Sertoli cell"	"perfect match"	"SN090"	NA	2
"AAACGGGTCCTGCAGG"	""	"ERX6700409"	"ERP132577"	"testis"	"Elongated_spermatids"	NA	NA	NA	"CL:4030037"	"late spermatid"	"perfect match"	"SN090"	NA	3
"AAACGGGTCGTGACAT"	""	"ERX6700409"	"ERP132577"	"testis"	"Round_spermatids"	NA	NA	NA	"CL:4030036"	"early spermatid"	"perfect match"	"SN090"	NA	1
"AAAGATGAGGCATGGT"	""	"ERX6700409"	"ERP132577"	"testis"	"Other_somatic"	NA	NA	NA	"CL:0002371"	"somatic cell"	"perfect match"	"SN090"	NA	4
"AAAGATGCAGATGGGT"	""	"ERX6700409"	"ERP132577"	"testis"	"Other_somatic"	NA	NA	NA	"CL:0002371"	"somatic cell"	"perfect match"	"SN090"	NA	4
"AAAGATGGTGTCAATC"	""	"ERX6700409"	"ERP132577"	"testis"	"Round_spermatids"	NA	NA	NA	"CL:4030036"	"early spermatid"	"perfect match"	"SN090"	NA	1
"AAAGCAAAGCCTCGTG"	""	"ERX6700409"	"ERP132577"	"testis"	"Elongated_spermatids"	NA	NA	NA	"CL:4030037"	"late spermatid"	"perfect match"	"SN090"	NA	3
"AAAGCAAAGTATCTCG"	""	"ERX6700409"	"ERP132577"	"testis"	"Other_somatic"	NA	NA	NA	"CL:0002371"	"somatic cell"	"perfect match"	"SN090"	NA	4
"AAAGCAACATGGGAAC"	""	"ERX6700409"	"ERP132577"	"testis"	"Elongated_spermatids"	NA	NA	NA	"CL:4030037"	"late spermatid"	"perfect match"	"SN090"	NA	3
"AAAGCAAGTAGCGCAA"	""	"ERX6700409"	"ERP132577"	"testis"	"Round_spermatids"	NA	NA	NA	"CL:4030036"	"early spermatid"	"perfect match"	"SN090"	NA	1
"AAAGCAATCAAAGACA"	""	"ERX6700409"	"ERP132577"	"testis"	"Other_somatic"	NA	NA	NA	"CL:0002371"	"somatic cell"	"perfect match"	"SN090"	NA	4
"AAAGTAGAGAGCTATA"	""	"ERX6700409"	"ERP132577"	"testis"	"Round_spermatids"	NA	NA	NA	"CL:4030036"	"early spermatid"	"perfect match"	"SN090"	NA	1
"AAAGTAGAGAGGGATA"	""	"ERX6700409"	"ERP132577"	"testis"	"Round_spermatids"	NA	NA	NA	"CL:4030036"	"early spermatid"	"perfect match"	"SN090"	NA	1
"AAAGTAGCAGACAGGT"	""	"ERX6700409"	"ERP132577"	"testis"	"Elongated_spermatids"	NA	NA	NA	"CL:4030037"	"late spermatid"	"perfect match"	"SN090"	NA	3
"AAAGTAGGTACACCGC"	""	"ERX6700409"	"ERP132577"	"testis"	"Other_somatic"	NA	NA	NA	"CL:0002371"	"somatic cell"	"perfect match"	"SN090"	NA	4
"AAAGTAGGTGGCCCTA"	""	"ERX6700409"	"ERP132577"	"testis"	"Spermatogonia"	NA	NA	NA	"CL:0000020"	"spermatogonium"	"perfect match"	"SN090"	NA	5
"AAAGTAGGTGTTGAGG"	""	"ERX6700409"	"ERP132577"	"testis"	"Spermatocytes"	NA	NA	NA	"CL:0000017"	"spermatocyte"	"perfect match"	"SN090"	NA	6
"AAAGTAGTCCAGGGCT"	""	"ERX6700409"	"ERP132577"	"testis"	"Elongated_spermatids"	NA	NA	NA	"CL:4030037"	"late spermatid"	"perfect match"	"SN090"	NA	3
"AAATGCCCAGCTATTG"	""	"ERX6700409"	"ERP132577"	"testis"	"Spermatogonia"	NA	NA	NA	"CL:0000020"	"spermatogonium"	"perfect match"	"SN090"	NA	5
"AAATGCCCAGCTGCTG"	""	"ERX6700409"	"ERP132577"	"testis"	"Round_spermatids"	NA	NA	NA	"CL:4030036"	"early spermatid"	"perfect match"	"SN090"	NA	1
"AAATGCCGTGACAAAT"	""	"ERX6700409"	"ERP132577"	"testis"	"Sertoli"	NA	NA	NA	"CL:0000216"	"Sertoli cell"	"perfect match"	"SN090"	NA	2
"AAATGCCGTTGCGCAC"	""	"ERX6700409"	"ERP132577"	"testis"	"Round_spermatids"	NA	NA	NA	"CL:4030036"	"early spermatid"	"perfect match"	"SN090"	NA	1
"AAATGCCTCGAATGGG"	""	"ERX6700409"	"ERP132577"	"testis"	"Spermatogonia"	NA	NA	NA	"CL:0000020"	"spermatogonium"	"perfect match"	"SN090"	NA	5
"AAATGCCTCGCTGATA"	""	"ERX6700409"	"ERP132577"	"testis"	"Sertoli"	NA	NA	NA	"CL:0000216"	"Sertoli cell"	"perfect match"	"SN090"	NA	2
"AACACGTAGATAGCAT"	""	"ERX6700409"	"ERP132577"	"testis"	"Round_spermatids"	NA	NA	NA	"CL:4030036"	"early spermatid"	"perfect match"	"SN090"	NA	1
"AACACGTAGCACCGCT"	""	"ERX6700409"	"ERP132577"	"testis"	"Round_spermatids"	NA	NA	NA	"CL:4030036"	"early spermatid"	"perfect match"	"SN090"	NA	1
"AACACGTAGGTACTCT"	""	"ERX6700409"	"ERP132577"	"testis"	"Round_spermatids"	NA	NA	NA	"CL:4030036"	"early spermatid"	"perfect match"	"SN090"	NA	1
"AACACGTAGTGAAGAG"	""	"ERX6700409"	"ERP132577"	"testis"	"Spermatogonia"	NA	NA	NA	"CL:0000020"	"spermatogonium"	"perfect match"	"SN090"	NA	5
"AACACGTGTACATGTC"	""	"ERX6700409"	"ERP132577"	"testis"	"Round_spermatids"	NA	NA	NA	"CL:4030036"	"early spermatid"	"perfect match"	"SN090"	NA	1
"AACACGTTCCATTCTA"	""	"ERX6700409"	"ERP132577"	"testis"	"Spermatocytes"	NA	NA	NA	"CL:0000017"	"spermatocyte"	"perfect match"	"SN090"	NA	6
"AACACGTTCGTCTGAA"	""	"ERX6700409"	"ERP132577"	"testis"	"Round_spermatids"	NA	NA	NA	"CL:4030036"	"early spermatid"	"perfect match"	"SN090"	NA	1
"AACCATGAGCGTTCCG"	""	"ERX6700409"	"ERP132577"	"testis"	"Round_spermatids"	NA	NA	NA	"CL:4030036"	"early spermatid"	"perfect match"	"SN090"	NA	1
"AACCATGAGTATTGGA"	""	"ERX6700409"	"ERP132577"	"testis"	"Elongated_spermatids"	NA	NA	NA	"CL:4030037"	"late spermatid"	"perfect match"	"SN090"	NA	3
"AACCATGCACGCTTTC"	""	"ERX6700409"	"ERP132577"	"testis"	"Round_spermatids"	NA	NA	NA	"CL:4030036"	"early spermatid"	"perfect match"	"SN090"	NA	1
"AACCGCGCAAGTAATG"	""	"ERX6700409"	"ERP132577"	"testis"	"Spermatogonia"	NA	NA	NA	"CL:0000020"	"spermatogonium"	"perfect match"	"SN090"	NA	5
"AACCGCGCACATCCGG"	""	"ERX6700409"	"ERP132577"	"testis"	"Other_somatic"	NA	NA	NA	"CL:0002371"	"somatic cell"	"perfect match"	"SN090"	NA	4
"AACCGCGGTGCCTGGT"	""	"ERX6700409"	"ERP132577"	"testis"	"Sertoli"	NA	NA	NA	"CL:0000216"	"Sertoli cell"	"perfect match"	"SN090"	NA	2
"AACGTTGAGGACCACA"	""	"ERX6700409"	"ERP132577"	"testis"	"Round_spermatids"	NA	NA	NA	"CL:4030036"	"early spermatid"	"perfect match"	"SN090"	NA	1
"AACGTTGAGGTTCCTA"	""	"ERX6700409"	"ERP132577"	"testis"	"Sertoli"	NA	NA	NA	"CL:0000216"	"Sertoli cell"	"perfect match"	"SN090"	NA	2
"AACGTTGCAAGAGGCT"	""	"ERX6700409"	"ERP132577"	"testis"	"Round_spermatids"	NA	NA	NA	"CL:4030036"	"early spermatid"	"perfect match"	"SN090"	NA	1
"AACTCAGAGTGGTAGC"	""	"ERX6700409"	"ERP132577"	"testis"	"Sertoli"	NA	NA	NA	"CL:0000216"	"Sertoli cell"	"perfect match"	"SN090"	NA	2
"AACTCAGCACAGCGTC"	""	"ERX6700409"	"ERP132577"	"testis"	"Sertoli"	NA	NA	NA	"CL:0000216"	"Sertoli cell"	"perfect match"	"SN090"	NA	2
"AACTCAGGTGAGGCTA"	""	"ERX6700409"	"ERP132577"	"testis"	"Other_somatic"	NA	NA	NA	"CL:0002371"	"somatic cell"	"perfect match"	"SN090"	NA	4
"AACTCAGTCCACTGGG"	""	"ERX6700409"	"ERP132577"	"testis"	"Spermatocytes"	NA	NA	NA	"CL:0000017"	"spermatocyte"	"perfect match"	"SN090"	NA	6
"AACTCCCAGAAGAAGC"	""	"ERX6700409"	"ERP132577"	"testis"	"Spermatocytes"	NA	NA	NA	"CL:0000017"	"spermatocyte"	"perfect match"	"SN090"	NA	6
"AACTCCCAGCTCTCGG"	""	"ERX6700409"	"ERP132577"	"testis"	"Other_somatic"	NA	NA	NA	"CL:0002371"	"somatic cell"	"perfect match"	"SN090"	NA	4
"AACTCCCGTATGCTTG"	""	"ERX6700409"	"ERP132577"	"testis"	"Sertoli"	NA	NA	NA	"CL:0000216"	"Sertoli cell"	"perfect match"	"SN090"	NA	2
"AACTCCCTCAGGTAAA"	""	"ERX6700409"	"ERP132577"	"testis"	"Spermatogonia"	NA	NA	NA	"CL:0000020"	"spermatogonium"	"perfect match"	"SN090"	NA	5
"AACTCCCTCGCAAACT"	""	"ERX6700409"	"ERP132577"	"testis"	"Round_spermatids"	NA	NA	NA	"CL:4030036"	"early spermatid"	"perfect match"	"SN090"	NA	1
"AACTCCCTCTCTGTCG"	""	"ERX6700409"	"ERP132577"	"testis"	"Spermatogonia"	NA	NA	NA	"CL:0000020"	"spermatogonium"	"perfect match"	"SN090"	NA	5
"AACTCTTAGATAGCAT"	""	"ERX6700409"	"ERP132577"	"testis"	"Round_spermatids"	NA	NA	NA	"CL:4030036"	"early spermatid"	"perfect match"	"SN090"	NA	1
"AACTCTTGTTCCACGG"	""	"ERX6700409"	"ERP132577"	"testis"	"Spermatocytes"	NA	NA	NA	"CL:0000017"	"spermatocyte"	"perfect match"	"SN090"	NA	6
"AACTCTTTCATCTGCC"	""	"ERX6700409"	"ERP132577"	"testis"	"Elongated_spermatids"	NA	NA	NA	"CL:4030037"	"late spermatid"	"perfect match"	"SN090"	NA	3
"AACTGGTAGGCAAAGA"	""	"ERX6700409"	"ERP132577"	"testis"	"Elongated_spermatids"	NA	NA	NA	"CL:4030037"	"late spermatid"	"perfect match"	"SN090"	NA	3
"AACTGGTAGTACGCGA"	""	"ERX6700409"	"ERP132577"	"testis"	"Elongated_spermatids"	NA	NA	NA	"CL:4030037"	"late spermatid"	"perfect match"	"SN090"	NA	3
"AACTGGTCATGATCCA"	""	"ERX6700409"	"ERP132577"	"testis"	"Other_somatic"	NA	NA	NA	"CL:0002371"	"somatic cell"	"perfect match"	"SN090"	NA	4
"AACTGGTTCCTCCTAG"	""	"ERX6700409"	"ERP132577"	"testis"	"Sertoli"	NA	NA	NA	"CL:0000216"	"Sertoli cell"	"perfect match"	"SN090"	NA	2
"AACTTTCAGGTAGCTG"	""	"ERX6700409"	"ERP132577"	"testis"	"Other_somatic"	NA	NA	NA	"CL:0002371"	"somatic cell"	"perfect match"	"SN090"	NA	4
"AACTTTCCAAACGCGA"	""	"ERX6700409"	"ERP132577"	"testis"	"Other_somatic"	NA	NA	NA	"CL:0002371"	"somatic cell"	"perfect match"	"SN090"	NA	4
"AACTTTCCAGCCAGAA"	""	"ERX6700409"	"ERP132577"	"testis"	"Elongated_spermatids"	NA	NA	NA	"CL:4030037"	"late spermatid"	"perfect match"	"SN090"	NA	3
"AACTTTCGTAGATTAG"	""	"ERX6700409"	"ERP132577"	"testis"	"Other_somatic"	NA	NA	NA	"CL:0002371"	"somatic cell"	"perfect match"	"SN090"	NA	4
"AACTTTCTCTTCGGTC"	""	"ERX6700409"	"ERP132577"	"testis"	"Other_somatic"	NA	NA	NA	"CL:0002371"	"somatic cell"	"perfect match"	"SN090"	NA	4
"AAGACCTGTGGGTATG"	""	"ERX6700409"	"ERP132577"	"testis"	"Sertoli"	NA	NA	NA	"CL:0000216"	"Sertoli cell"	"perfect match"	"SN090"	NA	2
"AAGACCTGTTCCAACA"	""	"ERX6700409"	"ERP132577"	"testis"	"Elongated_spermatids"	NA	NA	NA	"CL:4030037"	"late spermatid"	"perfect match"	"SN090"	NA	3
"AAGACCTTCCTGCTTG"	""	"ERX6700409"	"ERP132577"	"testis"	"Other_somatic"	NA	NA	NA	"CL:0002371"	"somatic cell"	"perfect match"	"SN090"	NA	4
"AAGACCTTCGTCCGTT"	""	"ERX6700409"	"ERP132577"	"testis"	"Other_somatic"	NA	NA	NA	"CL:0002371"	"somatic cell"	"perfect match"	"SN090"	NA	4
"AAGACCTTCTCAACTT"	""	"ERX6700409"	"ERP132577"	"testis"	"Round_spermatids"	NA	NA	NA	"CL:4030036"	"early spermatid"	"perfect match"	"SN090"	NA	1
"AAGCCGCGTGAGGCTA"	""	"ERX6700409"	"ERP132577"	"testis"	"Elongated_spermatids"	NA	NA	NA	"CL:4030037"	"late spermatid"	"perfect match"	"SN090"	NA	3
"AAGCCGCGTGATAAGT"	""	"ERX6700409"	"ERP132577"	"testis"	"Other_somatic"	NA	NA	NA	"CL:0002371"	"somatic cell"	"perfect match"	"SN090"	NA	4
"AAGCCGCGTGTCCTCT"	""	"ERX6700409"	"ERP132577"	"testis"	"Other_somatic"	NA	NA	NA	"CL:0002371"	"somatic cell"	"perfect match"	"SN090"	NA	4
"AAGCCGCTCAGCTTAG"	""	"ERX6700409"	"ERP132577"	"testis"	"Round_spermatids"	NA	NA	NA	"CL:4030036"	"early spermatid"	"perfect match"	"SN090"	NA	1
"AAGCCGCTCCAGGGCT"	""	"ERX6700409"	"ERP132577"	"testis"	"Round_spermatids"	NA	NA	NA	"CL:4030036"	"early spermatid"	"perfect match"	"SN090"	NA	1
"AAGCCGCTCCCATTAT"	""	"ERX6700409"	"ERP132577"	"testis"	"Spermatocytes"	NA	NA	NA	"CL:0000017"	"spermatocyte"	"perfect match"	"SN090"	NA	6
"AAGGAGCCAGTTCATG"	""	"ERX6700409"	"ERP132577"	"testis"	"Round_spermatids"	NA	NA	NA	"CL:4030036"	"early spermatid"	"perfect match"	"SN090"	NA	1
"AAGGAGCGTCAAAGCG"	""	"ERX6700409"	"ERP132577"	"testis"	"Other_somatic"	NA	NA	NA	"CL:0002371"	"somatic cell"	"perfect match"	"SN090"	NA	4
"AAGGCAGAGCTAACAA"	""	"ERX6700409"	"ERP132577"	"testis"	"Round_spermatids"	NA	NA	NA	"CL:4030036"	"early spermatid"	"perfect match"	"SN090"	NA	1
"AAGGCAGAGTACCGGA"	""	"ERX6700409"	"ERP132577"	"testis"	"Elongated_spermatids"	NA	NA	NA	"CL:4030037"	"late spermatid"	"perfect match"	"SN090"	NA	3
"AAGGCAGAGTACGCCC"	""	"ERX6700409"	"ERP132577"	"testis"	"Round_spermatids"	NA	NA	NA	"CL:4030036"	"early spermatid"	"perfect match"	"SN090"	NA	1
"AAGGCAGCAAACTGCT"	""	"ERX6700409"	"ERP132577"	"testis"	"Round_spermatids"	NA	NA	NA	"CL:4030036"	"early spermatid"	"perfect match"	"SN090"	NA	1
"AAGGCAGCACCCAGTG"	""	"ERX6700409"	"ERP132577"	"testis"	"Other_somatic"	NA	NA	NA	"CL:0002371"	"somatic cell"	"perfect match"	"SN090"	NA	4
"AAGGCAGGTGCACTTA"	""	"ERX6700409"	"ERP132577"	"testis"	"Other_somatic"	NA	NA	NA	"CL:0002371"	"somatic cell"	"perfect match"	"SN090"	NA	4
"AAGGCAGTCGCCATAA"	""	"ERX6700409"	"ERP132577"	"testis"	"Spermatocytes"	NA	NA	NA	"CL:0000017"	"spermatocyte"	"perfect match"	"SN090"	NA	6
"AAGGCAGTCTCACATT"	""	"ERX6700409"	"ERP132577"	"testis"	"Other_somatic"	NA	NA	NA	"CL:0002371"	"somatic cell"	"perfect match"	"SN090"	NA	4
"AAGGTTCAGCTAGGCA"	""	"ERX6700409"	"ERP132577"	"testis"	"Round_spermatids"	NA	NA	NA	"CL:4030036"	"early spermatid"	"perfect match"	"SN090"	NA	1
"AAGGTTCCAAACGCGA"	""	"ERX6700409"	"ERP132577"	"testis"	"Sertoli"	NA	NA	NA	"CL:0000216"	"Sertoli cell"	"perfect match"	"SN090"	NA	2
"AAGGTTCCAACACCCG"	""	"ERX6700409"	"ERP132577"	"testis"	"Round_spermatids"	NA	NA	NA	"CL:4030036"	"early spermatid"	"perfect match"	"SN090"	NA	1
"AAGGTTCCACGAAATA"	""	"ERX6700409"	"ERP132577"	"testis"	"Round_spermatids"	NA	NA	NA	"CL:4030036"	"early spermatid"	"perfect match"	"SN090"	NA	1
"AAGGTTCCAGGATCGA"	""	"ERX6700409"	"ERP132577"	"testis"	"Round_spermatids"	NA	NA	NA	"CL:4030036"	"early spermatid"	"perfect match"	"SN090"	NA	1
"AAGGTTCTCCGCATCT"	""	"ERX6700409"	"ERP132577"	"testis"	"Spermatogonia"	NA	NA	NA	"CL:0000020"	"spermatogonium"	"perfect match"	"SN090"	NA	5
"AAGTCTGAGTAGCGGT"	""	"ERX6700409"	"ERP132577"	"testis"	"Elongated_spermatids"	NA	NA	NA	"CL:4030037"	"late spermatid"	"perfect match"	"SN090"	NA	3
"AAGTCTGCATACAGCT"	""	"ERX6700409"	"ERP132577"	"testis"	"Other_somatic"	NA	NA	NA	"CL:0002371"	"somatic cell"	"perfect match"	"SN090"	NA	4
"AATCCAGCAAGCTGGA"	""	"ERX6700409"	"ERP132577"	"testis"	"Elongated_spermatids"	NA	NA	NA	"CL:4030037"	"late spermatid"	"perfect match"	"SN090"	NA	3
"AATCCAGCACATGACT"	""	"ERX6700409"	"ERP132577"	"testis"	"Spermatocytes"	NA	NA	NA	"CL:0000017"	"spermatocyte"	"perfect match"	"SN090"	NA	6
"AATCCAGTCCGCATCT"	""	"ERX6700409"	"ERP132577"	"testis"	"Other_somatic"	NA	NA	NA	"CL:0002371"	"somatic cell"	"perfect match"	"SN090"	NA	4
"AATCGGTCACACTGCG"	""	"ERX6700409"	"ERP132577"	"testis"	"Round_spermatids"	NA	NA	NA	"CL:4030036"	"early spermatid"	"perfect match"	"SN090"	NA	1
"AATCGGTCATTAGGCT"	""	"ERX6700409"	"ERP132577"	"testis"	"Round_spermatids"	NA	NA	NA	"CL:4030036"	"early spermatid"	"perfect match"	"SN090"	NA	1
"AATCGGTGTCTCGTTC"	""	"ERX6700409"	"ERP132577"	"testis"	"Elongated_spermatids"	NA	NA	NA	"CL:4030037"	"late spermatid"	"perfect match"	"SN090"	NA	3
"AATCGGTTCCCTTGCA"	""	"ERX6700409"	"ERP132577"	"testis"	"Round_spermatids"	NA	NA	NA	"CL:4030036"	"early spermatid"	"perfect match"	"SN090"	NA	1
"AATCGGTTCTCTAGGA"	""	"ERX6700409"	"ERP132577"	"testis"	"Spermatocytes"	NA	NA	NA	"CL:0000017"	"spermatocyte"	"perfect match"	"SN090"	NA	6
"ACACCAACATTTCACT"	""	"ERX6700409"	"ERP132577"	"testis"	"Sertoli"	NA	NA	NA	"CL:0000216"	"Sertoli cell"	"perfect match"	"SN090"	NA	2
"ACACCAAGTCGGCATC"	""	"ERX6700409"	"ERP132577"	"testis"	"Round_spermatids"	NA	NA	NA	"CL:4030036"	"early spermatid"	"perfect match"	"SN090"	NA	1
"ACACCAATCCCTGACT"	""	"ERX6700409"	"ERP132577"	"testis"	"Sertoli"	NA	NA	NA	"CL:0000216"	"Sertoli cell"	"perfect match"	"SN090"	NA	2
"ACACCCTAGATATACG"	""	"ERX6700409"	"ERP132577"	"testis"	"Other_somatic"	NA	NA	NA	"CL:0002371"	"somatic cell"	"perfect match"	"SN090"	NA	4
"ACACCCTCATTGGCGC"	""	"ERX6700409"	"ERP132577"	"testis"	"Spermatocytes"	NA	NA	NA	"CL:0000017"	"spermatocyte"	"perfect match"	"SN090"	NA	6
"ACACCGGAGGATGCGT"	""	"ERX6700409"	"ERP132577"	"testis"	"Elongated_spermatids"	NA	NA	NA	"CL:4030037"	"late spermatid"	"perfect match"	"SN090"	NA	3
"ACACCGGAGTAAGTAC"	""	"ERX6700409"	"ERP132577"	"testis"	"Sertoli"	NA	NA	NA	"CL:0000216"	"Sertoli cell"	"perfect match"	"SN090"	NA	2
"ACACCGGCAACCGCCA"	""	"ERX6700409"	"ERP132577"	"testis"	"Round_spermatids"	NA	NA	NA	"CL:4030036"	"early spermatid"	"perfect match"	"SN090"	NA	1
"ACACCGGCACTACAGT"	""	"ERX6700409"	"ERP132577"	"testis"	"Round_spermatids"	NA	NA	NA	"CL:4030036"	"early spermatid"	"perfect match"	"SN090"	NA	1
"ACACCGGGTCCAGTGC"	""	"ERX6700409"	"ERP132577"	"testis"	"Spermatocytes"	NA	NA	NA	"CL:0000017"	"spermatocyte"	"perfect match"	"SN090"	NA	6
"ACACCGGTCAGTTAGC"	""	"ERX6700409"	"ERP132577"	"testis"	"Elongated_spermatids"	NA	NA	NA	"CL:4030037"	"late spermatid"	"perfect match"	"SN090"	NA	3
"ACACTGAAGCTGTCTA"	""	"ERX6700409"	"ERP132577"	"testis"	"Round_spermatids"	NA	NA	NA	"CL:4030036"	"early spermatid"	"perfect match"	"SN090"	NA	1
"ACACTGACAATGTTGC"	""	"ERX6700409"	"ERP132577"	"testis"	"Round_spermatids"	NA	NA	NA	"CL:4030036"	"early spermatid"	"perfect match"	"SN090"	NA	1
"ACACTGAGTGTGACGA"	""	"ERX6700409"	"ERP132577"	"testis"	"Other_somatic"	NA	NA	NA	"CL:0002371"	"somatic cell"	"perfect match"	"SN090"	NA	4
"ACAGCCGAGATGCCAG"	""	"ERX6700409"	"ERP132577"	"testis"	"Spermatocytes"	NA	NA	NA	"CL:0000017"	"spermatocyte"	"perfect match"	"SN090"	NA	6
"ACAGCCGAGATGGGTC"	""	"ERX6700409"	"ERP132577"	"testis"	"Spermatocytes"	NA	NA	NA	"CL:0000017"	"spermatocyte"	"perfect match"	"SN090"	NA	6
"ACAGCCGAGGTCGGAT"	""	"ERX6700409"	"ERP132577"	"testis"	"Other_somatic"	NA	NA	NA	"CL:0002371"	"somatic cell"	"perfect match"	"SN090"	NA	4
"ACAGCCGCAGACAGGT"	""	"ERX6700409"	"ERP132577"	"testis"	"Spermatogonia"	NA	NA	NA	"CL:0000020"	"spermatogonium"	"perfect match"	"SN090"	NA	5
"ACAGCCGGTAAACCTC"	""	"ERX6700409"	"ERP132577"	"testis"	"Round_spermatids"	NA	NA	NA	"CL:4030036"	"early spermatid"	"perfect match"	"SN090"	NA	1
"ACAGCCGTCCGCTGTT"	""	"ERX6700409"	"ERP132577"	"testis"	"Other_somatic"	NA	NA	NA	"CL:0002371"	"somatic cell"	"perfect match"	"SN090"	NA	4
"ACAGCCGTCTGATACG"	""	"ERX6700409"	"ERP132577"	"testis"	"Round_spermatids"	NA	NA	NA	"CL:4030036"	"early spermatid"	"perfect match"	"SN090"	NA	1
"ACAGCTAAGAATTCCC"	""	"ERX6700409"	"ERP132577"	"testis"	"Round_spermatids"	NA	NA	NA	"CL:4030036"	"early spermatid"	"perfect match"	"SN090"	NA	1
"ACAGCTACAAGCCGCT"	""	"ERX6700409"	"ERP132577"	"testis"	"Other_somatic"	NA	NA	NA	"CL:0002371"	"somatic cell"	"perfect match"	"SN090"	NA	4
"ACATACGCAATGGAAT"	""	"ERX6700409"	"ERP132577"	"testis"	"Other_somatic"	NA	NA	NA	"CL:0002371"	"somatic cell"	"perfect match"	"SN090"	NA	4
"ACATACGCATTCCTCG"	""	"ERX6700409"	"ERP132577"	"testis"	"Spermatocytes"	NA	NA	NA	"CL:0000017"	"spermatocyte"	"perfect match"	"SN090"	NA	6
"ACATACGGTTTCGCTC"	""	"ERX6700409"	"ERP132577"	"testis"	"Other_somatic"	NA	NA	NA	"CL:0002371"	"somatic cell"	"perfect match"	"SN090"	NA	4
"ACATCAGAGGGCTCTC"	""	"ERX6700409"	"ERP132577"	"testis"	"Round_spermatids"	NA	NA	NA	"CL:4030036"	"early spermatid"	"perfect match"	"SN090"	NA	1
"ACATCAGGTGTCAATC"	""	"ERX6700409"	"ERP132577"	"testis"	"Elongated_spermatids"	NA	NA	NA	"CL:4030037"	"late spermatid"	"perfect match"	"SN090"	NA	3
"ACATCAGGTTTGTGTG"	""	"ERX6700409"	"ERP132577"	"testis"	"Round_spermatids"	NA	NA	NA	"CL:4030036"	"early spermatid"	"perfect match"	"SN090"	NA	1
"ACATGGTAGAGGGCTT"	""	"ERX6700409"	"ERP132577"	"testis"	"Round_spermatids"	NA	NA	NA	"CL:4030036"	"early spermatid"	"perfect match"	"SN090"	NA	1
"ACATGGTCAAGGTTCT"	""	"ERX6700409"	"ERP132577"	"testis"	"Round_spermatids"	NA	NA	NA	"CL:4030036"	"early spermatid"	"perfect match"	"SN090"	NA	1
"ACATGGTCACTTACGA"	""	"ERX6700409"	"ERP132577"	"testis"	"Elongated_spermatids"	NA	NA	NA	"CL:4030037"	"late spermatid"	"perfect match"	"SN090"	NA	3
"ACCAGTACACGTTGGC"	""	"ERX6700409"	"ERP132577"	"testis"	"Other_somatic"	NA	NA	NA	"CL:0002371"	"somatic cell"	"perfect match"	"SN090"	NA	4
"ACCAGTACAGATGGGT"	""	"ERX6700409"	"ERP132577"	"testis"	"Elongated_spermatids"	NA	NA	NA	"CL:4030037"	"late spermatid"	"perfect match"	"SN090"	NA	3
"ACCAGTATCCAAGTAC"	""	"ERX6700409"	"ERP132577"	"testis"	"Round_spermatids"	NA	NA	NA	"CL:4030036"	"early spermatid"	"perfect match"	"SN090"	NA	1
"ACCAGTATCGGATGGA"	""	"ERX6700409"	"ERP132577"	"testis"	"Elongated_spermatids"	NA	NA	NA	"CL:4030037"	"late spermatid"	"perfect match"	"SN090"	NA	3
"ACCCACTCAAGCTGAG"	""	"ERX6700409"	"ERP132577"	"testis"	"Round_spermatids"	NA	NA	NA	"CL:4030036"	"early spermatid"	"perfect match"	"SN090"	NA	1
"ACCCACTCAATCACAC"	""	"ERX6700409"	"ERP132577"	"testis"	"Other_somatic"	NA	NA	NA	"CL:0002371"	"somatic cell"	"perfect match"	"SN090"	NA	4
"ACCCACTCAATCCAAC"	""	"ERX6700409"	"ERP132577"	"testis"	"Spermatocytes"	NA	NA	NA	"CL:0000017"	"spermatocyte"	"perfect match"	"SN090"	NA	6
"ACCCACTCATCATCCC"	""	"ERX6700409"	"ERP132577"	"testis"	"Other_somatic"	NA	NA	NA	"CL:0002371"	"somatic cell"	"perfect match"	"SN090"	NA	4
"ACCCACTGTTATCCGA"	""	"ERX6700409"	"ERP132577"	"testis"	"Elongated_spermatids"	NA	NA	NA	"CL:4030037"	"late spermatid"	"perfect match"	"SN090"	NA	3
"ACCCACTTCATGTGGT"	""	"ERX6700409"	"ERP132577"	"testis"	"Sertoli"	NA	NA	NA	"CL:0000216"	"Sertoli cell"	"perfect match"	"SN090"	NA	2
"ACCGTAAAGCTCCTTC"	""	"ERX6700409"	"ERP132577"	"testis"	"Round_spermatids"	NA	NA	NA	"CL:4030036"	"early spermatid"	"perfect match"	"SN090"	NA	1
"ACCGTAAAGGAATTAC"	""	"ERX6700409"	"ERP132577"	"testis"	"Other_somatic"	NA	NA	NA	"CL:0002371"	"somatic cell"	"perfect match"	"SN090"	NA	4
"ACCGTAAAGTGCGTGA"	""	"ERX6700409"	"ERP132577"	"testis"	"Round_spermatids"	NA	NA	NA	"CL:4030036"	"early spermatid"	"perfect match"	"SN090"	NA	1
"ACCGTAAAGTTGAGTA"	""	"ERX6700409"	"ERP132577"	"testis"	"Sertoli"	NA	NA	NA	"CL:0000216"	"Sertoli cell"	"perfect match"	"SN090"	NA	2
"ACCGTAACAATCCGAT"	""	"ERX6700409"	"ERP132577"	"testis"	"Other_somatic"	NA	NA	NA	"CL:0002371"	"somatic cell"	"perfect match"	"SN090"	NA	4
"ACCGTAACACTATCTT"	""	"ERX6700409"	"ERP132577"	"testis"	"Sertoli"	NA	NA	NA	"CL:0000216"	"Sertoli cell"	"perfect match"	"SN090"	NA	2
"ACCGTAACATTTGCTT"	""	"ERX6700409"	"ERP132577"	"testis"	"Other_somatic"	NA	NA	NA	"CL:0002371"	"somatic cell"	"perfect match"	"SN090"	NA	4
"ACCGTAAGTAGATTAG"	""	"ERX6700409"	"ERP132577"	"testis"	"Spermatocytes"	NA	NA	NA	"CL:0000017"	"spermatocyte"	"perfect match"	"SN090"	NA	6
"ACCGTAAGTCGCGTGT"	""	"ERX6700409"	"ERP132577"	"testis"	"Round_spermatids"	NA	NA	NA	"CL:4030036"	"early spermatid"	"perfect match"	"SN090"	NA	1
"ACCTTTATCGAATCCA"	""	"ERX6700409"	"ERP132577"	"testis"	"Other_somatic"	NA	NA	NA	"CL:0002371"	"somatic cell"	"perfect match"	"SN090"	NA	4
"ACCTTTATCGTAGGAG"	""	"ERX6700409"	"ERP132577"	"testis"	"Round_spermatids"	NA	NA	NA	"CL:4030036"	"early spermatid"	"perfect match"	"SN090"	NA	1
"ACCTTTATCTCCGGTT"	""	"ERX6700409"	"ERP132577"	"testis"	"Other_somatic"	NA	NA	NA	"CL:0002371"	"somatic cell"	"perfect match"	"SN090"	NA	4
"ACCTTTATCTTCGAGA"	""	"ERX6700409"	"ERP132577"	"testis"	"Other_somatic"	NA	NA	NA	"CL:0002371"	"somatic cell"	"perfect match"	"SN090"	NA	4
"ACGAGCCAGATGTCGG"	""	"ERX6700409"	"ERP132577"	"testis"	"Spermatocytes"	NA	NA	NA	"CL:0000017"	"spermatocyte"	"perfect match"	"SN090"	NA	6
"ACGAGCCAGTTTCCTT"	""	"ERX6700409"	"ERP132577"	"testis"	"Sertoli"	NA	NA	NA	"CL:0000216"	"Sertoli cell"	"perfect match"	"SN090"	NA	2
"ACGAGCCCACTTGGAT"	""	"ERX6700409"	"ERP132577"	"testis"	"Round_spermatids"	NA	NA	NA	"CL:4030036"	"early spermatid"	"perfect match"	"SN090"	NA	1
"ACGAGCCGTAAAGGAG"	""	"ERX6700409"	"ERP132577"	"testis"	"Round_spermatids"	NA	NA	NA	"CL:4030036"	"early spermatid"	"perfect match"	"SN090"	NA	1
"ACGAGCCGTTACTGAC"	""	"ERX6700409"	"ERP132577"	"testis"	"Sertoli"	NA	NA	NA	"CL:0000216"	"Sertoli cell"	"perfect match"	"SN090"	NA	2
"ACGAGCCTCAGTTGAC"	""	"ERX6700409"	"ERP132577"	"testis"	"Spermatocytes"	NA	NA	NA	"CL:0000017"	"spermatocyte"	"perfect match"	"SN090"	NA	6
"ACGAGCCTCGCCATAA"	""	"ERX6700409"	"ERP132577"	"testis"	"Other_somatic"	NA	NA	NA	"CL:0002371"	"somatic cell"	"perfect match"	"SN090"	NA	4
"ACGAGCCTCTTGAGAC"	""	"ERX6700409"	"ERP132577"	"testis"	"Elongated_spermatids"	NA	NA	NA	"CL:4030037"	"late spermatid"	"perfect match"	"SN090"	NA	3
"ACGAGGAAGTGCAAGC"	""	"ERX6700409"	"ERP132577"	"testis"	"Round_spermatids"	NA	NA	NA	"CL:4030036"	"early spermatid"	"perfect match"	"SN090"	NA	1
"ACGAGGACAAACGCGA"	""	"ERX6700409"	"ERP132577"	"testis"	"Sertoli"	NA	NA	NA	"CL:0000216"	"Sertoli cell"	"perfect match"	"SN090"	NA	2
"ACGATACCATTGGGCC"	""	"ERX6700409"	"ERP132577"	"testis"	"Sertoli"	NA	NA	NA	"CL:0000216"	"Sertoli cell"	"perfect match"	"SN090"	NA	2
"ACGATACGTGTTCTTT"	""	"ERX6700409"	"ERP132577"	"testis"	"Spermatocytes"	NA	NA	NA	"CL:0000017"	"spermatocyte"	"perfect match"	"SN090"	NA	6
"ACGATACTCCGCAGTG"	""	"ERX6700409"	"ERP132577"	"testis"	"Other_somatic"	NA	NA	NA	"CL:0002371"	"somatic cell"	"perfect match"	"SN090"	NA	4
"ACGATACTCCTTTACA"	""	"ERX6700409"	"ERP132577"	"testis"	"Other_somatic"	NA	NA	NA	"CL:0002371"	"somatic cell"	"perfect match"	"SN090"	NA	4
"ACGATACTCTCCGGTT"	""	"ERX6700409"	"ERP132577"	"testis"	"Spermatocytes"	NA	NA	NA	"CL:0000017"	"spermatocyte"	"perfect match"	"SN090"	NA	6
"ACGATACTCTTTACAC"	""	"ERX6700409"	"ERP132577"	"testis"	"Spermatogonia"	NA	NA	NA	"CL:0000020"	"spermatogonium"	"perfect match"	"SN090"	NA	5
"ACGATGTAGTTAAGTG"	""	"ERX6700409"	"ERP132577"	"testis"	"Other_somatic"	NA	NA	NA	"CL:0002371"	"somatic cell"	"perfect match"	"SN090"	NA	4
"ACGATGTGTTCGCTAA"	""	"ERX6700409"	"ERP132577"	"testis"	"Sertoli"	NA	NA	NA	"CL:0000216"	"Sertoli cell"	"perfect match"	"SN090"	NA	2
"ACGATGTTCTTCATGT"	""	"ERX6700409"	"ERP132577"	"testis"	"Elongated_spermatids"	NA	NA	NA	"CL:4030037"	"late spermatid"	"perfect match"	"SN090"	NA	3
"ACGCAGCAGAAACCGC"	""	"ERX6700409"	"ERP132577"	"testis"	"Round_spermatids"	NA	NA	NA	"CL:4030036"	"early spermatid"	"perfect match"	"SN090"	NA	1
"ACGCAGCGTAAGAGGA"	""	"ERX6700409"	"ERP132577"	"testis"	"Spermatocytes"	NA	NA	NA	"CL:0000017"	"spermatocyte"	"perfect match"	"SN090"	NA	6
"ACGCAGCGTAGCCTAT"	""	"ERX6700409"	"ERP132577"	"testis"	"Round_spermatids"	NA	NA	NA	"CL:4030036"	"early spermatid"	"perfect match"	"SN090"	NA	1
"ACGCCAGGTCATGCCG"	""	"ERX6700409"	"ERP132577"	"testis"	"Round_spermatids"	NA	NA	NA	"CL:4030036"	"early spermatid"	"perfect match"	"SN090"	NA	1
"ACGCCAGTCGGTCCGA"	""	"ERX6700409"	"ERP132577"	"testis"	"Sertoli"	NA	NA	NA	"CL:0000216"	"Sertoli cell"	"perfect match"	"SN090"	NA	2
"ACGCCGAAGAAGGGTA"	""	"ERX6700409"	"ERP132577"	"testis"	"Elongated_spermatids"	NA	NA	NA	"CL:4030037"	"late spermatid"	"perfect match"	"SN090"	NA	3
"ACGCCGAAGTATCGAA"	""	"ERX6700409"	"ERP132577"	"testis"	"Elongated_spermatids"	NA	NA	NA	"CL:4030037"	"late spermatid"	"perfect match"	"SN090"	NA	3
"ACGCCGAAGTGTCCCG"	""	"ERX6700409"	"ERP132577"	"testis"	"Round_spermatids"	NA	NA	NA	"CL:4030036"	"early spermatid"	"perfect match"	"SN090"	NA	1
"ACGCCGACAGCAGTTT"	""	"ERX6700409"	"ERP132577"	"testis"	"Other_somatic"	NA	NA	NA	"CL:0002371"	"somatic cell"	"perfect match"	"SN090"	NA	4
"ACGCCGAGTCTTGTCC"	""	"ERX6700409"	"ERP132577"	"testis"	"Sertoli"	NA	NA	NA	"CL:0000216"	"Sertoli cell"	"perfect match"	"SN090"	NA	2
"ACGCCGATCCACTCCA"	""	"ERX6700409"	"ERP132577"	"testis"	"Round_spermatids"	NA	NA	NA	"CL:4030036"	"early spermatid"	"perfect match"	"SN090"	NA	1
"ACGCCGATCCGTCAAA"	""	"ERX6700409"	"ERP132577"	"testis"	"Sertoli"	NA	NA	NA	"CL:0000216"	"Sertoli cell"	"perfect match"	"SN090"	NA	2
"ACGGAGAGTGCCTGGT"	""	"ERX6700409"	"ERP132577"	"testis"	"Round_spermatids"	NA	NA	NA	"CL:4030036"	"early spermatid"	"perfect match"	"SN090"	NA	1
"ACGGAGATCAGGTAAA"	""	"ERX6700409"	"ERP132577"	"testis"	"Other_somatic"	NA	NA	NA	"CL:0002371"	"somatic cell"	"perfect match"	"SN090"	NA	4
"ACGGCCAAGTCCGGTC"	""	"ERX6700409"	"ERP132577"	"testis"	"Round_spermatids"	NA	NA	NA	"CL:4030036"	"early spermatid"	"perfect match"	"SN090"	NA	1
"ACGGCCACATACCATG"	""	"ERX6700409"	"ERP132577"	"testis"	"Spermatocytes"	NA	NA	NA	"CL:0000017"	"spermatocyte"	"perfect match"	"SN090"	NA	6
"ACGGCCAGTAAATGAC"	""	"ERX6700409"	"ERP132577"	"testis"	"Other_somatic"	NA	NA	NA	"CL:0002371"	"somatic cell"	"perfect match"	"SN090"	NA	4
"ACGGCCAGTCTCTCTG"	""	"ERX6700409"	"ERP132577"	"testis"	"Other_somatic"	NA	NA	NA	"CL:0002371"	"somatic cell"	"perfect match"	"SN090"	NA	4
"ACGGCCATCGGCTACG"	""	"ERX6700409"	"ERP132577"	"testis"	"Elongated_spermatids"	NA	NA	NA	"CL:4030037"	"late spermatid"	"perfect match"	"SN090"	NA	3
"ACGGCCATCGGTTCGG"	""	"ERX6700409"	"ERP132577"	"testis"	"Other_somatic"	NA	NA	NA	"CL:0002371"	"somatic cell"	"perfect match"	"SN090"	NA	4
"ACGGGCTCAACGCACC"	""	"ERX6700409"	"ERP132577"	"testis"	"Spermatogonia"	NA	NA	NA	"CL:0000020"	"spermatogonium"	"perfect match"	"SN090"	NA	5
"ACGGGCTCAGGACCCT"	""	"ERX6700409"	"ERP132577"	"testis"	"Round_spermatids"	NA	NA	NA	"CL:4030036"	"early spermatid"	"perfect match"	"SN090"	NA	1
"ACGGGCTCAGTCAGAG"	""	"ERX6700409"	"ERP132577"	"testis"	"Round_spermatids"	NA	NA	NA	"CL:4030036"	"early spermatid"	"perfect match"	"SN090"	NA	1
"ACGGGCTCATACTACG"	""	"ERX6700409"	"ERP132577"	"testis"	"Round_spermatids"	NA	NA	NA	"CL:4030036"	"early spermatid"	"perfect match"	"SN090"	NA	1
"ACGGGCTGTTACGCGC"	""	"ERX6700409"	"ERP132577"	"testis"	"Spermatocytes"	NA	NA	NA	"CL:0000017"	"spermatocyte"	"perfect match"	"SN090"	NA	6
"ACGGGTCAGCCCAATT"	""	"ERX6700409"	"ERP132577"	"testis"	"Other_somatic"	NA	NA	NA	"CL:0002371"	"somatic cell"	"perfect match"	"SN090"	NA	4
"ACGGGTCCAGATCTGT"	""	"ERX6700409"	"ERP132577"	"testis"	"Elongated_spermatids"	NA	NA	NA	"CL:4030037"	"late spermatid"	"perfect match"	"SN090"	NA	3
"ACGGGTCCAGCGAACA"	""	"ERX6700409"	"ERP132577"	"testis"	"Elongated_spermatids"	NA	NA	NA	"CL:4030037"	"late spermatid"	"perfect match"	"SN090"	NA	3
"ACGGGTCGTTAAGTAG"	""	"ERX6700409"	"ERP132577"	"testis"	"Other_somatic"	NA	NA	NA	"CL:0002371"	"somatic cell"	"perfect match"	"SN090"	NA	4
"ACGGGTCTCCAATGGT"	""	"ERX6700409"	"ERP132577"	"testis"	"Elongated_spermatids"	NA	NA	NA	"CL:4030037"	"late spermatid"	"perfect match"	"SN090"	NA	3
"ACGGGTCTCCTTGCCA"	""	"ERX6700409"	"ERP132577"	"testis"	"Round_spermatids"	NA	NA	NA	"CL:4030036"	"early spermatid"	"perfect match"	"SN090"	NA	1
"ACGTCAAAGTAGTGCG"	""	"ERX6700409"	"ERP132577"	"testis"	"Other_somatic"	NA	NA	NA	"CL:0002371"	"somatic cell"	"perfect match"	"SN090"	NA	4
"ACGTCAACAGTATGCT"	""	"ERX6700409"	"ERP132577"	"testis"	"Other_somatic"	NA	NA	NA	"CL:0002371"	"somatic cell"	"perfect match"	"SN090"	NA	4
"ACGTCAATCTGATACG"	""	"ERX6700409"	"ERP132577"	"testis"	"Round_spermatids"	NA	NA	NA	"CL:4030036"	"early spermatid"	"perfect match"	"SN090"	NA	1
"ACGTCAATCTTGTCAT"	""	"ERX6700409"	"ERP132577"	"testis"	"Round_spermatids"	NA	NA	NA	"CL:4030036"	"early spermatid"	"perfect match"	"SN090"	NA	1
"ACTATCTAGGCATGGT"	""	"ERX6700409"	"ERP132577"	"testis"	"Spermatocytes"	NA	NA	NA	"CL:0000017"	"spermatocyte"	"perfect match"	"SN090"	NA	6
"ACTATCTAGTGAAGTT"	""	"ERX6700409"	"ERP132577"	"testis"	"Spermatogonia"	NA	NA	NA	"CL:0000020"	"spermatogonium"	"perfect match"	"SN090"	NA	5
"ACTATCTCAGGTGGAT"	""	"ERX6700409"	"ERP132577"	"testis"	"Round_spermatids"	NA	NA	NA	"CL:4030036"	"early spermatid"	"perfect match"	"SN090"	NA	1
"ACTATCTTCTGGTATG"	""	"ERX6700409"	"ERP132577"	"testis"	"Sertoli"	NA	NA	NA	"CL:0000216"	"Sertoli cell"	"perfect match"	"SN090"	NA	2
"ACTGAACAGGGATACC"	""	"ERX6700409"	"ERP132577"	"testis"	"Other_somatic"	NA	NA	NA	"CL:0002371"	"somatic cell"	"perfect match"	"SN090"	NA	4
"ACTGAACAGTAATCCC"	""	"ERX6700409"	"ERP132577"	"testis"	"Round_spermatids"	NA	NA	NA	"CL:4030036"	"early spermatid"	"perfect match"	"SN090"	NA	1
"ACTGAACGTTGGGACA"	""	"ERX6700409"	"ERP132577"	"testis"	"Round_spermatids"	NA	NA	NA	"CL:4030036"	"early spermatid"	"perfect match"	"SN090"	NA	1
"ACTGATGAGTCGCCGT"	""	"ERX6700409"	"ERP132577"	"testis"	"Spermatocytes"	NA	NA	NA	"CL:0000017"	"spermatocyte"	"perfect match"	"SN090"	NA	6
"ACTGATGAGTGGTAGC"	""	"ERX6700409"	"ERP132577"	"testis"	"Sertoli"	NA	NA	NA	"CL:0000216"	"Sertoli cell"	"perfect match"	"SN090"	NA	2
"ACTGATGCAGACGCCT"	""	"ERX6700409"	"ERP132577"	"testis"	"Spermatocytes"	NA	NA	NA	"CL:0000017"	"spermatocyte"	"perfect match"	"SN090"	NA	6
"ACTGATGGTTCCAACA"	""	"ERX6700409"	"ERP132577"	"testis"	"Round_spermatids"	NA	NA	NA	"CL:4030036"	"early spermatid"	"perfect match"	"SN090"	NA	1
"ACTGATGTCTGTCCGT"	""	"ERX6700409"	"ERP132577"	"testis"	"Other_somatic"	NA	NA	NA	"CL:0002371"	"somatic cell"	"perfect match"	"SN090"	NA	4
"ACTGCTCAGGGTTCCC"	""	"ERX6700409"	"ERP132577"	"testis"	"Other_somatic"	NA	NA	NA	"CL:0002371"	"somatic cell"	"perfect match"	"SN090"	NA	4
"ACTGCTCTCACCATAG"	""	"ERX6700409"	"ERP132577"	"testis"	"Round_spermatids"	NA	NA	NA	"CL:4030036"	"early spermatid"	"perfect match"	"SN090"	NA	1
"ACTGCTCTCCAGAAGG"	""	"ERX6700409"	"ERP132577"	"testis"	"Other_somatic"	NA	NA	NA	"CL:0002371"	"somatic cell"	"perfect match"	"SN090"	NA	4
"ACTGCTCTCCTAAGTG"	""	"ERX6700409"	"ERP132577"	"testis"	"Spermatogonia"	NA	NA	NA	"CL:0000020"	"spermatogonium"	"perfect match"	"SN090"	NA	5
"ACTGCTCTCGGATGGA"	""	"ERX6700409"	"ERP132577"	"testis"	"Spermatocytes"	NA	NA	NA	"CL:0000017"	"spermatocyte"	"perfect match"	"SN090"	NA	6
"ACTGCTCTCGTGGACC"	""	"ERX6700409"	"ERP132577"	"testis"	"Spermatocytes"	NA	NA	NA	"CL:0000017"	"spermatocyte"	"perfect match"	"SN090"	NA	6
"ACTGCTCTCTTGTATC"	""	"ERX6700409"	"ERP132577"	"testis"	"Sertoli"	NA	NA	NA	"CL:0000216"	"Sertoli cell"	"perfect match"	"SN090"	NA	2
"ACTGTCCAGCGTCTAT"	""	"ERX6700409"	"ERP132577"	"testis"	"Elongated_spermatids"	NA	NA	NA	"CL:4030037"	"late spermatid"	"perfect match"	"SN090"	NA	3
"ACTGTCCCACCGAATT"	""	"ERX6700409"	"ERP132577"	"testis"	"Elongated_spermatids"	NA	NA	NA	"CL:4030037"	"late spermatid"	"perfect match"	"SN090"	NA	3
"ACTGTCCCACGCTTTC"	""	"ERX6700409"	"ERP132577"	"testis"	"Elongated_spermatids"	NA	NA	NA	"CL:4030037"	"late spermatid"	"perfect match"	"SN090"	NA	3
"ACTGTCCCAGGTCGTC"	""	"ERX6700409"	"ERP132577"	"testis"	"Other_somatic"	NA	NA	NA	"CL:0002371"	"somatic cell"	"perfect match"	"SN090"	NA	4
"ACTGTCCCAGTTTACG"	""	"ERX6700409"	"ERP132577"	"testis"	"Other_somatic"	NA	NA	NA	"CL:0002371"	"somatic cell"	"perfect match"	"SN090"	NA	4
"ACTTGTTAGGGTCGAT"	""	"ERX6700409"	"ERP132577"	"testis"	"Elongated_spermatids"	NA	NA	NA	"CL:4030037"	"late spermatid"	"perfect match"	"SN090"	NA	3
"ACTTGTTCAAGGACTG"	""	"ERX6700409"	"ERP132577"	"testis"	"Other_somatic"	NA	NA	NA	"CL:0002371"	"somatic cell"	"perfect match"	"SN090"	NA	4
"ACTTGTTCAGACAAAT"	""	"ERX6700409"	"ERP132577"	"testis"	"Round_spermatids"	NA	NA	NA	"CL:4030036"	"early spermatid"	"perfect match"	"SN090"	NA	1
"ACTTGTTCAGCCTGTG"	""	"ERX6700409"	"ERP132577"	"testis"	"Sertoli"	NA	NA	NA	"CL:0000216"	"Sertoli cell"	"perfect match"	"SN090"	NA	2
"ACTTGTTTCACTTACT"	""	"ERX6700409"	"ERP132577"	"testis"	"Round_spermatids"	NA	NA	NA	"CL:4030036"	"early spermatid"	"perfect match"	"SN090"	NA	1
"ACTTGTTTCTCGATGA"	""	"ERX6700409"	"ERP132577"	"testis"	"Round_spermatids"	NA	NA	NA	"CL:4030036"	"early spermatid"	"perfect match"	"SN090"	NA	1
"ACTTTCAAGACCCACC"	""	"ERX6700409"	"ERP132577"	"testis"	"Spermatocytes"	NA	NA	NA	"CL:0000017"	"spermatocyte"	"perfect match"	"SN090"	NA	6
"ACTTTCACATGAACCT"	""	"ERX6700409"	"ERP132577"	"testis"	"Elongated_spermatids"	NA	NA	NA	"CL:4030037"	"late spermatid"	"perfect match"	"SN090"	NA	3
"ACTTTCAGTACCATCA"	""	"ERX6700409"	"ERP132577"	"testis"	"Spermatogonia"	NA	NA	NA	"CL:0000020"	"spermatogonium"	"perfect match"	"SN090"	NA	5
"ACTTTCATCTCCAGGG"	""	"ERX6700409"	"ERP132577"	"testis"	"Spermatocytes"	NA	NA	NA	"CL:0000017"	"spermatocyte"	"perfect match"	"SN090"	NA	6
"AGAATAGAGGTGCTTT"	""	"ERX6700409"	"ERP132577"	"testis"	"Round_spermatids"	NA	NA	NA	"CL:4030036"	"early spermatid"	"perfect match"	"SN090"	NA	1
"AGAATAGCAGAGTGTG"	""	"ERX6700409"	"ERP132577"	"testis"	"Round_spermatids"	NA	NA	NA	"CL:4030036"	"early spermatid"	"perfect match"	"SN090"	NA	1
"AGAATAGCAGCATGAG"	""	"ERX6700409"	"ERP132577"	"testis"	"Other_somatic"	NA	NA	NA	"CL:0002371"	"somatic cell"	"perfect match"	"SN090"	NA	4
"AGAATAGTCCCATTAT"	""	"ERX6700409"	"ERP132577"	"testis"	"Spermatocytes"	NA	NA	NA	"CL:0000017"	"spermatocyte"	"perfect match"	"SN090"	NA	6
"AGAATAGTCGGAATCT"	""	"ERX6700409"	"ERP132577"	"testis"	"Sertoli"	NA	NA	NA	"CL:0000216"	"Sertoli cell"	"perfect match"	"SN090"	NA	2
"AGACGTTAGTGGGTTG"	""	"ERX6700409"	"ERP132577"	"testis"	"Sertoli"	NA	NA	NA	"CL:0000216"	"Sertoli cell"	"perfect match"	"SN090"	NA	2
"AGACGTTCATCCCACT"	""	"ERX6700409"	"ERP132577"	"testis"	"Round_spermatids"	NA	NA	NA	"CL:4030036"	"early spermatid"	"perfect match"	"SN090"	NA	1
"AGACGTTGTTCGGGCT"	""	"ERX6700409"	"ERP132577"	"testis"	"Round_spermatids"	NA	NA	NA	"CL:4030036"	"early spermatid"	"perfect match"	"SN090"	NA	1
"AGAGCGACACGAAACG"	""	"ERX6700409"	"ERP132577"	"testis"	"Round_spermatids"	NA	NA	NA	"CL:4030036"	"early spermatid"	"perfect match"	"SN090"	NA	1
"AGAGCGACATTCTCAT"	""	"ERX6700409"	"ERP132577"	"testis"	"Elongated_spermatids"	NA	NA	NA	"CL:4030037"	"late spermatid"	"perfect match"	"SN090"	NA	3
"AGAGCGAGTCGACTAT"	""	"ERX6700409"	"ERP132577"	"testis"	"Spermatogonia"	NA	NA	NA	"CL:0000020"	"spermatogonium"	"perfect match"	"SN090"	NA	5
"AGAGCTTCACTAAGTC"	""	"ERX6700409"	"ERP132577"	"testis"	"Elongated_spermatids"	NA	NA	NA	"CL:4030037"	"late spermatid"	"perfect match"	"SN090"	NA	3
"AGAGCTTGTGTCGCTG"	""	"ERX6700409"	"ERP132577"	"testis"	"Other_somatic"	NA	NA	NA	"CL:0002371"	"somatic cell"	"perfect match"	"SN090"	NA	4
"AGAGCTTTCCAGGGCT"	""	"ERX6700409"	"ERP132577"	"testis"	"Spermatocytes"	NA	NA	NA	"CL:0000017"	"spermatocyte"	"perfect match"	"SN090"	NA	6
"AGAGCTTTCGAGCCCA"	""	"ERX6700409"	"ERP132577"	"testis"	"Elongated_spermatids"	NA	NA	NA	"CL:4030037"	"late spermatid"	"perfect match"	"SN090"	NA	3
"AGAGCTTTCTGTTTGT"	""	"ERX6700409"	"ERP132577"	"testis"	"Sertoli"	NA	NA	NA	"CL:0000216"	"Sertoli cell"	"perfect match"	"SN090"	NA	2
"AGAGCTTTCTTGTATC"	""	"ERX6700409"	"ERP132577"	"testis"	"Spermatocytes"	NA	NA	NA	"CL:0000017"	"spermatocyte"	"perfect match"	"SN090"	NA	6
"AGAGTGGAGAAGAAGC"	""	"ERX6700409"	"ERP132577"	"testis"	"Spermatocytes"	NA	NA	NA	"CL:0000017"	"spermatocyte"	"perfect match"	"SN090"	NA	6
"AGAGTGGAGGCAAAGA"	""	"ERX6700409"	"ERP132577"	"testis"	"Sertoli"	NA	NA	NA	"CL:0000216"	"Sertoli cell"	"perfect match"	"SN090"	NA	2
"AGAGTGGAGTACACCT"	""	"ERX6700409"	"ERP132577"	"testis"	"Spermatogonia"	NA	NA	NA	"CL:0000020"	"spermatogonium"	"perfect match"	"SN090"	NA	5
"AGAGTGGCACAACGCC"	""	"ERX6700409"	"ERP132577"	"testis"	"Elongated_spermatids"	NA	NA	NA	"CL:4030037"	"late spermatid"	"perfect match"	"SN090"	NA	3
"AGATCTGAGTCGATAA"	""	"ERX6700409"	"ERP132577"	"testis"	"Elongated_spermatids"	NA	NA	NA	"CL:4030037"	"late spermatid"	"perfect match"	"SN090"	NA	3
"AGATCTGCATAGAAAC"	""	"ERX6700409"	"ERP132577"	"testis"	"Round_spermatids"	NA	NA	NA	"CL:4030036"	"early spermatid"	"perfect match"	"SN090"	NA	1
"AGATCTGGTAAGAGAG"	""	"ERX6700409"	"ERP132577"	"testis"	"Round_spermatids"	NA	NA	NA	"CL:4030036"	"early spermatid"	"perfect match"	"SN090"	NA	1
"AGATCTGGTCTCATCC"	""	"ERX6700409"	"ERP132577"	"testis"	"Other_somatic"	NA	NA	NA	"CL:0002371"	"somatic cell"	"perfect match"	"SN090"	NA	4
"AGATCTGTCATGGTCA"	""	"ERX6700409"	"ERP132577"	"testis"	"Sertoli"	NA	NA	NA	"CL:0000216"	"Sertoli cell"	"perfect match"	"SN090"	NA	2
"AGATCTGTCTGCGTAA"	""	"ERX6700409"	"ERP132577"	"testis"	"Round_spermatids"	NA	NA	NA	"CL:4030036"	"early spermatid"	"perfect match"	"SN090"	NA	1
"AGATTGCCACGAGAGT"	""	"ERX6700409"	"ERP132577"	"testis"	"Spermatogonia"	NA	NA	NA	"CL:0000020"	"spermatogonium"	"perfect match"	"SN090"	NA	5
"AGATTGCGTGACGGTA"	""	"ERX6700409"	"ERP132577"	"testis"	"Sertoli"	NA	NA	NA	"CL:0000216"	"Sertoli cell"	"perfect match"	"SN090"	NA	2
"AGATTGCTCAGCTTAG"	""	"ERX6700409"	"ERP132577"	"testis"	"Round_spermatids"	NA	NA	NA	"CL:4030036"	"early spermatid"	"perfect match"	"SN090"	NA	1
"AGATTGCTCTGTCCGT"	""	"ERX6700409"	"ERP132577"	"testis"	"Sertoli"	NA	NA	NA	"CL:0000216"	"Sertoli cell"	"perfect match"	"SN090"	NA	2
"AGCAGCCAGAGTCGGT"	""	"ERX6700409"	"ERP132577"	"testis"	"Other_somatic"	NA	NA	NA	"CL:0002371"	"somatic cell"	"perfect match"	"SN090"	NA	4
"AGCAGCCAGCAATATG"	""	"ERX6700409"	"ERP132577"	"testis"	"Sertoli"	NA	NA	NA	"CL:0000216"	"Sertoli cell"	"perfect match"	"SN090"	NA	2
"AGCAGCCAGTTTAGGA"	""	"ERX6700409"	"ERP132577"	"testis"	"Other_somatic"	NA	NA	NA	"CL:0002371"	"somatic cell"	"perfect match"	"SN090"	NA	4
"AGCAGCCCATGGGACA"	""	"ERX6700409"	"ERP132577"	"testis"	"Round_spermatids"	NA	NA	NA	"CL:4030036"	"early spermatid"	"perfect match"	"SN090"	NA	1
"AGCAGCCTCCCTTGTG"	""	"ERX6700409"	"ERP132577"	"testis"	"Elongated_spermatids"	NA	NA	NA	"CL:4030037"	"late spermatid"	"perfect match"	"SN090"	NA	3
"AGCATACAGCCGATTT"	""	"ERX6700409"	"ERP132577"	"testis"	"Spermatocytes"	NA	NA	NA	"CL:0000017"	"spermatocyte"	"perfect match"	"SN090"	NA	6
"AGCATACCACGGTAAG"	""	"ERX6700409"	"ERP132577"	"testis"	"Round_spermatids"	NA	NA	NA	"CL:4030036"	"early spermatid"	"perfect match"	"SN090"	NA	1
"AGCATACGTACGACCC"	""	"ERX6700409"	"ERP132577"	"testis"	"Other_somatic"	NA	NA	NA	"CL:0002371"	"somatic cell"	"perfect match"	"SN090"	NA	4
"AGCATACGTCTTCGTC"	""	"ERX6700409"	"ERP132577"	"testis"	"Spermatocytes"	NA	NA	NA	"CL:0000017"	"spermatocyte"	"perfect match"	"SN090"	NA	6
"AGCATACGTGCAACTT"	""	"ERX6700409"	"ERP132577"	"testis"	"Spermatocytes"	NA	NA	NA	"CL:0000017"	"spermatocyte"	"perfect match"	"SN090"	NA	6
"AGCATACTCAGGTAAA"	""	"ERX6700409"	"ERP132577"	"testis"	"Round_spermatids"	NA	NA	NA	"CL:4030036"	"early spermatid"	"perfect match"	"SN090"	NA	1
"AGCATACTCGCTAGCG"	""	"ERX6700409"	"ERP132577"	"testis"	"Elongated_spermatids"	NA	NA	NA	"CL:4030037"	"late spermatid"	"perfect match"	"SN090"	NA	3
"AGCATACTCGGTGTCG"	""	"ERX6700409"	"ERP132577"	"testis"	"Round_spermatids"	NA	NA	NA	"CL:4030036"	"early spermatid"	"perfect match"	"SN090"	NA	1
"AGCATACTCGTTGCCT"	""	"ERX6700409"	"ERP132577"	"testis"	"Spermatocytes"	NA	NA	NA	"CL:0000017"	"spermatocyte"	"perfect match"	"SN090"	NA	6
"AGCATACTCTTTAGGG"	""	"ERX6700409"	"ERP132577"	"testis"	"Sertoli"	NA	NA	NA	"CL:0000216"	"Sertoli cell"	"perfect match"	"SN090"	NA	2
"AGCCTAACATTCCTCG"	""	"ERX6700409"	"ERP132577"	"testis"	"Round_spermatids"	NA	NA	NA	"CL:4030036"	"early spermatid"	"perfect match"	"SN090"	NA	1
"AGCCTAAGTCTGATTG"	""	"ERX6700409"	"ERP132577"	"testis"	"Other_somatic"	NA	NA	NA	"CL:0002371"	"somatic cell"	"perfect match"	"SN090"	NA	4
"AGCGGTCAGCTTATCG"	""	"ERX6700409"	"ERP132577"	"testis"	"Sertoli"	NA	NA	NA	"CL:0000216"	"Sertoli cell"	"perfect match"	"SN090"	NA	2
"AGCGGTCCACTCAGGC"	""	"ERX6700409"	"ERP132577"	"testis"	"Spermatocytes"	NA	NA	NA	"CL:0000017"	"spermatocyte"	"perfect match"	"SN090"	NA	6
"AGCGGTCGTCGACTAT"	""	"ERX6700409"	"ERP132577"	"testis"	"Other_somatic"	NA	NA	NA	"CL:0002371"	"somatic cell"	"perfect match"	"SN090"	NA	4
"AGCGGTCGTGGTCCGT"	""	"ERX6700409"	"ERP132577"	"testis"	"Elongated_spermatids"	NA	NA	NA	"CL:4030037"	"late spermatid"	"perfect match"	"SN090"	NA	3
"AGCGGTCGTTCGCGAC"	""	"ERX6700409"	"ERP132577"	"testis"	"Other_somatic"	NA	NA	NA	"CL:0002371"	"somatic cell"	"perfect match"	"SN090"	NA	4
"AGCGTATAGGGATCTG"	""	"ERX6700409"	"ERP132577"	"testis"	"Other_somatic"	NA	NA	NA	"CL:0002371"	"somatic cell"	"perfect match"	"SN090"	NA	4
"AGCGTATCAAGTCATC"	""	"ERX6700409"	"ERP132577"	"testis"	"Round_spermatids"	NA	NA	NA	"CL:4030036"	"early spermatid"	"perfect match"	"SN090"	NA	1
"AGCGTATGTGAGTGAC"	""	"ERX6700409"	"ERP132577"	"testis"	"Round_spermatids"	NA	NA	NA	"CL:4030036"	"early spermatid"	"perfect match"	"SN090"	NA	1
"AGCGTATTCTCCTATA"	""	"ERX6700409"	"ERP132577"	"testis"	"Other_somatic"	NA	NA	NA	"CL:0002371"	"somatic cell"	"perfect match"	"SN090"	NA	4
"AGCGTCGGTATATGAG"	""	"ERX6700409"	"ERP132577"	"testis"	"Sertoli"	NA	NA	NA	"CL:0000216"	"Sertoli cell"	"perfect match"	"SN090"	NA	2
"AGCGTCGGTCCCTACT"	""	"ERX6700409"	"ERP132577"	"testis"	"Spermatocytes"	NA	NA	NA	"CL:0000017"	"spermatocyte"	"perfect match"	"SN090"	NA	6
"AGCTCCTAGCTGCAAG"	""	"ERX6700409"	"ERP132577"	"testis"	"Sertoli"	NA	NA	NA	"CL:0000216"	"Sertoli cell"	"perfect match"	"SN090"	NA	2
"AGCTCCTCACACATGT"	""	"ERX6700409"	"ERP132577"	"testis"	"Other_somatic"	NA	NA	NA	"CL:0002371"	"somatic cell"	"perfect match"	"SN090"	NA	4
"AGCTCCTTCCTAGAAC"	""	"ERX6700409"	"ERP132577"	"testis"	"Spermatocytes"	NA	NA	NA	"CL:0000017"	"spermatocyte"	"perfect match"	"SN090"	NA	6
"AGCTCCTTCTTTCCTC"	""	"ERX6700409"	"ERP132577"	"testis"	"Elongated_spermatids"	NA	NA	NA	"CL:4030037"	"late spermatid"	"perfect match"	"SN090"	NA	3
"AGCTCTCAGCTTATCG"	""	"ERX6700409"	"ERP132577"	"testis"	"Other_somatic"	NA	NA	NA	"CL:0002371"	"somatic cell"	"perfect match"	"SN090"	NA	4
"AGCTCTCCAAGAGGCT"	""	"ERX6700409"	"ERP132577"	"testis"	"Spermatocytes"	NA	NA	NA	"CL:0000017"	"spermatocyte"	"perfect match"	"SN090"	NA	6
"AGCTCTCGTTCTGGTA"	""	"ERX6700409"	"ERP132577"	"testis"	"Round_spermatids"	NA	NA	NA	"CL:4030036"	"early spermatid"	"perfect match"	"SN090"	NA	1
"AGCTCTCTCTCGCATC"	""	"ERX6700409"	"ERP132577"	"testis"	"Sertoli"	NA	NA	NA	"CL:0000216"	"Sertoli cell"	"perfect match"	"SN090"	NA	2
"AGCTTGACACCCATTC"	""	"ERX6700409"	"ERP132577"	"testis"	"Other_somatic"	NA	NA	NA	"CL:0002371"	"somatic cell"	"perfect match"	"SN090"	NA	4
"AGCTTGACACGCTTTC"	""	"ERX6700409"	"ERP132577"	"testis"	"Other_somatic"	NA	NA	NA	"CL:0002371"	"somatic cell"	"perfect match"	"SN090"	NA	4
"AGCTTGACATATGCTG"	""	"ERX6700409"	"ERP132577"	"testis"	"Sertoli"	NA	NA	NA	"CL:0000216"	"Sertoli cell"	"perfect match"	"SN090"	NA	2
"AGCTTGAGTCGATTGT"	""	"ERX6700409"	"ERP132577"	"testis"	"Spermatocytes"	NA	NA	NA	"CL:0000017"	"spermatocyte"	"perfect match"	"SN090"	NA	6
"AGCTTGAGTCGCCATG"	""	"ERX6700409"	"ERP132577"	"testis"	"Round_spermatids"	NA	NA	NA	"CL:4030036"	"early spermatid"	"perfect match"	"SN090"	NA	1
"AGCTTGAGTGAACCTT"	""	"ERX6700409"	"ERP132577"	"testis"	"Other_somatic"	NA	NA	NA	"CL:0002371"	"somatic cell"	"perfect match"	"SN090"	NA	4
"AGCTTGAGTGACGGTA"	""	"ERX6700409"	"ERP132577"	"testis"	"Sertoli"	NA	NA	NA	"CL:0000216"	"Sertoli cell"	"perfect match"	"SN090"	NA	2
"AGCTTGAGTTCACGGC"	""	"ERX6700409"	"ERP132577"	"testis"	"Elongated_spermatids"	NA	NA	NA	"CL:4030037"	"late spermatid"	"perfect match"	"SN090"	NA	3
"AGCTTGATCTTGAGGT"	""	"ERX6700409"	"ERP132577"	"testis"	"Other_somatic"	NA	NA	NA	"CL:0002371"	"somatic cell"	"perfect match"	"SN090"	NA	4
"AGGCCACAGCAGCCTC"	""	"ERX6700409"	"ERP132577"	"testis"	"Elongated_spermatids"	NA	NA	NA	"CL:4030037"	"late spermatid"	"perfect match"	"SN090"	NA	3
"AGGCCACAGCCCAATT"	""	"ERX6700409"	"ERP132577"	"testis"	"Sertoli"	NA	NA	NA	"CL:0000216"	"Sertoli cell"	"perfect match"	"SN090"	NA	2
"AGGCCACCAACTGCTA"	""	"ERX6700409"	"ERP132577"	"testis"	"Round_spermatids"	NA	NA	NA	"CL:4030036"	"early spermatid"	"perfect match"	"SN090"	NA	1
"AGGCCACCAAGTCATC"	""	"ERX6700409"	"ERP132577"	"testis"	"Elongated_spermatids"	NA	NA	NA	"CL:4030037"	"late spermatid"	"perfect match"	"SN090"	NA	3
"AGGCCACGTAAATGTG"	""	"ERX6700409"	"ERP132577"	"testis"	"Other_somatic"	NA	NA	NA	"CL:0002371"	"somatic cell"	"perfect match"	"SN090"	NA	4
"AGGCCGTAGGAGTAGA"	""	"ERX6700409"	"ERP132577"	"testis"	"Other_somatic"	NA	NA	NA	"CL:0002371"	"somatic cell"	"perfect match"	"SN090"	NA	4
"AGGGAGTCAAAGGAAG"	""	"ERX6700409"	"ERP132577"	"testis"	"Spermatocytes"	NA	NA	NA	"CL:0000017"	"spermatocyte"	"perfect match"	"SN090"	NA	6
"AGGGAGTCAGTCACTA"	""	"ERX6700409"	"ERP132577"	"testis"	"Other_somatic"	NA	NA	NA	"CL:0002371"	"somatic cell"	"perfect match"	"SN090"	NA	4
"AGGGAGTCATCCGCGA"	""	"ERX6700409"	"ERP132577"	"testis"	"Other_somatic"	NA	NA	NA	"CL:0002371"	"somatic cell"	"perfect match"	"SN090"	NA	4
"AGGGAGTGTCACTTCC"	""	"ERX6700409"	"ERP132577"	"testis"	"Spermatogonia"	NA	NA	NA	"CL:0000020"	"spermatogonium"	"perfect match"	"SN090"	NA	5
"AGGGAGTGTCCGTCAG"	""	"ERX6700409"	"ERP132577"	"testis"	"Elongated_spermatids"	NA	NA	NA	"CL:4030037"	"late spermatid"	"perfect match"	"SN090"	NA	3
"AGGGAGTGTCTGATCA"	""	"ERX6700409"	"ERP132577"	"testis"	"Sertoli"	NA	NA	NA	"CL:0000216"	"Sertoli cell"	"perfect match"	"SN090"	NA	2
"AGGGAGTTCGGTCTAA"	""	"ERX6700409"	"ERP132577"	"testis"	"Other_somatic"	NA	NA	NA	"CL:0002371"	"somatic cell"	"perfect match"	"SN090"	NA	4
"AGGGATGAGGAGTTGC"	""	"ERX6700409"	"ERP132577"	"testis"	"Round_spermatids"	NA	NA	NA	"CL:4030036"	"early spermatid"	"perfect match"	"SN090"	NA	1
"AGGGATGAGGGCACTA"	""	"ERX6700409"	"ERP132577"	"testis"	"Spermatocytes"	NA	NA	NA	"CL:0000017"	"spermatocyte"	"perfect match"	"SN090"	NA	6
"AGGGATGCAAGACGTG"	""	"ERX6700409"	"ERP132577"	"testis"	"Spermatocytes"	NA	NA	NA	"CL:0000017"	"spermatocyte"	"perfect match"	"SN090"	NA	6
"AGGGATGTCAAACGGG"	""	"ERX6700409"	"ERP132577"	"testis"	"Spermatogonia"	NA	NA	NA	"CL:0000020"	"spermatogonium"	"perfect match"	"SN090"	NA	5
"AGGGTGAAGTGACTCT"	""	"ERX6700409"	"ERP132577"	"testis"	"Spermatocytes"	NA	NA	NA	"CL:0000017"	"spermatocyte"	"perfect match"	"SN090"	NA	6
"AGGGTGACAATAAGCA"	""	"ERX6700409"	"ERP132577"	"testis"	"Sertoli"	NA	NA	NA	"CL:0000216"	"Sertoli cell"	"perfect match"	"SN090"	NA	2
"AGGGTGACAGGGAGAG"	""	"ERX6700409"	"ERP132577"	"testis"	"Spermatocytes"	NA	NA	NA	"CL:0000017"	"spermatocyte"	"perfect match"	"SN090"	NA	6
"AGGGTGAGTAAAGTCA"	""	"ERX6700409"	"ERP132577"	"testis"	"Other_somatic"	NA	NA	NA	"CL:0002371"	"somatic cell"	"perfect match"	"SN090"	NA	4
"AGGTCATAGATCCCAT"	""	"ERX6700409"	"ERP132577"	"testis"	"Elongated_spermatids"	NA	NA	NA	"CL:4030037"	"late spermatid"	"perfect match"	"SN090"	NA	3
"AGGTCATAGCCAGTTT"	""	"ERX6700409"	"ERP132577"	"testis"	"Other_somatic"	NA	NA	NA	"CL:0002371"	"somatic cell"	"perfect match"	"SN090"	NA	4
"AGGTCATAGCTCCTTC"	""	"ERX6700409"	"ERP132577"	"testis"	"Elongated_spermatids"	NA	NA	NA	"CL:4030037"	"late spermatid"	"perfect match"	"SN090"	NA	3
"AGGTCATAGCTGGAAC"	""	"ERX6700409"	"ERP132577"	"testis"	"Other_somatic"	NA	NA	NA	"CL:0002371"	"somatic cell"	"perfect match"	"SN090"	NA	4
"AGGTCATCAAGCTGTT"	""	"ERX6700409"	"ERP132577"	"testis"	"Elongated_spermatids"	NA	NA	NA	"CL:4030037"	"late spermatid"	"perfect match"	"SN090"	NA	3
"AGGTCATCATTCACTT"	""	"ERX6700409"	"ERP132577"	"testis"	"Round_spermatids"	NA	NA	NA	"CL:4030036"	"early spermatid"	"perfect match"	"SN090"	NA	1
"AGGTCATGTAGCGTAG"	""	"ERX6700409"	"ERP132577"	"testis"	"Other_somatic"	NA	NA	NA	"CL:0002371"	"somatic cell"	"perfect match"	"SN090"	NA	4
"AGGTCATGTGTTGAGG"	""	"ERX6700409"	"ERP132577"	"testis"	"Sertoli"	NA	NA	NA	"CL:0000216"	"Sertoli cell"	"perfect match"	"SN090"	NA	2
"AGGTCATTCAGTTGAC"	""	"ERX6700409"	"ERP132577"	"testis"	"Round_spermatids"	NA	NA	NA	"CL:4030036"	"early spermatid"	"perfect match"	"SN090"	NA	1
"AGGTCATTCGCCCTTA"	""	"ERX6700409"	"ERP132577"	"testis"	"Elongated_spermatids"	NA	NA	NA	"CL:4030037"	"late spermatid"	"perfect match"	"SN090"	NA	3
"AGGTCCGAGCGAGAAA"	""	"ERX6700409"	"ERP132577"	"testis"	"Round_spermatids"	NA	NA	NA	"CL:4030036"	"early spermatid"	"perfect match"	"SN090"	NA	1
"AGGTCCGTCGCACTCT"	""	"ERX6700409"	"ERP132577"	"testis"	"Round_spermatids"	NA	NA	NA	"CL:4030036"	"early spermatid"	"perfect match"	"SN090"	NA	1
"AGTAGTCAGGTGTGGT"	""	"ERX6700409"	"ERP132577"	"testis"	"Sertoli"	NA	NA	NA	"CL:0000216"	"Sertoli cell"	"perfect match"	"SN090"	NA	2
"AGTAGTCCAAACTGCT"	""	"ERX6700409"	"ERP132577"	"testis"	"Sertoli"	NA	NA	NA	"CL:0000216"	"Sertoli cell"	"perfect match"	"SN090"	NA	2
"AGTAGTCCAGCTTAAC"	""	"ERX6700409"	"ERP132577"	"testis"	"Other_somatic"	NA	NA	NA	"CL:0002371"	"somatic cell"	"perfect match"	"SN090"	NA	4
"AGTAGTCTCCGAGCCA"	""	"ERX6700409"	"ERP132577"	"testis"	"Sertoli"	NA	NA	NA	"CL:0000216"	"Sertoli cell"	"perfect match"	"SN090"	NA	2
"AGTAGTCTCCGCATAA"	""	"ERX6700409"	"ERP132577"	"testis"	"Spermatogonia"	NA	NA	NA	"CL:0000020"	"spermatogonium"	"perfect match"	"SN090"	NA	5
"AGTAGTCTCCTCCTAG"	""	"ERX6700409"	"ERP132577"	"testis"	"Round_spermatids"	NA	NA	NA	"CL:4030036"	"early spermatid"	"perfect match"	"SN090"	NA	1
"AGTCTTTAGATCCTGT"	""	"ERX6700409"	"ERP132577"	"testis"	"Spermatogonia"	NA	NA	NA	"CL:0000020"	"spermatogonium"	"perfect match"	"SN090"	NA	5
"AGTCTTTAGCGACGTA"	""	"ERX6700409"	"ERP132577"	"testis"	"Round_spermatids"	NA	NA	NA	"CL:4030036"	"early spermatid"	"perfect match"	"SN090"	NA	1
"AGTCTTTCAAGCCGCT"	""	"ERX6700409"	"ERP132577"	"testis"	"Round_spermatids"	NA	NA	NA	"CL:4030036"	"early spermatid"	"perfect match"	"SN090"	NA	1
"AGTCTTTCAGCCAATT"	""	"ERX6700409"	"ERP132577"	"testis"	"Round_spermatids"	NA	NA	NA	"CL:4030036"	"early spermatid"	"perfect match"	"SN090"	NA	1
"AGTCTTTCAGCTGTTA"	""	"ERX6700409"	"ERP132577"	"testis"	"Spermatogonia"	NA	NA	NA	"CL:0000020"	"spermatogonium"	"perfect match"	"SN090"	NA	5
"AGTCTTTTCAGCGACC"	""	"ERX6700409"	"ERP132577"	"testis"	"Round_spermatids"	NA	NA	NA	"CL:4030036"	"early spermatid"	"perfect match"	"SN090"	NA	1
"AGTCTTTTCGTTTATC"	""	"ERX6700409"	"ERP132577"	"testis"	"Elongated_spermatids"	NA	NA	NA	"CL:4030037"	"late spermatid"	"perfect match"	"SN090"	NA	3
"AGTGAGGAGTTAGCGG"	""	"ERX6700409"	"ERP132577"	"testis"	"Round_spermatids"	NA	NA	NA	"CL:4030036"	"early spermatid"	"perfect match"	"SN090"	NA	1
"AGTGAGGCAGTCTTCC"	""	"ERX6700409"	"ERP132577"	"testis"	"Elongated_spermatids"	NA	NA	NA	"CL:4030037"	"late spermatid"	"perfect match"	"SN090"	NA	3
"AGTGAGGGTAGCTCCG"	""	"ERX6700409"	"ERP132577"	"testis"	"Elongated_spermatids"	NA	NA	NA	"CL:4030037"	"late spermatid"	"perfect match"	"SN090"	NA	3
"AGTGAGGTCAAGAAGT"	""	"ERX6700409"	"ERP132577"	"testis"	"Other_somatic"	NA	NA	NA	"CL:0002371"	"somatic cell"	"perfect match"	"SN090"	NA	4
"AGTGAGGTCCGCTGTT"	""	"ERX6700409"	"ERP132577"	"testis"	"Other_somatic"	NA	NA	NA	"CL:0002371"	"somatic cell"	"perfect match"	"SN090"	NA	4
"AGTGGGAAGCTCCCAG"	""	"ERX6700409"	"ERP132577"	"testis"	"Spermatogonia"	NA	NA	NA	"CL:0000020"	"spermatogonium"	"perfect match"	"SN090"	NA	5
"AGTGGGAAGGCCATAG"	""	"ERX6700409"	"ERP132577"	"testis"	"Round_spermatids"	NA	NA	NA	"CL:4030036"	"early spermatid"	"perfect match"	"SN090"	NA	1
"AGTGGGACAGTAACGG"	""	"ERX6700409"	"ERP132577"	"testis"	"Round_spermatids"	NA	NA	NA	"CL:4030036"	"early spermatid"	"perfect match"	"SN090"	NA	1
"AGTGGGAGTGATGATA"	""	"ERX6700409"	"ERP132577"	"testis"	"Spermatocytes"	NA	NA	NA	"CL:0000017"	"spermatocyte"	"perfect match"	"SN090"	NA	6
"AGTGGGAGTTCTGAAC"	""	"ERX6700409"	"ERP132577"	"testis"	"Other_somatic"	NA	NA	NA	"CL:0002371"	"somatic cell"	"perfect match"	"SN090"	NA	4
"AGTGGGATCCGGCACA"	""	"ERX6700409"	"ERP132577"	"testis"	"Round_spermatids"	NA	NA	NA	"CL:4030036"	"early spermatid"	"perfect match"	"SN090"	NA	1
"AGTGTCAAGATCCGAG"	""	"ERX6700409"	"ERP132577"	"testis"	"Elongated_spermatids"	NA	NA	NA	"CL:4030037"	"late spermatid"	"perfect match"	"SN090"	NA	3
"AGTGTCAAGCTTCGCG"	""	"ERX6700409"	"ERP132577"	"testis"	"Spermatogonia"	NA	NA	NA	"CL:0000020"	"spermatogonium"	"perfect match"	"SN090"	NA	5
"AGTGTCACAAGTCTGT"	""	"ERX6700409"	"ERP132577"	"testis"	"Other_somatic"	NA	NA	NA	"CL:0002371"	"somatic cell"	"perfect match"	"SN090"	NA	4
"AGTGTCACATCGGACC"	""	"ERX6700409"	"ERP132577"	"testis"	"Other_somatic"	NA	NA	NA	"CL:0002371"	"somatic cell"	"perfect match"	"SN090"	NA	4
"AGTGTCAGTAGGAGTC"	""	"ERX6700409"	"ERP132577"	"testis"	"Other_somatic"	NA	NA	NA	"CL:0002371"	"somatic cell"	"perfect match"	"SN090"	NA	4
"AGTGTCAGTGACTCAT"	""	"ERX6700409"	"ERP132577"	"testis"	"Round_spermatids"	NA	NA	NA	"CL:4030036"	"early spermatid"	"perfect match"	"SN090"	NA	1
"AGTGTCATCTCGTATT"	""	"ERX6700409"	"ERP132577"	"testis"	"Spermatocytes"	NA	NA	NA	"CL:0000017"	"spermatocyte"	"perfect match"	"SN090"	NA	6
"AGTTGGTGTATTCGTG"	""	"ERX6700409"	"ERP132577"	"testis"	"Round_spermatids"	NA	NA	NA	"CL:4030036"	"early spermatid"	"perfect match"	"SN090"	NA	1
"AGTTGGTTCCGTCAAA"	""	"ERX6700409"	"ERP132577"	"testis"	"Round_spermatids"	NA	NA	NA	"CL:4030036"	"early spermatid"	"perfect match"	"SN090"	NA	1
"AGTTGGTTCCTCAATT"	""	"ERX6700409"	"ERP132577"	"testis"	"Round_spermatids"	NA	NA	NA	"CL:4030036"	"early spermatid"	"perfect match"	"SN090"	NA	1
"ATAACGCAGAGTCGGT"	""	"ERX6700409"	"ERP132577"	"testis"	"Other_somatic"	NA	NA	NA	"CL:0002371"	"somatic cell"	"perfect match"	"SN090"	NA	4
"ATAACGCCAAATACAG"	""	"ERX6700409"	"ERP132577"	"testis"	"Round_spermatids"	NA	NA	NA	"CL:4030036"	"early spermatid"	"perfect match"	"SN090"	NA	1
"ATAACGCGTAAGTGTA"	""	"ERX6700409"	"ERP132577"	"testis"	"Spermatogonia"	NA	NA	NA	"CL:0000020"	"spermatogonium"	"perfect match"	"SN090"	NA	5
"ATAACGCGTAGGCATG"	""	"ERX6700409"	"ERP132577"	"testis"	"Round_spermatids"	NA	NA	NA	"CL:4030036"	"early spermatid"	"perfect match"	"SN090"	NA	1
"ATAACGCTCACTCTTA"	""	"ERX6700409"	"ERP132577"	"testis"	"Elongated_spermatids"	NA	NA	NA	"CL:4030037"	"late spermatid"	"perfect match"	"SN090"	NA	3
"ATAACGCTCACTTATC"	""	"ERX6700409"	"ERP132577"	"testis"	"Elongated_spermatids"	NA	NA	NA	"CL:4030037"	"late spermatid"	"perfect match"	"SN090"	NA	3
"ATAAGAGAGCGATCCC"	""	"ERX6700409"	"ERP132577"	"testis"	"Elongated_spermatids"	NA	NA	NA	"CL:4030037"	"late spermatid"	"perfect match"	"SN090"	NA	3
"ATAAGAGAGGACAGCT"	""	"ERX6700409"	"ERP132577"	"testis"	"Round_spermatids"	NA	NA	NA	"CL:4030036"	"early spermatid"	"perfect match"	"SN090"	NA	1
"ATAAGAGAGTAATCCC"	""	"ERX6700409"	"ERP132577"	"testis"	"Round_spermatids"	NA	NA	NA	"CL:4030036"	"early spermatid"	"perfect match"	"SN090"	NA	1
"ATAAGAGGTCTCACCT"	""	"ERX6700409"	"ERP132577"	"testis"	"Other_somatic"	NA	NA	NA	"CL:0002371"	"somatic cell"	"perfect match"	"SN090"	NA	4
"ATAGACCCATCAGTAC"	""	"ERX6700409"	"ERP132577"	"testis"	"Other_somatic"	NA	NA	NA	"CL:0002371"	"somatic cell"	"perfect match"	"SN090"	NA	4
"ATAGACCTCTGCGGCA"	""	"ERX6700409"	"ERP132577"	"testis"	"Elongated_spermatids"	NA	NA	NA	"CL:4030037"	"late spermatid"	"perfect match"	"SN090"	NA	3
"ATAGACCTCTGCTTGC"	""	"ERX6700409"	"ERP132577"	"testis"	"Round_spermatids"	NA	NA	NA	"CL:4030036"	"early spermatid"	"perfect match"	"SN090"	NA	1
"ATCACGACACAACTGT"	""	"ERX6700409"	"ERP132577"	"testis"	"Other_somatic"	NA	NA	NA	"CL:0002371"	"somatic cell"	"perfect match"	"SN090"	NA	4
"ATCACGACACATGGGA"	""	"ERX6700409"	"ERP132577"	"testis"	"Spermatocytes"	NA	NA	NA	"CL:0000017"	"spermatocyte"	"perfect match"	"SN090"	NA	6
"ATCACGACATGGTCTA"	""	"ERX6700409"	"ERP132577"	"testis"	"Spermatocytes"	NA	NA	NA	"CL:0000017"	"spermatocyte"	"perfect match"	"SN090"	NA	6
"ATCACGATCGGTGTTA"	""	"ERX6700409"	"ERP132577"	"testis"	"Spermatogonia"	NA	NA	NA	"CL:0000020"	"spermatogonium"	"perfect match"	"SN090"	NA	5
"ATCATCTTCCTACAGA"	""	"ERX6700409"	"ERP132577"	"testis"	"Sertoli"	NA	NA	NA	"CL:0000216"	"Sertoli cell"	"perfect match"	"SN090"	NA	2
"ATCATCTTCGCGTTTC"	""	"ERX6700409"	"ERP132577"	"testis"	"Sertoli"	NA	NA	NA	"CL:0000216"	"Sertoli cell"	"perfect match"	"SN090"	NA	2
"ATCATCTTCGTTGCCT"	""	"ERX6700409"	"ERP132577"	"testis"	"Round_spermatids"	NA	NA	NA	"CL:4030036"	"early spermatid"	"perfect match"	"SN090"	NA	1
"ATCATCTTCTAACGGT"	""	"ERX6700409"	"ERP132577"	"testis"	"Sertoli"	NA	NA	NA	"CL:0000216"	"Sertoli cell"	"perfect match"	"SN090"	NA	2
"ATCATGGAGAAACCAT"	""	"ERX6700409"	"ERP132577"	"testis"	"Sertoli"	NA	NA	NA	"CL:0000216"	"Sertoli cell"	"perfect match"	"SN090"	NA	2
"ATCATGGAGCCAGTAG"	""	"ERX6700409"	"ERP132577"	"testis"	"Round_spermatids"	NA	NA	NA	"CL:4030036"	"early spermatid"	"perfect match"	"SN090"	NA	1
"ATCATGGAGTTCGCGC"	""	"ERX6700409"	"ERP132577"	"testis"	"Spermatocytes"	NA	NA	NA	"CL:0000017"	"spermatocyte"	"perfect match"	"SN090"	NA	6
"ATCATGGCACGTAAGG"	""	"ERX6700409"	"ERP132577"	"testis"	"Elongated_spermatids"	NA	NA	NA	"CL:4030037"	"late spermatid"	"perfect match"	"SN090"	NA	3
"ATCATGGCACTGCCAG"	""	"ERX6700409"	"ERP132577"	"testis"	"Spermatocytes"	NA	NA	NA	"CL:0000017"	"spermatocyte"	"perfect match"	"SN090"	NA	6
"ATCATGGGTACAGCAG"	""	"ERX6700409"	"ERP132577"	"testis"	"Spermatocytes"	NA	NA	NA	"CL:0000017"	"spermatocyte"	"perfect match"	"SN090"	NA	6
"ATCATGGGTCTGGTCG"	""	"ERX6700409"	"ERP132577"	"testis"	"Spermatocytes"	NA	NA	NA	"CL:0000017"	"spermatocyte"	"perfect match"	"SN090"	NA	6
"ATCATGGTCGCAGGCT"	""	"ERX6700409"	"ERP132577"	"testis"	"Round_spermatids"	NA	NA	NA	"CL:4030036"	"early spermatid"	"perfect match"	"SN090"	NA	1
"ATCATGGTCGGTCCGA"	""	"ERX6700409"	"ERP132577"	"testis"	"Round_spermatids"	NA	NA	NA	"CL:4030036"	"early spermatid"	"perfect match"	"SN090"	NA	1
"ATCATGGTCTTGAGAC"	""	"ERX6700409"	"ERP132577"	"testis"	"Elongated_spermatids"	NA	NA	NA	"CL:4030037"	"late spermatid"	"perfect match"	"SN090"	NA	3
"ATCCACCAGATAGGAG"	""	"ERX6700409"	"ERP132577"	"testis"	"Other_somatic"	NA	NA	NA	"CL:0002371"	"somatic cell"	"perfect match"	"SN090"	NA	4
"ATCCACCGTATTAGCC"	""	"ERX6700409"	"ERP132577"	"testis"	"Sertoli"	NA	NA	NA	"CL:0000216"	"Sertoli cell"	"perfect match"	"SN090"	NA	2
"ATCCACCTCCCTTGTG"	""	"ERX6700409"	"ERP132577"	"testis"	"Sertoli"	NA	NA	NA	"CL:0000216"	"Sertoli cell"	"perfect match"	"SN090"	NA	2
"ATCCACCTCGTCACGG"	""	"ERX6700409"	"ERP132577"	"testis"	"Round_spermatids"	NA	NA	NA	"CL:4030036"	"early spermatid"	"perfect match"	"SN090"	NA	1
"ATCCGAAAGCTACCGC"	""	"ERX6700409"	"ERP132577"	"testis"	"Round_spermatids"	NA	NA	NA	"CL:4030036"	"early spermatid"	"perfect match"	"SN090"	NA	1
"ATCCGAACAGCTCGAC"	""	"ERX6700409"	"ERP132577"	"testis"	"Round_spermatids"	NA	NA	NA	"CL:4030036"	"early spermatid"	"perfect match"	"SN090"	NA	1
"ATCCGAAGTCACACGC"	""	"ERX6700409"	"ERP132577"	"testis"	"Elongated_spermatids"	NA	NA	NA	"CL:4030037"	"late spermatid"	"perfect match"	"SN090"	NA	3
"ATCCGAATCGGTTAAC"	""	"ERX6700409"	"ERP132577"	"testis"	"Elongated_spermatids"	NA	NA	NA	"CL:4030037"	"late spermatid"	"perfect match"	"SN090"	NA	3
"ATCCGAATCTTGGGTA"	""	"ERX6700409"	"ERP132577"	"testis"	"Other_somatic"	NA	NA	NA	"CL:0002371"	"somatic cell"	"perfect match"	"SN090"	NA	4
"ATCGAGTAGTCCCACG"	""	"ERX6700409"	"ERP132577"	"testis"	"Other_somatic"	NA	NA	NA	"CL:0002371"	"somatic cell"	"perfect match"	"SN090"	NA	4
"ATCGAGTCAATGCCAT"	""	"ERX6700409"	"ERP132577"	"testis"	"Other_somatic"	NA	NA	NA	"CL:0002371"	"somatic cell"	"perfect match"	"SN090"	NA	4
"ATCGAGTCAGCGTTCG"	""	"ERX6700409"	"ERP132577"	"testis"	"Other_somatic"	NA	NA	NA	"CL:0002371"	"somatic cell"	"perfect match"	"SN090"	NA	4
"ATCGAGTCAGGGAGAG"	""	"ERX6700409"	"ERP132577"	"testis"	"Sertoli"	NA	NA	NA	"CL:0000216"	"Sertoli cell"	"perfect match"	"SN090"	NA	2
"ATCTACTCACAAGTAA"	""	"ERX6700409"	"ERP132577"	"testis"	"Spermatocytes"	NA	NA	NA	"CL:0000017"	"spermatocyte"	"perfect match"	"SN090"	NA	6
"ATCTACTCATCCCATC"	""	"ERX6700409"	"ERP132577"	"testis"	"Spermatogonia"	NA	NA	NA	"CL:0000020"	"spermatogonium"	"perfect match"	"SN090"	NA	5
"ATCTACTGTTCATGGT"	""	"ERX6700409"	"ERP132577"	"testis"	"Elongated_spermatids"	NA	NA	NA	"CL:4030037"	"late spermatid"	"perfect match"	"SN090"	NA	3
"ATCTACTTCATATCGG"	""	"ERX6700409"	"ERP132577"	"testis"	"Spermatocytes"	NA	NA	NA	"CL:0000017"	"spermatocyte"	"perfect match"	"SN090"	NA	6
"ATCTGCCGTACCGTTA"	""	"ERX6700409"	"ERP132577"	"testis"	"Elongated_spermatids"	NA	NA	NA	"CL:4030037"	"late spermatid"	"perfect match"	"SN090"	NA	3
"ATCTGCCTCACCATAG"	""	"ERX6700409"	"ERP132577"	"testis"	"Elongated_spermatids"	NA	NA	NA	"CL:4030037"	"late spermatid"	"perfect match"	"SN090"	NA	3
"ATCTGCCTCTTTACGT"	""	"ERX6700409"	"ERP132577"	"testis"	"Other_somatic"	NA	NA	NA	"CL:0002371"	"somatic cell"	"perfect match"	"SN090"	NA	4
"ATGAGGGCAAAGAATC"	""	"ERX6700409"	"ERP132577"	"testis"	"Elongated_spermatids"	NA	NA	NA	"CL:4030037"	"late spermatid"	"perfect match"	"SN090"	NA	3
"ATGAGGGCATCCGGGT"	""	"ERX6700409"	"ERP132577"	"testis"	"Other_somatic"	NA	NA	NA	"CL:0002371"	"somatic cell"	"perfect match"	"SN090"	NA	4
"ATGAGGGGTAGAGCTG"	""	"ERX6700409"	"ERP132577"	"testis"	"Elongated_spermatids"	NA	NA	NA	"CL:4030037"	"late spermatid"	"perfect match"	"SN090"	NA	3
"ATGAGGGGTTGCGCAC"	""	"ERX6700409"	"ERP132577"	"testis"	"Spermatogonia"	NA	NA	NA	"CL:0000020"	"spermatogonium"	"perfect match"	"SN090"	NA	5
"ATGAGGGTCCGTAGTA"	""	"ERX6700409"	"ERP132577"	"testis"	"Round_spermatids"	NA	NA	NA	"CL:4030036"	"early spermatid"	"perfect match"	"SN090"	NA	1
"ATGCGATGTCATATGC"	""	"ERX6700409"	"ERP132577"	"testis"	"Elongated_spermatids"	NA	NA	NA	"CL:4030037"	"late spermatid"	"perfect match"	"SN090"	NA	3
"ATGCGATTCATCTGTT"	""	"ERX6700409"	"ERP132577"	"testis"	"Other_somatic"	NA	NA	NA	"CL:0002371"	"somatic cell"	"perfect match"	"SN090"	NA	4
"ATGCGATTCATTCACT"	""	"ERX6700409"	"ERP132577"	"testis"	"Elongated_spermatids"	NA	NA	NA	"CL:4030037"	"late spermatid"	"perfect match"	"SN090"	NA	3
"ATGCGATTCCCGACTT"	""	"ERX6700409"	"ERP132577"	"testis"	"Other_somatic"	NA	NA	NA	"CL:0002371"	"somatic cell"	"perfect match"	"SN090"	NA	4
"ATGCGATTCCCTAACC"	""	"ERX6700409"	"ERP132577"	"testis"	"Other_somatic"	NA	NA	NA	"CL:0002371"	"somatic cell"	"perfect match"	"SN090"	NA	4
"ATGGGAGAGAACAATC"	""	"ERX6700409"	"ERP132577"	"testis"	"Other_somatic"	NA	NA	NA	"CL:0002371"	"somatic cell"	"perfect match"	"SN090"	NA	4
"ATGGGAGAGAATGTGT"	""	"ERX6700409"	"ERP132577"	"testis"	"Spermatocytes"	NA	NA	NA	"CL:0000017"	"spermatocyte"	"perfect match"	"SN090"	NA	6
"ATGGGAGCATGCAATC"	""	"ERX6700409"	"ERP132577"	"testis"	"Elongated_spermatids"	NA	NA	NA	"CL:4030037"	"late spermatid"	"perfect match"	"SN090"	NA	3
"ATGGGAGTCAGCAACT"	""	"ERX6700409"	"ERP132577"	"testis"	"Other_somatic"	NA	NA	NA	"CL:0002371"	"somatic cell"	"perfect match"	"SN090"	NA	4
"ATGTGTGCAAGACACG"	""	"ERX6700409"	"ERP132577"	"testis"	"Spermatogonia"	NA	NA	NA	"CL:0000020"	"spermatogonium"	"perfect match"	"SN090"	NA	5
"ATGTGTGGTCACACGC"	""	"ERX6700409"	"ERP132577"	"testis"	"Round_spermatids"	NA	NA	NA	"CL:4030036"	"early spermatid"	"perfect match"	"SN090"	NA	1
"ATGTGTGGTTGATTGC"	""	"ERX6700409"	"ERP132577"	"testis"	"Other_somatic"	NA	NA	NA	"CL:0002371"	"somatic cell"	"perfect match"	"SN090"	NA	4
"ATGTGTGTCACGATGT"	""	"ERX6700409"	"ERP132577"	"testis"	"Elongated_spermatids"	NA	NA	NA	"CL:4030037"	"late spermatid"	"perfect match"	"SN090"	NA	3
"ATGTGTGTCATCGGAT"	""	"ERX6700409"	"ERP132577"	"testis"	"Spermatogonia"	NA	NA	NA	"CL:0000020"	"spermatogonium"	"perfect match"	"SN090"	NA	5
"ATTACTCCAATGGATA"	""	"ERX6700409"	"ERP132577"	"testis"	"Elongated_spermatids"	NA	NA	NA	"CL:4030037"	"late spermatid"	"perfect match"	"SN090"	NA	3
"ATTACTCGTGTAACGG"	""	"ERX6700409"	"ERP132577"	"testis"	"Sertoli"	NA	NA	NA	"CL:0000216"	"Sertoli cell"	"perfect match"	"SN090"	NA	2
"ATTACTCTCTTTCCTC"	""	"ERX6700409"	"ERP132577"	"testis"	"Other_somatic"	NA	NA	NA	"CL:0002371"	"somatic cell"	"perfect match"	"SN090"	NA	4
"ATTCTACCAATGGTCT"	""	"ERX6700409"	"ERP132577"	"testis"	"Round_spermatids"	NA	NA	NA	"CL:4030036"	"early spermatid"	"perfect match"	"SN090"	NA	1
"ATTCTACCAGATGGGT"	""	"ERX6700409"	"ERP132577"	"testis"	"Spermatogonia"	NA	NA	NA	"CL:0000020"	"spermatogonium"	"perfect match"	"SN090"	NA	5
"ATTCTACTCCTTTCGG"	""	"ERX6700409"	"ERP132577"	"testis"	"Elongated_spermatids"	NA	NA	NA	"CL:4030037"	"late spermatid"	"perfect match"	"SN090"	NA	3
"ATTGGACAGTGTGAAT"	""	"ERX6700409"	"ERP132577"	"testis"	"Other_somatic"	NA	NA	NA	"CL:0002371"	"somatic cell"	"perfect match"	"SN090"	NA	4
"ATTGGTGAGCATCATC"	""	"ERX6700409"	"ERP132577"	"testis"	"Other_somatic"	NA	NA	NA	"CL:0002371"	"somatic cell"	"perfect match"	"SN090"	NA	4
"ATTGGTGAGTATCTCG"	""	"ERX6700409"	"ERP132577"	"testis"	"Spermatocytes"	NA	NA	NA	"CL:0000017"	"spermatocyte"	"perfect match"	"SN090"	NA	6
"ATTTCTGAGACTGGGT"	""	"ERX6700409"	"ERP132577"	"testis"	"Other_somatic"	NA	NA	NA	"CL:0002371"	"somatic cell"	"perfect match"	"SN090"	NA	4
"ATTTCTGGTAAGGGAA"	""	"ERX6700409"	"ERP132577"	"testis"	"Round_spermatids"	NA	NA	NA	"CL:4030036"	"early spermatid"	"perfect match"	"SN090"	NA	1
"ATTTCTGTCAGCTCTC"	""	"ERX6700409"	"ERP132577"	"testis"	"Spermatocytes"	NA	NA	NA	"CL:0000017"	"spermatocyte"	"perfect match"	"SN090"	NA	6
"ATTTCTGTCGTTTGCC"	""	"ERX6700409"	"ERP132577"	"testis"	"Round_spermatids"	NA	NA	NA	"CL:4030036"	"early spermatid"	"perfect match"	"SN090"	NA	1
"CAACCAATCCCAGGTG"	""	"ERX6700409"	"ERP132577"	"testis"	"Elongated_spermatids"	NA	NA	NA	"CL:4030037"	"late spermatid"	"perfect match"	"SN090"	NA	3
"CAACCTCAGCACCGTC"	""	"ERX6700409"	"ERP132577"	"testis"	"Elongated_spermatids"	NA	NA	NA	"CL:4030037"	"late spermatid"	"perfect match"	"SN090"	NA	3
"CAACCTCAGGGAGTAA"	""	"ERX6700409"	"ERP132577"	"testis"	"Other_somatic"	NA	NA	NA	"CL:0002371"	"somatic cell"	"perfect match"	"SN090"	NA	4
"CAACCTCAGTAGGCCA"	""	"ERX6700409"	"ERP132577"	"testis"	"Round_spermatids"	NA	NA	NA	"CL:4030036"	"early spermatid"	"perfect match"	"SN090"	NA	1
"CAACCTCAGTATCGAA"	""	"ERX6700409"	"ERP132577"	"testis"	"Other_somatic"	NA	NA	NA	"CL:0002371"	"somatic cell"	"perfect match"	"SN090"	NA	4
"CAACCTCAGTCATGCT"	""	"ERX6700409"	"ERP132577"	"testis"	"Elongated_spermatids"	NA	NA	NA	"CL:4030037"	"late spermatid"	"perfect match"	"SN090"	NA	3
"CAACCTCAGTTGAGAT"	""	"ERX6700409"	"ERP132577"	"testis"	"Spermatogonia"	NA	NA	NA	"CL:0000020"	"spermatogonium"	"perfect match"	"SN090"	NA	5
"CAACCTCCATTATCTC"	""	"ERX6700409"	"ERP132577"	"testis"	"Spermatogonia"	NA	NA	NA	"CL:0000020"	"spermatogonium"	"perfect match"	"SN090"	NA	5
"CAACCTCTCTCCGGTT"	""	"ERX6700409"	"ERP132577"	"testis"	"Sertoli"	NA	NA	NA	"CL:0000216"	"Sertoli cell"	"perfect match"	"SN090"	NA	2
"CAACCTCTCTGTTGAG"	""	"ERX6700409"	"ERP132577"	"testis"	"Elongated_spermatids"	NA	NA	NA	"CL:4030037"	"late spermatid"	"perfect match"	"SN090"	NA	3
"CAACTAGAGCGTTCCG"	""	"ERX6700409"	"ERP132577"	"testis"	"Elongated_spermatids"	NA	NA	NA	"CL:4030037"	"late spermatid"	"perfect match"	"SN090"	NA	3
"CAACTAGAGGAGCGTT"	""	"ERX6700409"	"ERP132577"	"testis"	"Round_spermatids"	NA	NA	NA	"CL:4030036"	"early spermatid"	"perfect match"	"SN090"	NA	1
"CAACTAGGTGATGTCT"	""	"ERX6700409"	"ERP132577"	"testis"	"Other_somatic"	NA	NA	NA	"CL:0002371"	"somatic cell"	"perfect match"	"SN090"	NA	4
"CAACTAGTCTCGGACG"	""	"ERX6700409"	"ERP132577"	"testis"	"Round_spermatids"	NA	NA	NA	"CL:4030036"	"early spermatid"	"perfect match"	"SN090"	NA	1
"CAACTAGTCTGCTGTC"	""	"ERX6700409"	"ERP132577"	"testis"	"Elongated_spermatids"	NA	NA	NA	"CL:4030037"	"late spermatid"	"perfect match"	"SN090"	NA	3
"CAAGAAAAGTCGCCGT"	""	"ERX6700409"	"ERP132577"	"testis"	"Spermatocytes"	NA	NA	NA	"CL:0000017"	"spermatocyte"	"perfect match"	"SN090"	NA	6
"CAAGATCCATATACCG"	""	"ERX6700409"	"ERP132577"	"testis"	"Round_spermatids"	NA	NA	NA	"CL:4030036"	"early spermatid"	"perfect match"	"SN090"	NA	1
"CAAGATCGTGATGATA"	""	"ERX6700409"	"ERP132577"	"testis"	"Round_spermatids"	NA	NA	NA	"CL:4030036"	"early spermatid"	"perfect match"	"SN090"	NA	1
"CAAGATCTCACGACTA"	""	"ERX6700409"	"ERP132577"	"testis"	"Round_spermatids"	NA	NA	NA	"CL:4030036"	"early spermatid"	"perfect match"	"SN090"	NA	1
"CAAGATCTCTGTCCGT"	""	"ERX6700409"	"ERP132577"	"testis"	"Round_spermatids"	NA	NA	NA	"CL:4030036"	"early spermatid"	"perfect match"	"SN090"	NA	1
"CAAGGCCAGATGTAAC"	""	"ERX6700409"	"ERP132577"	"testis"	"Round_spermatids"	NA	NA	NA	"CL:4030036"	"early spermatid"	"perfect match"	"SN090"	NA	1
"CAAGGCCCAAGAAGAG"	""	"ERX6700409"	"ERP132577"	"testis"	"Other_somatic"	NA	NA	NA	"CL:0002371"	"somatic cell"	"perfect match"	"SN090"	NA	4
"CAAGGCCCAGCCTTGG"	""	"ERX6700409"	"ERP132577"	"testis"	"Spermatogonia"	NA	NA	NA	"CL:0000020"	"spermatogonium"	"perfect match"	"SN090"	NA	5
"CAAGGCCCAGGCTGAA"	""	"ERX6700409"	"ERP132577"	"testis"	"Sertoli"	NA	NA	NA	"CL:0000216"	"Sertoli cell"	"perfect match"	"SN090"	NA	2
"CAAGTTGAGGAATTAC"	""	"ERX6700409"	"ERP132577"	"testis"	"Round_spermatids"	NA	NA	NA	"CL:4030036"	"early spermatid"	"perfect match"	"SN090"	NA	1
"CAAGTTGGTCCAGTGC"	""	"ERX6700409"	"ERP132577"	"testis"	"Spermatocytes"	NA	NA	NA	"CL:0000017"	"spermatocyte"	"perfect match"	"SN090"	NA	6
"CAAGTTGTCAGAGCTT"	""	"ERX6700409"	"ERP132577"	"testis"	"Round_spermatids"	NA	NA	NA	"CL:4030036"	"early spermatid"	"perfect match"	"SN090"	NA	1
"CAAGTTGTCCCGACTT"	""	"ERX6700409"	"ERP132577"	"testis"	"Spermatogonia"	NA	NA	NA	"CL:0000020"	"spermatogonium"	"perfect match"	"SN090"	NA	5
"CACAAACAGCATCATC"	""	"ERX6700409"	"ERP132577"	"testis"	"Round_spermatids"	NA	NA	NA	"CL:4030036"	"early spermatid"	"perfect match"	"SN090"	NA	1
"CACAAACAGGCATTGG"	""	"ERX6700409"	"ERP132577"	"testis"	"Elongated_spermatids"	NA	NA	NA	"CL:4030037"	"late spermatid"	"perfect match"	"SN090"	NA	3
"CACAAACCAGTCGATT"	""	"ERX6700409"	"ERP132577"	"testis"	"Round_spermatids"	NA	NA	NA	"CL:4030036"	"early spermatid"	"perfect match"	"SN090"	NA	1
"CACAAACGTAAGTGTA"	""	"ERX6700409"	"ERP132577"	"testis"	"Round_spermatids"	NA	NA	NA	"CL:4030036"	"early spermatid"	"perfect match"	"SN090"	NA	1
"CACAAACGTCCGAACC"	""	"ERX6700409"	"ERP132577"	"testis"	"Other_somatic"	NA	NA	NA	"CL:0002371"	"somatic cell"	"perfect match"	"SN090"	NA	4
"CACAAACTCACTCCTG"	""	"ERX6700409"	"ERP132577"	"testis"	"Spermatocytes"	NA	NA	NA	"CL:0000017"	"spermatocyte"	"perfect match"	"SN090"	NA	6
"CACACAAAGCGATTCT"	""	"ERX6700409"	"ERP132577"	"testis"	"Sertoli"	NA	NA	NA	"CL:0000216"	"Sertoli cell"	"perfect match"	"SN090"	NA	2
"CACACAACAAGTCATC"	""	"ERX6700409"	"ERP132577"	"testis"	"Spermatocytes"	NA	NA	NA	"CL:0000017"	"spermatocyte"	"perfect match"	"SN090"	NA	6
"CACACAACACAAGTAA"	""	"ERX6700409"	"ERP132577"	"testis"	"Round_spermatids"	NA	NA	NA	"CL:4030036"	"early spermatid"	"perfect match"	"SN090"	NA	1
"CACACCTAGAACAATC"	""	"ERX6700409"	"ERP132577"	"testis"	"Spermatogonia"	NA	NA	NA	"CL:0000020"	"spermatogonium"	"perfect match"	"SN090"	NA	5
"CACACCTAGACTAAGT"	""	"ERX6700409"	"ERP132577"	"testis"	"Other_somatic"	NA	NA	NA	"CL:0002371"	"somatic cell"	"perfect match"	"SN090"	NA	4
"CACACCTAGATAGGAG"	""	"ERX6700409"	"ERP132577"	"testis"	"Spermatocytes"	NA	NA	NA	"CL:0000017"	"spermatocyte"	"perfect match"	"SN090"	NA	6
"CACACCTCAAGGGTCA"	""	"ERX6700409"	"ERP132577"	"testis"	"Round_spermatids"	NA	NA	NA	"CL:4030036"	"early spermatid"	"perfect match"	"SN090"	NA	1
"CACACTCGTTCGTTGA"	""	"ERX6700409"	"ERP132577"	"testis"	"Other_somatic"	NA	NA	NA	"CL:0002371"	"somatic cell"	"perfect match"	"SN090"	NA	4
"CACACTCTCGACCAGC"	""	"ERX6700409"	"ERP132577"	"testis"	"Spermatogonia"	NA	NA	NA	"CL:0000020"	"spermatogonium"	"perfect match"	"SN090"	NA	5
"CACAGGCAGACTAAGT"	""	"ERX6700409"	"ERP132577"	"testis"	"Elongated_spermatids"	NA	NA	NA	"CL:4030037"	"late spermatid"	"perfect match"	"SN090"	NA	3
"CACAGGCGTTTCCACC"	""	"ERX6700409"	"ERP132577"	"testis"	"Spermatocytes"	NA	NA	NA	"CL:0000017"	"spermatocyte"	"perfect match"	"SN090"	NA	6
"CACAGGCTCATCTGCC"	""	"ERX6700409"	"ERP132577"	"testis"	"Round_spermatids"	NA	NA	NA	"CL:4030036"	"early spermatid"	"perfect match"	"SN090"	NA	1
"CACAGGCTCATTATCC"	""	"ERX6700409"	"ERP132577"	"testis"	"Elongated_spermatids"	NA	NA	NA	"CL:4030037"	"late spermatid"	"perfect match"	"SN090"	NA	3
"CACAGGCTCCTTAATC"	""	"ERX6700409"	"ERP132577"	"testis"	"Round_spermatids"	NA	NA	NA	"CL:4030036"	"early spermatid"	"perfect match"	"SN090"	NA	1
"CACAGGCTCTCCCTGA"	""	"ERX6700409"	"ERP132577"	"testis"	"Other_somatic"	NA	NA	NA	"CL:0002371"	"somatic cell"	"perfect match"	"SN090"	NA	4
"CACAGTAAGACTCGGA"	""	"ERX6700409"	"ERP132577"	"testis"	"Round_spermatids"	NA	NA	NA	"CL:4030036"	"early spermatid"	"perfect match"	"SN090"	NA	1
"CACAGTAAGATCCGAG"	""	"ERX6700409"	"ERP132577"	"testis"	"Sertoli"	NA	NA	NA	"CL:0000216"	"Sertoli cell"	"perfect match"	"SN090"	NA	2
"CACAGTAAGCGTCAAG"	""	"ERX6700409"	"ERP132577"	"testis"	"Sertoli"	NA	NA	NA	"CL:0000216"	"Sertoli cell"	"perfect match"	"SN090"	NA	2
"CACAGTACACTTAACG"	""	"ERX6700409"	"ERP132577"	"testis"	"Sertoli"	NA	NA	NA	"CL:0000216"	"Sertoli cell"	"perfect match"	"SN090"	NA	2
"CACAGTATCACCGTAA"	""	"ERX6700409"	"ERP132577"	"testis"	"Spermatocytes"	NA	NA	NA	"CL:0000017"	"spermatocyte"	"perfect match"	"SN090"	NA	6
"CACAGTATCGGAAATA"	""	"ERX6700409"	"ERP132577"	"testis"	"Other_somatic"	NA	NA	NA	"CL:0002371"	"somatic cell"	"perfect match"	"SN090"	NA	4
"CACATTTGTCTAACGT"	""	"ERX6700409"	"ERP132577"	"testis"	"Round_spermatids"	NA	NA	NA	"CL:4030036"	"early spermatid"	"perfect match"	"SN090"	NA	1
"CACATTTTCAAACAAG"	""	"ERX6700409"	"ERP132577"	"testis"	"Sertoli"	NA	NA	NA	"CL:0000216"	"Sertoli cell"	"perfect match"	"SN090"	NA	2
"CACCACTAGCCCGAAA"	""	"ERX6700409"	"ERP132577"	"testis"	"Elongated_spermatids"	NA	NA	NA	"CL:4030037"	"late spermatid"	"perfect match"	"SN090"	NA	3
"CACCACTGTAGTGAAT"	""	"ERX6700409"	"ERP132577"	"testis"	"Elongated_spermatids"	NA	NA	NA	"CL:4030037"	"late spermatid"	"perfect match"	"SN090"	NA	3
"CACCACTGTGTTGAGG"	""	"ERX6700409"	"ERP132577"	"testis"	"Other_somatic"	NA	NA	NA	"CL:0002371"	"somatic cell"	"perfect match"	"SN090"	NA	4
"CACCAGGAGACTAGAT"	""	"ERX6700409"	"ERP132577"	"testis"	"Sertoli"	NA	NA	NA	"CL:0000216"	"Sertoli cell"	"perfect match"	"SN090"	NA	2
"CACCAGGAGATCCTGT"	""	"ERX6700409"	"ERP132577"	"testis"	"Spermatocytes"	NA	NA	NA	"CL:0000017"	"spermatocyte"	"perfect match"	"SN090"	NA	6
"CACCAGGAGCTGATAA"	""	"ERX6700409"	"ERP132577"	"testis"	"Spermatocytes"	NA	NA	NA	"CL:0000017"	"spermatocyte"	"perfect match"	"SN090"	NA	6
"CACCAGGCACGAAATA"	""	"ERX6700409"	"ERP132577"	"testis"	"Elongated_spermatids"	NA	NA	NA	"CL:4030037"	"late spermatid"	"perfect match"	"SN090"	NA	3
"CACCAGGCAGCGTCCA"	""	"ERX6700409"	"ERP132577"	"testis"	"Other_somatic"	NA	NA	NA	"CL:0002371"	"somatic cell"	"perfect match"	"SN090"	NA	4
"CACCAGGCAGGAATCG"	""	"ERX6700409"	"ERP132577"	"testis"	"Round_spermatids"	NA	NA	NA	"CL:4030036"	"early spermatid"	"perfect match"	"SN090"	NA	1
"CACCAGGCAGTAGAGC"	""	"ERX6700409"	"ERP132577"	"testis"	"Other_somatic"	NA	NA	NA	"CL:0002371"	"somatic cell"	"perfect match"	"SN090"	NA	4
"CACCAGGTCCTTGACC"	""	"ERX6700409"	"ERP132577"	"testis"	"Other_somatic"	NA	NA	NA	"CL:0002371"	"somatic cell"	"perfect match"	"SN090"	NA	4
"CACCTTGAGGAATTAC"	""	"ERX6700409"	"ERP132577"	"testis"	"Other_somatic"	NA	NA	NA	"CL:0002371"	"somatic cell"	"perfect match"	"SN090"	NA	4
"CACCTTGCAGCATGAG"	""	"ERX6700409"	"ERP132577"	"testis"	"Elongated_spermatids"	NA	NA	NA	"CL:4030037"	"late spermatid"	"perfect match"	"SN090"	NA	3
"CACCTTGTCCAAGCCG"	""	"ERX6700409"	"ERP132577"	"testis"	"Elongated_spermatids"	NA	NA	NA	"CL:4030037"	"late spermatid"	"perfect match"	"SN090"	NA	3
"CACCTTGTCCACGTGG"	""	"ERX6700409"	"ERP132577"	"testis"	"Elongated_spermatids"	NA	NA	NA	"CL:4030037"	"late spermatid"	"perfect match"	"SN090"	NA	3
"CACTCCATCTGCCAGG"	""	"ERX6700409"	"ERP132577"	"testis"	"Round_spermatids"	NA	NA	NA	"CL:4030036"	"early spermatid"	"perfect match"	"SN090"	NA	1
"CACTCCATCTTCCTTC"	""	"ERX6700409"	"ERP132577"	"testis"	"Round_spermatids"	NA	NA	NA	"CL:4030036"	"early spermatid"	"perfect match"	"SN090"	NA	1
"CAGAATCCACACGCTG"	""	"ERX6700409"	"ERP132577"	"testis"	"Elongated_spermatids"	NA	NA	NA	"CL:4030037"	"late spermatid"	"perfect match"	"SN090"	NA	3
"CAGAATCGTCAGCTAT"	""	"ERX6700409"	"ERP132577"	"testis"	"Spermatogonia"	NA	NA	NA	"CL:0000020"	"spermatogonium"	"perfect match"	"SN090"	NA	5
"CAGAATCGTGCACCAC"	""	"ERX6700409"	"ERP132577"	"testis"	"Round_spermatids"	NA	NA	NA	"CL:4030036"	"early spermatid"	"perfect match"	"SN090"	NA	1
"CAGAATCTCAAGAAGT"	""	"ERX6700409"	"ERP132577"	"testis"	"Other_somatic"	NA	NA	NA	"CL:0002371"	"somatic cell"	"perfect match"	"SN090"	NA	4
"CAGAATCTCCTACAGA"	""	"ERX6700409"	"ERP132577"	"testis"	"Round_spermatids"	NA	NA	NA	"CL:4030036"	"early spermatid"	"perfect match"	"SN090"	NA	1
"CAGAGAGCACGCATCG"	""	"ERX6700409"	"ERP132577"	"testis"	"Other_somatic"	NA	NA	NA	"CL:0002371"	"somatic cell"	"perfect match"	"SN090"	NA	4
"CAGAGAGCATGAGCGA"	""	"ERX6700409"	"ERP132577"	"testis"	"Elongated_spermatids"	NA	NA	NA	"CL:4030037"	"late spermatid"	"perfect match"	"SN090"	NA	3
"CAGATCAAGCGTCAAG"	""	"ERX6700409"	"ERP132577"	"testis"	"Other_somatic"	NA	NA	NA	"CL:0002371"	"somatic cell"	"perfect match"	"SN090"	NA	4
"CAGATCAAGGAGTTTA"	""	"ERX6700409"	"ERP132577"	"testis"	"Elongated_spermatids"	NA	NA	NA	"CL:4030037"	"late spermatid"	"perfect match"	"SN090"	NA	3
"CAGATCACACGCTTTC"	""	"ERX6700409"	"ERP132577"	"testis"	"Sertoli"	NA	NA	NA	"CL:0000216"	"Sertoli cell"	"perfect match"	"SN090"	NA	2
"CAGATCACAGGCTGAA"	""	"ERX6700409"	"ERP132577"	"testis"	"Round_spermatids"	NA	NA	NA	"CL:4030036"	"early spermatid"	"perfect match"	"SN090"	NA	1
"CAGATCATCACCATAG"	""	"ERX6700409"	"ERP132577"	"testis"	"Sertoli"	NA	NA	NA	"CL:0000216"	"Sertoli cell"	"perfect match"	"SN090"	NA	2
"CAGATCATCAGCGACC"	""	"ERX6700409"	"ERP132577"	"testis"	"Spermatocytes"	NA	NA	NA	"CL:0000017"	"spermatocyte"	"perfect match"	"SN090"	NA	6
"CAGATCATCTCTTGAT"	""	"ERX6700409"	"ERP132577"	"testis"	"Spermatocytes"	NA	NA	NA	"CL:0000017"	"spermatocyte"	"perfect match"	"SN090"	NA	6
"CAGATCATCTGAGGGA"	""	"ERX6700409"	"ERP132577"	"testis"	"Round_spermatids"	NA	NA	NA	"CL:4030036"	"early spermatid"	"perfect match"	"SN090"	NA	1
"CAGCAGCAGACTTGAA"	""	"ERX6700409"	"ERP132577"	"testis"	"Sertoli"	NA	NA	NA	"CL:0000216"	"Sertoli cell"	"perfect match"	"SN090"	NA	2
"CAGCAGCAGGCATGTG"	""	"ERX6700409"	"ERP132577"	"testis"	"Spermatocytes"	NA	NA	NA	"CL:0000017"	"spermatocyte"	"perfect match"	"SN090"	NA	6
"CAGCAGCGTCTAGCCG"	""	"ERX6700409"	"ERP132577"	"testis"	"Other_somatic"	NA	NA	NA	"CL:0002371"	"somatic cell"	"perfect match"	"SN090"	NA	4
"CAGCAGCGTTAAAGAC"	""	"ERX6700409"	"ERP132577"	"testis"	"Round_spermatids"	NA	NA	NA	"CL:4030036"	"early spermatid"	"perfect match"	"SN090"	NA	1
"CAGCAGCTCTATGTGG"	""	"ERX6700409"	"ERP132577"	"testis"	"Elongated_spermatids"	NA	NA	NA	"CL:4030037"	"late spermatid"	"perfect match"	"SN090"	NA	3
"CAGCATAAGAGGTTAT"	""	"ERX6700409"	"ERP132577"	"testis"	"Sertoli"	NA	NA	NA	"CL:0000216"	"Sertoli cell"	"perfect match"	"SN090"	NA	2
"CAGCATAAGCCACGTC"	""	"ERX6700409"	"ERP132577"	"testis"	"Round_spermatids"	NA	NA	NA	"CL:4030036"	"early spermatid"	"perfect match"	"SN090"	NA	1
"CAGCATAAGCTACCGC"	""	"ERX6700409"	"ERP132577"	"testis"	"Spermatocytes"	NA	NA	NA	"CL:0000017"	"spermatocyte"	"perfect match"	"SN090"	NA	6
"CAGCATACAAAGTCAA"	""	"ERX6700409"	"ERP132577"	"testis"	"Elongated_spermatids"	NA	NA	NA	"CL:4030037"	"late spermatid"	"perfect match"	"SN090"	NA	3
"CAGCATACAGGACGTA"	""	"ERX6700409"	"ERP132577"	"testis"	"Round_spermatids"	NA	NA	NA	"CL:4030036"	"early spermatid"	"perfect match"	"SN090"	NA	1
"CAGCATAGTGTGTGCC"	""	"ERX6700409"	"ERP132577"	"testis"	"Spermatocytes"	NA	NA	NA	"CL:0000017"	"spermatocyte"	"perfect match"	"SN090"	NA	6
"CAGCATATCTTCATGT"	""	"ERX6700409"	"ERP132577"	"testis"	"Spermatogonia"	NA	NA	NA	"CL:0000020"	"spermatogonium"	"perfect match"	"SN090"	NA	5
"CAGCCGAGTGCTCTTC"	""	"ERX6700409"	"ERP132577"	"testis"	"Round_spermatids"	NA	NA	NA	"CL:4030036"	"early spermatid"	"perfect match"	"SN090"	NA	1
"CAGCCGATCGAACGGA"	""	"ERX6700409"	"ERP132577"	"testis"	"Round_spermatids"	NA	NA	NA	"CL:4030036"	"early spermatid"	"perfect match"	"SN090"	NA	1
"CAGCGACCACATTTCT"	""	"ERX6700409"	"ERP132577"	"testis"	"Other_somatic"	NA	NA	NA	"CL:0002371"	"somatic cell"	"perfect match"	"SN090"	NA	4
"CAGCGACCAGTTCATG"	""	"ERX6700409"	"ERP132577"	"testis"	"Elongated_spermatids"	NA	NA	NA	"CL:4030037"	"late spermatid"	"perfect match"	"SN090"	NA	3
"CAGCGACCATTGCGGC"	""	"ERX6700409"	"ERP132577"	"testis"	"Round_spermatids"	NA	NA	NA	"CL:4030036"	"early spermatid"	"perfect match"	"SN090"	NA	1
"CAGCGACGTCACCTAA"	""	"ERX6700409"	"ERP132577"	"testis"	"Sertoli"	NA	NA	NA	"CL:0000216"	"Sertoli cell"	"perfect match"	"SN090"	NA	2
"CAGCGACGTCAGAATA"	""	"ERX6700409"	"ERP132577"	"testis"	"Round_spermatids"	NA	NA	NA	"CL:4030036"	"early spermatid"	"perfect match"	"SN090"	NA	1
"CAGCGACGTTCGTTGA"	""	"ERX6700409"	"ERP132577"	"testis"	"Round_spermatids"	NA	NA	NA	"CL:4030036"	"early spermatid"	"perfect match"	"SN090"	NA	1
"CAGCGACGTTGCCTCT"	""	"ERX6700409"	"ERP132577"	"testis"	"Sertoli"	NA	NA	NA	"CL:0000216"	"Sertoli cell"	"perfect match"	"SN090"	NA	2
"CAGCGACGTTTGCATG"	""	"ERX6700409"	"ERP132577"	"testis"	"Sertoli"	NA	NA	NA	"CL:0000216"	"Sertoli cell"	"perfect match"	"SN090"	NA	2
"CAGCGACTCCAAACTG"	""	"ERX6700409"	"ERP132577"	"testis"	"Other_somatic"	NA	NA	NA	"CL:0002371"	"somatic cell"	"perfect match"	"SN090"	NA	4
"CAGCGACTCGACAGCC"	""	"ERX6700409"	"ERP132577"	"testis"	"Spermatocytes"	NA	NA	NA	"CL:0000017"	"spermatocyte"	"perfect match"	"SN090"	NA	6
"CAGCTAAAGTCAAGCG"	""	"ERX6700409"	"ERP132577"	"testis"	"Other_somatic"	NA	NA	NA	"CL:0002371"	"somatic cell"	"perfect match"	"SN090"	NA	4
"CAGCTAAGTCGAACAG"	""	"ERX6700409"	"ERP132577"	"testis"	"Spermatocytes"	NA	NA	NA	"CL:0000017"	"spermatocyte"	"perfect match"	"SN090"	NA	6
"CAGCTGGAGCAATATG"	""	"ERX6700409"	"ERP132577"	"testis"	"Round_spermatids"	NA	NA	NA	"CL:4030036"	"early spermatid"	"perfect match"	"SN090"	NA	1
"CAGCTGGAGGAGTTTA"	""	"ERX6700409"	"ERP132577"	"testis"	"Round_spermatids"	NA	NA	NA	"CL:4030036"	"early spermatid"	"perfect match"	"SN090"	NA	1
"CAGCTGGCACCGATAT"	""	"ERX6700409"	"ERP132577"	"testis"	"Other_somatic"	NA	NA	NA	"CL:0002371"	"somatic cell"	"perfect match"	"SN090"	NA	4
"CAGCTGGGTATGAATG"	""	"ERX6700409"	"ERP132577"	"testis"	"Other_somatic"	NA	NA	NA	"CL:0002371"	"somatic cell"	"perfect match"	"SN090"	NA	4
"CAGCTGGGTCAGTGGA"	""	"ERX6700409"	"ERP132577"	"testis"	"Sertoli"	NA	NA	NA	"CL:0000216"	"Sertoli cell"	"perfect match"	"SN090"	NA	2
"CAGCTGGGTTATCGGT"	""	"ERX6700409"	"ERP132577"	"testis"	"Spermatogonia"	NA	NA	NA	"CL:0000020"	"spermatogonium"	"perfect match"	"SN090"	NA	5
"CAGCTGGTCAACTCTT"	""	"ERX6700409"	"ERP132577"	"testis"	"Spermatocytes"	NA	NA	NA	"CL:0000017"	"spermatocyte"	"perfect match"	"SN090"	NA	6
"CAGCTGGTCGGAAATA"	""	"ERX6700409"	"ERP132577"	"testis"	"Sertoli"	NA	NA	NA	"CL:0000216"	"Sertoli cell"	"perfect match"	"SN090"	NA	2
"CAGTAACCATCACGAT"	""	"ERX6700409"	"ERP132577"	"testis"	"Other_somatic"	NA	NA	NA	"CL:0002371"	"somatic cell"	"perfect match"	"SN090"	NA	4
"CAGTAACGTACAGCAG"	""	"ERX6700409"	"ERP132577"	"testis"	"Elongated_spermatids"	NA	NA	NA	"CL:4030037"	"late spermatid"	"perfect match"	"SN090"	NA	3
"CAGTAACTCAATCTCT"	""	"ERX6700409"	"ERP132577"	"testis"	"Round_spermatids"	NA	NA	NA	"CL:4030036"	"early spermatid"	"perfect match"	"SN090"	NA	1
"CAGTCCTAGATGGCGT"	""	"ERX6700409"	"ERP132577"	"testis"	"Elongated_spermatids"	NA	NA	NA	"CL:4030037"	"late spermatid"	"perfect match"	"SN090"	NA	3
"CAGTCCTCACCCATGG"	""	"ERX6700409"	"ERP132577"	"testis"	"Elongated_spermatids"	NA	NA	NA	"CL:4030037"	"late spermatid"	"perfect match"	"SN090"	NA	3
"CAGTCCTCAGGAATCG"	""	"ERX6700409"	"ERP132577"	"testis"	"Elongated_spermatids"	NA	NA	NA	"CL:4030037"	"late spermatid"	"perfect match"	"SN090"	NA	3
"CAGTCCTGTTAGGGTG"	""	"ERX6700409"	"ERP132577"	"testis"	"Round_spermatids"	NA	NA	NA	"CL:4030036"	"early spermatid"	"perfect match"	"SN090"	NA	1
"CAGTCCTTCTGCTTGC"	""	"ERX6700409"	"ERP132577"	"testis"	"Spermatocytes"	NA	NA	NA	"CL:0000017"	"spermatocyte"	"perfect match"	"SN090"	NA	6
"CATATGGAGGCCCGTT"	""	"ERX6700409"	"ERP132577"	"testis"	"Round_spermatids"	NA	NA	NA	"CL:4030036"	"early spermatid"	"perfect match"	"SN090"	NA	1
"CATATTCCATATGCTG"	""	"ERX6700409"	"ERP132577"	"testis"	"Round_spermatids"	NA	NA	NA	"CL:4030036"	"early spermatid"	"perfect match"	"SN090"	NA	1
"CATATTCGTACCGCTG"	""	"ERX6700409"	"ERP132577"	"testis"	"Round_spermatids"	NA	NA	NA	"CL:4030036"	"early spermatid"	"perfect match"	"SN090"	NA	1
"CATATTCGTGTTTGGT"	""	"ERX6700409"	"ERP132577"	"testis"	"Other_somatic"	NA	NA	NA	"CL:0002371"	"somatic cell"	"perfect match"	"SN090"	NA	4
"CATCAAGCACTTCTGC"	""	"ERX6700409"	"ERP132577"	"testis"	"Sertoli"	NA	NA	NA	"CL:0000216"	"Sertoli cell"	"perfect match"	"SN090"	NA	2
"CATCAAGCAGAAGCAC"	""	"ERX6700409"	"ERP132577"	"testis"	"Other_somatic"	NA	NA	NA	"CL:0002371"	"somatic cell"	"perfect match"	"SN090"	NA	4
"CATCAAGGTAAGAGAG"	""	"ERX6700409"	"ERP132577"	"testis"	"Round_spermatids"	NA	NA	NA	"CL:4030036"	"early spermatid"	"perfect match"	"SN090"	NA	1
"CATCAGAAGAGCCTAG"	""	"ERX6700409"	"ERP132577"	"testis"	"Sertoli"	NA	NA	NA	"CL:0000216"	"Sertoli cell"	"perfect match"	"SN090"	NA	2
"CATCAGACAAGTCATC"	""	"ERX6700409"	"ERP132577"	"testis"	"Round_spermatids"	NA	NA	NA	"CL:4030036"	"early spermatid"	"perfect match"	"SN090"	NA	1
"CATCAGACAATGAAAC"	""	"ERX6700409"	"ERP132577"	"testis"	"Spermatocytes"	NA	NA	NA	"CL:0000017"	"spermatocyte"	"perfect match"	"SN090"	NA	6
"CATCCACCAGAGTGTG"	""	"ERX6700409"	"ERP132577"	"testis"	"Round_spermatids"	NA	NA	NA	"CL:4030036"	"early spermatid"	"perfect match"	"SN090"	NA	1
"CATCCACGTCATTAGC"	""	"ERX6700409"	"ERP132577"	"testis"	"Spermatocytes"	NA	NA	NA	"CL:0000017"	"spermatocyte"	"perfect match"	"SN090"	NA	6
"CATCCACGTTAAGATG"	""	"ERX6700409"	"ERP132577"	"testis"	"Round_spermatids"	NA	NA	NA	"CL:4030036"	"early spermatid"	"perfect match"	"SN090"	NA	1
"CATCCACTCAGTCCCT"	""	"ERX6700409"	"ERP132577"	"testis"	"Round_spermatids"	NA	NA	NA	"CL:4030036"	"early spermatid"	"perfect match"	"SN090"	NA	1
"CATCGAACAAGTCTAC"	""	"ERX6700409"	"ERP132577"	"testis"	"Other_somatic"	NA	NA	NA	"CL:0002371"	"somatic cell"	"perfect match"	"SN090"	NA	4
"CATCGAACAGTTCCCT"	""	"ERX6700409"	"ERP132577"	"testis"	"Round_spermatids"	NA	NA	NA	"CL:4030036"	"early spermatid"	"perfect match"	"SN090"	NA	1
"CATCGAAGTGAACCTT"	""	"ERX6700409"	"ERP132577"	"testis"	"Other_somatic"	NA	NA	NA	"CL:0002371"	"somatic cell"	"perfect match"	"SN090"	NA	4
"CATCGAAGTGACGGTA"	""	"ERX6700409"	"ERP132577"	"testis"	"Round_spermatids"	NA	NA	NA	"CL:4030036"	"early spermatid"	"perfect match"	"SN090"	NA	1
"CATCGAATCTGGTATG"	""	"ERX6700409"	"ERP132577"	"testis"	"Round_spermatids"	NA	NA	NA	"CL:4030036"	"early spermatid"	"perfect match"	"SN090"	NA	1
"CATCGGGAGGTACTCT"	""	"ERX6700409"	"ERP132577"	"testis"	"Spermatogonia"	NA	NA	NA	"CL:0000020"	"spermatogonium"	"perfect match"	"SN090"	NA	5
"CATCGGGCACAAGTAA"	""	"ERX6700409"	"ERP132577"	"testis"	"Round_spermatids"	NA	NA	NA	"CL:4030036"	"early spermatid"	"perfect match"	"SN090"	NA	1
"CATGACACACATGTGT"	""	"ERX6700409"	"ERP132577"	"testis"	"Sertoli"	NA	NA	NA	"CL:0000216"	"Sertoli cell"	"perfect match"	"SN090"	NA	2
"CATGACAGTAGGGACT"	""	"ERX6700409"	"ERP132577"	"testis"	"Sertoli"	NA	NA	NA	"CL:0000216"	"Sertoli cell"	"perfect match"	"SN090"	NA	2
"CATGCCTCAGCTTCGG"	""	"ERX6700409"	"ERP132577"	"testis"	"Round_spermatids"	NA	NA	NA	"CL:4030036"	"early spermatid"	"perfect match"	"SN090"	NA	1
"CATGCCTCATGCGCAC"	""	"ERX6700409"	"ERP132577"	"testis"	"Round_spermatids"	NA	NA	NA	"CL:4030036"	"early spermatid"	"perfect match"	"SN090"	NA	1
"CATGCCTTCTGGCGAC"	""	"ERX6700409"	"ERP132577"	"testis"	"Round_spermatids"	NA	NA	NA	"CL:4030036"	"early spermatid"	"perfect match"	"SN090"	NA	1
"CATGGCGGTAGCGATG"	""	"ERX6700409"	"ERP132577"	"testis"	"Other_somatic"	NA	NA	NA	"CL:0002371"	"somatic cell"	"perfect match"	"SN090"	NA	4
"CATTATCAGCTGCAAG"	""	"ERX6700409"	"ERP132577"	"testis"	"Other_somatic"	NA	NA	NA	"CL:0002371"	"somatic cell"	"perfect match"	"SN090"	NA	4
"CATTATCCAATGACCT"	""	"ERX6700409"	"ERP132577"	"testis"	"Spermatogonia"	NA	NA	NA	"CL:0000020"	"spermatogonium"	"perfect match"	"SN090"	NA	5
"CATTATCTCACTTATC"	""	"ERX6700409"	"ERP132577"	"testis"	"Sertoli"	NA	NA	NA	"CL:0000216"	"Sertoli cell"	"perfect match"	"SN090"	NA	2
"CATTCGCGTCATGCCG"	""	"ERX6700409"	"ERP132577"	"testis"	"Other_somatic"	NA	NA	NA	"CL:0002371"	"somatic cell"	"perfect match"	"SN090"	NA	4
"CATTCGCGTCGAATCT"	""	"ERX6700409"	"ERP132577"	"testis"	"Round_spermatids"	NA	NA	NA	"CL:4030036"	"early spermatid"	"perfect match"	"SN090"	NA	1
"CATTCGCTCATGCATG"	""	"ERX6700409"	"ERP132577"	"testis"	"Sertoli"	NA	NA	NA	"CL:0000216"	"Sertoli cell"	"perfect match"	"SN090"	NA	2
"CCAATCCAGAAACGCC"	""	"ERX6700409"	"ERP132577"	"testis"	"Round_spermatids"	NA	NA	NA	"CL:4030036"	"early spermatid"	"perfect match"	"SN090"	NA	1
"CCAATCCCAAACGCGA"	""	"ERX6700409"	"ERP132577"	"testis"	"Round_spermatids"	NA	NA	NA	"CL:4030036"	"early spermatid"	"perfect match"	"SN090"	NA	1
"CCAATCCCACTTCTGC"	""	"ERX6700409"	"ERP132577"	"testis"	"Other_somatic"	NA	NA	NA	"CL:0002371"	"somatic cell"	"perfect match"	"SN090"	NA	4
"CCAATCCGTGCACGAA"	""	"ERX6700409"	"ERP132577"	"testis"	"Sertoli"	NA	NA	NA	"CL:0000216"	"Sertoli cell"	"perfect match"	"SN090"	NA	2
"CCACCTAAGGATTCGG"	""	"ERX6700409"	"ERP132577"	"testis"	"Round_spermatids"	NA	NA	NA	"CL:4030036"	"early spermatid"	"perfect match"	"SN090"	NA	1
"CCACCTACAAGTCTGT"	""	"ERX6700409"	"ERP132577"	"testis"	"Spermatocytes"	NA	NA	NA	"CL:0000017"	"spermatocyte"	"perfect match"	"SN090"	NA	6
"CCACCTACAATAACGA"	""	"ERX6700409"	"ERP132577"	"testis"	"Sertoli"	NA	NA	NA	"CL:0000216"	"Sertoli cell"	"perfect match"	"SN090"	NA	2
"CCACCTACACCTCGTT"	""	"ERX6700409"	"ERP132577"	"testis"	"Other_somatic"	NA	NA	NA	"CL:0002371"	"somatic cell"	"perfect match"	"SN090"	NA	4
"CCACCTACACTTACGA"	""	"ERX6700409"	"ERP132577"	"testis"	"Elongated_spermatids"	NA	NA	NA	"CL:4030037"	"late spermatid"	"perfect match"	"SN090"	NA	3
"CCACCTACAGACGCCT"	""	"ERX6700409"	"ERP132577"	"testis"	"Elongated_spermatids"	NA	NA	NA	"CL:4030037"	"late spermatid"	"perfect match"	"SN090"	NA	3
"CCACCTAGTCTGGTCG"	""	"ERX6700409"	"ERP132577"	"testis"	"Other_somatic"	NA	NA	NA	"CL:0002371"	"somatic cell"	"perfect match"	"SN090"	NA	4
"CCACCTATCCTATTCA"	""	"ERX6700409"	"ERP132577"	"testis"	"Round_spermatids"	NA	NA	NA	"CL:4030036"	"early spermatid"	"perfect match"	"SN090"	NA	1
"CCACGGACAGACGCAA"	""	"ERX6700409"	"ERP132577"	"testis"	"Sertoli"	NA	NA	NA	"CL:0000216"	"Sertoli cell"	"perfect match"	"SN090"	NA	2
"CCACGGACAGTGAGTG"	""	"ERX6700409"	"ERP132577"	"testis"	"Spermatocytes"	NA	NA	NA	"CL:0000017"	"spermatocyte"	"perfect match"	"SN090"	NA	6
"CCACGGAGTCTACCTC"	""	"ERX6700409"	"ERP132577"	"testis"	"Round_spermatids"	NA	NA	NA	"CL:4030036"	"early spermatid"	"perfect match"	"SN090"	NA	1
"CCACGGATCTCTGCTG"	""	"ERX6700409"	"ERP132577"	"testis"	"Spermatogonia"	NA	NA	NA	"CL:0000020"	"spermatogonium"	"perfect match"	"SN090"	NA	5
"CCACTACAGCTACCTA"	""	"ERX6700409"	"ERP132577"	"testis"	"Elongated_spermatids"	NA	NA	NA	"CL:4030037"	"late spermatid"	"perfect match"	"SN090"	NA	3
"CCACTACCATCTGGTA"	""	"ERX6700409"	"ERP132577"	"testis"	"Spermatocytes"	NA	NA	NA	"CL:0000017"	"spermatocyte"	"perfect match"	"SN090"	NA	6
"CCACTACGTACTCGCG"	""	"ERX6700409"	"ERP132577"	"testis"	"Sertoli"	NA	NA	NA	"CL:0000216"	"Sertoli cell"	"perfect match"	"SN090"	NA	2
"CCACTACGTGCACCAC"	""	"ERX6700409"	"ERP132577"	"testis"	"Elongated_spermatids"	NA	NA	NA	"CL:4030037"	"late spermatid"	"perfect match"	"SN090"	NA	3
"CCACTACGTGGTACAG"	""	"ERX6700409"	"ERP132577"	"testis"	"Sertoli"	NA	NA	NA	"CL:0000216"	"Sertoli cell"	"perfect match"	"SN090"	NA	2
"CCACTACTCACCTCGT"	""	"ERX6700409"	"ERP132577"	"testis"	"Round_spermatids"	NA	NA	NA	"CL:4030036"	"early spermatid"	"perfect match"	"SN090"	NA	1
"CCACTACTCCACGTGG"	""	"ERX6700409"	"ERP132577"	"testis"	"Other_somatic"	NA	NA	NA	"CL:0002371"	"somatic cell"	"perfect match"	"SN090"	NA	4
"CCACTACTCCTAAGTG"	""	"ERX6700409"	"ERP132577"	"testis"	"Elongated_spermatids"	NA	NA	NA	"CL:4030037"	"late spermatid"	"perfect match"	"SN090"	NA	3
"CCACTACTCTTGAGAC"	""	"ERX6700409"	"ERP132577"	"testis"	"Sertoli"	NA	NA	NA	"CL:0000216"	"Sertoli cell"	"perfect match"	"SN090"	NA	2
"CCAGCGACAGTGACAG"	""	"ERX6700409"	"ERP132577"	"testis"	"Other_somatic"	NA	NA	NA	"CL:0002371"	"somatic cell"	"perfect match"	"SN090"	NA	4
"CCAGCGAGTTCCAACA"	""	"ERX6700409"	"ERP132577"	"testis"	"Other_somatic"	NA	NA	NA	"CL:0002371"	"somatic cell"	"perfect match"	"SN090"	NA	4
"CCAGCGATCAACGAAA"	""	"ERX6700409"	"ERP132577"	"testis"	"Sertoli"	NA	NA	NA	"CL:0000216"	"Sertoli cell"	"perfect match"	"SN090"	NA	2
"CCAGCGATCCTATGTT"	""	"ERX6700409"	"ERP132577"	"testis"	"Other_somatic"	NA	NA	NA	"CL:0002371"	"somatic cell"	"perfect match"	"SN090"	NA	4
"CCATGTCAGCGCTTAT"	""	"ERX6700409"	"ERP132577"	"testis"	"Round_spermatids"	NA	NA	NA	"CL:4030036"	"early spermatid"	"perfect match"	"SN090"	NA	1
"CCATGTCTCACATAGC"	""	"ERX6700409"	"ERP132577"	"testis"	"Spermatocytes"	NA	NA	NA	"CL:0000017"	"spermatocyte"	"perfect match"	"SN090"	NA	6
"CCATGTCTCATTGCGA"	""	"ERX6700409"	"ERP132577"	"testis"	"Other_somatic"	NA	NA	NA	"CL:0002371"	"somatic cell"	"perfect match"	"SN090"	NA	4
"CCATGTCTCGTAGATC"	""	"ERX6700409"	"ERP132577"	"testis"	"Spermatocytes"	NA	NA	NA	"CL:0000017"	"spermatocyte"	"perfect match"	"SN090"	NA	6
"CCATTCGCACAAGACG"	""	"ERX6700409"	"ERP132577"	"testis"	"Round_spermatids"	NA	NA	NA	"CL:4030036"	"early spermatid"	"perfect match"	"SN090"	NA	1
"CCATTCGCAGATTGCT"	""	"ERX6700409"	"ERP132577"	"testis"	"Elongated_spermatids"	NA	NA	NA	"CL:4030037"	"late spermatid"	"perfect match"	"SN090"	NA	3
"CCATTCGGTAAGGATT"	""	"ERX6700409"	"ERP132577"	"testis"	"Round_spermatids"	NA	NA	NA	"CL:4030036"	"early spermatid"	"perfect match"	"SN090"	NA	1
"CCATTCGGTTGGAGGT"	""	"ERX6700409"	"ERP132577"	"testis"	"Round_spermatids"	NA	NA	NA	"CL:4030036"	"early spermatid"	"perfect match"	"SN090"	NA	1
"CCATTCGTCCGCGTTT"	""	"ERX6700409"	"ERP132577"	"testis"	"Round_spermatids"	NA	NA	NA	"CL:4030036"	"early spermatid"	"perfect match"	"SN090"	NA	1
"CCCAATCAGAAGGACA"	""	"ERX6700409"	"ERP132577"	"testis"	"Elongated_spermatids"	NA	NA	NA	"CL:4030037"	"late spermatid"	"perfect match"	"SN090"	NA	3
"CCCAATCAGCAATATG"	""	"ERX6700409"	"ERP132577"	"testis"	"Elongated_spermatids"	NA	NA	NA	"CL:4030037"	"late spermatid"	"perfect match"	"SN090"	NA	3
"CCCAATCAGCTGCGAA"	""	"ERX6700409"	"ERP132577"	"testis"	"Elongated_spermatids"	NA	NA	NA	"CL:4030037"	"late spermatid"	"perfect match"	"SN090"	NA	3
"CCCAATCAGGAGCGTT"	""	"ERX6700409"	"ERP132577"	"testis"	"Elongated_spermatids"	NA	NA	NA	"CL:4030037"	"late spermatid"	"perfect match"	"SN090"	NA	3
"CCCAATCCAGGAATCG"	""	"ERX6700409"	"ERP132577"	"testis"	"Elongated_spermatids"	NA	NA	NA	"CL:4030037"	"late spermatid"	"perfect match"	"SN090"	NA	3
"CCCAATCCATCCGCGA"	""	"ERX6700409"	"ERP132577"	"testis"	"Elongated_spermatids"	NA	NA	NA	"CL:4030037"	"late spermatid"	"perfect match"	"SN090"	NA	3
"CCCAATCGTCCGCTGA"	""	"ERX6700409"	"ERP132577"	"testis"	"Spermatocytes"	NA	NA	NA	"CL:0000017"	"spermatocyte"	"perfect match"	"SN090"	NA	6
"CCCAATCTCCGCAGTG"	""	"ERX6700409"	"ERP132577"	"testis"	"Elongated_spermatids"	NA	NA	NA	"CL:4030037"	"late spermatid"	"perfect match"	"SN090"	NA	3
"CCCAGTTAGTGGTAAT"	""	"ERX6700409"	"ERP132577"	"testis"	"Round_spermatids"	NA	NA	NA	"CL:4030036"	"early spermatid"	"perfect match"	"SN090"	NA	1
"CCCAGTTTCACATAGC"	""	"ERX6700409"	"ERP132577"	"testis"	"Other_somatic"	NA	NA	NA	"CL:0002371"	"somatic cell"	"perfect match"	"SN090"	NA	4
"CCCATACAGCTGTTCA"	""	"ERX6700409"	"ERP132577"	"testis"	"Spermatogonia"	NA	NA	NA	"CL:0000020"	"spermatogonium"	"perfect match"	"SN090"	NA	5
"CCCATACCACATCTTT"	""	"ERX6700409"	"ERP132577"	"testis"	"Spermatogonia"	NA	NA	NA	"CL:0000020"	"spermatogonium"	"perfect match"	"SN090"	NA	5
"CCCATACCAGTATAAG"	""	"ERX6700409"	"ERP132577"	"testis"	"Sertoli"	NA	NA	NA	"CL:0000216"	"Sertoli cell"	"perfect match"	"SN090"	NA	2
"CCCATACGTTCACCTC"	""	"ERX6700409"	"ERP132577"	"testis"	"Other_somatic"	NA	NA	NA	"CL:0002371"	"somatic cell"	"perfect match"	"SN090"	NA	4
"CCCTCCTAGACTAGAT"	""	"ERX6700409"	"ERP132577"	"testis"	"Round_spermatids"	NA	NA	NA	"CL:4030036"	"early spermatid"	"perfect match"	"SN090"	NA	1
"CCCTCCTAGCTGCAAG"	""	"ERX6700409"	"ERP132577"	"testis"	"Round_spermatids"	NA	NA	NA	"CL:4030036"	"early spermatid"	"perfect match"	"SN090"	NA	1
"CCCTCCTCAATACGCT"	""	"ERX6700409"	"ERP132577"	"testis"	"Sertoli"	NA	NA	NA	"CL:0000216"	"Sertoli cell"	"perfect match"	"SN090"	NA	2
"CCCTCCTGTATTCGTG"	""	"ERX6700409"	"ERP132577"	"testis"	"Spermatocytes"	NA	NA	NA	"CL:0000017"	"spermatocyte"	"perfect match"	"SN090"	NA	6
"CCCTCCTGTGTCCTCT"	""	"ERX6700409"	"ERP132577"	"testis"	"Round_spermatids"	NA	NA	NA	"CL:4030036"	"early spermatid"	"perfect match"	"SN090"	NA	1
"CCCTCCTTCGGTCTAA"	""	"ERX6700409"	"ERP132577"	"testis"	"Round_spermatids"	NA	NA	NA	"CL:4030036"	"early spermatid"	"perfect match"	"SN090"	NA	1
"CCGGGATAGCGTAATA"	""	"ERX6700409"	"ERP132577"	"testis"	"Round_spermatids"	NA	NA	NA	"CL:4030036"	"early spermatid"	"perfect match"	"SN090"	NA	1
"CCGGGATCAAAGGCGT"	""	"ERX6700409"	"ERP132577"	"testis"	"Other_somatic"	NA	NA	NA	"CL:0002371"	"somatic cell"	"perfect match"	"SN090"	NA	4
"CCGGGATGTAGAGCTG"	""	"ERX6700409"	"ERP132577"	"testis"	"Round_spermatids"	NA	NA	NA	"CL:4030036"	"early spermatid"	"perfect match"	"SN090"	NA	1
"CCGGGATGTCATCCCT"	""	"ERX6700409"	"ERP132577"	"testis"	"Elongated_spermatids"	NA	NA	NA	"CL:4030037"	"late spermatid"	"perfect match"	"SN090"	NA	3
"CCGGGATGTGAGGGAG"	""	"ERX6700409"	"ERP132577"	"testis"	"Spermatocytes"	NA	NA	NA	"CL:0000017"	"spermatocyte"	"perfect match"	"SN090"	NA	6
"CCGGGATTCCAGTAGT"	""	"ERX6700409"	"ERP132577"	"testis"	"Round_spermatids"	NA	NA	NA	"CL:4030036"	"early spermatid"	"perfect match"	"SN090"	NA	1
"CCGGGATTCCTCCTAG"	""	"ERX6700409"	"ERP132577"	"testis"	"Sertoli"	NA	NA	NA	"CL:0000216"	"Sertoli cell"	"perfect match"	"SN090"	NA	2
"CCGGGATTCTAACGGT"	""	"ERX6700409"	"ERP132577"	"testis"	"Elongated_spermatids"	NA	NA	NA	"CL:4030037"	"late spermatid"	"perfect match"	"SN090"	NA	3
"CCGGGATTCTGTTGAG"	""	"ERX6700409"	"ERP132577"	"testis"	"Spermatocytes"	NA	NA	NA	"CL:0000017"	"spermatocyte"	"perfect match"	"SN090"	NA	6
"CCGGTAGGTACGCACC"	""	"ERX6700409"	"ERP132577"	"testis"	"Spermatocytes"	NA	NA	NA	"CL:0000017"	"spermatocyte"	"perfect match"	"SN090"	NA	6
"CCGGTAGGTCGGGTCT"	""	"ERX6700409"	"ERP132577"	"testis"	"Other_somatic"	NA	NA	NA	"CL:0002371"	"somatic cell"	"perfect match"	"SN090"	NA	4
"CCGGTAGTCATTCACT"	""	"ERX6700409"	"ERP132577"	"testis"	"Spermatocytes"	NA	NA	NA	"CL:0000017"	"spermatocyte"	"perfect match"	"SN090"	NA	6
"CCGTACTAGACAGGCT"	""	"ERX6700409"	"ERP132577"	"testis"	"Other_somatic"	NA	NA	NA	"CL:0002371"	"somatic cell"	"perfect match"	"SN090"	NA	4
"CCGTACTAGACCACGA"	""	"ERX6700409"	"ERP132577"	"testis"	"Spermatocytes"	NA	NA	NA	"CL:0000017"	"spermatocyte"	"perfect match"	"SN090"	NA	6
"CCGTACTCAAACCCAT"	""	"ERX6700409"	"ERP132577"	"testis"	"Round_spermatids"	NA	NA	NA	"CL:4030036"	"early spermatid"	"perfect match"	"SN090"	NA	1
"CCGTACTGTAGAAAGG"	""	"ERX6700409"	"ERP132577"	"testis"	"Sertoli"	NA	NA	NA	"CL:0000216"	"Sertoli cell"	"perfect match"	"SN090"	NA	2
"CCGTGGAAGTAGTGCG"	""	"ERX6700409"	"ERP132577"	"testis"	"Spermatogonia"	NA	NA	NA	"CL:0000020"	"spermatogonium"	"perfect match"	"SN090"	NA	5
"CCGTGGACAGTGAGTG"	""	"ERX6700409"	"ERP132577"	"testis"	"Spermatocytes"	NA	NA	NA	"CL:0000017"	"spermatocyte"	"perfect match"	"SN090"	NA	6
"CCGTGGAGTGTCTGAT"	""	"ERX6700409"	"ERP132577"	"testis"	"Round_spermatids"	NA	NA	NA	"CL:4030036"	"early spermatid"	"perfect match"	"SN090"	NA	1
"CCGTGGATCACCGTAA"	""	"ERX6700409"	"ERP132577"	"testis"	"Sertoli"	NA	NA	NA	"CL:0000216"	"Sertoli cell"	"perfect match"	"SN090"	NA	2
"CCGTTCAAGGCATTGG"	""	"ERX6700409"	"ERP132577"	"testis"	"Spermatogonia"	NA	NA	NA	"CL:0000020"	"spermatogonium"	"perfect match"	"SN090"	NA	5
"CCGTTCAAGTGGTAAT"	""	"ERX6700409"	"ERP132577"	"testis"	"Round_spermatids"	NA	NA	NA	"CL:4030036"	"early spermatid"	"perfect match"	"SN090"	NA	1
"CCGTTCACACAGAGGT"	""	"ERX6700409"	"ERP132577"	"testis"	"Other_somatic"	NA	NA	NA	"CL:0002371"	"somatic cell"	"perfect match"	"SN090"	NA	4
"CCGTTCACACGAAACG"	""	"ERX6700409"	"ERP132577"	"testis"	"Elongated_spermatids"	NA	NA	NA	"CL:4030037"	"late spermatid"	"perfect match"	"SN090"	NA	3
"CCGTTCAGTCGTTGTA"	""	"ERX6700409"	"ERP132577"	"testis"	"Other_somatic"	NA	NA	NA	"CL:0002371"	"somatic cell"	"perfect match"	"SN090"	NA	4
"CCGTTCATCACAATGC"	""	"ERX6700409"	"ERP132577"	"testis"	"Elongated_spermatids"	NA	NA	NA	"CL:4030037"	"late spermatid"	"perfect match"	"SN090"	NA	3
"CCTAAAGAGCAGGCTA"	""	"ERX6700409"	"ERP132577"	"testis"	"Sertoli"	NA	NA	NA	"CL:0000216"	"Sertoli cell"	"perfect match"	"SN090"	NA	2
"CCTAAAGAGCTAAGAT"	""	"ERX6700409"	"ERP132577"	"testis"	"Round_spermatids"	NA	NA	NA	"CL:4030036"	"early spermatid"	"perfect match"	"SN090"	NA	1
"CCTAAAGGTCGCGAAA"	""	"ERX6700409"	"ERP132577"	"testis"	"Round_spermatids"	NA	NA	NA	"CL:4030036"	"early spermatid"	"perfect match"	"SN090"	NA	1
"CCTAAAGTCTTCCTTC"	""	"ERX6700409"	"ERP132577"	"testis"	"Elongated_spermatids"	NA	NA	NA	"CL:4030037"	"late spermatid"	"perfect match"	"SN090"	NA	3
"CCTACACCACATTAGC"	""	"ERX6700409"	"ERP132577"	"testis"	"Round_spermatids"	NA	NA	NA	"CL:4030036"	"early spermatid"	"perfect match"	"SN090"	NA	1
"CCTACACCAGTAAGAT"	""	"ERX6700409"	"ERP132577"	"testis"	"Elongated_spermatids"	NA	NA	NA	"CL:4030037"	"late spermatid"	"perfect match"	"SN090"	NA	3
"CCTACACCATAAGACA"	""	"ERX6700409"	"ERP132577"	"testis"	"Spermatocytes"	NA	NA	NA	"CL:0000017"	"spermatocyte"	"perfect match"	"SN090"	NA	6
"CCTACACTCGGAGGTA"	""	"ERX6700409"	"ERP132577"	"testis"	"Elongated_spermatids"	NA	NA	NA	"CL:4030037"	"late spermatid"	"perfect match"	"SN090"	NA	3
"CCTACCAAGAATTGTG"	""	"ERX6700409"	"ERP132577"	"testis"	"Spermatocytes"	NA	NA	NA	"CL:0000017"	"spermatocyte"	"perfect match"	"SN090"	NA	6
"CCTACCAAGATGGCGT"	""	"ERX6700409"	"ERP132577"	"testis"	"Sertoli"	NA	NA	NA	"CL:0000216"	"Sertoli cell"	"perfect match"	"SN090"	NA	2
"CCTACCAGTACGCACC"	""	"ERX6700409"	"ERP132577"	"testis"	"Round_spermatids"	NA	NA	NA	"CL:4030036"	"early spermatid"	"perfect match"	"SN090"	NA	1
"CCTACCATCTTGGGTA"	""	"ERX6700409"	"ERP132577"	"testis"	"Sertoli"	NA	NA	NA	"CL:0000216"	"Sertoli cell"	"perfect match"	"SN090"	NA	2
"CCTAGCTAGGCTATCT"	""	"ERX6700409"	"ERP132577"	"testis"	"Round_spermatids"	NA	NA	NA	"CL:4030036"	"early spermatid"	"perfect match"	"SN090"	NA	1
"CCTAGCTAGTGAACAT"	""	"ERX6700409"	"ERP132577"	"testis"	"Round_spermatids"	NA	NA	NA	"CL:4030036"	"early spermatid"	"perfect match"	"SN090"	NA	1
"CCTAGCTCACCTCGTT"	""	"ERX6700409"	"ERP132577"	"testis"	"Round_spermatids"	NA	NA	NA	"CL:4030036"	"early spermatid"	"perfect match"	"SN090"	NA	1
"CCTAGCTTCTACTTAC"	""	"ERX6700409"	"ERP132577"	"testis"	"Round_spermatids"	NA	NA	NA	"CL:4030036"	"early spermatid"	"perfect match"	"SN090"	NA	1
"CCTAGCTTCTCCAGGG"	""	"ERX6700409"	"ERP132577"	"testis"	"Sertoli"	NA	NA	NA	"CL:0000216"	"Sertoli cell"	"perfect match"	"SN090"	NA	2
"CCTATTAAGTTGAGTA"	""	"ERX6700409"	"ERP132577"	"testis"	"Spermatocytes"	NA	NA	NA	"CL:0000017"	"spermatocyte"	"perfect match"	"SN090"	NA	6
"CCTATTACACACTGCG"	""	"ERX6700409"	"ERP132577"	"testis"	"Round_spermatids"	NA	NA	NA	"CL:4030036"	"early spermatid"	"perfect match"	"SN090"	NA	1
"CCTCAGTAGGTTCCTA"	""	"ERX6700409"	"ERP132577"	"testis"	"Spermatocytes"	NA	NA	NA	"CL:0000017"	"spermatocyte"	"perfect match"	"SN090"	NA	6
"CCTCAGTAGTGGGTTG"	""	"ERX6700409"	"ERP132577"	"testis"	"Round_spermatids"	NA	NA	NA	"CL:4030036"	"early spermatid"	"perfect match"	"SN090"	NA	1
"CCTCAGTAGTGTGAAT"	""	"ERX6700409"	"ERP132577"	"testis"	"Round_spermatids"	NA	NA	NA	"CL:4030036"	"early spermatid"	"perfect match"	"SN090"	NA	1
"CCTCAGTGTAAATGTG"	""	"ERX6700409"	"ERP132577"	"testis"	"Elongated_spermatids"	NA	NA	NA	"CL:4030037"	"late spermatid"	"perfect match"	"SN090"	NA	3
"CCTCAGTGTATAATGG"	""	"ERX6700409"	"ERP132577"	"testis"	"Other_somatic"	NA	NA	NA	"CL:0002371"	"somatic cell"	"perfect match"	"SN090"	NA	4
"CCTCAGTGTTGATTGC"	""	"ERX6700409"	"ERP132577"	"testis"	"Spermatocytes"	NA	NA	NA	"CL:0000017"	"spermatocyte"	"perfect match"	"SN090"	NA	6
"CCTCAGTTCGGAATCT"	""	"ERX6700409"	"ERP132577"	"testis"	"Round_spermatids"	NA	NA	NA	"CL:4030036"	"early spermatid"	"perfect match"	"SN090"	NA	1
"CCTCTGAAGCGAGAAA"	""	"ERX6700409"	"ERP132577"	"testis"	"Elongated_spermatids"	NA	NA	NA	"CL:4030037"	"late spermatid"	"perfect match"	"SN090"	NA	3
"CCTCTGAAGTGAATTG"	""	"ERX6700409"	"ERP132577"	"testis"	"Elongated_spermatids"	NA	NA	NA	"CL:4030037"	"late spermatid"	"perfect match"	"SN090"	NA	3
"CCTCTGAGTAATTGGA"	""	"ERX6700409"	"ERP132577"	"testis"	"Spermatocytes"	NA	NA	NA	"CL:0000017"	"spermatocyte"	"perfect match"	"SN090"	NA	6
"CCTCTGAGTAGCTCCG"	""	"ERX6700409"	"ERP132577"	"testis"	"Spermatogonia"	NA	NA	NA	"CL:0000020"	"spermatogonium"	"perfect match"	"SN090"	NA	5
"CCTCTGAGTCCGTTAA"	""	"ERX6700409"	"ERP132577"	"testis"	"Elongated_spermatids"	NA	NA	NA	"CL:4030037"	"late spermatid"	"perfect match"	"SN090"	NA	3
"CCTCTGAGTGTTGAGG"	""	"ERX6700409"	"ERP132577"	"testis"	"Spermatocytes"	NA	NA	NA	"CL:0000017"	"spermatocyte"	"perfect match"	"SN090"	NA	6
"CCTTACGCACGACTCG"	""	"ERX6700409"	"ERP132577"	"testis"	"Other_somatic"	NA	NA	NA	"CL:0002371"	"somatic cell"	"perfect match"	"SN090"	NA	4
"CCTTACGCACTCTGTC"	""	"ERX6700409"	"ERP132577"	"testis"	"Other_somatic"	NA	NA	NA	"CL:0002371"	"somatic cell"	"perfect match"	"SN090"	NA	4
"CCTTACGCAGCGTAAG"	""	"ERX6700409"	"ERP132577"	"testis"	"Elongated_spermatids"	NA	NA	NA	"CL:4030037"	"late spermatid"	"perfect match"	"SN090"	NA	3
"CCTTACGTCCTTTCTC"	""	"ERX6700409"	"ERP132577"	"testis"	"Round_spermatids"	NA	NA	NA	"CL:4030036"	"early spermatid"	"perfect match"	"SN090"	NA	1
"CCTTACGTCTAGCACA"	""	"ERX6700409"	"ERP132577"	"testis"	"Spermatocytes"	NA	NA	NA	"CL:0000017"	"spermatocyte"	"perfect match"	"SN090"	NA	6
"CCTTCCCGTCTAGGTT"	""	"ERX6700409"	"ERP132577"	"testis"	"Sertoli"	NA	NA	NA	"CL:0000216"	"Sertoli cell"	"perfect match"	"SN090"	NA	2
"CCTTCGAGTAAGCACG"	""	"ERX6700409"	"ERP132577"	"testis"	"Round_spermatids"	NA	NA	NA	"CL:4030036"	"early spermatid"	"perfect match"	"SN090"	NA	1
"CCTTCGAGTACATCCA"	""	"ERX6700409"	"ERP132577"	"testis"	"Round_spermatids"	NA	NA	NA	"CL:4030036"	"early spermatid"	"perfect match"	"SN090"	NA	1
"CCTTCGAGTAGCTCCG"	""	"ERX6700409"	"ERP132577"	"testis"	"Sertoli"	NA	NA	NA	"CL:0000216"	"Sertoli cell"	"perfect match"	"SN090"	NA	2
"CCTTCGAGTAGCTTGT"	""	"ERX6700409"	"ERP132577"	"testis"	"Sertoli"	NA	NA	NA	"CL:0000216"	"Sertoli cell"	"perfect match"	"SN090"	NA	2
"CCTTCGATCAAGAAGT"	""	"ERX6700409"	"ERP132577"	"testis"	"Round_spermatids"	NA	NA	NA	"CL:4030036"	"early spermatid"	"perfect match"	"SN090"	NA	1
"CCTTCGATCCACTCCA"	""	"ERX6700409"	"ERP132577"	"testis"	"Round_spermatids"	NA	NA	NA	"CL:4030036"	"early spermatid"	"perfect match"	"SN090"	NA	1
"CCTTTCTAGGGCTTCC"	""	"ERX6700409"	"ERP132577"	"testis"	"Spermatocytes"	NA	NA	NA	"CL:0000017"	"spermatocyte"	"perfect match"	"SN090"	NA	6
"CCTTTCTAGTGAATTG"	""	"ERX6700409"	"ERP132577"	"testis"	"Spermatogonia"	NA	NA	NA	"CL:0000020"	"spermatogonium"	"perfect match"	"SN090"	NA	5
"CCTTTCTCAACTGGCC"	""	"ERX6700409"	"ERP132577"	"testis"	"Other_somatic"	NA	NA	NA	"CL:0002371"	"somatic cell"	"perfect match"	"SN090"	NA	4
"CCTTTCTCATATGAGA"	""	"ERX6700409"	"ERP132577"	"testis"	"Sertoli"	NA	NA	NA	"CL:0000216"	"Sertoli cell"	"perfect match"	"SN090"	NA	2
"CCTTTCTGTTCCCGAG"	""	"ERX6700409"	"ERP132577"	"testis"	"Sertoli"	NA	NA	NA	"CL:0000216"	"Sertoli cell"	"perfect match"	"SN090"	NA	2
"CCTTTCTTCCTTTCTC"	""	"ERX6700409"	"ERP132577"	"testis"	"Round_spermatids"	NA	NA	NA	"CL:4030036"	"early spermatid"	"perfect match"	"SN090"	NA	1
"CGAACATAGCCAGTTT"	""	"ERX6700409"	"ERP132577"	"testis"	"Elongated_spermatids"	NA	NA	NA	"CL:4030037"	"late spermatid"	"perfect match"	"SN090"	NA	3
"CGAACATCACCGTTGG"	""	"ERX6700409"	"ERP132577"	"testis"	"Elongated_spermatids"	NA	NA	NA	"CL:4030037"	"late spermatid"	"perfect match"	"SN090"	NA	3
"CGAACATCATCGGACC"	""	"ERX6700409"	"ERP132577"	"testis"	"Round_spermatids"	NA	NA	NA	"CL:4030036"	"early spermatid"	"perfect match"	"SN090"	NA	1
"CGAATGTAGGCTACGA"	""	"ERX6700409"	"ERP132577"	"testis"	"Round_spermatids"	NA	NA	NA	"CL:4030036"	"early spermatid"	"perfect match"	"SN090"	NA	1
"CGAATGTCAAGGTTCT"	""	"ERX6700409"	"ERP132577"	"testis"	"Elongated_spermatids"	NA	NA	NA	"CL:4030037"	"late spermatid"	"perfect match"	"SN090"	NA	3
"CGAATGTCACATTCGA"	""	"ERX6700409"	"ERP132577"	"testis"	"Other_somatic"	NA	NA	NA	"CL:0002371"	"somatic cell"	"perfect match"	"SN090"	NA	4
"CGAATGTCACGGTAGA"	""	"ERX6700409"	"ERP132577"	"testis"	"Round_spermatids"	NA	NA	NA	"CL:4030036"	"early spermatid"	"perfect match"	"SN090"	NA	1
"CGAATGTGTAATCGTC"	""	"ERX6700409"	"ERP132577"	"testis"	"Spermatogonia"	NA	NA	NA	"CL:0000020"	"spermatogonium"	"perfect match"	"SN090"	NA	5
"CGACCTTCACAACGTT"	""	"ERX6700409"	"ERP132577"	"testis"	"Round_spermatids"	NA	NA	NA	"CL:4030036"	"early spermatid"	"perfect match"	"SN090"	NA	1
"CGACCTTCAGTATAAG"	""	"ERX6700409"	"ERP132577"	"testis"	"Round_spermatids"	NA	NA	NA	"CL:4030036"	"early spermatid"	"perfect match"	"SN090"	NA	1
"CGACCTTGTTTGCATG"	""	"ERX6700409"	"ERP132577"	"testis"	"Spermatogonia"	NA	NA	NA	"CL:0000020"	"spermatogonium"	"perfect match"	"SN090"	NA	5
"CGACCTTTCCCAAGAT"	""	"ERX6700409"	"ERP132577"	"testis"	"Elongated_spermatids"	NA	NA	NA	"CL:4030037"	"late spermatid"	"perfect match"	"SN090"	NA	3
"CGACTTCGTACCTACA"	""	"ERX6700409"	"ERP132577"	"testis"	"Other_somatic"	NA	NA	NA	"CL:0002371"	"somatic cell"	"perfect match"	"SN090"	NA	4
"CGACTTCTCACATAGC"	""	"ERX6700409"	"ERP132577"	"testis"	"Sertoli"	NA	NA	NA	"CL:0000216"	"Sertoli cell"	"perfect match"	"SN090"	NA	2
"CGACTTCTCTATGTGG"	""	"ERX6700409"	"ERP132577"	"testis"	"Elongated_spermatids"	NA	NA	NA	"CL:4030037"	"late spermatid"	"perfect match"	"SN090"	NA	3
"CGAGAAGAGAAGGTTT"	""	"ERX6700409"	"ERP132577"	"testis"	"Spermatocytes"	NA	NA	NA	"CL:0000017"	"spermatocyte"	"perfect match"	"SN090"	NA	6
"CGAGAAGCAGCTGTTA"	""	"ERX6700409"	"ERP132577"	"testis"	"Round_spermatids"	NA	NA	NA	"CL:4030036"	"early spermatid"	"perfect match"	"SN090"	NA	1
"CGAGCACAGATGTGGC"	""	"ERX6700409"	"ERP132577"	"testis"	"Round_spermatids"	NA	NA	NA	"CL:4030036"	"early spermatid"	"perfect match"	"SN090"	NA	1
"CGAGCACAGTAGATGT"	""	"ERX6700409"	"ERP132577"	"testis"	"Spermatocytes"	NA	NA	NA	"CL:0000017"	"spermatocyte"	"perfect match"	"SN090"	NA	6
"CGAGCACCACGCCAGT"	""	"ERX6700409"	"ERP132577"	"testis"	"Spermatocytes"	NA	NA	NA	"CL:0000017"	"spermatocyte"	"perfect match"	"SN090"	NA	6
"CGAGCACCATCCCATC"	""	"ERX6700409"	"ERP132577"	"testis"	"Round_spermatids"	NA	NA	NA	"CL:4030036"	"early spermatid"	"perfect match"	"SN090"	NA	1
"CGAGCACCATCGGAAG"	""	"ERX6700409"	"ERP132577"	"testis"	"Round_spermatids"	NA	NA	NA	"CL:4030036"	"early spermatid"	"perfect match"	"SN090"	NA	1
"CGAGCACGTACATCCA"	""	"ERX6700409"	"ERP132577"	"testis"	"Elongated_spermatids"	NA	NA	NA	"CL:4030037"	"late spermatid"	"perfect match"	"SN090"	NA	3
"CGAGCCAAGTGGGATC"	""	"ERX6700409"	"ERP132577"	"testis"	"Spermatogonia"	NA	NA	NA	"CL:0000020"	"spermatogonium"	"perfect match"	"SN090"	NA	5
"CGAGCCACACTACAGT"	""	"ERX6700409"	"ERP132577"	"testis"	"Round_spermatids"	NA	NA	NA	"CL:4030036"	"early spermatid"	"perfect match"	"SN090"	NA	1
"CGAGCCACATGGTCTA"	""	"ERX6700409"	"ERP132577"	"testis"	"Elongated_spermatids"	NA	NA	NA	"CL:4030037"	"late spermatid"	"perfect match"	"SN090"	NA	3
"CGAGCCATCGTGGTCG"	""	"ERX6700409"	"ERP132577"	"testis"	"Other_somatic"	NA	NA	NA	"CL:0002371"	"somatic cell"	"perfect match"	"SN090"	NA	4
"CGAGCCATCTAGCACA"	""	"ERX6700409"	"ERP132577"	"testis"	"Round_spermatids"	NA	NA	NA	"CL:4030036"	"early spermatid"	"perfect match"	"SN090"	NA	1
"CGATCGGAGACTAGAT"	""	"ERX6700409"	"ERP132577"	"testis"	"Spermatocytes"	NA	NA	NA	"CL:0000017"	"spermatocyte"	"perfect match"	"SN090"	NA	6
"CGATCGGCACAACGCC"	""	"ERX6700409"	"ERP132577"	"testis"	"Elongated_spermatids"	NA	NA	NA	"CL:4030037"	"late spermatid"	"perfect match"	"SN090"	NA	3
"CGATCGGCACAAGTAA"	""	"ERX6700409"	"ERP132577"	"testis"	"Round_spermatids"	NA	NA	NA	"CL:4030036"	"early spermatid"	"perfect match"	"SN090"	NA	1
"CGATCGGCAGCTTAAC"	""	"ERX6700409"	"ERP132577"	"testis"	"Elongated_spermatids"	NA	NA	NA	"CL:4030037"	"late spermatid"	"perfect match"	"SN090"	NA	3
"CGATCGGCATGGGACA"	""	"ERX6700409"	"ERP132577"	"testis"	"Other_somatic"	NA	NA	NA	"CL:0002371"	"somatic cell"	"perfect match"	"SN090"	NA	4
"CGATGGCAGAGAGCTC"	""	"ERX6700409"	"ERP132577"	"testis"	"Round_spermatids"	NA	NA	NA	"CL:4030036"	"early spermatid"	"perfect match"	"SN090"	NA	1
"CGATGGCAGTTAACGA"	""	"ERX6700409"	"ERP132577"	"testis"	"Round_spermatids"	NA	NA	NA	"CL:4030036"	"early spermatid"	"perfect match"	"SN090"	NA	1
"CGATGGCCAGATAATG"	""	"ERX6700409"	"ERP132577"	"testis"	"Round_spermatids"	NA	NA	NA	"CL:4030036"	"early spermatid"	"perfect match"	"SN090"	NA	1
"CGATGTAAGCGATAGC"	""	"ERX6700409"	"ERP132577"	"testis"	"Spermatocytes"	NA	NA	NA	"CL:0000017"	"spermatocyte"	"perfect match"	"SN090"	NA	6
"CGATGTAAGGCGATAC"	""	"ERX6700409"	"ERP132577"	"testis"	"Round_spermatids"	NA	NA	NA	"CL:4030036"	"early spermatid"	"perfect match"	"SN090"	NA	1
"CGATGTACAAGTTCTG"	""	"ERX6700409"	"ERP132577"	"testis"	"Spermatogonia"	NA	NA	NA	"CL:0000020"	"spermatogonium"	"perfect match"	"SN090"	NA	5
"CGATGTACAGCCTATA"	""	"ERX6700409"	"ERP132577"	"testis"	"Round_spermatids"	NA	NA	NA	"CL:4030036"	"early spermatid"	"perfect match"	"SN090"	NA	1
"CGATTGACAGTTCCCT"	""	"ERX6700409"	"ERP132577"	"testis"	"Round_spermatids"	NA	NA	NA	"CL:4030036"	"early spermatid"	"perfect match"	"SN090"	NA	1
"CGATTGAGTACCGAGA"	""	"ERX6700409"	"ERP132577"	"testis"	"Elongated_spermatids"	NA	NA	NA	"CL:4030037"	"late spermatid"	"perfect match"	"SN090"	NA	3
"CGATTGAGTATGAATG"	""	"ERX6700409"	"ERP132577"	"testis"	"Sertoli"	NA	NA	NA	"CL:0000216"	"Sertoli cell"	"perfect match"	"SN090"	NA	2
"CGATTGAGTCAGATAA"	""	"ERX6700409"	"ERP132577"	"testis"	"Elongated_spermatids"	NA	NA	NA	"CL:4030037"	"late spermatid"	"perfect match"	"SN090"	NA	3
"CGATTGATCGCCAAAT"	""	"ERX6700409"	"ERP132577"	"testis"	"Other_somatic"	NA	NA	NA	"CL:0002371"	"somatic cell"	"perfect match"	"SN090"	NA	4
"CGCCAAGAGAGTTGGC"	""	"ERX6700409"	"ERP132577"	"testis"	"Round_spermatids"	NA	NA	NA	"CL:4030036"	"early spermatid"	"perfect match"	"SN090"	NA	1
"CGCCAAGCAAGCCCAC"	""	"ERX6700409"	"ERP132577"	"testis"	"Round_spermatids"	NA	NA	NA	"CL:4030036"	"early spermatid"	"perfect match"	"SN090"	NA	1
"CGCGGTAAGCACCGTC"	""	"ERX6700409"	"ERP132577"	"testis"	"Other_somatic"	NA	NA	NA	"CL:0002371"	"somatic cell"	"perfect match"	"SN090"	NA	4
"CGCGGTACAATTCCTT"	""	"ERX6700409"	"ERP132577"	"testis"	"Elongated_spermatids"	NA	NA	NA	"CL:4030037"	"late spermatid"	"perfect match"	"SN090"	NA	3
"CGCGGTACACGCATCG"	""	"ERX6700409"	"ERP132577"	"testis"	"Round_spermatids"	NA	NA	NA	"CL:4030036"	"early spermatid"	"perfect match"	"SN090"	NA	1
"CGCGGTAGTAAGTGGC"	""	"ERX6700409"	"ERP132577"	"testis"	"Sertoli"	NA	NA	NA	"CL:0000216"	"Sertoli cell"	"perfect match"	"SN090"	NA	2
"CGCGGTATCAGAGCTT"	""	"ERX6700409"	"ERP132577"	"testis"	"Round_spermatids"	NA	NA	NA	"CL:4030036"	"early spermatid"	"perfect match"	"SN090"	NA	1
"CGCGGTATCCGTAGGC"	""	"ERX6700409"	"ERP132577"	"testis"	"Elongated_spermatids"	NA	NA	NA	"CL:4030037"	"late spermatid"	"perfect match"	"SN090"	NA	3
"CGCGGTATCTCTAAGG"	""	"ERX6700409"	"ERP132577"	"testis"	"Spermatocytes"	NA	NA	NA	"CL:0000017"	"spermatocyte"	"perfect match"	"SN090"	NA	6
"CGCGTTTAGTACGATA"	""	"ERX6700409"	"ERP132577"	"testis"	"Spermatogonia"	NA	NA	NA	"CL:0000020"	"spermatogonium"	"perfect match"	"SN090"	NA	5
"CGCGTTTCACGACTCG"	""	"ERX6700409"	"ERP132577"	"testis"	"Other_somatic"	NA	NA	NA	"CL:0002371"	"somatic cell"	"perfect match"	"SN090"	NA	4
"CGCGTTTCACGGATAG"	""	"ERX6700409"	"ERP132577"	"testis"	"Sertoli"	NA	NA	NA	"CL:0000216"	"Sertoli cell"	"perfect match"	"SN090"	NA	2
"CGCGTTTCATGCCTTC"	""	"ERX6700409"	"ERP132577"	"testis"	"Other_somatic"	NA	NA	NA	"CL:0002371"	"somatic cell"	"perfect match"	"SN090"	NA	4
"CGCGTTTGTTTGCATG"	""	"ERX6700409"	"ERP132577"	"testis"	"Other_somatic"	NA	NA	NA	"CL:0002371"	"somatic cell"	"perfect match"	"SN090"	NA	4
"CGCTATCAGGTGCAAC"	""	"ERX6700409"	"ERP132577"	"testis"	"Elongated_spermatids"	NA	NA	NA	"CL:4030037"	"late spermatid"	"perfect match"	"SN090"	NA	3
"CGCTATCCAAAGCGGT"	""	"ERX6700409"	"ERP132577"	"testis"	"Other_somatic"	NA	NA	NA	"CL:0002371"	"somatic cell"	"perfect match"	"SN090"	NA	4
"CGCTATCCAGCTTCGG"	""	"ERX6700409"	"ERP132577"	"testis"	"Round_spermatids"	NA	NA	NA	"CL:4030036"	"early spermatid"	"perfect match"	"SN090"	NA	1
"CGCTATCCATGTAAGA"	""	"ERX6700409"	"ERP132577"	"testis"	"Elongated_spermatids"	NA	NA	NA	"CL:4030037"	"late spermatid"	"perfect match"	"SN090"	NA	3
"CGCTGGAAGAGACGAA"	""	"ERX6700409"	"ERP132577"	"testis"	"Sertoli"	NA	NA	NA	"CL:0000216"	"Sertoli cell"	"perfect match"	"SN090"	NA	2
"CGCTGGACACATGACT"	""	"ERX6700409"	"ERP132577"	"testis"	"Round_spermatids"	NA	NA	NA	"CL:4030036"	"early spermatid"	"perfect match"	"SN090"	NA	1
"CGCTGGACATCTCCCA"	""	"ERX6700409"	"ERP132577"	"testis"	"Elongated_spermatids"	NA	NA	NA	"CL:4030037"	"late spermatid"	"perfect match"	"SN090"	NA	3
"CGCTGGAGTCTTCAAG"	""	"ERX6700409"	"ERP132577"	"testis"	"Round_spermatids"	NA	NA	NA	"CL:4030036"	"early spermatid"	"perfect match"	"SN090"	NA	1
"CGCTGGATCAACGAAA"	""	"ERX6700409"	"ERP132577"	"testis"	"Spermatocytes"	NA	NA	NA	"CL:0000017"	"spermatocyte"	"perfect match"	"SN090"	NA	6
"CGCTGGATCTTGTTTG"	""	"ERX6700409"	"ERP132577"	"testis"	"Elongated_spermatids"	NA	NA	NA	"CL:4030037"	"late spermatid"	"perfect match"	"SN090"	NA	3
"CGCTTCAAGCCGCCTA"	""	"ERX6700409"	"ERP132577"	"testis"	"Other_somatic"	NA	NA	NA	"CL:0002371"	"somatic cell"	"perfect match"	"SN090"	NA	4
"CGCTTCACAATCGAAA"	""	"ERX6700409"	"ERP132577"	"testis"	"Spermatocytes"	NA	NA	NA	"CL:0000017"	"spermatocyte"	"perfect match"	"SN090"	NA	6
"CGCTTCACATAGACTC"	""	"ERX6700409"	"ERP132577"	"testis"	"Other_somatic"	NA	NA	NA	"CL:0002371"	"somatic cell"	"perfect match"	"SN090"	NA	4
"CGCTTCAGTTGTACAC"	""	"ERX6700409"	"ERP132577"	"testis"	"Other_somatic"	NA	NA	NA	"CL:0002371"	"somatic cell"	"perfect match"	"SN090"	NA	4
"CGCTTCATCAAAGTAG"	""	"ERX6700409"	"ERP132577"	"testis"	"Sertoli"	NA	NA	NA	"CL:0000216"	"Sertoli cell"	"perfect match"	"SN090"	NA	2
"CGCTTCATCAACGCTA"	""	"ERX6700409"	"ERP132577"	"testis"	"Round_spermatids"	NA	NA	NA	"CL:4030036"	"early spermatid"	"perfect match"	"SN090"	NA	1
"CGCTTCATCCGTAGGC"	""	"ERX6700409"	"ERP132577"	"testis"	"Elongated_spermatids"	NA	NA	NA	"CL:4030037"	"late spermatid"	"perfect match"	"SN090"	NA	3
"CGCTTCATCTTACCTA"	""	"ERX6700409"	"ERP132577"	"testis"	"Sertoli"	NA	NA	NA	"CL:0000216"	"Sertoli cell"	"perfect match"	"SN090"	NA	2
"CGCTTCATCTTGGGTA"	""	"ERX6700409"	"ERP132577"	"testis"	"Round_spermatids"	NA	NA	NA	"CL:4030036"	"early spermatid"	"perfect match"	"SN090"	NA	1
"CGGACACAGAGGTTGC"	""	"ERX6700409"	"ERP132577"	"testis"	"Round_spermatids"	NA	NA	NA	"CL:4030036"	"early spermatid"	"perfect match"	"SN090"	NA	1
"CGGACACAGCAGCGTA"	""	"ERX6700409"	"ERP132577"	"testis"	"Round_spermatids"	NA	NA	NA	"CL:4030036"	"early spermatid"	"perfect match"	"SN090"	NA	1
"CGGACACCACAGCGTC"	""	"ERX6700409"	"ERP132577"	"testis"	"Sertoli"	NA	NA	NA	"CL:0000216"	"Sertoli cell"	"perfect match"	"SN090"	NA	2
"CGGACACCAGCCTATA"	""	"ERX6700409"	"ERP132577"	"testis"	"Round_spermatids"	NA	NA	NA	"CL:4030036"	"early spermatid"	"perfect match"	"SN090"	NA	1
"CGGACACGTTCACGGC"	""	"ERX6700409"	"ERP132577"	"testis"	"Spermatogonia"	NA	NA	NA	"CL:0000020"	"spermatogonium"	"perfect match"	"SN090"	NA	5
"CGGACACTCATTGCCC"	""	"ERX6700409"	"ERP132577"	"testis"	"Sertoli"	NA	NA	NA	"CL:0000216"	"Sertoli cell"	"perfect match"	"SN090"	NA	2
"CGGACGTCAGTTCATG"	""	"ERX6700409"	"ERP132577"	"testis"	"Round_spermatids"	NA	NA	NA	"CL:4030036"	"early spermatid"	"perfect match"	"SN090"	NA	1
"CGGACGTGTCCATGAT"	""	"ERX6700409"	"ERP132577"	"testis"	"Elongated_spermatids"	NA	NA	NA	"CL:4030037"	"late spermatid"	"perfect match"	"SN090"	NA	3
"CGGACGTGTGTTCGAT"	""	"ERX6700409"	"ERP132577"	"testis"	"Other_somatic"	NA	NA	NA	"CL:0002371"	"somatic cell"	"perfect match"	"SN090"	NA	4
"CGGACTGAGGGAGTAA"	""	"ERX6700409"	"ERP132577"	"testis"	"Round_spermatids"	NA	NA	NA	"CL:4030036"	"early spermatid"	"perfect match"	"SN090"	NA	1
"CGGACTGTCACAGGCC"	""	"ERX6700409"	"ERP132577"	"testis"	"Round_spermatids"	NA	NA	NA	"CL:4030036"	"early spermatid"	"perfect match"	"SN090"	NA	1
"CGGACTGTCTTGCAAG"	""	"ERX6700409"	"ERP132577"	"testis"	"Round_spermatids"	NA	NA	NA	"CL:4030036"	"early spermatid"	"perfect match"	"SN090"	NA	1
"CGGAGCTAGATCTGCT"	""	"ERX6700409"	"ERP132577"	"testis"	"Other_somatic"	NA	NA	NA	"CL:0002371"	"somatic cell"	"perfect match"	"SN090"	NA	4
"CGGAGCTCAAGCCATT"	""	"ERX6700409"	"ERP132577"	"testis"	"Elongated_spermatids"	NA	NA	NA	"CL:4030037"	"late spermatid"	"perfect match"	"SN090"	NA	3
"CGGAGCTCAATAAGCA"	""	"ERX6700409"	"ERP132577"	"testis"	"Round_spermatids"	NA	NA	NA	"CL:4030036"	"early spermatid"	"perfect match"	"SN090"	NA	1
"CGGAGCTCAGGTCTCG"	""	"ERX6700409"	"ERP132577"	"testis"	"Sertoli"	NA	NA	NA	"CL:0000216"	"Sertoli cell"	"perfect match"	"SN090"	NA	2
"CGGAGCTGTCAGTGGA"	""	"ERX6700409"	"ERP132577"	"testis"	"Sertoli"	NA	NA	NA	"CL:0000216"	"Sertoli cell"	"perfect match"	"SN090"	NA	2
"CGGAGCTGTGTAATGA"	""	"ERX6700409"	"ERP132577"	"testis"	"Round_spermatids"	NA	NA	NA	"CL:4030036"	"early spermatid"	"perfect match"	"SN090"	NA	1
"CGGAGCTTCGAGAGCA"	""	"ERX6700409"	"ERP132577"	"testis"	"Spermatocytes"	NA	NA	NA	"CL:0000017"	"spermatocyte"	"perfect match"	"SN090"	NA	6
"CGGAGCTTCGTGGACC"	""	"ERX6700409"	"ERP132577"	"testis"	"Round_spermatids"	NA	NA	NA	"CL:4030036"	"early spermatid"	"perfect match"	"SN090"	NA	1
"CGGAGCTTCTGATACG"	""	"ERX6700409"	"ERP132577"	"testis"	"Other_somatic"	NA	NA	NA	"CL:0002371"	"somatic cell"	"perfect match"	"SN090"	NA	4
"CGGAGTCAGCAAATCA"	""	"ERX6700409"	"ERP132577"	"testis"	"Round_spermatids"	NA	NA	NA	"CL:4030036"	"early spermatid"	"perfect match"	"SN090"	NA	1
"CGGAGTCCACCGAATT"	""	"ERX6700409"	"ERP132577"	"testis"	"Spermatogonia"	NA	NA	NA	"CL:0000020"	"spermatogonium"	"perfect match"	"SN090"	NA	5
"CGGAGTCTCGGGAGTA"	""	"ERX6700409"	"ERP132577"	"testis"	"Spermatocytes"	NA	NA	NA	"CL:0000017"	"spermatocyte"	"perfect match"	"SN090"	NA	6
"CGGAGTCTCTTCATGT"	""	"ERX6700409"	"ERP132577"	"testis"	"Sertoli"	NA	NA	NA	"CL:0000216"	"Sertoli cell"	"perfect match"	"SN090"	NA	2
"CGGCTAGCACAGCGTC"	""	"ERX6700409"	"ERP132577"	"testis"	"Sertoli"	NA	NA	NA	"CL:0000216"	"Sertoli cell"	"perfect match"	"SN090"	NA	2
"CGGCTAGCATACCATG"	""	"ERX6700409"	"ERP132577"	"testis"	"Spermatogonia"	NA	NA	NA	"CL:0000020"	"spermatogonium"	"perfect match"	"SN090"	NA	5
"CGGCTAGGTGCGGTAA"	""	"ERX6700409"	"ERP132577"	"testis"	"Spermatocytes"	NA	NA	NA	"CL:0000017"	"spermatocyte"	"perfect match"	"SN090"	NA	6
"CGGCTAGTCCTTGACC"	""	"ERX6700409"	"ERP132577"	"testis"	"Spermatocytes"	NA	NA	NA	"CL:0000017"	"spermatocyte"	"perfect match"	"SN090"	NA	6
"CGGGTCACATCGATTG"	""	"ERX6700409"	"ERP132577"	"testis"	"Elongated_spermatids"	NA	NA	NA	"CL:4030037"	"late spermatid"	"perfect match"	"SN090"	NA	3
"CGGGTCATCCTCAACC"	""	"ERX6700409"	"ERP132577"	"testis"	"Round_spermatids"	NA	NA	NA	"CL:4030036"	"early spermatid"	"perfect match"	"SN090"	NA	1
"CGGTTAAAGATGAGAG"	""	"ERX6700409"	"ERP132577"	"testis"	"Sertoli"	NA	NA	NA	"CL:0000216"	"Sertoli cell"	"perfect match"	"SN090"	NA	2
"CGGTTAACAATGAAAC"	""	"ERX6700409"	"ERP132577"	"testis"	"Spermatocytes"	NA	NA	NA	"CL:0000017"	"spermatocyte"	"perfect match"	"SN090"	NA	6
"CGGTTAATCGCGGATC"	""	"ERX6700409"	"ERP132577"	"testis"	"Elongated_spermatids"	NA	NA	NA	"CL:4030037"	"late spermatid"	"perfect match"	"SN090"	NA	3
"CGTAGCGAGAAGGTGA"	""	"ERX6700409"	"ERP132577"	"testis"	"Elongated_spermatids"	NA	NA	NA	"CL:4030037"	"late spermatid"	"perfect match"	"SN090"	NA	3
"CGTAGCGGTTTAGGAA"	""	"ERX6700409"	"ERP132577"	"testis"	"Round_spermatids"	NA	NA	NA	"CL:4030036"	"early spermatid"	"perfect match"	"SN090"	NA	1
"CGTAGGCAGGGCTTGA"	""	"ERX6700409"	"ERP132577"	"testis"	"Sertoli"	NA	NA	NA	"CL:0000216"	"Sertoli cell"	"perfect match"	"SN090"	NA	2
"CGTAGGCCACGAAACG"	""	"ERX6700409"	"ERP132577"	"testis"	"Round_spermatids"	NA	NA	NA	"CL:4030036"	"early spermatid"	"perfect match"	"SN090"	NA	1
"CGTAGGCCAGCGTAAG"	""	"ERX6700409"	"ERP132577"	"testis"	"Spermatocytes"	NA	NA	NA	"CL:0000017"	"spermatocyte"	"perfect match"	"SN090"	NA	6
"CGTAGGCGTGCGGTAA"	""	"ERX6700409"	"ERP132577"	"testis"	"Spermatocytes"	NA	NA	NA	"CL:0000017"	"spermatocyte"	"perfect match"	"SN090"	NA	6
"CGTAGGCTCATGGTCA"	""	"ERX6700409"	"ERP132577"	"testis"	"Other_somatic"	NA	NA	NA	"CL:0002371"	"somatic cell"	"perfect match"	"SN090"	NA	4
"CGTCACTAGCGTAGTG"	""	"ERX6700409"	"ERP132577"	"testis"	"Round_spermatids"	NA	NA	NA	"CL:4030036"	"early spermatid"	"perfect match"	"SN090"	NA	1
"CGTCACTAGGCGCTCT"	""	"ERX6700409"	"ERP132577"	"testis"	"Elongated_spermatids"	NA	NA	NA	"CL:4030037"	"late spermatid"	"perfect match"	"SN090"	NA	3
"CGTCACTCAAACCTAC"	""	"ERX6700409"	"ERP132577"	"testis"	"Round_spermatids"	NA	NA	NA	"CL:4030036"	"early spermatid"	"perfect match"	"SN090"	NA	1
"CGTCACTCAGGGTTAG"	""	"ERX6700409"	"ERP132577"	"testis"	"Spermatocytes"	NA	NA	NA	"CL:0000017"	"spermatocyte"	"perfect match"	"SN090"	NA	6
"CGTCACTGTCGCGTGT"	""	"ERX6700409"	"ERP132577"	"testis"	"Spermatocytes"	NA	NA	NA	"CL:0000017"	"spermatocyte"	"perfect match"	"SN090"	NA	6
"CGTCACTTCCTCAATT"	""	"ERX6700409"	"ERP132577"	"testis"	"Elongated_spermatids"	NA	NA	NA	"CL:4030037"	"late spermatid"	"perfect match"	"SN090"	NA	3
"CGTCACTTCGAATGCT"	""	"ERX6700409"	"ERP132577"	"testis"	"Elongated_spermatids"	NA	NA	NA	"CL:4030037"	"late spermatid"	"perfect match"	"SN090"	NA	3
"CGTCACTTCTTAGAGC"	""	"ERX6700409"	"ERP132577"	"testis"	"Round_spermatids"	NA	NA	NA	"CL:4030036"	"early spermatid"	"perfect match"	"SN090"	NA	1
"CGTCAGGGTCGAGATG"	""	"ERX6700409"	"ERP132577"	"testis"	"Spermatocytes"	NA	NA	NA	"CL:0000017"	"spermatocyte"	"perfect match"	"SN090"	NA	6
"CGTCAGGTCGCAAACT"	""	"ERX6700409"	"ERP132577"	"testis"	"Round_spermatids"	NA	NA	NA	"CL:4030036"	"early spermatid"	"perfect match"	"SN090"	NA	1
"CGTCAGGTCGTACGGC"	""	"ERX6700409"	"ERP132577"	"testis"	"Spermatogonia"	NA	NA	NA	"CL:0000020"	"spermatogonium"	"perfect match"	"SN090"	NA	5
"CGTCCATAGCGTAATA"	""	"ERX6700409"	"ERP132577"	"testis"	"Elongated_spermatids"	NA	NA	NA	"CL:4030037"	"late spermatid"	"perfect match"	"SN090"	NA	3
"CGTCCATCAGGCAGTA"	""	"ERX6700409"	"ERP132577"	"testis"	"Spermatocytes"	NA	NA	NA	"CL:0000017"	"spermatocyte"	"perfect match"	"SN090"	NA	6
"CGTCCATCATATACGC"	""	"ERX6700409"	"ERP132577"	"testis"	"Elongated_spermatids"	NA	NA	NA	"CL:4030037"	"late spermatid"	"perfect match"	"SN090"	NA	3
"CGTCCATGTATCACCA"	""	"ERX6700409"	"ERP132577"	"testis"	"Other_somatic"	NA	NA	NA	"CL:0002371"	"somatic cell"	"perfect match"	"SN090"	NA	4
"CGTCCATGTCATCGGC"	""	"ERX6700409"	"ERP132577"	"testis"	"Round_spermatids"	NA	NA	NA	"CL:4030036"	"early spermatid"	"perfect match"	"SN090"	NA	1
"CGTCCATGTCTCGTTC"	""	"ERX6700409"	"ERP132577"	"testis"	"Spermatocytes"	NA	NA	NA	"CL:0000017"	"spermatocyte"	"perfect match"	"SN090"	NA	6
"CGTCCATTCGCGGATC"	""	"ERX6700409"	"ERP132577"	"testis"	"Other_somatic"	NA	NA	NA	"CL:0002371"	"somatic cell"	"perfect match"	"SN090"	NA	4
"CGTCCATTCGTTACAG"	""	"ERX6700409"	"ERP132577"	"testis"	"Sertoli"	NA	NA	NA	"CL:0000216"	"Sertoli cell"	"perfect match"	"SN090"	NA	2
"CGTCTACAGGTGTTAA"	""	"ERX6700409"	"ERP132577"	"testis"	"Other_somatic"	NA	NA	NA	"CL:0002371"	"somatic cell"	"perfect match"	"SN090"	NA	4
"CGTCTACGTTGGTGGA"	""	"ERX6700409"	"ERP132577"	"testis"	"Other_somatic"	NA	NA	NA	"CL:0002371"	"somatic cell"	"perfect match"	"SN090"	NA	4
"CGTCTACTCCGCAAGC"	""	"ERX6700409"	"ERP132577"	"testis"	"Round_spermatids"	NA	NA	NA	"CL:4030036"	"early spermatid"	"perfect match"	"SN090"	NA	1
"CGTCTACTCGCAGGCT"	""	"ERX6700409"	"ERP132577"	"testis"	"Round_spermatids"	NA	NA	NA	"CL:4030036"	"early spermatid"	"perfect match"	"SN090"	NA	1
"CGTCTACTCTCTTGAT"	""	"ERX6700409"	"ERP132577"	"testis"	"Spermatocytes"	NA	NA	NA	"CL:0000017"	"spermatocyte"	"perfect match"	"SN090"	NA	6
"CGTGAGCCAAGTCTAC"	""	"ERX6700409"	"ERP132577"	"testis"	"Elongated_spermatids"	NA	NA	NA	"CL:4030037"	"late spermatid"	"perfect match"	"SN090"	NA	3
"CGTGAGCCATGGTAGG"	""	"ERX6700409"	"ERP132577"	"testis"	"Elongated_spermatids"	NA	NA	NA	"CL:4030037"	"late spermatid"	"perfect match"	"SN090"	NA	3
"CGTGAGCTCCGCGTTT"	""	"ERX6700409"	"ERP132577"	"testis"	"Spermatocytes"	NA	NA	NA	"CL:0000017"	"spermatocyte"	"perfect match"	"SN090"	NA	6
"CGTGAGCTCGGCGGTT"	""	"ERX6700409"	"ERP132577"	"testis"	"Sertoli"	NA	NA	NA	"CL:0000216"	"Sertoli cell"	"perfect match"	"SN090"	NA	2
"CGTGTAAAGAAACCGC"	""	"ERX6700409"	"ERP132577"	"testis"	"Sertoli"	NA	NA	NA	"CL:0000216"	"Sertoli cell"	"perfect match"	"SN090"	NA	2
"CGTGTAACAAAGCAAT"	""	"ERX6700409"	"ERP132577"	"testis"	"Other_somatic"	NA	NA	NA	"CL:0002371"	"somatic cell"	"perfect match"	"SN090"	NA	4
"CGTGTAACACGTAAGG"	""	"ERX6700409"	"ERP132577"	"testis"	"Round_spermatids"	NA	NA	NA	"CL:4030036"	"early spermatid"	"perfect match"	"SN090"	NA	1
"CGTGTAAGTATAATGG"	""	"ERX6700409"	"ERP132577"	"testis"	"Round_spermatids"	NA	NA	NA	"CL:4030036"	"early spermatid"	"perfect match"	"SN090"	NA	1
"CGTGTCTAGAGCTTCT"	""	"ERX6700409"	"ERP132577"	"testis"	"Round_spermatids"	NA	NA	NA	"CL:4030036"	"early spermatid"	"perfect match"	"SN090"	NA	1
"CGTGTCTGTAACGCGA"	""	"ERX6700409"	"ERP132577"	"testis"	"Round_spermatids"	NA	NA	NA	"CL:4030036"	"early spermatid"	"perfect match"	"SN090"	NA	1
"CGTGTCTTCAACCATG"	""	"ERX6700409"	"ERP132577"	"testis"	"Round_spermatids"	NA	NA	NA	"CL:4030036"	"early spermatid"	"perfect match"	"SN090"	NA	1
"CGTGTCTTCAGTTGAC"	""	"ERX6700409"	"ERP132577"	"testis"	"Other_somatic"	NA	NA	NA	"CL:0002371"	"somatic cell"	"perfect match"	"SN090"	NA	4
"CGTTAGAAGACGCACA"	""	"ERX6700409"	"ERP132577"	"testis"	"Other_somatic"	NA	NA	NA	"CL:0002371"	"somatic cell"	"perfect match"	"SN090"	NA	4
"CGTTAGAGTAAACCTC"	""	"ERX6700409"	"ERP132577"	"testis"	"Spermatogonia"	NA	NA	NA	"CL:0000020"	"spermatogonium"	"perfect match"	"SN090"	NA	5
"CGTTAGAGTCAGAAGC"	""	"ERX6700409"	"ERP132577"	"testis"	"Other_somatic"	NA	NA	NA	"CL:0002371"	"somatic cell"	"perfect match"	"SN090"	NA	4
"CGTTAGAGTGACGCCT"	""	"ERX6700409"	"ERP132577"	"testis"	"Spermatocytes"	NA	NA	NA	"CL:0000017"	"spermatocyte"	"perfect match"	"SN090"	NA	6
"CGTTAGAGTTCCGGCA"	""	"ERX6700409"	"ERP132577"	"testis"	"Other_somatic"	NA	NA	NA	"CL:0002371"	"somatic cell"	"perfect match"	"SN090"	NA	4
"CGTTCTGAGGACTGGT"	""	"ERX6700409"	"ERP132577"	"testis"	"Spermatocytes"	NA	NA	NA	"CL:0000017"	"spermatocyte"	"perfect match"	"SN090"	NA	6
"CGTTCTGGTAGGGACT"	""	"ERX6700409"	"ERP132577"	"testis"	"Sertoli"	NA	NA	NA	"CL:0000216"	"Sertoli cell"	"perfect match"	"SN090"	NA	2
"CGTTCTGGTCTCATCC"	""	"ERX6700409"	"ERP132577"	"testis"	"Other_somatic"	NA	NA	NA	"CL:0002371"	"somatic cell"	"perfect match"	"SN090"	NA	4
"CGTTGGGAGCTCCCAG"	""	"ERX6700409"	"ERP132577"	"testis"	"Other_somatic"	NA	NA	NA	"CL:0002371"	"somatic cell"	"perfect match"	"SN090"	NA	4
"CGTTGGGAGGCAGGTT"	""	"ERX6700409"	"ERP132577"	"testis"	"Round_spermatids"	NA	NA	NA	"CL:4030036"	"early spermatid"	"perfect match"	"SN090"	NA	1
"CGTTGGGCACAACGTT"	""	"ERX6700409"	"ERP132577"	"testis"	"Sertoli"	NA	NA	NA	"CL:0000216"	"Sertoli cell"	"perfect match"	"SN090"	NA	2
"CGTTGGGGTTACCAGT"	""	"ERX6700409"	"ERP132577"	"testis"	"Spermatocytes"	NA	NA	NA	"CL:0000017"	"spermatocyte"	"perfect match"	"SN090"	NA	6
"CTAACTTAGCTTTGGT"	""	"ERX6700409"	"ERP132577"	"testis"	"Round_spermatids"	NA	NA	NA	"CL:4030036"	"early spermatid"	"perfect match"	"SN090"	NA	1
"CTAACTTCACATCCGG"	""	"ERX6700409"	"ERP132577"	"testis"	"Round_spermatids"	NA	NA	NA	"CL:4030036"	"early spermatid"	"perfect match"	"SN090"	NA	1
"CTAACTTGTACCGAGA"	""	"ERX6700409"	"ERP132577"	"testis"	"Spermatocytes"	NA	NA	NA	"CL:0000017"	"spermatocyte"	"perfect match"	"SN090"	NA	6
"CTAACTTGTCATCCCT"	""	"ERX6700409"	"ERP132577"	"testis"	"Spermatocytes"	NA	NA	NA	"CL:0000017"	"spermatocyte"	"perfect match"	"SN090"	NA	6
"CTAACTTGTGACGGTA"	""	"ERX6700409"	"ERP132577"	"testis"	"Sertoli"	NA	NA	NA	"CL:0000216"	"Sertoli cell"	"perfect match"	"SN090"	NA	2
"CTAACTTTCACGACTA"	""	"ERX6700409"	"ERP132577"	"testis"	"Spermatogonia"	NA	NA	NA	"CL:0000020"	"spermatogonium"	"perfect match"	"SN090"	NA	5
"CTAAGACAGCATCATC"	""	"ERX6700409"	"ERP132577"	"testis"	"Other_somatic"	NA	NA	NA	"CL:0002371"	"somatic cell"	"perfect match"	"SN090"	NA	4
"CTAAGACAGGATGGTC"	""	"ERX6700409"	"ERP132577"	"testis"	"Round_spermatids"	NA	NA	NA	"CL:4030036"	"early spermatid"	"perfect match"	"SN090"	NA	1
"CTAAGACTCTGACCTC"	""	"ERX6700409"	"ERP132577"	"testis"	"Round_spermatids"	NA	NA	NA	"CL:4030036"	"early spermatid"	"perfect match"	"SN090"	NA	1
"CTAATGGAGAACAACT"	""	"ERX6700409"	"ERP132577"	"testis"	"Elongated_spermatids"	NA	NA	NA	"CL:4030037"	"late spermatid"	"perfect match"	"SN090"	NA	3
"CTAATGGAGAGACTAT"	""	"ERX6700409"	"ERP132577"	"testis"	"Other_somatic"	NA	NA	NA	"CL:0002371"	"somatic cell"	"perfect match"	"SN090"	NA	4
"CTAATGGAGTTATCGC"	""	"ERX6700409"	"ERP132577"	"testis"	"Round_spermatids"	NA	NA	NA	"CL:4030036"	"early spermatid"	"perfect match"	"SN090"	NA	1
"CTAATGGCATGCTAGT"	""	"ERX6700409"	"ERP132577"	"testis"	"Spermatocytes"	NA	NA	NA	"CL:0000017"	"spermatocyte"	"perfect match"	"SN090"	NA	6
"CTAATGGTCCAAGTAC"	""	"ERX6700409"	"ERP132577"	"testis"	"Elongated_spermatids"	NA	NA	NA	"CL:4030037"	"late spermatid"	"perfect match"	"SN090"	NA	3
"CTAATGGTCCAATGGT"	""	"ERX6700409"	"ERP132577"	"testis"	"Round_spermatids"	NA	NA	NA	"CL:4030036"	"early spermatid"	"perfect match"	"SN090"	NA	1
"CTACACCAGCGTTGCC"	""	"ERX6700409"	"ERP132577"	"testis"	"Sertoli"	NA	NA	NA	"CL:0000216"	"Sertoli cell"	"perfect match"	"SN090"	NA	2
"CTACACCAGTGGGATC"	""	"ERX6700409"	"ERP132577"	"testis"	"Sertoli"	NA	NA	NA	"CL:0000216"	"Sertoli cell"	"perfect match"	"SN090"	NA	2
"CTACACCCATCTCGCT"	""	"ERX6700409"	"ERP132577"	"testis"	"Round_spermatids"	NA	NA	NA	"CL:4030036"	"early spermatid"	"perfect match"	"SN090"	NA	1
"CTACACCTCATCACCC"	""	"ERX6700409"	"ERP132577"	"testis"	"Round_spermatids"	NA	NA	NA	"CL:4030036"	"early spermatid"	"perfect match"	"SN090"	NA	1
"CTACACCTCTGTTGAG"	""	"ERX6700409"	"ERP132577"	"testis"	"Round_spermatids"	NA	NA	NA	"CL:4030036"	"early spermatid"	"perfect match"	"SN090"	NA	1
"CTACATTAGGAACTGC"	""	"ERX6700409"	"ERP132577"	"testis"	"Spermatogonia"	NA	NA	NA	"CL:0000020"	"spermatogonium"	"perfect match"	"SN090"	NA	5
"CTACATTAGGCTAGGT"	""	"ERX6700409"	"ERP132577"	"testis"	"Elongated_spermatids"	NA	NA	NA	"CL:4030037"	"late spermatid"	"perfect match"	"SN090"	NA	3
"CTACATTCAAACTGCT"	""	"ERX6700409"	"ERP132577"	"testis"	"Round_spermatids"	NA	NA	NA	"CL:4030036"	"early spermatid"	"perfect match"	"SN090"	NA	1
"CTACATTCAGCTTCGG"	""	"ERX6700409"	"ERP132577"	"testis"	"Round_spermatids"	NA	NA	NA	"CL:4030036"	"early spermatid"	"perfect match"	"SN090"	NA	1
"CTACATTGTGTGGCTC"	""	"ERX6700409"	"ERP132577"	"testis"	"Round_spermatids"	NA	NA	NA	"CL:4030036"	"early spermatid"	"perfect match"	"SN090"	NA	1
"CTACATTTCCGTAGTA"	""	"ERX6700409"	"ERP132577"	"testis"	"Round_spermatids"	NA	NA	NA	"CL:4030036"	"early spermatid"	"perfect match"	"SN090"	NA	1
"CTACATTTCTCAAGTG"	""	"ERX6700409"	"ERP132577"	"testis"	"Spermatogonia"	NA	NA	NA	"CL:0000020"	"spermatogonium"	"perfect match"	"SN090"	NA	5
"CTACCCACATCACAAC"	""	"ERX6700409"	"ERP132577"	"testis"	"Spermatogonia"	NA	NA	NA	"CL:0000020"	"spermatogonium"	"perfect match"	"SN090"	NA	5
"CTACCCAGTACACCGC"	""	"ERX6700409"	"ERP132577"	"testis"	"Sertoli"	NA	NA	NA	"CL:0000216"	"Sertoli cell"	"perfect match"	"SN090"	NA	2
"CTACGTCAGCGTGAGT"	""	"ERX6700409"	"ERP132577"	"testis"	"Round_spermatids"	NA	NA	NA	"CL:4030036"	"early spermatid"	"perfect match"	"SN090"	NA	1
"CTACGTCAGGAGCGTT"	""	"ERX6700409"	"ERP132577"	"testis"	"Elongated_spermatids"	NA	NA	NA	"CL:4030037"	"late spermatid"	"perfect match"	"SN090"	NA	3
"CTACGTCGTCCAGTTA"	""	"ERX6700409"	"ERP132577"	"testis"	"Round_spermatids"	NA	NA	NA	"CL:4030036"	"early spermatid"	"perfect match"	"SN090"	NA	1
"CTACGTCGTGGCGAAT"	""	"ERX6700409"	"ERP132577"	"testis"	"Round_spermatids"	NA	NA	NA	"CL:4030036"	"early spermatid"	"perfect match"	"SN090"	NA	1
"CTACGTCTCCGCGCAA"	""	"ERX6700409"	"ERP132577"	"testis"	"Elongated_spermatids"	NA	NA	NA	"CL:4030037"	"late spermatid"	"perfect match"	"SN090"	NA	3
"CTAGAGTAGAGTAAGG"	""	"ERX6700409"	"ERP132577"	"testis"	"Elongated_spermatids"	NA	NA	NA	"CL:4030037"	"late spermatid"	"perfect match"	"SN090"	NA	3
"CTAGAGTAGCCACTAT"	""	"ERX6700409"	"ERP132577"	"testis"	"Sertoli"	NA	NA	NA	"CL:0000216"	"Sertoli cell"	"perfect match"	"SN090"	NA	2
"CTAGAGTAGCCAGAAC"	""	"ERX6700409"	"ERP132577"	"testis"	"Elongated_spermatids"	NA	NA	NA	"CL:4030037"	"late spermatid"	"perfect match"	"SN090"	NA	3
"CTAGAGTAGTACGCGA"	""	"ERX6700409"	"ERP132577"	"testis"	"Spermatogonia"	NA	NA	NA	"CL:0000020"	"spermatogonium"	"perfect match"	"SN090"	NA	5
"CTAGAGTCACCGCTAG"	""	"ERX6700409"	"ERP132577"	"testis"	"Spermatogonia"	NA	NA	NA	"CL:0000020"	"spermatogonium"	"perfect match"	"SN090"	NA	5
"CTAGAGTGTTCTGAAC"	""	"ERX6700409"	"ERP132577"	"testis"	"Sertoli"	NA	NA	NA	"CL:0000216"	"Sertoli cell"	"perfect match"	"SN090"	NA	2
"CTAGCCTAGATCTGAA"	""	"ERX6700409"	"ERP132577"	"testis"	"Other_somatic"	NA	NA	NA	"CL:0002371"	"somatic cell"	"perfect match"	"SN090"	NA	4
"CTAGCCTAGGCTATCT"	""	"ERX6700409"	"ERP132577"	"testis"	"Spermatocytes"	NA	NA	NA	"CL:0000017"	"spermatocyte"	"perfect match"	"SN090"	NA	6
"CTAGCCTCACAGAGGT"	""	"ERX6700409"	"ERP132577"	"testis"	"Spermatocytes"	NA	NA	NA	"CL:0000017"	"spermatocyte"	"perfect match"	"SN090"	NA	6
"CTAGCCTTCATGCTCC"	""	"ERX6700409"	"ERP132577"	"testis"	"Spermatocytes"	NA	NA	NA	"CL:0000017"	"spermatocyte"	"perfect match"	"SN090"	NA	6
"CTAGTGAAGATAGCAT"	""	"ERX6700409"	"ERP132577"	"testis"	"Spermatocytes"	NA	NA	NA	"CL:0000017"	"spermatocyte"	"perfect match"	"SN090"	NA	6
"CTAGTGAAGCTAAACA"	""	"ERX6700409"	"ERP132577"	"testis"	"Elongated_spermatids"	NA	NA	NA	"CL:4030037"	"late spermatid"	"perfect match"	"SN090"	NA	3
"CTAGTGAAGTGCTGCC"	""	"ERX6700409"	"ERP132577"	"testis"	"Round_spermatids"	NA	NA	NA	"CL:4030036"	"early spermatid"	"perfect match"	"SN090"	NA	1
"CTAGTGACAGGACGTA"	""	"ERX6700409"	"ERP132577"	"testis"	"Spermatocytes"	NA	NA	NA	"CL:0000017"	"spermatocyte"	"perfect match"	"SN090"	NA	6
"CTAGTGACATGGTTGT"	""	"ERX6700409"	"ERP132577"	"testis"	"Round_spermatids"	NA	NA	NA	"CL:4030036"	"early spermatid"	"perfect match"	"SN090"	NA	1
"CTAGTGAGTTGTGGCC"	""	"ERX6700409"	"ERP132577"	"testis"	"Round_spermatids"	NA	NA	NA	"CL:4030036"	"early spermatid"	"perfect match"	"SN090"	NA	1
"CTAGTGATCCTCTAGC"	""	"ERX6700409"	"ERP132577"	"testis"	"Round_spermatids"	NA	NA	NA	"CL:4030036"	"early spermatid"	"perfect match"	"SN090"	NA	1
"CTAGTGATCGCCAGCA"	""	"ERX6700409"	"ERP132577"	"testis"	"Round_spermatids"	NA	NA	NA	"CL:4030036"	"early spermatid"	"perfect match"	"SN090"	NA	1
"CTAGTGATCTTGCCGT"	""	"ERX6700409"	"ERP132577"	"testis"	"Other_somatic"	NA	NA	NA	"CL:0002371"	"somatic cell"	"perfect match"	"SN090"	NA	4
"CTCACACAGACACTAA"	""	"ERX6700409"	"ERP132577"	"testis"	"Spermatocytes"	NA	NA	NA	"CL:0000017"	"spermatocyte"	"perfect match"	"SN090"	NA	6
"CTCACACCAACACCCG"	""	"ERX6700409"	"ERP132577"	"testis"	"Sertoli"	NA	NA	NA	"CL:0000216"	"Sertoli cell"	"perfect match"	"SN090"	NA	2
"CTCACACGTGGTACAG"	""	"ERX6700409"	"ERP132577"	"testis"	"Elongated_spermatids"	NA	NA	NA	"CL:4030037"	"late spermatid"	"perfect match"	"SN090"	NA	3
"CTCACACTCACAATGC"	""	"ERX6700409"	"ERP132577"	"testis"	"Elongated_spermatids"	NA	NA	NA	"CL:4030037"	"late spermatid"	"perfect match"	"SN090"	NA	3
"CTCACACTCCCTGACT"	""	"ERX6700409"	"ERP132577"	"testis"	"Spermatocytes"	NA	NA	NA	"CL:0000017"	"spermatocyte"	"perfect match"	"SN090"	NA	6
"CTCACACTCTCTGCTG"	""	"ERX6700409"	"ERP132577"	"testis"	"Elongated_spermatids"	NA	NA	NA	"CL:4030037"	"late spermatid"	"perfect match"	"SN090"	NA	3
"CTCAGAAAGAGTGAGA"	""	"ERX6700409"	"ERP132577"	"testis"	"Round_spermatids"	NA	NA	NA	"CL:4030036"	"early spermatid"	"perfect match"	"SN090"	NA	1
"CTCAGAAAGCCCAACC"	""	"ERX6700409"	"ERP132577"	"testis"	"Other_somatic"	NA	NA	NA	"CL:0002371"	"somatic cell"	"perfect match"	"SN090"	NA	4
"CTCAGAAAGCCGTCGT"	""	"ERX6700409"	"ERP132577"	"testis"	"Elongated_spermatids"	NA	NA	NA	"CL:4030037"	"late spermatid"	"perfect match"	"SN090"	NA	3
"CTCAGAAAGCTATGCT"	""	"ERX6700409"	"ERP132577"	"testis"	"Elongated_spermatids"	NA	NA	NA	"CL:4030037"	"late spermatid"	"perfect match"	"SN090"	NA	3
"CTCAGAACATGGGAAC"	""	"ERX6700409"	"ERP132577"	"testis"	"Round_spermatids"	NA	NA	NA	"CL:4030036"	"early spermatid"	"perfect match"	"SN090"	NA	1
"CTCAGAAGTCTGGTCG"	""	"ERX6700409"	"ERP132577"	"testis"	"Round_spermatids"	NA	NA	NA	"CL:4030036"	"early spermatid"	"perfect match"	"SN090"	NA	1
"CTCAGAATCTAACGGT"	""	"ERX6700409"	"ERP132577"	"testis"	"Round_spermatids"	NA	NA	NA	"CL:4030036"	"early spermatid"	"perfect match"	"SN090"	NA	1
"CTCATTAAGTGCGATG"	""	"ERX6700409"	"ERP132577"	"testis"	"Spermatocytes"	NA	NA	NA	"CL:0000017"	"spermatocyte"	"perfect match"	"SN090"	NA	6
"CTCATTACACGAGAGT"	""	"ERX6700409"	"ERP132577"	"testis"	"Round_spermatids"	NA	NA	NA	"CL:4030036"	"early spermatid"	"perfect match"	"SN090"	NA	1
"CTCATTACATCCTAGA"	""	"ERX6700409"	"ERP132577"	"testis"	"Spermatocytes"	NA	NA	NA	"CL:0000017"	"spermatocyte"	"perfect match"	"SN090"	NA	6
"CTCATTATCAACCATG"	""	"ERX6700409"	"ERP132577"	"testis"	"Sertoli"	NA	NA	NA	"CL:0000216"	"Sertoli cell"	"perfect match"	"SN090"	NA	2
"CTCATTATCCAGAAGG"	""	"ERX6700409"	"ERP132577"	"testis"	"Other_somatic"	NA	NA	NA	"CL:0002371"	"somatic cell"	"perfect match"	"SN090"	NA	4
"CTCCTAGCAAGTCATC"	""	"ERX6700409"	"ERP132577"	"testis"	"Round_spermatids"	NA	NA	NA	"CL:4030036"	"early spermatid"	"perfect match"	"SN090"	NA	1
"CTCCTAGCATTAGCCA"	""	"ERX6700409"	"ERP132577"	"testis"	"Round_spermatids"	NA	NA	NA	"CL:4030036"	"early spermatid"	"perfect match"	"SN090"	NA	1
"CTCCTAGGTCTGGTCG"	""	"ERX6700409"	"ERP132577"	"testis"	"Sertoli"	NA	NA	NA	"CL:0000216"	"Sertoli cell"	"perfect match"	"SN090"	NA	2
"CTCGAAAAGCCACGCT"	""	"ERX6700409"	"ERP132577"	"testis"	"Round_spermatids"	NA	NA	NA	"CL:4030036"	"early spermatid"	"perfect match"	"SN090"	NA	1
"CTCGAAAAGCCCAACC"	""	"ERX6700409"	"ERP132577"	"testis"	"Other_somatic"	NA	NA	NA	"CL:0002371"	"somatic cell"	"perfect match"	"SN090"	NA	4
"CTCGAAAAGCGGCTTC"	""	"ERX6700409"	"ERP132577"	"testis"	"Other_somatic"	NA	NA	NA	"CL:0002371"	"somatic cell"	"perfect match"	"SN090"	NA	4
"CTCGAAAAGGACCACA"	""	"ERX6700409"	"ERP132577"	"testis"	"Round_spermatids"	NA	NA	NA	"CL:4030036"	"early spermatid"	"perfect match"	"SN090"	NA	1
"CTCGAAACAAGTAATG"	""	"ERX6700409"	"ERP132577"	"testis"	"Elongated_spermatids"	NA	NA	NA	"CL:4030037"	"late spermatid"	"perfect match"	"SN090"	NA	3
"CTCGAAACATACGCTA"	""	"ERX6700409"	"ERP132577"	"testis"	"Sertoli"	NA	NA	NA	"CL:0000216"	"Sertoli cell"	"perfect match"	"SN090"	NA	2
"CTCGAAACATCCCATC"	""	"ERX6700409"	"ERP132577"	"testis"	"Round_spermatids"	NA	NA	NA	"CL:4030036"	"early spermatid"	"perfect match"	"SN090"	NA	1
"CTCGAAAGTACCATCA"	""	"ERX6700409"	"ERP132577"	"testis"	"Other_somatic"	NA	NA	NA	"CL:0002371"	"somatic cell"	"perfect match"	"SN090"	NA	4
"CTCGAAATCCAAGCCG"	""	"ERX6700409"	"ERP132577"	"testis"	"Round_spermatids"	NA	NA	NA	"CL:4030036"	"early spermatid"	"perfect match"	"SN090"	NA	1
"CTCGAAATCGTCGTTC"	""	"ERX6700409"	"ERP132577"	"testis"	"Sertoli"	NA	NA	NA	"CL:0000216"	"Sertoli cell"	"perfect match"	"SN090"	NA	2
"CTCGAGGAGCCCGAAA"	""	"ERX6700409"	"ERP132577"	"testis"	"Other_somatic"	NA	NA	NA	"CL:0002371"	"somatic cell"	"perfect match"	"SN090"	NA	4
"CTCGAGGAGTCAATAG"	""	"ERX6700409"	"ERP132577"	"testis"	"Spermatogonia"	NA	NA	NA	"CL:0000020"	"spermatogonium"	"perfect match"	"SN090"	NA	5
"CTCGAGGCACCTCGGA"	""	"ERX6700409"	"ERP132577"	"testis"	"Other_somatic"	NA	NA	NA	"CL:0002371"	"somatic cell"	"perfect match"	"SN090"	NA	4
"CTCGAGGCATGGGACA"	""	"ERX6700409"	"ERP132577"	"testis"	"Spermatocytes"	NA	NA	NA	"CL:0000017"	"spermatocyte"	"perfect match"	"SN090"	NA	6
"CTCGGAGTCACCTCGT"	""	"ERX6700409"	"ERP132577"	"testis"	"Other_somatic"	NA	NA	NA	"CL:0002371"	"somatic cell"	"perfect match"	"SN090"	NA	4
"CTCGGAGTCGGTCCGA"	""	"ERX6700409"	"ERP132577"	"testis"	"Round_spermatids"	NA	NA	NA	"CL:4030036"	"early spermatid"	"perfect match"	"SN090"	NA	1
"CTCGGGAAGCTATGCT"	""	"ERX6700409"	"ERP132577"	"testis"	"Sertoli"	NA	NA	NA	"CL:0000216"	"Sertoli cell"	"perfect match"	"SN090"	NA	2
"CTCGGGATCAGGTTCA"	""	"ERX6700409"	"ERP132577"	"testis"	"Elongated_spermatids"	NA	NA	NA	"CL:4030037"	"late spermatid"	"perfect match"	"SN090"	NA	3
"CTCGTACAGCACACAG"	""	"ERX6700409"	"ERP132577"	"testis"	"Round_spermatids"	NA	NA	NA	"CL:4030036"	"early spermatid"	"perfect match"	"SN090"	NA	1
"CTCGTACAGTTAGCGG"	""	"ERX6700409"	"ERP132577"	"testis"	"Elongated_spermatids"	NA	NA	NA	"CL:4030037"	"late spermatid"	"perfect match"	"SN090"	NA	3
"CTCGTACTCGGACAAG"	""	"ERX6700409"	"ERP132577"	"testis"	"Elongated_spermatids"	NA	NA	NA	"CL:4030037"	"late spermatid"	"perfect match"	"SN090"	NA	3
"CTCGTACTCTGATTCT"	""	"ERX6700409"	"ERP132577"	"testis"	"Spermatocytes"	NA	NA	NA	"CL:0000017"	"spermatocyte"	"perfect match"	"SN090"	NA	6
"CTCGTCAAGATGTAAC"	""	"ERX6700409"	"ERP132577"	"testis"	"Sertoli"	NA	NA	NA	"CL:0000216"	"Sertoli cell"	"perfect match"	"SN090"	NA	2
"CTCGTCAGTAAACGCG"	""	"ERX6700409"	"ERP132577"	"testis"	"Spermatocytes"	NA	NA	NA	"CL:0000017"	"spermatocyte"	"perfect match"	"SN090"	NA	6
"CTCGTCAGTAGGGACT"	""	"ERX6700409"	"ERP132577"	"testis"	"Other_somatic"	NA	NA	NA	"CL:0002371"	"somatic cell"	"perfect match"	"SN090"	NA	4
"CTCGTCATCACGCATA"	""	"ERX6700409"	"ERP132577"	"testis"	"Elongated_spermatids"	NA	NA	NA	"CL:4030037"	"late spermatid"	"perfect match"	"SN090"	NA	3
"CTCTAATAGCCACCTG"	""	"ERX6700409"	"ERP132577"	"testis"	"Spermatogonia"	NA	NA	NA	"CL:0000020"	"spermatogonium"	"perfect match"	"SN090"	NA	5
"CTCTAATCATGCCTTC"	""	"ERX6700409"	"ERP132577"	"testis"	"Round_spermatids"	NA	NA	NA	"CL:4030036"	"early spermatid"	"perfect match"	"SN090"	NA	1
"CTCTAATTCCATGAAC"	""	"ERX6700409"	"ERP132577"	"testis"	"Round_spermatids"	NA	NA	NA	"CL:4030036"	"early spermatid"	"perfect match"	"SN090"	NA	1
"CTCTACGAGTGTCCCG"	""	"ERX6700409"	"ERP132577"	"testis"	"Spermatocytes"	NA	NA	NA	"CL:0000017"	"spermatocyte"	"perfect match"	"SN090"	NA	6
"CTCTACGGTGACCAAG"	""	"ERX6700409"	"ERP132577"	"testis"	"Round_spermatids"	NA	NA	NA	"CL:4030036"	"early spermatid"	"perfect match"	"SN090"	NA	1
"CTCTACGTCACCACCT"	""	"ERX6700409"	"ERP132577"	"testis"	"Round_spermatids"	NA	NA	NA	"CL:4030036"	"early spermatid"	"perfect match"	"SN090"	NA	1
"CTCTGGTAGACGCAAC"	""	"ERX6700409"	"ERP132577"	"testis"	"Round_spermatids"	NA	NA	NA	"CL:4030036"	"early spermatid"	"perfect match"	"SN090"	NA	1
"CTCTGGTCAAGCTGGA"	""	"ERX6700409"	"ERP132577"	"testis"	"Other_somatic"	NA	NA	NA	"CL:0002371"	"somatic cell"	"perfect match"	"SN090"	NA	4
"CTGAAACCAGGGCATA"	""	"ERX6700409"	"ERP132577"	"testis"	"Sertoli"	NA	NA	NA	"CL:0000216"	"Sertoli cell"	"perfect match"	"SN090"	NA	2
"CTGAAACGTAAAGGAG"	""	"ERX6700409"	"ERP132577"	"testis"	"Round_spermatids"	NA	NA	NA	"CL:4030036"	"early spermatid"	"perfect match"	"SN090"	NA	1
"CTGAAACTCAACACAC"	""	"ERX6700409"	"ERP132577"	"testis"	"Other_somatic"	NA	NA	NA	"CL:0002371"	"somatic cell"	"perfect match"	"SN090"	NA	4
"CTGAAACTCGTTGCCT"	""	"ERX6700409"	"ERP132577"	"testis"	"Sertoli"	NA	NA	NA	"CL:0000216"	"Sertoli cell"	"perfect match"	"SN090"	NA	2
"CTGAAGTAGTATCGAA"	""	"ERX6700409"	"ERP132577"	"testis"	"Spermatocytes"	NA	NA	NA	"CL:0000017"	"spermatocyte"	"perfect match"	"SN090"	NA	6
"CTGAAGTAGTCTTGCA"	""	"ERX6700409"	"ERP132577"	"testis"	"Other_somatic"	NA	NA	NA	"CL:0002371"	"somatic cell"	"perfect match"	"SN090"	NA	4
"CTGAAGTTCACCTTAT"	""	"ERX6700409"	"ERP132577"	"testis"	"Round_spermatids"	NA	NA	NA	"CL:4030036"	"early spermatid"	"perfect match"	"SN090"	NA	1
"CTGAAGTTCGTCGTTC"	""	"ERX6700409"	"ERP132577"	"testis"	"Sertoli"	NA	NA	NA	"CL:0000216"	"Sertoli cell"	"perfect match"	"SN090"	NA	2
"CTGAAGTTCTAACTCT"	""	"ERX6700409"	"ERP132577"	"testis"	"Other_somatic"	NA	NA	NA	"CL:0002371"	"somatic cell"	"perfect match"	"SN090"	NA	4
"CTGAAGTTCTCTGCTG"	""	"ERX6700409"	"ERP132577"	"testis"	"Round_spermatids"	NA	NA	NA	"CL:4030036"	"early spermatid"	"perfect match"	"SN090"	NA	1
"CTGATAGAGTGTTAGA"	""	"ERX6700409"	"ERP132577"	"testis"	"Other_somatic"	NA	NA	NA	"CL:0002371"	"somatic cell"	"perfect match"	"SN090"	NA	4
"CTGATAGTCGGCCGAT"	""	"ERX6700409"	"ERP132577"	"testis"	"Elongated_spermatids"	NA	NA	NA	"CL:4030037"	"late spermatid"	"perfect match"	"SN090"	NA	3
"CTGATCCAGATGCCTT"	""	"ERX6700409"	"ERP132577"	"testis"	"Round_spermatids"	NA	NA	NA	"CL:4030036"	"early spermatid"	"perfect match"	"SN090"	NA	1
"CTGATCCCAGGGTTAG"	""	"ERX6700409"	"ERP132577"	"testis"	"Round_spermatids"	NA	NA	NA	"CL:4030036"	"early spermatid"	"perfect match"	"SN090"	NA	1
"CTGATCCGTCACTTCC"	""	"ERX6700409"	"ERP132577"	"testis"	"Elongated_spermatids"	NA	NA	NA	"CL:4030037"	"late spermatid"	"perfect match"	"SN090"	NA	3
"CTGATCCGTGCGCTTG"	""	"ERX6700409"	"ERP132577"	"testis"	"Elongated_spermatids"	NA	NA	NA	"CL:4030037"	"late spermatid"	"perfect match"	"SN090"	NA	3
"CTGATCCGTTGCGTTA"	""	"ERX6700409"	"ERP132577"	"testis"	"Round_spermatids"	NA	NA	NA	"CL:4030036"	"early spermatid"	"perfect match"	"SN090"	NA	1
"CTGCCTAAGGACAGCT"	""	"ERX6700409"	"ERP132577"	"testis"	"Sertoli"	NA	NA	NA	"CL:0000216"	"Sertoli cell"	"perfect match"	"SN090"	NA	2
"CTGCCTACAGGGAGAG"	""	"ERX6700409"	"ERP132577"	"testis"	"Round_spermatids"	NA	NA	NA	"CL:4030036"	"early spermatid"	"perfect match"	"SN090"	NA	1
"CTGCCTACATATACGC"	""	"ERX6700409"	"ERP132577"	"testis"	"Other_somatic"	NA	NA	NA	"CL:0002371"	"somatic cell"	"perfect match"	"SN090"	NA	4
"CTGCCTAGTAGGAGTC"	""	"ERX6700409"	"ERP132577"	"testis"	"Spermatocytes"	NA	NA	NA	"CL:0000017"	"spermatocyte"	"perfect match"	"SN090"	NA	6
"CTGCGGACATACGCCG"	""	"ERX6700409"	"ERP132577"	"testis"	"Spermatocytes"	NA	NA	NA	"CL:0000017"	"spermatocyte"	"perfect match"	"SN090"	NA	6
"CTGCGGAGTCATATCG"	""	"ERX6700409"	"ERP132577"	"testis"	"Round_spermatids"	NA	NA	NA	"CL:4030036"	"early spermatid"	"perfect match"	"SN090"	NA	1
"CTGCGGAGTTGCGCAC"	""	"ERX6700409"	"ERP132577"	"testis"	"Round_spermatids"	NA	NA	NA	"CL:4030036"	"early spermatid"	"perfect match"	"SN090"	NA	1
"CTGCGGAGTTGCGTTA"	""	"ERX6700409"	"ERP132577"	"testis"	"Round_spermatids"	NA	NA	NA	"CL:4030036"	"early spermatid"	"perfect match"	"SN090"	NA	1
"CTGCGGATCAGTTAGC"	""	"ERX6700409"	"ERP132577"	"testis"	"Spermatogonia"	NA	NA	NA	"CL:0000020"	"spermatogonium"	"perfect match"	"SN090"	NA	5
"CTGCTGTCAGATGGCA"	""	"ERX6700409"	"ERP132577"	"testis"	"Other_somatic"	NA	NA	NA	"CL:0002371"	"somatic cell"	"perfect match"	"SN090"	NA	4
"CTGCTGTGTCTAAACC"	""	"ERX6700409"	"ERP132577"	"testis"	"Sertoli"	NA	NA	NA	"CL:0000216"	"Sertoli cell"	"perfect match"	"SN090"	NA	2
"CTGCTGTGTGGTTTCA"	""	"ERX6700409"	"ERP132577"	"testis"	"Round_spermatids"	NA	NA	NA	"CL:4030036"	"early spermatid"	"perfect match"	"SN090"	NA	1
"CTGGTCTAGTGATCGG"	""	"ERX6700409"	"ERP132577"	"testis"	"Spermatocytes"	NA	NA	NA	"CL:0000017"	"spermatocyte"	"perfect match"	"SN090"	NA	6
"CTGGTCTAGTGCCAGA"	""	"ERX6700409"	"ERP132577"	"testis"	"Spermatogonia"	NA	NA	NA	"CL:0000020"	"spermatogonium"	"perfect match"	"SN090"	NA	5
"CTGGTCTCAGGAATGC"	""	"ERX6700409"	"ERP132577"	"testis"	"Elongated_spermatids"	NA	NA	NA	"CL:4030037"	"late spermatid"	"perfect match"	"SN090"	NA	3
"CTGGTCTCATGGTTGT"	""	"ERX6700409"	"ERP132577"	"testis"	"Round_spermatids"	NA	NA	NA	"CL:4030036"	"early spermatid"	"perfect match"	"SN090"	NA	1
"CTGGTCTGTAAGTTCC"	""	"ERX6700409"	"ERP132577"	"testis"	"Sertoli"	NA	NA	NA	"CL:0000216"	"Sertoli cell"	"perfect match"	"SN090"	NA	2
"CTGGTCTTCCTTTCGG"	""	"ERX6700409"	"ERP132577"	"testis"	"Sertoli"	NA	NA	NA	"CL:0000216"	"Sertoli cell"	"perfect match"	"SN090"	NA	2
"CTGGTCTTCGCAAGCC"	""	"ERX6700409"	"ERP132577"	"testis"	"Spermatocytes"	NA	NA	NA	"CL:0000017"	"spermatocyte"	"perfect match"	"SN090"	NA	6
"CTGTGCTCACGTAAGG"	""	"ERX6700409"	"ERP132577"	"testis"	"Other_somatic"	NA	NA	NA	"CL:0002371"	"somatic cell"	"perfect match"	"SN090"	NA	4
"CTGTGCTGTCTCACCT"	""	"ERX6700409"	"ERP132577"	"testis"	"Round_spermatids"	NA	NA	NA	"CL:4030036"	"early spermatid"	"perfect match"	"SN090"	NA	1
"CTGTGCTGTCTGATCA"	""	"ERX6700409"	"ERP132577"	"testis"	"Spermatogonia"	NA	NA	NA	"CL:0000020"	"spermatogonium"	"perfect match"	"SN090"	NA	5
"CTGTGCTGTGTAAGTA"	""	"ERX6700409"	"ERP132577"	"testis"	"Spermatocytes"	NA	NA	NA	"CL:0000017"	"spermatocyte"	"perfect match"	"SN090"	NA	6
"CTGTGCTTCATGTCCC"	""	"ERX6700409"	"ERP132577"	"testis"	"Round_spermatids"	NA	NA	NA	"CL:4030036"	"early spermatid"	"perfect match"	"SN090"	NA	1
"CTGTGCTTCGGCATCG"	""	"ERX6700409"	"ERP132577"	"testis"	"Spermatocytes"	NA	NA	NA	"CL:0000017"	"spermatocyte"	"perfect match"	"SN090"	NA	6
"CTGTTTACAGTAACGG"	""	"ERX6700409"	"ERP132577"	"testis"	"Spermatocytes"	NA	NA	NA	"CL:0000017"	"spermatocyte"	"perfect match"	"SN090"	NA	6
"CTGTTTATCAGCTTAG"	""	"ERX6700409"	"ERP132577"	"testis"	"Round_spermatids"	NA	NA	NA	"CL:4030036"	"early spermatid"	"perfect match"	"SN090"	NA	1
"CTGTTTATCGAACGGA"	""	"ERX6700409"	"ERP132577"	"testis"	"Round_spermatids"	NA	NA	NA	"CL:4030036"	"early spermatid"	"perfect match"	"SN090"	NA	1
"CTTAACTGTAGAGTGC"	""	"ERX6700409"	"ERP132577"	"testis"	"Other_somatic"	NA	NA	NA	"CL:0002371"	"somatic cell"	"perfect match"	"SN090"	NA	4
"CTTAACTTCTAGCACA"	""	"ERX6700409"	"ERP132577"	"testis"	"Round_spermatids"	NA	NA	NA	"CL:4030036"	"early spermatid"	"perfect match"	"SN090"	NA	1
"CTTACCGCACGGCCAT"	""	"ERX6700409"	"ERP132577"	"testis"	"Round_spermatids"	NA	NA	NA	"CL:4030036"	"early spermatid"	"perfect match"	"SN090"	NA	1
"CTTACCGCATCCCATC"	""	"ERX6700409"	"ERP132577"	"testis"	"Round_spermatids"	NA	NA	NA	"CL:4030036"	"early spermatid"	"perfect match"	"SN090"	NA	1
"CTTACCGCATGGTAGG"	""	"ERX6700409"	"ERP132577"	"testis"	"Spermatocytes"	NA	NA	NA	"CL:0000017"	"spermatocyte"	"perfect match"	"SN090"	NA	6
"CTTACCGGTCGCGTGT"	""	"ERX6700409"	"ERP132577"	"testis"	"Sertoli"	NA	NA	NA	"CL:0000216"	"Sertoli cell"	"perfect match"	"SN090"	NA	2
"CTTACCGTCTACTATC"	""	"ERX6700409"	"ERP132577"	"testis"	"Spermatogonia"	NA	NA	NA	"CL:0000020"	"spermatogonium"	"perfect match"	"SN090"	NA	5
"CTTAGGAAGGCTCAGA"	""	"ERX6700409"	"ERP132577"	"testis"	"Sertoli"	NA	NA	NA	"CL:0000216"	"Sertoli cell"	"perfect match"	"SN090"	NA	2
"CTTCTCTGTAAAGGAG"	""	"ERX6700409"	"ERP132577"	"testis"	"Round_spermatids"	NA	NA	NA	"CL:4030036"	"early spermatid"	"perfect match"	"SN090"	NA	1
"CTTCTCTGTGGAAAGA"	""	"ERX6700409"	"ERP132577"	"testis"	"Round_spermatids"	NA	NA	NA	"CL:4030036"	"early spermatid"	"perfect match"	"SN090"	NA	1
"CTTCTCTTCAGAGGTG"	""	"ERX6700409"	"ERP132577"	"testis"	"Other_somatic"	NA	NA	NA	"CL:0002371"	"somatic cell"	"perfect match"	"SN090"	NA	4
"CTTGGCTAGAGCAATT"	""	"ERX6700409"	"ERP132577"	"testis"	"Other_somatic"	NA	NA	NA	"CL:0002371"	"somatic cell"	"perfect match"	"SN090"	NA	4
"CTTGGCTAGGTGATTA"	""	"ERX6700409"	"ERP132577"	"testis"	"Round_spermatids"	NA	NA	NA	"CL:4030036"	"early spermatid"	"perfect match"	"SN090"	NA	1
"CTTGGCTCACGACTCG"	""	"ERX6700409"	"ERP132577"	"testis"	"Sertoli"	NA	NA	NA	"CL:0000216"	"Sertoli cell"	"perfect match"	"SN090"	NA	2
"CTTGGCTCACGGACAA"	""	"ERX6700409"	"ERP132577"	"testis"	"Other_somatic"	NA	NA	NA	"CL:0002371"	"somatic cell"	"perfect match"	"SN090"	NA	4
"CTTGGCTCATATGGTC"	""	"ERX6700409"	"ERP132577"	"testis"	"Elongated_spermatids"	NA	NA	NA	"CL:4030037"	"late spermatid"	"perfect match"	"SN090"	NA	3
"CTTGGCTGTTTCGCTC"	""	"ERX6700409"	"ERP132577"	"testis"	"Spermatocytes"	NA	NA	NA	"CL:0000017"	"spermatocyte"	"perfect match"	"SN090"	NA	6
"CTTGGCTTCAGAGACG"	""	"ERX6700409"	"ERP132577"	"testis"	"Sertoli"	NA	NA	NA	"CL:0000216"	"Sertoli cell"	"perfect match"	"SN090"	NA	2
"CTTGGCTTCCCTAACC"	""	"ERX6700409"	"ERP132577"	"testis"	"Spermatogonia"	NA	NA	NA	"CL:0000020"	"spermatogonium"	"perfect match"	"SN090"	NA	5
"CTTTGCGAGTCGCCGT"	""	"ERX6700409"	"ERP132577"	"testis"	"Sertoli"	NA	NA	NA	"CL:0000216"	"Sertoli cell"	"perfect match"	"SN090"	NA	2
"CTTTGCGAGTTAACGA"	""	"ERX6700409"	"ERP132577"	"testis"	"Round_spermatids"	NA	NA	NA	"CL:4030036"	"early spermatid"	"perfect match"	"SN090"	NA	1
"CTTTGCGGTAGCGTCC"	""	"ERX6700409"	"ERP132577"	"testis"	"Spermatogonia"	NA	NA	NA	"CL:0000020"	"spermatogonium"	"perfect match"	"SN090"	NA	5
"GAAACTCAGAGACGAA"	""	"ERX6700409"	"ERP132577"	"testis"	"Round_spermatids"	NA	NA	NA	"CL:4030036"	"early spermatid"	"perfect match"	"SN090"	NA	1
"GAAACTCCACTTCGAA"	""	"ERX6700409"	"ERP132577"	"testis"	"Elongated_spermatids"	NA	NA	NA	"CL:4030037"	"late spermatid"	"perfect match"	"SN090"	NA	3
"GAAACTCTCCGTTGTC"	""	"ERX6700409"	"ERP132577"	"testis"	"Spermatocytes"	NA	NA	NA	"CL:0000017"	"spermatocyte"	"perfect match"	"SN090"	NA	6
"GAAACTCTCGCCAAAT"	""	"ERX6700409"	"ERP132577"	"testis"	"Round_spermatids"	NA	NA	NA	"CL:4030036"	"early spermatid"	"perfect match"	"SN090"	NA	1
"GAAATGAAGACAAAGG"	""	"ERX6700409"	"ERP132577"	"testis"	"Spermatocytes"	NA	NA	NA	"CL:0000017"	"spermatocyte"	"perfect match"	"SN090"	NA	6
"GAAATGAAGTGTGGCA"	""	"ERX6700409"	"ERP132577"	"testis"	"Round_spermatids"	NA	NA	NA	"CL:4030036"	"early spermatid"	"perfect match"	"SN090"	NA	1
"GAAATGAGTTCCCGAG"	""	"ERX6700409"	"ERP132577"	"testis"	"Round_spermatids"	NA	NA	NA	"CL:4030036"	"early spermatid"	"perfect match"	"SN090"	NA	1
"GAACATCAGATCTGAA"	""	"ERX6700409"	"ERP132577"	"testis"	"Other_somatic"	NA	NA	NA	"CL:0002371"	"somatic cell"	"perfect match"	"SN090"	NA	4
"GAACATCCATTGAGCT"	""	"ERX6700409"	"ERP132577"	"testis"	"Round_spermatids"	NA	NA	NA	"CL:4030036"	"early spermatid"	"perfect match"	"SN090"	NA	1
"GAACATCGTACCCAAT"	""	"ERX6700409"	"ERP132577"	"testis"	"Spermatocytes"	NA	NA	NA	"CL:0000017"	"spermatocyte"	"perfect match"	"SN090"	NA	6
"GAACATCGTCCGAACC"	""	"ERX6700409"	"ERP132577"	"testis"	"Round_spermatids"	NA	NA	NA	"CL:4030036"	"early spermatid"	"perfect match"	"SN090"	NA	1
"GAACATCGTCTAACGT"	""	"ERX6700409"	"ERP132577"	"testis"	"Sertoli"	NA	NA	NA	"CL:0000216"	"Sertoli cell"	"perfect match"	"SN090"	NA	2
"GAACATCGTTGGTAAA"	""	"ERX6700409"	"ERP132577"	"testis"	"Spermatocytes"	NA	NA	NA	"CL:0000017"	"spermatocyte"	"perfect match"	"SN090"	NA	6
"GAACATCTCAAAGTAG"	""	"ERX6700409"	"ERP132577"	"testis"	"Round_spermatids"	NA	NA	NA	"CL:4030036"	"early spermatid"	"perfect match"	"SN090"	NA	1
"GAACATCTCCGCATCT"	""	"ERX6700409"	"ERP132577"	"testis"	"Spermatogonia"	NA	NA	NA	"CL:0000020"	"spermatogonium"	"perfect match"	"SN090"	NA	5
"GAACCTAAGCAATATG"	""	"ERX6700409"	"ERP132577"	"testis"	"Round_spermatids"	NA	NA	NA	"CL:4030036"	"early spermatid"	"perfect match"	"SN090"	NA	1
"GAACCTACAAATCCGT"	""	"ERX6700409"	"ERP132577"	"testis"	"Spermatocytes"	NA	NA	NA	"CL:0000017"	"spermatocyte"	"perfect match"	"SN090"	NA	6
"GAACCTATCCTAGTGA"	""	"ERX6700409"	"ERP132577"	"testis"	"Spermatocytes"	NA	NA	NA	"CL:0000017"	"spermatocyte"	"perfect match"	"SN090"	NA	6
"GAACCTATCGACGGAA"	""	"ERX6700409"	"ERP132577"	"testis"	"Other_somatic"	NA	NA	NA	"CL:0002371"	"somatic cell"	"perfect match"	"SN090"	NA	4
"GAACGGAAGCACACAG"	""	"ERX6700409"	"ERP132577"	"testis"	"Spermatogonia"	NA	NA	NA	"CL:0000020"	"spermatogonium"	"perfect match"	"SN090"	NA	5
"GAACGGAAGGTAAACT"	""	"ERX6700409"	"ERP132577"	"testis"	"Round_spermatids"	NA	NA	NA	"CL:4030036"	"early spermatid"	"perfect match"	"SN090"	NA	1
"GAACGGACATAGACTC"	""	"ERX6700409"	"ERP132577"	"testis"	"Other_somatic"	NA	NA	NA	"CL:0002371"	"somatic cell"	"perfect match"	"SN090"	NA	4
"GAACGGACATTTCACT"	""	"ERX6700409"	"ERP132577"	"testis"	"Round_spermatids"	NA	NA	NA	"CL:4030036"	"early spermatid"	"perfect match"	"SN090"	NA	1
"GAACGGAGTCAAGCGA"	""	"ERX6700409"	"ERP132577"	"testis"	"Elongated_spermatids"	NA	NA	NA	"CL:4030037"	"late spermatid"	"perfect match"	"SN090"	NA	3
"GAACGGATCATGTCCC"	""	"ERX6700409"	"ERP132577"	"testis"	"Elongated_spermatids"	NA	NA	NA	"CL:4030037"	"late spermatid"	"perfect match"	"SN090"	NA	3
"GAAGCAGAGAAACGAG"	""	"ERX6700409"	"ERP132577"	"testis"	"Round_spermatids"	NA	NA	NA	"CL:4030036"	"early spermatid"	"perfect match"	"SN090"	NA	1
"GAAGCAGAGGGATACC"	""	"ERX6700409"	"ERP132577"	"testis"	"Other_somatic"	NA	NA	NA	"CL:0002371"	"somatic cell"	"perfect match"	"SN090"	NA	4
"GAAGCAGCAGATTGCT"	""	"ERX6700409"	"ERP132577"	"testis"	"Spermatocytes"	NA	NA	NA	"CL:0000017"	"spermatocyte"	"perfect match"	"SN090"	NA	6
"GAAGCAGGTCTTTCAT"	""	"ERX6700409"	"ERP132577"	"testis"	"Other_somatic"	NA	NA	NA	"CL:0002371"	"somatic cell"	"perfect match"	"SN090"	NA	4
"GAAGCAGTCAGCGATT"	""	"ERX6700409"	"ERP132577"	"testis"	"Other_somatic"	NA	NA	NA	"CL:0002371"	"somatic cell"	"perfect match"	"SN090"	NA	4
"GAAGCAGTCCCAACGG"	""	"ERX6700409"	"ERP132577"	"testis"	"Spermatogonia"	NA	NA	NA	"CL:0000020"	"spermatogonium"	"perfect match"	"SN090"	NA	5
"GAAGCAGTCCCGGATG"	""	"ERX6700409"	"ERP132577"	"testis"	"Spermatocytes"	NA	NA	NA	"CL:0000017"	"spermatocyte"	"perfect match"	"SN090"	NA	6
"GAATAAGAGGCTCATT"	""	"ERX6700409"	"ERP132577"	"testis"	"Round_spermatids"	NA	NA	NA	"CL:4030036"	"early spermatid"	"perfect match"	"SN090"	NA	1
"GAATAAGCAATCTACG"	""	"ERX6700409"	"ERP132577"	"testis"	"Other_somatic"	NA	NA	NA	"CL:0002371"	"somatic cell"	"perfect match"	"SN090"	NA	4
"GAATAAGTCAACACAC"	""	"ERX6700409"	"ERP132577"	"testis"	"Round_spermatids"	NA	NA	NA	"CL:4030036"	"early spermatid"	"perfect match"	"SN090"	NA	1
"GAATAAGTCCCAAGAT"	""	"ERX6700409"	"ERP132577"	"testis"	"Sertoli"	NA	NA	NA	"CL:0000216"	"Sertoli cell"	"perfect match"	"SN090"	NA	2
"GAATGAAAGAGTCTGG"	""	"ERX6700409"	"ERP132577"	"testis"	"Sertoli"	NA	NA	NA	"CL:0000216"	"Sertoli cell"	"perfect match"	"SN090"	NA	2
"GAATGAACAACTGCTA"	""	"ERX6700409"	"ERP132577"	"testis"	"Spermatogonia"	NA	NA	NA	"CL:0000020"	"spermatogonium"	"perfect match"	"SN090"	NA	5
"GAATGAACAATGAAAC"	""	"ERX6700409"	"ERP132577"	"testis"	"Sertoli"	NA	NA	NA	"CL:0000216"	"Sertoli cell"	"perfect match"	"SN090"	NA	2
"GAATGAACAATGGTCT"	""	"ERX6700409"	"ERP132577"	"testis"	"Elongated_spermatids"	NA	NA	NA	"CL:4030037"	"late spermatid"	"perfect match"	"SN090"	NA	3
"GAATGAATCCGCTGTT"	""	"ERX6700409"	"ERP132577"	"testis"	"Other_somatic"	NA	NA	NA	"CL:0002371"	"somatic cell"	"perfect match"	"SN090"	NA	4
"GAATGAATCCTTGACC"	""	"ERX6700409"	"ERP132577"	"testis"	"Spermatogonia"	NA	NA	NA	"CL:0000020"	"spermatogonium"	"perfect match"	"SN090"	NA	5
"GAATGAATCTAGAGTC"	""	"ERX6700409"	"ERP132577"	"testis"	"Round_spermatids"	NA	NA	NA	"CL:4030036"	"early spermatid"	"perfect match"	"SN090"	NA	1
"GAATGAATCTCTAAGG"	""	"ERX6700409"	"ERP132577"	"testis"	"Round_spermatids"	NA	NA	NA	"CL:4030036"	"early spermatid"	"perfect match"	"SN090"	NA	1
"GACACGCCAGCTGTAT"	""	"ERX6700409"	"ERP132577"	"testis"	"Other_somatic"	NA	NA	NA	"CL:0002371"	"somatic cell"	"perfect match"	"SN090"	NA	4
"GACACGCGTATATGAG"	""	"ERX6700409"	"ERP132577"	"testis"	"Round_spermatids"	NA	NA	NA	"CL:4030036"	"early spermatid"	"perfect match"	"SN090"	NA	1
"GACACGCGTTATGTGC"	""	"ERX6700409"	"ERP132577"	"testis"	"Round_spermatids"	NA	NA	NA	"CL:4030036"	"early spermatid"	"perfect match"	"SN090"	NA	1
"GACACGCGTTCACGGC"	""	"ERX6700409"	"ERP132577"	"testis"	"Round_spermatids"	NA	NA	NA	"CL:4030036"	"early spermatid"	"perfect match"	"SN090"	NA	1
"GACAGAGAGAGCCCAA"	""	"ERX6700409"	"ERP132577"	"testis"	"Other_somatic"	NA	NA	NA	"CL:0002371"	"somatic cell"	"perfect match"	"SN090"	NA	4
"GACAGAGAGGTAAACT"	""	"ERX6700409"	"ERP132577"	"testis"	"Round_spermatids"	NA	NA	NA	"CL:4030036"	"early spermatid"	"perfect match"	"SN090"	NA	1
"GACCAATAGTGAAGAG"	""	"ERX6700409"	"ERP132577"	"testis"	"Spermatocytes"	NA	NA	NA	"CL:0000017"	"spermatocyte"	"perfect match"	"SN090"	NA	6
"GACCAATCAGGTGGAT"	""	"ERX6700409"	"ERP132577"	"testis"	"Round_spermatids"	NA	NA	NA	"CL:4030036"	"early spermatid"	"perfect match"	"SN090"	NA	1
"GACCAATTCTGGAGCC"	""	"ERX6700409"	"ERP132577"	"testis"	"Other_somatic"	NA	NA	NA	"CL:0002371"	"somatic cell"	"perfect match"	"SN090"	NA	4
"GACCTGGCAGTCAGAG"	""	"ERX6700409"	"ERP132577"	"testis"	"Spermatocytes"	NA	NA	NA	"CL:0000017"	"spermatocyte"	"perfect match"	"SN090"	NA	6
"GACCTGGCATGCCACG"	""	"ERX6700409"	"ERP132577"	"testis"	"Spermatocytes"	NA	NA	NA	"CL:0000017"	"spermatocyte"	"perfect match"	"SN090"	NA	6
"GACCTGGTCGGAGGTA"	""	"ERX6700409"	"ERP132577"	"testis"	"Sertoli"	NA	NA	NA	"CL:0000216"	"Sertoli cell"	"perfect match"	"SN090"	NA	2
"GACGCGTAGCGCTCCA"	""	"ERX6700409"	"ERP132577"	"testis"	"Round_spermatids"	NA	NA	NA	"CL:4030036"	"early spermatid"	"perfect match"	"SN090"	NA	1
"GACGCGTCACCACGTG"	""	"ERX6700409"	"ERP132577"	"testis"	"Elongated_spermatids"	NA	NA	NA	"CL:4030037"	"late spermatid"	"perfect match"	"SN090"	NA	3
"GACGCGTCAGCATGAG"	""	"ERX6700409"	"ERP132577"	"testis"	"Spermatocytes"	NA	NA	NA	"CL:0000017"	"spermatocyte"	"perfect match"	"SN090"	NA	6
"GACGCGTCATGCCTAA"	""	"ERX6700409"	"ERP132577"	"testis"	"Other_somatic"	NA	NA	NA	"CL:0002371"	"somatic cell"	"perfect match"	"SN090"	NA	4
"GACGCGTGTCTAGAGG"	""	"ERX6700409"	"ERP132577"	"testis"	"Elongated_spermatids"	NA	NA	NA	"CL:4030037"	"late spermatid"	"perfect match"	"SN090"	NA	3
"GACGCGTGTCTAGTCA"	""	"ERX6700409"	"ERP132577"	"testis"	"Other_somatic"	NA	NA	NA	"CL:0002371"	"somatic cell"	"perfect match"	"SN090"	NA	4
"GACGGCTGTATATGAG"	""	"ERX6700409"	"ERP132577"	"testis"	"Elongated_spermatids"	NA	NA	NA	"CL:4030037"	"late spermatid"	"perfect match"	"SN090"	NA	3
"GACGGCTTCGCCTGTT"	""	"ERX6700409"	"ERP132577"	"testis"	"Round_spermatids"	NA	NA	NA	"CL:4030036"	"early spermatid"	"perfect match"	"SN090"	NA	1
"GACGGCTTCGTGGGAA"	""	"ERX6700409"	"ERP132577"	"testis"	"Elongated_spermatids"	NA	NA	NA	"CL:4030037"	"late spermatid"	"perfect match"	"SN090"	NA	3
"GACGTGCAGTCCATAC"	""	"ERX6700409"	"ERP132577"	"testis"	"Round_spermatids"	NA	NA	NA	"CL:4030036"	"early spermatid"	"perfect match"	"SN090"	NA	1
"GACGTGCAGTGTACGG"	""	"ERX6700409"	"ERP132577"	"testis"	"Elongated_spermatids"	NA	NA	NA	"CL:4030037"	"late spermatid"	"perfect match"	"SN090"	NA	3
"GACGTGCCACAGGTTT"	""	"ERX6700409"	"ERP132577"	"testis"	"Spermatocytes"	NA	NA	NA	"CL:0000017"	"spermatocyte"	"perfect match"	"SN090"	NA	6
"GACGTGCCATGGTTGT"	""	"ERX6700409"	"ERP132577"	"testis"	"Round_spermatids"	NA	NA	NA	"CL:4030036"	"early spermatid"	"perfect match"	"SN090"	NA	1
"GACGTGCGTATTCTCT"	""	"ERX6700409"	"ERP132577"	"testis"	"Round_spermatids"	NA	NA	NA	"CL:4030036"	"early spermatid"	"perfect match"	"SN090"	NA	1
"GACGTGCTCACTATTC"	""	"ERX6700409"	"ERP132577"	"testis"	"Elongated_spermatids"	NA	NA	NA	"CL:4030037"	"late spermatid"	"perfect match"	"SN090"	NA	3
"GACGTTAAGAATGTGT"	""	"ERX6700409"	"ERP132577"	"testis"	"Round_spermatids"	NA	NA	NA	"CL:4030036"	"early spermatid"	"perfect match"	"SN090"	NA	1
"GACGTTAAGCCCAACC"	""	"ERX6700409"	"ERP132577"	"testis"	"Spermatocytes"	NA	NA	NA	"CL:0000017"	"spermatocyte"	"perfect match"	"SN090"	NA	6
"GACGTTAAGGGATCTG"	""	"ERX6700409"	"ERP132577"	"testis"	"Round_spermatids"	NA	NA	NA	"CL:4030036"	"early spermatid"	"perfect match"	"SN090"	NA	1
"GACGTTAGTACCTACA"	""	"ERX6700409"	"ERP132577"	"testis"	"Elongated_spermatids"	NA	NA	NA	"CL:4030037"	"late spermatid"	"perfect match"	"SN090"	NA	3
"GACGTTATCCACTCCA"	""	"ERX6700409"	"ERP132577"	"testis"	"Round_spermatids"	NA	NA	NA	"CL:4030036"	"early spermatid"	"perfect match"	"SN090"	NA	1
"GACTAACAGTGGGCTA"	""	"ERX6700409"	"ERP132577"	"testis"	"Sertoli"	NA	NA	NA	"CL:0000216"	"Sertoli cell"	"perfect match"	"SN090"	NA	2
"GACTAACCATGCATGT"	""	"ERX6700409"	"ERP132577"	"testis"	"Spermatocytes"	NA	NA	NA	"CL:0000017"	"spermatocyte"	"perfect match"	"SN090"	NA	6
"GACTAACGTCACTTCC"	""	"ERX6700409"	"ERP132577"	"testis"	"Spermatocytes"	NA	NA	NA	"CL:0000017"	"spermatocyte"	"perfect match"	"SN090"	NA	6
"GACTAACGTGCAGACA"	""	"ERX6700409"	"ERP132577"	"testis"	"Spermatogonia"	NA	NA	NA	"CL:0000020"	"spermatogonium"	"perfect match"	"SN090"	NA	5
"GACTAACTCAGTCAGT"	""	"ERX6700409"	"ERP132577"	"testis"	"Round_spermatids"	NA	NA	NA	"CL:4030036"	"early spermatid"	"perfect match"	"SN090"	NA	1
"GACTACACACGAGAGT"	""	"ERX6700409"	"ERP132577"	"testis"	"Round_spermatids"	NA	NA	NA	"CL:4030036"	"early spermatid"	"perfect match"	"SN090"	NA	1
"GACTACACATGAACCT"	""	"ERX6700409"	"ERP132577"	"testis"	"Spermatogonia"	NA	NA	NA	"CL:0000020"	"spermatogonium"	"perfect match"	"SN090"	NA	5
"GACTACATCGCGTAGC"	""	"ERX6700409"	"ERP132577"	"testis"	"Round_spermatids"	NA	NA	NA	"CL:4030036"	"early spermatid"	"perfect match"	"SN090"	NA	1
"GACTGCGAGTGGTCCC"	""	"ERX6700409"	"ERP132577"	"testis"	"Spermatocytes"	NA	NA	NA	"CL:0000017"	"spermatocyte"	"perfect match"	"SN090"	NA	6
"GACTGCGCAAGAGTCG"	""	"ERX6700409"	"ERP132577"	"testis"	"Spermatocytes"	NA	NA	NA	"CL:0000017"	"spermatocyte"	"perfect match"	"SN090"	NA	6
"GACTGCGCAGTCCTTC"	""	"ERX6700409"	"ERP132577"	"testis"	"Spermatocytes"	NA	NA	NA	"CL:0000017"	"spermatocyte"	"perfect match"	"SN090"	NA	6
"GACTGCGGTGTGACGA"	""	"ERX6700409"	"ERP132577"	"testis"	"Spermatogonia"	NA	NA	NA	"CL:0000020"	"spermatogonium"	"perfect match"	"SN090"	NA	5
"GACTGCGTCATCATTC"	""	"ERX6700409"	"ERP132577"	"testis"	"Spermatocytes"	NA	NA	NA	"CL:0000017"	"spermatocyte"	"perfect match"	"SN090"	NA	6
"GACTGCGTCTAACTTC"	""	"ERX6700409"	"ERP132577"	"testis"	"Other_somatic"	NA	NA	NA	"CL:0002371"	"somatic cell"	"perfect match"	"SN090"	NA	4
"GACTGCGTCTCTGAGA"	""	"ERX6700409"	"ERP132577"	"testis"	"Spermatocytes"	NA	NA	NA	"CL:0000017"	"spermatocyte"	"perfect match"	"SN090"	NA	6
"GAGCAGACATGTCCTC"	""	"ERX6700409"	"ERP132577"	"testis"	"Elongated_spermatids"	NA	NA	NA	"CL:4030037"	"late spermatid"	"perfect match"	"SN090"	NA	3
"GAGCAGAGTCACTTCC"	""	"ERX6700409"	"ERP132577"	"testis"	"Sertoli"	NA	NA	NA	"CL:0000216"	"Sertoli cell"	"perfect match"	"SN090"	NA	2
"GAGGTGAAGCAGACTG"	""	"ERX6700409"	"ERP132577"	"testis"	"Spermatocytes"	NA	NA	NA	"CL:0000017"	"spermatocyte"	"perfect match"	"SN090"	NA	6
"GAGGTGAAGGCTACGA"	""	"ERX6700409"	"ERP132577"	"testis"	"Elongated_spermatids"	NA	NA	NA	"CL:4030037"	"late spermatid"	"perfect match"	"SN090"	NA	3
"GAGGTGACAGACGCTC"	""	"ERX6700409"	"ERP132577"	"testis"	"Sertoli"	NA	NA	NA	"CL:0000216"	"Sertoli cell"	"perfect match"	"SN090"	NA	2
"GAGTCCGAGGAGTTTA"	""	"ERX6700409"	"ERP132577"	"testis"	"Round_spermatids"	NA	NA	NA	"CL:4030036"	"early spermatid"	"perfect match"	"SN090"	NA	1
"GAGTCCGAGTCACGCC"	""	"ERX6700409"	"ERP132577"	"testis"	"Other_somatic"	NA	NA	NA	"CL:0002371"	"somatic cell"	"perfect match"	"SN090"	NA	4
"GAGTCCGAGTGCAAGC"	""	"ERX6700409"	"ERP132577"	"testis"	"Spermatogonia"	NA	NA	NA	"CL:0000020"	"spermatogonium"	"perfect match"	"SN090"	NA	5
"GAGTCCGCAATCTGCA"	""	"ERX6700409"	"ERP132577"	"testis"	"Other_somatic"	NA	NA	NA	"CL:0002371"	"somatic cell"	"perfect match"	"SN090"	NA	4
"GAGTCCGCACGAAATA"	""	"ERX6700409"	"ERP132577"	"testis"	"Other_somatic"	NA	NA	NA	"CL:0002371"	"somatic cell"	"perfect match"	"SN090"	NA	4
"GAGTCCGCATCCGCGA"	""	"ERX6700409"	"ERP132577"	"testis"	"Spermatocytes"	NA	NA	NA	"CL:0000017"	"spermatocyte"	"perfect match"	"SN090"	NA	6
"GAGTCCGCATGAGCGA"	""	"ERX6700409"	"ERP132577"	"testis"	"Other_somatic"	NA	NA	NA	"CL:0002371"	"somatic cell"	"perfect match"	"SN090"	NA	4
"GAGTCCGGTGCTTCTC"	""	"ERX6700409"	"ERP132577"	"testis"	"Round_spermatids"	NA	NA	NA	"CL:4030036"	"early spermatid"	"perfect match"	"SN090"	NA	1
"GAGTCCGTCCGAACGC"	""	"ERX6700409"	"ERP132577"	"testis"	"Spermatocytes"	NA	NA	NA	"CL:0000017"	"spermatocyte"	"perfect match"	"SN090"	NA	6
"GAGTCCGTCGCAAACT"	""	"ERX6700409"	"ERP132577"	"testis"	"Spermatocytes"	NA	NA	NA	"CL:0000017"	"spermatocyte"	"perfect match"	"SN090"	NA	6
"GATCAGTAGGAGTTGC"	""	"ERX6700409"	"ERP132577"	"testis"	"Other_somatic"	NA	NA	NA	"CL:0002371"	"somatic cell"	"perfect match"	"SN090"	NA	4
"GATCAGTCACATTCGA"	""	"ERX6700409"	"ERP132577"	"testis"	"Spermatocytes"	NA	NA	NA	"CL:0000017"	"spermatocyte"	"perfect match"	"SN090"	NA	6
"GATCAGTTCTTGTCAT"	""	"ERX6700409"	"ERP132577"	"testis"	"Spermatocytes"	NA	NA	NA	"CL:0000017"	"spermatocyte"	"perfect match"	"SN090"	NA	6
"GATCGATAGGAGTTGC"	""	"ERX6700409"	"ERP132577"	"testis"	"Round_spermatids"	NA	NA	NA	"CL:4030036"	"early spermatid"	"perfect match"	"SN090"	NA	1
"GATCGATAGTCATCCA"	""	"ERX6700409"	"ERP132577"	"testis"	"Spermatocytes"	NA	NA	NA	"CL:0000017"	"spermatocyte"	"perfect match"	"SN090"	NA	6
"GATCGATGTTCTGGTA"	""	"ERX6700409"	"ERP132577"	"testis"	"Elongated_spermatids"	NA	NA	NA	"CL:4030037"	"late spermatid"	"perfect match"	"SN090"	NA	3
"GATCGATTCTATCCTA"	""	"ERX6700409"	"ERP132577"	"testis"	"Round_spermatids"	NA	NA	NA	"CL:4030036"	"early spermatid"	"perfect match"	"SN090"	NA	1
"GATCGCGCAAGCGTAG"	""	"ERX6700409"	"ERP132577"	"testis"	"Spermatocytes"	NA	NA	NA	"CL:0000017"	"spermatocyte"	"perfect match"	"SN090"	NA	6
"GATCGCGCATTAGCCA"	""	"ERX6700409"	"ERP132577"	"testis"	"Round_spermatids"	NA	NA	NA	"CL:4030036"	"early spermatid"	"perfect match"	"SN090"	NA	1
"GATCGCGTCTCGCTTG"	""	"ERX6700409"	"ERP132577"	"testis"	"Other_somatic"	NA	NA	NA	"CL:0002371"	"somatic cell"	"perfect match"	"SN090"	NA	4
"GATCGTAAGAGAGCTC"	""	"ERX6700409"	"ERP132577"	"testis"	"Other_somatic"	NA	NA	NA	"CL:0002371"	"somatic cell"	"perfect match"	"SN090"	NA	4
"GATCGTAGTCGCCATG"	""	"ERX6700409"	"ERP132577"	"testis"	"Round_spermatids"	NA	NA	NA	"CL:4030036"	"early spermatid"	"perfect match"	"SN090"	NA	1
"GATCGTAGTGTGCCTG"	""	"ERX6700409"	"ERP132577"	"testis"	"Spermatogonia"	NA	NA	NA	"CL:0000020"	"spermatogonium"	"perfect match"	"SN090"	NA	5
"GATCGTATCCTAGTGA"	""	"ERX6700409"	"ERP132577"	"testis"	"Round_spermatids"	NA	NA	NA	"CL:4030036"	"early spermatid"	"perfect match"	"SN090"	NA	1
"GATCGTATCGTCACGG"	""	"ERX6700409"	"ERP132577"	"testis"	"Elongated_spermatids"	NA	NA	NA	"CL:4030037"	"late spermatid"	"perfect match"	"SN090"	NA	3
"GATCTAGAGCGCTCCA"	""	"ERX6700409"	"ERP132577"	"testis"	"Round_spermatids"	NA	NA	NA	"CL:4030036"	"early spermatid"	"perfect match"	"SN090"	NA	1
"GATCTAGGTTTGGGCC"	""	"ERX6700409"	"ERP132577"	"testis"	"Elongated_spermatids"	NA	NA	NA	"CL:4030037"	"late spermatid"	"perfect match"	"SN090"	NA	3
"GATGAAACACGACTCG"	""	"ERX6700409"	"ERP132577"	"testis"	"Spermatocytes"	NA	NA	NA	"CL:0000017"	"spermatocyte"	"perfect match"	"SN090"	NA	6
"GATGAAACACGCCAGT"	""	"ERX6700409"	"ERP132577"	"testis"	"Other_somatic"	NA	NA	NA	"CL:0002371"	"somatic cell"	"perfect match"	"SN090"	NA	4
"GATGAAACACTAGTAC"	""	"ERX6700409"	"ERP132577"	"testis"	"Sertoli"	NA	NA	NA	"CL:0000216"	"Sertoli cell"	"perfect match"	"SN090"	NA	2
"GATGAGGAGACACTAA"	""	"ERX6700409"	"ERP132577"	"testis"	"Other_somatic"	NA	NA	NA	"CL:0002371"	"somatic cell"	"perfect match"	"SN090"	NA	4
"GATGAGGCAATTCCTT"	""	"ERX6700409"	"ERP132577"	"testis"	"Round_spermatids"	NA	NA	NA	"CL:4030036"	"early spermatid"	"perfect match"	"SN090"	NA	1
"GATGAGGCACAACTGT"	""	"ERX6700409"	"ERP132577"	"testis"	"Spermatogonia"	NA	NA	NA	"CL:0000020"	"spermatogonium"	"perfect match"	"SN090"	NA	5
"GATGAGGGTTCCCGAG"	""	"ERX6700409"	"ERP132577"	"testis"	"Round_spermatids"	NA	NA	NA	"CL:4030036"	"early spermatid"	"perfect match"	"SN090"	NA	1
"GATGAGGTCTGAGTGT"	""	"ERX6700409"	"ERP132577"	"testis"	"Round_spermatids"	NA	NA	NA	"CL:4030036"	"early spermatid"	"perfect match"	"SN090"	NA	1
"GATGCTAAGGTAGCCA"	""	"ERX6700409"	"ERP132577"	"testis"	"Other_somatic"	NA	NA	NA	"CL:0002371"	"somatic cell"	"perfect match"	"SN090"	NA	4
"GATGCTAAGTCCGTAT"	""	"ERX6700409"	"ERP132577"	"testis"	"Spermatocytes"	NA	NA	NA	"CL:0000017"	"spermatocyte"	"perfect match"	"SN090"	NA	6
"GATGCTACAGATGAGC"	""	"ERX6700409"	"ERP132577"	"testis"	"Other_somatic"	NA	NA	NA	"CL:0002371"	"somatic cell"	"perfect match"	"SN090"	NA	4
"GATGCTATCAGAAATG"	""	"ERX6700409"	"ERP132577"	"testis"	"Other_somatic"	NA	NA	NA	"CL:0002371"	"somatic cell"	"perfect match"	"SN090"	NA	4
"GATTCAGAGCACAGGT"	""	"ERX6700409"	"ERP132577"	"testis"	"Round_spermatids"	NA	NA	NA	"CL:4030036"	"early spermatid"	"perfect match"	"SN090"	NA	1
"GATTCAGAGGGATGGG"	""	"ERX6700409"	"ERP132577"	"testis"	"Other_somatic"	NA	NA	NA	"CL:0002371"	"somatic cell"	"perfect match"	"SN090"	NA	4
"GATTCAGGTAATAGCA"	""	"ERX6700409"	"ERP132577"	"testis"	"Elongated_spermatids"	NA	NA	NA	"CL:4030037"	"late spermatid"	"perfect match"	"SN090"	NA	3
"GATTCAGGTCGCATCG"	""	"ERX6700409"	"ERP132577"	"testis"	"Sertoli"	NA	NA	NA	"CL:0000216"	"Sertoli cell"	"perfect match"	"SN090"	NA	2
"GATTCAGGTGCAGTAG"	""	"ERX6700409"	"ERP132577"	"testis"	"Spermatocytes"	NA	NA	NA	"CL:0000017"	"spermatocyte"	"perfect match"	"SN090"	NA	6
"GATTCAGGTTGGACCC"	""	"ERX6700409"	"ERP132577"	"testis"	"Other_somatic"	NA	NA	NA	"CL:0002371"	"somatic cell"	"perfect match"	"SN090"	NA	4
"GATTCAGTCGAGCCCA"	""	"ERX6700409"	"ERP132577"	"testis"	"Other_somatic"	NA	NA	NA	"CL:0002371"	"somatic cell"	"perfect match"	"SN090"	NA	4
"GCAAACTAGCTAGTCT"	""	"ERX6700409"	"ERP132577"	"testis"	"Spermatocytes"	NA	NA	NA	"CL:0000017"	"spermatocyte"	"perfect match"	"SN090"	NA	6
"GCAAACTAGTTGAGTA"	""	"ERX6700409"	"ERP132577"	"testis"	"Other_somatic"	NA	NA	NA	"CL:0002371"	"somatic cell"	"perfect match"	"SN090"	NA	4
"GCAAACTCAATTCCTT"	""	"ERX6700409"	"ERP132577"	"testis"	"Spermatogonia"	NA	NA	NA	"CL:0000020"	"spermatogonium"	"perfect match"	"SN090"	NA	5
"GCAAACTCAGTATGCT"	""	"ERX6700409"	"ERP132577"	"testis"	"Other_somatic"	NA	NA	NA	"CL:0002371"	"somatic cell"	"perfect match"	"SN090"	NA	4
"GCAAACTGTTAAAGTG"	""	"ERX6700409"	"ERP132577"	"testis"	"Other_somatic"	NA	NA	NA	"CL:0002371"	"somatic cell"	"perfect match"	"SN090"	NA	4
"GCAAACTTCGTTGCCT"	""	"ERX6700409"	"ERP132577"	"testis"	"Spermatocytes"	NA	NA	NA	"CL:0000017"	"spermatocyte"	"perfect match"	"SN090"	NA	6
"GCAATCAAGACTTGAA"	""	"ERX6700409"	"ERP132577"	"testis"	"Other_somatic"	NA	NA	NA	"CL:0002371"	"somatic cell"	"perfect match"	"SN090"	NA	4
"GCAATCAAGTCACGCC"	""	"ERX6700409"	"ERP132577"	"testis"	"Spermatocytes"	NA	NA	NA	"CL:0000017"	"spermatocyte"	"perfect match"	"SN090"	NA	6
"GCAATCAGTCGGCATC"	""	"ERX6700409"	"ERP132577"	"testis"	"Round_spermatids"	NA	NA	NA	"CL:4030036"	"early spermatid"	"perfect match"	"SN090"	NA	1
"GCAATCATCCGAATGT"	""	"ERX6700409"	"ERP132577"	"testis"	"Elongated_spermatids"	NA	NA	NA	"CL:4030037"	"late spermatid"	"perfect match"	"SN090"	NA	3
"GCACATAAGCTGCCCA"	""	"ERX6700409"	"ERP132577"	"testis"	"Round_spermatids"	NA	NA	NA	"CL:4030036"	"early spermatid"	"perfect match"	"SN090"	NA	1
"GCACATACAGCTGTTA"	""	"ERX6700409"	"ERP132577"	"testis"	"Other_somatic"	NA	NA	NA	"CL:0002371"	"somatic cell"	"perfect match"	"SN090"	NA	4
"GCACATACAGGGAGAG"	""	"ERX6700409"	"ERP132577"	"testis"	"Round_spermatids"	NA	NA	NA	"CL:4030036"	"early spermatid"	"perfect match"	"SN090"	NA	1
"GCACATAGTCTCTTTA"	""	"ERX6700409"	"ERP132577"	"testis"	"Round_spermatids"	NA	NA	NA	"CL:4030036"	"early spermatid"	"perfect match"	"SN090"	NA	1
"GCACTCTAGCCCTAAT"	""	"ERX6700409"	"ERP132577"	"testis"	"Round_spermatids"	NA	NA	NA	"CL:4030036"	"early spermatid"	"perfect match"	"SN090"	NA	1
"GCACTCTAGCTAAGAT"	""	"ERX6700409"	"ERP132577"	"testis"	"Elongated_spermatids"	NA	NA	NA	"CL:4030037"	"late spermatid"	"perfect match"	"SN090"	NA	3
"GCACTCTCACAGGTTT"	""	"ERX6700409"	"ERP132577"	"testis"	"Round_spermatids"	NA	NA	NA	"CL:4030036"	"early spermatid"	"perfect match"	"SN090"	NA	1
"GCACTCTGTCCCTTGT"	""	"ERX6700409"	"ERP132577"	"testis"	"Round_spermatids"	NA	NA	NA	"CL:4030036"	"early spermatid"	"perfect match"	"SN090"	NA	1
"GCACTCTTCCTTTACA"	""	"ERX6700409"	"ERP132577"	"testis"	"Elongated_spermatids"	NA	NA	NA	"CL:4030037"	"late spermatid"	"perfect match"	"SN090"	NA	3
"GCAGCCAAGACTAAGT"	""	"ERX6700409"	"ERP132577"	"testis"	"Elongated_spermatids"	NA	NA	NA	"CL:4030037"	"late spermatid"	"perfect match"	"SN090"	NA	3
"GCAGCCAAGCCGATTT"	""	"ERX6700409"	"ERP132577"	"testis"	"Spermatogonia"	NA	NA	NA	"CL:0000020"	"spermatogonium"	"perfect match"	"SN090"	NA	5
"GCAGCCAGTTTAGGAA"	""	"ERX6700409"	"ERP132577"	"testis"	"Other_somatic"	NA	NA	NA	"CL:0002371"	"somatic cell"	"perfect match"	"SN090"	NA	4
"GCAGCCATCATTGCGA"	""	"ERX6700409"	"ERP132577"	"testis"	"Sertoli"	NA	NA	NA	"CL:0000216"	"Sertoli cell"	"perfect match"	"SN090"	NA	2
"GCAGCCATCGCAAGCC"	""	"ERX6700409"	"ERP132577"	"testis"	"Elongated_spermatids"	NA	NA	NA	"CL:4030037"	"late spermatid"	"perfect match"	"SN090"	NA	3
"GCAGCCATCTACCAGA"	""	"ERX6700409"	"ERP132577"	"testis"	"Elongated_spermatids"	NA	NA	NA	"CL:4030037"	"late spermatid"	"perfect match"	"SN090"	NA	3
"GCAGCCATCTGATTCT"	""	"ERX6700409"	"ERP132577"	"testis"	"Round_spermatids"	NA	NA	NA	"CL:4030036"	"early spermatid"	"perfect match"	"SN090"	NA	1
"GCAGTTACAGCCTATA"	""	"ERX6700409"	"ERP132577"	"testis"	"Round_spermatids"	NA	NA	NA	"CL:4030036"	"early spermatid"	"perfect match"	"SN090"	NA	1
"GCAGTTAGTCGCGAAA"	""	"ERX6700409"	"ERP132577"	"testis"	"Spermatocytes"	NA	NA	NA	"CL:0000017"	"spermatocyte"	"perfect match"	"SN090"	NA	6
"GCAGTTAGTTAAAGTG"	""	"ERX6700409"	"ERP132577"	"testis"	"Round_spermatids"	NA	NA	NA	"CL:4030036"	"early spermatid"	"perfect match"	"SN090"	NA	1
"GCAGTTATCACAATGC"	""	"ERX6700409"	"ERP132577"	"testis"	"Sertoli"	NA	NA	NA	"CL:0000216"	"Sertoli cell"	"perfect match"	"SN090"	NA	2
"GCAGTTATCTACCAGA"	""	"ERX6700409"	"ERP132577"	"testis"	"Round_spermatids"	NA	NA	NA	"CL:4030036"	"early spermatid"	"perfect match"	"SN090"	NA	1
"GCATACACACACCGAC"	""	"ERX6700409"	"ERP132577"	"testis"	"Elongated_spermatids"	NA	NA	NA	"CL:4030037"	"late spermatid"	"perfect match"	"SN090"	NA	3
"GCATACACACACCGCA"	""	"ERX6700409"	"ERP132577"	"testis"	"Round_spermatids"	NA	NA	NA	"CL:4030036"	"early spermatid"	"perfect match"	"SN090"	NA	1
"GCATACATCGTACGGC"	""	"ERX6700409"	"ERP132577"	"testis"	"Sertoli"	NA	NA	NA	"CL:0000216"	"Sertoli cell"	"perfect match"	"SN090"	NA	2
"GCATGATAGCAAATCA"	""	"ERX6700409"	"ERP132577"	"testis"	"Other_somatic"	NA	NA	NA	"CL:0002371"	"somatic cell"	"perfect match"	"SN090"	NA	4
"GCATGATGTTACCAGT"	""	"ERX6700409"	"ERP132577"	"testis"	"Spermatocytes"	NA	NA	NA	"CL:0000017"	"spermatocyte"	"perfect match"	"SN090"	NA	6
"GCATGCGAGAGAGCTC"	""	"ERX6700409"	"ERP132577"	"testis"	"Other_somatic"	NA	NA	NA	"CL:0002371"	"somatic cell"	"perfect match"	"SN090"	NA	4
"GCATGCGCAGATCCAT"	""	"ERX6700409"	"ERP132577"	"testis"	"Round_spermatids"	NA	NA	NA	"CL:4030036"	"early spermatid"	"perfect match"	"SN090"	NA	1
"GCATGCGTCCCTCTTT"	""	"ERX6700409"	"ERP132577"	"testis"	"Other_somatic"	NA	NA	NA	"CL:0002371"	"somatic cell"	"perfect match"	"SN090"	NA	4
"GCATGCGTCCTCGCAT"	""	"ERX6700409"	"ERP132577"	"testis"	"Spermatocytes"	NA	NA	NA	"CL:0000017"	"spermatocyte"	"perfect match"	"SN090"	NA	6
"GCATGCGTCTCGTTTA"	""	"ERX6700409"	"ERP132577"	"testis"	"Sertoli"	NA	NA	NA	"CL:0000216"	"Sertoli cell"	"perfect match"	"SN090"	NA	2
"GCATGTAAGCCACGTC"	""	"ERX6700409"	"ERP132577"	"testis"	"Round_spermatids"	NA	NA	NA	"CL:4030036"	"early spermatid"	"perfect match"	"SN090"	NA	1
"GCATGTATCCCTCTTT"	""	"ERX6700409"	"ERP132577"	"testis"	"Round_spermatids"	NA	NA	NA	"CL:4030036"	"early spermatid"	"perfect match"	"SN090"	NA	1
"GCATGTATCCGAGCCA"	""	"ERX6700409"	"ERP132577"	"testis"	"Round_spermatids"	NA	NA	NA	"CL:4030036"	"early spermatid"	"perfect match"	"SN090"	NA	1
"GCATGTATCTGCCCTA"	""	"ERX6700409"	"ERP132577"	"testis"	"Elongated_spermatids"	NA	NA	NA	"CL:4030037"	"late spermatid"	"perfect match"	"SN090"	NA	3
"GCCAAATGTCGCCATG"	""	"ERX6700409"	"ERP132577"	"testis"	"Other_somatic"	NA	NA	NA	"CL:0002371"	"somatic cell"	"perfect match"	"SN090"	NA	4
"GCCAAATTCTGCCAGG"	""	"ERX6700409"	"ERP132577"	"testis"	"Spermatogonia"	NA	NA	NA	"CL:0000020"	"spermatogonium"	"perfect match"	"SN090"	NA	5
"GCCTCTAAGATGGGTC"	""	"ERX6700409"	"ERP132577"	"testis"	"Other_somatic"	NA	NA	NA	"CL:0002371"	"somatic cell"	"perfect match"	"SN090"	NA	4
"GCCTCTAAGTGTCTCA"	""	"ERX6700409"	"ERP132577"	"testis"	"Other_somatic"	NA	NA	NA	"CL:0002371"	"somatic cell"	"perfect match"	"SN090"	NA	4
"GCCTCTAGTCTGATCA"	""	"ERX6700409"	"ERP132577"	"testis"	"Elongated_spermatids"	NA	NA	NA	"CL:4030037"	"late spermatid"	"perfect match"	"SN090"	NA	3
"GCGACCACACATTCGA"	""	"ERX6700409"	"ERP132577"	"testis"	"Spermatocytes"	NA	NA	NA	"CL:0000017"	"spermatocyte"	"perfect match"	"SN090"	NA	6
"GCGACCACATTAGCCA"	""	"ERX6700409"	"ERP132577"	"testis"	"Other_somatic"	NA	NA	NA	"CL:0002371"	"somatic cell"	"perfect match"	"SN090"	NA	4
"GCGACCAGTATATGGA"	""	"ERX6700409"	"ERP132577"	"testis"	"Round_spermatids"	NA	NA	NA	"CL:4030036"	"early spermatid"	"perfect match"	"SN090"	NA	1
"GCGACCAGTCAAGCGA"	""	"ERX6700409"	"ERP132577"	"testis"	"Other_somatic"	NA	NA	NA	"CL:0002371"	"somatic cell"	"perfect match"	"SN090"	NA	4
"GCGACCAGTCGAAAGC"	""	"ERX6700409"	"ERP132577"	"testis"	"Round_spermatids"	NA	NA	NA	"CL:4030036"	"early spermatid"	"perfect match"	"SN090"	NA	1
"GCGACCAGTTACGACT"	""	"ERX6700409"	"ERP132577"	"testis"	"Sertoli"	NA	NA	NA	"CL:0000216"	"Sertoli cell"	"perfect match"	"SN090"	NA	2
"GCGACCAGTTACGCGC"	""	"ERX6700409"	"ERP132577"	"testis"	"Other_somatic"	NA	NA	NA	"CL:0002371"	"somatic cell"	"perfect match"	"SN090"	NA	4
"GCGACCATCCGTAGGC"	""	"ERX6700409"	"ERP132577"	"testis"	"Elongated_spermatids"	NA	NA	NA	"CL:4030037"	"late spermatid"	"perfect match"	"SN090"	NA	3
"GCGACCATCTTTCCTC"	""	"ERX6700409"	"ERP132577"	"testis"	"Elongated_spermatids"	NA	NA	NA	"CL:4030037"	"late spermatid"	"perfect match"	"SN090"	NA	3
"GCGAGAAAGCAGGTCA"	""	"ERX6700409"	"ERP132577"	"testis"	"Round_spermatids"	NA	NA	NA	"CL:4030036"	"early spermatid"	"perfect match"	"SN090"	NA	1
"GCGAGAACATTGAGCT"	""	"ERX6700409"	"ERP132577"	"testis"	"Round_spermatids"	NA	NA	NA	"CL:4030036"	"early spermatid"	"perfect match"	"SN090"	NA	1
"GCGAGAAGTGCAACGA"	""	"ERX6700409"	"ERP132577"	"testis"	"Elongated_spermatids"	NA	NA	NA	"CL:4030037"	"late spermatid"	"perfect match"	"SN090"	NA	3
"GCGAGAATCAGTACGT"	""	"ERX6700409"	"ERP132577"	"testis"	"Other_somatic"	NA	NA	NA	"CL:0002371"	"somatic cell"	"perfect match"	"SN090"	NA	4
"GCGAGAATCCGTCAAA"	""	"ERX6700409"	"ERP132577"	"testis"	"Spermatocytes"	NA	NA	NA	"CL:0000017"	"spermatocyte"	"perfect match"	"SN090"	NA	6
"GCGAGAATCGCCAGCA"	""	"ERX6700409"	"ERP132577"	"testis"	"Elongated_spermatids"	NA	NA	NA	"CL:4030037"	"late spermatid"	"perfect match"	"SN090"	NA	3
"GCGCAGTCATAGGATA"	""	"ERX6700409"	"ERP132577"	"testis"	"Round_spermatids"	NA	NA	NA	"CL:4030036"	"early spermatid"	"perfect match"	"SN090"	NA	1
"GCGCAGTCATGCTGGC"	""	"ERX6700409"	"ERP132577"	"testis"	"Sertoli"	NA	NA	NA	"CL:0000216"	"Sertoli cell"	"perfect match"	"SN090"	NA	2
"GCGCAGTGTTAGAACA"	""	"ERX6700409"	"ERP132577"	"testis"	"Spermatocytes"	NA	NA	NA	"CL:0000017"	"spermatocyte"	"perfect match"	"SN090"	NA	6
"GCGCAGTTCCAGTAGT"	""	"ERX6700409"	"ERP132577"	"testis"	"Round_spermatids"	NA	NA	NA	"CL:4030036"	"early spermatid"	"perfect match"	"SN090"	NA	1
"GCGCCAAAGGTGTGGT"	""	"ERX6700409"	"ERP132577"	"testis"	"Sertoli"	NA	NA	NA	"CL:0000216"	"Sertoli cell"	"perfect match"	"SN090"	NA	2
"GCGCCAAAGTCCGGTC"	""	"ERX6700409"	"ERP132577"	"testis"	"Round_spermatids"	NA	NA	NA	"CL:4030036"	"early spermatid"	"perfect match"	"SN090"	NA	1
"GCGCCAATCTGGAGCC"	""	"ERX6700409"	"ERP132577"	"testis"	"Spermatocytes"	NA	NA	NA	"CL:0000017"	"spermatocyte"	"perfect match"	"SN090"	NA	6
"GCGCGATAGGGTGTTG"	""	"ERX6700409"	"ERP132577"	"testis"	"Spermatocytes"	NA	NA	NA	"CL:0000017"	"spermatocyte"	"perfect match"	"SN090"	NA	6
"GCGCGATCACTTAACG"	""	"ERX6700409"	"ERP132577"	"testis"	"Spermatogonia"	NA	NA	NA	"CL:0000020"	"spermatogonium"	"perfect match"	"SN090"	NA	5
"GCGCGATGTTGATTGC"	""	"ERX6700409"	"ERP132577"	"testis"	"Other_somatic"	NA	NA	NA	"CL:0002371"	"somatic cell"	"perfect match"	"SN090"	NA	4
"GCGGGTTAGAAACCTA"	""	"ERX6700409"	"ERP132577"	"testis"	"Spermatocytes"	NA	NA	NA	"CL:0000017"	"spermatocyte"	"perfect match"	"SN090"	NA	6
"GCTCCTAAGCGTAATA"	""	"ERX6700409"	"ERP132577"	"testis"	"Round_spermatids"	NA	NA	NA	"CL:4030036"	"early spermatid"	"perfect match"	"SN090"	NA	1
"GCTCCTAAGTGTGAAT"	""	"ERX6700409"	"ERP132577"	"testis"	"Other_somatic"	NA	NA	NA	"CL:0002371"	"somatic cell"	"perfect match"	"SN090"	NA	4
"GCTCCTACAATAGCAA"	""	"ERX6700409"	"ERP132577"	"testis"	"Spermatocytes"	NA	NA	NA	"CL:0000017"	"spermatocyte"	"perfect match"	"SN090"	NA	6
"GCTCCTACAGCTCGCA"	""	"ERX6700409"	"ERP132577"	"testis"	"Other_somatic"	NA	NA	NA	"CL:0002371"	"somatic cell"	"perfect match"	"SN090"	NA	4
"GCTCCTAGTACCGTTA"	""	"ERX6700409"	"ERP132577"	"testis"	"Spermatogonia"	NA	NA	NA	"CL:0000020"	"spermatogonium"	"perfect match"	"SN090"	NA	5
"GCTCCTAGTCATGCAT"	""	"ERX6700409"	"ERP132577"	"testis"	"Round_spermatids"	NA	NA	NA	"CL:4030036"	"early spermatid"	"perfect match"	"SN090"	NA	1
"GCTCCTATCAGTTTGG"	""	"ERX6700409"	"ERP132577"	"testis"	"Spermatocytes"	NA	NA	NA	"CL:0000017"	"spermatocyte"	"perfect match"	"SN090"	NA	6
"GCTCTGTGTAAACCTC"	""	"ERX6700409"	"ERP132577"	"testis"	"Round_spermatids"	NA	NA	NA	"CL:4030036"	"early spermatid"	"perfect match"	"SN090"	NA	1
"GCTCTGTTCCTCATTA"	""	"ERX6700409"	"ERP132577"	"testis"	"Spermatocytes"	NA	NA	NA	"CL:0000017"	"spermatocyte"	"perfect match"	"SN090"	NA	6
"GCTGCAGTCTCTGAGA"	""	"ERX6700409"	"ERP132577"	"testis"	"Sertoli"	NA	NA	NA	"CL:0000216"	"Sertoli cell"	"perfect match"	"SN090"	NA	2
"GCTGCGAAGATGCCTT"	""	"ERX6700409"	"ERP132577"	"testis"	"Elongated_spermatids"	NA	NA	NA	"CL:4030037"	"late spermatid"	"perfect match"	"SN090"	NA	3
"GCTGCGAAGTGTACTC"	""	"ERX6700409"	"ERP132577"	"testis"	"Spermatocytes"	NA	NA	NA	"CL:0000017"	"spermatocyte"	"perfect match"	"SN090"	NA	6
"GCTGCGATCGTCTGCT"	""	"ERX6700409"	"ERP132577"	"testis"	"Elongated_spermatids"	NA	NA	NA	"CL:4030037"	"late spermatid"	"perfect match"	"SN090"	NA	3
"GCTGCTTAGGATGCGT"	""	"ERX6700409"	"ERP132577"	"testis"	"Round_spermatids"	NA	NA	NA	"CL:4030036"	"early spermatid"	"perfect match"	"SN090"	NA	1
"GCTGCTTAGGTGTGGT"	""	"ERX6700409"	"ERP132577"	"testis"	"Spermatocytes"	NA	NA	NA	"CL:0000017"	"spermatocyte"	"perfect match"	"SN090"	NA	6
"GCTGCTTCAAGCTGTT"	""	"ERX6700409"	"ERP132577"	"testis"	"Spermatogonia"	NA	NA	NA	"CL:0000020"	"spermatogonium"	"perfect match"	"SN090"	NA	5
"GCTGCTTCAGCTGTTA"	""	"ERX6700409"	"ERP132577"	"testis"	"Other_somatic"	NA	NA	NA	"CL:0002371"	"somatic cell"	"perfect match"	"SN090"	NA	4
"GCTGCTTTCGCTGATA"	""	"ERX6700409"	"ERP132577"	"testis"	"Spermatocytes"	NA	NA	NA	"CL:0000017"	"spermatocyte"	"perfect match"	"SN090"	NA	6
"GCTGGGTGTGTTGGGA"	""	"ERX6700409"	"ERP132577"	"testis"	"Spermatocytes"	NA	NA	NA	"CL:0000017"	"spermatocyte"	"perfect match"	"SN090"	NA	6
"GCTTCCACAAAGCAAT"	""	"ERX6700409"	"ERP132577"	"testis"	"Elongated_spermatids"	NA	NA	NA	"CL:4030037"	"late spermatid"	"perfect match"	"SN090"	NA	3
"GCTTCCACAGGATCGA"	""	"ERX6700409"	"ERP132577"	"testis"	"Spermatogonia"	NA	NA	NA	"CL:0000020"	"spermatogonium"	"perfect match"	"SN090"	NA	5
"GCTTCCAGTTAGAACA"	""	"ERX6700409"	"ERP132577"	"testis"	"Spermatogonia"	NA	NA	NA	"CL:0000020"	"spermatogonium"	"perfect match"	"SN090"	NA	5
"GCTTCCATCCTCTAGC"	""	"ERX6700409"	"ERP132577"	"testis"	"Round_spermatids"	NA	NA	NA	"CL:4030036"	"early spermatid"	"perfect match"	"SN090"	NA	1
"GCTTGAAAGTGTTTGC"	""	"ERX6700409"	"ERP132577"	"testis"	"Round_spermatids"	NA	NA	NA	"CL:4030036"	"early spermatid"	"perfect match"	"SN090"	NA	1
"GCTTGAACAGCGTTCG"	""	"ERX6700409"	"ERP132577"	"testis"	"Round_spermatids"	NA	NA	NA	"CL:4030036"	"early spermatid"	"perfect match"	"SN090"	NA	1
"GCTTGAAGTTAAAGTG"	""	"ERX6700409"	"ERP132577"	"testis"	"Round_spermatids"	NA	NA	NA	"CL:4030036"	"early spermatid"	"perfect match"	"SN090"	NA	1
"GCTTGAATCAGAGACG"	""	"ERX6700409"	"ERP132577"	"testis"	"Other_somatic"	NA	NA	NA	"CL:0002371"	"somatic cell"	"perfect match"	"SN090"	NA	4
"GCTTGAATCTGCGGCA"	""	"ERX6700409"	"ERP132577"	"testis"	"Round_spermatids"	NA	NA	NA	"CL:4030036"	"early spermatid"	"perfect match"	"SN090"	NA	1
"GGAAAGCAGTCGTTTG"	""	"ERX6700409"	"ERP132577"	"testis"	"Spermatocytes"	NA	NA	NA	"CL:0000017"	"spermatocyte"	"perfect match"	"SN090"	NA	6
"GGAAAGCCAGCATGAG"	""	"ERX6700409"	"ERP132577"	"testis"	"Other_somatic"	NA	NA	NA	"CL:0002371"	"somatic cell"	"perfect match"	"SN090"	NA	4
"GGAAAGCGTGTCGCTG"	""	"ERX6700409"	"ERP132577"	"testis"	"Sertoli"	NA	NA	NA	"CL:0000216"	"Sertoli cell"	"perfect match"	"SN090"	NA	2
"GGAAAGCGTTAGGGTG"	""	"ERX6700409"	"ERP132577"	"testis"	"Round_spermatids"	NA	NA	NA	"CL:4030036"	"early spermatid"	"perfect match"	"SN090"	NA	1
"GGAAAGCTCATGCTCC"	""	"ERX6700409"	"ERP132577"	"testis"	"Elongated_spermatids"	NA	NA	NA	"CL:4030037"	"late spermatid"	"perfect match"	"SN090"	NA	3
"GGAACTTGTCTGGAGA"	""	"ERX6700409"	"ERP132577"	"testis"	"Spermatogonia"	NA	NA	NA	"CL:0000020"	"spermatogonium"	"perfect match"	"SN090"	NA	5
"GGAACTTTCCTCCTAG"	""	"ERX6700409"	"ERP132577"	"testis"	"Round_spermatids"	NA	NA	NA	"CL:4030036"	"early spermatid"	"perfect match"	"SN090"	NA	1
"GGAATAACAGCGAACA"	""	"ERX6700409"	"ERP132577"	"testis"	"Other_somatic"	NA	NA	NA	"CL:0002371"	"somatic cell"	"perfect match"	"SN090"	NA	4
"GGAATAAGTTCCACGG"	""	"ERX6700409"	"ERP132577"	"testis"	"Sertoli"	NA	NA	NA	"CL:0000216"	"Sertoli cell"	"perfect match"	"SN090"	NA	2
"GGAATAATCGCACTCT"	""	"ERX6700409"	"ERP132577"	"testis"	"Other_somatic"	NA	NA	NA	"CL:0002371"	"somatic cell"	"perfect match"	"SN090"	NA	4
"GGACAAGAGACCCACC"	""	"ERX6700409"	"ERP132577"	"testis"	"Other_somatic"	NA	NA	NA	"CL:0002371"	"somatic cell"	"perfect match"	"SN090"	NA	4
"GGACAAGTCGGCGGTT"	""	"ERX6700409"	"ERP132577"	"testis"	"Spermatocytes"	NA	NA	NA	"CL:0000017"	"spermatocyte"	"perfect match"	"SN090"	NA	6
"GGACAGAAGGATATAC"	""	"ERX6700409"	"ERP132577"	"testis"	"Elongated_spermatids"	NA	NA	NA	"CL:4030037"	"late spermatid"	"perfect match"	"SN090"	NA	3
"GGACAGAAGTACACCT"	""	"ERX6700409"	"ERP132577"	"testis"	"Other_somatic"	NA	NA	NA	"CL:0002371"	"somatic cell"	"perfect match"	"SN090"	NA	4
"GGACAGACACTACAGT"	""	"ERX6700409"	"ERP132577"	"testis"	"Round_spermatids"	NA	NA	NA	"CL:4030036"	"early spermatid"	"perfect match"	"SN090"	NA	1
"GGACAGACACTCGACG"	""	"ERX6700409"	"ERP132577"	"testis"	"Spermatocytes"	NA	NA	NA	"CL:0000017"	"spermatocyte"	"perfect match"	"SN090"	NA	6
"GGACAGACATCCCATC"	""	"ERX6700409"	"ERP132577"	"testis"	"Round_spermatids"	NA	NA	NA	"CL:4030036"	"early spermatid"	"perfect match"	"SN090"	NA	1
"GGACATTAGCAGGCTA"	""	"ERX6700409"	"ERP132577"	"testis"	"Round_spermatids"	NA	NA	NA	"CL:4030036"	"early spermatid"	"perfect match"	"SN090"	NA	1
"GGACATTAGCGATAGC"	""	"ERX6700409"	"ERP132577"	"testis"	"Elongated_spermatids"	NA	NA	NA	"CL:4030037"	"late spermatid"	"perfect match"	"SN090"	NA	3
"GGACATTCACTATCTT"	""	"ERX6700409"	"ERP132577"	"testis"	"Spermatocytes"	NA	NA	NA	"CL:0000017"	"spermatocyte"	"perfect match"	"SN090"	NA	6
"GGACATTCATGCGCAC"	""	"ERX6700409"	"ERP132577"	"testis"	"Elongated_spermatids"	NA	NA	NA	"CL:4030037"	"late spermatid"	"perfect match"	"SN090"	NA	3
"GGACATTCATGGAATA"	""	"ERX6700409"	"ERP132577"	"testis"	"Round_spermatids"	NA	NA	NA	"CL:4030036"	"early spermatid"	"perfect match"	"SN090"	NA	1
"GGACATTCATTCACTT"	""	"ERX6700409"	"ERP132577"	"testis"	"Spermatocytes"	NA	NA	NA	"CL:0000017"	"spermatocyte"	"perfect match"	"SN090"	NA	6
"GGACATTTCAGAGACG"	""	"ERX6700409"	"ERP132577"	"testis"	"Round_spermatids"	NA	NA	NA	"CL:4030036"	"early spermatid"	"perfect match"	"SN090"	NA	1
"GGACATTTCATTTGGG"	""	"ERX6700409"	"ERP132577"	"testis"	"Other_somatic"	NA	NA	NA	"CL:0002371"	"somatic cell"	"perfect match"	"SN090"	NA	4
"GGACATTTCGCGCCAA"	""	"ERX6700409"	"ERP132577"	"testis"	"Sertoli"	NA	NA	NA	"CL:0000216"	"Sertoli cell"	"perfect match"	"SN090"	NA	2
"GGACGTCAGAGCCTAG"	""	"ERX6700409"	"ERP132577"	"testis"	"Round_spermatids"	NA	NA	NA	"CL:4030036"	"early spermatid"	"perfect match"	"SN090"	NA	1
"GGACGTCCACAGTCGC"	""	"ERX6700409"	"ERP132577"	"testis"	"Sertoli"	NA	NA	NA	"CL:0000216"	"Sertoli cell"	"perfect match"	"SN090"	NA	2
"GGACGTCGTTCATGGT"	""	"ERX6700409"	"ERP132577"	"testis"	"Other_somatic"	NA	NA	NA	"CL:0002371"	"somatic cell"	"perfect match"	"SN090"	NA	4
"GGACGTCTCTCTGAGA"	""	"ERX6700409"	"ERP132577"	"testis"	"Other_somatic"	NA	NA	NA	"CL:0002371"	"somatic cell"	"perfect match"	"SN090"	NA	4
"GGACGTCTCTTCATGT"	""	"ERX6700409"	"ERP132577"	"testis"	"Sertoli"	NA	NA	NA	"CL:0000216"	"Sertoli cell"	"perfect match"	"SN090"	NA	2
"GGAGCAAAGAATGTTG"	""	"ERX6700409"	"ERP132577"	"testis"	"Other_somatic"	NA	NA	NA	"CL:0002371"	"somatic cell"	"perfect match"	"SN090"	NA	4
"GGAGCAACACATGACT"	""	"ERX6700409"	"ERP132577"	"testis"	"Spermatogonia"	NA	NA	NA	"CL:0000020"	"spermatogonium"	"perfect match"	"SN090"	NA	5
"GGAGCAAGTAAGTAGT"	""	"ERX6700409"	"ERP132577"	"testis"	"Round_spermatids"	NA	NA	NA	"CL:4030036"	"early spermatid"	"perfect match"	"SN090"	NA	1
"GGAGCAATCTAACGGT"	""	"ERX6700409"	"ERP132577"	"testis"	"Spermatogonia"	NA	NA	NA	"CL:0000020"	"spermatogonium"	"perfect match"	"SN090"	NA	5
"GGATGTTAGAGGTTAT"	""	"ERX6700409"	"ERP132577"	"testis"	"Round_spermatids"	NA	NA	NA	"CL:4030036"	"early spermatid"	"perfect match"	"SN090"	NA	1
"GGATGTTAGTAGTGCG"	""	"ERX6700409"	"ERP132577"	"testis"	"Other_somatic"	NA	NA	NA	"CL:0002371"	"somatic cell"	"perfect match"	"SN090"	NA	4
"GGATGTTCATCGGACC"	""	"ERX6700409"	"ERP132577"	"testis"	"Spermatocytes"	NA	NA	NA	"CL:0000017"	"spermatocyte"	"perfect match"	"SN090"	NA	6
"GGATGTTGTTTAGGAA"	""	"ERX6700409"	"ERP132577"	"testis"	"Round_spermatids"	NA	NA	NA	"CL:4030036"	"early spermatid"	"perfect match"	"SN090"	NA	1
"GGATGTTTCGACCAGC"	""	"ERX6700409"	"ERP132577"	"testis"	"Round_spermatids"	NA	NA	NA	"CL:4030036"	"early spermatid"	"perfect match"	"SN090"	NA	1
"GGATGTTTCGTAGATC"	""	"ERX6700409"	"ERP132577"	"testis"	"Round_spermatids"	NA	NA	NA	"CL:4030036"	"early spermatid"	"perfect match"	"SN090"	NA	1
"GGATGTTTCTTAGCCC"	""	"ERX6700409"	"ERP132577"	"testis"	"Spermatocytes"	NA	NA	NA	"CL:0000017"	"spermatocyte"	"perfect match"	"SN090"	NA	6
"GGATTACAGGGTCTCC"	""	"ERX6700409"	"ERP132577"	"testis"	"Elongated_spermatids"	NA	NA	NA	"CL:4030037"	"late spermatid"	"perfect match"	"SN090"	NA	3
"GGATTACGTAACGCGA"	""	"ERX6700409"	"ERP132577"	"testis"	"Other_somatic"	NA	NA	NA	"CL:0002371"	"somatic cell"	"perfect match"	"SN090"	NA	4
"GGATTACGTAGATTAG"	""	"ERX6700409"	"ERP132577"	"testis"	"Round_spermatids"	NA	NA	NA	"CL:4030036"	"early spermatid"	"perfect match"	"SN090"	NA	1
"GGATTACTCGTTGCCT"	""	"ERX6700409"	"ERP132577"	"testis"	"Other_somatic"	NA	NA	NA	"CL:0002371"	"somatic cell"	"perfect match"	"SN090"	NA	4
"GGCAATTAGTTACGGG"	""	"ERX6700409"	"ERP132577"	"testis"	"Round_spermatids"	NA	NA	NA	"CL:4030036"	"early spermatid"	"perfect match"	"SN090"	NA	1
"GGCAATTCATTAACCG"	""	"ERX6700409"	"ERP132577"	"testis"	"Elongated_spermatids"	NA	NA	NA	"CL:4030037"	"late spermatid"	"perfect match"	"SN090"	NA	3
"GGCCGATAGTAGGTGC"	""	"ERX6700409"	"ERP132577"	"testis"	"Spermatocytes"	NA	NA	NA	"CL:0000017"	"spermatocyte"	"perfect match"	"SN090"	NA	6
"GGCCGATGTTTGTGTG"	""	"ERX6700409"	"ERP132577"	"testis"	"Elongated_spermatids"	NA	NA	NA	"CL:4030037"	"late spermatid"	"perfect match"	"SN090"	NA	3
"GGCCGATTCGTACCGG"	""	"ERX6700409"	"ERP132577"	"testis"	"Round_spermatids"	NA	NA	NA	"CL:4030036"	"early spermatid"	"perfect match"	"SN090"	NA	1
"GGCCGATTCTGCTGTC"	""	"ERX6700409"	"ERP132577"	"testis"	"Other_somatic"	NA	NA	NA	"CL:0002371"	"somatic cell"	"perfect match"	"SN090"	NA	4
"GGCGACTAGCAGACTG"	""	"ERX6700409"	"ERP132577"	"testis"	"Sertoli"	NA	NA	NA	"CL:0000216"	"Sertoli cell"	"perfect match"	"SN090"	NA	2
"GGCGACTTCTTATCTG"	""	"ERX6700409"	"ERP132577"	"testis"	"Elongated_spermatids"	NA	NA	NA	"CL:4030037"	"late spermatid"	"perfect match"	"SN090"	NA	3
"GGCGTGTAGTGGTAAT"	""	"ERX6700409"	"ERP132577"	"testis"	"Spermatocytes"	NA	NA	NA	"CL:0000017"	"spermatocyte"	"perfect match"	"SN090"	NA	6
"GGCGTGTGTACCGTAT"	""	"ERX6700409"	"ERP132577"	"testis"	"Elongated_spermatids"	NA	NA	NA	"CL:4030037"	"late spermatid"	"perfect match"	"SN090"	NA	3
"GGCGTGTTCATACGGT"	""	"ERX6700409"	"ERP132577"	"testis"	"Spermatogonia"	NA	NA	NA	"CL:0000020"	"spermatogonium"	"perfect match"	"SN090"	NA	5
"GGCGTGTTCATGTCCC"	""	"ERX6700409"	"ERP132577"	"testis"	"Sertoli"	NA	NA	NA	"CL:0000216"	"Sertoli cell"	"perfect match"	"SN090"	NA	2
"GGCTCGAAGACGACGT"	""	"ERX6700409"	"ERP132577"	"testis"	"Spermatocytes"	NA	NA	NA	"CL:0000017"	"spermatocyte"	"perfect match"	"SN090"	NA	6
"GGCTCGAAGGGTGTTG"	""	"ERX6700409"	"ERP132577"	"testis"	"Other_somatic"	NA	NA	NA	"CL:0002371"	"somatic cell"	"perfect match"	"SN090"	NA	4
"GGCTCGACACGCATCG"	""	"ERX6700409"	"ERP132577"	"testis"	"Other_somatic"	NA	NA	NA	"CL:0002371"	"somatic cell"	"perfect match"	"SN090"	NA	4
"GGCTCGACAGGCTGAA"	""	"ERX6700409"	"ERP132577"	"testis"	"Elongated_spermatids"	NA	NA	NA	"CL:4030037"	"late spermatid"	"perfect match"	"SN090"	NA	3
"GGCTCGACAGGGATTG"	""	"ERX6700409"	"ERP132577"	"testis"	"Elongated_spermatids"	NA	NA	NA	"CL:4030037"	"late spermatid"	"perfect match"	"SN090"	NA	3
"GGCTCGAGTCAGAGGT"	""	"ERX6700409"	"ERP132577"	"testis"	"Other_somatic"	NA	NA	NA	"CL:0002371"	"somatic cell"	"perfect match"	"SN090"	NA	4
"GGCTGGTCATAGGATA"	""	"ERX6700409"	"ERP132577"	"testis"	"Spermatocytes"	NA	NA	NA	"CL:0000017"	"spermatocyte"	"perfect match"	"SN090"	NA	6
"GGCTGGTTCCTATGTT"	""	"ERX6700409"	"ERP132577"	"testis"	"Elongated_spermatids"	NA	NA	NA	"CL:4030037"	"late spermatid"	"perfect match"	"SN090"	NA	3
"GGGACCTAGCGGCTTC"	""	"ERX6700409"	"ERP132577"	"testis"	"Elongated_spermatids"	NA	NA	NA	"CL:4030037"	"late spermatid"	"perfect match"	"SN090"	NA	3
"GGGACCTAGGCCATAG"	""	"ERX6700409"	"ERP132577"	"testis"	"Other_somatic"	NA	NA	NA	"CL:0002371"	"somatic cell"	"perfect match"	"SN090"	NA	4
"GGGACCTCAAGCGCTC"	""	"ERX6700409"	"ERP132577"	"testis"	"Spermatocytes"	NA	NA	NA	"CL:0000017"	"spermatocyte"	"perfect match"	"SN090"	NA	6
"GGGACCTCAAGGGTCA"	""	"ERX6700409"	"ERP132577"	"testis"	"Elongated_spermatids"	NA	NA	NA	"CL:4030037"	"late spermatid"	"perfect match"	"SN090"	NA	3
"GGGACCTCATGGTCTA"	""	"ERX6700409"	"ERP132577"	"testis"	"Other_somatic"	NA	NA	NA	"CL:0002371"	"somatic cell"	"perfect match"	"SN090"	NA	4
"GGGACCTGTTACGTCA"	""	"ERX6700409"	"ERP132577"	"testis"	"Sertoli"	NA	NA	NA	"CL:0000216"	"Sertoli cell"	"perfect match"	"SN090"	NA	2
"GGGACCTTCCAAAGTC"	""	"ERX6700409"	"ERP132577"	"testis"	"Spermatocytes"	NA	NA	NA	"CL:0000017"	"spermatocyte"	"perfect match"	"SN090"	NA	6
"GGGACCTTCGAGAACG"	""	"ERX6700409"	"ERP132577"	"testis"	"Spermatogonia"	NA	NA	NA	"CL:0000020"	"spermatogonium"	"perfect match"	"SN090"	NA	5
"GGGACCTTCTGCCCTA"	""	"ERX6700409"	"ERP132577"	"testis"	"Elongated_spermatids"	NA	NA	NA	"CL:4030037"	"late spermatid"	"perfect match"	"SN090"	NA	3
"GGGAGATAGAGGTTGC"	""	"ERX6700409"	"ERP132577"	"testis"	"Sertoli"	NA	NA	NA	"CL:0000216"	"Sertoli cell"	"perfect match"	"SN090"	NA	2
"GGGAGATCACCTATCC"	""	"ERX6700409"	"ERP132577"	"testis"	"Elongated_spermatids"	NA	NA	NA	"CL:4030037"	"late spermatid"	"perfect match"	"SN090"	NA	3
"GGGAGATGTATATGAG"	""	"ERX6700409"	"ERP132577"	"testis"	"Other_somatic"	NA	NA	NA	"CL:0002371"	"somatic cell"	"perfect match"	"SN090"	NA	4
"GGGAGATGTTTAAGCC"	""	"ERX6700409"	"ERP132577"	"testis"	"Round_spermatids"	NA	NA	NA	"CL:4030036"	"early spermatid"	"perfect match"	"SN090"	NA	1
"GGGAGATGTTTCGCTC"	""	"ERX6700409"	"ERP132577"	"testis"	"Round_spermatids"	NA	NA	NA	"CL:4030036"	"early spermatid"	"perfect match"	"SN090"	NA	1
"GGGATGACATGCCACG"	""	"ERX6700409"	"ERP132577"	"testis"	"Other_somatic"	NA	NA	NA	"CL:0002371"	"somatic cell"	"perfect match"	"SN090"	NA	4
"GGGATGAGTAGCTAAA"	""	"ERX6700409"	"ERP132577"	"testis"	"Round_spermatids"	NA	NA	NA	"CL:4030036"	"early spermatid"	"perfect match"	"SN090"	NA	1
"GGGATGAGTGATGCCC"	""	"ERX6700409"	"ERP132577"	"testis"	"Round_spermatids"	NA	NA	NA	"CL:4030036"	"early spermatid"	"perfect match"	"SN090"	NA	1
"GGGATGATCACCGTAA"	""	"ERX6700409"	"ERP132577"	"testis"	"Other_somatic"	NA	NA	NA	"CL:0002371"	"somatic cell"	"perfect match"	"SN090"	NA	4
"GGGATGATCTCAAACG"	""	"ERX6700409"	"ERP132577"	"testis"	"Other_somatic"	NA	NA	NA	"CL:0002371"	"somatic cell"	"perfect match"	"SN090"	NA	4
"GGGCACTCAGTCAGCC"	""	"ERX6700409"	"ERP132577"	"testis"	"Spermatocytes"	NA	NA	NA	"CL:0000017"	"spermatocyte"	"perfect match"	"SN090"	NA	6
"GGGCACTTCCCTGACT"	""	"ERX6700409"	"ERP132577"	"testis"	"Spermatocytes"	NA	NA	NA	"CL:0000017"	"spermatocyte"	"perfect match"	"SN090"	NA	6
"GGGCATCAGAAGGTGA"	""	"ERX6700409"	"ERP132577"	"testis"	"Round_spermatids"	NA	NA	NA	"CL:4030036"	"early spermatid"	"perfect match"	"SN090"	NA	1
"GGGCATCCATAGGATA"	""	"ERX6700409"	"ERP132577"	"testis"	"Sertoli"	NA	NA	NA	"CL:0000216"	"Sertoli cell"	"perfect match"	"SN090"	NA	2
"GGGCATCCATGGGACA"	""	"ERX6700409"	"ERP132577"	"testis"	"Sertoli"	NA	NA	NA	"CL:0000216"	"Sertoli cell"	"perfect match"	"SN090"	NA	2
"GGGCATCGTCTACCTC"	""	"ERX6700409"	"ERP132577"	"testis"	"Sertoli"	NA	NA	NA	"CL:0000216"	"Sertoli cell"	"perfect match"	"SN090"	NA	2
"GGGTCTGAGTCGATAA"	""	"ERX6700409"	"ERP132577"	"testis"	"Round_spermatids"	NA	NA	NA	"CL:4030036"	"early spermatid"	"perfect match"	"SN090"	NA	1
"GGGTCTGTCGGATGGA"	""	"ERX6700409"	"ERP132577"	"testis"	"Other_somatic"	NA	NA	NA	"CL:0002371"	"somatic cell"	"perfect match"	"SN090"	NA	4
"GGGTCTGTCTCCAACC"	""	"ERX6700409"	"ERP132577"	"testis"	"Other_somatic"	NA	NA	NA	"CL:0002371"	"somatic cell"	"perfect match"	"SN090"	NA	4
"GGGTTGCCAAGACGTG"	""	"ERX6700409"	"ERP132577"	"testis"	"Sertoli"	NA	NA	NA	"CL:0000216"	"Sertoli cell"	"perfect match"	"SN090"	NA	2
"GGGTTGCCACACCGCA"	""	"ERX6700409"	"ERP132577"	"testis"	"Elongated_spermatids"	NA	NA	NA	"CL:4030037"	"late spermatid"	"perfect match"	"SN090"	NA	3
"GGGTTGCCATATACGC"	""	"ERX6700409"	"ERP132577"	"testis"	"Spermatocytes"	NA	NA	NA	"CL:0000017"	"spermatocyte"	"perfect match"	"SN090"	NA	6
"GGGTTGCCATGAACCT"	""	"ERX6700409"	"ERP132577"	"testis"	"Elongated_spermatids"	NA	NA	NA	"CL:4030037"	"late spermatid"	"perfect match"	"SN090"	NA	3
"GGTATTGCAACCGCCA"	""	"ERX6700409"	"ERP132577"	"testis"	"Spermatogonia"	NA	NA	NA	"CL:0000020"	"spermatogonium"	"perfect match"	"SN090"	NA	5
"GGTATTGTCGCTAGCG"	""	"ERX6700409"	"ERP132577"	"testis"	"Round_spermatids"	NA	NA	NA	"CL:4030036"	"early spermatid"	"perfect match"	"SN090"	NA	1
"GGTGAAGAGCTGCGAA"	""	"ERX6700409"	"ERP132577"	"testis"	"Round_spermatids"	NA	NA	NA	"CL:4030036"	"early spermatid"	"perfect match"	"SN090"	NA	1
"GGTGAAGCAGCTCGAC"	""	"ERX6700409"	"ERP132577"	"testis"	"Spermatogonia"	NA	NA	NA	"CL:0000020"	"spermatogonium"	"perfect match"	"SN090"	NA	5
"GGTGAAGGTTGTGGCC"	""	"ERX6700409"	"ERP132577"	"testis"	"Sertoli"	NA	NA	NA	"CL:0000216"	"Sertoli cell"	"perfect match"	"SN090"	NA	2
"GGTGCGTAGACTACAA"	""	"ERX6700409"	"ERP132577"	"testis"	"Round_spermatids"	NA	NA	NA	"CL:4030036"	"early spermatid"	"perfect match"	"SN090"	NA	1
"GGTGCGTAGTTAAGTG"	""	"ERX6700409"	"ERP132577"	"testis"	"Round_spermatids"	NA	NA	NA	"CL:4030036"	"early spermatid"	"perfect match"	"SN090"	NA	1
"GGTGCGTTCAAGATCC"	""	"ERX6700409"	"ERP132577"	"testis"	"Round_spermatids"	NA	NA	NA	"CL:4030036"	"early spermatid"	"perfect match"	"SN090"	NA	1
"GGTGCGTTCCTAAGTG"	""	"ERX6700409"	"ERP132577"	"testis"	"Round_spermatids"	NA	NA	NA	"CL:4030036"	"early spermatid"	"perfect match"	"SN090"	NA	1
"GGTGTTAGTTCCTCCA"	""	"ERX6700409"	"ERP132577"	"testis"	"Sertoli"	NA	NA	NA	"CL:0000216"	"Sertoli cell"	"perfect match"	"SN090"	NA	2
"GGTGTTATCGCCATAA"	""	"ERX6700409"	"ERP132577"	"testis"	"Sertoli"	NA	NA	NA	"CL:0000216"	"Sertoli cell"	"perfect match"	"SN090"	NA	2
"GTAACGTCAACGATCT"	""	"ERX6700409"	"ERP132577"	"testis"	"Other_somatic"	NA	NA	NA	"CL:0002371"	"somatic cell"	"perfect match"	"SN090"	NA	4
"GTAACGTCAAGTCTAC"	""	"ERX6700409"	"ERP132577"	"testis"	"Round_spermatids"	NA	NA	NA	"CL:4030036"	"early spermatid"	"perfect match"	"SN090"	NA	1
"GTAACGTCACGAGGTA"	""	"ERX6700409"	"ERP132577"	"testis"	"Round_spermatids"	NA	NA	NA	"CL:4030036"	"early spermatid"	"perfect match"	"SN090"	NA	1
"GTAACGTCAGTACACT"	""	"ERX6700409"	"ERP132577"	"testis"	"Sertoli"	NA	NA	NA	"CL:0000216"	"Sertoli cell"	"perfect match"	"SN090"	NA	2
"GTAACGTCATGGAATA"	""	"ERX6700409"	"ERP132577"	"testis"	"Elongated_spermatids"	NA	NA	NA	"CL:4030037"	"late spermatid"	"perfect match"	"SN090"	NA	3
"GTAACGTGTTTCGCTC"	""	"ERX6700409"	"ERP132577"	"testis"	"Elongated_spermatids"	NA	NA	NA	"CL:4030037"	"late spermatid"	"perfect match"	"SN090"	NA	3
"GTAACGTTCGAGCCCA"	""	"ERX6700409"	"ERP132577"	"testis"	"Spermatogonia"	NA	NA	NA	"CL:0000020"	"spermatogonium"	"perfect match"	"SN090"	NA	5
"GTAACGTTCTTGTTTG"	""	"ERX6700409"	"ERP132577"	"testis"	"Sertoli"	NA	NA	NA	"CL:0000216"	"Sertoli cell"	"perfect match"	"SN090"	NA	2
"GTAACTGCATAGGATA"	""	"ERX6700409"	"ERP132577"	"testis"	"Spermatocytes"	NA	NA	NA	"CL:0000017"	"spermatocyte"	"perfect match"	"SN090"	NA	6
"GTAACTGGTACCGTAT"	""	"ERX6700409"	"ERP132577"	"testis"	"Round_spermatids"	NA	NA	NA	"CL:4030036"	"early spermatid"	"perfect match"	"SN090"	NA	1
"GTAACTGGTGGCGAAT"	""	"ERX6700409"	"ERP132577"	"testis"	"Spermatocytes"	NA	NA	NA	"CL:0000017"	"spermatocyte"	"perfect match"	"SN090"	NA	6
"GTAACTGGTTCCCGAG"	""	"ERX6700409"	"ERP132577"	"testis"	"Round_spermatids"	NA	NA	NA	"CL:4030036"	"early spermatid"	"perfect match"	"SN090"	NA	1
"GTAACTGTCTGCTTGC"	""	"ERX6700409"	"ERP132577"	"testis"	"Round_spermatids"	NA	NA	NA	"CL:4030036"	"early spermatid"	"perfect match"	"SN090"	NA	1
"GTACGTAAGTGTTAGA"	""	"ERX6700409"	"ERP132577"	"testis"	"Other_somatic"	NA	NA	NA	"CL:0002371"	"somatic cell"	"perfect match"	"SN090"	NA	4
"GTACGTATCACATGCA"	""	"ERX6700409"	"ERP132577"	"testis"	"Other_somatic"	NA	NA	NA	"CL:0002371"	"somatic cell"	"perfect match"	"SN090"	NA	4
"GTACGTATCCGTTGCT"	""	"ERX6700409"	"ERP132577"	"testis"	"Elongated_spermatids"	NA	NA	NA	"CL:4030037"	"late spermatid"	"perfect match"	"SN090"	NA	3
"GTACGTATCTCCTATA"	""	"ERX6700409"	"ERP132577"	"testis"	"Sertoli"	NA	NA	NA	"CL:0000216"	"Sertoli cell"	"perfect match"	"SN090"	NA	2
"GTACTCCAGATATGCA"	""	"ERX6700409"	"ERP132577"	"testis"	"Spermatocytes"	NA	NA	NA	"CL:0000017"	"spermatocyte"	"perfect match"	"SN090"	NA	6
"GTACTCCCAAGCGTAG"	""	"ERX6700409"	"ERP132577"	"testis"	"Elongated_spermatids"	NA	NA	NA	"CL:4030037"	"late spermatid"	"perfect match"	"SN090"	NA	3
"GTACTCCCAATAGAGT"	""	"ERX6700409"	"ERP132577"	"testis"	"Round_spermatids"	NA	NA	NA	"CL:4030036"	"early spermatid"	"perfect match"	"SN090"	NA	1
"GTACTCCGTCGAACAG"	""	"ERX6700409"	"ERP132577"	"testis"	"Spermatocytes"	NA	NA	NA	"CL:0000017"	"spermatocyte"	"perfect match"	"SN090"	NA	6
"GTACTCCTCGCCTGTT"	""	"ERX6700409"	"ERP132577"	"testis"	"Round_spermatids"	NA	NA	NA	"CL:4030036"	"early spermatid"	"perfect match"	"SN090"	NA	1
"GTACTTTCATGCCACG"	""	"ERX6700409"	"ERP132577"	"testis"	"Round_spermatids"	NA	NA	NA	"CL:4030036"	"early spermatid"	"perfect match"	"SN090"	NA	1
"GTACTTTGTCCCTACT"	""	"ERX6700409"	"ERP132577"	"testis"	"Other_somatic"	NA	NA	NA	"CL:0002371"	"somatic cell"	"perfect match"	"SN090"	NA	4
"GTACTTTTCTTGACGA"	""	"ERX6700409"	"ERP132577"	"testis"	"Other_somatic"	NA	NA	NA	"CL:0002371"	"somatic cell"	"perfect match"	"SN090"	NA	4
"GTAGGCCGTCCAAGTT"	""	"ERX6700409"	"ERP132577"	"testis"	"Sertoli"	NA	NA	NA	"CL:0000216"	"Sertoli cell"	"perfect match"	"SN090"	NA	2
"GTAGGCCTCCACGTTC"	""	"ERX6700409"	"ERP132577"	"testis"	"Spermatogonia"	NA	NA	NA	"CL:0000020"	"spermatogonium"	"perfect match"	"SN090"	NA	5
"GTAGTCAAGAATGTTG"	""	"ERX6700409"	"ERP132577"	"testis"	"Spermatogonia"	NA	NA	NA	"CL:0000020"	"spermatogonium"	"perfect match"	"SN090"	NA	5
"GTAGTCAGTCTGCAAT"	""	"ERX6700409"	"ERP132577"	"testis"	"Elongated_spermatids"	NA	NA	NA	"CL:4030037"	"late spermatid"	"perfect match"	"SN090"	NA	3
"GTAGTCAGTGGCCCTA"	""	"ERX6700409"	"ERP132577"	"testis"	"Round_spermatids"	NA	NA	NA	"CL:4030036"	"early spermatid"	"perfect match"	"SN090"	NA	1
"GTATCTTAGAAGATTC"	""	"ERX6700409"	"ERP132577"	"testis"	"Sertoli"	NA	NA	NA	"CL:0000216"	"Sertoli cell"	"perfect match"	"SN090"	NA	2
"GTATCTTAGCGTAGTG"	""	"ERX6700409"	"ERP132577"	"testis"	"Other_somatic"	NA	NA	NA	"CL:0002371"	"somatic cell"	"perfect match"	"SN090"	NA	4
"GTATCTTAGTTCGCAT"	""	"ERX6700409"	"ERP132577"	"testis"	"Round_spermatids"	NA	NA	NA	"CL:4030036"	"early spermatid"	"perfect match"	"SN090"	NA	1
"GTATCTTCAGTCTTCC"	""	"ERX6700409"	"ERP132577"	"testis"	"Sertoli"	NA	NA	NA	"CL:0000216"	"Sertoli cell"	"perfect match"	"SN090"	NA	2
"GTATCTTCATAACCTG"	""	"ERX6700409"	"ERP132577"	"testis"	"Other_somatic"	NA	NA	NA	"CL:0002371"	"somatic cell"	"perfect match"	"SN090"	NA	4
"GTATCTTGTCTCATCC"	""	"ERX6700409"	"ERP132577"	"testis"	"Spermatogonia"	NA	NA	NA	"CL:0000020"	"spermatogonium"	"perfect match"	"SN090"	NA	5
"GTATTCTGTTACTGAC"	""	"ERX6700409"	"ERP132577"	"testis"	"Sertoli"	NA	NA	NA	"CL:0000216"	"Sertoli cell"	"perfect match"	"SN090"	NA	2
"GTATTCTTCCGCGTTT"	""	"ERX6700409"	"ERP132577"	"testis"	"Other_somatic"	NA	NA	NA	"CL:0002371"	"somatic cell"	"perfect match"	"SN090"	NA	4
"GTATTCTTCGACGGAA"	""	"ERX6700409"	"ERP132577"	"testis"	"Spermatogonia"	NA	NA	NA	"CL:0000020"	"spermatogonium"	"perfect match"	"SN090"	NA	5
"GTATTCTTCTGCTGTC"	""	"ERX6700409"	"ERP132577"	"testis"	"Elongated_spermatids"	NA	NA	NA	"CL:4030037"	"late spermatid"	"perfect match"	"SN090"	NA	3
"GTCAAGTAGCTTATCG"	""	"ERX6700409"	"ERP132577"	"testis"	"Round_spermatids"	NA	NA	NA	"CL:4030036"	"early spermatid"	"perfect match"	"SN090"	NA	1
"GTCAAGTGTTCGTTGA"	""	"ERX6700409"	"ERP132577"	"testis"	"Elongated_spermatids"	NA	NA	NA	"CL:4030037"	"late spermatid"	"perfect match"	"SN090"	NA	3
"GTCAAGTTCCGCATAA"	""	"ERX6700409"	"ERP132577"	"testis"	"Elongated_spermatids"	NA	NA	NA	"CL:4030037"	"late spermatid"	"perfect match"	"SN090"	NA	3
"GTCAAGTTCTGATTCT"	""	"ERX6700409"	"ERP132577"	"testis"	"Round_spermatids"	NA	NA	NA	"CL:4030036"	"early spermatid"	"perfect match"	"SN090"	NA	1
"GTCAAGTTCTGCAAGT"	""	"ERX6700409"	"ERP132577"	"testis"	"Round_spermatids"	NA	NA	NA	"CL:4030036"	"early spermatid"	"perfect match"	"SN090"	NA	1
"GTCACAACAGATTGCT"	""	"ERX6700409"	"ERP132577"	"testis"	"Spermatocytes"	NA	NA	NA	"CL:0000017"	"spermatocyte"	"perfect match"	"SN090"	NA	6
"GTCACAAGTGTAACGG"	""	"ERX6700409"	"ERP132577"	"testis"	"Spermatocytes"	NA	NA	NA	"CL:0000017"	"spermatocyte"	"perfect match"	"SN090"	NA	6
"GTCACAATCACATGCA"	""	"ERX6700409"	"ERP132577"	"testis"	"Other_somatic"	NA	NA	NA	"CL:0002371"	"somatic cell"	"perfect match"	"SN090"	NA	4
"GTCACAATCATGGTCA"	""	"ERX6700409"	"ERP132577"	"testis"	"Sertoli"	NA	NA	NA	"CL:0000216"	"Sertoli cell"	"perfect match"	"SN090"	NA	2
"GTCACGGAGGGTGTGT"	""	"ERX6700409"	"ERP132577"	"testis"	"Sertoli"	NA	NA	NA	"CL:0000216"	"Sertoli cell"	"perfect match"	"SN090"	NA	2
"GTCATTTAGCCGGTAA"	""	"ERX6700409"	"ERP132577"	"testis"	"Round_spermatids"	NA	NA	NA	"CL:4030036"	"early spermatid"	"perfect match"	"SN090"	NA	1
"GTCATTTCAATGGTCT"	""	"ERX6700409"	"ERP132577"	"testis"	"Other_somatic"	NA	NA	NA	"CL:0002371"	"somatic cell"	"perfect match"	"SN090"	NA	4
"GTCATTTCACAACGCC"	""	"ERX6700409"	"ERP132577"	"testis"	"Other_somatic"	NA	NA	NA	"CL:0002371"	"somatic cell"	"perfect match"	"SN090"	NA	4
"GTCATTTCATCCTAGA"	""	"ERX6700409"	"ERP132577"	"testis"	"Round_spermatids"	NA	NA	NA	"CL:4030036"	"early spermatid"	"perfect match"	"SN090"	NA	1
"GTCATTTGTAGAGCTG"	""	"ERX6700409"	"ERP132577"	"testis"	"Other_somatic"	NA	NA	NA	"CL:0002371"	"somatic cell"	"perfect match"	"SN090"	NA	4
"GTCATTTTCGGACAAG"	""	"ERX6700409"	"ERP132577"	"testis"	"Round_spermatids"	NA	NA	NA	"CL:4030036"	"early spermatid"	"perfect match"	"SN090"	NA	1
"GTCATTTTCTGACCTC"	""	"ERX6700409"	"ERP132577"	"testis"	"Sertoli"	NA	NA	NA	"CL:0000216"	"Sertoli cell"	"perfect match"	"SN090"	NA	2
"GTCCTCACATCGATGT"	""	"ERX6700409"	"ERP132577"	"testis"	"Round_spermatids"	NA	NA	NA	"CL:4030036"	"early spermatid"	"perfect match"	"SN090"	NA	1
"GTCGGGTCATCCTAGA"	""	"ERX6700409"	"ERP132577"	"testis"	"Sertoli"	NA	NA	NA	"CL:0000216"	"Sertoli cell"	"perfect match"	"SN090"	NA	2
"GTCGGGTGTTCAGACT"	""	"ERX6700409"	"ERP132577"	"testis"	"Sertoli"	NA	NA	NA	"CL:0000216"	"Sertoli cell"	"perfect match"	"SN090"	NA	2
"GTCGGGTTCACGACTA"	""	"ERX6700409"	"ERP132577"	"testis"	"Round_spermatids"	NA	NA	NA	"CL:4030036"	"early spermatid"	"perfect match"	"SN090"	NA	1
"GTCGTAAAGGAGTCTG"	""	"ERX6700409"	"ERP132577"	"testis"	"Round_spermatids"	NA	NA	NA	"CL:4030036"	"early spermatid"	"perfect match"	"SN090"	NA	1
"GTCGTAACAATGTTGC"	""	"ERX6700409"	"ERP132577"	"testis"	"Elongated_spermatids"	NA	NA	NA	"CL:4030037"	"late spermatid"	"perfect match"	"SN090"	NA	3
"GTCGTAATCTCGCATC"	""	"ERX6700409"	"ERP132577"	"testis"	"Round_spermatids"	NA	NA	NA	"CL:4030036"	"early spermatid"	"perfect match"	"SN090"	NA	1
"GTCGTAATCTGGTTCC"	""	"ERX6700409"	"ERP132577"	"testis"	"Round_spermatids"	NA	NA	NA	"CL:4030036"	"early spermatid"	"perfect match"	"SN090"	NA	1
"GTCTCGTAGAACAACT"	""	"ERX6700409"	"ERP132577"	"testis"	"Elongated_spermatids"	NA	NA	NA	"CL:4030037"	"late spermatid"	"perfect match"	"SN090"	NA	3
"GTCTCGTAGGCTATCT"	""	"ERX6700409"	"ERP132577"	"testis"	"Round_spermatids"	NA	NA	NA	"CL:4030036"	"early spermatid"	"perfect match"	"SN090"	NA	1
"GTCTCGTCAAGGACTG"	""	"ERX6700409"	"ERP132577"	"testis"	"Spermatocytes"	NA	NA	NA	"CL:0000017"	"spermatocyte"	"perfect match"	"SN090"	NA	6
"GTCTCGTTCGCATGGC"	""	"ERX6700409"	"ERP132577"	"testis"	"Round_spermatids"	NA	NA	NA	"CL:4030036"	"early spermatid"	"perfect match"	"SN090"	NA	1
"GTCTCGTTCGCCAAAT"	""	"ERX6700409"	"ERP132577"	"testis"	"Other_somatic"	NA	NA	NA	"CL:0002371"	"somatic cell"	"perfect match"	"SN090"	NA	4
"GTCTCGTTCTCAAGTG"	""	"ERX6700409"	"ERP132577"	"testis"	"Sertoli"	NA	NA	NA	"CL:0000216"	"Sertoli cell"	"perfect match"	"SN090"	NA	2
"GTCTTCGAGGGATCTG"	""	"ERX6700409"	"ERP132577"	"testis"	"Other_somatic"	NA	NA	NA	"CL:0002371"	"somatic cell"	"perfect match"	"SN090"	NA	4
"GTCTTCGCACCTGGTG"	""	"ERX6700409"	"ERP132577"	"testis"	"Sertoli"	NA	NA	NA	"CL:0000216"	"Sertoli cell"	"perfect match"	"SN090"	NA	2
"GTCTTCGCAGCTGTGC"	""	"ERX6700409"	"ERP132577"	"testis"	"Other_somatic"	NA	NA	NA	"CL:0002371"	"somatic cell"	"perfect match"	"SN090"	NA	4
"GTCTTCGTCCAAAGTC"	""	"ERX6700409"	"ERP132577"	"testis"	"Other_somatic"	NA	NA	NA	"CL:0002371"	"somatic cell"	"perfect match"	"SN090"	NA	4
"GTCTTCGTCGTCCAGG"	""	"ERX6700409"	"ERP132577"	"testis"	"Other_somatic"	NA	NA	NA	"CL:0002371"	"somatic cell"	"perfect match"	"SN090"	NA	4
"GTGAAGGAGTGAATTG"	""	"ERX6700409"	"ERP132577"	"testis"	"Other_somatic"	NA	NA	NA	"CL:0002371"	"somatic cell"	"perfect match"	"SN090"	NA	4
"GTGAAGGTCCATGCTC"	""	"ERX6700409"	"ERP132577"	"testis"	"Spermatocytes"	NA	NA	NA	"CL:0000017"	"spermatocyte"	"perfect match"	"SN090"	NA	6
"GTGAAGGTCTGCGTAA"	""	"ERX6700409"	"ERP132577"	"testis"	"Other_somatic"	NA	NA	NA	"CL:0002371"	"somatic cell"	"perfect match"	"SN090"	NA	4
"GTGCAGCAGATCTGAA"	""	"ERX6700409"	"ERP132577"	"testis"	"Spermatogonia"	NA	NA	NA	"CL:0000020"	"spermatogonium"	"perfect match"	"SN090"	NA	5
"GTGCAGCAGTGAAGAG"	""	"ERX6700409"	"ERP132577"	"testis"	"Other_somatic"	NA	NA	NA	"CL:0002371"	"somatic cell"	"perfect match"	"SN090"	NA	4
"GTGCAGCGTCACCTAA"	""	"ERX6700409"	"ERP132577"	"testis"	"Sertoli"	NA	NA	NA	"CL:0000216"	"Sertoli cell"	"perfect match"	"SN090"	NA	2
"GTGCATAAGACCCACC"	""	"ERX6700409"	"ERP132577"	"testis"	"Round_spermatids"	NA	NA	NA	"CL:4030036"	"early spermatid"	"perfect match"	"SN090"	NA	1
"GTGCATAAGAGTTGGC"	""	"ERX6700409"	"ERP132577"	"testis"	"Sertoli"	NA	NA	NA	"CL:0000216"	"Sertoli cell"	"perfect match"	"SN090"	NA	2
"GTGCATAAGGACCACA"	""	"ERX6700409"	"ERP132577"	"testis"	"Other_somatic"	NA	NA	NA	"CL:0002371"	"somatic cell"	"perfect match"	"SN090"	NA	4
"GTGCATACACAACTGT"	""	"ERX6700409"	"ERP132577"	"testis"	"Round_spermatids"	NA	NA	NA	"CL:4030036"	"early spermatid"	"perfect match"	"SN090"	NA	1
"GTGCGGTCAGGGTATG"	""	"ERX6700409"	"ERP132577"	"testis"	"Sertoli"	NA	NA	NA	"CL:0000216"	"Sertoli cell"	"perfect match"	"SN090"	NA	2
"GTGCTTCAGGCTCAGA"	""	"ERX6700409"	"ERP132577"	"testis"	"Sertoli"	NA	NA	NA	"CL:0000216"	"Sertoli cell"	"perfect match"	"SN090"	NA	2
"GTGCTTCCAGCCACCA"	""	"ERX6700409"	"ERP132577"	"testis"	"Elongated_spermatids"	NA	NA	NA	"CL:4030037"	"late spermatid"	"perfect match"	"SN090"	NA	3
"GTGCTTCCATCCGTGG"	""	"ERX6700409"	"ERP132577"	"testis"	"Sertoli"	NA	NA	NA	"CL:0000216"	"Sertoli cell"	"perfect match"	"SN090"	NA	2
"GTGCTTCGTGGTCTCG"	""	"ERX6700409"	"ERP132577"	"testis"	"Sertoli"	NA	NA	NA	"CL:0000216"	"Sertoli cell"	"perfect match"	"SN090"	NA	2
"GTGCTTCTCAGGCGAA"	""	"ERX6700409"	"ERP132577"	"testis"	"Other_somatic"	NA	NA	NA	"CL:0002371"	"somatic cell"	"perfect match"	"SN090"	NA	4
"GTGCTTCTCCAAACTG"	""	"ERX6700409"	"ERP132577"	"testis"	"Elongated_spermatids"	NA	NA	NA	"CL:4030037"	"late spermatid"	"perfect match"	"SN090"	NA	3
"GTGCTTCTCCTTAATC"	""	"ERX6700409"	"ERP132577"	"testis"	"Spermatocytes"	NA	NA	NA	"CL:0000017"	"spermatocyte"	"perfect match"	"SN090"	NA	6
"GTGGGTCAGGCTCTTA"	""	"ERX6700409"	"ERP132577"	"testis"	"Spermatogonia"	NA	NA	NA	"CL:0000020"	"spermatogonium"	"perfect match"	"SN090"	NA	5
"GTGGGTCTCATAGCAC"	""	"ERX6700409"	"ERP132577"	"testis"	"Sertoli"	NA	NA	NA	"CL:0000216"	"Sertoli cell"	"perfect match"	"SN090"	NA	2
"GTGTGCGAGATGTCGG"	""	"ERX6700409"	"ERP132577"	"testis"	"Round_spermatids"	NA	NA	NA	"CL:4030036"	"early spermatid"	"perfect match"	"SN090"	NA	1
"GTGTGCGAGTTAGCGG"	""	"ERX6700409"	"ERP132577"	"testis"	"Round_spermatids"	NA	NA	NA	"CL:4030036"	"early spermatid"	"perfect match"	"SN090"	NA	1
"GTGTGCGCAGTTAACC"	""	"ERX6700409"	"ERP132577"	"testis"	"Round_spermatids"	NA	NA	NA	"CL:4030036"	"early spermatid"	"perfect match"	"SN090"	NA	1
"GTGTGCGGTCTCTCGT"	""	"ERX6700409"	"ERP132577"	"testis"	"Sertoli"	NA	NA	NA	"CL:0000216"	"Sertoli cell"	"perfect match"	"SN090"	NA	2
"GTGTGCGGTGCACCAC"	""	"ERX6700409"	"ERP132577"	"testis"	"Round_spermatids"	NA	NA	NA	"CL:4030036"	"early spermatid"	"perfect match"	"SN090"	NA	1
"GTGTGCGTCCAAATGC"	""	"ERX6700409"	"ERP132577"	"testis"	"Other_somatic"	NA	NA	NA	"CL:0002371"	"somatic cell"	"perfect match"	"SN090"	NA	4
"GTGTGCGTCTCACATT"	""	"ERX6700409"	"ERP132577"	"testis"	"Elongated_spermatids"	NA	NA	NA	"CL:4030037"	"late spermatid"	"perfect match"	"SN090"	NA	3
"GTGTTAGCAAAGTCAA"	""	"ERX6700409"	"ERP132577"	"testis"	"Other_somatic"	NA	NA	NA	"CL:0002371"	"somatic cell"	"perfect match"	"SN090"	NA	4
"GTGTTAGTCTGCGGCA"	""	"ERX6700409"	"ERP132577"	"testis"	"Round_spermatids"	NA	NA	NA	"CL:4030036"	"early spermatid"	"perfect match"	"SN090"	NA	1
"GTTAAGCTCACCATAG"	""	"ERX6700409"	"ERP132577"	"testis"	"Elongated_spermatids"	NA	NA	NA	"CL:4030037"	"late spermatid"	"perfect match"	"SN090"	NA	3
"GTTAAGCTCACTATTC"	""	"ERX6700409"	"ERP132577"	"testis"	"Spermatocytes"	NA	NA	NA	"CL:0000017"	"spermatocyte"	"perfect match"	"SN090"	NA	6
"GTTAAGCTCAGTCAGT"	""	"ERX6700409"	"ERP132577"	"testis"	"Other_somatic"	NA	NA	NA	"CL:0002371"	"somatic cell"	"perfect match"	"SN090"	NA	4
"GTTAAGCTCCTAAGTG"	""	"ERX6700409"	"ERP132577"	"testis"	"Round_spermatids"	NA	NA	NA	"CL:4030036"	"early spermatid"	"perfect match"	"SN090"	NA	1
"GTTAAGCTCGGATGGA"	""	"ERX6700409"	"ERP132577"	"testis"	"Other_somatic"	NA	NA	NA	"CL:0002371"	"somatic cell"	"perfect match"	"SN090"	NA	4
"GTTACAGCAATGACCT"	""	"ERX6700409"	"ERP132577"	"testis"	"Other_somatic"	NA	NA	NA	"CL:0002371"	"somatic cell"	"perfect match"	"SN090"	NA	4
"GTTACAGCAGGAATGC"	""	"ERX6700409"	"ERP132577"	"testis"	"Other_somatic"	NA	NA	NA	"CL:0002371"	"somatic cell"	"perfect match"	"SN090"	NA	4
"GTTACAGGTTCACCTC"	""	"ERX6700409"	"ERP132577"	"testis"	"Elongated_spermatids"	NA	NA	NA	"CL:4030037"	"late spermatid"	"perfect match"	"SN090"	NA	3
"GTTACAGTCAGCTGGC"	""	"ERX6700409"	"ERP132577"	"testis"	"Round_spermatids"	NA	NA	NA	"CL:4030036"	"early spermatid"	"perfect match"	"SN090"	NA	1
"GTTACAGTCCTTTCGG"	""	"ERX6700409"	"ERP132577"	"testis"	"Round_spermatids"	NA	NA	NA	"CL:4030036"	"early spermatid"	"perfect match"	"SN090"	NA	1
"GTTCATTGTTCAACCA"	""	"ERX6700409"	"ERP132577"	"testis"	"Elongated_spermatids"	NA	NA	NA	"CL:4030037"	"late spermatid"	"perfect match"	"SN090"	NA	3
"GTTCATTTCAGAAATG"	""	"ERX6700409"	"ERP132577"	"testis"	"Other_somatic"	NA	NA	NA	"CL:0002371"	"somatic cell"	"perfect match"	"SN090"	NA	4
"GTTCGGGAGCCCAGCT"	""	"ERX6700409"	"ERP132577"	"testis"	"Round_spermatids"	NA	NA	NA	"CL:4030036"	"early spermatid"	"perfect match"	"SN090"	NA	1
"GTTCGGGCAATAACGA"	""	"ERX6700409"	"ERP132577"	"testis"	"Spermatogonia"	NA	NA	NA	"CL:0000020"	"spermatogonium"	"perfect match"	"SN090"	NA	5
"GTTCGGGGTGTTTGTG"	""	"ERX6700409"	"ERP132577"	"testis"	"Sertoli"	NA	NA	NA	"CL:0000216"	"Sertoli cell"	"perfect match"	"SN090"	NA	2
"GTTCGGGTCACAGGCC"	""	"ERX6700409"	"ERP132577"	"testis"	"Elongated_spermatids"	NA	NA	NA	"CL:4030037"	"late spermatid"	"perfect match"	"SN090"	NA	3
"GTTCGGGTCTGCCAGG"	""	"ERX6700409"	"ERP132577"	"testis"	"Round_spermatids"	NA	NA	NA	"CL:4030036"	"early spermatid"	"perfect match"	"SN090"	NA	1
"GTTCTCGAGGCGCTCT"	""	"ERX6700409"	"ERP132577"	"testis"	"Round_spermatids"	NA	NA	NA	"CL:4030036"	"early spermatid"	"perfect match"	"SN090"	NA	1
"GTTCTCGCAAACGTGG"	""	"ERX6700409"	"ERP132577"	"testis"	"Elongated_spermatids"	NA	NA	NA	"CL:4030037"	"late spermatid"	"perfect match"	"SN090"	NA	3
"GTTCTCGGTCAACTGT"	""	"ERX6700409"	"ERP132577"	"testis"	"Other_somatic"	NA	NA	NA	"CL:0002371"	"somatic cell"	"perfect match"	"SN090"	NA	4
"GTTCTCGGTGTGACGA"	""	"ERX6700409"	"ERP132577"	"testis"	"Elongated_spermatids"	NA	NA	NA	"CL:4030037"	"late spermatid"	"perfect match"	"SN090"	NA	3
"GTTTCTACAAAGGCGT"	""	"ERX6700409"	"ERP132577"	"testis"	"Other_somatic"	NA	NA	NA	"CL:0002371"	"somatic cell"	"perfect match"	"SN090"	NA	4
"GTTTCTATCCTTTACA"	""	"ERX6700409"	"ERP132577"	"testis"	"Round_spermatids"	NA	NA	NA	"CL:4030036"	"early spermatid"	"perfect match"	"SN090"	NA	1
"TAAACCGAGCTGAACG"	""	"ERX6700409"	"ERP132577"	"testis"	"Elongated_spermatids"	NA	NA	NA	"CL:4030037"	"late spermatid"	"perfect match"	"SN090"	NA	3
"TAAACCGCATGCCTTC"	""	"ERX6700409"	"ERP132577"	"testis"	"Round_spermatids"	NA	NA	NA	"CL:4030036"	"early spermatid"	"perfect match"	"SN090"	NA	1
"TAAACCGGTCTCGTTC"	""	"ERX6700409"	"ERP132577"	"testis"	"Round_spermatids"	NA	NA	NA	"CL:4030036"	"early spermatid"	"perfect match"	"SN090"	NA	1
"TAAACCGTCCGGGTGT"	""	"ERX6700409"	"ERP132577"	"testis"	"Other_somatic"	NA	NA	NA	"CL:0002371"	"somatic cell"	"perfect match"	"SN090"	NA	4
"TAAGAGAGTGTGCCTG"	""	"ERX6700409"	"ERP132577"	"testis"	"Sertoli"	NA	NA	NA	"CL:0000216"	"Sertoli cell"	"perfect match"	"SN090"	NA	2
"TAAGCGTGTCCCGACA"	""	"ERX6700409"	"ERP132577"	"testis"	"Other_somatic"	NA	NA	NA	"CL:0002371"	"somatic cell"	"perfect match"	"SN090"	NA	4
"TAAGTGCTCTGCAGTA"	""	"ERX6700409"	"ERP132577"	"testis"	"Other_somatic"	NA	NA	NA	"CL:0002371"	"somatic cell"	"perfect match"	"SN090"	NA	4
"TAAGTGCTCTTACCTA"	""	"ERX6700409"	"ERP132577"	"testis"	"Round_spermatids"	NA	NA	NA	"CL:4030036"	"early spermatid"	"perfect match"	"SN090"	NA	1
"TACACGAAGCACACAG"	""	"ERX6700409"	"ERP132577"	"testis"	"Spermatogonia"	NA	NA	NA	"CL:0000020"	"spermatogonium"	"perfect match"	"SN090"	NA	5
"TACACGACAGTGACAG"	""	"ERX6700409"	"ERP132577"	"testis"	"Elongated_spermatids"	NA	NA	NA	"CL:4030037"	"late spermatid"	"perfect match"	"SN090"	NA	3
"TACACGATCACAATGC"	""	"ERX6700409"	"ERP132577"	"testis"	"Round_spermatids"	NA	NA	NA	"CL:4030036"	"early spermatid"	"perfect match"	"SN090"	NA	1
"TACAGTGAGCTAGTTC"	""	"ERX6700409"	"ERP132577"	"testis"	"Round_spermatids"	NA	NA	NA	"CL:4030036"	"early spermatid"	"perfect match"	"SN090"	NA	1
"TACAGTGCAAACCTAC"	""	"ERX6700409"	"ERP132577"	"testis"	"Elongated_spermatids"	NA	NA	NA	"CL:4030037"	"late spermatid"	"perfect match"	"SN090"	NA	3
"TACAGTGGTGAACCTT"	""	"ERX6700409"	"ERP132577"	"testis"	"Elongated_spermatids"	NA	NA	NA	"CL:4030037"	"late spermatid"	"perfect match"	"SN090"	NA	3
"TACAGTGGTGATGATA"	""	"ERX6700409"	"ERP132577"	"testis"	"Sertoli"	NA	NA	NA	"CL:0000216"	"Sertoli cell"	"perfect match"	"SN090"	NA	2
"TACAGTGTCAGCTCTC"	""	"ERX6700409"	"ERP132577"	"testis"	"Spermatocytes"	NA	NA	NA	"CL:0000017"	"spermatocyte"	"perfect match"	"SN090"	NA	6
"TACAGTGTCCAGATCA"	""	"ERX6700409"	"ERP132577"	"testis"	"Round_spermatids"	NA	NA	NA	"CL:4030036"	"early spermatid"	"perfect match"	"SN090"	NA	1
"TACAGTGTCGCCATAA"	""	"ERX6700409"	"ERP132577"	"testis"	"Other_somatic"	NA	NA	NA	"CL:0002371"	"somatic cell"	"perfect match"	"SN090"	NA	4
"TACCTATCAACACCCG"	""	"ERX6700409"	"ERP132577"	"testis"	"Sertoli"	NA	NA	NA	"CL:0000216"	"Sertoli cell"	"perfect match"	"SN090"	NA	2
"TACCTATCAAGTAGTA"	""	"ERX6700409"	"ERP132577"	"testis"	"Round_spermatids"	NA	NA	NA	"CL:4030036"	"early spermatid"	"perfect match"	"SN090"	NA	1
"TACCTATCAAGTTCTG"	""	"ERX6700409"	"ERP132577"	"testis"	"Sertoli"	NA	NA	NA	"CL:0000216"	"Sertoli cell"	"perfect match"	"SN090"	NA	2
"TACCTATCAGACAGGT"	""	"ERX6700409"	"ERP132577"	"testis"	"Sertoli"	NA	NA	NA	"CL:0000216"	"Sertoli cell"	"perfect match"	"SN090"	NA	2
"TACCTATGTGCGAAAC"	""	"ERX6700409"	"ERP132577"	"testis"	"Spermatocytes"	NA	NA	NA	"CL:0000017"	"spermatocyte"	"perfect match"	"SN090"	NA	6
"TACCTTACAGGATCGA"	""	"ERX6700409"	"ERP132577"	"testis"	"Elongated_spermatids"	NA	NA	NA	"CL:4030037"	"late spermatid"	"perfect match"	"SN090"	NA	3
"TACCTTAGTACACCGC"	""	"ERX6700409"	"ERP132577"	"testis"	"Other_somatic"	NA	NA	NA	"CL:0002371"	"somatic cell"	"perfect match"	"SN090"	NA	4
"TACCTTAGTCACTGGC"	""	"ERX6700409"	"ERP132577"	"testis"	"Spermatogonia"	NA	NA	NA	"CL:0000020"	"spermatogonium"	"perfect match"	"SN090"	NA	5
"TACCTTATCGTATCAG"	""	"ERX6700409"	"ERP132577"	"testis"	"Round_spermatids"	NA	NA	NA	"CL:4030036"	"early spermatid"	"perfect match"	"SN090"	NA	1
"TACGGATAGAGAGCTC"	""	"ERX6700409"	"ERP132577"	"testis"	"Round_spermatids"	NA	NA	NA	"CL:4030036"	"early spermatid"	"perfect match"	"SN090"	NA	1
"TACGGATAGTACGCCC"	""	"ERX6700409"	"ERP132577"	"testis"	"Sertoli"	NA	NA	NA	"CL:0000216"	"Sertoli cell"	"perfect match"	"SN090"	NA	2
"TACGGATCAATGGACG"	""	"ERX6700409"	"ERP132577"	"testis"	"Round_spermatids"	NA	NA	NA	"CL:4030036"	"early spermatid"	"perfect match"	"SN090"	NA	1
"TACGGATCATCTCCCA"	""	"ERX6700409"	"ERP132577"	"testis"	"Sertoli"	NA	NA	NA	"CL:0000216"	"Sertoli cell"	"perfect match"	"SN090"	NA	2
"TACGGATGTCACACGC"	""	"ERX6700409"	"ERP132577"	"testis"	"Other_somatic"	NA	NA	NA	"CL:0002371"	"somatic cell"	"perfect match"	"SN090"	NA	4
"TACGGATGTTCTGTTT"	""	"ERX6700409"	"ERP132577"	"testis"	"Spermatocytes"	NA	NA	NA	"CL:0000017"	"spermatocyte"	"perfect match"	"SN090"	NA	6
"TACGGATTCCCTTGTG"	""	"ERX6700409"	"ERP132577"	"testis"	"Elongated_spermatids"	NA	NA	NA	"CL:4030037"	"late spermatid"	"perfect match"	"SN090"	NA	3
"TACGGGCCAGCATGAG"	""	"ERX6700409"	"ERP132577"	"testis"	"Sertoli"	NA	NA	NA	"CL:0000216"	"Sertoli cell"	"perfect match"	"SN090"	NA	2
"TACGGGCCAGGTCCAC"	""	"ERX6700409"	"ERP132577"	"testis"	"Other_somatic"	NA	NA	NA	"CL:0002371"	"somatic cell"	"perfect match"	"SN090"	NA	4
"TACGGGCTCACGCGGT"	""	"ERX6700409"	"ERP132577"	"testis"	"Round_spermatids"	NA	NA	NA	"CL:4030036"	"early spermatid"	"perfect match"	"SN090"	NA	1
"TACGGGCTCCCATTAT"	""	"ERX6700409"	"ERP132577"	"testis"	"Other_somatic"	NA	NA	NA	"CL:0002371"	"somatic cell"	"perfect match"	"SN090"	NA	4
"TACGGGCTCGGTTAAC"	""	"ERX6700409"	"ERP132577"	"testis"	"Round_spermatids"	NA	NA	NA	"CL:4030036"	"early spermatid"	"perfect match"	"SN090"	NA	1
"TACGGGCTCTAAGCCA"	""	"ERX6700409"	"ERP132577"	"testis"	"Round_spermatids"	NA	NA	NA	"CL:4030036"	"early spermatid"	"perfect match"	"SN090"	NA	1
"TACGGGCTCTGTCCGT"	""	"ERX6700409"	"ERP132577"	"testis"	"Spermatogonia"	NA	NA	NA	"CL:0000020"	"spermatogonium"	"perfect match"	"SN090"	NA	5
"TACGGTAAGCTAGTCT"	""	"ERX6700409"	"ERP132577"	"testis"	"Other_somatic"	NA	NA	NA	"CL:0002371"	"somatic cell"	"perfect match"	"SN090"	NA	4
"TACGGTACACTACAGT"	""	"ERX6700409"	"ERP132577"	"testis"	"Elongated_spermatids"	NA	NA	NA	"CL:4030037"	"late spermatid"	"perfect match"	"SN090"	NA	3
"TACGGTATCACCTTAT"	""	"ERX6700409"	"ERP132577"	"testis"	"Other_somatic"	NA	NA	NA	"CL:0002371"	"somatic cell"	"perfect match"	"SN090"	NA	4
"TACGGTATCGCTTAGA"	""	"ERX6700409"	"ERP132577"	"testis"	"Other_somatic"	NA	NA	NA	"CL:0002371"	"somatic cell"	"perfect match"	"SN090"	NA	4
"TACTCATAGATGTCGG"	""	"ERX6700409"	"ERP132577"	"testis"	"Round_spermatids"	NA	NA	NA	"CL:4030036"	"early spermatid"	"perfect match"	"SN090"	NA	1
"TACTCATCAGGACGTA"	""	"ERX6700409"	"ERP132577"	"testis"	"Spermatogonia"	NA	NA	NA	"CL:0000020"	"spermatogonium"	"perfect match"	"SN090"	NA	5
"TACTCATCATTGAGCT"	""	"ERX6700409"	"ERP132577"	"testis"	"Other_somatic"	NA	NA	NA	"CL:0002371"	"somatic cell"	"perfect match"	"SN090"	NA	4
"TACTCATGTATGAAAC"	""	"ERX6700409"	"ERP132577"	"testis"	"Spermatocytes"	NA	NA	NA	"CL:0000017"	"spermatocyte"	"perfect match"	"SN090"	NA	6
"TACTCATGTCTTTCAT"	""	"ERX6700409"	"ERP132577"	"testis"	"Sertoli"	NA	NA	NA	"CL:0000216"	"Sertoli cell"	"perfect match"	"SN090"	NA	2
"TACTCATTCACAATGC"	""	"ERX6700409"	"ERP132577"	"testis"	"Elongated_spermatids"	NA	NA	NA	"CL:4030037"	"late spermatid"	"perfect match"	"SN090"	NA	3
"TACTCATTCGGTTCGG"	""	"ERX6700409"	"ERP132577"	"testis"	"Round_spermatids"	NA	NA	NA	"CL:4030036"	"early spermatid"	"perfect match"	"SN090"	NA	1
"TACTCGCAGATATGCA"	""	"ERX6700409"	"ERP132577"	"testis"	"Round_spermatids"	NA	NA	NA	"CL:4030036"	"early spermatid"	"perfect match"	"SN090"	NA	1
"TACTCGCAGTGGGTTG"	""	"ERX6700409"	"ERP132577"	"testis"	"Round_spermatids"	NA	NA	NA	"CL:4030036"	"early spermatid"	"perfect match"	"SN090"	NA	1
"TACTCGCCAAGGTTCT"	""	"ERX6700409"	"ERP132577"	"testis"	"Round_spermatids"	NA	NA	NA	"CL:4030036"	"early spermatid"	"perfect match"	"SN090"	NA	1
"TACTCGCTCCACTGGG"	""	"ERX6700409"	"ERP132577"	"testis"	"Round_spermatids"	NA	NA	NA	"CL:4030036"	"early spermatid"	"perfect match"	"SN090"	NA	1
"TACTCGCTCCTTTCTC"	""	"ERX6700409"	"ERP132577"	"testis"	"Round_spermatids"	NA	NA	NA	"CL:4030036"	"early spermatid"	"perfect match"	"SN090"	NA	1
"TACTTACGTATAAACG"	""	"ERX6700409"	"ERP132577"	"testis"	"Round_spermatids"	NA	NA	NA	"CL:4030036"	"early spermatid"	"perfect match"	"SN090"	NA	1
"TACTTACTCAGGCAAG"	""	"ERX6700409"	"ERP132577"	"testis"	"Round_spermatids"	NA	NA	NA	"CL:4030036"	"early spermatid"	"perfect match"	"SN090"	NA	1
"TACTTACTCGTAGGTT"	""	"ERX6700409"	"ERP132577"	"testis"	"Round_spermatids"	NA	NA	NA	"CL:4030036"	"early spermatid"	"perfect match"	"SN090"	NA	1
"TACTTGTCACAACTGT"	""	"ERX6700409"	"ERP132577"	"testis"	"Round_spermatids"	NA	NA	NA	"CL:4030036"	"early spermatid"	"perfect match"	"SN090"	NA	1
"TACTTGTCAGACAAGC"	""	"ERX6700409"	"ERP132577"	"testis"	"Other_somatic"	NA	NA	NA	"CL:0002371"	"somatic cell"	"perfect match"	"SN090"	NA	4
"TACTTGTCAGTAAGCG"	""	"ERX6700409"	"ERP132577"	"testis"	"Spermatocytes"	NA	NA	NA	"CL:0000017"	"spermatocyte"	"perfect match"	"SN090"	NA	6
"TACTTGTTCCTCTAGC"	""	"ERX6700409"	"ERP132577"	"testis"	"Other_somatic"	NA	NA	NA	"CL:0002371"	"somatic cell"	"perfect match"	"SN090"	NA	4
"TACTTGTTCGAGAACG"	""	"ERX6700409"	"ERP132577"	"testis"	"Other_somatic"	NA	NA	NA	"CL:0002371"	"somatic cell"	"perfect match"	"SN090"	NA	4
"TACTTGTTCTTAACCT"	""	"ERX6700409"	"ERP132577"	"testis"	"Sertoli"	NA	NA	NA	"CL:0000216"	"Sertoli cell"	"perfect match"	"SN090"	NA	2
"TAGAGCTGTTTAGGAA"	""	"ERX6700409"	"ERP132577"	"testis"	"Elongated_spermatids"	NA	NA	NA	"CL:4030037"	"late spermatid"	"perfect match"	"SN090"	NA	3
"TAGAGCTTCACTTCAT"	""	"ERX6700409"	"ERP132577"	"testis"	"Other_somatic"	NA	NA	NA	"CL:0002371"	"somatic cell"	"perfect match"	"SN090"	NA	4
"TAGCCGGAGCGCCTTG"	""	"ERX6700409"	"ERP132577"	"testis"	"Other_somatic"	NA	NA	NA	"CL:0002371"	"somatic cell"	"perfect match"	"SN090"	NA	4
"TAGCCGGAGGACGAAA"	""	"ERX6700409"	"ERP132577"	"testis"	"Sertoli"	NA	NA	NA	"CL:0000216"	"Sertoli cell"	"perfect match"	"SN090"	NA	2
"TAGCCGGGTGGCCCTA"	""	"ERX6700409"	"ERP132577"	"testis"	"Other_somatic"	NA	NA	NA	"CL:0002371"	"somatic cell"	"perfect match"	"SN090"	NA	4
"TAGCCGGTCAACTCTT"	""	"ERX6700409"	"ERP132577"	"testis"	"Elongated_spermatids"	NA	NA	NA	"CL:4030037"	"late spermatid"	"perfect match"	"SN090"	NA	3
"TAGGCATAGCCAGTAG"	""	"ERX6700409"	"ERP132577"	"testis"	"Round_spermatids"	NA	NA	NA	"CL:4030036"	"early spermatid"	"perfect match"	"SN090"	NA	1
"TAGGCATCAAGCTGGA"	""	"ERX6700409"	"ERP132577"	"testis"	"Spermatogonia"	NA	NA	NA	"CL:0000020"	"spermatogonium"	"perfect match"	"SN090"	NA	5
"TAGGCATTCGACAGCC"	""	"ERX6700409"	"ERP132577"	"testis"	"Spermatocytes"	NA	NA	NA	"CL:0000017"	"spermatocyte"	"perfect match"	"SN090"	NA	6
"TAGTGGTGTGACGCCT"	""	"ERX6700409"	"ERP132577"	"testis"	"Round_spermatids"	NA	NA	NA	"CL:4030036"	"early spermatid"	"perfect match"	"SN090"	NA	1
"TAGTGGTTCCTTAATC"	""	"ERX6700409"	"ERP132577"	"testis"	"Sertoli"	NA	NA	NA	"CL:0000216"	"Sertoli cell"	"perfect match"	"SN090"	NA	2
"TAGTTGGAGTGTTTGC"	""	"ERX6700409"	"ERP132577"	"testis"	"Round_spermatids"	NA	NA	NA	"CL:4030036"	"early spermatid"	"perfect match"	"SN090"	NA	1
"TAGTTGGCAGGATTGG"	""	"ERX6700409"	"ERP132577"	"testis"	"Spermatocytes"	NA	NA	NA	"CL:0000017"	"spermatocyte"	"perfect match"	"SN090"	NA	6
"TAGTTGGCATATGGTC"	""	"ERX6700409"	"ERP132577"	"testis"	"Elongated_spermatids"	NA	NA	NA	"CL:4030037"	"late spermatid"	"perfect match"	"SN090"	NA	3
"TAGTTGGGTCTGGTCG"	""	"ERX6700409"	"ERP132577"	"testis"	"Other_somatic"	NA	NA	NA	"CL:0002371"	"somatic cell"	"perfect match"	"SN090"	NA	4
"TAGTTGGGTTAGATGA"	""	"ERX6700409"	"ERP132577"	"testis"	"Spermatocytes"	NA	NA	NA	"CL:0000017"	"spermatocyte"	"perfect match"	"SN090"	NA	6
"TAGTTGGTCGTTACAG"	""	"ERX6700409"	"ERP132577"	"testis"	"Spermatocytes"	NA	NA	NA	"CL:0000017"	"spermatocyte"	"perfect match"	"SN090"	NA	6
"TATCAGGAGCTCAACT"	""	"ERX6700409"	"ERP132577"	"testis"	"Elongated_spermatids"	NA	NA	NA	"CL:4030037"	"late spermatid"	"perfect match"	"SN090"	NA	3
"TATCAGGAGGCAATTA"	""	"ERX6700409"	"ERP132577"	"testis"	"Elongated_spermatids"	NA	NA	NA	"CL:4030037"	"late spermatid"	"perfect match"	"SN090"	NA	3
"TATCAGGAGTGAAGTT"	""	"ERX6700409"	"ERP132577"	"testis"	"Other_somatic"	NA	NA	NA	"CL:0002371"	"somatic cell"	"perfect match"	"SN090"	NA	4
"TATCAGGCACATAACC"	""	"ERX6700409"	"ERP132577"	"testis"	"Round_spermatids"	NA	NA	NA	"CL:4030036"	"early spermatid"	"perfect match"	"SN090"	NA	1
"TATCAGGCAGTAGAGC"	""	"ERX6700409"	"ERP132577"	"testis"	"Sertoli"	NA	NA	NA	"CL:0000216"	"Sertoli cell"	"perfect match"	"SN090"	NA	2
"TATCAGGGTGTTGGGA"	""	"ERX6700409"	"ERP132577"	"testis"	"Sertoli"	NA	NA	NA	"CL:0000216"	"Sertoli cell"	"perfect match"	"SN090"	NA	2
"TATCAGGTCACATAGC"	""	"ERX6700409"	"ERP132577"	"testis"	"Other_somatic"	NA	NA	NA	"CL:0002371"	"somatic cell"	"perfect match"	"SN090"	NA	4
"TATCAGGTCGGCGGTT"	""	"ERX6700409"	"ERP132577"	"testis"	"Round_spermatids"	NA	NA	NA	"CL:4030036"	"early spermatid"	"perfect match"	"SN090"	NA	1
"TATCTCAAGACGCTTT"	""	"ERX6700409"	"ERP132577"	"testis"	"Elongated_spermatids"	NA	NA	NA	"CL:4030037"	"late spermatid"	"perfect match"	"SN090"	NA	3
"TATCTCAAGATGTGGC"	""	"ERX6700409"	"ERP132577"	"testis"	"Sertoli"	NA	NA	NA	"CL:0000216"	"Sertoli cell"	"perfect match"	"SN090"	NA	2
"TATCTCAAGCTGCGAA"	""	"ERX6700409"	"ERP132577"	"testis"	"Sertoli"	NA	NA	NA	"CL:0000216"	"Sertoli cell"	"perfect match"	"SN090"	NA	2
"TATCTCAGTCGCGAAA"	""	"ERX6700409"	"ERP132577"	"testis"	"Spermatogonia"	NA	NA	NA	"CL:0000020"	"spermatogonium"	"perfect match"	"SN090"	NA	5
"TATCTCAGTCGCTTCT"	""	"ERX6700409"	"ERP132577"	"testis"	"Elongated_spermatids"	NA	NA	NA	"CL:4030037"	"late spermatid"	"perfect match"	"SN090"	NA	3
"TATCTCAGTGTGGTTT"	""	"ERX6700409"	"ERP132577"	"testis"	"Elongated_spermatids"	NA	NA	NA	"CL:4030037"	"late spermatid"	"perfect match"	"SN090"	NA	3
"TATCTCAGTTCACGGC"	""	"ERX6700409"	"ERP132577"	"testis"	"Round_spermatids"	NA	NA	NA	"CL:4030036"	"early spermatid"	"perfect match"	"SN090"	NA	1
"TATCTCAGTTTGTTTC"	""	"ERX6700409"	"ERP132577"	"testis"	"Sertoli"	NA	NA	NA	"CL:0000216"	"Sertoli cell"	"perfect match"	"SN090"	NA	2
"TATCTCATCCTCGCAT"	""	"ERX6700409"	"ERP132577"	"testis"	"Round_spermatids"	NA	NA	NA	"CL:4030036"	"early spermatid"	"perfect match"	"SN090"	NA	1
"TATGCCCAGATAGTCA"	""	"ERX6700409"	"ERP132577"	"testis"	"Round_spermatids"	NA	NA	NA	"CL:4030036"	"early spermatid"	"perfect match"	"SN090"	NA	1
"TATGCCCCACTAAGTC"	""	"ERX6700409"	"ERP132577"	"testis"	"Round_spermatids"	NA	NA	NA	"CL:4030036"	"early spermatid"	"perfect match"	"SN090"	NA	1
"TATGCCCCACTTAAGC"	""	"ERX6700409"	"ERP132577"	"testis"	"Sertoli"	NA	NA	NA	"CL:0000216"	"Sertoli cell"	"perfect match"	"SN090"	NA	2
"TATGCCCGTCCAGTAT"	""	"ERX6700409"	"ERP132577"	"testis"	"Round_spermatids"	NA	NA	NA	"CL:4030036"	"early spermatid"	"perfect match"	"SN090"	NA	1
"TATGCCCGTCCGACGT"	""	"ERX6700409"	"ERP132577"	"testis"	"Round_spermatids"	NA	NA	NA	"CL:4030036"	"early spermatid"	"perfect match"	"SN090"	NA	1
"TATGCCCGTGTAACGG"	""	"ERX6700409"	"ERP132577"	"testis"	"Elongated_spermatids"	NA	NA	NA	"CL:4030037"	"late spermatid"	"perfect match"	"SN090"	NA	3
"TATGCCCGTTATGTGC"	""	"ERX6700409"	"ERP132577"	"testis"	"Sertoli"	NA	NA	NA	"CL:0000216"	"Sertoli cell"	"perfect match"	"SN090"	NA	2
"TATGCCCTCCGTAGTA"	""	"ERX6700409"	"ERP132577"	"testis"	"Sertoli"	NA	NA	NA	"CL:0000216"	"Sertoli cell"	"perfect match"	"SN090"	NA	2
"TATTACCAGAAACGAG"	""	"ERX6700409"	"ERP132577"	"testis"	"Other_somatic"	NA	NA	NA	"CL:0002371"	"somatic cell"	"perfect match"	"SN090"	NA	4
"TATTACCAGCCACCTG"	""	"ERX6700409"	"ERP132577"	"testis"	"Other_somatic"	NA	NA	NA	"CL:0002371"	"somatic cell"	"perfect match"	"SN090"	NA	4
"TATTACCTCTAACTGG"	""	"ERX6700409"	"ERP132577"	"testis"	"Sertoli"	NA	NA	NA	"CL:0000216"	"Sertoli cell"	"perfect match"	"SN090"	NA	2
"TCAACGAAGAGGGCTT"	""	"ERX6700409"	"ERP132577"	"testis"	"Sertoli"	NA	NA	NA	"CL:0000216"	"Sertoli cell"	"perfect match"	"SN090"	NA	2
"TCAACGAAGGATGGAA"	""	"ERX6700409"	"ERP132577"	"testis"	"Other_somatic"	NA	NA	NA	"CL:0002371"	"somatic cell"	"perfect match"	"SN090"	NA	4
"TCAACGACATCGGTTA"	""	"ERX6700409"	"ERP132577"	"testis"	"Other_somatic"	NA	NA	NA	"CL:0002371"	"somatic cell"	"perfect match"	"SN090"	NA	4
"TCAACGATCACAATGC"	""	"ERX6700409"	"ERP132577"	"testis"	"Round_spermatids"	NA	NA	NA	"CL:4030036"	"early spermatid"	"perfect match"	"SN090"	NA	1
"TCAACGATCCGCTGTT"	""	"ERX6700409"	"ERP132577"	"testis"	"Round_spermatids"	NA	NA	NA	"CL:4030036"	"early spermatid"	"perfect match"	"SN090"	NA	1
"TCAACGATCCTCTAGC"	""	"ERX6700409"	"ERP132577"	"testis"	"Sertoli"	NA	NA	NA	"CL:0000216"	"Sertoli cell"	"perfect match"	"SN090"	NA	2
"TCAATCTAGACACTAA"	""	"ERX6700409"	"ERP132577"	"testis"	"Sertoli"	NA	NA	NA	"CL:0000216"	"Sertoli cell"	"perfect match"	"SN090"	NA	2
"TCAATCTAGCTGATAA"	""	"ERX6700409"	"ERP132577"	"testis"	"Elongated_spermatids"	NA	NA	NA	"CL:4030037"	"late spermatid"	"perfect match"	"SN090"	NA	3
"TCAATCTCACGGCTAC"	""	"ERX6700409"	"ERP132577"	"testis"	"Other_somatic"	NA	NA	NA	"CL:0002371"	"somatic cell"	"perfect match"	"SN090"	NA	4
"TCAATCTCAGTGGAGT"	""	"ERX6700409"	"ERP132577"	"testis"	"Spermatogonia"	NA	NA	NA	"CL:0000020"	"spermatogonium"	"perfect match"	"SN090"	NA	5
"TCACAAGGTACTCAAC"	""	"ERX6700409"	"ERP132577"	"testis"	"Other_somatic"	NA	NA	NA	"CL:0002371"	"somatic cell"	"perfect match"	"SN090"	NA	4
"TCACAAGGTCTAAAGA"	""	"ERX6700409"	"ERP132577"	"testis"	"Elongated_spermatids"	NA	NA	NA	"CL:4030037"	"late spermatid"	"perfect match"	"SN090"	NA	3
"TCACAAGGTCTACCTC"	""	"ERX6700409"	"ERP132577"	"testis"	"Other_somatic"	NA	NA	NA	"CL:0002371"	"somatic cell"	"perfect match"	"SN090"	NA	4
"TCACAAGGTTCCACGG"	""	"ERX6700409"	"ERP132577"	"testis"	"Spermatocytes"	NA	NA	NA	"CL:0000017"	"spermatocyte"	"perfect match"	"SN090"	NA	6
"TCACGAAAGAAACGCC"	""	"ERX6700409"	"ERP132577"	"testis"	"Spermatocytes"	NA	NA	NA	"CL:0000017"	"spermatocyte"	"perfect match"	"SN090"	NA	6
"TCACGAACAGCTCGAC"	""	"ERX6700409"	"ERP132577"	"testis"	"Round_spermatids"	NA	NA	NA	"CL:4030036"	"early spermatid"	"perfect match"	"SN090"	NA	1
"TCACGAAGTGTATGGG"	""	"ERX6700409"	"ERP132577"	"testis"	"Elongated_spermatids"	NA	NA	NA	"CL:4030037"	"late spermatid"	"perfect match"	"SN090"	NA	3
"TCAGATGCACGGTGTC"	""	"ERX6700409"	"ERP132577"	"testis"	"Round_spermatids"	NA	NA	NA	"CL:4030036"	"early spermatid"	"perfect match"	"SN090"	NA	1
"TCAGATGCATCTCCCA"	""	"ERX6700409"	"ERP132577"	"testis"	"Elongated_spermatids"	NA	NA	NA	"CL:4030037"	"late spermatid"	"perfect match"	"SN090"	NA	3
"TCAGATGGTCTGCGGT"	""	"ERX6700409"	"ERP132577"	"testis"	"Elongated_spermatids"	NA	NA	NA	"CL:4030037"	"late spermatid"	"perfect match"	"SN090"	NA	3
"TCAGATGTCTTCCTTC"	""	"ERX6700409"	"ERP132577"	"testis"	"Elongated_spermatids"	NA	NA	NA	"CL:4030037"	"late spermatid"	"perfect match"	"SN090"	NA	3
"TCAGCAAAGTGGGCTA"	""	"ERX6700409"	"ERP132577"	"testis"	"Spermatocytes"	NA	NA	NA	"CL:0000017"	"spermatocyte"	"perfect match"	"SN090"	NA	6
"TCAGCAAGTAGAAGGA"	""	"ERX6700409"	"ERP132577"	"testis"	"Round_spermatids"	NA	NA	NA	"CL:4030036"	"early spermatid"	"perfect match"	"SN090"	NA	1
"TCAGCTCCATGTCCTC"	""	"ERX6700409"	"ERP132577"	"testis"	"Round_spermatids"	NA	NA	NA	"CL:4030036"	"early spermatid"	"perfect match"	"SN090"	NA	1
"TCAGCTCGTGTGGCTC"	""	"ERX6700409"	"ERP132577"	"testis"	"Round_spermatids"	NA	NA	NA	"CL:4030036"	"early spermatid"	"perfect match"	"SN090"	NA	1
"TCAGCTCTCAGCAACT"	""	"ERX6700409"	"ERP132577"	"testis"	"Round_spermatids"	NA	NA	NA	"CL:4030036"	"early spermatid"	"perfect match"	"SN090"	NA	1
"TCAGGATCAGTACACT"	""	"ERX6700409"	"ERP132577"	"testis"	"Spermatocytes"	NA	NA	NA	"CL:0000017"	"spermatocyte"	"perfect match"	"SN090"	NA	6
"TCAGGATCATATGCTG"	""	"ERX6700409"	"ERP132577"	"testis"	"Other_somatic"	NA	NA	NA	"CL:0002371"	"somatic cell"	"perfect match"	"SN090"	NA	4
"TCAGGATGTAGCACGA"	""	"ERX6700409"	"ERP132577"	"testis"	"Spermatocytes"	NA	NA	NA	"CL:0000017"	"spermatocyte"	"perfect match"	"SN090"	NA	6
"TCAGGATGTCAGGACA"	""	"ERX6700409"	"ERP132577"	"testis"	"Other_somatic"	NA	NA	NA	"CL:0002371"	"somatic cell"	"perfect match"	"SN090"	NA	4
"TCAGGATTCGTTGCCT"	""	"ERX6700409"	"ERP132577"	"testis"	"Sertoli"	NA	NA	NA	"CL:0000216"	"Sertoli cell"	"perfect match"	"SN090"	NA	2
"TCAGGTAAGCAGGTCA"	""	"ERX6700409"	"ERP132577"	"testis"	"Sertoli"	NA	NA	NA	"CL:0000216"	"Sertoli cell"	"perfect match"	"SN090"	NA	2
"TCAGGTACAGTACACT"	""	"ERX6700409"	"ERP132577"	"testis"	"Round_spermatids"	NA	NA	NA	"CL:4030036"	"early spermatid"	"perfect match"	"SN090"	NA	1
"TCAGGTAGTATATCCG"	""	"ERX6700409"	"ERP132577"	"testis"	"Spermatogonia"	NA	NA	NA	"CL:0000020"	"spermatogonium"	"perfect match"	"SN090"	NA	5
"TCAGGTATCACCACCT"	""	"ERX6700409"	"ERP132577"	"testis"	"Sertoli"	NA	NA	NA	"CL:0000216"	"Sertoli cell"	"perfect match"	"SN090"	NA	2
"TCATTACAGAGACTTA"	""	"ERX6700409"	"ERP132577"	"testis"	"Other_somatic"	NA	NA	NA	"CL:0002371"	"somatic cell"	"perfect match"	"SN090"	NA	4
"TCATTACAGTGCGTGA"	""	"ERX6700409"	"ERP132577"	"testis"	"Sertoli"	NA	NA	NA	"CL:0000216"	"Sertoli cell"	"perfect match"	"SN090"	NA	2
"TCATTACAGTGGGCTA"	""	"ERX6700409"	"ERP132577"	"testis"	"Elongated_spermatids"	NA	NA	NA	"CL:4030037"	"late spermatid"	"perfect match"	"SN090"	NA	3
"TCATTACGTTACGTCA"	""	"ERX6700409"	"ERP132577"	"testis"	"Spermatogonia"	NA	NA	NA	"CL:0000020"	"spermatogonium"	"perfect match"	"SN090"	NA	5
"TCATTTGAGAAGGCCT"	""	"ERX6700409"	"ERP132577"	"testis"	"Round_spermatids"	NA	NA	NA	"CL:4030036"	"early spermatid"	"perfect match"	"SN090"	NA	1
"TCATTTGAGATGTTAG"	""	"ERX6700409"	"ERP132577"	"testis"	"Other_somatic"	NA	NA	NA	"CL:0002371"	"somatic cell"	"perfect match"	"SN090"	NA	4
"TCATTTGCAAAGTCAA"	""	"ERX6700409"	"ERP132577"	"testis"	"Elongated_spermatids"	NA	NA	NA	"CL:4030037"	"late spermatid"	"perfect match"	"SN090"	NA	3
"TCATTTGGTACGCTGC"	""	"ERX6700409"	"ERP132577"	"testis"	"Elongated_spermatids"	NA	NA	NA	"CL:4030037"	"late spermatid"	"perfect match"	"SN090"	NA	3
"TCCACACAGACAATAC"	""	"ERX6700409"	"ERP132577"	"testis"	"Sertoli"	NA	NA	NA	"CL:0000216"	"Sertoli cell"	"perfect match"	"SN090"	NA	2
"TCCACACAGACCACGA"	""	"ERX6700409"	"ERP132577"	"testis"	"Sertoli"	NA	NA	NA	"CL:0000216"	"Sertoli cell"	"perfect match"	"SN090"	NA	2
"TCCACACAGTACATGA"	""	"ERX6700409"	"ERP132577"	"testis"	"Round_spermatids"	NA	NA	NA	"CL:4030036"	"early spermatid"	"perfect match"	"SN090"	NA	1
"TCCACACGTCCGTTAA"	""	"ERX6700409"	"ERP132577"	"testis"	"Round_spermatids"	NA	NA	NA	"CL:4030036"	"early spermatid"	"perfect match"	"SN090"	NA	1
"TCCACACTCAGCCTAA"	""	"ERX6700409"	"ERP132577"	"testis"	"Sertoli"	NA	NA	NA	"CL:0000216"	"Sertoli cell"	"perfect match"	"SN090"	NA	2
"TCCACACTCGATGAGG"	""	"ERX6700409"	"ERP132577"	"testis"	"Other_somatic"	NA	NA	NA	"CL:0002371"	"somatic cell"	"perfect match"	"SN090"	NA	4
"TCCCGATAGAGACTAT"	""	"ERX6700409"	"ERP132577"	"testis"	"Round_spermatids"	NA	NA	NA	"CL:4030036"	"early spermatid"	"perfect match"	"SN090"	NA	1
"TCCCGATAGAGTTGGC"	""	"ERX6700409"	"ERP132577"	"testis"	"Spermatocytes"	NA	NA	NA	"CL:0000017"	"spermatocyte"	"perfect match"	"SN090"	NA	6
"TCCCGATAGGAGTACC"	""	"ERX6700409"	"ERP132577"	"testis"	"Round_spermatids"	NA	NA	NA	"CL:4030036"	"early spermatid"	"perfect match"	"SN090"	NA	1
"TCCCGATCACCACCAG"	""	"ERX6700409"	"ERP132577"	"testis"	"Round_spermatids"	NA	NA	NA	"CL:4030036"	"early spermatid"	"perfect match"	"SN090"	NA	1
"TCCCGATCATCTATGG"	""	"ERX6700409"	"ERP132577"	"testis"	"Spermatocytes"	NA	NA	NA	"CL:0000017"	"spermatocyte"	"perfect match"	"SN090"	NA	6
"TCCCGATGTGTCGCTG"	""	"ERX6700409"	"ERP132577"	"testis"	"Round_spermatids"	NA	NA	NA	"CL:4030036"	"early spermatid"	"perfect match"	"SN090"	NA	1
"TCGAGGCAGCAGCGTA"	""	"ERX6700409"	"ERP132577"	"testis"	"Round_spermatids"	NA	NA	NA	"CL:4030036"	"early spermatid"	"perfect match"	"SN090"	NA	1
"TCGAGGCCACAGACTT"	""	"ERX6700409"	"ERP132577"	"testis"	"Spermatocytes"	NA	NA	NA	"CL:0000017"	"spermatocyte"	"perfect match"	"SN090"	NA	6
"TCGAGGCTCACCAGGC"	""	"ERX6700409"	"ERP132577"	"testis"	"Other_somatic"	NA	NA	NA	"CL:0002371"	"somatic cell"	"perfect match"	"SN090"	NA	4
"TCGCGAGCAAGCGATG"	""	"ERX6700409"	"ERP132577"	"testis"	"Sertoli"	NA	NA	NA	"CL:0000216"	"Sertoli cell"	"perfect match"	"SN090"	NA	2
"TCGCGAGTCAACACAC"	""	"ERX6700409"	"ERP132577"	"testis"	"Spermatocytes"	NA	NA	NA	"CL:0000017"	"spermatocyte"	"perfect match"	"SN090"	NA	6
"TCGCGTTAGACAGGCT"	""	"ERX6700409"	"ERP132577"	"testis"	"Round_spermatids"	NA	NA	NA	"CL:4030036"	"early spermatid"	"perfect match"	"SN090"	NA	1
"TCGCGTTAGATCTGAA"	""	"ERX6700409"	"ERP132577"	"testis"	"Round_spermatids"	NA	NA	NA	"CL:4030036"	"early spermatid"	"perfect match"	"SN090"	NA	1
"TCGCGTTAGTGTTTGC"	""	"ERX6700409"	"ERP132577"	"testis"	"Round_spermatids"	NA	NA	NA	"CL:4030036"	"early spermatid"	"perfect match"	"SN090"	NA	1
"TCGCGTTTCTCTAGGA"	""	"ERX6700409"	"ERP132577"	"testis"	"Sertoli"	NA	NA	NA	"CL:0000216"	"Sertoli cell"	"perfect match"	"SN090"	NA	2
"TCGCGTTTCTTGCATT"	""	"ERX6700409"	"ERP132577"	"testis"	"Sertoli"	NA	NA	NA	"CL:0000216"	"Sertoli cell"	"perfect match"	"SN090"	NA	2
"TCGGGACAGAAGAAGC"	""	"ERX6700409"	"ERP132577"	"testis"	"Other_somatic"	NA	NA	NA	"CL:0002371"	"somatic cell"	"perfect match"	"SN090"	NA	4
"TCGGGACAGGGTGTTG"	""	"ERX6700409"	"ERP132577"	"testis"	"Round_spermatids"	NA	NA	NA	"CL:4030036"	"early spermatid"	"perfect match"	"SN090"	NA	1
"TCGGGACAGTTAGCGG"	""	"ERX6700409"	"ERP132577"	"testis"	"Round_spermatids"	NA	NA	NA	"CL:4030036"	"early spermatid"	"perfect match"	"SN090"	NA	1
"TCGGGACCACGAGGTA"	""	"ERX6700409"	"ERP132577"	"testis"	"Other_somatic"	NA	NA	NA	"CL:0002371"	"somatic cell"	"perfect match"	"SN090"	NA	4
"TCGGGACGTAAGTTCC"	""	"ERX6700409"	"ERP132577"	"testis"	"Round_spermatids"	NA	NA	NA	"CL:4030036"	"early spermatid"	"perfect match"	"SN090"	NA	1
"TCGGTAACATCGACGC"	""	"ERX6700409"	"ERP132577"	"testis"	"Other_somatic"	NA	NA	NA	"CL:0002371"	"somatic cell"	"perfect match"	"SN090"	NA	4
"TCGGTAAGTCTGATTG"	""	"ERX6700409"	"ERP132577"	"testis"	"Other_somatic"	NA	NA	NA	"CL:0002371"	"somatic cell"	"perfect match"	"SN090"	NA	4
"TCGGTAAGTGTGGTTT"	""	"ERX6700409"	"ERP132577"	"testis"	"Round_spermatids"	NA	NA	NA	"CL:4030036"	"early spermatid"	"perfect match"	"SN090"	NA	1
"TCGGTAAGTTCCAACA"	""	"ERX6700409"	"ERP132577"	"testis"	"Spermatocytes"	NA	NA	NA	"CL:0000017"	"spermatocyte"	"perfect match"	"SN090"	NA	6
"TCGGTAATCCTGCCAT"	""	"ERX6700409"	"ERP132577"	"testis"	"Other_somatic"	NA	NA	NA	"CL:0002371"	"somatic cell"	"perfect match"	"SN090"	NA	4
"TCGGTAATCTTGCAAG"	""	"ERX6700409"	"ERP132577"	"testis"	"Round_spermatids"	NA	NA	NA	"CL:4030036"	"early spermatid"	"perfect match"	"SN090"	NA	1
"TCGTACCAGCATGGCA"	""	"ERX6700409"	"ERP132577"	"testis"	"Sertoli"	NA	NA	NA	"CL:0000216"	"Sertoli cell"	"perfect match"	"SN090"	NA	2
"TCGTACCTCGAGAGCA"	""	"ERX6700409"	"ERP132577"	"testis"	"Round_spermatids"	NA	NA	NA	"CL:4030036"	"early spermatid"	"perfect match"	"SN090"	NA	1
"TCGTACCTCGTCCAGG"	""	"ERX6700409"	"ERP132577"	"testis"	"Other_somatic"	NA	NA	NA	"CL:0002371"	"somatic cell"	"perfect match"	"SN090"	NA	4
"TCGTAGAAGATCGATA"	""	"ERX6700409"	"ERP132577"	"testis"	"Sertoli"	NA	NA	NA	"CL:0000216"	"Sertoli cell"	"perfect match"	"SN090"	NA	2
"TCGTAGACATACTCTT"	""	"ERX6700409"	"ERP132577"	"testis"	"Spermatocytes"	NA	NA	NA	"CL:0000017"	"spermatocyte"	"perfect match"	"SN090"	NA	6
"TCGTAGACATGCTAGT"	""	"ERX6700409"	"ERP132577"	"testis"	"Sertoli"	NA	NA	NA	"CL:0000216"	"Sertoli cell"	"perfect match"	"SN090"	NA	2
"TCGTAGAGTGTTCTTT"	""	"ERX6700409"	"ERP132577"	"testis"	"Other_somatic"	NA	NA	NA	"CL:0002371"	"somatic cell"	"perfect match"	"SN090"	NA	4
"TCGTAGATCTGATACG"	""	"ERX6700409"	"ERP132577"	"testis"	"Elongated_spermatids"	NA	NA	NA	"CL:4030037"	"late spermatid"	"perfect match"	"SN090"	NA	3
"TCTATTGCATGTCGAT"	""	"ERX6700409"	"ERP132577"	"testis"	"Spermatocytes"	NA	NA	NA	"CL:0000017"	"spermatocyte"	"perfect match"	"SN090"	NA	6
"TCTATTGGTGAGCGAT"	""	"ERX6700409"	"ERP132577"	"testis"	"Round_spermatids"	NA	NA	NA	"CL:4030036"	"early spermatid"	"perfect match"	"SN090"	NA	1
"TCTCATAAGGCCGAAT"	""	"ERX6700409"	"ERP132577"	"testis"	"Sertoli"	NA	NA	NA	"CL:0000216"	"Sertoli cell"	"perfect match"	"SN090"	NA	2
"TCTCATAGTCAAGCGA"	""	"ERX6700409"	"ERP132577"	"testis"	"Round_spermatids"	NA	NA	NA	"CL:4030036"	"early spermatid"	"perfect match"	"SN090"	NA	1
"TCTCATAGTCCTGCTT"	""	"ERX6700409"	"ERP132577"	"testis"	"Sertoli"	NA	NA	NA	"CL:0000216"	"Sertoli cell"	"perfect match"	"SN090"	NA	2
"TCTCATAGTGGAAAGA"	""	"ERX6700409"	"ERP132577"	"testis"	"Round_spermatids"	NA	NA	NA	"CL:4030036"	"early spermatid"	"perfect match"	"SN090"	NA	1
"TCTCATAGTTCGGCAC"	""	"ERX6700409"	"ERP132577"	"testis"	"Other_somatic"	NA	NA	NA	"CL:0002371"	"somatic cell"	"perfect match"	"SN090"	NA	4
"TCTCTAAGTTATTCTC"	""	"ERX6700409"	"ERP132577"	"testis"	"Round_spermatids"	NA	NA	NA	"CL:4030036"	"early spermatid"	"perfect match"	"SN090"	NA	1
"TCTCTAATCCATTCTA"	""	"ERX6700409"	"ERP132577"	"testis"	"Round_spermatids"	NA	NA	NA	"CL:4030036"	"early spermatid"	"perfect match"	"SN090"	NA	1
"TCTCTAATCCTAGAAC"	""	"ERX6700409"	"ERP132577"	"testis"	"Sertoli"	NA	NA	NA	"CL:0000216"	"Sertoli cell"	"perfect match"	"SN090"	NA	2
"TCTGAGAAGGCTATCT"	""	"ERX6700409"	"ERP132577"	"testis"	"Other_somatic"	NA	NA	NA	"CL:0002371"	"somatic cell"	"perfect match"	"SN090"	NA	4
"TCTGAGACAACTTGAC"	""	"ERX6700409"	"ERP132577"	"testis"	"Round_spermatids"	NA	NA	NA	"CL:4030036"	"early spermatid"	"perfect match"	"SN090"	NA	1
"TCTGAGAGTCTTCTCG"	""	"ERX6700409"	"ERP132577"	"testis"	"Spermatocytes"	NA	NA	NA	"CL:0000017"	"spermatocyte"	"perfect match"	"SN090"	NA	6
"TCTGGAACAGTCAGCC"	""	"ERX6700409"	"ERP132577"	"testis"	"Spermatogonia"	NA	NA	NA	"CL:0000020"	"spermatogonium"	"perfect match"	"SN090"	NA	5
"TCTGGAATCTAACTCT"	""	"ERX6700409"	"ERP132577"	"testis"	"Elongated_spermatids"	NA	NA	NA	"CL:4030037"	"late spermatid"	"perfect match"	"SN090"	NA	3
"TCTTCGGAGGAGTTTA"	""	"ERX6700409"	"ERP132577"	"testis"	"Sertoli"	NA	NA	NA	"CL:0000216"	"Sertoli cell"	"perfect match"	"SN090"	NA	2
"TCTTCGGGTACTTAGC"	""	"ERX6700409"	"ERP132577"	"testis"	"Sertoli"	NA	NA	NA	"CL:0000216"	"Sertoli cell"	"perfect match"	"SN090"	NA	2
"TCTTCGGGTTTGCATG"	""	"ERX6700409"	"ERP132577"	"testis"	"Round_spermatids"	NA	NA	NA	"CL:4030036"	"early spermatid"	"perfect match"	"SN090"	NA	1
"TCTTCGGTCCGAACGC"	""	"ERX6700409"	"ERP132577"	"testis"	"Round_spermatids"	NA	NA	NA	"CL:4030036"	"early spermatid"	"perfect match"	"SN090"	NA	1
"TCTTTCCAGCCACTAT"	""	"ERX6700409"	"ERP132577"	"testis"	"Other_somatic"	NA	NA	NA	"CL:0002371"	"somatic cell"	"perfect match"	"SN090"	NA	4
"TCTTTCCAGCTAACTC"	""	"ERX6700409"	"ERP132577"	"testis"	"Spermatocytes"	NA	NA	NA	"CL:0000017"	"spermatocyte"	"perfect match"	"SN090"	NA	6
"TCTTTCCGTTACTGAC"	""	"ERX6700409"	"ERP132577"	"testis"	"Other_somatic"	NA	NA	NA	"CL:0002371"	"somatic cell"	"perfect match"	"SN090"	NA	4
"TCTTTCCTCCTAAGTG"	""	"ERX6700409"	"ERP132577"	"testis"	"Spermatocytes"	NA	NA	NA	"CL:0000017"	"spermatocyte"	"perfect match"	"SN090"	NA	6
"TCTTTCCTCTTGCCGT"	""	"ERX6700409"	"ERP132577"	"testis"	"Sertoli"	NA	NA	NA	"CL:0000216"	"Sertoli cell"	"perfect match"	"SN090"	NA	2
"TGAAAGAAGGATGGAA"	""	"ERX6700409"	"ERP132577"	"testis"	"Round_spermatids"	NA	NA	NA	"CL:4030036"	"early spermatid"	"perfect match"	"SN090"	NA	1
"TGAAAGACACGCTTTC"	""	"ERX6700409"	"ERP132577"	"testis"	"Sertoli"	NA	NA	NA	"CL:0000216"	"Sertoli cell"	"perfect match"	"SN090"	NA	2
"TGAAAGAGTAGTACCT"	""	"ERX6700409"	"ERP132577"	"testis"	"Elongated_spermatids"	NA	NA	NA	"CL:4030037"	"late spermatid"	"perfect match"	"SN090"	NA	3
"TGAAAGAGTGGACGAT"	""	"ERX6700409"	"ERP132577"	"testis"	"Round_spermatids"	NA	NA	NA	"CL:4030036"	"early spermatid"	"perfect match"	"SN090"	NA	1
"TGAAAGAGTGTGCCTG"	""	"ERX6700409"	"ERP132577"	"testis"	"Elongated_spermatids"	NA	NA	NA	"CL:4030037"	"late spermatid"	"perfect match"	"SN090"	NA	3
"TGACAACAGCGAAGGG"	""	"ERX6700409"	"ERP132577"	"testis"	"Round_spermatids"	NA	NA	NA	"CL:4030036"	"early spermatid"	"perfect match"	"SN090"	NA	1
"TGACAACGTCCAGTTA"	""	"ERX6700409"	"ERP132577"	"testis"	"Round_spermatids"	NA	NA	NA	"CL:4030036"	"early spermatid"	"perfect match"	"SN090"	NA	1
"TGACGGCAGACGCACA"	""	"ERX6700409"	"ERP132577"	"testis"	"Spermatogonia"	NA	NA	NA	"CL:0000020"	"spermatogonium"	"perfect match"	"SN090"	NA	5
"TGACGGCAGGAGTCTG"	""	"ERX6700409"	"ERP132577"	"testis"	"Round_spermatids"	NA	NA	NA	"CL:4030036"	"early spermatid"	"perfect match"	"SN090"	NA	1
"TGACGGCAGGATCGCA"	""	"ERX6700409"	"ERP132577"	"testis"	"Elongated_spermatids"	NA	NA	NA	"CL:4030037"	"late spermatid"	"perfect match"	"SN090"	NA	3
"TGACGGCAGTAGCGGT"	""	"ERX6700409"	"ERP132577"	"testis"	"Elongated_spermatids"	NA	NA	NA	"CL:4030037"	"late spermatid"	"perfect match"	"SN090"	NA	3
"TGACGGCCAGCGAACA"	""	"ERX6700409"	"ERP132577"	"testis"	"Round_spermatids"	NA	NA	NA	"CL:4030036"	"early spermatid"	"perfect match"	"SN090"	NA	1
"TGACGGCGTTCGTGAT"	""	"ERX6700409"	"ERP132577"	"testis"	"Other_somatic"	NA	NA	NA	"CL:0002371"	"somatic cell"	"perfect match"	"SN090"	NA	4
"TGACGGCTCATGCAAC"	""	"ERX6700409"	"ERP132577"	"testis"	"Other_somatic"	NA	NA	NA	"CL:0002371"	"somatic cell"	"perfect match"	"SN090"	NA	4
"TGACGGCTCGAGCCCA"	""	"ERX6700409"	"ERP132577"	"testis"	"Sertoli"	NA	NA	NA	"CL:0000216"	"Sertoli cell"	"perfect match"	"SN090"	NA	2
"TGACGGCTCGCATGGC"	""	"ERX6700409"	"ERP132577"	"testis"	"Spermatocytes"	NA	NA	NA	"CL:0000017"	"spermatocyte"	"perfect match"	"SN090"	NA	6
"TGACTAGAGATCCTGT"	""	"ERX6700409"	"ERP132577"	"testis"	"Spermatocytes"	NA	NA	NA	"CL:0000017"	"spermatocyte"	"perfect match"	"SN090"	NA	6
"TGACTAGTCCAGATCA"	""	"ERX6700409"	"ERP132577"	"testis"	"Other_somatic"	NA	NA	NA	"CL:0002371"	"somatic cell"	"perfect match"	"SN090"	NA	4
"TGACTTTAGAATCTCC"	""	"ERX6700409"	"ERP132577"	"testis"	"Other_somatic"	NA	NA	NA	"CL:0002371"	"somatic cell"	"perfect match"	"SN090"	NA	4
"TGACTTTCAACGCACC"	""	"ERX6700409"	"ERP132577"	"testis"	"Round_spermatids"	NA	NA	NA	"CL:4030036"	"early spermatid"	"perfect match"	"SN090"	NA	1
"TGACTTTCAATCAGAA"	""	"ERX6700409"	"ERP132577"	"testis"	"Sertoli"	NA	NA	NA	"CL:0000216"	"Sertoli cell"	"perfect match"	"SN090"	NA	2
"TGACTTTCACACGCTG"	""	"ERX6700409"	"ERP132577"	"testis"	"Other_somatic"	NA	NA	NA	"CL:0002371"	"somatic cell"	"perfect match"	"SN090"	NA	4
"TGACTTTCATTACCTT"	""	"ERX6700409"	"ERP132577"	"testis"	"Round_spermatids"	NA	NA	NA	"CL:4030036"	"early spermatid"	"perfect match"	"SN090"	NA	1
"TGACTTTGTATTACCG"	""	"ERX6700409"	"ERP132577"	"testis"	"Other_somatic"	NA	NA	NA	"CL:0002371"	"somatic cell"	"perfect match"	"SN090"	NA	4
"TGACTTTGTCCAGTTA"	""	"ERX6700409"	"ERP132577"	"testis"	"Sertoli"	NA	NA	NA	"CL:0000216"	"Sertoli cell"	"perfect match"	"SN090"	NA	2
"TGACTTTGTCGCGAAA"	""	"ERX6700409"	"ERP132577"	"testis"	"Other_somatic"	NA	NA	NA	"CL:0002371"	"somatic cell"	"perfect match"	"SN090"	NA	4
"TGAGAGGCAGACGCCT"	""	"ERX6700409"	"ERP132577"	"testis"	"Other_somatic"	NA	NA	NA	"CL:0002371"	"somatic cell"	"perfect match"	"SN090"	NA	4
"TGAGAGGCAGAGCCAA"	""	"ERX6700409"	"ERP132577"	"testis"	"Elongated_spermatids"	NA	NA	NA	"CL:4030037"	"late spermatid"	"perfect match"	"SN090"	NA	3
"TGAGAGGCAGTTAACC"	""	"ERX6700409"	"ERP132577"	"testis"	"Spermatogonia"	NA	NA	NA	"CL:0000020"	"spermatogonium"	"perfect match"	"SN090"	NA	5
"TGAGAGGGTTCCCGAG"	""	"ERX6700409"	"ERP132577"	"testis"	"Other_somatic"	NA	NA	NA	"CL:0002371"	"somatic cell"	"perfect match"	"SN090"	NA	4
"TGAGCATAGACTGTAA"	""	"ERX6700409"	"ERP132577"	"testis"	"Other_somatic"	NA	NA	NA	"CL:0002371"	"somatic cell"	"perfect match"	"SN090"	NA	4
"TGAGCATAGCGCCTTG"	""	"ERX6700409"	"ERP132577"	"testis"	"Spermatocytes"	NA	NA	NA	"CL:0000017"	"spermatocyte"	"perfect match"	"SN090"	NA	6
"TGAGCATCAGCCTGTG"	""	"ERX6700409"	"ERP132577"	"testis"	"Round_spermatids"	NA	NA	NA	"CL:4030036"	"early spermatid"	"perfect match"	"SN090"	NA	1
"TGAGCATCAGGATTGG"	""	"ERX6700409"	"ERP132577"	"testis"	"Other_somatic"	NA	NA	NA	"CL:0002371"	"somatic cell"	"perfect match"	"SN090"	NA	4
"TGAGCATCATCTCGCT"	""	"ERX6700409"	"ERP132577"	"testis"	"Round_spermatids"	NA	NA	NA	"CL:4030036"	"early spermatid"	"perfect match"	"SN090"	NA	1
"TGAGCCGCATGCTGGC"	""	"ERX6700409"	"ERP132577"	"testis"	"Round_spermatids"	NA	NA	NA	"CL:4030036"	"early spermatid"	"perfect match"	"SN090"	NA	1
"TGAGCCGGTCCGAAGA"	""	"ERX6700409"	"ERP132577"	"testis"	"Spermatocytes"	NA	NA	NA	"CL:0000017"	"spermatocyte"	"perfect match"	"SN090"	NA	6
"TGAGCCGGTTATTCTC"	""	"ERX6700409"	"ERP132577"	"testis"	"Spermatocytes"	NA	NA	NA	"CL:0000017"	"spermatocyte"	"perfect match"	"SN090"	NA	6
"TGAGCCGTCGCGATCG"	""	"ERX6700409"	"ERP132577"	"testis"	"Elongated_spermatids"	NA	NA	NA	"CL:4030037"	"late spermatid"	"perfect match"	"SN090"	NA	3
"TGAGGGACACAAGTAA"	""	"ERX6700409"	"ERP132577"	"testis"	"Round_spermatids"	NA	NA	NA	"CL:4030036"	"early spermatid"	"perfect match"	"SN090"	NA	1
"TGAGGGACACATCCGG"	""	"ERX6700409"	"ERP132577"	"testis"	"Other_somatic"	NA	NA	NA	"CL:0002371"	"somatic cell"	"perfect match"	"SN090"	NA	4
"TGAGGGACAGTATGCT"	""	"ERX6700409"	"ERP132577"	"testis"	"Round_spermatids"	NA	NA	NA	"CL:4030036"	"early spermatid"	"perfect match"	"SN090"	NA	1
"TGAGGGAGTCGGCATC"	""	"ERX6700409"	"ERP132577"	"testis"	"Spermatocytes"	NA	NA	NA	"CL:0000017"	"spermatocyte"	"perfect match"	"SN090"	NA	6
"TGAGGGATCTTGAGAC"	""	"ERX6700409"	"ERP132577"	"testis"	"Elongated_spermatids"	NA	NA	NA	"CL:4030037"	"late spermatid"	"perfect match"	"SN090"	NA	3
"TGAGGGATCTTGTCAT"	""	"ERX6700409"	"ERP132577"	"testis"	"Elongated_spermatids"	NA	NA	NA	"CL:4030037"	"late spermatid"	"perfect match"	"SN090"	NA	3
"TGATTTCCAGCTGTAT"	""	"ERX6700409"	"ERP132577"	"testis"	"Round_spermatids"	NA	NA	NA	"CL:4030036"	"early spermatid"	"perfect match"	"SN090"	NA	1
"TGATTTCGTGTCTGAT"	""	"ERX6700409"	"ERP132577"	"testis"	"Round_spermatids"	NA	NA	NA	"CL:4030036"	"early spermatid"	"perfect match"	"SN090"	NA	1
"TGATTTCTCACTTACT"	""	"ERX6700409"	"ERP132577"	"testis"	"Round_spermatids"	NA	NA	NA	"CL:4030036"	"early spermatid"	"perfect match"	"SN090"	NA	1
"TGCACCTAGATGCGAC"	""	"ERX6700409"	"ERP132577"	"testis"	"Sertoli"	NA	NA	NA	"CL:0000216"	"Sertoli cell"	"perfect match"	"SN090"	NA	2
"TGCACCTAGCAATCTC"	""	"ERX6700409"	"ERP132577"	"testis"	"Round_spermatids"	NA	NA	NA	"CL:4030036"	"early spermatid"	"perfect match"	"SN090"	NA	1
"TGCACCTAGTTTAGGA"	""	"ERX6700409"	"ERP132577"	"testis"	"Sertoli"	NA	NA	NA	"CL:0000216"	"Sertoli cell"	"perfect match"	"SN090"	NA	2
"TGCACCTTCAGGTTCA"	""	"ERX6700409"	"ERP132577"	"testis"	"Sertoli"	NA	NA	NA	"CL:0000216"	"Sertoli cell"	"perfect match"	"SN090"	NA	2
"TGCCAAAAGCGAGAAA"	""	"ERX6700409"	"ERP132577"	"testis"	"Elongated_spermatids"	NA	NA	NA	"CL:4030037"	"late spermatid"	"perfect match"	"SN090"	NA	3
"TGCCAAACATACTCTT"	""	"ERX6700409"	"ERP132577"	"testis"	"Sertoli"	NA	NA	NA	"CL:0000216"	"Sertoli cell"	"perfect match"	"SN090"	NA	2
"TGCCAAATCCAGTAGT"	""	"ERX6700409"	"ERP132577"	"testis"	"Round_spermatids"	NA	NA	NA	"CL:4030036"	"early spermatid"	"perfect match"	"SN090"	NA	1
"TGCCCATCAAGAGGCT"	""	"ERX6700409"	"ERP132577"	"testis"	"Round_spermatids"	NA	NA	NA	"CL:4030036"	"early spermatid"	"perfect match"	"SN090"	NA	1
"TGCCCATCACCACCAG"	""	"ERX6700409"	"ERP132577"	"testis"	"Sertoli"	NA	NA	NA	"CL:0000216"	"Sertoli cell"	"perfect match"	"SN090"	NA	2
"TGCCCATGTCAATGTC"	""	"ERX6700409"	"ERP132577"	"testis"	"Round_spermatids"	NA	NA	NA	"CL:4030036"	"early spermatid"	"perfect match"	"SN090"	NA	1
"TGCCCATTCGAGAGCA"	""	"ERX6700409"	"ERP132577"	"testis"	"Spermatocytes"	NA	NA	NA	"CL:0000017"	"spermatocyte"	"perfect match"	"SN090"	NA	6
"TGCCCATTCTGGCGAC"	""	"ERX6700409"	"ERP132577"	"testis"	"Round_spermatids"	NA	NA	NA	"CL:4030036"	"early spermatid"	"perfect match"	"SN090"	NA	1
"TGCCCTAAGAGCTTCT"	""	"ERX6700409"	"ERP132577"	"testis"	"Round_spermatids"	NA	NA	NA	"CL:4030036"	"early spermatid"	"perfect match"	"SN090"	NA	1
"TGCCCTAAGCACACAG"	""	"ERX6700409"	"ERP132577"	"testis"	"Round_spermatids"	NA	NA	NA	"CL:4030036"	"early spermatid"	"perfect match"	"SN090"	NA	1
"TGCCCTAGTCGCTTTC"	""	"ERX6700409"	"ERP132577"	"testis"	"Elongated_spermatids"	NA	NA	NA	"CL:4030037"	"late spermatid"	"perfect match"	"SN090"	NA	3
"TGCCCTAGTGAGCGAT"	""	"ERX6700409"	"ERP132577"	"testis"	"Spermatocytes"	NA	NA	NA	"CL:0000017"	"spermatocyte"	"perfect match"	"SN090"	NA	6
"TGCCCTATCCTATTCA"	""	"ERX6700409"	"ERP132577"	"testis"	"Elongated_spermatids"	NA	NA	NA	"CL:4030037"	"late spermatid"	"perfect match"	"SN090"	NA	3
"TGCCCTATCGGACAAG"	""	"ERX6700409"	"ERP132577"	"testis"	"Other_somatic"	NA	NA	NA	"CL:0002371"	"somatic cell"	"perfect match"	"SN090"	NA	4
"TGCCCTATCGTCTGCT"	""	"ERX6700409"	"ERP132577"	"testis"	"Round_spermatids"	NA	NA	NA	"CL:4030036"	"early spermatid"	"perfect match"	"SN090"	NA	1
"TGCGCAGAGGGAAACA"	""	"ERX6700409"	"ERP132577"	"testis"	"Sertoli"	NA	NA	NA	"CL:0000216"	"Sertoli cell"	"perfect match"	"SN090"	NA	2
"TGCGCAGAGTGACATA"	""	"ERX6700409"	"ERP132577"	"testis"	"Other_somatic"	NA	NA	NA	"CL:0002371"	"somatic cell"	"perfect match"	"SN090"	NA	4
"TGCGCAGCACGTCTCT"	""	"ERX6700409"	"ERP132577"	"testis"	"Round_spermatids"	NA	NA	NA	"CL:4030036"	"early spermatid"	"perfect match"	"SN090"	NA	1
"TGCGCAGCAGCCTTGG"	""	"ERX6700409"	"ERP132577"	"testis"	"Spermatogonia"	NA	NA	NA	"CL:0000020"	"spermatogonium"	"perfect match"	"SN090"	NA	5
"TGCGCAGCATTGAGCT"	""	"ERX6700409"	"ERP132577"	"testis"	"Spermatocytes"	NA	NA	NA	"CL:0000017"	"spermatocyte"	"perfect match"	"SN090"	NA	6
"TGCGCAGGTGTGGTTT"	""	"ERX6700409"	"ERP132577"	"testis"	"Round_spermatids"	NA	NA	NA	"CL:4030036"	"early spermatid"	"perfect match"	"SN090"	NA	1
"TGCGGGTCAACTTGAC"	""	"ERX6700409"	"ERP132577"	"testis"	"Round_spermatids"	NA	NA	NA	"CL:4030036"	"early spermatid"	"perfect match"	"SN090"	NA	1
"TGCGGGTGTCGAGTTT"	""	"ERX6700409"	"ERP132577"	"testis"	"Spermatocytes"	NA	NA	NA	"CL:0000017"	"spermatocyte"	"perfect match"	"SN090"	NA	6
"TGCGGGTGTTTCGCTC"	""	"ERX6700409"	"ERP132577"	"testis"	"Other_somatic"	NA	NA	NA	"CL:0002371"	"somatic cell"	"perfect match"	"SN090"	NA	4
"TGCGTGGCAATCACAC"	""	"ERX6700409"	"ERP132577"	"testis"	"Round_spermatids"	NA	NA	NA	"CL:4030036"	"early spermatid"	"perfect match"	"SN090"	NA	1
"TGCGTGGCAGCTGGCT"	""	"ERX6700409"	"ERP132577"	"testis"	"Elongated_spermatids"	NA	NA	NA	"CL:4030037"	"late spermatid"	"perfect match"	"SN090"	NA	3
"TGCGTGGCATATACGC"	""	"ERX6700409"	"ERP132577"	"testis"	"Sertoli"	NA	NA	NA	"CL:0000216"	"Sertoli cell"	"perfect match"	"SN090"	NA	2
"TGCGTGGGTGCTGTAT"	""	"ERX6700409"	"ERP132577"	"testis"	"Spermatogonia"	NA	NA	NA	"CL:0000020"	"spermatogonium"	"perfect match"	"SN090"	NA	5
"TGCTACCAGTAATCCC"	""	"ERX6700409"	"ERP132577"	"testis"	"Round_spermatids"	NA	NA	NA	"CL:4030036"	"early spermatid"	"perfect match"	"SN090"	NA	1
"TGCTACCAGTCGATAA"	""	"ERX6700409"	"ERP132577"	"testis"	"Round_spermatids"	NA	NA	NA	"CL:4030036"	"early spermatid"	"perfect match"	"SN090"	NA	1
"TGCTACCGTCTAACGT"	""	"ERX6700409"	"ERP132577"	"testis"	"Spermatocytes"	NA	NA	NA	"CL:0000017"	"spermatocyte"	"perfect match"	"SN090"	NA	6
"TGCTACCTCCCGACTT"	""	"ERX6700409"	"ERP132577"	"testis"	"Other_somatic"	NA	NA	NA	"CL:0002371"	"somatic cell"	"perfect match"	"SN090"	NA	4
"TGCTGCTAGTCGCCGT"	""	"ERX6700409"	"ERP132577"	"testis"	"Round_spermatids"	NA	NA	NA	"CL:4030036"	"early spermatid"	"perfect match"	"SN090"	NA	1
"TGCTGCTCACCAGCAC"	""	"ERX6700409"	"ERP132577"	"testis"	"Spermatocytes"	NA	NA	NA	"CL:0000017"	"spermatocyte"	"perfect match"	"SN090"	NA	6
"TGCTGCTGTAACGACG"	""	"ERX6700409"	"ERP132577"	"testis"	"Sertoli"	NA	NA	NA	"CL:0000216"	"Sertoli cell"	"perfect match"	"SN090"	NA	2
"TGCTGCTGTTCGTTGA"	""	"ERX6700409"	"ERP132577"	"testis"	"Elongated_spermatids"	NA	NA	NA	"CL:4030037"	"late spermatid"	"perfect match"	"SN090"	NA	3
"TGCTGCTGTTTGTTTC"	""	"ERX6700409"	"ERP132577"	"testis"	"Round_spermatids"	NA	NA	NA	"CL:4030036"	"early spermatid"	"perfect match"	"SN090"	NA	1
"TGGACGCAGTCTCAAC"	""	"ERX6700409"	"ERP132577"	"testis"	"Other_somatic"	NA	NA	NA	"CL:0002371"	"somatic cell"	"perfect match"	"SN090"	NA	4
"TGGCCAGAGCGGCTTC"	""	"ERX6700409"	"ERP132577"	"testis"	"Spermatocytes"	NA	NA	NA	"CL:0000017"	"spermatocyte"	"perfect match"	"SN090"	NA	6
"TGGCCAGGTTCAACCA"	""	"ERX6700409"	"ERP132577"	"testis"	"Other_somatic"	NA	NA	NA	"CL:0002371"	"somatic cell"	"perfect match"	"SN090"	NA	4
"TGGCCAGTCGCAAACT"	""	"ERX6700409"	"ERP132577"	"testis"	"Round_spermatids"	NA	NA	NA	"CL:4030036"	"early spermatid"	"perfect match"	"SN090"	NA	1
"TGGCGCAAGTGTCCCG"	""	"ERX6700409"	"ERP132577"	"testis"	"Round_spermatids"	NA	NA	NA	"CL:4030036"	"early spermatid"	"perfect match"	"SN090"	NA	1
"TGGCGCACAGTTCCCT"	""	"ERX6700409"	"ERP132577"	"testis"	"Spermatogonia"	NA	NA	NA	"CL:0000020"	"spermatogonium"	"perfect match"	"SN090"	NA	5
"TGGCTGGAGACTGTAA"	""	"ERX6700409"	"ERP132577"	"testis"	"Other_somatic"	NA	NA	NA	"CL:0002371"	"somatic cell"	"perfect match"	"SN090"	NA	4
"TGGCTGGAGCGATTCT"	""	"ERX6700409"	"ERP132577"	"testis"	"Round_spermatids"	NA	NA	NA	"CL:4030036"	"early spermatid"	"perfect match"	"SN090"	NA	1
"TGGCTGGCAGCCTTTC"	""	"ERX6700409"	"ERP132577"	"testis"	"Spermatocytes"	NA	NA	NA	"CL:0000017"	"spermatocyte"	"perfect match"	"SN090"	NA	6
"TGGCTGGTCTTATCTG"	""	"ERX6700409"	"ERP132577"	"testis"	"Round_spermatids"	NA	NA	NA	"CL:4030036"	"early spermatid"	"perfect match"	"SN090"	NA	1
"TGGGAAGAGAGTAATC"	""	"ERX6700409"	"ERP132577"	"testis"	"Round_spermatids"	NA	NA	NA	"CL:4030036"	"early spermatid"	"perfect match"	"SN090"	NA	1
"TGGGAAGAGCTGGAAC"	""	"ERX6700409"	"ERP132577"	"testis"	"Spermatocytes"	NA	NA	NA	"CL:0000017"	"spermatocyte"	"perfect match"	"SN090"	NA	6
"TGGGAAGCATAAAGGT"	""	"ERX6700409"	"ERP132577"	"testis"	"Sertoli"	NA	NA	NA	"CL:0000216"	"Sertoli cell"	"perfect match"	"SN090"	NA	2
"TGGGAAGGTGCATCTA"	""	"ERX6700409"	"ERP132577"	"testis"	"Elongated_spermatids"	NA	NA	NA	"CL:4030037"	"late spermatid"	"perfect match"	"SN090"	NA	3
"TGGGAAGGTTACAGAA"	""	"ERX6700409"	"ERP132577"	"testis"	"Round_spermatids"	NA	NA	NA	"CL:4030036"	"early spermatid"	"perfect match"	"SN090"	NA	1
"TGGGAAGTCGCCTGTT"	""	"ERX6700409"	"ERP132577"	"testis"	"Other_somatic"	NA	NA	NA	"CL:0002371"	"somatic cell"	"perfect match"	"SN090"	NA	4
"TGGGAAGTCTACTCAT"	""	"ERX6700409"	"ERP132577"	"testis"	"Sertoli"	NA	NA	NA	"CL:0000216"	"Sertoli cell"	"perfect match"	"SN090"	NA	2
"TGGGCGTAGCTGCGAA"	""	"ERX6700409"	"ERP132577"	"testis"	"Spermatocytes"	NA	NA	NA	"CL:0000017"	"spermatocyte"	"perfect match"	"SN090"	NA	6
"TGGGCGTAGGAACTGC"	""	"ERX6700409"	"ERP132577"	"testis"	"Round_spermatids"	NA	NA	NA	"CL:4030036"	"early spermatid"	"perfect match"	"SN090"	NA	1
"TGGGCGTCAAGAGGCT"	""	"ERX6700409"	"ERP132577"	"testis"	"Other_somatic"	NA	NA	NA	"CL:0002371"	"somatic cell"	"perfect match"	"SN090"	NA	4
"TGGGCGTCAATGGAGC"	""	"ERX6700409"	"ERP132577"	"testis"	"Elongated_spermatids"	NA	NA	NA	"CL:4030037"	"late spermatid"	"perfect match"	"SN090"	NA	3
"TGGTTAGAGACCGGAT"	""	"ERX6700409"	"ERP132577"	"testis"	"Spermatocytes"	NA	NA	NA	"CL:0000017"	"spermatocyte"	"perfect match"	"SN090"	NA	6
"TGGTTAGAGGTCGGAT"	""	"ERX6700409"	"ERP132577"	"testis"	"Round_spermatids"	NA	NA	NA	"CL:4030036"	"early spermatid"	"perfect match"	"SN090"	NA	1
"TGGTTAGAGTCGTTTG"	""	"ERX6700409"	"ERP132577"	"testis"	"Round_spermatids"	NA	NA	NA	"CL:4030036"	"early spermatid"	"perfect match"	"SN090"	NA	1
"TGGTTAGCATAGAAAC"	""	"ERX6700409"	"ERP132577"	"testis"	"Other_somatic"	NA	NA	NA	"CL:0002371"	"somatic cell"	"perfect match"	"SN090"	NA	4
"TGGTTAGCATGACATC"	""	"ERX6700409"	"ERP132577"	"testis"	"Elongated_spermatids"	NA	NA	NA	"CL:4030037"	"late spermatid"	"perfect match"	"SN090"	NA	3
"TGGTTAGTCCCTGACT"	""	"ERX6700409"	"ERP132577"	"testis"	"Elongated_spermatids"	NA	NA	NA	"CL:4030037"	"late spermatid"	"perfect match"	"SN090"	NA	3
"TGGTTCCAGACACTAA"	""	"ERX6700409"	"ERP132577"	"testis"	"Round_spermatids"	NA	NA	NA	"CL:4030036"	"early spermatid"	"perfect match"	"SN090"	NA	1
"TGGTTCCAGCCCTAAT"	""	"ERX6700409"	"ERP132577"	"testis"	"Sertoli"	NA	NA	NA	"CL:0000216"	"Sertoli cell"	"perfect match"	"SN090"	NA	2
"TGGTTCCCAAGCCCAC"	""	"ERX6700409"	"ERP132577"	"testis"	"Elongated_spermatids"	NA	NA	NA	"CL:4030037"	"late spermatid"	"perfect match"	"SN090"	NA	3
"TGGTTCCGTTAAAGTG"	""	"ERX6700409"	"ERP132577"	"testis"	"Spermatocytes"	NA	NA	NA	"CL:0000017"	"spermatocyte"	"perfect match"	"SN090"	NA	6
"TGGTTCCTCAAACGGG"	""	"ERX6700409"	"ERP132577"	"testis"	"Sertoli"	NA	NA	NA	"CL:0000216"	"Sertoli cell"	"perfect match"	"SN090"	NA	2
"TGTATTCAGCGATCCC"	""	"ERX6700409"	"ERP132577"	"testis"	"Spermatocytes"	NA	NA	NA	"CL:0000017"	"spermatocyte"	"perfect match"	"SN090"	NA	6
"TGTATTCAGGGTCTCC"	""	"ERX6700409"	"ERP132577"	"testis"	"Elongated_spermatids"	NA	NA	NA	"CL:4030037"	"late spermatid"	"perfect match"	"SN090"	NA	3
"TGTCCCAAGGAGCGAG"	""	"ERX6700409"	"ERP132577"	"testis"	"Spermatogonia"	NA	NA	NA	"CL:0000020"	"spermatogonium"	"perfect match"	"SN090"	NA	5
"TGTCCCATCTTACCGC"	""	"ERX6700409"	"ERP132577"	"testis"	"Round_spermatids"	NA	NA	NA	"CL:4030036"	"early spermatid"	"perfect match"	"SN090"	NA	1
"TGTGGTATCATAAAGG"	""	"ERX6700409"	"ERP132577"	"testis"	"Spermatocytes"	NA	NA	NA	"CL:0000017"	"spermatocyte"	"perfect match"	"SN090"	NA	6
"TGTGTTTAGAGCTATA"	""	"ERX6700409"	"ERP132577"	"testis"	"Elongated_spermatids"	NA	NA	NA	"CL:4030037"	"late spermatid"	"perfect match"	"SN090"	NA	3
"TGTGTTTAGCGTCAAG"	""	"ERX6700409"	"ERP132577"	"testis"	"Round_spermatids"	NA	NA	NA	"CL:4030036"	"early spermatid"	"perfect match"	"SN090"	NA	1
"TGTGTTTCAAGACGTG"	""	"ERX6700409"	"ERP132577"	"testis"	"Elongated_spermatids"	NA	NA	NA	"CL:4030037"	"late spermatid"	"perfect match"	"SN090"	NA	3
"TGTGTTTTCAATAAGG"	""	"ERX6700409"	"ERP132577"	"testis"	"Round_spermatids"	NA	NA	NA	"CL:4030036"	"early spermatid"	"perfect match"	"SN090"	NA	1
"TGTTCCGAGGATGGTC"	""	"ERX6700409"	"ERP132577"	"testis"	"Other_somatic"	NA	NA	NA	"CL:0002371"	"somatic cell"	"perfect match"	"SN090"	NA	4
"TGTTCCGCAGGTCCAC"	""	"ERX6700409"	"ERP132577"	"testis"	"Spermatocytes"	NA	NA	NA	"CL:0000017"	"spermatocyte"	"perfect match"	"SN090"	NA	6
"TGTTCCGTCTCGAGTA"	""	"ERX6700409"	"ERP132577"	"testis"	"Spermatogonia"	NA	NA	NA	"CL:0000020"	"spermatogonium"	"perfect match"	"SN090"	NA	5
"TTAACTCAGCTAACTC"	""	"ERX6700409"	"ERP132577"	"testis"	"Elongated_spermatids"	NA	NA	NA	"CL:4030037"	"late spermatid"	"perfect match"	"SN090"	NA	3
"TTAACTCAGTTTAGGA"	""	"ERX6700409"	"ERP132577"	"testis"	"Spermatocytes"	NA	NA	NA	"CL:0000017"	"spermatocyte"	"perfect match"	"SN090"	NA	6
"TTAACTCGTACCGAGA"	""	"ERX6700409"	"ERP132577"	"testis"	"Other_somatic"	NA	NA	NA	"CL:0002371"	"somatic cell"	"perfect match"	"SN090"	NA	4
"TTAACTCGTCGCTTCT"	""	"ERX6700409"	"ERP132577"	"testis"	"Round_spermatids"	NA	NA	NA	"CL:4030036"	"early spermatid"	"perfect match"	"SN090"	NA	1
"TTAGGACCACACATGT"	""	"ERX6700409"	"ERP132577"	"testis"	"Round_spermatids"	NA	NA	NA	"CL:4030036"	"early spermatid"	"perfect match"	"SN090"	NA	1
"TTAGGACCAGTAACGG"	""	"ERX6700409"	"ERP132577"	"testis"	"Round_spermatids"	NA	NA	NA	"CL:4030036"	"early spermatid"	"perfect match"	"SN090"	NA	1
"TTAGGACCATCAGTCA"	""	"ERX6700409"	"ERP132577"	"testis"	"Round_spermatids"	NA	NA	NA	"CL:4030036"	"early spermatid"	"perfect match"	"SN090"	NA	1
"TTAGGACCATTCCTGC"	""	"ERX6700409"	"ERP132577"	"testis"	"Elongated_spermatids"	NA	NA	NA	"CL:4030037"	"late spermatid"	"perfect match"	"SN090"	NA	3
"TTAGGACGTAGCGATG"	""	"ERX6700409"	"ERP132577"	"testis"	"Round_spermatids"	NA	NA	NA	"CL:4030036"	"early spermatid"	"perfect match"	"SN090"	NA	1
"TTAGGACGTGCCTGCA"	""	"ERX6700409"	"ERP132577"	"testis"	"Elongated_spermatids"	NA	NA	NA	"CL:4030037"	"late spermatid"	"perfect match"	"SN090"	NA	3
"TTAGGACTCGTGGTCG"	""	"ERX6700409"	"ERP132577"	"testis"	"Elongated_spermatids"	NA	NA	NA	"CL:4030037"	"late spermatid"	"perfect match"	"SN090"	NA	3
"TTAGGCAAGAGACTAT"	""	"ERX6700409"	"ERP132577"	"testis"	"Other_somatic"	NA	NA	NA	"CL:0002371"	"somatic cell"	"perfect match"	"SN090"	NA	4
"TTAGGCACATACTACG"	""	"ERX6700409"	"ERP132577"	"testis"	"Sertoli"	NA	NA	NA	"CL:0000216"	"Sertoli cell"	"perfect match"	"SN090"	NA	2
"TTAGGCAGTCGACTAT"	""	"ERX6700409"	"ERP132577"	"testis"	"Other_somatic"	NA	NA	NA	"CL:0002371"	"somatic cell"	"perfect match"	"SN090"	NA	4
"TTAGGCATCATGCTCC"	""	"ERX6700409"	"ERP132577"	"testis"	"Elongated_spermatids"	NA	NA	NA	"CL:4030037"	"late spermatid"	"perfect match"	"SN090"	NA	3
"TTAGGCATCGGCTTGG"	""	"ERX6700409"	"ERP132577"	"testis"	"Other_somatic"	NA	NA	NA	"CL:0002371"	"somatic cell"	"perfect match"	"SN090"	NA	4
"TTAGTTCCACAGACTT"	""	"ERX6700409"	"ERP132577"	"testis"	"Other_somatic"	NA	NA	NA	"CL:0002371"	"somatic cell"	"perfect match"	"SN090"	NA	4
"TTAGTTCCACGCATCG"	""	"ERX6700409"	"ERP132577"	"testis"	"Spermatogonia"	NA	NA	NA	"CL:0000020"	"spermatogonium"	"perfect match"	"SN090"	NA	5
"TTAGTTCCACTGTCGG"	""	"ERX6700409"	"ERP132577"	"testis"	"Round_spermatids"	NA	NA	NA	"CL:4030036"	"early spermatid"	"perfect match"	"SN090"	NA	1
"TTAGTTCGTGCCTGTG"	""	"ERX6700409"	"ERP132577"	"testis"	"Round_spermatids"	NA	NA	NA	"CL:4030036"	"early spermatid"	"perfect match"	"SN090"	NA	1
"TTAGTTCGTTTGTTGG"	""	"ERX6700409"	"ERP132577"	"testis"	"Other_somatic"	NA	NA	NA	"CL:0002371"	"somatic cell"	"perfect match"	"SN090"	NA	4
"TTATGCTCAGCTGCAC"	""	"ERX6700409"	"ERP132577"	"testis"	"Spermatocytes"	NA	NA	NA	"CL:0000017"	"spermatocyte"	"perfect match"	"SN090"	NA	6
"TTATGCTCAGGATCGA"	""	"ERX6700409"	"ERP132577"	"testis"	"Elongated_spermatids"	NA	NA	NA	"CL:4030037"	"late spermatid"	"perfect match"	"SN090"	NA	3
"TTCCCAGAGACTGGGT"	""	"ERX6700409"	"ERP132577"	"testis"	"Spermatocytes"	NA	NA	NA	"CL:0000017"	"spermatocyte"	"perfect match"	"SN090"	NA	6
"TTCCCAGTCGCAGGCT"	""	"ERX6700409"	"ERP132577"	"testis"	"Other_somatic"	NA	NA	NA	"CL:0002371"	"somatic cell"	"perfect match"	"SN090"	NA	4
"TTCGAAGAGTACGACG"	""	"ERX6700409"	"ERP132577"	"testis"	"Round_spermatids"	NA	NA	NA	"CL:4030036"	"early spermatid"	"perfect match"	"SN090"	NA	1
"TTCGAAGCATTCTTAC"	""	"ERX6700409"	"ERP132577"	"testis"	"Spermatocytes"	NA	NA	NA	"CL:0000017"	"spermatocyte"	"perfect match"	"SN090"	NA	6
"TTCGAAGTCAATCACG"	""	"ERX6700409"	"ERP132577"	"testis"	"Round_spermatids"	NA	NA	NA	"CL:4030036"	"early spermatid"	"perfect match"	"SN090"	NA	1
"TTCGAAGTCAGAAATG"	""	"ERX6700409"	"ERP132577"	"testis"	"Elongated_spermatids"	NA	NA	NA	"CL:4030037"	"late spermatid"	"perfect match"	"SN090"	NA	3
"TTCGGTCAGCTAGGCA"	""	"ERX6700409"	"ERP132577"	"testis"	"Spermatocytes"	NA	NA	NA	"CL:0000017"	"spermatocyte"	"perfect match"	"SN090"	NA	6
"TTCGGTCAGCTTATCG"	""	"ERX6700409"	"ERP132577"	"testis"	"Other_somatic"	NA	NA	NA	"CL:0002371"	"somatic cell"	"perfect match"	"SN090"	NA	4
"TTCGGTCCACCAGGCT"	""	"ERX6700409"	"ERP132577"	"testis"	"Round_spermatids"	NA	NA	NA	"CL:4030036"	"early spermatid"	"perfect match"	"SN090"	NA	1
"TTCGGTCTCCCAAGAT"	""	"ERX6700409"	"ERP132577"	"testis"	"Round_spermatids"	NA	NA	NA	"CL:4030036"	"early spermatid"	"perfect match"	"SN090"	NA	1
"TTCGGTCTCGAGGTAG"	""	"ERX6700409"	"ERP132577"	"testis"	"Sertoli"	NA	NA	NA	"CL:0000216"	"Sertoli cell"	"perfect match"	"SN090"	NA	2
"TTCTACACAGATGGGT"	""	"ERX6700409"	"ERP132577"	"testis"	"Other_somatic"	NA	NA	NA	"CL:0002371"	"somatic cell"	"perfect match"	"SN090"	NA	4
"TTCTACAGTGCACTTA"	""	"ERX6700409"	"ERP132577"	"testis"	"Elongated_spermatids"	NA	NA	NA	"CL:4030037"	"late spermatid"	"perfect match"	"SN090"	NA	3
"TTCTCAAAGACTAGGC"	""	"ERX6700409"	"ERP132577"	"testis"	"Sertoli"	NA	NA	NA	"CL:0000216"	"Sertoli cell"	"perfect match"	"SN090"	NA	2
"TTCTCAACAGCATGAG"	""	"ERX6700409"	"ERP132577"	"testis"	"Elongated_spermatids"	NA	NA	NA	"CL:4030037"	"late spermatid"	"perfect match"	"SN090"	NA	3
"TTCTCAAGTAAGGATT"	""	"ERX6700409"	"ERP132577"	"testis"	"Sertoli"	NA	NA	NA	"CL:0000216"	"Sertoli cell"	"perfect match"	"SN090"	NA	2
"TTCTCAAGTTAAGATG"	""	"ERX6700409"	"ERP132577"	"testis"	"Round_spermatids"	NA	NA	NA	"CL:4030036"	"early spermatid"	"perfect match"	"SN090"	NA	1
"TTCTCCTAGATTACCC"	""	"ERX6700409"	"ERP132577"	"testis"	"Sertoli"	NA	NA	NA	"CL:0000216"	"Sertoli cell"	"perfect match"	"SN090"	NA	2
"TTCTCCTCATCCGTGG"	""	"ERX6700409"	"ERP132577"	"testis"	"Sertoli"	NA	NA	NA	"CL:0000216"	"Sertoli cell"	"perfect match"	"SN090"	NA	2
"TTCTCCTTCGCCTGTT"	""	"ERX6700409"	"ERP132577"	"testis"	"Sertoli"	NA	NA	NA	"CL:0000216"	"Sertoli cell"	"perfect match"	"SN090"	NA	2
"TTCTCCTTCTAACGGT"	""	"ERX6700409"	"ERP132577"	"testis"	"Elongated_spermatids"	NA	NA	NA	"CL:4030037"	"late spermatid"	"perfect match"	"SN090"	NA	3
"TTCTTAGAGAATCTCC"	""	"ERX6700409"	"ERP132577"	"testis"	"Other_somatic"	NA	NA	NA	"CL:0002371"	"somatic cell"	"perfect match"	"SN090"	NA	4
"TTCTTAGAGACAAGCC"	""	"ERX6700409"	"ERP132577"	"testis"	"Spermatocytes"	NA	NA	NA	"CL:0000017"	"spermatocyte"	"perfect match"	"SN090"	NA	6
"TTCTTAGGTACAGACG"	""	"ERX6700409"	"ERP132577"	"testis"	"Other_somatic"	NA	NA	NA	"CL:0002371"	"somatic cell"	"perfect match"	"SN090"	NA	4
"TTGAACGAGACAGGCT"	""	"ERX6700409"	"ERP132577"	"testis"	"Spermatocytes"	NA	NA	NA	"CL:0000017"	"spermatocyte"	"perfect match"	"SN090"	NA	6
"TTGAACGAGAGGTAGA"	""	"ERX6700409"	"ERP132577"	"testis"	"Spermatocytes"	NA	NA	NA	"CL:0000017"	"spermatocyte"	"perfect match"	"SN090"	NA	6
"TTGAACGGTTGAACTC"	""	"ERX6700409"	"ERP132577"	"testis"	"Round_spermatids"	NA	NA	NA	"CL:4030036"	"early spermatid"	"perfect match"	"SN090"	NA	1
"TTGAACGTCCAGGGCT"	""	"ERX6700409"	"ERP132577"	"testis"	"Round_spermatids"	NA	NA	NA	"CL:4030036"	"early spermatid"	"perfect match"	"SN090"	NA	1
"TTGACTTAGGGCTTGA"	""	"ERX6700409"	"ERP132577"	"testis"	"Other_somatic"	NA	NA	NA	"CL:0002371"	"somatic cell"	"perfect match"	"SN090"	NA	4
"TTGACTTCAAGGTTCT"	""	"ERX6700409"	"ERP132577"	"testis"	"Round_spermatids"	NA	NA	NA	"CL:4030036"	"early spermatid"	"perfect match"	"SN090"	NA	1
"TTGACTTCATTGAGCT"	""	"ERX6700409"	"ERP132577"	"testis"	"Round_spermatids"	NA	NA	NA	"CL:4030036"	"early spermatid"	"perfect match"	"SN090"	NA	1
"TTGACTTGTGAGTATA"	""	"ERX6700409"	"ERP132577"	"testis"	"Round_spermatids"	NA	NA	NA	"CL:4030036"	"early spermatid"	"perfect match"	"SN090"	NA	1
"TTGACTTTCCTCTAGC"	""	"ERX6700409"	"ERP132577"	"testis"	"Elongated_spermatids"	NA	NA	NA	"CL:4030037"	"late spermatid"	"perfect match"	"SN090"	NA	3
"TTGCCGTAGCGTTGCC"	""	"ERX6700409"	"ERP132577"	"testis"	"Round_spermatids"	NA	NA	NA	"CL:4030036"	"early spermatid"	"perfect match"	"SN090"	NA	1
"TTGCCGTAGCTCCTTC"	""	"ERX6700409"	"ERP132577"	"testis"	"Other_somatic"	NA	NA	NA	"CL:0002371"	"somatic cell"	"perfect match"	"SN090"	NA	4
"TTGCCGTAGTACATGA"	""	"ERX6700409"	"ERP132577"	"testis"	"Other_somatic"	NA	NA	NA	"CL:0002371"	"somatic cell"	"perfect match"	"SN090"	NA	4
"TTGCCGTCAATGAATG"	""	"ERX6700409"	"ERP132577"	"testis"	"Elongated_spermatids"	NA	NA	NA	"CL:4030037"	"late spermatid"	"perfect match"	"SN090"	NA	3
"TTGCCGTCAATGTTGC"	""	"ERX6700409"	"ERP132577"	"testis"	"Round_spermatids"	NA	NA	NA	"CL:4030036"	"early spermatid"	"perfect match"	"SN090"	NA	1
"TTGCCGTCATTGAGCT"	""	"ERX6700409"	"ERP132577"	"testis"	"Round_spermatids"	NA	NA	NA	"CL:4030036"	"early spermatid"	"perfect match"	"SN090"	NA	1
"TTGCCGTGTACAAGTA"	""	"ERX6700409"	"ERP132577"	"testis"	"Spermatocytes"	NA	NA	NA	"CL:0000017"	"spermatocyte"	"perfect match"	"SN090"	NA	6
"TTGCCGTGTCCAAGTT"	""	"ERX6700409"	"ERP132577"	"testis"	"Other_somatic"	NA	NA	NA	"CL:0002371"	"somatic cell"	"perfect match"	"SN090"	NA	4
"TTGCCGTGTGAGCGAT"	""	"ERX6700409"	"ERP132577"	"testis"	"Sertoli"	NA	NA	NA	"CL:0000216"	"Sertoli cell"	"perfect match"	"SN090"	NA	2
"TTGCGTCCATGCCCGA"	""	"ERX6700409"	"ERP132577"	"testis"	"Sertoli"	NA	NA	NA	"CL:0000216"	"Sertoli cell"	"perfect match"	"SN090"	NA	2
"TTGCGTCGTAGCGTCC"	""	"ERX6700409"	"ERP132577"	"testis"	"Round_spermatids"	NA	NA	NA	"CL:4030036"	"early spermatid"	"perfect match"	"SN090"	NA	1
"TTGGAACAGTTTGCGT"	""	"ERX6700409"	"ERP132577"	"testis"	"Spermatocytes"	NA	NA	NA	"CL:0000017"	"spermatocyte"	"perfect match"	"SN090"	NA	6
"TTGGAACCAATAGAGT"	""	"ERX6700409"	"ERP132577"	"testis"	"Other_somatic"	NA	NA	NA	"CL:0002371"	"somatic cell"	"perfect match"	"SN090"	NA	4
"TTGGAACCAATTCCTT"	""	"ERX6700409"	"ERP132577"	"testis"	"Round_spermatids"	NA	NA	NA	"CL:4030036"	"early spermatid"	"perfect match"	"SN090"	NA	1
"TTGGAACCACGAGAGT"	""	"ERX6700409"	"ERP132577"	"testis"	"Elongated_spermatids"	NA	NA	NA	"CL:4030037"	"late spermatid"	"perfect match"	"SN090"	NA	3
"TTGGAACGTACCGGCT"	""	"ERX6700409"	"ERP132577"	"testis"	"Sertoli"	NA	NA	NA	"CL:0000216"	"Sertoli cell"	"perfect match"	"SN090"	NA	2
"TTGGCAAAGCGATGAC"	""	"ERX6700409"	"ERP132577"	"testis"	"Spermatogonia"	NA	NA	NA	"CL:0000020"	"spermatogonium"	"perfect match"	"SN090"	NA	5
"TTGGCAAGTAGCGTAG"	""	"ERX6700409"	"ERP132577"	"testis"	"Sertoli"	NA	NA	NA	"CL:0000216"	"Sertoli cell"	"perfect match"	"SN090"	NA	2
"TTGGCAAGTCCATCCT"	""	"ERX6700409"	"ERP132577"	"testis"	"Elongated_spermatids"	NA	NA	NA	"CL:4030037"	"late spermatid"	"perfect match"	"SN090"	NA	3
"TTGGCAATCTACGAGT"	""	"ERX6700409"	"ERP132577"	"testis"	"Elongated_spermatids"	NA	NA	NA	"CL:4030037"	"late spermatid"	"perfect match"	"SN090"	NA	3
"TTGGCAATCTTTACGT"	""	"ERX6700409"	"ERP132577"	"testis"	"Round_spermatids"	NA	NA	NA	"CL:4030036"	"early spermatid"	"perfect match"	"SN090"	NA	1
"TTGTAGGAGGACAGCT"	""	"ERX6700409"	"ERP132577"	"testis"	"Elongated_spermatids"	NA	NA	NA	"CL:4030037"	"late spermatid"	"perfect match"	"SN090"	NA	3
"TTGTAGGAGGACTGGT"	""	"ERX6700409"	"ERP132577"	"testis"	"Round_spermatids"	NA	NA	NA	"CL:4030036"	"early spermatid"	"perfect match"	"SN090"	NA	1
"TTGTAGGAGGGCTTCC"	""	"ERX6700409"	"ERP132577"	"testis"	"Elongated_spermatids"	NA	NA	NA	"CL:4030037"	"late spermatid"	"perfect match"	"SN090"	NA	3
"TTGTAGGCATCCGTGG"	""	"ERX6700409"	"ERP132577"	"testis"	"Sertoli"	NA	NA	NA	"CL:0000216"	"Sertoli cell"	"perfect match"	"SN090"	NA	2
"TTGTAGGGTGCACGAA"	""	"ERX6700409"	"ERP132577"	"testis"	"Elongated_spermatids"	NA	NA	NA	"CL:4030037"	"late spermatid"	"perfect match"	"SN090"	NA	3
"TTTACTGCACATCCGG"	""	"ERX6700409"	"ERP132577"	"testis"	"Sertoli"	NA	NA	NA	"CL:0000216"	"Sertoli cell"	"perfect match"	"SN090"	NA	2
"TTTACTGCAGCAGTTT"	""	"ERX6700409"	"ERP132577"	"testis"	"Spermatocytes"	NA	NA	NA	"CL:0000017"	"spermatocyte"	"perfect match"	"SN090"	NA	6
"TTTACTGGTTATCACG"	""	"ERX6700409"	"ERP132577"	"testis"	"Spermatocytes"	NA	NA	NA	"CL:0000017"	"spermatocyte"	"perfect match"	"SN090"	NA	6
"TTTACTGTCGAGCCCA"	""	"ERX6700409"	"ERP132577"	"testis"	"Round_spermatids"	NA	NA	NA	"CL:4030036"	"early spermatid"	"perfect match"	"SN090"	NA	1
"TTTATGCAGCGCCTCA"	""	"ERX6700409"	"ERP132577"	"testis"	"Spermatocytes"	NA	NA	NA	"CL:0000017"	"spermatocyte"	"perfect match"	"SN090"	NA	6
"TTTATGCCAAGGTTCT"	""	"ERX6700409"	"ERP132577"	"testis"	"Sertoli"	NA	NA	NA	"CL:0000216"	"Sertoli cell"	"perfect match"	"SN090"	NA	2
"TTTATGCTCCAAAGTC"	""	"ERX6700409"	"ERP132577"	"testis"	"Round_spermatids"	NA	NA	NA	"CL:4030036"	"early spermatid"	"perfect match"	"SN090"	NA	1
"TTTATGCTCCGTTGCT"	""	"ERX6700409"	"ERP132577"	"testis"	"Round_spermatids"	NA	NA	NA	"CL:4030036"	"early spermatid"	"perfect match"	"SN090"	NA	1
"TTTCCTCAGCAGGTCA"	""	"ERX6700409"	"ERP132577"	"testis"	"Other_somatic"	NA	NA	NA	"CL:0002371"	"somatic cell"	"perfect match"	"SN090"	NA	4
"TTTCCTCAGCGGATCA"	""	"ERX6700409"	"ERP132577"	"testis"	"Round_spermatids"	NA	NA	NA	"CL:4030036"	"early spermatid"	"perfect match"	"SN090"	NA	1
"TTTCCTCAGGCTAGAC"	""	"ERX6700409"	"ERP132577"	"testis"	"Spermatogonia"	NA	NA	NA	"CL:0000020"	"spermatogonium"	"perfect match"	"SN090"	NA	5
"TTTCCTCGTTACGTCA"	""	"ERX6700409"	"ERP132577"	"testis"	"Round_spermatids"	NA	NA	NA	"CL:4030036"	"early spermatid"	"perfect match"	"SN090"	NA	1
"TTTCCTCTCAAGGCTT"	""	"ERX6700409"	"ERP132577"	"testis"	"Round_spermatids"	NA	NA	NA	"CL:4030036"	"early spermatid"	"perfect match"	"SN090"	NA	1
"TTTCCTCTCGCTGATA"	""	"ERX6700409"	"ERP132577"	"testis"	"Spermatogonia"	NA	NA	NA	"CL:0000020"	"spermatogonium"	"perfect match"	"SN090"	NA	5
"TTTGCGCGTCTGCCAG"	""	"ERX6700409"	"ERP132577"	"testis"	"Round_spermatids"	NA	NA	NA	"CL:4030036"	"early spermatid"	"perfect match"	"SN090"	NA	1
"TTTGCGCGTTCCGTCT"	""	"ERX6700409"	"ERP132577"	"testis"	"Elongated_spermatids"	NA	NA	NA	"CL:4030037"	"late spermatid"	"perfect match"	"SN090"	NA	3
"TTTGCGCTCATCATTC"	""	"ERX6700409"	"ERP132577"	"testis"	"Sertoli"	NA	NA	NA	"CL:0000216"	"Sertoli cell"	"perfect match"	"SN090"	NA	2
"TTTGCGCTCCAAGTAC"	""	"ERX6700409"	"ERP132577"	"testis"	"Other_somatic"	NA	NA	NA	"CL:0002371"	"somatic cell"	"perfect match"	"SN090"	NA	4
"TTTGCGCTCGGCATCG"	""	"ERX6700409"	"ERP132577"	"testis"	"Other_somatic"	NA	NA	NA	"CL:0002371"	"somatic cell"	"perfect match"	"SN090"	NA	4
"TTTGCGCTCGGTGTTA"	""	"ERX6700409"	"ERP132577"	"testis"	"Spermatocytes"	NA	NA	NA	"CL:0000017"	"spermatocyte"	"perfect match"	"SN090"	NA	6
"TTTGGTTAGACGACGT"	""	"ERX6700409"	"ERP132577"	"testis"	"Spermatocytes"	NA	NA	NA	"CL:0000017"	"spermatocyte"	"perfect match"	"SN090"	NA	6
"TTTGGTTAGCGTTCCG"	""	"ERX6700409"	"ERP132577"	"testis"	"Round_spermatids"	NA	NA	NA	"CL:4030036"	"early spermatid"	"perfect match"	"SN090"	NA	1
"TTTGGTTCAATAGAGT"	""	"ERX6700409"	"ERP132577"	"testis"	"Sertoli"	NA	NA	NA	"CL:0000216"	"Sertoli cell"	"perfect match"	"SN090"	NA	2
"TTTGGTTCATGTAGTC"	""	"ERX6700409"	"ERP132577"	"testis"	"Spermatogonia"	NA	NA	NA	"CL:0000020"	"spermatogonium"	"perfect match"	"SN090"	NA	5
"TTTGGTTGTCGAATCT"	""	"ERX6700409"	"ERP132577"	"testis"	"Spermatocytes"	NA	NA	NA	"CL:0000017"	"spermatocyte"	"perfect match"	"SN090"	NA	6
"TTTGGTTTCATGCATG"	""	"ERX6700409"	"ERP132577"	"testis"	"Round_spermatids"	NA	NA	NA	"CL:4030036"	"early spermatid"	"perfect match"	"SN090"	NA	1
"TTTGGTTTCCAGAAGG"	""	"ERX6700409"	"ERP132577"	"testis"	"Elongated_spermatids"	NA	NA	NA	"CL:4030037"	"late spermatid"	"perfect match"	"SN090"	NA	3
"TTTGTCAAGTGGTCCC"	""	"ERX6700409"	"ERP132577"	"testis"	"Elongated_spermatids"	NA	NA	NA	"CL:4030037"	"late spermatid"	"perfect match"	"SN090"	NA	3
"TTTGTCAAGTGTGAAT"	""	"ERX6700409"	"ERP132577"	"testis"	"Other_somatic"	NA	NA	NA	"CL:0002371"	"somatic cell"	"perfect match"	"SN090"	NA	4
"TTTGTCACAGCTCCGA"	""	"ERX6700409"	"ERP132577"	"testis"	"Round_spermatids"	NA	NA	NA	"CL:4030036"	"early spermatid"	"perfect match"	"SN090"	NA	1
"TTTGTCAGTCGCATAT"	""	"ERX6700409"	"ERP132577"	"testis"	"Sertoli"	NA	NA	NA	"CL:0000216"	"Sertoli cell"	"perfect match"	"SN090"	NA	2
"TTTGTCATCGAGCCCA"	""	"ERX6700409"	"ERP132577"	"testis"	"Round_spermatids"	NA	NA	NA	"CL:4030036"	"early spermatid"	"perfect match"	"SN090"	NA	1
