"barcode"	"cluster"	"library"	"experiment"	"tissue"	"cell_type"	"anatId_a_posteriori"	"anatName_a_posteriori"	"anat_a_posteriori_annotationStatus"	"cellTypeId"	"cellTypeName"	"cellTypeAnnotationStatus"	"name_Library"	"comments"	"internal_cluster_id"
"AAACCTGAGAATCTCC"	""	"ERX6700418"	"ERP132580"	"testis"	"Undifferentiated_Spermatogonia"	NA	NA	NA	"CL:0000016"	"male germ line stem cell"	"other"	"SN181"	NA	1
"AAACCTGAGCTGCCCA"	""	"ERX6700418"	"ERP132580"	"testis"	"Early_Round_spermatids"	NA	NA	NA	"CL:4030036"	"early spermatid"	"perfect match"	"SN181"	NA	2
"AAACCTGCAATGCCAT"	""	"ERX6700418"	"ERP132580"	"testis"	"Other_somatic"	NA	NA	NA	"CL:0002371"	"somatic cell"	"perfect match"	"SN181"	NA	3
"AAACCTGCAATGGAGC"	""	"ERX6700418"	"ERP132580"	"testis"	"Undifferentiated_Spermatogonia"	NA	NA	NA	"CL:0000016"	"male germ line stem cell"	"other"	"SN181"	NA	1
"AAACCTGGTAATCACC"	""	"ERX6700418"	"ERP132580"	"testis"	"Other_somatic"	NA	NA	NA	"CL:0002371"	"somatic cell"	"perfect match"	"SN181"	NA	3
"AAACCTGGTACAGTTC"	""	"ERX6700418"	"ERP132580"	"testis"	"Other_somatic"	NA	NA	NA	"CL:0002371"	"somatic cell"	"perfect match"	"SN181"	NA	3
"AAACCTGGTCCGACGT"	""	"ERX6700418"	"ERP132580"	"testis"	"Elongated_spermatids"	NA	NA	NA	"CL:4030037"	"late spermatid"	"perfect match"	"SN181"	NA	4
"AAACCTGGTTACCAGT"	""	"ERX6700418"	"ERP132580"	"testis"	"Early_Round_spermatids"	NA	NA	NA	"CL:4030036"	"early spermatid"	"perfect match"	"SN181"	NA	2
"AAACCTGTCCGAATGT"	""	"ERX6700418"	"ERP132580"	"testis"	"Late_Round_spermatids"	NA	NA	NA	"CL:4030036"	"early spermatid"	"other"	"SN181"	NA	5
"AAACGGGAGAAGCCCA"	""	"ERX6700418"	"ERP132580"	"testis"	"Pachytene_Spermatocytes"	NA	NA	NA	"CL:0000017"	"spermatocyte"	"missing child term"	"SN181"	NA	6
"AAACGGGCAAGCCCAC"	""	"ERX6700418"	"ERP132580"	"testis"	"Pachytene_Spermatocytes"	NA	NA	NA	"CL:0000017"	"spermatocyte"	"missing child term"	"SN181"	NA	6
"AAACGGGCATATGCTG"	""	"ERX6700418"	"ERP132580"	"testis"	"Leptotene_Spermatocytes"	NA	NA	NA	"CL:0000017"	"spermatocyte"	"missing child term"	"SN181"	NA	7
"AAACGGGGTACTCAAC"	""	"ERX6700418"	"ERP132580"	"testis"	"Undifferentiated_Spermatogonia"	NA	NA	NA	"CL:0000016"	"male germ line stem cell"	"other"	"SN181"	NA	1
"AAAGATGAGAGAACAG"	""	"ERX6700418"	"ERP132580"	"testis"	"Undifferentiated_Spermatogonia"	NA	NA	NA	"CL:0000016"	"male germ line stem cell"	"other"	"SN181"	NA	1
"AAAGATGAGTCATGCT"	""	"ERX6700418"	"ERP132580"	"testis"	"Pachytene_Spermatocytes"	NA	NA	NA	"CL:0000017"	"spermatocyte"	"missing child term"	"SN181"	NA	6
"AAAGATGCACCTCGGA"	""	"ERX6700418"	"ERP132580"	"testis"	"Sertoli"	NA	NA	NA	"CL:0000216"	"Sertoli cell"	"perfect match"	"SN181"	NA	8
"AAAGATGCAGGCTGAA"	""	"ERX6700418"	"ERP132580"	"testis"	"Pachytene_Spermatocytes"	NA	NA	NA	"CL:0000017"	"spermatocyte"	"missing child term"	"SN181"	NA	6
"AAAGATGGTTAAGGGC"	""	"ERX6700418"	"ERP132580"	"testis"	"Sertoli"	NA	NA	NA	"CL:0000216"	"Sertoli cell"	"perfect match"	"SN181"	NA	8
"AAAGATGTCCTTTCGG"	""	"ERX6700418"	"ERP132580"	"testis"	"Undifferentiated_Spermatogonia"	NA	NA	NA	"CL:0000016"	"male germ line stem cell"	"other"	"SN181"	NA	1
"AAAGATGTCTCTGTCG"	""	"ERX6700418"	"ERP132580"	"testis"	"Leptotene_Spermatocytes"	NA	NA	NA	"CL:0000017"	"spermatocyte"	"missing child term"	"SN181"	NA	7
"AAAGCAAAGAAGATTC"	""	"ERX6700418"	"ERP132580"	"testis"	"Pachytene_Spermatocytes"	NA	NA	NA	"CL:0000017"	"spermatocyte"	"missing child term"	"SN181"	NA	6
"AAAGCAAAGCAACGGT"	""	"ERX6700418"	"ERP132580"	"testis"	"Differentiated_Spermatogonia"	NA	NA	NA	"CL:0000020"	"spermatogonium"	"perfect match"	"SN181"	NA	9
"AAAGCAAAGCTGCGAA"	""	"ERX6700418"	"ERP132580"	"testis"	"Sertoli"	NA	NA	NA	"CL:0000216"	"Sertoli cell"	"perfect match"	"SN181"	NA	8
"AAAGCAAAGGCTAGAC"	""	"ERX6700418"	"ERP132580"	"testis"	"Leptotene_Spermatocytes"	NA	NA	NA	"CL:0000017"	"spermatocyte"	"missing child term"	"SN181"	NA	7
"AAAGCAAAGGGTGTTG"	""	"ERX6700418"	"ERP132580"	"testis"	""	NA	NA	NA	"CL:0000000"	"cell"	"other"	"SN181"	NA	10
"AAAGCAACAGCCTGTG"	""	"ERX6700418"	"ERP132580"	"testis"	"Early_Round_spermatids"	NA	NA	NA	"CL:4030036"	"early spermatid"	"perfect match"	"SN181"	NA	2
"AAAGCAAGTGACGCCT"	""	"ERX6700418"	"ERP132580"	"testis"	"Undifferentiated_Spermatogonia"	NA	NA	NA	"CL:0000016"	"male germ line stem cell"	"other"	"SN181"	NA	1
"AAAGCAATCATGTCCC"	""	"ERX6700418"	"ERP132580"	"testis"	"Early_Round_spermatids"	NA	NA	NA	"CL:4030036"	"early spermatid"	"perfect match"	"SN181"	NA	2
"AAAGCAATCTTCGGTC"	""	"ERX6700418"	"ERP132580"	"testis"	"Sertoli"	NA	NA	NA	"CL:0000216"	"Sertoli cell"	"perfect match"	"SN181"	NA	8
"AAAGCAATCTTGTATC"	""	"ERX6700418"	"ERP132580"	"testis"	"Elongated_spermatids"	NA	NA	NA	"CL:4030037"	"late spermatid"	"perfect match"	"SN181"	NA	4
"AAAGTAGCATCGGTTA"	""	"ERX6700418"	"ERP132580"	"testis"	"Elongated_spermatids"	NA	NA	NA	"CL:4030037"	"late spermatid"	"perfect match"	"SN181"	NA	4
"AAAGTAGGTACAGTGG"	""	"ERX6700418"	"ERP132580"	"testis"	"Leptotene_Spermatocytes"	NA	NA	NA	"CL:0000017"	"spermatocyte"	"missing child term"	"SN181"	NA	7
"AAAGTAGGTTCTGAAC"	""	"ERX6700418"	"ERP132580"	"testis"	"Early_Round_spermatids"	NA	NA	NA	"CL:4030036"	"early spermatid"	"perfect match"	"SN181"	NA	2
"AAATGCCAGAGTAATC"	""	"ERX6700418"	"ERP132580"	"testis"	"Pachytene_Spermatocytes"	NA	NA	NA	"CL:0000017"	"spermatocyte"	"missing child term"	"SN181"	NA	6
"AAATGCCAGGGCTTGA"	""	"ERX6700418"	"ERP132580"	"testis"	"Pachytene_Spermatocytes"	NA	NA	NA	"CL:0000017"	"spermatocyte"	"missing child term"	"SN181"	NA	6
"AAATGCCAGTTCCACA"	""	"ERX6700418"	"ERP132580"	"testis"	"Elongated_spermatids"	NA	NA	NA	"CL:4030037"	"late spermatid"	"perfect match"	"SN181"	NA	4
"AAATGCCCAGCGTTCG"	""	"ERX6700418"	"ERP132580"	"testis"	"Differentiated_Spermatogonia"	NA	NA	NA	"CL:0000020"	"spermatogonium"	"perfect match"	"SN181"	NA	9
"AAATGCCCATTAACCG"	""	"ERX6700418"	"ERP132580"	"testis"	"Elongated_spermatids"	NA	NA	NA	"CL:4030037"	"late spermatid"	"perfect match"	"SN181"	NA	4
"AAATGCCCATTCTCAT"	""	"ERX6700418"	"ERP132580"	"testis"	"Leptotene_Spermatocytes"	NA	NA	NA	"CL:0000017"	"spermatocyte"	"missing child term"	"SN181"	NA	7
"AAATGCCGTAAGAGGA"	""	"ERX6700418"	"ERP132580"	"testis"	"Pachytene_Spermatocytes"	NA	NA	NA	"CL:0000017"	"spermatocyte"	"missing child term"	"SN181"	NA	6
"AAATGCCGTGCCTGCA"	""	"ERX6700418"	"ERP132580"	"testis"	"Pachytene_Spermatocytes"	NA	NA	NA	"CL:0000017"	"spermatocyte"	"missing child term"	"SN181"	NA	6
"AAATGCCTCCATGAAC"	""	"ERX6700418"	"ERP132580"	"testis"	"Elongated_spermatids"	NA	NA	NA	"CL:4030037"	"late spermatid"	"perfect match"	"SN181"	NA	4
"AAATGCCTCGACAGCC"	""	"ERX6700418"	"ERP132580"	"testis"	"Pachytene_Spermatocytes"	NA	NA	NA	"CL:0000017"	"spermatocyte"	"missing child term"	"SN181"	NA	6
"AAATGCCTCTCGTTTA"	""	"ERX6700418"	"ERP132580"	"testis"	"Late_Round_spermatids"	NA	NA	NA	"CL:4030036"	"early spermatid"	"other"	"SN181"	NA	5
"AACACGTAGCACACAG"	""	"ERX6700418"	"ERP132580"	"testis"	"Other_somatic"	NA	NA	NA	"CL:0002371"	"somatic cell"	"perfect match"	"SN181"	NA	3
"AACACGTAGCGGCTTC"	""	"ERX6700418"	"ERP132580"	"testis"	"Zygotene_Spermatocytes"	NA	NA	NA	"CL:0000017"	"spermatocyte"	"missing child term"	"SN181"	NA	11
"AACACGTCAAGCCCAC"	""	"ERX6700418"	"ERP132580"	"testis"	"Sertoli"	NA	NA	NA	"CL:0000216"	"Sertoli cell"	"perfect match"	"SN181"	NA	8
"AACACGTCAGGGTATG"	""	"ERX6700418"	"ERP132580"	"testis"	"Elongated_spermatids"	NA	NA	NA	"CL:4030037"	"late spermatid"	"perfect match"	"SN181"	NA	4
"AACACGTCAGGTTTCA"	""	"ERX6700418"	"ERP132580"	"testis"	"Late_Round_spermatids"	NA	NA	NA	"CL:4030036"	"early spermatid"	"other"	"SN181"	NA	5
"AACACGTTCAACCATG"	""	"ERX6700418"	"ERP132580"	"testis"	"Late_Round_spermatids"	NA	NA	NA	"CL:4030036"	"early spermatid"	"other"	"SN181"	NA	5
"AACACGTTCCCATTTA"	""	"ERX6700418"	"ERP132580"	"testis"	"Zygotene_Spermatocytes"	NA	NA	NA	"CL:0000017"	"spermatocyte"	"missing child term"	"SN181"	NA	11
"AACACGTTCTCTTATG"	""	"ERX6700418"	"ERP132580"	"testis"	"Leptotene_Spermatocytes"	NA	NA	NA	"CL:0000017"	"spermatocyte"	"missing child term"	"SN181"	NA	7
"AACCATGAGAAACGAG"	""	"ERX6700418"	"ERP132580"	"testis"	"Zygotene_Spermatocytes"	NA	NA	NA	"CL:0000017"	"spermatocyte"	"missing child term"	"SN181"	NA	11
"AACCATGAGAGAGCTC"	""	"ERX6700418"	"ERP132580"	"testis"	"Undifferentiated_Spermatogonia"	NA	NA	NA	"CL:0000016"	"male germ line stem cell"	"other"	"SN181"	NA	1
"AACCATGAGAGTTGGC"	""	"ERX6700418"	"ERP132580"	"testis"	"Sertoli"	NA	NA	NA	"CL:0000216"	"Sertoli cell"	"perfect match"	"SN181"	NA	8
"AACCATGAGCCCTAAT"	""	"ERX6700418"	"ERP132580"	"testis"	"Pachytene_Spermatocytes"	NA	NA	NA	"CL:0000017"	"spermatocyte"	"missing child term"	"SN181"	NA	6
"AACCATGAGTGTTTGC"	""	"ERX6700418"	"ERP132580"	"testis"	"Early_Round_spermatids"	NA	NA	NA	"CL:4030036"	"early spermatid"	"perfect match"	"SN181"	NA	2
"AACCATGCAGACAAAT"	""	"ERX6700418"	"ERP132580"	"testis"	"Undifferentiated_Spermatogonia"	NA	NA	NA	"CL:0000016"	"male germ line stem cell"	"other"	"SN181"	NA	1
"AACCATGGTACCGTAT"	""	"ERX6700418"	"ERP132580"	"testis"	"Pachytene_Spermatocytes"	NA	NA	NA	"CL:0000017"	"spermatocyte"	"missing child term"	"SN181"	NA	6
"AACCATGGTAGGAGTC"	""	"ERX6700418"	"ERP132580"	"testis"	"Zygotene_Spermatocytes"	NA	NA	NA	"CL:0000017"	"spermatocyte"	"missing child term"	"SN181"	NA	11
"AACCATGTCAGTCCCT"	""	"ERX6700418"	"ERP132580"	"testis"	"Late_Round_spermatids"	NA	NA	NA	"CL:4030036"	"early spermatid"	"other"	"SN181"	NA	5
"AACCATGTCCAGATCA"	""	"ERX6700418"	"ERP132580"	"testis"	"Differentiated_Spermatogonia"	NA	NA	NA	"CL:0000020"	"spermatogonium"	"perfect match"	"SN181"	NA	9
"AACCATGTCGAGAACG"	""	"ERX6700418"	"ERP132580"	"testis"	"Pachytene_Spermatocytes"	NA	NA	NA	"CL:0000017"	"spermatocyte"	"missing child term"	"SN181"	NA	6
"AACCATGTCTGTACGA"	""	"ERX6700418"	"ERP132580"	"testis"	"Zygotene_Spermatocytes"	NA	NA	NA	"CL:0000017"	"spermatocyte"	"missing child term"	"SN181"	NA	11
"AACCGCGAGAACAATC"	""	"ERX6700418"	"ERP132580"	"testis"	"Leptotene_Spermatocytes"	NA	NA	NA	"CL:0000017"	"spermatocyte"	"missing child term"	"SN181"	NA	7
"AACCGCGAGATGTGTA"	""	"ERX6700418"	"ERP132580"	"testis"	"Late_Round_spermatids"	NA	NA	NA	"CL:4030036"	"early spermatid"	"other"	"SN181"	NA	5
"AACCGCGAGGCACATG"	""	"ERX6700418"	"ERP132580"	"testis"	"Early_Round_spermatids"	NA	NA	NA	"CL:4030036"	"early spermatid"	"perfect match"	"SN181"	NA	2
"AACCGCGAGTTAAGTG"	""	"ERX6700418"	"ERP132580"	"testis"	"Elongated_spermatids"	NA	NA	NA	"CL:4030037"	"late spermatid"	"perfect match"	"SN181"	NA	4
"AACCGCGCACTGAAGG"	""	"ERX6700418"	"ERP132580"	"testis"	"Late_Round_spermatids"	NA	NA	NA	"CL:4030036"	"early spermatid"	"other"	"SN181"	NA	5
"AACCGCGCAGGTCCAC"	""	"ERX6700418"	"ERP132580"	"testis"	"Elongated_spermatids"	NA	NA	NA	"CL:4030037"	"late spermatid"	"perfect match"	"SN181"	NA	4
"AACCGCGCATAAAGGT"	""	"ERX6700418"	"ERP132580"	"testis"	"Zygotene_Spermatocytes"	NA	NA	NA	"CL:0000017"	"spermatocyte"	"missing child term"	"SN181"	NA	11
"AACCGCGCATCCAACA"	""	"ERX6700418"	"ERP132580"	"testis"	"Sertoli"	NA	NA	NA	"CL:0000216"	"Sertoli cell"	"perfect match"	"SN181"	NA	8
"AACCGCGCATCCGGGT"	""	"ERX6700418"	"ERP132580"	"testis"	"Zygotene_Spermatocytes"	NA	NA	NA	"CL:0000017"	"spermatocyte"	"missing child term"	"SN181"	NA	11
"AACCGCGCATCCTAGA"	""	"ERX6700418"	"ERP132580"	"testis"	"Elongated_spermatids"	NA	NA	NA	"CL:4030037"	"late spermatid"	"perfect match"	"SN181"	NA	4
"AACCGCGGTTACCGAT"	""	"ERX6700418"	"ERP132580"	"testis"	"Elongated_spermatids"	NA	NA	NA	"CL:4030037"	"late spermatid"	"perfect match"	"SN181"	NA	4
"AACCGCGTCCTAGGGC"	""	"ERX6700418"	"ERP132580"	"testis"	"Late_Round_spermatids"	NA	NA	NA	"CL:4030036"	"early spermatid"	"other"	"SN181"	NA	5
"AACCGCGTCTACTATC"	""	"ERX6700418"	"ERP132580"	"testis"	"Early_Round_spermatids"	NA	NA	NA	"CL:4030036"	"early spermatid"	"perfect match"	"SN181"	NA	2
"AACGTTGAGACTAAGT"	""	"ERX6700418"	"ERP132580"	"testis"	"Late_Round_spermatids"	NA	NA	NA	"CL:4030036"	"early spermatid"	"other"	"SN181"	NA	5
"AACGTTGAGGATTCGG"	""	"ERX6700418"	"ERP132580"	"testis"	"Zygotene_Spermatocytes"	NA	NA	NA	"CL:0000017"	"spermatocyte"	"missing child term"	"SN181"	NA	11
"AACGTTGCACAGAGGT"	""	"ERX6700418"	"ERP132580"	"testis"	"Elongated_spermatids"	NA	NA	NA	"CL:4030037"	"late spermatid"	"perfect match"	"SN181"	NA	4
"AACGTTGCACATGACT"	""	"ERX6700418"	"ERP132580"	"testis"	"Sertoli"	NA	NA	NA	"CL:0000216"	"Sertoli cell"	"perfect match"	"SN181"	NA	8
"AACGTTGCAGGGTTAG"	""	"ERX6700418"	"ERP132580"	"testis"	""	NA	NA	NA	"CL:0000000"	"cell"	"other"	"SN181"	NA	10
"AACGTTGCATGCTAGT"	""	"ERX6700418"	"ERP132580"	"testis"	"Late_Round_spermatids"	NA	NA	NA	"CL:4030036"	"early spermatid"	"other"	"SN181"	NA	5
"AACGTTGGTTATCCGA"	""	"ERX6700418"	"ERP132580"	"testis"	"Early_Round_spermatids"	NA	NA	NA	"CL:4030036"	"early spermatid"	"perfect match"	"SN181"	NA	2
"AACGTTGTCAAGGTAA"	""	"ERX6700418"	"ERP132580"	"testis"	"Elongated_spermatids"	NA	NA	NA	"CL:4030037"	"late spermatid"	"perfect match"	"SN181"	NA	4
"AACGTTGTCCCGGATG"	""	"ERX6700418"	"ERP132580"	"testis"	"Elongated_spermatids"	NA	NA	NA	"CL:4030037"	"late spermatid"	"perfect match"	"SN181"	NA	4
"AACTCAGAGCTACCTA"	""	"ERX6700418"	"ERP132580"	"testis"	"Late_Round_spermatids"	NA	NA	NA	"CL:4030036"	"early spermatid"	"other"	"SN181"	NA	5
"AACTCAGAGGTAGCCA"	""	"ERX6700418"	"ERP132580"	"testis"	"Leptotene_Spermatocytes"	NA	NA	NA	"CL:0000017"	"spermatocyte"	"missing child term"	"SN181"	NA	7
"AACTCAGCATACCATG"	""	"ERX6700418"	"ERP132580"	"testis"	"Pachytene_Spermatocytes"	NA	NA	NA	"CL:0000017"	"spermatocyte"	"missing child term"	"SN181"	NA	6
"AACTCAGGTCCGTTAA"	""	"ERX6700418"	"ERP132580"	"testis"	"Late_Round_spermatids"	NA	NA	NA	"CL:4030036"	"early spermatid"	"other"	"SN181"	NA	5
"AACTCAGTCACAACGT"	""	"ERX6700418"	"ERP132580"	"testis"	"Pachytene_Spermatocytes"	NA	NA	NA	"CL:0000017"	"spermatocyte"	"missing child term"	"SN181"	NA	6
"AACTCAGTCCTTTCGG"	""	"ERX6700418"	"ERP132580"	"testis"	"Elongated_spermatids"	NA	NA	NA	"CL:4030037"	"late spermatid"	"perfect match"	"SN181"	NA	4
"AACTCAGTCGCCGTGA"	""	"ERX6700418"	"ERP132580"	"testis"	"Sertoli"	NA	NA	NA	"CL:0000216"	"Sertoli cell"	"perfect match"	"SN181"	NA	8
"AACTCAGTCTGTGCAA"	""	"ERX6700418"	"ERP132580"	"testis"	"Elongated_spermatids"	NA	NA	NA	"CL:4030037"	"late spermatid"	"perfect match"	"SN181"	NA	4
"AACTCCCAGCAAATCA"	""	"ERX6700418"	"ERP132580"	"testis"	"Pachytene_Spermatocytes"	NA	NA	NA	"CL:0000017"	"spermatocyte"	"missing child term"	"SN181"	NA	6
"AACTCCCAGTGGACGT"	""	"ERX6700418"	"ERP132580"	"testis"	"Early_Round_spermatids"	NA	NA	NA	"CL:4030036"	"early spermatid"	"perfect match"	"SN181"	NA	2
"AACTCCCAGTTACGGG"	""	"ERX6700418"	"ERP132580"	"testis"	"Other_somatic"	NA	NA	NA	"CL:0002371"	"somatic cell"	"perfect match"	"SN181"	NA	3
"AACTCCCCATCCCACT"	""	"ERX6700418"	"ERP132580"	"testis"	"Late_Round_spermatids"	NA	NA	NA	"CL:4030036"	"early spermatid"	"other"	"SN181"	NA	5
"AACTCCCCATGCCCGA"	""	"ERX6700418"	"ERP132580"	"testis"	"Undifferentiated_Spermatogonia"	NA	NA	NA	"CL:0000016"	"male germ line stem cell"	"other"	"SN181"	NA	1
"AACTCCCGTTCCACGG"	""	"ERX6700418"	"ERP132580"	"testis"	"Zygotene_Spermatocytes"	NA	NA	NA	"CL:0000017"	"spermatocyte"	"missing child term"	"SN181"	NA	11
"AACTCCCTCTTCATGT"	""	"ERX6700418"	"ERP132580"	"testis"	"Differentiated_Spermatogonia"	NA	NA	NA	"CL:0000020"	"spermatogonium"	"perfect match"	"SN181"	NA	9
"AACTCTTAGCGGCTTC"	""	"ERX6700418"	"ERP132580"	"testis"	"Other_somatic"	NA	NA	NA	"CL:0002371"	"somatic cell"	"perfect match"	"SN181"	NA	3
"AACTCTTAGCTCCTCT"	""	"ERX6700418"	"ERP132580"	"testis"	"Sertoli"	NA	NA	NA	"CL:0000216"	"Sertoli cell"	"perfect match"	"SN181"	NA	8
"AACTCTTAGGCTCTTA"	""	"ERX6700418"	"ERP132580"	"testis"	"Sertoli"	NA	NA	NA	"CL:0000216"	"Sertoli cell"	"perfect match"	"SN181"	NA	8
"AACTCTTGTTCGGGCT"	""	"ERX6700418"	"ERP132580"	"testis"	"Differentiated_Spermatogonia"	NA	NA	NA	"CL:0000020"	"spermatogonium"	"perfect match"	"SN181"	NA	9
"AACTCTTTCAGTACGT"	""	"ERX6700418"	"ERP132580"	"testis"	"Pachytene_Spermatocytes"	NA	NA	NA	"CL:0000017"	"spermatocyte"	"missing child term"	"SN181"	NA	6
"AACTCTTTCCTCGCAT"	""	"ERX6700418"	"ERP132580"	"testis"	"Elongated_spermatids"	NA	NA	NA	"CL:4030037"	"late spermatid"	"perfect match"	"SN181"	NA	4
"AACTCTTTCGTCACGG"	""	"ERX6700418"	"ERP132580"	"testis"	"Sertoli"	NA	NA	NA	"CL:0000216"	"Sertoli cell"	"perfect match"	"SN181"	NA	8
"AACTCTTTCTCACATT"	""	"ERX6700418"	"ERP132580"	"testis"	"Pachytene_Spermatocytes"	NA	NA	NA	"CL:0000017"	"spermatocyte"	"missing child term"	"SN181"	NA	6
"AACTCTTTCTTGCAAG"	""	"ERX6700418"	"ERP132580"	"testis"	"Undifferentiated_Spermatogonia"	NA	NA	NA	"CL:0000016"	"male germ line stem cell"	"other"	"SN181"	NA	1
"AACTGGTCAAACCCAT"	""	"ERX6700418"	"ERP132580"	"testis"	"Pachytene_Spermatocytes"	NA	NA	NA	"CL:0000017"	"spermatocyte"	"missing child term"	"SN181"	NA	6
"AACTGGTGTTACCAGT"	""	"ERX6700418"	"ERP132580"	"testis"	"Differentiated_Spermatogonia"	NA	NA	NA	"CL:0000020"	"spermatogonium"	"perfect match"	"SN181"	NA	9
"AACTTTCAGACTGTAA"	""	"ERX6700418"	"ERP132580"	"testis"	"Other_somatic"	NA	NA	NA	"CL:0002371"	"somatic cell"	"perfect match"	"SN181"	NA	3
"AACTTTCAGCAGACTG"	""	"ERX6700418"	"ERP132580"	"testis"	"Early_Round_spermatids"	NA	NA	NA	"CL:4030036"	"early spermatid"	"perfect match"	"SN181"	NA	2
"AACTTTCAGCGACGTA"	""	"ERX6700418"	"ERP132580"	"testis"	"Pachytene_Spermatocytes"	NA	NA	NA	"CL:0000017"	"spermatocyte"	"missing child term"	"SN181"	NA	6
"AACTTTCAGCTGATAA"	""	"ERX6700418"	"ERP132580"	"testis"	"Pachytene_Spermatocytes"	NA	NA	NA	"CL:0000017"	"spermatocyte"	"missing child term"	"SN181"	NA	6
"AACTTTCCAAGCCTAT"	""	"ERX6700418"	"ERP132580"	"testis"	"Sertoli"	NA	NA	NA	"CL:0000216"	"Sertoli cell"	"perfect match"	"SN181"	NA	8
"AACTTTCCACTTAAGC"	""	"ERX6700418"	"ERP132580"	"testis"	"Other_somatic"	NA	NA	NA	"CL:0002371"	"somatic cell"	"perfect match"	"SN181"	NA	3
"AACTTTCCAGCCAATT"	""	"ERX6700418"	"ERP132580"	"testis"	"Elongated_spermatids"	NA	NA	NA	"CL:4030037"	"late spermatid"	"perfect match"	"SN181"	NA	4
"AACTTTCTCCCTGACT"	""	"ERX6700418"	"ERP132580"	"testis"	"Differentiated_Spermatogonia"	NA	NA	NA	"CL:0000020"	"spermatogonium"	"perfect match"	"SN181"	NA	9
"AACTTTCTCGTTACAG"	""	"ERX6700418"	"ERP132580"	"testis"	"Zygotene_Spermatocytes"	NA	NA	NA	"CL:0000017"	"spermatocyte"	"missing child term"	"SN181"	NA	11
"AAGACCTAGCGATCCC"	""	"ERX6700418"	"ERP132580"	"testis"	"Differentiated_Spermatogonia"	NA	NA	NA	"CL:0000020"	"spermatogonium"	"perfect match"	"SN181"	NA	9
"AAGACCTCACCTATCC"	""	"ERX6700418"	"ERP132580"	"testis"	"Elongated_spermatids"	NA	NA	NA	"CL:4030037"	"late spermatid"	"perfect match"	"SN181"	NA	4
"AAGACCTGTGCTTCTC"	""	"ERX6700418"	"ERP132580"	"testis"	"Sertoli"	NA	NA	NA	"CL:0000216"	"Sertoli cell"	"perfect match"	"SN181"	NA	8
"AAGACCTTCACGCATA"	""	"ERX6700418"	"ERP132580"	"testis"	"Pachytene_Spermatocytes"	NA	NA	NA	"CL:0000017"	"spermatocyte"	"missing child term"	"SN181"	NA	6
"AAGACCTTCGCGTTTC"	""	"ERX6700418"	"ERP132580"	"testis"	"Other_somatic"	NA	NA	NA	"CL:0002371"	"somatic cell"	"perfect match"	"SN181"	NA	3
"AAGACCTTCGTCTGCT"	""	"ERX6700418"	"ERP132580"	"testis"	"Early_Round_spermatids"	NA	NA	NA	"CL:4030036"	"early spermatid"	"perfect match"	"SN181"	NA	2
"AAGACCTTCTAGCACA"	""	"ERX6700418"	"ERP132580"	"testis"	"Pachytene_Spermatocytes"	NA	NA	NA	"CL:0000017"	"spermatocyte"	"missing child term"	"SN181"	NA	6
"AAGCCGCAGAACAATC"	""	"ERX6700418"	"ERP132580"	"testis"	"Elongated_spermatids"	NA	NA	NA	"CL:4030037"	"late spermatid"	"perfect match"	"SN181"	NA	4
"AAGCCGCCAGCCAATT"	""	"ERX6700418"	"ERP132580"	"testis"	"Late_Round_spermatids"	NA	NA	NA	"CL:4030036"	"early spermatid"	"other"	"SN181"	NA	5
"AAGCCGCTCCTTAATC"	""	"ERX6700418"	"ERP132580"	"testis"	"Pachytene_Spermatocytes"	NA	NA	NA	"CL:0000017"	"spermatocyte"	"missing child term"	"SN181"	NA	6
"AAGCCGCTCTCAAACG"	""	"ERX6700418"	"ERP132580"	"testis"	"Sertoli"	NA	NA	NA	"CL:0000216"	"Sertoli cell"	"perfect match"	"SN181"	NA	8
"AAGGAGCAGGAATGGA"	""	"ERX6700418"	"ERP132580"	"testis"	"Early_Round_spermatids"	NA	NA	NA	"CL:4030036"	"early spermatid"	"perfect match"	"SN181"	NA	2
"AAGGAGCAGGACATTA"	""	"ERX6700418"	"ERP132580"	"testis"	"Undifferentiated_Spermatogonia"	NA	NA	NA	"CL:0000016"	"male germ line stem cell"	"other"	"SN181"	NA	1
"AAGGAGCCAAGACGTG"	""	"ERX6700418"	"ERP132580"	"testis"	"Early_Round_spermatids"	NA	NA	NA	"CL:4030036"	"early spermatid"	"perfect match"	"SN181"	NA	2
"AAGGAGCCACCATGTA"	""	"ERX6700418"	"ERP132580"	"testis"	"Early_Round_spermatids"	NA	NA	NA	"CL:4030036"	"early spermatid"	"perfect match"	"SN181"	NA	2
"AAGGAGCCATAAAGGT"	""	"ERX6700418"	"ERP132580"	"testis"	"Pachytene_Spermatocytes"	NA	NA	NA	"CL:0000017"	"spermatocyte"	"missing child term"	"SN181"	NA	6
"AAGGAGCTCGACGGAA"	""	"ERX6700418"	"ERP132580"	"testis"	"Late_Round_spermatids"	NA	NA	NA	"CL:4030036"	"early spermatid"	"other"	"SN181"	NA	5
"AAGGAGCTCGCATGGC"	""	"ERX6700418"	"ERP132580"	"testis"	"Undifferentiated_Spermatogonia"	NA	NA	NA	"CL:0000016"	"male germ line stem cell"	"other"	"SN181"	NA	1
"AAGGCAGAGATCCTGT"	""	"ERX6700418"	"ERP132580"	"testis"	"Elongated_spermatids"	NA	NA	NA	"CL:4030037"	"late spermatid"	"perfect match"	"SN181"	NA	4
"AAGGCAGAGCTCCCAG"	""	"ERX6700418"	"ERP132580"	"testis"	"Elongated_spermatids"	NA	NA	NA	"CL:4030037"	"late spermatid"	"perfect match"	"SN181"	NA	4
"AAGGCAGAGCTTATCG"	""	"ERX6700418"	"ERP132580"	"testis"	"Early_Round_spermatids"	NA	NA	NA	"CL:4030036"	"early spermatid"	"perfect match"	"SN181"	NA	2
"AAGGCAGAGTTATCGC"	""	"ERX6700418"	"ERP132580"	"testis"	"Undifferentiated_Spermatogonia"	NA	NA	NA	"CL:0000016"	"male germ line stem cell"	"other"	"SN181"	NA	1
"AAGGCAGAGTTGTAGA"	""	"ERX6700418"	"ERP132580"	"testis"	"Pachytene_Spermatocytes"	NA	NA	NA	"CL:0000017"	"spermatocyte"	"missing child term"	"SN181"	NA	6
"AAGGCAGCATGAGCGA"	""	"ERX6700418"	"ERP132580"	"testis"	"Late_Round_spermatids"	NA	NA	NA	"CL:4030036"	"early spermatid"	"other"	"SN181"	NA	5
"AAGGCAGGTAAATGAC"	""	"ERX6700418"	"ERP132580"	"testis"	"Zygotene_Spermatocytes"	NA	NA	NA	"CL:0000017"	"spermatocyte"	"missing child term"	"SN181"	NA	11
"AAGGCAGGTCGGATCC"	""	"ERX6700418"	"ERP132580"	"testis"	"Differentiated_Spermatogonia"	NA	NA	NA	"CL:0000020"	"spermatogonium"	"perfect match"	"SN181"	NA	9
"AAGGTTCCAAACCTAC"	""	"ERX6700418"	"ERP132580"	"testis"	""	NA	NA	NA	"CL:0000000"	"cell"	"other"	"SN181"	NA	10
"AAGGTTCCAATAACGA"	""	"ERX6700418"	"ERP132580"	"testis"	"Early_Round_spermatids"	NA	NA	NA	"CL:4030036"	"early spermatid"	"perfect match"	"SN181"	NA	2
"AAGGTTCCACAGACAG"	""	"ERX6700418"	"ERP132580"	"testis"	"Other_somatic"	NA	NA	NA	"CL:0002371"	"somatic cell"	"perfect match"	"SN181"	NA	3
"AAGGTTCCAGCGTAAG"	""	"ERX6700418"	"ERP132580"	"testis"	"Pachytene_Spermatocytes"	NA	NA	NA	"CL:0000017"	"spermatocyte"	"missing child term"	"SN181"	NA	6
"AAGGTTCCATTCTTAC"	""	"ERX6700418"	"ERP132580"	"testis"	"Late_Round_spermatids"	NA	NA	NA	"CL:4030036"	"early spermatid"	"other"	"SN181"	NA	5
"AAGGTTCGTACGAAAT"	""	"ERX6700418"	"ERP132580"	"testis"	"Other_somatic"	NA	NA	NA	"CL:0002371"	"somatic cell"	"perfect match"	"SN181"	NA	3
"AAGGTTCGTAGGGACT"	""	"ERX6700418"	"ERP132580"	"testis"	"Sertoli"	NA	NA	NA	"CL:0000216"	"Sertoli cell"	"perfect match"	"SN181"	NA	8
"AAGGTTCTCAGCGACC"	""	"ERX6700418"	"ERP132580"	"testis"	"Leptotene_Spermatocytes"	NA	NA	NA	"CL:0000017"	"spermatocyte"	"missing child term"	"SN181"	NA	7
"AAGGTTCTCTCACATT"	""	"ERX6700418"	"ERP132580"	"testis"	"Zygotene_Spermatocytes"	NA	NA	NA	"CL:0000017"	"spermatocyte"	"missing child term"	"SN181"	NA	11
"AAGTCTGAGAGGTACC"	""	"ERX6700418"	"ERP132580"	"testis"	"Leptotene_Spermatocytes"	NA	NA	NA	"CL:0000017"	"spermatocyte"	"missing child term"	"SN181"	NA	7
"AAGTCTGCACCATCCT"	""	"ERX6700418"	"ERP132580"	"testis"	"Elongated_spermatids"	NA	NA	NA	"CL:4030037"	"late spermatid"	"perfect match"	"SN181"	NA	4
"AAGTCTGCAGCTGCTG"	""	"ERX6700418"	"ERP132580"	"testis"	"Elongated_spermatids"	NA	NA	NA	"CL:4030037"	"late spermatid"	"perfect match"	"SN181"	NA	4
"AAGTCTGGTGAGGGAG"	""	"ERX6700418"	"ERP132580"	"testis"	"Sertoli"	NA	NA	NA	"CL:0000216"	"Sertoli cell"	"perfect match"	"SN181"	NA	8
"AAGTCTGGTTTCCACC"	""	"ERX6700418"	"ERP132580"	"testis"	"Elongated_spermatids"	NA	NA	NA	"CL:4030037"	"late spermatid"	"perfect match"	"SN181"	NA	4
"AAGTCTGTCAGGTAAA"	""	"ERX6700418"	"ERP132580"	"testis"	"Pachytene_Spermatocytes"	NA	NA	NA	"CL:0000017"	"spermatocyte"	"missing child term"	"SN181"	NA	6
"AAGTCTGTCTTCCTTC"	""	"ERX6700418"	"ERP132580"	"testis"	"Late_Round_spermatids"	NA	NA	NA	"CL:4030036"	"early spermatid"	"other"	"SN181"	NA	5
"AATCCAGGTGGAAAGA"	""	"ERX6700418"	"ERP132580"	"testis"	"Late_Round_spermatids"	NA	NA	NA	"CL:4030036"	"early spermatid"	"other"	"SN181"	NA	5
"AATCCAGTCATATCGG"	""	"ERX6700418"	"ERP132580"	"testis"	"Elongated_spermatids"	NA	NA	NA	"CL:4030037"	"late spermatid"	"perfect match"	"SN181"	NA	4
"AATCCAGTCCGCGGTA"	""	"ERX6700418"	"ERP132580"	"testis"	"Sertoli"	NA	NA	NA	"CL:0000216"	"Sertoli cell"	"perfect match"	"SN181"	NA	8
"AATCGGTCACGAAAGC"	""	"ERX6700418"	"ERP132580"	"testis"	"Zygotene_Spermatocytes"	NA	NA	NA	"CL:0000017"	"spermatocyte"	"missing child term"	"SN181"	NA	11
"AATCGGTGTCATATCG"	""	"ERX6700418"	"ERP132580"	"testis"	"Pachytene_Spermatocytes"	NA	NA	NA	"CL:0000017"	"spermatocyte"	"missing child term"	"SN181"	NA	6
"AATCGGTTCTCGCTTG"	""	"ERX6700418"	"ERP132580"	"testis"	"Late_Round_spermatids"	NA	NA	NA	"CL:4030036"	"early spermatid"	"other"	"SN181"	NA	5
"ACACCAACAGGTTTCA"	""	"ERX6700418"	"ERP132580"	"testis"	"Leptotene_Spermatocytes"	NA	NA	NA	"CL:0000017"	"spermatocyte"	"missing child term"	"SN181"	NA	7
"ACACCAATCCGCATCT"	""	"ERX6700418"	"ERP132580"	"testis"	"Early_Round_spermatids"	NA	NA	NA	"CL:4030036"	"early spermatid"	"perfect match"	"SN181"	NA	2
"ACACCAATCGTGGACC"	""	"ERX6700418"	"ERP132580"	"testis"	"Undifferentiated_Spermatogonia"	NA	NA	NA	"CL:0000016"	"male germ line stem cell"	"other"	"SN181"	NA	1
"ACACCCTCAAGCGATG"	""	"ERX6700418"	"ERP132580"	"testis"	"Leptotene_Spermatocytes"	NA	NA	NA	"CL:0000017"	"spermatocyte"	"missing child term"	"SN181"	NA	7
"ACACCCTGTAACGTTC"	""	"ERX6700418"	"ERP132580"	"testis"	"Pachytene_Spermatocytes"	NA	NA	NA	"CL:0000017"	"spermatocyte"	"missing child term"	"SN181"	NA	6
"ACACCGGAGAGTGACC"	""	"ERX6700418"	"ERP132580"	"testis"	"Undifferentiated_Spermatogonia"	NA	NA	NA	"CL:0000016"	"male germ line stem cell"	"other"	"SN181"	NA	1
"ACACCGGAGTTAGGTA"	""	"ERX6700418"	"ERP132580"	"testis"	"Early_Round_spermatids"	NA	NA	NA	"CL:4030036"	"early spermatid"	"perfect match"	"SN181"	NA	2
"ACACCGGCAACACCCG"	""	"ERX6700418"	"ERP132580"	"testis"	"Late_Round_spermatids"	NA	NA	NA	"CL:4030036"	"early spermatid"	"other"	"SN181"	NA	5
"ACACCGGCAAGAAAGG"	""	"ERX6700418"	"ERP132580"	"testis"	"Sertoli"	NA	NA	NA	"CL:0000216"	"Sertoli cell"	"perfect match"	"SN181"	NA	8
"ACACCGGCATGGTCAT"	""	"ERX6700418"	"ERP132580"	"testis"	"Sertoli"	NA	NA	NA	"CL:0000216"	"Sertoli cell"	"perfect match"	"SN181"	NA	8
"ACACCGGTCAGCGATT"	""	"ERX6700418"	"ERP132580"	"testis"	"Late_Round_spermatids"	NA	NA	NA	"CL:4030036"	"early spermatid"	"other"	"SN181"	NA	5
"ACACCGGTCTCCAGGG"	""	"ERX6700418"	"ERP132580"	"testis"	"Sertoli"	NA	NA	NA	"CL:0000216"	"Sertoli cell"	"perfect match"	"SN181"	NA	8
"ACACCGGTCTTACCTA"	""	"ERX6700418"	"ERP132580"	"testis"	"Differentiated_Spermatogonia"	NA	NA	NA	"CL:0000020"	"spermatogonium"	"perfect match"	"SN181"	NA	9
"ACACTGAAGAGGACGG"	""	"ERX6700418"	"ERP132580"	"testis"	"Sertoli"	NA	NA	NA	"CL:0000216"	"Sertoli cell"	"perfect match"	"SN181"	NA	8
"ACACTGAAGAGGGCTT"	""	"ERX6700418"	"ERP132580"	"testis"	"Sertoli"	NA	NA	NA	"CL:0000216"	"Sertoli cell"	"perfect match"	"SN181"	NA	8
"ACACTGAAGGCTAGAC"	""	"ERX6700418"	"ERP132580"	"testis"	"Elongated_spermatids"	NA	NA	NA	"CL:4030037"	"late spermatid"	"perfect match"	"SN181"	NA	4
"ACACTGAAGTATTGGA"	""	"ERX6700418"	"ERP132580"	"testis"	"Undifferentiated_Spermatogonia"	NA	NA	NA	"CL:0000016"	"male germ line stem cell"	"other"	"SN181"	NA	1
"ACACTGACAATAACGA"	""	"ERX6700418"	"ERP132580"	"testis"	"Early_Round_spermatids"	NA	NA	NA	"CL:4030036"	"early spermatid"	"perfect match"	"SN181"	NA	2
"ACACTGACACGGATAG"	""	"ERX6700418"	"ERP132580"	"testis"	"Elongated_spermatids"	NA	NA	NA	"CL:4030037"	"late spermatid"	"perfect match"	"SN181"	NA	4
"ACACTGACATGCCTTC"	""	"ERX6700418"	"ERP132580"	"testis"	"Elongated_spermatids"	NA	NA	NA	"CL:4030037"	"late spermatid"	"perfect match"	"SN181"	NA	4
"ACACTGAGTCCGTTAA"	""	"ERX6700418"	"ERP132580"	"testis"	"Late_Round_spermatids"	NA	NA	NA	"CL:4030036"	"early spermatid"	"other"	"SN181"	NA	5
"ACAGCCGAGAGTGAGA"	""	"ERX6700418"	"ERP132580"	"testis"	"Elongated_spermatids"	NA	NA	NA	"CL:4030037"	"late spermatid"	"perfect match"	"SN181"	NA	4
"ACAGCCGCATCGTCGG"	""	"ERX6700418"	"ERP132580"	"testis"	"Sertoli"	NA	NA	NA	"CL:0000216"	"Sertoli cell"	"perfect match"	"SN181"	NA	8
"ACAGCCGGTCACACGC"	""	"ERX6700418"	"ERP132580"	"testis"	"Early_Round_spermatids"	NA	NA	NA	"CL:4030036"	"early spermatid"	"perfect match"	"SN181"	NA	2
"ACAGCCGGTTCTGAAC"	""	"ERX6700418"	"ERP132580"	"testis"	"Late_Round_spermatids"	NA	NA	NA	"CL:4030036"	"early spermatid"	"other"	"SN181"	NA	5
"ACAGCCGTCAGCAACT"	""	"ERX6700418"	"ERP132580"	"testis"	"Early_Round_spermatids"	NA	NA	NA	"CL:4030036"	"early spermatid"	"perfect match"	"SN181"	NA	2
"ACAGCCGTCCCTGACT"	""	"ERX6700418"	"ERP132580"	"testis"	"Sertoli"	NA	NA	NA	"CL:0000216"	"Sertoli cell"	"perfect match"	"SN181"	NA	8
"ACAGCCGTCCTCCTAG"	""	"ERX6700418"	"ERP132580"	"testis"	"Late_Round_spermatids"	NA	NA	NA	"CL:4030036"	"early spermatid"	"other"	"SN181"	NA	5
"ACAGCCGTCGGGAGTA"	""	"ERX6700418"	"ERP132580"	"testis"	"Differentiated_Spermatogonia"	NA	NA	NA	"CL:0000020"	"spermatogonium"	"perfect match"	"SN181"	NA	9
"ACAGCTAAGACTACAA"	""	"ERX6700418"	"ERP132580"	"testis"	"Differentiated_Spermatogonia"	NA	NA	NA	"CL:0000020"	"spermatogonium"	"perfect match"	"SN181"	NA	9
"ACAGCTAAGTTATCGC"	""	"ERX6700418"	"ERP132580"	"testis"	"Pachytene_Spermatocytes"	NA	NA	NA	"CL:0000017"	"spermatocyte"	"missing child term"	"SN181"	NA	6
"ACAGCTACAAGTCTGT"	""	"ERX6700418"	"ERP132580"	"testis"	"Undifferentiated_Spermatogonia"	NA	NA	NA	"CL:0000016"	"male germ line stem cell"	"other"	"SN181"	NA	1
"ACAGCTACAATGACCT"	""	"ERX6700418"	"ERP132580"	"testis"	"Differentiated_Spermatogonia"	NA	NA	NA	"CL:0000020"	"spermatogonium"	"perfect match"	"SN181"	NA	9
"ACAGCTACACCGAATT"	""	"ERX6700418"	"ERP132580"	"testis"	"Elongated_spermatids"	NA	NA	NA	"CL:4030037"	"late spermatid"	"perfect match"	"SN181"	NA	4
"ACAGCTACACGTAAGG"	""	"ERX6700418"	"ERP132580"	"testis"	"Undifferentiated_Spermatogonia"	NA	NA	NA	"CL:0000016"	"male germ line stem cell"	"other"	"SN181"	NA	1
"ACAGCTACATCCCATC"	""	"ERX6700418"	"ERP132580"	"testis"	"Sertoli"	NA	NA	NA	"CL:0000216"	"Sertoli cell"	"perfect match"	"SN181"	NA	8
"ACAGCTAGTAGCTGCC"	""	"ERX6700418"	"ERP132580"	"testis"	"Pachytene_Spermatocytes"	NA	NA	NA	"CL:0000017"	"spermatocyte"	"missing child term"	"SN181"	NA	6
"ACAGCTAGTCTCCACT"	""	"ERX6700418"	"ERP132580"	"testis"	"Elongated_spermatids"	NA	NA	NA	"CL:4030037"	"late spermatid"	"perfect match"	"SN181"	NA	4
"ACAGCTAGTGCAGACA"	""	"ERX6700418"	"ERP132580"	"testis"	"Sertoli"	NA	NA	NA	"CL:0000216"	"Sertoli cell"	"perfect match"	"SN181"	NA	8
"ACAGCTAGTGTTGGGA"	""	"ERX6700418"	"ERP132580"	"testis"	"Pachytene_Spermatocytes"	NA	NA	NA	"CL:0000017"	"spermatocyte"	"missing child term"	"SN181"	NA	6
"ACAGCTATCCTACAGA"	""	"ERX6700418"	"ERP132580"	"testis"	"Late_Round_spermatids"	NA	NA	NA	"CL:4030036"	"early spermatid"	"other"	"SN181"	NA	5
"ACAGCTATCGCCAAAT"	""	"ERX6700418"	"ERP132580"	"testis"	"Late_Round_spermatids"	NA	NA	NA	"CL:4030036"	"early spermatid"	"other"	"SN181"	NA	5
"ACAGCTATCTGAGTGT"	""	"ERX6700418"	"ERP132580"	"testis"	"Zygotene_Spermatocytes"	NA	NA	NA	"CL:0000017"	"spermatocyte"	"missing child term"	"SN181"	NA	11
"ACATACGAGCGTCTAT"	""	"ERX6700418"	"ERP132580"	"testis"	"Pachytene_Spermatocytes"	NA	NA	NA	"CL:0000017"	"spermatocyte"	"missing child term"	"SN181"	NA	6
"ACATACGCAATAGAGT"	""	"ERX6700418"	"ERP132580"	"testis"	"Leptotene_Spermatocytes"	NA	NA	NA	"CL:0000017"	"spermatocyte"	"missing child term"	"SN181"	NA	7
"ACATACGGTCGATTGT"	""	"ERX6700418"	"ERP132580"	"testis"	"Differentiated_Spermatogonia"	NA	NA	NA	"CL:0000020"	"spermatogonium"	"perfect match"	"SN181"	NA	9
"ACATACGGTTATCACG"	""	"ERX6700418"	"ERP132580"	"testis"	"Pachytene_Spermatocytes"	NA	NA	NA	"CL:0000017"	"spermatocyte"	"missing child term"	"SN181"	NA	6
"ACATACGTCCGAGCCA"	""	"ERX6700418"	"ERP132580"	"testis"	"Differentiated_Spermatogonia"	NA	NA	NA	"CL:0000020"	"spermatogonium"	"perfect match"	"SN181"	NA	9
"ACATACGTCCTGCAGG"	""	"ERX6700418"	"ERP132580"	"testis"	"Pachytene_Spermatocytes"	NA	NA	NA	"CL:0000017"	"spermatocyte"	"missing child term"	"SN181"	NA	6
"ACATCAGAGCCGCCTA"	""	"ERX6700418"	"ERP132580"	"testis"	"Late_Round_spermatids"	NA	NA	NA	"CL:4030036"	"early spermatid"	"other"	"SN181"	NA	5
"ACATCAGCACACTGCG"	""	"ERX6700418"	"ERP132580"	"testis"	"Elongated_spermatids"	NA	NA	NA	"CL:4030037"	"late spermatid"	"perfect match"	"SN181"	NA	4
"ACATCAGCACCGATAT"	""	"ERX6700418"	"ERP132580"	"testis"	"Leptotene_Spermatocytes"	NA	NA	NA	"CL:0000017"	"spermatocyte"	"missing child term"	"SN181"	NA	7
"ACATCAGCAGTAAGAT"	""	"ERX6700418"	"ERP132580"	"testis"	"Elongated_spermatids"	NA	NA	NA	"CL:4030037"	"late spermatid"	"perfect match"	"SN181"	NA	4
"ACATCAGGTACGACCC"	""	"ERX6700418"	"ERP132580"	"testis"	"Elongated_spermatids"	NA	NA	NA	"CL:4030037"	"late spermatid"	"perfect match"	"SN181"	NA	4
"ACATCAGGTACTCGCG"	""	"ERX6700418"	"ERP132580"	"testis"	"Zygotene_Spermatocytes"	NA	NA	NA	"CL:0000017"	"spermatocyte"	"missing child term"	"SN181"	NA	11
"ACATCAGGTGGCGAAT"	""	"ERX6700418"	"ERP132580"	"testis"	"Late_Round_spermatids"	NA	NA	NA	"CL:4030036"	"early spermatid"	"other"	"SN181"	NA	5
"ACATCAGTCCGTAGGC"	""	"ERX6700418"	"ERP132580"	"testis"	"Other_somatic"	NA	NA	NA	"CL:0002371"	"somatic cell"	"perfect match"	"SN181"	NA	3
"ACATCAGTCGGTGTCG"	""	"ERX6700418"	"ERP132580"	"testis"	"Elongated_spermatids"	NA	NA	NA	"CL:4030037"	"late spermatid"	"perfect match"	"SN181"	NA	4
"ACATGGTAGAAGGCCT"	""	"ERX6700418"	"ERP132580"	"testis"	"Zygotene_Spermatocytes"	NA	NA	NA	"CL:0000017"	"spermatocyte"	"missing child term"	"SN181"	NA	11
"ACATGGTAGAGTAATC"	""	"ERX6700418"	"ERP132580"	"testis"	"Sertoli"	NA	NA	NA	"CL:0000216"	"Sertoli cell"	"perfect match"	"SN181"	NA	8
"ACATGGTAGGCCCGTT"	""	"ERX6700418"	"ERP132580"	"testis"	"Sertoli"	NA	NA	NA	"CL:0000216"	"Sertoli cell"	"perfect match"	"SN181"	NA	8
"ACATGGTCATTTGCCC"	""	"ERX6700418"	"ERP132580"	"testis"	"Zygotene_Spermatocytes"	NA	NA	NA	"CL:0000017"	"spermatocyte"	"missing child term"	"SN181"	NA	11
"ACATGGTTCAGTACGT"	""	"ERX6700418"	"ERP132580"	"testis"	"Early_Round_spermatids"	NA	NA	NA	"CL:4030036"	"early spermatid"	"perfect match"	"SN181"	NA	2
"ACATGGTTCAGTTGAC"	""	"ERX6700418"	"ERP132580"	"testis"	"Pachytene_Spermatocytes"	NA	NA	NA	"CL:0000017"	"spermatocyte"	"missing child term"	"SN181"	NA	6
"ACCAGTAAGAGGGATA"	""	"ERX6700418"	"ERP132580"	"testis"	"Undifferentiated_Spermatogonia"	NA	NA	NA	"CL:0000016"	"male germ line stem cell"	"other"	"SN181"	NA	1
"ACCAGTAAGTCATGCT"	""	"ERX6700418"	"ERP132580"	"testis"	"Undifferentiated_Spermatogonia"	NA	NA	NA	"CL:0000016"	"male germ line stem cell"	"other"	"SN181"	NA	1
"ACCAGTAAGTGAACGC"	""	"ERX6700418"	"ERP132580"	"testis"	"Sertoli"	NA	NA	NA	"CL:0000216"	"Sertoli cell"	"perfect match"	"SN181"	NA	8
"ACCAGTACAGTCTTCC"	""	"ERX6700418"	"ERP132580"	"testis"	"Zygotene_Spermatocytes"	NA	NA	NA	"CL:0000017"	"spermatocyte"	"missing child term"	"SN181"	NA	11
"ACCAGTACATCGATGT"	""	"ERX6700418"	"ERP132580"	"testis"	"Pachytene_Spermatocytes"	NA	NA	NA	"CL:0000017"	"spermatocyte"	"missing child term"	"SN181"	NA	6
"ACCAGTATCAGGTAAA"	""	"ERX6700418"	"ERP132580"	"testis"	"Elongated_spermatids"	NA	NA	NA	"CL:4030037"	"late spermatid"	"perfect match"	"SN181"	NA	4
"ACCAGTATCATCATTC"	""	"ERX6700418"	"ERP132580"	"testis"	"Pachytene_Spermatocytes"	NA	NA	NA	"CL:0000017"	"spermatocyte"	"missing child term"	"SN181"	NA	6
"ACCAGTATCGGCTACG"	""	"ERX6700418"	"ERP132580"	"testis"	"Pachytene_Spermatocytes"	NA	NA	NA	"CL:0000017"	"spermatocyte"	"missing child term"	"SN181"	NA	6
"ACCCACTAGCTAACTC"	""	"ERX6700418"	"ERP132580"	"testis"	"Elongated_spermatids"	NA	NA	NA	"CL:4030037"	"late spermatid"	"perfect match"	"SN181"	NA	4
"ACCCACTAGTGTGGCA"	""	"ERX6700418"	"ERP132580"	"testis"	"Elongated_spermatids"	NA	NA	NA	"CL:4030037"	"late spermatid"	"perfect match"	"SN181"	NA	4
"ACCCACTGTTAGAACA"	""	"ERX6700418"	"ERP132580"	"testis"	"Undifferentiated_Spermatogonia"	NA	NA	NA	"CL:0000016"	"male germ line stem cell"	"other"	"SN181"	NA	1
"ACCCACTTCTGGTTCC"	""	"ERX6700418"	"ERP132580"	"testis"	"Pachytene_Spermatocytes"	NA	NA	NA	"CL:0000017"	"spermatocyte"	"missing child term"	"SN181"	NA	6
"ACCGTAAAGAAGGCCT"	""	"ERX6700418"	"ERP132580"	"testis"	"Early_Round_spermatids"	NA	NA	NA	"CL:4030036"	"early spermatid"	"perfect match"	"SN181"	NA	2
"ACCGTAAAGGAGCGAG"	""	"ERX6700418"	"ERP132580"	"testis"	"Pachytene_Spermatocytes"	NA	NA	NA	"CL:0000017"	"spermatocyte"	"missing child term"	"SN181"	NA	6
"ACCGTAAGTCCAGTAT"	""	"ERX6700418"	"ERP132580"	"testis"	"Sertoli"	NA	NA	NA	"CL:0000216"	"Sertoli cell"	"perfect match"	"SN181"	NA	8
"ACCGTAAGTGTAACGG"	""	"ERX6700418"	"ERP132580"	"testis"	"Sertoli"	NA	NA	NA	"CL:0000216"	"Sertoli cell"	"perfect match"	"SN181"	NA	8
"ACCGTAATCATATCGG"	""	"ERX6700418"	"ERP132580"	"testis"	"Leptotene_Spermatocytes"	NA	NA	NA	"CL:0000017"	"spermatocyte"	"missing child term"	"SN181"	NA	7
"ACCTTTAAGAAGGCCT"	""	"ERX6700418"	"ERP132580"	"testis"	"Early_Round_spermatids"	NA	NA	NA	"CL:4030036"	"early spermatid"	"perfect match"	"SN181"	NA	2
"ACCTTTACAATCAGAA"	""	"ERX6700418"	"ERP132580"	"testis"	"Sertoli"	NA	NA	NA	"CL:0000216"	"Sertoli cell"	"perfect match"	"SN181"	NA	8
"ACCTTTACAGCTATTG"	""	"ERX6700418"	"ERP132580"	"testis"	"Differentiated_Spermatogonia"	NA	NA	NA	"CL:0000020"	"spermatogonium"	"perfect match"	"SN181"	NA	9
"ACGAGCCCACCTTGTC"	""	"ERX6700418"	"ERP132580"	"testis"	"Zygotene_Spermatocytes"	NA	NA	NA	"CL:0000017"	"spermatocyte"	"missing child term"	"SN181"	NA	11
"ACGAGCCCATAGGATA"	""	"ERX6700418"	"ERP132580"	"testis"	"Differentiated_Spermatogonia"	NA	NA	NA	"CL:0000020"	"spermatogonium"	"perfect match"	"SN181"	NA	9
"ACGAGCCGTAGCTGCC"	""	"ERX6700418"	"ERP132580"	"testis"	"Pachytene_Spermatocytes"	NA	NA	NA	"CL:0000017"	"spermatocyte"	"missing child term"	"SN181"	NA	6
"ACGAGCCGTCCGAGTC"	""	"ERX6700418"	"ERP132580"	"testis"	"Undifferentiated_Spermatogonia"	NA	NA	NA	"CL:0000016"	"male germ line stem cell"	"other"	"SN181"	NA	1
"ACGAGCCTCAAGGCTT"	""	"ERX6700418"	"ERP132580"	"testis"	"Zygotene_Spermatocytes"	NA	NA	NA	"CL:0000017"	"spermatocyte"	"missing child term"	"SN181"	NA	11
"ACGAGCCTCGCCGTGA"	""	"ERX6700418"	"ERP132580"	"testis"	"Differentiated_Spermatogonia"	NA	NA	NA	"CL:0000020"	"spermatogonium"	"perfect match"	"SN181"	NA	9
"ACGAGGAAGCCCAATT"	""	"ERX6700418"	"ERP132580"	"testis"	"Differentiated_Spermatogonia"	NA	NA	NA	"CL:0000020"	"spermatogonium"	"perfect match"	"SN181"	NA	9
"ACGAGGACACTCGACG"	""	"ERX6700418"	"ERP132580"	"testis"	"Early_Round_spermatids"	NA	NA	NA	"CL:4030036"	"early spermatid"	"perfect match"	"SN181"	NA	2
"ACGAGGAGTATTACCG"	""	"ERX6700418"	"ERP132580"	"testis"	"Sertoli"	NA	NA	NA	"CL:0000216"	"Sertoli cell"	"perfect match"	"SN181"	NA	8
"ACGATACAGACGCAAC"	""	"ERX6700418"	"ERP132580"	"testis"	"Pachytene_Spermatocytes"	NA	NA	NA	"CL:0000017"	"spermatocyte"	"missing child term"	"SN181"	NA	6
"ACGATACCAAACGTGG"	""	"ERX6700418"	"ERP132580"	"testis"	"Early_Round_spermatids"	NA	NA	NA	"CL:4030036"	"early spermatid"	"perfect match"	"SN181"	NA	2
"ACGATACCAATTGCTG"	""	"ERX6700418"	"ERP132580"	"testis"	"Leptotene_Spermatocytes"	NA	NA	NA	"CL:0000017"	"spermatocyte"	"missing child term"	"SN181"	NA	7
"ACGATACCACTAGTAC"	""	"ERX6700418"	"ERP132580"	"testis"	"Early_Round_spermatids"	NA	NA	NA	"CL:4030036"	"early spermatid"	"perfect match"	"SN181"	NA	2
"ACGATACGTAGTAGTA"	""	"ERX6700418"	"ERP132580"	"testis"	"Elongated_spermatids"	NA	NA	NA	"CL:4030037"	"late spermatid"	"perfect match"	"SN181"	NA	4
"ACGATACGTCATTAGC"	""	"ERX6700418"	"ERP132580"	"testis"	"Pachytene_Spermatocytes"	NA	NA	NA	"CL:0000017"	"spermatocyte"	"missing child term"	"SN181"	NA	6
"ACGATACGTGAAGGCT"	""	"ERX6700418"	"ERP132580"	"testis"	"Sertoli"	NA	NA	NA	"CL:0000216"	"Sertoli cell"	"perfect match"	"SN181"	NA	8
"ACGATACGTGAGTATA"	""	"ERX6700418"	"ERP132580"	"testis"	"Early_Round_spermatids"	NA	NA	NA	"CL:4030036"	"early spermatid"	"perfect match"	"SN181"	NA	2
"ACGATACTCCTCATTA"	""	"ERX6700418"	"ERP132580"	"testis"	"Pachytene_Spermatocytes"	NA	NA	NA	"CL:0000017"	"spermatocyte"	"missing child term"	"SN181"	NA	6
"ACGATACTCTCAAGTG"	""	"ERX6700418"	"ERP132580"	"testis"	"Pachytene_Spermatocytes"	NA	NA	NA	"CL:0000017"	"spermatocyte"	"missing child term"	"SN181"	NA	6
"ACGATGTAGAGTGACC"	""	"ERX6700418"	"ERP132580"	"testis"	"Differentiated_Spermatogonia"	NA	NA	NA	"CL:0000020"	"spermatogonium"	"perfect match"	"SN181"	NA	9
"ACGATGTAGGAATTAC"	""	"ERX6700418"	"ERP132580"	"testis"	"Leptotene_Spermatocytes"	NA	NA	NA	"CL:0000017"	"spermatocyte"	"missing child term"	"SN181"	NA	7
"ACGATGTAGGCGCTCT"	""	"ERX6700418"	"ERP132580"	"testis"	"Early_Round_spermatids"	NA	NA	NA	"CL:4030036"	"early spermatid"	"perfect match"	"SN181"	NA	2
"ACGATGTGTTAAGTAG"	""	"ERX6700418"	"ERP132580"	"testis"	"Zygotene_Spermatocytes"	NA	NA	NA	"CL:0000017"	"spermatocyte"	"missing child term"	"SN181"	NA	11
"ACGATGTTCATAAAGG"	""	"ERX6700418"	"ERP132580"	"testis"	"Undifferentiated_Spermatogonia"	NA	NA	NA	"CL:0000016"	"male germ line stem cell"	"other"	"SN181"	NA	1
"ACGATGTTCCAGAAGG"	""	"ERX6700418"	"ERP132580"	"testis"	"Undifferentiated_Spermatogonia"	NA	NA	NA	"CL:0000016"	"male germ line stem cell"	"other"	"SN181"	NA	1
"ACGATGTTCCGCGCAA"	""	"ERX6700418"	"ERP132580"	"testis"	"Elongated_spermatids"	NA	NA	NA	"CL:4030037"	"late spermatid"	"perfect match"	"SN181"	NA	4
"ACGCAGCAGGCCCGTT"	""	"ERX6700418"	"ERP132580"	"testis"	"Undifferentiated_Spermatogonia"	NA	NA	NA	"CL:0000016"	"male germ line stem cell"	"other"	"SN181"	NA	1
"ACGCAGCCATAGAAAC"	""	"ERX6700418"	"ERP132580"	"testis"	"Differentiated_Spermatogonia"	NA	NA	NA	"CL:0000020"	"spermatogonium"	"perfect match"	"SN181"	NA	9
"ACGCAGCGTACGCTGC"	""	"ERX6700418"	"ERP132580"	"testis"	"Early_Round_spermatids"	NA	NA	NA	"CL:4030036"	"early spermatid"	"perfect match"	"SN181"	NA	2
"ACGCAGCGTCAATGTC"	""	"ERX6700418"	"ERP132580"	"testis"	"Sertoli"	NA	NA	NA	"CL:0000216"	"Sertoli cell"	"perfect match"	"SN181"	NA	8
"ACGCAGCGTGATAAAC"	""	"ERX6700418"	"ERP132580"	"testis"	"Undifferentiated_Spermatogonia"	NA	NA	NA	"CL:0000016"	"male germ line stem cell"	"other"	"SN181"	NA	1
"ACGCAGCTCCCTTGCA"	""	"ERX6700418"	"ERP132580"	"testis"	"Pachytene_Spermatocytes"	NA	NA	NA	"CL:0000017"	"spermatocyte"	"missing child term"	"SN181"	NA	6
"ACGCCAGCACATGACT"	""	"ERX6700418"	"ERP132580"	"testis"	"Pachytene_Spermatocytes"	NA	NA	NA	"CL:0000017"	"spermatocyte"	"missing child term"	"SN181"	NA	6
"ACGCCAGCATCCGTGG"	""	"ERX6700418"	"ERP132580"	"testis"	"Leptotene_Spermatocytes"	NA	NA	NA	"CL:0000017"	"spermatocyte"	"missing child term"	"SN181"	NA	7
"ACGCCAGGTAGAAAGG"	""	"ERX6700418"	"ERP132580"	"testis"	"Pachytene_Spermatocytes"	NA	NA	NA	"CL:0000017"	"spermatocyte"	"missing child term"	"SN181"	NA	6
"ACGCCAGGTCTCATCC"	""	"ERX6700418"	"ERP132580"	"testis"	"Late_Round_spermatids"	NA	NA	NA	"CL:4030036"	"early spermatid"	"other"	"SN181"	NA	5
"ACGCCAGGTGGTGTAG"	""	"ERX6700418"	"ERP132580"	"testis"	"Other_somatic"	NA	NA	NA	"CL:0002371"	"somatic cell"	"perfect match"	"SN181"	NA	3
"ACGCCAGTCCTTGACC"	""	"ERX6700418"	"ERP132580"	"testis"	"Leptotene_Spermatocytes"	NA	NA	NA	"CL:0000017"	"spermatocyte"	"missing child term"	"SN181"	NA	7
"ACGCCAGTCGCGGATC"	""	"ERX6700418"	"ERP132580"	"testis"	"Pachytene_Spermatocytes"	NA	NA	NA	"CL:0000017"	"spermatocyte"	"missing child term"	"SN181"	NA	6
"ACGCCGAAGGCATGGT"	""	"ERX6700418"	"ERP132580"	"testis"	"Sertoli"	NA	NA	NA	"CL:0000216"	"Sertoli cell"	"perfect match"	"SN181"	NA	8
"ACGCCGAAGTGTTTGC"	""	"ERX6700418"	"ERP132580"	"testis"	"Undifferentiated_Spermatogonia"	NA	NA	NA	"CL:0000016"	"male germ line stem cell"	"other"	"SN181"	NA	1
"ACGCCGAGTAAAGTCA"	""	"ERX6700418"	"ERP132580"	"testis"	"Leptotene_Spermatocytes"	NA	NA	NA	"CL:0000017"	"spermatocyte"	"missing child term"	"SN181"	NA	7
"ACGCCGAGTCAATGTC"	""	"ERX6700418"	"ERP132580"	"testis"	"Leptotene_Spermatocytes"	NA	NA	NA	"CL:0000017"	"spermatocyte"	"missing child term"	"SN181"	NA	7
"ACGCCGAGTCCGTTAA"	""	"ERX6700418"	"ERP132580"	"testis"	"Leptotene_Spermatocytes"	NA	NA	NA	"CL:0000017"	"spermatocyte"	"missing child term"	"SN181"	NA	7
"ACGCCGAGTCGGATCC"	""	"ERX6700418"	"ERP132580"	"testis"	"Differentiated_Spermatogonia"	NA	NA	NA	"CL:0000020"	"spermatogonium"	"perfect match"	"SN181"	NA	9
"ACGCCGAGTTCGGCAC"	""	"ERX6700418"	"ERP132580"	"testis"	"Late_Round_spermatids"	NA	NA	NA	"CL:4030036"	"early spermatid"	"other"	"SN181"	NA	5
"ACGCCGATCCTTTCGG"	""	"ERX6700418"	"ERP132580"	"testis"	"Elongated_spermatids"	NA	NA	NA	"CL:4030037"	"late spermatid"	"perfect match"	"SN181"	NA	4
"ACGCCGATCTGCAAGT"	""	"ERX6700418"	"ERP132580"	"testis"	"Sertoli"	NA	NA	NA	"CL:0000216"	"Sertoli cell"	"perfect match"	"SN181"	NA	8
"ACGGAGAAGAATTGTG"	""	"ERX6700418"	"ERP132580"	"testis"	"Pachytene_Spermatocytes"	NA	NA	NA	"CL:0000017"	"spermatocyte"	"missing child term"	"SN181"	NA	6
"ACGGAGAAGACGCAAC"	""	"ERX6700418"	"ERP132580"	"testis"	"Sertoli"	NA	NA	NA	"CL:0000216"	"Sertoli cell"	"perfect match"	"SN181"	NA	8
"ACGGAGACACGTGAGA"	""	"ERX6700418"	"ERP132580"	"testis"	"Late_Round_spermatids"	NA	NA	NA	"CL:4030036"	"early spermatid"	"other"	"SN181"	NA	5
"ACGGAGACATGCCTTC"	""	"ERX6700418"	"ERP132580"	"testis"	"Leptotene_Spermatocytes"	NA	NA	NA	"CL:0000017"	"spermatocyte"	"missing child term"	"SN181"	NA	7
"ACGGAGAGTACGACCC"	""	"ERX6700418"	"ERP132580"	"testis"	"Sertoli"	NA	NA	NA	"CL:0000216"	"Sertoli cell"	"perfect match"	"SN181"	NA	8
"ACGGAGAGTTATCGGT"	""	"ERX6700418"	"ERP132580"	"testis"	"Sertoli"	NA	NA	NA	"CL:0000216"	"Sertoli cell"	"perfect match"	"SN181"	NA	8
"ACGGAGATCTCTGTCG"	""	"ERX6700418"	"ERP132580"	"testis"	"Leptotene_Spermatocytes"	NA	NA	NA	"CL:0000017"	"spermatocyte"	"missing child term"	"SN181"	NA	7
"ACGGCCAAGACTCGGA"	""	"ERX6700418"	"ERP132580"	"testis"	"Zygotene_Spermatocytes"	NA	NA	NA	"CL:0000017"	"spermatocyte"	"missing child term"	"SN181"	NA	11
"ACGGCCAAGCAGCGTA"	""	"ERX6700418"	"ERP132580"	"testis"	"Elongated_spermatids"	NA	NA	NA	"CL:4030037"	"late spermatid"	"perfect match"	"SN181"	NA	4
"ACGGCCAAGGTAGCCA"	""	"ERX6700418"	"ERP132580"	"testis"	"Pachytene_Spermatocytes"	NA	NA	NA	"CL:0000017"	"spermatocyte"	"missing child term"	"SN181"	NA	6
"ACGGCCAAGTCATCCA"	""	"ERX6700418"	"ERP132580"	"testis"	"Undifferentiated_Spermatogonia"	NA	NA	NA	"CL:0000016"	"male germ line stem cell"	"other"	"SN181"	NA	1
"ACGGCCACAGACACTT"	""	"ERX6700418"	"ERP132580"	"testis"	"Differentiated_Spermatogonia"	NA	NA	NA	"CL:0000020"	"spermatogonium"	"perfect match"	"SN181"	NA	9
"ACGGCCAGTGCCTGTG"	""	"ERX6700418"	"ERP132580"	"testis"	"Zygotene_Spermatocytes"	NA	NA	NA	"CL:0000017"	"spermatocyte"	"missing child term"	"SN181"	NA	11
"ACGGCCATCAACCAAC"	""	"ERX6700418"	"ERP132580"	"testis"	"Elongated_spermatids"	NA	NA	NA	"CL:4030037"	"late spermatid"	"perfect match"	"SN181"	NA	4
"ACGGCCATCACCCGAG"	""	"ERX6700418"	"ERP132580"	"testis"	"Pachytene_Spermatocytes"	NA	NA	NA	"CL:0000017"	"spermatocyte"	"missing child term"	"SN181"	NA	6
"ACGGCCATCAGTTCGA"	""	"ERX6700418"	"ERP132580"	"testis"	"Differentiated_Spermatogonia"	NA	NA	NA	"CL:0000020"	"spermatogonium"	"perfect match"	"SN181"	NA	9
"ACGGCCATCTGTCTAT"	""	"ERX6700418"	"ERP132580"	"testis"	"Undifferentiated_Spermatogonia"	NA	NA	NA	"CL:0000016"	"male germ line stem cell"	"other"	"SN181"	NA	1
"ACGGGCTAGGCCATAG"	""	"ERX6700418"	"ERP132580"	"testis"	"Leptotene_Spermatocytes"	NA	NA	NA	"CL:0000017"	"spermatocyte"	"missing child term"	"SN181"	NA	7
"ACGGGCTCAAGACACG"	""	"ERX6700418"	"ERP132580"	"testis"	"Zygotene_Spermatocytes"	NA	NA	NA	"CL:0000017"	"spermatocyte"	"missing child term"	"SN181"	NA	11
"ACGGGCTCACCCATGG"	""	"ERX6700418"	"ERP132580"	"testis"	"Late_Round_spermatids"	NA	NA	NA	"CL:4030036"	"early spermatid"	"other"	"SN181"	NA	5
"ACGGGCTCATCCTTGC"	""	"ERX6700418"	"ERP132580"	"testis"	"Differentiated_Spermatogonia"	NA	NA	NA	"CL:0000020"	"spermatogonium"	"perfect match"	"SN181"	NA	9
"ACGGGCTGTCTTGTCC"	""	"ERX6700418"	"ERP132580"	"testis"	"Undifferentiated_Spermatogonia"	NA	NA	NA	"CL:0000016"	"male germ line stem cell"	"other"	"SN181"	NA	1
"ACGGGCTGTGCGGTAA"	""	"ERX6700418"	"ERP132580"	"testis"	"Differentiated_Spermatogonia"	NA	NA	NA	"CL:0000020"	"spermatogonium"	"perfect match"	"SN181"	NA	9
"ACGGGCTTCATACGGT"	""	"ERX6700418"	"ERP132580"	"testis"	"Elongated_spermatids"	NA	NA	NA	"CL:4030037"	"late spermatid"	"perfect match"	"SN181"	NA	4
"ACGGGCTTCGCCAAAT"	""	"ERX6700418"	"ERP132580"	"testis"	"Other_somatic"	NA	NA	NA	"CL:0002371"	"somatic cell"	"perfect match"	"SN181"	NA	3
"ACGGGCTTCGGTCCGA"	""	"ERX6700418"	"ERP132580"	"testis"	"Late_Round_spermatids"	NA	NA	NA	"CL:4030036"	"early spermatid"	"other"	"SN181"	NA	5
"ACGGGCTTCGTCACGG"	""	"ERX6700418"	"ERP132580"	"testis"	"Leptotene_Spermatocytes"	NA	NA	NA	"CL:0000017"	"spermatocyte"	"missing child term"	"SN181"	NA	7
"ACGGGTCAGATCCTGT"	""	"ERX6700418"	"ERP132580"	"testis"	"Pachytene_Spermatocytes"	NA	NA	NA	"CL:0000017"	"spermatocyte"	"missing child term"	"SN181"	NA	6
"ACGGGTCAGCGAAGGG"	""	"ERX6700418"	"ERP132580"	"testis"	"Pachytene_Spermatocytes"	NA	NA	NA	"CL:0000017"	"spermatocyte"	"missing child term"	"SN181"	NA	6
"ACGGGTCAGGTGCTTT"	""	"ERX6700418"	"ERP132580"	"testis"	"Differentiated_Spermatogonia"	NA	NA	NA	"CL:0000020"	"spermatogonium"	"perfect match"	"SN181"	NA	9
"ACGGGTCCATCGGGTC"	""	"ERX6700418"	"ERP132580"	"testis"	"Pachytene_Spermatocytes"	NA	NA	NA	"CL:0000017"	"spermatocyte"	"missing child term"	"SN181"	NA	6
"ACGGGTCGTTATGCGT"	""	"ERX6700418"	"ERP132580"	"testis"	"Undifferentiated_Spermatogonia"	NA	NA	NA	"CL:0000016"	"male germ line stem cell"	"other"	"SN181"	NA	1
"ACGGGTCTCAACGGGA"	""	"ERX6700418"	"ERP132580"	"testis"	"Leptotene_Spermatocytes"	NA	NA	NA	"CL:0000017"	"spermatocyte"	"missing child term"	"SN181"	NA	7
"ACGTCAACAAGCGTAG"	""	"ERX6700418"	"ERP132580"	"testis"	"Zygotene_Spermatocytes"	NA	NA	NA	"CL:0000017"	"spermatocyte"	"missing child term"	"SN181"	NA	11
"ACGTCAACAATTGCTG"	""	"ERX6700418"	"ERP132580"	"testis"	"Zygotene_Spermatocytes"	NA	NA	NA	"CL:0000017"	"spermatocyte"	"missing child term"	"SN181"	NA	11
"ACGTCAACAGATCTGT"	""	"ERX6700418"	"ERP132580"	"testis"	"Undifferentiated_Spermatogonia"	NA	NA	NA	"CL:0000016"	"male germ line stem cell"	"other"	"SN181"	NA	1
"ACGTCAAGTGTTGGGA"	""	"ERX6700418"	"ERP132580"	"testis"	"Pachytene_Spermatocytes"	NA	NA	NA	"CL:0000017"	"spermatocyte"	"missing child term"	"SN181"	NA	6
"ACGTCAAGTTCCCGAG"	""	"ERX6700418"	"ERP132580"	"testis"	"Elongated_spermatids"	NA	NA	NA	"CL:4030037"	"late spermatid"	"perfect match"	"SN181"	NA	4
"ACGTCAATCCAAACTG"	""	"ERX6700418"	"ERP132580"	"testis"	"Leptotene_Spermatocytes"	NA	NA	NA	"CL:0000017"	"spermatocyte"	"missing child term"	"SN181"	NA	7
"ACGTCAATCCGCGGTA"	""	"ERX6700418"	"ERP132580"	"testis"	"Late_Round_spermatids"	NA	NA	NA	"CL:4030036"	"early spermatid"	"other"	"SN181"	NA	5
"ACGTCAATCCTAGTGA"	""	"ERX6700418"	"ERP132580"	"testis"	"Elongated_spermatids"	NA	NA	NA	"CL:4030037"	"late spermatid"	"perfect match"	"SN181"	NA	4
"ACGTCAATCCTTGACC"	""	"ERX6700418"	"ERP132580"	"testis"	"Pachytene_Spermatocytes"	NA	NA	NA	"CL:0000017"	"spermatocyte"	"missing child term"	"SN181"	NA	6
"ACGTCAATCGAACGGA"	""	"ERX6700418"	"ERP132580"	"testis"	"Elongated_spermatids"	NA	NA	NA	"CL:4030037"	"late spermatid"	"perfect match"	"SN181"	NA	4
"ACGTCAATCGGAGGTA"	""	"ERX6700418"	"ERP132580"	"testis"	"Zygotene_Spermatocytes"	NA	NA	NA	"CL:0000017"	"spermatocyte"	"missing child term"	"SN181"	NA	11
"ACTATCTCACTGTCGG"	""	"ERX6700418"	"ERP132580"	"testis"	"Leptotene_Spermatocytes"	NA	NA	NA	"CL:0000017"	"spermatocyte"	"missing child term"	"SN181"	NA	7
"ACTATCTGTATATGGA"	""	"ERX6700418"	"ERP132580"	"testis"	"Sertoli"	NA	NA	NA	"CL:0000216"	"Sertoli cell"	"perfect match"	"SN181"	NA	8
"ACTATCTGTGTGAAAT"	""	"ERX6700418"	"ERP132580"	"testis"	"Pachytene_Spermatocytes"	NA	NA	NA	"CL:0000017"	"spermatocyte"	"missing child term"	"SN181"	NA	6
"ACTATCTTCTCCCTGA"	""	"ERX6700418"	"ERP132580"	"testis"	"Late_Round_spermatids"	NA	NA	NA	"CL:4030036"	"early spermatid"	"other"	"SN181"	NA	5
"ACTGAACAGATGCCTT"	""	"ERX6700418"	"ERP132580"	"testis"	"Zygotene_Spermatocytes"	NA	NA	NA	"CL:0000017"	"spermatocyte"	"missing child term"	"SN181"	NA	11
"ACTGAACAGCCAGTTT"	""	"ERX6700418"	"ERP132580"	"testis"	"Zygotene_Spermatocytes"	NA	NA	NA	"CL:0000017"	"spermatocyte"	"missing child term"	"SN181"	NA	11
"ACTGAACAGGGTTTCT"	""	"ERX6700418"	"ERP132580"	"testis"	"Elongated_spermatids"	NA	NA	NA	"CL:4030037"	"late spermatid"	"perfect match"	"SN181"	NA	4
"ACTGAACCAACTTGAC"	""	"ERX6700418"	"ERP132580"	"testis"	"Leptotene_Spermatocytes"	NA	NA	NA	"CL:0000017"	"spermatocyte"	"missing child term"	"SN181"	NA	7
"ACTGAACCACTTAACG"	""	"ERX6700418"	"ERP132580"	"testis"	"Sertoli"	NA	NA	NA	"CL:0000216"	"Sertoli cell"	"perfect match"	"SN181"	NA	8
"ACTGAACTCAACGCTA"	""	"ERX6700418"	"ERP132580"	"testis"	"Undifferentiated_Spermatogonia"	NA	NA	NA	"CL:0000016"	"male germ line stem cell"	"other"	"SN181"	NA	1
"ACTGAACTCCACGTGG"	""	"ERX6700418"	"ERP132580"	"testis"	"Pachytene_Spermatocytes"	NA	NA	NA	"CL:0000017"	"spermatocyte"	"missing child term"	"SN181"	NA	6
"ACTGAGTAGATGTAAC"	""	"ERX6700418"	"ERP132580"	"testis"	"Late_Round_spermatids"	NA	NA	NA	"CL:4030036"	"early spermatid"	"other"	"SN181"	NA	5
"ACTGAGTAGTGAACAT"	""	"ERX6700418"	"ERP132580"	"testis"	"Zygotene_Spermatocytes"	NA	NA	NA	"CL:0000017"	"spermatocyte"	"missing child term"	"SN181"	NA	11
"ACTGAGTCACAACTGT"	""	"ERX6700418"	"ERP132580"	"testis"	"Other_somatic"	NA	NA	NA	"CL:0002371"	"somatic cell"	"perfect match"	"SN181"	NA	3
"ACTGAGTCAGGGTACA"	""	"ERX6700418"	"ERP132580"	"testis"	"Early_Round_spermatids"	NA	NA	NA	"CL:4030036"	"early spermatid"	"perfect match"	"SN181"	NA	2
"ACTGAGTGTTCATGGT"	""	"ERX6700418"	"ERP132580"	"testis"	"Zygotene_Spermatocytes"	NA	NA	NA	"CL:0000017"	"spermatocyte"	"missing child term"	"SN181"	NA	11
"ACTGATGAGACCACGA"	""	"ERX6700418"	"ERP132580"	"testis"	"Pachytene_Spermatocytes"	NA	NA	NA	"CL:0000017"	"spermatocyte"	"missing child term"	"SN181"	NA	6
"ACTGATGAGTGACATA"	""	"ERX6700418"	"ERP132580"	"testis"	"Pachytene_Spermatocytes"	NA	NA	NA	"CL:0000017"	"spermatocyte"	"missing child term"	"SN181"	NA	6
"ACTGATGCAAGAAAGG"	""	"ERX6700418"	"ERP132580"	"testis"	"Zygotene_Spermatocytes"	NA	NA	NA	"CL:0000017"	"spermatocyte"	"missing child term"	"SN181"	NA	11
"ACTGATGCAAGGGTCA"	""	"ERX6700418"	"ERP132580"	"testis"	"Late_Round_spermatids"	NA	NA	NA	"CL:4030036"	"early spermatid"	"other"	"SN181"	NA	5
"ACTGATGCACATCCAA"	""	"ERX6700418"	"ERP132580"	"testis"	"Late_Round_spermatids"	NA	NA	NA	"CL:4030036"	"early spermatid"	"other"	"SN181"	NA	5
"ACTGATGGTACAGTGG"	""	"ERX6700418"	"ERP132580"	"testis"	"Elongated_spermatids"	NA	NA	NA	"CL:4030037"	"late spermatid"	"perfect match"	"SN181"	NA	4
"ACTGATGGTTCATGGT"	""	"ERX6700418"	"ERP132580"	"testis"	"Pachytene_Spermatocytes"	NA	NA	NA	"CL:0000017"	"spermatocyte"	"missing child term"	"SN181"	NA	6
"ACTGATGTCCATGAGT"	""	"ERX6700418"	"ERP132580"	"testis"	"Zygotene_Spermatocytes"	NA	NA	NA	"CL:0000017"	"spermatocyte"	"missing child term"	"SN181"	NA	11
"ACTGATGTCGACGGAA"	""	"ERX6700418"	"ERP132580"	"testis"	"Elongated_spermatids"	NA	NA	NA	"CL:4030037"	"late spermatid"	"perfect match"	"SN181"	NA	4
"ACTGATGTCTCGAGTA"	""	"ERX6700418"	"ERP132580"	"testis"	"Late_Round_spermatids"	NA	NA	NA	"CL:4030036"	"early spermatid"	"other"	"SN181"	NA	5
"ACTGCTCCAAGGTGTG"	""	"ERX6700418"	"ERP132580"	"testis"	"Undifferentiated_Spermatogonia"	NA	NA	NA	"CL:0000016"	"male germ line stem cell"	"other"	"SN181"	NA	1
"ACTGCTCCATTAGCCA"	""	"ERX6700418"	"ERP132580"	"testis"	"Sertoli"	NA	NA	NA	"CL:0000216"	"Sertoli cell"	"perfect match"	"SN181"	NA	8
"ACTGCTCGTAAAGTCA"	""	"ERX6700418"	"ERP132580"	"testis"	"Elongated_spermatids"	NA	NA	NA	"CL:4030037"	"late spermatid"	"perfect match"	"SN181"	NA	4
"ACTGCTCGTCTCTCTG"	""	"ERX6700418"	"ERP132580"	"testis"	"Sertoli"	NA	NA	NA	"CL:0000216"	"Sertoli cell"	"perfect match"	"SN181"	NA	8
"ACTGCTCTCAGCTTAG"	""	"ERX6700418"	"ERP132580"	"testis"	"Late_Round_spermatids"	NA	NA	NA	"CL:4030036"	"early spermatid"	"other"	"SN181"	NA	5
"ACTGCTCTCTGAGGGA"	""	"ERX6700418"	"ERP132580"	"testis"	"Other_somatic"	NA	NA	NA	"CL:0002371"	"somatic cell"	"perfect match"	"SN181"	NA	3
"ACTGTCCAGAAAGTGG"	""	"ERX6700418"	"ERP132580"	"testis"	"Pachytene_Spermatocytes"	NA	NA	NA	"CL:0000017"	"spermatocyte"	"missing child term"	"SN181"	NA	6
"ACTGTCCAGTGCGTGA"	""	"ERX6700418"	"ERP132580"	"testis"	"Elongated_spermatids"	NA	NA	NA	"CL:4030037"	"late spermatid"	"perfect match"	"SN181"	NA	4
"ACTGTCCCAGCATGAG"	""	"ERX6700418"	"ERP132580"	"testis"	"Elongated_spermatids"	NA	NA	NA	"CL:4030037"	"late spermatid"	"perfect match"	"SN181"	NA	4
"ACTGTCCGTCCTAGCG"	""	"ERX6700418"	"ERP132580"	"testis"	"Early_Round_spermatids"	NA	NA	NA	"CL:4030036"	"early spermatid"	"perfect match"	"SN181"	NA	2
"ACTGTCCGTCTTCGTC"	""	"ERX6700418"	"ERP132580"	"testis"	"Zygotene_Spermatocytes"	NA	NA	NA	"CL:0000017"	"spermatocyte"	"missing child term"	"SN181"	NA	11
"ACTGTCCTCGTTTAGG"	""	"ERX6700418"	"ERP132580"	"testis"	"Sertoli"	NA	NA	NA	"CL:0000216"	"Sertoli cell"	"perfect match"	"SN181"	NA	8
"ACTTACTAGGCTAGGT"	""	"ERX6700418"	"ERP132580"	"testis"	"Sertoli"	NA	NA	NA	"CL:0000216"	"Sertoli cell"	"perfect match"	"SN181"	NA	8
"ACTTACTAGGTGGGTT"	""	"ERX6700418"	"ERP132580"	"testis"	"Other_somatic"	NA	NA	NA	"CL:0002371"	"somatic cell"	"perfect match"	"SN181"	NA	3
"ACTTACTCAAGCGCTC"	""	"ERX6700418"	"ERP132580"	"testis"	"Elongated_spermatids"	NA	NA	NA	"CL:4030037"	"late spermatid"	"perfect match"	"SN181"	NA	4
"ACTTACTCAGCTGCTG"	""	"ERX6700418"	"ERP132580"	"testis"	"Sertoli"	NA	NA	NA	"CL:0000216"	"Sertoli cell"	"perfect match"	"SN181"	NA	8
"ACTTACTCATGTTGAC"	""	"ERX6700418"	"ERP132580"	"testis"	"Differentiated_Spermatogonia"	NA	NA	NA	"CL:0000020"	"spermatogonium"	"perfect match"	"SN181"	NA	9
"ACTTACTTCCCATTTA"	""	"ERX6700418"	"ERP132580"	"testis"	"Other_somatic"	NA	NA	NA	"CL:0002371"	"somatic cell"	"perfect match"	"SN181"	NA	3
"ACTTACTTCCTAGGGC"	""	"ERX6700418"	"ERP132580"	"testis"	"Pachytene_Spermatocytes"	NA	NA	NA	"CL:0000017"	"spermatocyte"	"missing child term"	"SN181"	NA	6
"ACTTGTTCAGCGATCC"	""	"ERX6700418"	"ERP132580"	"testis"	"Zygotene_Spermatocytes"	NA	NA	NA	"CL:0000017"	"spermatocyte"	"missing child term"	"SN181"	NA	11
"ACTTGTTCATTCGACA"	""	"ERX6700418"	"ERP132580"	"testis"	"Sertoli"	NA	NA	NA	"CL:0000216"	"Sertoli cell"	"perfect match"	"SN181"	NA	8
"ACTTGTTGTCTAGAGG"	""	"ERX6700418"	"ERP132580"	"testis"	"Pachytene_Spermatocytes"	NA	NA	NA	"CL:0000017"	"spermatocyte"	"missing child term"	"SN181"	NA	6
"ACTTGTTTCCATTCTA"	""	"ERX6700418"	"ERP132580"	"testis"	"Sertoli"	NA	NA	NA	"CL:0000216"	"Sertoli cell"	"perfect match"	"SN181"	NA	8
"ACTTTCAAGACCGGAT"	""	"ERX6700418"	"ERP132580"	"testis"	"Early_Round_spermatids"	NA	NA	NA	"CL:4030036"	"early spermatid"	"perfect match"	"SN181"	NA	2
"ACTTTCAAGACTAGGC"	""	"ERX6700418"	"ERP132580"	"testis"	"Sertoli"	NA	NA	NA	"CL:0000216"	"Sertoli cell"	"perfect match"	"SN181"	NA	8
"ACTTTCACACCTCGTT"	""	"ERX6700418"	"ERP132580"	"testis"	"Late_Round_spermatids"	NA	NA	NA	"CL:4030036"	"early spermatid"	"other"	"SN181"	NA	5
"ACTTTCACATACTCTT"	""	"ERX6700418"	"ERP132580"	"testis"	"Pachytene_Spermatocytes"	NA	NA	NA	"CL:0000017"	"spermatocyte"	"missing child term"	"SN181"	NA	6
"ACTTTCAGTCACCCAG"	""	"ERX6700418"	"ERP132580"	"testis"	"Zygotene_Spermatocytes"	NA	NA	NA	"CL:0000017"	"spermatocyte"	"missing child term"	"SN181"	NA	11
"ACTTTCAGTTCACCTC"	""	"ERX6700418"	"ERP132580"	"testis"	"Elongated_spermatids"	NA	NA	NA	"CL:4030037"	"late spermatid"	"perfect match"	"SN181"	NA	4
"ACTTTCATCGAACTGT"	""	"ERX6700418"	"ERP132580"	"testis"	"Pachytene_Spermatocytes"	NA	NA	NA	"CL:0000017"	"spermatocyte"	"missing child term"	"SN181"	NA	6
"ACTTTCATCTGCTGTC"	""	"ERX6700418"	"ERP132580"	"testis"	"Early_Round_spermatids"	NA	NA	NA	"CL:4030036"	"early spermatid"	"perfect match"	"SN181"	NA	2
"AGAATAGAGGCATGTG"	""	"ERX6700418"	"ERP132580"	"testis"	"Elongated_spermatids"	NA	NA	NA	"CL:4030037"	"late spermatid"	"perfect match"	"SN181"	NA	4
"AGAATAGAGGCTCTTA"	""	"ERX6700418"	"ERP132580"	"testis"	"Pachytene_Spermatocytes"	NA	NA	NA	"CL:0000017"	"spermatocyte"	"missing child term"	"SN181"	NA	6
"AGAATAGGTGTGAATA"	""	"ERX6700418"	"ERP132580"	"testis"	"Sertoli"	NA	NA	NA	"CL:0000216"	"Sertoli cell"	"perfect match"	"SN181"	NA	8
"AGACGTTAGGAGTTTA"	""	"ERX6700418"	"ERP132580"	"testis"	"Zygotene_Spermatocytes"	NA	NA	NA	"CL:0000017"	"spermatocyte"	"missing child term"	"SN181"	NA	11
"AGACGTTCACCTGGTG"	""	"ERX6700418"	"ERP132580"	"testis"	"Sertoli"	NA	NA	NA	"CL:0000216"	"Sertoli cell"	"perfect match"	"SN181"	NA	8
"AGACGTTCAGCGTTCG"	""	"ERX6700418"	"ERP132580"	"testis"	"Sertoli"	NA	NA	NA	"CL:0000216"	"Sertoli cell"	"perfect match"	"SN181"	NA	8
"AGACGTTGTGCCTGGT"	""	"ERX6700418"	"ERP132580"	"testis"	"Early_Round_spermatids"	NA	NA	NA	"CL:4030036"	"early spermatid"	"perfect match"	"SN181"	NA	2
"AGACGTTGTTGACGTT"	""	"ERX6700418"	"ERP132580"	"testis"	"Elongated_spermatids"	NA	NA	NA	"CL:4030037"	"late spermatid"	"perfect match"	"SN181"	NA	4
"AGACGTTTCTCACATT"	""	"ERX6700418"	"ERP132580"	"testis"	"Late_Round_spermatids"	NA	NA	NA	"CL:4030036"	"early spermatid"	"other"	"SN181"	NA	5
"AGAGCGAAGAAGGGTA"	""	"ERX6700418"	"ERP132580"	"testis"	"Late_Round_spermatids"	NA	NA	NA	"CL:4030036"	"early spermatid"	"other"	"SN181"	NA	5
"AGAGCGAAGAGCTGGT"	""	"ERX6700418"	"ERP132580"	"testis"	"Late_Round_spermatids"	NA	NA	NA	"CL:4030036"	"early spermatid"	"other"	"SN181"	NA	5
"AGAGCGAAGCCAACAG"	""	"ERX6700418"	"ERP132580"	"testis"	"Other_somatic"	NA	NA	NA	"CL:0002371"	"somatic cell"	"perfect match"	"SN181"	NA	3
"AGAGCGAAGGCGCTCT"	""	"ERX6700418"	"ERP132580"	"testis"	"Sertoli"	NA	NA	NA	"CL:0000216"	"Sertoli cell"	"perfect match"	"SN181"	NA	8
"AGAGCGACACGAAACG"	""	"ERX6700418"	"ERP132580"	"testis"	"Zygotene_Spermatocytes"	NA	NA	NA	"CL:0000017"	"spermatocyte"	"missing child term"	"SN181"	NA	11
"AGAGCGAGTATTCGTG"	""	"ERX6700418"	"ERP132580"	"testis"	"Differentiated_Spermatogonia"	NA	NA	NA	"CL:0000020"	"spermatogonium"	"perfect match"	"SN181"	NA	9
"AGAGCGATCACGCATA"	""	"ERX6700418"	"ERP132580"	"testis"	""	NA	NA	NA	"CL:0000000"	"cell"	"other"	"SN181"	NA	10
"AGAGCGATCCAAACAC"	""	"ERX6700418"	"ERP132580"	"testis"	"Sertoli"	NA	NA	NA	"CL:0000216"	"Sertoli cell"	"perfect match"	"SN181"	NA	8
"AGAGCGATCGCATGGC"	""	"ERX6700418"	"ERP132580"	"testis"	"Elongated_spermatids"	NA	NA	NA	"CL:4030037"	"late spermatid"	"perfect match"	"SN181"	NA	4
"AGAGCTTCAGCCTGTG"	""	"ERX6700418"	"ERP132580"	"testis"	"Differentiated_Spermatogonia"	NA	NA	NA	"CL:0000020"	"spermatogonium"	"perfect match"	"SN181"	NA	9
"AGAGCTTTCTGCGACG"	""	"ERX6700418"	"ERP132580"	"testis"	"Sertoli"	NA	NA	NA	"CL:0000216"	"Sertoli cell"	"perfect match"	"SN181"	NA	8
"AGAGTGGAGAGCTTCT"	""	"ERX6700418"	"ERP132580"	"testis"	"Pachytene_Spermatocytes"	NA	NA	NA	"CL:0000017"	"spermatocyte"	"missing child term"	"SN181"	NA	6
"AGAGTGGAGGCCGAAT"	""	"ERX6700418"	"ERP132580"	"testis"	"Sertoli"	NA	NA	NA	"CL:0000216"	"Sertoli cell"	"perfect match"	"SN181"	NA	8
"AGAGTGGAGTGTTTGC"	""	"ERX6700418"	"ERP132580"	"testis"	"Pachytene_Spermatocytes"	NA	NA	NA	"CL:0000017"	"spermatocyte"	"missing child term"	"SN181"	NA	6
"AGAGTGGCAAGTCATC"	""	"ERX6700418"	"ERP132580"	"testis"	"Leptotene_Spermatocytes"	NA	NA	NA	"CL:0000017"	"spermatocyte"	"missing child term"	"SN181"	NA	7
"AGAGTGGCAATACGCT"	""	"ERX6700418"	"ERP132580"	"testis"	"Late_Round_spermatids"	NA	NA	NA	"CL:4030036"	"early spermatid"	"other"	"SN181"	NA	5
"AGAGTGGGTCCATCCT"	""	"ERX6700418"	"ERP132580"	"testis"	"Pachytene_Spermatocytes"	NA	NA	NA	"CL:0000017"	"spermatocyte"	"missing child term"	"SN181"	NA	6
"AGAGTGGGTCTAGGTT"	""	"ERX6700418"	"ERP132580"	"testis"	"Sertoli"	NA	NA	NA	"CL:0000216"	"Sertoli cell"	"perfect match"	"SN181"	NA	8
"AGATCTGAGCGTCAAG"	""	"ERX6700418"	"ERP132580"	"testis"	"Elongated_spermatids"	NA	NA	NA	"CL:4030037"	"late spermatid"	"perfect match"	"SN181"	NA	4
"AGATCTGAGGCTAGGT"	""	"ERX6700418"	"ERP132580"	"testis"	"Pachytene_Spermatocytes"	NA	NA	NA	"CL:0000017"	"spermatocyte"	"missing child term"	"SN181"	NA	6
"AGATCTGAGTGGCACA"	""	"ERX6700418"	"ERP132580"	"testis"	"Leptotene_Spermatocytes"	NA	NA	NA	"CL:0000017"	"spermatocyte"	"missing child term"	"SN181"	NA	7
"AGATCTGCAAACAACA"	""	"ERX6700418"	"ERP132580"	"testis"	"Undifferentiated_Spermatogonia"	NA	NA	NA	"CL:0000016"	"male germ line stem cell"	"other"	"SN181"	NA	1
"AGATCTGCACTCGACG"	""	"ERX6700418"	"ERP132580"	"testis"	"Early_Round_spermatids"	NA	NA	NA	"CL:4030036"	"early spermatid"	"perfect match"	"SN181"	NA	2
"AGATCTGCATTATCTC"	""	"ERX6700418"	"ERP132580"	"testis"	"Late_Round_spermatids"	NA	NA	NA	"CL:4030036"	"early spermatid"	"other"	"SN181"	NA	5
"AGATCTGCATTTGCCC"	""	"ERX6700418"	"ERP132580"	"testis"	"Late_Round_spermatids"	NA	NA	NA	"CL:4030036"	"early spermatid"	"other"	"SN181"	NA	5
"AGATCTGGTTACGACT"	""	"ERX6700418"	"ERP132580"	"testis"	"Elongated_spermatids"	NA	NA	NA	"CL:4030037"	"late spermatid"	"perfect match"	"SN181"	NA	4
"AGATTGCCAAATTGCC"	""	"ERX6700418"	"ERP132580"	"testis"	"Zygotene_Spermatocytes"	NA	NA	NA	"CL:0000017"	"spermatocyte"	"missing child term"	"SN181"	NA	11
"AGATTGCCAGATCGGA"	""	"ERX6700418"	"ERP132580"	"testis"	"Leptotene_Spermatocytes"	NA	NA	NA	"CL:0000017"	"spermatocyte"	"missing child term"	"SN181"	NA	7
"AGATTGCGTGTAAGTA"	""	"ERX6700418"	"ERP132580"	"testis"	"Elongated_spermatids"	NA	NA	NA	"CL:4030037"	"late spermatid"	"perfect match"	"SN181"	NA	4
"AGATTGCGTGTGAATA"	""	"ERX6700418"	"ERP132580"	"testis"	"Early_Round_spermatids"	NA	NA	NA	"CL:4030036"	"early spermatid"	"perfect match"	"SN181"	NA	2
"AGATTGCTCAGTTCGA"	""	"ERX6700418"	"ERP132580"	"testis"	"Other_somatic"	NA	NA	NA	"CL:0002371"	"somatic cell"	"perfect match"	"SN181"	NA	3
"AGATTGCTCGCACTCT"	""	"ERX6700418"	"ERP132580"	"testis"	"Early_Round_spermatids"	NA	NA	NA	"CL:4030036"	"early spermatid"	"perfect match"	"SN181"	NA	2
"AGCAGCCAGATGGGTC"	""	"ERX6700418"	"ERP132580"	"testis"	"Early_Round_spermatids"	NA	NA	NA	"CL:4030036"	"early spermatid"	"perfect match"	"SN181"	NA	2
"AGCAGCCAGCGTTGCC"	""	"ERX6700418"	"ERP132580"	"testis"	"Elongated_spermatids"	NA	NA	NA	"CL:4030037"	"late spermatid"	"perfect match"	"SN181"	NA	4
"AGCAGCCCAAGAAAGG"	""	"ERX6700418"	"ERP132580"	"testis"	"Elongated_spermatids"	NA	NA	NA	"CL:4030037"	"late spermatid"	"perfect match"	"SN181"	NA	4
"AGCAGCCCACCATCCT"	""	"ERX6700418"	"ERP132580"	"testis"	"Undifferentiated_Spermatogonia"	NA	NA	NA	"CL:0000016"	"male germ line stem cell"	"other"	"SN181"	NA	1
"AGCAGCCGTGGTGTAG"	""	"ERX6700418"	"ERP132580"	"testis"	"Early_Round_spermatids"	NA	NA	NA	"CL:4030036"	"early spermatid"	"perfect match"	"SN181"	NA	2
"AGCAGCCGTTAGATGA"	""	"ERX6700418"	"ERP132580"	"testis"	"Leptotene_Spermatocytes"	NA	NA	NA	"CL:0000017"	"spermatocyte"	"missing child term"	"SN181"	NA	7
"AGCAGCCGTTGCCTCT"	""	"ERX6700418"	"ERP132580"	"testis"	"Undifferentiated_Spermatogonia"	NA	NA	NA	"CL:0000016"	"male germ line stem cell"	"other"	"SN181"	NA	1
"AGCAGCCTCGAATGCT"	""	"ERX6700418"	"ERP132580"	"testis"	"Elongated_spermatids"	NA	NA	NA	"CL:4030037"	"late spermatid"	"perfect match"	"SN181"	NA	4
"AGCATACCATCTGGTA"	""	"ERX6700418"	"ERP132580"	"testis"	"Pachytene_Spermatocytes"	NA	NA	NA	"CL:0000017"	"spermatocyte"	"missing child term"	"SN181"	NA	6
"AGCATACGTGTCTGAT"	""	"ERX6700418"	"ERP132580"	"testis"	"Pachytene_Spermatocytes"	NA	NA	NA	"CL:0000017"	"spermatocyte"	"missing child term"	"SN181"	NA	6
"AGCATACGTTCAACCA"	""	"ERX6700418"	"ERP132580"	"testis"	"Sertoli"	NA	NA	NA	"CL:0000216"	"Sertoli cell"	"perfect match"	"SN181"	NA	8
"AGCATACGTTCGTCTC"	""	"ERX6700418"	"ERP132580"	"testis"	"Elongated_spermatids"	NA	NA	NA	"CL:4030037"	"late spermatid"	"perfect match"	"SN181"	NA	4
"AGCATACGTTGCGCAC"	""	"ERX6700418"	"ERP132580"	"testis"	"Late_Round_spermatids"	NA	NA	NA	"CL:4030036"	"early spermatid"	"other"	"SN181"	NA	5
"AGCATACTCAGCGATT"	""	"ERX6700418"	"ERP132580"	"testis"	"Zygotene_Spermatocytes"	NA	NA	NA	"CL:0000017"	"spermatocyte"	"missing child term"	"SN181"	NA	11
"AGCCTAAAGCTAAACA"	""	"ERX6700418"	"ERP132580"	"testis"	"Elongated_spermatids"	NA	NA	NA	"CL:4030037"	"late spermatid"	"perfect match"	"SN181"	NA	4
"AGCCTAACACCGTTGG"	""	"ERX6700418"	"ERP132580"	"testis"	"Zygotene_Spermatocytes"	NA	NA	NA	"CL:0000017"	"spermatocyte"	"missing child term"	"SN181"	NA	11
"AGCCTAACACGTAAGG"	""	"ERX6700418"	"ERP132580"	"testis"	"Elongated_spermatids"	NA	NA	NA	"CL:4030037"	"late spermatid"	"perfect match"	"SN181"	NA	4
"AGCCTAACAGACGCAA"	""	"ERX6700418"	"ERP132580"	"testis"	"Zygotene_Spermatocytes"	NA	NA	NA	"CL:0000017"	"spermatocyte"	"missing child term"	"SN181"	NA	11
"AGCCTAACATGCAATC"	""	"ERX6700418"	"ERP132580"	"testis"	"Late_Round_spermatids"	NA	NA	NA	"CL:4030036"	"early spermatid"	"other"	"SN181"	NA	5
"AGCCTAATCCGCAAGC"	""	"ERX6700418"	"ERP132580"	"testis"	"Elongated_spermatids"	NA	NA	NA	"CL:4030037"	"late spermatid"	"perfect match"	"SN181"	NA	4
"AGCCTAATCTTGTTTG"	""	"ERX6700418"	"ERP132580"	"testis"	"Zygotene_Spermatocytes"	NA	NA	NA	"CL:0000017"	"spermatocyte"	"missing child term"	"SN181"	NA	11
"AGCGGTCAGAATGTTG"	""	"ERX6700418"	"ERP132580"	"testis"	"Leptotene_Spermatocytes"	NA	NA	NA	"CL:0000017"	"spermatocyte"	"missing child term"	"SN181"	NA	7
"AGCGGTCAGAGATGAG"	""	"ERX6700418"	"ERP132580"	"testis"	"Undifferentiated_Spermatogonia"	NA	NA	NA	"CL:0000016"	"male germ line stem cell"	"other"	"SN181"	NA	1
"AGCGGTCAGCGATTCT"	""	"ERX6700418"	"ERP132580"	"testis"	"Late_Round_spermatids"	NA	NA	NA	"CL:4030036"	"early spermatid"	"other"	"SN181"	NA	5
"AGCGGTCAGGATTCGG"	""	"ERX6700418"	"ERP132580"	"testis"	"Other_somatic"	NA	NA	NA	"CL:0002371"	"somatic cell"	"perfect match"	"SN181"	NA	3
"AGCGGTCAGTTAACGA"	""	"ERX6700418"	"ERP132580"	"testis"	"Zygotene_Spermatocytes"	NA	NA	NA	"CL:0000017"	"spermatocyte"	"missing child term"	"SN181"	NA	11
"AGCGGTCGTACTCAAC"	""	"ERX6700418"	"ERP132580"	"testis"	"Early_Round_spermatids"	NA	NA	NA	"CL:4030036"	"early spermatid"	"perfect match"	"SN181"	NA	2
"AGCGGTCGTCACAAGG"	""	"ERX6700418"	"ERP132580"	"testis"	"Elongated_spermatids"	NA	NA	NA	"CL:4030037"	"late spermatid"	"perfect match"	"SN181"	NA	4
"AGCGGTCGTCTCTCTG"	""	"ERX6700418"	"ERP132580"	"testis"	"Zygotene_Spermatocytes"	NA	NA	NA	"CL:0000017"	"spermatocyte"	"missing child term"	"SN181"	NA	11
"AGCGGTCGTGGTCTCG"	""	"ERX6700418"	"ERP132580"	"testis"	"Differentiated_Spermatogonia"	NA	NA	NA	"CL:0000020"	"spermatogonium"	"perfect match"	"SN181"	NA	9
"AGCGGTCGTTGGTTTG"	""	"ERX6700418"	"ERP132580"	"testis"	"Late_Round_spermatids"	NA	NA	NA	"CL:4030036"	"early spermatid"	"other"	"SN181"	NA	5
"AGCGGTCTCAACACTG"	""	"ERX6700418"	"ERP132580"	"testis"	"Leptotene_Spermatocytes"	NA	NA	NA	"CL:0000017"	"spermatocyte"	"missing child term"	"SN181"	NA	7
"AGCGGTCTCAATAAGG"	""	"ERX6700418"	"ERP132580"	"testis"	"Pachytene_Spermatocytes"	NA	NA	NA	"CL:0000017"	"spermatocyte"	"missing child term"	"SN181"	NA	6
"AGCGGTCTCTGCAGTA"	""	"ERX6700418"	"ERP132580"	"testis"	"Sertoli"	NA	NA	NA	"CL:0000216"	"Sertoli cell"	"perfect match"	"SN181"	NA	8
"AGCGGTCTCTTCTGGC"	""	"ERX6700418"	"ERP132580"	"testis"	"Early_Round_spermatids"	NA	NA	NA	"CL:4030036"	"early spermatid"	"perfect match"	"SN181"	NA	2
"AGCGTATAGCGGATCA"	""	"ERX6700418"	"ERP132580"	"testis"	"Elongated_spermatids"	NA	NA	NA	"CL:4030037"	"late spermatid"	"perfect match"	"SN181"	NA	4
"AGCGTATCAATGACCT"	""	"ERX6700418"	"ERP132580"	"testis"	"Undifferentiated_Spermatogonia"	NA	NA	NA	"CL:0000016"	"male germ line stem cell"	"other"	"SN181"	NA	1
"AGCGTATGTCTAGGTT"	""	"ERX6700418"	"ERP132580"	"testis"	"Undifferentiated_Spermatogonia"	NA	NA	NA	"CL:0000016"	"male germ line stem cell"	"other"	"SN181"	NA	1
"AGCGTATTCACGACTA"	""	"ERX6700418"	"ERP132580"	"testis"	"Pachytene_Spermatocytes"	NA	NA	NA	"CL:0000017"	"spermatocyte"	"missing child term"	"SN181"	NA	6
"AGCGTATTCGGATGGA"	""	"ERX6700418"	"ERP132580"	"testis"	"Undifferentiated_Spermatogonia"	NA	NA	NA	"CL:0000016"	"male germ line stem cell"	"other"	"SN181"	NA	1
"AGCGTCGAGGACTGGT"	""	"ERX6700418"	"ERP132580"	"testis"	"Pachytene_Spermatocytes"	NA	NA	NA	"CL:0000017"	"spermatocyte"	"missing child term"	"SN181"	NA	6
"AGCGTCGTCCACGCAG"	""	"ERX6700418"	"ERP132580"	"testis"	"Zygotene_Spermatocytes"	NA	NA	NA	"CL:0000017"	"spermatocyte"	"missing child term"	"SN181"	NA	11
"AGCTCCTAGATCCTGT"	""	"ERX6700418"	"ERP132580"	"testis"	"Other_somatic"	NA	NA	NA	"CL:0002371"	"somatic cell"	"perfect match"	"SN181"	NA	3
"AGCTCCTAGTACGTTC"	""	"ERX6700418"	"ERP132580"	"testis"	"Pachytene_Spermatocytes"	NA	NA	NA	"CL:0000017"	"spermatocyte"	"missing child term"	"SN181"	NA	6
"AGCTCCTAGTCTTGCA"	""	"ERX6700418"	"ERP132580"	"testis"	"Elongated_spermatids"	NA	NA	NA	"CL:4030037"	"late spermatid"	"perfect match"	"SN181"	NA	4
"AGCTCCTCAATCAGAA"	""	"ERX6700418"	"ERP132580"	"testis"	"Pachytene_Spermatocytes"	NA	NA	NA	"CL:0000017"	"spermatocyte"	"missing child term"	"SN181"	NA	6
"AGCTCCTGTACTTCTT"	""	"ERX6700418"	"ERP132580"	"testis"	"Differentiated_Spermatogonia"	NA	NA	NA	"CL:0000020"	"spermatogonium"	"perfect match"	"SN181"	NA	9
"AGCTCCTGTATGCTTG"	""	"ERX6700418"	"ERP132580"	"testis"	"Pachytene_Spermatocytes"	NA	NA	NA	"CL:0000017"	"spermatocyte"	"missing child term"	"SN181"	NA	6
"AGCTCCTGTCATATGC"	""	"ERX6700418"	"ERP132580"	"testis"	"Sertoli"	NA	NA	NA	"CL:0000216"	"Sertoli cell"	"perfect match"	"SN181"	NA	8
"AGCTCCTGTGATGTCT"	""	"ERX6700418"	"ERP132580"	"testis"	"Zygotene_Spermatocytes"	NA	NA	NA	"CL:0000017"	"spermatocyte"	"missing child term"	"SN181"	NA	11
"AGCTCCTTCAAGGTAA"	""	"ERX6700418"	"ERP132580"	"testis"	"Pachytene_Spermatocytes"	NA	NA	NA	"CL:0000017"	"spermatocyte"	"missing child term"	"SN181"	NA	6
"AGCTCCTTCAGCGACC"	""	"ERX6700418"	"ERP132580"	"testis"	"Pachytene_Spermatocytes"	NA	NA	NA	"CL:0000017"	"spermatocyte"	"missing child term"	"SN181"	NA	6
"AGCTCTCAGTGGAGAA"	""	"ERX6700418"	"ERP132580"	"testis"	"Late_Round_spermatids"	NA	NA	NA	"CL:4030036"	"early spermatid"	"other"	"SN181"	NA	5
"AGCTCTCCATATGGTC"	""	"ERX6700418"	"ERP132580"	"testis"	"Undifferentiated_Spermatogonia"	NA	NA	NA	"CL:0000016"	"male germ line stem cell"	"other"	"SN181"	NA	1
"AGCTCTCCATGGATGG"	""	"ERX6700418"	"ERP132580"	"testis"	"Late_Round_spermatids"	NA	NA	NA	"CL:4030036"	"early spermatid"	"other"	"SN181"	NA	5
"AGCTCTCGTAAGTAGT"	""	"ERX6700418"	"ERP132580"	"testis"	"Leptotene_Spermatocytes"	NA	NA	NA	"CL:0000017"	"spermatocyte"	"missing child term"	"SN181"	NA	7
"AGCTCTCTCGGAAATA"	""	"ERX6700418"	"ERP132580"	"testis"	"Undifferentiated_Spermatogonia"	NA	NA	NA	"CL:0000016"	"male germ line stem cell"	"other"	"SN181"	NA	1
"AGCTTGAAGTAGTGCG"	""	"ERX6700418"	"ERP132580"	"testis"	"Late_Round_spermatids"	NA	NA	NA	"CL:4030036"	"early spermatid"	"other"	"SN181"	NA	5
"AGCTTGAGTTCAGGCC"	""	"ERX6700418"	"ERP132580"	"testis"	"Undifferentiated_Spermatogonia"	NA	NA	NA	"CL:0000016"	"male germ line stem cell"	"other"	"SN181"	NA	1
"AGCTTGATCCATGAAC"	""	"ERX6700418"	"ERP132580"	"testis"	"Elongated_spermatids"	NA	NA	NA	"CL:4030037"	"late spermatid"	"perfect match"	"SN181"	NA	4
"AGCTTGATCTGCCAGG"	""	"ERX6700418"	"ERP132580"	"testis"	"Early_Round_spermatids"	NA	NA	NA	"CL:4030036"	"early spermatid"	"perfect match"	"SN181"	NA	2
"AGGCCACAGGACATTA"	""	"ERX6700418"	"ERP132580"	"testis"	"Pachytene_Spermatocytes"	NA	NA	NA	"CL:0000017"	"spermatocyte"	"missing child term"	"SN181"	NA	6
"AGGCCACAGTAGATGT"	""	"ERX6700418"	"ERP132580"	"testis"	"Other_somatic"	NA	NA	NA	"CL:0002371"	"somatic cell"	"perfect match"	"SN181"	NA	3
"AGGCCACGTATCGCAT"	""	"ERX6700418"	"ERP132580"	"testis"	"Pachytene_Spermatocytes"	NA	NA	NA	"CL:0000017"	"spermatocyte"	"missing child term"	"SN181"	NA	6
"AGGCCACGTTAAAGTG"	""	"ERX6700418"	"ERP132580"	"testis"	"Sertoli"	NA	NA	NA	"CL:0000216"	"Sertoli cell"	"perfect match"	"SN181"	NA	8
"AGGCCACTCAGAGGTG"	""	"ERX6700418"	"ERP132580"	"testis"	"Pachytene_Spermatocytes"	NA	NA	NA	"CL:0000017"	"spermatocyte"	"missing child term"	"SN181"	NA	6
"AGGCCACTCATCATTC"	""	"ERX6700418"	"ERP132580"	"testis"	"Differentiated_Spermatogonia"	NA	NA	NA	"CL:0000020"	"spermatogonium"	"perfect match"	"SN181"	NA	9
"AGGCCACTCCCGACTT"	""	"ERX6700418"	"ERP132580"	"testis"	"Pachytene_Spermatocytes"	NA	NA	NA	"CL:0000017"	"spermatocyte"	"missing child term"	"SN181"	NA	6
"AGGCCACTCGCCAGCA"	""	"ERX6700418"	"ERP132580"	"testis"	"Elongated_spermatids"	NA	NA	NA	"CL:4030037"	"late spermatid"	"perfect match"	"SN181"	NA	4
"AGGCCGTAGAAAGTGG"	""	"ERX6700418"	"ERP132580"	"testis"	"Early_Round_spermatids"	NA	NA	NA	"CL:4030036"	"early spermatid"	"perfect match"	"SN181"	NA	2
"AGGCCGTAGGTCATCT"	""	"ERX6700418"	"ERP132580"	"testis"	"Sertoli"	NA	NA	NA	"CL:0000216"	"Sertoli cell"	"perfect match"	"SN181"	NA	8
"AGGCCGTCAGTATGCT"	""	"ERX6700418"	"ERP132580"	"testis"	"Pachytene_Spermatocytes"	NA	NA	NA	"CL:0000017"	"spermatocyte"	"missing child term"	"SN181"	NA	6
"AGGCCGTTCATAACCG"	""	"ERX6700418"	"ERP132580"	"testis"	"Differentiated_Spermatogonia"	NA	NA	NA	"CL:0000020"	"spermatogonium"	"perfect match"	"SN181"	NA	9
"AGGCCGTTCCACGTTC"	""	"ERX6700418"	"ERP132580"	"testis"	"Other_somatic"	NA	NA	NA	"CL:0002371"	"somatic cell"	"perfect match"	"SN181"	NA	3
"AGGGAGTGTAGAGTGC"	""	"ERX6700418"	"ERP132580"	"testis"	"Elongated_spermatids"	NA	NA	NA	"CL:4030037"	"late spermatid"	"perfect match"	"SN181"	NA	4
"AGGGAGTGTCGCATAT"	""	"ERX6700418"	"ERP132580"	"testis"	"Pachytene_Spermatocytes"	NA	NA	NA	"CL:0000017"	"spermatocyte"	"missing child term"	"SN181"	NA	6
"AGGGAGTGTGAGGGTT"	""	"ERX6700418"	"ERP132580"	"testis"	"Elongated_spermatids"	NA	NA	NA	"CL:4030037"	"late spermatid"	"perfect match"	"SN181"	NA	4
"AGGGAGTTCCGTAGGC"	""	"ERX6700418"	"ERP132580"	"testis"	"Early_Round_spermatids"	NA	NA	NA	"CL:4030036"	"early spermatid"	"perfect match"	"SN181"	NA	2
"AGGGAGTTCGGATGGA"	""	"ERX6700418"	"ERP132580"	"testis"	"Leptotene_Spermatocytes"	NA	NA	NA	"CL:0000017"	"spermatocyte"	"missing child term"	"SN181"	NA	7
"AGGGATGAGACGCAAC"	""	"ERX6700418"	"ERP132580"	"testis"	"Pachytene_Spermatocytes"	NA	NA	NA	"CL:0000017"	"spermatocyte"	"missing child term"	"SN181"	NA	6
"AGGGATGAGATGGCGT"	""	"ERX6700418"	"ERP132580"	"testis"	"Zygotene_Spermatocytes"	NA	NA	NA	"CL:0000017"	"spermatocyte"	"missing child term"	"SN181"	NA	11
"AGGGATGCAACACCTA"	""	"ERX6700418"	"ERP132580"	"testis"	"Late_Round_spermatids"	NA	NA	NA	"CL:4030036"	"early spermatid"	"other"	"SN181"	NA	5
"AGGGATGCAGCGAACA"	""	"ERX6700418"	"ERP132580"	"testis"	"Elongated_spermatids"	NA	NA	NA	"CL:4030037"	"late spermatid"	"perfect match"	"SN181"	NA	4
"AGGGATGTCGGTGTTA"	""	"ERX6700418"	"ERP132580"	"testis"	"Elongated_spermatids"	NA	NA	NA	"CL:4030037"	"late spermatid"	"perfect match"	"SN181"	NA	4
"AGGGATGTCTACCTGC"	""	"ERX6700418"	"ERP132580"	"testis"	"Other_somatic"	NA	NA	NA	"CL:0002371"	"somatic cell"	"perfect match"	"SN181"	NA	3
"AGGGTGAAGAGAGCTC"	""	"ERX6700418"	"ERP132580"	"testis"	"Leptotene_Spermatocytes"	NA	NA	NA	"CL:0000017"	"spermatocyte"	"missing child term"	"SN181"	NA	7
"AGGGTGAAGGCTAGGT"	""	"ERX6700418"	"ERP132580"	"testis"	"Late_Round_spermatids"	NA	NA	NA	"CL:4030036"	"early spermatid"	"other"	"SN181"	NA	5
"AGGGTGAAGTAAGTAC"	""	"ERX6700418"	"ERP132580"	"testis"	"Early_Round_spermatids"	NA	NA	NA	"CL:4030036"	"early spermatid"	"perfect match"	"SN181"	NA	2
"AGGGTGAAGTACTTGC"	""	"ERX6700418"	"ERP132580"	"testis"	"Leptotene_Spermatocytes"	NA	NA	NA	"CL:0000017"	"spermatocyte"	"missing child term"	"SN181"	NA	7
"AGGGTGACACCATCCT"	""	"ERX6700418"	"ERP132580"	"testis"	"Elongated_spermatids"	NA	NA	NA	"CL:4030037"	"late spermatid"	"perfect match"	"SN181"	NA	4
"AGGGTGACACTCGACG"	""	"ERX6700418"	"ERP132580"	"testis"	"Elongated_spermatids"	NA	NA	NA	"CL:4030037"	"late spermatid"	"perfect match"	"SN181"	NA	4
"AGGGTGATCACAACGT"	""	"ERX6700418"	"ERP132580"	"testis"	"Late_Round_spermatids"	NA	NA	NA	"CL:4030036"	"early spermatid"	"other"	"SN181"	NA	5
"AGGGTGATCCTGCTTG"	""	"ERX6700418"	"ERP132580"	"testis"	"Differentiated_Spermatogonia"	NA	NA	NA	"CL:0000020"	"spermatogonium"	"perfect match"	"SN181"	NA	9
"AGGGTGATCCTTGACC"	""	"ERX6700418"	"ERP132580"	"testis"	"Late_Round_spermatids"	NA	NA	NA	"CL:4030036"	"early spermatid"	"other"	"SN181"	NA	5
"AGGGTGATCGAGGTAG"	""	"ERX6700418"	"ERP132580"	"testis"	"Leptotene_Spermatocytes"	NA	NA	NA	"CL:0000017"	"spermatocyte"	"missing child term"	"SN181"	NA	7
"AGGTCATCAAGCTGTT"	""	"ERX6700418"	"ERP132580"	"testis"	"Pachytene_Spermatocytes"	NA	NA	NA	"CL:0000017"	"spermatocyte"	"missing child term"	"SN181"	NA	6
"AGGTCATGTAAGGGCT"	""	"ERX6700418"	"ERP132580"	"testis"	"Differentiated_Spermatogonia"	NA	NA	NA	"CL:0000020"	"spermatogonium"	"perfect match"	"SN181"	NA	9
"AGGTCATGTCATCCCT"	""	"ERX6700418"	"ERP132580"	"testis"	"Elongated_spermatids"	NA	NA	NA	"CL:4030037"	"late spermatid"	"perfect match"	"SN181"	NA	4
"AGGTCATGTTACCAGT"	""	"ERX6700418"	"ERP132580"	"testis"	"Differentiated_Spermatogonia"	NA	NA	NA	"CL:0000020"	"spermatogonium"	"perfect match"	"SN181"	NA	9
"AGGTCCGAGATAGGAG"	""	"ERX6700418"	"ERP132580"	"testis"	"Differentiated_Spermatogonia"	NA	NA	NA	"CL:0000020"	"spermatogonium"	"perfect match"	"SN181"	NA	9
"AGGTCCGAGCCCAATT"	""	"ERX6700418"	"ERP132580"	"testis"	"Leptotene_Spermatocytes"	NA	NA	NA	"CL:0000017"	"spermatocyte"	"missing child term"	"SN181"	NA	7
"AGGTCCGCACCCATTC"	""	"ERX6700418"	"ERP132580"	"testis"	"Late_Round_spermatids"	NA	NA	NA	"CL:4030036"	"early spermatid"	"other"	"SN181"	NA	5
"AGGTCCGCACGGACAA"	""	"ERX6700418"	"ERP132580"	"testis"	"Elongated_spermatids"	NA	NA	NA	"CL:4030037"	"late spermatid"	"perfect match"	"SN181"	NA	4
"AGGTCCGCATTGTGCA"	""	"ERX6700418"	"ERP132580"	"testis"	"Other_somatic"	NA	NA	NA	"CL:0002371"	"somatic cell"	"perfect match"	"SN181"	NA	3
"AGGTCCGTCGTACGGC"	""	"ERX6700418"	"ERP132580"	"testis"	"Sertoli"	NA	NA	NA	"CL:0000216"	"Sertoli cell"	"perfect match"	"SN181"	NA	8
"AGTAGTCCACAGTCGC"	""	"ERX6700418"	"ERP132580"	"testis"	"Elongated_spermatids"	NA	NA	NA	"CL:4030037"	"late spermatid"	"perfect match"	"SN181"	NA	4
"AGTAGTCCATCCTAGA"	""	"ERX6700418"	"ERP132580"	"testis"	"Elongated_spermatids"	NA	NA	NA	"CL:4030037"	"late spermatid"	"perfect match"	"SN181"	NA	4
"AGTAGTCGTAAATACG"	""	"ERX6700418"	"ERP132580"	"testis"	"Elongated_spermatids"	NA	NA	NA	"CL:4030037"	"late spermatid"	"perfect match"	"SN181"	NA	4
"AGTAGTCGTACAGTTC"	""	"ERX6700418"	"ERP132580"	"testis"	"Other_somatic"	NA	NA	NA	"CL:0002371"	"somatic cell"	"perfect match"	"SN181"	NA	3
"AGTAGTCGTAGGCATG"	""	"ERX6700418"	"ERP132580"	"testis"	"Early_Round_spermatids"	NA	NA	NA	"CL:4030036"	"early spermatid"	"perfect match"	"SN181"	NA	2
"AGTCTTTAGCCACCTG"	""	"ERX6700418"	"ERP132580"	"testis"	"Other_somatic"	NA	NA	NA	"CL:0002371"	"somatic cell"	"perfect match"	"SN181"	NA	3
"AGTCTTTCAAGGTGTG"	""	"ERX6700418"	"ERP132580"	"testis"	"Undifferentiated_Spermatogonia"	NA	NA	NA	"CL:0000016"	"male germ line stem cell"	"other"	"SN181"	NA	1
"AGTCTTTTCAGTTAGC"	""	"ERX6700418"	"ERP132580"	"testis"	"Pachytene_Spermatocytes"	NA	NA	NA	"CL:0000017"	"spermatocyte"	"missing child term"	"SN181"	NA	6
"AGTCTTTTCTACCTGC"	""	"ERX6700418"	"ERP132580"	"testis"	"Zygotene_Spermatocytes"	NA	NA	NA	"CL:0000017"	"spermatocyte"	"missing child term"	"SN181"	NA	11
"AGTCTTTTCTGAGGGA"	""	"ERX6700418"	"ERP132580"	"testis"	"Early_Round_spermatids"	NA	NA	NA	"CL:4030036"	"early spermatid"	"perfect match"	"SN181"	NA	2
"AGTGAGGAGAGACGAA"	""	"ERX6700418"	"ERP132580"	"testis"	"Pachytene_Spermatocytes"	NA	NA	NA	"CL:0000017"	"spermatocyte"	"missing child term"	"SN181"	NA	6
"AGTGAGGCACCAGGCT"	""	"ERX6700418"	"ERP132580"	"testis"	"Leptotene_Spermatocytes"	NA	NA	NA	"CL:0000017"	"spermatocyte"	"missing child term"	"SN181"	NA	7
"AGTGAGGCAGGACCCT"	""	"ERX6700418"	"ERP132580"	"testis"	"Zygotene_Spermatocytes"	NA	NA	NA	"CL:0000017"	"spermatocyte"	"missing child term"	"SN181"	NA	11
"AGTGAGGCAGTATAAG"	""	"ERX6700418"	"ERP132580"	"testis"	"Pachytene_Spermatocytes"	NA	NA	NA	"CL:0000017"	"spermatocyte"	"missing child term"	"SN181"	NA	6
"AGTGAGGTCCGCATAA"	""	"ERX6700418"	"ERP132580"	"testis"	"Pachytene_Spermatocytes"	NA	NA	NA	"CL:0000017"	"spermatocyte"	"missing child term"	"SN181"	NA	6
"AGTGAGGTCGGACAAG"	""	"ERX6700418"	"ERP132580"	"testis"	"Sertoli"	NA	NA	NA	"CL:0000216"	"Sertoli cell"	"perfect match"	"SN181"	NA	8
"AGTGAGGTCGGTGTTA"	""	"ERX6700418"	"ERP132580"	"testis"	"Sertoli"	NA	NA	NA	"CL:0000216"	"Sertoli cell"	"perfect match"	"SN181"	NA	8
"AGTGGGAAGGTTCCTA"	""	"ERX6700418"	"ERP132580"	"testis"	"Pachytene_Spermatocytes"	NA	NA	NA	"CL:0000017"	"spermatocyte"	"missing child term"	"SN181"	NA	6
"AGTGGGACAAGCTGGA"	""	"ERX6700418"	"ERP132580"	"testis"	"Undifferentiated_Spermatogonia"	NA	NA	NA	"CL:0000016"	"male germ line stem cell"	"other"	"SN181"	NA	1
"AGTGGGACAATGGATA"	""	"ERX6700418"	"ERP132580"	"testis"	"Elongated_spermatids"	NA	NA	NA	"CL:4030037"	"late spermatid"	"perfect match"	"SN181"	NA	4
"AGTGGGACATCGACGC"	""	"ERX6700418"	"ERP132580"	"testis"	"Late_Round_spermatids"	NA	NA	NA	"CL:4030036"	"early spermatid"	"other"	"SN181"	NA	5
"AGTGGGAGTTGCCTCT"	""	"ERX6700418"	"ERP132580"	"testis"	"Undifferentiated_Spermatogonia"	NA	NA	NA	"CL:0000016"	"male germ line stem cell"	"other"	"SN181"	NA	1
"AGTGGGATCACTATTC"	""	"ERX6700418"	"ERP132580"	"testis"	"Pachytene_Spermatocytes"	NA	NA	NA	"CL:0000017"	"spermatocyte"	"missing child term"	"SN181"	NA	6
"AGTGTCAAGACAGGCT"	""	"ERX6700418"	"ERP132580"	"testis"	"Sertoli"	NA	NA	NA	"CL:0000216"	"Sertoli cell"	"perfect match"	"SN181"	NA	8
"AGTGTCAAGCGTTGCC"	""	"ERX6700418"	"ERP132580"	"testis"	"Elongated_spermatids"	NA	NA	NA	"CL:4030037"	"late spermatid"	"perfect match"	"SN181"	NA	4
"AGTGTCAAGTCAAGGC"	""	"ERX6700418"	"ERP132580"	"testis"	"Sertoli"	NA	NA	NA	"CL:0000216"	"Sertoli cell"	"perfect match"	"SN181"	NA	8
"AGTGTCAAGTTTCCTT"	""	"ERX6700418"	"ERP132580"	"testis"	"Late_Round_spermatids"	NA	NA	NA	"CL:4030036"	"early spermatid"	"other"	"SN181"	NA	5
"AGTGTCACACGCTTTC"	""	"ERX6700418"	"ERP132580"	"testis"	"Late_Round_spermatids"	NA	NA	NA	"CL:4030036"	"early spermatid"	"other"	"SN181"	NA	5
"AGTGTCACATCACAAC"	""	"ERX6700418"	"ERP132580"	"testis"	"Early_Round_spermatids"	NA	NA	NA	"CL:4030036"	"early spermatid"	"perfect match"	"SN181"	NA	2
"AGTGTCAGTATAATGG"	""	"ERX6700418"	"ERP132580"	"testis"	"Elongated_spermatids"	NA	NA	NA	"CL:4030037"	"late spermatid"	"perfect match"	"SN181"	NA	4
"AGTGTCAGTCATACTG"	""	"ERX6700418"	"ERP132580"	"testis"	"Sertoli"	NA	NA	NA	"CL:0000216"	"Sertoli cell"	"perfect match"	"SN181"	NA	8
"AGTGTCAGTCGCTTTC"	""	"ERX6700418"	"ERP132580"	"testis"	"Zygotene_Spermatocytes"	NA	NA	NA	"CL:0000017"	"spermatocyte"	"missing child term"	"SN181"	NA	11
"AGTGTCAGTGCACTTA"	""	"ERX6700418"	"ERP132580"	"testis"	"Late_Round_spermatids"	NA	NA	NA	"CL:4030036"	"early spermatid"	"other"	"SN181"	NA	5
"AGTGTCAGTGTGCGTC"	""	"ERX6700418"	"ERP132580"	"testis"	"Undifferentiated_Spermatogonia"	NA	NA	NA	"CL:0000016"	"male germ line stem cell"	"other"	"SN181"	NA	1
"AGTGTCAGTTTGACAC"	""	"ERX6700418"	"ERP132580"	"testis"	"Elongated_spermatids"	NA	NA	NA	"CL:4030037"	"late spermatid"	"perfect match"	"SN181"	NA	4
"AGTTGGTAGAGCTGGT"	""	"ERX6700418"	"ERP132580"	"testis"	"Differentiated_Spermatogonia"	NA	NA	NA	"CL:0000020"	"spermatogonium"	"perfect match"	"SN181"	NA	9
"AGTTGGTAGGTGGGTT"	""	"ERX6700418"	"ERP132580"	"testis"	"Elongated_spermatids"	NA	NA	NA	"CL:4030037"	"late spermatid"	"perfect match"	"SN181"	NA	4
"AGTTGGTGTTACGGAG"	""	"ERX6700418"	"ERP132580"	"testis"	"Early_Round_spermatids"	NA	NA	NA	"CL:4030036"	"early spermatid"	"perfect match"	"SN181"	NA	2
"AGTTGGTGTTTGTTTC"	""	"ERX6700418"	"ERP132580"	"testis"	"Zygotene_Spermatocytes"	NA	NA	NA	"CL:0000017"	"spermatocyte"	"missing child term"	"SN181"	NA	11
"ATAACGCAGCTCTCGG"	""	"ERX6700418"	"ERP132580"	"testis"	"Zygotene_Spermatocytes"	NA	NA	NA	"CL:0000017"	"spermatocyte"	"missing child term"	"SN181"	NA	11
"ATAACGCAGTGTCCAT"	""	"ERX6700418"	"ERP132580"	"testis"	"Differentiated_Spermatogonia"	NA	NA	NA	"CL:0000020"	"spermatogonium"	"perfect match"	"SN181"	NA	9
"ATAACGCAGTGTCTCA"	""	"ERX6700418"	"ERP132580"	"testis"	"Zygotene_Spermatocytes"	NA	NA	NA	"CL:0000017"	"spermatocyte"	"missing child term"	"SN181"	NA	11
"ATAACGCGTACTTCTT"	""	"ERX6700418"	"ERP132580"	"testis"	"Zygotene_Spermatocytes"	NA	NA	NA	"CL:0000017"	"spermatocyte"	"missing child term"	"SN181"	NA	11
"ATAAGAGAGTACTTGC"	""	"ERX6700418"	"ERP132580"	"testis"	"Elongated_spermatids"	NA	NA	NA	"CL:4030037"	"late spermatid"	"perfect match"	"SN181"	NA	4
"ATAAGAGCATGCAACT"	""	"ERX6700418"	"ERP132580"	"testis"	"Zygotene_Spermatocytes"	NA	NA	NA	"CL:0000017"	"spermatocyte"	"missing child term"	"SN181"	NA	11
"ATAAGAGGTAATCACC"	""	"ERX6700418"	"ERP132580"	"testis"	"Leptotene_Spermatocytes"	NA	NA	NA	"CL:0000017"	"spermatocyte"	"missing child term"	"SN181"	NA	7
"ATAAGAGGTACAGACG"	""	"ERX6700418"	"ERP132580"	"testis"	"Elongated_spermatids"	NA	NA	NA	"CL:4030037"	"late spermatid"	"perfect match"	"SN181"	NA	4
"ATAAGAGTCGGAGGTA"	""	"ERX6700418"	"ERP132580"	"testis"	"Zygotene_Spermatocytes"	NA	NA	NA	"CL:0000017"	"spermatocyte"	"missing child term"	"SN181"	NA	11
"ATAGACCAGCTACCGC"	""	"ERX6700418"	"ERP132580"	"testis"	"Early_Round_spermatids"	NA	NA	NA	"CL:4030036"	"early spermatid"	"perfect match"	"SN181"	NA	2
"ATAGACCAGCTGCGAA"	""	"ERX6700418"	"ERP132580"	"testis"	"Elongated_spermatids"	NA	NA	NA	"CL:4030037"	"late spermatid"	"perfect match"	"SN181"	NA	4
"ATAGACCAGGCTACGA"	""	"ERX6700418"	"ERP132580"	"testis"	"Differentiated_Spermatogonia"	NA	NA	NA	"CL:0000020"	"spermatogonium"	"perfect match"	"SN181"	NA	9
"ATAGACCAGGTGTTAA"	""	"ERX6700418"	"ERP132580"	"testis"	"Differentiated_Spermatogonia"	NA	NA	NA	"CL:0000020"	"spermatogonium"	"perfect match"	"SN181"	NA	9
"ATAGACCAGTGCGATG"	""	"ERX6700418"	"ERP132580"	"testis"	"Elongated_spermatids"	NA	NA	NA	"CL:4030037"	"late spermatid"	"perfect match"	"SN181"	NA	4
"ATAGACCCACCAACCG"	""	"ERX6700418"	"ERP132580"	"testis"	"Late_Round_spermatids"	NA	NA	NA	"CL:4030036"	"early spermatid"	"other"	"SN181"	NA	5
"ATAGACCCAGCGTAAG"	""	"ERX6700418"	"ERP132580"	"testis"	"Late_Round_spermatids"	NA	NA	NA	"CL:4030036"	"early spermatid"	"other"	"SN181"	NA	5
"ATAGACCCATCGGGTC"	""	"ERX6700418"	"ERP132580"	"testis"	"Zygotene_Spermatocytes"	NA	NA	NA	"CL:0000017"	"spermatocyte"	"missing child term"	"SN181"	NA	11
"ATAGACCCATGTTCCC"	""	"ERX6700418"	"ERP132580"	"testis"	"Sertoli"	NA	NA	NA	"CL:0000216"	"Sertoli cell"	"perfect match"	"SN181"	NA	8
"ATAGACCGTCATATGC"	""	"ERX6700418"	"ERP132580"	"testis"	"Early_Round_spermatids"	NA	NA	NA	"CL:4030036"	"early spermatid"	"perfect match"	"SN181"	NA	2
"ATAGACCGTTTGCATG"	""	"ERX6700418"	"ERP132580"	"testis"	"Other_somatic"	NA	NA	NA	"CL:0002371"	"somatic cell"	"perfect match"	"SN181"	NA	3
"ATAGACCTCCAGATCA"	""	"ERX6700418"	"ERP132580"	"testis"	"Sertoli"	NA	NA	NA	"CL:0000216"	"Sertoli cell"	"perfect match"	"SN181"	NA	8
"ATAGACCTCGCCTGTT"	""	"ERX6700418"	"ERP132580"	"testis"	"Sertoli"	NA	NA	NA	"CL:0000216"	"Sertoli cell"	"perfect match"	"SN181"	NA	8
"ATCACGAGTAACGTTC"	""	"ERX6700418"	"ERP132580"	"testis"	"Undifferentiated_Spermatogonia"	NA	NA	NA	"CL:0000016"	"male germ line stem cell"	"other"	"SN181"	NA	1
"ATCACGAGTAAGAGAG"	""	"ERX6700418"	"ERP132580"	"testis"	"Differentiated_Spermatogonia"	NA	NA	NA	"CL:0000020"	"spermatogonium"	"perfect match"	"SN181"	NA	9
"ATCACGATCAAACCAC"	""	"ERX6700418"	"ERP132580"	"testis"	"Elongated_spermatids"	NA	NA	NA	"CL:4030037"	"late spermatid"	"perfect match"	"SN181"	NA	4
"ATCACGATCGCGCCAA"	""	"ERX6700418"	"ERP132580"	"testis"	"Leptotene_Spermatocytes"	NA	NA	NA	"CL:0000017"	"spermatocyte"	"missing child term"	"SN181"	NA	7
"ATCACGATCTTACCGC"	""	"ERX6700418"	"ERP132580"	"testis"	"Elongated_spermatids"	NA	NA	NA	"CL:4030037"	"late spermatid"	"perfect match"	"SN181"	NA	4
"ATCATCTAGACACGAC"	""	"ERX6700418"	"ERP132580"	"testis"	"Pachytene_Spermatocytes"	NA	NA	NA	"CL:0000017"	"spermatocyte"	"missing child term"	"SN181"	NA	6
"ATCATCTCACGGTAGA"	""	"ERX6700418"	"ERP132580"	"testis"	"Late_Round_spermatids"	NA	NA	NA	"CL:4030036"	"early spermatid"	"other"	"SN181"	NA	5
"ATCATCTCAGGATTGG"	""	"ERX6700418"	"ERP132580"	"testis"	"Early_Round_spermatids"	NA	NA	NA	"CL:4030036"	"early spermatid"	"perfect match"	"SN181"	NA	2
"ATCATCTTCAGTTGAC"	""	"ERX6700418"	"ERP132580"	"testis"	"Late_Round_spermatids"	NA	NA	NA	"CL:4030036"	"early spermatid"	"other"	"SN181"	NA	5
"ATCATCTTCGAATGGG"	""	"ERX6700418"	"ERP132580"	"testis"	"Undifferentiated_Spermatogonia"	NA	NA	NA	"CL:0000016"	"male germ line stem cell"	"other"	"SN181"	NA	1
"ATCATGGAGACTTGAA"	""	"ERX6700418"	"ERP132580"	"testis"	"Zygotene_Spermatocytes"	NA	NA	NA	"CL:0000017"	"spermatocyte"	"missing child term"	"SN181"	NA	11
"ATCATGGCATTTGCTT"	""	"ERX6700418"	"ERP132580"	"testis"	"Elongated_spermatids"	NA	NA	NA	"CL:4030037"	"late spermatid"	"perfect match"	"SN181"	NA	4
"ATCATGGTCATTGCCC"	""	"ERX6700418"	"ERP132580"	"testis"	"Elongated_spermatids"	NA	NA	NA	"CL:4030037"	"late spermatid"	"perfect match"	"SN181"	NA	4
"ATCATGGTCCCATTTA"	""	"ERX6700418"	"ERP132580"	"testis"	"Pachytene_Spermatocytes"	NA	NA	NA	"CL:0000017"	"spermatocyte"	"missing child term"	"SN181"	NA	6
"ATCATGGTCCTATGTT"	""	"ERX6700418"	"ERP132580"	"testis"	"Differentiated_Spermatogonia"	NA	NA	NA	"CL:0000020"	"spermatogonium"	"perfect match"	"SN181"	NA	9
"ATCATGGTCGCGGATC"	""	"ERX6700418"	"ERP132580"	"testis"	"Early_Round_spermatids"	NA	NA	NA	"CL:4030036"	"early spermatid"	"perfect match"	"SN181"	NA	2
"ATCCACCAGCTGCAAG"	""	"ERX6700418"	"ERP132580"	"testis"	"Late_Round_spermatids"	NA	NA	NA	"CL:4030036"	"early spermatid"	"other"	"SN181"	NA	5
"ATCCACCAGTAGTGCG"	""	"ERX6700418"	"ERP132580"	"testis"	"Elongated_spermatids"	NA	NA	NA	"CL:4030037"	"late spermatid"	"perfect match"	"SN181"	NA	4
"ATCCACCCACATCCGG"	""	"ERX6700418"	"ERP132580"	"testis"	"Early_Round_spermatids"	NA	NA	NA	"CL:4030036"	"early spermatid"	"perfect match"	"SN181"	NA	2
"ATCCACCCACCCTATC"	""	"ERX6700418"	"ERP132580"	"testis"	"Differentiated_Spermatogonia"	NA	NA	NA	"CL:0000020"	"spermatogonium"	"perfect match"	"SN181"	NA	9
"ATCCACCGTAAGAGGA"	""	"ERX6700418"	"ERP132580"	"testis"	"Undifferentiated_Spermatogonia"	NA	NA	NA	"CL:0000016"	"male germ line stem cell"	"other"	"SN181"	NA	1
"ATCCACCTCTCAAACG"	""	"ERX6700418"	"ERP132580"	"testis"	"Sertoli"	NA	NA	NA	"CL:0000216"	"Sertoli cell"	"perfect match"	"SN181"	NA	8
"ATCCGAAAGCTAGTGG"	""	"ERX6700418"	"ERP132580"	"testis"	"Sertoli"	NA	NA	NA	"CL:0000216"	"Sertoli cell"	"perfect match"	"SN181"	NA	8
"ATCCGAACACATGACT"	""	"ERX6700418"	"ERP132580"	"testis"	"Late_Round_spermatids"	NA	NA	NA	"CL:4030036"	"early spermatid"	"other"	"SN181"	NA	5
"ATCCGAAGTCAAAGCG"	""	"ERX6700418"	"ERP132580"	"testis"	"Pachytene_Spermatocytes"	NA	NA	NA	"CL:0000017"	"spermatocyte"	"missing child term"	"SN181"	NA	6
"ATCCGAAGTCCAAGTT"	""	"ERX6700418"	"ERP132580"	"testis"	"Leptotene_Spermatocytes"	NA	NA	NA	"CL:0000017"	"spermatocyte"	"missing child term"	"SN181"	NA	7
"ATCCGAATCATCGATG"	""	"ERX6700418"	"ERP132580"	"testis"	"Early_Round_spermatids"	NA	NA	NA	"CL:4030036"	"early spermatid"	"perfect match"	"SN181"	NA	2
"ATCCGAATCGGTTAAC"	""	"ERX6700418"	"ERP132580"	"testis"	"Elongated_spermatids"	NA	NA	NA	"CL:4030037"	"late spermatid"	"perfect match"	"SN181"	NA	4
"ATCGAGTAGACTGTAA"	""	"ERX6700418"	"ERP132580"	"testis"	"Late_Round_spermatids"	NA	NA	NA	"CL:4030036"	"early spermatid"	"other"	"SN181"	NA	5
"ATCGAGTAGGGATGGG"	""	"ERX6700418"	"ERP132580"	"testis"	"Sertoli"	NA	NA	NA	"CL:0000216"	"Sertoli cell"	"perfect match"	"SN181"	NA	8
"ATCGAGTAGGGTTTCT"	""	"ERX6700418"	"ERP132580"	"testis"	"Elongated_spermatids"	NA	NA	NA	"CL:4030037"	"late spermatid"	"perfect match"	"SN181"	NA	4
"ATCGAGTCAAACGTGG"	""	"ERX6700418"	"ERP132580"	"testis"	"Pachytene_Spermatocytes"	NA	NA	NA	"CL:0000017"	"spermatocyte"	"missing child term"	"SN181"	NA	6
"ATCGAGTCATGACGGA"	""	"ERX6700418"	"ERP132580"	"testis"	"Other_somatic"	NA	NA	NA	"CL:0002371"	"somatic cell"	"perfect match"	"SN181"	NA	3
"ATCGAGTGTAAGAGGA"	""	"ERX6700418"	"ERP132580"	"testis"	"Pachytene_Spermatocytes"	NA	NA	NA	"CL:0000017"	"spermatocyte"	"missing child term"	"SN181"	NA	6
"ATCGAGTTCCTCTAGC"	""	"ERX6700418"	"ERP132580"	"testis"	"Pachytene_Spermatocytes"	NA	NA	NA	"CL:0000017"	"spermatocyte"	"missing child term"	"SN181"	NA	6
"ATCGAGTTCCTTTCGG"	""	"ERX6700418"	"ERP132580"	"testis"	"Other_somatic"	NA	NA	NA	"CL:0002371"	"somatic cell"	"perfect match"	"SN181"	NA	3
"ATCGAGTTCGTCTGCT"	""	"ERX6700418"	"ERP132580"	"testis"	"Pachytene_Spermatocytes"	NA	NA	NA	"CL:0000017"	"spermatocyte"	"missing child term"	"SN181"	NA	6
"ATCTACTAGAAGAAGC"	""	"ERX6700418"	"ERP132580"	"testis"	"Elongated_spermatids"	NA	NA	NA	"CL:4030037"	"late spermatid"	"perfect match"	"SN181"	NA	4
"ATCTACTAGCCACCTG"	""	"ERX6700418"	"ERP132580"	"testis"	"Elongated_spermatids"	NA	NA	NA	"CL:4030037"	"late spermatid"	"perfect match"	"SN181"	NA	4
"ATCTACTAGCTGTTCA"	""	"ERX6700418"	"ERP132580"	"testis"	"Early_Round_spermatids"	NA	NA	NA	"CL:4030036"	"early spermatid"	"perfect match"	"SN181"	NA	2
"ATCTACTAGGCCCGTT"	""	"ERX6700418"	"ERP132580"	"testis"	"Leptotene_Spermatocytes"	NA	NA	NA	"CL:0000017"	"spermatocyte"	"missing child term"	"SN181"	NA	7
"ATCTACTCACAAGCCC"	""	"ERX6700418"	"ERP132580"	"testis"	"Late_Round_spermatids"	NA	NA	NA	"CL:4030036"	"early spermatid"	"other"	"SN181"	NA	5
"ATCTACTCACAGCCCA"	""	"ERX6700418"	"ERP132580"	"testis"	"Differentiated_Spermatogonia"	NA	NA	NA	"CL:0000020"	"spermatogonium"	"perfect match"	"SN181"	NA	9
"ATCTACTGTAGAGGAA"	""	"ERX6700418"	"ERP132580"	"testis"	"Differentiated_Spermatogonia"	NA	NA	NA	"CL:0000020"	"spermatogonium"	"perfect match"	"SN181"	NA	9
"ATCTACTGTTCCACGG"	""	"ERX6700418"	"ERP132580"	"testis"	"Elongated_spermatids"	NA	NA	NA	"CL:4030037"	"late spermatid"	"perfect match"	"SN181"	NA	4
"ATCTGCCCAAGACGTG"	""	"ERX6700418"	"ERP132580"	"testis"	"Sertoli"	NA	NA	NA	"CL:0000216"	"Sertoli cell"	"perfect match"	"SN181"	NA	8
"ATCTGCCGTCCGAAGA"	""	"ERX6700418"	"ERP132580"	"testis"	"Undifferentiated_Spermatogonia"	NA	NA	NA	"CL:0000016"	"male germ line stem cell"	"other"	"SN181"	NA	1
"ATCTGCCTCATTGCGA"	""	"ERX6700418"	"ERP132580"	"testis"	"Late_Round_spermatids"	NA	NA	NA	"CL:4030036"	"early spermatid"	"other"	"SN181"	NA	5
"ATCTGCCTCCGGCACA"	""	"ERX6700418"	"ERP132580"	"testis"	""	NA	NA	NA	"CL:0000000"	"cell"	"other"	"SN181"	NA	10
"ATCTGCCTCGCATGAT"	""	"ERX6700418"	"ERP132580"	"testis"	"Late_Round_spermatids"	NA	NA	NA	"CL:4030036"	"early spermatid"	"other"	"SN181"	NA	5
"ATCTGCCTCGCTAGCG"	""	"ERX6700418"	"ERP132580"	"testis"	"Sertoli"	NA	NA	NA	"CL:0000216"	"Sertoli cell"	"perfect match"	"SN181"	NA	8
"ATGAGGGAGCGTCAAG"	""	"ERX6700418"	"ERP132580"	"testis"	"Differentiated_Spermatogonia"	NA	NA	NA	"CL:0000020"	"spermatogonium"	"perfect match"	"SN181"	NA	9
"ATGAGGGAGGAGTTTA"	""	"ERX6700418"	"ERP132580"	"testis"	"Late_Round_spermatids"	NA	NA	NA	"CL:4030036"	"early spermatid"	"other"	"SN181"	NA	5
"ATGAGGGCATCATCCC"	""	"ERX6700418"	"ERP132580"	"testis"	"Pachytene_Spermatocytes"	NA	NA	NA	"CL:0000017"	"spermatocyte"	"missing child term"	"SN181"	NA	6
"ATGAGGGCATGTAAGA"	""	"ERX6700418"	"ERP132580"	"testis"	"Early_Round_spermatids"	NA	NA	NA	"CL:4030036"	"early spermatid"	"perfect match"	"SN181"	NA	2
"ATGAGGGGTGCACGAA"	""	"ERX6700418"	"ERP132580"	"testis"	"Sertoli"	NA	NA	NA	"CL:0000216"	"Sertoli cell"	"perfect match"	"SN181"	NA	8
"ATGAGGGGTGCGAAAC"	""	"ERX6700418"	"ERP132580"	"testis"	""	NA	NA	NA	"CL:0000000"	"cell"	"other"	"SN181"	NA	10
"ATGAGGGTCAGTTTGG"	""	"ERX6700418"	"ERP132580"	"testis"	"Late_Round_spermatids"	NA	NA	NA	"CL:4030036"	"early spermatid"	"other"	"SN181"	NA	5
"ATGAGGGTCTAACGGT"	""	"ERX6700418"	"ERP132580"	"testis"	"Differentiated_Spermatogonia"	NA	NA	NA	"CL:0000020"	"spermatogonium"	"perfect match"	"SN181"	NA	9
"ATGCGATAGGACTGGT"	""	"ERX6700418"	"ERP132580"	"testis"	"Sertoli"	NA	NA	NA	"CL:0000216"	"Sertoli cell"	"perfect match"	"SN181"	NA	8
"ATGCGATAGTGGGATC"	""	"ERX6700418"	"ERP132580"	"testis"	"Leptotene_Spermatocytes"	NA	NA	NA	"CL:0000017"	"spermatocyte"	"missing child term"	"SN181"	NA	7
"ATGCGATCAACTGCTA"	""	"ERX6700418"	"ERP132580"	"testis"	"Sertoli"	NA	NA	NA	"CL:0000216"	"Sertoli cell"	"perfect match"	"SN181"	NA	8
"ATGCGATCACAGGAGT"	""	"ERX6700418"	"ERP132580"	"testis"	"Sertoli"	NA	NA	NA	"CL:0000216"	"Sertoli cell"	"perfect match"	"SN181"	NA	8
"ATGCGATGTCATTAGC"	""	"ERX6700418"	"ERP132580"	"testis"	"Undifferentiated_Spermatogonia"	NA	NA	NA	"CL:0000016"	"male germ line stem cell"	"other"	"SN181"	NA	1
"ATGGGAGAGACCCACC"	""	"ERX6700418"	"ERP132580"	"testis"	"Sertoli"	NA	NA	NA	"CL:0000216"	"Sertoli cell"	"perfect match"	"SN181"	NA	8
"ATGGGAGAGAGCCTAG"	""	"ERX6700418"	"ERP132580"	"testis"	"Sertoli"	NA	NA	NA	"CL:0000216"	"Sertoli cell"	"perfect match"	"SN181"	NA	8
"ATGGGAGAGTGAATTG"	""	"ERX6700418"	"ERP132580"	"testis"	"Pachytene_Spermatocytes"	NA	NA	NA	"CL:0000017"	"spermatocyte"	"missing child term"	"SN181"	NA	6
"ATGGGAGAGTGACATA"	""	"ERX6700418"	"ERP132580"	"testis"	"Late_Round_spermatids"	NA	NA	NA	"CL:4030036"	"early spermatid"	"other"	"SN181"	NA	5
"ATGGGAGCACCACGTG"	""	"ERX6700418"	"ERP132580"	"testis"	"Elongated_spermatids"	NA	NA	NA	"CL:4030037"	"late spermatid"	"perfect match"	"SN181"	NA	4
"ATGGGAGGTATAGGTA"	""	"ERX6700418"	"ERP132580"	"testis"	"Elongated_spermatids"	NA	NA	NA	"CL:4030037"	"late spermatid"	"perfect match"	"SN181"	NA	4
"ATGGGAGGTGCGAAAC"	""	"ERX6700418"	"ERP132580"	"testis"	"Elongated_spermatids"	NA	NA	NA	"CL:4030037"	"late spermatid"	"perfect match"	"SN181"	NA	4
"ATGGGAGGTTAAGAAC"	""	"ERX6700418"	"ERP132580"	"testis"	"Leptotene_Spermatocytes"	NA	NA	NA	"CL:0000017"	"spermatocyte"	"missing child term"	"SN181"	NA	7
"ATGGGAGTCAACTCTT"	""	"ERX6700418"	"ERP132580"	"testis"	"Differentiated_Spermatogonia"	NA	NA	NA	"CL:0000020"	"spermatogonium"	"perfect match"	"SN181"	NA	9
"ATGGGAGTCAGTTAGC"	""	"ERX6700418"	"ERP132580"	"testis"	"Pachytene_Spermatocytes"	NA	NA	NA	"CL:0000017"	"spermatocyte"	"missing child term"	"SN181"	NA	6
"ATGGGAGTCGCCAGCA"	""	"ERX6700418"	"ERP132580"	"testis"	"Elongated_spermatids"	NA	NA	NA	"CL:4030037"	"late spermatid"	"perfect match"	"SN181"	NA	4
"ATGTGTGAGACAGGCT"	""	"ERX6700418"	"ERP132580"	"testis"	"Undifferentiated_Spermatogonia"	NA	NA	NA	"CL:0000016"	"male germ line stem cell"	"other"	"SN181"	NA	1
"ATGTGTGCAAGAGGCT"	""	"ERX6700418"	"ERP132580"	"testis"	"Elongated_spermatids"	NA	NA	NA	"CL:4030037"	"late spermatid"	"perfect match"	"SN181"	NA	4
"ATGTGTGCAGTGAGTG"	""	"ERX6700418"	"ERP132580"	"testis"	"Early_Round_spermatids"	NA	NA	NA	"CL:4030036"	"early spermatid"	"perfect match"	"SN181"	NA	2
"ATGTGTGGTAAGTGTA"	""	"ERX6700418"	"ERP132580"	"testis"	"Zygotene_Spermatocytes"	NA	NA	NA	"CL:0000017"	"spermatocyte"	"missing child term"	"SN181"	NA	11
"ATGTGTGGTCTAGCGC"	""	"ERX6700418"	"ERP132580"	"testis"	"Early_Round_spermatids"	NA	NA	NA	"CL:4030036"	"early spermatid"	"perfect match"	"SN181"	NA	2
"ATGTGTGGTGTGAATA"	""	"ERX6700418"	"ERP132580"	"testis"	"Early_Round_spermatids"	NA	NA	NA	"CL:4030036"	"early spermatid"	"perfect match"	"SN181"	NA	2
"ATGTGTGTCATTTGGG"	""	"ERX6700418"	"ERP132580"	"testis"	"Pachytene_Spermatocytes"	NA	NA	NA	"CL:0000017"	"spermatocyte"	"missing child term"	"SN181"	NA	6
"ATTACTCAGACTGGGT"	""	"ERX6700418"	"ERP132580"	"testis"	"Sertoli"	NA	NA	NA	"CL:0000216"	"Sertoli cell"	"perfect match"	"SN181"	NA	8
"ATTACTCAGCAAATCA"	""	"ERX6700418"	"ERP132580"	"testis"	"Elongated_spermatids"	NA	NA	NA	"CL:4030037"	"late spermatid"	"perfect match"	"SN181"	NA	4
"ATTACTCAGCGTGTCC"	""	"ERX6700418"	"ERP132580"	"testis"	"Early_Round_spermatids"	NA	NA	NA	"CL:4030036"	"early spermatid"	"perfect match"	"SN181"	NA	2
"ATTACTCAGCTGATAA"	""	"ERX6700418"	"ERP132580"	"testis"	"Other_somatic"	NA	NA	NA	"CL:0002371"	"somatic cell"	"perfect match"	"SN181"	NA	3
"ATTACTCAGTGGAGAA"	""	"ERX6700418"	"ERP132580"	"testis"	"Sertoli"	NA	NA	NA	"CL:0000216"	"Sertoli cell"	"perfect match"	"SN181"	NA	8
"ATTACTCCAACTTGAC"	""	"ERX6700418"	"ERP132580"	"testis"	"Pachytene_Spermatocytes"	NA	NA	NA	"CL:0000017"	"spermatocyte"	"missing child term"	"SN181"	NA	6
"ATTACTCCACATCCAA"	""	"ERX6700418"	"ERP132580"	"testis"	"Pachytene_Spermatocytes"	NA	NA	NA	"CL:0000017"	"spermatocyte"	"missing child term"	"SN181"	NA	6
"ATTACTCCACCAGTTA"	""	"ERX6700418"	"ERP132580"	"testis"	"Sertoli"	NA	NA	NA	"CL:0000216"	"Sertoli cell"	"perfect match"	"SN181"	NA	8
"ATTACTCCAGGGTTAG"	""	"ERX6700418"	"ERP132580"	"testis"	"Other_somatic"	NA	NA	NA	"CL:0002371"	"somatic cell"	"perfect match"	"SN181"	NA	3
"ATTACTCGTGATGTCT"	""	"ERX6700418"	"ERP132580"	"testis"	"Pachytene_Spermatocytes"	NA	NA	NA	"CL:0000017"	"spermatocyte"	"missing child term"	"SN181"	NA	6
"ATTACTCGTGTGACCC"	""	"ERX6700418"	"ERP132580"	"testis"	"Pachytene_Spermatocytes"	NA	NA	NA	"CL:0000017"	"spermatocyte"	"missing child term"	"SN181"	NA	6
"ATTATCCAGCCATCGC"	""	"ERX6700418"	"ERP132580"	"testis"	"Leptotene_Spermatocytes"	NA	NA	NA	"CL:0000017"	"spermatocyte"	"missing child term"	"SN181"	NA	7
"ATTATCCCAGTCGTGC"	""	"ERX6700418"	"ERP132580"	"testis"	"Leptotene_Spermatocytes"	NA	NA	NA	"CL:0000017"	"spermatocyte"	"missing child term"	"SN181"	NA	7
"ATTATCCGTCCGTGAC"	""	"ERX6700418"	"ERP132580"	"testis"	"Sertoli"	NA	NA	NA	"CL:0000216"	"Sertoli cell"	"perfect match"	"SN181"	NA	8
"ATTATCCGTCTACCTC"	""	"ERX6700418"	"ERP132580"	"testis"	"Early_Round_spermatids"	NA	NA	NA	"CL:4030036"	"early spermatid"	"perfect match"	"SN181"	NA	2
"ATTATCCGTCTTCTCG"	""	"ERX6700418"	"ERP132580"	"testis"	"Pachytene_Spermatocytes"	NA	NA	NA	"CL:0000017"	"spermatocyte"	"missing child term"	"SN181"	NA	6
"ATTCTACAGCAGCGTA"	""	"ERX6700418"	"ERP132580"	"testis"	"Zygotene_Spermatocytes"	NA	NA	NA	"CL:0000017"	"spermatocyte"	"missing child term"	"SN181"	NA	11
"ATTCTACCAATAGAGT"	""	"ERX6700418"	"ERP132580"	"testis"	"Pachytene_Spermatocytes"	NA	NA	NA	"CL:0000017"	"spermatocyte"	"missing child term"	"SN181"	NA	6
"ATTCTACCACCATCCT"	""	"ERX6700418"	"ERP132580"	"testis"	"Undifferentiated_Spermatogonia"	NA	NA	NA	"CL:0000016"	"male germ line stem cell"	"other"	"SN181"	NA	1
"ATTCTACCATCAGTAC"	""	"ERX6700418"	"ERP132580"	"testis"	"Pachytene_Spermatocytes"	NA	NA	NA	"CL:0000017"	"spermatocyte"	"missing child term"	"SN181"	NA	6
"ATTCTACCATTCGACA"	""	"ERX6700418"	"ERP132580"	"testis"	"Elongated_spermatids"	NA	NA	NA	"CL:4030037"	"late spermatid"	"perfect match"	"SN181"	NA	4
"ATTCTACGTTCGTCTC"	""	"ERX6700418"	"ERP132580"	"testis"	"Zygotene_Spermatocytes"	NA	NA	NA	"CL:0000017"	"spermatocyte"	"missing child term"	"SN181"	NA	11
"ATTGGACAGAGGTTGC"	""	"ERX6700418"	"ERP132580"	"testis"	"Sertoli"	NA	NA	NA	"CL:0000216"	"Sertoli cell"	"perfect match"	"SN181"	NA	8
"ATTGGACAGCAAATCA"	""	"ERX6700418"	"ERP132580"	"testis"	"Differentiated_Spermatogonia"	NA	NA	NA	"CL:0000020"	"spermatogonium"	"perfect match"	"SN181"	NA	9
"ATTGGACAGCAGGTCA"	""	"ERX6700418"	"ERP132580"	"testis"	"Early_Round_spermatids"	NA	NA	NA	"CL:4030036"	"early spermatid"	"perfect match"	"SN181"	NA	2
"ATTGGACAGGTGTTAA"	""	"ERX6700418"	"ERP132580"	"testis"	"Zygotene_Spermatocytes"	NA	NA	NA	"CL:0000017"	"spermatocyte"	"missing child term"	"SN181"	NA	11
"ATTGGACTCAGGCAAG"	""	"ERX6700418"	"ERP132580"	"testis"	"Elongated_spermatids"	NA	NA	NA	"CL:4030037"	"late spermatid"	"perfect match"	"SN181"	NA	4
"ATTGGACTCTGACCTC"	""	"ERX6700418"	"ERP132580"	"testis"	"Pachytene_Spermatocytes"	NA	NA	NA	"CL:0000017"	"spermatocyte"	"missing child term"	"SN181"	NA	6
"ATTGGTGAGGGCTCTC"	""	"ERX6700418"	"ERP132580"	"testis"	"Early_Round_spermatids"	NA	NA	NA	"CL:4030036"	"early spermatid"	"perfect match"	"SN181"	NA	2
"ATTGGTGCAATTGCTG"	""	"ERX6700418"	"ERP132580"	"testis"	"Elongated_spermatids"	NA	NA	NA	"CL:4030037"	"late spermatid"	"perfect match"	"SN181"	NA	4
"ATTGGTGGTGATGCCC"	""	"ERX6700418"	"ERP132580"	"testis"	"Sertoli"	NA	NA	NA	"CL:0000216"	"Sertoli cell"	"perfect match"	"SN181"	NA	8
"ATTGGTGGTTCCAACA"	""	"ERX6700418"	"ERP132580"	"testis"	"Elongated_spermatids"	NA	NA	NA	"CL:4030037"	"late spermatid"	"perfect match"	"SN181"	NA	4
"ATTTCTGAGAAGGTTT"	""	"ERX6700418"	"ERP132580"	"testis"	"Undifferentiated_Spermatogonia"	NA	NA	NA	"CL:0000016"	"male germ line stem cell"	"other"	"SN181"	NA	1
"ATTTCTGAGCCCAGCT"	""	"ERX6700418"	"ERP132580"	"testis"	"Undifferentiated_Spermatogonia"	NA	NA	NA	"CL:0000016"	"male germ line stem cell"	"other"	"SN181"	NA	1
"ATTTCTGCAATGACCT"	""	"ERX6700418"	"ERP132580"	"testis"	"Early_Round_spermatids"	NA	NA	NA	"CL:4030036"	"early spermatid"	"perfect match"	"SN181"	NA	2
"ATTTCTGCAGACGTAG"	""	"ERX6700418"	"ERP132580"	"testis"	"Late_Round_spermatids"	NA	NA	NA	"CL:4030036"	"early spermatid"	"other"	"SN181"	NA	5
"ATTTCTGGTCGCCATG"	""	"ERX6700418"	"ERP132580"	"testis"	"Leptotene_Spermatocytes"	NA	NA	NA	"CL:0000017"	"spermatocyte"	"missing child term"	"SN181"	NA	7
"ATTTCTGGTGCCTTGG"	""	"ERX6700418"	"ERP132580"	"testis"	"Undifferentiated_Spermatogonia"	NA	NA	NA	"CL:0000016"	"male germ line stem cell"	"other"	"SN181"	NA	1
"ATTTCTGTCATAAAGG"	""	"ERX6700418"	"ERP132580"	"testis"	"Sertoli"	NA	NA	NA	"CL:0000216"	"Sertoli cell"	"perfect match"	"SN181"	NA	8
"ATTTCTGTCGTGACAT"	""	"ERX6700418"	"ERP132580"	"testis"	"Sertoli"	NA	NA	NA	"CL:0000216"	"Sertoli cell"	"perfect match"	"SN181"	NA	8
"CAACCAAAGGGAACGG"	""	"ERX6700418"	"ERP132580"	"testis"	"Differentiated_Spermatogonia"	NA	NA	NA	"CL:0000020"	"spermatogonium"	"perfect match"	"SN181"	NA	9
"CAACCAAAGGTGTTAA"	""	"ERX6700418"	"ERP132580"	"testis"	"Elongated_spermatids"	NA	NA	NA	"CL:4030037"	"late spermatid"	"perfect match"	"SN181"	NA	4
"CAACCAACAAGTTCTG"	""	"ERX6700418"	"ERP132580"	"testis"	"Zygotene_Spermatocytes"	NA	NA	NA	"CL:0000017"	"spermatocyte"	"missing child term"	"SN181"	NA	11
"CAACCAACAGACAAAT"	""	"ERX6700418"	"ERP132580"	"testis"	"Late_Round_spermatids"	NA	NA	NA	"CL:4030036"	"early spermatid"	"other"	"SN181"	NA	5
"CAACCAAGTCCGAAGA"	""	"ERX6700418"	"ERP132580"	"testis"	"Zygotene_Spermatocytes"	NA	NA	NA	"CL:0000017"	"spermatocyte"	"missing child term"	"SN181"	NA	11
"CAACCAATCAACGCTA"	""	"ERX6700418"	"ERP132580"	"testis"	"Pachytene_Spermatocytes"	NA	NA	NA	"CL:0000017"	"spermatocyte"	"missing child term"	"SN181"	NA	6
"CAACCAATCTTCAACT"	""	"ERX6700418"	"ERP132580"	"testis"	"Elongated_spermatids"	NA	NA	NA	"CL:4030037"	"late spermatid"	"perfect match"	"SN181"	NA	4
"CAACCTCAGTTGAGAT"	""	"ERX6700418"	"ERP132580"	"testis"	"Sertoli"	NA	NA	NA	"CL:0000216"	"Sertoli cell"	"perfect match"	"SN181"	NA	8
"CAACCTCCAAACGCGA"	""	"ERX6700418"	"ERP132580"	"testis"	"Elongated_spermatids"	NA	NA	NA	"CL:4030037"	"late spermatid"	"perfect match"	"SN181"	NA	4
"CAACCTCCAGGGAGAG"	""	"ERX6700418"	"ERP132580"	"testis"	""	NA	NA	NA	"CL:0000000"	"cell"	"other"	"SN181"	NA	10
"CAACCTCGTATTCGTG"	""	"ERX6700418"	"ERP132580"	"testis"	"Elongated_spermatids"	NA	NA	NA	"CL:4030037"	"late spermatid"	"perfect match"	"SN181"	NA	4
"CAACCTCGTGAACCTT"	""	"ERX6700418"	"ERP132580"	"testis"	"Elongated_spermatids"	NA	NA	NA	"CL:4030037"	"late spermatid"	"perfect match"	"SN181"	NA	4
"CAACCTCGTGATGATA"	""	"ERX6700418"	"ERP132580"	"testis"	"Elongated_spermatids"	NA	NA	NA	"CL:4030037"	"late spermatid"	"perfect match"	"SN181"	NA	4
"CAACCTCTCTGTGCAA"	""	"ERX6700418"	"ERP132580"	"testis"	"Undifferentiated_Spermatogonia"	NA	NA	NA	"CL:0000016"	"male germ line stem cell"	"other"	"SN181"	NA	1
"CAACTAGAGTACGCGA"	""	"ERX6700418"	"ERP132580"	"testis"	"Sertoli"	NA	NA	NA	"CL:0000216"	"Sertoli cell"	"perfect match"	"SN181"	NA	8
"CAACTAGCACAGACAG"	""	"ERX6700418"	"ERP132580"	"testis"	"Sertoli"	NA	NA	NA	"CL:0000216"	"Sertoli cell"	"perfect match"	"SN181"	NA	8
"CAACTAGCACGGCTAC"	""	"ERX6700418"	"ERP132580"	"testis"	"Pachytene_Spermatocytes"	NA	NA	NA	"CL:0000017"	"spermatocyte"	"missing child term"	"SN181"	NA	6
"CAACTAGTCCGAATGT"	""	"ERX6700418"	"ERP132580"	"testis"	"Sertoli"	NA	NA	NA	"CL:0000216"	"Sertoli cell"	"perfect match"	"SN181"	NA	8
"CAAGAAACACATAACC"	""	"ERX6700418"	"ERP132580"	"testis"	"Zygotene_Spermatocytes"	NA	NA	NA	"CL:0000017"	"spermatocyte"	"missing child term"	"SN181"	NA	11
"CAAGAAACAGACGCAA"	""	"ERX6700418"	"ERP132580"	"testis"	"Undifferentiated_Spermatogonia"	NA	NA	NA	"CL:0000016"	"male germ line stem cell"	"other"	"SN181"	NA	1
"CAAGAAACAGTAACGG"	""	"ERX6700418"	"ERP132580"	"testis"	"Differentiated_Spermatogonia"	NA	NA	NA	"CL:0000020"	"spermatogonium"	"perfect match"	"SN181"	NA	9
"CAAGAAACATGTCGAT"	""	"ERX6700418"	"ERP132580"	"testis"	"Sertoli"	NA	NA	NA	"CL:0000216"	"Sertoli cell"	"perfect match"	"SN181"	NA	8
"CAAGAAAGTGTAACGG"	""	"ERX6700418"	"ERP132580"	"testis"	"Pachytene_Spermatocytes"	NA	NA	NA	"CL:0000017"	"spermatocyte"	"missing child term"	"SN181"	NA	6
"CAAGAAATCCCAAGTA"	""	"ERX6700418"	"ERP132580"	"testis"	"Sertoli"	NA	NA	NA	"CL:0000216"	"Sertoli cell"	"perfect match"	"SN181"	NA	8
"CAAGAAATCCGCATCT"	""	"ERX6700418"	"ERP132580"	"testis"	"Undifferentiated_Spermatogonia"	NA	NA	NA	"CL:0000016"	"male germ line stem cell"	"other"	"SN181"	NA	1
"CAAGAAATCTCGTATT"	""	"ERX6700418"	"ERP132580"	"testis"	"Elongated_spermatids"	NA	NA	NA	"CL:4030037"	"late spermatid"	"perfect match"	"SN181"	NA	4
"CAAGATCAGAGTAAGG"	""	"ERX6700418"	"ERP132580"	"testis"	"Elongated_spermatids"	NA	NA	NA	"CL:4030037"	"late spermatid"	"perfect match"	"SN181"	NA	4
"CAAGATCAGTTGCAGG"	""	"ERX6700418"	"ERP132580"	"testis"	"Zygotene_Spermatocytes"	NA	NA	NA	"CL:0000017"	"spermatocyte"	"missing child term"	"SN181"	NA	11
"CAAGATCGTAGCGCTC"	""	"ERX6700418"	"ERP132580"	"testis"	"Zygotene_Spermatocytes"	NA	NA	NA	"CL:0000017"	"spermatocyte"	"missing child term"	"SN181"	NA	11
"CAAGATCGTTACGCGC"	""	"ERX6700418"	"ERP132580"	"testis"	"Elongated_spermatids"	NA	NA	NA	"CL:4030037"	"late spermatid"	"perfect match"	"SN181"	NA	4
"CAAGGCCAGCTAAGAT"	""	"ERX6700418"	"ERP132580"	"testis"	"Differentiated_Spermatogonia"	NA	NA	NA	"CL:0000020"	"spermatogonium"	"perfect match"	"SN181"	NA	9
"CAAGGCCCAATAACGA"	""	"ERX6700418"	"ERP132580"	"testis"	"Late_Round_spermatids"	NA	NA	NA	"CL:4030036"	"early spermatid"	"other"	"SN181"	NA	5
"CAAGGCCGTCAATGTC"	""	"ERX6700418"	"ERP132580"	"testis"	"Early_Round_spermatids"	NA	NA	NA	"CL:4030036"	"early spermatid"	"perfect match"	"SN181"	NA	2
"CAAGGCCTCCTAGGGC"	""	"ERX6700418"	"ERP132580"	"testis"	"Undifferentiated_Spermatogonia"	NA	NA	NA	"CL:0000016"	"male germ line stem cell"	"other"	"SN181"	NA	1
"CAAGTTGAGAGCCTAG"	""	"ERX6700418"	"ERP132580"	"testis"	"Elongated_spermatids"	NA	NA	NA	"CL:4030037"	"late spermatid"	"perfect match"	"SN181"	NA	4
"CAAGTTGAGCGAAGGG"	""	"ERX6700418"	"ERP132580"	"testis"	"Late_Round_spermatids"	NA	NA	NA	"CL:4030036"	"early spermatid"	"other"	"SN181"	NA	5
"CAAGTTGAGCTATGCT"	""	"ERX6700418"	"ERP132580"	"testis"	"Differentiated_Spermatogonia"	NA	NA	NA	"CL:0000020"	"spermatogonium"	"perfect match"	"SN181"	NA	9
"CAAGTTGCATACTCTT"	""	"ERX6700418"	"ERP132580"	"testis"	"Sertoli"	NA	NA	NA	"CL:0000216"	"Sertoli cell"	"perfect match"	"SN181"	NA	8
"CAAGTTGCATGTAAGA"	""	"ERX6700418"	"ERP132580"	"testis"	"Other_somatic"	NA	NA	NA	"CL:0002371"	"somatic cell"	"perfect match"	"SN181"	NA	3
"CAAGTTGGTAGTGAAT"	""	"ERX6700418"	"ERP132580"	"testis"	"Elongated_spermatids"	NA	NA	NA	"CL:4030037"	"late spermatid"	"perfect match"	"SN181"	NA	4
"CAAGTTGGTTATCACG"	""	"ERX6700418"	"ERP132580"	"testis"	"Elongated_spermatids"	NA	NA	NA	"CL:4030037"	"late spermatid"	"perfect match"	"SN181"	NA	4
"CAAGTTGGTTCCACTC"	""	"ERX6700418"	"ERP132580"	"testis"	"Leptotene_Spermatocytes"	NA	NA	NA	"CL:0000017"	"spermatocyte"	"missing child term"	"SN181"	NA	7
"CAAGTTGTCAACACGT"	""	"ERX6700418"	"ERP132580"	"testis"	"Other_somatic"	NA	NA	NA	"CL:0002371"	"somatic cell"	"perfect match"	"SN181"	NA	3
"CAAGTTGTCCAAGTAC"	""	"ERX6700418"	"ERP132580"	"testis"	"Elongated_spermatids"	NA	NA	NA	"CL:4030037"	"late spermatid"	"perfect match"	"SN181"	NA	4
"CAAGTTGTCTGCCAGG"	""	"ERX6700418"	"ERP132580"	"testis"	"Elongated_spermatids"	NA	NA	NA	"CL:4030037"	"late spermatid"	"perfect match"	"SN181"	NA	4
"CACAAACAGCGAAGGG"	""	"ERX6700418"	"ERP132580"	"testis"	"Undifferentiated_Spermatogonia"	NA	NA	NA	"CL:0000016"	"male germ line stem cell"	"other"	"SN181"	NA	1
"CACAAACCATTAGGCT"	""	"ERX6700418"	"ERP132580"	"testis"	"Differentiated_Spermatogonia"	NA	NA	NA	"CL:0000020"	"spermatogonium"	"perfect match"	"SN181"	NA	9
"CACAAACGTAAGCACG"	""	"ERX6700418"	"ERP132580"	"testis"	"Pachytene_Spermatocytes"	NA	NA	NA	"CL:0000017"	"spermatocyte"	"missing child term"	"SN181"	NA	6
"CACAAACGTCTCAACA"	""	"ERX6700418"	"ERP132580"	"testis"	"Differentiated_Spermatogonia"	NA	NA	NA	"CL:0000020"	"spermatogonium"	"perfect match"	"SN181"	NA	9
"CACAAACTCCAAGTAC"	""	"ERX6700418"	"ERP132580"	"testis"	"Pachytene_Spermatocytes"	NA	NA	NA	"CL:0000017"	"spermatocyte"	"missing child term"	"SN181"	NA	6
"CACAAACTCGCGTAGC"	""	"ERX6700418"	"ERP132580"	"testis"	"Leptotene_Spermatocytes"	NA	NA	NA	"CL:0000017"	"spermatocyte"	"missing child term"	"SN181"	NA	7
"CACAAACTCTTGTTTG"	""	"ERX6700418"	"ERP132580"	"testis"	"Pachytene_Spermatocytes"	NA	NA	NA	"CL:0000017"	"spermatocyte"	"missing child term"	"SN181"	NA	6
"CACACAAAGTTCGATC"	""	"ERX6700418"	"ERP132580"	"testis"	"Zygotene_Spermatocytes"	NA	NA	NA	"CL:0000017"	"spermatocyte"	"missing child term"	"SN181"	NA	11
"CACACAAGTCCATCCT"	""	"ERX6700418"	"ERP132580"	"testis"	"Differentiated_Spermatogonia"	NA	NA	NA	"CL:0000020"	"spermatogonium"	"perfect match"	"SN181"	NA	9
"CACACAAGTCGGCACT"	""	"ERX6700418"	"ERP132580"	"testis"	"Sertoli"	NA	NA	NA	"CL:0000216"	"Sertoli cell"	"perfect match"	"SN181"	NA	8
"CACACAATCTGAGGGA"	""	"ERX6700418"	"ERP132580"	"testis"	"Late_Round_spermatids"	NA	NA	NA	"CL:4030036"	"early spermatid"	"other"	"SN181"	NA	5
"CACACCTAGTAACCCT"	""	"ERX6700418"	"ERP132580"	"testis"	"Elongated_spermatids"	NA	NA	NA	"CL:4030037"	"late spermatid"	"perfect match"	"SN181"	NA	4
"CACACCTAGTTTGCGT"	""	"ERX6700418"	"ERP132580"	"testis"	"Late_Round_spermatids"	NA	NA	NA	"CL:4030036"	"early spermatid"	"other"	"SN181"	NA	5
"CACACCTCAAAGAATC"	""	"ERX6700418"	"ERP132580"	"testis"	"Undifferentiated_Spermatogonia"	NA	NA	NA	"CL:0000016"	"male germ line stem cell"	"other"	"SN181"	NA	1
"CACACCTCAATCGAAA"	""	"ERX6700418"	"ERP132580"	"testis"	"Zygotene_Spermatocytes"	NA	NA	NA	"CL:0000017"	"spermatocyte"	"missing child term"	"SN181"	NA	11
"CACACCTCAGTCGATT"	""	"ERX6700418"	"ERP132580"	"testis"	"Elongated_spermatids"	NA	NA	NA	"CL:4030037"	"late spermatid"	"perfect match"	"SN181"	NA	4
"CACACCTGTACTCAAC"	""	"ERX6700418"	"ERP132580"	"testis"	"Other_somatic"	NA	NA	NA	"CL:0002371"	"somatic cell"	"perfect match"	"SN181"	NA	3
"CACACCTTCGGACAAG"	""	"ERX6700418"	"ERP132580"	"testis"	"Zygotene_Spermatocytes"	NA	NA	NA	"CL:0000017"	"spermatocyte"	"missing child term"	"SN181"	NA	11
"CACACCTTCTCAACTT"	""	"ERX6700418"	"ERP132580"	"testis"	"Late_Round_spermatids"	NA	NA	NA	"CL:4030036"	"early spermatid"	"other"	"SN181"	NA	5
"CACACTCAGAGCTGCA"	""	"ERX6700418"	"ERP132580"	"testis"	"Pachytene_Spermatocytes"	NA	NA	NA	"CL:0000017"	"spermatocyte"	"missing child term"	"SN181"	NA	6
"CACACTCAGATAGTCA"	""	"ERX6700418"	"ERP132580"	"testis"	"Zygotene_Spermatocytes"	NA	NA	NA	"CL:0000017"	"spermatocyte"	"missing child term"	"SN181"	NA	11
"CACACTCAGCTGCGAA"	""	"ERX6700418"	"ERP132580"	"testis"	"Elongated_spermatids"	NA	NA	NA	"CL:4030037"	"late spermatid"	"perfect match"	"SN181"	NA	4
"CACACTCAGTCACGCC"	""	"ERX6700418"	"ERP132580"	"testis"	"Elongated_spermatids"	NA	NA	NA	"CL:4030037"	"late spermatid"	"perfect match"	"SN181"	NA	4
"CACACTCCAGATCCAT"	""	"ERX6700418"	"ERP132580"	"testis"	"Leptotene_Spermatocytes"	NA	NA	NA	"CL:0000017"	"spermatocyte"	"missing child term"	"SN181"	NA	7
"CACACTCCAGGCAGTA"	""	"ERX6700418"	"ERP132580"	"testis"	"Elongated_spermatids"	NA	NA	NA	"CL:4030037"	"late spermatid"	"perfect match"	"SN181"	NA	4
"CACAGGCAGACTGGGT"	""	"ERX6700418"	"ERP132580"	"testis"	"Sertoli"	NA	NA	NA	"CL:0000216"	"Sertoli cell"	"perfect match"	"SN181"	NA	8
"CACAGGCCAAGCCGTC"	""	"ERX6700418"	"ERP132580"	"testis"	"Leptotene_Spermatocytes"	NA	NA	NA	"CL:0000017"	"spermatocyte"	"missing child term"	"SN181"	NA	7
"CACAGGCCACCATCCT"	""	"ERX6700418"	"ERP132580"	"testis"	"Undifferentiated_Spermatogonia"	NA	NA	NA	"CL:0000016"	"male germ line stem cell"	"other"	"SN181"	NA	1
"CACAGGCCACGAGGTA"	""	"ERX6700418"	"ERP132580"	"testis"	"Zygotene_Spermatocytes"	NA	NA	NA	"CL:0000017"	"spermatocyte"	"missing child term"	"SN181"	NA	11
"CACAGGCTCATACGGT"	""	"ERX6700418"	"ERP132580"	"testis"	"Undifferentiated_Spermatogonia"	NA	NA	NA	"CL:0000016"	"male germ line stem cell"	"other"	"SN181"	NA	1
"CACAGGCTCATCTGCC"	""	"ERX6700418"	"ERP132580"	"testis"	"Pachytene_Spermatocytes"	NA	NA	NA	"CL:0000017"	"spermatocyte"	"missing child term"	"SN181"	NA	6
"CACAGGCTCCCTGACT"	""	"ERX6700418"	"ERP132580"	"testis"	"Elongated_spermatids"	NA	NA	NA	"CL:4030037"	"late spermatid"	"perfect match"	"SN181"	NA	4
"CACAGGCTCGTCGTTC"	""	"ERX6700418"	"ERP132580"	"testis"	"Early_Round_spermatids"	NA	NA	NA	"CL:4030036"	"early spermatid"	"perfect match"	"SN181"	NA	2
"CACAGGCTCTCAAACG"	""	"ERX6700418"	"ERP132580"	"testis"	"Sertoli"	NA	NA	NA	"CL:0000216"	"Sertoli cell"	"perfect match"	"SN181"	NA	8
"CACAGTAAGAACTGTA"	""	"ERX6700418"	"ERP132580"	"testis"	"Late_Round_spermatids"	NA	NA	NA	"CL:4030036"	"early spermatid"	"other"	"SN181"	NA	5
"CACAGTAAGCTGATAA"	""	"ERX6700418"	"ERP132580"	"testis"	"Differentiated_Spermatogonia"	NA	NA	NA	"CL:0000020"	"spermatogonium"	"perfect match"	"SN181"	NA	9
"CACAGTACAGATCTGT"	""	"ERX6700418"	"ERP132580"	"testis"	"Other_somatic"	NA	NA	NA	"CL:0002371"	"somatic cell"	"perfect match"	"SN181"	NA	3
"CACAGTACATCGATTG"	""	"ERX6700418"	"ERP132580"	"testis"	"Early_Round_spermatids"	NA	NA	NA	"CL:4030036"	"early spermatid"	"perfect match"	"SN181"	NA	2
"CACAGTAGTACTTGAC"	""	"ERX6700418"	"ERP132580"	"testis"	"Other_somatic"	NA	NA	NA	"CL:0002371"	"somatic cell"	"perfect match"	"SN181"	NA	3
"CACAGTATCTGATTCT"	""	"ERX6700418"	"ERP132580"	"testis"	"Zygotene_Spermatocytes"	NA	NA	NA	"CL:0000017"	"spermatocyte"	"missing child term"	"SN181"	NA	11
"CACAGTATCTGCAGTA"	""	"ERX6700418"	"ERP132580"	"testis"	"Elongated_spermatids"	NA	NA	NA	"CL:4030037"	"late spermatid"	"perfect match"	"SN181"	NA	4
"CACATAGCAAACGCGA"	""	"ERX6700418"	"ERP132580"	"testis"	"Differentiated_Spermatogonia"	NA	NA	NA	"CL:0000020"	"spermatogonium"	"perfect match"	"SN181"	NA	9
"CACATAGCATCCGCGA"	""	"ERX6700418"	"ERP132580"	"testis"	"Early_Round_spermatids"	NA	NA	NA	"CL:4030036"	"early spermatid"	"perfect match"	"SN181"	NA	2
"CACATAGGTATCACCA"	""	"ERX6700418"	"ERP132580"	"testis"	"Undifferentiated_Spermatogonia"	NA	NA	NA	"CL:0000016"	"male germ line stem cell"	"other"	"SN181"	NA	1
"CACATAGGTCGCGAAA"	""	"ERX6700418"	"ERP132580"	"testis"	"Sertoli"	NA	NA	NA	"CL:0000216"	"Sertoli cell"	"perfect match"	"SN181"	NA	8
"CACATAGGTCGTTGTA"	""	"ERX6700418"	"ERP132580"	"testis"	"Early_Round_spermatids"	NA	NA	NA	"CL:4030036"	"early spermatid"	"perfect match"	"SN181"	NA	2
"CACATAGGTTAAAGTG"	""	"ERX6700418"	"ERP132580"	"testis"	"Leptotene_Spermatocytes"	NA	NA	NA	"CL:0000017"	"spermatocyte"	"missing child term"	"SN181"	NA	7
"CACATAGTCGTCTGCT"	""	"ERX6700418"	"ERP132580"	"testis"	"Leptotene_Spermatocytes"	NA	NA	NA	"CL:0000017"	"spermatocyte"	"missing child term"	"SN181"	NA	7
"CACATAGTCTGCTGTC"	""	"ERX6700418"	"ERP132580"	"testis"	"Late_Round_spermatids"	NA	NA	NA	"CL:4030036"	"early spermatid"	"other"	"SN181"	NA	5
"CACATTTCAAGAAGAG"	""	"ERX6700418"	"ERP132580"	"testis"	"Late_Round_spermatids"	NA	NA	NA	"CL:4030036"	"early spermatid"	"other"	"SN181"	NA	5
"CACATTTCACATGGGA"	""	"ERX6700418"	"ERP132580"	"testis"	"Sertoli"	NA	NA	NA	"CL:0000216"	"Sertoli cell"	"perfect match"	"SN181"	NA	8
"CACATTTCACCAGCAC"	""	"ERX6700418"	"ERP132580"	"testis"	"Pachytene_Spermatocytes"	NA	NA	NA	"CL:0000017"	"spermatocyte"	"missing child term"	"SN181"	NA	6
"CACATTTCACCCATGG"	""	"ERX6700418"	"ERP132580"	"testis"	"Late_Round_spermatids"	NA	NA	NA	"CL:4030036"	"early spermatid"	"other"	"SN181"	NA	5
"CACATTTGTTACCAGT"	""	"ERX6700418"	"ERP132580"	"testis"	"Undifferentiated_Spermatogonia"	NA	NA	NA	"CL:0000016"	"male germ line stem cell"	"other"	"SN181"	NA	1
"CACATTTTCGTGGGAA"	""	"ERX6700418"	"ERP132580"	"testis"	"Leptotene_Spermatocytes"	NA	NA	NA	"CL:0000017"	"spermatocyte"	"missing child term"	"SN181"	NA	7
"CACCACTAGCATGGCA"	""	"ERX6700418"	"ERP132580"	"testis"	"Pachytene_Spermatocytes"	NA	NA	NA	"CL:0000017"	"spermatocyte"	"missing child term"	"SN181"	NA	6
"CACCACTCATACTACG"	""	"ERX6700418"	"ERP132580"	"testis"	"Undifferentiated_Spermatogonia"	NA	NA	NA	"CL:0000016"	"male germ line stem cell"	"other"	"SN181"	NA	1
"CACCACTGTAGCTTGT"	""	"ERX6700418"	"ERP132580"	"testis"	"Elongated_spermatids"	NA	NA	NA	"CL:4030037"	"late spermatid"	"perfect match"	"SN181"	NA	4
"CACCACTGTTCAACCA"	""	"ERX6700418"	"ERP132580"	"testis"	"Differentiated_Spermatogonia"	NA	NA	NA	"CL:0000020"	"spermatogonium"	"perfect match"	"SN181"	NA	9
"CACCACTGTTGGTGGA"	""	"ERX6700418"	"ERP132580"	"testis"	"Undifferentiated_Spermatogonia"	NA	NA	NA	"CL:0000016"	"male germ line stem cell"	"other"	"SN181"	NA	1
"CACCACTTCAGCTCTC"	""	"ERX6700418"	"ERP132580"	"testis"	"Early_Round_spermatids"	NA	NA	NA	"CL:4030036"	"early spermatid"	"perfect match"	"SN181"	NA	2
"CACCACTTCCACGTTC"	""	"ERX6700418"	"ERP132580"	"testis"	"Pachytene_Spermatocytes"	NA	NA	NA	"CL:0000017"	"spermatocyte"	"missing child term"	"SN181"	NA	6
"CACCACTTCCTATTCA"	""	"ERX6700418"	"ERP132580"	"testis"	"Pachytene_Spermatocytes"	NA	NA	NA	"CL:0000017"	"spermatocyte"	"missing child term"	"SN181"	NA	6
"CACCACTTCGCCTGTT"	""	"ERX6700418"	"ERP132580"	"testis"	"Leptotene_Spermatocytes"	NA	NA	NA	"CL:0000017"	"spermatocyte"	"missing child term"	"SN181"	NA	7
"CACCAGGCACTTAACG"	""	"ERX6700418"	"ERP132580"	"testis"	"Zygotene_Spermatocytes"	NA	NA	NA	"CL:0000017"	"spermatocyte"	"missing child term"	"SN181"	NA	11
"CACCAGGGTAGGCATG"	""	"ERX6700418"	"ERP132580"	"testis"	"Late_Round_spermatids"	NA	NA	NA	"CL:4030036"	"early spermatid"	"other"	"SN181"	NA	5
"CACCAGGGTCGTCTTC"	""	"ERX6700418"	"ERP132580"	"testis"	"Sertoli"	NA	NA	NA	"CL:0000216"	"Sertoli cell"	"perfect match"	"SN181"	NA	8
"CACCTTGAGATGAGAG"	""	"ERX6700418"	"ERP132580"	"testis"	"Other_somatic"	NA	NA	NA	"CL:0002371"	"somatic cell"	"perfect match"	"SN181"	NA	3
"CACCTTGAGCCAGGAT"	""	"ERX6700418"	"ERP132580"	"testis"	"Differentiated_Spermatogonia"	NA	NA	NA	"CL:0000020"	"spermatogonium"	"perfect match"	"SN181"	NA	9
"CACCTTGAGCTTATCG"	""	"ERX6700418"	"ERP132580"	"testis"	"Late_Round_spermatids"	NA	NA	NA	"CL:4030036"	"early spermatid"	"other"	"SN181"	NA	5
"CACCTTGAGTAGCCGA"	""	"ERX6700418"	"ERP132580"	"testis"	"Leptotene_Spermatocytes"	NA	NA	NA	"CL:0000017"	"spermatocyte"	"missing child term"	"SN181"	NA	7
"CACCTTGCAATCCGAT"	""	"ERX6700418"	"ERP132580"	"testis"	"Early_Round_spermatids"	NA	NA	NA	"CL:4030036"	"early spermatid"	"perfect match"	"SN181"	NA	2
"CACCTTGCAGGCTGAA"	""	"ERX6700418"	"ERP132580"	"testis"	"Differentiated_Spermatogonia"	NA	NA	NA	"CL:0000020"	"spermatogonium"	"perfect match"	"SN181"	NA	9
"CACCTTGGTTAGAACA"	""	"ERX6700418"	"ERP132580"	"testis"	"Late_Round_spermatids"	NA	NA	NA	"CL:4030036"	"early spermatid"	"other"	"SN181"	NA	5
"CACCTTGTCGGCCGAT"	""	"ERX6700418"	"ERP132580"	"testis"	"Pachytene_Spermatocytes"	NA	NA	NA	"CL:0000017"	"spermatocyte"	"missing child term"	"SN181"	NA	6
"CACTCCATCAATACCG"	""	"ERX6700418"	"ERP132580"	"testis"	"Elongated_spermatids"	NA	NA	NA	"CL:4030037"	"late spermatid"	"perfect match"	"SN181"	NA	4
"CAGAATCCAGCTGTAT"	""	"ERX6700418"	"ERP132580"	"testis"	"Differentiated_Spermatogonia"	NA	NA	NA	"CL:0000020"	"spermatogonium"	"perfect match"	"SN181"	NA	9
"CAGAATCTCACTTATC"	""	"ERX6700418"	"ERP132580"	"testis"	"Early_Round_spermatids"	NA	NA	NA	"CL:4030036"	"early spermatid"	"perfect match"	"SN181"	NA	2
"CAGAATCTCAGCCTAA"	""	"ERX6700418"	"ERP132580"	"testis"	"Sertoli"	NA	NA	NA	"CL:0000216"	"Sertoli cell"	"perfect match"	"SN181"	NA	8
"CAGAATCTCCAAGCCG"	""	"ERX6700418"	"ERP132580"	"testis"	"Pachytene_Spermatocytes"	NA	NA	NA	"CL:0000017"	"spermatocyte"	"missing child term"	"SN181"	NA	6
"CAGAGAGCAGTCACTA"	""	"ERX6700418"	"ERP132580"	"testis"	"Early_Round_spermatids"	NA	NA	NA	"CL:4030036"	"early spermatid"	"perfect match"	"SN181"	NA	2
"CAGAGAGGTCTCATCC"	""	"ERX6700418"	"ERP132580"	"testis"	"Late_Round_spermatids"	NA	NA	NA	"CL:4030036"	"early spermatid"	"other"	"SN181"	NA	5
"CAGAGAGGTTGACGTT"	""	"ERX6700418"	"ERP132580"	"testis"	"Leptotene_Spermatocytes"	NA	NA	NA	"CL:0000017"	"spermatocyte"	"missing child term"	"SN181"	NA	7
"CAGAGAGTCCCGGATG"	""	"ERX6700418"	"ERP132580"	"testis"	"Sertoli"	NA	NA	NA	"CL:0000216"	"Sertoli cell"	"perfect match"	"SN181"	NA	8
"CAGAGAGTCTGAAAGA"	""	"ERX6700418"	"ERP132580"	"testis"	"Pachytene_Spermatocytes"	NA	NA	NA	"CL:0000017"	"spermatocyte"	"missing child term"	"SN181"	NA	6
"CAGATCAAGACCCACC"	""	"ERX6700418"	"ERP132580"	"testis"	"Other_somatic"	NA	NA	NA	"CL:0002371"	"somatic cell"	"perfect match"	"SN181"	NA	3
"CAGATCAAGACCGGAT"	""	"ERX6700418"	"ERP132580"	"testis"	"Pachytene_Spermatocytes"	NA	NA	NA	"CL:0000017"	"spermatocyte"	"missing child term"	"SN181"	NA	6
"CAGATCACAGGGTTAG"	""	"ERX6700418"	"ERP132580"	"testis"	"Differentiated_Spermatogonia"	NA	NA	NA	"CL:0000020"	"spermatogonium"	"perfect match"	"SN181"	NA	9
"CAGATCATCAATCTCT"	""	"ERX6700418"	"ERP132580"	"testis"	"Sertoli"	NA	NA	NA	"CL:0000216"	"Sertoli cell"	"perfect match"	"SN181"	NA	8
"CAGATCATCACAACGT"	""	"ERX6700418"	"ERP132580"	"testis"	"Late_Round_spermatids"	NA	NA	NA	"CL:4030036"	"early spermatid"	"other"	"SN181"	NA	5
"CAGATCATCCAGATCA"	""	"ERX6700418"	"ERP132580"	"testis"	"Zygotene_Spermatocytes"	NA	NA	NA	"CL:0000017"	"spermatocyte"	"missing child term"	"SN181"	NA	11
"CAGATCATCCGGGTGT"	""	"ERX6700418"	"ERP132580"	"testis"	"Elongated_spermatids"	NA	NA	NA	"CL:4030037"	"late spermatid"	"perfect match"	"SN181"	NA	4
"CAGATCATCTTACCGC"	""	"ERX6700418"	"ERP132580"	"testis"	"Zygotene_Spermatocytes"	NA	NA	NA	"CL:0000017"	"spermatocyte"	"missing child term"	"SN181"	NA	11
"CAGCAGCAGTGTGAAT"	""	"ERX6700418"	"ERP132580"	"testis"	"Late_Round_spermatids"	NA	NA	NA	"CL:4030036"	"early spermatid"	"other"	"SN181"	NA	5
"CAGCAGCCACTGTCGG"	""	"ERX6700418"	"ERP132580"	"testis"	"Pachytene_Spermatocytes"	NA	NA	NA	"CL:0000017"	"spermatocyte"	"missing child term"	"SN181"	NA	6
"CAGCAGCCATATACCG"	""	"ERX6700418"	"ERP132580"	"testis"	"Sertoli"	NA	NA	NA	"CL:0000216"	"Sertoli cell"	"perfect match"	"SN181"	NA	8
"CAGCAGCGTATCACCA"	""	"ERX6700418"	"ERP132580"	"testis"	"Sertoli"	NA	NA	NA	"CL:0000216"	"Sertoli cell"	"perfect match"	"SN181"	NA	8
"CAGCAGCGTCATATGC"	""	"ERX6700418"	"ERP132580"	"testis"	"Pachytene_Spermatocytes"	NA	NA	NA	"CL:0000017"	"spermatocyte"	"missing child term"	"SN181"	NA	6
"CAGCAGCGTGCTGTAT"	""	"ERX6700418"	"ERP132580"	"testis"	"Leptotene_Spermatocytes"	NA	NA	NA	"CL:0000017"	"spermatocyte"	"missing child term"	"SN181"	NA	7
"CAGCAGCGTGTGGTTT"	""	"ERX6700418"	"ERP132580"	"testis"	"Early_Round_spermatids"	NA	NA	NA	"CL:4030036"	"early spermatid"	"perfect match"	"SN181"	NA	2
"CAGCAGCTCAAGGTAA"	""	"ERX6700418"	"ERP132580"	"testis"	"Zygotene_Spermatocytes"	NA	NA	NA	"CL:0000017"	"spermatocyte"	"missing child term"	"SN181"	NA	11
"CAGCATAAGCTGCCCA"	""	"ERX6700418"	"ERP132580"	"testis"	"Early_Round_spermatids"	NA	NA	NA	"CL:4030036"	"early spermatid"	"perfect match"	"SN181"	NA	2
"CAGCATAAGGCCGAAT"	""	"ERX6700418"	"ERP132580"	"testis"	"Sertoli"	NA	NA	NA	"CL:0000216"	"Sertoli cell"	"perfect match"	"SN181"	NA	8
"CAGCATAAGTGTACCT"	""	"ERX6700418"	"ERP132580"	"testis"	"Pachytene_Spermatocytes"	NA	NA	NA	"CL:0000017"	"spermatocyte"	"missing child term"	"SN181"	NA	6
"CAGCATACAGATGGGT"	""	"ERX6700418"	"ERP132580"	"testis"	"Late_Round_spermatids"	NA	NA	NA	"CL:4030036"	"early spermatid"	"other"	"SN181"	NA	5
"CAGCATACAGCCTGTG"	""	"ERX6700418"	"ERP132580"	"testis"	"Sertoli"	NA	NA	NA	"CL:0000216"	"Sertoli cell"	"perfect match"	"SN181"	NA	8
"CAGCATAGTATTACCG"	""	"ERX6700418"	"ERP132580"	"testis"	"Pachytene_Spermatocytes"	NA	NA	NA	"CL:0000017"	"spermatocyte"	"missing child term"	"SN181"	NA	6
"CAGCATAGTTGTACAC"	""	"ERX6700418"	"ERP132580"	"testis"	"Sertoli"	NA	NA	NA	"CL:0000216"	"Sertoli cell"	"perfect match"	"SN181"	NA	8
"CAGCATATCCAAGCCG"	""	"ERX6700418"	"ERP132580"	"testis"	"Pachytene_Spermatocytes"	NA	NA	NA	"CL:0000017"	"spermatocyte"	"missing child term"	"SN181"	NA	6
"CAGCATATCCAATGGT"	""	"ERX6700418"	"ERP132580"	"testis"	"Leptotene_Spermatocytes"	NA	NA	NA	"CL:0000017"	"spermatocyte"	"missing child term"	"SN181"	NA	7
"CAGCATATCGATGAGG"	""	"ERX6700418"	"ERP132580"	"testis"	"Early_Round_spermatids"	NA	NA	NA	"CL:4030036"	"early spermatid"	"perfect match"	"SN181"	NA	2
"CAGCCGAAGTTGAGAT"	""	"ERX6700418"	"ERP132580"	"testis"	"Leptotene_Spermatocytes"	NA	NA	NA	"CL:0000017"	"spermatocyte"	"missing child term"	"SN181"	NA	7
"CAGCCGACACAGTCGC"	""	"ERX6700418"	"ERP132580"	"testis"	"Zygotene_Spermatocytes"	NA	NA	NA	"CL:0000017"	"spermatocyte"	"missing child term"	"SN181"	NA	11
"CAGCCGACAGAAGCAC"	""	"ERX6700418"	"ERP132580"	"testis"	"Early_Round_spermatids"	NA	NA	NA	"CL:4030036"	"early spermatid"	"perfect match"	"SN181"	NA	2
"CAGCCGATCAATCACG"	""	"ERX6700418"	"ERP132580"	"testis"	"Early_Round_spermatids"	NA	NA	NA	"CL:4030036"	"early spermatid"	"perfect match"	"SN181"	NA	2
"CAGCCGATCCAGTAGT"	""	"ERX6700418"	"ERP132580"	"testis"	"Sertoli"	NA	NA	NA	"CL:0000216"	"Sertoli cell"	"perfect match"	"SN181"	NA	8
"CAGCCGATCGCAGGCT"	""	"ERX6700418"	"ERP132580"	"testis"	"Sertoli"	NA	NA	NA	"CL:0000216"	"Sertoli cell"	"perfect match"	"SN181"	NA	8
"CAGCCGATCTGATACG"	""	"ERX6700418"	"ERP132580"	"testis"	"Early_Round_spermatids"	NA	NA	NA	"CL:4030036"	"early spermatid"	"perfect match"	"SN181"	NA	2
"CAGCCGATCTGGAGCC"	""	"ERX6700418"	"ERP132580"	"testis"	"Sertoli"	NA	NA	NA	"CL:0000216"	"Sertoli cell"	"perfect match"	"SN181"	NA	8
"CAGCGACAGTGGAGAA"	""	"ERX6700418"	"ERP132580"	"testis"	"Elongated_spermatids"	NA	NA	NA	"CL:4030037"	"late spermatid"	"perfect match"	"SN181"	NA	4
"CAGCGACCAACGATCT"	""	"ERX6700418"	"ERP132580"	"testis"	"Leptotene_Spermatocytes"	NA	NA	NA	"CL:0000017"	"spermatocyte"	"missing child term"	"SN181"	NA	7
"CAGCGACCATACTACG"	""	"ERX6700418"	"ERP132580"	"testis"	"Elongated_spermatids"	NA	NA	NA	"CL:4030037"	"late spermatid"	"perfect match"	"SN181"	NA	4
"CAGCGACGTAGTACCT"	""	"ERX6700418"	"ERP132580"	"testis"	"Zygotene_Spermatocytes"	NA	NA	NA	"CL:0000017"	"spermatocyte"	"missing child term"	"SN181"	NA	11
"CAGCGACTCACCGTAA"	""	"ERX6700418"	"ERP132580"	"testis"	"Late_Round_spermatids"	NA	NA	NA	"CL:4030036"	"early spermatid"	"other"	"SN181"	NA	5
"CAGCGACTCGAATCCA"	""	"ERX6700418"	"ERP132580"	"testis"	"Elongated_spermatids"	NA	NA	NA	"CL:4030037"	"late spermatid"	"perfect match"	"SN181"	NA	4
"CAGCGACTCGGCATCG"	""	"ERX6700418"	"ERP132580"	"testis"	"Pachytene_Spermatocytes"	NA	NA	NA	"CL:0000017"	"spermatocyte"	"missing child term"	"SN181"	NA	6
"CAGCTAAAGTTTCCTT"	""	"ERX6700418"	"ERP132580"	"testis"	"Elongated_spermatids"	NA	NA	NA	"CL:4030037"	"late spermatid"	"perfect match"	"SN181"	NA	4
"CAGCTAAGTCGTTGTA"	""	"ERX6700418"	"ERP132580"	"testis"	"Differentiated_Spermatogonia"	NA	NA	NA	"CL:0000020"	"spermatogonium"	"perfect match"	"SN181"	NA	9
"CAGCTGGCAGCATACT"	""	"ERX6700418"	"ERP132580"	"testis"	"Zygotene_Spermatocytes"	NA	NA	NA	"CL:0000017"	"spermatocyte"	"missing child term"	"SN181"	NA	11
"CAGCTGGGTACAGCAG"	""	"ERX6700418"	"ERP132580"	"testis"	"Other_somatic"	NA	NA	NA	"CL:0002371"	"somatic cell"	"perfect match"	"SN181"	NA	3
"CAGCTGGGTCCAGTTA"	""	"ERX6700418"	"ERP132580"	"testis"	"Early_Round_spermatids"	NA	NA	NA	"CL:4030036"	"early spermatid"	"perfect match"	"SN181"	NA	2
"CAGCTGGGTCCCGACA"	""	"ERX6700418"	"ERP132580"	"testis"	"Pachytene_Spermatocytes"	NA	NA	NA	"CL:0000017"	"spermatocyte"	"missing child term"	"SN181"	NA	6
"CAGCTGGGTCCGAACC"	""	"ERX6700418"	"ERP132580"	"testis"	"Elongated_spermatids"	NA	NA	NA	"CL:4030037"	"late spermatid"	"perfect match"	"SN181"	NA	4
"CAGCTGGTCAAACCGT"	""	"ERX6700418"	"ERP132580"	"testis"	"Elongated_spermatids"	NA	NA	NA	"CL:4030037"	"late spermatid"	"perfect match"	"SN181"	NA	4
"CAGCTGGTCACGACTA"	""	"ERX6700418"	"ERP132580"	"testis"	"Pachytene_Spermatocytes"	NA	NA	NA	"CL:0000017"	"spermatocyte"	"missing child term"	"SN181"	NA	6
"CAGCTGGTCAGAAATG"	""	"ERX6700418"	"ERP132580"	"testis"	"Leptotene_Spermatocytes"	NA	NA	NA	"CL:0000017"	"spermatocyte"	"missing child term"	"SN181"	NA	7
"CAGCTGGTCAGCGATT"	""	"ERX6700418"	"ERP132580"	"testis"	"Elongated_spermatids"	NA	NA	NA	"CL:4030037"	"late spermatid"	"perfect match"	"SN181"	NA	4
"CAGCTGGTCTTTACAC"	""	"ERX6700418"	"ERP132580"	"testis"	""	NA	NA	NA	"CL:0000000"	"cell"	"other"	"SN181"	NA	10
"CAGGTGCAGCTGAACG"	""	"ERX6700418"	"ERP132580"	"testis"	"Zygotene_Spermatocytes"	NA	NA	NA	"CL:0000017"	"spermatocyte"	"missing child term"	"SN181"	NA	11
"CAGGTGCCACCAGGCT"	""	"ERX6700418"	"ERP132580"	"testis"	"Elongated_spermatids"	NA	NA	NA	"CL:4030037"	"late spermatid"	"perfect match"	"SN181"	NA	4
"CAGGTGCGTCATATCG"	""	"ERX6700418"	"ERP132580"	"testis"	"Undifferentiated_Spermatogonia"	NA	NA	NA	"CL:0000016"	"male germ line stem cell"	"other"	"SN181"	NA	1
"CAGGTGCGTCTAAACC"	""	"ERX6700418"	"ERP132580"	"testis"	"Leptotene_Spermatocytes"	NA	NA	NA	"CL:0000017"	"spermatocyte"	"missing child term"	"SN181"	NA	7
"CAGGTGCGTGTAATGA"	""	"ERX6700418"	"ERP132580"	"testis"	"Elongated_spermatids"	NA	NA	NA	"CL:4030037"	"late spermatid"	"perfect match"	"SN181"	NA	4
"CAGGTGCGTGTTGGGA"	""	"ERX6700418"	"ERP132580"	"testis"	"Zygotene_Spermatocytes"	NA	NA	NA	"CL:0000017"	"spermatocyte"	"missing child term"	"SN181"	NA	11
"CAGGTGCGTTCGAATC"	""	"ERX6700418"	"ERP132580"	"testis"	"Leptotene_Spermatocytes"	NA	NA	NA	"CL:0000017"	"spermatocyte"	"missing child term"	"SN181"	NA	7
"CAGGTGCTCTTGTATC"	""	"ERX6700418"	"ERP132580"	"testis"	"Late_Round_spermatids"	NA	NA	NA	"CL:4030036"	"early spermatid"	"other"	"SN181"	NA	5
"CAGTAACAGCGTGTCC"	""	"ERX6700418"	"ERP132580"	"testis"	"Sertoli"	NA	NA	NA	"CL:0000216"	"Sertoli cell"	"perfect match"	"SN181"	NA	8
"CAGTAACCACGAGGTA"	""	"ERX6700418"	"ERP132580"	"testis"	"Pachytene_Spermatocytes"	NA	NA	NA	"CL:0000017"	"spermatocyte"	"missing child term"	"SN181"	NA	6
"CAGTAACGTCGCTTCT"	""	"ERX6700418"	"ERP132580"	"testis"	"Pachytene_Spermatocytes"	NA	NA	NA	"CL:0000017"	"spermatocyte"	"missing child term"	"SN181"	NA	6
"CAGTAACTCCTCATTA"	""	"ERX6700418"	"ERP132580"	"testis"	"Sertoli"	NA	NA	NA	"CL:0000216"	"Sertoli cell"	"perfect match"	"SN181"	NA	8
"CAGTAACTCCTTGACC"	""	"ERX6700418"	"ERP132580"	"testis"	"Zygotene_Spermatocytes"	NA	NA	NA	"CL:0000017"	"spermatocyte"	"missing child term"	"SN181"	NA	11
"CAGTCCTAGGGATACC"	""	"ERX6700418"	"ERP132580"	"testis"	"Undifferentiated_Spermatogonia"	NA	NA	NA	"CL:0000016"	"male germ line stem cell"	"other"	"SN181"	NA	1
"CAGTCCTAGTTAGGTA"	""	"ERX6700418"	"ERP132580"	"testis"	"Elongated_spermatids"	NA	NA	NA	"CL:4030037"	"late spermatid"	"perfect match"	"SN181"	NA	4
"CAGTCCTTCCTGTAGA"	""	"ERX6700418"	"ERP132580"	"testis"	"Differentiated_Spermatogonia"	NA	NA	NA	"CL:0000020"	"spermatogonium"	"perfect match"	"SN181"	NA	9
"CAGTCCTTCTTTCCTC"	""	"ERX6700418"	"ERP132580"	"testis"	"Late_Round_spermatids"	NA	NA	NA	"CL:4030036"	"early spermatid"	"other"	"SN181"	NA	5
"CATATGGAGAAACGAG"	""	"ERX6700418"	"ERP132580"	"testis"	"Elongated_spermatids"	NA	NA	NA	"CL:4030037"	"late spermatid"	"perfect match"	"SN181"	NA	4
"CATATGGAGAGCTGCA"	""	"ERX6700418"	"ERP132580"	"testis"	"Elongated_spermatids"	NA	NA	NA	"CL:4030037"	"late spermatid"	"perfect match"	"SN181"	NA	4
"CATATGGAGTGAATTG"	""	"ERX6700418"	"ERP132580"	"testis"	"Other_somatic"	NA	NA	NA	"CL:0002371"	"somatic cell"	"perfect match"	"SN181"	NA	3
"CATATGGCATTCCTCG"	""	"ERX6700418"	"ERP132580"	"testis"	"Early_Round_spermatids"	NA	NA	NA	"CL:4030036"	"early spermatid"	"perfect match"	"SN181"	NA	2
"CATATGGGTCCGAACC"	""	"ERX6700418"	"ERP132580"	"testis"	"Late_Round_spermatids"	NA	NA	NA	"CL:4030036"	"early spermatid"	"other"	"SN181"	NA	5
"CATATGGGTTGAGGTG"	""	"ERX6700418"	"ERP132580"	"testis"	"Elongated_spermatids"	NA	NA	NA	"CL:4030037"	"late spermatid"	"perfect match"	"SN181"	NA	4
"CATATGGGTTGCTCCT"	""	"ERX6700418"	"ERP132580"	"testis"	"Pachytene_Spermatocytes"	NA	NA	NA	"CL:0000017"	"spermatocyte"	"missing child term"	"SN181"	NA	6
"CATATGGTCTGTTGAG"	""	"ERX6700418"	"ERP132580"	"testis"	"Late_Round_spermatids"	NA	NA	NA	"CL:4030036"	"early spermatid"	"other"	"SN181"	NA	5
"CATATTCAGAACTGTA"	""	"ERX6700418"	"ERP132580"	"testis"	"Pachytene_Spermatocytes"	NA	NA	NA	"CL:0000017"	"spermatocyte"	"missing child term"	"SN181"	NA	6
"CATATTCAGAGACTAT"	""	"ERX6700418"	"ERP132580"	"testis"	"Other_somatic"	NA	NA	NA	"CL:0002371"	"somatic cell"	"perfect match"	"SN181"	NA	3
"CATATTCAGGGCTCTC"	""	"ERX6700418"	"ERP132580"	"testis"	"Leptotene_Spermatocytes"	NA	NA	NA	"CL:0000017"	"spermatocyte"	"missing child term"	"SN181"	NA	7
"CATATTCCATGTTGAC"	""	"ERX6700418"	"ERP132580"	"testis"	"Pachytene_Spermatocytes"	NA	NA	NA	"CL:0000017"	"spermatocyte"	"missing child term"	"SN181"	NA	6
"CATATTCTCGACAGCC"	""	"ERX6700418"	"ERP132580"	"testis"	"Elongated_spermatids"	NA	NA	NA	"CL:4030037"	"late spermatid"	"perfect match"	"SN181"	NA	4
"CATCAAGAGGATATAC"	""	"ERX6700418"	"ERP132580"	"testis"	"Early_Round_spermatids"	NA	NA	NA	"CL:4030036"	"early spermatid"	"perfect match"	"SN181"	NA	2
"CATCAAGCACATCCAA"	""	"ERX6700418"	"ERP132580"	"testis"	"Late_Round_spermatids"	NA	NA	NA	"CL:4030036"	"early spermatid"	"other"	"SN181"	NA	5
"CATCAAGCAGCCAGAA"	""	"ERX6700418"	"ERP132580"	"testis"	"Elongated_spermatids"	NA	NA	NA	"CL:4030037"	"late spermatid"	"perfect match"	"SN181"	NA	4
"CATCAAGCATGTTGAC"	""	"ERX6700418"	"ERP132580"	"testis"	"Pachytene_Spermatocytes"	NA	NA	NA	"CL:0000017"	"spermatocyte"	"missing child term"	"SN181"	NA	6
"CATCAAGGTAAACGCG"	""	"ERX6700418"	"ERP132580"	"testis"	"Elongated_spermatids"	NA	NA	NA	"CL:4030037"	"late spermatid"	"perfect match"	"SN181"	NA	4
"CATCAAGGTAAGTGGC"	""	"ERX6700418"	"ERP132580"	"testis"	"Sertoli"	NA	NA	NA	"CL:0000216"	"Sertoli cell"	"perfect match"	"SN181"	NA	8
"CATCAAGGTAGGGACT"	""	"ERX6700418"	"ERP132580"	"testis"	"Sertoli"	NA	NA	NA	"CL:0000216"	"Sertoli cell"	"perfect match"	"SN181"	NA	8
"CATCAAGGTGGGTATG"	""	"ERX6700418"	"ERP132580"	"testis"	"Sertoli"	NA	NA	NA	"CL:0000216"	"Sertoli cell"	"perfect match"	"SN181"	NA	8
"CATCAAGTCGGTTCGG"	""	"ERX6700418"	"ERP132580"	"testis"	"Early_Round_spermatids"	NA	NA	NA	"CL:4030036"	"early spermatid"	"perfect match"	"SN181"	NA	2
"CATCAGAAGAGAACAG"	""	"ERX6700418"	"ERP132580"	"testis"	"Differentiated_Spermatogonia"	NA	NA	NA	"CL:0000020"	"spermatogonium"	"perfect match"	"SN181"	NA	9
"CATCAGAAGCCAGTAG"	""	"ERX6700418"	"ERP132580"	"testis"	"Early_Round_spermatids"	NA	NA	NA	"CL:4030036"	"early spermatid"	"perfect match"	"SN181"	NA	2
"CATCAGAAGCTAGTGG"	""	"ERX6700418"	"ERP132580"	"testis"	"Late_Round_spermatids"	NA	NA	NA	"CL:4030036"	"early spermatid"	"other"	"SN181"	NA	5
"CATCAGAAGGCGACAT"	""	"ERX6700418"	"ERP132580"	"testis"	"Pachytene_Spermatocytes"	NA	NA	NA	"CL:0000017"	"spermatocyte"	"missing child term"	"SN181"	NA	6
"CATCAGAAGGGATACC"	""	"ERX6700418"	"ERP132580"	"testis"	"Late_Round_spermatids"	NA	NA	NA	"CL:4030036"	"early spermatid"	"other"	"SN181"	NA	5
"CATCAGAAGTCTCGGC"	""	"ERX6700418"	"ERP132580"	"testis"	"Pachytene_Spermatocytes"	NA	NA	NA	"CL:0000017"	"spermatocyte"	"missing child term"	"SN181"	NA	6
"CATCAGACACCGCTAG"	""	"ERX6700418"	"ERP132580"	"testis"	"Differentiated_Spermatogonia"	NA	NA	NA	"CL:0000020"	"spermatogonium"	"perfect match"	"SN181"	NA	9
"CATCAGACAGACGCAA"	""	"ERX6700418"	"ERP132580"	"testis"	"Other_somatic"	NA	NA	NA	"CL:0002371"	"somatic cell"	"perfect match"	"SN181"	NA	3
"CATCAGAGTCATCCCT"	""	"ERX6700418"	"ERP132580"	"testis"	"Sertoli"	NA	NA	NA	"CL:0000216"	"Sertoli cell"	"perfect match"	"SN181"	NA	8
"CATCAGAGTGACCAAG"	""	"ERX6700418"	"ERP132580"	"testis"	"Differentiated_Spermatogonia"	NA	NA	NA	"CL:0000020"	"spermatogonium"	"perfect match"	"SN181"	NA	9
"CATCAGATCAGAGGTG"	""	"ERX6700418"	"ERP132580"	"testis"	"Sertoli"	NA	NA	NA	"CL:0000216"	"Sertoli cell"	"perfect match"	"SN181"	NA	8
"CATCAGATCTGCTTGC"	""	"ERX6700418"	"ERP132580"	"testis"	"Elongated_spermatids"	NA	NA	NA	"CL:4030037"	"late spermatid"	"perfect match"	"SN181"	NA	4
"CATCCACAGAGGGCTT"	""	"ERX6700418"	"ERP132580"	"testis"	"Pachytene_Spermatocytes"	NA	NA	NA	"CL:0000017"	"spermatocyte"	"missing child term"	"SN181"	NA	6
"CATCCACAGATCCCGC"	""	"ERX6700418"	"ERP132580"	"testis"	"Sertoli"	NA	NA	NA	"CL:0000216"	"Sertoli cell"	"perfect match"	"SN181"	NA	8
"CATCCACCAAGTAATG"	""	"ERX6700418"	"ERP132580"	"testis"	"Zygotene_Spermatocytes"	NA	NA	NA	"CL:0000017"	"spermatocyte"	"missing child term"	"SN181"	NA	11
"CATCCACCATATGAGA"	""	"ERX6700418"	"ERP132580"	"testis"	"Pachytene_Spermatocytes"	NA	NA	NA	"CL:0000017"	"spermatocyte"	"missing child term"	"SN181"	NA	6
"CATCCACGTACACCGC"	""	"ERX6700418"	"ERP132580"	"testis"	"Pachytene_Spermatocytes"	NA	NA	NA	"CL:0000017"	"spermatocyte"	"missing child term"	"SN181"	NA	6
"CATCCACGTCGTTGTA"	""	"ERX6700418"	"ERP132580"	"testis"	"Pachytene_Spermatocytes"	NA	NA	NA	"CL:0000017"	"spermatocyte"	"missing child term"	"SN181"	NA	6
"CATCCACGTCTTTCAT"	""	"ERX6700418"	"ERP132580"	"testis"	"Elongated_spermatids"	NA	NA	NA	"CL:4030037"	"late spermatid"	"perfect match"	"SN181"	NA	4
"CATCCACGTTAAGGGC"	""	"ERX6700418"	"ERP132580"	"testis"	"Leptotene_Spermatocytes"	NA	NA	NA	"CL:0000017"	"spermatocyte"	"missing child term"	"SN181"	NA	7
"CATCCACTCATCGATG"	""	"ERX6700418"	"ERP132580"	"testis"	"Differentiated_Spermatogonia"	NA	NA	NA	"CL:0000020"	"spermatogonium"	"perfect match"	"SN181"	NA	9
"CATCCACTCATGCAAC"	""	"ERX6700418"	"ERP132580"	"testis"	""	NA	NA	NA	"CL:0000000"	"cell"	"other"	"SN181"	NA	10
"CATCCACTCGGTTCGG"	""	"ERX6700418"	"ERP132580"	"testis"	"Sertoli"	NA	NA	NA	"CL:0000216"	"Sertoli cell"	"perfect match"	"SN181"	NA	8
"CATCGAAAGACGCACA"	""	"ERX6700418"	"ERP132580"	"testis"	"Differentiated_Spermatogonia"	NA	NA	NA	"CL:0000020"	"spermatogonium"	"perfect match"	"SN181"	NA	9
"CATCGAAAGATCGATA"	""	"ERX6700418"	"ERP132580"	"testis"	"Leptotene_Spermatocytes"	NA	NA	NA	"CL:0000017"	"spermatocyte"	"missing child term"	"SN181"	NA	7
"CATCGAAAGTTGTCGT"	""	"ERX6700418"	"ERP132580"	"testis"	"Differentiated_Spermatogonia"	NA	NA	NA	"CL:0000020"	"spermatogonium"	"perfect match"	"SN181"	NA	9
"CATCGAACAGCGTCCA"	""	"ERX6700418"	"ERP132580"	"testis"	"Pachytene_Spermatocytes"	NA	NA	NA	"CL:0000017"	"spermatocyte"	"missing child term"	"SN181"	NA	6
"CATCGAATCCTAGTGA"	""	"ERX6700418"	"ERP132580"	"testis"	"Sertoli"	NA	NA	NA	"CL:0000216"	"Sertoli cell"	"perfect match"	"SN181"	NA	8
"CATCGGGAGGTGGGTT"	""	"ERX6700418"	"ERP132580"	"testis"	"Elongated_spermatids"	NA	NA	NA	"CL:4030037"	"late spermatid"	"perfect match"	"SN181"	NA	4
"CATCGGGCAATCCGAT"	""	"ERX6700418"	"ERP132580"	"testis"	"Sertoli"	NA	NA	NA	"CL:0000216"	"Sertoli cell"	"perfect match"	"SN181"	NA	8
"CATCGGGCATCCGGGT"	""	"ERX6700418"	"ERP132580"	"testis"	"Pachytene_Spermatocytes"	NA	NA	NA	"CL:0000017"	"spermatocyte"	"missing child term"	"SN181"	NA	6
"CATCGGGGTCCTCCAT"	""	"ERX6700418"	"ERP132580"	"testis"	"Sertoli"	NA	NA	NA	"CL:0000216"	"Sertoli cell"	"perfect match"	"SN181"	NA	8
"CATCGGGGTCGGGTCT"	""	"ERX6700418"	"ERP132580"	"testis"	"Late_Round_spermatids"	NA	NA	NA	"CL:4030036"	"early spermatid"	"other"	"SN181"	NA	5
"CATCGGGGTCTACCTC"	""	"ERX6700418"	"ERP132580"	"testis"	"Sertoli"	NA	NA	NA	"CL:0000216"	"Sertoli cell"	"perfect match"	"SN181"	NA	8
"CATCGGGTCCGCGCAA"	""	"ERX6700418"	"ERP132580"	"testis"	"Early_Round_spermatids"	NA	NA	NA	"CL:4030036"	"early spermatid"	"perfect match"	"SN181"	NA	2
"CATCGGGTCCTAGAAC"	""	"ERX6700418"	"ERP132580"	"testis"	"Pachytene_Spermatocytes"	NA	NA	NA	"CL:0000017"	"spermatocyte"	"missing child term"	"SN181"	NA	6
"CATGACAAGCCGTCGT"	""	"ERX6700418"	"ERP132580"	"testis"	"Leptotene_Spermatocytes"	NA	NA	NA	"CL:0000017"	"spermatocyte"	"missing child term"	"SN181"	NA	7
"CATGACAAGGCAATTA"	""	"ERX6700418"	"ERP132580"	"testis"	"Late_Round_spermatids"	NA	NA	NA	"CL:4030036"	"early spermatid"	"other"	"SN181"	NA	5
"CATGACACAAGCGATG"	""	"ERX6700418"	"ERP132580"	"testis"	"Sertoli"	NA	NA	NA	"CL:0000216"	"Sertoli cell"	"perfect match"	"SN181"	NA	8
"CATGACACAGTTAACC"	""	"ERX6700418"	"ERP132580"	"testis"	"Undifferentiated_Spermatogonia"	NA	NA	NA	"CL:0000016"	"male germ line stem cell"	"other"	"SN181"	NA	1
"CATGACAGTCCCTTGT"	""	"ERX6700418"	"ERP132580"	"testis"	"Elongated_spermatids"	NA	NA	NA	"CL:4030037"	"late spermatid"	"perfect match"	"SN181"	NA	4
"CATGACATCATCGGAT"	""	"ERX6700418"	"ERP132580"	"testis"	"Sertoli"	NA	NA	NA	"CL:0000216"	"Sertoli cell"	"perfect match"	"SN181"	NA	8
"CATGACATCATGCATG"	""	"ERX6700418"	"ERP132580"	"testis"	"Pachytene_Spermatocytes"	NA	NA	NA	"CL:0000017"	"spermatocyte"	"missing child term"	"SN181"	NA	6
"CATGACATCGCCTGAG"	""	"ERX6700418"	"ERP132580"	"testis"	"Pachytene_Spermatocytes"	NA	NA	NA	"CL:0000017"	"spermatocyte"	"missing child term"	"SN181"	NA	6
"CATGCCTAGCAGGCTA"	""	"ERX6700418"	"ERP132580"	"testis"	"Pachytene_Spermatocytes"	NA	NA	NA	"CL:0000017"	"spermatocyte"	"missing child term"	"SN181"	NA	6
"CATGCCTAGTCCGTAT"	""	"ERX6700418"	"ERP132580"	"testis"	"Elongated_spermatids"	NA	NA	NA	"CL:4030037"	"late spermatid"	"perfect match"	"SN181"	NA	4
"CATGCCTCAACACGCC"	""	"ERX6700418"	"ERP132580"	"testis"	"Elongated_spermatids"	NA	NA	NA	"CL:4030037"	"late spermatid"	"perfect match"	"SN181"	NA	4
"CATGCCTCACTAGTAC"	""	"ERX6700418"	"ERP132580"	"testis"	"Zygotene_Spermatocytes"	NA	NA	NA	"CL:0000017"	"spermatocyte"	"missing child term"	"SN181"	NA	11
"CATGCCTGTAAGGATT"	""	"ERX6700418"	"ERP132580"	"testis"	"Elongated_spermatids"	NA	NA	NA	"CL:4030037"	"late spermatid"	"perfect match"	"SN181"	NA	4
"CATGCCTGTGTAACGG"	""	"ERX6700418"	"ERP132580"	"testis"	"Early_Round_spermatids"	NA	NA	NA	"CL:4030036"	"early spermatid"	"perfect match"	"SN181"	NA	2
"CATGCCTTCGACCAGC"	""	"ERX6700418"	"ERP132580"	"testis"	"Early_Round_spermatids"	NA	NA	NA	"CL:4030036"	"early spermatid"	"perfect match"	"SN181"	NA	2
"CATGCCTTCGCGTAGC"	""	"ERX6700418"	"ERP132580"	"testis"	"Leptotene_Spermatocytes"	NA	NA	NA	"CL:0000017"	"spermatocyte"	"missing child term"	"SN181"	NA	7
"CATGCCTTCTTCCTTC"	""	"ERX6700418"	"ERP132580"	"testis"	"Differentiated_Spermatogonia"	NA	NA	NA	"CL:0000020"	"spermatogonium"	"perfect match"	"SN181"	NA	9
"CATGGCGAGCGTTGCC"	""	"ERX6700418"	"ERP132580"	"testis"	"Sertoli"	NA	NA	NA	"CL:0000216"	"Sertoli cell"	"perfect match"	"SN181"	NA	8
"CATGGCGCAACTGCTA"	""	"ERX6700418"	"ERP132580"	"testis"	"Undifferentiated_Spermatogonia"	NA	NA	NA	"CL:0000016"	"male germ line stem cell"	"other"	"SN181"	NA	1
"CATGGCGCAAGCCGTC"	""	"ERX6700418"	"ERP132580"	"testis"	"Differentiated_Spermatogonia"	NA	NA	NA	"CL:0000020"	"spermatogonium"	"perfect match"	"SN181"	NA	9
"CATGGCGCAATACGCT"	""	"ERX6700418"	"ERP132580"	"testis"	"Zygotene_Spermatocytes"	NA	NA	NA	"CL:0000017"	"spermatocyte"	"missing child term"	"SN181"	NA	11
"CATGGCGCACTATCTT"	""	"ERX6700418"	"ERP132580"	"testis"	"Early_Round_spermatids"	NA	NA	NA	"CL:4030036"	"early spermatid"	"perfect match"	"SN181"	NA	2
"CATGGCGCATATGCTG"	""	"ERX6700418"	"ERP132580"	"testis"	"Pachytene_Spermatocytes"	NA	NA	NA	"CL:0000017"	"spermatocyte"	"missing child term"	"SN181"	NA	6
"CATGGCGGTCGCGGTT"	""	"ERX6700418"	"ERP132580"	"testis"	"Zygotene_Spermatocytes"	NA	NA	NA	"CL:0000017"	"spermatocyte"	"missing child term"	"SN181"	NA	11
"CATGGCGGTGTTTGGT"	""	"ERX6700418"	"ERP132580"	"testis"	"Pachytene_Spermatocytes"	NA	NA	NA	"CL:0000017"	"spermatocyte"	"missing child term"	"SN181"	NA	6
"CATGGCGTCTCTTGAT"	""	"ERX6700418"	"ERP132580"	"testis"	"Early_Round_spermatids"	NA	NA	NA	"CL:4030036"	"early spermatid"	"perfect match"	"SN181"	NA	2
"CATTATCCACACCGAC"	""	"ERX6700418"	"ERP132580"	"testis"	"Zygotene_Spermatocytes"	NA	NA	NA	"CL:0000017"	"spermatocyte"	"missing child term"	"SN181"	NA	11
"CATTATCCACTGTCGG"	""	"ERX6700418"	"ERP132580"	"testis"	"Differentiated_Spermatogonia"	NA	NA	NA	"CL:0000020"	"spermatogonium"	"perfect match"	"SN181"	NA	9
"CATTATCCAGTACACT"	""	"ERX6700418"	"ERP132580"	"testis"	"Undifferentiated_Spermatogonia"	NA	NA	NA	"CL:0000016"	"male germ line stem cell"	"other"	"SN181"	NA	1
"CATTATCCATGTTGAC"	""	"ERX6700418"	"ERP132580"	"testis"	"Undifferentiated_Spermatogonia"	NA	NA	NA	"CL:0000016"	"male germ line stem cell"	"other"	"SN181"	NA	1
"CATTATCGTCTCTCTG"	""	"ERX6700418"	"ERP132580"	"testis"	"Zygotene_Spermatocytes"	NA	NA	NA	"CL:0000017"	"spermatocyte"	"missing child term"	"SN181"	NA	11
"CATTATCGTCTGGAGA"	""	"ERX6700418"	"ERP132580"	"testis"	"Pachytene_Spermatocytes"	NA	NA	NA	"CL:0000017"	"spermatocyte"	"missing child term"	"SN181"	NA	6
"CATTATCGTGTGACCC"	""	"ERX6700418"	"ERP132580"	"testis"	"Pachytene_Spermatocytes"	NA	NA	NA	"CL:0000017"	"spermatocyte"	"missing child term"	"SN181"	NA	6
"CATTATCTCACGAAGG"	""	"ERX6700418"	"ERP132580"	"testis"	"Zygotene_Spermatocytes"	NA	NA	NA	"CL:0000017"	"spermatocyte"	"missing child term"	"SN181"	NA	11
"CATTATCTCTGGCGAC"	""	"ERX6700418"	"ERP132580"	"testis"	"Elongated_spermatids"	NA	NA	NA	"CL:4030037"	"late spermatid"	"perfect match"	"SN181"	NA	4
"CATTCGCAGATGAGAG"	""	"ERX6700418"	"ERP132580"	"testis"	"Sertoli"	NA	NA	NA	"CL:0000216"	"Sertoli cell"	"perfect match"	"SN181"	NA	8
"CATTCGCAGGACGAAA"	""	"ERX6700418"	"ERP132580"	"testis"	"Zygotene_Spermatocytes"	NA	NA	NA	"CL:0000017"	"spermatocyte"	"missing child term"	"SN181"	NA	11
"CATTCGCCACATAACC"	""	"ERX6700418"	"ERP132580"	"testis"	"Leptotene_Spermatocytes"	NA	NA	NA	"CL:0000017"	"spermatocyte"	"missing child term"	"SN181"	NA	7
"CATTCGCGTAGGAGTC"	""	"ERX6700418"	"ERP132580"	"testis"	"Elongated_spermatids"	NA	NA	NA	"CL:4030037"	"late spermatid"	"perfect match"	"SN181"	NA	4
"CATTCGCGTTCCACGG"	""	"ERX6700418"	"ERP132580"	"testis"	"Leptotene_Spermatocytes"	NA	NA	NA	"CL:0000017"	"spermatocyte"	"missing child term"	"SN181"	NA	7
"CATTCGCGTTTGGGCC"	""	"ERX6700418"	"ERP132580"	"testis"	"Early_Round_spermatids"	NA	NA	NA	"CL:4030036"	"early spermatid"	"perfect match"	"SN181"	NA	2
"CATTCGCTCTACGAGT"	""	"ERX6700418"	"ERP132580"	"testis"	"Elongated_spermatids"	NA	NA	NA	"CL:4030037"	"late spermatid"	"perfect match"	"SN181"	NA	4
"CCAATCCAGAGATGAG"	""	"ERX6700418"	"ERP132580"	"testis"	"Early_Round_spermatids"	NA	NA	NA	"CL:4030036"	"early spermatid"	"perfect match"	"SN181"	NA	2
"CCAATCCAGTAGCGGT"	""	"ERX6700418"	"ERP132580"	"testis"	"Elongated_spermatids"	NA	NA	NA	"CL:4030037"	"late spermatid"	"perfect match"	"SN181"	NA	4
"CCAATCCCATGCCCGA"	""	"ERX6700418"	"ERP132580"	"testis"	"Undifferentiated_Spermatogonia"	NA	NA	NA	"CL:0000016"	"male germ line stem cell"	"other"	"SN181"	NA	1
"CCAATCCGTAAGCACG"	""	"ERX6700418"	"ERP132580"	"testis"	"Late_Round_spermatids"	NA	NA	NA	"CL:4030036"	"early spermatid"	"other"	"SN181"	NA	5
"CCAATCCGTAAGGATT"	""	"ERX6700418"	"ERP132580"	"testis"	"Late_Round_spermatids"	NA	NA	NA	"CL:4030036"	"early spermatid"	"other"	"SN181"	NA	5
"CCAATCCTCAACACTG"	""	"ERX6700418"	"ERP132580"	"testis"	"Zygotene_Spermatocytes"	NA	NA	NA	"CL:0000017"	"spermatocyte"	"missing child term"	"SN181"	NA	11
"CCAATCCTCAGCTGGC"	""	"ERX6700418"	"ERP132580"	"testis"	"Differentiated_Spermatogonia"	NA	NA	NA	"CL:0000020"	"spermatogonium"	"perfect match"	"SN181"	NA	9
"CCAATCCTCAGTCAGT"	""	"ERX6700418"	"ERP132580"	"testis"	"Other_somatic"	NA	NA	NA	"CL:0002371"	"somatic cell"	"perfect match"	"SN181"	NA	3
"CCACCTACACATAACC"	""	"ERX6700418"	"ERP132580"	"testis"	"Leptotene_Spermatocytes"	NA	NA	NA	"CL:0000017"	"spermatocyte"	"missing child term"	"SN181"	NA	7
"CCACCTACACCTGGTG"	""	"ERX6700418"	"ERP132580"	"testis"	"Zygotene_Spermatocytes"	NA	NA	NA	"CL:0000017"	"spermatocyte"	"missing child term"	"SN181"	NA	11
"CCACCTATCATCGATG"	""	"ERX6700418"	"ERP132580"	"testis"	"Elongated_spermatids"	NA	NA	NA	"CL:4030037"	"late spermatid"	"perfect match"	"SN181"	NA	4
"CCACCTATCCTTCAAT"	""	"ERX6700418"	"ERP132580"	"testis"	"Undifferentiated_Spermatogonia"	NA	NA	NA	"CL:0000016"	"male germ line stem cell"	"other"	"SN181"	NA	1
"CCACGGAAGCAGATCG"	""	"ERX6700418"	"ERP132580"	"testis"	"Late_Round_spermatids"	NA	NA	NA	"CL:4030036"	"early spermatid"	"other"	"SN181"	NA	5
"CCACGGACAGATGGGT"	""	"ERX6700418"	"ERP132580"	"testis"	"Elongated_spermatids"	NA	NA	NA	"CL:4030037"	"late spermatid"	"perfect match"	"SN181"	NA	4
"CCACGGACAGCTGCTG"	""	"ERX6700418"	"ERP132580"	"testis"	"Elongated_spermatids"	NA	NA	NA	"CL:4030037"	"late spermatid"	"perfect match"	"SN181"	NA	4
"CCACGGACATACCATG"	""	"ERX6700418"	"ERP132580"	"testis"	"Sertoli"	NA	NA	NA	"CL:0000216"	"Sertoli cell"	"perfect match"	"SN181"	NA	8
"CCACGGAGTCGGCATC"	""	"ERX6700418"	"ERP132580"	"testis"	"Leptotene_Spermatocytes"	NA	NA	NA	"CL:0000017"	"spermatocyte"	"missing child term"	"SN181"	NA	7
"CCACGGATCCAACCAA"	""	"ERX6700418"	"ERP132580"	"testis"	"Elongated_spermatids"	NA	NA	NA	"CL:4030037"	"late spermatid"	"perfect match"	"SN181"	NA	4
"CCACGGATCGGTTCGG"	""	"ERX6700418"	"ERP132580"	"testis"	"Differentiated_Spermatogonia"	NA	NA	NA	"CL:0000020"	"spermatogonium"	"perfect match"	"SN181"	NA	9
"CCACGGATCTGTCAAG"	""	"ERX6700418"	"ERP132580"	"testis"	"Pachytene_Spermatocytes"	NA	NA	NA	"CL:0000017"	"spermatocyte"	"missing child term"	"SN181"	NA	6
"CCACTACAGCCCTAAT"	""	"ERX6700418"	"ERP132580"	"testis"	"Elongated_spermatids"	NA	NA	NA	"CL:4030037"	"late spermatid"	"perfect match"	"SN181"	NA	4
"CCACTACAGCTGCAAG"	""	"ERX6700418"	"ERP132580"	"testis"	"Zygotene_Spermatocytes"	NA	NA	NA	"CL:0000017"	"spermatocyte"	"missing child term"	"SN181"	NA	11
"CCACTACAGTCCCACG"	""	"ERX6700418"	"ERP132580"	"testis"	"Early_Round_spermatids"	NA	NA	NA	"CL:4030036"	"early spermatid"	"perfect match"	"SN181"	NA	2
"CCACTACCAGCATGAG"	""	"ERX6700418"	"ERP132580"	"testis"	"Zygotene_Spermatocytes"	NA	NA	NA	"CL:0000017"	"spermatocyte"	"missing child term"	"SN181"	NA	11
"CCACTACGTAAGGATT"	""	"ERX6700418"	"ERP132580"	"testis"	"Late_Round_spermatids"	NA	NA	NA	"CL:4030036"	"early spermatid"	"other"	"SN181"	NA	5
"CCACTACTCCTGTAGA"	""	"ERX6700418"	"ERP132580"	"testis"	"Late_Round_spermatids"	NA	NA	NA	"CL:4030036"	"early spermatid"	"other"	"SN181"	NA	5
"CCAGCGAAGCGTGAAC"	""	"ERX6700418"	"ERP132580"	"testis"	"Elongated_spermatids"	NA	NA	NA	"CL:4030037"	"late spermatid"	"perfect match"	"SN181"	NA	4
"CCAGCGAAGGCGACAT"	""	"ERX6700418"	"ERP132580"	"testis"	"Sertoli"	NA	NA	NA	"CL:0000216"	"Sertoli cell"	"perfect match"	"SN181"	NA	8
"CCAGCGAAGGGCTTCC"	""	"ERX6700418"	"ERP132580"	"testis"	"Leptotene_Spermatocytes"	NA	NA	NA	"CL:0000017"	"spermatocyte"	"missing child term"	"SN181"	NA	7
"CCAGCGAAGTGTCTCA"	""	"ERX6700418"	"ERP132580"	"testis"	"Elongated_spermatids"	NA	NA	NA	"CL:4030037"	"late spermatid"	"perfect match"	"SN181"	NA	4
"CCAGCGACATTCACTT"	""	"ERX6700418"	"ERP132580"	"testis"	"Late_Round_spermatids"	NA	NA	NA	"CL:4030036"	"early spermatid"	"other"	"SN181"	NA	5
"CCAGCGATCTTTCCTC"	""	"ERX6700418"	"ERP132580"	"testis"	"Pachytene_Spermatocytes"	NA	NA	NA	"CL:0000017"	"spermatocyte"	"missing child term"	"SN181"	NA	6
"CCATGTCGTTACTGAC"	""	"ERX6700418"	"ERP132580"	"testis"	"Late_Round_spermatids"	NA	NA	NA	"CL:4030036"	"early spermatid"	"other"	"SN181"	NA	5
"CCATGTCTCACGATGT"	""	"ERX6700418"	"ERP132580"	"testis"	"Pachytene_Spermatocytes"	NA	NA	NA	"CL:0000017"	"spermatocyte"	"missing child term"	"SN181"	NA	6
"CCATGTCTCGTTTGCC"	""	"ERX6700418"	"ERP132580"	"testis"	"Early_Round_spermatids"	NA	NA	NA	"CL:4030036"	"early spermatid"	"perfect match"	"SN181"	NA	2
"CCATTCGGTCGATTGT"	""	"ERX6700418"	"ERP132580"	"testis"	"Undifferentiated_Spermatogonia"	NA	NA	NA	"CL:0000016"	"male germ line stem cell"	"other"	"SN181"	NA	1
"CCATTCGGTTAAGTAG"	""	"ERX6700418"	"ERP132580"	"testis"	"Other_somatic"	NA	NA	NA	"CL:0002371"	"somatic cell"	"perfect match"	"SN181"	NA	3
"CCATTCGGTTCTGAAC"	""	"ERX6700418"	"ERP132580"	"testis"	"Leptotene_Spermatocytes"	NA	NA	NA	"CL:0000017"	"spermatocyte"	"missing child term"	"SN181"	NA	7
"CCATTCGTCATTTGGG"	""	"ERX6700418"	"ERP132580"	"testis"	"Other_somatic"	NA	NA	NA	"CL:0002371"	"somatic cell"	"perfect match"	"SN181"	NA	3
"CCATTCGTCTGGGCCA"	""	"ERX6700418"	"ERP132580"	"testis"	"Other_somatic"	NA	NA	NA	"CL:0002371"	"somatic cell"	"perfect match"	"SN181"	NA	3
"CCCAATCAGAACTCGG"	""	"ERX6700418"	"ERP132580"	"testis"	"Leptotene_Spermatocytes"	NA	NA	NA	"CL:0000017"	"spermatocyte"	"missing child term"	"SN181"	NA	7
"CCCAATCAGAATGTTG"	""	"ERX6700418"	"ERP132580"	"testis"	"Zygotene_Spermatocytes"	NA	NA	NA	"CL:0000017"	"spermatocyte"	"missing child term"	"SN181"	NA	11
"CCCAATCCAATAGCGG"	""	"ERX6700418"	"ERP132580"	"testis"	"Sertoli"	NA	NA	NA	"CL:0000216"	"Sertoli cell"	"perfect match"	"SN181"	NA	8
"CCCAATCGTTTGTTGG"	""	"ERX6700418"	"ERP132580"	"testis"	"Leptotene_Spermatocytes"	NA	NA	NA	"CL:0000017"	"spermatocyte"	"missing child term"	"SN181"	NA	7
"CCCAATCTCCGTACAA"	""	"ERX6700418"	"ERP132580"	"testis"	"Late_Round_spermatids"	NA	NA	NA	"CL:4030036"	"early spermatid"	"other"	"SN181"	NA	5
"CCCAATCTCCTCTAGC"	""	"ERX6700418"	"ERP132580"	"testis"	"Sertoli"	NA	NA	NA	"CL:0000216"	"Sertoli cell"	"perfect match"	"SN181"	NA	8
"CCCAGTTAGATGGGTC"	""	"ERX6700418"	"ERP132580"	"testis"	"Elongated_spermatids"	NA	NA	NA	"CL:4030037"	"late spermatid"	"perfect match"	"SN181"	NA	4
"CCCAGTTAGCTAGTTC"	""	"ERX6700418"	"ERP132580"	"testis"	"Leptotene_Spermatocytes"	NA	NA	NA	"CL:0000017"	"spermatocyte"	"missing child term"	"SN181"	NA	7
"CCCAGTTAGTGGGCTA"	""	"ERX6700418"	"ERP132580"	"testis"	"Leptotene_Spermatocytes"	NA	NA	NA	"CL:0000017"	"spermatocyte"	"missing child term"	"SN181"	NA	7
"CCCAGTTCATCCTAGA"	""	"ERX6700418"	"ERP132580"	"testis"	"Zygotene_Spermatocytes"	NA	NA	NA	"CL:0000017"	"spermatocyte"	"missing child term"	"SN181"	NA	11
"CCCAGTTCATGGGACA"	""	"ERX6700418"	"ERP132580"	"testis"	"Zygotene_Spermatocytes"	NA	NA	NA	"CL:0000017"	"spermatocyte"	"missing child term"	"SN181"	NA	11
"CCCAGTTGTGAACCTT"	""	"ERX6700418"	"ERP132580"	"testis"	"Sertoli"	NA	NA	NA	"CL:0000216"	"Sertoli cell"	"perfect match"	"SN181"	NA	8
"CCCAGTTGTTAGATGA"	""	"ERX6700418"	"ERP132580"	"testis"	"Pachytene_Spermatocytes"	NA	NA	NA	"CL:0000017"	"spermatocyte"	"missing child term"	"SN181"	NA	6
"CCCAGTTTCAGAGGTG"	""	"ERX6700418"	"ERP132580"	"testis"	"Zygotene_Spermatocytes"	NA	NA	NA	"CL:0000017"	"spermatocyte"	"missing child term"	"SN181"	NA	11
"CCCAGTTTCTGGTATG"	""	"ERX6700418"	"ERP132580"	"testis"	"Sertoli"	NA	NA	NA	"CL:0000216"	"Sertoli cell"	"perfect match"	"SN181"	NA	8
"CCCATACAGAAGGTGA"	""	"ERX6700418"	"ERP132580"	"testis"	"Sertoli"	NA	NA	NA	"CL:0000216"	"Sertoli cell"	"perfect match"	"SN181"	NA	8
"CCCATACCAGGATTGG"	""	"ERX6700418"	"ERP132580"	"testis"	"Early_Round_spermatids"	NA	NA	NA	"CL:4030036"	"early spermatid"	"perfect match"	"SN181"	NA	2
"CCCATACGTAACGACG"	""	"ERX6700418"	"ERP132580"	"testis"	"Sertoli"	NA	NA	NA	"CL:0000216"	"Sertoli cell"	"perfect match"	"SN181"	NA	8
"CCCATACTCCAAACAC"	""	"ERX6700418"	"ERP132580"	"testis"	"Sertoli"	NA	NA	NA	"CL:0000216"	"Sertoli cell"	"perfect match"	"SN181"	NA	8
"CCCATACTCGTCCAGG"	""	"ERX6700418"	"ERP132580"	"testis"	"Leptotene_Spermatocytes"	NA	NA	NA	"CL:0000017"	"spermatocyte"	"missing child term"	"SN181"	NA	7
"CCCTCCTCAATACGCT"	""	"ERX6700418"	"ERP132580"	"testis"	"Pachytene_Spermatocytes"	NA	NA	NA	"CL:0000017"	"spermatocyte"	"missing child term"	"SN181"	NA	6
"CCCTCCTGTTGATTGC"	""	"ERX6700418"	"ERP132580"	"testis"	"Leptotene_Spermatocytes"	NA	NA	NA	"CL:0000017"	"spermatocyte"	"missing child term"	"SN181"	NA	7
"CCGGGATAGATAGTCA"	""	"ERX6700418"	"ERP132580"	"testis"	"Undifferentiated_Spermatogonia"	NA	NA	NA	"CL:0000016"	"male germ line stem cell"	"other"	"SN181"	NA	1
"CCGGGATAGCAGGCTA"	""	"ERX6700418"	"ERP132580"	"testis"	"Differentiated_Spermatogonia"	NA	NA	NA	"CL:0000020"	"spermatogonium"	"perfect match"	"SN181"	NA	9
"CCGGGATAGCGGCTTC"	""	"ERX6700418"	"ERP132580"	"testis"	"Elongated_spermatids"	NA	NA	NA	"CL:4030037"	"late spermatid"	"perfect match"	"SN181"	NA	4
"CCGGGATCAGCTGGCT"	""	"ERX6700418"	"ERP132580"	"testis"	"Sertoli"	NA	NA	NA	"CL:0000216"	"Sertoli cell"	"perfect match"	"SN181"	NA	8
"CCGGGATCAGTGGGAT"	""	"ERX6700418"	"ERP132580"	"testis"	"Late_Round_spermatids"	NA	NA	NA	"CL:4030036"	"early spermatid"	"other"	"SN181"	NA	5
"CCGGGATGTAGCTAAA"	""	"ERX6700418"	"ERP132580"	"testis"	"Early_Round_spermatids"	NA	NA	NA	"CL:4030036"	"early spermatid"	"perfect match"	"SN181"	NA	2
"CCGGGATGTCAGGACA"	""	"ERX6700418"	"ERP132580"	"testis"	"Zygotene_Spermatocytes"	NA	NA	NA	"CL:0000017"	"spermatocyte"	"missing child term"	"SN181"	NA	11
"CCGGGATGTCTGGAGA"	""	"ERX6700418"	"ERP132580"	"testis"	"Undifferentiated_Spermatogonia"	NA	NA	NA	"CL:0000016"	"male germ line stem cell"	"other"	"SN181"	NA	1
"CCGGGATTCAGTCCCT"	""	"ERX6700418"	"ERP132580"	"testis"	"Undifferentiated_Spermatogonia"	NA	NA	NA	"CL:0000016"	"male germ line stem cell"	"other"	"SN181"	NA	1
"CCGGTAGCAAACTGTC"	""	"ERX6700418"	"ERP132580"	"testis"	"Undifferentiated_Spermatogonia"	NA	NA	NA	"CL:0000016"	"male germ line stem cell"	"other"	"SN181"	NA	1
"CCGGTAGCAGCTGCTG"	""	"ERX6700418"	"ERP132580"	"testis"	"Undifferentiated_Spermatogonia"	NA	NA	NA	"CL:0000016"	"male germ line stem cell"	"other"	"SN181"	NA	1
"CCGGTAGCATAGGATA"	""	"ERX6700418"	"ERP132580"	"testis"	"Late_Round_spermatids"	NA	NA	NA	"CL:4030036"	"early spermatid"	"other"	"SN181"	NA	5
"CCGGTAGGTACTCGCG"	""	"ERX6700418"	"ERP132580"	"testis"	"Pachytene_Spermatocytes"	NA	NA	NA	"CL:0000017"	"spermatocyte"	"missing child term"	"SN181"	NA	6
"CCGGTAGTCAACGAAA"	""	"ERX6700418"	"ERP132580"	"testis"	"Early_Round_spermatids"	NA	NA	NA	"CL:4030036"	"early spermatid"	"perfect match"	"SN181"	NA	2
"CCGTACTAGATTACCC"	""	"ERX6700418"	"ERP132580"	"testis"	"Late_Round_spermatids"	NA	NA	NA	"CL:4030036"	"early spermatid"	"other"	"SN181"	NA	5
"CCGTACTAGCCGGTAA"	""	"ERX6700418"	"ERP132580"	"testis"	"Late_Round_spermatids"	NA	NA	NA	"CL:4030036"	"early spermatid"	"other"	"SN181"	NA	5
"CCGTACTAGGTAAACT"	""	"ERX6700418"	"ERP132580"	"testis"	"Sertoli"	NA	NA	NA	"CL:0000216"	"Sertoli cell"	"perfect match"	"SN181"	NA	8
"CCGTACTAGTACGCGA"	""	"ERX6700418"	"ERP132580"	"testis"	"Leptotene_Spermatocytes"	NA	NA	NA	"CL:0000017"	"spermatocyte"	"missing child term"	"SN181"	NA	7
"CCGTACTCAGCCTGTG"	""	"ERX6700418"	"ERP132580"	"testis"	"Late_Round_spermatids"	NA	NA	NA	"CL:4030036"	"early spermatid"	"other"	"SN181"	NA	5
"CCGTACTGTGAAGGCT"	""	"ERX6700418"	"ERP132580"	"testis"	"Zygotene_Spermatocytes"	NA	NA	NA	"CL:0000017"	"spermatocyte"	"missing child term"	"SN181"	NA	11
"CCGTACTGTGCCTGGT"	""	"ERX6700418"	"ERP132580"	"testis"	"Early_Round_spermatids"	NA	NA	NA	"CL:4030036"	"early spermatid"	"perfect match"	"SN181"	NA	2
"CCGTACTTCAAACCAC"	""	"ERX6700418"	"ERP132580"	"testis"	"Elongated_spermatids"	NA	NA	NA	"CL:4030037"	"late spermatid"	"perfect match"	"SN181"	NA	4
"CCGTACTTCAACCAAC"	""	"ERX6700418"	"ERP132580"	"testis"	"Zygotene_Spermatocytes"	NA	NA	NA	"CL:0000017"	"spermatocyte"	"missing child term"	"SN181"	NA	11
"CCGTACTTCAGAGGTG"	""	"ERX6700418"	"ERP132580"	"testis"	"Early_Round_spermatids"	NA	NA	NA	"CL:4030036"	"early spermatid"	"perfect match"	"SN181"	NA	2
"CCGTACTTCGCTAGCG"	""	"ERX6700418"	"ERP132580"	"testis"	"Elongated_spermatids"	NA	NA	NA	"CL:4030037"	"late spermatid"	"perfect match"	"SN181"	NA	4
"CCGTACTTCGTAGGTT"	""	"ERX6700418"	"ERP132580"	"testis"	"Differentiated_Spermatogonia"	NA	NA	NA	"CL:0000020"	"spermatogonium"	"perfect match"	"SN181"	NA	9
"CCGTGGAAGCTAGTCT"	""	"ERX6700418"	"ERP132580"	"testis"	"Leptotene_Spermatocytes"	NA	NA	NA	"CL:0000017"	"spermatocyte"	"missing child term"	"SN181"	NA	7
"CCGTGGACACTGAAGG"	""	"ERX6700418"	"ERP132580"	"testis"	"Late_Round_spermatids"	NA	NA	NA	"CL:4030036"	"early spermatid"	"other"	"SN181"	NA	5
"CCGTGGAGTCGCCATG"	""	"ERX6700418"	"ERP132580"	"testis"	"Elongated_spermatids"	NA	NA	NA	"CL:4030037"	"late spermatid"	"perfect match"	"SN181"	NA	4
"CCGTGGATCTTACCGC"	""	"ERX6700418"	"ERP132580"	"testis"	"Zygotene_Spermatocytes"	NA	NA	NA	"CL:0000017"	"spermatocyte"	"missing child term"	"SN181"	NA	11
"CCGTTCAAGCTGGAAC"	""	"ERX6700418"	"ERP132580"	"testis"	"Pachytene_Spermatocytes"	NA	NA	NA	"CL:0000017"	"spermatocyte"	"missing child term"	"SN181"	NA	6
"CCGTTCAGTACACCGC"	""	"ERX6700418"	"ERP132580"	"testis"	"Late_Round_spermatids"	NA	NA	NA	"CL:4030036"	"early spermatid"	"other"	"SN181"	NA	5
"CCGTTCATCACAAACC"	""	"ERX6700418"	"ERP132580"	"testis"	"Leptotene_Spermatocytes"	NA	NA	NA	"CL:0000017"	"spermatocyte"	"missing child term"	"SN181"	NA	7
"CCGTTCATCAGTCAGT"	""	"ERX6700418"	"ERP132580"	"testis"	"Elongated_spermatids"	NA	NA	NA	"CL:4030037"	"late spermatid"	"perfect match"	"SN181"	NA	4
"CCGTTCATCTGGCGAC"	""	"ERX6700418"	"ERP132580"	"testis"	"Early_Round_spermatids"	NA	NA	NA	"CL:4030036"	"early spermatid"	"perfect match"	"SN181"	NA	2
"CCTAAAGAGACTGGGT"	""	"ERX6700418"	"ERP132580"	"testis"	"Other_somatic"	NA	NA	NA	"CL:0002371"	"somatic cell"	"perfect match"	"SN181"	NA	3
"CCTAAAGAGGAATCGC"	""	"ERX6700418"	"ERP132580"	"testis"	"Sertoli"	NA	NA	NA	"CL:0000216"	"Sertoli cell"	"perfect match"	"SN181"	NA	8
"CCTAAAGAGGGATCTG"	""	"ERX6700418"	"ERP132580"	"testis"	"Sertoli"	NA	NA	NA	"CL:0000216"	"Sertoli cell"	"perfect match"	"SN181"	NA	8
"CCTAAAGAGTGGACGT"	""	"ERX6700418"	"ERP132580"	"testis"	"Pachytene_Spermatocytes"	NA	NA	NA	"CL:0000017"	"spermatocyte"	"missing child term"	"SN181"	NA	6
"CCTAAAGAGTGTTGAA"	""	"ERX6700418"	"ERP132580"	"testis"	"Zygotene_Spermatocytes"	NA	NA	NA	"CL:0000017"	"spermatocyte"	"missing child term"	"SN181"	NA	11
"CCTAAAGCACATGGGA"	""	"ERX6700418"	"ERP132580"	"testis"	"Undifferentiated_Spermatogonia"	NA	NA	NA	"CL:0000016"	"male germ line stem cell"	"other"	"SN181"	NA	1
"CCTAAAGCACTCAGGC"	""	"ERX6700418"	"ERP132580"	"testis"	"Elongated_spermatids"	NA	NA	NA	"CL:4030037"	"late spermatid"	"perfect match"	"SN181"	NA	4
"CCTAAAGCATCCGGGT"	""	"ERX6700418"	"ERP132580"	"testis"	"Pachytene_Spermatocytes"	NA	NA	NA	"CL:0000017"	"spermatocyte"	"missing child term"	"SN181"	NA	6
"CCTAAAGGTTTAAGCC"	""	"ERX6700418"	"ERP132580"	"testis"	"Pachytene_Spermatocytes"	NA	NA	NA	"CL:0000017"	"spermatocyte"	"missing child term"	"SN181"	NA	6
"CCTACACAGACTTTCG"	""	"ERX6700418"	"ERP132580"	"testis"	"Early_Round_spermatids"	NA	NA	NA	"CL:4030036"	"early spermatid"	"perfect match"	"SN181"	NA	2
"CCTACACAGCTATGCT"	""	"ERX6700418"	"ERP132580"	"testis"	"Other_somatic"	NA	NA	NA	"CL:0002371"	"somatic cell"	"perfect match"	"SN181"	NA	3
"CCTACACAGTTCGATC"	""	"ERX6700418"	"ERP132580"	"testis"	"Zygotene_Spermatocytes"	NA	NA	NA	"CL:0000017"	"spermatocyte"	"missing child term"	"SN181"	NA	11
"CCTACACCAACAACCT"	""	"ERX6700418"	"ERP132580"	"testis"	"Differentiated_Spermatogonia"	NA	NA	NA	"CL:0000020"	"spermatogonium"	"perfect match"	"SN181"	NA	9
"CCTACACCAAGCGAGT"	""	"ERX6700418"	"ERP132580"	"testis"	"Sertoli"	NA	NA	NA	"CL:0000216"	"Sertoli cell"	"perfect match"	"SN181"	NA	8
"CCTACACCAATGGAAT"	""	"ERX6700418"	"ERP132580"	"testis"	"Differentiated_Spermatogonia"	NA	NA	NA	"CL:0000020"	"spermatogonium"	"perfect match"	"SN181"	NA	9
"CCTACACCACATTAGC"	""	"ERX6700418"	"ERP132580"	"testis"	"Undifferentiated_Spermatogonia"	NA	NA	NA	"CL:0000016"	"male germ line stem cell"	"other"	"SN181"	NA	1
"CCTACACCACATTCGA"	""	"ERX6700418"	"ERP132580"	"testis"	"Sertoli"	NA	NA	NA	"CL:0000216"	"Sertoli cell"	"perfect match"	"SN181"	NA	8
"CCTACACCACGAAACG"	""	"ERX6700418"	"ERP132580"	"testis"	"Early_Round_spermatids"	NA	NA	NA	"CL:4030036"	"early spermatid"	"perfect match"	"SN181"	NA	2
"CCTACACGTACCTACA"	""	"ERX6700418"	"ERP132580"	"testis"	"Differentiated_Spermatogonia"	NA	NA	NA	"CL:0000020"	"spermatogonium"	"perfect match"	"SN181"	NA	9
"CCTACACGTATCACCA"	""	"ERX6700418"	"ERP132580"	"testis"	"Late_Round_spermatids"	NA	NA	NA	"CL:4030036"	"early spermatid"	"other"	"SN181"	NA	5
"CCTACACTCACTTATC"	""	"ERX6700418"	"ERP132580"	"testis"	"Leptotene_Spermatocytes"	NA	NA	NA	"CL:0000017"	"spermatocyte"	"missing child term"	"SN181"	NA	7
"CCTACACTCCCTAATT"	""	"ERX6700418"	"ERP132580"	"testis"	"Undifferentiated_Spermatogonia"	NA	NA	NA	"CL:0000016"	"male germ line stem cell"	"other"	"SN181"	NA	1
"CCTACACTCTCGATGA"	""	"ERX6700418"	"ERP132580"	"testis"	"Elongated_spermatids"	NA	NA	NA	"CL:4030037"	"late spermatid"	"perfect match"	"SN181"	NA	4
"CCTACCAAGTGCTGCC"	""	"ERX6700418"	"ERP132580"	"testis"	"Sertoli"	NA	NA	NA	"CL:0000216"	"Sertoli cell"	"perfect match"	"SN181"	NA	8
"CCTACCACAAAGCGGT"	""	"ERX6700418"	"ERP132580"	"testis"	"Zygotene_Spermatocytes"	NA	NA	NA	"CL:0000017"	"spermatocyte"	"missing child term"	"SN181"	NA	11
"CCTACCACATTGAGCT"	""	"ERX6700418"	"ERP132580"	"testis"	"Elongated_spermatids"	NA	NA	NA	"CL:4030037"	"late spermatid"	"perfect match"	"SN181"	NA	4
"CCTACCAGTATATGGA"	""	"ERX6700418"	"ERP132580"	"testis"	"Pachytene_Spermatocytes"	NA	NA	NA	"CL:0000017"	"spermatocyte"	"missing child term"	"SN181"	NA	6
"CCTACCAGTCCGCTGA"	""	"ERX6700418"	"ERP132580"	"testis"	"Elongated_spermatids"	NA	NA	NA	"CL:4030037"	"late spermatid"	"perfect match"	"SN181"	NA	4
"CCTACCATCATAAAGG"	""	"ERX6700418"	"ERP132580"	"testis"	"Sertoli"	NA	NA	NA	"CL:0000216"	"Sertoli cell"	"perfect match"	"SN181"	NA	8
"CCTACCATCGCCGTGA"	""	"ERX6700418"	"ERP132580"	"testis"	"Sertoli"	NA	NA	NA	"CL:0000216"	"Sertoli cell"	"perfect match"	"SN181"	NA	8
"CCTAGCTAGGATGGAA"	""	"ERX6700418"	"ERP132580"	"testis"	"Elongated_spermatids"	NA	NA	NA	"CL:4030037"	"late spermatid"	"perfect match"	"SN181"	NA	4
"CCTAGCTAGTCGATAA"	""	"ERX6700418"	"ERP132580"	"testis"	"Late_Round_spermatids"	NA	NA	NA	"CL:4030036"	"early spermatid"	"other"	"SN181"	NA	5
"CCTAGCTCAGCCTTTC"	""	"ERX6700418"	"ERP132580"	"testis"	"Leptotene_Spermatocytes"	NA	NA	NA	"CL:0000017"	"spermatocyte"	"missing child term"	"SN181"	NA	7
"CCTAGCTCATGCCACG"	""	"ERX6700418"	"ERP132580"	"testis"	"Undifferentiated_Spermatogonia"	NA	NA	NA	"CL:0000016"	"male germ line stem cell"	"other"	"SN181"	NA	1
"CCTAGCTGTATAGGTA"	""	"ERX6700418"	"ERP132580"	"testis"	"Zygotene_Spermatocytes"	NA	NA	NA	"CL:0000017"	"spermatocyte"	"missing child term"	"SN181"	NA	11
"CCTAGCTGTCAAACTC"	""	"ERX6700418"	"ERP132580"	"testis"	"Late_Round_spermatids"	NA	NA	NA	"CL:4030036"	"early spermatid"	"other"	"SN181"	NA	5
"CCTAGCTTCGTATCAG"	""	"ERX6700418"	"ERP132580"	"testis"	"Late_Round_spermatids"	NA	NA	NA	"CL:4030036"	"early spermatid"	"other"	"SN181"	NA	5
"CCTATTAAGGAGTTGC"	""	"ERX6700418"	"ERP132580"	"testis"	"Elongated_spermatids"	NA	NA	NA	"CL:4030037"	"late spermatid"	"perfect match"	"SN181"	NA	4
"CCTATTACACGAGAGT"	""	"ERX6700418"	"ERP132580"	"testis"	"Leptotene_Spermatocytes"	NA	NA	NA	"CL:0000017"	"spermatocyte"	"missing child term"	"SN181"	NA	7
"CCTATTACAGAGCCAA"	""	"ERX6700418"	"ERP132580"	"testis"	"Differentiated_Spermatogonia"	NA	NA	NA	"CL:0000020"	"spermatogonium"	"perfect match"	"SN181"	NA	9
"CCTCAGTCAGCCTTGG"	""	"ERX6700418"	"ERP132580"	"testis"	"Other_somatic"	NA	NA	NA	"CL:0002371"	"somatic cell"	"perfect match"	"SN181"	NA	3
"CCTCTGAAGCATCATC"	""	"ERX6700418"	"ERP132580"	"testis"	"Early_Round_spermatids"	NA	NA	NA	"CL:4030036"	"early spermatid"	"perfect match"	"SN181"	NA	2
"CCTCTGACATTAGGCT"	""	"ERX6700418"	"ERP132580"	"testis"	"Differentiated_Spermatogonia"	NA	NA	NA	"CL:0000020"	"spermatogonium"	"perfect match"	"SN181"	NA	9
"CCTCTGAGTCCGAACC"	""	"ERX6700418"	"ERP132580"	"testis"	"Leptotene_Spermatocytes"	NA	NA	NA	"CL:0000017"	"spermatocyte"	"missing child term"	"SN181"	NA	7
"CCTCTGAGTTGGTAAA"	""	"ERX6700418"	"ERP132580"	"testis"	"Zygotene_Spermatocytes"	NA	NA	NA	"CL:0000017"	"spermatocyte"	"missing child term"	"SN181"	NA	11
"CCTTACGAGAGTGAGA"	""	"ERX6700418"	"ERP132580"	"testis"	"Leptotene_Spermatocytes"	NA	NA	NA	"CL:0000017"	"spermatocyte"	"missing child term"	"SN181"	NA	7
"CCTTACGAGGTGACCA"	""	"ERX6700418"	"ERP132580"	"testis"	"Pachytene_Spermatocytes"	NA	NA	NA	"CL:0000017"	"spermatocyte"	"missing child term"	"SN181"	NA	6
"CCTTACGAGTGAACAT"	""	"ERX6700418"	"ERP132580"	"testis"	"Early_Round_spermatids"	NA	NA	NA	"CL:4030036"	"early spermatid"	"perfect match"	"SN181"	NA	2
"CCTTACGCAGCCAATT"	""	"ERX6700418"	"ERP132580"	"testis"	"Undifferentiated_Spermatogonia"	NA	NA	NA	"CL:0000016"	"male germ line stem cell"	"other"	"SN181"	NA	1
"CCTTACGCAGTTCCCT"	""	"ERX6700418"	"ERP132580"	"testis"	"Late_Round_spermatids"	NA	NA	NA	"CL:4030036"	"early spermatid"	"other"	"SN181"	NA	5
"CCTTACGGTAGCGTGA"	""	"ERX6700418"	"ERP132580"	"testis"	"Pachytene_Spermatocytes"	NA	NA	NA	"CL:0000017"	"spermatocyte"	"missing child term"	"SN181"	NA	6
"CCTTACGGTGGGTATG"	""	"ERX6700418"	"ERP132580"	"testis"	"Leptotene_Spermatocytes"	NA	NA	NA	"CL:0000017"	"spermatocyte"	"missing child term"	"SN181"	NA	7
"CCTTACGTCGTCTGCT"	""	"ERX6700418"	"ERP132580"	"testis"	"Early_Round_spermatids"	NA	NA	NA	"CL:4030036"	"early spermatid"	"perfect match"	"SN181"	NA	2
"CCTTCCCAGTAGGTGC"	""	"ERX6700418"	"ERP132580"	"testis"	"Undifferentiated_Spermatogonia"	NA	NA	NA	"CL:0000016"	"male germ line stem cell"	"other"	"SN181"	NA	1
"CCTTCCCCAGCGTCCA"	""	"ERX6700418"	"ERP132580"	"testis"	"Sertoli"	NA	NA	NA	"CL:0000216"	"Sertoli cell"	"perfect match"	"SN181"	NA	8
"CCTTCCCCATCAGTCA"	""	"ERX6700418"	"ERP132580"	"testis"	"Elongated_spermatids"	NA	NA	NA	"CL:4030037"	"late spermatid"	"perfect match"	"SN181"	NA	4
"CCTTCCCGTAAATGTG"	""	"ERX6700418"	"ERP132580"	"testis"	"Early_Round_spermatids"	NA	NA	NA	"CL:4030036"	"early spermatid"	"perfect match"	"SN181"	NA	2
"CCTTCCCGTCCAGTAT"	""	"ERX6700418"	"ERP132580"	"testis"	"Zygotene_Spermatocytes"	NA	NA	NA	"CL:0000017"	"spermatocyte"	"missing child term"	"SN181"	NA	11
"CCTTCCCGTCGGGTCT"	""	"ERX6700418"	"ERP132580"	"testis"	"Leptotene_Spermatocytes"	NA	NA	NA	"CL:0000017"	"spermatocyte"	"missing child term"	"SN181"	NA	7
"CCTTCCCTCAACACTG"	""	"ERX6700418"	"ERP132580"	"testis"	"Late_Round_spermatids"	NA	NA	NA	"CL:4030036"	"early spermatid"	"other"	"SN181"	NA	5
"CCTTCCCTCAAGCCTA"	""	"ERX6700418"	"ERP132580"	"testis"	"Zygotene_Spermatocytes"	NA	NA	NA	"CL:0000017"	"spermatocyte"	"missing child term"	"SN181"	NA	11
"CCTTCCCTCACGCGGT"	""	"ERX6700418"	"ERP132580"	"testis"	"Other_somatic"	NA	NA	NA	"CL:0002371"	"somatic cell"	"perfect match"	"SN181"	NA	3
"CCTTCCCTCTCCTATA"	""	"ERX6700418"	"ERP132580"	"testis"	"Pachytene_Spermatocytes"	NA	NA	NA	"CL:0000017"	"spermatocyte"	"missing child term"	"SN181"	NA	6
"CCTTCCCTCTGCCAGG"	""	"ERX6700418"	"ERP132580"	"testis"	"Other_somatic"	NA	NA	NA	"CL:0002371"	"somatic cell"	"perfect match"	"SN181"	NA	3
"CCTTCGAAGGGTCTCC"	""	"ERX6700418"	"ERP132580"	"testis"	"Elongated_spermatids"	NA	NA	NA	"CL:4030037"	"late spermatid"	"perfect match"	"SN181"	NA	4
"CCTTCGAAGTGGGATC"	""	"ERX6700418"	"ERP132580"	"testis"	"Pachytene_Spermatocytes"	NA	NA	NA	"CL:0000017"	"spermatocyte"	"missing child term"	"SN181"	NA	6
"CCTTCGACAAACCTAC"	""	"ERX6700418"	"ERP132580"	"testis"	"Pachytene_Spermatocytes"	NA	NA	NA	"CL:0000017"	"spermatocyte"	"missing child term"	"SN181"	NA	6
"CCTTCGACATGTTGAC"	""	"ERX6700418"	"ERP132580"	"testis"	"Early_Round_spermatids"	NA	NA	NA	"CL:4030036"	"early spermatid"	"perfect match"	"SN181"	NA	2
"CCTTCGAGTCACTTCC"	""	"ERX6700418"	"ERP132580"	"testis"	"Sertoli"	NA	NA	NA	"CL:0000216"	"Sertoli cell"	"perfect match"	"SN181"	NA	8
"CCTTCGATCTTCATGT"	""	"ERX6700418"	"ERP132580"	"testis"	"Late_Round_spermatids"	NA	NA	NA	"CL:4030036"	"early spermatid"	"other"	"SN181"	NA	5
"CCTTCGATCTTTACAC"	""	"ERX6700418"	"ERP132580"	"testis"	"Late_Round_spermatids"	NA	NA	NA	"CL:4030036"	"early spermatid"	"other"	"SN181"	NA	5
"CCTTTCTAGACAGACC"	""	"ERX6700418"	"ERP132580"	"testis"	"Pachytene_Spermatocytes"	NA	NA	NA	"CL:0000017"	"spermatocyte"	"missing child term"	"SN181"	NA	6
"CCTTTCTAGCTGAAAT"	""	"ERX6700418"	"ERP132580"	"testis"	"Pachytene_Spermatocytes"	NA	NA	NA	"CL:0000017"	"spermatocyte"	"missing child term"	"SN181"	NA	6
"CCTTTCTCAGACGTAG"	""	"ERX6700418"	"ERP132580"	"testis"	"Undifferentiated_Spermatogonia"	NA	NA	NA	"CL:0000016"	"male germ line stem cell"	"other"	"SN181"	NA	1
"CCTTTCTGTACAGCAG"	""	"ERX6700418"	"ERP132580"	"testis"	"Pachytene_Spermatocytes"	NA	NA	NA	"CL:0000017"	"spermatocyte"	"missing child term"	"SN181"	NA	6
"CGAACATAGACAGAGA"	""	"ERX6700418"	"ERP132580"	"testis"	"Elongated_spermatids"	NA	NA	NA	"CL:4030037"	"late spermatid"	"perfect match"	"SN181"	NA	4
"CGAACATAGATATGGT"	""	"ERX6700418"	"ERP132580"	"testis"	"Undifferentiated_Spermatogonia"	NA	NA	NA	"CL:0000016"	"male germ line stem cell"	"other"	"SN181"	NA	1
"CGAACATAGGCGACAT"	""	"ERX6700418"	"ERP132580"	"testis"	"Sertoli"	NA	NA	NA	"CL:0000216"	"Sertoli cell"	"perfect match"	"SN181"	NA	8
"CGAACATCAGATCGGA"	""	"ERX6700418"	"ERP132580"	"testis"	"Pachytene_Spermatocytes"	NA	NA	NA	"CL:0000017"	"spermatocyte"	"missing child term"	"SN181"	NA	6
"CGAACATCAGCTTCGG"	""	"ERX6700418"	"ERP132580"	"testis"	"Other_somatic"	NA	NA	NA	"CL:0002371"	"somatic cell"	"perfect match"	"SN181"	NA	3
"CGAACATGTAGCTGCC"	""	"ERX6700418"	"ERP132580"	"testis"	"Elongated_spermatids"	NA	NA	NA	"CL:4030037"	"late spermatid"	"perfect match"	"SN181"	NA	4
"CGAACATGTGTTCGAT"	""	"ERX6700418"	"ERP132580"	"testis"	"Late_Round_spermatids"	NA	NA	NA	"CL:4030036"	"early spermatid"	"other"	"SN181"	NA	5
"CGAACATGTTCGTCTC"	""	"ERX6700418"	"ERP132580"	"testis"	"Zygotene_Spermatocytes"	NA	NA	NA	"CL:0000017"	"spermatocyte"	"missing child term"	"SN181"	NA	11
"CGAATGTAGGATGGAA"	""	"ERX6700418"	"ERP132580"	"testis"	"Undifferentiated_Spermatogonia"	NA	NA	NA	"CL:0000016"	"male germ line stem cell"	"other"	"SN181"	NA	1
"CGAATGTCAAGCCGCT"	""	"ERX6700418"	"ERP132580"	"testis"	"Sertoli"	NA	NA	NA	"CL:0000216"	"Sertoli cell"	"perfect match"	"SN181"	NA	8
"CGAATGTCATCTACGA"	""	"ERX6700418"	"ERP132580"	"testis"	"Pachytene_Spermatocytes"	NA	NA	NA	"CL:0000017"	"spermatocyte"	"missing child term"	"SN181"	NA	6
"CGAATGTGTCTAAACC"	""	"ERX6700418"	"ERP132580"	"testis"	"Zygotene_Spermatocytes"	NA	NA	NA	"CL:0000017"	"spermatocyte"	"missing child term"	"SN181"	NA	11
"CGAATGTTCACCGTAA"	""	"ERX6700418"	"ERP132580"	"testis"	"Elongated_spermatids"	NA	NA	NA	"CL:4030037"	"late spermatid"	"perfect match"	"SN181"	NA	4
"CGAATGTTCACTTACT"	""	"ERX6700418"	"ERP132580"	"testis"	"Sertoli"	NA	NA	NA	"CL:0000216"	"Sertoli cell"	"perfect match"	"SN181"	NA	8
"CGACCTTAGAAACCTA"	""	"ERX6700418"	"ERP132580"	"testis"	"Late_Round_spermatids"	NA	NA	NA	"CL:4030036"	"early spermatid"	"other"	"SN181"	NA	5
"CGACCTTAGGGCTCTC"	""	"ERX6700418"	"ERP132580"	"testis"	"Elongated_spermatids"	NA	NA	NA	"CL:4030037"	"late spermatid"	"perfect match"	"SN181"	NA	4
"CGACCTTAGTCAAGGC"	""	"ERX6700418"	"ERP132580"	"testis"	"Pachytene_Spermatocytes"	NA	NA	NA	"CL:0000017"	"spermatocyte"	"missing child term"	"SN181"	NA	6
"CGACCTTCAATGGATA"	""	"ERX6700418"	"ERP132580"	"testis"	"Early_Round_spermatids"	NA	NA	NA	"CL:4030036"	"early spermatid"	"perfect match"	"SN181"	NA	2
"CGACCTTCACGCCAGT"	""	"ERX6700418"	"ERP132580"	"testis"	"Pachytene_Spermatocytes"	NA	NA	NA	"CL:0000017"	"spermatocyte"	"missing child term"	"SN181"	NA	6
"CGACCTTCAGACGCTC"	""	"ERX6700418"	"ERP132580"	"testis"	"Differentiated_Spermatogonia"	NA	NA	NA	"CL:0000020"	"spermatogonium"	"perfect match"	"SN181"	NA	9
"CGACCTTGTCGTTGTA"	""	"ERX6700418"	"ERP132580"	"testis"	"Elongated_spermatids"	NA	NA	NA	"CL:4030037"	"late spermatid"	"perfect match"	"SN181"	NA	4
"CGACCTTGTTGCGTTA"	""	"ERX6700418"	"ERP132580"	"testis"	"Elongated_spermatids"	NA	NA	NA	"CL:4030037"	"late spermatid"	"perfect match"	"SN181"	NA	4
"CGACCTTTCACTATTC"	""	"ERX6700418"	"ERP132580"	"testis"	"Leptotene_Spermatocytes"	NA	NA	NA	"CL:0000017"	"spermatocyte"	"missing child term"	"SN181"	NA	7
"CGACCTTTCAGAGGTG"	""	"ERX6700418"	"ERP132580"	"testis"	"Other_somatic"	NA	NA	NA	"CL:0002371"	"somatic cell"	"perfect match"	"SN181"	NA	3
"CGACTTCAGCCACGTC"	""	"ERX6700418"	"ERP132580"	"testis"	"Late_Round_spermatids"	NA	NA	NA	"CL:4030036"	"early spermatid"	"other"	"SN181"	NA	5
"CGACTTCAGGCAGTCA"	""	"ERX6700418"	"ERP132580"	"testis"	"Sertoli"	NA	NA	NA	"CL:0000216"	"Sertoli cell"	"perfect match"	"SN181"	NA	8
"CGACTTCAGGCCCTTG"	""	"ERX6700418"	"ERP132580"	"testis"	"Zygotene_Spermatocytes"	NA	NA	NA	"CL:0000017"	"spermatocyte"	"missing child term"	"SN181"	NA	11
"CGACTTCCACCAGGCT"	""	"ERX6700418"	"ERP132580"	"testis"	"Undifferentiated_Spermatogonia"	NA	NA	NA	"CL:0000016"	"male germ line stem cell"	"other"	"SN181"	NA	1
"CGACTTCTCACCGGGT"	""	"ERX6700418"	"ERP132580"	"testis"	"Other_somatic"	NA	NA	NA	"CL:0002371"	"somatic cell"	"perfect match"	"SN181"	NA	3
"CGACTTCTCATAAAGG"	""	"ERX6700418"	"ERP132580"	"testis"	"Undifferentiated_Spermatogonia"	NA	NA	NA	"CL:0000016"	"male germ line stem cell"	"other"	"SN181"	NA	1
"CGACTTCTCTGCAGTA"	""	"ERX6700418"	"ERP132580"	"testis"	"Elongated_spermatids"	NA	NA	NA	"CL:4030037"	"late spermatid"	"perfect match"	"SN181"	NA	4
"CGAGAAGAGTGACTCT"	""	"ERX6700418"	"ERP132580"	"testis"	"Elongated_spermatids"	NA	NA	NA	"CL:4030037"	"late spermatid"	"perfect match"	"SN181"	NA	4
"CGAGAAGAGTTCGCAT"	""	"ERX6700418"	"ERP132580"	"testis"	"Leptotene_Spermatocytes"	NA	NA	NA	"CL:0000017"	"spermatocyte"	"missing child term"	"SN181"	NA	7
"CGAGAAGCAATCGAAA"	""	"ERX6700418"	"ERP132580"	"testis"	"Late_Round_spermatids"	NA	NA	NA	"CL:4030036"	"early spermatid"	"other"	"SN181"	NA	5
"CGAGAAGCAGCCTTTC"	""	"ERX6700418"	"ERP132580"	"testis"	"Undifferentiated_Spermatogonia"	NA	NA	NA	"CL:0000016"	"male germ line stem cell"	"other"	"SN181"	NA	1
"CGAGAAGGTGATGTCT"	""	"ERX6700418"	"ERP132580"	"testis"	"Elongated_spermatids"	NA	NA	NA	"CL:4030037"	"late spermatid"	"perfect match"	"SN181"	NA	4
"CGAGAAGGTTCAGTAC"	""	"ERX6700418"	"ERP132580"	"testis"	"Sertoli"	NA	NA	NA	"CL:0000216"	"Sertoli cell"	"perfect match"	"SN181"	NA	8
"CGAGCACAGATATGGT"	""	"ERX6700418"	"ERP132580"	"testis"	"Undifferentiated_Spermatogonia"	NA	NA	NA	"CL:0000016"	"male germ line stem cell"	"other"	"SN181"	NA	1
"CGAGCACAGCTCCTCT"	""	"ERX6700418"	"ERP132580"	"testis"	"Zygotene_Spermatocytes"	NA	NA	NA	"CL:0000017"	"spermatocyte"	"missing child term"	"SN181"	NA	11
"CGAGCACAGTTTGCGT"	""	"ERX6700418"	"ERP132580"	"testis"	"Late_Round_spermatids"	NA	NA	NA	"CL:4030036"	"early spermatid"	"other"	"SN181"	NA	5
"CGAGCACCAACGATCT"	""	"ERX6700418"	"ERP132580"	"testis"	"Early_Round_spermatids"	NA	NA	NA	"CL:4030036"	"early spermatid"	"perfect match"	"SN181"	NA	2
"CGAGCACGTAAGCACG"	""	"ERX6700418"	"ERP132580"	"testis"	"Early_Round_spermatids"	NA	NA	NA	"CL:4030036"	"early spermatid"	"perfect match"	"SN181"	NA	2
"CGAGCACGTAGCTGCC"	""	"ERX6700418"	"ERP132580"	"testis"	"Leptotene_Spermatocytes"	NA	NA	NA	"CL:0000017"	"spermatocyte"	"missing child term"	"SN181"	NA	7
"CGAGCACGTCACTTCC"	""	"ERX6700418"	"ERP132580"	"testis"	"Leptotene_Spermatocytes"	NA	NA	NA	"CL:0000017"	"spermatocyte"	"missing child term"	"SN181"	NA	7
"CGAGCACGTTGAACTC"	""	"ERX6700418"	"ERP132580"	"testis"	"Elongated_spermatids"	NA	NA	NA	"CL:4030037"	"late spermatid"	"perfect match"	"SN181"	NA	4
"CGAGCACTCCAAAGTC"	""	"ERX6700418"	"ERP132580"	"testis"	"Differentiated_Spermatogonia"	NA	NA	NA	"CL:0000020"	"spermatogonium"	"perfect match"	"SN181"	NA	9
"CGAGCACTCCAGAAGG"	""	"ERX6700418"	"ERP132580"	"testis"	"Undifferentiated_Spermatogonia"	NA	NA	NA	"CL:0000016"	"male germ line stem cell"	"other"	"SN181"	NA	1
"CGAGCACTCGCCAAAT"	""	"ERX6700418"	"ERP132580"	"testis"	"Undifferentiated_Spermatogonia"	NA	NA	NA	"CL:0000016"	"male germ line stem cell"	"other"	"SN181"	NA	1
"CGAGCACTCTACTTAC"	""	"ERX6700418"	"ERP132580"	"testis"	"Pachytene_Spermatocytes"	NA	NA	NA	"CL:0000017"	"spermatocyte"	"missing child term"	"SN181"	NA	6
"CGAGCACTCTCGCATC"	""	"ERX6700418"	"ERP132580"	"testis"	"Elongated_spermatids"	NA	NA	NA	"CL:4030037"	"late spermatid"	"perfect match"	"SN181"	NA	4
"CGAGCCAGTCTGATCA"	""	"ERX6700418"	"ERP132580"	"testis"	"Early_Round_spermatids"	NA	NA	NA	"CL:4030036"	"early spermatid"	"perfect match"	"SN181"	NA	2
"CGAGCCATCCCGGATG"	""	"ERX6700418"	"ERP132580"	"testis"	"Late_Round_spermatids"	NA	NA	NA	"CL:4030036"	"early spermatid"	"other"	"SN181"	NA	5
"CGATCGGAGTTAGCGG"	""	"ERX6700418"	"ERP132580"	"testis"	"Early_Round_spermatids"	NA	NA	NA	"CL:4030036"	"early spermatid"	"perfect match"	"SN181"	NA	2
"CGATCGGCAGGGATTG"	""	"ERX6700418"	"ERP132580"	"testis"	"Undifferentiated_Spermatogonia"	NA	NA	NA	"CL:0000016"	"male germ line stem cell"	"other"	"SN181"	NA	1
"CGATCGGCATCTGGTA"	""	"ERX6700418"	"ERP132580"	"testis"	"Late_Round_spermatids"	NA	NA	NA	"CL:4030036"	"early spermatid"	"other"	"SN181"	NA	5
"CGATCGGGTCGAGTTT"	""	"ERX6700418"	"ERP132580"	"testis"	"Sertoli"	NA	NA	NA	"CL:0000216"	"Sertoli cell"	"perfect match"	"SN181"	NA	8
"CGATCGGTCAATACCG"	""	"ERX6700418"	"ERP132580"	"testis"	"Early_Round_spermatids"	NA	NA	NA	"CL:4030036"	"early spermatid"	"perfect match"	"SN181"	NA	2
"CGATCGGTCATGCTCC"	""	"ERX6700418"	"ERP132580"	"testis"	"Pachytene_Spermatocytes"	NA	NA	NA	"CL:0000017"	"spermatocyte"	"missing child term"	"SN181"	NA	6
"CGATCGGTCTATCCTA"	""	"ERX6700418"	"ERP132580"	"testis"	"Pachytene_Spermatocytes"	NA	NA	NA	"CL:0000017"	"spermatocyte"	"missing child term"	"SN181"	NA	6
"CGATGGCAGAGGTACC"	""	"ERX6700418"	"ERP132580"	"testis"	"Elongated_spermatids"	NA	NA	NA	"CL:4030037"	"late spermatid"	"perfect match"	"SN181"	NA	4
"CGATGGCAGCAGGTCA"	""	"ERX6700418"	"ERP132580"	"testis"	"Undifferentiated_Spermatogonia"	NA	NA	NA	"CL:0000016"	"male germ line stem cell"	"other"	"SN181"	NA	1
"CGATGGCCAAAGTCAA"	""	"ERX6700418"	"ERP132580"	"testis"	"Elongated_spermatids"	NA	NA	NA	"CL:4030037"	"late spermatid"	"perfect match"	"SN181"	NA	4
"CGATGGCCAACTGGCC"	""	"ERX6700418"	"ERP132580"	"testis"	"Differentiated_Spermatogonia"	NA	NA	NA	"CL:0000020"	"spermatogonium"	"perfect match"	"SN181"	NA	9
"CGATGGCCAGTAACGG"	""	"ERX6700418"	"ERP132580"	"testis"	"Sertoli"	NA	NA	NA	"CL:0000216"	"Sertoli cell"	"perfect match"	"SN181"	NA	8
"CGATGGCCATCCGTGG"	""	"ERX6700418"	"ERP132580"	"testis"	"Early_Round_spermatids"	NA	NA	NA	"CL:4030036"	"early spermatid"	"perfect match"	"SN181"	NA	2
"CGATGGCTCACAGGCC"	""	"ERX6700418"	"ERP132580"	"testis"	"Elongated_spermatids"	NA	NA	NA	"CL:4030037"	"late spermatid"	"perfect match"	"SN181"	NA	4
"CGATGGCTCCGCGCAA"	""	"ERX6700418"	"ERP132580"	"testis"	"Late_Round_spermatids"	NA	NA	NA	"CL:4030036"	"early spermatid"	"other"	"SN181"	NA	5
"CGATGGCTCTTGAGAC"	""	"ERX6700418"	"ERP132580"	"testis"	"Sertoli"	NA	NA	NA	"CL:0000216"	"Sertoli cell"	"perfect match"	"SN181"	NA	8
"CGATGTAAGAGTGACC"	""	"ERX6700418"	"ERP132580"	"testis"	"Late_Round_spermatids"	NA	NA	NA	"CL:4030036"	"early spermatid"	"other"	"SN181"	NA	5
"CGATGTAAGAGTTGGC"	""	"ERX6700418"	"ERP132580"	"testis"	"Late_Round_spermatids"	NA	NA	NA	"CL:4030036"	"early spermatid"	"other"	"SN181"	NA	5
"CGATGTACAATCTGCA"	""	"ERX6700418"	"ERP132580"	"testis"	"Sertoli"	NA	NA	NA	"CL:0000216"	"Sertoli cell"	"perfect match"	"SN181"	NA	8
"CGATGTACACAACGCC"	""	"ERX6700418"	"ERP132580"	"testis"	"Late_Round_spermatids"	NA	NA	NA	"CL:4030036"	"early spermatid"	"other"	"SN181"	NA	5
"CGATGTATCAGCTCTC"	""	"ERX6700418"	"ERP132580"	"testis"	"Sertoli"	NA	NA	NA	"CL:0000216"	"Sertoli cell"	"perfect match"	"SN181"	NA	8
"CGATGTATCCCAGGTG"	""	"ERX6700418"	"ERP132580"	"testis"	"Late_Round_spermatids"	NA	NA	NA	"CL:4030036"	"early spermatid"	"other"	"SN181"	NA	5
"CGATGTATCTGGTATG"	""	"ERX6700418"	"ERP132580"	"testis"	"Early_Round_spermatids"	NA	NA	NA	"CL:4030036"	"early spermatid"	"perfect match"	"SN181"	NA	2
"CGATTGAAGAATAGGG"	""	"ERX6700418"	"ERP132580"	"testis"	"Late_Round_spermatids"	NA	NA	NA	"CL:4030036"	"early spermatid"	"other"	"SN181"	NA	5
"CGATTGAAGAGCTATA"	""	"ERX6700418"	"ERP132580"	"testis"	"Undifferentiated_Spermatogonia"	NA	NA	NA	"CL:0000016"	"male germ line stem cell"	"other"	"SN181"	NA	1
"CGATTGAAGTATCTCG"	""	"ERX6700418"	"ERP132580"	"testis"	"Late_Round_spermatids"	NA	NA	NA	"CL:4030036"	"early spermatid"	"other"	"SN181"	NA	5
"CGATTGACATAGAAAC"	""	"ERX6700418"	"ERP132580"	"testis"	"Pachytene_Spermatocytes"	NA	NA	NA	"CL:0000017"	"spermatocyte"	"missing child term"	"SN181"	NA	6
"CGATTGACATCACGTA"	""	"ERX6700418"	"ERP132580"	"testis"	"Sertoli"	NA	NA	NA	"CL:0000216"	"Sertoli cell"	"perfect match"	"SN181"	NA	8
"CGATTGAGTGAGGGAG"	""	"ERX6700418"	"ERP132580"	"testis"	"Undifferentiated_Spermatogonia"	NA	NA	NA	"CL:0000016"	"male germ line stem cell"	"other"	"SN181"	NA	1
"CGATTGATCCCTCTTT"	""	"ERX6700418"	"ERP132580"	"testis"	"Undifferentiated_Spermatogonia"	NA	NA	NA	"CL:0000016"	"male germ line stem cell"	"other"	"SN181"	NA	1
"CGATTGATCGGCGCTA"	""	"ERX6700418"	"ERP132580"	"testis"	"Late_Round_spermatids"	NA	NA	NA	"CL:4030036"	"early spermatid"	"other"	"SN181"	NA	5
"CGCCAAGCAAACTGCT"	""	"ERX6700418"	"ERP132580"	"testis"	"Undifferentiated_Spermatogonia"	NA	NA	NA	"CL:0000016"	"male germ line stem cell"	"other"	"SN181"	NA	1
"CGCCAAGCACGACGAA"	""	"ERX6700418"	"ERP132580"	"testis"	"Sertoli"	NA	NA	NA	"CL:0000216"	"Sertoli cell"	"perfect match"	"SN181"	NA	8
"CGCCAAGGTCCAAGTT"	""	"ERX6700418"	"ERP132580"	"testis"	"Early_Round_spermatids"	NA	NA	NA	"CL:4030036"	"early spermatid"	"perfect match"	"SN181"	NA	2
"CGCCAAGTCCCATTTA"	""	"ERX6700418"	"ERP132580"	"testis"	"Undifferentiated_Spermatogonia"	NA	NA	NA	"CL:0000016"	"male germ line stem cell"	"other"	"SN181"	NA	1
"CGCCAAGTCTTGGGTA"	""	"ERX6700418"	"ERP132580"	"testis"	"Elongated_spermatids"	NA	NA	NA	"CL:4030037"	"late spermatid"	"perfect match"	"SN181"	NA	4
"CGCGGTAAGTACACCT"	""	"ERX6700418"	"ERP132580"	"testis"	"Undifferentiated_Spermatogonia"	NA	NA	NA	"CL:0000016"	"male germ line stem cell"	"other"	"SN181"	NA	1
"CGCGGTACAGGAATCG"	""	"ERX6700418"	"ERP132580"	"testis"	"Early_Round_spermatids"	NA	NA	NA	"CL:4030036"	"early spermatid"	"perfect match"	"SN181"	NA	2
"CGCGGTAGTTGTACAC"	""	"ERX6700418"	"ERP132580"	"testis"	"Early_Round_spermatids"	NA	NA	NA	"CL:4030036"	"early spermatid"	"perfect match"	"SN181"	NA	2
"CGCGGTATCGAGCCCA"	""	"ERX6700418"	"ERP132580"	"testis"	"Early_Round_spermatids"	NA	NA	NA	"CL:4030036"	"early spermatid"	"perfect match"	"SN181"	NA	2
"CGCGGTATCGCCTGAG"	""	"ERX6700418"	"ERP132580"	"testis"	"Sertoli"	NA	NA	NA	"CL:0000216"	"Sertoli cell"	"perfect match"	"SN181"	NA	8
"CGCGTTTAGAGATGAG"	""	"ERX6700418"	"ERP132580"	"testis"	"Pachytene_Spermatocytes"	NA	NA	NA	"CL:0000017"	"spermatocyte"	"missing child term"	"SN181"	NA	6
"CGCGTTTAGGCTAGCA"	""	"ERX6700418"	"ERP132580"	"testis"	"Undifferentiated_Spermatogonia"	NA	NA	NA	"CL:0000016"	"male germ line stem cell"	"other"	"SN181"	NA	1
"CGCGTTTAGTTAAGTG"	""	"ERX6700418"	"ERP132580"	"testis"	"Pachytene_Spermatocytes"	NA	NA	NA	"CL:0000017"	"spermatocyte"	"missing child term"	"SN181"	NA	6
"CGCGTTTAGTTCGCAT"	""	"ERX6700418"	"ERP132580"	"testis"	"Leptotene_Spermatocytes"	NA	NA	NA	"CL:0000017"	"spermatocyte"	"missing child term"	"SN181"	NA	7
"CGCGTTTCACTGTCGG"	""	"ERX6700418"	"ERP132580"	"testis"	"Elongated_spermatids"	NA	NA	NA	"CL:4030037"	"late spermatid"	"perfect match"	"SN181"	NA	4
"CGCGTTTCAGACGCTC"	""	"ERX6700418"	"ERP132580"	"testis"	"Late_Round_spermatids"	NA	NA	NA	"CL:4030036"	"early spermatid"	"other"	"SN181"	NA	5
"CGCGTTTCAGCTGTTA"	""	"ERX6700418"	"ERP132580"	"testis"	"Zygotene_Spermatocytes"	NA	NA	NA	"CL:0000017"	"spermatocyte"	"missing child term"	"SN181"	NA	11
"CGCGTTTGTTGATTGC"	""	"ERX6700418"	"ERP132580"	"testis"	"Elongated_spermatids"	NA	NA	NA	"CL:4030037"	"late spermatid"	"perfect match"	"SN181"	NA	4
"CGCGTTTTCGTCACGG"	""	"ERX6700418"	"ERP132580"	"testis"	"Differentiated_Spermatogonia"	NA	NA	NA	"CL:0000020"	"spermatogonium"	"perfect match"	"SN181"	NA	9
"CGCTATCCATCGGAAG"	""	"ERX6700418"	"ERP132580"	"testis"	"Leptotene_Spermatocytes"	NA	NA	NA	"CL:0000017"	"spermatocyte"	"missing child term"	"SN181"	NA	7
"CGCTATCGTAATAGCA"	""	"ERX6700418"	"ERP132580"	"testis"	"Undifferentiated_Spermatogonia"	NA	NA	NA	"CL:0000016"	"male germ line stem cell"	"other"	"SN181"	NA	1
"CGCTATCGTAGGGTAC"	""	"ERX6700418"	"ERP132580"	"testis"	"Leptotene_Spermatocytes"	NA	NA	NA	"CL:0000017"	"spermatocyte"	"missing child term"	"SN181"	NA	7
"CGCTATCGTCTGCGGT"	""	"ERX6700418"	"ERP132580"	"testis"	"Elongated_spermatids"	NA	NA	NA	"CL:4030037"	"late spermatid"	"perfect match"	"SN181"	NA	4
"CGCTATCTCAGTGCAT"	""	"ERX6700418"	"ERP132580"	"testis"	"Differentiated_Spermatogonia"	NA	NA	NA	"CL:0000020"	"spermatogonium"	"perfect match"	"SN181"	NA	9
"CGCTGGAAGGTGCTAG"	""	"ERX6700418"	"ERP132580"	"testis"	"Differentiated_Spermatogonia"	NA	NA	NA	"CL:0000020"	"spermatogonium"	"perfect match"	"SN181"	NA	9
"CGCTGGAAGTGGAGAA"	""	"ERX6700418"	"ERP132580"	"testis"	"Pachytene_Spermatocytes"	NA	NA	NA	"CL:0000017"	"spermatocyte"	"missing child term"	"SN181"	NA	6
"CGCTGGACAACACCTA"	""	"ERX6700418"	"ERP132580"	"testis"	"Late_Round_spermatids"	NA	NA	NA	"CL:4030036"	"early spermatid"	"other"	"SN181"	NA	5
"CGCTGGACACGCCAGT"	""	"ERX6700418"	"ERP132580"	"testis"	"Late_Round_spermatids"	NA	NA	NA	"CL:4030036"	"early spermatid"	"other"	"SN181"	NA	5
"CGCTGGACAGTGAGTG"	""	"ERX6700418"	"ERP132580"	"testis"	"Early_Round_spermatids"	NA	NA	NA	"CL:4030036"	"early spermatid"	"perfect match"	"SN181"	NA	2
"CGCTGGACATGGTCAT"	""	"ERX6700418"	"ERP132580"	"testis"	"Early_Round_spermatids"	NA	NA	NA	"CL:4030036"	"early spermatid"	"perfect match"	"SN181"	NA	2
"CGCTGGATCAGGCAAG"	""	"ERX6700418"	"ERP132580"	"testis"	"Late_Round_spermatids"	NA	NA	NA	"CL:4030036"	"early spermatid"	"other"	"SN181"	NA	5
"CGCTGGATCCGCATAA"	""	"ERX6700418"	"ERP132580"	"testis"	"Late_Round_spermatids"	NA	NA	NA	"CL:4030036"	"early spermatid"	"other"	"SN181"	NA	5
"CGCTTCACACTCTGTC"	""	"ERX6700418"	"ERP132580"	"testis"	"Sertoli"	NA	NA	NA	"CL:0000216"	"Sertoli cell"	"perfect match"	"SN181"	NA	8
"CGGACACAGGAGCGAG"	""	"ERX6700418"	"ERP132580"	"testis"	"Sertoli"	NA	NA	NA	"CL:0000216"	"Sertoli cell"	"perfect match"	"SN181"	NA	8
"CGGACACAGGCCCTTG"	""	"ERX6700418"	"ERP132580"	"testis"	"Other_somatic"	NA	NA	NA	"CL:0002371"	"somatic cell"	"perfect match"	"SN181"	NA	3
"CGGACACCACTGAAGG"	""	"ERX6700418"	"ERP132580"	"testis"	"Early_Round_spermatids"	NA	NA	NA	"CL:4030036"	"early spermatid"	"perfect match"	"SN181"	NA	2
"CGGACACCAGTGGGAT"	""	"ERX6700418"	"ERP132580"	"testis"	"Late_Round_spermatids"	NA	NA	NA	"CL:4030036"	"early spermatid"	"other"	"SN181"	NA	5
"CGGACACGTACAGACG"	""	"ERX6700418"	"ERP132580"	"testis"	"Differentiated_Spermatogonia"	NA	NA	NA	"CL:0000020"	"spermatogonium"	"perfect match"	"SN181"	NA	9
"CGGACACTCCAGAGGA"	""	"ERX6700418"	"ERP132580"	"testis"	"Pachytene_Spermatocytes"	NA	NA	NA	"CL:0000017"	"spermatocyte"	"missing child term"	"SN181"	NA	6
"CGGACGTAGAGCTGGT"	""	"ERX6700418"	"ERP132580"	"testis"	"Elongated_spermatids"	NA	NA	NA	"CL:4030037"	"late spermatid"	"perfect match"	"SN181"	NA	4
"CGGACGTAGAGGTAGA"	""	"ERX6700418"	"ERP132580"	"testis"	"Sertoli"	NA	NA	NA	"CL:0000216"	"Sertoli cell"	"perfect match"	"SN181"	NA	8
"CGGACGTAGCTAACAA"	""	"ERX6700418"	"ERP132580"	"testis"	"Elongated_spermatids"	NA	NA	NA	"CL:4030037"	"late spermatid"	"perfect match"	"SN181"	NA	4
"CGGACGTCAAACCTAC"	""	"ERX6700418"	"ERP132580"	"testis"	"Sertoli"	NA	NA	NA	"CL:0000216"	"Sertoli cell"	"perfect match"	"SN181"	NA	8
"CGGACGTCATGCAACT"	""	"ERX6700418"	"ERP132580"	"testis"	"Pachytene_Spermatocytes"	NA	NA	NA	"CL:0000017"	"spermatocyte"	"missing child term"	"SN181"	NA	6
"CGGACGTTCCGGCACA"	""	"ERX6700418"	"ERP132580"	"testis"	"Elongated_spermatids"	NA	NA	NA	"CL:4030037"	"late spermatid"	"perfect match"	"SN181"	NA	4
"CGGACGTTCGGATGTT"	""	"ERX6700418"	"ERP132580"	"testis"	"Other_somatic"	NA	NA	NA	"CL:0002371"	"somatic cell"	"perfect match"	"SN181"	NA	3
"CGGACTGAGATCGATA"	""	"ERX6700418"	"ERP132580"	"testis"	"Sertoli"	NA	NA	NA	"CL:0000216"	"Sertoli cell"	"perfect match"	"SN181"	NA	8
"CGGACTGGTCGGATCC"	""	"ERX6700418"	"ERP132580"	"testis"	"Elongated_spermatids"	NA	NA	NA	"CL:4030037"	"late spermatid"	"perfect match"	"SN181"	NA	4
"CGGACTGGTGGACGAT"	""	"ERX6700418"	"ERP132580"	"testis"	"Early_Round_spermatids"	NA	NA	NA	"CL:4030036"	"early spermatid"	"perfect match"	"SN181"	NA	2
"CGGACTGTCACGGTTA"	""	"ERX6700418"	"ERP132580"	"testis"	"Zygotene_Spermatocytes"	NA	NA	NA	"CL:0000017"	"spermatocyte"	"missing child term"	"SN181"	NA	11
"CGGACTGTCGAGAACG"	""	"ERX6700418"	"ERP132580"	"testis"	"Pachytene_Spermatocytes"	NA	NA	NA	"CL:0000017"	"spermatocyte"	"missing child term"	"SN181"	NA	6
"CGGAGCTAGGCATTGG"	""	"ERX6700418"	"ERP132580"	"testis"	"Elongated_spermatids"	NA	NA	NA	"CL:4030037"	"late spermatid"	"perfect match"	"SN181"	NA	4
"CGGAGCTCAAGGTTCT"	""	"ERX6700418"	"ERP132580"	"testis"	"Zygotene_Spermatocytes"	NA	NA	NA	"CL:0000017"	"spermatocyte"	"missing child term"	"SN181"	NA	11
"CGGAGCTCATTTCAGG"	""	"ERX6700418"	"ERP132580"	"testis"	"Pachytene_Spermatocytes"	NA	NA	NA	"CL:0000017"	"spermatocyte"	"missing child term"	"SN181"	NA	6
"CGGAGTCCAAGCTGTT"	""	"ERX6700418"	"ERP132580"	"testis"	"Differentiated_Spermatogonia"	NA	NA	NA	"CL:0000020"	"spermatogonium"	"perfect match"	"SN181"	NA	9
"CGGAGTCCAATCAGAA"	""	"ERX6700418"	"ERP132580"	"testis"	""	NA	NA	NA	"CL:0000000"	"cell"	"other"	"SN181"	NA	10
"CGGAGTCCACACTGCG"	""	"ERX6700418"	"ERP132580"	"testis"	"Leptotene_Spermatocytes"	NA	NA	NA	"CL:0000017"	"spermatocyte"	"missing child term"	"SN181"	NA	7
"CGGAGTCCACCTTGTC"	""	"ERX6700418"	"ERP132580"	"testis"	"Undifferentiated_Spermatogonia"	NA	NA	NA	"CL:0000016"	"male germ line stem cell"	"other"	"SN181"	NA	1
"CGGAGTCCATGGGAAC"	""	"ERX6700418"	"ERP132580"	"testis"	"Sertoli"	NA	NA	NA	"CL:0000216"	"Sertoli cell"	"perfect match"	"SN181"	NA	8
"CGGAGTCTCGCAAACT"	""	"ERX6700418"	"ERP132580"	"testis"	"Sertoli"	NA	NA	NA	"CL:0000216"	"Sertoli cell"	"perfect match"	"SN181"	NA	8
"CGGAGTCTCGGAGCAA"	""	"ERX6700418"	"ERP132580"	"testis"	"Other_somatic"	NA	NA	NA	"CL:0002371"	"somatic cell"	"perfect match"	"SN181"	NA	3
"CGGAGTCTCTGCGACG"	""	"ERX6700418"	"ERP132580"	"testis"	"Other_somatic"	NA	NA	NA	"CL:0002371"	"somatic cell"	"perfect match"	"SN181"	NA	3
"CGGCTAGAGCGTGAGT"	""	"ERX6700418"	"ERP132580"	"testis"	"Leptotene_Spermatocytes"	NA	NA	NA	"CL:0000017"	"spermatocyte"	"missing child term"	"SN181"	NA	7
"CGGCTAGAGGAATGGA"	""	"ERX6700418"	"ERP132580"	"testis"	"Elongated_spermatids"	NA	NA	NA	"CL:4030037"	"late spermatid"	"perfect match"	"SN181"	NA	4
"CGGCTAGCACCCAGTG"	""	"ERX6700418"	"ERP132580"	"testis"	"Pachytene_Spermatocytes"	NA	NA	NA	"CL:0000017"	"spermatocyte"	"missing child term"	"SN181"	NA	6
"CGGCTAGCATCGATTG"	""	"ERX6700418"	"ERP132580"	"testis"	"Early_Round_spermatids"	NA	NA	NA	"CL:4030036"	"early spermatid"	"perfect match"	"SN181"	NA	2
"CGGCTAGGTAATTGGA"	""	"ERX6700418"	"ERP132580"	"testis"	"Early_Round_spermatids"	NA	NA	NA	"CL:4030036"	"early spermatid"	"perfect match"	"SN181"	NA	2
"CGGCTAGGTATGAATG"	""	"ERX6700418"	"ERP132580"	"testis"	"Elongated_spermatids"	NA	NA	NA	"CL:4030037"	"late spermatid"	"perfect match"	"SN181"	NA	4
"CGGCTAGGTCATGCAT"	""	"ERX6700418"	"ERP132580"	"testis"	"Undifferentiated_Spermatogonia"	NA	NA	NA	"CL:0000016"	"male germ line stem cell"	"other"	"SN181"	NA	1
"CGGCTAGGTTAAGTAG"	""	"ERX6700418"	"ERP132580"	"testis"	"Late_Round_spermatids"	NA	NA	NA	"CL:4030036"	"early spermatid"	"other"	"SN181"	NA	5
"CGGCTAGTCCAAACTG"	""	"ERX6700418"	"ERP132580"	"testis"	"Undifferentiated_Spermatogonia"	NA	NA	NA	"CL:0000016"	"male germ line stem cell"	"other"	"SN181"	NA	1
"CGGCTAGTCCCTTGCA"	""	"ERX6700418"	"ERP132580"	"testis"	"Leptotene_Spermatocytes"	NA	NA	NA	"CL:0000017"	"spermatocyte"	"missing child term"	"SN181"	NA	7
"CGGCTAGTCGGTCTAA"	""	"ERX6700418"	"ERP132580"	"testis"	"Pachytene_Spermatocytes"	NA	NA	NA	"CL:0000017"	"spermatocyte"	"missing child term"	"SN181"	NA	6
"CGGGTCAAGTTGAGAT"	""	"ERX6700418"	"ERP132580"	"testis"	"Sertoli"	NA	NA	NA	"CL:0000216"	"Sertoli cell"	"perfect match"	"SN181"	NA	8
"CGGGTCACAGATGGGT"	""	"ERX6700418"	"ERP132580"	"testis"	"Zygotene_Spermatocytes"	NA	NA	NA	"CL:0000017"	"spermatocyte"	"missing child term"	"SN181"	NA	11
"CGGGTCAGTAACGCGA"	""	"ERX6700418"	"ERP132580"	"testis"	"Elongated_spermatids"	NA	NA	NA	"CL:4030037"	"late spermatid"	"perfect match"	"SN181"	NA	4
"CGGGTCAGTGTAAGTA"	""	"ERX6700418"	"ERP132580"	"testis"	"Early_Round_spermatids"	NA	NA	NA	"CL:4030036"	"early spermatid"	"perfect match"	"SN181"	NA	2
"CGGGTCATCACCCTCA"	""	"ERX6700418"	"ERP132580"	"testis"	"Elongated_spermatids"	NA	NA	NA	"CL:4030037"	"late spermatid"	"perfect match"	"SN181"	NA	4
"CGGTTAAAGAATAGGG"	""	"ERX6700418"	"ERP132580"	"testis"	"Zygotene_Spermatocytes"	NA	NA	NA	"CL:0000017"	"spermatocyte"	"missing child term"	"SN181"	NA	11
"CGGTTAAGTCATCGGC"	""	"ERX6700418"	"ERP132580"	"testis"	"Pachytene_Spermatocytes"	NA	NA	NA	"CL:0000017"	"spermatocyte"	"missing child term"	"SN181"	NA	6
"CGGTTAATCCAGGGCT"	""	"ERX6700418"	"ERP132580"	"testis"	"Differentiated_Spermatogonia"	NA	NA	NA	"CL:0000020"	"spermatogonium"	"perfect match"	"SN181"	NA	9
"CGGTTAATCTAACTTC"	""	"ERX6700418"	"ERP132580"	"testis"	"Late_Round_spermatids"	NA	NA	NA	"CL:4030036"	"early spermatid"	"other"	"SN181"	NA	5
"CGGTTAATCTTGTATC"	""	"ERX6700418"	"ERP132580"	"testis"	"Late_Round_spermatids"	NA	NA	NA	"CL:4030036"	"early spermatid"	"other"	"SN181"	NA	5
"CGTAGCGAGAACTGTA"	""	"ERX6700418"	"ERP132580"	"testis"	"Elongated_spermatids"	NA	NA	NA	"CL:4030037"	"late spermatid"	"perfect match"	"SN181"	NA	4
"CGTAGCGTCACGAAGG"	""	"ERX6700418"	"ERP132580"	"testis"	"Leptotene_Spermatocytes"	NA	NA	NA	"CL:0000017"	"spermatocyte"	"missing child term"	"SN181"	NA	7
"CGTAGGCAGCAGATCG"	""	"ERX6700418"	"ERP132580"	"testis"	"Sertoli"	NA	NA	NA	"CL:0000216"	"Sertoli cell"	"perfect match"	"SN181"	NA	8
"CGTAGGCAGTACGCCC"	""	"ERX6700418"	"ERP132580"	"testis"	"Zygotene_Spermatocytes"	NA	NA	NA	"CL:0000017"	"spermatocyte"	"missing child term"	"SN181"	NA	11
"CGTAGGCAGTGAACGC"	""	"ERX6700418"	"ERP132580"	"testis"	"Late_Round_spermatids"	NA	NA	NA	"CL:4030036"	"early spermatid"	"other"	"SN181"	NA	5
"CGTAGGCAGTTAGCGG"	""	"ERX6700418"	"ERP132580"	"testis"	"Late_Round_spermatids"	NA	NA	NA	"CL:4030036"	"early spermatid"	"other"	"SN181"	NA	5
"CGTAGGCCAAGTCTGT"	""	"ERX6700418"	"ERP132580"	"testis"	"Sertoli"	NA	NA	NA	"CL:0000216"	"Sertoli cell"	"perfect match"	"SN181"	NA	8
"CGTAGGCCATGGTCAT"	""	"ERX6700418"	"ERP132580"	"testis"	"Undifferentiated_Spermatogonia"	NA	NA	NA	"CL:0000016"	"male germ line stem cell"	"other"	"SN181"	NA	1
"CGTAGGCTCCGCGTTT"	""	"ERX6700418"	"ERP132580"	"testis"	"Early_Round_spermatids"	NA	NA	NA	"CL:4030036"	"early spermatid"	"perfect match"	"SN181"	NA	2
"CGTAGGCTCCTTTCTC"	""	"ERX6700418"	"ERP132580"	"testis"	"Late_Round_spermatids"	NA	NA	NA	"CL:4030036"	"early spermatid"	"other"	"SN181"	NA	5
"CGTAGGCTCTTAGCCC"	""	"ERX6700418"	"ERP132580"	"testis"	"Sertoli"	NA	NA	NA	"CL:0000216"	"Sertoli cell"	"perfect match"	"SN181"	NA	8
"CGTCACTAGACATAAC"	""	"ERX6700418"	"ERP132580"	"testis"	"Differentiated_Spermatogonia"	NA	NA	NA	"CL:0000020"	"spermatogonium"	"perfect match"	"SN181"	NA	9
"CGTCACTAGATCCCAT"	""	"ERX6700418"	"ERP132580"	"testis"	"Early_Round_spermatids"	NA	NA	NA	"CL:4030036"	"early spermatid"	"perfect match"	"SN181"	NA	2
"CGTCACTAGCGTAATA"	""	"ERX6700418"	"ERP132580"	"testis"	"Elongated_spermatids"	NA	NA	NA	"CL:4030037"	"late spermatid"	"perfect match"	"SN181"	NA	4
"CGTCACTAGTAGATGT"	""	"ERX6700418"	"ERP132580"	"testis"	"Differentiated_Spermatogonia"	NA	NA	NA	"CL:0000020"	"spermatogonium"	"perfect match"	"SN181"	NA	9
"CGTCACTCACAGAGGT"	""	"ERX6700418"	"ERP132580"	"testis"	"Leptotene_Spermatocytes"	NA	NA	NA	"CL:0000017"	"spermatocyte"	"missing child term"	"SN181"	NA	7
"CGTCACTCATGGTAGG"	""	"ERX6700418"	"ERP132580"	"testis"	"Zygotene_Spermatocytes"	NA	NA	NA	"CL:0000017"	"spermatocyte"	"missing child term"	"SN181"	NA	11
"CGTCACTTCTTGCAAG"	""	"ERX6700418"	"ERP132580"	"testis"	"Undifferentiated_Spermatogonia"	NA	NA	NA	"CL:0000016"	"male germ line stem cell"	"other"	"SN181"	NA	1
"CGTCAGGCAGATCCAT"	""	"ERX6700418"	"ERP132580"	"testis"	"Pachytene_Spermatocytes"	NA	NA	NA	"CL:0000017"	"spermatocyte"	"missing child term"	"SN181"	NA	6
"CGTCAGGCAGGAATGC"	""	"ERX6700418"	"ERP132580"	"testis"	"Elongated_spermatids"	NA	NA	NA	"CL:4030037"	"late spermatid"	"perfect match"	"SN181"	NA	4
"CGTCAGGCATCACAAC"	""	"ERX6700418"	"ERP132580"	"testis"	"Pachytene_Spermatocytes"	NA	NA	NA	"CL:0000017"	"spermatocyte"	"missing child term"	"SN181"	NA	6
"CGTCAGGGTGTTCTTT"	""	"ERX6700418"	"ERP132580"	"testis"	"Sertoli"	NA	NA	NA	"CL:0000216"	"Sertoli cell"	"perfect match"	"SN181"	NA	8
"CGTCAGGGTTGGACCC"	""	"ERX6700418"	"ERP132580"	"testis"	"Pachytene_Spermatocytes"	NA	NA	NA	"CL:0000017"	"spermatocyte"	"missing child term"	"SN181"	NA	6
"CGTCCATCAAACAACA"	""	"ERX6700418"	"ERP132580"	"testis"	"Elongated_spermatids"	NA	NA	NA	"CL:4030037"	"late spermatid"	"perfect match"	"SN181"	NA	4
"CGTCCATCACCATGTA"	""	"ERX6700418"	"ERP132580"	"testis"	"Leptotene_Spermatocytes"	NA	NA	NA	"CL:0000017"	"spermatocyte"	"missing child term"	"SN181"	NA	7
"CGTCCATGTCGCGGTT"	""	"ERX6700418"	"ERP132580"	"testis"	"Elongated_spermatids"	NA	NA	NA	"CL:4030037"	"late spermatid"	"perfect match"	"SN181"	NA	4
"CGTCCATTCACCAGGC"	""	"ERX6700418"	"ERP132580"	"testis"	"Differentiated_Spermatogonia"	NA	NA	NA	"CL:0000020"	"spermatogonium"	"perfect match"	"SN181"	NA	9
"CGTCCATTCCGCATCT"	""	"ERX6700418"	"ERP132580"	"testis"	"Pachytene_Spermatocytes"	NA	NA	NA	"CL:0000017"	"spermatocyte"	"missing child term"	"SN181"	NA	6
"CGTCTACAGGACAGCT"	""	"ERX6700418"	"ERP132580"	"testis"	"Late_Round_spermatids"	NA	NA	NA	"CL:4030036"	"early spermatid"	"other"	"SN181"	NA	5
"CGTCTACAGGAGCGTT"	""	"ERX6700418"	"ERP132580"	"testis"	"Pachytene_Spermatocytes"	NA	NA	NA	"CL:0000017"	"spermatocyte"	"missing child term"	"SN181"	NA	6
"CGTCTACCAATTGCTG"	""	"ERX6700418"	"ERP132580"	"testis"	"Zygotene_Spermatocytes"	NA	NA	NA	"CL:0000017"	"spermatocyte"	"missing child term"	"SN181"	NA	11
"CGTCTACCACGGATAG"	""	"ERX6700418"	"ERP132580"	"testis"	"Leptotene_Spermatocytes"	NA	NA	NA	"CL:0000017"	"spermatocyte"	"missing child term"	"SN181"	NA	7
"CGTCTACCACTAGTAC"	""	"ERX6700418"	"ERP132580"	"testis"	"Pachytene_Spermatocytes"	NA	NA	NA	"CL:0000017"	"spermatocyte"	"missing child term"	"SN181"	NA	6
"CGTCTACCAGACGCCT"	""	"ERX6700418"	"ERP132580"	"testis"	"Early_Round_spermatids"	NA	NA	NA	"CL:4030036"	"early spermatid"	"perfect match"	"SN181"	NA	2
"CGTCTACCAGTGGAGT"	""	"ERX6700418"	"ERP132580"	"testis"	"Zygotene_Spermatocytes"	NA	NA	NA	"CL:0000017"	"spermatocyte"	"missing child term"	"SN181"	NA	11
"CGTCTACGTCCGTCAG"	""	"ERX6700418"	"ERP132580"	"testis"	"Elongated_spermatids"	NA	NA	NA	"CL:4030037"	"late spermatid"	"perfect match"	"SN181"	NA	4
"CGTCTACTCAAGGTAA"	""	"ERX6700418"	"ERP132580"	"testis"	"Pachytene_Spermatocytes"	NA	NA	NA	"CL:0000017"	"spermatocyte"	"missing child term"	"SN181"	NA	6
"CGTCTACTCAGTCCCT"	""	"ERX6700418"	"ERP132580"	"testis"	"Elongated_spermatids"	NA	NA	NA	"CL:4030037"	"late spermatid"	"perfect match"	"SN181"	NA	4
"CGTCTACTCATGTCTT"	""	"ERX6700418"	"ERP132580"	"testis"	"Sertoli"	NA	NA	NA	"CL:0000216"	"Sertoli cell"	"perfect match"	"SN181"	NA	8
"CGTCTACTCGGTCTAA"	""	"ERX6700418"	"ERP132580"	"testis"	"Differentiated_Spermatogonia"	NA	NA	NA	"CL:0000020"	"spermatogonium"	"perfect match"	"SN181"	NA	9
"CGTCTACTCTTTACAC"	""	"ERX6700418"	"ERP132580"	"testis"	"Elongated_spermatids"	NA	NA	NA	"CL:4030037"	"late spermatid"	"perfect match"	"SN181"	NA	4
"CGTGAGCGTAGAGGAA"	""	"ERX6700418"	"ERP132580"	"testis"	"Sertoli"	NA	NA	NA	"CL:0000216"	"Sertoli cell"	"perfect match"	"SN181"	NA	8
"CGTGAGCGTCCCTTGT"	""	"ERX6700418"	"ERP132580"	"testis"	"Pachytene_Spermatocytes"	NA	NA	NA	"CL:0000017"	"spermatocyte"	"missing child term"	"SN181"	NA	6
"CGTGAGCTCATTTGGG"	""	"ERX6700418"	"ERP132580"	"testis"	"Late_Round_spermatids"	NA	NA	NA	"CL:4030036"	"early spermatid"	"other"	"SN181"	NA	5
"CGTGAGCTCTCCTATA"	""	"ERX6700418"	"ERP132580"	"testis"	"Leptotene_Spermatocytes"	NA	NA	NA	"CL:0000017"	"spermatocyte"	"missing child term"	"SN181"	NA	7
"CGTGTAAAGAGTCGGT"	""	"ERX6700418"	"ERP132580"	"testis"	"Zygotene_Spermatocytes"	NA	NA	NA	"CL:0000017"	"spermatocyte"	"missing child term"	"SN181"	NA	11
"CGTGTAAAGGAGTCTG"	""	"ERX6700418"	"ERP132580"	"testis"	"Sertoli"	NA	NA	NA	"CL:0000216"	"Sertoli cell"	"perfect match"	"SN181"	NA	8
"CGTGTAAAGTGGTAGC"	""	"ERX6700418"	"ERP132580"	"testis"	"Other_somatic"	NA	NA	NA	"CL:0002371"	"somatic cell"	"perfect match"	"SN181"	NA	3
"CGTGTAACAGCGATCC"	""	"ERX6700418"	"ERP132580"	"testis"	"Elongated_spermatids"	NA	NA	NA	"CL:4030037"	"late spermatid"	"perfect match"	"SN181"	NA	4
"CGTGTAAGTATCTGCA"	""	"ERX6700418"	"ERP132580"	"testis"	"Late_Round_spermatids"	NA	NA	NA	"CL:4030036"	"early spermatid"	"other"	"SN181"	NA	5
"CGTGTAAGTCTAAAGA"	""	"ERX6700418"	"ERP132580"	"testis"	"Elongated_spermatids"	NA	NA	NA	"CL:4030037"	"late spermatid"	"perfect match"	"SN181"	NA	4
"CGTGTAAGTGAGTATA"	""	"ERX6700418"	"ERP132580"	"testis"	"Sertoli"	NA	NA	NA	"CL:0000216"	"Sertoli cell"	"perfect match"	"SN181"	NA	8
"CGTGTAAGTTATCGGT"	""	"ERX6700418"	"ERP132580"	"testis"	"Sertoli"	NA	NA	NA	"CL:0000216"	"Sertoli cell"	"perfect match"	"SN181"	NA	8
"CGTGTAATCCTATGTT"	""	"ERX6700418"	"ERP132580"	"testis"	"Zygotene_Spermatocytes"	NA	NA	NA	"CL:0000017"	"spermatocyte"	"missing child term"	"SN181"	NA	11
"CGTGTCTAGCAATCTC"	""	"ERX6700418"	"ERP132580"	"testis"	"Early_Round_spermatids"	NA	NA	NA	"CL:4030036"	"early spermatid"	"perfect match"	"SN181"	NA	2
"CGTGTCTAGCTAGTTC"	""	"ERX6700418"	"ERP132580"	"testis"	"Undifferentiated_Spermatogonia"	NA	NA	NA	"CL:0000016"	"male germ line stem cell"	"other"	"SN181"	NA	1
"CGTGTCTAGTATCTCG"	""	"ERX6700418"	"ERP132580"	"testis"	"Sertoli"	NA	NA	NA	"CL:0000216"	"Sertoli cell"	"perfect match"	"SN181"	NA	8
"CGTGTCTCAAACTGTC"	""	"ERX6700418"	"ERP132580"	"testis"	"Differentiated_Spermatogonia"	NA	NA	NA	"CL:0000020"	"spermatogonium"	"perfect match"	"SN181"	NA	9
"CGTGTCTGTAATAGCA"	""	"ERX6700418"	"ERP132580"	"testis"	"Elongated_spermatids"	NA	NA	NA	"CL:4030037"	"late spermatid"	"perfect match"	"SN181"	NA	4
"CGTGTCTTCCTTCAAT"	""	"ERX6700418"	"ERP132580"	"testis"	"Pachytene_Spermatocytes"	NA	NA	NA	"CL:0000017"	"spermatocyte"	"missing child term"	"SN181"	NA	6
"CGTGTCTTCTAACTGG"	""	"ERX6700418"	"ERP132580"	"testis"	"Elongated_spermatids"	NA	NA	NA	"CL:4030037"	"late spermatid"	"perfect match"	"SN181"	NA	4
"CGTTAGAAGAGGGATA"	""	"ERX6700418"	"ERP132580"	"testis"	"Undifferentiated_Spermatogonia"	NA	NA	NA	"CL:0000016"	"male germ line stem cell"	"other"	"SN181"	NA	1
"CGTTAGAAGCACCGCT"	""	"ERX6700418"	"ERP132580"	"testis"	"Zygotene_Spermatocytes"	NA	NA	NA	"CL:0000017"	"spermatocyte"	"missing child term"	"SN181"	NA	11
"CGTTAGACAGTGAGTG"	""	"ERX6700418"	"ERP132580"	"testis"	"Late_Round_spermatids"	NA	NA	NA	"CL:4030036"	"early spermatid"	"other"	"SN181"	NA	5
"CGTTAGACATCGTCGG"	""	"ERX6700418"	"ERP132580"	"testis"	"Pachytene_Spermatocytes"	NA	NA	NA	"CL:0000017"	"spermatocyte"	"missing child term"	"SN181"	NA	6
"CGTTAGAGTCGACTAT"	""	"ERX6700418"	"ERP132580"	"testis"	"Elongated_spermatids"	NA	NA	NA	"CL:4030037"	"late spermatid"	"perfect match"	"SN181"	NA	4
"CGTTAGATCCCGACTT"	""	"ERX6700418"	"ERP132580"	"testis"	"Elongated_spermatids"	NA	NA	NA	"CL:4030037"	"late spermatid"	"perfect match"	"SN181"	NA	4
"CGTTAGATCGTCTGCT"	""	"ERX6700418"	"ERP132580"	"testis"	"Elongated_spermatids"	NA	NA	NA	"CL:4030037"	"late spermatid"	"perfect match"	"SN181"	NA	4
"CGTTAGATCTCTTGAT"	""	"ERX6700418"	"ERP132580"	"testis"	"Elongated_spermatids"	NA	NA	NA	"CL:4030037"	"late spermatid"	"perfect match"	"SN181"	NA	4
"CGTTCTGAGCGCTCCA"	""	"ERX6700418"	"ERP132580"	"testis"	"Zygotene_Spermatocytes"	NA	NA	NA	"CL:0000017"	"spermatocyte"	"missing child term"	"SN181"	NA	11
"CGTTCTGAGGTGCTTT"	""	"ERX6700418"	"ERP132580"	"testis"	"Early_Round_spermatids"	NA	NA	NA	"CL:4030036"	"early spermatid"	"perfect match"	"SN181"	NA	2
"CGTTCTGCAACACCCG"	""	"ERX6700418"	"ERP132580"	"testis"	"Leptotene_Spermatocytes"	NA	NA	NA	"CL:0000017"	"spermatocyte"	"missing child term"	"SN181"	NA	7
"CGTTCTGCAATCGAAA"	""	"ERX6700418"	"ERP132580"	"testis"	"Pachytene_Spermatocytes"	NA	NA	NA	"CL:0000017"	"spermatocyte"	"missing child term"	"SN181"	NA	6
"CGTTCTGCACATTCGA"	""	"ERX6700418"	"ERP132580"	"testis"	"Other_somatic"	NA	NA	NA	"CL:0002371"	"somatic cell"	"perfect match"	"SN181"	NA	3
"CGTTCTGGTAACGTTC"	""	"ERX6700418"	"ERP132580"	"testis"	"Undifferentiated_Spermatogonia"	NA	NA	NA	"CL:0000016"	"male germ line stem cell"	"other"	"SN181"	NA	1
"CGTTCTGTCACTGGGC"	""	"ERX6700418"	"ERP132580"	"testis"	"Sertoli"	NA	NA	NA	"CL:0000216"	"Sertoli cell"	"perfect match"	"SN181"	NA	8
"CGTTCTGTCCTTTCTC"	""	"ERX6700418"	"ERP132580"	"testis"	"Elongated_spermatids"	NA	NA	NA	"CL:4030037"	"late spermatid"	"perfect match"	"SN181"	NA	4
"CGTTGGGAGGGTTCCC"	""	"ERX6700418"	"ERP132580"	"testis"	"Undifferentiated_Spermatogonia"	NA	NA	NA	"CL:0000016"	"male germ line stem cell"	"other"	"SN181"	NA	1
"CGTTGGGAGGTGCACA"	""	"ERX6700418"	"ERP132580"	"testis"	"Zygotene_Spermatocytes"	NA	NA	NA	"CL:0000017"	"spermatocyte"	"missing child term"	"SN181"	NA	11
"CGTTGGGTCAATCACG"	""	"ERX6700418"	"ERP132580"	"testis"	"Differentiated_Spermatogonia"	NA	NA	NA	"CL:0000020"	"spermatogonium"	"perfect match"	"SN181"	NA	9
"CGTTGGGTCCTTGCCA"	""	"ERX6700418"	"ERP132580"	"testis"	"Leptotene_Spermatocytes"	NA	NA	NA	"CL:0000017"	"spermatocyte"	"missing child term"	"SN181"	NA	7
"CTAACTTAGCGTTGCC"	""	"ERX6700418"	"ERP132580"	"testis"	"Other_somatic"	NA	NA	NA	"CL:0002371"	"somatic cell"	"perfect match"	"SN181"	NA	3
"CTAACTTAGGCCGAAT"	""	"ERX6700418"	"ERP132580"	"testis"	"Pachytene_Spermatocytes"	NA	NA	NA	"CL:0000017"	"spermatocyte"	"missing child term"	"SN181"	NA	6
"CTAACTTCACCATGTA"	""	"ERX6700418"	"ERP132580"	"testis"	"Leptotene_Spermatocytes"	NA	NA	NA	"CL:0000017"	"spermatocyte"	"missing child term"	"SN181"	NA	7
"CTAACTTCATAGAAAC"	""	"ERX6700418"	"ERP132580"	"testis"	""	NA	NA	NA	"CL:0000000"	"cell"	"other"	"SN181"	NA	10
"CTAACTTCATGGGAAC"	""	"ERX6700418"	"ERP132580"	"testis"	"Undifferentiated_Spermatogonia"	NA	NA	NA	"CL:0000016"	"male germ line stem cell"	"other"	"SN181"	NA	1
"CTAACTTGTACGAAAT"	""	"ERX6700418"	"ERP132580"	"testis"	"Zygotene_Spermatocytes"	NA	NA	NA	"CL:0000017"	"spermatocyte"	"missing child term"	"SN181"	NA	11
"CTAACTTGTGAGCGAT"	""	"ERX6700418"	"ERP132580"	"testis"	"Differentiated_Spermatogonia"	NA	NA	NA	"CL:0000020"	"spermatogonium"	"perfect match"	"SN181"	NA	9
"CTAACTTTCATATCGG"	""	"ERX6700418"	"ERP132580"	"testis"	"Pachytene_Spermatocytes"	NA	NA	NA	"CL:0000017"	"spermatocyte"	"missing child term"	"SN181"	NA	6
"CTAAGACAGTGTGGCA"	""	"ERX6700418"	"ERP132580"	"testis"	"Early_Round_spermatids"	NA	NA	NA	"CL:4030036"	"early spermatid"	"perfect match"	"SN181"	NA	2
"CTAAGACCAATGGATA"	""	"ERX6700418"	"ERP132580"	"testis"	"Pachytene_Spermatocytes"	NA	NA	NA	"CL:0000017"	"spermatocyte"	"missing child term"	"SN181"	NA	6
"CTAAGACGTCGAGTTT"	""	"ERX6700418"	"ERP132580"	"testis"	"Late_Round_spermatids"	NA	NA	NA	"CL:4030036"	"early spermatid"	"other"	"SN181"	NA	5
"CTAAGACTCAACACTG"	""	"ERX6700418"	"ERP132580"	"testis"	"Other_somatic"	NA	NA	NA	"CL:0002371"	"somatic cell"	"perfect match"	"SN181"	NA	3
"CTAAGACTCCCAAGTA"	""	"ERX6700418"	"ERP132580"	"testis"	"Late_Round_spermatids"	NA	NA	NA	"CL:4030036"	"early spermatid"	"other"	"SN181"	NA	5
"CTAATGGGTATCACCA"	""	"ERX6700418"	"ERP132580"	"testis"	"Differentiated_Spermatogonia"	NA	NA	NA	"CL:0000020"	"spermatogonium"	"perfect match"	"SN181"	NA	9
"CTAATGGGTCGGCACT"	""	"ERX6700418"	"ERP132580"	"testis"	"Late_Round_spermatids"	NA	NA	NA	"CL:4030036"	"early spermatid"	"other"	"SN181"	NA	5
"CTAATGGTCACTTACT"	""	"ERX6700418"	"ERP132580"	"testis"	"Sertoli"	NA	NA	NA	"CL:0000216"	"Sertoli cell"	"perfect match"	"SN181"	NA	8
"CTACACCAGCCCTAAT"	""	"ERX6700418"	"ERP132580"	"testis"	"Differentiated_Spermatogonia"	NA	NA	NA	"CL:0000020"	"spermatogonium"	"perfect match"	"SN181"	NA	9
"CTACACCAGCCTCGTG"	""	"ERX6700418"	"ERP132580"	"testis"	"Late_Round_spermatids"	NA	NA	NA	"CL:4030036"	"early spermatid"	"other"	"SN181"	NA	5
"CTACACCCACCTGGTG"	""	"ERX6700418"	"ERP132580"	"testis"	"Pachytene_Spermatocytes"	NA	NA	NA	"CL:0000017"	"spermatocyte"	"missing child term"	"SN181"	NA	6
"CTACACCCACTCGACG"	""	"ERX6700418"	"ERP132580"	"testis"	"Late_Round_spermatids"	NA	NA	NA	"CL:4030036"	"early spermatid"	"other"	"SN181"	NA	5
"CTACACCCAGGGTACA"	""	"ERX6700418"	"ERP132580"	"testis"	"Early_Round_spermatids"	NA	NA	NA	"CL:4030036"	"early spermatid"	"perfect match"	"SN181"	NA	2
"CTACACCCATGAACCT"	""	"ERX6700418"	"ERP132580"	"testis"	"Pachytene_Spermatocytes"	NA	NA	NA	"CL:0000017"	"spermatocyte"	"missing child term"	"SN181"	NA	6
"CTACACCGTTTGACAC"	""	"ERX6700418"	"ERP132580"	"testis"	"Undifferentiated_Spermatogonia"	NA	NA	NA	"CL:0000016"	"male germ line stem cell"	"other"	"SN181"	NA	1
"CTACACCTCCGCATCT"	""	"ERX6700418"	"ERP132580"	"testis"	"Sertoli"	NA	NA	NA	"CL:0000216"	"Sertoli cell"	"perfect match"	"SN181"	NA	8
"CTACACCTCGAACGGA"	""	"ERX6700418"	"ERP132580"	"testis"	"Zygotene_Spermatocytes"	NA	NA	NA	"CL:0000017"	"spermatocyte"	"missing child term"	"SN181"	NA	11
"CTACATTAGCCAGGAT"	""	"ERX6700418"	"ERP132580"	"testis"	"Early_Round_spermatids"	NA	NA	NA	"CL:4030036"	"early spermatid"	"perfect match"	"SN181"	NA	2
"CTACATTAGGCCCTCA"	""	"ERX6700418"	"ERP132580"	"testis"	"Leptotene_Spermatocytes"	NA	NA	NA	"CL:0000017"	"spermatocyte"	"missing child term"	"SN181"	NA	7
"CTACATTCACTAAGTC"	""	"ERX6700418"	"ERP132580"	"testis"	"Zygotene_Spermatocytes"	NA	NA	NA	"CL:0000017"	"spermatocyte"	"missing child term"	"SN181"	NA	11
"CTACATTGTGACGGTA"	""	"ERX6700418"	"ERP132580"	"testis"	"Sertoli"	NA	NA	NA	"CL:0000216"	"Sertoli cell"	"perfect match"	"SN181"	NA	8
"CTACATTTCAAGAAGT"	""	"ERX6700418"	"ERP132580"	"testis"	"Late_Round_spermatids"	NA	NA	NA	"CL:4030036"	"early spermatid"	"other"	"SN181"	NA	5
"CTACATTTCATAACCG"	""	"ERX6700418"	"ERP132580"	"testis"	"Early_Round_spermatids"	NA	NA	NA	"CL:4030036"	"early spermatid"	"perfect match"	"SN181"	NA	2
"CTACATTTCATGCATG"	""	"ERX6700418"	"ERP132580"	"testis"	"Leptotene_Spermatocytes"	NA	NA	NA	"CL:0000017"	"spermatocyte"	"missing child term"	"SN181"	NA	7
"CTACCCAAGAAGAAGC"	""	"ERX6700418"	"ERP132580"	"testis"	"Leptotene_Spermatocytes"	NA	NA	NA	"CL:0000017"	"spermatocyte"	"missing child term"	"SN181"	NA	7
"CTACCCAAGCCGTCGT"	""	"ERX6700418"	"ERP132580"	"testis"	"Elongated_spermatids"	NA	NA	NA	"CL:4030037"	"late spermatid"	"perfect match"	"SN181"	NA	4
"CTACCCACACAGTCGC"	""	"ERX6700418"	"ERP132580"	"testis"	"Zygotene_Spermatocytes"	NA	NA	NA	"CL:0000017"	"spermatocyte"	"missing child term"	"SN181"	NA	11
"CTACCCACACTCGACG"	""	"ERX6700418"	"ERP132580"	"testis"	"Zygotene_Spermatocytes"	NA	NA	NA	"CL:0000017"	"spermatocyte"	"missing child term"	"SN181"	NA	11
"CTACCCACATTGGGCC"	""	"ERX6700418"	"ERP132580"	"testis"	"Differentiated_Spermatogonia"	NA	NA	NA	"CL:0000020"	"spermatogonium"	"perfect match"	"SN181"	NA	9
"CTACCCAGTACCTACA"	""	"ERX6700418"	"ERP132580"	"testis"	"Differentiated_Spermatogonia"	NA	NA	NA	"CL:0000020"	"spermatogonium"	"perfect match"	"SN181"	NA	9
"CTACCCAGTCATCGGC"	""	"ERX6700418"	"ERP132580"	"testis"	"Elongated_spermatids"	NA	NA	NA	"CL:4030037"	"late spermatid"	"perfect match"	"SN181"	NA	4
"CTACCCAGTCGAAAGC"	""	"ERX6700418"	"ERP132580"	"testis"	"Undifferentiated_Spermatogonia"	NA	NA	NA	"CL:0000016"	"male germ line stem cell"	"other"	"SN181"	NA	1
"CTACCCAGTTAAGACA"	""	"ERX6700418"	"ERP132580"	"testis"	"Late_Round_spermatids"	NA	NA	NA	"CL:4030036"	"early spermatid"	"other"	"SN181"	NA	5
"CTACGTCAGGAGCGTT"	""	"ERX6700418"	"ERP132580"	"testis"	"Sertoli"	NA	NA	NA	"CL:0000216"	"Sertoli cell"	"perfect match"	"SN181"	NA	8
"CTACGTCAGTGCAAGC"	""	"ERX6700418"	"ERP132580"	"testis"	"Differentiated_Spermatogonia"	NA	NA	NA	"CL:0000020"	"spermatogonium"	"perfect match"	"SN181"	NA	9
"CTACGTCCAATGGAGC"	""	"ERX6700418"	"ERP132580"	"testis"	"Elongated_spermatids"	NA	NA	NA	"CL:4030037"	"late spermatid"	"perfect match"	"SN181"	NA	4
"CTACGTCGTCAAAGCG"	""	"ERX6700418"	"ERP132580"	"testis"	"Elongated_spermatids"	NA	NA	NA	"CL:4030037"	"late spermatid"	"perfect match"	"SN181"	NA	4
"CTACGTCGTCGCATCG"	""	"ERX6700418"	"ERP132580"	"testis"	"Late_Round_spermatids"	NA	NA	NA	"CL:4030036"	"early spermatid"	"other"	"SN181"	NA	5
"CTACGTCTCAAGGCTT"	""	"ERX6700418"	"ERP132580"	"testis"	"Zygotene_Spermatocytes"	NA	NA	NA	"CL:0000017"	"spermatocyte"	"missing child term"	"SN181"	NA	11
"CTACGTCTCATCACCC"	""	"ERX6700418"	"ERP132580"	"testis"	"Other_somatic"	NA	NA	NA	"CL:0002371"	"somatic cell"	"perfect match"	"SN181"	NA	3
"CTACGTCTCTGCCAGG"	""	"ERX6700418"	"ERP132580"	"testis"	"Undifferentiated_Spermatogonia"	NA	NA	NA	"CL:0000016"	"male germ line stem cell"	"other"	"SN181"	NA	1
"CTAGAGTCAAGCGATG"	""	"ERX6700418"	"ERP132580"	"testis"	"Zygotene_Spermatocytes"	NA	NA	NA	"CL:0000017"	"spermatocyte"	"missing child term"	"SN181"	NA	11
"CTAGAGTGTGCTCTTC"	""	"ERX6700418"	"ERP132580"	"testis"	"Undifferentiated_Spermatogonia"	NA	NA	NA	"CL:0000016"	"male germ line stem cell"	"other"	"SN181"	NA	1
"CTAGAGTGTTGACGTT"	""	"ERX6700418"	"ERP132580"	"testis"	"Pachytene_Spermatocytes"	NA	NA	NA	"CL:0000017"	"spermatocyte"	"missing child term"	"SN181"	NA	6
"CTAGCCTCACCTATCC"	""	"ERX6700418"	"ERP132580"	"testis"	"Elongated_spermatids"	NA	NA	NA	"CL:4030037"	"late spermatid"	"perfect match"	"SN181"	NA	4
"CTAGCCTCAGCGTCCA"	""	"ERX6700418"	"ERP132580"	"testis"	"Pachytene_Spermatocytes"	NA	NA	NA	"CL:0000017"	"spermatocyte"	"missing child term"	"SN181"	NA	6
"CTAGCCTCAGGAATGC"	""	"ERX6700418"	"ERP132580"	"testis"	"Pachytene_Spermatocytes"	NA	NA	NA	"CL:0000017"	"spermatocyte"	"missing child term"	"SN181"	NA	6
"CTAGCCTCAGTCTTCC"	""	"ERX6700418"	"ERP132580"	"testis"	"Other_somatic"	NA	NA	NA	"CL:0002371"	"somatic cell"	"perfect match"	"SN181"	NA	3
"CTAGCCTGTACCGTTA"	""	"ERX6700418"	"ERP132580"	"testis"	"Pachytene_Spermatocytes"	NA	NA	NA	"CL:0000017"	"spermatocyte"	"missing child term"	"SN181"	NA	6
"CTAGCCTGTCTACCTC"	""	"ERX6700418"	"ERP132580"	"testis"	"Early_Round_spermatids"	NA	NA	NA	"CL:4030036"	"early spermatid"	"perfect match"	"SN181"	NA	2
"CTAGCCTGTTCATGGT"	""	"ERX6700418"	"ERP132580"	"testis"	"Pachytene_Spermatocytes"	NA	NA	NA	"CL:0000017"	"spermatocyte"	"missing child term"	"SN181"	NA	6
"CTAGCCTTCGTGACAT"	""	"ERX6700418"	"ERP132580"	"testis"	"Early_Round_spermatids"	NA	NA	NA	"CL:4030036"	"early spermatid"	"perfect match"	"SN181"	NA	2
"CTAGCCTTCTTGCCGT"	""	"ERX6700418"	"ERP132580"	"testis"	"Elongated_spermatids"	NA	NA	NA	"CL:4030037"	"late spermatid"	"perfect match"	"SN181"	NA	4
"CTAGTGAAGATCCGAG"	""	"ERX6700418"	"ERP132580"	"testis"	"Elongated_spermatids"	NA	NA	NA	"CL:4030037"	"late spermatid"	"perfect match"	"SN181"	NA	4
"CTAGTGACAGACAAAT"	""	"ERX6700418"	"ERP132580"	"testis"	"Pachytene_Spermatocytes"	NA	NA	NA	"CL:0000017"	"spermatocyte"	"missing child term"	"SN181"	NA	6
"CTAGTGAGTCAGAAGC"	""	"ERX6700418"	"ERP132580"	"testis"	"Zygotene_Spermatocytes"	NA	NA	NA	"CL:0000017"	"spermatocyte"	"missing child term"	"SN181"	NA	11
"CTAGTGATCATAACCG"	""	"ERX6700418"	"ERP132580"	"testis"	"Undifferentiated_Spermatogonia"	NA	NA	NA	"CL:0000016"	"male germ line stem cell"	"other"	"SN181"	NA	1
"CTAGTGATCTCAAGTG"	""	"ERX6700418"	"ERP132580"	"testis"	"Sertoli"	NA	NA	NA	"CL:0000216"	"Sertoli cell"	"perfect match"	"SN181"	NA	8
"CTAGTGATCTCTAGGA"	""	"ERX6700418"	"ERP132580"	"testis"	"Pachytene_Spermatocytes"	NA	NA	NA	"CL:0000017"	"spermatocyte"	"missing child term"	"SN181"	NA	6
"CTAGTGATCTGGTATG"	""	"ERX6700418"	"ERP132580"	"testis"	"Sertoli"	NA	NA	NA	"CL:0000216"	"Sertoli cell"	"perfect match"	"SN181"	NA	8
"CTCACACCAAGTAGTA"	""	"ERX6700418"	"ERP132580"	"testis"	"Early_Round_spermatids"	NA	NA	NA	"CL:4030036"	"early spermatid"	"perfect match"	"SN181"	NA	2
"CTCACACCACTTAAGC"	""	"ERX6700418"	"ERP132580"	"testis"	"Undifferentiated_Spermatogonia"	NA	NA	NA	"CL:0000016"	"male germ line stem cell"	"other"	"SN181"	NA	1
"CTCACACCAGCGAACA"	""	"ERX6700418"	"ERP132580"	"testis"	"Zygotene_Spermatocytes"	NA	NA	NA	"CL:0000017"	"spermatocyte"	"missing child term"	"SN181"	NA	11
"CTCACACCAGTCACTA"	""	"ERX6700418"	"ERP132580"	"testis"	"Elongated_spermatids"	NA	NA	NA	"CL:4030037"	"late spermatid"	"perfect match"	"SN181"	NA	4
"CTCACACTCGGAATCT"	""	"ERX6700418"	"ERP132580"	"testis"	"Elongated_spermatids"	NA	NA	NA	"CL:4030037"	"late spermatid"	"perfect match"	"SN181"	NA	4
"CTCACACTCTTGTCAT"	""	"ERX6700418"	"ERP132580"	"testis"	"Early_Round_spermatids"	NA	NA	NA	"CL:4030036"	"early spermatid"	"perfect match"	"SN181"	NA	2
"CTCAGAAAGAGGTACC"	""	"ERX6700418"	"ERP132580"	"testis"	"Elongated_spermatids"	NA	NA	NA	"CL:4030037"	"late spermatid"	"perfect match"	"SN181"	NA	4
"CTCAGAAAGTACGACG"	""	"ERX6700418"	"ERP132580"	"testis"	"Zygotene_Spermatocytes"	NA	NA	NA	"CL:0000017"	"spermatocyte"	"missing child term"	"SN181"	NA	11
"CTCAGAAAGTGAAGTT"	""	"ERX6700418"	"ERP132580"	"testis"	"Late_Round_spermatids"	NA	NA	NA	"CL:4030036"	"early spermatid"	"other"	"SN181"	NA	5
"CTCAGAACAGCTCGAC"	""	"ERX6700418"	"ERP132580"	"testis"	"Pachytene_Spermatocytes"	NA	NA	NA	"CL:0000017"	"spermatocyte"	"missing child term"	"SN181"	NA	6
"CTCAGAACATAACCTG"	""	"ERX6700418"	"ERP132580"	"testis"	"Late_Round_spermatids"	NA	NA	NA	"CL:4030036"	"early spermatid"	"other"	"SN181"	NA	5
"CTCAGAACATGGGAAC"	""	"ERX6700418"	"ERP132580"	"testis"	"Pachytene_Spermatocytes"	NA	NA	NA	"CL:0000017"	"spermatocyte"	"missing child term"	"SN181"	NA	6
"CTCAGAACATTAGGCT"	""	"ERX6700418"	"ERP132580"	"testis"	""	NA	NA	NA	"CL:0000000"	"cell"	"other"	"SN181"	NA	10
"CTCAGAAGTACGCTGC"	""	"ERX6700418"	"ERP132580"	"testis"	"Early_Round_spermatids"	NA	NA	NA	"CL:4030036"	"early spermatid"	"perfect match"	"SN181"	NA	2
"CTCAGAAGTCGTGGCT"	""	"ERX6700418"	"ERP132580"	"testis"	"Sertoli"	NA	NA	NA	"CL:0000216"	"Sertoli cell"	"perfect match"	"SN181"	NA	8
"CTCAGAAGTTCCGTCT"	""	"ERX6700418"	"ERP132580"	"testis"	"Pachytene_Spermatocytes"	NA	NA	NA	"CL:0000017"	"spermatocyte"	"missing child term"	"SN181"	NA	6
"CTCATTAAGAAGATTC"	""	"ERX6700418"	"ERP132580"	"testis"	"Undifferentiated_Spermatogonia"	NA	NA	NA	"CL:0000016"	"male germ line stem cell"	"other"	"SN181"	NA	1
"CTCATTACAATTGCTG"	""	"ERX6700418"	"ERP132580"	"testis"	"Early_Round_spermatids"	NA	NA	NA	"CL:4030036"	"early spermatid"	"perfect match"	"SN181"	NA	2
"CTCATTACACTTGGAT"	""	"ERX6700418"	"ERP132580"	"testis"	"Sertoli"	NA	NA	NA	"CL:0000216"	"Sertoli cell"	"perfect match"	"SN181"	NA	8
"CTCATTACAGACGCTC"	""	"ERX6700418"	"ERP132580"	"testis"	"Sertoli"	NA	NA	NA	"CL:0000216"	"Sertoli cell"	"perfect match"	"SN181"	NA	8
"CTCATTAGTATGAAAC"	""	"ERX6700418"	"ERP132580"	"testis"	"Pachytene_Spermatocytes"	NA	NA	NA	"CL:0000017"	"spermatocyte"	"missing child term"	"SN181"	NA	6
"CTCATTAGTCTAGCGC"	""	"ERX6700418"	"ERP132580"	"testis"	"Zygotene_Spermatocytes"	NA	NA	NA	"CL:0000017"	"spermatocyte"	"missing child term"	"SN181"	NA	11
"CTCATTATCGCTTAGA"	""	"ERX6700418"	"ERP132580"	"testis"	"Elongated_spermatids"	NA	NA	NA	"CL:4030037"	"late spermatid"	"perfect match"	"SN181"	NA	4
"CTCATTATCGTATCAG"	""	"ERX6700418"	"ERP132580"	"testis"	"Pachytene_Spermatocytes"	NA	NA	NA	"CL:0000017"	"spermatocyte"	"missing child term"	"SN181"	NA	6
"CTCCTAGAGAACAATC"	""	"ERX6700418"	"ERP132580"	"testis"	"Late_Round_spermatids"	NA	NA	NA	"CL:4030036"	"early spermatid"	"other"	"SN181"	NA	5
"CTCCTAGAGAGTCTGG"	""	"ERX6700418"	"ERP132580"	"testis"	"Late_Round_spermatids"	NA	NA	NA	"CL:4030036"	"early spermatid"	"other"	"SN181"	NA	5
"CTCCTAGCAATGTAAG"	""	"ERX6700418"	"ERP132580"	"testis"	"Undifferentiated_Spermatogonia"	NA	NA	NA	"CL:0000016"	"male germ line stem cell"	"other"	"SN181"	NA	1
"CTCCTAGCAGGTCTCG"	""	"ERX6700418"	"ERP132580"	"testis"	"Sertoli"	NA	NA	NA	"CL:0000216"	"Sertoli cell"	"perfect match"	"SN181"	NA	8
"CTCGAAAAGCACCGCT"	""	"ERX6700418"	"ERP132580"	"testis"	"Pachytene_Spermatocytes"	NA	NA	NA	"CL:0000017"	"spermatocyte"	"missing child term"	"SN181"	NA	6
"CTCGAAACACCCAGTG"	""	"ERX6700418"	"ERP132580"	"testis"	"Sertoli"	NA	NA	NA	"CL:0000216"	"Sertoli cell"	"perfect match"	"SN181"	NA	8
"CTCGAAAGTAGAGTGC"	""	"ERX6700418"	"ERP132580"	"testis"	"Pachytene_Spermatocytes"	NA	NA	NA	"CL:0000017"	"spermatocyte"	"missing child term"	"SN181"	NA	6
"CTCGAAAGTCACAAGG"	""	"ERX6700418"	"ERP132580"	"testis"	"Pachytene_Spermatocytes"	NA	NA	NA	"CL:0000017"	"spermatocyte"	"missing child term"	"SN181"	NA	6
"CTCGAAAGTTACTGAC"	""	"ERX6700418"	"ERP132580"	"testis"	"Leptotene_Spermatocytes"	NA	NA	NA	"CL:0000017"	"spermatocyte"	"missing child term"	"SN181"	NA	7
"CTCGAAAGTTGTTTGG"	""	"ERX6700418"	"ERP132580"	"testis"	"Early_Round_spermatids"	NA	NA	NA	"CL:4030036"	"early spermatid"	"perfect match"	"SN181"	NA	2
"CTCGAAATCACAATGC"	""	"ERX6700418"	"ERP132580"	"testis"	"Pachytene_Spermatocytes"	NA	NA	NA	"CL:0000017"	"spermatocyte"	"missing child term"	"SN181"	NA	6
"CTCGAAATCCCACTTG"	""	"ERX6700418"	"ERP132580"	"testis"	"Leptotene_Spermatocytes"	NA	NA	NA	"CL:0000017"	"spermatocyte"	"missing child term"	"SN181"	NA	7
"CTCGAGGAGATCTGCT"	""	"ERX6700418"	"ERP132580"	"testis"	"Pachytene_Spermatocytes"	NA	NA	NA	"CL:0000017"	"spermatocyte"	"missing child term"	"SN181"	NA	6
"CTCGAGGAGGAACTGC"	""	"ERX6700418"	"ERP132580"	"testis"	"Zygotene_Spermatocytes"	NA	NA	NA	"CL:0000017"	"spermatocyte"	"missing child term"	"SN181"	NA	11
"CTCGAGGCAAAGGAAG"	""	"ERX6700418"	"ERP132580"	"testis"	"Elongated_spermatids"	NA	NA	NA	"CL:4030037"	"late spermatid"	"perfect match"	"SN181"	NA	4
"CTCGAGGCACGACGAA"	""	"ERX6700418"	"ERP132580"	"testis"	"Sertoli"	NA	NA	NA	"CL:0000216"	"Sertoli cell"	"perfect match"	"SN181"	NA	8
"CTCGAGGCACTACAGT"	""	"ERX6700418"	"ERP132580"	"testis"	"Sertoli"	NA	NA	NA	"CL:0000216"	"Sertoli cell"	"perfect match"	"SN181"	NA	8
"CTCGAGGCAGGGAGAG"	""	"ERX6700418"	"ERP132580"	"testis"	"Other_somatic"	NA	NA	NA	"CL:0002371"	"somatic cell"	"perfect match"	"SN181"	NA	3
"CTCGAGGCAGTTTACG"	""	"ERX6700418"	"ERP132580"	"testis"	"Zygotene_Spermatocytes"	NA	NA	NA	"CL:0000017"	"spermatocyte"	"missing child term"	"SN181"	NA	11
"CTCGAGGGTCGCATAT"	""	"ERX6700418"	"ERP132580"	"testis"	"Differentiated_Spermatogonia"	NA	NA	NA	"CL:0000020"	"spermatogonium"	"perfect match"	"SN181"	NA	9
"CTCGAGGGTGAGGGAG"	""	"ERX6700418"	"ERP132580"	"testis"	"Leptotene_Spermatocytes"	NA	NA	NA	"CL:0000017"	"spermatocyte"	"missing child term"	"SN181"	NA	7
"CTCGAGGGTTGCCTCT"	""	"ERX6700418"	"ERP132580"	"testis"	"Leptotene_Spermatocytes"	NA	NA	NA	"CL:0000017"	"spermatocyte"	"missing child term"	"SN181"	NA	7
"CTCGAGGTCTCAACTT"	""	"ERX6700418"	"ERP132580"	"testis"	"Pachytene_Spermatocytes"	NA	NA	NA	"CL:0000017"	"spermatocyte"	"missing child term"	"SN181"	NA	6
"CTCGGAGAGAGCAATT"	""	"ERX6700418"	"ERP132580"	"testis"	"Leptotene_Spermatocytes"	NA	NA	NA	"CL:0000017"	"spermatocyte"	"missing child term"	"SN181"	NA	7
"CTCGGAGCAAGACGTG"	""	"ERX6700418"	"ERP132580"	"testis"	"Undifferentiated_Spermatogonia"	NA	NA	NA	"CL:0000016"	"male germ line stem cell"	"other"	"SN181"	NA	1
"CTCGGAGGTGCCTGCA"	""	"ERX6700418"	"ERP132580"	"testis"	"Late_Round_spermatids"	NA	NA	NA	"CL:4030036"	"early spermatid"	"other"	"SN181"	NA	5
"CTCGGAGTCTTGCCGT"	""	"ERX6700418"	"ERP132580"	"testis"	"Differentiated_Spermatogonia"	NA	NA	NA	"CL:0000020"	"spermatogonium"	"perfect match"	"SN181"	NA	9
"CTCGGGACAAACCTAC"	""	"ERX6700418"	"ERP132580"	"testis"	"Undifferentiated_Spermatogonia"	NA	NA	NA	"CL:0000016"	"male germ line stem cell"	"other"	"SN181"	NA	1
"CTCGGGACACAGGAGT"	""	"ERX6700418"	"ERP132580"	"testis"	"Late_Round_spermatids"	NA	NA	NA	"CL:4030036"	"early spermatid"	"other"	"SN181"	NA	5
"CTCGGGACAGACGCCT"	""	"ERX6700418"	"ERP132580"	"testis"	"Sertoli"	NA	NA	NA	"CL:0000216"	"Sertoli cell"	"perfect match"	"SN181"	NA	8
"CTCGGGAGTATAAACG"	""	"ERX6700418"	"ERP132580"	"testis"	"Sertoli"	NA	NA	NA	"CL:0000216"	"Sertoli cell"	"perfect match"	"SN181"	NA	8
"CTCGGGAGTTCGCGAC"	""	"ERX6700418"	"ERP132580"	"testis"	"Differentiated_Spermatogonia"	NA	NA	NA	"CL:0000020"	"spermatogonium"	"perfect match"	"SN181"	NA	9
"CTCGGGATCAAGATCC"	""	"ERX6700418"	"ERP132580"	"testis"	"Differentiated_Spermatogonia"	NA	NA	NA	"CL:0000020"	"spermatogonium"	"perfect match"	"SN181"	NA	9
"CTCGTACAGAGACTTA"	""	"ERX6700418"	"ERP132580"	"testis"	"Early_Round_spermatids"	NA	NA	NA	"CL:4030036"	"early spermatid"	"perfect match"	"SN181"	NA	2
"CTCGTACAGGCGCTCT"	""	"ERX6700418"	"ERP132580"	"testis"	"Early_Round_spermatids"	NA	NA	NA	"CL:4030036"	"early spermatid"	"perfect match"	"SN181"	NA	2
"CTCGTACGTACCGTAT"	""	"ERX6700418"	"ERP132580"	"testis"	"Pachytene_Spermatocytes"	NA	NA	NA	"CL:0000017"	"spermatocyte"	"missing child term"	"SN181"	NA	6
"CTCGTACTCAAGCCTA"	""	"ERX6700418"	"ERP132580"	"testis"	"Sertoli"	NA	NA	NA	"CL:0000216"	"Sertoli cell"	"perfect match"	"SN181"	NA	8
"CTCGTACTCCCTCTTT"	""	"ERX6700418"	"ERP132580"	"testis"	"Other_somatic"	NA	NA	NA	"CL:0002371"	"somatic cell"	"perfect match"	"SN181"	NA	3
"CTCGTCACAAGCCTAT"	""	"ERX6700418"	"ERP132580"	"testis"	"Sertoli"	NA	NA	NA	"CL:0000216"	"Sertoli cell"	"perfect match"	"SN181"	NA	8
"CTCGTCACATTGCGGC"	""	"ERX6700418"	"ERP132580"	"testis"	"Late_Round_spermatids"	NA	NA	NA	"CL:4030036"	"early spermatid"	"other"	"SN181"	NA	5
"CTCGTCAGTATCGCAT"	""	"ERX6700418"	"ERP132580"	"testis"	"Sertoli"	NA	NA	NA	"CL:0000216"	"Sertoli cell"	"perfect match"	"SN181"	NA	8
"CTCGTCATCCTCATTA"	""	"ERX6700418"	"ERP132580"	"testis"	"Leptotene_Spermatocytes"	NA	NA	NA	"CL:0000017"	"spermatocyte"	"missing child term"	"SN181"	NA	7
"CTCGTCATCTGGCGAC"	""	"ERX6700418"	"ERP132580"	"testis"	"Sertoli"	NA	NA	NA	"CL:0000216"	"Sertoli cell"	"perfect match"	"SN181"	NA	8
"CTCTAATAGGATCGCA"	""	"ERX6700418"	"ERP132580"	"testis"	"Late_Round_spermatids"	NA	NA	NA	"CL:4030036"	"early spermatid"	"other"	"SN181"	NA	5
"CTCTAATAGGCTCATT"	""	"ERX6700418"	"ERP132580"	"testis"	"Pachytene_Spermatocytes"	NA	NA	NA	"CL:0000017"	"spermatocyte"	"missing child term"	"SN181"	NA	6
"CTCTAATAGTAGGTGC"	""	"ERX6700418"	"ERP132580"	"testis"	"Elongated_spermatids"	NA	NA	NA	"CL:4030037"	"late spermatid"	"perfect match"	"SN181"	NA	4
"CTCTAATCAATGGTCT"	""	"ERX6700418"	"ERP132580"	"testis"	"Differentiated_Spermatogonia"	NA	NA	NA	"CL:0000020"	"spermatogonium"	"perfect match"	"SN181"	NA	9
"CTCTAATGTAAACGCG"	""	"ERX6700418"	"ERP132580"	"testis"	"Undifferentiated_Spermatogonia"	NA	NA	NA	"CL:0000016"	"male germ line stem cell"	"other"	"SN181"	NA	1
"CTCTAATTCACTGGGC"	""	"ERX6700418"	"ERP132580"	"testis"	"Pachytene_Spermatocytes"	NA	NA	NA	"CL:0000017"	"spermatocyte"	"missing child term"	"SN181"	NA	6
"CTCTAATTCGACAGCC"	""	"ERX6700418"	"ERP132580"	"testis"	"Pachytene_Spermatocytes"	NA	NA	NA	"CL:0000017"	"spermatocyte"	"missing child term"	"SN181"	NA	6
"CTCTAATTCGGTTAAC"	""	"ERX6700418"	"ERP132580"	"testis"	"Late_Round_spermatids"	NA	NA	NA	"CL:4030036"	"early spermatid"	"other"	"SN181"	NA	5
"CTCTACGAGCCCAGCT"	""	"ERX6700418"	"ERP132580"	"testis"	"Late_Round_spermatids"	NA	NA	NA	"CL:4030036"	"early spermatid"	"other"	"SN181"	NA	5
"CTCTACGAGGTCATCT"	""	"ERX6700418"	"ERP132580"	"testis"	"Late_Round_spermatids"	NA	NA	NA	"CL:4030036"	"early spermatid"	"other"	"SN181"	NA	5
"CTCTACGGTACCAGTT"	""	"ERX6700418"	"ERP132580"	"testis"	"Pachytene_Spermatocytes"	NA	NA	NA	"CL:0000017"	"spermatocyte"	"missing child term"	"SN181"	NA	6
"CTCTACGGTCAACTGT"	""	"ERX6700418"	"ERP132580"	"testis"	"Differentiated_Spermatogonia"	NA	NA	NA	"CL:0000020"	"spermatogonium"	"perfect match"	"SN181"	NA	9
"CTCTACGTCATCGATG"	""	"ERX6700418"	"ERP132580"	"testis"	"Elongated_spermatids"	NA	NA	NA	"CL:4030037"	"late spermatid"	"perfect match"	"SN181"	NA	4
"CTCTACGTCGGCGCTA"	""	"ERX6700418"	"ERP132580"	"testis"	"Undifferentiated_Spermatogonia"	NA	NA	NA	"CL:0000016"	"male germ line stem cell"	"other"	"SN181"	NA	1
"CTCTGGTAGACCTTTG"	""	"ERX6700418"	"ERP132580"	"testis"	"Pachytene_Spermatocytes"	NA	NA	NA	"CL:0000017"	"spermatocyte"	"missing child term"	"SN181"	NA	6
"CTCTGGTCACGAGGTA"	""	"ERX6700418"	"ERP132580"	"testis"	"Zygotene_Spermatocytes"	NA	NA	NA	"CL:0000017"	"spermatocyte"	"missing child term"	"SN181"	NA	11
"CTCTGGTCAGTTCCCT"	""	"ERX6700418"	"ERP132580"	"testis"	"Elongated_spermatids"	NA	NA	NA	"CL:4030037"	"late spermatid"	"perfect match"	"SN181"	NA	4
"CTCTGGTCATGGTTGT"	""	"ERX6700418"	"ERP132580"	"testis"	"Undifferentiated_Spermatogonia"	NA	NA	NA	"CL:0000016"	"male germ line stem cell"	"other"	"SN181"	NA	1
"CTCTGGTCATTCTTAC"	""	"ERX6700418"	"ERP132580"	"testis"	"Late_Round_spermatids"	NA	NA	NA	"CL:4030036"	"early spermatid"	"other"	"SN181"	NA	5
"CTCTGGTGTGCAGACA"	""	"ERX6700418"	"ERP132580"	"testis"	"Sertoli"	NA	NA	NA	"CL:0000216"	"Sertoli cell"	"perfect match"	"SN181"	NA	8
"CTCTGGTGTTCAGGCC"	""	"ERX6700418"	"ERP132580"	"testis"	"Late_Round_spermatids"	NA	NA	NA	"CL:4030036"	"early spermatid"	"other"	"SN181"	NA	5
"CTCTGGTGTTCCATGA"	""	"ERX6700418"	"ERP132580"	"testis"	"Early_Round_spermatids"	NA	NA	NA	"CL:4030036"	"early spermatid"	"perfect match"	"SN181"	NA	2
"CTCTGGTTCCGCGCAA"	""	"ERX6700418"	"ERP132580"	"testis"	"Leptotene_Spermatocytes"	NA	NA	NA	"CL:0000017"	"spermatocyte"	"missing child term"	"SN181"	NA	7
"CTCTGGTTCGCAGGCT"	""	"ERX6700418"	"ERP132580"	"testis"	"Undifferentiated_Spermatogonia"	NA	NA	NA	"CL:0000016"	"male germ line stem cell"	"other"	"SN181"	NA	1
"CTGAAACAGTCTTGCA"	""	"ERX6700418"	"ERP132580"	"testis"	"Zygotene_Spermatocytes"	NA	NA	NA	"CL:0000017"	"spermatocyte"	"missing child term"	"SN181"	NA	11
"CTGAAACCAGTTCCCT"	""	"ERX6700418"	"ERP132580"	"testis"	"Leptotene_Spermatocytes"	NA	NA	NA	"CL:0000017"	"spermatocyte"	"missing child term"	"SN181"	NA	7
"CTGAAACCATGCCCGA"	""	"ERX6700418"	"ERP132580"	"testis"	"Leptotene_Spermatocytes"	NA	NA	NA	"CL:0000017"	"spermatocyte"	"missing child term"	"SN181"	NA	7
"CTGAAACGTCTGCCAG"	""	"ERX6700418"	"ERP132580"	"testis"	"Pachytene_Spermatocytes"	NA	NA	NA	"CL:0000017"	"spermatocyte"	"missing child term"	"SN181"	NA	6
"CTGAAACTCACTCTTA"	""	"ERX6700418"	"ERP132580"	"testis"	"Differentiated_Spermatogonia"	NA	NA	NA	"CL:0000020"	"spermatogonium"	"perfect match"	"SN181"	NA	9
"CTGAAGTCAAGACACG"	""	"ERX6700418"	"ERP132580"	"testis"	"Undifferentiated_Spermatogonia"	NA	NA	NA	"CL:0000016"	"male germ line stem cell"	"other"	"SN181"	NA	1
"CTGAAGTCATCGGTTA"	""	"ERX6700418"	"ERP132580"	"testis"	"Early_Round_spermatids"	NA	NA	NA	"CL:4030036"	"early spermatid"	"perfect match"	"SN181"	NA	2
"CTGAAGTGTAAGTAGT"	""	"ERX6700418"	"ERP132580"	"testis"	"Leptotene_Spermatocytes"	NA	NA	NA	"CL:0000017"	"spermatocyte"	"missing child term"	"SN181"	NA	7
"CTGAAGTGTAGAAGGA"	""	"ERX6700418"	"ERP132580"	"testis"	"Late_Round_spermatids"	NA	NA	NA	"CL:4030036"	"early spermatid"	"other"	"SN181"	NA	5
"CTGAAGTGTTGCTCCT"	""	"ERX6700418"	"ERP132580"	"testis"	"Sertoli"	NA	NA	NA	"CL:0000216"	"Sertoli cell"	"perfect match"	"SN181"	NA	8
"CTGAAGTTCATCACCC"	""	"ERX6700418"	"ERP132580"	"testis"	"Pachytene_Spermatocytes"	NA	NA	NA	"CL:0000017"	"spermatocyte"	"missing child term"	"SN181"	NA	6
"CTGAAGTTCCGCATAA"	""	"ERX6700418"	"ERP132580"	"testis"	"Early_Round_spermatids"	NA	NA	NA	"CL:4030036"	"early spermatid"	"perfect match"	"SN181"	NA	2
"CTGATAGAGGATATAC"	""	"ERX6700418"	"ERP132580"	"testis"	"Zygotene_Spermatocytes"	NA	NA	NA	"CL:0000017"	"spermatocyte"	"missing child term"	"SN181"	NA	11
"CTGATAGAGGATTCGG"	""	"ERX6700418"	"ERP132580"	"testis"	"Leptotene_Spermatocytes"	NA	NA	NA	"CL:0000017"	"spermatocyte"	"missing child term"	"SN181"	NA	7
"CTGATAGAGTAACCCT"	""	"ERX6700418"	"ERP132580"	"testis"	"Sertoli"	NA	NA	NA	"CL:0000216"	"Sertoli cell"	"perfect match"	"SN181"	NA	8
"CTGATAGAGTACGATA"	""	"ERX6700418"	"ERP132580"	"testis"	"Sertoli"	NA	NA	NA	"CL:0000216"	"Sertoli cell"	"perfect match"	"SN181"	NA	8
"CTGATAGCATCACGAT"	""	"ERX6700418"	"ERP132580"	"testis"	"Pachytene_Spermatocytes"	NA	NA	NA	"CL:0000017"	"spermatocyte"	"missing child term"	"SN181"	NA	6
"CTGATAGCATTATCTC"	""	"ERX6700418"	"ERP132580"	"testis"	"Late_Round_spermatids"	NA	NA	NA	"CL:4030036"	"early spermatid"	"other"	"SN181"	NA	5
"CTGATAGGTTTACTCT"	""	"ERX6700418"	"ERP132580"	"testis"	"Sertoli"	NA	NA	NA	"CL:0000216"	"Sertoli cell"	"perfect match"	"SN181"	NA	8
"CTGATAGTCATACGGT"	""	"ERX6700418"	"ERP132580"	"testis"	"Pachytene_Spermatocytes"	NA	NA	NA	"CL:0000017"	"spermatocyte"	"missing child term"	"SN181"	NA	6
"CTGATAGTCATTATCC"	""	"ERX6700418"	"ERP132580"	"testis"	"Sertoli"	NA	NA	NA	"CL:0000216"	"Sertoli cell"	"perfect match"	"SN181"	NA	8
"CTGATAGTCCTCCTAG"	""	"ERX6700418"	"ERP132580"	"testis"	"Late_Round_spermatids"	NA	NA	NA	"CL:4030036"	"early spermatid"	"other"	"SN181"	NA	5
"CTGATCCAGGGCACTA"	""	"ERX6700418"	"ERP132580"	"testis"	"Early_Round_spermatids"	NA	NA	NA	"CL:4030036"	"early spermatid"	"perfect match"	"SN181"	NA	2
"CTGATCCAGTATTGGA"	""	"ERX6700418"	"ERP132580"	"testis"	"Zygotene_Spermatocytes"	NA	NA	NA	"CL:0000017"	"spermatocyte"	"missing child term"	"SN181"	NA	11
"CTGATCCCACGAGGTA"	""	"ERX6700418"	"ERP132580"	"testis"	"Pachytene_Spermatocytes"	NA	NA	NA	"CL:0000017"	"spermatocyte"	"missing child term"	"SN181"	NA	6
"CTGATCCCAGCAGTTT"	""	"ERX6700418"	"ERP132580"	"testis"	"Elongated_spermatids"	NA	NA	NA	"CL:4030037"	"late spermatid"	"perfect match"	"SN181"	NA	4
"CTGATCCCAGCCACCA"	""	"ERX6700418"	"ERP132580"	"testis"	"Sertoli"	NA	NA	NA	"CL:0000216"	"Sertoli cell"	"perfect match"	"SN181"	NA	8
"CTGATCCCATGTTGAC"	""	"ERX6700418"	"ERP132580"	"testis"	"Zygotene_Spermatocytes"	NA	NA	NA	"CL:0000017"	"spermatocyte"	"missing child term"	"SN181"	NA	11
"CTGATCCTCCAGAGGA"	""	"ERX6700418"	"ERP132580"	"testis"	"Pachytene_Spermatocytes"	NA	NA	NA	"CL:0000017"	"spermatocyte"	"missing child term"	"SN181"	NA	6
"CTGATCCTCGCCTGAG"	""	"ERX6700418"	"ERP132580"	"testis"	"Elongated_spermatids"	NA	NA	NA	"CL:4030037"	"late spermatid"	"perfect match"	"SN181"	NA	4
"CTGCCTAAGCGATATA"	""	"ERX6700418"	"ERP132580"	"testis"	"Sertoli"	NA	NA	NA	"CL:0000216"	"Sertoli cell"	"perfect match"	"SN181"	NA	8
"CTGCCTACACCCATTC"	""	"ERX6700418"	"ERP132580"	"testis"	"Leptotene_Spermatocytes"	NA	NA	NA	"CL:0000017"	"spermatocyte"	"missing child term"	"SN181"	NA	7
"CTGCCTACACGGCTAC"	""	"ERX6700418"	"ERP132580"	"testis"	"Pachytene_Spermatocytes"	NA	NA	NA	"CL:0000017"	"spermatocyte"	"missing child term"	"SN181"	NA	6
"CTGCCTACAGTAACGG"	""	"ERX6700418"	"ERP132580"	"testis"	"Leptotene_Spermatocytes"	NA	NA	NA	"CL:0000017"	"spermatocyte"	"missing child term"	"SN181"	NA	7
"CTGCCTAGTACGAAAT"	""	"ERX6700418"	"ERP132580"	"testis"	"Undifferentiated_Spermatogonia"	NA	NA	NA	"CL:0000016"	"male germ line stem cell"	"other"	"SN181"	NA	1
"CTGCCTATCCATTCTA"	""	"ERX6700418"	"ERP132580"	"testis"	"Undifferentiated_Spermatogonia"	NA	NA	NA	"CL:0000016"	"male germ line stem cell"	"other"	"SN181"	NA	1
"CTGCCTATCGTAGATC"	""	"ERX6700418"	"ERP132580"	"testis"	"Other_somatic"	NA	NA	NA	"CL:0002371"	"somatic cell"	"perfect match"	"SN181"	NA	3
"CTGCGGAAGACCGGAT"	""	"ERX6700418"	"ERP132580"	"testis"	"Differentiated_Spermatogonia"	NA	NA	NA	"CL:0000020"	"spermatogonium"	"perfect match"	"SN181"	NA	9
"CTGCGGAAGGTGATTA"	""	"ERX6700418"	"ERP132580"	"testis"	"Sertoli"	NA	NA	NA	"CL:0000216"	"Sertoli cell"	"perfect match"	"SN181"	NA	8
"CTGCGGACAATAAGCA"	""	"ERX6700418"	"ERP132580"	"testis"	"Early_Round_spermatids"	NA	NA	NA	"CL:4030036"	"early spermatid"	"perfect match"	"SN181"	NA	2
"CTGCGGACATGACGGA"	""	"ERX6700418"	"ERP132580"	"testis"	"Late_Round_spermatids"	NA	NA	NA	"CL:4030036"	"early spermatid"	"other"	"SN181"	NA	5
"CTGCGGAGTTACCAGT"	""	"ERX6700418"	"ERP132580"	"testis"	"Zygotene_Spermatocytes"	NA	NA	NA	"CL:0000017"	"spermatocyte"	"missing child term"	"SN181"	NA	11
"CTGCGGATCGGCGGTT"	""	"ERX6700418"	"ERP132580"	"testis"	"Late_Round_spermatids"	NA	NA	NA	"CL:4030036"	"early spermatid"	"other"	"SN181"	NA	5
"CTGCTGTAGCACCGCT"	""	"ERX6700418"	"ERP132580"	"testis"	"Elongated_spermatids"	NA	NA	NA	"CL:4030037"	"late spermatid"	"perfect match"	"SN181"	NA	4
"CTGCTGTAGCGAGAAA"	""	"ERX6700418"	"ERP132580"	"testis"	"Pachytene_Spermatocytes"	NA	NA	NA	"CL:0000017"	"spermatocyte"	"missing child term"	"SN181"	NA	6
"CTGCTGTAGCTAGTTC"	""	"ERX6700418"	"ERP132580"	"testis"	"Elongated_spermatids"	NA	NA	NA	"CL:4030037"	"late spermatid"	"perfect match"	"SN181"	NA	4
"CTGCTGTCAGATCGGA"	""	"ERX6700418"	"ERP132580"	"testis"	"Elongated_spermatids"	NA	NA	NA	"CL:4030037"	"late spermatid"	"perfect match"	"SN181"	NA	4
"CTGCTGTTCAGCACAT"	""	"ERX6700418"	"ERP132580"	"testis"	"Early_Round_spermatids"	NA	NA	NA	"CL:4030036"	"early spermatid"	"perfect match"	"SN181"	NA	2
"CTGCTGTTCCAAACAC"	""	"ERX6700418"	"ERP132580"	"testis"	"Sertoli"	NA	NA	NA	"CL:0000216"	"Sertoli cell"	"perfect match"	"SN181"	NA	8
"CTGCTGTTCCACTCCA"	""	"ERX6700418"	"ERP132580"	"testis"	"Sertoli"	NA	NA	NA	"CL:0000216"	"Sertoli cell"	"perfect match"	"SN181"	NA	8
"CTGCTGTTCTACTCAT"	""	"ERX6700418"	"ERP132580"	"testis"	"Elongated_spermatids"	NA	NA	NA	"CL:4030037"	"late spermatid"	"perfect match"	"SN181"	NA	4
"CTGGTCTAGAGTGAGA"	""	"ERX6700418"	"ERP132580"	"testis"	"Early_Round_spermatids"	NA	NA	NA	"CL:4030036"	"early spermatid"	"perfect match"	"SN181"	NA	2
"CTGGTCTAGCGTCAAG"	""	"ERX6700418"	"ERP132580"	"testis"	"Leptotene_Spermatocytes"	NA	NA	NA	"CL:0000017"	"spermatocyte"	"missing child term"	"SN181"	NA	7
"CTGGTCTCAAGGTTCT"	""	"ERX6700418"	"ERP132580"	"testis"	"Undifferentiated_Spermatogonia"	NA	NA	NA	"CL:0000016"	"male germ line stem cell"	"other"	"SN181"	NA	1
"CTGGTCTCATATACGC"	""	"ERX6700418"	"ERP132580"	"testis"	"Zygotene_Spermatocytes"	NA	NA	NA	"CL:0000017"	"spermatocyte"	"missing child term"	"SN181"	NA	11
"CTGGTCTCATCTACGA"	""	"ERX6700418"	"ERP132580"	"testis"	"Other_somatic"	NA	NA	NA	"CL:0002371"	"somatic cell"	"perfect match"	"SN181"	NA	3
"CTGGTCTCATGATCCA"	""	"ERX6700418"	"ERP132580"	"testis"	"Differentiated_Spermatogonia"	NA	NA	NA	"CL:0000020"	"spermatogonium"	"perfect match"	"SN181"	NA	9
"CTGGTCTGTCCGACGT"	""	"ERX6700418"	"ERP132580"	"testis"	"Pachytene_Spermatocytes"	NA	NA	NA	"CL:0000017"	"spermatocyte"	"missing child term"	"SN181"	NA	6
"CTGGTCTGTCTAGCGC"	""	"ERX6700418"	"ERP132580"	"testis"	"Pachytene_Spermatocytes"	NA	NA	NA	"CL:0000017"	"spermatocyte"	"missing child term"	"SN181"	NA	6
"CTGGTCTTCCATTCTA"	""	"ERX6700418"	"ERP132580"	"testis"	"Undifferentiated_Spermatogonia"	NA	NA	NA	"CL:0000016"	"male germ line stem cell"	"other"	"SN181"	NA	1
"CTGTGCTAGATCACGG"	""	"ERX6700418"	"ERP132580"	"testis"	"Late_Round_spermatids"	NA	NA	NA	"CL:4030036"	"early spermatid"	"other"	"SN181"	NA	5
"CTGTGCTAGTCAAGCG"	""	"ERX6700418"	"ERP132580"	"testis"	"Elongated_spermatids"	NA	NA	NA	"CL:4030037"	"late spermatid"	"perfect match"	"SN181"	NA	4
"CTGTGCTCAACGCACC"	""	"ERX6700418"	"ERP132580"	"testis"	"Late_Round_spermatids"	NA	NA	NA	"CL:4030036"	"early spermatid"	"other"	"SN181"	NA	5
"CTGTGCTCAAGGACTG"	""	"ERX6700418"	"ERP132580"	"testis"	"Sertoli"	NA	NA	NA	"CL:0000216"	"Sertoli cell"	"perfect match"	"SN181"	NA	8
"CTGTGCTGTCCGACGT"	""	"ERX6700418"	"ERP132580"	"testis"	"Pachytene_Spermatocytes"	NA	NA	NA	"CL:0000017"	"spermatocyte"	"missing child term"	"SN181"	NA	6
"CTGTGCTGTCGATTGT"	""	"ERX6700418"	"ERP132580"	"testis"	"Differentiated_Spermatogonia"	NA	NA	NA	"CL:0000020"	"spermatogonium"	"perfect match"	"SN181"	NA	9
"CTGTGCTTCACTCTTA"	""	"ERX6700418"	"ERP132580"	"testis"	"Zygotene_Spermatocytes"	NA	NA	NA	"CL:0000017"	"spermatocyte"	"missing child term"	"SN181"	NA	11
"CTGTGCTTCAGCTCGG"	""	"ERX6700418"	"ERP132580"	"testis"	"Undifferentiated_Spermatogonia"	NA	NA	NA	"CL:0000016"	"male germ line stem cell"	"other"	"SN181"	NA	1
"CTGTGCTTCCGTCATC"	""	"ERX6700418"	"ERP132580"	"testis"	"Late_Round_spermatids"	NA	NA	NA	"CL:4030036"	"early spermatid"	"other"	"SN181"	NA	5
"CTGTTTAAGCAAATCA"	""	"ERX6700418"	"ERP132580"	"testis"	"Sertoli"	NA	NA	NA	"CL:0000216"	"Sertoli cell"	"perfect match"	"SN181"	NA	8
"CTGTTTACATACTCTT"	""	"ERX6700418"	"ERP132580"	"testis"	"Pachytene_Spermatocytes"	NA	NA	NA	"CL:0000017"	"spermatocyte"	"missing child term"	"SN181"	NA	6
"CTGTTTACATTGAGCT"	""	"ERX6700418"	"ERP132580"	"testis"	"Elongated_spermatids"	NA	NA	NA	"CL:4030037"	"late spermatid"	"perfect match"	"SN181"	NA	4
"CTGTTTAGTGATGTGG"	""	"ERX6700418"	"ERP132580"	"testis"	"Pachytene_Spermatocytes"	NA	NA	NA	"CL:0000017"	"spermatocyte"	"missing child term"	"SN181"	NA	6
"CTGTTTATCTGACCTC"	""	"ERX6700418"	"ERP132580"	"testis"	"Elongated_spermatids"	NA	NA	NA	"CL:4030037"	"late spermatid"	"perfect match"	"SN181"	NA	4
"CTGTTTATCTTAACCT"	""	"ERX6700418"	"ERP132580"	"testis"	"Late_Round_spermatids"	NA	NA	NA	"CL:4030036"	"early spermatid"	"other"	"SN181"	NA	5
"CTTAACTAGGCAAAGA"	""	"ERX6700418"	"ERP132580"	"testis"	"Elongated_spermatids"	NA	NA	NA	"CL:4030037"	"late spermatid"	"perfect match"	"SN181"	NA	4
"CTTAACTAGTTCGCGC"	""	"ERX6700418"	"ERP132580"	"testis"	"Early_Round_spermatids"	NA	NA	NA	"CL:4030036"	"early spermatid"	"perfect match"	"SN181"	NA	2
"CTTAACTCAAACTGCT"	""	"ERX6700418"	"ERP132580"	"testis"	"Early_Round_spermatids"	NA	NA	NA	"CL:4030036"	"early spermatid"	"perfect match"	"SN181"	NA	2
"CTTAACTCAATCCGAT"	""	"ERX6700418"	"ERP132580"	"testis"	"Undifferentiated_Spermatogonia"	NA	NA	NA	"CL:0000016"	"male germ line stem cell"	"other"	"SN181"	NA	1
"CTTAACTCACTCTGTC"	""	"ERX6700418"	"ERP132580"	"testis"	"Sertoli"	NA	NA	NA	"CL:0000216"	"Sertoli cell"	"perfect match"	"SN181"	NA	8
"CTTAACTCATGCAATC"	""	"ERX6700418"	"ERP132580"	"testis"	"Other_somatic"	NA	NA	NA	"CL:0002371"	"somatic cell"	"perfect match"	"SN181"	NA	3
"CTTAACTGTCATATGC"	""	"ERX6700418"	"ERP132580"	"testis"	"Early_Round_spermatids"	NA	NA	NA	"CL:4030036"	"early spermatid"	"perfect match"	"SN181"	NA	2
"CTTAACTGTCTGATTG"	""	"ERX6700418"	"ERP132580"	"testis"	"Pachytene_Spermatocytes"	NA	NA	NA	"CL:0000017"	"spermatocyte"	"missing child term"	"SN181"	NA	6
"CTTAACTGTCTTTCAT"	""	"ERX6700418"	"ERP132580"	"testis"	"Pachytene_Spermatocytes"	NA	NA	NA	"CL:0000017"	"spermatocyte"	"missing child term"	"SN181"	NA	6
"CTTAACTGTGCAACTT"	""	"ERX6700418"	"ERP132580"	"testis"	"Differentiated_Spermatogonia"	NA	NA	NA	"CL:0000020"	"spermatogonium"	"perfect match"	"SN181"	NA	9
"CTTAACTGTGCCTGCA"	""	"ERX6700418"	"ERP132580"	"testis"	"Differentiated_Spermatogonia"	NA	NA	NA	"CL:0000020"	"spermatogonium"	"perfect match"	"SN181"	NA	9
"CTTAACTGTTACGCGC"	""	"ERX6700418"	"ERP132580"	"testis"	"Undifferentiated_Spermatogonia"	NA	NA	NA	"CL:0000016"	"male germ line stem cell"	"other"	"SN181"	NA	1
"CTTAACTTCGACGGAA"	""	"ERX6700418"	"ERP132580"	"testis"	"Pachytene_Spermatocytes"	NA	NA	NA	"CL:0000017"	"spermatocyte"	"missing child term"	"SN181"	NA	6
"CTTACCGAGATATGCA"	""	"ERX6700418"	"ERP132580"	"testis"	"Early_Round_spermatids"	NA	NA	NA	"CL:4030036"	"early spermatid"	"perfect match"	"SN181"	NA	2
"CTTACCGAGCTCAACT"	""	"ERX6700418"	"ERP132580"	"testis"	"Pachytene_Spermatocytes"	NA	NA	NA	"CL:0000017"	"spermatocyte"	"missing child term"	"SN181"	NA	6
"CTTACCGCAGATGGGT"	""	"ERX6700418"	"ERP132580"	"testis"	"Pachytene_Spermatocytes"	NA	NA	NA	"CL:0000017"	"spermatocyte"	"missing child term"	"SN181"	NA	6
"CTTACCGCATCACGTA"	""	"ERX6700418"	"ERP132580"	"testis"	"Leptotene_Spermatocytes"	NA	NA	NA	"CL:0000017"	"spermatocyte"	"missing child term"	"SN181"	NA	7
"CTTACCGGTACTCGCG"	""	"ERX6700418"	"ERP132580"	"testis"	"Other_somatic"	NA	NA	NA	"CL:0002371"	"somatic cell"	"perfect match"	"SN181"	NA	3
"CTTACCGTCACTTACT"	""	"ERX6700418"	"ERP132580"	"testis"	"Pachytene_Spermatocytes"	NA	NA	NA	"CL:0000017"	"spermatocyte"	"missing child term"	"SN181"	NA	6
"CTTACCGTCAGCATGT"	""	"ERX6700418"	"ERP132580"	"testis"	"Undifferentiated_Spermatogonia"	NA	NA	NA	"CL:0000016"	"male germ line stem cell"	"other"	"SN181"	NA	1
"CTTACCGTCATGCATG"	""	"ERX6700418"	"ERP132580"	"testis"	"Pachytene_Spermatocytes"	NA	NA	NA	"CL:0000017"	"spermatocyte"	"missing child term"	"SN181"	NA	6
"CTTAGGACAGTCAGAG"	""	"ERX6700418"	"ERP132580"	"testis"	"Early_Round_spermatids"	NA	NA	NA	"CL:4030036"	"early spermatid"	"perfect match"	"SN181"	NA	2
"CTTAGGAGTACTCAAC"	""	"ERX6700418"	"ERP132580"	"testis"	""	NA	NA	NA	"CL:0000000"	"cell"	"other"	"SN181"	NA	10
"CTTAGGAGTATCAGTC"	""	"ERX6700418"	"ERP132580"	"testis"	"Differentiated_Spermatogonia"	NA	NA	NA	"CL:0000020"	"spermatogonium"	"perfect match"	"SN181"	NA	9
"CTTAGGAGTCATATGC"	""	"ERX6700418"	"ERP132580"	"testis"	"Sertoli"	NA	NA	NA	"CL:0000216"	"Sertoli cell"	"perfect match"	"SN181"	NA	8
"CTTAGGAGTGATGATA"	""	"ERX6700418"	"ERP132580"	"testis"	"Undifferentiated_Spermatogonia"	NA	NA	NA	"CL:0000016"	"male germ line stem cell"	"other"	"SN181"	NA	1
"CTTAGGATCAACGCTA"	""	"ERX6700418"	"ERP132580"	"testis"	"Early_Round_spermatids"	NA	NA	NA	"CL:4030036"	"early spermatid"	"perfect match"	"SN181"	NA	2
"CTTAGGATCACCACCT"	""	"ERX6700418"	"ERP132580"	"testis"	"Leptotene_Spermatocytes"	NA	NA	NA	"CL:0000017"	"spermatocyte"	"missing child term"	"SN181"	NA	7
"CTTAGGATCAGAGACG"	""	"ERX6700418"	"ERP132580"	"testis"	"Pachytene_Spermatocytes"	NA	NA	NA	"CL:0000017"	"spermatocyte"	"missing child term"	"SN181"	NA	6
"CTTCTCTAGAGCAATT"	""	"ERX6700418"	"ERP132580"	"testis"	"Pachytene_Spermatocytes"	NA	NA	NA	"CL:0000017"	"spermatocyte"	"missing child term"	"SN181"	NA	6
"CTTCTCTAGCCAGAAC"	""	"ERX6700418"	"ERP132580"	"testis"	"Undifferentiated_Spermatogonia"	NA	NA	NA	"CL:0000016"	"male germ line stem cell"	"other"	"SN181"	NA	1
"CTTCTCTCACATTTCT"	""	"ERX6700418"	"ERP132580"	"testis"	"Sertoli"	NA	NA	NA	"CL:0000216"	"Sertoli cell"	"perfect match"	"SN181"	NA	8
"CTTCTCTGTTCCAACA"	""	"ERX6700418"	"ERP132580"	"testis"	"Early_Round_spermatids"	NA	NA	NA	"CL:4030036"	"early spermatid"	"perfect match"	"SN181"	NA	2
"CTTCTCTGTTCCGGCA"	""	"ERX6700418"	"ERP132580"	"testis"	"Sertoli"	NA	NA	NA	"CL:0000216"	"Sertoli cell"	"perfect match"	"SN181"	NA	8
"CTTCTCTTCATAACCG"	""	"ERX6700418"	"ERP132580"	"testis"	"Sertoli"	NA	NA	NA	"CL:0000216"	"Sertoli cell"	"perfect match"	"SN181"	NA	8
"CTTGGCTAGTGACTCT"	""	"ERX6700418"	"ERP132580"	"testis"	"Early_Round_spermatids"	NA	NA	NA	"CL:4030036"	"early spermatid"	"perfect match"	"SN181"	NA	2
"CTTGGCTCAAGCTGGA"	""	"ERX6700418"	"ERP132580"	"testis"	"Early_Round_spermatids"	NA	NA	NA	"CL:4030036"	"early spermatid"	"perfect match"	"SN181"	NA	2
"CTTGGCTCACGGTTTA"	""	"ERX6700418"	"ERP132580"	"testis"	"Pachytene_Spermatocytes"	NA	NA	NA	"CL:0000017"	"spermatocyte"	"missing child term"	"SN181"	NA	6
"CTTGGCTCATTTCAGG"	""	"ERX6700418"	"ERP132580"	"testis"	"Leptotene_Spermatocytes"	NA	NA	NA	"CL:0000017"	"spermatocyte"	"missing child term"	"SN181"	NA	7
"CTTGGCTGTACCGTTA"	""	"ERX6700418"	"ERP132580"	"testis"	"Leptotene_Spermatocytes"	NA	NA	NA	"CL:0000017"	"spermatocyte"	"missing child term"	"SN181"	NA	7
"CTTGGCTGTCCGAAGA"	""	"ERX6700418"	"ERP132580"	"testis"	"Elongated_spermatids"	NA	NA	NA	"CL:4030037"	"late spermatid"	"perfect match"	"SN181"	NA	4
"CTTGGCTGTGGCTCCA"	""	"ERX6700418"	"ERP132580"	"testis"	"Early_Round_spermatids"	NA	NA	NA	"CL:4030036"	"early spermatid"	"perfect match"	"SN181"	NA	2
"CTTGGCTGTTAAGTAG"	""	"ERX6700418"	"ERP132580"	"testis"	"Late_Round_spermatids"	NA	NA	NA	"CL:4030036"	"early spermatid"	"other"	"SN181"	NA	5
"CTTGGCTTCGGCTTGG"	""	"ERX6700418"	"ERP132580"	"testis"	"Elongated_spermatids"	NA	NA	NA	"CL:4030037"	"late spermatid"	"perfect match"	"SN181"	NA	4
"CTTGGCTTCGTGGGAA"	""	"ERX6700418"	"ERP132580"	"testis"	"Early_Round_spermatids"	NA	NA	NA	"CL:4030036"	"early spermatid"	"perfect match"	"SN181"	NA	2
"CTTGGCTTCTCGATGA"	""	"ERX6700418"	"ERP132580"	"testis"	"Leptotene_Spermatocytes"	NA	NA	NA	"CL:0000017"	"spermatocyte"	"missing child term"	"SN181"	NA	7
"CTTTGCGAGATGGGTC"	""	"ERX6700418"	"ERP132580"	"testis"	"Early_Round_spermatids"	NA	NA	NA	"CL:4030036"	"early spermatid"	"perfect match"	"SN181"	NA	2
"CTTTGCGAGCACAGGT"	""	"ERX6700418"	"ERP132580"	"testis"	"Elongated_spermatids"	NA	NA	NA	"CL:4030037"	"late spermatid"	"perfect match"	"SN181"	NA	4
"CTTTGCGAGCGATGAC"	""	"ERX6700418"	"ERP132580"	"testis"	"Leptotene_Spermatocytes"	NA	NA	NA	"CL:0000017"	"spermatocyte"	"missing child term"	"SN181"	NA	7
"CTTTGCGAGTGAAGAG"	""	"ERX6700418"	"ERP132580"	"testis"	"Undifferentiated_Spermatogonia"	NA	NA	NA	"CL:0000016"	"male germ line stem cell"	"other"	"SN181"	NA	1
"CTTTGCGAGTGGAGTC"	""	"ERX6700418"	"ERP132580"	"testis"	"Early_Round_spermatids"	NA	NA	NA	"CL:4030036"	"early spermatid"	"perfect match"	"SN181"	NA	2
"CTTTGCGCACCGAATT"	""	"ERX6700418"	"ERP132580"	"testis"	"Late_Round_spermatids"	NA	NA	NA	"CL:4030036"	"early spermatid"	"other"	"SN181"	NA	5
"CTTTGCGTCGGCTTGG"	""	"ERX6700418"	"ERP132580"	"testis"	"Elongated_spermatids"	NA	NA	NA	"CL:4030037"	"late spermatid"	"perfect match"	"SN181"	NA	4
"CTTTGCGTCGTACGGC"	""	"ERX6700418"	"ERP132580"	"testis"	"Leptotene_Spermatocytes"	NA	NA	NA	"CL:0000017"	"spermatocyte"	"missing child term"	"SN181"	NA	7
"CTTTGCGTCTCTTGAT"	""	"ERX6700418"	"ERP132580"	"testis"	"Late_Round_spermatids"	NA	NA	NA	"CL:4030036"	"early spermatid"	"other"	"SN181"	NA	5
"GAAACTCAGGTCATCT"	""	"ERX6700418"	"ERP132580"	"testis"	"Sertoli"	NA	NA	NA	"CL:0000216"	"Sertoli cell"	"perfect match"	"SN181"	NA	8
"GAAACTCAGGTGGGTT"	""	"ERX6700418"	"ERP132580"	"testis"	"Differentiated_Spermatogonia"	NA	NA	NA	"CL:0000020"	"spermatogonium"	"perfect match"	"SN181"	NA	9
"GAAACTCAGTACGCCC"	""	"ERX6700418"	"ERP132580"	"testis"	"Leptotene_Spermatocytes"	NA	NA	NA	"CL:0000017"	"spermatocyte"	"missing child term"	"SN181"	NA	7
"GAAACTCGTAGAGGAA"	""	"ERX6700418"	"ERP132580"	"testis"	"Differentiated_Spermatogonia"	NA	NA	NA	"CL:0000020"	"spermatogonium"	"perfect match"	"SN181"	NA	9
"GAAACTCGTCTAAACC"	""	"ERX6700418"	"ERP132580"	"testis"	"Late_Round_spermatids"	NA	NA	NA	"CL:4030036"	"early spermatid"	"other"	"SN181"	NA	5
"GAAACTCGTGCCTGCA"	""	"ERX6700418"	"ERP132580"	"testis"	"Elongated_spermatids"	NA	NA	NA	"CL:4030037"	"late spermatid"	"perfect match"	"SN181"	NA	4
"GAAACTCTCCGCGTTT"	""	"ERX6700418"	"ERP132580"	"testis"	"Elongated_spermatids"	NA	NA	NA	"CL:4030037"	"late spermatid"	"perfect match"	"SN181"	NA	4
"GAAACTCTCGCCTGTT"	""	"ERX6700418"	"ERP132580"	"testis"	"Leptotene_Spermatocytes"	NA	NA	NA	"CL:0000017"	"spermatocyte"	"missing child term"	"SN181"	NA	7
"GAAATGAAGCCACGTC"	""	"ERX6700418"	"ERP132580"	"testis"	"Pachytene_Spermatocytes"	NA	NA	NA	"CL:0000017"	"spermatocyte"	"missing child term"	"SN181"	NA	6
"GAAATGAAGGCACATG"	""	"ERX6700418"	"ERP132580"	"testis"	"Early_Round_spermatids"	NA	NA	NA	"CL:4030036"	"early spermatid"	"perfect match"	"SN181"	NA	2
"GAAATGACAAGGGTCA"	""	"ERX6700418"	"ERP132580"	"testis"	"Early_Round_spermatids"	NA	NA	NA	"CL:4030036"	"early spermatid"	"perfect match"	"SN181"	NA	2
"GAAATGACACATGGGA"	""	"ERX6700418"	"ERP132580"	"testis"	"Early_Round_spermatids"	NA	NA	NA	"CL:4030036"	"early spermatid"	"perfect match"	"SN181"	NA	2
"GAAATGACAGCGTCCA"	""	"ERX6700418"	"ERP132580"	"testis"	"Elongated_spermatids"	NA	NA	NA	"CL:4030037"	"late spermatid"	"perfect match"	"SN181"	NA	4
"GAAATGAGTTGTGGAG"	""	"ERX6700418"	"ERP132580"	"testis"	"Elongated_spermatids"	NA	NA	NA	"CL:4030037"	"late spermatid"	"perfect match"	"SN181"	NA	4
"GAAATGATCCAGGGCT"	""	"ERX6700418"	"ERP132580"	"testis"	"Sertoli"	NA	NA	NA	"CL:0000216"	"Sertoli cell"	"perfect match"	"SN181"	NA	8
"GAACATCCAATAGAGT"	""	"ERX6700418"	"ERP132580"	"testis"	"Elongated_spermatids"	NA	NA	NA	"CL:4030037"	"late spermatid"	"perfect match"	"SN181"	NA	4
"GAACATCTCCACGAAT"	""	"ERX6700418"	"ERP132580"	"testis"	"Pachytene_Spermatocytes"	NA	NA	NA	"CL:0000017"	"spermatocyte"	"missing child term"	"SN181"	NA	6
"GAACATCTCCTAGAAC"	""	"ERX6700418"	"ERP132580"	"testis"	"Leptotene_Spermatocytes"	NA	NA	NA	"CL:0000017"	"spermatocyte"	"missing child term"	"SN181"	NA	7
"GAACATCTCTCCAACC"	""	"ERX6700418"	"ERP132580"	"testis"	"Early_Round_spermatids"	NA	NA	NA	"CL:4030036"	"early spermatid"	"perfect match"	"SN181"	NA	2
"GAACCTAAGCTGCAAG"	""	"ERX6700418"	"ERP132580"	"testis"	"Differentiated_Spermatogonia"	NA	NA	NA	"CL:0000020"	"spermatogonium"	"perfect match"	"SN181"	NA	9
"GAACCTACAATCACAC"	""	"ERX6700418"	"ERP132580"	"testis"	"Elongated_spermatids"	NA	NA	NA	"CL:4030037"	"late spermatid"	"perfect match"	"SN181"	NA	4
"GAACCTACAGCGAACA"	""	"ERX6700418"	"ERP132580"	"testis"	"Elongated_spermatids"	NA	NA	NA	"CL:4030037"	"late spermatid"	"perfect match"	"SN181"	NA	4
"GAACCTAGTAGGACAC"	""	"ERX6700418"	"ERP132580"	"testis"	"Other_somatic"	NA	NA	NA	"CL:0002371"	"somatic cell"	"perfect match"	"SN181"	NA	3
"GAACCTATCCCAAGAT"	""	"ERX6700418"	"ERP132580"	"testis"	"Early_Round_spermatids"	NA	NA	NA	"CL:4030036"	"early spermatid"	"perfect match"	"SN181"	NA	2
"GAACCTATCCTCCTAG"	""	"ERX6700418"	"ERP132580"	"testis"	"Early_Round_spermatids"	NA	NA	NA	"CL:4030036"	"early spermatid"	"perfect match"	"SN181"	NA	2
"GAACCTATCTCAACTT"	""	"ERX6700418"	"ERP132580"	"testis"	"Differentiated_Spermatogonia"	NA	NA	NA	"CL:0000020"	"spermatogonium"	"perfect match"	"SN181"	NA	9
"GAACGGAAGGATGTAT"	""	"ERX6700418"	"ERP132580"	"testis"	"Sertoli"	NA	NA	NA	"CL:0000216"	"Sertoli cell"	"perfect match"	"SN181"	NA	8
"GAACGGAAGGTGCAAC"	""	"ERX6700418"	"ERP132580"	"testis"	"Zygotene_Spermatocytes"	NA	NA	NA	"CL:0000017"	"spermatocyte"	"missing child term"	"SN181"	NA	11
"GAACGGAGTATTCGTG"	""	"ERX6700418"	"ERP132580"	"testis"	"Undifferentiated_Spermatogonia"	NA	NA	NA	"CL:0000016"	"male germ line stem cell"	"other"	"SN181"	NA	1
"GAACGGAGTTCCACAA"	""	"ERX6700418"	"ERP132580"	"testis"	"Undifferentiated_Spermatogonia"	NA	NA	NA	"CL:0000016"	"male germ line stem cell"	"other"	"SN181"	NA	1
"GAACGGATCAATAAGG"	""	"ERX6700418"	"ERP132580"	"testis"	"Undifferentiated_Spermatogonia"	NA	NA	NA	"CL:0000016"	"male germ line stem cell"	"other"	"SN181"	NA	1
"GAAGCAGAGCTAAGAT"	""	"ERX6700418"	"ERP132580"	"testis"	"Leptotene_Spermatocytes"	NA	NA	NA	"CL:0000017"	"spermatocyte"	"missing child term"	"SN181"	NA	7
"GAAGCAGCATGAACCT"	""	"ERX6700418"	"ERP132580"	"testis"	"Pachytene_Spermatocytes"	NA	NA	NA	"CL:0000017"	"spermatocyte"	"missing child term"	"SN181"	NA	6
"GAAGCAGCATGTCGAT"	""	"ERX6700418"	"ERP132580"	"testis"	"Sertoli"	NA	NA	NA	"CL:0000216"	"Sertoli cell"	"perfect match"	"SN181"	NA	8
"GAAGCAGGTCTGCCAG"	""	"ERX6700418"	"ERP132580"	"testis"	"Leptotene_Spermatocytes"	NA	NA	NA	"CL:0000017"	"spermatocyte"	"missing child term"	"SN181"	NA	7
"GAAGCAGGTGGCGAAT"	""	"ERX6700418"	"ERP132580"	"testis"	"Zygotene_Spermatocytes"	NA	NA	NA	"CL:0000017"	"spermatocyte"	"missing child term"	"SN181"	NA	11
"GAAGCAGGTTACCAGT"	""	"ERX6700418"	"ERP132580"	"testis"	"Early_Round_spermatids"	NA	NA	NA	"CL:4030036"	"early spermatid"	"perfect match"	"SN181"	NA	2
"GAAGCAGTCCCTGACT"	""	"ERX6700418"	"ERP132580"	"testis"	"Pachytene_Spermatocytes"	NA	NA	NA	"CL:0000017"	"spermatocyte"	"missing child term"	"SN181"	NA	6
"GAAGCAGTCTGGCGAC"	""	"ERX6700418"	"ERP132580"	"testis"	"Elongated_spermatids"	NA	NA	NA	"CL:4030037"	"late spermatid"	"perfect match"	"SN181"	NA	4
"GAATAAGAGAGACGAA"	""	"ERX6700418"	"ERP132580"	"testis"	"Elongated_spermatids"	NA	NA	NA	"CL:4030037"	"late spermatid"	"perfect match"	"SN181"	NA	4
"GAATAAGCAGATGGCA"	""	"ERX6700418"	"ERP132580"	"testis"	"Late_Round_spermatids"	NA	NA	NA	"CL:4030036"	"early spermatid"	"other"	"SN181"	NA	5
"GAATAAGGTCGAGATG"	""	"ERX6700418"	"ERP132580"	"testis"	"Sertoli"	NA	NA	NA	"CL:0000216"	"Sertoli cell"	"perfect match"	"SN181"	NA	8
"GAATAAGGTTATCCGA"	""	"ERX6700418"	"ERP132580"	"testis"	"Other_somatic"	NA	NA	NA	"CL:0002371"	"somatic cell"	"perfect match"	"SN181"	NA	3
"GAATAAGGTTCGTCTC"	""	"ERX6700418"	"ERP132580"	"testis"	"Zygotene_Spermatocytes"	NA	NA	NA	"CL:0000017"	"spermatocyte"	"missing child term"	"SN181"	NA	11
"GAATGAAAGTGCAAGC"	""	"ERX6700418"	"ERP132580"	"testis"	"Early_Round_spermatids"	NA	NA	NA	"CL:4030036"	"early spermatid"	"perfect match"	"SN181"	NA	2
"GAATGAACACCGATAT"	""	"ERX6700418"	"ERP132580"	"testis"	"Late_Round_spermatids"	NA	NA	NA	"CL:4030036"	"early spermatid"	"other"	"SN181"	NA	5
"GAATGAACAGTAGAGC"	""	"ERX6700418"	"ERP132580"	"testis"	"Sertoli"	NA	NA	NA	"CL:0000216"	"Sertoli cell"	"perfect match"	"SN181"	NA	8
"GAATGAAGTCTCCACT"	""	"ERX6700418"	"ERP132580"	"testis"	"Elongated_spermatids"	NA	NA	NA	"CL:4030037"	"late spermatid"	"perfect match"	"SN181"	NA	4
"GAATGAAGTGATGCCC"	""	"ERX6700418"	"ERP132580"	"testis"	"Differentiated_Spermatogonia"	NA	NA	NA	"CL:0000020"	"spermatogonium"	"perfect match"	"SN181"	NA	9
"GAATGAATCAAACCGT"	""	"ERX6700418"	"ERP132580"	"testis"	"Differentiated_Spermatogonia"	NA	NA	NA	"CL:0000020"	"spermatogonium"	"perfect match"	"SN181"	NA	9
"GAATGAATCCAAGCCG"	""	"ERX6700418"	"ERP132580"	"testis"	"Elongated_spermatids"	NA	NA	NA	"CL:4030037"	"late spermatid"	"perfect match"	"SN181"	NA	4
"GACACGCAGTCAATAG"	""	"ERX6700418"	"ERP132580"	"testis"	"Pachytene_Spermatocytes"	NA	NA	NA	"CL:0000017"	"spermatocyte"	"missing child term"	"SN181"	NA	6
"GACACGCCAAGCGTAG"	""	"ERX6700418"	"ERP132580"	"testis"	"Leptotene_Spermatocytes"	NA	NA	NA	"CL:0000017"	"spermatocyte"	"missing child term"	"SN181"	NA	7
"GACACGCCATTACGAC"	""	"ERX6700418"	"ERP132580"	"testis"	"Zygotene_Spermatocytes"	NA	NA	NA	"CL:0000017"	"spermatocyte"	"missing child term"	"SN181"	NA	11
"GACACGCTCAAAGTAG"	""	"ERX6700418"	"ERP132580"	"testis"	"Elongated_spermatids"	NA	NA	NA	"CL:4030037"	"late spermatid"	"perfect match"	"SN181"	NA	4
"GACACGCTCCTAGAAC"	""	"ERX6700418"	"ERP132580"	"testis"	"Elongated_spermatids"	NA	NA	NA	"CL:4030037"	"late spermatid"	"perfect match"	"SN181"	NA	4
"GACAGAGCATTTGCCC"	""	"ERX6700418"	"ERP132580"	"testis"	"Pachytene_Spermatocytes"	NA	NA	NA	"CL:0000017"	"spermatocyte"	"missing child term"	"SN181"	NA	6
"GACAGAGGTTACCGAT"	""	"ERX6700418"	"ERP132580"	"testis"	"Early_Round_spermatids"	NA	NA	NA	"CL:4030036"	"early spermatid"	"perfect match"	"SN181"	NA	2
"GACAGAGTCAGCTCTC"	""	"ERX6700418"	"ERP132580"	"testis"	"Zygotene_Spermatocytes"	NA	NA	NA	"CL:0000017"	"spermatocyte"	"missing child term"	"SN181"	NA	11
"GACAGAGTCGCCGTGA"	""	"ERX6700418"	"ERP132580"	"testis"	"Differentiated_Spermatogonia"	NA	NA	NA	"CL:0000020"	"spermatogonium"	"perfect match"	"SN181"	NA	9
"GACCAATAGAACAATC"	""	"ERX6700418"	"ERP132580"	"testis"	"Late_Round_spermatids"	NA	NA	NA	"CL:4030036"	"early spermatid"	"other"	"SN181"	NA	5
"GACCAATCAATGGAGC"	""	"ERX6700418"	"ERP132580"	"testis"	"Undifferentiated_Spermatogonia"	NA	NA	NA	"CL:0000016"	"male germ line stem cell"	"other"	"SN181"	NA	1
"GACCAATCACGGTGTC"	""	"ERX6700418"	"ERP132580"	"testis"	"Early_Round_spermatids"	NA	NA	NA	"CL:4030036"	"early spermatid"	"perfect match"	"SN181"	NA	2
"GACCAATCAGTTCATG"	""	"ERX6700418"	"ERP132580"	"testis"	"Pachytene_Spermatocytes"	NA	NA	NA	"CL:0000017"	"spermatocyte"	"missing child term"	"SN181"	NA	6
"GACCAATCATATACCG"	""	"ERX6700418"	"ERP132580"	"testis"	"Elongated_spermatids"	NA	NA	NA	"CL:4030037"	"late spermatid"	"perfect match"	"SN181"	NA	4
"GACCTGGAGGCTCATT"	""	"ERX6700418"	"ERP132580"	"testis"	"Zygotene_Spermatocytes"	NA	NA	NA	"CL:0000017"	"spermatocyte"	"missing child term"	"SN181"	NA	11
"GACCTGGCAATGTAAG"	""	"ERX6700418"	"ERP132580"	"testis"	"Elongated_spermatids"	NA	NA	NA	"CL:4030037"	"late spermatid"	"perfect match"	"SN181"	NA	4
"GACCTGGCATCACAAC"	""	"ERX6700418"	"ERP132580"	"testis"	"Sertoli"	NA	NA	NA	"CL:0000216"	"Sertoli cell"	"perfect match"	"SN181"	NA	8
"GACCTGGCATGCAACT"	""	"ERX6700418"	"ERP132580"	"testis"	"Elongated_spermatids"	NA	NA	NA	"CL:4030037"	"late spermatid"	"perfect match"	"SN181"	NA	4
"GACCTGGGTACAGACG"	""	"ERX6700418"	"ERP132580"	"testis"	"Zygotene_Spermatocytes"	NA	NA	NA	"CL:0000017"	"spermatocyte"	"missing child term"	"SN181"	NA	11
"GACCTGGGTCGGCTCA"	""	"ERX6700418"	"ERP132580"	"testis"	"Undifferentiated_Spermatogonia"	NA	NA	NA	"CL:0000016"	"male germ line stem cell"	"other"	"SN181"	NA	1
"GACCTGGTCCTCAACC"	""	"ERX6700418"	"ERP132580"	"testis"	"Pachytene_Spermatocytes"	NA	NA	NA	"CL:0000017"	"spermatocyte"	"missing child term"	"SN181"	NA	6
"GACGCGTAGACAATAC"	""	"ERX6700418"	"ERP132580"	"testis"	"Undifferentiated_Spermatogonia"	NA	NA	NA	"CL:0000016"	"male germ line stem cell"	"other"	"SN181"	NA	1
"GACGCGTAGCTGAACG"	""	"ERX6700418"	"ERP132580"	"testis"	"Leptotene_Spermatocytes"	NA	NA	NA	"CL:0000017"	"spermatocyte"	"missing child term"	"SN181"	NA	7
"GACGCGTCAGATGAGC"	""	"ERX6700418"	"ERP132580"	"testis"	"Undifferentiated_Spermatogonia"	NA	NA	NA	"CL:0000016"	"male germ line stem cell"	"other"	"SN181"	NA	1
"GACGCGTTCCGTCATC"	""	"ERX6700418"	"ERP132580"	"testis"	"Differentiated_Spermatogonia"	NA	NA	NA	"CL:0000020"	"spermatogonium"	"perfect match"	"SN181"	NA	9
"GACGCGTTCTGTCTAT"	""	"ERX6700418"	"ERP132580"	"testis"	"Leptotene_Spermatocytes"	NA	NA	NA	"CL:0000017"	"spermatocyte"	"missing child term"	"SN181"	NA	7
"GACGCGTTCTTCAACT"	""	"ERX6700418"	"ERP132580"	"testis"	"Late_Round_spermatids"	NA	NA	NA	"CL:4030036"	"early spermatid"	"other"	"SN181"	NA	5
"GACGGCTAGTGGGTTG"	""	"ERX6700418"	"ERP132580"	"testis"	"Early_Round_spermatids"	NA	NA	NA	"CL:4030036"	"early spermatid"	"perfect match"	"SN181"	NA	2
"GACGGCTCAAACTGCT"	""	"ERX6700418"	"ERP132580"	"testis"	"Early_Round_spermatids"	NA	NA	NA	"CL:4030036"	"early spermatid"	"perfect match"	"SN181"	NA	2
"GACGGCTCACCTGGTG"	""	"ERX6700418"	"ERP132580"	"testis"	"Elongated_spermatids"	NA	NA	NA	"CL:4030037"	"late spermatid"	"perfect match"	"SN181"	NA	4
"GACGGCTCATCGTCGG"	""	"ERX6700418"	"ERP132580"	"testis"	"Pachytene_Spermatocytes"	NA	NA	NA	"CL:0000017"	"spermatocyte"	"missing child term"	"SN181"	NA	6
"GACGGCTGTGATGCCC"	""	"ERX6700418"	"ERP132580"	"testis"	"Zygotene_Spermatocytes"	NA	NA	NA	"CL:0000017"	"spermatocyte"	"missing child term"	"SN181"	NA	11
"GACGGCTGTGCAGACA"	""	"ERX6700418"	"ERP132580"	"testis"	"Elongated_spermatids"	NA	NA	NA	"CL:4030037"	"late spermatid"	"perfect match"	"SN181"	NA	4
"GACGGCTGTTAAAGTG"	""	"ERX6700418"	"ERP132580"	"testis"	"Elongated_spermatids"	NA	NA	NA	"CL:4030037"	"late spermatid"	"perfect match"	"SN181"	NA	4
"GACGGCTGTTCAACCA"	""	"ERX6700418"	"ERP132580"	"testis"	"Sertoli"	NA	NA	NA	"CL:0000216"	"Sertoli cell"	"perfect match"	"SN181"	NA	8
"GACGGCTGTTCCAACA"	""	"ERX6700418"	"ERP132580"	"testis"	"Differentiated_Spermatogonia"	NA	NA	NA	"CL:0000020"	"spermatogonium"	"perfect match"	"SN181"	NA	9
"GACGGCTTCGCCATAA"	""	"ERX6700418"	"ERP132580"	"testis"	"Zygotene_Spermatocytes"	NA	NA	NA	"CL:0000017"	"spermatocyte"	"missing child term"	"SN181"	NA	11
"GACGTGCGTGGGTCAA"	""	"ERX6700418"	"ERP132580"	"testis"	"Late_Round_spermatids"	NA	NA	NA	"CL:4030036"	"early spermatid"	"other"	"SN181"	NA	5
"GACGTTAAGCCTTGAT"	""	"ERX6700418"	"ERP132580"	"testis"	"Elongated_spermatids"	NA	NA	NA	"CL:4030037"	"late spermatid"	"perfect match"	"SN181"	NA	4
"GACGTTACATGAACCT"	""	"ERX6700418"	"ERP132580"	"testis"	"Pachytene_Spermatocytes"	NA	NA	NA	"CL:0000017"	"spermatocyte"	"missing child term"	"SN181"	NA	6
"GACGTTAGTATATCCG"	""	"ERX6700418"	"ERP132580"	"testis"	"Zygotene_Spermatocytes"	NA	NA	NA	"CL:0000017"	"spermatocyte"	"missing child term"	"SN181"	NA	11
"GACGTTAGTCCGAAGA"	""	"ERX6700418"	"ERP132580"	"testis"	"Undifferentiated_Spermatogonia"	NA	NA	NA	"CL:0000016"	"male germ line stem cell"	"other"	"SN181"	NA	1
"GACGTTAGTTCCGGCA"	""	"ERX6700418"	"ERP132580"	"testis"	"Elongated_spermatids"	NA	NA	NA	"CL:4030037"	"late spermatid"	"perfect match"	"SN181"	NA	4
"GACGTTATCGCGTAGC"	""	"ERX6700418"	"ERP132580"	"testis"	"Zygotene_Spermatocytes"	NA	NA	NA	"CL:0000017"	"spermatocyte"	"missing child term"	"SN181"	NA	11
"GACGTTATCTAAGCCA"	""	"ERX6700418"	"ERP132580"	"testis"	"Other_somatic"	NA	NA	NA	"CL:0002371"	"somatic cell"	"perfect match"	"SN181"	NA	3
"GACGTTATCTCCGGTT"	""	"ERX6700418"	"ERP132580"	"testis"	"Undifferentiated_Spermatogonia"	NA	NA	NA	"CL:0000016"	"male germ line stem cell"	"other"	"SN181"	NA	1
"GACTAACAGTTAGCGG"	""	"ERX6700418"	"ERP132580"	"testis"	"Sertoli"	NA	NA	NA	"CL:0000216"	"Sertoli cell"	"perfect match"	"SN181"	NA	8
"GACTAACCAGGGTATG"	""	"ERX6700418"	"ERP132580"	"testis"	"Pachytene_Spermatocytes"	NA	NA	NA	"CL:0000017"	"spermatocyte"	"missing child term"	"SN181"	NA	6
"GACTAACGTAGCGTGA"	""	"ERX6700418"	"ERP132580"	"testis"	"Differentiated_Spermatogonia"	NA	NA	NA	"CL:0000020"	"spermatogonium"	"perfect match"	"SN181"	NA	9
"GACTACAAGATTACCC"	""	"ERX6700418"	"ERP132580"	"testis"	"Pachytene_Spermatocytes"	NA	NA	NA	"CL:0000017"	"spermatocyte"	"missing child term"	"SN181"	NA	6
"GACTACATCATTCACT"	""	"ERX6700418"	"ERP132580"	"testis"	"Late_Round_spermatids"	NA	NA	NA	"CL:4030036"	"early spermatid"	"other"	"SN181"	NA	5
"GACTACATCTCATTCA"	""	"ERX6700418"	"ERP132580"	"testis"	"Sertoli"	NA	NA	NA	"CL:0000216"	"Sertoli cell"	"perfect match"	"SN181"	NA	8
"GACTGCGAGGTACTCT"	""	"ERX6700418"	"ERP132580"	"testis"	"Sertoli"	NA	NA	NA	"CL:0000216"	"Sertoli cell"	"perfect match"	"SN181"	NA	8
"GACTGCGAGTCGCCGT"	""	"ERX6700418"	"ERP132580"	"testis"	"Leptotene_Spermatocytes"	NA	NA	NA	"CL:0000017"	"spermatocyte"	"missing child term"	"SN181"	NA	7
"GACTGCGCAAACGTGG"	""	"ERX6700418"	"ERP132580"	"testis"	"Other_somatic"	NA	NA	NA	"CL:0002371"	"somatic cell"	"perfect match"	"SN181"	NA	3
"GACTGCGCAGATTGCT"	""	"ERX6700418"	"ERP132580"	"testis"	"Pachytene_Spermatocytes"	NA	NA	NA	"CL:0000017"	"spermatocyte"	"missing child term"	"SN181"	NA	6
"GACTGCGCAGGTCTCG"	""	"ERX6700418"	"ERP132580"	"testis"	"Undifferentiated_Spermatogonia"	NA	NA	NA	"CL:0000016"	"male germ line stem cell"	"other"	"SN181"	NA	1
"GACTGCGCATAGTAAG"	""	"ERX6700418"	"ERP132580"	"testis"	"Pachytene_Spermatocytes"	NA	NA	NA	"CL:0000017"	"spermatocyte"	"missing child term"	"SN181"	NA	6
"GACTGCGCATGGTCTA"	""	"ERX6700418"	"ERP132580"	"testis"	"Undifferentiated_Spermatogonia"	NA	NA	NA	"CL:0000016"	"male germ line stem cell"	"other"	"SN181"	NA	1
"GACTGCGTCAAGCCTA"	""	"ERX6700418"	"ERP132580"	"testis"	"Sertoli"	NA	NA	NA	"CL:0000216"	"Sertoli cell"	"perfect match"	"SN181"	NA	8
"GACTGCGTCACGCGGT"	""	"ERX6700418"	"ERP132580"	"testis"	"Leptotene_Spermatocytes"	NA	NA	NA	"CL:0000017"	"spermatocyte"	"missing child term"	"SN181"	NA	7
"GACTGCGTCCCTAACC"	""	"ERX6700418"	"ERP132580"	"testis"	"Sertoli"	NA	NA	NA	"CL:0000216"	"Sertoli cell"	"perfect match"	"SN181"	NA	8
"GACTGCGTCCTCAATT"	""	"ERX6700418"	"ERP132580"	"testis"	"Leptotene_Spermatocytes"	NA	NA	NA	"CL:0000017"	"spermatocyte"	"missing child term"	"SN181"	NA	7
"GACTGCGTCGGCATCG"	""	"ERX6700418"	"ERP132580"	"testis"	"Early_Round_spermatids"	NA	NA	NA	"CL:4030036"	"early spermatid"	"perfect match"	"SN181"	NA	2
"GACTGCGTCTAGAGTC"	""	"ERX6700418"	"ERP132580"	"testis"	"Sertoli"	NA	NA	NA	"CL:0000216"	"Sertoli cell"	"perfect match"	"SN181"	NA	8
"GACTGCGTCTCGTATT"	""	"ERX6700418"	"ERP132580"	"testis"	"Early_Round_spermatids"	NA	NA	NA	"CL:4030036"	"early spermatid"	"perfect match"	"SN181"	NA	2
"GAGCAGACAATCCGAT"	""	"ERX6700418"	"ERP132580"	"testis"	"Pachytene_Spermatocytes"	NA	NA	NA	"CL:0000017"	"spermatocyte"	"missing child term"	"SN181"	NA	6
"GAGCAGAGTATTAGCC"	""	"ERX6700418"	"ERP132580"	"testis"	"Leptotene_Spermatocytes"	NA	NA	NA	"CL:0000017"	"spermatocyte"	"missing child term"	"SN181"	NA	7
"GAGCAGATCAGAGCTT"	""	"ERX6700418"	"ERP132580"	"testis"	"Elongated_spermatids"	NA	NA	NA	"CL:4030037"	"late spermatid"	"perfect match"	"SN181"	NA	4
"GAGCAGATCGGACAAG"	""	"ERX6700418"	"ERP132580"	"testis"	"Late_Round_spermatids"	NA	NA	NA	"CL:4030036"	"early spermatid"	"other"	"SN181"	NA	5
"GAGCAGATCTCTGAGA"	""	"ERX6700418"	"ERP132580"	"testis"	"Differentiated_Spermatogonia"	NA	NA	NA	"CL:0000020"	"spermatogonium"	"perfect match"	"SN181"	NA	9
"GAGGTGAAGCTATGCT"	""	"ERX6700418"	"ERP132580"	"testis"	"Early_Round_spermatids"	NA	NA	NA	"CL:4030036"	"early spermatid"	"perfect match"	"SN181"	NA	2
"GAGGTGAAGGCATTGG"	""	"ERX6700418"	"ERP132580"	"testis"	"Elongated_spermatids"	NA	NA	NA	"CL:4030037"	"late spermatid"	"perfect match"	"SN181"	NA	4
"GAGGTGAAGTTACGGG"	""	"ERX6700418"	"ERP132580"	"testis"	"Undifferentiated_Spermatogonia"	NA	NA	NA	"CL:0000016"	"male germ line stem cell"	"other"	"SN181"	NA	1
"GAGGTGACACACGCTG"	""	"ERX6700418"	"ERP132580"	"testis"	"Late_Round_spermatids"	NA	NA	NA	"CL:4030036"	"early spermatid"	"other"	"SN181"	NA	5
"GAGGTGACATTCTCAT"	""	"ERX6700418"	"ERP132580"	"testis"	"Leptotene_Spermatocytes"	NA	NA	NA	"CL:0000017"	"spermatocyte"	"missing child term"	"SN181"	NA	7
"GAGGTGAGTACAGCAG"	""	"ERX6700418"	"ERP132580"	"testis"	"Undifferentiated_Spermatogonia"	NA	NA	NA	"CL:0000016"	"male germ line stem cell"	"other"	"SN181"	NA	1
"GAGGTGAGTAGCGTGA"	""	"ERX6700418"	"ERP132580"	"testis"	"Elongated_spermatids"	NA	NA	NA	"CL:4030037"	"late spermatid"	"perfect match"	"SN181"	NA	4
"GAGGTGATCACCAGGC"	""	"ERX6700418"	"ERP132580"	"testis"	"Sertoli"	NA	NA	NA	"CL:0000216"	"Sertoli cell"	"perfect match"	"SN181"	NA	8
"GAGGTGATCTCCGGTT"	""	"ERX6700418"	"ERP132580"	"testis"	"Differentiated_Spermatogonia"	NA	NA	NA	"CL:0000020"	"spermatogonium"	"perfect match"	"SN181"	NA	9
"GAGGTGATCTGTTTGT"	""	"ERX6700418"	"ERP132580"	"testis"	"Zygotene_Spermatocytes"	NA	NA	NA	"CL:0000017"	"spermatocyte"	"missing child term"	"SN181"	NA	11
"GAGTCCGAGCGTTGCC"	""	"ERX6700418"	"ERP132580"	"testis"	"Late_Round_spermatids"	NA	NA	NA	"CL:4030036"	"early spermatid"	"other"	"SN181"	NA	5
"GAGTCCGAGGTGGGTT"	""	"ERX6700418"	"ERP132580"	"testis"	"Pachytene_Spermatocytes"	NA	NA	NA	"CL:0000017"	"spermatocyte"	"missing child term"	"SN181"	NA	6
"GAGTCCGCAACTTGAC"	""	"ERX6700418"	"ERP132580"	"testis"	"Elongated_spermatids"	NA	NA	NA	"CL:4030037"	"late spermatid"	"perfect match"	"SN181"	NA	4
"GAGTCCGCACAACTGT"	""	"ERX6700418"	"ERP132580"	"testis"	"Pachytene_Spermatocytes"	NA	NA	NA	"CL:0000017"	"spermatocyte"	"missing child term"	"SN181"	NA	6
"GAGTCCGCACACATGT"	""	"ERX6700418"	"ERP132580"	"testis"	"Late_Round_spermatids"	NA	NA	NA	"CL:4030036"	"early spermatid"	"other"	"SN181"	NA	5
"GAGTCCGCACATTAGC"	""	"ERX6700418"	"ERP132580"	"testis"	"Sertoli"	NA	NA	NA	"CL:0000216"	"Sertoli cell"	"perfect match"	"SN181"	NA	8
"GAGTCCGCAGGATTGG"	""	"ERX6700418"	"ERP132580"	"testis"	"Late_Round_spermatids"	NA	NA	NA	"CL:4030036"	"early spermatid"	"other"	"SN181"	NA	5
"GAGTCCGGTCCAGTGC"	""	"ERX6700418"	"ERP132580"	"testis"	"Undifferentiated_Spermatogonia"	NA	NA	NA	"CL:0000016"	"male germ line stem cell"	"other"	"SN181"	NA	1
"GAGTCCGGTCCATGAT"	""	"ERX6700418"	"ERP132580"	"testis"	"Pachytene_Spermatocytes"	NA	NA	NA	"CL:0000017"	"spermatocyte"	"missing child term"	"SN181"	NA	6
"GAGTCCGGTTATCCGA"	""	"ERX6700418"	"ERP132580"	"testis"	"Late_Round_spermatids"	NA	NA	NA	"CL:4030036"	"early spermatid"	"other"	"SN181"	NA	5
"GAGTCCGTCAACACTG"	""	"ERX6700418"	"ERP132580"	"testis"	"Pachytene_Spermatocytes"	NA	NA	NA	"CL:0000017"	"spermatocyte"	"missing child term"	"SN181"	NA	6
"GAGTCCGTCACGACTA"	""	"ERX6700418"	"ERP132580"	"testis"	"Pachytene_Spermatocytes"	NA	NA	NA	"CL:0000017"	"spermatocyte"	"missing child term"	"SN181"	NA	6
"GATCAGTAGGCACATG"	""	"ERX6700418"	"ERP132580"	"testis"	"Early_Round_spermatids"	NA	NA	NA	"CL:4030036"	"early spermatid"	"perfect match"	"SN181"	NA	2
"GATCAGTAGGTGATAT"	""	"ERX6700418"	"ERP132580"	"testis"	"Zygotene_Spermatocytes"	NA	NA	NA	"CL:0000017"	"spermatocyte"	"missing child term"	"SN181"	NA	11
"GATCAGTCAGATAATG"	""	"ERX6700418"	"ERP132580"	"testis"	"Differentiated_Spermatogonia"	NA	NA	NA	"CL:0000020"	"spermatogonium"	"perfect match"	"SN181"	NA	9
"GATCAGTCATCCGTGG"	""	"ERX6700418"	"ERP132580"	"testis"	"Differentiated_Spermatogonia"	NA	NA	NA	"CL:0000020"	"spermatogonium"	"perfect match"	"SN181"	NA	9
"GATCAGTGTTCATGGT"	""	"ERX6700418"	"ERP132580"	"testis"	"Leptotene_Spermatocytes"	NA	NA	NA	"CL:0000017"	"spermatocyte"	"missing child term"	"SN181"	NA	7
"GATCAGTTCCTCGCAT"	""	"ERX6700418"	"ERP132580"	"testis"	"Differentiated_Spermatogonia"	NA	NA	NA	"CL:0000020"	"spermatogonium"	"perfect match"	"SN181"	NA	9
"GATCGATAGACCCACC"	""	"ERX6700418"	"ERP132580"	"testis"	"Early_Round_spermatids"	NA	NA	NA	"CL:4030036"	"early spermatid"	"perfect match"	"SN181"	NA	2
"GATCGATAGTGTACTC"	""	"ERX6700418"	"ERP132580"	"testis"	"Elongated_spermatids"	NA	NA	NA	"CL:4030037"	"late spermatid"	"perfect match"	"SN181"	NA	4
"GATCGATCACCTGGTG"	""	"ERX6700418"	"ERP132580"	"testis"	"Pachytene_Spermatocytes"	NA	NA	NA	"CL:0000017"	"spermatocyte"	"missing child term"	"SN181"	NA	6
"GATCGATCATAGACTC"	""	"ERX6700418"	"ERP132580"	"testis"	"Late_Round_spermatids"	NA	NA	NA	"CL:4030036"	"early spermatid"	"other"	"SN181"	NA	5
"GATCGATGTGGTCTCG"	""	"ERX6700418"	"ERP132580"	"testis"	"Undifferentiated_Spermatogonia"	NA	NA	NA	"CL:0000016"	"male germ line stem cell"	"other"	"SN181"	NA	1
"GATCGATGTTAAAGAC"	""	"ERX6700418"	"ERP132580"	"testis"	"Late_Round_spermatids"	NA	NA	NA	"CL:4030036"	"early spermatid"	"other"	"SN181"	NA	5
"GATCGATGTTAAGACA"	""	"ERX6700418"	"ERP132580"	"testis"	"Elongated_spermatids"	NA	NA	NA	"CL:4030037"	"late spermatid"	"perfect match"	"SN181"	NA	4
"GATCGATTCAGCAACT"	""	"ERX6700418"	"ERP132580"	"testis"	"Pachytene_Spermatocytes"	NA	NA	NA	"CL:0000017"	"spermatocyte"	"missing child term"	"SN181"	NA	6
"GATCGATTCTTATCTG"	""	"ERX6700418"	"ERP132580"	"testis"	"Sertoli"	NA	NA	NA	"CL:0000216"	"Sertoli cell"	"perfect match"	"SN181"	NA	8
"GATCGCGAGTAGTGCG"	""	"ERX6700418"	"ERP132580"	"testis"	"Differentiated_Spermatogonia"	NA	NA	NA	"CL:0000020"	"spermatogonium"	"perfect match"	"SN181"	NA	9
"GATCGCGCACCGATAT"	""	"ERX6700418"	"ERP132580"	"testis"	"Pachytene_Spermatocytes"	NA	NA	NA	"CL:0000017"	"spermatocyte"	"missing child term"	"SN181"	NA	6
"GATCGCGTCTTTAGTC"	""	"ERX6700418"	"ERP132580"	"testis"	"Leptotene_Spermatocytes"	NA	NA	NA	"CL:0000017"	"spermatocyte"	"missing child term"	"SN181"	NA	7
"GATCGTAAGATGAGAG"	""	"ERX6700418"	"ERP132580"	"testis"	"Elongated_spermatids"	NA	NA	NA	"CL:4030037"	"late spermatid"	"perfect match"	"SN181"	NA	4
"GATCGTAAGCCAACAG"	""	"ERX6700418"	"ERP132580"	"testis"	"Sertoli"	NA	NA	NA	"CL:0000216"	"Sertoli cell"	"perfect match"	"SN181"	NA	8
"GATCGTACATTAGGCT"	""	"ERX6700418"	"ERP132580"	"testis"	"Elongated_spermatids"	NA	NA	NA	"CL:4030037"	"late spermatid"	"perfect match"	"SN181"	NA	4
"GATCGTACATTTGCTT"	""	"ERX6700418"	"ERP132580"	"testis"	"Undifferentiated_Spermatogonia"	NA	NA	NA	"CL:0000016"	"male germ line stem cell"	"other"	"SN181"	NA	1
"GATCGTAGTACCGAGA"	""	"ERX6700418"	"ERP132580"	"testis"	"Differentiated_Spermatogonia"	NA	NA	NA	"CL:0000020"	"spermatogonium"	"perfect match"	"SN181"	NA	9
"GATCGTAGTGAGGGTT"	""	"ERX6700418"	"ERP132580"	"testis"	"Elongated_spermatids"	NA	NA	NA	"CL:4030037"	"late spermatid"	"perfect match"	"SN181"	NA	4
"GATCTAGAGTAATCCC"	""	"ERX6700418"	"ERP132580"	"testis"	"Elongated_spermatids"	NA	NA	NA	"CL:4030037"	"late spermatid"	"perfect match"	"SN181"	NA	4
"GATCTAGAGTCGTACT"	""	"ERX6700418"	"ERP132580"	"testis"	"Sertoli"	NA	NA	NA	"CL:0000216"	"Sertoli cell"	"perfect match"	"SN181"	NA	8
"GATCTAGAGTGTGGCA"	""	"ERX6700418"	"ERP132580"	"testis"	"Late_Round_spermatids"	NA	NA	NA	"CL:4030036"	"early spermatid"	"other"	"SN181"	NA	5
"GATCTAGCACTTCTGC"	""	"ERX6700418"	"ERP132580"	"testis"	"Sertoli"	NA	NA	NA	"CL:0000216"	"Sertoli cell"	"perfect match"	"SN181"	NA	8
"GATCTAGCAGTATAAG"	""	"ERX6700418"	"ERP132580"	"testis"	"Sertoli"	NA	NA	NA	"CL:0000216"	"Sertoli cell"	"perfect match"	"SN181"	NA	8
"GATCTAGCATCACGAT"	""	"ERX6700418"	"ERP132580"	"testis"	"Elongated_spermatids"	NA	NA	NA	"CL:4030037"	"late spermatid"	"perfect match"	"SN181"	NA	4
"GATCTAGGTCGCATCG"	""	"ERX6700418"	"ERP132580"	"testis"	"Sertoli"	NA	NA	NA	"CL:0000216"	"Sertoli cell"	"perfect match"	"SN181"	NA	8
"GATCTAGTCACGCATA"	""	"ERX6700418"	"ERP132580"	"testis"	"Pachytene_Spermatocytes"	NA	NA	NA	"CL:0000017"	"spermatocyte"	"missing child term"	"SN181"	NA	6
"GATCTAGTCAGAGACG"	""	"ERX6700418"	"ERP132580"	"testis"	"Sertoli"	NA	NA	NA	"CL:0000216"	"Sertoli cell"	"perfect match"	"SN181"	NA	8
"GATCTAGTCATAGCAC"	""	"ERX6700418"	"ERP132580"	"testis"	"Late_Round_spermatids"	NA	NA	NA	"CL:4030036"	"early spermatid"	"other"	"SN181"	NA	5
"GATCTAGTCCGTAGGC"	""	"ERX6700418"	"ERP132580"	"testis"	"Leptotene_Spermatocytes"	NA	NA	NA	"CL:0000017"	"spermatocyte"	"missing child term"	"SN181"	NA	7
"GATCTAGTCCTCATTA"	""	"ERX6700418"	"ERP132580"	"testis"	"Sertoli"	NA	NA	NA	"CL:0000216"	"Sertoli cell"	"perfect match"	"SN181"	NA	8
"GATGAAAAGAGGTTAT"	""	"ERX6700418"	"ERP132580"	"testis"	"Other_somatic"	NA	NA	NA	"CL:0002371"	"somatic cell"	"perfect match"	"SN181"	NA	3
"GATGAAAAGATCTGCT"	""	"ERX6700418"	"ERP132580"	"testis"	"Late_Round_spermatids"	NA	NA	NA	"CL:4030036"	"early spermatid"	"other"	"SN181"	NA	5
"GATGAAAAGTGTCTCA"	""	"ERX6700418"	"ERP132580"	"testis"	"Elongated_spermatids"	NA	NA	NA	"CL:4030037"	"late spermatid"	"perfect match"	"SN181"	NA	4
"GATGAAACAAGCCGCT"	""	"ERX6700418"	"ERP132580"	"testis"	"Elongated_spermatids"	NA	NA	NA	"CL:4030037"	"late spermatid"	"perfect match"	"SN181"	NA	4
"GATGAAAGTCGAGTTT"	""	"ERX6700418"	"ERP132580"	"testis"	"Leptotene_Spermatocytes"	NA	NA	NA	"CL:0000017"	"spermatocyte"	"missing child term"	"SN181"	NA	7
"GATGAAAGTGACTCAT"	""	"ERX6700418"	"ERP132580"	"testis"	"Late_Round_spermatids"	NA	NA	NA	"CL:4030036"	"early spermatid"	"other"	"SN181"	NA	5
"GATGAAATCAGTGTTG"	""	"ERX6700418"	"ERP132580"	"testis"	"Pachytene_Spermatocytes"	NA	NA	NA	"CL:0000017"	"spermatocyte"	"missing child term"	"SN181"	NA	6
"GATGAAATCCTTTACA"	""	"ERX6700418"	"ERP132580"	"testis"	"Early_Round_spermatids"	NA	NA	NA	"CL:4030036"	"early spermatid"	"perfect match"	"SN181"	NA	2
"GATGAAATCTAACTCT"	""	"ERX6700418"	"ERP132580"	"testis"	"Elongated_spermatids"	NA	NA	NA	"CL:4030037"	"late spermatid"	"perfect match"	"SN181"	NA	4
"GATGAGGAGACAATAC"	""	"ERX6700418"	"ERP132580"	"testis"	"Pachytene_Spermatocytes"	NA	NA	NA	"CL:0000017"	"spermatocyte"	"missing child term"	"SN181"	NA	6
"GATGAGGAGACAGGCT"	""	"ERX6700418"	"ERP132580"	"testis"	"Sertoli"	NA	NA	NA	"CL:0000216"	"Sertoli cell"	"perfect match"	"SN181"	NA	8
"GATGAGGAGAGTTGGC"	""	"ERX6700418"	"ERP132580"	"testis"	"Pachytene_Spermatocytes"	NA	NA	NA	"CL:0000017"	"spermatocyte"	"missing child term"	"SN181"	NA	6
"GATGAGGCAACACCTA"	""	"ERX6700418"	"ERP132580"	"testis"	"Elongated_spermatids"	NA	NA	NA	"CL:4030037"	"late spermatid"	"perfect match"	"SN181"	NA	4
"GATGAGGCAACTGCGC"	""	"ERX6700418"	"ERP132580"	"testis"	"Pachytene_Spermatocytes"	NA	NA	NA	"CL:0000017"	"spermatocyte"	"missing child term"	"SN181"	NA	6
"GATGAGGCAAGAAGAG"	""	"ERX6700418"	"ERP132580"	"testis"	"Early_Round_spermatids"	NA	NA	NA	"CL:4030036"	"early spermatid"	"perfect match"	"SN181"	NA	2
"GATGAGGCAAGCCGTC"	""	"ERX6700418"	"ERP132580"	"testis"	"Early_Round_spermatids"	NA	NA	NA	"CL:4030036"	"early spermatid"	"perfect match"	"SN181"	NA	2
"GATGAGGCAATGCCAT"	""	"ERX6700418"	"ERP132580"	"testis"	"Elongated_spermatids"	NA	NA	NA	"CL:4030037"	"late spermatid"	"perfect match"	"SN181"	NA	4
"GATGAGGGTTATCACG"	""	"ERX6700418"	"ERP132580"	"testis"	"Elongated_spermatids"	NA	NA	NA	"CL:4030037"	"late spermatid"	"perfect match"	"SN181"	NA	4
"GATGAGGGTTCCCTTG"	""	"ERX6700418"	"ERP132580"	"testis"	"Pachytene_Spermatocytes"	NA	NA	NA	"CL:0000017"	"spermatocyte"	"missing child term"	"SN181"	NA	6
"GATGCTACATTTCAGG"	""	"ERX6700418"	"ERP132580"	"testis"	"Pachytene_Spermatocytes"	NA	NA	NA	"CL:0000017"	"spermatocyte"	"missing child term"	"SN181"	NA	6
"GATGCTAGTGTGACGA"	""	"ERX6700418"	"ERP132580"	"testis"	"Elongated_spermatids"	NA	NA	NA	"CL:4030037"	"late spermatid"	"perfect match"	"SN181"	NA	4
"GATGCTATCACTCCTG"	""	"ERX6700418"	"ERP132580"	"testis"	"Elongated_spermatids"	NA	NA	NA	"CL:4030037"	"late spermatid"	"perfect match"	"SN181"	NA	4
"GATGCTATCCGTAGTA"	""	"ERX6700418"	"ERP132580"	"testis"	"Pachytene_Spermatocytes"	NA	NA	NA	"CL:0000017"	"spermatocyte"	"missing child term"	"SN181"	NA	6
"GATGCTATCCTGCAGG"	""	"ERX6700418"	"ERP132580"	"testis"	"Differentiated_Spermatogonia"	NA	NA	NA	"CL:0000020"	"spermatogonium"	"perfect match"	"SN181"	NA	9
"GATGCTATCTGCGGCA"	""	"ERX6700418"	"ERP132580"	"testis"	"Sertoli"	NA	NA	NA	"CL:0000216"	"Sertoli cell"	"perfect match"	"SN181"	NA	8
"GATTCAGAGGAGTCTG"	""	"ERX6700418"	"ERP132580"	"testis"	"Pachytene_Spermatocytes"	NA	NA	NA	"CL:0000017"	"spermatocyte"	"missing child term"	"SN181"	NA	6
"GATTCAGCAAGTACCT"	""	"ERX6700418"	"ERP132580"	"testis"	"Leptotene_Spermatocytes"	NA	NA	NA	"CL:0000017"	"spermatocyte"	"missing child term"	"SN181"	NA	7
"GATTCAGCATAAAGGT"	""	"ERX6700418"	"ERP132580"	"testis"	"Late_Round_spermatids"	NA	NA	NA	"CL:4030036"	"early spermatid"	"other"	"SN181"	NA	5
"GATTCAGTCACAAACC"	""	"ERX6700418"	"ERP132580"	"testis"	"Other_somatic"	NA	NA	NA	"CL:0002371"	"somatic cell"	"perfect match"	"SN181"	NA	3
"GCAAACTAGGCGCTCT"	""	"ERX6700418"	"ERP132580"	"testis"	"Pachytene_Spermatocytes"	NA	NA	NA	"CL:0000017"	"spermatocyte"	"missing child term"	"SN181"	NA	6
"GCAAACTCATGCAATC"	""	"ERX6700418"	"ERP132580"	"testis"	"Zygotene_Spermatocytes"	NA	NA	NA	"CL:0000017"	"spermatocyte"	"missing child term"	"SN181"	NA	11
"GCAAACTGTAACGTTC"	""	"ERX6700418"	"ERP132580"	"testis"	"Elongated_spermatids"	NA	NA	NA	"CL:4030037"	"late spermatid"	"perfect match"	"SN181"	NA	4
"GCAAACTGTATAATGG"	""	"ERX6700418"	"ERP132580"	"testis"	"Sertoli"	NA	NA	NA	"CL:0000216"	"Sertoli cell"	"perfect match"	"SN181"	NA	8
"GCAAACTGTCGCGGTT"	""	"ERX6700418"	"ERP132580"	"testis"	"Undifferentiated_Spermatogonia"	NA	NA	NA	"CL:0000016"	"male germ line stem cell"	"other"	"SN181"	NA	1
"GCAAACTTCCACGTTC"	""	"ERX6700418"	"ERP132580"	"testis"	"Undifferentiated_Spermatogonia"	NA	NA	NA	"CL:0000016"	"male germ line stem cell"	"other"	"SN181"	NA	1
"GCAAACTTCGAATGGG"	""	"ERX6700418"	"ERP132580"	"testis"	"Pachytene_Spermatocytes"	NA	NA	NA	"CL:0000017"	"spermatocyte"	"missing child term"	"SN181"	NA	6
"GCAATCAAGAGGTTAT"	""	"ERX6700418"	"ERP132580"	"testis"	"Pachytene_Spermatocytes"	NA	NA	NA	"CL:0000017"	"spermatocyte"	"missing child term"	"SN181"	NA	6
"GCAATCAAGATACACA"	""	"ERX6700418"	"ERP132580"	"testis"	"Sertoli"	NA	NA	NA	"CL:0000216"	"Sertoli cell"	"perfect match"	"SN181"	NA	8
"GCAATCAGTCTGCGGT"	""	"ERX6700418"	"ERP132580"	"testis"	"Zygotene_Spermatocytes"	NA	NA	NA	"CL:0000017"	"spermatocyte"	"missing child term"	"SN181"	NA	11
"GCAATCATCAGTTCGA"	""	"ERX6700418"	"ERP132580"	"testis"	"Elongated_spermatids"	NA	NA	NA	"CL:4030037"	"late spermatid"	"perfect match"	"SN181"	NA	4
"GCAATCATCCCAAGTA"	""	"ERX6700418"	"ERP132580"	"testis"	"Late_Round_spermatids"	NA	NA	NA	"CL:4030036"	"early spermatid"	"other"	"SN181"	NA	5
"GCACATACAATCCAAC"	""	"ERX6700418"	"ERP132580"	"testis"	"Late_Round_spermatids"	NA	NA	NA	"CL:4030036"	"early spermatid"	"other"	"SN181"	NA	5
"GCACATACACAACGTT"	""	"ERX6700418"	"ERP132580"	"testis"	"Elongated_spermatids"	NA	NA	NA	"CL:4030037"	"late spermatid"	"perfect match"	"SN181"	NA	4
"GCACATACATCATCCC"	""	"ERX6700418"	"ERP132580"	"testis"	"Early_Round_spermatids"	NA	NA	NA	"CL:4030036"	"early spermatid"	"perfect match"	"SN181"	NA	2
"GCACATAGTGGAAAGA"	""	"ERX6700418"	"ERP132580"	"testis"	"Sertoli"	NA	NA	NA	"CL:0000216"	"Sertoli cell"	"perfect match"	"SN181"	NA	8
"GCACATATCCTTCAAT"	""	"ERX6700418"	"ERP132580"	"testis"	"Late_Round_spermatids"	NA	NA	NA	"CL:4030036"	"early spermatid"	"other"	"SN181"	NA	5
"GCACTCTAGTGGGCTA"	""	"ERX6700418"	"ERP132580"	"testis"	"Leptotene_Spermatocytes"	NA	NA	NA	"CL:0000017"	"spermatocyte"	"missing child term"	"SN181"	NA	7
"GCACTCTCAACGATGG"	""	"ERX6700418"	"ERP132580"	"testis"	"Sertoli"	NA	NA	NA	"CL:0000216"	"Sertoli cell"	"perfect match"	"SN181"	NA	8
"GCACTCTCAACTGCGC"	""	"ERX6700418"	"ERP132580"	"testis"	"Differentiated_Spermatogonia"	NA	NA	NA	"CL:0000020"	"spermatogonium"	"perfect match"	"SN181"	NA	9
"GCACTCTCACTAAGTC"	""	"ERX6700418"	"ERP132580"	"testis"	"Pachytene_Spermatocytes"	NA	NA	NA	"CL:0000017"	"spermatocyte"	"missing child term"	"SN181"	NA	6
"GCACTCTTCCATGCTC"	""	"ERX6700418"	"ERP132580"	"testis"	"Leptotene_Spermatocytes"	NA	NA	NA	"CL:0000017"	"spermatocyte"	"missing child term"	"SN181"	NA	7
"GCACTCTTCTAGCACA"	""	"ERX6700418"	"ERP132580"	"testis"	"Sertoli"	NA	NA	NA	"CL:0000216"	"Sertoli cell"	"perfect match"	"SN181"	NA	8
"GCAGCCAAGATATGGT"	""	"ERX6700418"	"ERP132580"	"testis"	"Pachytene_Spermatocytes"	NA	NA	NA	"CL:0000017"	"spermatocyte"	"missing child term"	"SN181"	NA	6
"GCAGCCAAGATGCCTT"	""	"ERX6700418"	"ERP132580"	"testis"	"Undifferentiated_Spermatogonia"	NA	NA	NA	"CL:0000016"	"male germ line stem cell"	"other"	"SN181"	NA	1
"GCAGCCAAGATGTAAC"	""	"ERX6700418"	"ERP132580"	"testis"	"Undifferentiated_Spermatogonia"	NA	NA	NA	"CL:0000016"	"male germ line stem cell"	"other"	"SN181"	NA	1
"GCAGCCAAGCTACCGC"	""	"ERX6700418"	"ERP132580"	"testis"	"Pachytene_Spermatocytes"	NA	NA	NA	"CL:0000017"	"spermatocyte"	"missing child term"	"SN181"	NA	6
"GCAGCCAAGGAACTGC"	""	"ERX6700418"	"ERP132580"	"testis"	"Early_Round_spermatids"	NA	NA	NA	"CL:4030036"	"early spermatid"	"perfect match"	"SN181"	NA	2
"GCAGCCAAGGACTGGT"	""	"ERX6700418"	"ERP132580"	"testis"	"Pachytene_Spermatocytes"	NA	NA	NA	"CL:0000017"	"spermatocyte"	"missing child term"	"SN181"	NA	6
"GCAGCCACAAGAAAGG"	""	"ERX6700418"	"ERP132580"	"testis"	"Early_Round_spermatids"	NA	NA	NA	"CL:4030036"	"early spermatid"	"perfect match"	"SN181"	NA	2
"GCAGCCACAGACAGGT"	""	"ERX6700418"	"ERP132580"	"testis"	"Other_somatic"	NA	NA	NA	"CL:0002371"	"somatic cell"	"perfect match"	"SN181"	NA	3
"GCAGCCACAGAGCCAA"	""	"ERX6700418"	"ERP132580"	"testis"	"Leptotene_Spermatocytes"	NA	NA	NA	"CL:0000017"	"spermatocyte"	"missing child term"	"SN181"	NA	7
"GCAGCCATCTTAGCCC"	""	"ERX6700418"	"ERP132580"	"testis"	"Sertoli"	NA	NA	NA	"CL:0000216"	"Sertoli cell"	"perfect match"	"SN181"	NA	8
"GCAGTTACAAGCGATG"	""	"ERX6700418"	"ERP132580"	"testis"	"Early_Round_spermatids"	NA	NA	NA	"CL:4030036"	"early spermatid"	"perfect match"	"SN181"	NA	2
"GCAGTTACAATGTTGC"	""	"ERX6700418"	"ERP132580"	"testis"	"Elongated_spermatids"	NA	NA	NA	"CL:4030037"	"late spermatid"	"perfect match"	"SN181"	NA	4
"GCAGTTAGTACACCGC"	""	"ERX6700418"	"ERP132580"	"testis"	"Elongated_spermatids"	NA	NA	NA	"CL:4030037"	"late spermatid"	"perfect match"	"SN181"	NA	4
"GCAGTTAGTGGTTTCA"	""	"ERX6700418"	"ERP132580"	"testis"	"Pachytene_Spermatocytes"	NA	NA	NA	"CL:0000017"	"spermatocyte"	"missing child term"	"SN181"	NA	6
"GCATACAAGGACTGGT"	""	"ERX6700418"	"ERP132580"	"testis"	"Elongated_spermatids"	NA	NA	NA	"CL:4030037"	"late spermatid"	"perfect match"	"SN181"	NA	4
"GCATACAAGTGCCATT"	""	"ERX6700418"	"ERP132580"	"testis"	"Leptotene_Spermatocytes"	NA	NA	NA	"CL:0000017"	"spermatocyte"	"missing child term"	"SN181"	NA	7
"GCATACACACAGACTT"	""	"ERX6700418"	"ERP132580"	"testis"	"Sertoli"	NA	NA	NA	"CL:0000216"	"Sertoli cell"	"perfect match"	"SN181"	NA	8
"GCATACACACGAAATA"	""	"ERX6700418"	"ERP132580"	"testis"	"Leptotene_Spermatocytes"	NA	NA	NA	"CL:0000017"	"spermatocyte"	"missing child term"	"SN181"	NA	7
"GCATACACATTGCGGC"	""	"ERX6700418"	"ERP132580"	"testis"	"Early_Round_spermatids"	NA	NA	NA	"CL:4030036"	"early spermatid"	"perfect match"	"SN181"	NA	2
"GCATACAGTCTGGTCG"	""	"ERX6700418"	"ERP132580"	"testis"	"Late_Round_spermatids"	NA	NA	NA	"CL:4030036"	"early spermatid"	"other"	"SN181"	NA	5
"GCATACAGTGTAACGG"	""	"ERX6700418"	"ERP132580"	"testis"	"Differentiated_Spermatogonia"	NA	NA	NA	"CL:0000020"	"spermatogonium"	"perfect match"	"SN181"	NA	9
"GCATACATCGGCGGTT"	""	"ERX6700418"	"ERP132580"	"testis"	"Pachytene_Spermatocytes"	NA	NA	NA	"CL:0000017"	"spermatocyte"	"missing child term"	"SN181"	NA	6
"GCATACATCGTCTGCT"	""	"ERX6700418"	"ERP132580"	"testis"	"Elongated_spermatids"	NA	NA	NA	"CL:4030037"	"late spermatid"	"perfect match"	"SN181"	NA	4
"GCATGATAGATGCGAC"	""	"ERX6700418"	"ERP132580"	"testis"	"Sertoli"	NA	NA	NA	"CL:0000216"	"Sertoli cell"	"perfect match"	"SN181"	NA	8
"GCATGATGTCGAACAG"	""	"ERX6700418"	"ERP132580"	"testis"	"Undifferentiated_Spermatogonia"	NA	NA	NA	"CL:0000016"	"male germ line stem cell"	"other"	"SN181"	NA	1
"GCATGATGTTCACCTC"	""	"ERX6700418"	"ERP132580"	"testis"	"Zygotene_Spermatocytes"	NA	NA	NA	"CL:0000017"	"spermatocyte"	"missing child term"	"SN181"	NA	11
"GCATGCGAGCGTGTCC"	""	"ERX6700418"	"ERP132580"	"testis"	"Early_Round_spermatids"	NA	NA	NA	"CL:4030036"	"early spermatid"	"perfect match"	"SN181"	NA	2
"GCATGCGAGGAGTAGA"	""	"ERX6700418"	"ERP132580"	"testis"	"Pachytene_Spermatocytes"	NA	NA	NA	"CL:0000017"	"spermatocyte"	"missing child term"	"SN181"	NA	6
"GCATGCGCAGTATCTG"	""	"ERX6700418"	"ERP132580"	"testis"	"Other_somatic"	NA	NA	NA	"CL:0002371"	"somatic cell"	"perfect match"	"SN181"	NA	3
"GCATGCGGTGTATGGG"	""	"ERX6700418"	"ERP132580"	"testis"	"Leptotene_Spermatocytes"	NA	NA	NA	"CL:0000017"	"spermatocyte"	"missing child term"	"SN181"	NA	7
"GCATGCGTCAATCTCT"	""	"ERX6700418"	"ERP132580"	"testis"	"Elongated_spermatids"	NA	NA	NA	"CL:4030037"	"late spermatid"	"perfect match"	"SN181"	NA	4
"GCATGTAAGGTCATCT"	""	"ERX6700418"	"ERP132580"	"testis"	"Undifferentiated_Spermatogonia"	NA	NA	NA	"CL:0000016"	"male germ line stem cell"	"other"	"SN181"	NA	1
"GCATGTACAATGGTCT"	""	"ERX6700418"	"ERP132580"	"testis"	"Sertoli"	NA	NA	NA	"CL:0000216"	"Sertoli cell"	"perfect match"	"SN181"	NA	8
"GCATGTACACTTGGAT"	""	"ERX6700418"	"ERP132580"	"testis"	"Late_Round_spermatids"	NA	NA	NA	"CL:4030036"	"early spermatid"	"other"	"SN181"	NA	5
"GCATGTACAGCCTATA"	""	"ERX6700418"	"ERP132580"	"testis"	"Early_Round_spermatids"	NA	NA	NA	"CL:4030036"	"early spermatid"	"perfect match"	"SN181"	NA	2
"GCATGTACAGTATCTG"	""	"ERX6700418"	"ERP132580"	"testis"	"Leptotene_Spermatocytes"	NA	NA	NA	"CL:0000017"	"spermatocyte"	"missing child term"	"SN181"	NA	7
"GCATGTAGTCTCTTAT"	""	"ERX6700418"	"ERP132580"	"testis"	"Differentiated_Spermatogonia"	NA	NA	NA	"CL:0000020"	"spermatogonium"	"perfect match"	"SN181"	NA	9
"GCATGTAGTGGCTCCA"	""	"ERX6700418"	"ERP132580"	"testis"	"Zygotene_Spermatocytes"	NA	NA	NA	"CL:0000017"	"spermatocyte"	"missing child term"	"SN181"	NA	11
"GCATGTATCTAAGCCA"	""	"ERX6700418"	"ERP132580"	"testis"	"Sertoli"	NA	NA	NA	"CL:0000216"	"Sertoli cell"	"perfect match"	"SN181"	NA	8
"GCCAAATAGTACGTAA"	""	"ERX6700418"	"ERP132580"	"testis"	"Sertoli"	NA	NA	NA	"CL:0000216"	"Sertoli cell"	"perfect match"	"SN181"	NA	8
"GCCAAATGTAGGGACT"	""	"ERX6700418"	"ERP132580"	"testis"	"Pachytene_Spermatocytes"	NA	NA	NA	"CL:0000017"	"spermatocyte"	"missing child term"	"SN181"	NA	6
"GCCAAATGTTAGTGGG"	""	"ERX6700418"	"ERP132580"	"testis"	"Pachytene_Spermatocytes"	NA	NA	NA	"CL:0000017"	"spermatocyte"	"missing child term"	"SN181"	NA	6
"GCCAAATGTTCCAACA"	""	"ERX6700418"	"ERP132580"	"testis"	"Pachytene_Spermatocytes"	NA	NA	NA	"CL:0000017"	"spermatocyte"	"missing child term"	"SN181"	NA	6
"GCCAAATTCACAGTAC"	""	"ERX6700418"	"ERP132580"	"testis"	"Leptotene_Spermatocytes"	NA	NA	NA	"CL:0000017"	"spermatocyte"	"missing child term"	"SN181"	NA	7
"GCCAAATTCATAGCAC"	""	"ERX6700418"	"ERP132580"	"testis"	"Sertoli"	NA	NA	NA	"CL:0000216"	"Sertoli cell"	"perfect match"	"SN181"	NA	8
"GCCAAATTCCGAATGT"	""	"ERX6700418"	"ERP132580"	"testis"	"Pachytene_Spermatocytes"	NA	NA	NA	"CL:0000017"	"spermatocyte"	"missing child term"	"SN181"	NA	6
"GCCAAATTCTCCAACC"	""	"ERX6700418"	"ERP132580"	"testis"	"Sertoli"	NA	NA	NA	"CL:0000216"	"Sertoli cell"	"perfect match"	"SN181"	NA	8
"GCCTCTAAGTGGGTTG"	""	"ERX6700418"	"ERP132580"	"testis"	"Other_somatic"	NA	NA	NA	"CL:0002371"	"somatic cell"	"perfect match"	"SN181"	NA	3
"GCCTCTACAACACCTA"	""	"ERX6700418"	"ERP132580"	"testis"	"Sertoli"	NA	NA	NA	"CL:0000216"	"Sertoli cell"	"perfect match"	"SN181"	NA	8
"GCCTCTACAGCTCGAC"	""	"ERX6700418"	"ERP132580"	"testis"	"Pachytene_Spermatocytes"	NA	NA	NA	"CL:0000017"	"spermatocyte"	"missing child term"	"SN181"	NA	6
"GCCTCTAGTCTCTCGT"	""	"ERX6700418"	"ERP132580"	"testis"	"Other_somatic"	NA	NA	NA	"CL:0002371"	"somatic cell"	"perfect match"	"SN181"	NA	3
"GCCTCTAGTCTGATTG"	""	"ERX6700418"	"ERP132580"	"testis"	"Early_Round_spermatids"	NA	NA	NA	"CL:4030036"	"early spermatid"	"perfect match"	"SN181"	NA	2
"GCCTCTATCCTAGAAC"	""	"ERX6700418"	"ERP132580"	"testis"	"Other_somatic"	NA	NA	NA	"CL:0002371"	"somatic cell"	"perfect match"	"SN181"	NA	3
"GCGACCAAGAATAGGG"	""	"ERX6700418"	"ERP132580"	"testis"	"Pachytene_Spermatocytes"	NA	NA	NA	"CL:0000017"	"spermatocyte"	"missing child term"	"SN181"	NA	6
"GCGACCAAGATGTAAC"	""	"ERX6700418"	"ERP132580"	"testis"	"Undifferentiated_Spermatogonia"	NA	NA	NA	"CL:0000016"	"male germ line stem cell"	"other"	"SN181"	NA	1
"GCGACCACAAGTCTAC"	""	"ERX6700418"	"ERP132580"	"testis"	"Zygotene_Spermatocytes"	NA	NA	NA	"CL:0000017"	"spermatocyte"	"missing child term"	"SN181"	NA	11
"GCGACCACATGGTCAT"	""	"ERX6700418"	"ERP132580"	"testis"	"Pachytene_Spermatocytes"	NA	NA	NA	"CL:0000017"	"spermatocyte"	"missing child term"	"SN181"	NA	6
"GCGACCAGTAGCGATG"	""	"ERX6700418"	"ERP132580"	"testis"	"Late_Round_spermatids"	NA	NA	NA	"CL:4030036"	"early spermatid"	"other"	"SN181"	NA	5
"GCGACCATCTTGAGAC"	""	"ERX6700418"	"ERP132580"	"testis"	"Late_Round_spermatids"	NA	NA	NA	"CL:4030036"	"early spermatid"	"other"	"SN181"	NA	5
"GCGACCATCTTGTTTG"	""	"ERX6700418"	"ERP132580"	"testis"	"Undifferentiated_Spermatogonia"	NA	NA	NA	"CL:0000016"	"male germ line stem cell"	"other"	"SN181"	NA	1
"GCGAGAAAGTAGATGT"	""	"ERX6700418"	"ERP132580"	"testis"	"Pachytene_Spermatocytes"	NA	NA	NA	"CL:0000017"	"spermatocyte"	"missing child term"	"SN181"	NA	6
"GCGAGAACAATCCGAT"	""	"ERX6700418"	"ERP132580"	"testis"	"Pachytene_Spermatocytes"	NA	NA	NA	"CL:0000017"	"spermatocyte"	"missing child term"	"SN181"	NA	6
"GCGAGAACATTACGAC"	""	"ERX6700418"	"ERP132580"	"testis"	"Elongated_spermatids"	NA	NA	NA	"CL:4030037"	"late spermatid"	"perfect match"	"SN181"	NA	4
"GCGAGAAGTCCTCCAT"	""	"ERX6700418"	"ERP132580"	"testis"	"Other_somatic"	NA	NA	NA	"CL:0002371"	"somatic cell"	"perfect match"	"SN181"	NA	3
"GCGAGAATCTACCTGC"	""	"ERX6700418"	"ERP132580"	"testis"	"Leptotene_Spermatocytes"	NA	NA	NA	"CL:0000017"	"spermatocyte"	"missing child term"	"SN181"	NA	7
"GCGCAACAGGAATGGA"	""	"ERX6700418"	"ERP132580"	"testis"	"Late_Round_spermatids"	NA	NA	NA	"CL:4030036"	"early spermatid"	"other"	"SN181"	NA	5
"GCGCAACAGGACTGGT"	""	"ERX6700418"	"ERP132580"	"testis"	"Elongated_spermatids"	NA	NA	NA	"CL:4030037"	"late spermatid"	"perfect match"	"SN181"	NA	4
"GCGCAACAGTCAAGGC"	""	"ERX6700418"	"ERP132580"	"testis"	"Early_Round_spermatids"	NA	NA	NA	"CL:4030036"	"early spermatid"	"perfect match"	"SN181"	NA	2
"GCGCAACCACGCCAGT"	""	"ERX6700418"	"ERP132580"	"testis"	"Undifferentiated_Spermatogonia"	NA	NA	NA	"CL:0000016"	"male germ line stem cell"	"other"	"SN181"	NA	1
"GCGCAACCACGCTTTC"	""	"ERX6700418"	"ERP132580"	"testis"	"Late_Round_spermatids"	NA	NA	NA	"CL:4030036"	"early spermatid"	"other"	"SN181"	NA	5
"GCGCAACCATACCATG"	""	"ERX6700418"	"ERP132580"	"testis"	"Differentiated_Spermatogonia"	NA	NA	NA	"CL:0000020"	"spermatogonium"	"perfect match"	"SN181"	NA	9
"GCGCAACTCGCGTTTC"	""	"ERX6700418"	"ERP132580"	"testis"	"Late_Round_spermatids"	NA	NA	NA	"CL:4030036"	"early spermatid"	"other"	"SN181"	NA	5
"GCGCAGTAGTCATGCT"	""	"ERX6700418"	"ERP132580"	"testis"	"Late_Round_spermatids"	NA	NA	NA	"CL:4030036"	"early spermatid"	"other"	"SN181"	NA	5
"GCGCAGTCAAGGCTCC"	""	"ERX6700418"	"ERP132580"	"testis"	"Pachytene_Spermatocytes"	NA	NA	NA	"CL:0000017"	"spermatocyte"	"missing child term"	"SN181"	NA	6
"GCGCAGTCAGCCTTTC"	""	"ERX6700418"	"ERP132580"	"testis"	"Other_somatic"	NA	NA	NA	"CL:0002371"	"somatic cell"	"perfect match"	"SN181"	NA	3
"GCGCAGTCATGGGAAC"	""	"ERX6700418"	"ERP132580"	"testis"	"Sertoli"	NA	NA	NA	"CL:0000216"	"Sertoli cell"	"perfect match"	"SN181"	NA	8
"GCGCAGTTCCGGGTGT"	""	"ERX6700418"	"ERP132580"	"testis"	"Zygotene_Spermatocytes"	NA	NA	NA	"CL:0000017"	"spermatocyte"	"missing child term"	"SN181"	NA	11
"GCGCAGTTCTATCCCG"	""	"ERX6700418"	"ERP132580"	"testis"	"Elongated_spermatids"	NA	NA	NA	"CL:4030037"	"late spermatid"	"perfect match"	"SN181"	NA	4
"GCGCAGTTCTCATTCA"	""	"ERX6700418"	"ERP132580"	"testis"	"Other_somatic"	NA	NA	NA	"CL:0002371"	"somatic cell"	"perfect match"	"SN181"	NA	3
"GCGCCAAAGGCCCTTG"	""	"ERX6700418"	"ERP132580"	"testis"	"Late_Round_spermatids"	NA	NA	NA	"CL:4030036"	"early spermatid"	"other"	"SN181"	NA	5
"GCGCCAACATCTCGCT"	""	"ERX6700418"	"ERP132580"	"testis"	"Elongated_spermatids"	NA	NA	NA	"CL:4030037"	"late spermatid"	"perfect match"	"SN181"	NA	4
"GCGCCAAGTACCCAAT"	""	"ERX6700418"	"ERP132580"	"testis"	"Late_Round_spermatids"	NA	NA	NA	"CL:4030036"	"early spermatid"	"other"	"SN181"	NA	5
"GCGCCAAGTATTCGTG"	""	"ERX6700418"	"ERP132580"	"testis"	"Differentiated_Spermatogonia"	NA	NA	NA	"CL:0000020"	"spermatogonium"	"perfect match"	"SN181"	NA	9
"GCGCCAAGTGGAAAGA"	""	"ERX6700418"	"ERP132580"	"testis"	"Sertoli"	NA	NA	NA	"CL:0000216"	"Sertoli cell"	"perfect match"	"SN181"	NA	8
"GCGCCAATCAACACTG"	""	"ERX6700418"	"ERP132580"	"testis"	"Sertoli"	NA	NA	NA	"CL:0000216"	"Sertoli cell"	"perfect match"	"SN181"	NA	8
"GCGCCAATCAACCAAC"	""	"ERX6700418"	"ERP132580"	"testis"	"Other_somatic"	NA	NA	NA	"CL:0002371"	"somatic cell"	"perfect match"	"SN181"	NA	3
"GCGCCAATCAGCGATT"	""	"ERX6700418"	"ERP132580"	"testis"	"Pachytene_Spermatocytes"	NA	NA	NA	"CL:0000017"	"spermatocyte"	"missing child term"	"SN181"	NA	6
"GCGCCAATCTACCTGC"	""	"ERX6700418"	"ERP132580"	"testis"	"Pachytene_Spermatocytes"	NA	NA	NA	"CL:0000017"	"spermatocyte"	"missing child term"	"SN181"	NA	6
"GCGCCAATCTTGTATC"	""	"ERX6700418"	"ERP132580"	"testis"	"Other_somatic"	NA	NA	NA	"CL:0002371"	"somatic cell"	"perfect match"	"SN181"	NA	3
"GCGCGATAGAGACTAT"	""	"ERX6700418"	"ERP132580"	"testis"	"Sertoli"	NA	NA	NA	"CL:0000216"	"Sertoli cell"	"perfect match"	"SN181"	NA	8
"GCGCGATAGCTAGCCC"	""	"ERX6700418"	"ERP132580"	"testis"	"Pachytene_Spermatocytes"	NA	NA	NA	"CL:0000017"	"spermatocyte"	"missing child term"	"SN181"	NA	6
"GCGCGATAGCTCCTTC"	""	"ERX6700418"	"ERP132580"	"testis"	"Early_Round_spermatids"	NA	NA	NA	"CL:4030036"	"early spermatid"	"perfect match"	"SN181"	NA	2
"GCGCGATAGGTGACCA"	""	"ERX6700418"	"ERP132580"	"testis"	"Other_somatic"	NA	NA	NA	"CL:0002371"	"somatic cell"	"perfect match"	"SN181"	NA	3
"GCGCGATAGTTCCACA"	""	"ERX6700418"	"ERP132580"	"testis"	"Zygotene_Spermatocytes"	NA	NA	NA	"CL:0000017"	"spermatocyte"	"missing child term"	"SN181"	NA	11
"GCGCGATCAATGTAAG"	""	"ERX6700418"	"ERP132580"	"testis"	"Sertoli"	NA	NA	NA	"CL:0000216"	"Sertoli cell"	"perfect match"	"SN181"	NA	8
"GCGCGATCACCGAAAG"	""	"ERX6700418"	"ERP132580"	"testis"	"Elongated_spermatids"	NA	NA	NA	"CL:4030037"	"late spermatid"	"perfect match"	"SN181"	NA	4
"GCGCGATCACCGCTAG"	""	"ERX6700418"	"ERP132580"	"testis"	"Elongated_spermatids"	NA	NA	NA	"CL:4030037"	"late spermatid"	"perfect match"	"SN181"	NA	4
"GCGCGATCACGCATCG"	""	"ERX6700418"	"ERP132580"	"testis"	"Zygotene_Spermatocytes"	NA	NA	NA	"CL:0000017"	"spermatocyte"	"missing child term"	"SN181"	NA	11
"GCGCGATCAGCTATTG"	""	"ERX6700418"	"ERP132580"	"testis"	"Zygotene_Spermatocytes"	NA	NA	NA	"CL:0000017"	"spermatocyte"	"missing child term"	"SN181"	NA	11
"GCGCGATCATGTCGAT"	""	"ERX6700418"	"ERP132580"	"testis"	"Elongated_spermatids"	NA	NA	NA	"CL:4030037"	"late spermatid"	"perfect match"	"SN181"	NA	4
"GCGCGATGTCGAATCT"	""	"ERX6700418"	"ERP132580"	"testis"	"Differentiated_Spermatogonia"	NA	NA	NA	"CL:0000020"	"spermatogonium"	"perfect match"	"SN181"	NA	9
"GCGCGATTCGAACGGA"	""	"ERX6700418"	"ERP132580"	"testis"	"Undifferentiated_Spermatogonia"	NA	NA	NA	"CL:0000016"	"male germ line stem cell"	"other"	"SN181"	NA	1
"GCGCGATTCGAGGTAG"	""	"ERX6700418"	"ERP132580"	"testis"	"Pachytene_Spermatocytes"	NA	NA	NA	"CL:0000017"	"spermatocyte"	"missing child term"	"SN181"	NA	6
"GCGCGATTCGGTCTAA"	""	"ERX6700418"	"ERP132580"	"testis"	"Pachytene_Spermatocytes"	NA	NA	NA	"CL:0000017"	"spermatocyte"	"missing child term"	"SN181"	NA	6
"GCGGGTTAGGTGATTA"	""	"ERX6700418"	"ERP132580"	"testis"	"Zygotene_Spermatocytes"	NA	NA	NA	"CL:0000017"	"spermatocyte"	"missing child term"	"SN181"	NA	11
"GCGGGTTAGTTCCACA"	""	"ERX6700418"	"ERP132580"	"testis"	"Undifferentiated_Spermatogonia"	NA	NA	NA	"CL:0000016"	"male germ line stem cell"	"other"	"SN181"	NA	1
"GCGGGTTCATCGGAAG"	""	"ERX6700418"	"ERP132580"	"testis"	"Zygotene_Spermatocytes"	NA	NA	NA	"CL:0000017"	"spermatocyte"	"missing child term"	"SN181"	NA	11
"GCGGGTTTCGCCAGCA"	""	"ERX6700418"	"ERP132580"	"testis"	"Pachytene_Spermatocytes"	NA	NA	NA	"CL:0000017"	"spermatocyte"	"missing child term"	"SN181"	NA	6
"GCGGGTTTCGGTCTAA"	""	"ERX6700418"	"ERP132580"	"testis"	"Pachytene_Spermatocytes"	NA	NA	NA	"CL:0000017"	"spermatocyte"	"missing child term"	"SN181"	NA	6
"GCTCCTACAATAAGCA"	""	"ERX6700418"	"ERP132580"	"testis"	"Sertoli"	NA	NA	NA	"CL:0000216"	"Sertoli cell"	"perfect match"	"SN181"	NA	8
"GCTCCTACAATGGACG"	""	"ERX6700418"	"ERP132580"	"testis"	"Leptotene_Spermatocytes"	NA	NA	NA	"CL:0000017"	"spermatocyte"	"missing child term"	"SN181"	NA	7
"GCTCCTACACGCTTTC"	""	"ERX6700418"	"ERP132580"	"testis"	"Leptotene_Spermatocytes"	NA	NA	NA	"CL:0000017"	"spermatocyte"	"missing child term"	"SN181"	NA	7
"GCTCCTACATCTCGCT"	""	"ERX6700418"	"ERP132580"	"testis"	"Early_Round_spermatids"	NA	NA	NA	"CL:4030036"	"early spermatid"	"perfect match"	"SN181"	NA	2
"GCTCCTAGTCATATCG"	""	"ERX6700418"	"ERP132580"	"testis"	"Late_Round_spermatids"	NA	NA	NA	"CL:4030036"	"early spermatid"	"other"	"SN181"	NA	5
"GCTCCTAGTGGCCCTA"	""	"ERX6700418"	"ERP132580"	"testis"	"Differentiated_Spermatogonia"	NA	NA	NA	"CL:0000020"	"spermatogonium"	"perfect match"	"SN181"	NA	9
"GCTCCTAGTTATCACG"	""	"ERX6700418"	"ERP132580"	"testis"	"Early_Round_spermatids"	NA	NA	NA	"CL:4030036"	"early spermatid"	"perfect match"	"SN181"	NA	2
"GCTCCTATCTTGAGGT"	""	"ERX6700418"	"ERP132580"	"testis"	"Pachytene_Spermatocytes"	NA	NA	NA	"CL:0000017"	"spermatocyte"	"missing child term"	"SN181"	NA	6
"GCTCTGTAGGAGTCTG"	""	"ERX6700418"	"ERP132580"	"testis"	"Pachytene_Spermatocytes"	NA	NA	NA	"CL:0000017"	"spermatocyte"	"missing child term"	"SN181"	NA	6
"GCTCTGTAGGATCGCA"	""	"ERX6700418"	"ERP132580"	"testis"	"Sertoli"	NA	NA	NA	"CL:0000216"	"Sertoli cell"	"perfect match"	"SN181"	NA	8
"GCTCTGTCACACATGT"	""	"ERX6700418"	"ERP132580"	"testis"	"Pachytene_Spermatocytes"	NA	NA	NA	"CL:0000017"	"spermatocyte"	"missing child term"	"SN181"	NA	6
"GCTCTGTGTAGCCTCG"	""	"ERX6700418"	"ERP132580"	"testis"	"Pachytene_Spermatocytes"	NA	NA	NA	"CL:0000017"	"spermatocyte"	"missing child term"	"SN181"	NA	6
"GCTCTGTGTAGCTGCC"	""	"ERX6700418"	"ERP132580"	"testis"	"Pachytene_Spermatocytes"	NA	NA	NA	"CL:0000017"	"spermatocyte"	"missing child term"	"SN181"	NA	6
"GCTCTGTGTAGGGTAC"	""	"ERX6700418"	"ERP132580"	"testis"	"Sertoli"	NA	NA	NA	"CL:0000216"	"Sertoli cell"	"perfect match"	"SN181"	NA	8
"GCTCTGTTCTTTAGGG"	""	"ERX6700418"	"ERP132580"	"testis"	"Undifferentiated_Spermatogonia"	NA	NA	NA	"CL:0000016"	"male germ line stem cell"	"other"	"SN181"	NA	1
"GCTGCAGCACGTCAGC"	""	"ERX6700418"	"ERP132580"	"testis"	"Zygotene_Spermatocytes"	NA	NA	NA	"CL:0000017"	"spermatocyte"	"missing child term"	"SN181"	NA	11
"GCTGCAGCATGTCTCC"	""	"ERX6700418"	"ERP132580"	"testis"	"Early_Round_spermatids"	NA	NA	NA	"CL:4030036"	"early spermatid"	"perfect match"	"SN181"	NA	2
"GCTGCAGGTAGCGTGA"	""	"ERX6700418"	"ERP132580"	"testis"	"Differentiated_Spermatogonia"	NA	NA	NA	"CL:0000020"	"spermatogonium"	"perfect match"	"SN181"	NA	9
"GCTGCAGGTCCATGAT"	""	"ERX6700418"	"ERP132580"	"testis"	"Leptotene_Spermatocytes"	NA	NA	NA	"CL:0000017"	"spermatocyte"	"missing child term"	"SN181"	NA	7
"GCTGCAGTCACCTTAT"	""	"ERX6700418"	"ERP132580"	"testis"	"Sertoli"	NA	NA	NA	"CL:0000216"	"Sertoli cell"	"perfect match"	"SN181"	NA	8
"GCTGCGACAAGACACG"	""	"ERX6700418"	"ERP132580"	"testis"	"Zygotene_Spermatocytes"	NA	NA	NA	"CL:0000017"	"spermatocyte"	"missing child term"	"SN181"	NA	11
"GCTGCGACATATGAGA"	""	"ERX6700418"	"ERP132580"	"testis"	"Differentiated_Spermatogonia"	NA	NA	NA	"CL:0000020"	"spermatogonium"	"perfect match"	"SN181"	NA	9
"GCTGCGAGTGTGCGTC"	""	"ERX6700418"	"ERP132580"	"testis"	"Early_Round_spermatids"	NA	NA	NA	"CL:4030036"	"early spermatid"	"perfect match"	"SN181"	NA	2
"GCTGCGATCAGAGCTT"	""	"ERX6700418"	"ERP132580"	"testis"	"Pachytene_Spermatocytes"	NA	NA	NA	"CL:0000017"	"spermatocyte"	"missing child term"	"SN181"	NA	6
"GCTGCGATCATGTCTT"	""	"ERX6700418"	"ERP132580"	"testis"	"Differentiated_Spermatogonia"	NA	NA	NA	"CL:0000020"	"spermatogonium"	"perfect match"	"SN181"	NA	9
"GCTGCGATCCTATTCA"	""	"ERX6700418"	"ERP132580"	"testis"	"Sertoli"	NA	NA	NA	"CL:0000216"	"Sertoli cell"	"perfect match"	"SN181"	NA	8
"GCTGCGATCGAGGTAG"	""	"ERX6700418"	"ERP132580"	"testis"	"Late_Round_spermatids"	NA	NA	NA	"CL:4030036"	"early spermatid"	"other"	"SN181"	NA	5
"GCTGCGATCTATCGCC"	""	"ERX6700418"	"ERP132580"	"testis"	"Sertoli"	NA	NA	NA	"CL:0000216"	"Sertoli cell"	"perfect match"	"SN181"	NA	8
"GCTGCGATCTGTCTAT"	""	"ERX6700418"	"ERP132580"	"testis"	"Late_Round_spermatids"	NA	NA	NA	"CL:4030036"	"early spermatid"	"other"	"SN181"	NA	5
"GCTGCTTAGTGGAGAA"	""	"ERX6700418"	"ERP132580"	"testis"	"Zygotene_Spermatocytes"	NA	NA	NA	"CL:0000017"	"spermatocyte"	"missing child term"	"SN181"	NA	11
"GCTGGGTAGGGATCTG"	""	"ERX6700418"	"ERP132580"	"testis"	"Elongated_spermatids"	NA	NA	NA	"CL:4030037"	"late spermatid"	"perfect match"	"SN181"	NA	4
"GCTGGGTCAACTGGCC"	""	"ERX6700418"	"ERP132580"	"testis"	"Elongated_spermatids"	NA	NA	NA	"CL:4030037"	"late spermatid"	"perfect match"	"SN181"	NA	4
"GCTGGGTCAATGAATG"	""	"ERX6700418"	"ERP132580"	"testis"	"Early_Round_spermatids"	NA	NA	NA	"CL:4030036"	"early spermatid"	"perfect match"	"SN181"	NA	2
"GCTGGGTCACATTAGC"	""	"ERX6700418"	"ERP132580"	"testis"	"Zygotene_Spermatocytes"	NA	NA	NA	"CL:0000017"	"spermatocyte"	"missing child term"	"SN181"	NA	11
"GCTGGGTCAGGCTCAC"	""	"ERX6700418"	"ERP132580"	"testis"	"Undifferentiated_Spermatogonia"	NA	NA	NA	"CL:0000016"	"male germ line stem cell"	"other"	"SN181"	NA	1
"GCTGGGTGTCTTGATG"	""	"ERX6700418"	"ERP132580"	"testis"	"Undifferentiated_Spermatogonia"	NA	NA	NA	"CL:0000016"	"male germ line stem cell"	"other"	"SN181"	NA	1
"GCTGGGTTCACGCGGT"	""	"ERX6700418"	"ERP132580"	"testis"	"Differentiated_Spermatogonia"	NA	NA	NA	"CL:0000020"	"spermatogonium"	"perfect match"	"SN181"	NA	9
"GCTGGGTTCATGCTCC"	""	"ERX6700418"	"ERP132580"	"testis"	"Pachytene_Spermatocytes"	NA	NA	NA	"CL:0000017"	"spermatocyte"	"missing child term"	"SN181"	NA	6
"GCTTCCACAATCACAC"	""	"ERX6700418"	"ERP132580"	"testis"	"Zygotene_Spermatocytes"	NA	NA	NA	"CL:0000017"	"spermatocyte"	"missing child term"	"SN181"	NA	11
"GCTTCCAGTCGCATAT"	""	"ERX6700418"	"ERP132580"	"testis"	"Pachytene_Spermatocytes"	NA	NA	NA	"CL:0000017"	"spermatocyte"	"missing child term"	"SN181"	NA	6
"GCTTCCAGTGACAAAT"	""	"ERX6700418"	"ERP132580"	"testis"	"Zygotene_Spermatocytes"	NA	NA	NA	"CL:0000017"	"spermatocyte"	"missing child term"	"SN181"	NA	11
"GCTTCCATCCCAGGTG"	""	"ERX6700418"	"ERP132580"	"testis"	"Differentiated_Spermatogonia"	NA	NA	NA	"CL:0000020"	"spermatogonium"	"perfect match"	"SN181"	NA	9
"GCTTCCATCGCCAGCA"	""	"ERX6700418"	"ERP132580"	"testis"	"Elongated_spermatids"	NA	NA	NA	"CL:4030037"	"late spermatid"	"perfect match"	"SN181"	NA	4
"GCTTCCATCTCATTCA"	""	"ERX6700418"	"ERP132580"	"testis"	"Zygotene_Spermatocytes"	NA	NA	NA	"CL:0000017"	"spermatocyte"	"missing child term"	"SN181"	NA	11
"GCTTGAAAGTGAAGAG"	""	"ERX6700418"	"ERP132580"	"testis"	"Leptotene_Spermatocytes"	NA	NA	NA	"CL:0000017"	"spermatocyte"	"missing child term"	"SN181"	NA	7
"GCTTGAACAAAGGCGT"	""	"ERX6700418"	"ERP132580"	"testis"	"Pachytene_Spermatocytes"	NA	NA	NA	"CL:0000017"	"spermatocyte"	"missing child term"	"SN181"	NA	6
"GCTTGAACATAACCTG"	""	"ERX6700418"	"ERP132580"	"testis"	"Zygotene_Spermatocytes"	NA	NA	NA	"CL:0000017"	"spermatocyte"	"missing child term"	"SN181"	NA	11
"GCTTGAACATGCCCGA"	""	"ERX6700418"	"ERP132580"	"testis"	"Pachytene_Spermatocytes"	NA	NA	NA	"CL:0000017"	"spermatocyte"	"missing child term"	"SN181"	NA	6
"GCTTGAAGTACATGTC"	""	"ERX6700418"	"ERP132580"	"testis"	"Early_Round_spermatids"	NA	NA	NA	"CL:4030036"	"early spermatid"	"perfect match"	"SN181"	NA	2
"GCTTGAAGTAGCAAAT"	""	"ERX6700418"	"ERP132580"	"testis"	"Late_Round_spermatids"	NA	NA	NA	"CL:4030036"	"early spermatid"	"other"	"SN181"	NA	5
"GCTTGAATCACCTTAT"	""	"ERX6700418"	"ERP132580"	"testis"	"Pachytene_Spermatocytes"	NA	NA	NA	"CL:0000017"	"spermatocyte"	"missing child term"	"SN181"	NA	6
"GCTTGAATCAGCACAT"	""	"ERX6700418"	"ERP132580"	"testis"	"Sertoli"	NA	NA	NA	"CL:0000216"	"Sertoli cell"	"perfect match"	"SN181"	NA	8
"GCTTGAATCGCGTAGC"	""	"ERX6700418"	"ERP132580"	"testis"	"Differentiated_Spermatogonia"	NA	NA	NA	"CL:0000020"	"spermatogonium"	"perfect match"	"SN181"	NA	9
"GCTTGAATCTGCTTGC"	""	"ERX6700418"	"ERP132580"	"testis"	"Zygotene_Spermatocytes"	NA	NA	NA	"CL:0000017"	"spermatocyte"	"missing child term"	"SN181"	NA	11
"GGAAAGCAGACAAGCC"	""	"ERX6700418"	"ERP132580"	"testis"	"Early_Round_spermatids"	NA	NA	NA	"CL:4030036"	"early spermatid"	"perfect match"	"SN181"	NA	2
"GGAAAGCAGCGATTCT"	""	"ERX6700418"	"ERP132580"	"testis"	"Other_somatic"	NA	NA	NA	"CL:0002371"	"somatic cell"	"perfect match"	"SN181"	NA	3
"GGAAAGCAGCGTCTAT"	""	"ERX6700418"	"ERP132580"	"testis"	"Sertoli"	NA	NA	NA	"CL:0000216"	"Sertoli cell"	"perfect match"	"SN181"	NA	8
"GGAAAGCCACATTCGA"	""	"ERX6700418"	"ERP132580"	"testis"	"Undifferentiated_Spermatogonia"	NA	NA	NA	"CL:0000016"	"male germ line stem cell"	"other"	"SN181"	NA	1
"GGAAAGCCAGTGACAG"	""	"ERX6700418"	"ERP132580"	"testis"	"Pachytene_Spermatocytes"	NA	NA	NA	"CL:0000017"	"spermatocyte"	"missing child term"	"SN181"	NA	6
"GGAAAGCGTCCATGAT"	""	"ERX6700418"	"ERP132580"	"testis"	"Other_somatic"	NA	NA	NA	"CL:0002371"	"somatic cell"	"perfect match"	"SN181"	NA	3
"GGAAAGCTCAAACCAC"	""	"ERX6700418"	"ERP132580"	"testis"	"Pachytene_Spermatocytes"	NA	NA	NA	"CL:0000017"	"spermatocyte"	"missing child term"	"SN181"	NA	6
"GGAACTTGTCGATTGT"	""	"ERX6700418"	"ERP132580"	"testis"	"Sertoli"	NA	NA	NA	"CL:0000216"	"Sertoli cell"	"perfect match"	"SN181"	NA	8
"GGAACTTGTCTAAACC"	""	"ERX6700418"	"ERP132580"	"testis"	"Differentiated_Spermatogonia"	NA	NA	NA	"CL:0000020"	"spermatogonium"	"perfect match"	"SN181"	NA	9
"GGAACTTTCACCACCT"	""	"ERX6700418"	"ERP132580"	"testis"	"Other_somatic"	NA	NA	NA	"CL:0002371"	"somatic cell"	"perfect match"	"SN181"	NA	3
"GGAATAAAGCTAAGAT"	""	"ERX6700418"	"ERP132580"	"testis"	"Leptotene_Spermatocytes"	NA	NA	NA	"CL:0000017"	"spermatocyte"	"missing child term"	"SN181"	NA	7
"GGAATAACACCGATAT"	""	"ERX6700418"	"ERP132580"	"testis"	"Early_Round_spermatids"	NA	NA	NA	"CL:4030036"	"early spermatid"	"perfect match"	"SN181"	NA	2
"GGAATAACACGCGAAA"	""	"ERX6700418"	"ERP132580"	"testis"	"Elongated_spermatids"	NA	NA	NA	"CL:4030037"	"late spermatid"	"perfect match"	"SN181"	NA	4
"GGAATAACATGCATGT"	""	"ERX6700418"	"ERP132580"	"testis"	"Zygotene_Spermatocytes"	NA	NA	NA	"CL:0000017"	"spermatocyte"	"missing child term"	"SN181"	NA	11
"GGAATAATCAACACAC"	""	"ERX6700418"	"ERP132580"	"testis"	"Early_Round_spermatids"	NA	NA	NA	"CL:4030036"	"early spermatid"	"perfect match"	"SN181"	NA	2
"GGAATAATCGTGGGAA"	""	"ERX6700418"	"ERP132580"	"testis"	"Elongated_spermatids"	NA	NA	NA	"CL:4030037"	"late spermatid"	"perfect match"	"SN181"	NA	4
"GGAATAATCTGGCGAC"	""	"ERX6700418"	"ERP132580"	"testis"	"Undifferentiated_Spermatogonia"	NA	NA	NA	"CL:0000016"	"male germ line stem cell"	"other"	"SN181"	NA	1
"GGACAAGAGAGACTTA"	""	"ERX6700418"	"ERP132580"	"testis"	"Late_Round_spermatids"	NA	NA	NA	"CL:4030036"	"early spermatid"	"other"	"SN181"	NA	5
"GGACAAGAGATGTCGG"	""	"ERX6700418"	"ERP132580"	"testis"	"Sertoli"	NA	NA	NA	"CL:0000216"	"Sertoli cell"	"perfect match"	"SN181"	NA	8
"GGACAAGAGCGCTCCA"	""	"ERX6700418"	"ERP132580"	"testis"	"Sertoli"	NA	NA	NA	"CL:0000216"	"Sertoli cell"	"perfect match"	"SN181"	NA	8
"GGACAAGCATTCCTGC"	""	"ERX6700418"	"ERP132580"	"testis"	"Pachytene_Spermatocytes"	NA	NA	NA	"CL:0000017"	"spermatocyte"	"missing child term"	"SN181"	NA	6
"GGACAAGGTAGAGCTG"	""	"ERX6700418"	"ERP132580"	"testis"	"Pachytene_Spermatocytes"	NA	NA	NA	"CL:0000017"	"spermatocyte"	"missing child term"	"SN181"	NA	6
"GGACAAGGTGCTTCTC"	""	"ERX6700418"	"ERP132580"	"testis"	"Pachytene_Spermatocytes"	NA	NA	NA	"CL:0000017"	"spermatocyte"	"missing child term"	"SN181"	NA	6
"GGACAAGGTTCAGACT"	""	"ERX6700418"	"ERP132580"	"testis"	"Zygotene_Spermatocytes"	NA	NA	NA	"CL:0000017"	"spermatocyte"	"missing child term"	"SN181"	NA	11
"GGACAAGTCACAATGC"	""	"ERX6700418"	"ERP132580"	"testis"	"Zygotene_Spermatocytes"	NA	NA	NA	"CL:0000017"	"spermatocyte"	"missing child term"	"SN181"	NA	11
"GGACAAGTCCATGAGT"	""	"ERX6700418"	"ERP132580"	"testis"	"Pachytene_Spermatocytes"	NA	NA	NA	"CL:0000017"	"spermatocyte"	"missing child term"	"SN181"	NA	6
"GGACAAGTCCCAGGTG"	""	"ERX6700418"	"ERP132580"	"testis"	"Differentiated_Spermatogonia"	NA	NA	NA	"CL:0000020"	"spermatogonium"	"perfect match"	"SN181"	NA	9
"GGACAAGTCCGCGGTA"	""	"ERX6700418"	"ERP132580"	"testis"	"Early_Round_spermatids"	NA	NA	NA	"CL:4030036"	"early spermatid"	"perfect match"	"SN181"	NA	2
"GGACAAGTCGCCTGTT"	""	"ERX6700418"	"ERP132580"	"testis"	"Sertoli"	NA	NA	NA	"CL:0000216"	"Sertoli cell"	"perfect match"	"SN181"	NA	8
"GGACAAGTCTAACCGA"	""	"ERX6700418"	"ERP132580"	"testis"	"Early_Round_spermatids"	NA	NA	NA	"CL:4030036"	"early spermatid"	"perfect match"	"SN181"	NA	2
"GGACAAGTCTGTTGAG"	""	"ERX6700418"	"ERP132580"	"testis"	"Sertoli"	NA	NA	NA	"CL:0000216"	"Sertoli cell"	"perfect match"	"SN181"	NA	8
"GGACAGAAGTACATGA"	""	"ERX6700418"	"ERP132580"	"testis"	"Differentiated_Spermatogonia"	NA	NA	NA	"CL:0000020"	"spermatogonium"	"perfect match"	"SN181"	NA	9
"GGACAGAGTAGGCTGA"	""	"ERX6700418"	"ERP132580"	"testis"	"Pachytene_Spermatocytes"	NA	NA	NA	"CL:0000017"	"spermatocyte"	"missing child term"	"SN181"	NA	6
"GGACAGATCAGCAACT"	""	"ERX6700418"	"ERP132580"	"testis"	"Zygotene_Spermatocytes"	NA	NA	NA	"CL:0000017"	"spermatocyte"	"missing child term"	"SN181"	NA	11
"GGACAGATCCGAGCCA"	""	"ERX6700418"	"ERP132580"	"testis"	"Differentiated_Spermatogonia"	NA	NA	NA	"CL:0000020"	"spermatogonium"	"perfect match"	"SN181"	NA	9
"GGACATTAGATGTAAC"	""	"ERX6700418"	"ERP132580"	"testis"	"Elongated_spermatids"	NA	NA	NA	"CL:4030037"	"late spermatid"	"perfect match"	"SN181"	NA	4
"GGACATTAGTTTGCGT"	""	"ERX6700418"	"ERP132580"	"testis"	"Zygotene_Spermatocytes"	NA	NA	NA	"CL:0000017"	"spermatocyte"	"missing child term"	"SN181"	NA	11
"GGACATTCATACTACG"	""	"ERX6700418"	"ERP132580"	"testis"	"Elongated_spermatids"	NA	NA	NA	"CL:4030037"	"late spermatid"	"perfect match"	"SN181"	NA	4
"GGACATTCATGGTTGT"	""	"ERX6700418"	"ERP132580"	"testis"	"Elongated_spermatids"	NA	NA	NA	"CL:4030037"	"late spermatid"	"perfect match"	"SN181"	NA	4
"GGACATTCATTCGACA"	""	"ERX6700418"	"ERP132580"	"testis"	"Zygotene_Spermatocytes"	NA	NA	NA	"CL:0000017"	"spermatocyte"	"missing child term"	"SN181"	NA	11
"GGACATTGTACATGTC"	""	"ERX6700418"	"ERP132580"	"testis"	"Sertoli"	NA	NA	NA	"CL:0000216"	"Sertoli cell"	"perfect match"	"SN181"	NA	8
"GGACATTGTAGCGTCC"	""	"ERX6700418"	"ERP132580"	"testis"	"Pachytene_Spermatocytes"	NA	NA	NA	"CL:0000017"	"spermatocyte"	"missing child term"	"SN181"	NA	6
"GGACATTGTTCAGCGC"	""	"ERX6700418"	"ERP132580"	"testis"	"Sertoli"	NA	NA	NA	"CL:0000216"	"Sertoli cell"	"perfect match"	"SN181"	NA	8
"GGACATTTCGCCCTTA"	""	"ERX6700418"	"ERP132580"	"testis"	"Sertoli"	NA	NA	NA	"CL:0000216"	"Sertoli cell"	"perfect match"	"SN181"	NA	8
"GGACATTTCGGATGTT"	""	"ERX6700418"	"ERP132580"	"testis"	"Leptotene_Spermatocytes"	NA	NA	NA	"CL:0000017"	"spermatocyte"	"missing child term"	"SN181"	NA	7
"GGACATTTCGGTTCGG"	""	"ERX6700418"	"ERP132580"	"testis"	"Differentiated_Spermatogonia"	NA	NA	NA	"CL:0000020"	"spermatogonium"	"perfect match"	"SN181"	NA	9
"GGACGTCAGCACCGTC"	""	"ERX6700418"	"ERP132580"	"testis"	"Undifferentiated_Spermatogonia"	NA	NA	NA	"CL:0000016"	"male germ line stem cell"	"other"	"SN181"	NA	1
"GGACGTCAGGATCGCA"	""	"ERX6700418"	"ERP132580"	"testis"	"Elongated_spermatids"	NA	NA	NA	"CL:4030037"	"late spermatid"	"perfect match"	"SN181"	NA	4
"GGACGTCAGGATGGTC"	""	"ERX6700418"	"ERP132580"	"testis"	"Pachytene_Spermatocytes"	NA	NA	NA	"CL:0000017"	"spermatocyte"	"missing child term"	"SN181"	NA	6
"GGACGTCAGTATTGGA"	""	"ERX6700418"	"ERP132580"	"testis"	"Zygotene_Spermatocytes"	NA	NA	NA	"CL:0000017"	"spermatocyte"	"missing child term"	"SN181"	NA	11
"GGACGTCCAAAGAATC"	""	"ERX6700418"	"ERP132580"	"testis"	"Leptotene_Spermatocytes"	NA	NA	NA	"CL:0000017"	"spermatocyte"	"missing child term"	"SN181"	NA	7
"GGACGTCCAAGGTGTG"	""	"ERX6700418"	"ERP132580"	"testis"	"Zygotene_Spermatocytes"	NA	NA	NA	"CL:0000017"	"spermatocyte"	"missing child term"	"SN181"	NA	11
"GGACGTCCACTGCCAG"	""	"ERX6700418"	"ERP132580"	"testis"	"Zygotene_Spermatocytes"	NA	NA	NA	"CL:0000017"	"spermatocyte"	"missing child term"	"SN181"	NA	11
"GGACGTCCAGTCACTA"	""	"ERX6700418"	"ERP132580"	"testis"	"Undifferentiated_Spermatogonia"	NA	NA	NA	"CL:0000016"	"male germ line stem cell"	"other"	"SN181"	NA	1
"GGACGTCGTAAAGGAG"	""	"ERX6700418"	"ERP132580"	"testis"	"Late_Round_spermatids"	NA	NA	NA	"CL:4030036"	"early spermatid"	"other"	"SN181"	NA	5
"GGACGTCGTGAACCTT"	""	"ERX6700418"	"ERP132580"	"testis"	"Sertoli"	NA	NA	NA	"CL:0000216"	"Sertoli cell"	"perfect match"	"SN181"	NA	8
"GGACGTCGTGGCTCCA"	""	"ERX6700418"	"ERP132580"	"testis"	"Zygotene_Spermatocytes"	NA	NA	NA	"CL:0000017"	"spermatocyte"	"missing child term"	"SN181"	NA	11
"GGACGTCTCACTTATC"	""	"ERX6700418"	"ERP132580"	"testis"	"Differentiated_Spermatogonia"	NA	NA	NA	"CL:0000020"	"spermatogonium"	"perfect match"	"SN181"	NA	9
"GGAGCAAAGGCTATCT"	""	"ERX6700418"	"ERP132580"	"testis"	"Pachytene_Spermatocytes"	NA	NA	NA	"CL:0000017"	"spermatocyte"	"missing child term"	"SN181"	NA	6
"GGAGCAAAGTACGTAA"	""	"ERX6700418"	"ERP132580"	"testis"	"Zygotene_Spermatocytes"	NA	NA	NA	"CL:0000017"	"spermatocyte"	"missing child term"	"SN181"	NA	11
"GGAGCAAAGTCCGGTC"	""	"ERX6700418"	"ERP132580"	"testis"	"Pachytene_Spermatocytes"	NA	NA	NA	"CL:0000017"	"spermatocyte"	"missing child term"	"SN181"	NA	6
"GGAGCAAGTAGTGAAT"	""	"ERX6700418"	"ERP132580"	"testis"	"Elongated_spermatids"	NA	NA	NA	"CL:4030037"	"late spermatid"	"perfect match"	"SN181"	NA	4
"GGAGCAATCATATCGG"	""	"ERX6700418"	"ERP132580"	"testis"	"Late_Round_spermatids"	NA	NA	NA	"CL:4030036"	"early spermatid"	"other"	"SN181"	NA	5
"GGAGCAATCGGAAACG"	""	"ERX6700418"	"ERP132580"	"testis"	"Undifferentiated_Spermatogonia"	NA	NA	NA	"CL:0000016"	"male germ line stem cell"	"other"	"SN181"	NA	1
"GGAGCAATCTGGTATG"	""	"ERX6700418"	"ERP132580"	"testis"	"Differentiated_Spermatogonia"	NA	NA	NA	"CL:0000020"	"spermatogonium"	"perfect match"	"SN181"	NA	9
"GGATGTTCACGACTCG"	""	"ERX6700418"	"ERP132580"	"testis"	"Sertoli"	NA	NA	NA	"CL:0000216"	"Sertoli cell"	"perfect match"	"SN181"	NA	8
"GGATGTTTCAGCTTAG"	""	"ERX6700418"	"ERP132580"	"testis"	"Sertoli"	NA	NA	NA	"CL:0000216"	"Sertoli cell"	"perfect match"	"SN181"	NA	8
"GGATGTTTCCTAAGTG"	""	"ERX6700418"	"ERP132580"	"testis"	"Elongated_spermatids"	NA	NA	NA	"CL:4030037"	"late spermatid"	"perfect match"	"SN181"	NA	4
"GGATGTTTCTGTACGA"	""	"ERX6700418"	"ERP132580"	"testis"	"Sertoli"	NA	NA	NA	"CL:0000216"	"Sertoli cell"	"perfect match"	"SN181"	NA	8
"GGATGTTTCTTTACAC"	""	"ERX6700418"	"ERP132580"	"testis"	"Pachytene_Spermatocytes"	NA	NA	NA	"CL:0000017"	"spermatocyte"	"missing child term"	"SN181"	NA	6
"GGATTACAGATAGGAG"	""	"ERX6700418"	"ERP132580"	"testis"	"Pachytene_Spermatocytes"	NA	NA	NA	"CL:0000017"	"spermatocyte"	"missing child term"	"SN181"	NA	6
"GGATTACGTACCCAAT"	""	"ERX6700418"	"ERP132580"	"testis"	"Other_somatic"	NA	NA	NA	"CL:0002371"	"somatic cell"	"perfect match"	"SN181"	NA	3
"GGATTACTCTTGACGA"	""	"ERX6700418"	"ERP132580"	"testis"	"Undifferentiated_Spermatogonia"	NA	NA	NA	"CL:0000016"	"male germ line stem cell"	"other"	"SN181"	NA	1
"GGATTACTCTTGAGGT"	""	"ERX6700418"	"ERP132580"	"testis"	"Early_Round_spermatids"	NA	NA	NA	"CL:4030036"	"early spermatid"	"perfect match"	"SN181"	NA	2
"GGCAATTAGCGTTGCC"	""	"ERX6700418"	"ERP132580"	"testis"	"Elongated_spermatids"	NA	NA	NA	"CL:4030037"	"late spermatid"	"perfect match"	"SN181"	NA	4
"GGCAATTCAAGCGAGT"	""	"ERX6700418"	"ERP132580"	"testis"	"Early_Round_spermatids"	NA	NA	NA	"CL:4030036"	"early spermatid"	"perfect match"	"SN181"	NA	2
"GGCAATTCACATCTTT"	""	"ERX6700418"	"ERP132580"	"testis"	"Undifferentiated_Spermatogonia"	NA	NA	NA	"CL:0000016"	"male germ line stem cell"	"other"	"SN181"	NA	1
"GGCAATTCAGGGCATA"	""	"ERX6700418"	"ERP132580"	"testis"	"Other_somatic"	NA	NA	NA	"CL:0002371"	"somatic cell"	"perfect match"	"SN181"	NA	3
"GGCAATTCATTCACTT"	""	"ERX6700418"	"ERP132580"	"testis"	"Zygotene_Spermatocytes"	NA	NA	NA	"CL:0000017"	"spermatocyte"	"missing child term"	"SN181"	NA	11
"GGCAATTGTCCTCCAT"	""	"ERX6700418"	"ERP132580"	"testis"	"Pachytene_Spermatocytes"	NA	NA	NA	"CL:0000017"	"spermatocyte"	"missing child term"	"SN181"	NA	6
"GGCAATTTCCCATTTA"	""	"ERX6700418"	"ERP132580"	"testis"	"Sertoli"	NA	NA	NA	"CL:0000216"	"Sertoli cell"	"perfect match"	"SN181"	NA	8
"GGCAATTTCTCTGCTG"	""	"ERX6700418"	"ERP132580"	"testis"	"Pachytene_Spermatocytes"	NA	NA	NA	"CL:0000017"	"spermatocyte"	"missing child term"	"SN181"	NA	6
"GGCCGATAGAGACTTA"	""	"ERX6700418"	"ERP132580"	"testis"	"Sertoli"	NA	NA	NA	"CL:0000216"	"Sertoli cell"	"perfect match"	"SN181"	NA	8
"GGCCGATAGTGGTAAT"	""	"ERX6700418"	"ERP132580"	"testis"	"Pachytene_Spermatocytes"	NA	NA	NA	"CL:0000017"	"spermatocyte"	"missing child term"	"SN181"	NA	6
"GGCCGATAGTGTGGCA"	""	"ERX6700418"	"ERP132580"	"testis"	"Undifferentiated_Spermatogonia"	NA	NA	NA	"CL:0000016"	"male germ line stem cell"	"other"	"SN181"	NA	1
"GGCCGATCAAACAACA"	""	"ERX6700418"	"ERP132580"	"testis"	"Sertoli"	NA	NA	NA	"CL:0000216"	"Sertoli cell"	"perfect match"	"SN181"	NA	8
"GGCCGATCATTATCTC"	""	"ERX6700418"	"ERP132580"	"testis"	"Early_Round_spermatids"	NA	NA	NA	"CL:4030036"	"early spermatid"	"perfect match"	"SN181"	NA	2
"GGCCGATGTCGTCTTC"	""	"ERX6700418"	"ERP132580"	"testis"	"Early_Round_spermatids"	NA	NA	NA	"CL:4030036"	"early spermatid"	"perfect match"	"SN181"	NA	2
"GGCCGATGTCTAGTGT"	""	"ERX6700418"	"ERP132580"	"testis"	""	NA	NA	NA	"CL:0000000"	"cell"	"other"	"SN181"	NA	10
"GGCCGATGTGTGAATA"	""	"ERX6700418"	"ERP132580"	"testis"	"Pachytene_Spermatocytes"	NA	NA	NA	"CL:0000017"	"spermatocyte"	"missing child term"	"SN181"	NA	6
"GGCCGATTCGGTCTAA"	""	"ERX6700418"	"ERP132580"	"testis"	"Elongated_spermatids"	NA	NA	NA	"CL:4030037"	"late spermatid"	"perfect match"	"SN181"	NA	4
"GGCGACTAGCCGGTAA"	""	"ERX6700418"	"ERP132580"	"testis"	"Elongated_spermatids"	NA	NA	NA	"CL:4030037"	"late spermatid"	"perfect match"	"SN181"	NA	4
"GGCGACTAGCTAGGCA"	""	"ERX6700418"	"ERP132580"	"testis"	"Zygotene_Spermatocytes"	NA	NA	NA	"CL:0000017"	"spermatocyte"	"missing child term"	"SN181"	NA	11
"GGCGACTCAACTGCTA"	""	"ERX6700418"	"ERP132580"	"testis"	"Late_Round_spermatids"	NA	NA	NA	"CL:4030036"	"early spermatid"	"other"	"SN181"	NA	5
"GGCGACTCACGACTCG"	""	"ERX6700418"	"ERP132580"	"testis"	"Sertoli"	NA	NA	NA	"CL:0000216"	"Sertoli cell"	"perfect match"	"SN181"	NA	8
"GGCGACTCACGCCAGT"	""	"ERX6700418"	"ERP132580"	"testis"	"Pachytene_Spermatocytes"	NA	NA	NA	"CL:0000017"	"spermatocyte"	"missing child term"	"SN181"	NA	6
"GGCGACTCATCGATGT"	""	"ERX6700418"	"ERP132580"	"testis"	"Pachytene_Spermatocytes"	NA	NA	NA	"CL:0000017"	"spermatocyte"	"missing child term"	"SN181"	NA	6
"GGCGACTGTCCGAAGA"	""	"ERX6700418"	"ERP132580"	"testis"	"Pachytene_Spermatocytes"	NA	NA	NA	"CL:0000017"	"spermatocyte"	"missing child term"	"SN181"	NA	6
"GGCGACTTCATGTCTT"	""	"ERX6700418"	"ERP132580"	"testis"	"Pachytene_Spermatocytes"	NA	NA	NA	"CL:0000017"	"spermatocyte"	"missing child term"	"SN181"	NA	6
"GGCGTGTAGTTAACGA"	""	"ERX6700418"	"ERP132580"	"testis"	"Zygotene_Spermatocytes"	NA	NA	NA	"CL:0000017"	"spermatocyte"	"missing child term"	"SN181"	NA	11
"GGCGTGTCAGCGTCCA"	""	"ERX6700418"	"ERP132580"	"testis"	"Zygotene_Spermatocytes"	NA	NA	NA	"CL:0000017"	"spermatocyte"	"missing child term"	"SN181"	NA	11
"GGCGTGTGTCACTTCC"	""	"ERX6700418"	"ERP132580"	"testis"	"Late_Round_spermatids"	NA	NA	NA	"CL:4030036"	"early spermatid"	"other"	"SN181"	NA	5
"GGCGTGTGTTCACCTC"	""	"ERX6700418"	"ERP132580"	"testis"	"Pachytene_Spermatocytes"	NA	NA	NA	"CL:0000017"	"spermatocyte"	"missing child term"	"SN181"	NA	6
"GGCGTGTTCTCCAACC"	""	"ERX6700418"	"ERP132580"	"testis"	"Late_Round_spermatids"	NA	NA	NA	"CL:4030036"	"early spermatid"	"other"	"SN181"	NA	5
"GGCTCGAAGACAGGCT"	""	"ERX6700418"	"ERP132580"	"testis"	"Pachytene_Spermatocytes"	NA	NA	NA	"CL:0000017"	"spermatocyte"	"missing child term"	"SN181"	NA	6
"GGCTCGAGTAACGTTC"	""	"ERX6700418"	"ERP132580"	"testis"	"Sertoli"	NA	NA	NA	"CL:0000216"	"Sertoli cell"	"perfect match"	"SN181"	NA	8
"GGCTCGAGTCGGATCC"	""	"ERX6700418"	"ERP132580"	"testis"	"Elongated_spermatids"	NA	NA	NA	"CL:4030037"	"late spermatid"	"perfect match"	"SN181"	NA	4
"GGCTCGAGTCTCACCT"	""	"ERX6700418"	"ERP132580"	"testis"	"Sertoli"	NA	NA	NA	"CL:0000216"	"Sertoli cell"	"perfect match"	"SN181"	NA	8
"GGCTCGAGTGCGGTAA"	""	"ERX6700418"	"ERP132580"	"testis"	"Undifferentiated_Spermatogonia"	NA	NA	NA	"CL:0000016"	"male germ line stem cell"	"other"	"SN181"	NA	1
"GGCTCGAGTTAGATGA"	""	"ERX6700418"	"ERP132580"	"testis"	"Elongated_spermatids"	NA	NA	NA	"CL:4030037"	"late spermatid"	"perfect match"	"SN181"	NA	4
"GGCTCGAGTTGGAGGT"	""	"ERX6700418"	"ERP132580"	"testis"	"Differentiated_Spermatogonia"	NA	NA	NA	"CL:0000020"	"spermatogonium"	"perfect match"	"SN181"	NA	9
"GGCTCGATCATTCACT"	""	"ERX6700418"	"ERP132580"	"testis"	"Late_Round_spermatids"	NA	NA	NA	"CL:4030036"	"early spermatid"	"other"	"SN181"	NA	5
"GGCTCGATCCGCGTTT"	""	"ERX6700418"	"ERP132580"	"testis"	"Early_Round_spermatids"	NA	NA	NA	"CL:4030036"	"early spermatid"	"perfect match"	"SN181"	NA	2
"GGCTGGTAGCTGCAAG"	""	"ERX6700418"	"ERP132580"	"testis"	"Elongated_spermatids"	NA	NA	NA	"CL:4030037"	"late spermatid"	"perfect match"	"SN181"	NA	4
"GGCTGGTAGGGTCGAT"	""	"ERX6700418"	"ERP132580"	"testis"	"Zygotene_Spermatocytes"	NA	NA	NA	"CL:0000017"	"spermatocyte"	"missing child term"	"SN181"	NA	11
"GGCTGGTCAAATTGCC"	""	"ERX6700418"	"ERP132580"	"testis"	"Late_Round_spermatids"	NA	NA	NA	"CL:4030036"	"early spermatid"	"other"	"SN181"	NA	5
"GGCTGGTGTAAATGTG"	""	"ERX6700418"	"ERP132580"	"testis"	"Pachytene_Spermatocytes"	NA	NA	NA	"CL:0000017"	"spermatocyte"	"missing child term"	"SN181"	NA	6
"GGCTGGTGTCAAAGCG"	""	"ERX6700418"	"ERP132580"	"testis"	"Zygotene_Spermatocytes"	NA	NA	NA	"CL:0000017"	"spermatocyte"	"missing child term"	"SN181"	NA	11
"GGCTGGTTCCCTGACT"	""	"ERX6700418"	"ERP132580"	"testis"	"Early_Round_spermatids"	NA	NA	NA	"CL:4030036"	"early spermatid"	"perfect match"	"SN181"	NA	2
"GGCTGGTTCTGTCTCG"	""	"ERX6700418"	"ERP132580"	"testis"	"Other_somatic"	NA	NA	NA	"CL:0002371"	"somatic cell"	"perfect match"	"SN181"	NA	3
"GGGAATGAGATGGCGT"	""	"ERX6700418"	"ERP132580"	"testis"	"Early_Round_spermatids"	NA	NA	NA	"CL:4030036"	"early spermatid"	"perfect match"	"SN181"	NA	2
"GGGAATGCAGCTCGCA"	""	"ERX6700418"	"ERP132580"	"testis"	"Elongated_spermatids"	NA	NA	NA	"CL:4030037"	"late spermatid"	"perfect match"	"SN181"	NA	4
"GGGAATGCATAGAAAC"	""	"ERX6700418"	"ERP132580"	"testis"	"Late_Round_spermatids"	NA	NA	NA	"CL:4030036"	"early spermatid"	"other"	"SN181"	NA	5
"GGGAATGGTGTGAAAT"	""	"ERX6700418"	"ERP132580"	"testis"	"Early_Round_spermatids"	NA	NA	NA	"CL:4030036"	"early spermatid"	"perfect match"	"SN181"	NA	2
"GGGAATGGTGTGTGCC"	""	"ERX6700418"	"ERP132580"	"testis"	"Undifferentiated_Spermatogonia"	NA	NA	NA	"CL:0000016"	"male germ line stem cell"	"other"	"SN181"	NA	1
"GGGAATGTCATCATTC"	""	"ERX6700418"	"ERP132580"	"testis"	"Sertoli"	NA	NA	NA	"CL:0000216"	"Sertoli cell"	"perfect match"	"SN181"	NA	8
"GGGACCTCATCGGACC"	""	"ERX6700418"	"ERP132580"	"testis"	"Late_Round_spermatids"	NA	NA	NA	"CL:4030036"	"early spermatid"	"other"	"SN181"	NA	5
"GGGACCTGTCATACTG"	""	"ERX6700418"	"ERP132580"	"testis"	"Differentiated_Spermatogonia"	NA	NA	NA	"CL:0000020"	"spermatogonium"	"perfect match"	"SN181"	NA	9
"GGGACCTGTTCAACCA"	""	"ERX6700418"	"ERP132580"	"testis"	"Zygotene_Spermatocytes"	NA	NA	NA	"CL:0000017"	"spermatocyte"	"missing child term"	"SN181"	NA	11
"GGGACCTGTTTGTTTC"	""	"ERX6700418"	"ERP132580"	"testis"	"Differentiated_Spermatogonia"	NA	NA	NA	"CL:0000020"	"spermatogonium"	"perfect match"	"SN181"	NA	9
"GGGACCTTCAAAGACA"	""	"ERX6700418"	"ERP132580"	"testis"	"Zygotene_Spermatocytes"	NA	NA	NA	"CL:0000017"	"spermatocyte"	"missing child term"	"SN181"	NA	11
"GGGACCTTCACCCTCA"	""	"ERX6700418"	"ERP132580"	"testis"	"Sertoli"	NA	NA	NA	"CL:0000216"	"Sertoli cell"	"perfect match"	"SN181"	NA	8
"GGGACCTTCTACTCAT"	""	"ERX6700418"	"ERP132580"	"testis"	"Pachytene_Spermatocytes"	NA	NA	NA	"CL:0000017"	"spermatocyte"	"missing child term"	"SN181"	NA	6
"GGGAGATAGAAACCAT"	""	"ERX6700418"	"ERP132580"	"testis"	"Leptotene_Spermatocytes"	NA	NA	NA	"CL:0000017"	"spermatocyte"	"missing child term"	"SN181"	NA	7
"GGGAGATAGATATGGT"	""	"ERX6700418"	"ERP132580"	"testis"	"Zygotene_Spermatocytes"	NA	NA	NA	"CL:0000017"	"spermatocyte"	"missing child term"	"SN181"	NA	11
"GGGAGATAGATCCCGC"	""	"ERX6700418"	"ERP132580"	"testis"	"Leptotene_Spermatocytes"	NA	NA	NA	"CL:0000017"	"spermatocyte"	"missing child term"	"SN181"	NA	7
"GGGAGATAGGAGCGAG"	""	"ERX6700418"	"ERP132580"	"testis"	"Leptotene_Spermatocytes"	NA	NA	NA	"CL:0000017"	"spermatocyte"	"missing child term"	"SN181"	NA	7
"GGGAGATAGTTAAGTG"	""	"ERX6700418"	"ERP132580"	"testis"	"Undifferentiated_Spermatogonia"	NA	NA	NA	"CL:0000016"	"male germ line stem cell"	"other"	"SN181"	NA	1
"GGGAGATCAAACCCAT"	""	"ERX6700418"	"ERP132580"	"testis"	"Undifferentiated_Spermatogonia"	NA	NA	NA	"CL:0000016"	"male germ line stem cell"	"other"	"SN181"	NA	1
"GGGAGATCAGGTGCCT"	""	"ERX6700418"	"ERP132580"	"testis"	"Undifferentiated_Spermatogonia"	NA	NA	NA	"CL:0000016"	"male germ line stem cell"	"other"	"SN181"	NA	1
"GGGAGATGTCTGCAAT"	""	"ERX6700418"	"ERP132580"	"testis"	"Differentiated_Spermatogonia"	NA	NA	NA	"CL:0000020"	"spermatogonium"	"perfect match"	"SN181"	NA	9
"GGGAGATGTCTTGTCC"	""	"ERX6700418"	"ERP132580"	"testis"	"Undifferentiated_Spermatogonia"	NA	NA	NA	"CL:0000016"	"male germ line stem cell"	"other"	"SN181"	NA	1
"GGGAGATGTGATAAAC"	""	"ERX6700418"	"ERP132580"	"testis"	"Sertoli"	NA	NA	NA	"CL:0000216"	"Sertoli cell"	"perfect match"	"SN181"	NA	8
"GGGAGATGTTAAAGTG"	""	"ERX6700418"	"ERP132580"	"testis"	"Other_somatic"	NA	NA	NA	"CL:0002371"	"somatic cell"	"perfect match"	"SN181"	NA	3
"GGGAGATTCTCATTCA"	""	"ERX6700418"	"ERP132580"	"testis"	"Pachytene_Spermatocytes"	NA	NA	NA	"CL:0000017"	"spermatocyte"	"missing child term"	"SN181"	NA	6
"GGGATGAAGCTCCTCT"	""	"ERX6700418"	"ERP132580"	"testis"	"Pachytene_Spermatocytes"	NA	NA	NA	"CL:0000017"	"spermatocyte"	"missing child term"	"SN181"	NA	6
"GGGATGACAAAGGTGC"	""	"ERX6700418"	"ERP132580"	"testis"	"Late_Round_spermatids"	NA	NA	NA	"CL:4030036"	"early spermatid"	"other"	"SN181"	NA	5
"GGGATGACACTTGGAT"	""	"ERX6700418"	"ERP132580"	"testis"	"Pachytene_Spermatocytes"	NA	NA	NA	"CL:0000017"	"spermatocyte"	"missing child term"	"SN181"	NA	6
"GGGATGACAGGTCTCG"	""	"ERX6700418"	"ERP132580"	"testis"	"Late_Round_spermatids"	NA	NA	NA	"CL:4030036"	"early spermatid"	"other"	"SN181"	NA	5
"GGGATGAGTACTTAGC"	""	"ERX6700418"	"ERP132580"	"testis"	"Elongated_spermatids"	NA	NA	NA	"CL:4030037"	"late spermatid"	"perfect match"	"SN181"	NA	4
"GGGATGAGTGACAAAT"	""	"ERX6700418"	"ERP132580"	"testis"	"Pachytene_Spermatocytes"	NA	NA	NA	"CL:0000017"	"spermatocyte"	"missing child term"	"SN181"	NA	6
"GGGATGATCAAGAAGT"	""	"ERX6700418"	"ERP132580"	"testis"	"Elongated_spermatids"	NA	NA	NA	"CL:4030037"	"late spermatid"	"perfect match"	"SN181"	NA	4
"GGGATGATCTGGCGTG"	""	"ERX6700418"	"ERP132580"	"testis"	"Pachytene_Spermatocytes"	NA	NA	NA	"CL:0000017"	"spermatocyte"	"missing child term"	"SN181"	NA	6
"GGGCACTAGGCTAGCA"	""	"ERX6700418"	"ERP132580"	"testis"	"Zygotene_Spermatocytes"	NA	NA	NA	"CL:0000017"	"spermatocyte"	"missing child term"	"SN181"	NA	11
"GGGCACTTCGCGTAGC"	""	"ERX6700418"	"ERP132580"	"testis"	"Late_Round_spermatids"	NA	NA	NA	"CL:4030036"	"early spermatid"	"other"	"SN181"	NA	5
"GGGCATCAGGCTAGAC"	""	"ERX6700418"	"ERP132580"	"testis"	"Undifferentiated_Spermatogonia"	NA	NA	NA	"CL:0000016"	"male germ line stem cell"	"other"	"SN181"	NA	1
"GGGCATCAGTCCGTAT"	""	"ERX6700418"	"ERP132580"	"testis"	"Late_Round_spermatids"	NA	NA	NA	"CL:4030036"	"early spermatid"	"other"	"SN181"	NA	5
"GGGCATCCAGGATTGG"	""	"ERX6700418"	"ERP132580"	"testis"	"Pachytene_Spermatocytes"	NA	NA	NA	"CL:0000017"	"spermatocyte"	"missing child term"	"SN181"	NA	6
"GGGCATCCATCTACGA"	""	"ERX6700418"	"ERP132580"	"testis"	""	NA	NA	NA	"CL:0000000"	"cell"	"other"	"SN181"	NA	10
"GGGCATCGTGAGCGAT"	""	"ERX6700418"	"ERP132580"	"testis"	"Late_Round_spermatids"	NA	NA	NA	"CL:4030036"	"early spermatid"	"other"	"SN181"	NA	5
"GGGCATCTCACCTTAT"	""	"ERX6700418"	"ERP132580"	"testis"	"Pachytene_Spermatocytes"	NA	NA	NA	"CL:0000017"	"spermatocyte"	"missing child term"	"SN181"	NA	6
"GGGCATCTCCAGATCA"	""	"ERX6700418"	"ERP132580"	"testis"	"Pachytene_Spermatocytes"	NA	NA	NA	"CL:0000017"	"spermatocyte"	"missing child term"	"SN181"	NA	6
"GGGCATCTCGTGGACC"	""	"ERX6700418"	"ERP132580"	"testis"	"Sertoli"	NA	NA	NA	"CL:0000216"	"Sertoli cell"	"perfect match"	"SN181"	NA	8
"GGGCATCTCTACTCAT"	""	"ERX6700418"	"ERP132580"	"testis"	"Pachytene_Spermatocytes"	NA	NA	NA	"CL:0000017"	"spermatocyte"	"missing child term"	"SN181"	NA	6
"GGGTCTGAGACAAAGG"	""	"ERX6700418"	"ERP132580"	"testis"	"Late_Round_spermatids"	NA	NA	NA	"CL:4030036"	"early spermatid"	"other"	"SN181"	NA	5
"GGGTCTGAGTCAAGCG"	""	"ERX6700418"	"ERP132580"	"testis"	"Pachytene_Spermatocytes"	NA	NA	NA	"CL:0000017"	"spermatocyte"	"missing child term"	"SN181"	NA	6
"GGGTCTGCACAGGTTT"	""	"ERX6700418"	"ERP132580"	"testis"	"Zygotene_Spermatocytes"	NA	NA	NA	"CL:0000017"	"spermatocyte"	"missing child term"	"SN181"	NA	11
"GGGTCTGGTATTACCG"	""	"ERX6700418"	"ERP132580"	"testis"	"Early_Round_spermatids"	NA	NA	NA	"CL:4030036"	"early spermatid"	"perfect match"	"SN181"	NA	2
"GGGTCTGGTGGGTATG"	""	"ERX6700418"	"ERP132580"	"testis"	"Pachytene_Spermatocytes"	NA	NA	NA	"CL:0000017"	"spermatocyte"	"missing child term"	"SN181"	NA	6
"GGGTCTGGTTCCGTCT"	""	"ERX6700418"	"ERP132580"	"testis"	"Undifferentiated_Spermatogonia"	NA	NA	NA	"CL:0000016"	"male germ line stem cell"	"other"	"SN181"	NA	1
"GGGTCTGTCGCTGATA"	""	"ERX6700418"	"ERP132580"	"testis"	"Late_Round_spermatids"	NA	NA	NA	"CL:4030036"	"early spermatid"	"other"	"SN181"	NA	5
"GGGTTGCCACCAGATT"	""	"ERX6700418"	"ERP132580"	"testis"	"Leptotene_Spermatocytes"	NA	NA	NA	"CL:0000017"	"spermatocyte"	"missing child term"	"SN181"	NA	7
"GGGTTGCGTCTGATCA"	""	"ERX6700418"	"ERP132580"	"testis"	"Elongated_spermatids"	NA	NA	NA	"CL:4030037"	"late spermatid"	"perfect match"	"SN181"	NA	4
"GGGTTGCTCAACACCA"	""	"ERX6700418"	"ERP132580"	"testis"	"Pachytene_Spermatocytes"	NA	NA	NA	"CL:0000017"	"spermatocyte"	"missing child term"	"SN181"	NA	6
"GGGTTGCTCCTTGGTC"	""	"ERX6700418"	"ERP132580"	"testis"	"Leptotene_Spermatocytes"	NA	NA	NA	"CL:0000017"	"spermatocyte"	"missing child term"	"SN181"	NA	7
"GGTATTGAGACCACGA"	""	"ERX6700418"	"ERP132580"	"testis"	"Early_Round_spermatids"	NA	NA	NA	"CL:4030036"	"early spermatid"	"perfect match"	"SN181"	NA	2
"GGTATTGAGACTAAGT"	""	"ERX6700418"	"ERP132580"	"testis"	"Pachytene_Spermatocytes"	NA	NA	NA	"CL:0000017"	"spermatocyte"	"missing child term"	"SN181"	NA	6
"GGTATTGAGCGTTTAC"	""	"ERX6700418"	"ERP132580"	"testis"	"Sertoli"	NA	NA	NA	"CL:0000216"	"Sertoli cell"	"perfect match"	"SN181"	NA	8
"GGTATTGCATCCGGGT"	""	"ERX6700418"	"ERP132580"	"testis"	"Elongated_spermatids"	NA	NA	NA	"CL:4030037"	"late spermatid"	"perfect match"	"SN181"	NA	4
"GGTATTGCATGCCACG"	""	"ERX6700418"	"ERP132580"	"testis"	"Sertoli"	NA	NA	NA	"CL:0000216"	"Sertoli cell"	"perfect match"	"SN181"	NA	8
"GGTATTGGTGCGATAG"	""	"ERX6700418"	"ERP132580"	"testis"	"Differentiated_Spermatogonia"	NA	NA	NA	"CL:0000020"	"spermatogonium"	"perfect match"	"SN181"	NA	9
"GGTATTGTCCCTCAGT"	""	"ERX6700418"	"ERP132580"	"testis"	"Pachytene_Spermatocytes"	NA	NA	NA	"CL:0000017"	"spermatocyte"	"missing child term"	"SN181"	NA	6
"GGTGAAGAGACTGGGT"	""	"ERX6700418"	"ERP132580"	"testis"	"Late_Round_spermatids"	NA	NA	NA	"CL:4030036"	"early spermatid"	"other"	"SN181"	NA	5
"GGTGAAGAGGTAGCCA"	""	"ERX6700418"	"ERP132580"	"testis"	"Pachytene_Spermatocytes"	NA	NA	NA	"CL:0000017"	"spermatocyte"	"missing child term"	"SN181"	NA	6
"GGTGAAGAGTAGCCGA"	""	"ERX6700418"	"ERP132580"	"testis"	"Leptotene_Spermatocytes"	NA	NA	NA	"CL:0000017"	"spermatocyte"	"missing child term"	"SN181"	NA	7
"GGTGAAGCAAATACAG"	""	"ERX6700418"	"ERP132580"	"testis"	"Late_Round_spermatids"	NA	NA	NA	"CL:4030036"	"early spermatid"	"other"	"SN181"	NA	5
"GGTGAAGGTAAAGGAG"	""	"ERX6700418"	"ERP132580"	"testis"	"Sertoli"	NA	NA	NA	"CL:0000216"	"Sertoli cell"	"perfect match"	"SN181"	NA	8
"GGTGAAGGTGCTAGCC"	""	"ERX6700418"	"ERP132580"	"testis"	"Elongated_spermatids"	NA	NA	NA	"CL:4030037"	"late spermatid"	"perfect match"	"SN181"	NA	4
"GGTGAAGGTTTGGCGC"	""	"ERX6700418"	"ERP132580"	"testis"	"Sertoli"	NA	NA	NA	"CL:0000216"	"Sertoli cell"	"perfect match"	"SN181"	NA	8
"GGTGAAGGTTTGTGTG"	""	"ERX6700418"	"ERP132580"	"testis"	"Early_Round_spermatids"	NA	NA	NA	"CL:4030036"	"early spermatid"	"perfect match"	"SN181"	NA	2
"GGTGAAGTCAAACAAG"	""	"ERX6700418"	"ERP132580"	"testis"	"Elongated_spermatids"	NA	NA	NA	"CL:4030037"	"late spermatid"	"perfect match"	"SN181"	NA	4
"GGTGAAGTCAGCAACT"	""	"ERX6700418"	"ERP132580"	"testis"	"Sertoli"	NA	NA	NA	"CL:0000216"	"Sertoli cell"	"perfect match"	"SN181"	NA	8
"GGTGCGTAGACAAAGG"	""	"ERX6700418"	"ERP132580"	"testis"	"Elongated_spermatids"	NA	NA	NA	"CL:4030037"	"late spermatid"	"perfect match"	"SN181"	NA	4
"GGTGCGTAGAGCCCAA"	""	"ERX6700418"	"ERP132580"	"testis"	"Elongated_spermatids"	NA	NA	NA	"CL:4030037"	"late spermatid"	"perfect match"	"SN181"	NA	4
"GGTGCGTAGTGGGTTG"	""	"ERX6700418"	"ERP132580"	"testis"	"Elongated_spermatids"	NA	NA	NA	"CL:4030037"	"late spermatid"	"perfect match"	"SN181"	NA	4
"GGTGCGTCAAGCCTAT"	""	"ERX6700418"	"ERP132580"	"testis"	"Elongated_spermatids"	NA	NA	NA	"CL:4030037"	"late spermatid"	"perfect match"	"SN181"	NA	4
"GGTGCGTCACCAGGTC"	""	"ERX6700418"	"ERP132580"	"testis"	"Pachytene_Spermatocytes"	NA	NA	NA	"CL:0000017"	"spermatocyte"	"missing child term"	"SN181"	NA	6
"GGTGCGTCATGGTAGG"	""	"ERX6700418"	"ERP132580"	"testis"	"Pachytene_Spermatocytes"	NA	NA	NA	"CL:0000017"	"spermatocyte"	"missing child term"	"SN181"	NA	6
"GGTGCGTGTTGGGACA"	""	"ERX6700418"	"ERP132580"	"testis"	"Early_Round_spermatids"	NA	NA	NA	"CL:4030036"	"early spermatid"	"perfect match"	"SN181"	NA	2
"GGTGCGTGTTTAAGCC"	""	"ERX6700418"	"ERP132580"	"testis"	"Elongated_spermatids"	NA	NA	NA	"CL:4030037"	"late spermatid"	"perfect match"	"SN181"	NA	4
"GGTGCGTTCTTGAGGT"	""	"ERX6700418"	"ERP132580"	"testis"	"Sertoli"	NA	NA	NA	"CL:0000216"	"Sertoli cell"	"perfect match"	"SN181"	NA	8
"GGTGTTAAGAGGTACC"	""	"ERX6700418"	"ERP132580"	"testis"	"Differentiated_Spermatogonia"	NA	NA	NA	"CL:0000020"	"spermatogonium"	"perfect match"	"SN181"	NA	9
"GGTGTTACACATGGGA"	""	"ERX6700418"	"ERP132580"	"testis"	"Zygotene_Spermatocytes"	NA	NA	NA	"CL:0000017"	"spermatocyte"	"missing child term"	"SN181"	NA	11
"GGTGTTACATTCTCAT"	""	"ERX6700418"	"ERP132580"	"testis"	"Late_Round_spermatids"	NA	NA	NA	"CL:4030036"	"early spermatid"	"other"	"SN181"	NA	5
"GGTGTTAGTATAGGTA"	""	"ERX6700418"	"ERP132580"	"testis"	"Sertoli"	NA	NA	NA	"CL:0000216"	"Sertoli cell"	"perfect match"	"SN181"	NA	8
"GGTGTTAGTCATGCCG"	""	"ERX6700418"	"ERP132580"	"testis"	"Zygotene_Spermatocytes"	NA	NA	NA	"CL:0000017"	"spermatocyte"	"missing child term"	"SN181"	NA	11
"GTAACGTAGAAACGAG"	""	"ERX6700418"	"ERP132580"	"testis"	"Elongated_spermatids"	NA	NA	NA	"CL:4030037"	"late spermatid"	"perfect match"	"SN181"	NA	4
"GTAACGTAGACACTAA"	""	"ERX6700418"	"ERP132580"	"testis"	"Late_Round_spermatids"	NA	NA	NA	"CL:4030036"	"early spermatid"	"other"	"SN181"	NA	5
"GTAACGTAGCGAAGGG"	""	"ERX6700418"	"ERP132580"	"testis"	"Pachytene_Spermatocytes"	NA	NA	NA	"CL:0000017"	"spermatocyte"	"missing child term"	"SN181"	NA	6
"GTAACGTAGGCAGGTT"	""	"ERX6700418"	"ERP132580"	"testis"	"Sertoli"	NA	NA	NA	"CL:0000216"	"Sertoli cell"	"perfect match"	"SN181"	NA	8
"GTAACGTCACTACAGT"	""	"ERX6700418"	"ERP132580"	"testis"	"Early_Round_spermatids"	NA	NA	NA	"CL:4030036"	"early spermatid"	"perfect match"	"SN181"	NA	2
"GTAACGTGTAGAAGGA"	""	"ERX6700418"	"ERP132580"	"testis"	"Zygotene_Spermatocytes"	NA	NA	NA	"CL:0000017"	"spermatocyte"	"missing child term"	"SN181"	NA	11
"GTAACGTGTCGCGGTT"	""	"ERX6700418"	"ERP132580"	"testis"	"Other_somatic"	NA	NA	NA	"CL:0002371"	"somatic cell"	"perfect match"	"SN181"	NA	3
"GTAACGTGTCTAAACC"	""	"ERX6700418"	"ERP132580"	"testis"	"Early_Round_spermatids"	NA	NA	NA	"CL:4030036"	"early spermatid"	"perfect match"	"SN181"	NA	2
"GTAACGTGTTCGGGCT"	""	"ERX6700418"	"ERP132580"	"testis"	"Zygotene_Spermatocytes"	NA	NA	NA	"CL:0000017"	"spermatocyte"	"missing child term"	"SN181"	NA	11
"GTAACGTTCGCCAGCA"	""	"ERX6700418"	"ERP132580"	"testis"	"Sertoli"	NA	NA	NA	"CL:0000216"	"Sertoli cell"	"perfect match"	"SN181"	NA	8
"GTAACGTTCGGTCTAA"	""	"ERX6700418"	"ERP132580"	"testis"	"Late_Round_spermatids"	NA	NA	NA	"CL:4030036"	"early spermatid"	"other"	"SN181"	NA	5
"GTAACTGAGGTGTGGT"	""	"ERX6700418"	"ERP132580"	"testis"	"Leptotene_Spermatocytes"	NA	NA	NA	"CL:0000017"	"spermatocyte"	"missing child term"	"SN181"	NA	7
"GTAACTGCAGCGTAAG"	""	"ERX6700418"	"ERP132580"	"testis"	"Zygotene_Spermatocytes"	NA	NA	NA	"CL:0000017"	"spermatocyte"	"missing child term"	"SN181"	NA	11
"GTAACTGCATCCTTGC"	""	"ERX6700418"	"ERP132580"	"testis"	"Pachytene_Spermatocytes"	NA	NA	NA	"CL:0000017"	"spermatocyte"	"missing child term"	"SN181"	NA	6
"GTAACTGCATGCTAGT"	""	"ERX6700418"	"ERP132580"	"testis"	"Sertoli"	NA	NA	NA	"CL:0000216"	"Sertoli cell"	"perfect match"	"SN181"	NA	8
"GTAACTGCATTAGGCT"	""	"ERX6700418"	"ERP132580"	"testis"	"Differentiated_Spermatogonia"	NA	NA	NA	"CL:0000020"	"spermatogonium"	"perfect match"	"SN181"	NA	9
"GTAACTGGTAAAGTCA"	""	"ERX6700418"	"ERP132580"	"testis"	"Other_somatic"	NA	NA	NA	"CL:0002371"	"somatic cell"	"perfect match"	"SN181"	NA	3
"GTAACTGGTGTTCGAT"	""	"ERX6700418"	"ERP132580"	"testis"	"Pachytene_Spermatocytes"	NA	NA	NA	"CL:0000017"	"spermatocyte"	"missing child term"	"SN181"	NA	6
"GTACGTAAGAGCTATA"	""	"ERX6700418"	"ERP132580"	"testis"	"Differentiated_Spermatogonia"	NA	NA	NA	"CL:0000020"	"spermatogonium"	"perfect match"	"SN181"	NA	9
"GTACGTAAGATCACGG"	""	"ERX6700418"	"ERP132580"	"testis"	"Elongated_spermatids"	NA	NA	NA	"CL:4030037"	"late spermatid"	"perfect match"	"SN181"	NA	4
"GTACGTACATACGCCG"	""	"ERX6700418"	"ERP132580"	"testis"	"Pachytene_Spermatocytes"	NA	NA	NA	"CL:0000017"	"spermatocyte"	"missing child term"	"SN181"	NA	6
"GTACGTACATGGTAGG"	""	"ERX6700418"	"ERP132580"	"testis"	"Elongated_spermatids"	NA	NA	NA	"CL:4030037"	"late spermatid"	"perfect match"	"SN181"	NA	4
"GTACGTAGTGCCTGTG"	""	"ERX6700418"	"ERP132580"	"testis"	"Elongated_spermatids"	NA	NA	NA	"CL:4030037"	"late spermatid"	"perfect match"	"SN181"	NA	4
"GTACGTATCTACTTAC"	""	"ERX6700418"	"ERP132580"	"testis"	"Leptotene_Spermatocytes"	NA	NA	NA	"CL:0000017"	"spermatocyte"	"missing child term"	"SN181"	NA	7
"GTACGTATCTCCGGTT"	""	"ERX6700418"	"ERP132580"	"testis"	"Elongated_spermatids"	NA	NA	NA	"CL:4030037"	"late spermatid"	"perfect match"	"SN181"	NA	4
"GTACTCCAGAAGGTGA"	""	"ERX6700418"	"ERP132580"	"testis"	"Zygotene_Spermatocytes"	NA	NA	NA	"CL:0000017"	"spermatocyte"	"missing child term"	"SN181"	NA	11
"GTACTCCAGCTCTCGG"	""	"ERX6700418"	"ERP132580"	"testis"	"Pachytene_Spermatocytes"	NA	NA	NA	"CL:0000017"	"spermatocyte"	"missing child term"	"SN181"	NA	6
"GTACTCCAGGCATGGT"	""	"ERX6700418"	"ERP132580"	"testis"	"Sertoli"	NA	NA	NA	"CL:0000216"	"Sertoli cell"	"perfect match"	"SN181"	NA	8
"GTACTCCAGTCAAGCG"	""	"ERX6700418"	"ERP132580"	"testis"	"Sertoli"	NA	NA	NA	"CL:0000216"	"Sertoli cell"	"perfect match"	"SN181"	NA	8
"GTACTCCAGTCCATAC"	""	"ERX6700418"	"ERP132580"	"testis"	"Pachytene_Spermatocytes"	NA	NA	NA	"CL:0000017"	"spermatocyte"	"missing child term"	"SN181"	NA	6
"GTACTCCCAGACTCGC"	""	"ERX6700418"	"ERP132580"	"testis"	"Other_somatic"	NA	NA	NA	"CL:0002371"	"somatic cell"	"perfect match"	"SN181"	NA	3
"GTACTCCCAGCGTCCA"	""	"ERX6700418"	"ERP132580"	"testis"	"Late_Round_spermatids"	NA	NA	NA	"CL:4030036"	"early spermatid"	"other"	"SN181"	NA	5
"GTACTCCCAGGCAGTA"	""	"ERX6700418"	"ERP132580"	"testis"	"Elongated_spermatids"	NA	NA	NA	"CL:4030037"	"late spermatid"	"perfect match"	"SN181"	NA	4
"GTACTCCCAGGGTATG"	""	"ERX6700418"	"ERP132580"	"testis"	"Undifferentiated_Spermatogonia"	NA	NA	NA	"CL:0000016"	"male germ line stem cell"	"other"	"SN181"	NA	1
"GTACTCCCATAGAAAC"	""	"ERX6700418"	"ERP132580"	"testis"	"Early_Round_spermatids"	NA	NA	NA	"CL:4030036"	"early spermatid"	"perfect match"	"SN181"	NA	2
"GTACTCCCATTGGTAC"	""	"ERX6700418"	"ERP132580"	"testis"	"Pachytene_Spermatocytes"	NA	NA	NA	"CL:0000017"	"spermatocyte"	"missing child term"	"SN181"	NA	6
"GTACTCCTCAACACAC"	""	"ERX6700418"	"ERP132580"	"testis"	"Late_Round_spermatids"	NA	NA	NA	"CL:4030036"	"early spermatid"	"other"	"SN181"	NA	5
"GTACTCCTCCCATTAT"	""	"ERX6700418"	"ERP132580"	"testis"	"Elongated_spermatids"	NA	NA	NA	"CL:4030037"	"late spermatid"	"perfect match"	"SN181"	NA	4
"GTACTCCTCTGCCAGG"	""	"ERX6700418"	"ERP132580"	"testis"	"Elongated_spermatids"	NA	NA	NA	"CL:4030037"	"late spermatid"	"perfect match"	"SN181"	NA	4
"GTACTTTAGAGCCTAG"	""	"ERX6700418"	"ERP132580"	"testis"	"Undifferentiated_Spermatogonia"	NA	NA	NA	"CL:0000016"	"male germ line stem cell"	"other"	"SN181"	NA	1
"GTACTTTAGCTAGCCC"	""	"ERX6700418"	"ERP132580"	"testis"	"Late_Round_spermatids"	NA	NA	NA	"CL:4030036"	"early spermatid"	"other"	"SN181"	NA	5
"GTACTTTAGCTCTCGG"	""	"ERX6700418"	"ERP132580"	"testis"	"Early_Round_spermatids"	NA	NA	NA	"CL:4030036"	"early spermatid"	"perfect match"	"SN181"	NA	2
"GTACTTTGTCTAGCCG"	""	"ERX6700418"	"ERP132580"	"testis"	"Early_Round_spermatids"	NA	NA	NA	"CL:4030036"	"early spermatid"	"perfect match"	"SN181"	NA	2
"GTACTTTTCAACGGGA"	""	"ERX6700418"	"ERP132580"	"testis"	"Sertoli"	NA	NA	NA	"CL:0000216"	"Sertoli cell"	"perfect match"	"SN181"	NA	8
"GTACTTTTCCTAGAAC"	""	"ERX6700418"	"ERP132580"	"testis"	"Sertoli"	NA	NA	NA	"CL:0000216"	"Sertoli cell"	"perfect match"	"SN181"	NA	8
"GTAGGCCAGGGAACGG"	""	"ERX6700418"	"ERP132580"	"testis"	"Late_Round_spermatids"	NA	NA	NA	"CL:4030036"	"early spermatid"	"other"	"SN181"	NA	5
"GTAGGCCAGTGTGAAT"	""	"ERX6700418"	"ERP132580"	"testis"	"Early_Round_spermatids"	NA	NA	NA	"CL:4030036"	"early spermatid"	"perfect match"	"SN181"	NA	2
"GTAGGCCCATGCTAGT"	""	"ERX6700418"	"ERP132580"	"testis"	"Late_Round_spermatids"	NA	NA	NA	"CL:4030036"	"early spermatid"	"other"	"SN181"	NA	5
"GTAGGCCGTATAGGGC"	""	"ERX6700418"	"ERP132580"	"testis"	"Leptotene_Spermatocytes"	NA	NA	NA	"CL:0000017"	"spermatocyte"	"missing child term"	"SN181"	NA	7
"GTAGGCCTCGCGCCAA"	""	"ERX6700418"	"ERP132580"	"testis"	"Elongated_spermatids"	NA	NA	NA	"CL:4030037"	"late spermatid"	"perfect match"	"SN181"	NA	4
"GTAGTCAAGTATCTCG"	""	"ERX6700418"	"ERP132580"	"testis"	"Zygotene_Spermatocytes"	NA	NA	NA	"CL:0000017"	"spermatocyte"	"missing child term"	"SN181"	NA	11
"GTAGTCAGTACATCCA"	""	"ERX6700418"	"ERP132580"	"testis"	"Early_Round_spermatids"	NA	NA	NA	"CL:4030036"	"early spermatid"	"perfect match"	"SN181"	NA	2
"GTAGTCAGTATTCGTG"	""	"ERX6700418"	"ERP132580"	"testis"	"Pachytene_Spermatocytes"	NA	NA	NA	"CL:0000017"	"spermatocyte"	"missing child term"	"SN181"	NA	6
"GTAGTCAGTTAAAGAC"	""	"ERX6700418"	"ERP132580"	"testis"	"Differentiated_Spermatogonia"	NA	NA	NA	"CL:0000020"	"spermatogonium"	"perfect match"	"SN181"	NA	9
"GTAGTCATCAACGGGA"	""	"ERX6700418"	"ERP132580"	"testis"	"Early_Round_spermatids"	NA	NA	NA	"CL:4030036"	"early spermatid"	"perfect match"	"SN181"	NA	2
"GTAGTCATCGCCATAA"	""	"ERX6700418"	"ERP132580"	"testis"	"Other_somatic"	NA	NA	NA	"CL:0002371"	"somatic cell"	"perfect match"	"SN181"	NA	3
"GTAGTCATCTGGCGTG"	""	"ERX6700418"	"ERP132580"	"testis"	"Late_Round_spermatids"	NA	NA	NA	"CL:4030036"	"early spermatid"	"other"	"SN181"	NA	5
"GTATCTTCACAAGACG"	""	"ERX6700418"	"ERP132580"	"testis"	"Elongated_spermatids"	NA	NA	NA	"CL:4030037"	"late spermatid"	"perfect match"	"SN181"	NA	4
"GTATCTTCAGCTGCTG"	""	"ERX6700418"	"ERP132580"	"testis"	"Elongated_spermatids"	NA	NA	NA	"CL:4030037"	"late spermatid"	"perfect match"	"SN181"	NA	4
"GTATCTTCAGCTTCGG"	""	"ERX6700418"	"ERP132580"	"testis"	"Late_Round_spermatids"	NA	NA	NA	"CL:4030036"	"early spermatid"	"other"	"SN181"	NA	5
"GTATCTTCATGAGCGA"	""	"ERX6700418"	"ERP132580"	"testis"	"Undifferentiated_Spermatogonia"	NA	NA	NA	"CL:0000016"	"male germ line stem cell"	"other"	"SN181"	NA	1
"GTATCTTGTAAGGGCT"	""	"ERX6700418"	"ERP132580"	"testis"	"Pachytene_Spermatocytes"	NA	NA	NA	"CL:0000017"	"spermatocyte"	"missing child term"	"SN181"	NA	6
"GTATCTTGTCACAAGG"	""	"ERX6700418"	"ERP132580"	"testis"	"Elongated_spermatids"	NA	NA	NA	"CL:4030037"	"late spermatid"	"perfect match"	"SN181"	NA	4
"GTATCTTGTTTGACTG"	""	"ERX6700418"	"ERP132580"	"testis"	"Pachytene_Spermatocytes"	NA	NA	NA	"CL:0000017"	"spermatocyte"	"missing child term"	"SN181"	NA	6
"GTATTCTCAAGCTGGA"	""	"ERX6700418"	"ERP132580"	"testis"	"Leptotene_Spermatocytes"	NA	NA	NA	"CL:0000017"	"spermatocyte"	"missing child term"	"SN181"	NA	7
"GTATTCTCACGGCTAC"	""	"ERX6700418"	"ERP132580"	"testis"	"Leptotene_Spermatocytes"	NA	NA	NA	"CL:0000017"	"spermatocyte"	"missing child term"	"SN181"	NA	7
"GTATTCTTCAAGAAGT"	""	"ERX6700418"	"ERP132580"	"testis"	"Elongated_spermatids"	NA	NA	NA	"CL:4030037"	"late spermatid"	"perfect match"	"SN181"	NA	4
"GTATTCTTCACGACTA"	""	"ERX6700418"	"ERP132580"	"testis"	"Pachytene_Spermatocytes"	NA	NA	NA	"CL:0000017"	"spermatocyte"	"missing child term"	"SN181"	NA	6
"GTATTCTTCAGTCCCT"	""	"ERX6700418"	"ERP132580"	"testis"	"Sertoli"	NA	NA	NA	"CL:0000216"	"Sertoli cell"	"perfect match"	"SN181"	NA	8
"GTATTCTTCAGTGCAT"	""	"ERX6700418"	"ERP132580"	"testis"	"Sertoli"	NA	NA	NA	"CL:0000216"	"Sertoli cell"	"perfect match"	"SN181"	NA	8
"GTCAAGTAGACCGGAT"	""	"ERX6700418"	"ERP132580"	"testis"	"Sertoli"	NA	NA	NA	"CL:0000216"	"Sertoli cell"	"perfect match"	"SN181"	NA	8
"GTCAAGTAGAGCTATA"	""	"ERX6700418"	"ERP132580"	"testis"	"Sertoli"	NA	NA	NA	"CL:0000216"	"Sertoli cell"	"perfect match"	"SN181"	NA	8
"GTCAAGTAGCTGAACG"	""	"ERX6700418"	"ERP132580"	"testis"	"Leptotene_Spermatocytes"	NA	NA	NA	"CL:0000017"	"spermatocyte"	"missing child term"	"SN181"	NA	7
"GTCAAGTCAAGGGTCA"	""	"ERX6700418"	"ERP132580"	"testis"	"Pachytene_Spermatocytes"	NA	NA	NA	"CL:0000017"	"spermatocyte"	"missing child term"	"SN181"	NA	6
"GTCAAGTCACCGCTAG"	""	"ERX6700418"	"ERP132580"	"testis"	"Undifferentiated_Spermatogonia"	NA	NA	NA	"CL:0000016"	"male germ line stem cell"	"other"	"SN181"	NA	1
"GTCAAGTGTAAGTAGT"	""	"ERX6700418"	"ERP132580"	"testis"	"Early_Round_spermatids"	NA	NA	NA	"CL:4030036"	"early spermatid"	"perfect match"	"SN181"	NA	2
"GTCAAGTGTCGGATCC"	""	"ERX6700418"	"ERP132580"	"testis"	"Undifferentiated_Spermatogonia"	NA	NA	NA	"CL:0000016"	"male germ line stem cell"	"other"	"SN181"	NA	1
"GTCAAGTTCGCCGTGA"	""	"ERX6700418"	"ERP132580"	"testis"	"Leptotene_Spermatocytes"	NA	NA	NA	"CL:0000017"	"spermatocyte"	"missing child term"	"SN181"	NA	7
"GTCAAGTTCGCGATCG"	""	"ERX6700418"	"ERP132580"	"testis"	"Zygotene_Spermatocytes"	NA	NA	NA	"CL:0000017"	"spermatocyte"	"missing child term"	"SN181"	NA	11
"GTCAAGTTCGTTTGCC"	""	"ERX6700418"	"ERP132580"	"testis"	"Late_Round_spermatids"	NA	NA	NA	"CL:4030036"	"early spermatid"	"other"	"SN181"	NA	5
"GTCAAGTTCTCCCTGA"	""	"ERX6700418"	"ERP132580"	"testis"	"Elongated_spermatids"	NA	NA	NA	"CL:4030037"	"late spermatid"	"perfect match"	"SN181"	NA	4
"GTCACAAGTATATGGA"	""	"ERX6700418"	"ERP132580"	"testis"	"Undifferentiated_Spermatogonia"	NA	NA	NA	"CL:0000016"	"male germ line stem cell"	"other"	"SN181"	NA	1
"GTCACAAGTCAATGTC"	""	"ERX6700418"	"ERP132580"	"testis"	"Elongated_spermatids"	NA	NA	NA	"CL:4030037"	"late spermatid"	"perfect match"	"SN181"	NA	4
"GTCACAAGTTATGTGC"	""	"ERX6700418"	"ERP132580"	"testis"	"Elongated_spermatids"	NA	NA	NA	"CL:4030037"	"late spermatid"	"perfect match"	"SN181"	NA	4
"GTCACAATCCACGCAG"	""	"ERX6700418"	"ERP132580"	"testis"	"Early_Round_spermatids"	NA	NA	NA	"CL:4030036"	"early spermatid"	"perfect match"	"SN181"	NA	2
"GTCACAATCGAGAACG"	""	"ERX6700418"	"ERP132580"	"testis"	"Late_Round_spermatids"	NA	NA	NA	"CL:4030036"	"early spermatid"	"other"	"SN181"	NA	5
"GTCACAATCTTCAACT"	""	"ERX6700418"	"ERP132580"	"testis"	"Sertoli"	NA	NA	NA	"CL:0000216"	"Sertoli cell"	"perfect match"	"SN181"	NA	8
"GTCACGGAGAGGTAGA"	""	"ERX6700418"	"ERP132580"	"testis"	"Late_Round_spermatids"	NA	NA	NA	"CL:4030036"	"early spermatid"	"other"	"SN181"	NA	5
"GTCACGGCACAGGTTT"	""	"ERX6700418"	"ERP132580"	"testis"	"Early_Round_spermatids"	NA	NA	NA	"CL:4030036"	"early spermatid"	"perfect match"	"SN181"	NA	2
"GTCACGGCACTATCTT"	""	"ERX6700418"	"ERP132580"	"testis"	"Leptotene_Spermatocytes"	NA	NA	NA	"CL:0000017"	"spermatocyte"	"missing child term"	"SN181"	NA	7
"GTCACGGCAGCCTGTG"	""	"ERX6700418"	"ERP132580"	"testis"	"Differentiated_Spermatogonia"	NA	NA	NA	"CL:0000020"	"spermatogonium"	"perfect match"	"SN181"	NA	9
"GTCACGGCAGGCTCAC"	""	"ERX6700418"	"ERP132580"	"testis"	"Undifferentiated_Spermatogonia"	NA	NA	NA	"CL:0000016"	"male germ line stem cell"	"other"	"SN181"	NA	1
"GTCACGGTCCAGATCA"	""	"ERX6700418"	"ERP132580"	"testis"	"Elongated_spermatids"	NA	NA	NA	"CL:4030037"	"late spermatid"	"perfect match"	"SN181"	NA	4
"GTCATTTAGCTCCTCT"	""	"ERX6700418"	"ERP132580"	"testis"	"Zygotene_Spermatocytes"	NA	NA	NA	"CL:0000017"	"spermatocyte"	"missing child term"	"SN181"	NA	11
"GTCATTTAGGCAGTCA"	""	"ERX6700418"	"ERP132580"	"testis"	"Late_Round_spermatids"	NA	NA	NA	"CL:4030036"	"early spermatid"	"other"	"SN181"	NA	5
"GTCATTTAGTACGTTC"	""	"ERX6700418"	"ERP132580"	"testis"	"Zygotene_Spermatocytes"	NA	NA	NA	"CL:0000017"	"spermatocyte"	"missing child term"	"SN181"	NA	11
"GTCATTTCACCCATGG"	""	"ERX6700418"	"ERP132580"	"testis"	"Late_Round_spermatids"	NA	NA	NA	"CL:4030036"	"early spermatid"	"other"	"SN181"	NA	5
"GTCATTTTCACAACGT"	""	"ERX6700418"	"ERP132580"	"testis"	"Early_Round_spermatids"	NA	NA	NA	"CL:4030036"	"early spermatid"	"perfect match"	"SN181"	NA	2
"GTCATTTTCGGCTACG"	""	"ERX6700418"	"ERP132580"	"testis"	"Elongated_spermatids"	NA	NA	NA	"CL:4030037"	"late spermatid"	"perfect match"	"SN181"	NA	4
"GTCATTTTCTGATACG"	""	"ERX6700418"	"ERP132580"	"testis"	"Early_Round_spermatids"	NA	NA	NA	"CL:4030036"	"early spermatid"	"perfect match"	"SN181"	NA	2
"GTCCTCACAACGATGG"	""	"ERX6700418"	"ERP132580"	"testis"	"Zygotene_Spermatocytes"	NA	NA	NA	"CL:0000017"	"spermatocyte"	"missing child term"	"SN181"	NA	11
"GTCCTCACACTAGTAC"	""	"ERX6700418"	"ERP132580"	"testis"	"Elongated_spermatids"	NA	NA	NA	"CL:4030037"	"late spermatid"	"perfect match"	"SN181"	NA	4
"GTCCTCACAGGATCGA"	""	"ERX6700418"	"ERP132580"	"testis"	"Late_Round_spermatids"	NA	NA	NA	"CL:4030036"	"early spermatid"	"other"	"SN181"	NA	5
"GTCCTCACATCATCCC"	""	"ERX6700418"	"ERP132580"	"testis"	"Leptotene_Spermatocytes"	NA	NA	NA	"CL:0000017"	"spermatocyte"	"missing child term"	"SN181"	NA	7
"GTCCTCAGTGCAACGA"	""	"ERX6700418"	"ERP132580"	"testis"	"Elongated_spermatids"	NA	NA	NA	"CL:4030037"	"late spermatid"	"perfect match"	"SN181"	NA	4
"GTCGGGTCAAATCCGT"	""	"ERX6700418"	"ERP132580"	"testis"	"Elongated_spermatids"	NA	NA	NA	"CL:4030037"	"late spermatid"	"perfect match"	"SN181"	NA	4
"GTCGGGTCAAGACGTG"	""	"ERX6700418"	"ERP132580"	"testis"	"Pachytene_Spermatocytes"	NA	NA	NA	"CL:0000017"	"spermatocyte"	"missing child term"	"SN181"	NA	6
"GTCGGGTCATGAGCGA"	""	"ERX6700418"	"ERP132580"	"testis"	"Zygotene_Spermatocytes"	NA	NA	NA	"CL:0000017"	"spermatocyte"	"missing child term"	"SN181"	NA	11
"GTCGGGTCATGCCCGA"	""	"ERX6700418"	"ERP132580"	"testis"	"Elongated_spermatids"	NA	NA	NA	"CL:4030037"	"late spermatid"	"perfect match"	"SN181"	NA	4
"GTCGGGTGTGAAAGAG"	""	"ERX6700418"	"ERP132580"	"testis"	"Sertoli"	NA	NA	NA	"CL:0000216"	"Sertoli cell"	"perfect match"	"SN181"	NA	8
"GTCGGGTGTGACCAAG"	""	"ERX6700418"	"ERP132580"	"testis"	"Sertoli"	NA	NA	NA	"CL:0000216"	"Sertoli cell"	"perfect match"	"SN181"	NA	8
"GTCGGGTGTGACGGTA"	""	"ERX6700418"	"ERP132580"	"testis"	"Differentiated_Spermatogonia"	NA	NA	NA	"CL:0000020"	"spermatogonium"	"perfect match"	"SN181"	NA	9
"GTCGGGTGTGCAGTAG"	""	"ERX6700418"	"ERP132580"	"testis"	"Undifferentiated_Spermatogonia"	NA	NA	NA	"CL:0000016"	"male germ line stem cell"	"other"	"SN181"	NA	1
"GTCGGGTTCCCGACTT"	""	"ERX6700418"	"ERP132580"	"testis"	"Undifferentiated_Spermatogonia"	NA	NA	NA	"CL:0000016"	"male germ line stem cell"	"other"	"SN181"	NA	1
"GTCGTAAAGAAGGACA"	""	"ERX6700418"	"ERP132580"	"testis"	"Leptotene_Spermatocytes"	NA	NA	NA	"CL:0000017"	"spermatocyte"	"missing child term"	"SN181"	NA	7
"GTCGTAAAGGGTCGAT"	""	"ERX6700418"	"ERP132580"	"testis"	"Sertoli"	NA	NA	NA	"CL:0000216"	"Sertoli cell"	"perfect match"	"SN181"	NA	8
"GTCGTAACACTGTGTA"	""	"ERX6700418"	"ERP132580"	"testis"	"Elongated_spermatids"	NA	NA	NA	"CL:4030037"	"late spermatid"	"perfect match"	"SN181"	NA	4
"GTCGTAACAGGTTTCA"	""	"ERX6700418"	"ERP132580"	"testis"	"Zygotene_Spermatocytes"	NA	NA	NA	"CL:0000017"	"spermatocyte"	"missing child term"	"SN181"	NA	11
"GTCGTAACATTACGAC"	""	"ERX6700418"	"ERP132580"	"testis"	"Sertoli"	NA	NA	NA	"CL:0000216"	"Sertoli cell"	"perfect match"	"SN181"	NA	8
"GTCGTAAGTAAACGCG"	""	"ERX6700418"	"ERP132580"	"testis"	"Sertoli"	NA	NA	NA	"CL:0000216"	"Sertoli cell"	"perfect match"	"SN181"	NA	8
"GTCGTAAGTCCTAGCG"	""	"ERX6700418"	"ERP132580"	"testis"	"Undifferentiated_Spermatogonia"	NA	NA	NA	"CL:0000016"	"male germ line stem cell"	"other"	"SN181"	NA	1
"GTCGTAATCACGGTTA"	""	"ERX6700418"	"ERP132580"	"testis"	"Pachytene_Spermatocytes"	NA	NA	NA	"CL:0000017"	"spermatocyte"	"missing child term"	"SN181"	NA	6
"GTCTCGTCATAGAAAC"	""	"ERX6700418"	"ERP132580"	"testis"	"Elongated_spermatids"	NA	NA	NA	"CL:4030037"	"late spermatid"	"perfect match"	"SN181"	NA	4
"GTCTCGTGTAAACGCG"	""	"ERX6700418"	"ERP132580"	"testis"	"Elongated_spermatids"	NA	NA	NA	"CL:4030037"	"late spermatid"	"perfect match"	"SN181"	NA	4
"GTCTCGTTCCAAAGTC"	""	"ERX6700418"	"ERP132580"	"testis"	"Pachytene_Spermatocytes"	NA	NA	NA	"CL:0000017"	"spermatocyte"	"missing child term"	"SN181"	NA	6
"GTCTCGTTCGCAAGCC"	""	"ERX6700418"	"ERP132580"	"testis"	"Pachytene_Spermatocytes"	NA	NA	NA	"CL:0000017"	"spermatocyte"	"missing child term"	"SN181"	NA	6
"GTCTTCGGTACGACCC"	""	"ERX6700418"	"ERP132580"	"testis"	"Other_somatic"	NA	NA	NA	"CL:0002371"	"somatic cell"	"perfect match"	"SN181"	NA	3
"GTCTTCGTCATCATTC"	""	"ERX6700418"	"ERP132580"	"testis"	"Late_Round_spermatids"	NA	NA	NA	"CL:4030036"	"early spermatid"	"other"	"SN181"	NA	5
"GTCTTCGTCGCCTGAG"	""	"ERX6700418"	"ERP132580"	"testis"	"Undifferentiated_Spermatogonia"	NA	NA	NA	"CL:0000016"	"male germ line stem cell"	"other"	"SN181"	NA	1
"GTGAAGGCACGCTTTC"	""	"ERX6700418"	"ERP132580"	"testis"	"Sertoli"	NA	NA	NA	"CL:0000216"	"Sertoli cell"	"perfect match"	"SN181"	NA	8
"GTGAAGGGTTCTGTTT"	""	"ERX6700418"	"ERP132580"	"testis"	"Differentiated_Spermatogonia"	NA	NA	NA	"CL:0000020"	"spermatogonium"	"perfect match"	"SN181"	NA	9
"GTGAAGGGTTTGTGTG"	""	"ERX6700418"	"ERP132580"	"testis"	"Pachytene_Spermatocytes"	NA	NA	NA	"CL:0000017"	"spermatocyte"	"missing child term"	"SN181"	NA	6
"GTGAAGGTCGACCAGC"	""	"ERX6700418"	"ERP132580"	"testis"	"Other_somatic"	NA	NA	NA	"CL:0002371"	"somatic cell"	"perfect match"	"SN181"	NA	3
"GTGCAGCAGAATAGGG"	""	"ERX6700418"	"ERP132580"	"testis"	"Pachytene_Spermatocytes"	NA	NA	NA	"CL:0000017"	"spermatocyte"	"missing child term"	"SN181"	NA	6
"GTGCAGCAGAATTGTG"	""	"ERX6700418"	"ERP132580"	"testis"	"Elongated_spermatids"	NA	NA	NA	"CL:4030037"	"late spermatid"	"perfect match"	"SN181"	NA	4
"GTGCAGCAGATCGATA"	""	"ERX6700418"	"ERP132580"	"testis"	"Early_Round_spermatids"	NA	NA	NA	"CL:4030036"	"early spermatid"	"perfect match"	"SN181"	NA	2
"GTGCAGCAGCGTGAGT"	""	"ERX6700418"	"ERP132580"	"testis"	"Sertoli"	NA	NA	NA	"CL:0000216"	"Sertoli cell"	"perfect match"	"SN181"	NA	8
"GTGCAGCCAGTACACT"	""	"ERX6700418"	"ERP132580"	"testis"	"Late_Round_spermatids"	NA	NA	NA	"CL:4030036"	"early spermatid"	"other"	"SN181"	NA	5
"GTGCAGCCATGCATGT"	""	"ERX6700418"	"ERP132580"	"testis"	"Leptotene_Spermatocytes"	NA	NA	NA	"CL:0000017"	"spermatocyte"	"missing child term"	"SN181"	NA	7
"GTGCAGCTCACCACCT"	""	"ERX6700418"	"ERP132580"	"testis"	"Sertoli"	NA	NA	NA	"CL:0000216"	"Sertoli cell"	"perfect match"	"SN181"	NA	8
"GTGCAGCTCCGCAAGC"	""	"ERX6700418"	"ERP132580"	"testis"	"Sertoli"	NA	NA	NA	"CL:0000216"	"Sertoli cell"	"perfect match"	"SN181"	NA	8
"GTGCAGCTCGCGTAGC"	""	"ERX6700418"	"ERP132580"	"testis"	"Pachytene_Spermatocytes"	NA	NA	NA	"CL:0000017"	"spermatocyte"	"missing child term"	"SN181"	NA	6
"GTGCATAGTTACGACT"	""	"ERX6700418"	"ERP132580"	"testis"	"Pachytene_Spermatocytes"	NA	NA	NA	"CL:0000017"	"spermatocyte"	"missing child term"	"SN181"	NA	6
"GTGCATAGTTATCACG"	""	"ERX6700418"	"ERP132580"	"testis"	"Elongated_spermatids"	NA	NA	NA	"CL:4030037"	"late spermatid"	"perfect match"	"SN181"	NA	4
"GTGCATATCAACACCA"	""	"ERX6700418"	"ERP132580"	"testis"	"Undifferentiated_Spermatogonia"	NA	NA	NA	"CL:0000016"	"male germ line stem cell"	"other"	"SN181"	NA	1
"GTGCATATCGGCCGAT"	""	"ERX6700418"	"ERP132580"	"testis"	"Late_Round_spermatids"	NA	NA	NA	"CL:4030036"	"early spermatid"	"other"	"SN181"	NA	5
"GTGCATATCTCGTATT"	""	"ERX6700418"	"ERP132580"	"testis"	"Pachytene_Spermatocytes"	NA	NA	NA	"CL:0000017"	"spermatocyte"	"missing child term"	"SN181"	NA	6
"GTGCGGTAGATGGGTC"	""	"ERX6700418"	"ERP132580"	"testis"	"Pachytene_Spermatocytes"	NA	NA	NA	"CL:0000017"	"spermatocyte"	"missing child term"	"SN181"	NA	6
"GTGCGGTCAGTTAACC"	""	"ERX6700418"	"ERP132580"	"testis"	"Early_Round_spermatids"	NA	NA	NA	"CL:4030036"	"early spermatid"	"perfect match"	"SN181"	NA	2
"GTGCGGTCATCACGTA"	""	"ERX6700418"	"ERP132580"	"testis"	"Undifferentiated_Spermatogonia"	NA	NA	NA	"CL:0000016"	"male germ line stem cell"	"other"	"SN181"	NA	1
"GTGCGGTGTCCTGCTT"	""	"ERX6700418"	"ERP132580"	"testis"	"Elongated_spermatids"	NA	NA	NA	"CL:4030037"	"late spermatid"	"perfect match"	"SN181"	NA	4
"GTGCGGTTCCCAGGTG"	""	"ERX6700418"	"ERP132580"	"testis"	"Early_Round_spermatids"	NA	NA	NA	"CL:4030036"	"early spermatid"	"perfect match"	"SN181"	NA	2
"GTGCGGTTCGACAGCC"	""	"ERX6700418"	"ERP132580"	"testis"	"Elongated_spermatids"	NA	NA	NA	"CL:4030037"	"late spermatid"	"perfect match"	"SN181"	NA	4
"GTGCGGTTCTGTTGAG"	""	"ERX6700418"	"ERP132580"	"testis"	"Elongated_spermatids"	NA	NA	NA	"CL:4030037"	"late spermatid"	"perfect match"	"SN181"	NA	4
"GTGCTTCAGAGGGCTT"	""	"ERX6700418"	"ERP132580"	"testis"	"Sertoli"	NA	NA	NA	"CL:0000216"	"Sertoli cell"	"perfect match"	"SN181"	NA	8
"GTGCTTCAGCCCAATT"	""	"ERX6700418"	"ERP132580"	"testis"	"Differentiated_Spermatogonia"	NA	NA	NA	"CL:0000020"	"spermatogonium"	"perfect match"	"SN181"	NA	9
"GTGCTTCAGCGCTCCA"	""	"ERX6700418"	"ERP132580"	"testis"	"Differentiated_Spermatogonia"	NA	NA	NA	"CL:0000020"	"spermatogonium"	"perfect match"	"SN181"	NA	9
"GTGCTTCGTCATATCG"	""	"ERX6700418"	"ERP132580"	"testis"	"Undifferentiated_Spermatogonia"	NA	NA	NA	"CL:0000016"	"male germ line stem cell"	"other"	"SN181"	NA	1
"GTGCTTCGTGATAAAC"	""	"ERX6700418"	"ERP132580"	"testis"	"Elongated_spermatids"	NA	NA	NA	"CL:4030037"	"late spermatid"	"perfect match"	"SN181"	NA	4
"GTGCTTCTCGTGGTCG"	""	"ERX6700418"	"ERP132580"	"testis"	"Early_Round_spermatids"	NA	NA	NA	"CL:4030036"	"early spermatid"	"perfect match"	"SN181"	NA	2
"GTGGGTCAGAAACGCC"	""	"ERX6700418"	"ERP132580"	"testis"	"Pachytene_Spermatocytes"	NA	NA	NA	"CL:0000017"	"spermatocyte"	"missing child term"	"SN181"	NA	6
"GTGGGTCAGAAGAAGC"	""	"ERX6700418"	"ERP132580"	"testis"	"Undifferentiated_Spermatogonia"	NA	NA	NA	"CL:0000016"	"male germ line stem cell"	"other"	"SN181"	NA	1
"GTGGGTCAGGGCACTA"	""	"ERX6700418"	"ERP132580"	"testis"	"Sertoli"	NA	NA	NA	"CL:0000216"	"Sertoli cell"	"perfect match"	"SN181"	NA	8
"GTGGGTCTCGAATGGG"	""	"ERX6700418"	"ERP132580"	"testis"	"Late_Round_spermatids"	NA	NA	NA	"CL:4030036"	"early spermatid"	"other"	"SN181"	NA	5
"GTGTGCGAGGGATACC"	""	"ERX6700418"	"ERP132580"	"testis"	"Pachytene_Spermatocytes"	NA	NA	NA	"CL:0000017"	"spermatocyte"	"missing child term"	"SN181"	NA	6
"GTGTGCGCAAGGACAC"	""	"ERX6700418"	"ERP132580"	"testis"	"Late_Round_spermatids"	NA	NA	NA	"CL:4030036"	"early spermatid"	"other"	"SN181"	NA	5
"GTGTGCGCAATAGAGT"	""	"ERX6700418"	"ERP132580"	"testis"	"Early_Round_spermatids"	NA	NA	NA	"CL:4030036"	"early spermatid"	"perfect match"	"SN181"	NA	2
"GTGTGCGCACATGTGT"	""	"ERX6700418"	"ERP132580"	"testis"	"Pachytene_Spermatocytes"	NA	NA	NA	"CL:0000017"	"spermatocyte"	"missing child term"	"SN181"	NA	6
"GTGTGCGCATGGTCTA"	""	"ERX6700418"	"ERP132580"	"testis"	"Undifferentiated_Spermatogonia"	NA	NA	NA	"CL:0000016"	"male germ line stem cell"	"other"	"SN181"	NA	1
"GTGTGCGGTCCCTTGT"	""	"ERX6700418"	"ERP132580"	"testis"	"Elongated_spermatids"	NA	NA	NA	"CL:4030037"	"late spermatid"	"perfect match"	"SN181"	NA	4
"GTGTGCGGTCCGAATT"	""	"ERX6700418"	"ERP132580"	"testis"	"Elongated_spermatids"	NA	NA	NA	"CL:4030037"	"late spermatid"	"perfect match"	"SN181"	NA	4
"GTGTGCGTCTACCTGC"	""	"ERX6700418"	"ERP132580"	"testis"	"Undifferentiated_Spermatogonia"	NA	NA	NA	"CL:0000016"	"male germ line stem cell"	"other"	"SN181"	NA	1
"GTGTGCGTCTCTTATG"	""	"ERX6700418"	"ERP132580"	"testis"	"Differentiated_Spermatogonia"	NA	NA	NA	"CL:0000020"	"spermatogonium"	"perfect match"	"SN181"	NA	9
"GTGTTAGCAGGAACGT"	""	"ERX6700418"	"ERP132580"	"testis"	"Pachytene_Spermatocytes"	NA	NA	NA	"CL:0000017"	"spermatocyte"	"missing child term"	"SN181"	NA	6
"GTGTTAGCAGTGGGAT"	""	"ERX6700418"	"ERP132580"	"testis"	"Pachytene_Spermatocytes"	NA	NA	NA	"CL:0000017"	"spermatocyte"	"missing child term"	"SN181"	NA	6
"GTGTTAGGTCCTCCAT"	""	"ERX6700418"	"ERP132580"	"testis"	"Differentiated_Spermatogonia"	NA	NA	NA	"CL:0000020"	"spermatogonium"	"perfect match"	"SN181"	NA	9
"GTTAAGCAGCCCGAAA"	""	"ERX6700418"	"ERP132580"	"testis"	"Other_somatic"	NA	NA	NA	"CL:0002371"	"somatic cell"	"perfect match"	"SN181"	NA	3
"GTTAAGCAGGATGCGT"	""	"ERX6700418"	"ERP132580"	"testis"	"Elongated_spermatids"	NA	NA	NA	"CL:4030037"	"late spermatid"	"perfect match"	"SN181"	NA	4
"GTTAAGCCAAGCGTAG"	""	"ERX6700418"	"ERP132580"	"testis"	"Pachytene_Spermatocytes"	NA	NA	NA	"CL:0000017"	"spermatocyte"	"missing child term"	"SN181"	NA	6
"GTTAAGCCACATGACT"	""	"ERX6700418"	"ERP132580"	"testis"	"Zygotene_Spermatocytes"	NA	NA	NA	"CL:0000017"	"spermatocyte"	"missing child term"	"SN181"	NA	11
"GTTAAGCCACCGATAT"	""	"ERX6700418"	"ERP132580"	"testis"	"Pachytene_Spermatocytes"	NA	NA	NA	"CL:0000017"	"spermatocyte"	"missing child term"	"SN181"	NA	6
"GTTAAGCCATGGTTGT"	""	"ERX6700418"	"ERP132580"	"testis"	"Undifferentiated_Spermatogonia"	NA	NA	NA	"CL:0000016"	"male germ line stem cell"	"other"	"SN181"	NA	1
"GTTAAGCGTAGCTAAA"	""	"ERX6700418"	"ERP132580"	"testis"	"Pachytene_Spermatocytes"	NA	NA	NA	"CL:0000017"	"spermatocyte"	"missing child term"	"SN181"	NA	6
"GTTAAGCGTATATGGA"	""	"ERX6700418"	"ERP132580"	"testis"	"Leptotene_Spermatocytes"	NA	NA	NA	"CL:0000017"	"spermatocyte"	"missing child term"	"SN181"	NA	7
"GTTAAGCGTCGAGTTT"	""	"ERX6700418"	"ERP132580"	"testis"	"Zygotene_Spermatocytes"	NA	NA	NA	"CL:0000017"	"spermatocyte"	"missing child term"	"SN181"	NA	11
"GTTACAGAGGACATTA"	""	"ERX6700418"	"ERP132580"	"testis"	"Elongated_spermatids"	NA	NA	NA	"CL:4030037"	"late spermatid"	"perfect match"	"SN181"	NA	4
"GTTACAGCACCAGATT"	""	"ERX6700418"	"ERP132580"	"testis"	"Zygotene_Spermatocytes"	NA	NA	NA	"CL:0000017"	"spermatocyte"	"missing child term"	"SN181"	NA	11
"GTTACAGCACGAAAGC"	""	"ERX6700418"	"ERP132580"	"testis"	"Elongated_spermatids"	NA	NA	NA	"CL:4030037"	"late spermatid"	"perfect match"	"SN181"	NA	4
"GTTACAGCATTCACTT"	""	"ERX6700418"	"ERP132580"	"testis"	"Elongated_spermatids"	NA	NA	NA	"CL:4030037"	"late spermatid"	"perfect match"	"SN181"	NA	4
"GTTACAGGTAACGACG"	""	"ERX6700418"	"ERP132580"	"testis"	"Late_Round_spermatids"	NA	NA	NA	"CL:4030036"	"early spermatid"	"other"	"SN181"	NA	5
"GTTACAGTCACGGTTA"	""	"ERX6700418"	"ERP132580"	"testis"	"Leptotene_Spermatocytes"	NA	NA	NA	"CL:0000017"	"spermatocyte"	"missing child term"	"SN181"	NA	7
"GTTACAGTCCTGTACC"	""	"ERX6700418"	"ERP132580"	"testis"	"Pachytene_Spermatocytes"	NA	NA	NA	"CL:0000017"	"spermatocyte"	"missing child term"	"SN181"	NA	6
"GTTACAGTCTGGCGAC"	""	"ERX6700418"	"ERP132580"	"testis"	"Elongated_spermatids"	NA	NA	NA	"CL:4030037"	"late spermatid"	"perfect match"	"SN181"	NA	4
"GTTCATTAGAAGGCCT"	""	"ERX6700418"	"ERP132580"	"testis"	"Pachytene_Spermatocytes"	NA	NA	NA	"CL:0000017"	"spermatocyte"	"missing child term"	"SN181"	NA	6
"GTTCATTAGATATGCA"	""	"ERX6700418"	"ERP132580"	"testis"	"Leptotene_Spermatocytes"	NA	NA	NA	"CL:0000017"	"spermatocyte"	"missing child term"	"SN181"	NA	7
"GTTCATTAGTTCGCAT"	""	"ERX6700418"	"ERP132580"	"testis"	"Differentiated_Spermatogonia"	NA	NA	NA	"CL:0000020"	"spermatogonium"	"perfect match"	"SN181"	NA	9
"GTTCATTCATTAGGCT"	""	"ERX6700418"	"ERP132580"	"testis"	"Leptotene_Spermatocytes"	NA	NA	NA	"CL:0000017"	"spermatocyte"	"missing child term"	"SN181"	NA	7
"GTTCATTTCACTTCAT"	""	"ERX6700418"	"ERP132580"	"testis"	"Late_Round_spermatids"	NA	NA	NA	"CL:4030036"	"early spermatid"	"other"	"SN181"	NA	5
"GTTCATTTCGAGCCCA"	""	"ERX6700418"	"ERP132580"	"testis"	"Early_Round_spermatids"	NA	NA	NA	"CL:4030036"	"early spermatid"	"perfect match"	"SN181"	NA	2
"GTTCATTTCGTCTGCT"	""	"ERX6700418"	"ERP132580"	"testis"	"Elongated_spermatids"	NA	NA	NA	"CL:4030037"	"late spermatid"	"perfect match"	"SN181"	NA	4
"GTTCGGGAGCCAGTAG"	""	"ERX6700418"	"ERP132580"	"testis"	"Pachytene_Spermatocytes"	NA	NA	NA	"CL:0000017"	"spermatocyte"	"missing child term"	"SN181"	NA	6
"GTTCGGGAGCTTCGCG"	""	"ERX6700418"	"ERP132580"	"testis"	"Elongated_spermatids"	NA	NA	NA	"CL:4030037"	"late spermatid"	"perfect match"	"SN181"	NA	4
"GTTCGGGAGTTCGATC"	""	"ERX6700418"	"ERP132580"	"testis"	"Zygotene_Spermatocytes"	NA	NA	NA	"CL:0000017"	"spermatocyte"	"missing child term"	"SN181"	NA	11
"GTTCGGGCACATGGGA"	""	"ERX6700418"	"ERP132580"	"testis"	"Leptotene_Spermatocytes"	NA	NA	NA	"CL:0000017"	"spermatocyte"	"missing child term"	"SN181"	NA	7
"GTTCGGGCAGCCTTTC"	""	"ERX6700418"	"ERP132580"	"testis"	"Leptotene_Spermatocytes"	NA	NA	NA	"CL:0000017"	"spermatocyte"	"missing child term"	"SN181"	NA	7
"GTTCGGGCAGCGTCCA"	""	"ERX6700418"	"ERP132580"	"testis"	"Differentiated_Spermatogonia"	NA	NA	NA	"CL:0000020"	"spermatogonium"	"perfect match"	"SN181"	NA	9
"GTTCGGGCAGGCTCAC"	""	"ERX6700418"	"ERP132580"	"testis"	"Leptotene_Spermatocytes"	NA	NA	NA	"CL:0000017"	"spermatocyte"	"missing child term"	"SN181"	NA	7
"GTTCGGGGTAGGAGTC"	""	"ERX6700418"	"ERP132580"	"testis"	"Pachytene_Spermatocytes"	NA	NA	NA	"CL:0000017"	"spermatocyte"	"missing child term"	"SN181"	NA	6
"GTTCGGGGTGTTGAGG"	""	"ERX6700418"	"ERP132580"	"testis"	"Zygotene_Spermatocytes"	NA	NA	NA	"CL:0000017"	"spermatocyte"	"missing child term"	"SN181"	NA	11
"GTTCGGGTCACTGGGC"	""	"ERX6700418"	"ERP132580"	"testis"	"Elongated_spermatids"	NA	NA	NA	"CL:4030037"	"late spermatid"	"perfect match"	"SN181"	NA	4
"GTTCGGGTCCGTTGCT"	""	"ERX6700418"	"ERP132580"	"testis"	"Differentiated_Spermatogonia"	NA	NA	NA	"CL:0000020"	"spermatogonium"	"perfect match"	"SN181"	NA	9
"GTTCTCGAGCGTGAAC"	""	"ERX6700418"	"ERP132580"	"testis"	"Differentiated_Spermatogonia"	NA	NA	NA	"CL:0000020"	"spermatogonium"	"perfect match"	"SN181"	NA	9
"GTTCTCGAGGAGTACC"	""	"ERX6700418"	"ERP132580"	"testis"	"Pachytene_Spermatocytes"	NA	NA	NA	"CL:0000017"	"spermatocyte"	"missing child term"	"SN181"	NA	6
"GTTCTCGAGGGATCTG"	""	"ERX6700418"	"ERP132580"	"testis"	"Elongated_spermatids"	NA	NA	NA	"CL:4030037"	"late spermatid"	"perfect match"	"SN181"	NA	4
"GTTCTCGAGTTGAGAT"	""	"ERX6700418"	"ERP132580"	"testis"	"Sertoli"	NA	NA	NA	"CL:0000216"	"Sertoli cell"	"perfect match"	"SN181"	NA	8
"GTTCTCGCACAGGCCT"	""	"ERX6700418"	"ERP132580"	"testis"	"Late_Round_spermatids"	NA	NA	NA	"CL:4030036"	"early spermatid"	"other"	"SN181"	NA	5
"GTTCTCGGTACTCGCG"	""	"ERX6700418"	"ERP132580"	"testis"	"Zygotene_Spermatocytes"	NA	NA	NA	"CL:0000017"	"spermatocyte"	"missing child term"	"SN181"	NA	11
"GTTCTCGGTATATGAG"	""	"ERX6700418"	"ERP132580"	"testis"	"Late_Round_spermatids"	NA	NA	NA	"CL:4030036"	"early spermatid"	"other"	"SN181"	NA	5
"GTTTCTAAGAACTCGG"	""	"ERX6700418"	"ERP132580"	"testis"	"Elongated_spermatids"	NA	NA	NA	"CL:4030037"	"late spermatid"	"perfect match"	"SN181"	NA	4
"GTTTCTAAGCTTTGGT"	""	"ERX6700418"	"ERP132580"	"testis"	"Early_Round_spermatids"	NA	NA	NA	"CL:4030036"	"early spermatid"	"perfect match"	"SN181"	NA	2
"GTTTCTAAGTGACTCT"	""	"ERX6700418"	"ERP132580"	"testis"	"Sertoli"	NA	NA	NA	"CL:0000216"	"Sertoli cell"	"perfect match"	"SN181"	NA	8
"GTTTCTACAAGACGTG"	""	"ERX6700418"	"ERP132580"	"testis"	"Late_Round_spermatids"	NA	NA	NA	"CL:4030036"	"early spermatid"	"other"	"SN181"	NA	5
"GTTTCTACACAGAGGT"	""	"ERX6700418"	"ERP132580"	"testis"	"Elongated_spermatids"	NA	NA	NA	"CL:4030037"	"late spermatid"	"perfect match"	"SN181"	NA	4
"GTTTCTAGTGCAGGTA"	""	"ERX6700418"	"ERP132580"	"testis"	"Undifferentiated_Spermatogonia"	NA	NA	NA	"CL:0000016"	"male germ line stem cell"	"other"	"SN181"	NA	1
"GTTTCTATCACTTACT"	""	"ERX6700418"	"ERP132580"	"testis"	"Late_Round_spermatids"	NA	NA	NA	"CL:4030036"	"early spermatid"	"other"	"SN181"	NA	5
"TAAACCGCAGGCAGTA"	""	"ERX6700418"	"ERP132580"	"testis"	"Sertoli"	NA	NA	NA	"CL:0000216"	"Sertoli cell"	"perfect match"	"SN181"	NA	8
"TAAACCGCAGGTTTCA"	""	"ERX6700418"	"ERP132580"	"testis"	"Differentiated_Spermatogonia"	NA	NA	NA	"CL:0000020"	"spermatogonium"	"perfect match"	"SN181"	NA	9
"TAAACCGCATGCATGT"	""	"ERX6700418"	"ERP132580"	"testis"	"Zygotene_Spermatocytes"	NA	NA	NA	"CL:0000017"	"spermatocyte"	"missing child term"	"SN181"	NA	11
"TAAACCGCATTAGGCT"	""	"ERX6700418"	"ERP132580"	"testis"	"Early_Round_spermatids"	NA	NA	NA	"CL:4030036"	"early spermatid"	"perfect match"	"SN181"	NA	2
"TAAACCGTCACGGTTA"	""	"ERX6700418"	"ERP132580"	"testis"	"Elongated_spermatids"	NA	NA	NA	"CL:4030037"	"late spermatid"	"perfect match"	"SN181"	NA	4
"TAAACCGTCTAGAGTC"	""	"ERX6700418"	"ERP132580"	"testis"	"Early_Round_spermatids"	NA	NA	NA	"CL:4030036"	"early spermatid"	"perfect match"	"SN181"	NA	2
"TAAACCGTCTTGCATT"	""	"ERX6700418"	"ERP132580"	"testis"	"Pachytene_Spermatocytes"	NA	NA	NA	"CL:0000017"	"spermatocyte"	"missing child term"	"SN181"	NA	6
"TAAGAGAAGCACAGGT"	""	"ERX6700418"	"ERP132580"	"testis"	"Pachytene_Spermatocytes"	NA	NA	NA	"CL:0000017"	"spermatocyte"	"missing child term"	"SN181"	NA	6
"TAAGAGACAAGTTAAG"	""	"ERX6700418"	"ERP132580"	"testis"	"Pachytene_Spermatocytes"	NA	NA	NA	"CL:0000017"	"spermatocyte"	"missing child term"	"SN181"	NA	6
"TAAGAGACACCCTATC"	""	"ERX6700418"	"ERP132580"	"testis"	"Pachytene_Spermatocytes"	NA	NA	NA	"CL:0000017"	"spermatocyte"	"missing child term"	"SN181"	NA	6
"TAAGAGAGTAAACCTC"	""	"ERX6700418"	"ERP132580"	"testis"	"Elongated_spermatids"	NA	NA	NA	"CL:4030037"	"late spermatid"	"perfect match"	"SN181"	NA	4
"TAAGAGAGTGGTGTAG"	""	"ERX6700418"	"ERP132580"	"testis"	"Late_Round_spermatids"	NA	NA	NA	"CL:4030036"	"early spermatid"	"other"	"SN181"	NA	5
"TAAGAGAGTTCCACGG"	""	"ERX6700418"	"ERP132580"	"testis"	"Pachytene_Spermatocytes"	NA	NA	NA	"CL:0000017"	"spermatocyte"	"missing child term"	"SN181"	NA	6
"TAAGAGATCAGAAATG"	""	"ERX6700418"	"ERP132580"	"testis"	"Leptotene_Spermatocytes"	NA	NA	NA	"CL:0000017"	"spermatocyte"	"missing child term"	"SN181"	NA	7
"TAAGAGATCCTAGTGA"	""	"ERX6700418"	"ERP132580"	"testis"	"Elongated_spermatids"	NA	NA	NA	"CL:4030037"	"late spermatid"	"perfect match"	"SN181"	NA	4
"TAAGCGTAGTTCCACA"	""	"ERX6700418"	"ERP132580"	"testis"	"Late_Round_spermatids"	NA	NA	NA	"CL:4030036"	"early spermatid"	"other"	"SN181"	NA	5
"TAAGCGTCAAAGTCAA"	""	"ERX6700418"	"ERP132580"	"testis"	"Elongated_spermatids"	NA	NA	NA	"CL:4030037"	"late spermatid"	"perfect match"	"SN181"	NA	4
"TAAGCGTCAATCACAC"	""	"ERX6700418"	"ERP132580"	"testis"	"Elongated_spermatids"	NA	NA	NA	"CL:4030037"	"late spermatid"	"perfect match"	"SN181"	NA	4
"TAAGCGTCACAGCGTC"	""	"ERX6700418"	"ERP132580"	"testis"	"Differentiated_Spermatogonia"	NA	NA	NA	"CL:0000020"	"spermatogonium"	"perfect match"	"SN181"	NA	9
"TAAGCGTGTAGAAAGG"	""	"ERX6700418"	"ERP132580"	"testis"	"Differentiated_Spermatogonia"	NA	NA	NA	"CL:0000020"	"spermatogonium"	"perfect match"	"SN181"	NA	9
"TAAGCGTGTCAGAGGT"	""	"ERX6700418"	"ERP132580"	"testis"	"Undifferentiated_Spermatogonia"	NA	NA	NA	"CL:0000016"	"male germ line stem cell"	"other"	"SN181"	NA	1
"TAAGCGTGTCGCATAT"	""	"ERX6700418"	"ERP132580"	"testis"	"Late_Round_spermatids"	NA	NA	NA	"CL:4030036"	"early spermatid"	"other"	"SN181"	NA	5
"TAAGCGTGTGCTAGCC"	""	"ERX6700418"	"ERP132580"	"testis"	"Elongated_spermatids"	NA	NA	NA	"CL:4030037"	"late spermatid"	"perfect match"	"SN181"	NA	4
"TAAGCGTTCATTATCC"	""	"ERX6700418"	"ERP132580"	"testis"	"Late_Round_spermatids"	NA	NA	NA	"CL:4030036"	"early spermatid"	"other"	"SN181"	NA	5
"TAAGCGTTCTGAAAGA"	""	"ERX6700418"	"ERP132580"	"testis"	"Elongated_spermatids"	NA	NA	NA	"CL:4030037"	"late spermatid"	"perfect match"	"SN181"	NA	4
"TAAGCGTTCTGGCGTG"	""	"ERX6700418"	"ERP132580"	"testis"	"Leptotene_Spermatocytes"	NA	NA	NA	"CL:0000017"	"spermatocyte"	"missing child term"	"SN181"	NA	7
"TAAGTGCCAAGCTGTT"	""	"ERX6700418"	"ERP132580"	"testis"	"Zygotene_Spermatocytes"	NA	NA	NA	"CL:0000017"	"spermatocyte"	"missing child term"	"SN181"	NA	11
"TAAGTGCGTAATAGCA"	""	"ERX6700418"	"ERP132580"	"testis"	"Elongated_spermatids"	NA	NA	NA	"CL:4030037"	"late spermatid"	"perfect match"	"SN181"	NA	4
"TAAGTGCTCCCTAACC"	""	"ERX6700418"	"ERP132580"	"testis"	"Leptotene_Spermatocytes"	NA	NA	NA	"CL:0000017"	"spermatocyte"	"missing child term"	"SN181"	NA	7
"TAAGTGCTCGTTACAG"	""	"ERX6700418"	"ERP132580"	"testis"	"Leptotene_Spermatocytes"	NA	NA	NA	"CL:0000017"	"spermatocyte"	"missing child term"	"SN181"	NA	7
"TAAGTGCTCTATGTGG"	""	"ERX6700418"	"ERP132580"	"testis"	"Pachytene_Spermatocytes"	NA	NA	NA	"CL:0000017"	"spermatocyte"	"missing child term"	"SN181"	NA	6
"TACACGAAGAGTACAT"	""	"ERX6700418"	"ERP132580"	"testis"	"Early_Round_spermatids"	NA	NA	NA	"CL:4030036"	"early spermatid"	"perfect match"	"SN181"	NA	2
"TACACGAAGGATGCGT"	""	"ERX6700418"	"ERP132580"	"testis"	"Leptotene_Spermatocytes"	NA	NA	NA	"CL:0000017"	"spermatocyte"	"missing child term"	"SN181"	NA	7
"TACACGAAGGCTACGA"	""	"ERX6700418"	"ERP132580"	"testis"	"Undifferentiated_Spermatogonia"	NA	NA	NA	"CL:0000016"	"male germ line stem cell"	"other"	"SN181"	NA	1
"TACACGACACATCTTT"	""	"ERX6700418"	"ERP132580"	"testis"	"Early_Round_spermatids"	NA	NA	NA	"CL:4030036"	"early spermatid"	"perfect match"	"SN181"	NA	2
"TACACGACACTAAGTC"	""	"ERX6700418"	"ERP132580"	"testis"	"Pachytene_Spermatocytes"	NA	NA	NA	"CL:0000017"	"spermatocyte"	"missing child term"	"SN181"	NA	6
"TACACGAGTACTTGAC"	""	"ERX6700418"	"ERP132580"	"testis"	"Zygotene_Spermatocytes"	NA	NA	NA	"CL:0000017"	"spermatocyte"	"missing child term"	"SN181"	NA	11
"TACACGAGTCTAGCCG"	""	"ERX6700418"	"ERP132580"	"testis"	"Late_Round_spermatids"	NA	NA	NA	"CL:4030036"	"early spermatid"	"other"	"SN181"	NA	5
"TACACGATCCGCGCAA"	""	"ERX6700418"	"ERP132580"	"testis"	"Pachytene_Spermatocytes"	NA	NA	NA	"CL:0000017"	"spermatocyte"	"missing child term"	"SN181"	NA	6
"TACAGTGAGAAACGAG"	""	"ERX6700418"	"ERP132580"	"testis"	"Leptotene_Spermatocytes"	NA	NA	NA	"CL:0000017"	"spermatocyte"	"missing child term"	"SN181"	NA	7
"TACAGTGAGAGTAATC"	""	"ERX6700418"	"ERP132580"	"testis"	"Late_Round_spermatids"	NA	NA	NA	"CL:4030036"	"early spermatid"	"other"	"SN181"	NA	5
"TACAGTGAGTAGGTGC"	""	"ERX6700418"	"ERP132580"	"testis"	"Undifferentiated_Spermatogonia"	NA	NA	NA	"CL:0000016"	"male germ line stem cell"	"other"	"SN181"	NA	1
"TACAGTGCAGTGACAG"	""	"ERX6700418"	"ERP132580"	"testis"	"Pachytene_Spermatocytes"	NA	NA	NA	"CL:0000017"	"spermatocyte"	"missing child term"	"SN181"	NA	6
"TACAGTGCATCGGAAG"	""	"ERX6700418"	"ERP132580"	"testis"	"Zygotene_Spermatocytes"	NA	NA	NA	"CL:0000017"	"spermatocyte"	"missing child term"	"SN181"	NA	11
"TACAGTGGTATAATGG"	""	"ERX6700418"	"ERP132580"	"testis"	"Elongated_spermatids"	NA	NA	NA	"CL:4030037"	"late spermatid"	"perfect match"	"SN181"	NA	4
"TACAGTGGTCTGATTG"	""	"ERX6700418"	"ERP132580"	"testis"	"Early_Round_spermatids"	NA	NA	NA	"CL:4030036"	"early spermatid"	"perfect match"	"SN181"	NA	2
"TACAGTGTCGGAAACG"	""	"ERX6700418"	"ERP132580"	"testis"	"Zygotene_Spermatocytes"	NA	NA	NA	"CL:0000017"	"spermatocyte"	"missing child term"	"SN181"	NA	11
"TACCTATAGAATTCCC"	""	"ERX6700418"	"ERP132580"	"testis"	"Elongated_spermatids"	NA	NA	NA	"CL:4030037"	"late spermatid"	"perfect match"	"SN181"	NA	4
"TACCTATCAATGAATG"	""	"ERX6700418"	"ERP132580"	"testis"	"Zygotene_Spermatocytes"	NA	NA	NA	"CL:0000017"	"spermatocyte"	"missing child term"	"SN181"	NA	11
"TACCTATCAGACACTT"	""	"ERX6700418"	"ERP132580"	"testis"	"Pachytene_Spermatocytes"	NA	NA	NA	"CL:0000017"	"spermatocyte"	"missing child term"	"SN181"	NA	6
"TACCTATCATGTTGAC"	""	"ERX6700418"	"ERP132580"	"testis"	"Late_Round_spermatids"	NA	NA	NA	"CL:4030036"	"early spermatid"	"other"	"SN181"	NA	5
"TACCTATGTATAGTAG"	""	"ERX6700418"	"ERP132580"	"testis"	"Elongated_spermatids"	NA	NA	NA	"CL:4030037"	"late spermatid"	"perfect match"	"SN181"	NA	4
"TACCTATGTCGAACAG"	""	"ERX6700418"	"ERP132580"	"testis"	"Pachytene_Spermatocytes"	NA	NA	NA	"CL:0000017"	"spermatocyte"	"missing child term"	"SN181"	NA	6
"TACCTATTCGCCAAAT"	""	"ERX6700418"	"ERP132580"	"testis"	"Leptotene_Spermatocytes"	NA	NA	NA	"CL:0000017"	"spermatocyte"	"missing child term"	"SN181"	NA	7
"TACCTTAAGAGCTATA"	""	"ERX6700418"	"ERP132580"	"testis"	"Late_Round_spermatids"	NA	NA	NA	"CL:4030036"	"early spermatid"	"other"	"SN181"	NA	5
"TACCTTACAAACGCGA"	""	"ERX6700418"	"ERP132580"	"testis"	"Sertoli"	NA	NA	NA	"CL:0000216"	"Sertoli cell"	"perfect match"	"SN181"	NA	8
"TACCTTACAAAGAATC"	""	"ERX6700418"	"ERP132580"	"testis"	"Early_Round_spermatids"	NA	NA	NA	"CL:4030036"	"early spermatid"	"perfect match"	"SN181"	NA	2
"TACCTTACAAGTCTGT"	""	"ERX6700418"	"ERP132580"	"testis"	"Leptotene_Spermatocytes"	NA	NA	NA	"CL:0000017"	"spermatocyte"	"missing child term"	"SN181"	NA	7
"TACCTTACATTGGCGC"	""	"ERX6700418"	"ERP132580"	"testis"	"Pachytene_Spermatocytes"	NA	NA	NA	"CL:0000017"	"spermatocyte"	"missing child term"	"SN181"	NA	6
"TACCTTAGTTCAGCGC"	""	"ERX6700418"	"ERP132580"	"testis"	"Pachytene_Spermatocytes"	NA	NA	NA	"CL:0000017"	"spermatocyte"	"missing child term"	"SN181"	NA	6
"TACCTTATCCCTTGCA"	""	"ERX6700418"	"ERP132580"	"testis"	"Late_Round_spermatids"	NA	NA	NA	"CL:4030036"	"early spermatid"	"other"	"SN181"	NA	5
"TACCTTATCGTACGGC"	""	"ERX6700418"	"ERP132580"	"testis"	"Sertoli"	NA	NA	NA	"CL:0000216"	"Sertoli cell"	"perfect match"	"SN181"	NA	8
"TACGGATAGTTACCCA"	""	"ERX6700418"	"ERP132580"	"testis"	"Early_Round_spermatids"	NA	NA	NA	"CL:4030036"	"early spermatid"	"perfect match"	"SN181"	NA	2
"TACGGATCATGTTGAC"	""	"ERX6700418"	"ERP132580"	"testis"	"Pachytene_Spermatocytes"	NA	NA	NA	"CL:0000017"	"spermatocyte"	"missing child term"	"SN181"	NA	6
"TACGGATGTAATCACC"	""	"ERX6700418"	"ERP132580"	"testis"	"Differentiated_Spermatogonia"	NA	NA	NA	"CL:0000020"	"spermatogonium"	"perfect match"	"SN181"	NA	9
"TACGGATGTTTGTGTG"	""	"ERX6700418"	"ERP132580"	"testis"	"Elongated_spermatids"	NA	NA	NA	"CL:4030037"	"late spermatid"	"perfect match"	"SN181"	NA	4
"TACGGATTCCATGAGT"	""	"ERX6700418"	"ERP132580"	"testis"	"Differentiated_Spermatogonia"	NA	NA	NA	"CL:0000020"	"spermatogonium"	"perfect match"	"SN181"	NA	9
"TACGGATTCCCAAGAT"	""	"ERX6700418"	"ERP132580"	"testis"	"Zygotene_Spermatocytes"	NA	NA	NA	"CL:0000017"	"spermatocyte"	"missing child term"	"SN181"	NA	11
"TACGGATTCCGAACGC"	""	"ERX6700418"	"ERP132580"	"testis"	"Pachytene_Spermatocytes"	NA	NA	NA	"CL:0000017"	"spermatocyte"	"missing child term"	"SN181"	NA	6
"TACGGGCAGCTAGTCT"	""	"ERX6700418"	"ERP132580"	"testis"	"Leptotene_Spermatocytes"	NA	NA	NA	"CL:0000017"	"spermatocyte"	"missing child term"	"SN181"	NA	7
"TACGGGCAGGCTATCT"	""	"ERX6700418"	"ERP132580"	"testis"	"Leptotene_Spermatocytes"	NA	NA	NA	"CL:0000017"	"spermatocyte"	"missing child term"	"SN181"	NA	7
"TACGGGCCAAGTACCT"	""	"ERX6700418"	"ERP132580"	"testis"	"Leptotene_Spermatocytes"	NA	NA	NA	"CL:0000017"	"spermatocyte"	"missing child term"	"SN181"	NA	7
"TACGGGCCAGCCTTGG"	""	"ERX6700418"	"ERP132580"	"testis"	"Elongated_spermatids"	NA	NA	NA	"CL:4030037"	"late spermatid"	"perfect match"	"SN181"	NA	4
"TACGGGCGTCATATCG"	""	"ERX6700418"	"ERP132580"	"testis"	"Undifferentiated_Spermatogonia"	NA	NA	NA	"CL:0000016"	"male germ line stem cell"	"other"	"SN181"	NA	1
"TACGGGCTCGCGTAGC"	""	"ERX6700418"	"ERP132580"	"testis"	"Other_somatic"	NA	NA	NA	"CL:0002371"	"somatic cell"	"perfect match"	"SN181"	NA	3
"TACGGGCTCTATGTGG"	""	"ERX6700418"	"ERP132580"	"testis"	"Zygotene_Spermatocytes"	NA	NA	NA	"CL:0000017"	"spermatocyte"	"missing child term"	"SN181"	NA	11
"TACGGGCTCTTGTCAT"	""	"ERX6700418"	"ERP132580"	"testis"	"Other_somatic"	NA	NA	NA	"CL:0002371"	"somatic cell"	"perfect match"	"SN181"	NA	3
"TACGGTAAGCTACCTA"	""	"ERX6700418"	"ERP132580"	"testis"	"Late_Round_spermatids"	NA	NA	NA	"CL:4030036"	"early spermatid"	"other"	"SN181"	NA	5
"TACGGTAAGGCAGGTT"	""	"ERX6700418"	"ERP132580"	"testis"	"Early_Round_spermatids"	NA	NA	NA	"CL:4030036"	"early spermatid"	"perfect match"	"SN181"	NA	2
"TACGGTACAATGACCT"	""	"ERX6700418"	"ERP132580"	"testis"	"Elongated_spermatids"	NA	NA	NA	"CL:4030037"	"late spermatid"	"perfect match"	"SN181"	NA	4
"TACGGTACAGTATAAG"	""	"ERX6700418"	"ERP132580"	"testis"	"Leptotene_Spermatocytes"	NA	NA	NA	"CL:0000017"	"spermatocyte"	"missing child term"	"SN181"	NA	7
"TACGGTAGTCTAACGT"	""	"ERX6700418"	"ERP132580"	"testis"	"Elongated_spermatids"	NA	NA	NA	"CL:4030037"	"late spermatid"	"perfect match"	"SN181"	NA	4
"TACGGTAGTTAAGTAG"	""	"ERX6700418"	"ERP132580"	"testis"	"Undifferentiated_Spermatogonia"	NA	NA	NA	"CL:0000016"	"male germ line stem cell"	"other"	"SN181"	NA	1
"TACGGTATCAGCTTAG"	""	"ERX6700418"	"ERP132580"	"testis"	"Early_Round_spermatids"	NA	NA	NA	"CL:4030036"	"early spermatid"	"perfect match"	"SN181"	NA	2
"TACGGTATCCAACCAA"	""	"ERX6700418"	"ERP132580"	"testis"	"Differentiated_Spermatogonia"	NA	NA	NA	"CL:0000020"	"spermatogonium"	"perfect match"	"SN181"	NA	9
"TACGGTATCCTCAACC"	""	"ERX6700418"	"ERP132580"	"testis"	"Zygotene_Spermatocytes"	NA	NA	NA	"CL:0000017"	"spermatocyte"	"missing child term"	"SN181"	NA	11
"TACTCATAGCTAAGAT"	""	"ERX6700418"	"ERP132580"	"testis"	"Sertoli"	NA	NA	NA	"CL:0000216"	"Sertoli cell"	"perfect match"	"SN181"	NA	8
"TACTCATAGCTGAAAT"	""	"ERX6700418"	"ERP132580"	"testis"	"Differentiated_Spermatogonia"	NA	NA	NA	"CL:0000020"	"spermatogonium"	"perfect match"	"SN181"	NA	9
"TACTCATCAGACGCCT"	""	"ERX6700418"	"ERP132580"	"testis"	"Undifferentiated_Spermatogonia"	NA	NA	NA	"CL:0000016"	"male germ line stem cell"	"other"	"SN181"	NA	1
"TACTCATCAGCTCCGA"	""	"ERX6700418"	"ERP132580"	"testis"	"Other_somatic"	NA	NA	NA	"CL:0002371"	"somatic cell"	"perfect match"	"SN181"	NA	3
"TACTCATGTACGCTGC"	""	"ERX6700418"	"ERP132580"	"testis"	"Sertoli"	NA	NA	NA	"CL:0000216"	"Sertoli cell"	"perfect match"	"SN181"	NA	8
"TACTCATGTTAAAGTG"	""	"ERX6700418"	"ERP132580"	"testis"	"Pachytene_Spermatocytes"	NA	NA	NA	"CL:0000017"	"spermatocyte"	"missing child term"	"SN181"	NA	6
"TACTCATGTTAGTGGG"	""	"ERX6700418"	"ERP132580"	"testis"	"Pachytene_Spermatocytes"	NA	NA	NA	"CL:0000017"	"spermatocyte"	"missing child term"	"SN181"	NA	6
"TACTCATTCGAGAGCA"	""	"ERX6700418"	"ERP132580"	"testis"	"Pachytene_Spermatocytes"	NA	NA	NA	"CL:0000017"	"spermatocyte"	"missing child term"	"SN181"	NA	6
"TACTCGCAGCTACCGC"	""	"ERX6700418"	"ERP132580"	"testis"	"Zygotene_Spermatocytes"	NA	NA	NA	"CL:0000017"	"spermatocyte"	"missing child term"	"SN181"	NA	11
"TACTCGCAGGACATTA"	""	"ERX6700418"	"ERP132580"	"testis"	"Pachytene_Spermatocytes"	NA	NA	NA	"CL:0000017"	"spermatocyte"	"missing child term"	"SN181"	NA	6
"TACTCGCCATACTACG"	""	"ERX6700418"	"ERP132580"	"testis"	"Early_Round_spermatids"	NA	NA	NA	"CL:4030036"	"early spermatid"	"perfect match"	"SN181"	NA	2
"TACTCGCGTGCACCAC"	""	"ERX6700418"	"ERP132580"	"testis"	"Pachytene_Spermatocytes"	NA	NA	NA	"CL:0000017"	"spermatocyte"	"missing child term"	"SN181"	NA	6
"TACTTACAGCTAAACA"	""	"ERX6700418"	"ERP132580"	"testis"	"Zygotene_Spermatocytes"	NA	NA	NA	"CL:0000017"	"spermatocyte"	"missing child term"	"SN181"	NA	11
"TACTTACAGGCTCATT"	""	"ERX6700418"	"ERP132580"	"testis"	"Sertoli"	NA	NA	NA	"CL:0000216"	"Sertoli cell"	"perfect match"	"SN181"	NA	8
"TACTTACAGTCTCCTC"	""	"ERX6700418"	"ERP132580"	"testis"	"Elongated_spermatids"	NA	NA	NA	"CL:4030037"	"late spermatid"	"perfect match"	"SN181"	NA	4
"TACTTACCACTTACGA"	""	"ERX6700418"	"ERP132580"	"testis"	"Elongated_spermatids"	NA	NA	NA	"CL:4030037"	"late spermatid"	"perfect match"	"SN181"	NA	4
"TACTTACCAGCATGAG"	""	"ERX6700418"	"ERP132580"	"testis"	"Late_Round_spermatids"	NA	NA	NA	"CL:4030036"	"early spermatid"	"other"	"SN181"	NA	5
"TACTTACCAGCTGTGC"	""	"ERX6700418"	"ERP132580"	"testis"	"Sertoli"	NA	NA	NA	"CL:0000216"	"Sertoli cell"	"perfect match"	"SN181"	NA	8
"TACTTACGTACGACCC"	""	"ERX6700418"	"ERP132580"	"testis"	"Pachytene_Spermatocytes"	NA	NA	NA	"CL:0000017"	"spermatocyte"	"missing child term"	"SN181"	NA	6
"TACTTACTCAACACTG"	""	"ERX6700418"	"ERP132580"	"testis"	"Early_Round_spermatids"	NA	NA	NA	"CL:4030036"	"early spermatid"	"perfect match"	"SN181"	NA	2
"TACTTACTCACGGTTA"	""	"ERX6700418"	"ERP132580"	"testis"	"Pachytene_Spermatocytes"	NA	NA	NA	"CL:0000017"	"spermatocyte"	"missing child term"	"SN181"	NA	6
"TACTTACTCTGTTTGT"	""	"ERX6700418"	"ERP132580"	"testis"	"Undifferentiated_Spermatogonia"	NA	NA	NA	"CL:0000016"	"male germ line stem cell"	"other"	"SN181"	NA	1
"TACTTACTCTTTAGGG"	""	"ERX6700418"	"ERP132580"	"testis"	"Undifferentiated_Spermatogonia"	NA	NA	NA	"CL:0000016"	"male germ line stem cell"	"other"	"SN181"	NA	1
"TACTTGTAGTGTCTCA"	""	"ERX6700418"	"ERP132580"	"testis"	"Zygotene_Spermatocytes"	NA	NA	NA	"CL:0000017"	"spermatocyte"	"missing child term"	"SN181"	NA	11
"TACTTGTCAAGCCTAT"	""	"ERX6700418"	"ERP132580"	"testis"	"Pachytene_Spermatocytes"	NA	NA	NA	"CL:0000017"	"spermatocyte"	"missing child term"	"SN181"	NA	6
"TACTTGTGTATCACCA"	""	"ERX6700418"	"ERP132580"	"testis"	"Pachytene_Spermatocytes"	NA	NA	NA	"CL:0000017"	"spermatocyte"	"missing child term"	"SN181"	NA	6
"TACTTGTGTCCAGTTA"	""	"ERX6700418"	"ERP132580"	"testis"	"Elongated_spermatids"	NA	NA	NA	"CL:4030037"	"late spermatid"	"perfect match"	"SN181"	NA	4
"TACTTGTGTCGTGGCT"	""	"ERX6700418"	"ERP132580"	"testis"	"Pachytene_Spermatocytes"	NA	NA	NA	"CL:0000017"	"spermatocyte"	"missing child term"	"SN181"	NA	6
"TACTTGTGTCTTGCGG"	""	"ERX6700418"	"ERP132580"	"testis"	"Elongated_spermatids"	NA	NA	NA	"CL:4030037"	"late spermatid"	"perfect match"	"SN181"	NA	4
"TAGACCAAGAAGGGTA"	""	"ERX6700418"	"ERP132580"	"testis"	"Zygotene_Spermatocytes"	NA	NA	NA	"CL:0000017"	"spermatocyte"	"missing child term"	"SN181"	NA	11
"TAGACCAAGACTACAA"	""	"ERX6700418"	"ERP132580"	"testis"	"Undifferentiated_Spermatogonia"	NA	NA	NA	"CL:0000016"	"male germ line stem cell"	"other"	"SN181"	NA	1
"TAGACCAAGCGAAGGG"	""	"ERX6700418"	"ERP132580"	"testis"	"Leptotene_Spermatocytes"	NA	NA	NA	"CL:0000017"	"spermatocyte"	"missing child term"	"SN181"	NA	7
"TAGACCAAGTGTCTCA"	""	"ERX6700418"	"ERP132580"	"testis"	"Early_Round_spermatids"	NA	NA	NA	"CL:4030036"	"early spermatid"	"perfect match"	"SN181"	NA	2
"TAGACCACAAGAGTCG"	""	"ERX6700418"	"ERP132580"	"testis"	"Other_somatic"	NA	NA	NA	"CL:0002371"	"somatic cell"	"perfect match"	"SN181"	NA	3
"TAGACCAGTACTCTCC"	""	"ERX6700418"	"ERP132580"	"testis"	"Pachytene_Spermatocytes"	NA	NA	NA	"CL:0000017"	"spermatocyte"	"missing child term"	"SN181"	NA	6
"TAGACCAGTTCGTCTC"	""	"ERX6700418"	"ERP132580"	"testis"	"Elongated_spermatids"	NA	NA	NA	"CL:4030037"	"late spermatid"	"perfect match"	"SN181"	NA	4
"TAGAGCTAGCTGCGAA"	""	"ERX6700418"	"ERP132580"	"testis"	"Early_Round_spermatids"	NA	NA	NA	"CL:4030036"	"early spermatid"	"perfect match"	"SN181"	NA	2
"TAGAGCTAGTGGACGT"	""	"ERX6700418"	"ERP132580"	"testis"	"Pachytene_Spermatocytes"	NA	NA	NA	"CL:0000017"	"spermatocyte"	"missing child term"	"SN181"	NA	6
"TAGAGCTCACGAAAGC"	""	"ERX6700418"	"ERP132580"	"testis"	"Undifferentiated_Spermatogonia"	NA	NA	NA	"CL:0000016"	"male germ line stem cell"	"other"	"SN181"	NA	1
"TAGAGCTGTCGTCTTC"	""	"ERX6700418"	"ERP132580"	"testis"	"Leptotene_Spermatocytes"	NA	NA	NA	"CL:0000017"	"spermatocyte"	"missing child term"	"SN181"	NA	7
"TAGAGCTTCAAGATCC"	""	"ERX6700418"	"ERP132580"	"testis"	"Other_somatic"	NA	NA	NA	"CL:0002371"	"somatic cell"	"perfect match"	"SN181"	NA	3
"TAGAGCTTCTGGTGTA"	""	"ERX6700418"	"ERP132580"	"testis"	"Differentiated_Spermatogonia"	NA	NA	NA	"CL:0000020"	"spermatogonium"	"perfect match"	"SN181"	NA	9
"TAGAGCTTCTGTCAAG"	""	"ERX6700418"	"ERP132580"	"testis"	"Late_Round_spermatids"	NA	NA	NA	"CL:4030036"	"early spermatid"	"other"	"SN181"	NA	5
"TAGCCGGAGAAAGTGG"	""	"ERX6700418"	"ERP132580"	"testis"	"Leptotene_Spermatocytes"	NA	NA	NA	"CL:0000017"	"spermatocyte"	"missing child term"	"SN181"	NA	7
"TAGCCGGAGCACACAG"	""	"ERX6700418"	"ERP132580"	"testis"	"Pachytene_Spermatocytes"	NA	NA	NA	"CL:0000017"	"spermatocyte"	"missing child term"	"SN181"	NA	6
"TAGCCGGAGCCGCCTA"	""	"ERX6700418"	"ERP132580"	"testis"	"Sertoli"	NA	NA	NA	"CL:0000216"	"Sertoli cell"	"perfect match"	"SN181"	NA	8
"TAGCCGGCACAAGCCC"	""	"ERX6700418"	"ERP132580"	"testis"	"Zygotene_Spermatocytes"	NA	NA	NA	"CL:0000017"	"spermatocyte"	"missing child term"	"SN181"	NA	11
"TAGCCGGGTCATATCG"	""	"ERX6700418"	"ERP132580"	"testis"	"Early_Round_spermatids"	NA	NA	NA	"CL:4030036"	"early spermatid"	"perfect match"	"SN181"	NA	2
"TAGCCGGGTTTGACTG"	""	"ERX6700418"	"ERP132580"	"testis"	"Zygotene_Spermatocytes"	NA	NA	NA	"CL:0000017"	"spermatocyte"	"missing child term"	"SN181"	NA	11
"TAGCCGGTCGAGAACG"	""	"ERX6700418"	"ERP132580"	"testis"	"Undifferentiated_Spermatogonia"	NA	NA	NA	"CL:0000016"	"male germ line stem cell"	"other"	"SN181"	NA	1
"TAGGCATAGTAGCCGA"	""	"ERX6700418"	"ERP132580"	"testis"	"Zygotene_Spermatocytes"	NA	NA	NA	"CL:0000017"	"spermatocyte"	"missing child term"	"SN181"	NA	11
"TAGGCATCACTTAACG"	""	"ERX6700418"	"ERP132580"	"testis"	"Leptotene_Spermatocytes"	NA	NA	NA	"CL:0000017"	"spermatocyte"	"missing child term"	"SN181"	NA	7
"TAGGCATCAGGCTGAA"	""	"ERX6700418"	"ERP132580"	"testis"	"Leptotene_Spermatocytes"	NA	NA	NA	"CL:0000017"	"spermatocyte"	"missing child term"	"SN181"	NA	7
"TAGGCATCATGGGAAC"	""	"ERX6700418"	"ERP132580"	"testis"	"Zygotene_Spermatocytes"	NA	NA	NA	"CL:0000017"	"spermatocyte"	"missing child term"	"SN181"	NA	11
"TAGGCATGTGCGCTTG"	""	"ERX6700418"	"ERP132580"	"testis"	"Pachytene_Spermatocytes"	NA	NA	NA	"CL:0000017"	"spermatocyte"	"missing child term"	"SN181"	NA	6
"TAGGCATTCACCTCGT"	""	"ERX6700418"	"ERP132580"	"testis"	"Differentiated_Spermatogonia"	NA	NA	NA	"CL:0000020"	"spermatogonium"	"perfect match"	"SN181"	NA	9
"TAGGCATTCTCAAGTG"	""	"ERX6700418"	"ERP132580"	"testis"	"Pachytene_Spermatocytes"	NA	NA	NA	"CL:0000017"	"spermatocyte"	"missing child term"	"SN181"	NA	6
"TAGTGGTGTCACACGC"	""	"ERX6700418"	"ERP132580"	"testis"	"Elongated_spermatids"	NA	NA	NA	"CL:4030037"	"late spermatid"	"perfect match"	"SN181"	NA	4
"TAGTGGTTCATAGCAC"	""	"ERX6700418"	"ERP132580"	"testis"	"Late_Round_spermatids"	NA	NA	NA	"CL:4030036"	"early spermatid"	"other"	"SN181"	NA	5
"TAGTGGTTCTGCTGTC"	""	"ERX6700418"	"ERP132580"	"testis"	"Pachytene_Spermatocytes"	NA	NA	NA	"CL:0000017"	"spermatocyte"	"missing child term"	"SN181"	NA	6
"TAGTTGGAGACCCACC"	""	"ERX6700418"	"ERP132580"	"testis"	"Pachytene_Spermatocytes"	NA	NA	NA	"CL:0000017"	"spermatocyte"	"missing child term"	"SN181"	NA	6
"TAGTTGGAGTATCTCG"	""	"ERX6700418"	"ERP132580"	"testis"	"Pachytene_Spermatocytes"	NA	NA	NA	"CL:0000017"	"spermatocyte"	"missing child term"	"SN181"	NA	6
"TAGTTGGAGTTCGATC"	""	"ERX6700418"	"ERP132580"	"testis"	"Elongated_spermatids"	NA	NA	NA	"CL:4030037"	"late spermatid"	"perfect match"	"SN181"	NA	4
"TAGTTGGCACTTCGAA"	""	"ERX6700418"	"ERP132580"	"testis"	"Sertoli"	NA	NA	NA	"CL:0000216"	"Sertoli cell"	"perfect match"	"SN181"	NA	8
"TAGTTGGGTAGGAGTC"	""	"ERX6700418"	"ERP132580"	"testis"	"Zygotene_Spermatocytes"	NA	NA	NA	"CL:0000017"	"spermatocyte"	"missing child term"	"SN181"	NA	11
"TAGTTGGGTCTGATTG"	""	"ERX6700418"	"ERP132580"	"testis"	"Elongated_spermatids"	NA	NA	NA	"CL:4030037"	"late spermatid"	"perfect match"	"SN181"	NA	4
"TAGTTGGGTGGCTCCA"	""	"ERX6700418"	"ERP132580"	"testis"	"Leptotene_Spermatocytes"	NA	NA	NA	"CL:0000017"	"spermatocyte"	"missing child term"	"SN181"	NA	7
"TAGTTGGGTGTTCGAT"	""	"ERX6700418"	"ERP132580"	"testis"	"Leptotene_Spermatocytes"	NA	NA	NA	"CL:0000017"	"spermatocyte"	"missing child term"	"SN181"	NA	7
"TAGTTGGTCAACGGGA"	""	"ERX6700418"	"ERP132580"	"testis"	"Elongated_spermatids"	NA	NA	NA	"CL:4030037"	"late spermatid"	"perfect match"	"SN181"	NA	4
"TATCAGGAGCCACGCT"	""	"ERX6700418"	"ERP132580"	"testis"	"Elongated_spermatids"	NA	NA	NA	"CL:4030037"	"late spermatid"	"perfect match"	"SN181"	NA	4
"TATCAGGCAAGCGTAG"	""	"ERX6700418"	"ERP132580"	"testis"	"Zygotene_Spermatocytes"	NA	NA	NA	"CL:0000017"	"spermatocyte"	"missing child term"	"SN181"	NA	11
"TATCAGGGTCAGCTAT"	""	"ERX6700418"	"ERP132580"	"testis"	"Elongated_spermatids"	NA	NA	NA	"CL:4030037"	"late spermatid"	"perfect match"	"SN181"	NA	4
"TATCAGGGTCGATTGT"	""	"ERX6700418"	"ERP132580"	"testis"	"Differentiated_Spermatogonia"	NA	NA	NA	"CL:0000020"	"spermatogonium"	"perfect match"	"SN181"	NA	9
"TATCAGGGTGTCCTCT"	""	"ERX6700418"	"ERP132580"	"testis"	"Leptotene_Spermatocytes"	NA	NA	NA	"CL:0000017"	"spermatocyte"	"missing child term"	"SN181"	NA	7
"TATCAGGTCAGCACAT"	""	"ERX6700418"	"ERP132580"	"testis"	"Pachytene_Spermatocytes"	NA	NA	NA	"CL:0000017"	"spermatocyte"	"missing child term"	"SN181"	NA	6
"TATCTCAAGCCAACAG"	""	"ERX6700418"	"ERP132580"	"testis"	"Undifferentiated_Spermatogonia"	NA	NA	NA	"CL:0000016"	"male germ line stem cell"	"other"	"SN181"	NA	1
"TATCTCAAGGAGTTTA"	""	"ERX6700418"	"ERP132580"	"testis"	"Sertoli"	NA	NA	NA	"CL:0000216"	"Sertoli cell"	"perfect match"	"SN181"	NA	8
"TATCTCAAGGTAAACT"	""	"ERX6700418"	"ERP132580"	"testis"	"Late_Round_spermatids"	NA	NA	NA	"CL:4030036"	"early spermatid"	"other"	"SN181"	NA	5
"TATCTCATCAGGTAAA"	""	"ERX6700418"	"ERP132580"	"testis"	"Elongated_spermatids"	NA	NA	NA	"CL:4030037"	"late spermatid"	"perfect match"	"SN181"	NA	4
"TATCTCATCCGAATGT"	""	"ERX6700418"	"ERP132580"	"testis"	"Pachytene_Spermatocytes"	NA	NA	NA	"CL:0000017"	"spermatocyte"	"missing child term"	"SN181"	NA	6
"TATGCCCAGAGAGCTC"	""	"ERX6700418"	"ERP132580"	"testis"	"Early_Round_spermatids"	NA	NA	NA	"CL:4030036"	"early spermatid"	"perfect match"	"SN181"	NA	2
"TATGCCCAGCTCCTCT"	""	"ERX6700418"	"ERP132580"	"testis"	"Sertoli"	NA	NA	NA	"CL:0000216"	"Sertoli cell"	"perfect match"	"SN181"	NA	8
"TATGCCCCAAGTTAAG"	""	"ERX6700418"	"ERP132580"	"testis"	"Elongated_spermatids"	NA	NA	NA	"CL:4030037"	"late spermatid"	"perfect match"	"SN181"	NA	4
"TATGCCCCACCTGGTG"	""	"ERX6700418"	"ERP132580"	"testis"	"Sertoli"	NA	NA	NA	"CL:0000216"	"Sertoli cell"	"perfect match"	"SN181"	NA	8
"TATGCCCCAGGTGCCT"	""	"ERX6700418"	"ERP132580"	"testis"	"Pachytene_Spermatocytes"	NA	NA	NA	"CL:0000017"	"spermatocyte"	"missing child term"	"SN181"	NA	6
"TATGCCCTCGACGGAA"	""	"ERX6700418"	"ERP132580"	"testis"	"Zygotene_Spermatocytes"	NA	NA	NA	"CL:0000017"	"spermatocyte"	"missing child term"	"SN181"	NA	11
"TATTACCCACTAGTAC"	""	"ERX6700418"	"ERP132580"	"testis"	"Zygotene_Spermatocytes"	NA	NA	NA	"CL:0000017"	"spermatocyte"	"missing child term"	"SN181"	NA	11
"TATTACCCAGAGCCAA"	""	"ERX6700418"	"ERP132580"	"testis"	"Sertoli"	NA	NA	NA	"CL:0000216"	"Sertoli cell"	"perfect match"	"SN181"	NA	8
"TATTACCCATACGCCG"	""	"ERX6700418"	"ERP132580"	"testis"	"Sertoli"	NA	NA	NA	"CL:0000216"	"Sertoli cell"	"perfect match"	"SN181"	NA	8
"TATTACCTCCTTGCCA"	""	"ERX6700418"	"ERP132580"	"testis"	"Differentiated_Spermatogonia"	NA	NA	NA	"CL:0000020"	"spermatogonium"	"perfect match"	"SN181"	NA	9
"TCAACGAGTCTTGATG"	""	"ERX6700418"	"ERP132580"	"testis"	"Undifferentiated_Spermatogonia"	NA	NA	NA	"CL:0000016"	"male germ line stem cell"	"other"	"SN181"	NA	1
"TCAACGATCAAGGTAA"	""	"ERX6700418"	"ERP132580"	"testis"	"Elongated_spermatids"	NA	NA	NA	"CL:4030037"	"late spermatid"	"perfect match"	"SN181"	NA	4
"TCAATCTAGACTCGGA"	""	"ERX6700418"	"ERP132580"	"testis"	"Elongated_spermatids"	NA	NA	NA	"CL:4030037"	"late spermatid"	"perfect match"	"SN181"	NA	4
"TCAATCTAGCTAACAA"	""	"ERX6700418"	"ERP132580"	"testis"	"Leptotene_Spermatocytes"	NA	NA	NA	"CL:0000017"	"spermatocyte"	"missing child term"	"SN181"	NA	7
"TCAATCTAGTGGCACA"	""	"ERX6700418"	"ERP132580"	"testis"	"Early_Round_spermatids"	NA	NA	NA	"CL:4030036"	"early spermatid"	"perfect match"	"SN181"	NA	2
"TCAATCTCACCAGCAC"	""	"ERX6700418"	"ERP132580"	"testis"	"Late_Round_spermatids"	NA	NA	NA	"CL:4030036"	"early spermatid"	"other"	"SN181"	NA	5
"TCAATCTCAGCGTTCG"	""	"ERX6700418"	"ERP132580"	"testis"	"Elongated_spermatids"	NA	NA	NA	"CL:4030037"	"late spermatid"	"perfect match"	"SN181"	NA	4
"TCAATCTCAGTTAACC"	""	"ERX6700418"	"ERP132580"	"testis"	"Undifferentiated_Spermatogonia"	NA	NA	NA	"CL:0000016"	"male germ line stem cell"	"other"	"SN181"	NA	1
"TCAATCTCATACTCTT"	""	"ERX6700418"	"ERP132580"	"testis"	"Undifferentiated_Spermatogonia"	NA	NA	NA	"CL:0000016"	"male germ line stem cell"	"other"	"SN181"	NA	1
"TCAATCTCATCATCCC"	""	"ERX6700418"	"ERP132580"	"testis"	"Early_Round_spermatids"	NA	NA	NA	"CL:4030036"	"early spermatid"	"perfect match"	"SN181"	NA	2
"TCAATCTCATTCTTAC"	""	"ERX6700418"	"ERP132580"	"testis"	"Undifferentiated_Spermatogonia"	NA	NA	NA	"CL:0000016"	"male germ line stem cell"	"other"	"SN181"	NA	1
"TCAATCTGTGTCCTCT"	""	"ERX6700418"	"ERP132580"	"testis"	"Leptotene_Spermatocytes"	NA	NA	NA	"CL:0000017"	"spermatocyte"	"missing child term"	"SN181"	NA	7
"TCAATCTTCCGATATG"	""	"ERX6700418"	"ERP132580"	"testis"	"Early_Round_spermatids"	NA	NA	NA	"CL:4030036"	"early spermatid"	"perfect match"	"SN181"	NA	2
"TCAATCTTCGAACTGT"	""	"ERX6700418"	"ERP132580"	"testis"	"Late_Round_spermatids"	NA	NA	NA	"CL:4030036"	"early spermatid"	"other"	"SN181"	NA	5
"TCACAAGGTCTCTCGT"	""	"ERX6700418"	"ERP132580"	"testis"	"Pachytene_Spermatocytes"	NA	NA	NA	"CL:0000017"	"spermatocyte"	"missing child term"	"SN181"	NA	6
"TCACAAGGTTCCTCCA"	""	"ERX6700418"	"ERP132580"	"testis"	"Pachytene_Spermatocytes"	NA	NA	NA	"CL:0000017"	"spermatocyte"	"missing child term"	"SN181"	NA	6
"TCACAAGGTTCGCGAC"	""	"ERX6700418"	"ERP132580"	"testis"	"Late_Round_spermatids"	NA	NA	NA	"CL:4030036"	"early spermatid"	"other"	"SN181"	NA	5
"TCACAAGTCAGAAATG"	""	"ERX6700418"	"ERP132580"	"testis"	"Early_Round_spermatids"	NA	NA	NA	"CL:4030036"	"early spermatid"	"perfect match"	"SN181"	NA	2
"TCACAAGTCCGCGTTT"	""	"ERX6700418"	"ERP132580"	"testis"	"Early_Round_spermatids"	NA	NA	NA	"CL:4030036"	"early spermatid"	"perfect match"	"SN181"	NA	2
"TCACAAGTCTATCCTA"	""	"ERX6700418"	"ERP132580"	"testis"	"Pachytene_Spermatocytes"	NA	NA	NA	"CL:0000017"	"spermatocyte"	"missing child term"	"SN181"	NA	6
"TCACAAGTCTTCAACT"	""	"ERX6700418"	"ERP132580"	"testis"	"Elongated_spermatids"	NA	NA	NA	"CL:4030037"	"late spermatid"	"perfect match"	"SN181"	NA	4
"TCACGAAAGGATCGCA"	""	"ERX6700418"	"ERP132580"	"testis"	""	NA	NA	NA	"CL:0000000"	"cell"	"other"	"SN181"	NA	10
"TCACGAAAGGGAGTAA"	""	"ERX6700418"	"ERP132580"	"testis"	"Pachytene_Spermatocytes"	NA	NA	NA	"CL:0000017"	"spermatocyte"	"missing child term"	"SN181"	NA	6
"TCACGAACATTCACTT"	""	"ERX6700418"	"ERP132580"	"testis"	"Zygotene_Spermatocytes"	NA	NA	NA	"CL:0000017"	"spermatocyte"	"missing child term"	"SN181"	NA	11
"TCACGAAGTAGCCTCG"	""	"ERX6700418"	"ERP132580"	"testis"	"Undifferentiated_Spermatogonia"	NA	NA	NA	"CL:0000016"	"male germ line stem cell"	"other"	"SN181"	NA	1
"TCAGATGAGGAATTAC"	""	"ERX6700418"	"ERP132580"	"testis"	"Elongated_spermatids"	NA	NA	NA	"CL:4030037"	"late spermatid"	"perfect match"	"SN181"	NA	4
"TCAGATGCAGTCCTTC"	""	"ERX6700418"	"ERP132580"	"testis"	"Elongated_spermatids"	NA	NA	NA	"CL:4030037"	"late spermatid"	"perfect match"	"SN181"	NA	4
"TCAGATGGTAGCTTGT"	""	"ERX6700418"	"ERP132580"	"testis"	"Zygotene_Spermatocytes"	NA	NA	NA	"CL:0000017"	"spermatocyte"	"missing child term"	"SN181"	NA	11
"TCAGATGTCGCCTGAG"	""	"ERX6700418"	"ERP132580"	"testis"	"Undifferentiated_Spermatogonia"	NA	NA	NA	"CL:0000016"	"male germ line stem cell"	"other"	"SN181"	NA	1
"TCAGATGTCTGGAGCC"	""	"ERX6700418"	"ERP132580"	"testis"	"Elongated_spermatids"	NA	NA	NA	"CL:4030037"	"late spermatid"	"perfect match"	"SN181"	NA	4
"TCAGCAAAGCCGATTT"	""	"ERX6700418"	"ERP132580"	"testis"	"Early_Round_spermatids"	NA	NA	NA	"CL:4030036"	"early spermatid"	"perfect match"	"SN181"	NA	2
"TCAGCAAAGTAAGTAC"	""	"ERX6700418"	"ERP132580"	"testis"	"Sertoli"	NA	NA	NA	"CL:0000216"	"Sertoli cell"	"perfect match"	"SN181"	NA	8
"TCAGCAACAAGTCATC"	""	"ERX6700418"	"ERP132580"	"testis"	"Pachytene_Spermatocytes"	NA	NA	NA	"CL:0000017"	"spermatocyte"	"missing child term"	"SN181"	NA	6
"TCAGCAACACAACTGT"	""	"ERX6700418"	"ERP132580"	"testis"	"Sertoli"	NA	NA	NA	"CL:0000216"	"Sertoli cell"	"perfect match"	"SN181"	NA	8
"TCAGCAACACCAGCAC"	""	"ERX6700418"	"ERP132580"	"testis"	"Pachytene_Spermatocytes"	NA	NA	NA	"CL:0000017"	"spermatocyte"	"missing child term"	"SN181"	NA	6
"TCAGCAACATGAGCGA"	""	"ERX6700418"	"ERP132580"	"testis"	"Undifferentiated_Spermatogonia"	NA	NA	NA	"CL:0000016"	"male germ line stem cell"	"other"	"SN181"	NA	1
"TCAGCAACATGGGACA"	""	"ERX6700418"	"ERP132580"	"testis"	"Elongated_spermatids"	NA	NA	NA	"CL:4030037"	"late spermatid"	"perfect match"	"SN181"	NA	4
"TCAGCAAGTGTGACCC"	""	"ERX6700418"	"ERP132580"	"testis"	"Late_Round_spermatids"	NA	NA	NA	"CL:4030036"	"early spermatid"	"other"	"SN181"	NA	5
"TCAGCAAGTTAGTGGG"	""	"ERX6700418"	"ERP132580"	"testis"	"Sertoli"	NA	NA	NA	"CL:0000216"	"Sertoli cell"	"perfect match"	"SN181"	NA	8
"TCAGCAATCAAGGTAA"	""	"ERX6700418"	"ERP132580"	"testis"	"Elongated_spermatids"	NA	NA	NA	"CL:4030037"	"late spermatid"	"perfect match"	"SN181"	NA	4
"TCAGCAATCGAGGTAG"	""	"ERX6700418"	"ERP132580"	"testis"	"Elongated_spermatids"	NA	NA	NA	"CL:4030037"	"late spermatid"	"perfect match"	"SN181"	NA	4
"TCAGCTCAGAGGGATA"	""	"ERX6700418"	"ERP132580"	"testis"	"Leptotene_Spermatocytes"	NA	NA	NA	"CL:0000017"	"spermatocyte"	"missing child term"	"SN181"	NA	7
"TCAGCTCAGATGGGTC"	""	"ERX6700418"	"ERP132580"	"testis"	"Sertoli"	NA	NA	NA	"CL:0000216"	"Sertoli cell"	"perfect match"	"SN181"	NA	8
"TCAGCTCAGGGTCTCC"	""	"ERX6700418"	"ERP132580"	"testis"	"Late_Round_spermatids"	NA	NA	NA	"CL:4030036"	"early spermatid"	"other"	"SN181"	NA	5
"TCAGCTCAGTGGGATC"	""	"ERX6700418"	"ERP132580"	"testis"	"Sertoli"	NA	NA	NA	"CL:0000216"	"Sertoli cell"	"perfect match"	"SN181"	NA	8
"TCAGCTCCACAACGCC"	""	"ERX6700418"	"ERP132580"	"testis"	"Elongated_spermatids"	NA	NA	NA	"CL:4030037"	"late spermatid"	"perfect match"	"SN181"	NA	4
"TCAGCTCCACGGCCAT"	""	"ERX6700418"	"ERP132580"	"testis"	"Undifferentiated_Spermatogonia"	NA	NA	NA	"CL:0000016"	"male germ line stem cell"	"other"	"SN181"	NA	1
"TCAGCTCGTAAGCACG"	""	"ERX6700418"	"ERP132580"	"testis"	"Zygotene_Spermatocytes"	NA	NA	NA	"CL:0000017"	"spermatocyte"	"missing child term"	"SN181"	NA	11
"TCAGCTCGTATAGTAG"	""	"ERX6700418"	"ERP132580"	"testis"	"Differentiated_Spermatogonia"	NA	NA	NA	"CL:0000020"	"spermatogonium"	"perfect match"	"SN181"	NA	9
"TCAGCTCTCAAAGACA"	""	"ERX6700418"	"ERP132580"	"testis"	"Sertoli"	NA	NA	NA	"CL:0000216"	"Sertoli cell"	"perfect match"	"SN181"	NA	8
"TCAGCTCTCGCGTTTC"	""	"ERX6700418"	"ERP132580"	"testis"	"Late_Round_spermatids"	NA	NA	NA	"CL:4030036"	"early spermatid"	"other"	"SN181"	NA	5
"TCAGGATAGATGTGTA"	""	"ERX6700418"	"ERP132580"	"testis"	"Pachytene_Spermatocytes"	NA	NA	NA	"CL:0000017"	"spermatocyte"	"missing child term"	"SN181"	NA	6
"TCAGGATAGCTACCGC"	""	"ERX6700418"	"ERP132580"	"testis"	"Leptotene_Spermatocytes"	NA	NA	NA	"CL:0000017"	"spermatocyte"	"missing child term"	"SN181"	NA	7
"TCAGGATAGTCATGCT"	""	"ERX6700418"	"ERP132580"	"testis"	"Early_Round_spermatids"	NA	NA	NA	"CL:4030036"	"early spermatid"	"perfect match"	"SN181"	NA	2
"TCAGGATCACATCTTT"	""	"ERX6700418"	"ERP132580"	"testis"	"Elongated_spermatids"	NA	NA	NA	"CL:4030037"	"late spermatid"	"perfect match"	"SN181"	NA	4
"TCAGGATCAGACGCAA"	""	"ERX6700418"	"ERP132580"	"testis"	"Undifferentiated_Spermatogonia"	NA	NA	NA	"CL:0000016"	"male germ line stem cell"	"other"	"SN181"	NA	1
"TCAGGATCAGATAATG"	""	"ERX6700418"	"ERP132580"	"testis"	"Late_Round_spermatids"	NA	NA	NA	"CL:4030036"	"early spermatid"	"other"	"SN181"	NA	5
"TCAGGATTCAAGGTAA"	""	"ERX6700418"	"ERP132580"	"testis"	"Early_Round_spermatids"	NA	NA	NA	"CL:4030036"	"early spermatid"	"perfect match"	"SN181"	NA	2
"TCAGGATTCCAGTAGT"	""	"ERX6700418"	"ERP132580"	"testis"	"Late_Round_spermatids"	NA	NA	NA	"CL:4030036"	"early spermatid"	"other"	"SN181"	NA	5
"TCAGGATTCTTTAGGG"	""	"ERX6700418"	"ERP132580"	"testis"	"Late_Round_spermatids"	NA	NA	NA	"CL:4030036"	"early spermatid"	"other"	"SN181"	NA	5
"TCAGGTAAGTGCCATT"	""	"ERX6700418"	"ERP132580"	"testis"	"Sertoli"	NA	NA	NA	"CL:0000216"	"Sertoli cell"	"perfect match"	"SN181"	NA	8
"TCAGGTACAACCGCCA"	""	"ERX6700418"	"ERP132580"	"testis"	"Other_somatic"	NA	NA	NA	"CL:0002371"	"somatic cell"	"perfect match"	"SN181"	NA	3
"TCAGGTACAGACAAAT"	""	"ERX6700418"	"ERP132580"	"testis"	"Late_Round_spermatids"	NA	NA	NA	"CL:4030036"	"early spermatid"	"other"	"SN181"	NA	5
"TCAGGTACAGGCGATA"	""	"ERX6700418"	"ERP132580"	"testis"	"Other_somatic"	NA	NA	NA	"CL:0002371"	"somatic cell"	"perfect match"	"SN181"	NA	3
"TCAGGTAGTCATATGC"	""	"ERX6700418"	"ERP132580"	"testis"	"Early_Round_spermatids"	NA	NA	NA	"CL:4030036"	"early spermatid"	"perfect match"	"SN181"	NA	2
"TCAGGTAGTGCCTTGG"	""	"ERX6700418"	"ERP132580"	"testis"	"Sertoli"	NA	NA	NA	"CL:0000216"	"Sertoli cell"	"perfect match"	"SN181"	NA	8
"TCAGGTAGTGCTAGCC"	""	"ERX6700418"	"ERP132580"	"testis"	"Early_Round_spermatids"	NA	NA	NA	"CL:4030036"	"early spermatid"	"perfect match"	"SN181"	NA	2
"TCAGGTAGTGCTTCTC"	""	"ERX6700418"	"ERP132580"	"testis"	"Early_Round_spermatids"	NA	NA	NA	"CL:4030036"	"early spermatid"	"perfect match"	"SN181"	NA	2
"TCAGGTAGTTTGACAC"	""	"ERX6700418"	"ERP132580"	"testis"	"Pachytene_Spermatocytes"	NA	NA	NA	"CL:0000017"	"spermatocyte"	"missing child term"	"SN181"	NA	6
"TCAGGTATCAGTTAGC"	""	"ERX6700418"	"ERP132580"	"testis"	"Elongated_spermatids"	NA	NA	NA	"CL:4030037"	"late spermatid"	"perfect match"	"SN181"	NA	4
"TCAGGTATCCGGGTGT"	""	"ERX6700418"	"ERP132580"	"testis"	"Elongated_spermatids"	NA	NA	NA	"CL:4030037"	"late spermatid"	"perfect match"	"SN181"	NA	4
"TCATTACAGGCATTGG"	""	"ERX6700418"	"ERP132580"	"testis"	"Elongated_spermatids"	NA	NA	NA	"CL:4030037"	"late spermatid"	"perfect match"	"SN181"	NA	4
"TCATTACCACGCATCG"	""	"ERX6700418"	"ERP132580"	"testis"	"Differentiated_Spermatogonia"	NA	NA	NA	"CL:0000020"	"spermatogonium"	"perfect match"	"SN181"	NA	9
"TCATTACTCGGCTTGG"	""	"ERX6700418"	"ERP132580"	"testis"	"Undifferentiated_Spermatogonia"	NA	NA	NA	"CL:0000016"	"male germ line stem cell"	"other"	"SN181"	NA	1
"TCATTTGCACAGGCCT"	""	"ERX6700418"	"ERP132580"	"testis"	"Leptotene_Spermatocytes"	NA	NA	NA	"CL:0000017"	"spermatocyte"	"missing child term"	"SN181"	NA	7
"TCATTTGCATACGCTA"	""	"ERX6700418"	"ERP132580"	"testis"	"Pachytene_Spermatocytes"	NA	NA	NA	"CL:0000017"	"spermatocyte"	"missing child term"	"SN181"	NA	6
"TCATTTGGTTATCGGT"	""	"ERX6700418"	"ERP132580"	"testis"	"Zygotene_Spermatocytes"	NA	NA	NA	"CL:0000017"	"spermatocyte"	"missing child term"	"SN181"	NA	11
"TCATTTGTCACGAAGG"	""	"ERX6700418"	"ERP132580"	"testis"	"Elongated_spermatids"	NA	NA	NA	"CL:4030037"	"late spermatid"	"perfect match"	"SN181"	NA	4
"TCCACACAGGCAATTA"	""	"ERX6700418"	"ERP132580"	"testis"	"Leptotene_Spermatocytes"	NA	NA	NA	"CL:0000017"	"spermatocyte"	"missing child term"	"SN181"	NA	7
"TCCACACGTAAATGTG"	""	"ERX6700418"	"ERP132580"	"testis"	"Sertoli"	NA	NA	NA	"CL:0000216"	"Sertoli cell"	"perfect match"	"SN181"	NA	8
"TCCACACGTCTCTTAT"	""	"ERX6700418"	"ERP132580"	"testis"	"Early_Round_spermatids"	NA	NA	NA	"CL:4030036"	"early spermatid"	"perfect match"	"SN181"	NA	2
"TCCACACGTGTAACGG"	""	"ERX6700418"	"ERP132580"	"testis"	"Sertoli"	NA	NA	NA	"CL:0000216"	"Sertoli cell"	"perfect match"	"SN181"	NA	8
"TCCACACTCCATGAGT"	""	"ERX6700418"	"ERP132580"	"testis"	"Pachytene_Spermatocytes"	NA	NA	NA	"CL:0000017"	"spermatocyte"	"missing child term"	"SN181"	NA	6
"TCCCGATAGATGTGTA"	""	"ERX6700418"	"ERP132580"	"testis"	"Zygotene_Spermatocytes"	NA	NA	NA	"CL:0000017"	"spermatocyte"	"missing child term"	"SN181"	NA	11
"TCCCGATCAGTCGTGC"	""	"ERX6700418"	"ERP132580"	"testis"	"Zygotene_Spermatocytes"	NA	NA	NA	"CL:0000017"	"spermatocyte"	"missing child term"	"SN181"	NA	11
"TCCCGATCATTCGACA"	""	"ERX6700418"	"ERP132580"	"testis"	"Elongated_spermatids"	NA	NA	NA	"CL:4030037"	"late spermatid"	"perfect match"	"SN181"	NA	4
"TCCCGATCATTGTGCA"	""	"ERX6700418"	"ERP132580"	"testis"	"Elongated_spermatids"	NA	NA	NA	"CL:4030037"	"late spermatid"	"perfect match"	"SN181"	NA	4
"TCCCGATTCAGTTTGG"	""	"ERX6700418"	"ERP132580"	"testis"	"Other_somatic"	NA	NA	NA	"CL:0002371"	"somatic cell"	"perfect match"	"SN181"	NA	3
"TCCCGATTCCATTCTA"	""	"ERX6700418"	"ERP132580"	"testis"	"Sertoli"	NA	NA	NA	"CL:0000216"	"Sertoli cell"	"perfect match"	"SN181"	NA	8
"TCCCGATTCCCTCAGT"	""	"ERX6700418"	"ERP132580"	"testis"	"Differentiated_Spermatogonia"	NA	NA	NA	"CL:0000020"	"spermatogonium"	"perfect match"	"SN181"	NA	9
"TCCCGATTCGGTCCGA"	""	"ERX6700418"	"ERP132580"	"testis"	"Differentiated_Spermatogonia"	NA	NA	NA	"CL:0000020"	"spermatogonium"	"perfect match"	"SN181"	NA	9
"TCGAGGCCATCCGGGT"	""	"ERX6700418"	"ERP132580"	"testis"	"Undifferentiated_Spermatogonia"	NA	NA	NA	"CL:0000016"	"male germ line stem cell"	"other"	"SN181"	NA	1
"TCGAGGCCATGGATGG"	""	"ERX6700418"	"ERP132580"	"testis"	"Elongated_spermatids"	NA	NA	NA	"CL:4030037"	"late spermatid"	"perfect match"	"SN181"	NA	4
"TCGAGGCGTTCCGGCA"	""	"ERX6700418"	"ERP132580"	"testis"	"Other_somatic"	NA	NA	NA	"CL:0002371"	"somatic cell"	"perfect match"	"SN181"	NA	3
"TCGAGGCTCAAGGCTT"	""	"ERX6700418"	"ERP132580"	"testis"	"Elongated_spermatids"	NA	NA	NA	"CL:4030037"	"late spermatid"	"perfect match"	"SN181"	NA	4
"TCGAGGCTCGTTTAGG"	""	"ERX6700418"	"ERP132580"	"testis"	"Leptotene_Spermatocytes"	NA	NA	NA	"CL:0000017"	"spermatocyte"	"missing child term"	"SN181"	NA	7
"TCGAGGCTCTCCAGGG"	""	"ERX6700418"	"ERP132580"	"testis"	"Early_Round_spermatids"	NA	NA	NA	"CL:4030036"	"early spermatid"	"perfect match"	"SN181"	NA	2
"TCGCGAGAGCAGGCTA"	""	"ERX6700418"	"ERP132580"	"testis"	"Differentiated_Spermatogonia"	NA	NA	NA	"CL:0000020"	"spermatogonium"	"perfect match"	"SN181"	NA	9
"TCGCGAGAGCGATATA"	""	"ERX6700418"	"ERP132580"	"testis"	"Differentiated_Spermatogonia"	NA	NA	NA	"CL:0000020"	"spermatogonium"	"perfect match"	"SN181"	NA	9
"TCGCGAGAGCTACCTA"	""	"ERX6700418"	"ERP132580"	"testis"	"Zygotene_Spermatocytes"	NA	NA	NA	"CL:0000017"	"spermatocyte"	"missing child term"	"SN181"	NA	11
"TCGCGAGAGCTAGCCC"	""	"ERX6700418"	"ERP132580"	"testis"	"Differentiated_Spermatogonia"	NA	NA	NA	"CL:0000020"	"spermatogonium"	"perfect match"	"SN181"	NA	9
"TCGCGAGAGTTATCGC"	""	"ERX6700418"	"ERP132580"	"testis"	"Differentiated_Spermatogonia"	NA	NA	NA	"CL:0000020"	"spermatogonium"	"perfect match"	"SN181"	NA	9
"TCGCGAGCAATCAGAA"	""	"ERX6700418"	"ERP132580"	"testis"	"Pachytene_Spermatocytes"	NA	NA	NA	"CL:0000017"	"spermatocyte"	"missing child term"	"SN181"	NA	6
"TCGCGAGCACATCCGG"	""	"ERX6700418"	"ERP132580"	"testis"	"Late_Round_spermatids"	NA	NA	NA	"CL:4030036"	"early spermatid"	"other"	"SN181"	NA	5
"TCGCGAGCATACAGCT"	""	"ERX6700418"	"ERP132580"	"testis"	"Elongated_spermatids"	NA	NA	NA	"CL:4030037"	"late spermatid"	"perfect match"	"SN181"	NA	4
"TCGCGAGTCGCTTGTC"	""	"ERX6700418"	"ERP132580"	"testis"	"Differentiated_Spermatogonia"	NA	NA	NA	"CL:0000020"	"spermatogonium"	"perfect match"	"SN181"	NA	9
"TCGCGAGTCTCTTGAT"	""	"ERX6700418"	"ERP132580"	"testis"	"Elongated_spermatids"	NA	NA	NA	"CL:4030037"	"late spermatid"	"perfect match"	"SN181"	NA	4
"TCGCGAGTCTTGAGGT"	""	"ERX6700418"	"ERP132580"	"testis"	"Elongated_spermatids"	NA	NA	NA	"CL:4030037"	"late spermatid"	"perfect match"	"SN181"	NA	4
"TCGCGTTAGCTCCCAG"	""	"ERX6700418"	"ERP132580"	"testis"	"Elongated_spermatids"	NA	NA	NA	"CL:4030037"	"late spermatid"	"perfect match"	"SN181"	NA	4
"TCGCGTTAGTATTGGA"	""	"ERX6700418"	"ERP132580"	"testis"	"Early_Round_spermatids"	NA	NA	NA	"CL:4030036"	"early spermatid"	"perfect match"	"SN181"	NA	2
"TCGCGTTAGTTGAGTA"	""	"ERX6700418"	"ERP132580"	"testis"	"Leptotene_Spermatocytes"	NA	NA	NA	"CL:0000017"	"spermatocyte"	"missing child term"	"SN181"	NA	7
"TCGCGTTCAAACGCGA"	""	"ERX6700418"	"ERP132580"	"testis"	"Pachytene_Spermatocytes"	NA	NA	NA	"CL:0000017"	"spermatocyte"	"missing child term"	"SN181"	NA	6
"TCGCGTTCAGGTTTCA"	""	"ERX6700418"	"ERP132580"	"testis"	"Early_Round_spermatids"	NA	NA	NA	"CL:4030036"	"early spermatid"	"perfect match"	"SN181"	NA	2
"TCGCGTTGTGACAAAT"	""	"ERX6700418"	"ERP132580"	"testis"	"Undifferentiated_Spermatogonia"	NA	NA	NA	"CL:0000016"	"male germ line stem cell"	"other"	"SN181"	NA	1
"TCGCGTTGTTCACGGC"	""	"ERX6700418"	"ERP132580"	"testis"	"Pachytene_Spermatocytes"	NA	NA	NA	"CL:0000017"	"spermatocyte"	"missing child term"	"SN181"	NA	6
"TCGCGTTGTTGTCGCG"	""	"ERX6700418"	"ERP132580"	"testis"	"Early_Round_spermatids"	NA	NA	NA	"CL:4030036"	"early spermatid"	"perfect match"	"SN181"	NA	2
"TCGCGTTTCACCTCGT"	""	"ERX6700418"	"ERP132580"	"testis"	"Pachytene_Spermatocytes"	NA	NA	NA	"CL:0000017"	"spermatocyte"	"missing child term"	"SN181"	NA	6
"TCGCGTTTCTGCTTGC"	""	"ERX6700418"	"ERP132580"	"testis"	"Late_Round_spermatids"	NA	NA	NA	"CL:4030036"	"early spermatid"	"other"	"SN181"	NA	5
"TCGCGTTTCTTAGCCC"	""	"ERX6700418"	"ERP132580"	"testis"	"Late_Round_spermatids"	NA	NA	NA	"CL:4030036"	"early spermatid"	"other"	"SN181"	NA	5
"TCGGGACCATCCGGGT"	""	"ERX6700418"	"ERP132580"	"testis"	"Zygotene_Spermatocytes"	NA	NA	NA	"CL:0000017"	"spermatocyte"	"missing child term"	"SN181"	NA	11
"TCGGGACGTCAATGTC"	""	"ERX6700418"	"ERP132580"	"testis"	"Elongated_spermatids"	NA	NA	NA	"CL:4030037"	"late spermatid"	"perfect match"	"SN181"	NA	4
"TCGGGACTCGGCTTGG"	""	"ERX6700418"	"ERP132580"	"testis"	"Differentiated_Spermatogonia"	NA	NA	NA	"CL:0000020"	"spermatogonium"	"perfect match"	"SN181"	NA	9
"TCGGTAACAGCTATTG"	""	"ERX6700418"	"ERP132580"	"testis"	"Elongated_spermatids"	NA	NA	NA	"CL:4030037"	"late spermatid"	"perfect match"	"SN181"	NA	4
"TCGGTAACATCCCATC"	""	"ERX6700418"	"ERP132580"	"testis"	"Sertoli"	NA	NA	NA	"CL:0000216"	"Sertoli cell"	"perfect match"	"SN181"	NA	8
"TCGGTAAGTACCGCTG"	""	"ERX6700418"	"ERP132580"	"testis"	"Zygotene_Spermatocytes"	NA	NA	NA	"CL:0000017"	"spermatocyte"	"missing child term"	"SN181"	NA	11
"TCGGTAAGTGACGGTA"	""	"ERX6700418"	"ERP132580"	"testis"	"Leptotene_Spermatocytes"	NA	NA	NA	"CL:0000017"	"spermatocyte"	"missing child term"	"SN181"	NA	7
"TCGGTAAGTGCACTTA"	""	"ERX6700418"	"ERP132580"	"testis"	"Sertoli"	NA	NA	NA	"CL:0000216"	"Sertoli cell"	"perfect match"	"SN181"	NA	8
"TCGGTAATCGAACGGA"	""	"ERX6700418"	"ERP132580"	"testis"	"Pachytene_Spermatocytes"	NA	NA	NA	"CL:0000017"	"spermatocyte"	"missing child term"	"SN181"	NA	6
"TCGGTAATCTAGCACA"	""	"ERX6700418"	"ERP132580"	"testis"	"Elongated_spermatids"	NA	NA	NA	"CL:4030037"	"late spermatid"	"perfect match"	"SN181"	NA	4
"TCGTACCCAGGGAGAG"	""	"ERX6700418"	"ERP132580"	"testis"	"Elongated_spermatids"	NA	NA	NA	"CL:4030037"	"late spermatid"	"perfect match"	"SN181"	NA	4
"TCGTACCGTATCACCA"	""	"ERX6700418"	"ERP132580"	"testis"	"Zygotene_Spermatocytes"	NA	NA	NA	"CL:0000017"	"spermatocyte"	"missing child term"	"SN181"	NA	11
"TCGTACCTCCACGCAG"	""	"ERX6700418"	"ERP132580"	"testis"	"Elongated_spermatids"	NA	NA	NA	"CL:4030037"	"late spermatid"	"perfect match"	"SN181"	NA	4
"TCGTACCTCGCAAACT"	""	"ERX6700418"	"ERP132580"	"testis"	"Early_Round_spermatids"	NA	NA	NA	"CL:4030036"	"early spermatid"	"perfect match"	"SN181"	NA	2
"TCGTAGAAGTCCCACG"	""	"ERX6700418"	"ERP132580"	"testis"	"Undifferentiated_Spermatogonia"	NA	NA	NA	"CL:0000016"	"male germ line stem cell"	"other"	"SN181"	NA	1
"TCGTAGACACTTAACG"	""	"ERX6700418"	"ERP132580"	"testis"	"Pachytene_Spermatocytes"	NA	NA	NA	"CL:0000017"	"spermatocyte"	"missing child term"	"SN181"	NA	6
"TCGTAGAGTTATCGGT"	""	"ERX6700418"	"ERP132580"	"testis"	"Pachytene_Spermatocytes"	NA	NA	NA	"CL:0000017"	"spermatocyte"	"missing child term"	"SN181"	NA	6
"TCGTAGATCCTTGCCA"	""	"ERX6700418"	"ERP132580"	"testis"	"Other_somatic"	NA	NA	NA	"CL:0002371"	"somatic cell"	"perfect match"	"SN181"	NA	3
"TCGTAGATCTTCGGTC"	""	"ERX6700418"	"ERP132580"	"testis"	"Undifferentiated_Spermatogonia"	NA	NA	NA	"CL:0000016"	"male germ line stem cell"	"other"	"SN181"	NA	1
"TCTATTGAGCTAAGAT"	""	"ERX6700418"	"ERP132580"	"testis"	"Sertoli"	NA	NA	NA	"CL:0000216"	"Sertoli cell"	"perfect match"	"SN181"	NA	8
"TCTATTGAGTCAAGGC"	""	"ERX6700418"	"ERP132580"	"testis"	"Leptotene_Spermatocytes"	NA	NA	NA	"CL:0000017"	"spermatocyte"	"missing child term"	"SN181"	NA	7
"TCTATTGGTCTGCGGT"	""	"ERX6700418"	"ERP132580"	"testis"	"Sertoli"	NA	NA	NA	"CL:0000216"	"Sertoli cell"	"perfect match"	"SN181"	NA	8
"TCTATTGGTGGTTTCA"	""	"ERX6700418"	"ERP132580"	"testis"	"Early_Round_spermatids"	NA	NA	NA	"CL:4030036"	"early spermatid"	"perfect match"	"SN181"	NA	2
"TCTATTGGTGTCCTCT"	""	"ERX6700418"	"ERP132580"	"testis"	"Pachytene_Spermatocytes"	NA	NA	NA	"CL:0000017"	"spermatocyte"	"missing child term"	"SN181"	NA	6
"TCTATTGGTGTGCGTC"	""	"ERX6700418"	"ERP132580"	"testis"	"Pachytene_Spermatocytes"	NA	NA	NA	"CL:0000017"	"spermatocyte"	"missing child term"	"SN181"	NA	6
"TCTATTGTCTTACCTA"	""	"ERX6700418"	"ERP132580"	"testis"	"Other_somatic"	NA	NA	NA	"CL:0002371"	"somatic cell"	"perfect match"	"SN181"	NA	3
"TCTCATAAGGCATGTG"	""	"ERX6700418"	"ERP132580"	"testis"	"Zygotene_Spermatocytes"	NA	NA	NA	"CL:0000017"	"spermatocyte"	"missing child term"	"SN181"	NA	11
"TCTCATAAGGGCATGT"	""	"ERX6700418"	"ERP132580"	"testis"	"Undifferentiated_Spermatogonia"	NA	NA	NA	"CL:0000016"	"male germ line stem cell"	"other"	"SN181"	NA	1
"TCTCATACACCAGTTA"	""	"ERX6700418"	"ERP132580"	"testis"	"Zygotene_Spermatocytes"	NA	NA	NA	"CL:0000017"	"spermatocyte"	"missing child term"	"SN181"	NA	11
"TCTCATACAGCATGAG"	""	"ERX6700418"	"ERP132580"	"testis"	"Early_Round_spermatids"	NA	NA	NA	"CL:4030036"	"early spermatid"	"perfect match"	"SN181"	NA	2
"TCTCATACAGCTGTGC"	""	"ERX6700418"	"ERP132580"	"testis"	"Pachytene_Spermatocytes"	NA	NA	NA	"CL:0000017"	"spermatocyte"	"missing child term"	"SN181"	NA	6
"TCTCATAGTCCTCTTG"	""	"ERX6700418"	"ERP132580"	"testis"	"Pachytene_Spermatocytes"	NA	NA	NA	"CL:0000017"	"spermatocyte"	"missing child term"	"SN181"	NA	6
"TCTCATAGTGATGTGG"	""	"ERX6700418"	"ERP132580"	"testis"	"Zygotene_Spermatocytes"	NA	NA	NA	"CL:0000017"	"spermatocyte"	"missing child term"	"SN181"	NA	11
"TCTCATATCAAACGGG"	""	"ERX6700418"	"ERP132580"	"testis"	"Undifferentiated_Spermatogonia"	NA	NA	NA	"CL:0000016"	"male germ line stem cell"	"other"	"SN181"	NA	1
"TCTCATATCACGACTA"	""	"ERX6700418"	"ERP132580"	"testis"	"Leptotene_Spermatocytes"	NA	NA	NA	"CL:0000017"	"spermatocyte"	"missing child term"	"SN181"	NA	7
"TCTCATATCCGGCACA"	""	"ERX6700418"	"ERP132580"	"testis"	"Elongated_spermatids"	NA	NA	NA	"CL:4030037"	"late spermatid"	"perfect match"	"SN181"	NA	4
"TCTCATATCTAGCACA"	""	"ERX6700418"	"ERP132580"	"testis"	"Pachytene_Spermatocytes"	NA	NA	NA	"CL:0000017"	"spermatocyte"	"missing child term"	"SN181"	NA	6
"TCTCTAAAGCACCGTC"	""	"ERX6700418"	"ERP132580"	"testis"	"Sertoli"	NA	NA	NA	"CL:0000216"	"Sertoli cell"	"perfect match"	"SN181"	NA	8
"TCTCTAAAGCATGGCA"	""	"ERX6700418"	"ERP132580"	"testis"	"Elongated_spermatids"	NA	NA	NA	"CL:4030037"	"late spermatid"	"perfect match"	"SN181"	NA	4
"TCTCTAAAGGGTCTCC"	""	"ERX6700418"	"ERP132580"	"testis"	"Pachytene_Spermatocytes"	NA	NA	NA	"CL:0000017"	"spermatocyte"	"missing child term"	"SN181"	NA	6
"TCTCTAAAGGGTGTGT"	""	"ERX6700418"	"ERP132580"	"testis"	"Sertoli"	NA	NA	NA	"CL:0000216"	"Sertoli cell"	"perfect match"	"SN181"	NA	8
"TCTCTAACATGCCTTC"	""	"ERX6700418"	"ERP132580"	"testis"	"Undifferentiated_Spermatogonia"	NA	NA	NA	"CL:0000016"	"male germ line stem cell"	"other"	"SN181"	NA	1
"TCTCTAATCTACTATC"	""	"ERX6700418"	"ERP132580"	"testis"	"Other_somatic"	NA	NA	NA	"CL:0002371"	"somatic cell"	"perfect match"	"SN181"	NA	3
"TCTCTAATCTTCTGGC"	""	"ERX6700418"	"ERP132580"	"testis"	"Sertoli"	NA	NA	NA	"CL:0000216"	"Sertoli cell"	"perfect match"	"SN181"	NA	8
"TCTGAGAAGTTTGCGT"	""	"ERX6700418"	"ERP132580"	"testis"	"Differentiated_Spermatogonia"	NA	NA	NA	"CL:0000020"	"spermatogonium"	"perfect match"	"SN181"	NA	9
"TCTGAGACACAGACTT"	""	"ERX6700418"	"ERP132580"	"testis"	"Sertoli"	NA	NA	NA	"CL:0000216"	"Sertoli cell"	"perfect match"	"SN181"	NA	8
"TCTGAGAGTACTTGAC"	""	"ERX6700418"	"ERP132580"	"testis"	"Early_Round_spermatids"	NA	NA	NA	"CL:4030036"	"early spermatid"	"perfect match"	"SN181"	NA	2
"TCTGAGAGTAGAGGAA"	""	"ERX6700418"	"ERP132580"	"testis"	"Late_Round_spermatids"	NA	NA	NA	"CL:4030036"	"early spermatid"	"other"	"SN181"	NA	5
"TCTGAGAGTGACAAAT"	""	"ERX6700418"	"ERP132580"	"testis"	"Early_Round_spermatids"	NA	NA	NA	"CL:4030036"	"early spermatid"	"perfect match"	"SN181"	NA	2
"TCTGAGAGTGACGCCT"	""	"ERX6700418"	"ERP132580"	"testis"	"Differentiated_Spermatogonia"	NA	NA	NA	"CL:0000020"	"spermatogonium"	"perfect match"	"SN181"	NA	9
"TCTGAGAGTTGATTCG"	""	"ERX6700418"	"ERP132580"	"testis"	"Elongated_spermatids"	NA	NA	NA	"CL:4030037"	"late spermatid"	"perfect match"	"SN181"	NA	4
"TCTGAGATCATTGCCC"	""	"ERX6700418"	"ERP132580"	"testis"	"Leptotene_Spermatocytes"	NA	NA	NA	"CL:0000017"	"spermatocyte"	"missing child term"	"SN181"	NA	7
"TCTGGAAAGGGCATGT"	""	"ERX6700418"	"ERP132580"	"testis"	"Leptotene_Spermatocytes"	NA	NA	NA	"CL:0000017"	"spermatocyte"	"missing child term"	"SN181"	NA	7
"TCTGGAAAGTGAAGTT"	""	"ERX6700418"	"ERP132580"	"testis"	"Undifferentiated_Spermatogonia"	NA	NA	NA	"CL:0000016"	"male germ line stem cell"	"other"	"SN181"	NA	1
"TCTGGAACACCACGTG"	""	"ERX6700418"	"ERP132580"	"testis"	"Zygotene_Spermatocytes"	NA	NA	NA	"CL:0000017"	"spermatocyte"	"missing child term"	"SN181"	NA	11
"TCTGGAACATAACCTG"	""	"ERX6700418"	"ERP132580"	"testis"	"Elongated_spermatids"	NA	NA	NA	"CL:4030037"	"late spermatid"	"perfect match"	"SN181"	NA	4
"TCTGGAAGTCGGCTCA"	""	"ERX6700418"	"ERP132580"	"testis"	"Pachytene_Spermatocytes"	NA	NA	NA	"CL:0000017"	"spermatocyte"	"missing child term"	"SN181"	NA	6
"TCTGGAATCTGCTTGC"	""	"ERX6700418"	"ERP132580"	"testis"	"Leptotene_Spermatocytes"	NA	NA	NA	"CL:0000017"	"spermatocyte"	"missing child term"	"SN181"	NA	7
"TCTTCGGAGAGATGAG"	""	"ERX6700418"	"ERP132580"	"testis"	"Pachytene_Spermatocytes"	NA	NA	NA	"CL:0000017"	"spermatocyte"	"missing child term"	"SN181"	NA	6
"TCTTCGGAGCCTTGAT"	""	"ERX6700418"	"ERP132580"	"testis"	"Elongated_spermatids"	NA	NA	NA	"CL:4030037"	"late spermatid"	"perfect match"	"SN181"	NA	4
"TCTTCGGAGGTGATTA"	""	"ERX6700418"	"ERP132580"	"testis"	"Sertoli"	NA	NA	NA	"CL:0000216"	"Sertoli cell"	"perfect match"	"SN181"	NA	8
"TCTTCGGCACAAGACG"	""	"ERX6700418"	"ERP132580"	"testis"	"Leptotene_Spermatocytes"	NA	NA	NA	"CL:0000017"	"spermatocyte"	"missing child term"	"SN181"	NA	7
"TCTTCGGTCCATGAGT"	""	"ERX6700418"	"ERP132580"	"testis"	"Other_somatic"	NA	NA	NA	"CL:0002371"	"somatic cell"	"perfect match"	"SN181"	NA	3
"TCTTTCCAGAAACCAT"	""	"ERX6700418"	"ERP132580"	"testis"	"Undifferentiated_Spermatogonia"	NA	NA	NA	"CL:0000016"	"male germ line stem cell"	"other"	"SN181"	NA	1
"TCTTTCCAGCAAATCA"	""	"ERX6700418"	"ERP132580"	"testis"	"Late_Round_spermatids"	NA	NA	NA	"CL:4030036"	"early spermatid"	"other"	"SN181"	NA	5
"TCTTTCCTCAACGGCC"	""	"ERX6700418"	"ERP132580"	"testis"	"Pachytene_Spermatocytes"	NA	NA	NA	"CL:0000017"	"spermatocyte"	"missing child term"	"SN181"	NA	6
"TCTTTCCTCCTTGCCA"	""	"ERX6700418"	"ERP132580"	"testis"	"Late_Round_spermatids"	NA	NA	NA	"CL:4030036"	"early spermatid"	"other"	"SN181"	NA	5
"TCTTTCCTCGTGGTCG"	""	"ERX6700418"	"ERP132580"	"testis"	"Early_Round_spermatids"	NA	NA	NA	"CL:4030036"	"early spermatid"	"perfect match"	"SN181"	NA	2
"TGAAAGACAGGAACGT"	""	"ERX6700418"	"ERP132580"	"testis"	"Other_somatic"	NA	NA	NA	"CL:0002371"	"somatic cell"	"perfect match"	"SN181"	NA	3
"TGAAAGACAGGACCCT"	""	"ERX6700418"	"ERP132580"	"testis"	"Undifferentiated_Spermatogonia"	NA	NA	NA	"CL:0000016"	"male germ line stem cell"	"other"	"SN181"	NA	1
"TGAAAGAGTCGGCATC"	""	"ERX6700418"	"ERP132580"	"testis"	"Zygotene_Spermatocytes"	NA	NA	NA	"CL:0000017"	"spermatocyte"	"missing child term"	"SN181"	NA	11
"TGACAACAGAATGTGT"	""	"ERX6700418"	"ERP132580"	"testis"	"Other_somatic"	NA	NA	NA	"CL:0002371"	"somatic cell"	"perfect match"	"SN181"	NA	3
"TGACAACAGGTAGCTG"	""	"ERX6700418"	"ERP132580"	"testis"	"Pachytene_Spermatocytes"	NA	NA	NA	"CL:0000017"	"spermatocyte"	"missing child term"	"SN181"	NA	6
"TGACAACCACCACCAG"	""	"ERX6700418"	"ERP132580"	"testis"	"Pachytene_Spermatocytes"	NA	NA	NA	"CL:0000017"	"spermatocyte"	"missing child term"	"SN181"	NA	6
"TGACAACCAGTCGATT"	""	"ERX6700418"	"ERP132580"	"testis"	"Pachytene_Spermatocytes"	NA	NA	NA	"CL:0000017"	"spermatocyte"	"missing child term"	"SN181"	NA	6
"TGACAACCATTGTGCA"	""	"ERX6700418"	"ERP132580"	"testis"	"Late_Round_spermatids"	NA	NA	NA	"CL:4030036"	"early spermatid"	"other"	"SN181"	NA	5
"TGACAACGTGCAACGA"	""	"ERX6700418"	"ERP132580"	"testis"	"Late_Round_spermatids"	NA	NA	NA	"CL:4030036"	"early spermatid"	"other"	"SN181"	NA	5
"TGACAACTCCAAACAC"	""	"ERX6700418"	"ERP132580"	"testis"	"Late_Round_spermatids"	NA	NA	NA	"CL:4030036"	"early spermatid"	"other"	"SN181"	NA	5
"TGACAACTCGGCGCTA"	""	"ERX6700418"	"ERP132580"	"testis"	"Other_somatic"	NA	NA	NA	"CL:0002371"	"somatic cell"	"perfect match"	"SN181"	NA	3
"TGACAACTCTGCAAGT"	""	"ERX6700418"	"ERP132580"	"testis"	"Sertoli"	NA	NA	NA	"CL:0000216"	"Sertoli cell"	"perfect match"	"SN181"	NA	8
"TGACAACTCTTGCATT"	""	"ERX6700418"	"ERP132580"	"testis"	"Late_Round_spermatids"	NA	NA	NA	"CL:4030036"	"early spermatid"	"other"	"SN181"	NA	5
"TGACGGCCAAACCCAT"	""	"ERX6700418"	"ERP132580"	"testis"	"Sertoli"	NA	NA	NA	"CL:0000216"	"Sertoli cell"	"perfect match"	"SN181"	NA	8
"TGACGGCCACCAACCG"	""	"ERX6700418"	"ERP132580"	"testis"	"Sertoli"	NA	NA	NA	"CL:0000216"	"Sertoli cell"	"perfect match"	"SN181"	NA	8
"TGACGGCGTAGCGTGA"	""	"ERX6700418"	"ERP132580"	"testis"	"Sertoli"	NA	NA	NA	"CL:0000216"	"Sertoli cell"	"perfect match"	"SN181"	NA	8
"TGACGGCGTCGTTGTA"	""	"ERX6700418"	"ERP132580"	"testis"	"Pachytene_Spermatocytes"	NA	NA	NA	"CL:0000017"	"spermatocyte"	"missing child term"	"SN181"	NA	6
"TGACGGCGTTCGTGAT"	""	"ERX6700418"	"ERP132580"	"testis"	"Zygotene_Spermatocytes"	NA	NA	NA	"CL:0000017"	"spermatocyte"	"missing child term"	"SN181"	NA	11
"TGACGGCTCGGCGCTA"	""	"ERX6700418"	"ERP132580"	"testis"	"Pachytene_Spermatocytes"	NA	NA	NA	"CL:0000017"	"spermatocyte"	"missing child term"	"SN181"	NA	6
"TGACGGCTCTTGAGAC"	""	"ERX6700418"	"ERP132580"	"testis"	"Late_Round_spermatids"	NA	NA	NA	"CL:4030036"	"early spermatid"	"other"	"SN181"	NA	5
"TGACTAGAGACTTGAA"	""	"ERX6700418"	"ERP132580"	"testis"	"Pachytene_Spermatocytes"	NA	NA	NA	"CL:0000017"	"spermatocyte"	"missing child term"	"SN181"	NA	6
"TGACTAGCAATGAATG"	""	"ERX6700418"	"ERP132580"	"testis"	"Elongated_spermatids"	NA	NA	NA	"CL:4030037"	"late spermatid"	"perfect match"	"SN181"	NA	4
"TGACTAGCACAGACTT"	""	"ERX6700418"	"ERP132580"	"testis"	"Other_somatic"	NA	NA	NA	"CL:0002371"	"somatic cell"	"perfect match"	"SN181"	NA	3
"TGACTAGCACATGTGT"	""	"ERX6700418"	"ERP132580"	"testis"	"Undifferentiated_Spermatogonia"	NA	NA	NA	"CL:0000016"	"male germ line stem cell"	"other"	"SN181"	NA	1
"TGACTAGCAGCTGCAC"	""	"ERX6700418"	"ERP132580"	"testis"	"Zygotene_Spermatocytes"	NA	NA	NA	"CL:0000017"	"spermatocyte"	"missing child term"	"SN181"	NA	11
"TGACTAGTCAGTTAGC"	""	"ERX6700418"	"ERP132580"	"testis"	"Sertoli"	NA	NA	NA	"CL:0000216"	"Sertoli cell"	"perfect match"	"SN181"	NA	8
"TGACTTTCACCAGCAC"	""	"ERX6700418"	"ERP132580"	"testis"	"Sertoli"	NA	NA	NA	"CL:0000216"	"Sertoli cell"	"perfect match"	"SN181"	NA	8
"TGACTTTCATTCTCAT"	""	"ERX6700418"	"ERP132580"	"testis"	"Sertoli"	NA	NA	NA	"CL:0000216"	"Sertoli cell"	"perfect match"	"SN181"	NA	8
"TGACTTTGTCTAGAGG"	""	"ERX6700418"	"ERP132580"	"testis"	"Sertoli"	NA	NA	NA	"CL:0000216"	"Sertoli cell"	"perfect match"	"SN181"	NA	8
"TGACTTTTCTTGAGGT"	""	"ERX6700418"	"ERP132580"	"testis"	"Pachytene_Spermatocytes"	NA	NA	NA	"CL:0000017"	"spermatocyte"	"missing child term"	"SN181"	NA	6
"TGAGAGGCACCAGATT"	""	"ERX6700418"	"ERP132580"	"testis"	"Undifferentiated_Spermatogonia"	NA	NA	NA	"CL:0000016"	"male germ line stem cell"	"other"	"SN181"	NA	1
"TGAGAGGCACTATCTT"	""	"ERX6700418"	"ERP132580"	"testis"	"Zygotene_Spermatocytes"	NA	NA	NA	"CL:0000017"	"spermatocyte"	"missing child term"	"SN181"	NA	11
"TGAGAGGCAGTGAGTG"	""	"ERX6700418"	"ERP132580"	"testis"	"Undifferentiated_Spermatogonia"	NA	NA	NA	"CL:0000016"	"male germ line stem cell"	"other"	"SN181"	NA	1
"TGAGAGGGTAATCGTC"	""	"ERX6700418"	"ERP132580"	"testis"	"Undifferentiated_Spermatogonia"	NA	NA	NA	"CL:0000016"	"male germ line stem cell"	"other"	"SN181"	NA	1
"TGAGAGGGTACAGTTC"	""	"ERX6700418"	"ERP132580"	"testis"	"Sertoli"	NA	NA	NA	"CL:0000216"	"Sertoli cell"	"perfect match"	"SN181"	NA	8
"TGAGAGGGTCAATACC"	""	"ERX6700418"	"ERP132580"	"testis"	""	NA	NA	NA	"CL:0000000"	"cell"	"other"	"SN181"	NA	10
"TGAGAGGGTTCAGACT"	""	"ERX6700418"	"ERP132580"	"testis"	"Leptotene_Spermatocytes"	NA	NA	NA	"CL:0000017"	"spermatocyte"	"missing child term"	"SN181"	NA	7
"TGAGAGGTCACAGTAC"	""	"ERX6700418"	"ERP132580"	"testis"	"Sertoli"	NA	NA	NA	"CL:0000216"	"Sertoli cell"	"perfect match"	"SN181"	NA	8
"TGAGCATAGTCTCCTC"	""	"ERX6700418"	"ERP132580"	"testis"	"Zygotene_Spermatocytes"	NA	NA	NA	"CL:0000017"	"spermatocyte"	"missing child term"	"SN181"	NA	11
"TGAGCATCAAGAGGCT"	""	"ERX6700418"	"ERP132580"	"testis"	"Pachytene_Spermatocytes"	NA	NA	NA	"CL:0000017"	"spermatocyte"	"missing child term"	"SN181"	NA	6
"TGAGCATCAATGAAAC"	""	"ERX6700418"	"ERP132580"	"testis"	"Late_Round_spermatids"	NA	NA	NA	"CL:4030036"	"early spermatid"	"other"	"SN181"	NA	5
"TGAGCATCAATTCCTT"	""	"ERX6700418"	"ERP132580"	"testis"	"Sertoli"	NA	NA	NA	"CL:0000216"	"Sertoli cell"	"perfect match"	"SN181"	NA	8
"TGAGCATCACAGGAGT"	""	"ERX6700418"	"ERP132580"	"testis"	"Pachytene_Spermatocytes"	NA	NA	NA	"CL:0000017"	"spermatocyte"	"missing child term"	"SN181"	NA	6
"TGAGCATCACCCTATC"	""	"ERX6700418"	"ERP132580"	"testis"	"Other_somatic"	NA	NA	NA	"CL:0002371"	"somatic cell"	"perfect match"	"SN181"	NA	3
"TGAGCATCAGTCAGAG"	""	"ERX6700418"	"ERP132580"	"testis"	"Late_Round_spermatids"	NA	NA	NA	"CL:4030036"	"early spermatid"	"other"	"SN181"	NA	5
"TGAGCATGTAGGCTGA"	""	"ERX6700418"	"ERP132580"	"testis"	"Differentiated_Spermatogonia"	NA	NA	NA	"CL:0000020"	"spermatogonium"	"perfect match"	"SN181"	NA	9
"TGAGCATTCTACCAGA"	""	"ERX6700418"	"ERP132580"	"testis"	"Pachytene_Spermatocytes"	NA	NA	NA	"CL:0000017"	"spermatocyte"	"missing child term"	"SN181"	NA	6
"TGAGCATTCTTTCCTC"	""	"ERX6700418"	"ERP132580"	"testis"	"Pachytene_Spermatocytes"	NA	NA	NA	"CL:0000017"	"spermatocyte"	"missing child term"	"SN181"	NA	6
"TGAGCCGAGAGTAAGG"	""	"ERX6700418"	"ERP132580"	"testis"	"Pachytene_Spermatocytes"	NA	NA	NA	"CL:0000017"	"spermatocyte"	"missing child term"	"SN181"	NA	6
"TGAGCCGAGTCCGGTC"	""	"ERX6700418"	"ERP132580"	"testis"	"Undifferentiated_Spermatogonia"	NA	NA	NA	"CL:0000016"	"male germ line stem cell"	"other"	"SN181"	NA	1
"TGAGCCGCAATGTAAG"	""	"ERX6700418"	"ERP132580"	"testis"	"Leptotene_Spermatocytes"	NA	NA	NA	"CL:0000017"	"spermatocyte"	"missing child term"	"SN181"	NA	7
"TGAGCCGCACAAGTAA"	""	"ERX6700418"	"ERP132580"	"testis"	"Sertoli"	NA	NA	NA	"CL:0000216"	"Sertoli cell"	"perfect match"	"SN181"	NA	8
"TGAGCCGGTTTGACTG"	""	"ERX6700418"	"ERP132580"	"testis"	"Undifferentiated_Spermatogonia"	NA	NA	NA	"CL:0000016"	"male germ line stem cell"	"other"	"SN181"	NA	1
"TGAGCCGGTTTGGCGC"	""	"ERX6700418"	"ERP132580"	"testis"	"Other_somatic"	NA	NA	NA	"CL:0002371"	"somatic cell"	"perfect match"	"SN181"	NA	3
"TGAGCCGGTTTGGGCC"	""	"ERX6700418"	"ERP132580"	"testis"	"Pachytene_Spermatocytes"	NA	NA	NA	"CL:0000017"	"spermatocyte"	"missing child term"	"SN181"	NA	6
"TGAGCCGTCAGCTCGG"	""	"ERX6700418"	"ERP132580"	"testis"	"Pachytene_Spermatocytes"	NA	NA	NA	"CL:0000017"	"spermatocyte"	"missing child term"	"SN181"	NA	6
"TGAGCCGTCCATGCTC"	""	"ERX6700418"	"ERP132580"	"testis"	"Early_Round_spermatids"	NA	NA	NA	"CL:4030036"	"early spermatid"	"perfect match"	"SN181"	NA	2
"TGAGCCGTCTACCTGC"	""	"ERX6700418"	"ERP132580"	"testis"	"Zygotene_Spermatocytes"	NA	NA	NA	"CL:0000017"	"spermatocyte"	"missing child term"	"SN181"	NA	11
"TGAGGGAAGCGCTTAT"	""	"ERX6700418"	"ERP132580"	"testis"	"Pachytene_Spermatocytes"	NA	NA	NA	"CL:0000017"	"spermatocyte"	"missing child term"	"SN181"	NA	6
"TGAGGGACACGTAAGG"	""	"ERX6700418"	"ERP132580"	"testis"	"Other_somatic"	NA	NA	NA	"CL:0002371"	"somatic cell"	"perfect match"	"SN181"	NA	3
"TGAGGGAGTGCGGTAA"	""	"ERX6700418"	"ERP132580"	"testis"	"Leptotene_Spermatocytes"	NA	NA	NA	"CL:0000017"	"spermatocyte"	"missing child term"	"SN181"	NA	7
"TGAGGGATCCCTTGTG"	""	"ERX6700418"	"ERP132580"	"testis"	"Elongated_spermatids"	NA	NA	NA	"CL:4030037"	"late spermatid"	"perfect match"	"SN181"	NA	4
"TGAGGGATCCGTTGTC"	""	"ERX6700418"	"ERP132580"	"testis"	"Differentiated_Spermatogonia"	NA	NA	NA	"CL:0000020"	"spermatogonium"	"perfect match"	"SN181"	NA	9
"TGAGGGATCGTTGCCT"	""	"ERX6700418"	"ERP132580"	"testis"	"Differentiated_Spermatogonia"	NA	NA	NA	"CL:0000020"	"spermatogonium"	"perfect match"	"SN181"	NA	9
"TGATTTCAGCCGATTT"	""	"ERX6700418"	"ERP132580"	"testis"	"Late_Round_spermatids"	NA	NA	NA	"CL:4030036"	"early spermatid"	"other"	"SN181"	NA	5
"TGATTTCAGCTAGCCC"	""	"ERX6700418"	"ERP132580"	"testis"	"Leptotene_Spermatocytes"	NA	NA	NA	"CL:0000017"	"spermatocyte"	"missing child term"	"SN181"	NA	7
"TGATTTCCACATGTGT"	""	"ERX6700418"	"ERP132580"	"testis"	"Other_somatic"	NA	NA	NA	"CL:0002371"	"somatic cell"	"perfect match"	"SN181"	NA	3
"TGATTTCGTCTCACCT"	""	"ERX6700418"	"ERP132580"	"testis"	"Leptotene_Spermatocytes"	NA	NA	NA	"CL:0000017"	"spermatocyte"	"missing child term"	"SN181"	NA	7
"TGATTTCGTTGTCGCG"	""	"ERX6700418"	"ERP132580"	"testis"	"Sertoli"	NA	NA	NA	"CL:0000216"	"Sertoli cell"	"perfect match"	"SN181"	NA	8
"TGATTTCTCACCGGGT"	""	"ERX6700418"	"ERP132580"	"testis"	"Differentiated_Spermatogonia"	NA	NA	NA	"CL:0000020"	"spermatogonium"	"perfect match"	"SN181"	NA	9
"TGATTTCTCCATGAGT"	""	"ERX6700418"	"ERP132580"	"testis"	"Pachytene_Spermatocytes"	NA	NA	NA	"CL:0000017"	"spermatocyte"	"missing child term"	"SN181"	NA	6
"TGATTTCTCCTCATTA"	""	"ERX6700418"	"ERP132580"	"testis"	"Pachytene_Spermatocytes"	NA	NA	NA	"CL:0000017"	"spermatocyte"	"missing child term"	"SN181"	NA	6
"TGCACCTAGGTGCAAC"	""	"ERX6700418"	"ERP132580"	"testis"	"Late_Round_spermatids"	NA	NA	NA	"CL:4030036"	"early spermatid"	"other"	"SN181"	NA	5
"TGCACCTAGTGTCTCA"	""	"ERX6700418"	"ERP132580"	"testis"	"Other_somatic"	NA	NA	NA	"CL:0002371"	"somatic cell"	"perfect match"	"SN181"	NA	3
"TGCACCTCAGCGTAAG"	""	"ERX6700418"	"ERP132580"	"testis"	"Pachytene_Spermatocytes"	NA	NA	NA	"CL:0000017"	"spermatocyte"	"missing child term"	"SN181"	NA	6
"TGCACCTCATTTCAGG"	""	"ERX6700418"	"ERP132580"	"testis"	"Elongated_spermatids"	NA	NA	NA	"CL:4030037"	"late spermatid"	"perfect match"	"SN181"	NA	4
"TGCACCTGTAAATACG"	""	"ERX6700418"	"ERP132580"	"testis"	"Pachytene_Spermatocytes"	NA	NA	NA	"CL:0000017"	"spermatocyte"	"missing child term"	"SN181"	NA	6
"TGCACCTGTTGGAGGT"	""	"ERX6700418"	"ERP132580"	"testis"	"Differentiated_Spermatogonia"	NA	NA	NA	"CL:0000020"	"spermatogonium"	"perfect match"	"SN181"	NA	9
"TGCACCTTCCTTCAAT"	""	"ERX6700418"	"ERP132580"	"testis"	"Sertoli"	NA	NA	NA	"CL:0000216"	"Sertoli cell"	"perfect match"	"SN181"	NA	8
"TGCCAAAAGCGCTTAT"	""	"ERX6700418"	"ERP132580"	"testis"	"Late_Round_spermatids"	NA	NA	NA	"CL:4030036"	"early spermatid"	"other"	"SN181"	NA	5
"TGCCAAAAGTAGCCGA"	""	"ERX6700418"	"ERP132580"	"testis"	"Elongated_spermatids"	NA	NA	NA	"CL:4030037"	"late spermatid"	"perfect match"	"SN181"	NA	4
"TGCCAAACATCACGAT"	""	"ERX6700418"	"ERP132580"	"testis"	"Pachytene_Spermatocytes"	NA	NA	NA	"CL:0000017"	"spermatocyte"	"missing child term"	"SN181"	NA	6
"TGCCAAAGTAGAAAGG"	""	"ERX6700418"	"ERP132580"	"testis"	"Other_somatic"	NA	NA	NA	"CL:0002371"	"somatic cell"	"perfect match"	"SN181"	NA	3
"TGCCAAAGTTCCATGA"	""	"ERX6700418"	"ERP132580"	"testis"	"Late_Round_spermatids"	NA	NA	NA	"CL:4030036"	"early spermatid"	"other"	"SN181"	NA	5
"TGCCAAAGTTGTCGCG"	""	"ERX6700418"	"ERP132580"	"testis"	"Pachytene_Spermatocytes"	NA	NA	NA	"CL:0000017"	"spermatocyte"	"missing child term"	"SN181"	NA	6
"TGCCAAATCCGTAGGC"	""	"ERX6700418"	"ERP132580"	"testis"	"Undifferentiated_Spermatogonia"	NA	NA	NA	"CL:0000016"	"male germ line stem cell"	"other"	"SN181"	NA	1
"TGCCAAATCTCCAGGG"	""	"ERX6700418"	"ERP132580"	"testis"	"Undifferentiated_Spermatogonia"	NA	NA	NA	"CL:0000016"	"male germ line stem cell"	"other"	"SN181"	NA	1
"TGCCCATAGAAACCAT"	""	"ERX6700418"	"ERP132580"	"testis"	"Undifferentiated_Spermatogonia"	NA	NA	NA	"CL:0000016"	"male germ line stem cell"	"other"	"SN181"	NA	1
"TGCCCATAGAGACTAT"	""	"ERX6700418"	"ERP132580"	"testis"	"Early_Round_spermatids"	NA	NA	NA	"CL:4030036"	"early spermatid"	"perfect match"	"SN181"	NA	2
"TGCCCATAGTATCTCG"	""	"ERX6700418"	"ERP132580"	"testis"	"Sertoli"	NA	NA	NA	"CL:0000216"	"Sertoli cell"	"perfect match"	"SN181"	NA	8
"TGCCCATCATCACCCT"	""	"ERX6700418"	"ERP132580"	"testis"	"Differentiated_Spermatogonia"	NA	NA	NA	"CL:0000020"	"spermatogonium"	"perfect match"	"SN181"	NA	9
"TGCCCATGTTGTCTTT"	""	"ERX6700418"	"ERP132580"	"testis"	"Sertoli"	NA	NA	NA	"CL:0000216"	"Sertoli cell"	"perfect match"	"SN181"	NA	8
"TGCCCATTCACATACG"	""	"ERX6700418"	"ERP132580"	"testis"	"Elongated_spermatids"	NA	NA	NA	"CL:4030037"	"late spermatid"	"perfect match"	"SN181"	NA	4
"TGCCCATTCGGAATCT"	""	"ERX6700418"	"ERP132580"	"testis"	"Undifferentiated_Spermatogonia"	NA	NA	NA	"CL:0000016"	"male germ line stem cell"	"other"	"SN181"	NA	1
"TGCCCTAAGACACGAC"	""	"ERX6700418"	"ERP132580"	"testis"	"Sertoli"	NA	NA	NA	"CL:0000216"	"Sertoli cell"	"perfect match"	"SN181"	NA	8
"TGCCCTAAGATCACGG"	""	"ERX6700418"	"ERP132580"	"testis"	"Pachytene_Spermatocytes"	NA	NA	NA	"CL:0000017"	"spermatocyte"	"missing child term"	"SN181"	NA	6
"TGCCCTACAAATCCGT"	""	"ERX6700418"	"ERP132580"	"testis"	"Other_somatic"	NA	NA	NA	"CL:0002371"	"somatic cell"	"perfect match"	"SN181"	NA	3
"TGCCCTACACAAGTAA"	""	"ERX6700418"	"ERP132580"	"testis"	"Elongated_spermatids"	NA	NA	NA	"CL:4030037"	"late spermatid"	"perfect match"	"SN181"	NA	4
"TGCCCTAGTACAGACG"	""	"ERX6700418"	"ERP132580"	"testis"	"Pachytene_Spermatocytes"	NA	NA	NA	"CL:0000017"	"spermatocyte"	"missing child term"	"SN181"	NA	6
"TGCCCTAGTAGAGTGC"	""	"ERX6700418"	"ERP132580"	"testis"	"Sertoli"	NA	NA	NA	"CL:0000216"	"Sertoli cell"	"perfect match"	"SN181"	NA	8
"TGCCCTATCCGGGTGT"	""	"ERX6700418"	"ERP132580"	"testis"	"Other_somatic"	NA	NA	NA	"CL:0002371"	"somatic cell"	"perfect match"	"SN181"	NA	3
"TGCCCTATCGAGAGCA"	""	"ERX6700418"	"ERP132580"	"testis"	"Differentiated_Spermatogonia"	NA	NA	NA	"CL:0000020"	"spermatogonium"	"perfect match"	"SN181"	NA	9
"TGCCCTATCTGAGTGT"	""	"ERX6700418"	"ERP132580"	"testis"	"Sertoli"	NA	NA	NA	"CL:0000216"	"Sertoli cell"	"perfect match"	"SN181"	NA	8
"TGCGCAGAGGGAAACA"	""	"ERX6700418"	"ERP132580"	"testis"	"Pachytene_Spermatocytes"	NA	NA	NA	"CL:0000017"	"spermatocyte"	"missing child term"	"SN181"	NA	6
"TGCGCAGGTGAAAGAG"	""	"ERX6700418"	"ERP132580"	"testis"	"Undifferentiated_Spermatogonia"	NA	NA	NA	"CL:0000016"	"male germ line stem cell"	"other"	"SN181"	NA	1
"TGCGCAGGTGTTGGGA"	""	"ERX6700418"	"ERP132580"	"testis"	"Zygotene_Spermatocytes"	NA	NA	NA	"CL:0000017"	"spermatocyte"	"missing child term"	"SN181"	NA	11
"TGCGCAGTCAAACCGT"	""	"ERX6700418"	"ERP132580"	"testis"	"Early_Round_spermatids"	NA	NA	NA	"CL:4030036"	"early spermatid"	"perfect match"	"SN181"	NA	2
"TGCGCAGTCATGTCTT"	""	"ERX6700418"	"ERP132580"	"testis"	"Other_somatic"	NA	NA	NA	"CL:0002371"	"somatic cell"	"perfect match"	"SN181"	NA	3
"TGCGCAGTCTTTACAC"	""	"ERX6700418"	"ERP132580"	"testis"	"Zygotene_Spermatocytes"	NA	NA	NA	"CL:0000017"	"spermatocyte"	"missing child term"	"SN181"	NA	11
"TGCGGGTAGCTGATAA"	""	"ERX6700418"	"ERP132580"	"testis"	"Late_Round_spermatids"	NA	NA	NA	"CL:4030036"	"early spermatid"	"other"	"SN181"	NA	5
"TGCGGGTCAAGCTGAG"	""	"ERX6700418"	"ERP132580"	"testis"	"Differentiated_Spermatogonia"	NA	NA	NA	"CL:0000020"	"spermatogonium"	"perfect match"	"SN181"	NA	9
"TGCGGGTTCATATCGG"	""	"ERX6700418"	"ERP132580"	"testis"	"Late_Round_spermatids"	NA	NA	NA	"CL:4030036"	"early spermatid"	"other"	"SN181"	NA	5
"TGCGGGTTCCTTCAAT"	""	"ERX6700418"	"ERP132580"	"testis"	"Zygotene_Spermatocytes"	NA	NA	NA	"CL:0000017"	"spermatocyte"	"missing child term"	"SN181"	NA	11
"TGCGGGTTCTCTTATG"	""	"ERX6700418"	"ERP132580"	"testis"	"Sertoli"	NA	NA	NA	"CL:0000216"	"Sertoli cell"	"perfect match"	"SN181"	NA	8
"TGCGTGGAGTGGACGT"	""	"ERX6700418"	"ERP132580"	"testis"	"Pachytene_Spermatocytes"	NA	NA	NA	"CL:0000017"	"spermatocyte"	"missing child term"	"SN181"	NA	6
"TGCGTGGGTACCAGTT"	""	"ERX6700418"	"ERP132580"	"testis"	"Pachytene_Spermatocytes"	NA	NA	NA	"CL:0000017"	"spermatocyte"	"missing child term"	"SN181"	NA	6
"TGCGTGGGTAGGGTAC"	""	"ERX6700418"	"ERP132580"	"testis"	"Sertoli"	NA	NA	NA	"CL:0000216"	"Sertoli cell"	"perfect match"	"SN181"	NA	8
"TGCGTGGGTTGTACAC"	""	"ERX6700418"	"ERP132580"	"testis"	"Pachytene_Spermatocytes"	NA	NA	NA	"CL:0000017"	"spermatocyte"	"missing child term"	"SN181"	NA	6
"TGCGTGGTCAGCTTAG"	""	"ERX6700418"	"ERP132580"	"testis"	"Elongated_spermatids"	NA	NA	NA	"CL:4030037"	"late spermatid"	"perfect match"	"SN181"	NA	4
"TGCTACCAGGCAGTCA"	""	"ERX6700418"	"ERP132580"	"testis"	"Elongated_spermatids"	NA	NA	NA	"CL:4030037"	"late spermatid"	"perfect match"	"SN181"	NA	4
"TGCTACCCACCTCGTT"	""	"ERX6700418"	"ERP132580"	"testis"	"Elongated_spermatids"	NA	NA	NA	"CL:4030037"	"late spermatid"	"perfect match"	"SN181"	NA	4
"TGCTACCCAGCGAACA"	""	"ERX6700418"	"ERP132580"	"testis"	"Late_Round_spermatids"	NA	NA	NA	"CL:4030036"	"early spermatid"	"other"	"SN181"	NA	5
"TGCTACCCAGCTCGAC"	""	"ERX6700418"	"ERP132580"	"testis"	"Pachytene_Spermatocytes"	NA	NA	NA	"CL:0000017"	"spermatocyte"	"missing child term"	"SN181"	NA	6
"TGCTACCGTTAAGAAC"	""	"ERX6700418"	"ERP132580"	"testis"	"Differentiated_Spermatogonia"	NA	NA	NA	"CL:0000020"	"spermatogonium"	"perfect match"	"SN181"	NA	9
"TGCTACCGTTCCACAA"	""	"ERX6700418"	"ERP132580"	"testis"	"Undifferentiated_Spermatogonia"	NA	NA	NA	"CL:0000016"	"male germ line stem cell"	"other"	"SN181"	NA	1
"TGCTACCTCCCTTGTG"	""	"ERX6700418"	"ERP132580"	"testis"	"Differentiated_Spermatogonia"	NA	NA	NA	"CL:0000020"	"spermatogonium"	"perfect match"	"SN181"	NA	9
"TGCTACCTCCTAGAAC"	""	"ERX6700418"	"ERP132580"	"testis"	"Sertoli"	NA	NA	NA	"CL:0000216"	"Sertoli cell"	"perfect match"	"SN181"	NA	8
"TGCTACCTCGCCGTGA"	""	"ERX6700418"	"ERP132580"	"testis"	"Undifferentiated_Spermatogonia"	NA	NA	NA	"CL:0000016"	"male germ line stem cell"	"other"	"SN181"	NA	1
"TGCTACCTCTGGCGTG"	""	"ERX6700418"	"ERP132580"	"testis"	"Zygotene_Spermatocytes"	NA	NA	NA	"CL:0000017"	"spermatocyte"	"missing child term"	"SN181"	NA	11
"TGCTGCTGTCTCCCTA"	""	"ERX6700418"	"ERP132580"	"testis"	"Zygotene_Spermatocytes"	NA	NA	NA	"CL:0000017"	"spermatocyte"	"missing child term"	"SN181"	NA	11
"TGCTGCTGTTCCGTCT"	""	"ERX6700418"	"ERP132580"	"testis"	"Leptotene_Spermatocytes"	NA	NA	NA	"CL:0000017"	"spermatocyte"	"missing child term"	"SN181"	NA	7
"TGGACGCAGAGTGACC"	""	"ERX6700418"	"ERP132580"	"testis"	"Pachytene_Spermatocytes"	NA	NA	NA	"CL:0000017"	"spermatocyte"	"missing child term"	"SN181"	NA	6
"TGGACGCCAGACACTT"	""	"ERX6700418"	"ERP132580"	"testis"	"Late_Round_spermatids"	NA	NA	NA	"CL:4030036"	"early spermatid"	"other"	"SN181"	NA	5
"TGGACGCCAGATGGCA"	""	"ERX6700418"	"ERP132580"	"testis"	"Early_Round_spermatids"	NA	NA	NA	"CL:4030036"	"early spermatid"	"perfect match"	"SN181"	NA	2
"TGGACGCGTCAGCTAT"	""	"ERX6700418"	"ERP132580"	"testis"	"Late_Round_spermatids"	NA	NA	NA	"CL:4030036"	"early spermatid"	"other"	"SN181"	NA	5
"TGGACGCGTCGCATCG"	""	"ERX6700418"	"ERP132580"	"testis"	"Early_Round_spermatids"	NA	NA	NA	"CL:4030036"	"early spermatid"	"perfect match"	"SN181"	NA	2
"TGGACGCGTCTGATCA"	""	"ERX6700418"	"ERP132580"	"testis"	"Pachytene_Spermatocytes"	NA	NA	NA	"CL:0000017"	"spermatocyte"	"missing child term"	"SN181"	NA	6
"TGGACGCGTGGGTCAA"	""	"ERX6700418"	"ERP132580"	"testis"	"Sertoli"	NA	NA	NA	"CL:0000216"	"Sertoli cell"	"perfect match"	"SN181"	NA	8
"TGGACGCTCCTTGGTC"	""	"ERX6700418"	"ERP132580"	"testis"	"Elongated_spermatids"	NA	NA	NA	"CL:4030037"	"late spermatid"	"perfect match"	"SN181"	NA	4
"TGGACGCTCTGAAAGA"	""	"ERX6700418"	"ERP132580"	"testis"	"Zygotene_Spermatocytes"	NA	NA	NA	"CL:0000017"	"spermatocyte"	"missing child term"	"SN181"	NA	11
"TGGCCAGAGTGGGCTA"	""	"ERX6700418"	"ERP132580"	"testis"	"Early_Round_spermatids"	NA	NA	NA	"CL:4030036"	"early spermatid"	"perfect match"	"SN181"	NA	2
"TGGCCAGCAAGCCATT"	""	"ERX6700418"	"ERP132580"	"testis"	"Other_somatic"	NA	NA	NA	"CL:0002371"	"somatic cell"	"perfect match"	"SN181"	NA	3
"TGGCCAGGTAACGACG"	""	"ERX6700418"	"ERP132580"	"testis"	"Undifferentiated_Spermatogonia"	NA	NA	NA	"CL:0000016"	"male germ line stem cell"	"other"	"SN181"	NA	1
"TGGCCAGGTATAAACG"	""	"ERX6700418"	"ERP132580"	"testis"	"Early_Round_spermatids"	NA	NA	NA	"CL:4030036"	"early spermatid"	"perfect match"	"SN181"	NA	2
"TGGCCAGTCTCACATT"	""	"ERX6700418"	"ERP132580"	"testis"	"Early_Round_spermatids"	NA	NA	NA	"CL:4030036"	"early spermatid"	"perfect match"	"SN181"	NA	2
"TGGCCAGTCTCTGAGA"	""	"ERX6700418"	"ERP132580"	"testis"	"Differentiated_Spermatogonia"	NA	NA	NA	"CL:0000020"	"spermatogonium"	"perfect match"	"SN181"	NA	9
"TGGCCAGTCTGTCTAT"	""	"ERX6700418"	"ERP132580"	"testis"	"Late_Round_spermatids"	NA	NA	NA	"CL:4030036"	"early spermatid"	"other"	"SN181"	NA	5
"TGGCGCAAGCGTTGCC"	""	"ERX6700418"	"ERP132580"	"testis"	"Elongated_spermatids"	NA	NA	NA	"CL:4030037"	"late spermatid"	"perfect match"	"SN181"	NA	4
"TGGCGCAGTAAGTGGC"	""	"ERX6700418"	"ERP132580"	"testis"	"Late_Round_spermatids"	NA	NA	NA	"CL:4030036"	"early spermatid"	"other"	"SN181"	NA	5
"TGGCGCAGTATGAATG"	""	"ERX6700418"	"ERP132580"	"testis"	"Early_Round_spermatids"	NA	NA	NA	"CL:4030036"	"early spermatid"	"perfect match"	"SN181"	NA	2
"TGGCGCATCAGTGTTG"	""	"ERX6700418"	"ERP132580"	"testis"	"Leptotene_Spermatocytes"	NA	NA	NA	"CL:0000017"	"spermatocyte"	"missing child term"	"SN181"	NA	7
"TGGCGCATCTTCATGT"	""	"ERX6700418"	"ERP132580"	"testis"	"Pachytene_Spermatocytes"	NA	NA	NA	"CL:0000017"	"spermatocyte"	"missing child term"	"SN181"	NA	6
"TGGCTGGAGAGCAATT"	""	"ERX6700418"	"ERP132580"	"testis"	"Elongated_spermatids"	NA	NA	NA	"CL:4030037"	"late spermatid"	"perfect match"	"SN181"	NA	4
"TGGCTGGAGTCTCGGC"	""	"ERX6700418"	"ERP132580"	"testis"	"Early_Round_spermatids"	NA	NA	NA	"CL:4030036"	"early spermatid"	"perfect match"	"SN181"	NA	2
"TGGCTGGCAAGCTGAG"	""	"ERX6700418"	"ERP132580"	"testis"	"Pachytene_Spermatocytes"	NA	NA	NA	"CL:0000017"	"spermatocyte"	"missing child term"	"SN181"	NA	6
"TGGCTGGGTACTTAGC"	""	"ERX6700418"	"ERP132580"	"testis"	"Late_Round_spermatids"	NA	NA	NA	"CL:4030036"	"early spermatid"	"other"	"SN181"	NA	5
"TGGCTGGGTGATGCCC"	""	"ERX6700418"	"ERP132580"	"testis"	"Undifferentiated_Spermatogonia"	NA	NA	NA	"CL:0000016"	"male germ line stem cell"	"other"	"SN181"	NA	1
"TGGCTGGTCACTCCTG"	""	"ERX6700418"	"ERP132580"	"testis"	"Other_somatic"	NA	NA	NA	"CL:0002371"	"somatic cell"	"perfect match"	"SN181"	NA	3
"TGGCTGGTCAGATAAG"	""	"ERX6700418"	"ERP132580"	"testis"	"Undifferentiated_Spermatogonia"	NA	NA	NA	"CL:0000016"	"male germ line stem cell"	"other"	"SN181"	NA	1
"TGGCTGGTCCCTCTTT"	""	"ERX6700418"	"ERP132580"	"testis"	"Other_somatic"	NA	NA	NA	"CL:0002371"	"somatic cell"	"perfect match"	"SN181"	NA	3
"TGGGAAGAGATATGCA"	""	"ERX6700418"	"ERP132580"	"testis"	"Differentiated_Spermatogonia"	NA	NA	NA	"CL:0000020"	"spermatogonium"	"perfect match"	"SN181"	NA	9
"TGGGAAGAGCACCGCT"	""	"ERX6700418"	"ERP132580"	"testis"	"Early_Round_spermatids"	NA	NA	NA	"CL:4030036"	"early spermatid"	"perfect match"	"SN181"	NA	2
"TGGGAAGAGGCATGGT"	""	"ERX6700418"	"ERP132580"	"testis"	"Other_somatic"	NA	NA	NA	"CL:0002371"	"somatic cell"	"perfect match"	"SN181"	NA	3
"TGGGAAGCACAGACTT"	""	"ERX6700418"	"ERP132580"	"testis"	"Early_Round_spermatids"	NA	NA	NA	"CL:4030036"	"early spermatid"	"perfect match"	"SN181"	NA	2
"TGGGAAGCAGCGTCCA"	""	"ERX6700418"	"ERP132580"	"testis"	"Zygotene_Spermatocytes"	NA	NA	NA	"CL:0000017"	"spermatocyte"	"missing child term"	"SN181"	NA	11
"TGGGAAGGTATAATGG"	""	"ERX6700418"	"ERP132580"	"testis"	"Leptotene_Spermatocytes"	NA	NA	NA	"CL:0000017"	"spermatocyte"	"missing child term"	"SN181"	NA	7
"TGGGAAGGTGGTAACG"	""	"ERX6700418"	"ERP132580"	"testis"	"Other_somatic"	NA	NA	NA	"CL:0002371"	"somatic cell"	"perfect match"	"SN181"	NA	3
"TGGGAAGTCACCAGGC"	""	"ERX6700418"	"ERP132580"	"testis"	"Late_Round_spermatids"	NA	NA	NA	"CL:4030036"	"early spermatid"	"other"	"SN181"	NA	5
"TGGGCGTCATGACGGA"	""	"ERX6700418"	"ERP132580"	"testis"	"Sertoli"	NA	NA	NA	"CL:0000216"	"Sertoli cell"	"perfect match"	"SN181"	NA	8
"TGGGCGTGTCAAACTC"	""	"ERX6700418"	"ERP132580"	"testis"	"Sertoli"	NA	NA	NA	"CL:0000216"	"Sertoli cell"	"perfect match"	"SN181"	NA	8
"TGGGCGTGTCTCCCTA"	""	"ERX6700418"	"ERP132580"	"testis"	"Late_Round_spermatids"	NA	NA	NA	"CL:4030036"	"early spermatid"	"other"	"SN181"	NA	5
"TGGGCGTTCAGTACGT"	""	"ERX6700418"	"ERP132580"	"testis"	"Undifferentiated_Spermatogonia"	NA	NA	NA	"CL:0000016"	"male germ line stem cell"	"other"	"SN181"	NA	1
"TGGTTAGAGAGACGAA"	""	"ERX6700418"	"ERP132580"	"testis"	"Undifferentiated_Spermatogonia"	NA	NA	NA	"CL:0000016"	"male germ line stem cell"	"other"	"SN181"	NA	1
"TGGTTAGAGCCCAGCT"	""	"ERX6700418"	"ERP132580"	"testis"	"Sertoli"	NA	NA	NA	"CL:0000216"	"Sertoli cell"	"perfect match"	"SN181"	NA	8
"TGGTTAGAGCGGCTTC"	""	"ERX6700418"	"ERP132580"	"testis"	"Early_Round_spermatids"	NA	NA	NA	"CL:4030036"	"early spermatid"	"perfect match"	"SN181"	NA	2
"TGGTTAGAGTAGGCCA"	""	"ERX6700418"	"ERP132580"	"testis"	"Other_somatic"	NA	NA	NA	"CL:0002371"	"somatic cell"	"perfect match"	"SN181"	NA	3
"TGGTTAGCACAAGTAA"	""	"ERX6700418"	"ERP132580"	"testis"	"Late_Round_spermatids"	NA	NA	NA	"CL:4030036"	"early spermatid"	"other"	"SN181"	NA	5
"TGGTTAGCACAGGTTT"	""	"ERX6700418"	"ERP132580"	"testis"	"Elongated_spermatids"	NA	NA	NA	"CL:4030037"	"late spermatid"	"perfect match"	"SN181"	NA	4
"TGGTTAGCACGGCCAT"	""	"ERX6700418"	"ERP132580"	"testis"	"Elongated_spermatids"	NA	NA	NA	"CL:4030037"	"late spermatid"	"perfect match"	"SN181"	NA	4
"TGGTTAGCATGCCACG"	""	"ERX6700418"	"ERP132580"	"testis"	"Other_somatic"	NA	NA	NA	"CL:0002371"	"somatic cell"	"perfect match"	"SN181"	NA	3
"TGGTTAGGTGTTTGGT"	""	"ERX6700418"	"ERP132580"	"testis"	"Zygotene_Spermatocytes"	NA	NA	NA	"CL:0000017"	"spermatocyte"	"missing child term"	"SN181"	NA	11
"TGGTTCCAGCCGGTAA"	""	"ERX6700418"	"ERP132580"	"testis"	"Pachytene_Spermatocytes"	NA	NA	NA	"CL:0000017"	"spermatocyte"	"missing child term"	"SN181"	NA	6
"TGGTTCCAGCTCAACT"	""	"ERX6700418"	"ERP132580"	"testis"	"Pachytene_Spermatocytes"	NA	NA	NA	"CL:0000017"	"spermatocyte"	"missing child term"	"SN181"	NA	6
"TGGTTCCCACCAGGTC"	""	"ERX6700418"	"ERP132580"	"testis"	"Leptotene_Spermatocytes"	NA	NA	NA	"CL:0000017"	"spermatocyte"	"missing child term"	"SN181"	NA	7
"TGGTTCCGTCGTGGCT"	""	"ERX6700418"	"ERP132580"	"testis"	"Elongated_spermatids"	NA	NA	NA	"CL:4030037"	"late spermatid"	"perfect match"	"SN181"	NA	4
"TGGTTCCGTGCCTGGT"	""	"ERX6700418"	"ERP132580"	"testis"	"Elongated_spermatids"	NA	NA	NA	"CL:4030037"	"late spermatid"	"perfect match"	"SN181"	NA	4
"TGGTTCCGTGTAAGTA"	""	"ERX6700418"	"ERP132580"	"testis"	"Undifferentiated_Spermatogonia"	NA	NA	NA	"CL:0000016"	"male germ line stem cell"	"other"	"SN181"	NA	1
"TGGTTCCGTTCAGTAC"	""	"ERX6700418"	"ERP132580"	"testis"	"Elongated_spermatids"	NA	NA	NA	"CL:4030037"	"late spermatid"	"perfect match"	"SN181"	NA	4
"TGGTTCCTCCGCGCAA"	""	"ERX6700418"	"ERP132580"	"testis"	"Zygotene_Spermatocytes"	NA	NA	NA	"CL:0000017"	"spermatocyte"	"missing child term"	"SN181"	NA	11
"TGTATTCAGCCCGAAA"	""	"ERX6700418"	"ERP132580"	"testis"	"Zygotene_Spermatocytes"	NA	NA	NA	"CL:0000017"	"spermatocyte"	"missing child term"	"SN181"	NA	11
"TGTATTCAGGGCTTCC"	""	"ERX6700418"	"ERP132580"	"testis"	"Undifferentiated_Spermatogonia"	NA	NA	NA	"CL:0000016"	"male germ line stem cell"	"other"	"SN181"	NA	1
"TGTATTCAGTGTTGAA"	""	"ERX6700418"	"ERP132580"	"testis"	"Sertoli"	NA	NA	NA	"CL:0000216"	"Sertoli cell"	"perfect match"	"SN181"	NA	8
"TGTATTCCAAAGTCAA"	""	"ERX6700418"	"ERP132580"	"testis"	"Early_Round_spermatids"	NA	NA	NA	"CL:4030036"	"early spermatid"	"perfect match"	"SN181"	NA	2
"TGTATTCCAGATCCAT"	""	"ERX6700418"	"ERP132580"	"testis"	"Late_Round_spermatids"	NA	NA	NA	"CL:4030036"	"early spermatid"	"other"	"SN181"	NA	5
"TGTATTCCATCTACGA"	""	"ERX6700418"	"ERP132580"	"testis"	"Pachytene_Spermatocytes"	NA	NA	NA	"CL:0000017"	"spermatocyte"	"missing child term"	"SN181"	NA	6
"TGTATTCTCATCTGTT"	""	"ERX6700418"	"ERP132580"	"testis"	"Other_somatic"	NA	NA	NA	"CL:0002371"	"somatic cell"	"perfect match"	"SN181"	NA	3
"TGTATTCTCTCTTGAT"	""	"ERX6700418"	"ERP132580"	"testis"	"Sertoli"	NA	NA	NA	"CL:0000216"	"Sertoli cell"	"perfect match"	"SN181"	NA	8
"TGTCCCAAGACGCTTT"	""	"ERX6700418"	"ERP132580"	"testis"	"Elongated_spermatids"	NA	NA	NA	"CL:4030037"	"late spermatid"	"perfect match"	"SN181"	NA	4
"TGTCCCAAGGATGCGT"	""	"ERX6700418"	"ERP132580"	"testis"	"Leptotene_Spermatocytes"	NA	NA	NA	"CL:0000017"	"spermatocyte"	"missing child term"	"SN181"	NA	7
"TGTCCCAAGGCAAAGA"	""	"ERX6700418"	"ERP132580"	"testis"	"Pachytene_Spermatocytes"	NA	NA	NA	"CL:0000017"	"spermatocyte"	"missing child term"	"SN181"	NA	6
"TGTCCCACACCCATTC"	""	"ERX6700418"	"ERP132580"	"testis"	"Pachytene_Spermatocytes"	NA	NA	NA	"CL:0000017"	"spermatocyte"	"missing child term"	"SN181"	NA	6
"TGTCCCACAGGTCTCG"	""	"ERX6700418"	"ERP132580"	"testis"	"Differentiated_Spermatogonia"	NA	NA	NA	"CL:0000020"	"spermatogonium"	"perfect match"	"SN181"	NA	9
"TGTCCCACATACGCTA"	""	"ERX6700418"	"ERP132580"	"testis"	"Late_Round_spermatids"	NA	NA	NA	"CL:4030036"	"early spermatid"	"other"	"SN181"	NA	5
"TGTCCCACATGTCCTC"	""	"ERX6700418"	"ERP132580"	"testis"	"Leptotene_Spermatocytes"	NA	NA	NA	"CL:0000017"	"spermatocyte"	"missing child term"	"SN181"	NA	7
"TGTCCCAGTCAAAGAT"	""	"ERX6700418"	"ERP132580"	"testis"	"Early_Round_spermatids"	NA	NA	NA	"CL:4030036"	"early spermatid"	"perfect match"	"SN181"	NA	2
"TGTCCCAGTTGGACCC"	""	"ERX6700418"	"ERP132580"	"testis"	"Zygotene_Spermatocytes"	NA	NA	NA	"CL:0000017"	"spermatocyte"	"missing child term"	"SN181"	NA	11
"TGTGGTAAGATGCGAC"	""	"ERX6700418"	"ERP132580"	"testis"	"Undifferentiated_Spermatogonia"	NA	NA	NA	"CL:0000016"	"male germ line stem cell"	"other"	"SN181"	NA	1
"TGTGGTAAGGAGTTGC"	""	"ERX6700418"	"ERP132580"	"testis"	"Pachytene_Spermatocytes"	NA	NA	NA	"CL:0000017"	"spermatocyte"	"missing child term"	"SN181"	NA	6
"TGTGGTACAAGCCATT"	""	"ERX6700418"	"ERP132580"	"testis"	"Leptotene_Spermatocytes"	NA	NA	NA	"CL:0000017"	"spermatocyte"	"missing child term"	"SN181"	NA	7
"TGTGGTAGTAGAAGGA"	""	"ERX6700418"	"ERP132580"	"testis"	"Sertoli"	NA	NA	NA	"CL:0000216"	"Sertoli cell"	"perfect match"	"SN181"	NA	8
"TGTGGTAGTCAGTGGA"	""	"ERX6700418"	"ERP132580"	"testis"	"Elongated_spermatids"	NA	NA	NA	"CL:4030037"	"late spermatid"	"perfect match"	"SN181"	NA	4
"TGTGGTAGTGTTCGAT"	""	"ERX6700418"	"ERP132580"	"testis"	"Zygotene_Spermatocytes"	NA	NA	NA	"CL:0000017"	"spermatocyte"	"missing child term"	"SN181"	NA	11
"TGTGGTATCCAGAAGG"	""	"ERX6700418"	"ERP132580"	"testis"	"Zygotene_Spermatocytes"	NA	NA	NA	"CL:0000017"	"spermatocyte"	"missing child term"	"SN181"	NA	11
"TGTGTTTAGACAGGCT"	""	"ERX6700418"	"ERP132580"	"testis"	"Leptotene_Spermatocytes"	NA	NA	NA	"CL:0000017"	"spermatocyte"	"missing child term"	"SN181"	NA	7
"TGTGTTTAGGTAAACT"	""	"ERX6700418"	"ERP132580"	"testis"	"Pachytene_Spermatocytes"	NA	NA	NA	"CL:0000017"	"spermatocyte"	"missing child term"	"SN181"	NA	6
"TGTGTTTCAACACGCC"	""	"ERX6700418"	"ERP132580"	"testis"	"Elongated_spermatids"	NA	NA	NA	"CL:4030037"	"late spermatid"	"perfect match"	"SN181"	NA	4
"TGTGTTTCAATCGGTT"	""	"ERX6700418"	"ERP132580"	"testis"	"Sertoli"	NA	NA	NA	"CL:0000216"	"Sertoli cell"	"perfect match"	"SN181"	NA	8
"TGTGTTTCACGAGGTA"	""	"ERX6700418"	"ERP132580"	"testis"	"Sertoli"	NA	NA	NA	"CL:0000216"	"Sertoli cell"	"perfect match"	"SN181"	NA	8
"TGTGTTTGTACGCTGC"	""	"ERX6700418"	"ERP132580"	"testis"	"Pachytene_Spermatocytes"	NA	NA	NA	"CL:0000017"	"spermatocyte"	"missing child term"	"SN181"	NA	6
"TGTGTTTTCCCAAGTA"	""	"ERX6700418"	"ERP132580"	"testis"	"Early_Round_spermatids"	NA	NA	NA	"CL:4030036"	"early spermatid"	"perfect match"	"SN181"	NA	2
"TGTGTTTTCGAATGCT"	""	"ERX6700418"	"ERP132580"	"testis"	"Undifferentiated_Spermatogonia"	NA	NA	NA	"CL:0000016"	"male germ line stem cell"	"other"	"SN181"	NA	1
"TGTGTTTTCGGCTACG"	""	"ERX6700418"	"ERP132580"	"testis"	"Zygotene_Spermatocytes"	NA	NA	NA	"CL:0000017"	"spermatocyte"	"missing child term"	"SN181"	NA	11
"TGTTCCGAGCAGACTG"	""	"ERX6700418"	"ERP132580"	"testis"	"Elongated_spermatids"	NA	NA	NA	"CL:4030037"	"late spermatid"	"perfect match"	"SN181"	NA	4
"TGTTCCGAGCTTCGCG"	""	"ERX6700418"	"ERP132580"	"testis"	"Zygotene_Spermatocytes"	NA	NA	NA	"CL:0000017"	"spermatocyte"	"missing child term"	"SN181"	NA	11
"TGTTCCGAGTCAAGGC"	""	"ERX6700418"	"ERP132580"	"testis"	"Elongated_spermatids"	NA	NA	NA	"CL:4030037"	"late spermatid"	"perfect match"	"SN181"	NA	4
"TGTTCCGCATGTAGTC"	""	"ERX6700418"	"ERP132580"	"testis"	"Undifferentiated_Spermatogonia"	NA	NA	NA	"CL:0000016"	"male germ line stem cell"	"other"	"SN181"	NA	1
"TGTTCCGGTCCGAACC"	""	"ERX6700418"	"ERP132580"	"testis"	"Undifferentiated_Spermatogonia"	NA	NA	NA	"CL:0000016"	"male germ line stem cell"	"other"	"SN181"	NA	1
"TGTTCCGGTGACTCAT"	""	"ERX6700418"	"ERP132580"	"testis"	"Sertoli"	NA	NA	NA	"CL:0000216"	"Sertoli cell"	"perfect match"	"SN181"	NA	8
"TGTTCCGGTTCACGGC"	""	"ERX6700418"	"ERP132580"	"testis"	"Undifferentiated_Spermatogonia"	NA	NA	NA	"CL:0000016"	"male germ line stem cell"	"other"	"SN181"	NA	1
"TGTTCCGTCAAACCAC"	""	"ERX6700418"	"ERP132580"	"testis"	"Pachytene_Spermatocytes"	NA	NA	NA	"CL:0000017"	"spermatocyte"	"missing child term"	"SN181"	NA	6
"TGTTCCGTCATACGGT"	""	"ERX6700418"	"ERP132580"	"testis"	"Early_Round_spermatids"	NA	NA	NA	"CL:4030036"	"early spermatid"	"perfect match"	"SN181"	NA	2
"TTAACTCAGAGCTTCT"	""	"ERX6700418"	"ERP132580"	"testis"	"Pachytene_Spermatocytes"	NA	NA	NA	"CL:0000017"	"spermatocyte"	"missing child term"	"SN181"	NA	6
"TTAACTCAGCTAGTGG"	""	"ERX6700418"	"ERP132580"	"testis"	"Pachytene_Spermatocytes"	NA	NA	NA	"CL:0000017"	"spermatocyte"	"missing child term"	"SN181"	NA	6
"TTAACTCAGCTATGCT"	""	"ERX6700418"	"ERP132580"	"testis"	"Late_Round_spermatids"	NA	NA	NA	"CL:4030036"	"early spermatid"	"other"	"SN181"	NA	5
"TTAACTCAGGCTCATT"	""	"ERX6700418"	"ERP132580"	"testis"	"Zygotene_Spermatocytes"	NA	NA	NA	"CL:0000017"	"spermatocyte"	"missing child term"	"SN181"	NA	11
"TTAACTCCAGCATGAG"	""	"ERX6700418"	"ERP132580"	"testis"	"Leptotene_Spermatocytes"	NA	NA	NA	"CL:0000017"	"spermatocyte"	"missing child term"	"SN181"	NA	7
"TTAACTCGTCGAAAGC"	""	"ERX6700418"	"ERP132580"	"testis"	"Late_Round_spermatids"	NA	NA	NA	"CL:4030036"	"early spermatid"	"other"	"SN181"	NA	5
"TTAACTCGTCTGCCAG"	""	"ERX6700418"	"ERP132580"	"testis"	"Zygotene_Spermatocytes"	NA	NA	NA	"CL:0000017"	"spermatocyte"	"missing child term"	"SN181"	NA	11
"TTAACTCGTTTGTTTC"	""	"ERX6700418"	"ERP132580"	"testis"	"Elongated_spermatids"	NA	NA	NA	"CL:4030037"	"late spermatid"	"perfect match"	"SN181"	NA	4
"TTAACTCTCGAGGTAG"	""	"ERX6700418"	"ERP132580"	"testis"	"Late_Round_spermatids"	NA	NA	NA	"CL:4030036"	"early spermatid"	"other"	"SN181"	NA	5
"TTAGGACAGCCGGTAA"	""	"ERX6700418"	"ERP132580"	"testis"	"Sertoli"	NA	NA	NA	"CL:0000216"	"Sertoli cell"	"perfect match"	"SN181"	NA	8
"TTAGGACAGTGGTCCC"	""	"ERX6700418"	"ERP132580"	"testis"	"Elongated_spermatids"	NA	NA	NA	"CL:4030037"	"late spermatid"	"perfect match"	"SN181"	NA	4
"TTAGGACCATAACCTG"	""	"ERX6700418"	"ERP132580"	"testis"	"Late_Round_spermatids"	NA	NA	NA	"CL:4030036"	"early spermatid"	"other"	"SN181"	NA	5
"TTAGGACGTCGGCTCA"	""	"ERX6700418"	"ERP132580"	"testis"	"Differentiated_Spermatogonia"	NA	NA	NA	"CL:0000020"	"spermatogonium"	"perfect match"	"SN181"	NA	9
"TTAGGACTCGCAAACT"	""	"ERX6700418"	"ERP132580"	"testis"	"Zygotene_Spermatocytes"	NA	NA	NA	"CL:0000017"	"spermatocyte"	"missing child term"	"SN181"	NA	11
"TTAGGCAAGCGTCTAT"	""	"ERX6700418"	"ERP132580"	"testis"	"Early_Round_spermatids"	NA	NA	NA	"CL:4030036"	"early spermatid"	"perfect match"	"SN181"	NA	2
"TTAGGCAGTACAAGTA"	""	"ERX6700418"	"ERP132580"	"testis"	"Pachytene_Spermatocytes"	NA	NA	NA	"CL:0000017"	"spermatocyte"	"missing child term"	"SN181"	NA	6
"TTAGGCAGTATTAGCC"	""	"ERX6700418"	"ERP132580"	"testis"	"Early_Round_spermatids"	NA	NA	NA	"CL:4030036"	"early spermatid"	"perfect match"	"SN181"	NA	2
"TTAGGCAGTTCAGTAC"	""	"ERX6700418"	"ERP132580"	"testis"	"Elongated_spermatids"	NA	NA	NA	"CL:4030037"	"late spermatid"	"perfect match"	"SN181"	NA	4
"TTAGGCATCGAATGGG"	""	"ERX6700418"	"ERP132580"	"testis"	"Elongated_spermatids"	NA	NA	NA	"CL:4030037"	"late spermatid"	"perfect match"	"SN181"	NA	4
"TTAGGCATCTGACCTC"	""	"ERX6700418"	"ERP132580"	"testis"	"Elongated_spermatids"	NA	NA	NA	"CL:4030037"	"late spermatid"	"perfect match"	"SN181"	NA	4
"TTAGTTCAGAGCCCAA"	""	"ERX6700418"	"ERP132580"	"testis"	"Zygotene_Spermatocytes"	NA	NA	NA	"CL:0000017"	"spermatocyte"	"missing child term"	"SN181"	NA	11
"TTAGTTCAGTGAAGAG"	""	"ERX6700418"	"ERP132580"	"testis"	"Pachytene_Spermatocytes"	NA	NA	NA	"CL:0000017"	"spermatocyte"	"missing child term"	"SN181"	NA	6
"TTAGTTCGTAGCGTAG"	""	"ERX6700418"	"ERP132580"	"testis"	"Elongated_spermatids"	NA	NA	NA	"CL:4030037"	"late spermatid"	"perfect match"	"SN181"	NA	4
"TTAGTTCGTCACTGGC"	""	"ERX6700418"	"ERP132580"	"testis"	"Pachytene_Spermatocytes"	NA	NA	NA	"CL:0000017"	"spermatocyte"	"missing child term"	"SN181"	NA	6
"TTAGTTCGTCTAGCGC"	""	"ERX6700418"	"ERP132580"	"testis"	"Zygotene_Spermatocytes"	NA	NA	NA	"CL:0000017"	"spermatocyte"	"missing child term"	"SN181"	NA	11
"TTATGCTAGTCGAGTG"	""	"ERX6700418"	"ERP132580"	"testis"	"Early_Round_spermatids"	NA	NA	NA	"CL:4030036"	"early spermatid"	"perfect match"	"SN181"	NA	2
"TTATGCTCATGTTCCC"	""	"ERX6700418"	"ERP132580"	"testis"	"Elongated_spermatids"	NA	NA	NA	"CL:4030037"	"late spermatid"	"perfect match"	"SN181"	NA	4
"TTATGCTTCATGTCCC"	""	"ERX6700418"	"ERP132580"	"testis"	"Pachytene_Spermatocytes"	NA	NA	NA	"CL:0000017"	"spermatocyte"	"missing child term"	"SN181"	NA	6
"TTATGCTTCCGCATAA"	""	"ERX6700418"	"ERP132580"	"testis"	"Pachytene_Spermatocytes"	NA	NA	NA	"CL:0000017"	"spermatocyte"	"missing child term"	"SN181"	NA	6
"TTATGCTTCGTTTGCC"	""	"ERX6700418"	"ERP132580"	"testis"	"Elongated_spermatids"	NA	NA	NA	"CL:4030037"	"late spermatid"	"perfect match"	"SN181"	NA	4
"TTATGCTTCTCTAAGG"	""	"ERX6700418"	"ERP132580"	"testis"	"Zygotene_Spermatocytes"	NA	NA	NA	"CL:0000017"	"spermatocyte"	"missing child term"	"SN181"	NA	11
"TTCCCAGAGATCCCGC"	""	"ERX6700418"	"ERP132580"	"testis"	"Sertoli"	NA	NA	NA	"CL:0000216"	"Sertoli cell"	"perfect match"	"SN181"	NA	8
"TTCCCAGCAGGGCATA"	""	"ERX6700418"	"ERP132580"	"testis"	""	NA	NA	NA	"CL:0000000"	"cell"	"other"	"SN181"	NA	10
"TTCCCAGGTCTCTCTG"	""	"ERX6700418"	"ERP132580"	"testis"	"Early_Round_spermatids"	NA	NA	NA	"CL:4030036"	"early spermatid"	"perfect match"	"SN181"	NA	2
"TTCCCAGTCAGTTCGA"	""	"ERX6700418"	"ERP132580"	"testis"	"Pachytene_Spermatocytes"	NA	NA	NA	"CL:0000017"	"spermatocyte"	"missing child term"	"SN181"	NA	6
"TTCCCAGTCATGTGGT"	""	"ERX6700418"	"ERP132580"	"testis"	"Zygotene_Spermatocytes"	NA	NA	NA	"CL:0000017"	"spermatocyte"	"missing child term"	"SN181"	NA	11
"TTCCCAGTCCCGGATG"	""	"ERX6700418"	"ERP132580"	"testis"	"Pachytene_Spermatocytes"	NA	NA	NA	"CL:0000017"	"spermatocyte"	"missing child term"	"SN181"	NA	6
"TTCCCAGTCCGAACGC"	""	"ERX6700418"	"ERP132580"	"testis"	"Undifferentiated_Spermatogonia"	NA	NA	NA	"CL:0000016"	"male germ line stem cell"	"other"	"SN181"	NA	1
"TTCCCAGTCCGCGTTT"	""	"ERX6700418"	"ERP132580"	"testis"	"Differentiated_Spermatogonia"	NA	NA	NA	"CL:0000020"	"spermatogonium"	"perfect match"	"SN181"	NA	9
"TTCCCAGTCGACAGCC"	""	"ERX6700418"	"ERP132580"	"testis"	"Elongated_spermatids"	NA	NA	NA	"CL:4030037"	"late spermatid"	"perfect match"	"SN181"	NA	4
"TTCGAAGAGACGCAAC"	""	"ERX6700418"	"ERP132580"	"testis"	"Pachytene_Spermatocytes"	NA	NA	NA	"CL:0000017"	"spermatocyte"	"missing child term"	"SN181"	NA	6
"TTCGAAGAGAGGGCTT"	""	"ERX6700418"	"ERP132580"	"testis"	"Elongated_spermatids"	NA	NA	NA	"CL:4030037"	"late spermatid"	"perfect match"	"SN181"	NA	4
"TTCGAAGAGATAGCAT"	""	"ERX6700418"	"ERP132580"	"testis"	"Elongated_spermatids"	NA	NA	NA	"CL:4030037"	"late spermatid"	"perfect match"	"SN181"	NA	4
"TTCGAAGAGCAGGTCA"	""	"ERX6700418"	"ERP132580"	"testis"	"Zygotene_Spermatocytes"	NA	NA	NA	"CL:0000017"	"spermatocyte"	"missing child term"	"SN181"	NA	11
"TTCGAAGCAACACCTA"	""	"ERX6700418"	"ERP132580"	"testis"	"Pachytene_Spermatocytes"	NA	NA	NA	"CL:0000017"	"spermatocyte"	"missing child term"	"SN181"	NA	6
"TTCGAAGTCCCAAGAT"	""	"ERX6700418"	"ERP132580"	"testis"	"Elongated_spermatids"	NA	NA	NA	"CL:4030037"	"late spermatid"	"perfect match"	"SN181"	NA	4
"TTCGGTCAGAGACTAT"	""	"ERX6700418"	"ERP132580"	"testis"	"Sertoli"	NA	NA	NA	"CL:0000216"	"Sertoli cell"	"perfect match"	"SN181"	NA	8
"TTCGGTCAGGCCCTTG"	""	"ERX6700418"	"ERP132580"	"testis"	"Pachytene_Spermatocytes"	NA	NA	NA	"CL:0000017"	"spermatocyte"	"missing child term"	"SN181"	NA	6
"TTCGGTCCAGTAAGAT"	""	"ERX6700418"	"ERP132580"	"testis"	"Pachytene_Spermatocytes"	NA	NA	NA	"CL:0000017"	"spermatocyte"	"missing child term"	"SN181"	NA	6
"TTCGGTCGTGTCGCTG"	""	"ERX6700418"	"ERP132580"	"testis"	"Other_somatic"	NA	NA	NA	"CL:0002371"	"somatic cell"	"perfect match"	"SN181"	NA	3
"TTCGGTCGTTCGTGAT"	""	"ERX6700418"	"ERP132580"	"testis"	"Early_Round_spermatids"	NA	NA	NA	"CL:4030036"	"early spermatid"	"perfect match"	"SN181"	NA	2
"TTCGGTCTCAGCCTAA"	""	"ERX6700418"	"ERP132580"	"testis"	"Early_Round_spermatids"	NA	NA	NA	"CL:4030036"	"early spermatid"	"perfect match"	"SN181"	NA	2
"TTCGGTCTCCTTGCCA"	""	"ERX6700418"	"ERP132580"	"testis"	"Elongated_spermatids"	NA	NA	NA	"CL:4030037"	"late spermatid"	"perfect match"	"SN181"	NA	4
"TTCTACAAGAAGAAGC"	""	"ERX6700418"	"ERP132580"	"testis"	"Differentiated_Spermatogonia"	NA	NA	NA	"CL:0000020"	"spermatogonium"	"perfect match"	"SN181"	NA	9
"TTCTACAAGAGCCTAG"	""	"ERX6700418"	"ERP132580"	"testis"	"Late_Round_spermatids"	NA	NA	NA	"CL:4030036"	"early spermatid"	"other"	"SN181"	NA	5
"TTCTACACAATCCGAT"	""	"ERX6700418"	"ERP132580"	"testis"	"Late_Round_spermatids"	NA	NA	NA	"CL:4030036"	"early spermatid"	"other"	"SN181"	NA	5
"TTCTACACAATGGTCT"	""	"ERX6700418"	"ERP132580"	"testis"	"Pachytene_Spermatocytes"	NA	NA	NA	"CL:0000017"	"spermatocyte"	"missing child term"	"SN181"	NA	6
"TTCTACACACTACAGT"	""	"ERX6700418"	"ERP132580"	"testis"	"Early_Round_spermatids"	NA	NA	NA	"CL:4030036"	"early spermatid"	"perfect match"	"SN181"	NA	2
"TTCTACACAGGATCGA"	""	"ERX6700418"	"ERP132580"	"testis"	"Pachytene_Spermatocytes"	NA	NA	NA	"CL:0000017"	"spermatocyte"	"missing child term"	"SN181"	NA	6
"TTCTACAGTAGAAAGG"	""	"ERX6700418"	"ERP132580"	"testis"	"Zygotene_Spermatocytes"	NA	NA	NA	"CL:0000017"	"spermatocyte"	"missing child term"	"SN181"	NA	11
"TTCTACAGTGACGCCT"	""	"ERX6700418"	"ERP132580"	"testis"	"Pachytene_Spermatocytes"	NA	NA	NA	"CL:0000017"	"spermatocyte"	"missing child term"	"SN181"	NA	6
"TTCTACAGTTATCGGT"	""	"ERX6700418"	"ERP132580"	"testis"	"Sertoli"	NA	NA	NA	"CL:0000216"	"Sertoli cell"	"perfect match"	"SN181"	NA	8
"TTCTACATCTGCAAGT"	""	"ERX6700418"	"ERP132580"	"testis"	"Zygotene_Spermatocytes"	NA	NA	NA	"CL:0000017"	"spermatocyte"	"missing child term"	"SN181"	NA	11
"TTCTCAAAGCGATCCC"	""	"ERX6700418"	"ERP132580"	"testis"	"Elongated_spermatids"	NA	NA	NA	"CL:4030037"	"late spermatid"	"perfect match"	"SN181"	NA	4
"TTCTCAACAATCTGCA"	""	"ERX6700418"	"ERP132580"	"testis"	"Pachytene_Spermatocytes"	NA	NA	NA	"CL:0000017"	"spermatocyte"	"missing child term"	"SN181"	NA	6
"TTCTCAACACCTCGGA"	""	"ERX6700418"	"ERP132580"	"testis"	"Leptotene_Spermatocytes"	NA	NA	NA	"CL:0000017"	"spermatocyte"	"missing child term"	"SN181"	NA	7
"TTCTCAACATGCAATC"	""	"ERX6700418"	"ERP132580"	"testis"	"Differentiated_Spermatogonia"	NA	NA	NA	"CL:0000020"	"spermatogonium"	"perfect match"	"SN181"	NA	9
"TTCTCAATCCCACTTG"	""	"ERX6700418"	"ERP132580"	"testis"	"Late_Round_spermatids"	NA	NA	NA	"CL:4030036"	"early spermatid"	"other"	"SN181"	NA	5
"TTCTCCTAGAGCCTAG"	""	"ERX6700418"	"ERP132580"	"testis"	"Elongated_spermatids"	NA	NA	NA	"CL:4030037"	"late spermatid"	"perfect match"	"SN181"	NA	4
"TTCTCCTAGCAATCTC"	""	"ERX6700418"	"ERP132580"	"testis"	"Late_Round_spermatids"	NA	NA	NA	"CL:4030036"	"early spermatid"	"other"	"SN181"	NA	5
"TTCTCCTAGCTGCAAG"	""	"ERX6700418"	"ERP132580"	"testis"	"Zygotene_Spermatocytes"	NA	NA	NA	"CL:0000017"	"spermatocyte"	"missing child term"	"SN181"	NA	11
"TTCTCCTCAGATAATG"	""	"ERX6700418"	"ERP132580"	"testis"	"Sertoli"	NA	NA	NA	"CL:0000216"	"Sertoli cell"	"perfect match"	"SN181"	NA	8
"TTCTCCTCATAACCTG"	""	"ERX6700418"	"ERP132580"	"testis"	"Differentiated_Spermatogonia"	NA	NA	NA	"CL:0000020"	"spermatogonium"	"perfect match"	"SN181"	NA	9
"TTCTCCTCATCATCCC"	""	"ERX6700418"	"ERP132580"	"testis"	"Undifferentiated_Spermatogonia"	NA	NA	NA	"CL:0000016"	"male germ line stem cell"	"other"	"SN181"	NA	1
"TTCTCCTGTATAGGTA"	""	"ERX6700418"	"ERP132580"	"testis"	"Undifferentiated_Spermatogonia"	NA	NA	NA	"CL:0000016"	"male germ line stem cell"	"other"	"SN181"	NA	1
"TTCTCCTGTTGTTTGG"	""	"ERX6700418"	"ERP132580"	"testis"	"Differentiated_Spermatogonia"	NA	NA	NA	"CL:0000020"	"spermatogonium"	"perfect match"	"SN181"	NA	9
"TTCTCCTTCTCACATT"	""	"ERX6700418"	"ERP132580"	"testis"	"Elongated_spermatids"	NA	NA	NA	"CL:4030037"	"late spermatid"	"perfect match"	"SN181"	NA	4
"TTCTCCTTCTCCTATA"	""	"ERX6700418"	"ERP132580"	"testis"	"Elongated_spermatids"	NA	NA	NA	"CL:4030037"	"late spermatid"	"perfect match"	"SN181"	NA	4
"TTCTCCTTCTGCCAGG"	""	"ERX6700418"	"ERP132580"	"testis"	"Sertoli"	NA	NA	NA	"CL:0000216"	"Sertoli cell"	"perfect match"	"SN181"	NA	8
"TTCTTAGAGAGTACCG"	""	"ERX6700418"	"ERP132580"	"testis"	"Pachytene_Spermatocytes"	NA	NA	NA	"CL:0000017"	"spermatocyte"	"missing child term"	"SN181"	NA	6
"TTCTTAGAGCACCGTC"	""	"ERX6700418"	"ERP132580"	"testis"	"Early_Round_spermatids"	NA	NA	NA	"CL:4030036"	"early spermatid"	"perfect match"	"SN181"	NA	2
"TTCTTAGAGGATCGCA"	""	"ERX6700418"	"ERP132580"	"testis"	"Leptotene_Spermatocytes"	NA	NA	NA	"CL:0000017"	"spermatocyte"	"missing child term"	"SN181"	NA	7
"TTCTTAGAGTCAAGCG"	""	"ERX6700418"	"ERP132580"	"testis"	"Differentiated_Spermatogonia"	NA	NA	NA	"CL:0000020"	"spermatogonium"	"perfect match"	"SN181"	NA	9
"TTCTTAGCAACGATCT"	""	"ERX6700418"	"ERP132580"	"testis"	"Zygotene_Spermatocytes"	NA	NA	NA	"CL:0000017"	"spermatocyte"	"missing child term"	"SN181"	NA	11
"TTCTTAGCAGTAGAGC"	""	"ERX6700418"	"ERP132580"	"testis"	"Leptotene_Spermatocytes"	NA	NA	NA	"CL:0000017"	"spermatocyte"	"missing child term"	"SN181"	NA	7
"TTGAACGAGACGACGT"	""	"ERX6700418"	"ERP132580"	"testis"	"Late_Round_spermatids"	NA	NA	NA	"CL:4030036"	"early spermatid"	"other"	"SN181"	NA	5
"TTGAACGAGCGTAGTG"	""	"ERX6700418"	"ERP132580"	"testis"	"Sertoli"	NA	NA	NA	"CL:0000216"	"Sertoli cell"	"perfect match"	"SN181"	NA	8
"TTGAACGAGCTAACAA"	""	"ERX6700418"	"ERP132580"	"testis"	"Elongated_spermatids"	NA	NA	NA	"CL:4030037"	"late spermatid"	"perfect match"	"SN181"	NA	4
"TTGAACGCATCACGAT"	""	"ERX6700418"	"ERP132580"	"testis"	"Pachytene_Spermatocytes"	NA	NA	NA	"CL:0000017"	"spermatocyte"	"missing child term"	"SN181"	NA	6
"TTGAACGGTACATGTC"	""	"ERX6700418"	"ERP132580"	"testis"	"Late_Round_spermatids"	NA	NA	NA	"CL:4030036"	"early spermatid"	"other"	"SN181"	NA	5
"TTGAACGGTATGAAAC"	""	"ERX6700418"	"ERP132580"	"testis"	"Sertoli"	NA	NA	NA	"CL:0000216"	"Sertoli cell"	"perfect match"	"SN181"	NA	8
"TTGAACGTCCTAGTGA"	""	"ERX6700418"	"ERP132580"	"testis"	"Elongated_spermatids"	NA	NA	NA	"CL:4030037"	"late spermatid"	"perfect match"	"SN181"	NA	4
"TTGACTTAGATTACCC"	""	"ERX6700418"	"ERP132580"	"testis"	"Late_Round_spermatids"	NA	NA	NA	"CL:4030036"	"early spermatid"	"other"	"SN181"	NA	5
"TTGACTTCAGACAAGC"	""	"ERX6700418"	"ERP132580"	"testis"	"Leptotene_Spermatocytes"	NA	NA	NA	"CL:0000017"	"spermatocyte"	"missing child term"	"SN181"	NA	7
"TTGACTTGTGCGAAAC"	""	"ERX6700418"	"ERP132580"	"testis"	"Sertoli"	NA	NA	NA	"CL:0000216"	"Sertoli cell"	"perfect match"	"SN181"	NA	8
"TTGACTTGTGTGAATA"	""	"ERX6700418"	"ERP132580"	"testis"	"Elongated_spermatids"	NA	NA	NA	"CL:4030037"	"late spermatid"	"perfect match"	"SN181"	NA	4
"TTGACTTTCTGCCCTA"	""	"ERX6700418"	"ERP132580"	"testis"	"Undifferentiated_Spermatogonia"	NA	NA	NA	"CL:0000016"	"male germ line stem cell"	"other"	"SN181"	NA	1
"TTGCCGTAGACTCGGA"	""	"ERX6700418"	"ERP132580"	"testis"	"Late_Round_spermatids"	NA	NA	NA	"CL:4030036"	"early spermatid"	"other"	"SN181"	NA	5
"TTGCCGTCAAAGCGGT"	""	"ERX6700418"	"ERP132580"	"testis"	"Pachytene_Spermatocytes"	NA	NA	NA	"CL:0000017"	"spermatocyte"	"missing child term"	"SN181"	NA	6
"TTGCCGTCAAGGACAC"	""	"ERX6700418"	"ERP132580"	"testis"	"Zygotene_Spermatocytes"	NA	NA	NA	"CL:0000017"	"spermatocyte"	"missing child term"	"SN181"	NA	11
"TTGCCGTCACGAAACG"	""	"ERX6700418"	"ERP132580"	"testis"	"Early_Round_spermatids"	NA	NA	NA	"CL:4030036"	"early spermatid"	"perfect match"	"SN181"	NA	2
"TTGCCGTCATGGTTGT"	""	"ERX6700418"	"ERP132580"	"testis"	"Undifferentiated_Spermatogonia"	NA	NA	NA	"CL:0000016"	"male germ line stem cell"	"other"	"SN181"	NA	1
"TTGCCGTGTAAGTGGC"	""	"ERX6700418"	"ERP132580"	"testis"	"Early_Round_spermatids"	NA	NA	NA	"CL:4030036"	"early spermatid"	"perfect match"	"SN181"	NA	2
"TTGCCGTGTGCGAAAC"	""	"ERX6700418"	"ERP132580"	"testis"	"Elongated_spermatids"	NA	NA	NA	"CL:4030037"	"late spermatid"	"perfect match"	"SN181"	NA	4
"TTGCCGTGTGTGGTTT"	""	"ERX6700418"	"ERP132580"	"testis"	"Pachytene_Spermatocytes"	NA	NA	NA	"CL:0000017"	"spermatocyte"	"missing child term"	"SN181"	NA	6
"TTGCGTCAGCGATTCT"	""	"ERX6700418"	"ERP132580"	"testis"	"Leptotene_Spermatocytes"	NA	NA	NA	"CL:0000017"	"spermatocyte"	"missing child term"	"SN181"	NA	7
"TTGCGTCAGCTACCTA"	""	"ERX6700418"	"ERP132580"	"testis"	"Elongated_spermatids"	NA	NA	NA	"CL:4030037"	"late spermatid"	"perfect match"	"SN181"	NA	4
"TTGCGTCAGGGTGTTG"	""	"ERX6700418"	"ERP132580"	"testis"	"Elongated_spermatids"	NA	NA	NA	"CL:4030037"	"late spermatid"	"perfect match"	"SN181"	NA	4
"TTGCGTCAGTACGTTC"	""	"ERX6700418"	"ERP132580"	"testis"	"Early_Round_spermatids"	NA	NA	NA	"CL:4030036"	"early spermatid"	"perfect match"	"SN181"	NA	2
"TTGCGTCGTTCCGGCA"	""	"ERX6700418"	"ERP132580"	"testis"	"Zygotene_Spermatocytes"	NA	NA	NA	"CL:0000017"	"spermatocyte"	"missing child term"	"SN181"	NA	11
"TTGCGTCGTTGATTCG"	""	"ERX6700418"	"ERP132580"	"testis"	"Sertoli"	NA	NA	NA	"CL:0000216"	"Sertoli cell"	"perfect match"	"SN181"	NA	8
"TTGCGTCTCACCACCT"	""	"ERX6700418"	"ERP132580"	"testis"	"Differentiated_Spermatogonia"	NA	NA	NA	"CL:0000020"	"spermatogonium"	"perfect match"	"SN181"	NA	9
"TTGCGTCTCCGTACAA"	""	"ERX6700418"	"ERP132580"	"testis"	"Elongated_spermatids"	NA	NA	NA	"CL:4030037"	"late spermatid"	"perfect match"	"SN181"	NA	4
"TTGCGTCTCTCGATGA"	""	"ERX6700418"	"ERP132580"	"testis"	"Undifferentiated_Spermatogonia"	NA	NA	NA	"CL:0000016"	"male germ line stem cell"	"other"	"SN181"	NA	1
"TTGGAACAGGAGTACC"	""	"ERX6700418"	"ERP132580"	"testis"	"Sertoli"	NA	NA	NA	"CL:0000216"	"Sertoli cell"	"perfect match"	"SN181"	NA	8
"TTGGAACAGTTCGCAT"	""	"ERX6700418"	"ERP132580"	"testis"	"Pachytene_Spermatocytes"	NA	NA	NA	"CL:0000017"	"spermatocyte"	"missing child term"	"SN181"	NA	6
"TTGGAACGTGAGGCTA"	""	"ERX6700418"	"ERP132580"	"testis"	"Pachytene_Spermatocytes"	NA	NA	NA	"CL:0000017"	"spermatocyte"	"missing child term"	"SN181"	NA	6
"TTGGAACTCCATGAAC"	""	"ERX6700418"	"ERP132580"	"testis"	"Pachytene_Spermatocytes"	NA	NA	NA	"CL:0000017"	"spermatocyte"	"missing child term"	"SN181"	NA	6
"TTGGAACTCTACTATC"	""	"ERX6700418"	"ERP132580"	"testis"	"Undifferentiated_Spermatogonia"	NA	NA	NA	"CL:0000016"	"male germ line stem cell"	"other"	"SN181"	NA	1
"TTGGCAAAGACACGAC"	""	"ERX6700418"	"ERP132580"	"testis"	"Undifferentiated_Spermatogonia"	NA	NA	NA	"CL:0000016"	"male germ line stem cell"	"other"	"SN181"	NA	1
"TTGGCAACAAGCGATG"	""	"ERX6700418"	"ERP132580"	"testis"	"Other_somatic"	NA	NA	NA	"CL:0002371"	"somatic cell"	"perfect match"	"SN181"	NA	3
"TTGGCAAGTCCAACTA"	""	"ERX6700418"	"ERP132580"	"testis"	"Sertoli"	NA	NA	NA	"CL:0000216"	"Sertoli cell"	"perfect match"	"SN181"	NA	8
"TTGGCAAGTCCTCTTG"	""	"ERX6700418"	"ERP132580"	"testis"	"Pachytene_Spermatocytes"	NA	NA	NA	"CL:0000017"	"spermatocyte"	"missing child term"	"SN181"	NA	6
"TTGGCAAGTGGTTTCA"	""	"ERX6700418"	"ERP132580"	"testis"	"Zygotene_Spermatocytes"	NA	NA	NA	"CL:0000017"	"spermatocyte"	"missing child term"	"SN181"	NA	11
"TTGGCAATCCTGCCAT"	""	"ERX6700418"	"ERP132580"	"testis"	"Elongated_spermatids"	NA	NA	NA	"CL:4030037"	"late spermatid"	"perfect match"	"SN181"	NA	4
"TTGGCAATCTGACCTC"	""	"ERX6700418"	"ERP132580"	"testis"	"Differentiated_Spermatogonia"	NA	NA	NA	"CL:0000020"	"spermatogonium"	"perfect match"	"SN181"	NA	9
"TTGTAGGAGGCATGGT"	""	"ERX6700418"	"ERP132580"	"testis"	"Pachytene_Spermatocytes"	NA	NA	NA	"CL:0000017"	"spermatocyte"	"missing child term"	"SN181"	NA	6
"TTGTAGGCAAAGCAAT"	""	"ERX6700418"	"ERP132580"	"testis"	"Early_Round_spermatids"	NA	NA	NA	"CL:4030036"	"early spermatid"	"perfect match"	"SN181"	NA	2
"TTGTAGGCAACTTGAC"	""	"ERX6700418"	"ERP132580"	"testis"	"Differentiated_Spermatogonia"	NA	NA	NA	"CL:0000020"	"spermatogonium"	"perfect match"	"SN181"	NA	9
"TTGTAGGGTACTCGCG"	""	"ERX6700418"	"ERP132580"	"testis"	"Elongated_spermatids"	NA	NA	NA	"CL:4030037"	"late spermatid"	"perfect match"	"SN181"	NA	4
"TTGTAGGTCGCCTGAG"	""	"ERX6700418"	"ERP132580"	"testis"	"Sertoli"	NA	NA	NA	"CL:0000216"	"Sertoli cell"	"perfect match"	"SN181"	NA	8
"TTTACTGAGAGGTAGA"	""	"ERX6700418"	"ERP132580"	"testis"	"Zygotene_Spermatocytes"	NA	NA	NA	"CL:0000017"	"spermatocyte"	"missing child term"	"SN181"	NA	11
"TTTACTGAGGATTCGG"	""	"ERX6700418"	"ERP132580"	"testis"	"Early_Round_spermatids"	NA	NA	NA	"CL:4030036"	"early spermatid"	"perfect match"	"SN181"	NA	2
"TTTACTGCAGCCTTTC"	""	"ERX6700418"	"ERP132580"	"testis"	"Pachytene_Spermatocytes"	NA	NA	NA	"CL:0000017"	"spermatocyte"	"missing child term"	"SN181"	NA	6
"TTTACTGCATCCAACA"	""	"ERX6700418"	"ERP132580"	"testis"	"Undifferentiated_Spermatogonia"	NA	NA	NA	"CL:0000016"	"male germ line stem cell"	"other"	"SN181"	NA	1
"TTTACTGCATCCTAGA"	""	"ERX6700418"	"ERP132580"	"testis"	"Sertoli"	NA	NA	NA	"CL:0000216"	"Sertoli cell"	"perfect match"	"SN181"	NA	8
"TTTACTGGTCGCATCG"	""	"ERX6700418"	"ERP132580"	"testis"	"Elongated_spermatids"	NA	NA	NA	"CL:4030037"	"late spermatid"	"perfect match"	"SN181"	NA	4
"TTTACTGTCAAACCGT"	""	"ERX6700418"	"ERP132580"	"testis"	"Elongated_spermatids"	NA	NA	NA	"CL:4030037"	"late spermatid"	"perfect match"	"SN181"	NA	4
"TTTACTGTCCAGGGCT"	""	"ERX6700418"	"ERP132580"	"testis"	"Pachytene_Spermatocytes"	NA	NA	NA	"CL:0000017"	"spermatocyte"	"missing child term"	"SN181"	NA	6
"TTTACTGTCGTTTATC"	""	"ERX6700418"	"ERP132580"	"testis"	"Differentiated_Spermatogonia"	NA	NA	NA	"CL:0000020"	"spermatogonium"	"perfect match"	"SN181"	NA	9
"TTTATGCAGACAAGCC"	""	"ERX6700418"	"ERP132580"	"testis"	"Leptotene_Spermatocytes"	NA	NA	NA	"CL:0000017"	"spermatocyte"	"missing child term"	"SN181"	NA	7
"TTTATGCAGAGCCTAG"	""	"ERX6700418"	"ERP132580"	"testis"	""	NA	NA	NA	"CL:0000000"	"cell"	"other"	"SN181"	NA	10
"TTTATGCAGGTGATTA"	""	"ERX6700418"	"ERP132580"	"testis"	"Late_Round_spermatids"	NA	NA	NA	"CL:4030036"	"early spermatid"	"other"	"SN181"	NA	5
"TTTATGCAGTAAGTAC"	""	"ERX6700418"	"ERP132580"	"testis"	"Pachytene_Spermatocytes"	NA	NA	NA	"CL:0000017"	"spermatocyte"	"missing child term"	"SN181"	NA	6
"TTTATGCAGTACACCT"	""	"ERX6700418"	"ERP132580"	"testis"	"Early_Round_spermatids"	NA	NA	NA	"CL:4030036"	"early spermatid"	"perfect match"	"SN181"	NA	2
"TTTATGCCAAGCGTAG"	""	"ERX6700418"	"ERP132580"	"testis"	"Elongated_spermatids"	NA	NA	NA	"CL:4030037"	"late spermatid"	"perfect match"	"SN181"	NA	4
"TTTATGCGTGCATCTA"	""	"ERX6700418"	"ERP132580"	"testis"	"Sertoli"	NA	NA	NA	"CL:0000216"	"Sertoli cell"	"perfect match"	"SN181"	NA	8
"TTTATGCGTTCATGGT"	""	"ERX6700418"	"ERP132580"	"testis"	"Zygotene_Spermatocytes"	NA	NA	NA	"CL:0000017"	"spermatocyte"	"missing child term"	"SN181"	NA	11
"TTTATGCGTTCTGGTA"	""	"ERX6700418"	"ERP132580"	"testis"	"Pachytene_Spermatocytes"	NA	NA	NA	"CL:0000017"	"spermatocyte"	"missing child term"	"SN181"	NA	6
"TTTATGCGTTGAGGTG"	""	"ERX6700418"	"ERP132580"	"testis"	"Differentiated_Spermatogonia"	NA	NA	NA	"CL:0000020"	"spermatogonium"	"perfect match"	"SN181"	NA	9
"TTTATGCTCACGCGGT"	""	"ERX6700418"	"ERP132580"	"testis"	"Differentiated_Spermatogonia"	NA	NA	NA	"CL:0000020"	"spermatogonium"	"perfect match"	"SN181"	NA	9
"TTTATGCTCGACGGAA"	""	"ERX6700418"	"ERP132580"	"testis"	"Early_Round_spermatids"	NA	NA	NA	"CL:4030036"	"early spermatid"	"perfect match"	"SN181"	NA	2
"TTTCCTCAGATCCCAT"	""	"ERX6700418"	"ERP132580"	"testis"	"Undifferentiated_Spermatogonia"	NA	NA	NA	"CL:0000016"	"male germ line stem cell"	"other"	"SN181"	NA	1
"TTTCCTCCATGGAATA"	""	"ERX6700418"	"ERP132580"	"testis"	"Late_Round_spermatids"	NA	NA	NA	"CL:4030036"	"early spermatid"	"other"	"SN181"	NA	5
"TTTCCTCGTTACTGAC"	""	"ERX6700418"	"ERP132580"	"testis"	"Undifferentiated_Spermatogonia"	NA	NA	NA	"CL:0000016"	"male germ line stem cell"	"other"	"SN181"	NA	1
"TTTCCTCTCACCTTAT"	""	"ERX6700418"	"ERP132580"	"testis"	"Zygotene_Spermatocytes"	NA	NA	NA	"CL:0000017"	"spermatocyte"	"missing child term"	"SN181"	NA	11
"TTTGCGCAGTGTGAAT"	""	"ERX6700418"	"ERP132580"	"testis"	"Late_Round_spermatids"	NA	NA	NA	"CL:4030036"	"early spermatid"	"other"	"SN181"	NA	5
"TTTGCGCCATTGAGCT"	""	"ERX6700418"	"ERP132580"	"testis"	"Pachytene_Spermatocytes"	NA	NA	NA	"CL:0000017"	"spermatocyte"	"missing child term"	"SN181"	NA	6
"TTTGCGCGTCAAGCGA"	""	"ERX6700418"	"ERP132580"	"testis"	"Sertoli"	NA	NA	NA	"CL:0000216"	"Sertoli cell"	"perfect match"	"SN181"	NA	8
"TTTGGTTAGCCGGTAA"	""	"ERX6700418"	"ERP132580"	"testis"	"Zygotene_Spermatocytes"	NA	NA	NA	"CL:0000017"	"spermatocyte"	"missing child term"	"SN181"	NA	11
"TTTGGTTAGCGATATA"	""	"ERX6700418"	"ERP132580"	"testis"	"Sertoli"	NA	NA	NA	"CL:0000216"	"Sertoli cell"	"perfect match"	"SN181"	NA	8
"TTTGGTTCAAGTAGTA"	""	"ERX6700418"	"ERP132580"	"testis"	"Leptotene_Spermatocytes"	NA	NA	NA	"CL:0000017"	"spermatocyte"	"missing child term"	"SN181"	NA	7
"TTTGGTTCACATCTTT"	""	"ERX6700418"	"ERP132580"	"testis"	"Pachytene_Spermatocytes"	NA	NA	NA	"CL:0000017"	"spermatocyte"	"missing child term"	"SN181"	NA	6
"TTTGGTTCAGTTCCCT"	""	"ERX6700418"	"ERP132580"	"testis"	"Late_Round_spermatids"	NA	NA	NA	"CL:4030036"	"early spermatid"	"other"	"SN181"	NA	5
"TTTGGTTGTCGTGGCT"	""	"ERX6700418"	"ERP132580"	"testis"	"Zygotene_Spermatocytes"	NA	NA	NA	"CL:0000017"	"spermatocyte"	"missing child term"	"SN181"	NA	11
"TTTGGTTGTGGTCTCG"	""	"ERX6700418"	"ERP132580"	"testis"	"Leptotene_Spermatocytes"	NA	NA	NA	"CL:0000017"	"spermatocyte"	"missing child term"	"SN181"	NA	7
"TTTGGTTTCACCGGGT"	""	"ERX6700418"	"ERP132580"	"testis"	"Undifferentiated_Spermatogonia"	NA	NA	NA	"CL:0000016"	"male germ line stem cell"	"other"	"SN181"	NA	1
"TTTGGTTTCGACAGCC"	""	"ERX6700418"	"ERP132580"	"testis"	"Pachytene_Spermatocytes"	NA	NA	NA	"CL:0000017"	"spermatocyte"	"missing child term"	"SN181"	NA	6
"TTTGTCAAGAACAACT"	""	"ERX6700418"	"ERP132580"	"testis"	"Pachytene_Spermatocytes"	NA	NA	NA	"CL:0000017"	"spermatocyte"	"missing child term"	"SN181"	NA	6
"TTTGTCAAGACTTGAA"	""	"ERX6700418"	"ERP132580"	"testis"	"Differentiated_Spermatogonia"	NA	NA	NA	"CL:0000020"	"spermatogonium"	"perfect match"	"SN181"	NA	9
"TTTGTCAAGCCGGTAA"	""	"ERX6700418"	"ERP132580"	"testis"	"Other_somatic"	NA	NA	NA	"CL:0002371"	"somatic cell"	"perfect match"	"SN181"	NA	3
"TTTGTCACATCAGTCA"	""	"ERX6700418"	"ERP132580"	"testis"	"Other_somatic"	NA	NA	NA	"CL:0002371"	"somatic cell"	"perfect match"	"SN181"	NA	3
"TTTGTCAGTCTCGTTC"	""	"ERX6700418"	"ERP132580"	"testis"	"Pachytene_Spermatocytes"	NA	NA	NA	"CL:0000017"	"spermatocyte"	"missing child term"	"SN181"	NA	6
"TTTGTCAGTCTTTCAT"	""	"ERX6700418"	"ERP132580"	"testis"	"Zygotene_Spermatocytes"	NA	NA	NA	"CL:0000017"	"spermatocyte"	"missing child term"	"SN181"	NA	11
"TTTGTCAGTGAACCTT"	""	"ERX6700418"	"ERP132580"	"testis"	"Pachytene_Spermatocytes"	NA	NA	NA	"CL:0000017"	"spermatocyte"	"missing child term"	"SN181"	NA	6
"TTTGTCATCACAGTAC"	""	"ERX6700418"	"ERP132580"	"testis"	"Elongated_spermatids"	NA	NA	NA	"CL:4030037"	"late spermatid"	"perfect match"	"SN181"	NA	4
"TTTGTCATCATTATCC"	""	"ERX6700418"	"ERP132580"	"testis"	"Sertoli"	NA	NA	NA	"CL:0000216"	"Sertoli cell"	"perfect match"	"SN181"	NA	8
"AAACCTGCAATTCCTT"	""	"ERX6700419"	"ERP132580"	"testis"	"Other_somatic"	NA	NA	NA	"CL:0002371"	"somatic cell"	"perfect match"	"SN194"	NA	1
"AAACCTGCACCAGGTC"	""	"ERX6700419"	"ERP132580"	"testis"	"Elongated_spermatids"	NA	NA	NA	"CL:4030037"	"late spermatid"	"perfect match"	"SN194"	NA	2
"AAACCTGCACGAGGTA"	""	"ERX6700419"	"ERP132580"	"testis"	"Sertoli"	NA	NA	NA	"CL:0000216"	"Sertoli cell"	"perfect match"	"SN194"	NA	3
"AAACCTGCAGCGTCCA"	""	"ERX6700419"	"ERP132580"	"testis"	"Pachytene_Spermatocytes"	NA	NA	NA	"CL:0000017"	"spermatocyte"	"missing child term"	"SN194"	NA	4
"AAACCTGCATTCCTGC"	""	"ERX6700419"	"ERP132580"	"testis"	"Zygotene_Spermatocytes"	NA	NA	NA	"CL:0000017"	"spermatocyte"	"missing child term"	"SN194"	NA	5
"AAACCTGGTACACCGC"	""	"ERX6700419"	"ERP132580"	"testis"	"Late_Round_spermatids"	NA	NA	NA	"CL:4030036"	"early spermatid"	"other"	"SN194"	NA	6
"AAACCTGTCAACGGCC"	""	"ERX6700419"	"ERP132580"	"testis"	"Differentiated_Spermatogonia"	NA	NA	NA	"CL:0000020"	"spermatogonium"	"perfect match"	"SN194"	NA	7
"AAACCTGTCACGAAGG"	""	"ERX6700419"	"ERP132580"	"testis"	"Early_Round_spermatids"	NA	NA	NA	"CL:4030036"	"early spermatid"	"perfect match"	"SN194"	NA	8
"AAACCTGTCGCTAGCG"	""	"ERX6700419"	"ERP132580"	"testis"	"Undifferentiated_Spermatogonia"	NA	NA	NA	"CL:0000016"	"male germ line stem cell"	"other"	"SN194"	NA	9
"AAACGGGGTACCTACA"	""	"ERX6700419"	"ERP132580"	"testis"	"Sertoli"	NA	NA	NA	"CL:0000216"	"Sertoli cell"	"perfect match"	"SN194"	NA	3
"AAACGGGGTGCAACGA"	""	"ERX6700419"	"ERP132580"	"testis"	"Other_somatic"	NA	NA	NA	"CL:0002371"	"somatic cell"	"perfect match"	"SN194"	NA	1
"AAACGGGGTGGTGTAG"	""	"ERX6700419"	"ERP132580"	"testis"	""	NA	NA	NA	"CL:0000000"	"cell"	"other"	"SN194"	NA	10
"AAACGGGGTGTTCGAT"	""	"ERX6700419"	"ERP132580"	"testis"	"Late_Round_spermatids"	NA	NA	NA	"CL:4030036"	"early spermatid"	"other"	"SN194"	NA	6
"AAACGGGTCACCATAG"	""	"ERX6700419"	"ERP132580"	"testis"	"Elongated_spermatids"	NA	NA	NA	"CL:4030037"	"late spermatid"	"perfect match"	"SN194"	NA	2
"AAACGGGTCAGAGCTT"	""	"ERX6700419"	"ERP132580"	"testis"	"Undifferentiated_Spermatogonia"	NA	NA	NA	"CL:0000016"	"male germ line stem cell"	"other"	"SN194"	NA	9
"AAACGGGTCGCGATCG"	""	"ERX6700419"	"ERP132580"	"testis"	"Differentiated_Spermatogonia"	NA	NA	NA	"CL:0000020"	"spermatogonium"	"perfect match"	"SN194"	NA	7
"AAAGATGCACAGAGGT"	""	"ERX6700419"	"ERP132580"	"testis"	"Differentiated_Spermatogonia"	NA	NA	NA	"CL:0000020"	"spermatogonium"	"perfect match"	"SN194"	NA	7
"AAAGATGCATAGACTC"	""	"ERX6700419"	"ERP132580"	"testis"	"Elongated_spermatids"	NA	NA	NA	"CL:4030037"	"late spermatid"	"perfect match"	"SN194"	NA	2
"AAAGATGCATCTCGCT"	""	"ERX6700419"	"ERP132580"	"testis"	"Sertoli"	NA	NA	NA	"CL:0000216"	"Sertoli cell"	"perfect match"	"SN194"	NA	3
"AAAGATGCATTGGGCC"	""	"ERX6700419"	"ERP132580"	"testis"	"Sertoli"	NA	NA	NA	"CL:0000216"	"Sertoli cell"	"perfect match"	"SN194"	NA	3
"AAAGATGGTGCAACGA"	""	"ERX6700419"	"ERP132580"	"testis"	"Leptotene_Spermatocytes"	NA	NA	NA	"CL:0000017"	"spermatocyte"	"missing child term"	"SN194"	NA	11
"AAAGATGTCCCGGATG"	""	"ERX6700419"	"ERP132580"	"testis"	"Sertoli"	NA	NA	NA	"CL:0000216"	"Sertoli cell"	"perfect match"	"SN194"	NA	3
"AAAGATGTCGAGAACG"	""	"ERX6700419"	"ERP132580"	"testis"	"Leptotene_Spermatocytes"	NA	NA	NA	"CL:0000017"	"spermatocyte"	"missing child term"	"SN194"	NA	11
"AAAGCAACAGAAGCAC"	""	"ERX6700419"	"ERP132580"	"testis"	"Late_Round_spermatids"	NA	NA	NA	"CL:4030036"	"early spermatid"	"other"	"SN194"	NA	6
"AAAGCAAGTACAGACG"	""	"ERX6700419"	"ERP132580"	"testis"	"Sertoli"	NA	NA	NA	"CL:0000216"	"Sertoli cell"	"perfect match"	"SN194"	NA	3
"AAAGCAAGTATATGGA"	""	"ERX6700419"	"ERP132580"	"testis"	"Late_Round_spermatids"	NA	NA	NA	"CL:4030036"	"early spermatid"	"other"	"SN194"	NA	6
"AAAGCAAGTGCTTCTC"	""	"ERX6700419"	"ERP132580"	"testis"	"Sertoli"	NA	NA	NA	"CL:0000216"	"Sertoli cell"	"perfect match"	"SN194"	NA	3
"AAAGCAAGTTCGTTGA"	""	"ERX6700419"	"ERP132580"	"testis"	"Zygotene_Spermatocytes"	NA	NA	NA	"CL:0000017"	"spermatocyte"	"missing child term"	"SN194"	NA	5
"AAAGCAATCGCTTGTC"	""	"ERX6700419"	"ERP132580"	"testis"	"Late_Round_spermatids"	NA	NA	NA	"CL:4030036"	"early spermatid"	"other"	"SN194"	NA	6
"AAAGCAATCTACCAGA"	""	"ERX6700419"	"ERP132580"	"testis"	"Undifferentiated_Spermatogonia"	NA	NA	NA	"CL:0000016"	"male germ line stem cell"	"other"	"SN194"	NA	9
"AAAGTAGAGACCTAGG"	""	"ERX6700419"	"ERP132580"	"testis"	"Pachytene_Spermatocytes"	NA	NA	NA	"CL:0000017"	"spermatocyte"	"missing child term"	"SN194"	NA	4
"AAAGTAGCACAAGACG"	""	"ERX6700419"	"ERP132580"	"testis"	"Elongated_spermatids"	NA	NA	NA	"CL:4030037"	"late spermatid"	"perfect match"	"SN194"	NA	2
"AAAGTAGGTGAGGGTT"	""	"ERX6700419"	"ERP132580"	"testis"	"Elongated_spermatids"	NA	NA	NA	"CL:4030037"	"late spermatid"	"perfect match"	"SN194"	NA	2
"AAAGTAGGTTGGAGGT"	""	"ERX6700419"	"ERP132580"	"testis"	"Late_Round_spermatids"	NA	NA	NA	"CL:4030036"	"early spermatid"	"other"	"SN194"	NA	6
"AAAGTAGGTTGTGGAG"	""	"ERX6700419"	"ERP132580"	"testis"	"Sertoli"	NA	NA	NA	"CL:0000216"	"Sertoli cell"	"perfect match"	"SN194"	NA	3
"AAAGTAGTCCATGAAC"	""	"ERX6700419"	"ERP132580"	"testis"	"Late_Round_spermatids"	NA	NA	NA	"CL:4030036"	"early spermatid"	"other"	"SN194"	NA	6
"AAAGTAGTCGTCTGCT"	""	"ERX6700419"	"ERP132580"	"testis"	"Early_Round_spermatids"	NA	NA	NA	"CL:4030036"	"early spermatid"	"perfect match"	"SN194"	NA	8
"AAAGTAGTCGTTGCCT"	""	"ERX6700419"	"ERP132580"	"testis"	"Zygotene_Spermatocytes"	NA	NA	NA	"CL:0000017"	"spermatocyte"	"missing child term"	"SN194"	NA	5
"AAAGTAGTCTTCATGT"	""	"ERX6700419"	"ERP132580"	"testis"	"Leptotene_Spermatocytes"	NA	NA	NA	"CL:0000017"	"spermatocyte"	"missing child term"	"SN194"	NA	11
"AAATGCCAGAGATGAG"	""	"ERX6700419"	"ERP132580"	"testis"	"Sertoli"	NA	NA	NA	"CL:0000216"	"Sertoli cell"	"perfect match"	"SN194"	NA	3
"AAATGCCAGGCATGTG"	""	"ERX6700419"	"ERP132580"	"testis"	"Differentiated_Spermatogonia"	NA	NA	NA	"CL:0000020"	"spermatogonium"	"perfect match"	"SN194"	NA	7
"AAATGCCAGTGTTGAA"	""	"ERX6700419"	"ERP132580"	"testis"	"Late_Round_spermatids"	NA	NA	NA	"CL:4030036"	"early spermatid"	"other"	"SN194"	NA	6
"AAATGCCCACATCTTT"	""	"ERX6700419"	"ERP132580"	"testis"	"Differentiated_Spermatogonia"	NA	NA	NA	"CL:0000020"	"spermatogonium"	"perfect match"	"SN194"	NA	7
"AAATGCCCAGCCTTGG"	""	"ERX6700419"	"ERP132580"	"testis"	"Other_somatic"	NA	NA	NA	"CL:0002371"	"somatic cell"	"perfect match"	"SN194"	NA	1
"AAATGCCCAGGTCGTC"	""	"ERX6700419"	"ERP132580"	"testis"	"Other_somatic"	NA	NA	NA	"CL:0002371"	"somatic cell"	"perfect match"	"SN194"	NA	1
"AAATGCCTCCGCGCAA"	""	"ERX6700419"	"ERP132580"	"testis"	"Early_Round_spermatids"	NA	NA	NA	"CL:4030036"	"early spermatid"	"perfect match"	"SN194"	NA	8
"AAATGCCTCCTTGCCA"	""	"ERX6700419"	"ERP132580"	"testis"	"Late_Round_spermatids"	NA	NA	NA	"CL:4030036"	"early spermatid"	"other"	"SN194"	NA	6
"AACACGTAGAGAACAG"	""	"ERX6700419"	"ERP132580"	"testis"	"Pachytene_Spermatocytes"	NA	NA	NA	"CL:0000017"	"spermatocyte"	"missing child term"	"SN194"	NA	4
"AACACGTAGCGAAGGG"	""	"ERX6700419"	"ERP132580"	"testis"	"Pachytene_Spermatocytes"	NA	NA	NA	"CL:0000017"	"spermatocyte"	"missing child term"	"SN194"	NA	4
"AACACGTCAATCACAC"	""	"ERX6700419"	"ERP132580"	"testis"	"Pachytene_Spermatocytes"	NA	NA	NA	"CL:0000017"	"spermatocyte"	"missing child term"	"SN194"	NA	4
"AACACGTCACTGCCAG"	""	"ERX6700419"	"ERP132580"	"testis"	"Undifferentiated_Spermatogonia"	NA	NA	NA	"CL:0000016"	"male germ line stem cell"	"other"	"SN194"	NA	9
"AACACGTCATTCACTT"	""	"ERX6700419"	"ERP132580"	"testis"	"Leptotene_Spermatocytes"	NA	NA	NA	"CL:0000017"	"spermatocyte"	"missing child term"	"SN194"	NA	11
"AACACGTGTCCCGACA"	""	"ERX6700419"	"ERP132580"	"testis"	"Sertoli"	NA	NA	NA	"CL:0000216"	"Sertoli cell"	"perfect match"	"SN194"	NA	3
"AACACGTGTGAACCTT"	""	"ERX6700419"	"ERP132580"	"testis"	"Elongated_spermatids"	NA	NA	NA	"CL:4030037"	"late spermatid"	"perfect match"	"SN194"	NA	2
"AACACGTTCCTTGCCA"	""	"ERX6700419"	"ERP132580"	"testis"	"Late_Round_spermatids"	NA	NA	NA	"CL:4030036"	"early spermatid"	"other"	"SN194"	NA	6
"AACACGTTCGGCTACG"	""	"ERX6700419"	"ERP132580"	"testis"	"Elongated_spermatids"	NA	NA	NA	"CL:4030037"	"late spermatid"	"perfect match"	"SN194"	NA	2
"AACACGTTCTGGTATG"	""	"ERX6700419"	"ERP132580"	"testis"	"Other_somatic"	NA	NA	NA	"CL:0002371"	"somatic cell"	"perfect match"	"SN194"	NA	1
"AACCATGAGGTACTCT"	""	"ERX6700419"	"ERP132580"	"testis"	"Pachytene_Spermatocytes"	NA	NA	NA	"CL:0000017"	"spermatocyte"	"missing child term"	"SN194"	NA	4
"AACCATGCACGAAATA"	""	"ERX6700419"	"ERP132580"	"testis"	"Pachytene_Spermatocytes"	NA	NA	NA	"CL:0000017"	"spermatocyte"	"missing child term"	"SN194"	NA	4
"AACCATGCACTAGTAC"	""	"ERX6700419"	"ERP132580"	"testis"	"Late_Round_spermatids"	NA	NA	NA	"CL:4030036"	"early spermatid"	"other"	"SN194"	NA	6
"AACCATGCAGCTTAAC"	""	"ERX6700419"	"ERP132580"	"testis"	"Zygotene_Spermatocytes"	NA	NA	NA	"CL:0000017"	"spermatocyte"	"missing child term"	"SN194"	NA	5
"AACCATGGTCTTCGTC"	""	"ERX6700419"	"ERP132580"	"testis"	"Late_Round_spermatids"	NA	NA	NA	"CL:4030036"	"early spermatid"	"other"	"SN194"	NA	6
"AACCATGTCCACGAAT"	""	"ERX6700419"	"ERP132580"	"testis"	"Other_somatic"	NA	NA	NA	"CL:0002371"	"somatic cell"	"perfect match"	"SN194"	NA	1
"AACCATGTCGCAGGCT"	""	"ERX6700419"	"ERP132580"	"testis"	"Other_somatic"	NA	NA	NA	"CL:0002371"	"somatic cell"	"perfect match"	"SN194"	NA	1
"AACCATGTCTGTCAAG"	""	"ERX6700419"	"ERP132580"	"testis"	"Elongated_spermatids"	NA	NA	NA	"CL:4030037"	"late spermatid"	"perfect match"	"SN194"	NA	2
"AACCGCGAGACGACGT"	""	"ERX6700419"	"ERP132580"	"testis"	"Other_somatic"	NA	NA	NA	"CL:0002371"	"somatic cell"	"perfect match"	"SN194"	NA	1
"AACCGCGAGAGCTTCT"	""	"ERX6700419"	"ERP132580"	"testis"	"Early_Round_spermatids"	NA	NA	NA	"CL:4030036"	"early spermatid"	"perfect match"	"SN194"	NA	8
"AACCGCGAGGACTGGT"	""	"ERX6700419"	"ERP132580"	"testis"	"Sertoli"	NA	NA	NA	"CL:0000216"	"Sertoli cell"	"perfect match"	"SN194"	NA	3
"AACCGCGCAAGCTGGA"	""	"ERX6700419"	"ERP132580"	"testis"	"Pachytene_Spermatocytes"	NA	NA	NA	"CL:0000017"	"spermatocyte"	"missing child term"	"SN194"	NA	4
"AACCGCGGTCTGCGGT"	""	"ERX6700419"	"ERP132580"	"testis"	"Differentiated_Spermatogonia"	NA	NA	NA	"CL:0000020"	"spermatogonium"	"perfect match"	"SN194"	NA	7
"AACCGCGTCACCAGGC"	""	"ERX6700419"	"ERP132580"	"testis"	"Leptotene_Spermatocytes"	NA	NA	NA	"CL:0000017"	"spermatocyte"	"missing child term"	"SN194"	NA	11
"AACGTTGAGCTGTCTA"	""	"ERX6700419"	"ERP132580"	"testis"	"Pachytene_Spermatocytes"	NA	NA	NA	"CL:0000017"	"spermatocyte"	"missing child term"	"SN194"	NA	4
"AACGTTGAGGGATGGG"	""	"ERX6700419"	"ERP132580"	"testis"	"Other_somatic"	NA	NA	NA	"CL:0002371"	"somatic cell"	"perfect match"	"SN194"	NA	1
"AACGTTGAGTGAATTG"	""	"ERX6700419"	"ERP132580"	"testis"	"Late_Round_spermatids"	NA	NA	NA	"CL:4030036"	"early spermatid"	"other"	"SN194"	NA	6
"AACGTTGAGTGTGGCA"	""	"ERX6700419"	"ERP132580"	"testis"	"Sertoli"	NA	NA	NA	"CL:0000216"	"Sertoli cell"	"perfect match"	"SN194"	NA	3
"AACGTTGCAGAGTGTG"	""	"ERX6700419"	"ERP132580"	"testis"	"Early_Round_spermatids"	NA	NA	NA	"CL:4030036"	"early spermatid"	"perfect match"	"SN194"	NA	8
"AACGTTGCAGTCGATT"	""	"ERX6700419"	"ERP132580"	"testis"	"Pachytene_Spermatocytes"	NA	NA	NA	"CL:0000017"	"spermatocyte"	"missing child term"	"SN194"	NA	4
"AACGTTGCATTTGCCC"	""	"ERX6700419"	"ERP132580"	"testis"	"Leptotene_Spermatocytes"	NA	NA	NA	"CL:0000017"	"spermatocyte"	"missing child term"	"SN194"	NA	11
"AACGTTGGTGACCAAG"	""	"ERX6700419"	"ERP132580"	"testis"	"Undifferentiated_Spermatogonia"	NA	NA	NA	"CL:0000016"	"male germ line stem cell"	"other"	"SN194"	NA	9
"AACGTTGTCAGGCCCA"	""	"ERX6700419"	"ERP132580"	"testis"	"Late_Round_spermatids"	NA	NA	NA	"CL:4030036"	"early spermatid"	"other"	"SN194"	NA	6
"AACTCAGCATCGATGT"	""	"ERX6700419"	"ERP132580"	"testis"	"Early_Round_spermatids"	NA	NA	NA	"CL:4030036"	"early spermatid"	"perfect match"	"SN194"	NA	8
"AACTCAGTCGCAAACT"	""	"ERX6700419"	"ERP132580"	"testis"	"Early_Round_spermatids"	NA	NA	NA	"CL:4030036"	"early spermatid"	"perfect match"	"SN194"	NA	8
"AACTCAGTCTTAGCCC"	""	"ERX6700419"	"ERP132580"	"testis"	"Sertoli"	NA	NA	NA	"CL:0000216"	"Sertoli cell"	"perfect match"	"SN194"	NA	3
"AACTCCCCAATACGCT"	""	"ERX6700419"	"ERP132580"	"testis"	"Zygotene_Spermatocytes"	NA	NA	NA	"CL:0000017"	"spermatocyte"	"missing child term"	"SN194"	NA	5
"AACTCCCCAATAGAGT"	""	"ERX6700419"	"ERP132580"	"testis"	"Zygotene_Spermatocytes"	NA	NA	NA	"CL:0000017"	"spermatocyte"	"missing child term"	"SN194"	NA	5
"AACTCCCGTGTTCGAT"	""	"ERX6700419"	"ERP132580"	"testis"	"Late_Round_spermatids"	NA	NA	NA	"CL:4030036"	"early spermatid"	"other"	"SN194"	NA	6
"AACTCCCTCGTACCGG"	""	"ERX6700419"	"ERP132580"	"testis"	"Leptotene_Spermatocytes"	NA	NA	NA	"CL:0000017"	"spermatocyte"	"missing child term"	"SN194"	NA	11
"AACTCCCTCTCGTATT"	""	"ERX6700419"	"ERP132580"	"testis"	"Sertoli"	NA	NA	NA	"CL:0000216"	"Sertoli cell"	"perfect match"	"SN194"	NA	3
"AACTCTTAGTACATGA"	""	"ERX6700419"	"ERP132580"	"testis"	"Late_Round_spermatids"	NA	NA	NA	"CL:4030036"	"early spermatid"	"other"	"SN194"	NA	6
"AACTCTTCAAGCGAGT"	""	"ERX6700419"	"ERP132580"	"testis"	""	NA	NA	NA	"CL:0000000"	"cell"	"other"	"SN194"	NA	10
"AACTCTTCAAGCGCTC"	""	"ERX6700419"	"ERP132580"	"testis"	""	NA	NA	NA	"CL:0000000"	"cell"	"other"	"SN194"	NA	10
"AACTCTTCAATTGCTG"	""	"ERX6700419"	"ERP132580"	"testis"	"Sertoli"	NA	NA	NA	"CL:0000216"	"Sertoli cell"	"perfect match"	"SN194"	NA	3
"AACTCTTCACAACGCC"	""	"ERX6700419"	"ERP132580"	"testis"	"Pachytene_Spermatocytes"	NA	NA	NA	"CL:0000017"	"spermatocyte"	"missing child term"	"SN194"	NA	4
"AACTCTTCACCACGTG"	""	"ERX6700419"	"ERP132580"	"testis"	"Late_Round_spermatids"	NA	NA	NA	"CL:4030036"	"early spermatid"	"other"	"SN194"	NA	6
"AACTCTTGTAAGGGAA"	""	"ERX6700419"	"ERP132580"	"testis"	"Other_somatic"	NA	NA	NA	"CL:0002371"	"somatic cell"	"perfect match"	"SN194"	NA	1
"AACTCTTGTTAGAACA"	""	"ERX6700419"	"ERP132580"	"testis"	"Early_Round_spermatids"	NA	NA	NA	"CL:4030036"	"early spermatid"	"perfect match"	"SN194"	NA	8
"AACTCTTGTTGTGGAG"	""	"ERX6700419"	"ERP132580"	"testis"	"Undifferentiated_Spermatogonia"	NA	NA	NA	"CL:0000016"	"male germ line stem cell"	"other"	"SN194"	NA	9
"AACTCTTTCATCATTC"	""	"ERX6700419"	"ERP132580"	"testis"	"Zygotene_Spermatocytes"	NA	NA	NA	"CL:0000017"	"spermatocyte"	"missing child term"	"SN194"	NA	5
"AACTCTTTCATGCAAC"	""	"ERX6700419"	"ERP132580"	"testis"	"Pachytene_Spermatocytes"	NA	NA	NA	"CL:0000017"	"spermatocyte"	"missing child term"	"SN194"	NA	4
"AACTCTTTCCGCATAA"	""	"ERX6700419"	"ERP132580"	"testis"	"Other_somatic"	NA	NA	NA	"CL:0002371"	"somatic cell"	"perfect match"	"SN194"	NA	1
"AACTCTTTCGCAAACT"	""	"ERX6700419"	"ERP132580"	"testis"	"Sertoli"	NA	NA	NA	"CL:0000216"	"Sertoli cell"	"perfect match"	"SN194"	NA	3
"AACTGGTAGGCTAGAC"	""	"ERX6700419"	"ERP132580"	"testis"	"Other_somatic"	NA	NA	NA	"CL:0002371"	"somatic cell"	"perfect match"	"SN194"	NA	1
"AACTGGTAGTGTTTGC"	""	"ERX6700419"	"ERP132580"	"testis"	"Sertoli"	NA	NA	NA	"CL:0000216"	"Sertoli cell"	"perfect match"	"SN194"	NA	3
"AACTGGTCACGAAACG"	""	"ERX6700419"	"ERP132580"	"testis"	"Early_Round_spermatids"	NA	NA	NA	"CL:4030036"	"early spermatid"	"perfect match"	"SN194"	NA	8
"AACTGGTCAGCTGTAT"	""	"ERX6700419"	"ERP132580"	"testis"	"Other_somatic"	NA	NA	NA	"CL:0002371"	"somatic cell"	"perfect match"	"SN194"	NA	1
"AACTGGTCAGGGATTG"	""	"ERX6700419"	"ERP132580"	"testis"	"Zygotene_Spermatocytes"	NA	NA	NA	"CL:0000017"	"spermatocyte"	"missing child term"	"SN194"	NA	5
"AACTGGTCATCGTCGG"	""	"ERX6700419"	"ERP132580"	"testis"	"Sertoli"	NA	NA	NA	"CL:0000216"	"Sertoli cell"	"perfect match"	"SN194"	NA	3
"AACTGGTGTTCAGACT"	""	"ERX6700419"	"ERP132580"	"testis"	"Sertoli"	NA	NA	NA	"CL:0000216"	"Sertoli cell"	"perfect match"	"SN194"	NA	3
"AACTTTCAGTGGAGTC"	""	"ERX6700419"	"ERP132580"	"testis"	"Zygotene_Spermatocytes"	NA	NA	NA	"CL:0000017"	"spermatocyte"	"missing child term"	"SN194"	NA	5
"AACTTTCCAAACAACA"	""	"ERX6700419"	"ERP132580"	"testis"	"Early_Round_spermatids"	NA	NA	NA	"CL:4030036"	"early spermatid"	"perfect match"	"SN194"	NA	8
"AACTTTCCACGCATCG"	""	"ERX6700419"	"ERP132580"	"testis"	"Late_Round_spermatids"	NA	NA	NA	"CL:4030036"	"early spermatid"	"other"	"SN194"	NA	6
"AACTTTCGTACCGCTG"	""	"ERX6700419"	"ERP132580"	"testis"	"Other_somatic"	NA	NA	NA	"CL:0002371"	"somatic cell"	"perfect match"	"SN194"	NA	1
"AACTTTCTCAAGGTAA"	""	"ERX6700419"	"ERP132580"	"testis"	"Other_somatic"	NA	NA	NA	"CL:0002371"	"somatic cell"	"perfect match"	"SN194"	NA	1
"AACTTTCTCCAAGTAC"	""	"ERX6700419"	"ERP132580"	"testis"	"Undifferentiated_Spermatogonia"	NA	NA	NA	"CL:0000016"	"male germ line stem cell"	"other"	"SN194"	NA	9
"AAGACCTCAGTGACAG"	""	"ERX6700419"	"ERP132580"	"testis"	"Zygotene_Spermatocytes"	NA	NA	NA	"CL:0000017"	"spermatocyte"	"missing child term"	"SN194"	NA	5
"AAGACCTGTAGAGCTG"	""	"ERX6700419"	"ERP132580"	"testis"	"Elongated_spermatids"	NA	NA	NA	"CL:4030037"	"late spermatid"	"perfect match"	"SN194"	NA	2
"AAGACCTTCACGATGT"	""	"ERX6700419"	"ERP132580"	"testis"	"Sertoli"	NA	NA	NA	"CL:0000216"	"Sertoli cell"	"perfect match"	"SN194"	NA	3
"AAGACCTTCAGCGACC"	""	"ERX6700419"	"ERP132580"	"testis"	"Differentiated_Spermatogonia"	NA	NA	NA	"CL:0000020"	"spermatogonium"	"perfect match"	"SN194"	NA	7
"AAGACCTTCGCAGGCT"	""	"ERX6700419"	"ERP132580"	"testis"	"Sertoli"	NA	NA	NA	"CL:0000216"	"Sertoli cell"	"perfect match"	"SN194"	NA	3
"AAGCCGCCAACACCCG"	""	"ERX6700419"	"ERP132580"	"testis"	"Early_Round_spermatids"	NA	NA	NA	"CL:4030036"	"early spermatid"	"perfect match"	"SN194"	NA	8
"AAGCCGCCAAGGTGTG"	""	"ERX6700419"	"ERP132580"	"testis"	"Sertoli"	NA	NA	NA	"CL:0000216"	"Sertoli cell"	"perfect match"	"SN194"	NA	3
"AAGCCGCGTCGCCATG"	""	"ERX6700419"	"ERP132580"	"testis"	"Pachytene_Spermatocytes"	NA	NA	NA	"CL:0000017"	"spermatocyte"	"missing child term"	"SN194"	NA	4
"AAGGAGCAGAAGGGTA"	""	"ERX6700419"	"ERP132580"	"testis"	"Pachytene_Spermatocytes"	NA	NA	NA	"CL:0000017"	"spermatocyte"	"missing child term"	"SN194"	NA	4
"AAGGAGCAGCTGTCTA"	""	"ERX6700419"	"ERP132580"	"testis"	"Sertoli"	NA	NA	NA	"CL:0000216"	"Sertoli cell"	"perfect match"	"SN194"	NA	3
"AAGGAGCAGTTGTCGT"	""	"ERX6700419"	"ERP132580"	"testis"	"Late_Round_spermatids"	NA	NA	NA	"CL:4030036"	"early spermatid"	"other"	"SN194"	NA	6
"AAGGAGCGTGGAAAGA"	""	"ERX6700419"	"ERP132580"	"testis"	"Pachytene_Spermatocytes"	NA	NA	NA	"CL:0000017"	"spermatocyte"	"missing child term"	"SN194"	NA	4
"AAGGAGCTCACGATGT"	""	"ERX6700419"	"ERP132580"	"testis"	"Pachytene_Spermatocytes"	NA	NA	NA	"CL:0000017"	"spermatocyte"	"missing child term"	"SN194"	NA	4
"AAGGCAGCAAACGCGA"	""	"ERX6700419"	"ERP132580"	"testis"	"Other_somatic"	NA	NA	NA	"CL:0002371"	"somatic cell"	"perfect match"	"SN194"	NA	1
"AAGGCAGGTAAGGATT"	""	"ERX6700419"	"ERP132580"	"testis"	"Sertoli"	NA	NA	NA	"CL:0000216"	"Sertoli cell"	"perfect match"	"SN194"	NA	3
"AAGGCAGGTAGTACCT"	""	"ERX6700419"	"ERP132580"	"testis"	"Other_somatic"	NA	NA	NA	"CL:0002371"	"somatic cell"	"perfect match"	"SN194"	NA	1
"AAGGCAGTCCGCAAGC"	""	"ERX6700419"	"ERP132580"	"testis"	"Undifferentiated_Spermatogonia"	NA	NA	NA	"CL:0000016"	"male germ line stem cell"	"other"	"SN194"	NA	9
"AAGGTTCAGAGGGCTT"	""	"ERX6700419"	"ERP132580"	"testis"	"Leptotene_Spermatocytes"	NA	NA	NA	"CL:0000017"	"spermatocyte"	"missing child term"	"SN194"	NA	11
"AAGGTTCGTGATGTGG"	""	"ERX6700419"	"ERP132580"	"testis"	"Other_somatic"	NA	NA	NA	"CL:0002371"	"somatic cell"	"perfect match"	"SN194"	NA	1
"AAGGTTCTCGGATGTT"	""	"ERX6700419"	"ERP132580"	"testis"	"Undifferentiated_Spermatogonia"	NA	NA	NA	"CL:0000016"	"male germ line stem cell"	"other"	"SN194"	NA	9
"AAGGTTCTCTGTTGAG"	""	"ERX6700419"	"ERP132580"	"testis"	"Late_Round_spermatids"	NA	NA	NA	"CL:4030036"	"early spermatid"	"other"	"SN194"	NA	6
"AAGTCTGTCCGCAAGC"	""	"ERX6700419"	"ERP132580"	"testis"	"Sertoli"	NA	NA	NA	"CL:0000216"	"Sertoli cell"	"perfect match"	"SN194"	NA	3
"AAGTCTGTCTTACCGC"	""	"ERX6700419"	"ERP132580"	"testis"	"Zygotene_Spermatocytes"	NA	NA	NA	"CL:0000017"	"spermatocyte"	"missing child term"	"SN194"	NA	5
"AATCCAGAGTCAATAG"	""	"ERX6700419"	"ERP132580"	"testis"	"Sertoli"	NA	NA	NA	"CL:0000216"	"Sertoli cell"	"perfect match"	"SN194"	NA	3
"AATCCAGCAAGGTTCT"	""	"ERX6700419"	"ERP132580"	"testis"	"Sertoli"	NA	NA	NA	"CL:0000216"	"Sertoli cell"	"perfect match"	"SN194"	NA	3
"AATCCAGGTAGAAGGA"	""	"ERX6700419"	"ERP132580"	"testis"	"Other_somatic"	NA	NA	NA	"CL:0002371"	"somatic cell"	"perfect match"	"SN194"	NA	1
"AATCCAGTCTGCTGTC"	""	"ERX6700419"	"ERP132580"	"testis"	"Pachytene_Spermatocytes"	NA	NA	NA	"CL:0000017"	"spermatocyte"	"missing child term"	"SN194"	NA	4
"AATCGGTAGTGTCCAT"	""	"ERX6700419"	"ERP132580"	"testis"	"Pachytene_Spermatocytes"	NA	NA	NA	"CL:0000017"	"spermatocyte"	"missing child term"	"SN194"	NA	4
"AATCGGTCACATCCGG"	""	"ERX6700419"	"ERP132580"	"testis"	"Other_somatic"	NA	NA	NA	"CL:0002371"	"somatic cell"	"perfect match"	"SN194"	NA	1
"AATCGGTGTTACTGAC"	""	"ERX6700419"	"ERP132580"	"testis"	"Other_somatic"	NA	NA	NA	"CL:0002371"	"somatic cell"	"perfect match"	"SN194"	NA	1
"AATCGGTTCCGTCAAA"	""	"ERX6700419"	"ERP132580"	"testis"	"Late_Round_spermatids"	NA	NA	NA	"CL:4030036"	"early spermatid"	"other"	"SN194"	NA	6
"AATCGGTTCGCCTGAG"	""	"ERX6700419"	"ERP132580"	"testis"	"Pachytene_Spermatocytes"	NA	NA	NA	"CL:0000017"	"spermatocyte"	"missing child term"	"SN194"	NA	4
"ACACCAAAGTCCGGTC"	""	"ERX6700419"	"ERP132580"	"testis"	"Pachytene_Spermatocytes"	NA	NA	NA	"CL:0000017"	"spermatocyte"	"missing child term"	"SN194"	NA	4
"ACACCAAAGTGGGATC"	""	"ERX6700419"	"ERP132580"	"testis"	"Pachytene_Spermatocytes"	NA	NA	NA	"CL:0000017"	"spermatocyte"	"missing child term"	"SN194"	NA	4
"ACACCAACAAGTTGTC"	""	"ERX6700419"	"ERP132580"	"testis"	"Other_somatic"	NA	NA	NA	"CL:0002371"	"somatic cell"	"perfect match"	"SN194"	NA	1
"ACACCAACATTGGTAC"	""	"ERX6700419"	"ERP132580"	"testis"	"Early_Round_spermatids"	NA	NA	NA	"CL:4030036"	"early spermatid"	"perfect match"	"SN194"	NA	8
"ACACCAAGTGCACTTA"	""	"ERX6700419"	"ERP132580"	"testis"	"Other_somatic"	NA	NA	NA	"CL:0002371"	"somatic cell"	"perfect match"	"SN194"	NA	1
"ACACCCTAGAAGGCCT"	""	"ERX6700419"	"ERP132580"	"testis"	"Pachytene_Spermatocytes"	NA	NA	NA	"CL:0000017"	"spermatocyte"	"missing child term"	"SN194"	NA	4
"ACACCCTAGCGACGTA"	""	"ERX6700419"	"ERP132580"	"testis"	"Other_somatic"	NA	NA	NA	"CL:0002371"	"somatic cell"	"perfect match"	"SN194"	NA	1
"ACACCCTAGTAGCCGA"	""	"ERX6700419"	"ERP132580"	"testis"	"Late_Round_spermatids"	NA	NA	NA	"CL:4030036"	"early spermatid"	"other"	"SN194"	NA	6
"ACACCCTCAAGCCCAC"	""	"ERX6700419"	"ERP132580"	"testis"	"Other_somatic"	NA	NA	NA	"CL:0002371"	"somatic cell"	"perfect match"	"SN194"	NA	1
"ACACCCTCAGACAGGT"	""	"ERX6700419"	"ERP132580"	"testis"	"Other_somatic"	NA	NA	NA	"CL:0002371"	"somatic cell"	"perfect match"	"SN194"	NA	1
"ACACCCTGTAGGGTAC"	""	"ERX6700419"	"ERP132580"	"testis"	"Late_Round_spermatids"	NA	NA	NA	"CL:4030036"	"early spermatid"	"other"	"SN194"	NA	6
"ACACCCTGTCATCCCT"	""	"ERX6700419"	"ERP132580"	"testis"	"Early_Round_spermatids"	NA	NA	NA	"CL:4030036"	"early spermatid"	"perfect match"	"SN194"	NA	8
"ACACCCTGTTGATTCG"	""	"ERX6700419"	"ERP132580"	"testis"	"Pachytene_Spermatocytes"	NA	NA	NA	"CL:0000017"	"spermatocyte"	"missing child term"	"SN194"	NA	4
"ACACCCTTCGTAGGAG"	""	"ERX6700419"	"ERP132580"	"testis"	"Sertoli"	NA	NA	NA	"CL:0000216"	"Sertoli cell"	"perfect match"	"SN194"	NA	3
"ACACCCTTCTGGCGAC"	""	"ERX6700419"	"ERP132580"	"testis"	"Late_Round_spermatids"	NA	NA	NA	"CL:4030036"	"early spermatid"	"other"	"SN194"	NA	6
"ACACCGGAGAAGAAGC"	""	"ERX6700419"	"ERP132580"	"testis"	"Differentiated_Spermatogonia"	NA	NA	NA	"CL:0000020"	"spermatogonium"	"perfect match"	"SN194"	NA	7
"ACACCGGAGATGTCGG"	""	"ERX6700419"	"ERP132580"	"testis"	"Pachytene_Spermatocytes"	NA	NA	NA	"CL:0000017"	"spermatocyte"	"missing child term"	"SN194"	NA	4
"ACACCGGCAACAACCT"	""	"ERX6700419"	"ERP132580"	"testis"	"Undifferentiated_Spermatogonia"	NA	NA	NA	"CL:0000016"	"male germ line stem cell"	"other"	"SN194"	NA	9
"ACACCGGCAATCTGCA"	""	"ERX6700419"	"ERP132580"	"testis"	"Differentiated_Spermatogonia"	NA	NA	NA	"CL:0000020"	"spermatogonium"	"perfect match"	"SN194"	NA	7
"ACACCGGCACTGTTAG"	""	"ERX6700419"	"ERP132580"	"testis"	"Sertoli"	NA	NA	NA	"CL:0000216"	"Sertoli cell"	"perfect match"	"SN194"	NA	3
"ACACCGGGTAAAGGAG"	""	"ERX6700419"	"ERP132580"	"testis"	"Other_somatic"	NA	NA	NA	"CL:0002371"	"somatic cell"	"perfect match"	"SN194"	NA	1
"ACACCGGGTACTCGCG"	""	"ERX6700419"	"ERP132580"	"testis"	"Other_somatic"	NA	NA	NA	"CL:0002371"	"somatic cell"	"perfect match"	"SN194"	NA	1
"ACACCGGGTTACGTCA"	""	"ERX6700419"	"ERP132580"	"testis"	"Sertoli"	NA	NA	NA	"CL:0000216"	"Sertoli cell"	"perfect match"	"SN194"	NA	3
"ACACCGGGTTGTCTTT"	""	"ERX6700419"	"ERP132580"	"testis"	"Differentiated_Spermatogonia"	NA	NA	NA	"CL:0000020"	"spermatogonium"	"perfect match"	"SN194"	NA	7
"ACACCGGTCTCATTCA"	""	"ERX6700419"	"ERP132580"	"testis"	"Zygotene_Spermatocytes"	NA	NA	NA	"CL:0000017"	"spermatocyte"	"missing child term"	"SN194"	NA	5
"ACACCGGTCTGCTGCT"	""	"ERX6700419"	"ERP132580"	"testis"	"Pachytene_Spermatocytes"	NA	NA	NA	"CL:0000017"	"spermatocyte"	"missing child term"	"SN194"	NA	4
"ACACTGAAGAGTTGGC"	""	"ERX6700419"	"ERP132580"	"testis"	"Sertoli"	NA	NA	NA	"CL:0000216"	"Sertoli cell"	"perfect match"	"SN194"	NA	3
"ACACTGACAATAGCGG"	""	"ERX6700419"	"ERP132580"	"testis"	"Pachytene_Spermatocytes"	NA	NA	NA	"CL:0000017"	"spermatocyte"	"missing child term"	"SN194"	NA	4
"ACACTGACATCGACGC"	""	"ERX6700419"	"ERP132580"	"testis"	"Other_somatic"	NA	NA	NA	"CL:0002371"	"somatic cell"	"perfect match"	"SN194"	NA	1
"ACACTGAGTAGCGTAG"	""	"ERX6700419"	"ERP132580"	"testis"	"Leptotene_Spermatocytes"	NA	NA	NA	"CL:0000017"	"spermatocyte"	"missing child term"	"SN194"	NA	11
"ACACTGATCACATGCA"	""	"ERX6700419"	"ERP132580"	"testis"	"Other_somatic"	NA	NA	NA	"CL:0002371"	"somatic cell"	"perfect match"	"SN194"	NA	1
"ACAGCCGAGATCGATA"	""	"ERX6700419"	"ERP132580"	"testis"	"Pachytene_Spermatocytes"	NA	NA	NA	"CL:0000017"	"spermatocyte"	"missing child term"	"SN194"	NA	4
"ACAGCCGCAAGCGAGT"	""	"ERX6700419"	"ERP132580"	"testis"	"Sertoli"	NA	NA	NA	"CL:0000216"	"Sertoli cell"	"perfect match"	"SN194"	NA	3
"ACAGCCGCAGCTCGCA"	""	"ERX6700419"	"ERP132580"	"testis"	"Early_Round_spermatids"	NA	NA	NA	"CL:4030036"	"early spermatid"	"perfect match"	"SN194"	NA	8
"ACAGCCGGTATAAACG"	""	"ERX6700419"	"ERP132580"	"testis"	"Early_Round_spermatids"	NA	NA	NA	"CL:4030036"	"early spermatid"	"perfect match"	"SN194"	NA	8
"ACAGCCGTCTAACTGG"	""	"ERX6700419"	"ERP132580"	"testis"	"Late_Round_spermatids"	NA	NA	NA	"CL:4030036"	"early spermatid"	"other"	"SN194"	NA	6
"ACAGCTAAGGATGGTC"	""	"ERX6700419"	"ERP132580"	"testis"	"Other_somatic"	NA	NA	NA	"CL:0002371"	"somatic cell"	"perfect match"	"SN194"	NA	1
"ACAGCTAAGTACGCCC"	""	"ERX6700419"	"ERP132580"	"testis"	"Leptotene_Spermatocytes"	NA	NA	NA	"CL:0000017"	"spermatocyte"	"missing child term"	"SN194"	NA	11
"ACAGCTACAATCTGCA"	""	"ERX6700419"	"ERP132580"	"testis"	"Leptotene_Spermatocytes"	NA	NA	NA	"CL:0000017"	"spermatocyte"	"missing child term"	"SN194"	NA	11
"ACAGCTATCCAATGGT"	""	"ERX6700419"	"ERP132580"	"testis"	"Zygotene_Spermatocytes"	NA	NA	NA	"CL:0000017"	"spermatocyte"	"missing child term"	"SN194"	NA	5
"ACAGCTATCGCGTTTC"	""	"ERX6700419"	"ERP132580"	"testis"	"Sertoli"	NA	NA	NA	"CL:0000216"	"Sertoli cell"	"perfect match"	"SN194"	NA	3
"ACAGCTATCGGCATCG"	""	"ERX6700419"	"ERP132580"	"testis"	"Elongated_spermatids"	NA	NA	NA	"CL:4030037"	"late spermatid"	"perfect match"	"SN194"	NA	2
"ACATACGAGAATGTGT"	""	"ERX6700419"	"ERP132580"	"testis"	"Sertoli"	NA	NA	NA	"CL:0000216"	"Sertoli cell"	"perfect match"	"SN194"	NA	3
"ACATACGAGATACACA"	""	"ERX6700419"	"ERP132580"	"testis"	"Elongated_spermatids"	NA	NA	NA	"CL:4030037"	"late spermatid"	"perfect match"	"SN194"	NA	2
"ACATACGCAACGATGG"	""	"ERX6700419"	"ERP132580"	"testis"	"Sertoli"	NA	NA	NA	"CL:0000216"	"Sertoli cell"	"perfect match"	"SN194"	NA	3
"ACATACGCAAGGTGTG"	""	"ERX6700419"	"ERP132580"	"testis"	"Undifferentiated_Spermatogonia"	NA	NA	NA	"CL:0000016"	"male germ line stem cell"	"other"	"SN194"	NA	9
"ACATACGCAATACGCT"	""	"ERX6700419"	"ERP132580"	"testis"	"Sertoli"	NA	NA	NA	"CL:0000216"	"Sertoli cell"	"perfect match"	"SN194"	NA	3
"ACATACGCACACAGAG"	""	"ERX6700419"	"ERP132580"	"testis"	"Sertoli"	NA	NA	NA	"CL:0000216"	"Sertoli cell"	"perfect match"	"SN194"	NA	3
"ACATACGCAGCATGAG"	""	"ERX6700419"	"ERP132580"	"testis"	"Early_Round_spermatids"	NA	NA	NA	"CL:4030036"	"early spermatid"	"perfect match"	"SN194"	NA	8
"ACATACGCAGGACCCT"	""	"ERX6700419"	"ERP132580"	"testis"	"Early_Round_spermatids"	NA	NA	NA	"CL:4030036"	"early spermatid"	"perfect match"	"SN194"	NA	8
"ACATACGCATGTAAGA"	""	"ERX6700419"	"ERP132580"	"testis"	"Sertoli"	NA	NA	NA	"CL:0000216"	"Sertoli cell"	"perfect match"	"SN194"	NA	3
"ACATACGGTTCGCTAA"	""	"ERX6700419"	"ERP132580"	"testis"	"Differentiated_Spermatogonia"	NA	NA	NA	"CL:0000020"	"spermatogonium"	"perfect match"	"SN194"	NA	7
"ACATACGTCTGATTCT"	""	"ERX6700419"	"ERP132580"	"testis"	"Undifferentiated_Spermatogonia"	NA	NA	NA	"CL:0000016"	"male germ line stem cell"	"other"	"SN194"	NA	9
"ACATCAGCACGGCTAC"	""	"ERX6700419"	"ERP132580"	"testis"	"Early_Round_spermatids"	NA	NA	NA	"CL:4030036"	"early spermatid"	"perfect match"	"SN194"	NA	8
"ACATCAGCAGCAGTTT"	""	"ERX6700419"	"ERP132580"	"testis"	"Early_Round_spermatids"	NA	NA	NA	"CL:4030036"	"early spermatid"	"perfect match"	"SN194"	NA	8
"ACATCAGCATCCGGGT"	""	"ERX6700419"	"ERP132580"	"testis"	"Late_Round_spermatids"	NA	NA	NA	"CL:4030036"	"early spermatid"	"other"	"SN194"	NA	6
"ACATCAGGTCTGATCA"	""	"ERX6700419"	"ERP132580"	"testis"	"Undifferentiated_Spermatogonia"	NA	NA	NA	"CL:0000016"	"male germ line stem cell"	"other"	"SN194"	NA	9
"ACATCAGGTGTTTGGT"	""	"ERX6700419"	"ERP132580"	"testis"	"Sertoli"	NA	NA	NA	"CL:0000216"	"Sertoli cell"	"perfect match"	"SN194"	NA	3
"ACATCAGGTTGTCGCG"	""	"ERX6700419"	"ERP132580"	"testis"	"Zygotene_Spermatocytes"	NA	NA	NA	"CL:0000017"	"spermatocyte"	"missing child term"	"SN194"	NA	5
"ACATCAGTCAACCATG"	""	"ERX6700419"	"ERP132580"	"testis"	"Other_somatic"	NA	NA	NA	"CL:0002371"	"somatic cell"	"perfect match"	"SN194"	NA	1
"ACATCAGTCAGTCCCT"	""	"ERX6700419"	"ERP132580"	"testis"	"Sertoli"	NA	NA	NA	"CL:0000216"	"Sertoli cell"	"perfect match"	"SN194"	NA	3
"ACATCAGTCTTACCTA"	""	"ERX6700419"	"ERP132580"	"testis"	"Sertoli"	NA	NA	NA	"CL:0000216"	"Sertoli cell"	"perfect match"	"SN194"	NA	3
"ACATGGTAGCGAAGGG"	""	"ERX6700419"	"ERP132580"	"testis"	"Elongated_spermatids"	NA	NA	NA	"CL:4030037"	"late spermatid"	"perfect match"	"SN194"	NA	2
"ACATGGTCAATAGAGT"	""	"ERX6700419"	"ERP132580"	"testis"	"Sertoli"	NA	NA	NA	"CL:0000216"	"Sertoli cell"	"perfect match"	"SN194"	NA	3
"ACATGGTCAGGCAGTA"	""	"ERX6700419"	"ERP132580"	"testis"	"Pachytene_Spermatocytes"	NA	NA	NA	"CL:0000017"	"spermatocyte"	"missing child term"	"SN194"	NA	4
"ACATGGTGTACTCAAC"	""	"ERX6700419"	"ERP132580"	"testis"	"Zygotene_Spermatocytes"	NA	NA	NA	"CL:0000017"	"spermatocyte"	"missing child term"	"SN194"	NA	5
"ACATGGTGTCCGTTAA"	""	"ERX6700419"	"ERP132580"	"testis"	"Elongated_spermatids"	NA	NA	NA	"CL:4030037"	"late spermatid"	"perfect match"	"SN194"	NA	2
"ACATGGTGTGAACCTT"	""	"ERX6700419"	"ERP132580"	"testis"	"Other_somatic"	NA	NA	NA	"CL:0002371"	"somatic cell"	"perfect match"	"SN194"	NA	1
"ACATGGTGTGGGTATG"	""	"ERX6700419"	"ERP132580"	"testis"	"Zygotene_Spermatocytes"	NA	NA	NA	"CL:0000017"	"spermatocyte"	"missing child term"	"SN194"	NA	5
"ACATGGTTCACGATGT"	""	"ERX6700419"	"ERP132580"	"testis"	"Pachytene_Spermatocytes"	NA	NA	NA	"CL:0000017"	"spermatocyte"	"missing child term"	"SN194"	NA	4
"ACATGGTTCCTTGACC"	""	"ERX6700419"	"ERP132580"	"testis"	"Elongated_spermatids"	NA	NA	NA	"CL:4030037"	"late spermatid"	"perfect match"	"SN194"	NA	2
"ACATGGTTCGTGGTCG"	""	"ERX6700419"	"ERP132580"	"testis"	"Other_somatic"	NA	NA	NA	"CL:0002371"	"somatic cell"	"perfect match"	"SN194"	NA	1
"ACATGGTTCTTATCTG"	""	"ERX6700419"	"ERP132580"	"testis"	"Zygotene_Spermatocytes"	NA	NA	NA	"CL:0000017"	"spermatocyte"	"missing child term"	"SN194"	NA	5
"ACCAGTACACGAAATA"	""	"ERX6700419"	"ERP132580"	"testis"	"Other_somatic"	NA	NA	NA	"CL:0002371"	"somatic cell"	"perfect match"	"SN194"	NA	1
"ACCAGTACAGCAGTTT"	""	"ERX6700419"	"ERP132580"	"testis"	"Zygotene_Spermatocytes"	NA	NA	NA	"CL:0000017"	"spermatocyte"	"missing child term"	"SN194"	NA	5
"ACCAGTACAGCTCGAC"	""	"ERX6700419"	"ERP132580"	"testis"	"Leptotene_Spermatocytes"	NA	NA	NA	"CL:0000017"	"spermatocyte"	"missing child term"	"SN194"	NA	11
"ACCAGTAGTATGAAAC"	""	"ERX6700419"	"ERP132580"	"testis"	"Differentiated_Spermatogonia"	NA	NA	NA	"CL:0000020"	"spermatogonium"	"perfect match"	"SN194"	NA	7
"ACCAGTAGTCTGGTCG"	""	"ERX6700419"	"ERP132580"	"testis"	"Sertoli"	NA	NA	NA	"CL:0000216"	"Sertoli cell"	"perfect match"	"SN194"	NA	3
"ACCAGTATCCAAAGTC"	""	"ERX6700419"	"ERP132580"	"testis"	"Early_Round_spermatids"	NA	NA	NA	"CL:4030036"	"early spermatid"	"perfect match"	"SN194"	NA	8
"ACCAGTATCCAGATCA"	""	"ERX6700419"	"ERP132580"	"testis"	"Differentiated_Spermatogonia"	NA	NA	NA	"CL:0000020"	"spermatogonium"	"perfect match"	"SN194"	NA	7
"ACCAGTATCGCAAACT"	""	"ERX6700419"	"ERP132580"	"testis"	"Sertoli"	NA	NA	NA	"CL:0000216"	"Sertoli cell"	"perfect match"	"SN194"	NA	3
"ACCCACTAGAAACCAT"	""	"ERX6700419"	"ERP132580"	"testis"	"Zygotene_Spermatocytes"	NA	NA	NA	"CL:0000017"	"spermatocyte"	"missing child term"	"SN194"	NA	5
"ACCCACTAGTGGGATC"	""	"ERX6700419"	"ERP132580"	"testis"	"Other_somatic"	NA	NA	NA	"CL:0002371"	"somatic cell"	"perfect match"	"SN194"	NA	1
"ACCCACTCACTTAAGC"	""	"ERX6700419"	"ERP132580"	"testis"	"Pachytene_Spermatocytes"	NA	NA	NA	"CL:0000017"	"spermatocyte"	"missing child term"	"SN194"	NA	4
"ACCCACTCATTGGCGC"	""	"ERX6700419"	"ERP132580"	"testis"	"Sertoli"	NA	NA	NA	"CL:0000216"	"Sertoli cell"	"perfect match"	"SN194"	NA	3
"ACCCACTGTCATGCCG"	""	"ERX6700419"	"ERP132580"	"testis"	"Other_somatic"	NA	NA	NA	"CL:0002371"	"somatic cell"	"perfect match"	"SN194"	NA	1
"ACCGTAAAGATATGGT"	""	"ERX6700419"	"ERP132580"	"testis"	"Elongated_spermatids"	NA	NA	NA	"CL:4030037"	"late spermatid"	"perfect match"	"SN194"	NA	2
"ACCGTAAAGCGCCTTG"	""	"ERX6700419"	"ERP132580"	"testis"	"Early_Round_spermatids"	NA	NA	NA	"CL:4030036"	"early spermatid"	"perfect match"	"SN194"	NA	8
"ACCGTAAAGTGGCACA"	""	"ERX6700419"	"ERP132580"	"testis"	"Sertoli"	NA	NA	NA	"CL:0000216"	"Sertoli cell"	"perfect match"	"SN194"	NA	3
"ACCGTAACAGTGACAG"	""	"ERX6700419"	"ERP132580"	"testis"	"Early_Round_spermatids"	NA	NA	NA	"CL:4030036"	"early spermatid"	"perfect match"	"SN194"	NA	8
"ACCTTTACACCGAAAG"	""	"ERX6700419"	"ERP132580"	"testis"	"Elongated_spermatids"	NA	NA	NA	"CL:4030037"	"late spermatid"	"perfect match"	"SN194"	NA	2
"ACCTTTACATCACAAC"	""	"ERX6700419"	"ERP132580"	"testis"	"Leptotene_Spermatocytes"	NA	NA	NA	"CL:0000017"	"spermatocyte"	"missing child term"	"SN194"	NA	11
"ACCTTTATCACAATGC"	""	"ERX6700419"	"ERP132580"	"testis"	"Early_Round_spermatids"	NA	NA	NA	"CL:4030036"	"early spermatid"	"perfect match"	"SN194"	NA	8
"ACGAGCCTCCAAACAC"	""	"ERX6700419"	"ERP132580"	"testis"	"Sertoli"	NA	NA	NA	"CL:0000216"	"Sertoli cell"	"perfect match"	"SN194"	NA	3
"ACGAGCCTCTAACTGG"	""	"ERX6700419"	"ERP132580"	"testis"	"Sertoli"	NA	NA	NA	"CL:0000216"	"Sertoli cell"	"perfect match"	"SN194"	NA	3
"ACGAGCCTCTAGCACA"	""	"ERX6700419"	"ERP132580"	"testis"	"Pachytene_Spermatocytes"	NA	NA	NA	"CL:0000017"	"spermatocyte"	"missing child term"	"SN194"	NA	4
"ACGAGGACACTAGTAC"	""	"ERX6700419"	"ERP132580"	"testis"	"Elongated_spermatids"	NA	NA	NA	"CL:4030037"	"late spermatid"	"perfect match"	"SN194"	NA	2
"ACGAGGAGTAACGTTC"	""	"ERX6700419"	"ERP132580"	"testis"	"Other_somatic"	NA	NA	NA	"CL:0002371"	"somatic cell"	"perfect match"	"SN194"	NA	1
"ACGAGGAGTATATGGA"	""	"ERX6700419"	"ERP132580"	"testis"	"Undifferentiated_Spermatogonia"	NA	NA	NA	"CL:0000016"	"male germ line stem cell"	"other"	"SN194"	NA	9
"ACGAGGATCCAGAAGG"	""	"ERX6700419"	"ERP132580"	"testis"	"Undifferentiated_Spermatogonia"	NA	NA	NA	"CL:0000016"	"male germ line stem cell"	"other"	"SN194"	NA	9
"ACGAGGATCCGAGCCA"	""	"ERX6700419"	"ERP132580"	"testis"	"Sertoli"	NA	NA	NA	"CL:0000216"	"Sertoli cell"	"perfect match"	"SN194"	NA	3
"ACGATACCAAGTTAAG"	""	"ERX6700419"	"ERP132580"	"testis"	"Late_Round_spermatids"	NA	NA	NA	"CL:4030036"	"early spermatid"	"other"	"SN194"	NA	6
"ACGATACCAGCTGTTA"	""	"ERX6700419"	"ERP132580"	"testis"	"Other_somatic"	NA	NA	NA	"CL:0002371"	"somatic cell"	"perfect match"	"SN194"	NA	1
"ACGATACGTGATGTCT"	""	"ERX6700419"	"ERP132580"	"testis"	"Early_Round_spermatids"	NA	NA	NA	"CL:4030036"	"early spermatid"	"perfect match"	"SN194"	NA	8
"ACGATACGTGCCTGGT"	""	"ERX6700419"	"ERP132580"	"testis"	"Early_Round_spermatids"	NA	NA	NA	"CL:4030036"	"early spermatid"	"perfect match"	"SN194"	NA	8
"ACGATGTAGATCTGCT"	""	"ERX6700419"	"ERP132580"	"testis"	"Early_Round_spermatids"	NA	NA	NA	"CL:4030036"	"early spermatid"	"perfect match"	"SN194"	NA	8
"ACGATGTCAAATCCGT"	""	"ERX6700419"	"ERP132580"	"testis"	"Other_somatic"	NA	NA	NA	"CL:0002371"	"somatic cell"	"perfect match"	"SN194"	NA	1
"ACGATGTCAGCCTATA"	""	"ERX6700419"	"ERP132580"	"testis"	"Sertoli"	NA	NA	NA	"CL:0000216"	"Sertoli cell"	"perfect match"	"SN194"	NA	3
"ACGATGTGTGAAGGCT"	""	"ERX6700419"	"ERP132580"	"testis"	"Sertoli"	NA	NA	NA	"CL:0000216"	"Sertoli cell"	"perfect match"	"SN194"	NA	3
"ACGATGTTCAGTTAGC"	""	"ERX6700419"	"ERP132580"	"testis"	"Late_Round_spermatids"	NA	NA	NA	"CL:4030036"	"early spermatid"	"other"	"SN194"	NA	6
"ACGATGTTCTCATTCA"	""	"ERX6700419"	"ERP132580"	"testis"	"Zygotene_Spermatocytes"	NA	NA	NA	"CL:0000017"	"spermatocyte"	"missing child term"	"SN194"	NA	5
"ACGCAGCAGATCCCAT"	""	"ERX6700419"	"ERP132580"	"testis"	"Other_somatic"	NA	NA	NA	"CL:0002371"	"somatic cell"	"perfect match"	"SN194"	NA	1
"ACGCAGCAGTACGACG"	""	"ERX6700419"	"ERP132580"	"testis"	"Early_Round_spermatids"	NA	NA	NA	"CL:4030036"	"early spermatid"	"perfect match"	"SN194"	NA	8
"ACGCAGCCAGGGATTG"	""	"ERX6700419"	"ERP132580"	"testis"	"Late_Round_spermatids"	NA	NA	NA	"CL:4030036"	"early spermatid"	"other"	"SN194"	NA	6
"ACGCAGCGTAGCCTAT"	""	"ERX6700419"	"ERP132580"	"testis"	"Sertoli"	NA	NA	NA	"CL:0000216"	"Sertoli cell"	"perfect match"	"SN194"	NA	3
"ACGCAGCTCTGGTGTA"	""	"ERX6700419"	"ERP132580"	"testis"	"Sertoli"	NA	NA	NA	"CL:0000216"	"Sertoli cell"	"perfect match"	"SN194"	NA	3
"ACGCCAGAGAGGTTAT"	""	"ERX6700419"	"ERP132580"	"testis"	"Other_somatic"	NA	NA	NA	"CL:0002371"	"somatic cell"	"perfect match"	"SN194"	NA	1
"ACGCCAGAGTTCCACA"	""	"ERX6700419"	"ERP132580"	"testis"	"Early_Round_spermatids"	NA	NA	NA	"CL:4030036"	"early spermatid"	"perfect match"	"SN194"	NA	8
"ACGCCAGCACCGATAT"	""	"ERX6700419"	"ERP132580"	"testis"	"Sertoli"	NA	NA	NA	"CL:0000216"	"Sertoli cell"	"perfect match"	"SN194"	NA	3
"ACGCCAGCACGAAAGC"	""	"ERX6700419"	"ERP132580"	"testis"	"Late_Round_spermatids"	NA	NA	NA	"CL:4030036"	"early spermatid"	"other"	"SN194"	NA	6
"ACGCCAGCAGCTGTGC"	""	"ERX6700419"	"ERP132580"	"testis"	"Sertoli"	NA	NA	NA	"CL:0000216"	"Sertoli cell"	"perfect match"	"SN194"	NA	3
"ACGCCAGGTAGGGTAC"	""	"ERX6700419"	"ERP132580"	"testis"	"Other_somatic"	NA	NA	NA	"CL:0002371"	"somatic cell"	"perfect match"	"SN194"	NA	1
"ACGCCAGTCAGATAAG"	""	"ERX6700419"	"ERP132580"	"testis"	"Undifferentiated_Spermatogonia"	NA	NA	NA	"CL:0000016"	"male germ line stem cell"	"other"	"SN194"	NA	9
"ACGCCGAAGGGAAACA"	""	"ERX6700419"	"ERP132580"	"testis"	"Other_somatic"	NA	NA	NA	"CL:0002371"	"somatic cell"	"perfect match"	"SN194"	NA	1
"ACGCCGACAATGTTGC"	""	"ERX6700419"	"ERP132580"	"testis"	"Elongated_spermatids"	NA	NA	NA	"CL:4030037"	"late spermatid"	"perfect match"	"SN194"	NA	2
"ACGCCGACAGCCAATT"	""	"ERX6700419"	"ERP132580"	"testis"	"Other_somatic"	NA	NA	NA	"CL:0002371"	"somatic cell"	"perfect match"	"SN194"	NA	1
"ACGCCGACAGGATTGG"	""	"ERX6700419"	"ERP132580"	"testis"	"Late_Round_spermatids"	NA	NA	NA	"CL:4030036"	"early spermatid"	"other"	"SN194"	NA	6
"ACGCCGAGTATTAGCC"	""	"ERX6700419"	"ERP132580"	"testis"	"Leptotene_Spermatocytes"	NA	NA	NA	"CL:0000017"	"spermatocyte"	"missing child term"	"SN194"	NA	11
"ACGCCGATCAACGCTA"	""	"ERX6700419"	"ERP132580"	"testis"	"Leptotene_Spermatocytes"	NA	NA	NA	"CL:0000017"	"spermatocyte"	"missing child term"	"SN194"	NA	11
"ACGCCGATCTTACCGC"	""	"ERX6700419"	"ERP132580"	"testis"	"Pachytene_Spermatocytes"	NA	NA	NA	"CL:0000017"	"spermatocyte"	"missing child term"	"SN194"	NA	4
"ACGGAGAAGAGTCTGG"	""	"ERX6700419"	"ERP132580"	"testis"	"Other_somatic"	NA	NA	NA	"CL:0002371"	"somatic cell"	"perfect match"	"SN194"	NA	1
"ACGGAGAAGTAGTGCG"	""	"ERX6700419"	"ERP132580"	"testis"	"Pachytene_Spermatocytes"	NA	NA	NA	"CL:0000017"	"spermatocyte"	"missing child term"	"SN194"	NA	4
"ACGGAGACAGAGTGTG"	""	"ERX6700419"	"ERP132580"	"testis"	"Other_somatic"	NA	NA	NA	"CL:0002371"	"somatic cell"	"perfect match"	"SN194"	NA	1
"ACGGAGACATAGGATA"	""	"ERX6700419"	"ERP132580"	"testis"	"Other_somatic"	NA	NA	NA	"CL:0002371"	"somatic cell"	"perfect match"	"SN194"	NA	1
"ACGGAGATCAGGTAAA"	""	"ERX6700419"	"ERP132580"	"testis"	"Late_Round_spermatids"	NA	NA	NA	"CL:4030036"	"early spermatid"	"other"	"SN194"	NA	6
"ACGGAGATCTGCCAGG"	""	"ERX6700419"	"ERP132580"	"testis"	"Pachytene_Spermatocytes"	NA	NA	NA	"CL:0000017"	"spermatocyte"	"missing child term"	"SN194"	NA	4
"ACGGAGATCTGCGGCA"	""	"ERX6700419"	"ERP132580"	"testis"	"Leptotene_Spermatocytes"	NA	NA	NA	"CL:0000017"	"spermatocyte"	"missing child term"	"SN194"	NA	11
"ACGGCCAAGGCAAAGA"	""	"ERX6700419"	"ERP132580"	"testis"	"Pachytene_Spermatocytes"	NA	NA	NA	"CL:0000017"	"spermatocyte"	"missing child term"	"SN194"	NA	4
"ACGGCCAAGGCTAGAC"	""	"ERX6700419"	"ERP132580"	"testis"	"Elongated_spermatids"	NA	NA	NA	"CL:4030037"	"late spermatid"	"perfect match"	"SN194"	NA	2
"ACGGCCACATCATCCC"	""	"ERX6700419"	"ERP132580"	"testis"	"Sertoli"	NA	NA	NA	"CL:0000216"	"Sertoli cell"	"perfect match"	"SN194"	NA	3
"ACGGCCAGTTCAGCGC"	""	"ERX6700419"	"ERP132580"	"testis"	"Elongated_spermatids"	NA	NA	NA	"CL:4030037"	"late spermatid"	"perfect match"	"SN194"	NA	2
"ACGGCCATCAGAAATG"	""	"ERX6700419"	"ERP132580"	"testis"	"Elongated_spermatids"	NA	NA	NA	"CL:4030037"	"late spermatid"	"perfect match"	"SN194"	NA	2
"ACGGCCATCATTCACT"	""	"ERX6700419"	"ERP132580"	"testis"	"Late_Round_spermatids"	NA	NA	NA	"CL:4030036"	"early spermatid"	"other"	"SN194"	NA	6
"ACGGCCATCGGTCTAA"	""	"ERX6700419"	"ERP132580"	"testis"	"Other_somatic"	NA	NA	NA	"CL:0002371"	"somatic cell"	"perfect match"	"SN194"	NA	1
"ACGGCCATCTATCCCG"	""	"ERX6700419"	"ERP132580"	"testis"	"Other_somatic"	NA	NA	NA	"CL:0002371"	"somatic cell"	"perfect match"	"SN194"	NA	1
"ACGGCCATCTTGGGTA"	""	"ERX6700419"	"ERP132580"	"testis"	"Sertoli"	NA	NA	NA	"CL:0000216"	"Sertoli cell"	"perfect match"	"SN194"	NA	3
"ACGGGCTAGCAATCTC"	""	"ERX6700419"	"ERP132580"	"testis"	"Sertoli"	NA	NA	NA	"CL:0000216"	"Sertoli cell"	"perfect match"	"SN194"	NA	3
"ACGGGCTCATCCTAGA"	""	"ERX6700419"	"ERP132580"	"testis"	"Other_somatic"	NA	NA	NA	"CL:0002371"	"somatic cell"	"perfect match"	"SN194"	NA	1
"ACGGGCTGTACCTACA"	""	"ERX6700419"	"ERP132580"	"testis"	"Late_Round_spermatids"	NA	NA	NA	"CL:4030036"	"early spermatid"	"other"	"SN194"	NA	6
"ACGGGCTGTTGGGACA"	""	"ERX6700419"	"ERP132580"	"testis"	"Late_Round_spermatids"	NA	NA	NA	"CL:4030036"	"early spermatid"	"other"	"SN194"	NA	6
"ACGGGCTTCGGCCGAT"	""	"ERX6700419"	"ERP132580"	"testis"	"Other_somatic"	NA	NA	NA	"CL:0002371"	"somatic cell"	"perfect match"	"SN194"	NA	1
"ACGGGTCAGATGTAAC"	""	"ERX6700419"	"ERP132580"	"testis"	"Other_somatic"	NA	NA	NA	"CL:0002371"	"somatic cell"	"perfect match"	"SN194"	NA	1
"ACGGGTCCAACACCTA"	""	"ERX6700419"	"ERP132580"	"testis"	"Sertoli"	NA	NA	NA	"CL:0000216"	"Sertoli cell"	"perfect match"	"SN194"	NA	3
"ACGGGTCGTGGTCCGT"	""	"ERX6700419"	"ERP132580"	"testis"	"Zygotene_Spermatocytes"	NA	NA	NA	"CL:0000017"	"spermatocyte"	"missing child term"	"SN194"	NA	5
"ACGGGTCTCCGAATGT"	""	"ERX6700419"	"ERP132580"	"testis"	"Sertoli"	NA	NA	NA	"CL:0000216"	"Sertoli cell"	"perfect match"	"SN194"	NA	3
"ACGGGTCTCGTTTATC"	""	"ERX6700419"	"ERP132580"	"testis"	"Late_Round_spermatids"	NA	NA	NA	"CL:4030036"	"early spermatid"	"other"	"SN194"	NA	6
"ACGGGTCTCTGGTTCC"	""	"ERX6700419"	"ERP132580"	"testis"	"Differentiated_Spermatogonia"	NA	NA	NA	"CL:0000020"	"spermatogonium"	"perfect match"	"SN194"	NA	7
"ACGTCAACAAGTTGTC"	""	"ERX6700419"	"ERP132580"	"testis"	"Elongated_spermatids"	NA	NA	NA	"CL:4030037"	"late spermatid"	"perfect match"	"SN194"	NA	2
"ACGTCAACACAGACAG"	""	"ERX6700419"	"ERP132580"	"testis"	"Other_somatic"	NA	NA	NA	"CL:0002371"	"somatic cell"	"perfect match"	"SN194"	NA	1
"ACGTCAAGTAGCCTAT"	""	"ERX6700419"	"ERP132580"	"testis"	"Sertoli"	NA	NA	NA	"CL:0000216"	"Sertoli cell"	"perfect match"	"SN194"	NA	3
"ACGTCAAGTCTACCTC"	""	"ERX6700419"	"ERP132580"	"testis"	"Sertoli"	NA	NA	NA	"CL:0000216"	"Sertoli cell"	"perfect match"	"SN194"	NA	3
"ACGTCAAGTGCAGTAG"	""	"ERX6700419"	"ERP132580"	"testis"	"Other_somatic"	NA	NA	NA	"CL:0002371"	"somatic cell"	"perfect match"	"SN194"	NA	1
"ACGTCAAGTTAGAACA"	""	"ERX6700419"	"ERP132580"	"testis"	"Other_somatic"	NA	NA	NA	"CL:0002371"	"somatic cell"	"perfect match"	"SN194"	NA	1
"ACGTCAATCCACGAAT"	""	"ERX6700419"	"ERP132580"	"testis"	"Late_Round_spermatids"	NA	NA	NA	"CL:4030036"	"early spermatid"	"other"	"SN194"	NA	6
"ACGTCAATCTCGATGA"	""	"ERX6700419"	"ERP132580"	"testis"	"Sertoli"	NA	NA	NA	"CL:0000216"	"Sertoli cell"	"perfect match"	"SN194"	NA	3
"ACGTCAATCTTGGGTA"	""	"ERX6700419"	"ERP132580"	"testis"	"Sertoli"	NA	NA	NA	"CL:0000216"	"Sertoli cell"	"perfect match"	"SN194"	NA	3
"ACTATCTAGGGAACGG"	""	"ERX6700419"	"ERP132580"	"testis"	"Late_Round_spermatids"	NA	NA	NA	"CL:4030036"	"early spermatid"	"other"	"SN194"	NA	6
"ACTATCTGTCCGAACC"	""	"ERX6700419"	"ERP132580"	"testis"	"Sertoli"	NA	NA	NA	"CL:0000216"	"Sertoli cell"	"perfect match"	"SN194"	NA	3
"ACTATCTTCCCACTTG"	""	"ERX6700419"	"ERP132580"	"testis"	"Undifferentiated_Spermatogonia"	NA	NA	NA	"CL:0000016"	"male germ line stem cell"	"other"	"SN194"	NA	9
"ACTGAACCAACTTGAC"	""	"ERX6700419"	"ERP132580"	"testis"	"Other_somatic"	NA	NA	NA	"CL:0002371"	"somatic cell"	"perfect match"	"SN194"	NA	1
"ACTGAACCAGACAAGC"	""	"ERX6700419"	"ERP132580"	"testis"	"Undifferentiated_Spermatogonia"	NA	NA	NA	"CL:0000016"	"male germ line stem cell"	"other"	"SN194"	NA	9
"ACTGAACTCCGAGCCA"	""	"ERX6700419"	"ERP132580"	"testis"	"Sertoli"	NA	NA	NA	"CL:0000216"	"Sertoli cell"	"perfect match"	"SN194"	NA	3
"ACTGAACTCGAGAGCA"	""	"ERX6700419"	"ERP132580"	"testis"	"Other_somatic"	NA	NA	NA	"CL:0002371"	"somatic cell"	"perfect match"	"SN194"	NA	1
"ACTGAGTAGGATGGAA"	""	"ERX6700419"	"ERP132580"	"testis"	"Leptotene_Spermatocytes"	NA	NA	NA	"CL:0000017"	"spermatocyte"	"missing child term"	"SN194"	NA	11
"ACTGAGTAGGCAGGTT"	""	"ERX6700419"	"ERP132580"	"testis"	"Other_somatic"	NA	NA	NA	"CL:0002371"	"somatic cell"	"perfect match"	"SN194"	NA	1
"ACTGAGTAGTGCCAGA"	""	"ERX6700419"	"ERP132580"	"testis"	"Late_Round_spermatids"	NA	NA	NA	"CL:4030036"	"early spermatid"	"other"	"SN194"	NA	6
"ACTGAGTGTAAGCACG"	""	"ERX6700419"	"ERP132580"	"testis"	"Differentiated_Spermatogonia"	NA	NA	NA	"CL:0000020"	"spermatogonium"	"perfect match"	"SN194"	NA	7
"ACTGAGTGTGGTCCGT"	""	"ERX6700419"	"ERP132580"	"testis"	"Sertoli"	NA	NA	NA	"CL:0000216"	"Sertoli cell"	"perfect match"	"SN194"	NA	3
"ACTGAGTTCACATACG"	""	"ERX6700419"	"ERP132580"	"testis"	"Sertoli"	NA	NA	NA	"CL:0000216"	"Sertoli cell"	"perfect match"	"SN194"	NA	3
"ACTGAGTTCCTAGTGA"	""	"ERX6700419"	"ERP132580"	"testis"	"Pachytene_Spermatocytes"	NA	NA	NA	"CL:0000017"	"spermatocyte"	"missing child term"	"SN194"	NA	4
"ACTGATGAGGCGTACA"	""	"ERX6700419"	"ERP132580"	"testis"	"Early_Round_spermatids"	NA	NA	NA	"CL:4030036"	"early spermatid"	"perfect match"	"SN194"	NA	8
"ACTGATGAGTACACCT"	""	"ERX6700419"	"ERP132580"	"testis"	"Leptotene_Spermatocytes"	NA	NA	NA	"CL:0000017"	"spermatocyte"	"missing child term"	"SN194"	NA	11
"ACTGATGCACATTAGC"	""	"ERX6700419"	"ERP132580"	"testis"	"Undifferentiated_Spermatogonia"	NA	NA	NA	"CL:0000016"	"male germ line stem cell"	"other"	"SN194"	NA	9
"ACTGATGCAGACTCGC"	""	"ERX6700419"	"ERP132580"	"testis"	"Other_somatic"	NA	NA	NA	"CL:0002371"	"somatic cell"	"perfect match"	"SN194"	NA	1
"ACTGATGTCCAATGGT"	""	"ERX6700419"	"ERP132580"	"testis"	"Zygotene_Spermatocytes"	NA	NA	NA	"CL:0000017"	"spermatocyte"	"missing child term"	"SN194"	NA	5
"ACTGCTCAGATCGATA"	""	"ERX6700419"	"ERP132580"	"testis"	"Other_somatic"	NA	NA	NA	"CL:0002371"	"somatic cell"	"perfect match"	"SN194"	NA	1
"ACTGCTCCACTTCGAA"	""	"ERX6700419"	"ERP132580"	"testis"	"Undifferentiated_Spermatogonia"	NA	NA	NA	"CL:0000016"	"male germ line stem cell"	"other"	"SN194"	NA	9
"ACTGCTCCATAAGACA"	""	"ERX6700419"	"ERP132580"	"testis"	"Late_Round_spermatids"	NA	NA	NA	"CL:4030036"	"early spermatid"	"other"	"SN194"	NA	6
"ACTGCTCGTCCGAATT"	""	"ERX6700419"	"ERP132580"	"testis"	"Sertoli"	NA	NA	NA	"CL:0000216"	"Sertoli cell"	"perfect match"	"SN194"	NA	3
"ACTGCTCTCATTCACT"	""	"ERX6700419"	"ERP132580"	"testis"	"Elongated_spermatids"	NA	NA	NA	"CL:4030037"	"late spermatid"	"perfect match"	"SN194"	NA	2
"ACTGTCCCACTTACGA"	""	"ERX6700419"	"ERP132580"	"testis"	"Early_Round_spermatids"	NA	NA	NA	"CL:4030036"	"early spermatid"	"perfect match"	"SN194"	NA	8
"ACTGTCCCATGTAAGA"	""	"ERX6700419"	"ERP132580"	"testis"	"Sertoli"	NA	NA	NA	"CL:0000216"	"Sertoli cell"	"perfect match"	"SN194"	NA	3
"ACTGTCCGTACAGTGG"	""	"ERX6700419"	"ERP132580"	"testis"	"Sertoli"	NA	NA	NA	"CL:0000216"	"Sertoli cell"	"perfect match"	"SN194"	NA	3
"ACTGTCCGTATAGGGC"	""	"ERX6700419"	"ERP132580"	"testis"	"Elongated_spermatids"	NA	NA	NA	"CL:4030037"	"late spermatid"	"perfect match"	"SN194"	NA	2
"ACTGTCCGTCACTTCC"	""	"ERX6700419"	"ERP132580"	"testis"	"Differentiated_Spermatogonia"	NA	NA	NA	"CL:0000020"	"spermatogonium"	"perfect match"	"SN194"	NA	7
"ACTGTCCTCTACTATC"	""	"ERX6700419"	"ERP132580"	"testis"	"Pachytene_Spermatocytes"	NA	NA	NA	"CL:0000017"	"spermatocyte"	"missing child term"	"SN194"	NA	4
"ACTTACTAGAATGTTG"	""	"ERX6700419"	"ERP132580"	"testis"	"Late_Round_spermatids"	NA	NA	NA	"CL:4030036"	"early spermatid"	"other"	"SN194"	NA	6
"ACTTACTAGACAGAGA"	""	"ERX6700419"	"ERP132580"	"testis"	"Sertoli"	NA	NA	NA	"CL:0000216"	"Sertoli cell"	"perfect match"	"SN194"	NA	3
"ACTTACTAGACGACGT"	""	"ERX6700419"	"ERP132580"	"testis"	"Early_Round_spermatids"	NA	NA	NA	"CL:4030036"	"early spermatid"	"perfect match"	"SN194"	NA	8
"ACTTACTAGCGTCAAG"	""	"ERX6700419"	"ERP132580"	"testis"	"Undifferentiated_Spermatogonia"	NA	NA	NA	"CL:0000016"	"male germ line stem cell"	"other"	"SN194"	NA	9
"ACTTACTAGTGCCAGA"	""	"ERX6700419"	"ERP132580"	"testis"	"Early_Round_spermatids"	NA	NA	NA	"CL:4030036"	"early spermatid"	"perfect match"	"SN194"	NA	8
"ACTTACTCAAACCTAC"	""	"ERX6700419"	"ERP132580"	"testis"	"Other_somatic"	NA	NA	NA	"CL:0002371"	"somatic cell"	"perfect match"	"SN194"	NA	1
"ACTTACTCAGGGTACA"	""	"ERX6700419"	"ERP132580"	"testis"	"Early_Round_spermatids"	NA	NA	NA	"CL:4030036"	"early spermatid"	"perfect match"	"SN194"	NA	8
"ACTTACTGTCGCGGTT"	""	"ERX6700419"	"ERP132580"	"testis"	"Sertoli"	NA	NA	NA	"CL:0000216"	"Sertoli cell"	"perfect match"	"SN194"	NA	3
"ACTTACTGTGCTTCTC"	""	"ERX6700419"	"ERP132580"	"testis"	"Pachytene_Spermatocytes"	NA	NA	NA	"CL:0000017"	"spermatocyte"	"missing child term"	"SN194"	NA	4
"ACTTACTGTTAAGTAG"	""	"ERX6700419"	"ERP132580"	"testis"	"Other_somatic"	NA	NA	NA	"CL:0002371"	"somatic cell"	"perfect match"	"SN194"	NA	1
"ACTTGTTAGGGTTCCC"	""	"ERX6700419"	"ERP132580"	"testis"	"Late_Round_spermatids"	NA	NA	NA	"CL:4030036"	"early spermatid"	"other"	"SN194"	NA	6
"ACTTGTTAGGTGACCA"	""	"ERX6700419"	"ERP132580"	"testis"	"Pachytene_Spermatocytes"	NA	NA	NA	"CL:0000017"	"spermatocyte"	"missing child term"	"SN194"	NA	4
"ACTTGTTGTACCAGTT"	""	"ERX6700419"	"ERP132580"	"testis"	"Leptotene_Spermatocytes"	NA	NA	NA	"CL:0000017"	"spermatocyte"	"missing child term"	"SN194"	NA	11
"ACTTGTTGTAGATTAG"	""	"ERX6700419"	"ERP132580"	"testis"	"Pachytene_Spermatocytes"	NA	NA	NA	"CL:0000017"	"spermatocyte"	"missing child term"	"SN194"	NA	4
"ACTTGTTTCGGATGGA"	""	"ERX6700419"	"ERP132580"	"testis"	"Sertoli"	NA	NA	NA	"CL:0000216"	"Sertoli cell"	"perfect match"	"SN194"	NA	3
"ACTTTCAAGAGCAATT"	""	"ERX6700419"	"ERP132580"	"testis"	"Sertoli"	NA	NA	NA	"CL:0000216"	"Sertoli cell"	"perfect match"	"SN194"	NA	3
"ACTTTCAAGCAACGGT"	""	"ERX6700419"	"ERP132580"	"testis"	"Sertoli"	NA	NA	NA	"CL:0000216"	"Sertoli cell"	"perfect match"	"SN194"	NA	3
"ACTTTCAAGCTAACTC"	""	"ERX6700419"	"ERP132580"	"testis"	"Late_Round_spermatids"	NA	NA	NA	"CL:4030036"	"early spermatid"	"other"	"SN194"	NA	6
"ACTTTCAAGGACTGGT"	""	"ERX6700419"	"ERP132580"	"testis"	"Other_somatic"	NA	NA	NA	"CL:0002371"	"somatic cell"	"perfect match"	"SN194"	NA	1
"ACTTTCAAGGATGGAA"	""	"ERX6700419"	"ERP132580"	"testis"	"Pachytene_Spermatocytes"	NA	NA	NA	"CL:0000017"	"spermatocyte"	"missing child term"	"SN194"	NA	4
"ACTTTCAAGGGATCTG"	""	"ERX6700419"	"ERP132580"	"testis"	"Other_somatic"	NA	NA	NA	"CL:0002371"	"somatic cell"	"perfect match"	"SN194"	NA	1
"ACTTTCACAAACCCAT"	""	"ERX6700419"	"ERP132580"	"testis"	"Other_somatic"	NA	NA	NA	"CL:0002371"	"somatic cell"	"perfect match"	"SN194"	NA	1
"ACTTTCACACAAGCCC"	""	"ERX6700419"	"ERP132580"	"testis"	"Late_Round_spermatids"	NA	NA	NA	"CL:4030036"	"early spermatid"	"other"	"SN194"	NA	6
"ACTTTCACAGCCTGTG"	""	"ERX6700419"	"ERP132580"	"testis"	"Differentiated_Spermatogonia"	NA	NA	NA	"CL:0000020"	"spermatogonium"	"perfect match"	"SN194"	NA	7
"ACTTTCAGTAGCTAAA"	""	"ERX6700419"	"ERP132580"	"testis"	"Early_Round_spermatids"	NA	NA	NA	"CL:4030036"	"early spermatid"	"perfect match"	"SN194"	NA	8
"ACTTTCAGTAGTACCT"	""	"ERX6700419"	"ERP132580"	"testis"	"Sertoli"	NA	NA	NA	"CL:0000216"	"Sertoli cell"	"perfect match"	"SN194"	NA	3
"ACTTTCAGTTGCGTTA"	""	"ERX6700419"	"ERP132580"	"testis"	"Early_Round_spermatids"	NA	NA	NA	"CL:4030036"	"early spermatid"	"perfect match"	"SN194"	NA	8
"ACTTTCATCAATCTCT"	""	"ERX6700419"	"ERP132580"	"testis"	"Sertoli"	NA	NA	NA	"CL:0000216"	"Sertoli cell"	"perfect match"	"SN194"	NA	3
"AGAATAGAGCATCATC"	""	"ERX6700419"	"ERP132580"	"testis"	"Sertoli"	NA	NA	NA	"CL:0000216"	"Sertoli cell"	"perfect match"	"SN194"	NA	3
"AGAATAGAGTTACCCA"	""	"ERX6700419"	"ERP132580"	"testis"	"Zygotene_Spermatocytes"	NA	NA	NA	"CL:0000017"	"spermatocyte"	"missing child term"	"SN194"	NA	5
"AGAATAGCAACTGCGC"	""	"ERX6700419"	"ERP132580"	"testis"	"Zygotene_Spermatocytes"	NA	NA	NA	"CL:0000017"	"spermatocyte"	"missing child term"	"SN194"	NA	5
"AGAATAGCAGTATAAG"	""	"ERX6700419"	"ERP132580"	"testis"	"Early_Round_spermatids"	NA	NA	NA	"CL:4030036"	"early spermatid"	"perfect match"	"SN194"	NA	8
"AGAATAGGTCTAGAGG"	""	"ERX6700419"	"ERP132580"	"testis"	"Other_somatic"	NA	NA	NA	"CL:0002371"	"somatic cell"	"perfect match"	"SN194"	NA	1
"AGAATAGGTGAGTGAC"	""	"ERX6700419"	"ERP132580"	"testis"	"Late_Round_spermatids"	NA	NA	NA	"CL:4030036"	"early spermatid"	"other"	"SN194"	NA	6
"AGAATAGTCAAACAAG"	""	"ERX6700419"	"ERP132580"	"testis"	"Leptotene_Spermatocytes"	NA	NA	NA	"CL:0000017"	"spermatocyte"	"missing child term"	"SN194"	NA	11
"AGAATAGTCGAACTGT"	""	"ERX6700419"	"ERP132580"	"testis"	"Sertoli"	NA	NA	NA	"CL:0000216"	"Sertoli cell"	"perfect match"	"SN194"	NA	3
"AGAATAGTCTAACTGG"	""	"ERX6700419"	"ERP132580"	"testis"	"Sertoli"	NA	NA	NA	"CL:0000216"	"Sertoli cell"	"perfect match"	"SN194"	NA	3
"AGACGTTAGCAGCGTA"	""	"ERX6700419"	"ERP132580"	"testis"	"Sertoli"	NA	NA	NA	"CL:0000216"	"Sertoli cell"	"perfect match"	"SN194"	NA	3
"AGACGTTAGCGCCTCA"	""	"ERX6700419"	"ERP132580"	"testis"	"Pachytene_Spermatocytes"	NA	NA	NA	"CL:0000017"	"spermatocyte"	"missing child term"	"SN194"	NA	4
"AGACGTTAGGAATCGC"	""	"ERX6700419"	"ERP132580"	"testis"	"Early_Round_spermatids"	NA	NA	NA	"CL:4030036"	"early spermatid"	"perfect match"	"SN194"	NA	8
"AGACGTTAGTTCGCGC"	""	"ERX6700419"	"ERP132580"	"testis"	"Late_Round_spermatids"	NA	NA	NA	"CL:4030036"	"early spermatid"	"other"	"SN194"	NA	6
"AGACGTTCAAAGGAAG"	""	"ERX6700419"	"ERP132580"	"testis"	"Zygotene_Spermatocytes"	NA	NA	NA	"CL:0000017"	"spermatocyte"	"missing child term"	"SN194"	NA	5
"AGACGTTCAGTACACT"	""	"ERX6700419"	"ERP132580"	"testis"	"Early_Round_spermatids"	NA	NA	NA	"CL:4030036"	"early spermatid"	"perfect match"	"SN194"	NA	8
"AGACGTTGTCCGCTGA"	""	"ERX6700419"	"ERP132580"	"testis"	"Pachytene_Spermatocytes"	NA	NA	NA	"CL:0000017"	"spermatocyte"	"missing child term"	"SN194"	NA	4
"AGACGTTGTCGCGTGT"	""	"ERX6700419"	"ERP132580"	"testis"	"Leptotene_Spermatocytes"	NA	NA	NA	"CL:0000017"	"spermatocyte"	"missing child term"	"SN194"	NA	11
"AGACGTTGTTCCAACA"	""	"ERX6700419"	"ERP132580"	"testis"	"Differentiated_Spermatogonia"	NA	NA	NA	"CL:0000020"	"spermatogonium"	"perfect match"	"SN194"	NA	7
"AGAGCGAAGGTTCCTA"	""	"ERX6700419"	"ERP132580"	"testis"	"Sertoli"	NA	NA	NA	"CL:0000216"	"Sertoli cell"	"perfect match"	"SN194"	NA	3
"AGAGCGAAGTGGAGAA"	""	"ERX6700419"	"ERP132580"	"testis"	"Leptotene_Spermatocytes"	NA	NA	NA	"CL:0000017"	"spermatocyte"	"missing child term"	"SN194"	NA	11
"AGAGCGACAATAGCAA"	""	"ERX6700419"	"ERP132580"	"testis"	"Undifferentiated_Spermatogonia"	NA	NA	NA	"CL:0000016"	"male germ line stem cell"	"other"	"SN194"	NA	9
"AGAGCGACACAGGAGT"	""	"ERX6700419"	"ERP132580"	"testis"	"Elongated_spermatids"	NA	NA	NA	"CL:4030037"	"late spermatid"	"perfect match"	"SN194"	NA	2
"AGAGCGAGTACTTGAC"	""	"ERX6700419"	"ERP132580"	"testis"	"Early_Round_spermatids"	NA	NA	NA	"CL:4030036"	"early spermatid"	"perfect match"	"SN194"	NA	8
"AGAGCGAGTCGAGTTT"	""	"ERX6700419"	"ERP132580"	"testis"	"Zygotene_Spermatocytes"	NA	NA	NA	"CL:0000017"	"spermatocyte"	"missing child term"	"SN194"	NA	5
"AGAGCGAGTCTAGTCA"	""	"ERX6700419"	"ERP132580"	"testis"	"Other_somatic"	NA	NA	NA	"CL:0002371"	"somatic cell"	"perfect match"	"SN194"	NA	1
"AGAGCGATCAGCTGGC"	""	"ERX6700419"	"ERP132580"	"testis"	"Sertoli"	NA	NA	NA	"CL:0000216"	"Sertoli cell"	"perfect match"	"SN194"	NA	3
"AGAGCTTCAAGCGAGT"	""	"ERX6700419"	"ERP132580"	"testis"	"Late_Round_spermatids"	NA	NA	NA	"CL:4030036"	"early spermatid"	"other"	"SN194"	NA	6
"AGAGCTTGTTACCAGT"	""	"ERX6700419"	"ERP132580"	"testis"	"Differentiated_Spermatogonia"	NA	NA	NA	"CL:0000020"	"spermatogonium"	"perfect match"	"SN194"	NA	7
"AGAGCTTTCAGCTCGG"	""	"ERX6700419"	"ERP132580"	"testis"	"Sertoli"	NA	NA	NA	"CL:0000216"	"Sertoli cell"	"perfect match"	"SN194"	NA	3
"AGAGTGGAGAGTGACC"	""	"ERX6700419"	"ERP132580"	"testis"	"Leptotene_Spermatocytes"	NA	NA	NA	"CL:0000017"	"spermatocyte"	"missing child term"	"SN194"	NA	11
"AGAGTGGAGCCACCTG"	""	"ERX6700419"	"ERP132580"	"testis"	"Leptotene_Spermatocytes"	NA	NA	NA	"CL:0000017"	"spermatocyte"	"missing child term"	"SN194"	NA	11
"AGAGTGGCACAGATTC"	""	"ERX6700419"	"ERP132580"	"testis"	"Sertoli"	NA	NA	NA	"CL:0000216"	"Sertoli cell"	"perfect match"	"SN194"	NA	3
"AGAGTGGCACCGTTGG"	""	"ERX6700419"	"ERP132580"	"testis"	"Elongated_spermatids"	NA	NA	NA	"CL:4030037"	"late spermatid"	"perfect match"	"SN194"	NA	2
"AGAGTGGCAGTTCCCT"	""	"ERX6700419"	"ERP132580"	"testis"	"Pachytene_Spermatocytes"	NA	NA	NA	"CL:0000017"	"spermatocyte"	"missing child term"	"SN194"	NA	4
"AGAGTGGGTTGTGGAG"	""	"ERX6700419"	"ERP132580"	"testis"	"Zygotene_Spermatocytes"	NA	NA	NA	"CL:0000017"	"spermatocyte"	"missing child term"	"SN194"	NA	5
"AGAGTGGTCATCTGCC"	""	"ERX6700419"	"ERP132580"	"testis"	"Other_somatic"	NA	NA	NA	"CL:0002371"	"somatic cell"	"perfect match"	"SN194"	NA	1
"AGAGTGGTCTGCTGTC"	""	"ERX6700419"	"ERP132580"	"testis"	"Sertoli"	NA	NA	NA	"CL:0000216"	"Sertoli cell"	"perfect match"	"SN194"	NA	3
"AGATCTGAGCTAGTGG"	""	"ERX6700419"	"ERP132580"	"testis"	"Pachytene_Spermatocytes"	NA	NA	NA	"CL:0000017"	"spermatocyte"	"missing child term"	"SN194"	NA	4
"AGATCTGAGGAATTAC"	""	"ERX6700419"	"ERP132580"	"testis"	"Other_somatic"	NA	NA	NA	"CL:0002371"	"somatic cell"	"perfect match"	"SN194"	NA	1
"AGATCTGCAACTGCGC"	""	"ERX6700419"	"ERP132580"	"testis"	"Differentiated_Spermatogonia"	NA	NA	NA	"CL:0000020"	"spermatogonium"	"perfect match"	"SN194"	NA	7
"AGATCTGCATTCTCAT"	""	"ERX6700419"	"ERP132580"	"testis"	""	NA	NA	NA	"CL:0000000"	"cell"	"other"	"SN194"	NA	10
"AGATCTGCATTTGCTT"	""	"ERX6700419"	"ERP132580"	"testis"	"Late_Round_spermatids"	NA	NA	NA	"CL:4030036"	"early spermatid"	"other"	"SN194"	NA	6
"AGATCTGGTACCGTAT"	""	"ERX6700419"	"ERP132580"	"testis"	"Early_Round_spermatids"	NA	NA	NA	"CL:4030036"	"early spermatid"	"perfect match"	"SN194"	NA	8
"AGATTGCCACTGAAGG"	""	"ERX6700419"	"ERP132580"	"testis"	"Undifferentiated_Spermatogonia"	NA	NA	NA	"CL:0000016"	"male germ line stem cell"	"other"	"SN194"	NA	9
"AGATTGCCATTTGCTT"	""	"ERX6700419"	"ERP132580"	"testis"	"Early_Round_spermatids"	NA	NA	NA	"CL:4030036"	"early spermatid"	"perfect match"	"SN194"	NA	8
"AGATTGCGTGCTCTTC"	""	"ERX6700419"	"ERP132580"	"testis"	"Sertoli"	NA	NA	NA	"CL:0000216"	"Sertoli cell"	"perfect match"	"SN194"	NA	3
"AGATTGCGTTCGCGAC"	""	"ERX6700419"	"ERP132580"	"testis"	"Late_Round_spermatids"	NA	NA	NA	"CL:4030036"	"early spermatid"	"other"	"SN194"	NA	6
"AGATTGCGTTGCGTTA"	""	"ERX6700419"	"ERP132580"	"testis"	"Other_somatic"	NA	NA	NA	"CL:0002371"	"somatic cell"	"perfect match"	"SN194"	NA	1
"AGATTGCTCCAGAAGG"	""	"ERX6700419"	"ERP132580"	"testis"	"Undifferentiated_Spermatogonia"	NA	NA	NA	"CL:0000016"	"male germ line stem cell"	"other"	"SN194"	NA	9
"AGATTGCTCGAGAACG"	""	"ERX6700419"	"ERP132580"	"testis"	"Undifferentiated_Spermatogonia"	NA	NA	NA	"CL:0000016"	"male germ line stem cell"	"other"	"SN194"	NA	9
"AGATTGCTCGTCCGTT"	""	"ERX6700419"	"ERP132580"	"testis"	"Undifferentiated_Spermatogonia"	NA	NA	NA	"CL:0000016"	"male germ line stem cell"	"other"	"SN194"	NA	9
"AGATTGCTCGTCGTTC"	""	"ERX6700419"	"ERP132580"	"testis"	"Sertoli"	NA	NA	NA	"CL:0000216"	"Sertoli cell"	"perfect match"	"SN194"	NA	3
"AGCAGCCAGCTTCGCG"	""	"ERX6700419"	"ERP132580"	"testis"	"Late_Round_spermatids"	NA	NA	NA	"CL:4030036"	"early spermatid"	"other"	"SN194"	NA	6
"AGCAGCCGTTGCCTCT"	""	"ERX6700419"	"ERP132580"	"testis"	"Other_somatic"	NA	NA	NA	"CL:0002371"	"somatic cell"	"perfect match"	"SN194"	NA	1
"AGCATACAGAAACCAT"	""	"ERX6700419"	"ERP132580"	"testis"	"Pachytene_Spermatocytes"	NA	NA	NA	"CL:0000017"	"spermatocyte"	"missing child term"	"SN194"	NA	4
"AGCATACAGAGTCGGT"	""	"ERX6700419"	"ERP132580"	"testis"	"Late_Round_spermatids"	NA	NA	NA	"CL:4030036"	"early spermatid"	"other"	"SN194"	NA	6
"AGCATACAGGTAAACT"	""	"ERX6700419"	"ERP132580"	"testis"	"Zygotene_Spermatocytes"	NA	NA	NA	"CL:0000017"	"spermatocyte"	"missing child term"	"SN194"	NA	5
"AGCATACAGTTACGGG"	""	"ERX6700419"	"ERP132580"	"testis"	"Elongated_spermatids"	NA	NA	NA	"CL:4030037"	"late spermatid"	"perfect match"	"SN194"	NA	2
"AGCATACCAGACTCGC"	""	"ERX6700419"	"ERP132580"	"testis"	"Zygotene_Spermatocytes"	NA	NA	NA	"CL:0000017"	"spermatocyte"	"missing child term"	"SN194"	NA	5
"AGCATACGTAGCTGCC"	""	"ERX6700419"	"ERP132580"	"testis"	"Pachytene_Spermatocytes"	NA	NA	NA	"CL:0000017"	"spermatocyte"	"missing child term"	"SN194"	NA	4
"AGCATACGTATATCCG"	""	"ERX6700419"	"ERP132580"	"testis"	"Late_Round_spermatids"	NA	NA	NA	"CL:4030036"	"early spermatid"	"other"	"SN194"	NA	6
"AGCATACGTTTGTGTG"	""	"ERX6700419"	"ERP132580"	"testis"	"Leptotene_Spermatocytes"	NA	NA	NA	"CL:0000017"	"spermatocyte"	"missing child term"	"SN194"	NA	11
"AGCATACTCCTGTACC"	""	"ERX6700419"	"ERP132580"	"testis"	"Other_somatic"	NA	NA	NA	"CL:0002371"	"somatic cell"	"perfect match"	"SN194"	NA	1
"AGCATACTCTTGCCGT"	""	"ERX6700419"	"ERP132580"	"testis"	"Late_Round_spermatids"	NA	NA	NA	"CL:4030036"	"early spermatid"	"other"	"SN194"	NA	6
"AGCCTAACAACGATGG"	""	"ERX6700419"	"ERP132580"	"testis"	"Differentiated_Spermatogonia"	NA	NA	NA	"CL:0000020"	"spermatogonium"	"perfect match"	"SN194"	NA	7
"AGCCTAATCAATCACG"	""	"ERX6700419"	"ERP132580"	"testis"	"Sertoli"	NA	NA	NA	"CL:0000216"	"Sertoli cell"	"perfect match"	"SN194"	NA	3
"AGCCTAATCATGCATG"	""	"ERX6700419"	"ERP132580"	"testis"	"Other_somatic"	NA	NA	NA	"CL:0002371"	"somatic cell"	"perfect match"	"SN194"	NA	1
"AGCCTAATCTCAACTT"	""	"ERX6700419"	"ERP132580"	"testis"	"Elongated_spermatids"	NA	NA	NA	"CL:4030037"	"late spermatid"	"perfect match"	"SN194"	NA	2
"AGCGGTCAGATATACG"	""	"ERX6700419"	"ERP132580"	"testis"	"Sertoli"	NA	NA	NA	"CL:0000216"	"Sertoli cell"	"perfect match"	"SN194"	NA	3
"AGCGGTCAGCTGCAAG"	""	"ERX6700419"	"ERP132580"	"testis"	"Other_somatic"	NA	NA	NA	"CL:0002371"	"somatic cell"	"perfect match"	"SN194"	NA	1
"AGCGGTCCAAGGCTCC"	""	"ERX6700419"	"ERP132580"	"testis"	"Sertoli"	NA	NA	NA	"CL:0000216"	"Sertoli cell"	"perfect match"	"SN194"	NA	3
"AGCGGTCGTCGGCATC"	""	"ERX6700419"	"ERP132580"	"testis"	"Late_Round_spermatids"	NA	NA	NA	"CL:4030036"	"early spermatid"	"other"	"SN194"	NA	6
"AGCGGTCGTTGGAGGT"	""	"ERX6700419"	"ERP132580"	"testis"	"Sertoli"	NA	NA	NA	"CL:0000216"	"Sertoli cell"	"perfect match"	"SN194"	NA	3
"AGCGGTCTCCCTAACC"	""	"ERX6700419"	"ERP132580"	"testis"	"Sertoli"	NA	NA	NA	"CL:0000216"	"Sertoli cell"	"perfect match"	"SN194"	NA	3
"AGCGTATAGAGTAAGG"	""	"ERX6700419"	"ERP132580"	"testis"	"Leptotene_Spermatocytes"	NA	NA	NA	"CL:0000017"	"spermatocyte"	"missing child term"	"SN194"	NA	11
"AGCGTATAGGGTTCCC"	""	"ERX6700419"	"ERP132580"	"testis"	"Sertoli"	NA	NA	NA	"CL:0000216"	"Sertoli cell"	"perfect match"	"SN194"	NA	3
"AGCGTATGTACTTAGC"	""	"ERX6700419"	"ERP132580"	"testis"	"Other_somatic"	NA	NA	NA	"CL:0002371"	"somatic cell"	"perfect match"	"SN194"	NA	1
"AGCGTATGTCGCATCG"	""	"ERX6700419"	"ERP132580"	"testis"	"Late_Round_spermatids"	NA	NA	NA	"CL:4030036"	"early spermatid"	"other"	"SN194"	NA	6
"AGCGTATGTTATCGGT"	""	"ERX6700419"	"ERP132580"	"testis"	"Sertoli"	NA	NA	NA	"CL:0000216"	"Sertoli cell"	"perfect match"	"SN194"	NA	3
"AGCGTATTCCACGAAT"	""	"ERX6700419"	"ERP132580"	"testis"	"Undifferentiated_Spermatogonia"	NA	NA	NA	"CL:0000016"	"male germ line stem cell"	"other"	"SN194"	NA	9
"AGCGTATTCGTCTGCT"	""	"ERX6700419"	"ERP132580"	"testis"	"Differentiated_Spermatogonia"	NA	NA	NA	"CL:0000020"	"spermatogonium"	"perfect match"	"SN194"	NA	7
"AGCGTCGAGCTCAACT"	""	"ERX6700419"	"ERP132580"	"testis"	"Elongated_spermatids"	NA	NA	NA	"CL:4030037"	"late spermatid"	"perfect match"	"SN194"	NA	2
"AGCGTCGAGGAATTAC"	""	"ERX6700419"	"ERP132580"	"testis"	"Leptotene_Spermatocytes"	NA	NA	NA	"CL:0000017"	"spermatocyte"	"missing child term"	"SN194"	NA	11
"AGCGTCGAGTCCAGGA"	""	"ERX6700419"	"ERP132580"	"testis"	"Undifferentiated_Spermatogonia"	NA	NA	NA	"CL:0000016"	"male germ line stem cell"	"other"	"SN194"	NA	9
"AGCGTCGCAGCCTGTG"	""	"ERX6700419"	"ERP132580"	"testis"	"Sertoli"	NA	NA	NA	"CL:0000216"	"Sertoli cell"	"perfect match"	"SN194"	NA	3
"AGCGTCGCATTGAGCT"	""	"ERX6700419"	"ERP132580"	"testis"	"Zygotene_Spermatocytes"	NA	NA	NA	"CL:0000017"	"spermatocyte"	"missing child term"	"SN194"	NA	5
"AGCGTCGGTCACCTAA"	""	"ERX6700419"	"ERP132580"	"testis"	"Differentiated_Spermatogonia"	NA	NA	NA	"CL:0000020"	"spermatogonium"	"perfect match"	"SN194"	NA	7
"AGCGTCGGTCTCCATC"	""	"ERX6700419"	"ERP132580"	"testis"	"Zygotene_Spermatocytes"	NA	NA	NA	"CL:0000017"	"spermatocyte"	"missing child term"	"SN194"	NA	5
"AGCGTCGTCATCGATG"	""	"ERX6700419"	"ERP132580"	"testis"	"Sertoli"	NA	NA	NA	"CL:0000216"	"Sertoli cell"	"perfect match"	"SN194"	NA	3
"AGCTCCTAGCTGGAAC"	""	"ERX6700419"	"ERP132580"	"testis"	"Early_Round_spermatids"	NA	NA	NA	"CL:4030036"	"early spermatid"	"perfect match"	"SN194"	NA	8
"AGCTCCTCAAAGGTGC"	""	"ERX6700419"	"ERP132580"	"testis"	"Leptotene_Spermatocytes"	NA	NA	NA	"CL:0000017"	"spermatocyte"	"missing child term"	"SN194"	NA	11
"AGCTCCTCAAAGTGCG"	""	"ERX6700419"	"ERP132580"	"testis"	"Sertoli"	NA	NA	NA	"CL:0000216"	"Sertoli cell"	"perfect match"	"SN194"	NA	3
"AGCTCCTCATTCCTGC"	""	"ERX6700419"	"ERP132580"	"testis"	"Other_somatic"	NA	NA	NA	"CL:0002371"	"somatic cell"	"perfect match"	"SN194"	NA	1
"AGCTCCTGTACCGCTG"	""	"ERX6700419"	"ERP132580"	"testis"	"Other_somatic"	NA	NA	NA	"CL:0002371"	"somatic cell"	"perfect match"	"SN194"	NA	1
"AGCTCCTGTAGCGATG"	""	"ERX6700419"	"ERP132580"	"testis"	"Pachytene_Spermatocytes"	NA	NA	NA	"CL:0000017"	"spermatocyte"	"missing child term"	"SN194"	NA	4
"AGCTCCTGTGCACTTA"	""	"ERX6700419"	"ERP132580"	"testis"	"Late_Round_spermatids"	NA	NA	NA	"CL:4030036"	"early spermatid"	"other"	"SN194"	NA	6
"AGCTCCTTCATAGCAC"	""	"ERX6700419"	"ERP132580"	"testis"	"Late_Round_spermatids"	NA	NA	NA	"CL:4030036"	"early spermatid"	"other"	"SN194"	NA	6
"AGCTCTCAGCCTTGAT"	""	"ERX6700419"	"ERP132580"	"testis"	"Other_somatic"	NA	NA	NA	"CL:0002371"	"somatic cell"	"perfect match"	"SN194"	NA	1
"AGCTCTCAGTTGTAGA"	""	"ERX6700419"	"ERP132580"	"testis"	"Late_Round_spermatids"	NA	NA	NA	"CL:4030036"	"early spermatid"	"other"	"SN194"	NA	6
"AGCTCTCCAAAGTGCG"	""	"ERX6700419"	"ERP132580"	"testis"	"Elongated_spermatids"	NA	NA	NA	"CL:4030037"	"late spermatid"	"perfect match"	"SN194"	NA	2
"AGCTCTCGTAGATTAG"	""	"ERX6700419"	"ERP132580"	"testis"	"Early_Round_spermatids"	NA	NA	NA	"CL:4030036"	"early spermatid"	"perfect match"	"SN194"	NA	8
"AGCTCTCGTCGACTGC"	""	"ERX6700419"	"ERP132580"	"testis"	"Undifferentiated_Spermatogonia"	NA	NA	NA	"CL:0000016"	"male germ line stem cell"	"other"	"SN194"	NA	9
"AGCTCTCGTCGCGTGT"	""	"ERX6700419"	"ERP132580"	"testis"	"Leptotene_Spermatocytes"	NA	NA	NA	"CL:0000017"	"spermatocyte"	"missing child term"	"SN194"	NA	11
"AGCTCTCGTGTGGTTT"	""	"ERX6700419"	"ERP132580"	"testis"	"Undifferentiated_Spermatogonia"	NA	NA	NA	"CL:0000016"	"male germ line stem cell"	"other"	"SN194"	NA	9
"AGCTCTCTCAGCCTAA"	""	"ERX6700419"	"ERP132580"	"testis"	"Other_somatic"	NA	NA	NA	"CL:0002371"	"somatic cell"	"perfect match"	"SN194"	NA	1
"AGCTCTCTCATCACCC"	""	"ERX6700419"	"ERP132580"	"testis"	"Other_somatic"	NA	NA	NA	"CL:0002371"	"somatic cell"	"perfect match"	"SN194"	NA	1
"AGCTCTCTCCTGCCAT"	""	"ERX6700419"	"ERP132580"	"testis"	"Other_somatic"	NA	NA	NA	"CL:0002371"	"somatic cell"	"perfect match"	"SN194"	NA	1
"AGCTCTCTCCTGCTTG"	""	"ERX6700419"	"ERP132580"	"testis"	"Late_Round_spermatids"	NA	NA	NA	"CL:4030036"	"early spermatid"	"other"	"SN194"	NA	6
"AGCTTGAAGACTCGGA"	""	"ERX6700419"	"ERP132580"	"testis"	"Early_Round_spermatids"	NA	NA	NA	"CL:4030036"	"early spermatid"	"perfect match"	"SN194"	NA	8
"AGCTTGAAGCCAGTAG"	""	"ERX6700419"	"ERP132580"	"testis"	"Sertoli"	NA	NA	NA	"CL:0000216"	"Sertoli cell"	"perfect match"	"SN194"	NA	3
"AGCTTGAAGTATTGGA"	""	"ERX6700419"	"ERP132580"	"testis"	"Leptotene_Spermatocytes"	NA	NA	NA	"CL:0000017"	"spermatocyte"	"missing child term"	"SN194"	NA	11
"AGCTTGAAGTGCAAGC"	""	"ERX6700419"	"ERP132580"	"testis"	"Pachytene_Spermatocytes"	NA	NA	NA	"CL:0000017"	"spermatocyte"	"missing child term"	"SN194"	NA	4
"AGCTTGACATATACGC"	""	"ERX6700419"	"ERP132580"	"testis"	"Pachytene_Spermatocytes"	NA	NA	NA	"CL:0000017"	"spermatocyte"	"missing child term"	"SN194"	NA	4
"AGCTTGACATTCTCAT"	""	"ERX6700419"	"ERP132580"	"testis"	"Zygotene_Spermatocytes"	NA	NA	NA	"CL:0000017"	"spermatocyte"	"missing child term"	"SN194"	NA	5
"AGCTTGATCACGATGT"	""	"ERX6700419"	"ERP132580"	"testis"	"Other_somatic"	NA	NA	NA	"CL:0002371"	"somatic cell"	"perfect match"	"SN194"	NA	1
"AGCTTGATCTGGAGCC"	""	"ERX6700419"	"ERP132580"	"testis"	"Undifferentiated_Spermatogonia"	NA	NA	NA	"CL:0000016"	"male germ line stem cell"	"other"	"SN194"	NA	9
"AGGCCACAGCCACGCT"	""	"ERX6700419"	"ERP132580"	"testis"	"Other_somatic"	NA	NA	NA	"CL:0002371"	"somatic cell"	"perfect match"	"SN194"	NA	1
"AGGCCACCAGATCTGT"	""	"ERX6700419"	"ERP132580"	"testis"	"Pachytene_Spermatocytes"	NA	NA	NA	"CL:0000017"	"spermatocyte"	"missing child term"	"SN194"	NA	4
"AGGCCACCAGGTTTCA"	""	"ERX6700419"	"ERP132580"	"testis"	"Zygotene_Spermatocytes"	NA	NA	NA	"CL:0000017"	"spermatocyte"	"missing child term"	"SN194"	NA	5
"AGGCCACGTCATCGGC"	""	"ERX6700419"	"ERP132580"	"testis"	"Elongated_spermatids"	NA	NA	NA	"CL:4030037"	"late spermatid"	"perfect match"	"SN194"	NA	2
"AGGCCACGTCCGACGT"	""	"ERX6700419"	"ERP132580"	"testis"	"Sertoli"	NA	NA	NA	"CL:0000216"	"Sertoli cell"	"perfect match"	"SN194"	NA	3
"AGGCCACGTGCTTCTC"	""	"ERX6700419"	"ERP132580"	"testis"	"Leptotene_Spermatocytes"	NA	NA	NA	"CL:0000017"	"spermatocyte"	"missing child term"	"SN194"	NA	11
"AGGCCACGTGTAACGG"	""	"ERX6700419"	"ERP132580"	"testis"	"Early_Round_spermatids"	NA	NA	NA	"CL:4030036"	"early spermatid"	"perfect match"	"SN194"	NA	8
"AGGCCACGTGTTCTTT"	""	"ERX6700419"	"ERP132580"	"testis"	"Late_Round_spermatids"	NA	NA	NA	"CL:4030036"	"early spermatid"	"other"	"SN194"	NA	6
"AGGCCACGTTCAACCA"	""	"ERX6700419"	"ERP132580"	"testis"	"Late_Round_spermatids"	NA	NA	NA	"CL:4030036"	"early spermatid"	"other"	"SN194"	NA	6
"AGGCCACTCATCGATG"	""	"ERX6700419"	"ERP132580"	"testis"	"Zygotene_Spermatocytes"	NA	NA	NA	"CL:0000017"	"spermatocyte"	"missing child term"	"SN194"	NA	5
"AGGCCGTCAAGCGTAG"	""	"ERX6700419"	"ERP132580"	"testis"	"Early_Round_spermatids"	NA	NA	NA	"CL:4030036"	"early spermatid"	"perfect match"	"SN194"	NA	8
"AGGCCGTCATGGGAAC"	""	"ERX6700419"	"ERP132580"	"testis"	"Other_somatic"	NA	NA	NA	"CL:0002371"	"somatic cell"	"perfect match"	"SN194"	NA	1
"AGGCCGTCATTGGTAC"	""	"ERX6700419"	"ERP132580"	"testis"	"Elongated_spermatids"	NA	NA	NA	"CL:4030037"	"late spermatid"	"perfect match"	"SN194"	NA	2
"AGGCCGTGTGCAGTAG"	""	"ERX6700419"	"ERP132580"	"testis"	"Pachytene_Spermatocytes"	NA	NA	NA	"CL:0000017"	"spermatocyte"	"missing child term"	"SN194"	NA	4
"AGGCCGTGTGCTTCTC"	""	"ERX6700419"	"ERP132580"	"testis"	"Pachytene_Spermatocytes"	NA	NA	NA	"CL:0000017"	"spermatocyte"	"missing child term"	"SN194"	NA	4
"AGGCCGTTCGTCTGCT"	""	"ERX6700419"	"ERP132580"	"testis"	"Other_somatic"	NA	NA	NA	"CL:0002371"	"somatic cell"	"perfect match"	"SN194"	NA	1
"AGGGAGTAGCCTCGTG"	""	"ERX6700419"	"ERP132580"	"testis"	"Sertoli"	NA	NA	NA	"CL:0000216"	"Sertoli cell"	"perfect match"	"SN194"	NA	3
"AGGGAGTAGGAATGGA"	""	"ERX6700419"	"ERP132580"	"testis"	"Sertoli"	NA	NA	NA	"CL:0000216"	"Sertoli cell"	"perfect match"	"SN194"	NA	3
"AGGGAGTAGGATGGTC"	""	"ERX6700419"	"ERP132580"	"testis"	"Sertoli"	NA	NA	NA	"CL:0000216"	"Sertoli cell"	"perfect match"	"SN194"	NA	3
"AGGGAGTAGGGATACC"	""	"ERX6700419"	"ERP132580"	"testis"	"Elongated_spermatids"	NA	NA	NA	"CL:4030037"	"late spermatid"	"perfect match"	"SN194"	NA	2
"AGGGAGTAGTCCCACG"	""	"ERX6700419"	"ERP132580"	"testis"	"Differentiated_Spermatogonia"	NA	NA	NA	"CL:0000020"	"spermatogonium"	"perfect match"	"SN194"	NA	7
"AGGGAGTCAAAGTGCG"	""	"ERX6700419"	"ERP132580"	"testis"	"Undifferentiated_Spermatogonia"	NA	NA	NA	"CL:0000016"	"male germ line stem cell"	"other"	"SN194"	NA	9
"AGGGAGTCACGGTAAG"	""	"ERX6700419"	"ERP132580"	"testis"	"Zygotene_Spermatocytes"	NA	NA	NA	"CL:0000017"	"spermatocyte"	"missing child term"	"SN194"	NA	5
"AGGGAGTCAGACGCCT"	""	"ERX6700419"	"ERP132580"	"testis"	"Other_somatic"	NA	NA	NA	"CL:0002371"	"somatic cell"	"perfect match"	"SN194"	NA	1
"AGGGAGTGTTGTGGAG"	""	"ERX6700419"	"ERP132580"	"testis"	"Other_somatic"	NA	NA	NA	"CL:0002371"	"somatic cell"	"perfect match"	"SN194"	NA	1
"AGGGAGTTCACATACG"	""	"ERX6700419"	"ERP132580"	"testis"	"Late_Round_spermatids"	NA	NA	NA	"CL:4030036"	"early spermatid"	"other"	"SN194"	NA	6
"AGGGATGAGACCCACC"	""	"ERX6700419"	"ERP132580"	"testis"	"Sertoli"	NA	NA	NA	"CL:0000216"	"Sertoli cell"	"perfect match"	"SN194"	NA	3
"AGGGATGAGGATTCGG"	""	"ERX6700419"	"ERP132580"	"testis"	"Pachytene_Spermatocytes"	NA	NA	NA	"CL:0000017"	"spermatocyte"	"missing child term"	"SN194"	NA	4
"AGGGATGCACTTAAGC"	""	"ERX6700419"	"ERP132580"	"testis"	"Elongated_spermatids"	NA	NA	NA	"CL:4030037"	"late spermatid"	"perfect match"	"SN194"	NA	2
"AGGGATGCATCGACGC"	""	"ERX6700419"	"ERP132580"	"testis"	"Pachytene_Spermatocytes"	NA	NA	NA	"CL:0000017"	"spermatocyte"	"missing child term"	"SN194"	NA	4
"AGGGATGGTTCAGTAC"	""	"ERX6700419"	"ERP132580"	"testis"	"Sertoli"	NA	NA	NA	"CL:0000216"	"Sertoli cell"	"perfect match"	"SN194"	NA	3
"AGGGATGTCTGAAAGA"	""	"ERX6700419"	"ERP132580"	"testis"	"Early_Round_spermatids"	NA	NA	NA	"CL:4030036"	"early spermatid"	"perfect match"	"SN194"	NA	8
"AGGGTGAAGAGTGAGA"	""	"ERX6700419"	"ERP132580"	"testis"	"Other_somatic"	NA	NA	NA	"CL:0002371"	"somatic cell"	"perfect match"	"SN194"	NA	1
"AGGGTGAAGGCCCTTG"	""	"ERX6700419"	"ERP132580"	"testis"	"Sertoli"	NA	NA	NA	"CL:0000216"	"Sertoli cell"	"perfect match"	"SN194"	NA	3
"AGGGTGACAGACGCCT"	""	"ERX6700419"	"ERP132580"	"testis"	"Leptotene_Spermatocytes"	NA	NA	NA	"CL:0000017"	"spermatocyte"	"missing child term"	"SN194"	NA	11
"AGGGTGACAGCTGTTA"	""	"ERX6700419"	"ERP132580"	"testis"	"Leptotene_Spermatocytes"	NA	NA	NA	"CL:0000017"	"spermatocyte"	"missing child term"	"SN194"	NA	11
"AGGGTGACAGGACGTA"	""	"ERX6700419"	"ERP132580"	"testis"	"Undifferentiated_Spermatogonia"	NA	NA	NA	"CL:0000016"	"male germ line stem cell"	"other"	"SN194"	NA	9
"AGGGTGATCGCTGATA"	""	"ERX6700419"	"ERP132580"	"testis"	"Undifferentiated_Spermatogonia"	NA	NA	NA	"CL:0000016"	"male germ line stem cell"	"other"	"SN194"	NA	9
"AGGTCATAGTACCGGA"	""	"ERX6700419"	"ERP132580"	"testis"	"Late_Round_spermatids"	NA	NA	NA	"CL:4030036"	"early spermatid"	"other"	"SN194"	NA	6
"AGGTCATCAAGGACAC"	""	"ERX6700419"	"ERP132580"	"testis"	"Other_somatic"	NA	NA	NA	"CL:0002371"	"somatic cell"	"perfect match"	"SN194"	NA	1
"AGGTCATTCGGCGGTT"	""	"ERX6700419"	"ERP132580"	"testis"	"Other_somatic"	NA	NA	NA	"CL:0002371"	"somatic cell"	"perfect match"	"SN194"	NA	1
"AGGTCATTCTACCTGC"	""	"ERX6700419"	"ERP132580"	"testis"	"Pachytene_Spermatocytes"	NA	NA	NA	"CL:0000017"	"spermatocyte"	"missing child term"	"SN194"	NA	4
"AGGTCCGAGCGTCTAT"	""	"ERX6700419"	"ERP132580"	"testis"	"Early_Round_spermatids"	NA	NA	NA	"CL:4030036"	"early spermatid"	"perfect match"	"SN194"	NA	8
"AGGTCCGAGTACGCCC"	""	"ERX6700419"	"ERP132580"	"testis"	"Zygotene_Spermatocytes"	NA	NA	NA	"CL:0000017"	"spermatocyte"	"missing child term"	"SN194"	NA	5
"AGGTCCGAGTTAGCGG"	""	"ERX6700419"	"ERP132580"	"testis"	"Sertoli"	NA	NA	NA	"CL:0000216"	"Sertoli cell"	"perfect match"	"SN194"	NA	3
"AGGTCCGCACCTTGTC"	""	"ERX6700419"	"ERP132580"	"testis"	"Late_Round_spermatids"	NA	NA	NA	"CL:4030036"	"early spermatid"	"other"	"SN194"	NA	6
"AGGTCCGTCCAGAGGA"	""	"ERX6700419"	"ERP132580"	"testis"	"Early_Round_spermatids"	NA	NA	NA	"CL:4030036"	"early spermatid"	"perfect match"	"SN194"	NA	8
"AGGTCCGTCGATAGAA"	""	"ERX6700419"	"ERP132580"	"testis"	"Pachytene_Spermatocytes"	NA	NA	NA	"CL:0000017"	"spermatocyte"	"missing child term"	"SN194"	NA	4
"AGTAGTCAGCAGATCG"	""	"ERX6700419"	"ERP132580"	"testis"	"Sertoli"	NA	NA	NA	"CL:0000216"	"Sertoli cell"	"perfect match"	"SN194"	NA	3
"AGTAGTCAGTCTTGCA"	""	"ERX6700419"	"ERP132580"	"testis"	"Elongated_spermatids"	NA	NA	NA	"CL:4030037"	"late spermatid"	"perfect match"	"SN194"	NA	2
"AGTAGTCCACGGACAA"	""	"ERX6700419"	"ERP132580"	"testis"	"Elongated_spermatids"	NA	NA	NA	"CL:4030037"	"late spermatid"	"perfect match"	"SN194"	NA	2
"AGTAGTCCATGGTAGG"	""	"ERX6700419"	"ERP132580"	"testis"	"Other_somatic"	NA	NA	NA	"CL:0002371"	"somatic cell"	"perfect match"	"SN194"	NA	1
"AGTAGTCCATTCGACA"	""	"ERX6700419"	"ERP132580"	"testis"	"Zygotene_Spermatocytes"	NA	NA	NA	"CL:0000017"	"spermatocyte"	"missing child term"	"SN194"	NA	5
"AGTAGTCGTCAGATAA"	""	"ERX6700419"	"ERP132580"	"testis"	"Late_Round_spermatids"	NA	NA	NA	"CL:4030036"	"early spermatid"	"other"	"SN194"	NA	6
"AGTAGTCGTGCTCTTC"	""	"ERX6700419"	"ERP132580"	"testis"	"Other_somatic"	NA	NA	NA	"CL:0002371"	"somatic cell"	"perfect match"	"SN194"	NA	1
"AGTAGTCGTTTGCATG"	""	"ERX6700419"	"ERP132580"	"testis"	"Early_Round_spermatids"	NA	NA	NA	"CL:4030036"	"early spermatid"	"perfect match"	"SN194"	NA	8
"AGTAGTCTCATACGGT"	""	"ERX6700419"	"ERP132580"	"testis"	"Late_Round_spermatids"	NA	NA	NA	"CL:4030036"	"early spermatid"	"other"	"SN194"	NA	6
"AGTAGTCTCGTGGGAA"	""	"ERX6700419"	"ERP132580"	"testis"	"Elongated_spermatids"	NA	NA	NA	"CL:4030037"	"late spermatid"	"perfect match"	"SN194"	NA	2
"AGTCTTTTCATGCAAC"	""	"ERX6700419"	"ERP132580"	"testis"	""	NA	NA	NA	"CL:0000000"	"cell"	"other"	"SN194"	NA	10
"AGTCTTTTCCTCCTAG"	""	"ERX6700419"	"ERP132580"	"testis"	"Elongated_spermatids"	NA	NA	NA	"CL:4030037"	"late spermatid"	"perfect match"	"SN194"	NA	2
"AGTGAGGAGCACGCCT"	""	"ERX6700419"	"ERP132580"	"testis"	"Pachytene_Spermatocytes"	NA	NA	NA	"CL:0000017"	"spermatocyte"	"missing child term"	"SN194"	NA	4
"AGTGAGGGTCCATCCT"	""	"ERX6700419"	"ERP132580"	"testis"	"Undifferentiated_Spermatogonia"	NA	NA	NA	"CL:0000016"	"male germ line stem cell"	"other"	"SN194"	NA	9
"AGTGAGGTCAAGATCC"	""	"ERX6700419"	"ERP132580"	"testis"	"Other_somatic"	NA	NA	NA	"CL:0002371"	"somatic cell"	"perfect match"	"SN194"	NA	1
"AGTGAGGTCGAATGCT"	""	"ERX6700419"	"ERP132580"	"testis"	"Late_Round_spermatids"	NA	NA	NA	"CL:4030036"	"early spermatid"	"other"	"SN194"	NA	6
"AGTGGGAAGGCTATCT"	""	"ERX6700419"	"ERP132580"	"testis"	"Sertoli"	NA	NA	NA	"CL:0000216"	"Sertoli cell"	"perfect match"	"SN194"	NA	3
"AGTGGGAAGGGAGTAA"	""	"ERX6700419"	"ERP132580"	"testis"	"Pachytene_Spermatocytes"	NA	NA	NA	"CL:0000017"	"spermatocyte"	"missing child term"	"SN194"	NA	4
"AGTGGGAAGGGCACTA"	""	"ERX6700419"	"ERP132580"	"testis"	"Sertoli"	NA	NA	NA	"CL:0000216"	"Sertoli cell"	"perfect match"	"SN194"	NA	3
"AGTGGGACAAGTAATG"	""	"ERX6700419"	"ERP132580"	"testis"	"Sertoli"	NA	NA	NA	"CL:0000216"	"Sertoli cell"	"perfect match"	"SN194"	NA	3
"AGTGGGACACGTCAGC"	""	"ERX6700419"	"ERP132580"	"testis"	"Late_Round_spermatids"	NA	NA	NA	"CL:4030036"	"early spermatid"	"other"	"SN194"	NA	6
"AGTGGGAGTAGAAAGG"	""	"ERX6700419"	"ERP132580"	"testis"	"Other_somatic"	NA	NA	NA	"CL:0002371"	"somatic cell"	"perfect match"	"SN194"	NA	1
"AGTGGGAGTCAACTGT"	""	"ERX6700419"	"ERP132580"	"testis"	"Early_Round_spermatids"	NA	NA	NA	"CL:4030036"	"early spermatid"	"perfect match"	"SN194"	NA	8
"AGTGGGATCGTAGATC"	""	"ERX6700419"	"ERP132580"	"testis"	"Sertoli"	NA	NA	NA	"CL:0000216"	"Sertoli cell"	"perfect match"	"SN194"	NA	3
"AGTGGGATCGTCTGAA"	""	"ERX6700419"	"ERP132580"	"testis"	"Leptotene_Spermatocytes"	NA	NA	NA	"CL:0000017"	"spermatocyte"	"missing child term"	"SN194"	NA	11
"AGTGGGATCTGCCAGG"	""	"ERX6700419"	"ERP132580"	"testis"	"Late_Round_spermatids"	NA	NA	NA	"CL:4030036"	"early spermatid"	"other"	"SN194"	NA	6
"AGTGGGATCTGCGGCA"	""	"ERX6700419"	"ERP132580"	"testis"	"Sertoli"	NA	NA	NA	"CL:0000216"	"Sertoli cell"	"perfect match"	"SN194"	NA	3
"AGTGTCAAGCGCTCCA"	""	"ERX6700419"	"ERP132580"	"testis"	"Other_somatic"	NA	NA	NA	"CL:0002371"	"somatic cell"	"perfect match"	"SN194"	NA	1
"AGTGTCAAGTTGAGTA"	""	"ERX6700419"	"ERP132580"	"testis"	"Other_somatic"	NA	NA	NA	"CL:0002371"	"somatic cell"	"perfect match"	"SN194"	NA	1
"AGTGTCAAGTTTCCTT"	""	"ERX6700419"	"ERP132580"	"testis"	"Leptotene_Spermatocytes"	NA	NA	NA	"CL:0000017"	"spermatocyte"	"missing child term"	"SN194"	NA	11
"AGTGTCATCACCACCT"	""	"ERX6700419"	"ERP132580"	"testis"	"Sertoli"	NA	NA	NA	"CL:0000216"	"Sertoli cell"	"perfect match"	"SN194"	NA	3
"AGTTGGTAGAGCCCAA"	""	"ERX6700419"	"ERP132580"	"testis"	"Undifferentiated_Spermatogonia"	NA	NA	NA	"CL:0000016"	"male germ line stem cell"	"other"	"SN194"	NA	9
"AGTTGGTCAGCTGTGC"	""	"ERX6700419"	"ERP132580"	"testis"	"Late_Round_spermatids"	NA	NA	NA	"CL:4030036"	"early spermatid"	"other"	"SN194"	NA	6
"AGTTGGTCAGTCACTA"	""	"ERX6700419"	"ERP132580"	"testis"	"Early_Round_spermatids"	NA	NA	NA	"CL:4030036"	"early spermatid"	"perfect match"	"SN194"	NA	8
"AGTTGGTCATAAGACA"	""	"ERX6700419"	"ERP132580"	"testis"	"Early_Round_spermatids"	NA	NA	NA	"CL:4030036"	"early spermatid"	"perfect match"	"SN194"	NA	8
"AGTTGGTCATAGGATA"	""	"ERX6700419"	"ERP132580"	"testis"	"Pachytene_Spermatocytes"	NA	NA	NA	"CL:0000017"	"spermatocyte"	"missing child term"	"SN194"	NA	4
"AGTTGGTGTAACGACG"	""	"ERX6700419"	"ERP132580"	"testis"	"Other_somatic"	NA	NA	NA	"CL:0002371"	"somatic cell"	"perfect match"	"SN194"	NA	1
"AGTTGGTGTTCTGGTA"	""	"ERX6700419"	"ERP132580"	"testis"	"Other_somatic"	NA	NA	NA	"CL:0002371"	"somatic cell"	"perfect match"	"SN194"	NA	1
"AGTTGGTTCCCTGACT"	""	"ERX6700419"	"ERP132580"	"testis"	"Zygotene_Spermatocytes"	NA	NA	NA	"CL:0000017"	"spermatocyte"	"missing child term"	"SN194"	NA	5
"ATAACGCAGTGAAGAG"	""	"ERX6700419"	"ERP132580"	"testis"	"Other_somatic"	NA	NA	NA	"CL:0002371"	"somatic cell"	"perfect match"	"SN194"	NA	1
"ATAACGCGTCCAACTA"	""	"ERX6700419"	"ERP132580"	"testis"	"Leptotene_Spermatocytes"	NA	NA	NA	"CL:0000017"	"spermatocyte"	"missing child term"	"SN194"	NA	11
"ATAAGAGAGTACGCGA"	""	"ERX6700419"	"ERP132580"	"testis"	"Sertoli"	NA	NA	NA	"CL:0000216"	"Sertoli cell"	"perfect match"	"SN194"	NA	3
"ATAAGAGAGTAGCGGT"	""	"ERX6700419"	"ERP132580"	"testis"	"Pachytene_Spermatocytes"	NA	NA	NA	"CL:0000017"	"spermatocyte"	"missing child term"	"SN194"	NA	4
"ATAAGAGTCAATCACG"	""	"ERX6700419"	"ERP132580"	"testis"	"Late_Round_spermatids"	NA	NA	NA	"CL:4030036"	"early spermatid"	"other"	"SN194"	NA	6
"ATAAGAGTCGCCATAA"	""	"ERX6700419"	"ERP132580"	"testis"	"Pachytene_Spermatocytes"	NA	NA	NA	"CL:0000017"	"spermatocyte"	"missing child term"	"SN194"	NA	4
"ATAGACCAGGCGCTCT"	""	"ERX6700419"	"ERP132580"	"testis"	"Pachytene_Spermatocytes"	NA	NA	NA	"CL:0000017"	"spermatocyte"	"missing child term"	"SN194"	NA	4
"ATAGACCAGGTAGCCA"	""	"ERX6700419"	"ERP132580"	"testis"	"Other_somatic"	NA	NA	NA	"CL:0002371"	"somatic cell"	"perfect match"	"SN194"	NA	1
"ATAGACCCACAGGCCT"	""	"ERX6700419"	"ERP132580"	"testis"	"Differentiated_Spermatogonia"	NA	NA	NA	"CL:0000020"	"spermatogonium"	"perfect match"	"SN194"	NA	7
"ATAGACCGTAGAAGGA"	""	"ERX6700419"	"ERP132580"	"testis"	"Other_somatic"	NA	NA	NA	"CL:0002371"	"somatic cell"	"perfect match"	"SN194"	NA	1
"ATAGACCGTATATGGA"	""	"ERX6700419"	"ERP132580"	"testis"	"Undifferentiated_Spermatogonia"	NA	NA	NA	"CL:0000016"	"male germ line stem cell"	"other"	"SN194"	NA	9
"ATAGACCGTCACACGC"	""	"ERX6700419"	"ERP132580"	"testis"	"Other_somatic"	NA	NA	NA	"CL:0002371"	"somatic cell"	"perfect match"	"SN194"	NA	1
"ATAGACCGTCTAACGT"	""	"ERX6700419"	"ERP132580"	"testis"	"Sertoli"	NA	NA	NA	"CL:0000216"	"Sertoli cell"	"perfect match"	"SN194"	NA	3
"ATAGACCGTCTACCTC"	""	"ERX6700419"	"ERP132580"	"testis"	"Other_somatic"	NA	NA	NA	"CL:0002371"	"somatic cell"	"perfect match"	"SN194"	NA	1
"ATAGACCGTCTCCATC"	""	"ERX6700419"	"ERP132580"	"testis"	"Differentiated_Spermatogonia"	NA	NA	NA	"CL:0000020"	"spermatogonium"	"perfect match"	"SN194"	NA	7
"ATAGACCGTTACCAGT"	""	"ERX6700419"	"ERP132580"	"testis"	"Sertoli"	NA	NA	NA	"CL:0000216"	"Sertoli cell"	"perfect match"	"SN194"	NA	3
"ATAGACCGTTCCATGA"	""	"ERX6700419"	"ERP132580"	"testis"	"Early_Round_spermatids"	NA	NA	NA	"CL:4030036"	"early spermatid"	"perfect match"	"SN194"	NA	8
"ATAGACCTCGACAGCC"	""	"ERX6700419"	"ERP132580"	"testis"	"Sertoli"	NA	NA	NA	"CL:0000216"	"Sertoli cell"	"perfect match"	"SN194"	NA	3
"ATCACGAAGGAGCGTT"	""	"ERX6700419"	"ERP132580"	"testis"	"Pachytene_Spermatocytes"	NA	NA	NA	"CL:0000017"	"spermatocyte"	"missing child term"	"SN194"	NA	4
"ATCACGAAGTCCAGGA"	""	"ERX6700419"	"ERP132580"	"testis"	"Early_Round_spermatids"	NA	NA	NA	"CL:4030036"	"early spermatid"	"perfect match"	"SN194"	NA	8
"ATCACGACACGCTTTC"	""	"ERX6700419"	"ERP132580"	"testis"	"Pachytene_Spermatocytes"	NA	NA	NA	"CL:0000017"	"spermatocyte"	"missing child term"	"SN194"	NA	4
"ATCACGACAGGAACGT"	""	"ERX6700419"	"ERP132580"	"testis"	"Sertoli"	NA	NA	NA	"CL:0000216"	"Sertoli cell"	"perfect match"	"SN194"	NA	3
"ATCACGACAGGGTATG"	""	"ERX6700419"	"ERP132580"	"testis"	"Early_Round_spermatids"	NA	NA	NA	"CL:4030036"	"early spermatid"	"perfect match"	"SN194"	NA	8
"ATCACGACATCACCCT"	""	"ERX6700419"	"ERP132580"	"testis"	"Early_Round_spermatids"	NA	NA	NA	"CL:4030036"	"early spermatid"	"perfect match"	"SN194"	NA	8
"ATCACGAGTCCGTGAC"	""	"ERX6700419"	"ERP132580"	"testis"	"Other_somatic"	NA	NA	NA	"CL:0002371"	"somatic cell"	"perfect match"	"SN194"	NA	1
"ATCATCTAGATGCGAC"	""	"ERX6700419"	"ERP132580"	"testis"	"Early_Round_spermatids"	NA	NA	NA	"CL:4030036"	"early spermatid"	"perfect match"	"SN194"	NA	8
"ATCATCTAGGTGATTA"	""	"ERX6700419"	"ERP132580"	"testis"	"Early_Round_spermatids"	NA	NA	NA	"CL:4030036"	"early spermatid"	"perfect match"	"SN194"	NA	8
"ATCATCTCAAGGACTG"	""	"ERX6700419"	"ERP132580"	"testis"	"Late_Round_spermatids"	NA	NA	NA	"CL:4030036"	"early spermatid"	"other"	"SN194"	NA	6
"ATCATCTCAATCCGAT"	""	"ERX6700419"	"ERP132580"	"testis"	"Undifferentiated_Spermatogonia"	NA	NA	NA	"CL:0000016"	"male germ line stem cell"	"other"	"SN194"	NA	9
"ATCATCTCATACTACG"	""	"ERX6700419"	"ERP132580"	"testis"	"Sertoli"	NA	NA	NA	"CL:0000216"	"Sertoli cell"	"perfect match"	"SN194"	NA	3
"ATCATCTGTCGGATCC"	""	"ERX6700419"	"ERP132580"	"testis"	"Other_somatic"	NA	NA	NA	"CL:0002371"	"somatic cell"	"perfect match"	"SN194"	NA	1
"ATCATCTGTGCTAGCC"	""	"ERX6700419"	"ERP132580"	"testis"	"Leptotene_Spermatocytes"	NA	NA	NA	"CL:0000017"	"spermatocyte"	"missing child term"	"SN194"	NA	11
"ATCATCTGTTCAGCGC"	""	"ERX6700419"	"ERP132580"	"testis"	"Differentiated_Spermatogonia"	NA	NA	NA	"CL:0000020"	"spermatogonium"	"perfect match"	"SN194"	NA	7
"ATCATCTTCAGCTGGC"	""	"ERX6700419"	"ERP132580"	"testis"	"Leptotene_Spermatocytes"	NA	NA	NA	"CL:0000017"	"spermatocyte"	"missing child term"	"SN194"	NA	11
"ATCATCTTCAGTTCGA"	""	"ERX6700419"	"ERP132580"	"testis"	"Pachytene_Spermatocytes"	NA	NA	NA	"CL:0000017"	"spermatocyte"	"missing child term"	"SN194"	NA	4
"ATCATGGCAGTATGCT"	""	"ERX6700419"	"ERP132580"	"testis"	"Zygotene_Spermatocytes"	NA	NA	NA	"CL:0000017"	"spermatocyte"	"missing child term"	"SN194"	NA	5
"ATCATGGGTACTTGAC"	""	"ERX6700419"	"ERP132580"	"testis"	"Leptotene_Spermatocytes"	NA	NA	NA	"CL:0000017"	"spermatocyte"	"missing child term"	"SN194"	NA	11
"ATCATGGGTGAACCTT"	""	"ERX6700419"	"ERP132580"	"testis"	"Zygotene_Spermatocytes"	NA	NA	NA	"CL:0000017"	"spermatocyte"	"missing child term"	"SN194"	NA	5
"ATCATGGTCATAAAGG"	""	"ERX6700419"	"ERP132580"	"testis"	"Other_somatic"	NA	NA	NA	"CL:0002371"	"somatic cell"	"perfect match"	"SN194"	NA	1
"ATCATGGTCCACGCAG"	""	"ERX6700419"	"ERP132580"	"testis"	"Other_somatic"	NA	NA	NA	"CL:0002371"	"somatic cell"	"perfect match"	"SN194"	NA	1
"ATCCACCAGCAGGCTA"	""	"ERX6700419"	"ERP132580"	"testis"	"Other_somatic"	NA	NA	NA	"CL:0002371"	"somatic cell"	"perfect match"	"SN194"	NA	1
"ATCCACCAGGCTCTTA"	""	"ERX6700419"	"ERP132580"	"testis"	"Late_Round_spermatids"	NA	NA	NA	"CL:4030036"	"early spermatid"	"other"	"SN194"	NA	6
"ATCCACCAGGGATGGG"	""	"ERX6700419"	"ERP132580"	"testis"	"Zygotene_Spermatocytes"	NA	NA	NA	"CL:0000017"	"spermatocyte"	"missing child term"	"SN194"	NA	5
"ATCCACCAGGGTGTTG"	""	"ERX6700419"	"ERP132580"	"testis"	"Pachytene_Spermatocytes"	NA	NA	NA	"CL:0000017"	"spermatocyte"	"missing child term"	"SN194"	NA	4
"ATCCACCAGTATGACA"	""	"ERX6700419"	"ERP132580"	"testis"	"Zygotene_Spermatocytes"	NA	NA	NA	"CL:0000017"	"spermatocyte"	"missing child term"	"SN194"	NA	5
"ATCCACCAGTCCTCCT"	""	"ERX6700419"	"ERP132580"	"testis"	"Zygotene_Spermatocytes"	NA	NA	NA	"CL:0000017"	"spermatocyte"	"missing child term"	"SN194"	NA	5
"ATCCACCAGTGTTGAA"	""	"ERX6700419"	"ERP132580"	"testis"	"Sertoli"	NA	NA	NA	"CL:0000216"	"Sertoli cell"	"perfect match"	"SN194"	NA	3
"ATCCACCGTAGCGTAG"	""	"ERX6700419"	"ERP132580"	"testis"	"Differentiated_Spermatogonia"	NA	NA	NA	"CL:0000020"	"spermatogonium"	"perfect match"	"SN194"	NA	7
"ATCCACCGTATGAAAC"	""	"ERX6700419"	"ERP132580"	"testis"	"Leptotene_Spermatocytes"	NA	NA	NA	"CL:0000017"	"spermatocyte"	"missing child term"	"SN194"	NA	11
"ATCCACCGTCCAGTAT"	""	"ERX6700419"	"ERP132580"	"testis"	"Late_Round_spermatids"	NA	NA	NA	"CL:4030036"	"early spermatid"	"other"	"SN194"	NA	6
"ATCCACCGTTCGCTAA"	""	"ERX6700419"	"ERP132580"	"testis"	"Pachytene_Spermatocytes"	NA	NA	NA	"CL:0000017"	"spermatocyte"	"missing child term"	"SN194"	NA	4
"ATCCACCGTTGAACTC"	""	"ERX6700419"	"ERP132580"	"testis"	"Sertoli"	NA	NA	NA	"CL:0000216"	"Sertoli cell"	"perfect match"	"SN194"	NA	3
"ATCCACCTCAGATAAG"	""	"ERX6700419"	"ERP132580"	"testis"	"Elongated_spermatids"	NA	NA	NA	"CL:4030037"	"late spermatid"	"perfect match"	"SN194"	NA	2
"ATCCACCTCCGAATGT"	""	"ERX6700419"	"ERP132580"	"testis"	"Elongated_spermatids"	NA	NA	NA	"CL:4030037"	"late spermatid"	"perfect match"	"SN194"	NA	2
"ATCCACCTCTAAGCCA"	""	"ERX6700419"	"ERP132580"	"testis"	"Pachytene_Spermatocytes"	NA	NA	NA	"CL:0000017"	"spermatocyte"	"missing child term"	"SN194"	NA	4
"ATCCACCTCTATCGCC"	""	"ERX6700419"	"ERP132580"	"testis"	"Early_Round_spermatids"	NA	NA	NA	"CL:4030036"	"early spermatid"	"perfect match"	"SN194"	NA	8
"ATCCGAAAGCATGGCA"	""	"ERX6700419"	"ERP132580"	"testis"	"Undifferentiated_Spermatogonia"	NA	NA	NA	"CL:0000016"	"male germ line stem cell"	"other"	"SN194"	NA	9
"ATCCGAACATACGCCG"	""	"ERX6700419"	"ERP132580"	"testis"	"Other_somatic"	NA	NA	NA	"CL:0002371"	"somatic cell"	"perfect match"	"SN194"	NA	1
"ATCCGAAGTCTAGTGT"	""	"ERX6700419"	"ERP132580"	"testis"	"Late_Round_spermatids"	NA	NA	NA	"CL:4030036"	"early spermatid"	"other"	"SN194"	NA	6
"ATCCGAATCTCGTTTA"	""	"ERX6700419"	"ERP132580"	"testis"	"Pachytene_Spermatocytes"	NA	NA	NA	"CL:0000017"	"spermatocyte"	"missing child term"	"SN194"	NA	4
"ATCGAGTCACTGAAGG"	""	"ERX6700419"	"ERP132580"	"testis"	"Pachytene_Spermatocytes"	NA	NA	NA	"CL:0000017"	"spermatocyte"	"missing child term"	"SN194"	NA	4
"ATCGAGTCATCACGAT"	""	"ERX6700419"	"ERP132580"	"testis"	"Elongated_spermatids"	NA	NA	NA	"CL:4030037"	"late spermatid"	"perfect match"	"SN194"	NA	2
"ATCGAGTCATGCCTAA"	""	"ERX6700419"	"ERP132580"	"testis"	"Leptotene_Spermatocytes"	NA	NA	NA	"CL:0000017"	"spermatocyte"	"missing child term"	"SN194"	NA	11
"ATCGAGTGTCCAAGTT"	""	"ERX6700419"	"ERP132580"	"testis"	"Early_Round_spermatids"	NA	NA	NA	"CL:4030036"	"early spermatid"	"perfect match"	"SN194"	NA	8
"ATCGAGTGTCCGAAGA"	""	"ERX6700419"	"ERP132580"	"testis"	"Sertoli"	NA	NA	NA	"CL:0000216"	"Sertoli cell"	"perfect match"	"SN194"	NA	3
"ATCGAGTGTTACAGAA"	""	"ERX6700419"	"ERP132580"	"testis"	"Leptotene_Spermatocytes"	NA	NA	NA	"CL:0000017"	"spermatocyte"	"missing child term"	"SN194"	NA	11
"ATCGAGTGTTCACGGC"	""	"ERX6700419"	"ERP132580"	"testis"	"Pachytene_Spermatocytes"	NA	NA	NA	"CL:0000017"	"spermatocyte"	"missing child term"	"SN194"	NA	4
"ATCGAGTTCTTGAGAC"	""	"ERX6700419"	"ERP132580"	"testis"	"Differentiated_Spermatogonia"	NA	NA	NA	"CL:0000020"	"spermatogonium"	"perfect match"	"SN194"	NA	7
"ATCTACTAGACATAAC"	""	"ERX6700419"	"ERP132580"	"testis"	"Early_Round_spermatids"	NA	NA	NA	"CL:4030036"	"early spermatid"	"perfect match"	"SN194"	NA	8
"ATCTACTGTCCGAGTC"	""	"ERX6700419"	"ERP132580"	"testis"	"Undifferentiated_Spermatogonia"	NA	NA	NA	"CL:0000016"	"male germ line stem cell"	"other"	"SN194"	NA	9
"ATCTACTGTGTTAAGA"	""	"ERX6700419"	"ERP132580"	"testis"	"Sertoli"	NA	NA	NA	"CL:0000216"	"Sertoli cell"	"perfect match"	"SN194"	NA	3
"ATCTACTGTTCGGGCT"	""	"ERX6700419"	"ERP132580"	"testis"	"Undifferentiated_Spermatogonia"	NA	NA	NA	"CL:0000016"	"male germ line stem cell"	"other"	"SN194"	NA	9
"ATCTACTTCACCATAG"	""	"ERX6700419"	"ERP132580"	"testis"	"Sertoli"	NA	NA	NA	"CL:0000216"	"Sertoli cell"	"perfect match"	"SN194"	NA	3
"ATCTACTTCCTGCTTG"	""	"ERX6700419"	"ERP132580"	"testis"	"Sertoli"	NA	NA	NA	"CL:0000216"	"Sertoli cell"	"perfect match"	"SN194"	NA	3
"ATCTACTTCGCCCTTA"	""	"ERX6700419"	"ERP132580"	"testis"	"Late_Round_spermatids"	NA	NA	NA	"CL:4030036"	"early spermatid"	"other"	"SN194"	NA	6
"ATCTACTTCTCAAGTG"	""	"ERX6700419"	"ERP132580"	"testis"	"Undifferentiated_Spermatogonia"	NA	NA	NA	"CL:0000016"	"male germ line stem cell"	"other"	"SN194"	NA	9
"ATCTGCCAGTAAGTAC"	""	"ERX6700419"	"ERP132580"	"testis"	"Undifferentiated_Spermatogonia"	NA	NA	NA	"CL:0000016"	"male germ line stem cell"	"other"	"SN194"	NA	9
"ATCTGCCAGTACGCCC"	""	"ERX6700419"	"ERP132580"	"testis"	"Sertoli"	NA	NA	NA	"CL:0000216"	"Sertoli cell"	"perfect match"	"SN194"	NA	3
"ATCTGCCAGTCATGCT"	""	"ERX6700419"	"ERP132580"	"testis"	""	NA	NA	NA	"CL:0000000"	"cell"	"other"	"SN194"	NA	10
"ATCTGCCGTCAAGCGA"	""	"ERX6700419"	"ERP132580"	"testis"	"Undifferentiated_Spermatogonia"	NA	NA	NA	"CL:0000016"	"male germ line stem cell"	"other"	"SN194"	NA	9
"ATCTGCCGTGACAAAT"	""	"ERX6700419"	"ERP132580"	"testis"	"Sertoli"	NA	NA	NA	"CL:0000216"	"Sertoli cell"	"perfect match"	"SN194"	NA	3
"ATCTGCCGTGTCGCTG"	""	"ERX6700419"	"ERP132580"	"testis"	"Zygotene_Spermatocytes"	NA	NA	NA	"CL:0000017"	"spermatocyte"	"missing child term"	"SN194"	NA	5
"ATCTGCCGTTTGTTGG"	""	"ERX6700419"	"ERP132580"	"testis"	"Late_Round_spermatids"	NA	NA	NA	"CL:4030036"	"early spermatid"	"other"	"SN194"	NA	6
"ATCTGCCTCTCAACTT"	""	"ERX6700419"	"ERP132580"	"testis"	"Elongated_spermatids"	NA	NA	NA	"CL:4030037"	"late spermatid"	"perfect match"	"SN194"	NA	2
"ATGAGGGCAATCCGAT"	""	"ERX6700419"	"ERP132580"	"testis"	"Early_Round_spermatids"	NA	NA	NA	"CL:4030036"	"early spermatid"	"perfect match"	"SN194"	NA	8
"ATGAGGGTCCTGTACC"	""	"ERX6700419"	"ERP132580"	"testis"	"Other_somatic"	NA	NA	NA	"CL:0002371"	"somatic cell"	"perfect match"	"SN194"	NA	1
"ATGCGATAGAAACGCC"	""	"ERX6700419"	"ERP132580"	"testis"	"Undifferentiated_Spermatogonia"	NA	NA	NA	"CL:0000016"	"male germ line stem cell"	"other"	"SN194"	NA	9
"ATGCGATAGACTTTCG"	""	"ERX6700419"	"ERP132580"	"testis"	"Other_somatic"	NA	NA	NA	"CL:0002371"	"somatic cell"	"perfect match"	"SN194"	NA	1
"ATGCGATAGATCTGCT"	""	"ERX6700419"	"ERP132580"	"testis"	"Undifferentiated_Spermatogonia"	NA	NA	NA	"CL:0000016"	"male germ line stem cell"	"other"	"SN194"	NA	9
"ATGCGATAGGTAGCTG"	""	"ERX6700419"	"ERP132580"	"testis"	"Leptotene_Spermatocytes"	NA	NA	NA	"CL:0000017"	"spermatocyte"	"missing child term"	"SN194"	NA	11
"ATGCGATCACAACTGT"	""	"ERX6700419"	"ERP132580"	"testis"	"Early_Round_spermatids"	NA	NA	NA	"CL:4030036"	"early spermatid"	"perfect match"	"SN194"	NA	8
"ATGCGATCATGGTCTA"	""	"ERX6700419"	"ERP132580"	"testis"	"Late_Round_spermatids"	NA	NA	NA	"CL:4030036"	"early spermatid"	"other"	"SN194"	NA	6
"ATGCGATGTGTTAAGA"	""	"ERX6700419"	"ERP132580"	"testis"	"Elongated_spermatids"	NA	NA	NA	"CL:4030037"	"late spermatid"	"perfect match"	"SN194"	NA	2
"ATGGGAGAGACAATAC"	""	"ERX6700419"	"ERP132580"	"testis"	"Late_Round_spermatids"	NA	NA	NA	"CL:4030036"	"early spermatid"	"other"	"SN194"	NA	6
"ATGGGAGAGCGGCTTC"	""	"ERX6700419"	"ERP132580"	"testis"	"Early_Round_spermatids"	NA	NA	NA	"CL:4030036"	"early spermatid"	"perfect match"	"SN194"	NA	8
"ATGGGAGAGCTGGAAC"	""	"ERX6700419"	"ERP132580"	"testis"	"Late_Round_spermatids"	NA	NA	NA	"CL:4030036"	"early spermatid"	"other"	"SN194"	NA	6
"ATGGGAGAGGACGAAA"	""	"ERX6700419"	"ERP132580"	"testis"	"Sertoli"	NA	NA	NA	"CL:0000216"	"Sertoli cell"	"perfect match"	"SN194"	NA	3
"ATGGGAGAGTGGTAAT"	""	"ERX6700419"	"ERP132580"	"testis"	"Other_somatic"	NA	NA	NA	"CL:0002371"	"somatic cell"	"perfect match"	"SN194"	NA	1
"ATGGGAGCAATGAAAC"	""	"ERX6700419"	"ERP132580"	"testis"	"Other_somatic"	NA	NA	NA	"CL:0002371"	"somatic cell"	"perfect match"	"SN194"	NA	1
"ATGGGAGCATCTACGA"	""	"ERX6700419"	"ERP132580"	"testis"	"Sertoli"	NA	NA	NA	"CL:0000216"	"Sertoli cell"	"perfect match"	"SN194"	NA	3
"ATGGGAGGTATTACCG"	""	"ERX6700419"	"ERP132580"	"testis"	"Pachytene_Spermatocytes"	NA	NA	NA	"CL:0000017"	"spermatocyte"	"missing child term"	"SN194"	NA	4
"ATGGGAGGTGCCTGCA"	""	"ERX6700419"	"ERP132580"	"testis"	"Leptotene_Spermatocytes"	NA	NA	NA	"CL:0000017"	"spermatocyte"	"missing child term"	"SN194"	NA	11
"ATGGGAGTCTTGCAAG"	""	"ERX6700419"	"ERP132580"	"testis"	"Undifferentiated_Spermatogonia"	NA	NA	NA	"CL:0000016"	"male germ line stem cell"	"other"	"SN194"	NA	9
"ATGTGTGAGGCTCATT"	""	"ERX6700419"	"ERP132580"	"testis"	"Other_somatic"	NA	NA	NA	"CL:0002371"	"somatic cell"	"perfect match"	"SN194"	NA	1
"ATGTGTGAGGGTATCG"	""	"ERX6700419"	"ERP132580"	"testis"	"Sertoli"	NA	NA	NA	"CL:0000216"	"Sertoli cell"	"perfect match"	"SN194"	NA	3
"ATGTGTGAGTGTCCCG"	""	"ERX6700419"	"ERP132580"	"testis"	"Zygotene_Spermatocytes"	NA	NA	NA	"CL:0000017"	"spermatocyte"	"missing child term"	"SN194"	NA	5
"ATGTGTGAGTGTTGAA"	""	"ERX6700419"	"ERP132580"	"testis"	"Pachytene_Spermatocytes"	NA	NA	NA	"CL:0000017"	"spermatocyte"	"missing child term"	"SN194"	NA	4
"ATGTGTGCACCGCTAG"	""	"ERX6700419"	"ERP132580"	"testis"	"Early_Round_spermatids"	NA	NA	NA	"CL:4030036"	"early spermatid"	"perfect match"	"SN194"	NA	8
"ATGTGTGTCTTCATGT"	""	"ERX6700419"	"ERP132580"	"testis"	"Sertoli"	NA	NA	NA	"CL:0000216"	"Sertoli cell"	"perfect match"	"SN194"	NA	3
"ATTACTCCACTCTGTC"	""	"ERX6700419"	"ERP132580"	"testis"	"Other_somatic"	NA	NA	NA	"CL:0002371"	"somatic cell"	"perfect match"	"SN194"	NA	1
"ATTACTCCATCGATGT"	""	"ERX6700419"	"ERP132580"	"testis"	"Late_Round_spermatids"	NA	NA	NA	"CL:4030036"	"early spermatid"	"other"	"SN194"	NA	6
"ATTACTCGTTGCGCAC"	""	"ERX6700419"	"ERP132580"	"testis"	"Sertoli"	NA	NA	NA	"CL:0000216"	"Sertoli cell"	"perfect match"	"SN194"	NA	3
"ATTACTCTCACTCCTG"	""	"ERX6700419"	"ERP132580"	"testis"	"Sertoli"	NA	NA	NA	"CL:0000216"	"Sertoli cell"	"perfect match"	"SN194"	NA	3
"ATTACTCTCCGTACAA"	""	"ERX6700419"	"ERP132580"	"testis"	"Other_somatic"	NA	NA	NA	"CL:0002371"	"somatic cell"	"perfect match"	"SN194"	NA	1
"ATTATCCAGAGAACAG"	""	"ERX6700419"	"ERP132580"	"testis"	"Late_Round_spermatids"	NA	NA	NA	"CL:4030036"	"early spermatid"	"other"	"SN194"	NA	6
"ATTATCCAGCCCAACC"	""	"ERX6700419"	"ERP132580"	"testis"	"Leptotene_Spermatocytes"	NA	NA	NA	"CL:0000017"	"spermatocyte"	"missing child term"	"SN194"	NA	11
"ATTATCCAGCGTGAGT"	""	"ERX6700419"	"ERP132580"	"testis"	"Pachytene_Spermatocytes"	NA	NA	NA	"CL:0000017"	"spermatocyte"	"missing child term"	"SN194"	NA	4
"ATTATCCAGGAGTTTA"	""	"ERX6700419"	"ERP132580"	"testis"	"Late_Round_spermatids"	NA	NA	NA	"CL:4030036"	"early spermatid"	"other"	"SN194"	NA	6
"ATTATCCAGGTCGGAT"	""	"ERX6700419"	"ERP132580"	"testis"	"Pachytene_Spermatocytes"	NA	NA	NA	"CL:0000017"	"spermatocyte"	"missing child term"	"SN194"	NA	4
"ATTATCCCAAGCCCAC"	""	"ERX6700419"	"ERP132580"	"testis"	"Sertoli"	NA	NA	NA	"CL:0000216"	"Sertoli cell"	"perfect match"	"SN194"	NA	3
"ATTATCCCAGGGCATA"	""	"ERX6700419"	"ERP132580"	"testis"	"Elongated_spermatids"	NA	NA	NA	"CL:4030037"	"late spermatid"	"perfect match"	"SN194"	NA	2
"ATTATCCGTTATGTGC"	""	"ERX6700419"	"ERP132580"	"testis"	"Sertoli"	NA	NA	NA	"CL:0000216"	"Sertoli cell"	"perfect match"	"SN194"	NA	3
"ATTATCCGTTCCGTCT"	""	"ERX6700419"	"ERP132580"	"testis"	"Late_Round_spermatids"	NA	NA	NA	"CL:4030036"	"early spermatid"	"other"	"SN194"	NA	6
"ATTATCCTCATGCTCC"	""	"ERX6700419"	"ERP132580"	"testis"	"Early_Round_spermatids"	NA	NA	NA	"CL:4030036"	"early spermatid"	"perfect match"	"SN194"	NA	8
"ATTATCCTCGCATGAT"	""	"ERX6700419"	"ERP132580"	"testis"	"Early_Round_spermatids"	NA	NA	NA	"CL:4030036"	"early spermatid"	"perfect match"	"SN194"	NA	8
"ATTCTACAGCCAACAG"	""	"ERX6700419"	"ERP132580"	"testis"	"Undifferentiated_Spermatogonia"	NA	NA	NA	"CL:0000016"	"male germ line stem cell"	"other"	"SN194"	NA	9
"ATTCTACAGTTTCCTT"	""	"ERX6700419"	"ERP132580"	"testis"	"Differentiated_Spermatogonia"	NA	NA	NA	"CL:0000020"	"spermatogonium"	"perfect match"	"SN194"	NA	7
"ATTCTACCACTTCTGC"	""	"ERX6700419"	"ERP132580"	"testis"	"Late_Round_spermatids"	NA	NA	NA	"CL:4030036"	"early spermatid"	"other"	"SN194"	NA	6
"ATTCTACCATCACGTA"	""	"ERX6700419"	"ERP132580"	"testis"	"Sertoli"	NA	NA	NA	"CL:0000216"	"Sertoli cell"	"perfect match"	"SN194"	NA	3
"ATTCTACTCGGCTACG"	""	"ERX6700419"	"ERP132580"	"testis"	"Pachytene_Spermatocytes"	NA	NA	NA	"CL:0000017"	"spermatocyte"	"missing child term"	"SN194"	NA	4
"ATTGGACGTGTGCGTC"	""	"ERX6700419"	"ERP132580"	"testis"	"Sertoli"	NA	NA	NA	"CL:0000216"	"Sertoli cell"	"perfect match"	"SN194"	NA	3
"ATTGGACGTTCCACTC"	""	"ERX6700419"	"ERP132580"	"testis"	"Sertoli"	NA	NA	NA	"CL:0000216"	"Sertoli cell"	"perfect match"	"SN194"	NA	3
"ATTGGACTCAACGGGA"	""	"ERX6700419"	"ERP132580"	"testis"	"Early_Round_spermatids"	NA	NA	NA	"CL:4030036"	"early spermatid"	"perfect match"	"SN194"	NA	8
"ATTGGACTCGCGATCG"	""	"ERX6700419"	"ERP132580"	"testis"	"Sertoli"	NA	NA	NA	"CL:0000216"	"Sertoli cell"	"perfect match"	"SN194"	NA	3
"ATTGGACTCTTACCTA"	""	"ERX6700419"	"ERP132580"	"testis"	"Elongated_spermatids"	NA	NA	NA	"CL:4030037"	"late spermatid"	"perfect match"	"SN194"	NA	2
"ATTGGTGAGCTCAACT"	""	"ERX6700419"	"ERP132580"	"testis"	"Elongated_spermatids"	NA	NA	NA	"CL:4030037"	"late spermatid"	"perfect match"	"SN194"	NA	2
"ATTGGTGAGGCAATTA"	""	"ERX6700419"	"ERP132580"	"testis"	"Pachytene_Spermatocytes"	NA	NA	NA	"CL:0000017"	"spermatocyte"	"missing child term"	"SN194"	NA	4
"ATTGGTGAGTGTGGCA"	""	"ERX6700419"	"ERP132580"	"testis"	"Differentiated_Spermatogonia"	NA	NA	NA	"CL:0000020"	"spermatogonium"	"perfect match"	"SN194"	NA	7
"ATTGGTGAGTGTTTGC"	""	"ERX6700419"	"ERP132580"	"testis"	"Zygotene_Spermatocytes"	NA	NA	NA	"CL:0000017"	"spermatocyte"	"missing child term"	"SN194"	NA	5
"ATTGGTGAGTTATCGC"	""	"ERX6700419"	"ERP132580"	"testis"	"Sertoli"	NA	NA	NA	"CL:0000216"	"Sertoli cell"	"perfect match"	"SN194"	NA	3
"ATTGGTGGTACTCGCG"	""	"ERX6700419"	"ERP132580"	"testis"	"Differentiated_Spermatogonia"	NA	NA	NA	"CL:0000020"	"spermatogonium"	"perfect match"	"SN194"	NA	7
"ATTGGTGGTATAATGG"	""	"ERX6700419"	"ERP132580"	"testis"	"Sertoli"	NA	NA	NA	"CL:0000216"	"Sertoli cell"	"perfect match"	"SN194"	NA	3
"ATTGGTGTCACCTTAT"	""	"ERX6700419"	"ERP132580"	"testis"	"Other_somatic"	NA	NA	NA	"CL:0002371"	"somatic cell"	"perfect match"	"SN194"	NA	1
"ATTGGTGTCACTCCTG"	""	"ERX6700419"	"ERP132580"	"testis"	"Early_Round_spermatids"	NA	NA	NA	"CL:4030036"	"early spermatid"	"perfect match"	"SN194"	NA	8
"ATTGGTGTCCCATTAT"	""	"ERX6700419"	"ERP132580"	"testis"	"Other_somatic"	NA	NA	NA	"CL:0002371"	"somatic cell"	"perfect match"	"SN194"	NA	1
"ATTGGTGTCCGTTGCT"	""	"ERX6700419"	"ERP132580"	"testis"	"Other_somatic"	NA	NA	NA	"CL:0002371"	"somatic cell"	"perfect match"	"SN194"	NA	1
"ATTGGTGTCGTAGATC"	""	"ERX6700419"	"ERP132580"	"testis"	"Pachytene_Spermatocytes"	NA	NA	NA	"CL:0000017"	"spermatocyte"	"missing child term"	"SN194"	NA	4
"ATTGGTGTCTTGCAAG"	""	"ERX6700419"	"ERP132580"	"testis"	"Late_Round_spermatids"	NA	NA	NA	"CL:4030036"	"early spermatid"	"other"	"SN194"	NA	6
"ATTTCTGAGTTCGCAT"	""	"ERX6700419"	"ERP132580"	"testis"	"Other_somatic"	NA	NA	NA	"CL:0002371"	"somatic cell"	"perfect match"	"SN194"	NA	1
"ATTTCTGCAATCGGTT"	""	"ERX6700419"	"ERP132580"	"testis"	"Sertoli"	NA	NA	NA	"CL:0000216"	"Sertoli cell"	"perfect match"	"SN194"	NA	3
"ATTTCTGCATCTGGTA"	""	"ERX6700419"	"ERP132580"	"testis"	"Sertoli"	NA	NA	NA	"CL:0000216"	"Sertoli cell"	"perfect match"	"SN194"	NA	3
"ATTTCTGGTATCACCA"	""	"ERX6700419"	"ERP132580"	"testis"	"Late_Round_spermatids"	NA	NA	NA	"CL:4030036"	"early spermatid"	"other"	"SN194"	NA	6
"ATTTCTGTCTTGACGA"	""	"ERX6700419"	"ERP132580"	"testis"	"Pachytene_Spermatocytes"	NA	NA	NA	"CL:0000017"	"spermatocyte"	"missing child term"	"SN194"	NA	4
"CAACCAAAGGACATTA"	""	"ERX6700419"	"ERP132580"	"testis"	"Pachytene_Spermatocytes"	NA	NA	NA	"CL:0000017"	"spermatocyte"	"missing child term"	"SN194"	NA	4
"CAACCAAAGGTAGCTG"	""	"ERX6700419"	"ERP132580"	"testis"	"Differentiated_Spermatogonia"	NA	NA	NA	"CL:0000020"	"spermatogonium"	"perfect match"	"SN194"	NA	7
"CAACCAAGTAGGCATG"	""	"ERX6700419"	"ERP132580"	"testis"	"Leptotene_Spermatocytes"	NA	NA	NA	"CL:0000017"	"spermatocyte"	"missing child term"	"SN194"	NA	11
"CAACCAAGTGGTAACG"	""	"ERX6700419"	"ERP132580"	"testis"	"Leptotene_Spermatocytes"	NA	NA	NA	"CL:0000017"	"spermatocyte"	"missing child term"	"SN194"	NA	11
"CAACCAAGTTCGAATC"	""	"ERX6700419"	"ERP132580"	"testis"	"Undifferentiated_Spermatogonia"	NA	NA	NA	"CL:0000016"	"male germ line stem cell"	"other"	"SN194"	NA	9
"CAACCAAGTTTGTGTG"	""	"ERX6700419"	"ERP132580"	"testis"	"Late_Round_spermatids"	NA	NA	NA	"CL:4030036"	"early spermatid"	"other"	"SN194"	NA	6
"CAACCAATCTGGTTCC"	""	"ERX6700419"	"ERP132580"	"testis"	"Late_Round_spermatids"	NA	NA	NA	"CL:4030036"	"early spermatid"	"other"	"SN194"	NA	6
"CAACCTCAGCGTCAAG"	""	"ERX6700419"	"ERP132580"	"testis"	"Early_Round_spermatids"	NA	NA	NA	"CL:4030036"	"early spermatid"	"perfect match"	"SN194"	NA	8
"CAACCTCAGGACCACA"	""	"ERX6700419"	"ERP132580"	"testis"	"Other_somatic"	NA	NA	NA	"CL:0002371"	"somatic cell"	"perfect match"	"SN194"	NA	1
"CAACCTCCAGCCAATT"	""	"ERX6700419"	"ERP132580"	"testis"	"Undifferentiated_Spermatogonia"	NA	NA	NA	"CL:0000016"	"male germ line stem cell"	"other"	"SN194"	NA	9
"CAACCTCCAGTCACTA"	""	"ERX6700419"	"ERP132580"	"testis"	"Other_somatic"	NA	NA	NA	"CL:0002371"	"somatic cell"	"perfect match"	"SN194"	NA	1
"CAACCTCCATGACGGA"	""	"ERX6700419"	"ERP132580"	"testis"	"Elongated_spermatids"	NA	NA	NA	"CL:4030037"	"late spermatid"	"perfect match"	"SN194"	NA	2
"CAACCTCCATGGTTGT"	""	"ERX6700419"	"ERP132580"	"testis"	"Undifferentiated_Spermatogonia"	NA	NA	NA	"CL:0000016"	"male germ line stem cell"	"other"	"SN194"	NA	9
"CAACCTCGTCCGAACC"	""	"ERX6700419"	"ERP132580"	"testis"	"Early_Round_spermatids"	NA	NA	NA	"CL:4030036"	"early spermatid"	"perfect match"	"SN194"	NA	8
"CAACCTCTCCACGTGG"	""	"ERX6700419"	"ERP132580"	"testis"	"Early_Round_spermatids"	NA	NA	NA	"CL:4030036"	"early spermatid"	"perfect match"	"SN194"	NA	8
"CAACCTCTCCTCGCAT"	""	"ERX6700419"	"ERP132580"	"testis"	"Pachytene_Spermatocytes"	NA	NA	NA	"CL:0000017"	"spermatocyte"	"missing child term"	"SN194"	NA	4
"CAACTAGAGTTTCCTT"	""	"ERX6700419"	"ERP132580"	"testis"	"Zygotene_Spermatocytes"	NA	NA	NA	"CL:0000017"	"spermatocyte"	"missing child term"	"SN194"	NA	5
"CAACTAGCATGTAGTC"	""	"ERX6700419"	"ERP132580"	"testis"	"Sertoli"	NA	NA	NA	"CL:0000216"	"Sertoli cell"	"perfect match"	"SN194"	NA	3
"CAACTAGGTACATCCA"	""	"ERX6700419"	"ERP132580"	"testis"	"Elongated_spermatids"	NA	NA	NA	"CL:4030037"	"late spermatid"	"perfect match"	"SN194"	NA	2
"CAACTAGGTCCAAGTT"	""	"ERX6700419"	"ERP132580"	"testis"	"Undifferentiated_Spermatogonia"	NA	NA	NA	"CL:0000016"	"male germ line stem cell"	"other"	"SN194"	NA	9
"CAACTAGGTGACAAAT"	""	"ERX6700419"	"ERP132580"	"testis"	"Other_somatic"	NA	NA	NA	"CL:0002371"	"somatic cell"	"perfect match"	"SN194"	NA	1
"CAACTAGGTTATCACG"	""	"ERX6700419"	"ERP132580"	"testis"	"Sertoli"	NA	NA	NA	"CL:0000216"	"Sertoli cell"	"perfect match"	"SN194"	NA	3
"CAACTAGGTTCGTGAT"	""	"ERX6700419"	"ERP132580"	"testis"	"Undifferentiated_Spermatogonia"	NA	NA	NA	"CL:0000016"	"male germ line stem cell"	"other"	"SN194"	NA	9
"CAACTAGGTTGGGACA"	""	"ERX6700419"	"ERP132580"	"testis"	"Other_somatic"	NA	NA	NA	"CL:0002371"	"somatic cell"	"perfect match"	"SN194"	NA	1
"CAACTAGTCTTGAGAC"	""	"ERX6700419"	"ERP132580"	"testis"	"Pachytene_Spermatocytes"	NA	NA	NA	"CL:0000017"	"spermatocyte"	"missing child term"	"SN194"	NA	4
"CAAGAAAAGGCTCTTA"	""	"ERX6700419"	"ERP132580"	"testis"	"Sertoli"	NA	NA	NA	"CL:0000216"	"Sertoli cell"	"perfect match"	"SN194"	NA	3
"CAAGAAACAAGCGATG"	""	"ERX6700419"	"ERP132580"	"testis"	"Late_Round_spermatids"	NA	NA	NA	"CL:4030036"	"early spermatid"	"other"	"SN194"	NA	6
"CAAGAAACATCAGTCA"	""	"ERX6700419"	"ERP132580"	"testis"	"Early_Round_spermatids"	NA	NA	NA	"CL:4030036"	"early spermatid"	"perfect match"	"SN194"	NA	8
"CAAGAAACATCGATGT"	""	"ERX6700419"	"ERP132580"	"testis"	"Leptotene_Spermatocytes"	NA	NA	NA	"CL:0000017"	"spermatocyte"	"missing child term"	"SN194"	NA	11
"CAAGAAATCACCTTAT"	""	"ERX6700419"	"ERP132580"	"testis"	"Undifferentiated_Spermatogonia"	NA	NA	NA	"CL:0000016"	"male germ line stem cell"	"other"	"SN194"	NA	9
"CAAGAAATCACGGTTA"	""	"ERX6700419"	"ERP132580"	"testis"	"Zygotene_Spermatocytes"	NA	NA	NA	"CL:0000017"	"spermatocyte"	"missing child term"	"SN194"	NA	5
"CAAGATCCAGGCTCAC"	""	"ERX6700419"	"ERP132580"	"testis"	"Elongated_spermatids"	NA	NA	NA	"CL:4030037"	"late spermatid"	"perfect match"	"SN194"	NA	2
"CAAGATCGTCGACTAT"	""	"ERX6700419"	"ERP132580"	"testis"	"Sertoli"	NA	NA	NA	"CL:0000216"	"Sertoli cell"	"perfect match"	"SN194"	NA	3
"CAAGATCGTCGGATCC"	""	"ERX6700419"	"ERP132580"	"testis"	"Late_Round_spermatids"	NA	NA	NA	"CL:4030036"	"early spermatid"	"other"	"SN194"	NA	6
"CAAGATCTCCCGGATG"	""	"ERX6700419"	"ERP132580"	"testis"	"Pachytene_Spermatocytes"	NA	NA	NA	"CL:0000017"	"spermatocyte"	"missing child term"	"SN194"	NA	4
"CAAGATCTCCGAACGC"	""	"ERX6700419"	"ERP132580"	"testis"	"Pachytene_Spermatocytes"	NA	NA	NA	"CL:0000017"	"spermatocyte"	"missing child term"	"SN194"	NA	4
"CAAGATCTCGGCATCG"	""	"ERX6700419"	"ERP132580"	"testis"	"Other_somatic"	NA	NA	NA	"CL:0002371"	"somatic cell"	"perfect match"	"SN194"	NA	1
"CAAGATCTCTACTATC"	""	"ERX6700419"	"ERP132580"	"testis"	"Late_Round_spermatids"	NA	NA	NA	"CL:4030036"	"early spermatid"	"other"	"SN194"	NA	6
"CAAGATCTCTGGCGAC"	""	"ERX6700419"	"ERP132580"	"testis"	"Pachytene_Spermatocytes"	NA	NA	NA	"CL:0000017"	"spermatocyte"	"missing child term"	"SN194"	NA	4
"CAAGATCTCTTATCTG"	""	"ERX6700419"	"ERP132580"	"testis"	"Early_Round_spermatids"	NA	NA	NA	"CL:4030036"	"early spermatid"	"perfect match"	"SN194"	NA	8
"CAAGGCCAGAATCTCC"	""	"ERX6700419"	"ERP132580"	"testis"	"Sertoli"	NA	NA	NA	"CL:0000216"	"Sertoli cell"	"perfect match"	"SN194"	NA	3
"CAAGGCCCAATCTGCA"	""	"ERX6700419"	"ERP132580"	"testis"	"Sertoli"	NA	NA	NA	"CL:0000216"	"Sertoli cell"	"perfect match"	"SN194"	NA	3
"CAAGGCCCACAAGACG"	""	"ERX6700419"	"ERP132580"	"testis"	"Elongated_spermatids"	NA	NA	NA	"CL:4030037"	"late spermatid"	"perfect match"	"SN194"	NA	2
"CAAGGCCGTCCGTTAA"	""	"ERX6700419"	"ERP132580"	"testis"	"Undifferentiated_Spermatogonia"	NA	NA	NA	"CL:0000016"	"male germ line stem cell"	"other"	"SN194"	NA	9
"CAAGGCCGTTCCCGAG"	""	"ERX6700419"	"ERP132580"	"testis"	"Other_somatic"	NA	NA	NA	"CL:0002371"	"somatic cell"	"perfect match"	"SN194"	NA	1
"CAAGGCCTCAATAAGG"	""	"ERX6700419"	"ERP132580"	"testis"	"Zygotene_Spermatocytes"	NA	NA	NA	"CL:0000017"	"spermatocyte"	"missing child term"	"SN194"	NA	5
"CAAGGCCTCTCAACTT"	""	"ERX6700419"	"ERP132580"	"testis"	"Zygotene_Spermatocytes"	NA	NA	NA	"CL:0000017"	"spermatocyte"	"missing child term"	"SN194"	NA	5
"CAAGGCCTCTGGCGTG"	""	"ERX6700419"	"ERP132580"	"testis"	"Leptotene_Spermatocytes"	NA	NA	NA	"CL:0000017"	"spermatocyte"	"missing child term"	"SN194"	NA	11
"CAAGTTGAGTGGGATC"	""	"ERX6700419"	"ERP132580"	"testis"	"Sertoli"	NA	NA	NA	"CL:0000216"	"Sertoli cell"	"perfect match"	"SN194"	NA	3
"CAAGTTGCATCTCCCA"	""	"ERX6700419"	"ERP132580"	"testis"	"Sertoli"	NA	NA	NA	"CL:0000216"	"Sertoli cell"	"perfect match"	"SN194"	NA	3
"CAAGTTGGTAAAGTCA"	""	"ERX6700419"	"ERP132580"	"testis"	"Pachytene_Spermatocytes"	NA	NA	NA	"CL:0000017"	"spermatocyte"	"missing child term"	"SN194"	NA	4
"CAAGTTGGTCGCTTTC"	""	"ERX6700419"	"ERP132580"	"testis"	"Leptotene_Spermatocytes"	NA	NA	NA	"CL:0000017"	"spermatocyte"	"missing child term"	"SN194"	NA	11
"CAAGTTGTCCCTCTTT"	""	"ERX6700419"	"ERP132580"	"testis"	"Other_somatic"	NA	NA	NA	"CL:0002371"	"somatic cell"	"perfect match"	"SN194"	NA	1
"CAAGTTGTCTGTGCAA"	""	"ERX6700419"	"ERP132580"	"testis"	"Differentiated_Spermatogonia"	NA	NA	NA	"CL:0000020"	"spermatogonium"	"perfect match"	"SN194"	NA	7
"CACAAACAGATCTGCT"	""	"ERX6700419"	"ERP132580"	"testis"	"Pachytene_Spermatocytes"	NA	NA	NA	"CL:0000017"	"spermatocyte"	"missing child term"	"SN194"	NA	4
"CACAAACAGCTGAAAT"	""	"ERX6700419"	"ERP132580"	"testis"	"Sertoli"	NA	NA	NA	"CL:0000216"	"Sertoli cell"	"perfect match"	"SN194"	NA	3
"CACAAACAGGGTTTCT"	""	"ERX6700419"	"ERP132580"	"testis"	"Elongated_spermatids"	NA	NA	NA	"CL:4030037"	"late spermatid"	"perfect match"	"SN194"	NA	2
"CACAAACCACATTAGC"	""	"ERX6700419"	"ERP132580"	"testis"	"Differentiated_Spermatogonia"	NA	NA	NA	"CL:0000020"	"spermatogonium"	"perfect match"	"SN194"	NA	7
"CACAAACTCACCATAG"	""	"ERX6700419"	"ERP132580"	"testis"	"Late_Round_spermatids"	NA	NA	NA	"CL:4030036"	"early spermatid"	"other"	"SN194"	NA	6
"CACAAACTCGCCTGAG"	""	"ERX6700419"	"ERP132580"	"testis"	"Other_somatic"	NA	NA	NA	"CL:0002371"	"somatic cell"	"perfect match"	"SN194"	NA	1
"CACACAAAGTAACCCT"	""	"ERX6700419"	"ERP132580"	"testis"	"Differentiated_Spermatogonia"	NA	NA	NA	"CL:0000020"	"spermatogonium"	"perfect match"	"SN194"	NA	7
"CACACAAAGTGTTGAA"	""	"ERX6700419"	"ERP132580"	"testis"	"Leptotene_Spermatocytes"	NA	NA	NA	"CL:0000017"	"spermatocyte"	"missing child term"	"SN194"	NA	11
"CACACAATCACCATAG"	""	"ERX6700419"	"ERP132580"	"testis"	"Zygotene_Spermatocytes"	NA	NA	NA	"CL:0000017"	"spermatocyte"	"missing child term"	"SN194"	NA	5
"CACACAATCCCTGACT"	""	"ERX6700419"	"ERP132580"	"testis"	"Undifferentiated_Spermatogonia"	NA	NA	NA	"CL:0000016"	"male germ line stem cell"	"other"	"SN194"	NA	9
"CACACAATCTATCCTA"	""	"ERX6700419"	"ERP132580"	"testis"	"Sertoli"	NA	NA	NA	"CL:0000216"	"Sertoli cell"	"perfect match"	"SN194"	NA	3
"CACACCTCAGTAACGG"	""	"ERX6700419"	"ERP132580"	"testis"	"Other_somatic"	NA	NA	NA	"CL:0002371"	"somatic cell"	"perfect match"	"SN194"	NA	1
"CACACCTGTCTACCTC"	""	"ERX6700419"	"ERP132580"	"testis"	"Undifferentiated_Spermatogonia"	NA	NA	NA	"CL:0000016"	"male germ line stem cell"	"other"	"SN194"	NA	9
"CACACCTGTGCCTGCA"	""	"ERX6700419"	"ERP132580"	"testis"	"Other_somatic"	NA	NA	NA	"CL:0002371"	"somatic cell"	"perfect match"	"SN194"	NA	1
"CACACCTGTGCTGTAT"	""	"ERX6700419"	"ERP132580"	"testis"	"Differentiated_Spermatogonia"	NA	NA	NA	"CL:0000020"	"spermatogonium"	"perfect match"	"SN194"	NA	7
"CACACCTTCATTCACT"	""	"ERX6700419"	"ERP132580"	"testis"	"Undifferentiated_Spermatogonia"	NA	NA	NA	"CL:0000016"	"male germ line stem cell"	"other"	"SN194"	NA	9
"CACACCTTCTCGGACG"	""	"ERX6700419"	"ERP132580"	"testis"	"Early_Round_spermatids"	NA	NA	NA	"CL:4030036"	"early spermatid"	"perfect match"	"SN194"	NA	8
"CACACCTTCTGTGCAA"	""	"ERX6700419"	"ERP132580"	"testis"	"Leptotene_Spermatocytes"	NA	NA	NA	"CL:0000017"	"spermatocyte"	"missing child term"	"SN194"	NA	11
"CACACTCCAAGGCTCC"	""	"ERX6700419"	"ERP132580"	"testis"	"Early_Round_spermatids"	NA	NA	NA	"CL:4030036"	"early spermatid"	"perfect match"	"SN194"	NA	8
"CACACTCCAAGTAGTA"	""	"ERX6700419"	"ERP132580"	"testis"	"Other_somatic"	NA	NA	NA	"CL:0002371"	"somatic cell"	"perfect match"	"SN194"	NA	1
"CACACTCCACGCTTTC"	""	"ERX6700419"	"ERP132580"	"testis"	"Late_Round_spermatids"	NA	NA	NA	"CL:4030036"	"early spermatid"	"other"	"SN194"	NA	6
"CACACTCCAGACTCGC"	""	"ERX6700419"	"ERP132580"	"testis"	"Leptotene_Spermatocytes"	NA	NA	NA	"CL:0000017"	"spermatocyte"	"missing child term"	"SN194"	NA	11
"CACACTCCAGGATCGA"	""	"ERX6700419"	"ERP132580"	"testis"	"Early_Round_spermatids"	NA	NA	NA	"CL:4030036"	"early spermatid"	"perfect match"	"SN194"	NA	8
"CACACTCCATACCATG"	""	"ERX6700419"	"ERP132580"	"testis"	"Late_Round_spermatids"	NA	NA	NA	"CL:4030036"	"early spermatid"	"other"	"SN194"	NA	6
"CACACTCGTCCGAATT"	""	"ERX6700419"	"ERP132580"	"testis"	"Undifferentiated_Spermatogonia"	NA	NA	NA	"CL:0000016"	"male germ line stem cell"	"other"	"SN194"	NA	9
"CACACTCGTGTGGCTC"	""	"ERX6700419"	"ERP132580"	"testis"	"Zygotene_Spermatocytes"	NA	NA	NA	"CL:0000017"	"spermatocyte"	"missing child term"	"SN194"	NA	5
"CACACTCTCGACAGCC"	""	"ERX6700419"	"ERP132580"	"testis"	"Sertoli"	NA	NA	NA	"CL:0000216"	"Sertoli cell"	"perfect match"	"SN194"	NA	3
"CACACTCTCTCAACTT"	""	"ERX6700419"	"ERP132580"	"testis"	"Differentiated_Spermatogonia"	NA	NA	NA	"CL:0000020"	"spermatogonium"	"perfect match"	"SN194"	NA	7
"CACAGGCAGTGAAGAG"	""	"ERX6700419"	"ERP132580"	"testis"	"Late_Round_spermatids"	NA	NA	NA	"CL:4030036"	"early spermatid"	"other"	"SN194"	NA	6
"CACAGGCCACAGCGTC"	""	"ERX6700419"	"ERP132580"	"testis"	"Differentiated_Spermatogonia"	NA	NA	NA	"CL:0000020"	"spermatogonium"	"perfect match"	"SN194"	NA	7
"CACAGGCCACGTCTCT"	""	"ERX6700419"	"ERP132580"	"testis"	"Pachytene_Spermatocytes"	NA	NA	NA	"CL:0000017"	"spermatocyte"	"missing child term"	"SN194"	NA	4
"CACAGGCGTCAAAGCG"	""	"ERX6700419"	"ERP132580"	"testis"	"Differentiated_Spermatogonia"	NA	NA	NA	"CL:0000020"	"spermatogonium"	"perfect match"	"SN194"	NA	7
"CACAGGCGTCCGCTGA"	""	"ERX6700419"	"ERP132580"	"testis"	"Other_somatic"	NA	NA	NA	"CL:0002371"	"somatic cell"	"perfect match"	"SN194"	NA	1
"CACAGGCGTCGGCACT"	""	"ERX6700419"	"ERP132580"	"testis"	"Sertoli"	NA	NA	NA	"CL:0000216"	"Sertoli cell"	"perfect match"	"SN194"	NA	3
"CACAGGCGTGTTAAGA"	""	"ERX6700419"	"ERP132580"	"testis"	"Early_Round_spermatids"	NA	NA	NA	"CL:4030036"	"early spermatid"	"perfect match"	"SN194"	NA	8
"CACAGTAAGTCATGCT"	""	"ERX6700419"	"ERP132580"	"testis"	"Differentiated_Spermatogonia"	NA	NA	NA	"CL:0000020"	"spermatogonium"	"perfect match"	"SN194"	NA	7
"CACAGTACAAGAAAGG"	""	"ERX6700419"	"ERP132580"	"testis"	"Late_Round_spermatids"	NA	NA	NA	"CL:4030036"	"early spermatid"	"other"	"SN194"	NA	6
"CACAGTACACGGACAA"	""	"ERX6700419"	"ERP132580"	"testis"	"Undifferentiated_Spermatogonia"	NA	NA	NA	"CL:0000016"	"male germ line stem cell"	"other"	"SN194"	NA	9
"CACAGTACACGGTAAG"	""	"ERX6700419"	"ERP132580"	"testis"	"Late_Round_spermatids"	NA	NA	NA	"CL:4030036"	"early spermatid"	"other"	"SN194"	NA	6
"CACAGTACAGATGGCA"	""	"ERX6700419"	"ERP132580"	"testis"	"Sertoli"	NA	NA	NA	"CL:0000216"	"Sertoli cell"	"perfect match"	"SN194"	NA	3
"CACAGTATCTGAAAGA"	""	"ERX6700419"	"ERP132580"	"testis"	"Sertoli"	NA	NA	NA	"CL:0000216"	"Sertoli cell"	"perfect match"	"SN194"	NA	3
"CACATAGAGGGATCTG"	""	"ERX6700419"	"ERP132580"	"testis"	"Elongated_spermatids"	NA	NA	NA	"CL:4030037"	"late spermatid"	"perfect match"	"SN194"	NA	2
"CACATAGAGTGGTAAT"	""	"ERX6700419"	"ERP132580"	"testis"	"Elongated_spermatids"	NA	NA	NA	"CL:4030037"	"late spermatid"	"perfect match"	"SN194"	NA	2
"CACATAGGTATAGTAG"	""	"ERX6700419"	"ERP132580"	"testis"	"Other_somatic"	NA	NA	NA	"CL:0002371"	"somatic cell"	"perfect match"	"SN194"	NA	1
"CACATTTAGGCGTACA"	""	"ERX6700419"	"ERP132580"	"testis"	"Undifferentiated_Spermatogonia"	NA	NA	NA	"CL:0000016"	"male germ line stem cell"	"other"	"SN194"	NA	9
"CACATTTAGGCTCATT"	""	"ERX6700419"	"ERP132580"	"testis"	"Pachytene_Spermatocytes"	NA	NA	NA	"CL:0000017"	"spermatocyte"	"missing child term"	"SN194"	NA	4
"CACATTTAGTACGTTC"	""	"ERX6700419"	"ERP132580"	"testis"	"Differentiated_Spermatogonia"	NA	NA	NA	"CL:0000020"	"spermatogonium"	"perfect match"	"SN194"	NA	7
"CACATTTAGTTGTCGT"	""	"ERX6700419"	"ERP132580"	"testis"	"Sertoli"	NA	NA	NA	"CL:0000216"	"Sertoli cell"	"perfect match"	"SN194"	NA	3
"CACATTTGTTGCCTCT"	""	"ERX6700419"	"ERP132580"	"testis"	"Pachytene_Spermatocytes"	NA	NA	NA	"CL:0000017"	"spermatocyte"	"missing child term"	"SN194"	NA	4
"CACATTTTCACTATTC"	""	"ERX6700419"	"ERP132580"	"testis"	"Undifferentiated_Spermatogonia"	NA	NA	NA	"CL:0000016"	"male germ line stem cell"	"other"	"SN194"	NA	9
"CACATTTTCCATGAAC"	""	"ERX6700419"	"ERP132580"	"testis"	"Pachytene_Spermatocytes"	NA	NA	NA	"CL:0000017"	"spermatocyte"	"missing child term"	"SN194"	NA	4
"CACATTTTCCCACTTG"	""	"ERX6700419"	"ERP132580"	"testis"	"Late_Round_spermatids"	NA	NA	NA	"CL:4030036"	"early spermatid"	"other"	"SN194"	NA	6
"CACATTTTCGGGAGTA"	""	"ERX6700419"	"ERP132580"	"testis"	"Late_Round_spermatids"	NA	NA	NA	"CL:4030036"	"early spermatid"	"other"	"SN194"	NA	6
"CACATTTTCTGATTCT"	""	"ERX6700419"	"ERP132580"	"testis"	"Pachytene_Spermatocytes"	NA	NA	NA	"CL:0000017"	"spermatocyte"	"missing child term"	"SN194"	NA	4
"CACCACTAGGAGCGTT"	""	"ERX6700419"	"ERP132580"	"testis"	"Pachytene_Spermatocytes"	NA	NA	NA	"CL:0000017"	"spermatocyte"	"missing child term"	"SN194"	NA	4
"CACCACTAGGGCTTGA"	""	"ERX6700419"	"ERP132580"	"testis"	"Early_Round_spermatids"	NA	NA	NA	"CL:4030036"	"early spermatid"	"perfect match"	"SN194"	NA	8
"CACCACTGTAGCGTCC"	""	"ERX6700419"	"ERP132580"	"testis"	"Other_somatic"	NA	NA	NA	"CL:0002371"	"somatic cell"	"perfect match"	"SN194"	NA	1
"CACCACTGTTCCGTCT"	""	"ERX6700419"	"ERP132580"	"testis"	"Pachytene_Spermatocytes"	NA	NA	NA	"CL:0000017"	"spermatocyte"	"missing child term"	"SN194"	NA	4
"CACCACTTCATCGATG"	""	"ERX6700419"	"ERP132580"	"testis"	"Undifferentiated_Spermatogonia"	NA	NA	NA	"CL:0000016"	"male germ line stem cell"	"other"	"SN194"	NA	9
"CACCACTTCCCATTTA"	""	"ERX6700419"	"ERP132580"	"testis"	"Elongated_spermatids"	NA	NA	NA	"CL:4030037"	"late spermatid"	"perfect match"	"SN194"	NA	2
"CACCAGGAGCTTTGGT"	""	"ERX6700419"	"ERP132580"	"testis"	"Other_somatic"	NA	NA	NA	"CL:0002371"	"somatic cell"	"perfect match"	"SN194"	NA	1
"CACCAGGAGTGGCACA"	""	"ERX6700419"	"ERP132580"	"testis"	"Pachytene_Spermatocytes"	NA	NA	NA	"CL:0000017"	"spermatocyte"	"missing child term"	"SN194"	NA	4
"CACCAGGCAGATTGCT"	""	"ERX6700419"	"ERP132580"	"testis"	"Other_somatic"	NA	NA	NA	"CL:0002371"	"somatic cell"	"perfect match"	"SN194"	NA	1
"CACCAGGCAGTGGAGT"	""	"ERX6700419"	"ERP132580"	"testis"	"Elongated_spermatids"	NA	NA	NA	"CL:4030037"	"late spermatid"	"perfect match"	"SN194"	NA	2
"CACCAGGGTTAAAGTG"	""	"ERX6700419"	"ERP132580"	"testis"	"Sertoli"	NA	NA	NA	"CL:0000216"	"Sertoli cell"	"perfect match"	"SN194"	NA	3
"CACCTTGAGTCGAGTG"	""	"ERX6700419"	"ERP132580"	"testis"	"Leptotene_Spermatocytes"	NA	NA	NA	"CL:0000017"	"spermatocyte"	"missing child term"	"SN194"	NA	11
"CACCTTGCAGCGTAAG"	""	"ERX6700419"	"ERP132580"	"testis"	"Zygotene_Spermatocytes"	NA	NA	NA	"CL:0000017"	"spermatocyte"	"missing child term"	"SN194"	NA	5
"CACCTTGCAGTAACGG"	""	"ERX6700419"	"ERP132580"	"testis"	"Sertoli"	NA	NA	NA	"CL:0000216"	"Sertoli cell"	"perfect match"	"SN194"	NA	3
"CACCTTGGTAGCGTAG"	""	"ERX6700419"	"ERP132580"	"testis"	"Sertoli"	NA	NA	NA	"CL:0000216"	"Sertoli cell"	"perfect match"	"SN194"	NA	3
"CACCTTGGTCACACGC"	""	"ERX6700419"	"ERP132580"	"testis"	"Late_Round_spermatids"	NA	NA	NA	"CL:4030036"	"early spermatid"	"other"	"SN194"	NA	6
"CACCTTGGTCGAATCT"	""	"ERX6700419"	"ERP132580"	"testis"	"Pachytene_Spermatocytes"	NA	NA	NA	"CL:0000017"	"spermatocyte"	"missing child term"	"SN194"	NA	4
"CACCTTGTCATCGGAT"	""	"ERX6700419"	"ERP132580"	"testis"	"Undifferentiated_Spermatogonia"	NA	NA	NA	"CL:0000016"	"male germ line stem cell"	"other"	"SN194"	NA	9
"CACCTTGTCGTTACAG"	""	"ERX6700419"	"ERP132580"	"testis"	"Zygotene_Spermatocytes"	NA	NA	NA	"CL:0000017"	"spermatocyte"	"missing child term"	"SN194"	NA	5
"CACCTTGTCTTGACGA"	""	"ERX6700419"	"ERP132580"	"testis"	"Sertoli"	NA	NA	NA	"CL:0000216"	"Sertoli cell"	"perfect match"	"SN194"	NA	3
"CACTCCAAGACTTGAA"	""	"ERX6700419"	"ERP132580"	"testis"	"Sertoli"	NA	NA	NA	"CL:0000216"	"Sertoli cell"	"perfect match"	"SN194"	NA	3
"CACTCCAAGATCCGAG"	""	"ERX6700419"	"ERP132580"	"testis"	"Sertoli"	NA	NA	NA	"CL:0000216"	"Sertoli cell"	"perfect match"	"SN194"	NA	3
"CACTCCAAGCTGTCTA"	""	"ERX6700419"	"ERP132580"	"testis"	"Pachytene_Spermatocytes"	NA	NA	NA	"CL:0000017"	"spermatocyte"	"missing child term"	"SN194"	NA	4
"CACTCCAAGGTGACCA"	""	"ERX6700419"	"ERP132580"	"testis"	"Leptotene_Spermatocytes"	NA	NA	NA	"CL:0000017"	"spermatocyte"	"missing child term"	"SN194"	NA	11
"CACTCCATCATCGCTC"	""	"ERX6700419"	"ERP132580"	"testis"	"Late_Round_spermatids"	NA	NA	NA	"CL:4030036"	"early spermatid"	"other"	"SN194"	NA	6
"CAGAATCAGGAGTCTG"	""	"ERX6700419"	"ERP132580"	"testis"	"Zygotene_Spermatocytes"	NA	NA	NA	"CL:0000017"	"spermatocyte"	"missing child term"	"SN194"	NA	5
"CAGAATCGTCAGAATA"	""	"ERX6700419"	"ERP132580"	"testis"	"Early_Round_spermatids"	NA	NA	NA	"CL:4030036"	"early spermatid"	"perfect match"	"SN194"	NA	8
"CAGAATCGTTCAGTAC"	""	"ERX6700419"	"ERP132580"	"testis"	"Sertoli"	NA	NA	NA	"CL:0000216"	"Sertoli cell"	"perfect match"	"SN194"	NA	3
"CAGAGAGAGGCCCTCA"	""	"ERX6700419"	"ERP132580"	"testis"	"Late_Round_spermatids"	NA	NA	NA	"CL:4030036"	"early spermatid"	"other"	"SN194"	NA	6
"CAGAGAGCAAGGTTTC"	""	"ERX6700419"	"ERP132580"	"testis"	"Sertoli"	NA	NA	NA	"CL:0000216"	"Sertoli cell"	"perfect match"	"SN194"	NA	3
"CAGAGAGCAGCATGAG"	""	"ERX6700419"	"ERP132580"	"testis"	"Late_Round_spermatids"	NA	NA	NA	"CL:4030036"	"early spermatid"	"other"	"SN194"	NA	6
"CAGAGAGGTCTGATCA"	""	"ERX6700419"	"ERP132580"	"testis"	"Pachytene_Spermatocytes"	NA	NA	NA	"CL:0000017"	"spermatocyte"	"missing child term"	"SN194"	NA	4
"CAGAGAGGTGGTCCGT"	""	"ERX6700419"	"ERP132580"	"testis"	"Leptotene_Spermatocytes"	NA	NA	NA	"CL:0000017"	"spermatocyte"	"missing child term"	"SN194"	NA	11
"CAGAGAGGTGTGAATA"	""	"ERX6700419"	"ERP132580"	"testis"	"Leptotene_Spermatocytes"	NA	NA	NA	"CL:0000017"	"spermatocyte"	"missing child term"	"SN194"	NA	11
"CAGAGAGTCGCTAGCG"	""	"ERX6700419"	"ERP132580"	"testis"	"Late_Round_spermatids"	NA	NA	NA	"CL:4030036"	"early spermatid"	"other"	"SN194"	NA	6
"CAGATCAGTGTGTGCC"	""	"ERX6700419"	"ERP132580"	"testis"	"Late_Round_spermatids"	NA	NA	NA	"CL:4030036"	"early spermatid"	"other"	"SN194"	NA	6
"CAGATCATCAGTCAGT"	""	"ERX6700419"	"ERP132580"	"testis"	"Early_Round_spermatids"	NA	NA	NA	"CL:4030036"	"early spermatid"	"perfect match"	"SN194"	NA	8
"CAGATCATCATAACCG"	""	"ERX6700419"	"ERP132580"	"testis"	"Early_Round_spermatids"	NA	NA	NA	"CL:4030036"	"early spermatid"	"perfect match"	"SN194"	NA	8
"CAGATCATCGCCCTTA"	""	"ERX6700419"	"ERP132580"	"testis"	"Leptotene_Spermatocytes"	NA	NA	NA	"CL:0000017"	"spermatocyte"	"missing child term"	"SN194"	NA	11
"CAGATCATCGTTACAG"	""	"ERX6700419"	"ERP132580"	"testis"	"Pachytene_Spermatocytes"	NA	NA	NA	"CL:0000017"	"spermatocyte"	"missing child term"	"SN194"	NA	4
"CAGCAGCAGACAGACC"	""	"ERX6700419"	"ERP132580"	"testis"	"Pachytene_Spermatocytes"	NA	NA	NA	"CL:0000017"	"spermatocyte"	"missing child term"	"SN194"	NA	4
"CAGCAGCAGCCCTAAT"	""	"ERX6700419"	"ERP132580"	"testis"	"Early_Round_spermatids"	NA	NA	NA	"CL:4030036"	"early spermatid"	"perfect match"	"SN194"	NA	8
"CAGCAGCGTCCGTGAC"	""	"ERX6700419"	"ERP132580"	"testis"	"Leptotene_Spermatocytes"	NA	NA	NA	"CL:0000017"	"spermatocyte"	"missing child term"	"SN194"	NA	11
"CAGCAGCGTCGGCACT"	""	"ERX6700419"	"ERP132580"	"testis"	"Undifferentiated_Spermatogonia"	NA	NA	NA	"CL:0000016"	"male germ line stem cell"	"other"	"SN194"	NA	9
"CAGCAGCGTTATGTGC"	""	"ERX6700419"	"ERP132580"	"testis"	"Sertoli"	NA	NA	NA	"CL:0000216"	"Sertoli cell"	"perfect match"	"SN194"	NA	3
"CAGCAGCGTTCAGTAC"	""	"ERX6700419"	"ERP132580"	"testis"	"Pachytene_Spermatocytes"	NA	NA	NA	"CL:0000017"	"spermatocyte"	"missing child term"	"SN194"	NA	4
"CAGCAGCTCACATACG"	""	"ERX6700419"	"ERP132580"	"testis"	"Late_Round_spermatids"	NA	NA	NA	"CL:4030036"	"early spermatid"	"other"	"SN194"	NA	6
"CAGCAGCTCCCTCAGT"	""	"ERX6700419"	"ERP132580"	"testis"	"Early_Round_spermatids"	NA	NA	NA	"CL:4030036"	"early spermatid"	"perfect match"	"SN194"	NA	8
"CAGCAGCTCCGAAGAG"	""	"ERX6700419"	"ERP132580"	"testis"	"Sertoli"	NA	NA	NA	"CL:0000216"	"Sertoli cell"	"perfect match"	"SN194"	NA	3
"CAGCAGCTCCTTTCGG"	""	"ERX6700419"	"ERP132580"	"testis"	"Pachytene_Spermatocytes"	NA	NA	NA	"CL:0000017"	"spermatocyte"	"missing child term"	"SN194"	NA	4
"CAGCATACAGCTGTTA"	""	"ERX6700419"	"ERP132580"	"testis"	"Other_somatic"	NA	NA	NA	"CL:0002371"	"somatic cell"	"perfect match"	"SN194"	NA	1
"CAGCATACAGTTCATG"	""	"ERX6700419"	"ERP132580"	"testis"	"Leptotene_Spermatocytes"	NA	NA	NA	"CL:0000017"	"spermatocyte"	"missing child term"	"SN194"	NA	11
"CAGCATAGTGTGAAAT"	""	"ERX6700419"	"ERP132580"	"testis"	"Other_somatic"	NA	NA	NA	"CL:0002371"	"somatic cell"	"perfect match"	"SN194"	NA	1
"CAGCATAGTTGACGTT"	""	"ERX6700419"	"ERP132580"	"testis"	"Leptotene_Spermatocytes"	NA	NA	NA	"CL:0000017"	"spermatocyte"	"missing child term"	"SN194"	NA	11
"CAGCATATCCCATTAT"	""	"ERX6700419"	"ERP132580"	"testis"	"Zygotene_Spermatocytes"	NA	NA	NA	"CL:0000017"	"spermatocyte"	"missing child term"	"SN194"	NA	5
"CAGCCGAAGCACCGCT"	""	"ERX6700419"	"ERP132580"	"testis"	"Sertoli"	NA	NA	NA	"CL:0000216"	"Sertoli cell"	"perfect match"	"SN194"	NA	3
"CAGCCGAAGTCAATAG"	""	"ERX6700419"	"ERP132580"	"testis"	"Other_somatic"	NA	NA	NA	"CL:0002371"	"somatic cell"	"perfect match"	"SN194"	NA	1
"CAGCCGAAGTGAACAT"	""	"ERX6700419"	"ERP132580"	"testis"	"Differentiated_Spermatogonia"	NA	NA	NA	"CL:0000020"	"spermatogonium"	"perfect match"	"SN194"	NA	7
"CAGCCGAAGTTAGCGG"	""	"ERX6700419"	"ERP132580"	"testis"	"Other_somatic"	NA	NA	NA	"CL:0002371"	"somatic cell"	"perfect match"	"SN194"	NA	1
"CAGCCGACAACGATGG"	""	"ERX6700419"	"ERP132580"	"testis"	"Sertoli"	NA	NA	NA	"CL:0000216"	"Sertoli cell"	"perfect match"	"SN194"	NA	3
"CAGCCGATCCAGAGGA"	""	"ERX6700419"	"ERP132580"	"testis"	"Zygotene_Spermatocytes"	NA	NA	NA	"CL:0000017"	"spermatocyte"	"missing child term"	"SN194"	NA	5
"CAGCCGATCTTATCTG"	""	"ERX6700419"	"ERP132580"	"testis"	"Elongated_spermatids"	NA	NA	NA	"CL:4030037"	"late spermatid"	"perfect match"	"SN194"	NA	2
"CAGCGACAGACCTAGG"	""	"ERX6700419"	"ERP132580"	"testis"	"Undifferentiated_Spermatogonia"	NA	NA	NA	"CL:0000016"	"male germ line stem cell"	"other"	"SN194"	NA	9
"CAGCGACAGTGTTAGA"	""	"ERX6700419"	"ERP132580"	"testis"	"Early_Round_spermatids"	NA	NA	NA	"CL:4030036"	"early spermatid"	"perfect match"	"SN194"	NA	8
"CAGCGACTCGGCGCTA"	""	"ERX6700419"	"ERP132580"	"testis"	"Other_somatic"	NA	NA	NA	"CL:0002371"	"somatic cell"	"perfect match"	"SN194"	NA	1
"CAGCTAAAGAACAACT"	""	"ERX6700419"	"ERP132580"	"testis"	"Early_Round_spermatids"	NA	NA	NA	"CL:4030036"	"early spermatid"	"perfect match"	"SN194"	NA	8
"CAGCTAAAGATCCCAT"	""	"ERX6700419"	"ERP132580"	"testis"	"Elongated_spermatids"	NA	NA	NA	"CL:4030037"	"late spermatid"	"perfect match"	"SN194"	NA	2
"CAGCTAAAGCTCCCAG"	""	"ERX6700419"	"ERP132580"	"testis"	"Zygotene_Spermatocytes"	NA	NA	NA	"CL:0000017"	"spermatocyte"	"missing child term"	"SN194"	NA	5
"CAGCTAACAAGCCGTC"	""	"ERX6700419"	"ERP132580"	"testis"	"Leptotene_Spermatocytes"	NA	NA	NA	"CL:0000017"	"spermatocyte"	"missing child term"	"SN194"	NA	11
"CAGCTAAGTCTCTTTA"	""	"ERX6700419"	"ERP132580"	"testis"	"Undifferentiated_Spermatogonia"	NA	NA	NA	"CL:0000016"	"male germ line stem cell"	"other"	"SN194"	NA	9
"CAGCTAATCACGAAGG"	""	"ERX6700419"	"ERP132580"	"testis"	"Late_Round_spermatids"	NA	NA	NA	"CL:4030036"	"early spermatid"	"other"	"SN194"	NA	6
"CAGCTAATCCTAGTGA"	""	"ERX6700419"	"ERP132580"	"testis"	"Sertoli"	NA	NA	NA	"CL:0000216"	"Sertoli cell"	"perfect match"	"SN194"	NA	3
"CAGCTAATCGCCTGTT"	""	"ERX6700419"	"ERP132580"	"testis"	"Other_somatic"	NA	NA	NA	"CL:0002371"	"somatic cell"	"perfect match"	"SN194"	NA	1
"CAGCTAATCTGATACG"	""	"ERX6700419"	"ERP132580"	"testis"	"Zygotene_Spermatocytes"	NA	NA	NA	"CL:0000017"	"spermatocyte"	"missing child term"	"SN194"	NA	5
"CAGCTGGAGACGCTTT"	""	"ERX6700419"	"ERP132580"	"testis"	"Early_Round_spermatids"	NA	NA	NA	"CL:4030036"	"early spermatid"	"perfect match"	"SN194"	NA	8
"CAGCTGGAGGATATAC"	""	"ERX6700419"	"ERP132580"	"testis"	"Leptotene_Spermatocytes"	NA	NA	NA	"CL:0000017"	"spermatocyte"	"missing child term"	"SN194"	NA	11
"CAGCTGGAGGTGATTA"	""	"ERX6700419"	"ERP132580"	"testis"	"Other_somatic"	NA	NA	NA	"CL:0002371"	"somatic cell"	"perfect match"	"SN194"	NA	1
"CAGCTGGGTATAGTAG"	""	"ERX6700419"	"ERP132580"	"testis"	"Undifferentiated_Spermatogonia"	NA	NA	NA	"CL:0000016"	"male germ line stem cell"	"other"	"SN194"	NA	9
"CAGCTGGTCCTAGAAC"	""	"ERX6700419"	"ERP132580"	"testis"	"Sertoli"	NA	NA	NA	"CL:0000216"	"Sertoli cell"	"perfect match"	"SN194"	NA	3
"CAGCTGGTCGGCGCAT"	""	"ERX6700419"	"ERP132580"	"testis"	"Undifferentiated_Spermatogonia"	NA	NA	NA	"CL:0000016"	"male germ line stem cell"	"other"	"SN194"	NA	9
"CAGGTGCAGAGTGACC"	""	"ERX6700419"	"ERP132580"	"testis"	"Sertoli"	NA	NA	NA	"CL:0000216"	"Sertoli cell"	"perfect match"	"SN194"	NA	3
"CAGGTGCCACGAAGCA"	""	"ERX6700419"	"ERP132580"	"testis"	"Pachytene_Spermatocytes"	NA	NA	NA	"CL:0000017"	"spermatocyte"	"missing child term"	"SN194"	NA	4
"CAGGTGCCATCATCCC"	""	"ERX6700419"	"ERP132580"	"testis"	"Pachytene_Spermatocytes"	NA	NA	NA	"CL:0000017"	"spermatocyte"	"missing child term"	"SN194"	NA	4
"CAGGTGCGTCGAAAGC"	""	"ERX6700419"	"ERP132580"	"testis"	"Sertoli"	NA	NA	NA	"CL:0000216"	"Sertoli cell"	"perfect match"	"SN194"	NA	3
"CAGGTGCTCTCACATT"	""	"ERX6700419"	"ERP132580"	"testis"	"Zygotene_Spermatocytes"	NA	NA	NA	"CL:0000017"	"spermatocyte"	"missing child term"	"SN194"	NA	5
"CAGGTGCTCTTTAGTC"	""	"ERX6700419"	"ERP132580"	"testis"	"Late_Round_spermatids"	NA	NA	NA	"CL:4030036"	"early spermatid"	"other"	"SN194"	NA	6
"CAGTAACAGAAGGCCT"	""	"ERX6700419"	"ERP132580"	"testis"	"Pachytene_Spermatocytes"	NA	NA	NA	"CL:0000017"	"spermatocyte"	"missing child term"	"SN194"	NA	4
"CAGTAACAGCCACGTC"	""	"ERX6700419"	"ERP132580"	"testis"	"Pachytene_Spermatocytes"	NA	NA	NA	"CL:0000017"	"spermatocyte"	"missing child term"	"SN194"	NA	4
"CAGTAACAGCCAGTTT"	""	"ERX6700419"	"ERP132580"	"testis"	"Undifferentiated_Spermatogonia"	NA	NA	NA	"CL:0000016"	"male germ line stem cell"	"other"	"SN194"	NA	9
"CAGTAACGTGTGCGTC"	""	"ERX6700419"	"ERP132580"	"testis"	"Sertoli"	NA	NA	NA	"CL:0000216"	"Sertoli cell"	"perfect match"	"SN194"	NA	3
"CAGTAACGTTAAGACA"	""	"ERX6700419"	"ERP132580"	"testis"	"Pachytene_Spermatocytes"	NA	NA	NA	"CL:0000017"	"spermatocyte"	"missing child term"	"SN194"	NA	4
"CAGTAACTCAATCTCT"	""	"ERX6700419"	"ERP132580"	"testis"	"Elongated_spermatids"	NA	NA	NA	"CL:4030037"	"late spermatid"	"perfect match"	"SN194"	NA	2
"CAGTAACTCCGCATCT"	""	"ERX6700419"	"ERP132580"	"testis"	"Early_Round_spermatids"	NA	NA	NA	"CL:4030036"	"early spermatid"	"perfect match"	"SN194"	NA	8
"CAGTAACTCGGAAATA"	""	"ERX6700419"	"ERP132580"	"testis"	"Leptotene_Spermatocytes"	NA	NA	NA	"CL:0000017"	"spermatocyte"	"missing child term"	"SN194"	NA	11
"CAGTCCTAGGTTACCT"	""	"ERX6700419"	"ERP132580"	"testis"	"Undifferentiated_Spermatogonia"	NA	NA	NA	"CL:0000016"	"male germ line stem cell"	"other"	"SN194"	NA	9
"CAGTCCTGTCAGAGGT"	""	"ERX6700419"	"ERP132580"	"testis"	"Other_somatic"	NA	NA	NA	"CL:0002371"	"somatic cell"	"perfect match"	"SN194"	NA	1
"CAGTCCTGTCCCTTGT"	""	"ERX6700419"	"ERP132580"	"testis"	"Zygotene_Spermatocytes"	NA	NA	NA	"CL:0000017"	"spermatocyte"	"missing child term"	"SN194"	NA	5
"CAGTCCTGTGCACCAC"	""	"ERX6700419"	"ERP132580"	"testis"	"Differentiated_Spermatogonia"	NA	NA	NA	"CL:0000020"	"spermatogonium"	"perfect match"	"SN194"	NA	7
"CAGTCCTGTGCAGACA"	""	"ERX6700419"	"ERP132580"	"testis"	"Undifferentiated_Spermatogonia"	NA	NA	NA	"CL:0000016"	"male germ line stem cell"	"other"	"SN194"	NA	9
"CAGTCCTGTGCTCTTC"	""	"ERX6700419"	"ERP132580"	"testis"	"Sertoli"	NA	NA	NA	"CL:0000216"	"Sertoli cell"	"perfect match"	"SN194"	NA	3
"CAGTCCTTCTATGTGG"	""	"ERX6700419"	"ERP132580"	"testis"	"Sertoli"	NA	NA	NA	"CL:0000216"	"Sertoli cell"	"perfect match"	"SN194"	NA	3
"CATATGGAGACTAGAT"	""	"ERX6700419"	"ERP132580"	"testis"	"Early_Round_spermatids"	NA	NA	NA	"CL:4030036"	"early spermatid"	"perfect match"	"SN194"	NA	8
"CATATGGCAATGAAAC"	""	"ERX6700419"	"ERP132580"	"testis"	"Late_Round_spermatids"	NA	NA	NA	"CL:4030036"	"early spermatid"	"other"	"SN194"	NA	6
"CATATGGCAATTCCTT"	""	"ERX6700419"	"ERP132580"	"testis"	"Early_Round_spermatids"	NA	NA	NA	"CL:4030036"	"early spermatid"	"perfect match"	"SN194"	NA	8
"CATATGGCACGTGAGA"	""	"ERX6700419"	"ERP132580"	"testis"	"Sertoli"	NA	NA	NA	"CL:0000216"	"Sertoli cell"	"perfect match"	"SN194"	NA	3
"CATATGGGTCTCTCTG"	""	"ERX6700419"	"ERP132580"	"testis"	"Sertoli"	NA	NA	NA	"CL:0000216"	"Sertoli cell"	"perfect match"	"SN194"	NA	3
"CATATGGTCAGCTGGC"	""	"ERX6700419"	"ERP132580"	"testis"	"Pachytene_Spermatocytes"	NA	NA	NA	"CL:0000017"	"spermatocyte"	"missing child term"	"SN194"	NA	4
"CATATGGTCCTATTCA"	""	"ERX6700419"	"ERP132580"	"testis"	"Sertoli"	NA	NA	NA	"CL:0000216"	"Sertoli cell"	"perfect match"	"SN194"	NA	3
"CATATGGTCCTCAATT"	""	"ERX6700419"	"ERP132580"	"testis"	"Late_Round_spermatids"	NA	NA	NA	"CL:4030036"	"early spermatid"	"other"	"SN194"	NA	6
"CATATTCAGAGGGATA"	""	"ERX6700419"	"ERP132580"	"testis"	"Zygotene_Spermatocytes"	NA	NA	NA	"CL:0000017"	"spermatocyte"	"missing child term"	"SN194"	NA	5
"CATATTCAGGCGTACA"	""	"ERX6700419"	"ERP132580"	"testis"	"Sertoli"	NA	NA	NA	"CL:0000216"	"Sertoli cell"	"perfect match"	"SN194"	NA	3
"CATATTCAGTTTCCTT"	""	"ERX6700419"	"ERP132580"	"testis"	"Early_Round_spermatids"	NA	NA	NA	"CL:4030036"	"early spermatid"	"perfect match"	"SN194"	NA	8
"CATATTCCAGGTGCCT"	""	"ERX6700419"	"ERP132580"	"testis"	"Other_somatic"	NA	NA	NA	"CL:0002371"	"somatic cell"	"perfect match"	"SN194"	NA	1
"CATATTCCATTCTTAC"	""	"ERX6700419"	"ERP132580"	"testis"	"Zygotene_Spermatocytes"	NA	NA	NA	"CL:0000017"	"spermatocyte"	"missing child term"	"SN194"	NA	5
"CATATTCTCACCGGGT"	""	"ERX6700419"	"ERP132580"	"testis"	"Other_somatic"	NA	NA	NA	"CL:0002371"	"somatic cell"	"perfect match"	"SN194"	NA	1
"CATATTCTCTGTCAAG"	""	"ERX6700419"	"ERP132580"	"testis"	"Early_Round_spermatids"	NA	NA	NA	"CL:4030036"	"early spermatid"	"perfect match"	"SN194"	NA	8
"CATCAAGCACATGGGA"	""	"ERX6700419"	"ERP132580"	"testis"	"Early_Round_spermatids"	NA	NA	NA	"CL:4030036"	"early spermatid"	"perfect match"	"SN194"	NA	8
"CATCAAGGTACAGTTC"	""	"ERX6700419"	"ERP132580"	"testis"	"Sertoli"	NA	NA	NA	"CL:0000216"	"Sertoli cell"	"perfect match"	"SN194"	NA	3
"CATCAAGGTCAGTGGA"	""	"ERX6700419"	"ERP132580"	"testis"	"Zygotene_Spermatocytes"	NA	NA	NA	"CL:0000017"	"spermatocyte"	"missing child term"	"SN194"	NA	5
"CATCAAGGTCGGCATC"	""	"ERX6700419"	"ERP132580"	"testis"	"Early_Round_spermatids"	NA	NA	NA	"CL:4030036"	"early spermatid"	"perfect match"	"SN194"	NA	8
"CATCAAGGTCGGCTCA"	""	"ERX6700419"	"ERP132580"	"testis"	"Late_Round_spermatids"	NA	NA	NA	"CL:4030036"	"early spermatid"	"other"	"SN194"	NA	6
"CATCAAGTCGATGAGG"	""	"ERX6700419"	"ERP132580"	"testis"	"Other_somatic"	NA	NA	NA	"CL:0002371"	"somatic cell"	"perfect match"	"SN194"	NA	1
"CATCAGAAGAATTGTG"	""	"ERX6700419"	"ERP132580"	"testis"	"Late_Round_spermatids"	NA	NA	NA	"CL:4030036"	"early spermatid"	"other"	"SN194"	NA	6
"CATCAGAAGCCTATGT"	""	"ERX6700419"	"ERP132580"	"testis"	"Zygotene_Spermatocytes"	NA	NA	NA	"CL:0000017"	"spermatocyte"	"missing child term"	"SN194"	NA	5
"CATCAGAGTTCCGTCT"	""	"ERX6700419"	"ERP132580"	"testis"	"Pachytene_Spermatocytes"	NA	NA	NA	"CL:0000017"	"spermatocyte"	"missing child term"	"SN194"	NA	4
"CATCAGATCAGCTCGG"	""	"ERX6700419"	"ERP132580"	"testis"	"Sertoli"	NA	NA	NA	"CL:0000216"	"Sertoli cell"	"perfect match"	"SN194"	NA	3
"CATCCACAGCGTTTAC"	""	"ERX6700419"	"ERP132580"	"testis"	"Zygotene_Spermatocytes"	NA	NA	NA	"CL:0000017"	"spermatocyte"	"missing child term"	"SN194"	NA	5
"CATCCACAGTCCATAC"	""	"ERX6700419"	"ERP132580"	"testis"	"Other_somatic"	NA	NA	NA	"CL:0002371"	"somatic cell"	"perfect match"	"SN194"	NA	1
"CATCCACCAGACAGGT"	""	"ERX6700419"	"ERP132580"	"testis"	"Sertoli"	NA	NA	NA	"CL:0000216"	"Sertoli cell"	"perfect match"	"SN194"	NA	3
"CATCCACCAGCATACT"	""	"ERX6700419"	"ERP132580"	"testis"	"Zygotene_Spermatocytes"	NA	NA	NA	"CL:0000017"	"spermatocyte"	"missing child term"	"SN194"	NA	5
"CATCCACGTACCTACA"	""	"ERX6700419"	"ERP132580"	"testis"	"Sertoli"	NA	NA	NA	"CL:0000216"	"Sertoli cell"	"perfect match"	"SN194"	NA	3
"CATCCACTCTGGAGCC"	""	"ERX6700419"	"ERP132580"	"testis"	"Other_somatic"	NA	NA	NA	"CL:0002371"	"somatic cell"	"perfect match"	"SN194"	NA	1
"CATCGAAAGGTGCTAG"	""	"ERX6700419"	"ERP132580"	"testis"	"Sertoli"	NA	NA	NA	"CL:0000216"	"Sertoli cell"	"perfect match"	"SN194"	NA	3
"CATCGAAGTATTCGTG"	""	"ERX6700419"	"ERP132580"	"testis"	"Late_Round_spermatids"	NA	NA	NA	"CL:4030036"	"early spermatid"	"other"	"SN194"	NA	6
"CATCGAAGTCTACCTC"	""	"ERX6700419"	"ERP132580"	"testis"	"Leptotene_Spermatocytes"	NA	NA	NA	"CL:0000017"	"spermatocyte"	"missing child term"	"SN194"	NA	11
"CATCGAAGTCTCCATC"	""	"ERX6700419"	"ERP132580"	"testis"	"Late_Round_spermatids"	NA	NA	NA	"CL:4030036"	"early spermatid"	"other"	"SN194"	NA	6
"CATCGAATCAACACCA"	""	"ERX6700419"	"ERP132580"	"testis"	"Leptotene_Spermatocytes"	NA	NA	NA	"CL:0000017"	"spermatocyte"	"missing child term"	"SN194"	NA	11
"CATCGGGGTGATAAGT"	""	"ERX6700419"	"ERP132580"	"testis"	"Sertoli"	NA	NA	NA	"CL:0000216"	"Sertoli cell"	"perfect match"	"SN194"	NA	3
"CATCGGGTCCACTCCA"	""	"ERX6700419"	"ERP132580"	"testis"	"Other_somatic"	NA	NA	NA	"CL:0002371"	"somatic cell"	"perfect match"	"SN194"	NA	1
"CATCGGGTCCTCCTAG"	""	"ERX6700419"	"ERP132580"	"testis"	"Other_somatic"	NA	NA	NA	"CL:0002371"	"somatic cell"	"perfect match"	"SN194"	NA	1
"CATCGGGTCTGCGGCA"	""	"ERX6700419"	"ERP132580"	"testis"	"Differentiated_Spermatogonia"	NA	NA	NA	"CL:0000020"	"spermatogonium"	"perfect match"	"SN194"	NA	7
"CATGACAGTCATCGGC"	""	"ERX6700419"	"ERP132580"	"testis"	"Late_Round_spermatids"	NA	NA	NA	"CL:4030036"	"early spermatid"	"other"	"SN194"	NA	6
"CATGACAGTCTCAACA"	""	"ERX6700419"	"ERP132580"	"testis"	"Early_Round_spermatids"	NA	NA	NA	"CL:4030036"	"early spermatid"	"perfect match"	"SN194"	NA	8
"CATGCCTAGCGATCCC"	""	"ERX6700419"	"ERP132580"	"testis"	"Pachytene_Spermatocytes"	NA	NA	NA	"CL:0000017"	"spermatocyte"	"missing child term"	"SN194"	NA	4
"CATGCCTCAATCCGAT"	""	"ERX6700419"	"ERP132580"	"testis"	"Zygotene_Spermatocytes"	NA	NA	NA	"CL:0000017"	"spermatocyte"	"missing child term"	"SN194"	NA	5
"CATGCCTCAGCCTGTG"	""	"ERX6700419"	"ERP132580"	"testis"	"Undifferentiated_Spermatogonia"	NA	NA	NA	"CL:0000016"	"male germ line stem cell"	"other"	"SN194"	NA	9
"CATGCCTGTAAGGATT"	""	"ERX6700419"	"ERP132580"	"testis"	"Other_somatic"	NA	NA	NA	"CL:0002371"	"somatic cell"	"perfect match"	"SN194"	NA	1
"CATGCCTGTTCACGGC"	""	"ERX6700419"	"ERP132580"	"testis"	"Sertoli"	NA	NA	NA	"CL:0000216"	"Sertoli cell"	"perfect match"	"SN194"	NA	3
"CATGCCTGTTGGTTTG"	""	"ERX6700419"	"ERP132580"	"testis"	"Sertoli"	NA	NA	NA	"CL:0000216"	"Sertoli cell"	"perfect match"	"SN194"	NA	3
"CATGCCTTCCATTCTA"	""	"ERX6700419"	"ERP132580"	"testis"	"Pachytene_Spermatocytes"	NA	NA	NA	"CL:0000017"	"spermatocyte"	"missing child term"	"SN194"	NA	4
"CATGGCGCACACGCTG"	""	"ERX6700419"	"ERP132580"	"testis"	"Other_somatic"	NA	NA	NA	"CL:0002371"	"somatic cell"	"perfect match"	"SN194"	NA	1
"CATGGCGGTCCGAATT"	""	"ERX6700419"	"ERP132580"	"testis"	"Late_Round_spermatids"	NA	NA	NA	"CL:4030036"	"early spermatid"	"other"	"SN194"	NA	6
"CATGGCGTCACGAAGG"	""	"ERX6700419"	"ERP132580"	"testis"	"Early_Round_spermatids"	NA	NA	NA	"CL:4030036"	"early spermatid"	"perfect match"	"SN194"	NA	8
"CATTATCAGAAACGCC"	""	"ERX6700419"	"ERP132580"	"testis"	"Undifferentiated_Spermatogonia"	NA	NA	NA	"CL:0000016"	"male germ line stem cell"	"other"	"SN194"	NA	9
"CATTATCAGACGCTTT"	""	"ERX6700419"	"ERP132580"	"testis"	"Differentiated_Spermatogonia"	NA	NA	NA	"CL:0000020"	"spermatogonium"	"perfect match"	"SN194"	NA	7
"CATTATCAGTGACTCT"	""	"ERX6700419"	"ERP132580"	"testis"	"Zygotene_Spermatocytes"	NA	NA	NA	"CL:0000017"	"spermatocyte"	"missing child term"	"SN194"	NA	5
"CATTATCGTATCAGTC"	""	"ERX6700419"	"ERP132580"	"testis"	"Undifferentiated_Spermatogonia"	NA	NA	NA	"CL:0000016"	"male germ line stem cell"	"other"	"SN194"	NA	9
"CATTATCGTATCTGCA"	""	"ERX6700419"	"ERP132580"	"testis"	"Other_somatic"	NA	NA	NA	"CL:0002371"	"somatic cell"	"perfect match"	"SN194"	NA	1
"CATTATCGTCGTCTTC"	""	"ERX6700419"	"ERP132580"	"testis"	"Sertoli"	NA	NA	NA	"CL:0000216"	"Sertoli cell"	"perfect match"	"SN194"	NA	3
"CATTATCGTCTGCCAG"	""	"ERX6700419"	"ERP132580"	"testis"	"Early_Round_spermatids"	NA	NA	NA	"CL:4030036"	"early spermatid"	"perfect match"	"SN194"	NA	8
"CATTATCGTGCATCTA"	""	"ERX6700419"	"ERP132580"	"testis"	"Zygotene_Spermatocytes"	NA	NA	NA	"CL:0000017"	"spermatocyte"	"missing child term"	"SN194"	NA	5
"CATTATCGTTGGTTTG"	""	"ERX6700419"	"ERP132580"	"testis"	"Pachytene_Spermatocytes"	NA	NA	NA	"CL:0000017"	"spermatocyte"	"missing child term"	"SN194"	NA	4
"CATTATCTCCGAGCCA"	""	"ERX6700419"	"ERP132580"	"testis"	"Other_somatic"	NA	NA	NA	"CL:0002371"	"somatic cell"	"perfect match"	"SN194"	NA	1
"CATTCGCAGATCGATA"	""	"ERX6700419"	"ERP132580"	"testis"	"Other_somatic"	NA	NA	NA	"CL:0002371"	"somatic cell"	"perfect match"	"SN194"	NA	1
"CATTCGCCAAGTAGTA"	""	"ERX6700419"	"ERP132580"	"testis"	"Sertoli"	NA	NA	NA	"CL:0000216"	"Sertoli cell"	"perfect match"	"SN194"	NA	3
"CATTCGCCAGTAAGAT"	""	"ERX6700419"	"ERP132580"	"testis"	"Undifferentiated_Spermatogonia"	NA	NA	NA	"CL:0000016"	"male germ line stem cell"	"other"	"SN194"	NA	9
"CATTCGCGTACCGTAT"	""	"ERX6700419"	"ERP132580"	"testis"	"Sertoli"	NA	NA	NA	"CL:0000216"	"Sertoli cell"	"perfect match"	"SN194"	NA	3
"CCAATCCCATTCTCAT"	""	"ERX6700419"	"ERP132580"	"testis"	"Early_Round_spermatids"	NA	NA	NA	"CL:4030036"	"early spermatid"	"perfect match"	"SN194"	NA	8
"CCAATCCGTATATGAG"	""	"ERX6700419"	"ERP132580"	"testis"	"Sertoli"	NA	NA	NA	"CL:0000216"	"Sertoli cell"	"perfect match"	"SN194"	NA	3
"CCAATCCTCCACGCAG"	""	"ERX6700419"	"ERP132580"	"testis"	"Zygotene_Spermatocytes"	NA	NA	NA	"CL:0000017"	"spermatocyte"	"missing child term"	"SN194"	NA	5
"CCAATCCTCCTGTACC"	""	"ERX6700419"	"ERP132580"	"testis"	"Zygotene_Spermatocytes"	NA	NA	NA	"CL:0000017"	"spermatocyte"	"missing child term"	"SN194"	NA	5
"CCAATCCTCCTTGGTC"	""	"ERX6700419"	"ERP132580"	"testis"	"Sertoli"	NA	NA	NA	"CL:0000216"	"Sertoli cell"	"perfect match"	"SN194"	NA	3
"CCAATCCTCGTACCGG"	""	"ERX6700419"	"ERP132580"	"testis"	"Sertoli"	NA	NA	NA	"CL:0000216"	"Sertoli cell"	"perfect match"	"SN194"	NA	3
"CCACCTAAGCCACGTC"	""	"ERX6700419"	"ERP132580"	"testis"	"Differentiated_Spermatogonia"	NA	NA	NA	"CL:0000020"	"spermatogonium"	"perfect match"	"SN194"	NA	7
"CCACCTACACCACGTG"	""	"ERX6700419"	"ERP132580"	"testis"	"Other_somatic"	NA	NA	NA	"CL:0002371"	"somatic cell"	"perfect match"	"SN194"	NA	1
"CCACCTACACTGTTAG"	""	"ERX6700419"	"ERP132580"	"testis"	"Other_somatic"	NA	NA	NA	"CL:0002371"	"somatic cell"	"perfect match"	"SN194"	NA	1
"CCACCTACATCTCCCA"	""	"ERX6700419"	"ERP132580"	"testis"	"Undifferentiated_Spermatogonia"	NA	NA	NA	"CL:0000016"	"male germ line stem cell"	"other"	"SN194"	NA	9
"CCACCTAGTGCATCTA"	""	"ERX6700419"	"ERP132580"	"testis"	"Pachytene_Spermatocytes"	NA	NA	NA	"CL:0000017"	"spermatocyte"	"missing child term"	"SN194"	NA	4
"CCACCTAGTTCCCTTG"	""	"ERX6700419"	"ERP132580"	"testis"	"Elongated_spermatids"	NA	NA	NA	"CL:4030037"	"late spermatid"	"perfect match"	"SN194"	NA	2
"CCACGGAAGTAGATGT"	""	"ERX6700419"	"ERP132580"	"testis"	"Leptotene_Spermatocytes"	NA	NA	NA	"CL:0000017"	"spermatocyte"	"missing child term"	"SN194"	NA	11
"CCACGGACAAGCGCTC"	""	"ERX6700419"	"ERP132580"	"testis"	"Differentiated_Spermatogonia"	NA	NA	NA	"CL:0000020"	"spermatogonium"	"perfect match"	"SN194"	NA	7
"CCACGGACAGTCTTCC"	""	"ERX6700419"	"ERP132580"	"testis"	"Late_Round_spermatids"	NA	NA	NA	"CL:4030036"	"early spermatid"	"other"	"SN194"	NA	6
"CCACGGAGTCTCCCTA"	""	"ERX6700419"	"ERP132580"	"testis"	"Early_Round_spermatids"	NA	NA	NA	"CL:4030036"	"early spermatid"	"perfect match"	"SN194"	NA	8
"CCACGGATCCTTGGTC"	""	"ERX6700419"	"ERP132580"	"testis"	"Zygotene_Spermatocytes"	NA	NA	NA	"CL:0000017"	"spermatocyte"	"missing child term"	"SN194"	NA	5
"CCACTACAGGCGTACA"	""	"ERX6700419"	"ERP132580"	"testis"	"Leptotene_Spermatocytes"	NA	NA	NA	"CL:0000017"	"spermatocyte"	"missing child term"	"SN194"	NA	11
"CCACTACAGGCTAGGT"	""	"ERX6700419"	"ERP132580"	"testis"	"Zygotene_Spermatocytes"	NA	NA	NA	"CL:0000017"	"spermatocyte"	"missing child term"	"SN194"	NA	5
"CCACTACCAGCTGCAC"	""	"ERX6700419"	"ERP132580"	"testis"	"Other_somatic"	NA	NA	NA	"CL:0002371"	"somatic cell"	"perfect match"	"SN194"	NA	1
"CCACTACGTCCGAACC"	""	"ERX6700419"	"ERP132580"	"testis"	"Elongated_spermatids"	NA	NA	NA	"CL:4030037"	"late spermatid"	"perfect match"	"SN194"	NA	2
"CCACTACGTCTCCACT"	""	"ERX6700419"	"ERP132580"	"testis"	"Late_Round_spermatids"	NA	NA	NA	"CL:4030036"	"early spermatid"	"other"	"SN194"	NA	6
"CCACTACGTGCACCAC"	""	"ERX6700419"	"ERP132580"	"testis"	"Other_somatic"	NA	NA	NA	"CL:0002371"	"somatic cell"	"perfect match"	"SN194"	NA	1
"CCACTACTCAGTACGT"	""	"ERX6700419"	"ERP132580"	"testis"	"Leptotene_Spermatocytes"	NA	NA	NA	"CL:0000017"	"spermatocyte"	"missing child term"	"SN194"	NA	11
"CCACTACTCTAACCGA"	""	"ERX6700419"	"ERP132580"	"testis"	"Differentiated_Spermatogonia"	NA	NA	NA	"CL:0000020"	"spermatogonium"	"perfect match"	"SN194"	NA	7
"CCAGCGAAGATGTGTA"	""	"ERX6700419"	"ERP132580"	"testis"	"Other_somatic"	NA	NA	NA	"CL:0002371"	"somatic cell"	"perfect match"	"SN194"	NA	1
"CCAGCGACACAGCCCA"	""	"ERX6700419"	"ERP132580"	"testis"	"Late_Round_spermatids"	NA	NA	NA	"CL:4030036"	"early spermatid"	"other"	"SN194"	NA	6
"CCAGCGACACGACGAA"	""	"ERX6700419"	"ERP132580"	"testis"	"Late_Round_spermatids"	NA	NA	NA	"CL:4030036"	"early spermatid"	"other"	"SN194"	NA	6
"CCAGCGAGTCAGAAGC"	""	"ERX6700419"	"ERP132580"	"testis"	"Sertoli"	NA	NA	NA	"CL:0000216"	"Sertoli cell"	"perfect match"	"SN194"	NA	3
"CCAGCGATCGGAGGTA"	""	"ERX6700419"	"ERP132580"	"testis"	"Pachytene_Spermatocytes"	NA	NA	NA	"CL:0000017"	"spermatocyte"	"missing child term"	"SN194"	NA	4
"CCATGTCAGAGCCTAG"	""	"ERX6700419"	"ERP132580"	"testis"	"Early_Round_spermatids"	NA	NA	NA	"CL:4030036"	"early spermatid"	"perfect match"	"SN194"	NA	8
"CCATGTCAGATCTGCT"	""	"ERX6700419"	"ERP132580"	"testis"	"Differentiated_Spermatogonia"	NA	NA	NA	"CL:0000020"	"spermatogonium"	"perfect match"	"SN194"	NA	7
"CCATGTCAGCTTATCG"	""	"ERX6700419"	"ERP132580"	"testis"	"Undifferentiated_Spermatogonia"	NA	NA	NA	"CL:0000016"	"male germ line stem cell"	"other"	"SN194"	NA	9
"CCATGTCGTACACCGC"	""	"ERX6700419"	"ERP132580"	"testis"	"Sertoli"	NA	NA	NA	"CL:0000216"	"Sertoli cell"	"perfect match"	"SN194"	NA	3
"CCATGTCGTTAAGACA"	""	"ERX6700419"	"ERP132580"	"testis"	"Leptotene_Spermatocytes"	NA	NA	NA	"CL:0000017"	"spermatocyte"	"missing child term"	"SN194"	NA	11
"CCATTCGAGACGACGT"	""	"ERX6700419"	"ERP132580"	"testis"	"Undifferentiated_Spermatogonia"	NA	NA	NA	"CL:0000016"	"male germ line stem cell"	"other"	"SN194"	NA	9
"CCATTCGAGTGCCATT"	""	"ERX6700419"	"ERP132580"	"testis"	"Undifferentiated_Spermatogonia"	NA	NA	NA	"CL:0000016"	"male germ line stem cell"	"other"	"SN194"	NA	9
"CCATTCGCAAGGCTCC"	""	"ERX6700419"	"ERP132580"	"testis"	"Zygotene_Spermatocytes"	NA	NA	NA	"CL:0000017"	"spermatocyte"	"missing child term"	"SN194"	NA	5
"CCATTCGCACCATGTA"	""	"ERX6700419"	"ERP132580"	"testis"	"Sertoli"	NA	NA	NA	"CL:0000216"	"Sertoli cell"	"perfect match"	"SN194"	NA	3
"CCATTCGCATCGATTG"	""	"ERX6700419"	"ERP132580"	"testis"	"Late_Round_spermatids"	NA	NA	NA	"CL:4030036"	"early spermatid"	"other"	"SN194"	NA	6
"CCATTCGCATGCAACT"	""	"ERX6700419"	"ERP132580"	"testis"	"Sertoli"	NA	NA	NA	"CL:0000216"	"Sertoli cell"	"perfect match"	"SN194"	NA	3
"CCATTCGCATTACCTT"	""	"ERX6700419"	"ERP132580"	"testis"	"Early_Round_spermatids"	NA	NA	NA	"CL:4030036"	"early spermatid"	"perfect match"	"SN194"	NA	8
"CCATTCGGTATCGCAT"	""	"ERX6700419"	"ERP132580"	"testis"	"Other_somatic"	NA	NA	NA	"CL:0002371"	"somatic cell"	"perfect match"	"SN194"	NA	1
"CCATTCGGTCTAGAGG"	""	"ERX6700419"	"ERP132580"	"testis"	"Sertoli"	NA	NA	NA	"CL:0000216"	"Sertoli cell"	"perfect match"	"SN194"	NA	3
"CCATTCGGTCTTGATG"	""	"ERX6700419"	"ERP132580"	"testis"	"Pachytene_Spermatocytes"	NA	NA	NA	"CL:0000017"	"spermatocyte"	"missing child term"	"SN194"	NA	4
"CCATTCGTCAGTTTGG"	""	"ERX6700419"	"ERP132580"	"testis"	"Other_somatic"	NA	NA	NA	"CL:0002371"	"somatic cell"	"perfect match"	"SN194"	NA	1
"CCCAATCAGACTAAGT"	""	"ERX6700419"	"ERP132580"	"testis"	"Leptotene_Spermatocytes"	NA	NA	NA	"CL:0000017"	"spermatocyte"	"missing child term"	"SN194"	NA	11
"CCCAATCAGAGAACAG"	""	"ERX6700419"	"ERP132580"	"testis"	"Leptotene_Spermatocytes"	NA	NA	NA	"CL:0000017"	"spermatocyte"	"missing child term"	"SN194"	NA	11
"CCCAATCCAAACTGCT"	""	"ERX6700419"	"ERP132580"	"testis"	"Sertoli"	NA	NA	NA	"CL:0000216"	"Sertoli cell"	"perfect match"	"SN194"	NA	3
"CCCAATCCAGATGAGC"	""	"ERX6700419"	"ERP132580"	"testis"	"Pachytene_Spermatocytes"	NA	NA	NA	"CL:0000017"	"spermatocyte"	"missing child term"	"SN194"	NA	4
"CCCAATCCAGCTGTGC"	""	"ERX6700419"	"ERP132580"	"testis"	"Sertoli"	NA	NA	NA	"CL:0000216"	"Sertoli cell"	"perfect match"	"SN194"	NA	3
"CCCAATCGTACCATCA"	""	"ERX6700419"	"ERP132580"	"testis"	"Sertoli"	NA	NA	NA	"CL:0000216"	"Sertoli cell"	"perfect match"	"SN194"	NA	3
"CCCAATCGTCCGTTAA"	""	"ERX6700419"	"ERP132580"	"testis"	"Zygotene_Spermatocytes"	NA	NA	NA	"CL:0000017"	"spermatocyte"	"missing child term"	"SN194"	NA	5
"CCCAATCGTTACAGAA"	""	"ERX6700419"	"ERP132580"	"testis"	"Leptotene_Spermatocytes"	NA	NA	NA	"CL:0000017"	"spermatocyte"	"missing child term"	"SN194"	NA	11
"CCCAGTTAGCCGCCTA"	""	"ERX6700419"	"ERP132580"	"testis"	"Differentiated_Spermatogonia"	NA	NA	NA	"CL:0000020"	"spermatogonium"	"perfect match"	"SN194"	NA	7
"CCCAGTTCAAGTACCT"	""	"ERX6700419"	"ERP132580"	"testis"	"Pachytene_Spermatocytes"	NA	NA	NA	"CL:0000017"	"spermatocyte"	"missing child term"	"SN194"	NA	4
"CCCAGTTGTGTGAATA"	""	"ERX6700419"	"ERP132580"	"testis"	"Elongated_spermatids"	NA	NA	NA	"CL:4030037"	"late spermatid"	"perfect match"	"SN194"	NA	2
"CCCAGTTGTTAGAACA"	""	"ERX6700419"	"ERP132580"	"testis"	"Early_Round_spermatids"	NA	NA	NA	"CL:4030036"	"early spermatid"	"perfect match"	"SN194"	NA	8
"CCCAGTTTCCATTCTA"	""	"ERX6700419"	"ERP132580"	"testis"	"Other_somatic"	NA	NA	NA	"CL:0002371"	"somatic cell"	"perfect match"	"SN194"	NA	1
"CCCAGTTTCCGTTGTC"	""	"ERX6700419"	"ERP132580"	"testis"	"Undifferentiated_Spermatogonia"	NA	NA	NA	"CL:0000016"	"male germ line stem cell"	"other"	"SN194"	NA	9
"CCCATACAGAATTGTG"	""	"ERX6700419"	"ERP132580"	"testis"	"Elongated_spermatids"	NA	NA	NA	"CL:4030037"	"late spermatid"	"perfect match"	"SN194"	NA	2
"CCCATACAGACAGACC"	""	"ERX6700419"	"ERP132580"	"testis"	"Early_Round_spermatids"	NA	NA	NA	"CL:4030036"	"early spermatid"	"perfect match"	"SN194"	NA	8
"CCCATACAGATCTGAA"	""	"ERX6700419"	"ERP132580"	"testis"	"Zygotene_Spermatocytes"	NA	NA	NA	"CL:0000017"	"spermatocyte"	"missing child term"	"SN194"	NA	5
"CCCATACAGCACACAG"	""	"ERX6700419"	"ERP132580"	"testis"	"Sertoli"	NA	NA	NA	"CL:0000216"	"Sertoli cell"	"perfect match"	"SN194"	NA	3
"CCCATACAGTGTCCCG"	""	"ERX6700419"	"ERP132580"	"testis"	"Sertoli"	NA	NA	NA	"CL:0000216"	"Sertoli cell"	"perfect match"	"SN194"	NA	3
"CCCATACCATGCGCAC"	""	"ERX6700419"	"ERP132580"	"testis"	"Early_Round_spermatids"	NA	NA	NA	"CL:4030036"	"early spermatid"	"perfect match"	"SN194"	NA	8
"CCCATACGTAAGCACG"	""	"ERX6700419"	"ERP132580"	"testis"	"Late_Round_spermatids"	NA	NA	NA	"CL:4030036"	"early spermatid"	"other"	"SN194"	NA	6
"CCCATACGTTCACCTC"	""	"ERX6700419"	"ERP132580"	"testis"	"Other_somatic"	NA	NA	NA	"CL:0002371"	"somatic cell"	"perfect match"	"SN194"	NA	1
"CCCATACTCGACGGAA"	""	"ERX6700419"	"ERP132580"	"testis"	"Elongated_spermatids"	NA	NA	NA	"CL:4030037"	"late spermatid"	"perfect match"	"SN194"	NA	2
"CCCATACTCGCGATCG"	""	"ERX6700419"	"ERP132580"	"testis"	"Late_Round_spermatids"	NA	NA	NA	"CL:4030036"	"early spermatid"	"other"	"SN194"	NA	6
"CCCATACTCGGAATCT"	""	"ERX6700419"	"ERP132580"	"testis"	"Pachytene_Spermatocytes"	NA	NA	NA	"CL:0000017"	"spermatocyte"	"missing child term"	"SN194"	NA	4
"CCCATACTCGGCCGAT"	""	"ERX6700419"	"ERP132580"	"testis"	"Pachytene_Spermatocytes"	NA	NA	NA	"CL:0000017"	"spermatocyte"	"missing child term"	"SN194"	NA	4
"CCCTCCTAGGAGTTGC"	""	"ERX6700419"	"ERP132580"	"testis"	"Pachytene_Spermatocytes"	NA	NA	NA	"CL:0000017"	"spermatocyte"	"missing child term"	"SN194"	NA	4
"CCCTCCTAGGGCTCTC"	""	"ERX6700419"	"ERP132580"	"testis"	"Leptotene_Spermatocytes"	NA	NA	NA	"CL:0000017"	"spermatocyte"	"missing child term"	"SN194"	NA	11
"CCCTCCTAGTCTTGCA"	""	"ERX6700419"	"ERP132580"	"testis"	"Leptotene_Spermatocytes"	NA	NA	NA	"CL:0000017"	"spermatocyte"	"missing child term"	"SN194"	NA	11
"CCCTCCTAGTGTTTGC"	""	"ERX6700419"	"ERP132580"	"testis"	"Undifferentiated_Spermatogonia"	NA	NA	NA	"CL:0000016"	"male germ line stem cell"	"other"	"SN194"	NA	9
"CCCTCCTCACCCAGTG"	""	"ERX6700419"	"ERP132580"	"testis"	"Zygotene_Spermatocytes"	NA	NA	NA	"CL:0000017"	"spermatocyte"	"missing child term"	"SN194"	NA	5
"CCCTCCTCATTGAGCT"	""	"ERX6700419"	"ERP132580"	"testis"	"Sertoli"	NA	NA	NA	"CL:0000216"	"Sertoli cell"	"perfect match"	"SN194"	NA	3
"CCCTCCTGTGGTCCGT"	""	"ERX6700419"	"ERP132580"	"testis"	"Leptotene_Spermatocytes"	NA	NA	NA	"CL:0000017"	"spermatocyte"	"missing child term"	"SN194"	NA	11
"CCCTCCTTCACTTACT"	""	"ERX6700419"	"ERP132580"	"testis"	"Elongated_spermatids"	NA	NA	NA	"CL:4030037"	"late spermatid"	"perfect match"	"SN194"	NA	2
"CCGGGATAGGGCACTA"	""	"ERX6700419"	"ERP132580"	"testis"	"Late_Round_spermatids"	NA	NA	NA	"CL:4030036"	"early spermatid"	"other"	"SN194"	NA	6
"CCGGGATAGGTGACCA"	""	"ERX6700419"	"ERP132580"	"testis"	"Pachytene_Spermatocytes"	NA	NA	NA	"CL:0000017"	"spermatocyte"	"missing child term"	"SN194"	NA	4
"CCGGGATAGTCGATAA"	""	"ERX6700419"	"ERP132580"	"testis"	"Leptotene_Spermatocytes"	NA	NA	NA	"CL:0000017"	"spermatocyte"	"missing child term"	"SN194"	NA	11
"CCGGGATTCCCAAGTA"	""	"ERX6700419"	"ERP132580"	"testis"	"Early_Round_spermatids"	NA	NA	NA	"CL:4030036"	"early spermatid"	"perfect match"	"SN194"	NA	8
"CCGGTAGAGCCAGAAC"	""	"ERX6700419"	"ERP132580"	"testis"	"Other_somatic"	NA	NA	NA	"CL:0002371"	"somatic cell"	"perfect match"	"SN194"	NA	1
"CCGGTAGAGTACGCCC"	""	"ERX6700419"	"ERP132580"	"testis"	"Pachytene_Spermatocytes"	NA	NA	NA	"CL:0000017"	"spermatocyte"	"missing child term"	"SN194"	NA	4
"CCGGTAGGTTCAGCGC"	""	"ERX6700419"	"ERP132580"	"testis"	"Undifferentiated_Spermatogonia"	NA	NA	NA	"CL:0000016"	"male germ line stem cell"	"other"	"SN194"	NA	9
"CCGGTAGTCCACGACG"	""	"ERX6700419"	"ERP132580"	"testis"	"Sertoli"	NA	NA	NA	"CL:0000216"	"Sertoli cell"	"perfect match"	"SN194"	NA	3
"CCGTACTAGCGTAGTG"	""	"ERX6700419"	"ERP132580"	"testis"	"Other_somatic"	NA	NA	NA	"CL:0002371"	"somatic cell"	"perfect match"	"SN194"	NA	1
"CCGTACTCACGAGGTA"	""	"ERX6700419"	"ERP132580"	"testis"	"Zygotene_Spermatocytes"	NA	NA	NA	"CL:0000017"	"spermatocyte"	"missing child term"	"SN194"	NA	5
"CCGTACTGTAGCTTGT"	""	"ERX6700419"	"ERP132580"	"testis"	"Early_Round_spermatids"	NA	NA	NA	"CL:4030036"	"early spermatid"	"perfect match"	"SN194"	NA	8
"CCGTACTGTTACGTCA"	""	"ERX6700419"	"ERP132580"	"testis"	"Zygotene_Spermatocytes"	NA	NA	NA	"CL:0000017"	"spermatocyte"	"missing child term"	"SN194"	NA	5
"CCGTACTGTTTACTCT"	""	"ERX6700419"	"ERP132580"	"testis"	"Zygotene_Spermatocytes"	NA	NA	NA	"CL:0000017"	"spermatocyte"	"missing child term"	"SN194"	NA	5
"CCGTACTTCCATGAAC"	""	"ERX6700419"	"ERP132580"	"testis"	"Early_Round_spermatids"	NA	NA	NA	"CL:4030036"	"early spermatid"	"perfect match"	"SN194"	NA	8
"CCGTACTTCGTGGGAA"	""	"ERX6700419"	"ERP132580"	"testis"	"Other_somatic"	NA	NA	NA	"CL:0002371"	"somatic cell"	"perfect match"	"SN194"	NA	1
"CCGTACTTCTCAAACG"	""	"ERX6700419"	"ERP132580"	"testis"	"Undifferentiated_Spermatogonia"	NA	NA	NA	"CL:0000016"	"male germ line stem cell"	"other"	"SN194"	NA	9
"CCGTGGAAGAAGGTGA"	""	"ERX6700419"	"ERP132580"	"testis"	"Late_Round_spermatids"	NA	NA	NA	"CL:4030036"	"early spermatid"	"other"	"SN194"	NA	6
"CCGTGGAAGATGCCAG"	""	"ERX6700419"	"ERP132580"	"testis"	"Leptotene_Spermatocytes"	NA	NA	NA	"CL:0000017"	"spermatocyte"	"missing child term"	"SN194"	NA	11
"CCGTGGAAGCTAAACA"	""	"ERX6700419"	"ERP132580"	"testis"	"Sertoli"	NA	NA	NA	"CL:0000216"	"Sertoli cell"	"perfect match"	"SN194"	NA	3
"CCGTGGAAGGAGTTTA"	""	"ERX6700419"	"ERP132580"	"testis"	"Zygotene_Spermatocytes"	NA	NA	NA	"CL:0000017"	"spermatocyte"	"missing child term"	"SN194"	NA	5
"CCGTGGAAGTTTAGGA"	""	"ERX6700419"	"ERP132580"	"testis"	"Sertoli"	NA	NA	NA	"CL:0000216"	"Sertoli cell"	"perfect match"	"SN194"	NA	3
"CCGTGGACAAAGGCGT"	""	"ERX6700419"	"ERP132580"	"testis"	"Undifferentiated_Spermatogonia"	NA	NA	NA	"CL:0000016"	"male germ line stem cell"	"other"	"SN194"	NA	9
"CCGTGGAGTAACGCGA"	""	"ERX6700419"	"ERP132580"	"testis"	"Zygotene_Spermatocytes"	NA	NA	NA	"CL:0000017"	"spermatocyte"	"missing child term"	"SN194"	NA	5
"CCGTGGAGTGAGTGAC"	""	"ERX6700419"	"ERP132580"	"testis"	"Other_somatic"	NA	NA	NA	"CL:0002371"	"somatic cell"	"perfect match"	"SN194"	NA	1
"CCGTGGAGTGCAGACA"	""	"ERX6700419"	"ERP132580"	"testis"	"Elongated_spermatids"	NA	NA	NA	"CL:4030037"	"late spermatid"	"perfect match"	"SN194"	NA	2
"CCGTGGAGTGCGAAAC"	""	"ERX6700419"	"ERP132580"	"testis"	"Undifferentiated_Spermatogonia"	NA	NA	NA	"CL:0000016"	"male germ line stem cell"	"other"	"SN194"	NA	9
"CCGTGGATCGTAGGAG"	""	"ERX6700419"	"ERP132580"	"testis"	"Late_Round_spermatids"	NA	NA	NA	"CL:4030036"	"early spermatid"	"other"	"SN194"	NA	6
"CCGTTCAAGATCCTGT"	""	"ERX6700419"	"ERP132580"	"testis"	"Leptotene_Spermatocytes"	NA	NA	NA	"CL:0000017"	"spermatocyte"	"missing child term"	"SN194"	NA	11
"CCGTTCACAAGAAGAG"	""	"ERX6700419"	"ERP132580"	"testis"	"Pachytene_Spermatocytes"	NA	NA	NA	"CL:0000017"	"spermatocyte"	"missing child term"	"SN194"	NA	4
"CCGTTCACACAGACAG"	""	"ERX6700419"	"ERP132580"	"testis"	"Undifferentiated_Spermatogonia"	NA	NA	NA	"CL:0000016"	"male germ line stem cell"	"other"	"SN194"	NA	9
"CCGTTCACATCACCCT"	""	"ERX6700419"	"ERP132580"	"testis"	"Zygotene_Spermatocytes"	NA	NA	NA	"CL:0000017"	"spermatocyte"	"missing child term"	"SN194"	NA	5
"CCGTTCACATGAACCT"	""	"ERX6700419"	"ERP132580"	"testis"	"Leptotene_Spermatocytes"	NA	NA	NA	"CL:0000017"	"spermatocyte"	"missing child term"	"SN194"	NA	11
"CCGTTCAGTAAGAGGA"	""	"ERX6700419"	"ERP132580"	"testis"	"Other_somatic"	NA	NA	NA	"CL:0002371"	"somatic cell"	"perfect match"	"SN194"	NA	1
"CCGTTCAGTTCCACAA"	""	"ERX6700419"	"ERP132580"	"testis"	"Sertoli"	NA	NA	NA	"CL:0000216"	"Sertoli cell"	"perfect match"	"SN194"	NA	3
"CCGTTCATCGAATGGG"	""	"ERX6700419"	"ERP132580"	"testis"	"Late_Round_spermatids"	NA	NA	NA	"CL:4030036"	"early spermatid"	"other"	"SN194"	NA	6
"CCTAAAGAGAGGTACC"	""	"ERX6700419"	"ERP132580"	"testis"	"Undifferentiated_Spermatogonia"	NA	NA	NA	"CL:0000016"	"male germ line stem cell"	"other"	"SN194"	NA	9
"CCTAAAGAGGCTAGCA"	""	"ERX6700419"	"ERP132580"	"testis"	"Sertoli"	NA	NA	NA	"CL:0000216"	"Sertoli cell"	"perfect match"	"SN194"	NA	3
"CCTAAAGCAAACCCAT"	""	"ERX6700419"	"ERP132580"	"testis"	"Leptotene_Spermatocytes"	NA	NA	NA	"CL:0000017"	"spermatocyte"	"missing child term"	"SN194"	NA	11
"CCTAAAGCACACCGCA"	""	"ERX6700419"	"ERP132580"	"testis"	"Zygotene_Spermatocytes"	NA	NA	NA	"CL:0000017"	"spermatocyte"	"missing child term"	"SN194"	NA	5
"CCTAAAGCACGAAATA"	""	"ERX6700419"	"ERP132580"	"testis"	"Sertoli"	NA	NA	NA	"CL:0000216"	"Sertoli cell"	"perfect match"	"SN194"	NA	3
"CCTAAAGCAGATCTGT"	""	"ERX6700419"	"ERP132580"	"testis"	"Undifferentiated_Spermatogonia"	NA	NA	NA	"CL:0000016"	"male germ line stem cell"	"other"	"SN194"	NA	9
"CCTAAAGGTAGCGATG"	""	"ERX6700419"	"ERP132580"	"testis"	"Undifferentiated_Spermatogonia"	NA	NA	NA	"CL:0000016"	"male germ line stem cell"	"other"	"SN194"	NA	9
"CCTAAAGGTCATGCAT"	""	"ERX6700419"	"ERP132580"	"testis"	"Zygotene_Spermatocytes"	NA	NA	NA	"CL:0000017"	"spermatocyte"	"missing child term"	"SN194"	NA	5
"CCTAAAGGTGACGGTA"	""	"ERX6700419"	"ERP132580"	"testis"	"Late_Round_spermatids"	NA	NA	NA	"CL:4030036"	"early spermatid"	"other"	"SN194"	NA	6
"CCTAAAGGTGTTTGTG"	""	"ERX6700419"	"ERP132580"	"testis"	"Other_somatic"	NA	NA	NA	"CL:0002371"	"somatic cell"	"perfect match"	"SN194"	NA	1
"CCTAAAGTCCCAAGTA"	""	"ERX6700419"	"ERP132580"	"testis"	"Pachytene_Spermatocytes"	NA	NA	NA	"CL:0000017"	"spermatocyte"	"missing child term"	"SN194"	NA	4
"CCTAAAGTCGTCGTTC"	""	"ERX6700419"	"ERP132580"	"testis"	"Early_Round_spermatids"	NA	NA	NA	"CL:4030036"	"early spermatid"	"perfect match"	"SN194"	NA	8
"CCTACACAGATATGGT"	""	"ERX6700419"	"ERP132580"	"testis"	"Undifferentiated_Spermatogonia"	NA	NA	NA	"CL:0000016"	"male germ line stem cell"	"other"	"SN194"	NA	9
"CCTACACCAAGCGATG"	""	"ERX6700419"	"ERP132580"	"testis"	"Leptotene_Spermatocytes"	NA	NA	NA	"CL:0000017"	"spermatocyte"	"missing child term"	"SN194"	NA	11
"CCTACACCACCCATGG"	""	"ERX6700419"	"ERP132580"	"testis"	"Other_somatic"	NA	NA	NA	"CL:0002371"	"somatic cell"	"perfect match"	"SN194"	NA	1
"CCTACACCAGTCGTGC"	""	"ERX6700419"	"ERP132580"	"testis"	"Late_Round_spermatids"	NA	NA	NA	"CL:4030036"	"early spermatid"	"other"	"SN194"	NA	6
"CCTACACGTAAACACA"	""	"ERX6700419"	"ERP132580"	"testis"	"Elongated_spermatids"	NA	NA	NA	"CL:4030037"	"late spermatid"	"perfect match"	"SN194"	NA	2
"CCTACACGTCTGCAAT"	""	"ERX6700419"	"ERP132580"	"testis"	"Zygotene_Spermatocytes"	NA	NA	NA	"CL:0000017"	"spermatocyte"	"missing child term"	"SN194"	NA	5
"CCTACACTCAGGCAAG"	""	"ERX6700419"	"ERP132580"	"testis"	"Sertoli"	NA	NA	NA	"CL:0000216"	"Sertoli cell"	"perfect match"	"SN194"	NA	3
"CCTACACTCAGGCCCA"	""	"ERX6700419"	"ERP132580"	"testis"	"Late_Round_spermatids"	NA	NA	NA	"CL:4030036"	"early spermatid"	"other"	"SN194"	NA	6
"CCTACCAAGTCAATAG"	""	"ERX6700419"	"ERP132580"	"testis"	"Pachytene_Spermatocytes"	NA	NA	NA	"CL:0000017"	"spermatocyte"	"missing child term"	"SN194"	NA	4
"CCTACCAAGTGGGTTG"	""	"ERX6700419"	"ERP132580"	"testis"	"Late_Round_spermatids"	NA	NA	NA	"CL:4030036"	"early spermatid"	"other"	"SN194"	NA	6
"CCTACCACAAGCGAGT"	""	"ERX6700419"	"ERP132580"	"testis"	"Undifferentiated_Spermatogonia"	NA	NA	NA	"CL:0000016"	"male germ line stem cell"	"other"	"SN194"	NA	9
"CCTACCACAGCTCCGA"	""	"ERX6700419"	"ERP132580"	"testis"	"Pachytene_Spermatocytes"	NA	NA	NA	"CL:0000017"	"spermatocyte"	"missing child term"	"SN194"	NA	4
"CCTACCACATGCCCGA"	""	"ERX6700419"	"ERP132580"	"testis"	"Pachytene_Spermatocytes"	NA	NA	NA	"CL:0000017"	"spermatocyte"	"missing child term"	"SN194"	NA	4
"CCTACCATCTACTCAT"	""	"ERX6700419"	"ERP132580"	"testis"	"Sertoli"	NA	NA	NA	"CL:0000216"	"Sertoli cell"	"perfect match"	"SN194"	NA	3
"CCTAGCTAGCCACGCT"	""	"ERX6700419"	"ERP132580"	"testis"	"Late_Round_spermatids"	NA	NA	NA	"CL:4030036"	"early spermatid"	"other"	"SN194"	NA	6
"CCTAGCTAGCGTGAGT"	""	"ERX6700419"	"ERP132580"	"testis"	"Undifferentiated_Spermatogonia"	NA	NA	NA	"CL:0000016"	"male germ line stem cell"	"other"	"SN194"	NA	9
"CCTAGCTAGGATCGCA"	""	"ERX6700419"	"ERP132580"	"testis"	"Differentiated_Spermatogonia"	NA	NA	NA	"CL:0000020"	"spermatogonium"	"perfect match"	"SN194"	NA	7
"CCTAGCTAGGCCCTTG"	""	"ERX6700419"	"ERP132580"	"testis"	"Undifferentiated_Spermatogonia"	NA	NA	NA	"CL:0000016"	"male germ line stem cell"	"other"	"SN194"	NA	9
"CCTAGCTCAGCAGTTT"	""	"ERX6700419"	"ERP132580"	"testis"	"Early_Round_spermatids"	NA	NA	NA	"CL:4030036"	"early spermatid"	"perfect match"	"SN194"	NA	8
"CCTAGCTGTCAGAGGT"	""	"ERX6700419"	"ERP132580"	"testis"	"Other_somatic"	NA	NA	NA	"CL:0002371"	"somatic cell"	"perfect match"	"SN194"	NA	1
"CCTAGCTGTCGATTGT"	""	"ERX6700419"	"ERP132580"	"testis"	"Undifferentiated_Spermatogonia"	NA	NA	NA	"CL:0000016"	"male germ line stem cell"	"other"	"SN194"	NA	9
"CCTAGCTGTGTGGCTC"	""	"ERX6700419"	"ERP132580"	"testis"	"Sertoli"	NA	NA	NA	"CL:0000216"	"Sertoli cell"	"perfect match"	"SN194"	NA	3
"CCTAGCTGTTCTCATT"	""	"ERX6700419"	"ERP132580"	"testis"	"Pachytene_Spermatocytes"	NA	NA	NA	"CL:0000017"	"spermatocyte"	"missing child term"	"SN194"	NA	4
"CCTAGCTTCCAGTAGT"	""	"ERX6700419"	"ERP132580"	"testis"	"Late_Round_spermatids"	NA	NA	NA	"CL:4030036"	"early spermatid"	"other"	"SN194"	NA	6
"CCTAGCTTCTTAACCT"	""	"ERX6700419"	"ERP132580"	"testis"	"Differentiated_Spermatogonia"	NA	NA	NA	"CL:0000020"	"spermatogonium"	"perfect match"	"SN194"	NA	7
"CCTAGCTTCTTCCTTC"	""	"ERX6700419"	"ERP132580"	"testis"	"Other_somatic"	NA	NA	NA	"CL:0002371"	"somatic cell"	"perfect match"	"SN194"	NA	1
"CCTATTAAGCAGCGTA"	""	"ERX6700419"	"ERP132580"	"testis"	"Sertoli"	NA	NA	NA	"CL:0000216"	"Sertoli cell"	"perfect match"	"SN194"	NA	3
"CCTATTAAGCGATAGC"	""	"ERX6700419"	"ERP132580"	"testis"	"Zygotene_Spermatocytes"	NA	NA	NA	"CL:0000017"	"spermatocyte"	"missing child term"	"SN194"	NA	5
"CCTATTAAGGATCGCA"	""	"ERX6700419"	"ERP132580"	"testis"	"Other_somatic"	NA	NA	NA	"CL:0002371"	"somatic cell"	"perfect match"	"SN194"	NA	1
"CCTATTAAGTGTACTC"	""	"ERX6700419"	"ERP132580"	"testis"	"Undifferentiated_Spermatogonia"	NA	NA	NA	"CL:0000016"	"male germ line stem cell"	"other"	"SN194"	NA	9
"CCTATTACAGGTGCCT"	""	"ERX6700419"	"ERP132580"	"testis"	"Sertoli"	NA	NA	NA	"CL:0000216"	"Sertoli cell"	"perfect match"	"SN194"	NA	3
"CCTATTACATGGTTGT"	""	"ERX6700419"	"ERP132580"	"testis"	"Undifferentiated_Spermatogonia"	NA	NA	NA	"CL:0000016"	"male germ line stem cell"	"other"	"SN194"	NA	9
"CCTATTATCGCCATAA"	""	"ERX6700419"	"ERP132580"	"testis"	"Undifferentiated_Spermatogonia"	NA	NA	NA	"CL:0000016"	"male germ line stem cell"	"other"	"SN194"	NA	9
"CCTATTATCGGCTTGG"	""	"ERX6700419"	"ERP132580"	"testis"	"Sertoli"	NA	NA	NA	"CL:0000216"	"Sertoli cell"	"perfect match"	"SN194"	NA	3
"CCTCAGTAGTGCAAGC"	""	"ERX6700419"	"ERP132580"	"testis"	"Elongated_spermatids"	NA	NA	NA	"CL:4030037"	"late spermatid"	"perfect match"	"SN194"	NA	2
"CCTCAGTCACGTGAGA"	""	"ERX6700419"	"ERP132580"	"testis"	"Undifferentiated_Spermatogonia"	NA	NA	NA	"CL:0000016"	"male germ line stem cell"	"other"	"SN194"	NA	9
"CCTCAGTGTAATTGGA"	""	"ERX6700419"	"ERP132580"	"testis"	"Sertoli"	NA	NA	NA	"CL:0000216"	"Sertoli cell"	"perfect match"	"SN194"	NA	3
"CCTCAGTGTAGAAGGA"	""	"ERX6700419"	"ERP132580"	"testis"	"Early_Round_spermatids"	NA	NA	NA	"CL:4030036"	"early spermatid"	"perfect match"	"SN194"	NA	8
"CCTCAGTGTATTCGTG"	""	"ERX6700419"	"ERP132580"	"testis"	"Other_somatic"	NA	NA	NA	"CL:0002371"	"somatic cell"	"perfect match"	"SN194"	NA	1
"CCTCAGTGTTCTGGTA"	""	"ERX6700419"	"ERP132580"	"testis"	"Undifferentiated_Spermatogonia"	NA	NA	NA	"CL:0000016"	"male germ line stem cell"	"other"	"SN194"	NA	9
"CCTCAGTGTTGATTGC"	""	"ERX6700419"	"ERP132580"	"testis"	"Sertoli"	NA	NA	NA	"CL:0000216"	"Sertoli cell"	"perfect match"	"SN194"	NA	3
"CCTCAGTTCCAGTATG"	""	"ERX6700419"	"ERP132580"	"testis"	"Late_Round_spermatids"	NA	NA	NA	"CL:4030036"	"early spermatid"	"other"	"SN194"	NA	6
"CCTCAGTTCGCGGATC"	""	"ERX6700419"	"ERP132580"	"testis"	"Pachytene_Spermatocytes"	NA	NA	NA	"CL:0000017"	"spermatocyte"	"missing child term"	"SN194"	NA	4
"CCTCTGAAGTGAACAT"	""	"ERX6700419"	"ERP132580"	"testis"	"Pachytene_Spermatocytes"	NA	NA	NA	"CL:0000017"	"spermatocyte"	"missing child term"	"SN194"	NA	4
"CCTCTGATCAACTCTT"	""	"ERX6700419"	"ERP132580"	"testis"	"Pachytene_Spermatocytes"	NA	NA	NA	"CL:0000017"	"spermatocyte"	"missing child term"	"SN194"	NA	4
"CCTCTGATCCTCAATT"	""	"ERX6700419"	"ERP132580"	"testis"	"Leptotene_Spermatocytes"	NA	NA	NA	"CL:0000017"	"spermatocyte"	"missing child term"	"SN194"	NA	11
"CCTCTGATCGCCTGTT"	""	"ERX6700419"	"ERP132580"	"testis"	"Late_Round_spermatids"	NA	NA	NA	"CL:4030036"	"early spermatid"	"other"	"SN194"	NA	6
"CCTTACGAGATCCGAG"	""	"ERX6700419"	"ERP132580"	"testis"	"Late_Round_spermatids"	NA	NA	NA	"CL:4030036"	"early spermatid"	"other"	"SN194"	NA	6
"CCTTACGCACAGACTT"	""	"ERX6700419"	"ERP132580"	"testis"	"Late_Round_spermatids"	NA	NA	NA	"CL:4030036"	"early spermatid"	"other"	"SN194"	NA	6
"CCTTACGGTCGAGTTT"	""	"ERX6700419"	"ERP132580"	"testis"	"Other_somatic"	NA	NA	NA	"CL:0002371"	"somatic cell"	"perfect match"	"SN194"	NA	1
"CCTTACGGTCTCTCTG"	""	"ERX6700419"	"ERP132580"	"testis"	"Other_somatic"	NA	NA	NA	"CL:0002371"	"somatic cell"	"perfect match"	"SN194"	NA	1
"CCTTACGTCTTCAACT"	""	"ERX6700419"	"ERP132580"	"testis"	"Zygotene_Spermatocytes"	NA	NA	NA	"CL:0000017"	"spermatocyte"	"missing child term"	"SN194"	NA	5
"CCTTCCCCACATTCGA"	""	"ERX6700419"	"ERP132580"	"testis"	"Leptotene_Spermatocytes"	NA	NA	NA	"CL:0000017"	"spermatocyte"	"missing child term"	"SN194"	NA	11
"CCTTCCCCACGAGAGT"	""	"ERX6700419"	"ERP132580"	"testis"	"Other_somatic"	NA	NA	NA	"CL:0002371"	"somatic cell"	"perfect match"	"SN194"	NA	1
"CCTTCCCCAGGGTACA"	""	"ERX6700419"	"ERP132580"	"testis"	"Early_Round_spermatids"	NA	NA	NA	"CL:4030036"	"early spermatid"	"perfect match"	"SN194"	NA	8
"CCTTCCCGTCTAGGTT"	""	"ERX6700419"	"ERP132580"	"testis"	"Pachytene_Spermatocytes"	NA	NA	NA	"CL:0000017"	"spermatocyte"	"missing child term"	"SN194"	NA	4
"CCTTCCCTCCGCATCT"	""	"ERX6700419"	"ERP132580"	"testis"	"Other_somatic"	NA	NA	NA	"CL:0002371"	"somatic cell"	"perfect match"	"SN194"	NA	1
"CCTTCGACAAGACACG"	""	"ERX6700419"	"ERP132580"	"testis"	"Other_somatic"	NA	NA	NA	"CL:0002371"	"somatic cell"	"perfect match"	"SN194"	NA	1
"CCTTCGACAGACGCAA"	""	"ERX6700419"	"ERP132580"	"testis"	"Other_somatic"	NA	NA	NA	"CL:0002371"	"somatic cell"	"perfect match"	"SN194"	NA	1
"CCTTCGAGTAGCTTGT"	""	"ERX6700419"	"ERP132580"	"testis"	"Sertoli"	NA	NA	NA	"CL:0000216"	"Sertoli cell"	"perfect match"	"SN194"	NA	3
"CCTTCGAGTCTTCAAG"	""	"ERX6700419"	"ERP132580"	"testis"	"Differentiated_Spermatogonia"	NA	NA	NA	"CL:0000020"	"spermatogonium"	"perfect match"	"SN194"	NA	7
"CCTTCGATCGGTGTCG"	""	"ERX6700419"	"ERP132580"	"testis"	"Early_Round_spermatids"	NA	NA	NA	"CL:4030036"	"early spermatid"	"perfect match"	"SN194"	NA	8
"CCTTTCTAGACTAGAT"	""	"ERX6700419"	"ERP132580"	"testis"	"Undifferentiated_Spermatogonia"	NA	NA	NA	"CL:0000016"	"male germ line stem cell"	"other"	"SN194"	NA	9
"CCTTTCTAGTCAAGCG"	""	"ERX6700419"	"ERP132580"	"testis"	"Other_somatic"	NA	NA	NA	"CL:0002371"	"somatic cell"	"perfect match"	"SN194"	NA	1
"CCTTTCTCAGCATACT"	""	"ERX6700419"	"ERP132580"	"testis"	"Undifferentiated_Spermatogonia"	NA	NA	NA	"CL:0000016"	"male germ line stem cell"	"other"	"SN194"	NA	9
"CCTTTCTGTTTGTTGG"	""	"ERX6700419"	"ERP132580"	"testis"	"Pachytene_Spermatocytes"	NA	NA	NA	"CL:0000017"	"spermatocyte"	"missing child term"	"SN194"	NA	4
"CCTTTCTTCAGCTTAG"	""	"ERX6700419"	"ERP132580"	"testis"	"Zygotene_Spermatocytes"	NA	NA	NA	"CL:0000017"	"spermatocyte"	"missing child term"	"SN194"	NA	5
"CGAACATAGCGTTCCG"	""	"ERX6700419"	"ERP132580"	"testis"	"Undifferentiated_Spermatogonia"	NA	NA	NA	"CL:0000016"	"male germ line stem cell"	"other"	"SN194"	NA	9
"CGAACATAGTACTTGC"	""	"ERX6700419"	"ERP132580"	"testis"	"Sertoli"	NA	NA	NA	"CL:0000216"	"Sertoli cell"	"perfect match"	"SN194"	NA	3
"CGAACATAGTGTACCT"	""	"ERX6700419"	"ERP132580"	"testis"	"Zygotene_Spermatocytes"	NA	NA	NA	"CL:0000017"	"spermatocyte"	"missing child term"	"SN194"	NA	5
"CGAACATGTACCAGTT"	""	"ERX6700419"	"ERP132580"	"testis"	"Leptotene_Spermatocytes"	NA	NA	NA	"CL:0000017"	"spermatocyte"	"missing child term"	"SN194"	NA	11
"CGAACATGTAGCGTGA"	""	"ERX6700419"	"ERP132580"	"testis"	"Early_Round_spermatids"	NA	NA	NA	"CL:4030036"	"early spermatid"	"perfect match"	"SN194"	NA	8
"CGAACATGTCTTGATG"	""	"ERX6700419"	"ERP132580"	"testis"	"Undifferentiated_Spermatogonia"	NA	NA	NA	"CL:0000016"	"male germ line stem cell"	"other"	"SN194"	NA	9
"CGAATGTCACGGCGTT"	""	"ERX6700419"	"ERP132580"	"testis"	"Zygotene_Spermatocytes"	NA	NA	NA	"CL:0000017"	"spermatocyte"	"missing child term"	"SN194"	NA	5
"CGAATGTTCCCTTGCA"	""	"ERX6700419"	"ERP132580"	"testis"	"Pachytene_Spermatocytes"	NA	NA	NA	"CL:0000017"	"spermatocyte"	"missing child term"	"SN194"	NA	4
"CGAATGTTCGCGTTTC"	""	"ERX6700419"	"ERP132580"	"testis"	"Early_Round_spermatids"	NA	NA	NA	"CL:4030036"	"early spermatid"	"perfect match"	"SN194"	NA	8
"CGAATGTTCGGAGGTA"	""	"ERX6700419"	"ERP132580"	"testis"	"Early_Round_spermatids"	NA	NA	NA	"CL:4030036"	"early spermatid"	"perfect match"	"SN194"	NA	8
"CGACCTTAGATCTGCT"	""	"ERX6700419"	"ERP132580"	"testis"	"Other_somatic"	NA	NA	NA	"CL:0002371"	"somatic cell"	"perfect match"	"SN194"	NA	1
"CGACCTTAGCCACGTC"	""	"ERX6700419"	"ERP132580"	"testis"	"Late_Round_spermatids"	NA	NA	NA	"CL:4030036"	"early spermatid"	"other"	"SN194"	NA	6
"CGACCTTAGGTAGCCA"	""	"ERX6700419"	"ERP132580"	"testis"	"Differentiated_Spermatogonia"	NA	NA	NA	"CL:0000020"	"spermatogonium"	"perfect match"	"SN194"	NA	7
"CGACCTTCAGCTCGCA"	""	"ERX6700419"	"ERP132580"	"testis"	"Pachytene_Spermatocytes"	NA	NA	NA	"CL:0000017"	"spermatocyte"	"missing child term"	"SN194"	NA	4
"CGACCTTCAGGCTGAA"	""	"ERX6700419"	"ERP132580"	"testis"	"Zygotene_Spermatocytes"	NA	NA	NA	"CL:0000017"	"spermatocyte"	"missing child term"	"SN194"	NA	5
"CGACCTTGTCCTGCTT"	""	"ERX6700419"	"ERP132580"	"testis"	"Late_Round_spermatids"	NA	NA	NA	"CL:4030036"	"early spermatid"	"other"	"SN194"	NA	6
"CGACCTTTCAAAGTAG"	""	"ERX6700419"	"ERP132580"	"testis"	"Differentiated_Spermatogonia"	NA	NA	NA	"CL:0000020"	"spermatogonium"	"perfect match"	"SN194"	NA	7
"CGACCTTTCCTTTCTC"	""	"ERX6700419"	"ERP132580"	"testis"	"Other_somatic"	NA	NA	NA	"CL:0002371"	"somatic cell"	"perfect match"	"SN194"	NA	1
"CGACCTTTCTGTTGAG"	""	"ERX6700419"	"ERP132580"	"testis"	"Sertoli"	NA	NA	NA	"CL:0000216"	"Sertoli cell"	"perfect match"	"SN194"	NA	3
"CGACTTCAGCAAATCA"	""	"ERX6700419"	"ERP132580"	"testis"	"Elongated_spermatids"	NA	NA	NA	"CL:4030037"	"late spermatid"	"perfect match"	"SN194"	NA	2
"CGACTTCCAAGCTGGA"	""	"ERX6700419"	"ERP132580"	"testis"	"Undifferentiated_Spermatogonia"	NA	NA	NA	"CL:0000016"	"male germ line stem cell"	"other"	"SN194"	NA	9
"CGACTTCCATTGGGCC"	""	"ERX6700419"	"ERP132580"	"testis"	"Early_Round_spermatids"	NA	NA	NA	"CL:4030036"	"early spermatid"	"perfect match"	"SN194"	NA	8
"CGACTTCGTCTCCACT"	""	"ERX6700419"	"ERP132580"	"testis"	"Undifferentiated_Spermatogonia"	NA	NA	NA	"CL:0000016"	"male germ line stem cell"	"other"	"SN194"	NA	9
"CGACTTCTCCTGCAGG"	""	"ERX6700419"	"ERP132580"	"testis"	"Late_Round_spermatids"	NA	NA	NA	"CL:4030036"	"early spermatid"	"other"	"SN194"	NA	6
"CGACTTCTCGAACTGT"	""	"ERX6700419"	"ERP132580"	"testis"	"Pachytene_Spermatocytes"	NA	NA	NA	"CL:0000017"	"spermatocyte"	"missing child term"	"SN194"	NA	4
"CGACTTCTCGCAAGCC"	""	"ERX6700419"	"ERP132580"	"testis"	"Sertoli"	NA	NA	NA	"CL:0000216"	"Sertoli cell"	"perfect match"	"SN194"	NA	3
"CGACTTCTCTGGCGTG"	""	"ERX6700419"	"ERP132580"	"testis"	"Early_Round_spermatids"	NA	NA	NA	"CL:4030036"	"early spermatid"	"perfect match"	"SN194"	NA	8
"CGAGAAGAGAAACCTA"	""	"ERX6700419"	"ERP132580"	"testis"	"Late_Round_spermatids"	NA	NA	NA	"CL:4030036"	"early spermatid"	"other"	"SN194"	NA	6
"CGAGAAGAGGTGCAAC"	""	"ERX6700419"	"ERP132580"	"testis"	"Early_Round_spermatids"	NA	NA	NA	"CL:4030036"	"early spermatid"	"perfect match"	"SN194"	NA	8
"CGAGAAGAGTAAGTAC"	""	"ERX6700419"	"ERP132580"	"testis"	"Leptotene_Spermatocytes"	NA	NA	NA	"CL:0000017"	"spermatocyte"	"missing child term"	"SN194"	NA	11
"CGAGAAGCAAGAAAGG"	""	"ERX6700419"	"ERP132580"	"testis"	"Early_Round_spermatids"	NA	NA	NA	"CL:4030036"	"early spermatid"	"perfect match"	"SN194"	NA	8
"CGAGAAGCAATCCGAT"	""	"ERX6700419"	"ERP132580"	"testis"	"Pachytene_Spermatocytes"	NA	NA	NA	"CL:0000017"	"spermatocyte"	"missing child term"	"SN194"	NA	4
"CGAGAAGTCCAGTATG"	""	"ERX6700419"	"ERP132580"	"testis"	"Other_somatic"	NA	NA	NA	"CL:0002371"	"somatic cell"	"perfect match"	"SN194"	NA	1
"CGAGCACCATCCTTGC"	""	"ERX6700419"	"ERP132580"	"testis"	"Early_Round_spermatids"	NA	NA	NA	"CL:4030036"	"early spermatid"	"perfect match"	"SN194"	NA	8
"CGAGCACGTACAGCAG"	""	"ERX6700419"	"ERP132580"	"testis"	"Leptotene_Spermatocytes"	NA	NA	NA	"CL:0000017"	"spermatocyte"	"missing child term"	"SN194"	NA	11
"CGAGCACTCCTGCAGG"	""	"ERX6700419"	"ERP132580"	"testis"	"Leptotene_Spermatocytes"	NA	NA	NA	"CL:0000017"	"spermatocyte"	"missing child term"	"SN194"	NA	11
"CGAGCACTCGGAGCAA"	""	"ERX6700419"	"ERP132580"	"testis"	"Sertoli"	NA	NA	NA	"CL:0000216"	"Sertoli cell"	"perfect match"	"SN194"	NA	3
"CGAGCCAAGAATGTTG"	""	"ERX6700419"	"ERP132580"	"testis"	"Early_Round_spermatids"	NA	NA	NA	"CL:4030036"	"early spermatid"	"perfect match"	"SN194"	NA	8
"CGAGCCAAGCTAAACA"	""	"ERX6700419"	"ERP132580"	"testis"	"Other_somatic"	NA	NA	NA	"CL:0002371"	"somatic cell"	"perfect match"	"SN194"	NA	1
"CGAGCCAAGGCTACGA"	""	"ERX6700419"	"ERP132580"	"testis"	"Elongated_spermatids"	NA	NA	NA	"CL:4030037"	"late spermatid"	"perfect match"	"SN194"	NA	2
"CGAGCCAAGTATCTCG"	""	"ERX6700419"	"ERP132580"	"testis"	"Leptotene_Spermatocytes"	NA	NA	NA	"CL:0000017"	"spermatocyte"	"missing child term"	"SN194"	NA	11
"CGAGCCACAGCGTCCA"	""	"ERX6700419"	"ERP132580"	"testis"	"Sertoli"	NA	NA	NA	"CL:0000216"	"Sertoli cell"	"perfect match"	"SN194"	NA	3
"CGAGCCAGTACCTACA"	""	"ERX6700419"	"ERP132580"	"testis"	"Leptotene_Spermatocytes"	NA	NA	NA	"CL:0000017"	"spermatocyte"	"missing child term"	"SN194"	NA	11
"CGAGCCAGTTATCGGT"	""	"ERX6700419"	"ERP132580"	"testis"	"Pachytene_Spermatocytes"	NA	NA	NA	"CL:0000017"	"spermatocyte"	"missing child term"	"SN194"	NA	4
"CGAGCCAGTTCCACAA"	""	"ERX6700419"	"ERP132580"	"testis"	"Pachytene_Spermatocytes"	NA	NA	NA	"CL:0000017"	"spermatocyte"	"missing child term"	"SN194"	NA	4
"CGATCGGAGGTGTTAA"	""	"ERX6700419"	"ERP132580"	"testis"	"Zygotene_Spermatocytes"	NA	NA	NA	"CL:0000017"	"spermatocyte"	"missing child term"	"SN194"	NA	5
"CGATCGGAGTAACCCT"	""	"ERX6700419"	"ERP132580"	"testis"	"Other_somatic"	NA	NA	NA	"CL:0002371"	"somatic cell"	"perfect match"	"SN194"	NA	1
"CGATCGGCAATGACCT"	""	"ERX6700419"	"ERP132580"	"testis"	"Other_somatic"	NA	NA	NA	"CL:0002371"	"somatic cell"	"perfect match"	"SN194"	NA	1
"CGATCGGCACAAGACG"	""	"ERX6700419"	"ERP132580"	"testis"	"Sertoli"	NA	NA	NA	"CL:0000216"	"Sertoli cell"	"perfect match"	"SN194"	NA	3
"CGATCGGCACCCTATC"	""	"ERX6700419"	"ERP132580"	"testis"	"Sertoli"	NA	NA	NA	"CL:0000216"	"Sertoli cell"	"perfect match"	"SN194"	NA	3
"CGATCGGCAGCTCGAC"	""	"ERX6700419"	"ERP132580"	"testis"	"Sertoli"	NA	NA	NA	"CL:0000216"	"Sertoli cell"	"perfect match"	"SN194"	NA	3
"CGATCGGCATCCCACT"	""	"ERX6700419"	"ERP132580"	"testis"	"Late_Round_spermatids"	NA	NA	NA	"CL:4030036"	"early spermatid"	"other"	"SN194"	NA	6
"CGATCGGGTAGGACAC"	""	"ERX6700419"	"ERP132580"	"testis"	"Pachytene_Spermatocytes"	NA	NA	NA	"CL:0000017"	"spermatocyte"	"missing child term"	"SN194"	NA	4
"CGATCGGTCGGCATCG"	""	"ERX6700419"	"ERP132580"	"testis"	"Leptotene_Spermatocytes"	NA	NA	NA	"CL:0000017"	"spermatocyte"	"missing child term"	"SN194"	NA	11
"CGATCGGTCTGCGGCA"	""	"ERX6700419"	"ERP132580"	"testis"	"Elongated_spermatids"	NA	NA	NA	"CL:4030037"	"late spermatid"	"perfect match"	"SN194"	NA	2
"CGATGGCAGATACACA"	""	"ERX6700419"	"ERP132580"	"testis"	"Undifferentiated_Spermatogonia"	NA	NA	NA	"CL:0000016"	"male germ line stem cell"	"other"	"SN194"	NA	9
"CGATGGCAGTGAACGC"	""	"ERX6700419"	"ERP132580"	"testis"	"Sertoli"	NA	NA	NA	"CL:0000216"	"Sertoli cell"	"perfect match"	"SN194"	NA	3
"CGATGGCCAGCCTTGG"	""	"ERX6700419"	"ERP132580"	"testis"	"Late_Round_spermatids"	NA	NA	NA	"CL:4030036"	"early spermatid"	"other"	"SN194"	NA	6
"CGATGGCGTCGCGGTT"	""	"ERX6700419"	"ERP132580"	"testis"	"Other_somatic"	NA	NA	NA	"CL:0002371"	"somatic cell"	"perfect match"	"SN194"	NA	1
"CGATGGCTCCTTGGTC"	""	"ERX6700419"	"ERP132580"	"testis"	"Late_Round_spermatids"	NA	NA	NA	"CL:4030036"	"early spermatid"	"other"	"SN194"	NA	6
"CGATGTAAGCAGGTCA"	""	"ERX6700419"	"ERP132580"	"testis"	"Leptotene_Spermatocytes"	NA	NA	NA	"CL:0000017"	"spermatocyte"	"missing child term"	"SN194"	NA	11
"CGATGTAAGCTAAACA"	""	"ERX6700419"	"ERP132580"	"testis"	"Late_Round_spermatids"	NA	NA	NA	"CL:4030036"	"early spermatid"	"other"	"SN194"	NA	6
"CGATGTACAAGTACCT"	""	"ERX6700419"	"ERP132580"	"testis"	"Sertoli"	NA	NA	NA	"CL:0000216"	"Sertoli cell"	"perfect match"	"SN194"	NA	3
"CGATGTACAGGGTACA"	""	"ERX6700419"	"ERP132580"	"testis"	"Undifferentiated_Spermatogonia"	NA	NA	NA	"CL:0000016"	"male germ line stem cell"	"other"	"SN194"	NA	9
"CGATGTACATCCCACT"	""	"ERX6700419"	"ERP132580"	"testis"	"Other_somatic"	NA	NA	NA	"CL:0002371"	"somatic cell"	"perfect match"	"SN194"	NA	1
"CGATGTAGTCTTGCGG"	""	"ERX6700419"	"ERP132580"	"testis"	"Late_Round_spermatids"	NA	NA	NA	"CL:4030036"	"early spermatid"	"other"	"SN194"	NA	6
"CGATGTAGTTAGATGA"	""	"ERX6700419"	"ERP132580"	"testis"	"Differentiated_Spermatogonia"	NA	NA	NA	"CL:0000020"	"spermatogonium"	"perfect match"	"SN194"	NA	7
"CGATGTATCACTTCAT"	""	"ERX6700419"	"ERP132580"	"testis"	"Late_Round_spermatids"	NA	NA	NA	"CL:4030036"	"early spermatid"	"other"	"SN194"	NA	6
"CGATGTATCCGCGCAA"	""	"ERX6700419"	"ERP132580"	"testis"	"Late_Round_spermatids"	NA	NA	NA	"CL:4030036"	"early spermatid"	"other"	"SN194"	NA	6
"CGATGTATCGTGACAT"	""	"ERX6700419"	"ERP132580"	"testis"	"Pachytene_Spermatocytes"	NA	NA	NA	"CL:0000017"	"spermatocyte"	"missing child term"	"SN194"	NA	4
"CGATTGAAGGACGAAA"	""	"ERX6700419"	"ERP132580"	"testis"	"Leptotene_Spermatocytes"	NA	NA	NA	"CL:0000017"	"spermatocyte"	"missing child term"	"SN194"	NA	11
"CGATTGACATACGCCG"	""	"ERX6700419"	"ERP132580"	"testis"	"Other_somatic"	NA	NA	NA	"CL:0002371"	"somatic cell"	"perfect match"	"SN194"	NA	1
"CGATTGAGTATCTGCA"	""	"ERX6700419"	"ERP132580"	"testis"	"Zygotene_Spermatocytes"	NA	NA	NA	"CL:0000017"	"spermatocyte"	"missing child term"	"SN194"	NA	5
"CGATTGATCGGAGCAA"	""	"ERX6700419"	"ERP132580"	"testis"	"Sertoli"	NA	NA	NA	"CL:0000216"	"Sertoli cell"	"perfect match"	"SN194"	NA	3
"CGCCAAGAGGTACTCT"	""	"ERX6700419"	"ERP132580"	"testis"	"Sertoli"	NA	NA	NA	"CL:0000216"	"Sertoli cell"	"perfect match"	"SN194"	NA	3
"CGCCAAGGTCGTGGCT"	""	"ERX6700419"	"ERP132580"	"testis"	"Late_Round_spermatids"	NA	NA	NA	"CL:4030036"	"early spermatid"	"other"	"SN194"	NA	6
"CGCGGTACACGAGGTA"	""	"ERX6700419"	"ERP132580"	"testis"	"Differentiated_Spermatogonia"	NA	NA	NA	"CL:0000020"	"spermatogonium"	"perfect match"	"SN194"	NA	7
"CGCGGTAGTACATCCA"	""	"ERX6700419"	"ERP132580"	"testis"	"Sertoli"	NA	NA	NA	"CL:0000216"	"Sertoli cell"	"perfect match"	"SN194"	NA	3
"CGCGGTAGTCCAAGTT"	""	"ERX6700419"	"ERP132580"	"testis"	"Pachytene_Spermatocytes"	NA	NA	NA	"CL:0000017"	"spermatocyte"	"missing child term"	"SN194"	NA	4
"CGCGGTAGTCCGAACC"	""	"ERX6700419"	"ERP132580"	"testis"	"Other_somatic"	NA	NA	NA	"CL:0002371"	"somatic cell"	"perfect match"	"SN194"	NA	1
"CGCGGTAGTGATGATA"	""	"ERX6700419"	"ERP132580"	"testis"	"Leptotene_Spermatocytes"	NA	NA	NA	"CL:0000017"	"spermatocyte"	"missing child term"	"SN194"	NA	11
"CGCGGTATCATCATTC"	""	"ERX6700419"	"ERP132580"	"testis"	"Late_Round_spermatids"	NA	NA	NA	"CL:4030036"	"early spermatid"	"other"	"SN194"	NA	6
"CGCGTTTCAGCTCGAC"	""	"ERX6700419"	"ERP132580"	"testis"	"Zygotene_Spermatocytes"	NA	NA	NA	"CL:0000017"	"spermatocyte"	"missing child term"	"SN194"	NA	5
"CGCGTTTCATTGGTAC"	""	"ERX6700419"	"ERP132580"	"testis"	"Zygotene_Spermatocytes"	NA	NA	NA	"CL:0000017"	"spermatocyte"	"missing child term"	"SN194"	NA	5
"CGCGTTTGTACTCAAC"	""	"ERX6700419"	"ERP132580"	"testis"	"Sertoli"	NA	NA	NA	"CL:0000216"	"Sertoli cell"	"perfect match"	"SN194"	NA	3
"CGCGTTTGTCGCGAAA"	""	"ERX6700419"	"ERP132580"	"testis"	"Elongated_spermatids"	NA	NA	NA	"CL:4030037"	"late spermatid"	"perfect match"	"SN194"	NA	2
"CGCGTTTGTGTGGTTT"	""	"ERX6700419"	"ERP132580"	"testis"	"Elongated_spermatids"	NA	NA	NA	"CL:4030037"	"late spermatid"	"perfect match"	"SN194"	NA	2
"CGCGTTTTCCAACCAA"	""	"ERX6700419"	"ERP132580"	"testis"	"Other_somatic"	NA	NA	NA	"CL:0002371"	"somatic cell"	"perfect match"	"SN194"	NA	1
"CGCGTTTTCGTCCGTT"	""	"ERX6700419"	"ERP132580"	"testis"	"Early_Round_spermatids"	NA	NA	NA	"CL:4030036"	"early spermatid"	"perfect match"	"SN194"	NA	8
"CGCTATCCAAGGACTG"	""	"ERX6700419"	"ERP132580"	"testis"	"Zygotene_Spermatocytes"	NA	NA	NA	"CL:0000017"	"spermatocyte"	"missing child term"	"SN194"	NA	5
"CGCTATCGTCGCGAAA"	""	"ERX6700419"	"ERP132580"	"testis"	"Late_Round_spermatids"	NA	NA	NA	"CL:4030036"	"early spermatid"	"other"	"SN194"	NA	6
"CGCTATCGTCTGCAAT"	""	"ERX6700419"	"ERP132580"	"testis"	"Other_somatic"	NA	NA	NA	"CL:0002371"	"somatic cell"	"perfect match"	"SN194"	NA	1
"CGCTATCGTTACGCGC"	""	"ERX6700419"	"ERP132580"	"testis"	"Pachytene_Spermatocytes"	NA	NA	NA	"CL:0000017"	"spermatocyte"	"missing child term"	"SN194"	NA	4
"CGCTATCGTTTAGGAA"	""	"ERX6700419"	"ERP132580"	"testis"	"Elongated_spermatids"	NA	NA	NA	"CL:4030037"	"late spermatid"	"perfect match"	"SN194"	NA	2
"CGCTATCTCTCGAGTA"	""	"ERX6700419"	"ERP132580"	"testis"	"Pachytene_Spermatocytes"	NA	NA	NA	"CL:0000017"	"spermatocyte"	"missing child term"	"SN194"	NA	4
"CGCTGGAAGAATTCCC"	""	"ERX6700419"	"ERP132580"	"testis"	"Late_Round_spermatids"	NA	NA	NA	"CL:4030036"	"early spermatid"	"other"	"SN194"	NA	6
"CGCTGGAAGACATAAC"	""	"ERX6700419"	"ERP132580"	"testis"	""	NA	NA	NA	"CL:0000000"	"cell"	"other"	"SN194"	NA	10
"CGCTGGAAGACGCAAC"	""	"ERX6700419"	"ERP132580"	"testis"	"Undifferentiated_Spermatogonia"	NA	NA	NA	"CL:0000016"	"male germ line stem cell"	"other"	"SN194"	NA	9
"CGCTGGAAGGTAAACT"	""	"ERX6700419"	"ERP132580"	"testis"	"Other_somatic"	NA	NA	NA	"CL:0002371"	"somatic cell"	"perfect match"	"SN194"	NA	1
"CGCTGGACACAACGTT"	""	"ERX6700419"	"ERP132580"	"testis"	"Elongated_spermatids"	NA	NA	NA	"CL:4030037"	"late spermatid"	"perfect match"	"SN194"	NA	2
"CGCTGGACAGCTGCTG"	""	"ERX6700419"	"ERP132580"	"testis"	"Other_somatic"	NA	NA	NA	"CL:0002371"	"somatic cell"	"perfect match"	"SN194"	NA	1
"CGCTGGAGTACGAAAT"	""	"ERX6700419"	"ERP132580"	"testis"	"Undifferentiated_Spermatogonia"	NA	NA	NA	"CL:0000016"	"male germ line stem cell"	"other"	"SN194"	NA	9
"CGCTGGATCGGACAAG"	""	"ERX6700419"	"ERP132580"	"testis"	"Undifferentiated_Spermatogonia"	NA	NA	NA	"CL:0000016"	"male germ line stem cell"	"other"	"SN194"	NA	9
"CGCTGGATCTTCATGT"	""	"ERX6700419"	"ERP132580"	"testis"	"Pachytene_Spermatocytes"	NA	NA	NA	"CL:0000017"	"spermatocyte"	"missing child term"	"SN194"	NA	4
"CGCTTCACATGACATC"	""	"ERX6700419"	"ERP132580"	"testis"	"Other_somatic"	NA	NA	NA	"CL:0002371"	"somatic cell"	"perfect match"	"SN194"	NA	1
"CGCTTCAGTCTCTCTG"	""	"ERX6700419"	"ERP132580"	"testis"	"Other_somatic"	NA	NA	NA	"CL:0002371"	"somatic cell"	"perfect match"	"SN194"	NA	1
"CGCTTCAGTGCTTCTC"	""	"ERX6700419"	"ERP132580"	"testis"	"Early_Round_spermatids"	NA	NA	NA	"CL:4030036"	"early spermatid"	"perfect match"	"SN194"	NA	8
"CGCTTCAGTTCTCATT"	""	"ERX6700419"	"ERP132580"	"testis"	"Sertoli"	NA	NA	NA	"CL:0000216"	"Sertoli cell"	"perfect match"	"SN194"	NA	3
"CGCTTCATCCATGCTC"	""	"ERX6700419"	"ERP132580"	"testis"	"Other_somatic"	NA	NA	NA	"CL:0002371"	"somatic cell"	"perfect match"	"SN194"	NA	1
"CGCTTCATCGTGGGAA"	""	"ERX6700419"	"ERP132580"	"testis"	"Early_Round_spermatids"	NA	NA	NA	"CL:4030036"	"early spermatid"	"perfect match"	"SN194"	NA	8
"CGGACACTCAGTGTTG"	""	"ERX6700419"	"ERP132580"	"testis"	"Sertoli"	NA	NA	NA	"CL:0000216"	"Sertoli cell"	"perfect match"	"SN194"	NA	3
"CGGACACTCGCCAAAT"	""	"ERX6700419"	"ERP132580"	"testis"	"Zygotene_Spermatocytes"	NA	NA	NA	"CL:0000017"	"spermatocyte"	"missing child term"	"SN194"	NA	5
"CGGACGTAGCGTGAGT"	""	"ERX6700419"	"ERP132580"	"testis"	"Pachytene_Spermatocytes"	NA	NA	NA	"CL:0000017"	"spermatocyte"	"missing child term"	"SN194"	NA	4
"CGGACGTAGTGGTCCC"	""	"ERX6700419"	"ERP132580"	"testis"	"Differentiated_Spermatogonia"	NA	NA	NA	"CL:0000020"	"spermatogonium"	"perfect match"	"SN194"	NA	7
"CGGACGTCACGGTGTC"	""	"ERX6700419"	"ERP132580"	"testis"	"Undifferentiated_Spermatogonia"	NA	NA	NA	"CL:0000016"	"male germ line stem cell"	"other"	"SN194"	NA	9
"CGGACGTCACTTGGAT"	""	"ERX6700419"	"ERP132580"	"testis"	"Other_somatic"	NA	NA	NA	"CL:0002371"	"somatic cell"	"perfect match"	"SN194"	NA	1
"CGGACGTCATCGATGT"	""	"ERX6700419"	"ERP132580"	"testis"	"Zygotene_Spermatocytes"	NA	NA	NA	"CL:0000017"	"spermatocyte"	"missing child term"	"SN194"	NA	5
"CGGACGTGTAAGCACG"	""	"ERX6700419"	"ERP132580"	"testis"	"Leptotene_Spermatocytes"	NA	NA	NA	"CL:0000017"	"spermatocyte"	"missing child term"	"SN194"	NA	11
"CGGACGTGTTAAAGAC"	""	"ERX6700419"	"ERP132580"	"testis"	"Pachytene_Spermatocytes"	NA	NA	NA	"CL:0000017"	"spermatocyte"	"missing child term"	"SN194"	NA	4
"CGGACGTTCCACGAAT"	""	"ERX6700419"	"ERP132580"	"testis"	"Other_somatic"	NA	NA	NA	"CL:0002371"	"somatic cell"	"perfect match"	"SN194"	NA	1
"CGGACTGAGCGCTTAT"	""	"ERX6700419"	"ERP132580"	"testis"	"Early_Round_spermatids"	NA	NA	NA	"CL:4030036"	"early spermatid"	"perfect match"	"SN194"	NA	8
"CGGACTGCAAGCGCTC"	""	"ERX6700419"	"ERP132580"	"testis"	"Sertoli"	NA	NA	NA	"CL:0000216"	"Sertoli cell"	"perfect match"	"SN194"	NA	3
"CGGACTGTCGAACGGA"	""	"ERX6700419"	"ERP132580"	"testis"	"Undifferentiated_Spermatogonia"	NA	NA	NA	"CL:0000016"	"male germ line stem cell"	"other"	"SN194"	NA	9
"CGGACTGTCGACAGCC"	""	"ERX6700419"	"ERP132580"	"testis"	"Sertoli"	NA	NA	NA	"CL:0000216"	"Sertoli cell"	"perfect match"	"SN194"	NA	3
"CGGACTGTCTAACTTC"	""	"ERX6700419"	"ERP132580"	"testis"	"Sertoli"	NA	NA	NA	"CL:0000216"	"Sertoli cell"	"perfect match"	"SN194"	NA	3
"CGGAGCTAGGTGCAAC"	""	"ERX6700419"	"ERP132580"	"testis"	"Sertoli"	NA	NA	NA	"CL:0000216"	"Sertoli cell"	"perfect match"	"SN194"	NA	3
"CGGAGCTCAGTTCATG"	""	"ERX6700419"	"ERP132580"	"testis"	"Other_somatic"	NA	NA	NA	"CL:0002371"	"somatic cell"	"perfect match"	"SN194"	NA	1
"CGGAGCTGTAAGTGGC"	""	"ERX6700419"	"ERP132580"	"testis"	"Sertoli"	NA	NA	NA	"CL:0000216"	"Sertoli cell"	"perfect match"	"SN194"	NA	3
"CGGAGCTGTGTAAGTA"	""	"ERX6700419"	"ERP132580"	"testis"	"Other_somatic"	NA	NA	NA	"CL:0002371"	"somatic cell"	"perfect match"	"SN194"	NA	1
"CGGAGCTGTTAAAGAC"	""	"ERX6700419"	"ERP132580"	"testis"	"Leptotene_Spermatocytes"	NA	NA	NA	"CL:0000017"	"spermatocyte"	"missing child term"	"SN194"	NA	11
"CGGAGCTTCAAGAAGT"	""	"ERX6700419"	"ERP132580"	"testis"	"Undifferentiated_Spermatogonia"	NA	NA	NA	"CL:0000016"	"male germ line stem cell"	"other"	"SN194"	NA	9
"CGGAGCTTCACTGGGC"	""	"ERX6700419"	"ERP132580"	"testis"	"Pachytene_Spermatocytes"	NA	NA	NA	"CL:0000017"	"spermatocyte"	"missing child term"	"SN194"	NA	4
"CGGAGCTTCCCATTTA"	""	"ERX6700419"	"ERP132580"	"testis"	"Elongated_spermatids"	NA	NA	NA	"CL:4030037"	"late spermatid"	"perfect match"	"SN194"	NA	2
"CGGAGTCAGTCCTCCT"	""	"ERX6700419"	"ERP132580"	"testis"	"Early_Round_spermatids"	NA	NA	NA	"CL:4030036"	"early spermatid"	"perfect match"	"SN194"	NA	8
"CGGCTAGCACAAGCCC"	""	"ERX6700419"	"ERP132580"	"testis"	"Other_somatic"	NA	NA	NA	"CL:0002371"	"somatic cell"	"perfect match"	"SN194"	NA	1
"CGGCTAGCATCTATGG"	""	"ERX6700419"	"ERP132580"	"testis"	"Other_somatic"	NA	NA	NA	"CL:0002371"	"somatic cell"	"perfect match"	"SN194"	NA	1
"CGGCTAGGTCCATGAT"	""	"ERX6700419"	"ERP132580"	"testis"	"Differentiated_Spermatogonia"	NA	NA	NA	"CL:0000020"	"spermatogonium"	"perfect match"	"SN194"	NA	7
"CGGCTAGTCCTAGGGC"	""	"ERX6700419"	"ERP132580"	"testis"	"Early_Round_spermatids"	NA	NA	NA	"CL:4030036"	"early spermatid"	"perfect match"	"SN194"	NA	8
"CGGCTAGTCTCTTGAT"	""	"ERX6700419"	"ERP132580"	"testis"	"Undifferentiated_Spermatogonia"	NA	NA	NA	"CL:0000016"	"male germ line stem cell"	"other"	"SN194"	NA	9
"CGGGTCAAGCCGGTAA"	""	"ERX6700419"	"ERP132580"	"testis"	"Sertoli"	NA	NA	NA	"CL:0000216"	"Sertoli cell"	"perfect match"	"SN194"	NA	3
"CGGGTCACACAACTGT"	""	"ERX6700419"	"ERP132580"	"testis"	"Undifferentiated_Spermatogonia"	NA	NA	NA	"CL:0000016"	"male germ line stem cell"	"other"	"SN194"	NA	9
"CGGGTCACATCACAAC"	""	"ERX6700419"	"ERP132580"	"testis"	"Leptotene_Spermatocytes"	NA	NA	NA	"CL:0000017"	"spermatocyte"	"missing child term"	"SN194"	NA	11
"CGGGTCAGTATCACCA"	""	"ERX6700419"	"ERP132580"	"testis"	"Pachytene_Spermatocytes"	NA	NA	NA	"CL:0000017"	"spermatocyte"	"missing child term"	"SN194"	NA	4
"CGGGTCAGTTGGGACA"	""	"ERX6700419"	"ERP132580"	"testis"	"Early_Round_spermatids"	NA	NA	NA	"CL:4030036"	"early spermatid"	"perfect match"	"SN194"	NA	8
"CGGGTCATCAAACAAG"	""	"ERX6700419"	"ERP132580"	"testis"	"Early_Round_spermatids"	NA	NA	NA	"CL:4030036"	"early spermatid"	"perfect match"	"SN194"	NA	8
"CGGGTCATCACCGGGT"	""	"ERX6700419"	"ERP132580"	"testis"	"Early_Round_spermatids"	NA	NA	NA	"CL:4030036"	"early spermatid"	"perfect match"	"SN194"	NA	8
"CGGGTCATCCGCGCAA"	""	"ERX6700419"	"ERP132580"	"testis"	"Differentiated_Spermatogonia"	NA	NA	NA	"CL:0000020"	"spermatogonium"	"perfect match"	"SN194"	NA	7
"CGGGTCATCGACAGCC"	""	"ERX6700419"	"ERP132580"	"testis"	"Other_somatic"	NA	NA	NA	"CL:0002371"	"somatic cell"	"perfect match"	"SN194"	NA	1
"CGGTTAAAGAAACCAT"	""	"ERX6700419"	"ERP132580"	"testis"	"Pachytene_Spermatocytes"	NA	NA	NA	"CL:0000017"	"spermatocyte"	"missing child term"	"SN194"	NA	4
"CGGTTAAAGGAGCGTT"	""	"ERX6700419"	"ERP132580"	"testis"	"Sertoli"	NA	NA	NA	"CL:0000216"	"Sertoli cell"	"perfect match"	"SN194"	NA	3
"CGGTTAACAGAAGCAC"	""	"ERX6700419"	"ERP132580"	"testis"	"Differentiated_Spermatogonia"	NA	NA	NA	"CL:0000020"	"spermatogonium"	"perfect match"	"SN194"	NA	7
"CGGTTAACAGCTGCAC"	""	"ERX6700419"	"ERP132580"	"testis"	"Early_Round_spermatids"	NA	NA	NA	"CL:4030036"	"early spermatid"	"perfect match"	"SN194"	NA	8
"CGGTTAAGTCAAAGCG"	""	"ERX6700419"	"ERP132580"	"testis"	"Sertoli"	NA	NA	NA	"CL:0000216"	"Sertoli cell"	"perfect match"	"SN194"	NA	3
"CGGTTAAGTCCGCTGA"	""	"ERX6700419"	"ERP132580"	"testis"	"Sertoli"	NA	NA	NA	"CL:0000216"	"Sertoli cell"	"perfect match"	"SN194"	NA	3
"CGGTTAATCGTATCAG"	""	"ERX6700419"	"ERP132580"	"testis"	"Sertoli"	NA	NA	NA	"CL:0000216"	"Sertoli cell"	"perfect match"	"SN194"	NA	3
"CGTAGCGAGGAGTTTA"	""	"ERX6700419"	"ERP132580"	"testis"	"Zygotene_Spermatocytes"	NA	NA	NA	"CL:0000017"	"spermatocyte"	"missing child term"	"SN194"	NA	5
"CGTAGCGCACACTGCG"	""	"ERX6700419"	"ERP132580"	"testis"	"Sertoli"	NA	NA	NA	"CL:0000216"	"Sertoli cell"	"perfect match"	"SN194"	NA	3
"CGTAGCGGTCGATTGT"	""	"ERX6700419"	"ERP132580"	"testis"	"Pachytene_Spermatocytes"	NA	NA	NA	"CL:0000017"	"spermatocyte"	"missing child term"	"SN194"	NA	4
"CGTAGCGGTCGTGGCT"	""	"ERX6700419"	"ERP132580"	"testis"	"Sertoli"	NA	NA	NA	"CL:0000216"	"Sertoli cell"	"perfect match"	"SN194"	NA	3
"CGTAGCGTCAATCACG"	""	"ERX6700419"	"ERP132580"	"testis"	"Leptotene_Spermatocytes"	NA	NA	NA	"CL:0000017"	"spermatocyte"	"missing child term"	"SN194"	NA	11
"CGTAGCGTCTGTTTGT"	""	"ERX6700419"	"ERP132580"	"testis"	"Sertoli"	NA	NA	NA	"CL:0000216"	"Sertoli cell"	"perfect match"	"SN194"	NA	3
"CGTAGGCAGATCGGGT"	""	"ERX6700419"	"ERP132580"	"testis"	"Elongated_spermatids"	NA	NA	NA	"CL:4030037"	"late spermatid"	"perfect match"	"SN194"	NA	2
"CGTAGGCAGGTAAACT"	""	"ERX6700419"	"ERP132580"	"testis"	"Pachytene_Spermatocytes"	NA	NA	NA	"CL:0000017"	"spermatocyte"	"missing child term"	"SN194"	NA	4
"CGTAGGCGTACTTCTT"	""	"ERX6700419"	"ERP132580"	"testis"	"Sertoli"	NA	NA	NA	"CL:0000216"	"Sertoli cell"	"perfect match"	"SN194"	NA	3
"CGTAGGCGTAGCGTAG"	""	"ERX6700419"	"ERP132580"	"testis"	"Pachytene_Spermatocytes"	NA	NA	NA	"CL:0000017"	"spermatocyte"	"missing child term"	"SN194"	NA	4
"CGTAGGCGTCTCTCTG"	""	"ERX6700419"	"ERP132580"	"testis"	"Early_Round_spermatids"	NA	NA	NA	"CL:4030036"	"early spermatid"	"perfect match"	"SN194"	NA	8
"CGTAGGCTCACCTCGT"	""	"ERX6700419"	"ERP132580"	"testis"	"Sertoli"	NA	NA	NA	"CL:0000216"	"Sertoli cell"	"perfect match"	"SN194"	NA	3
"CGTAGGCTCAGAAATG"	""	"ERX6700419"	"ERP132580"	"testis"	"Sertoli"	NA	NA	NA	"CL:0000216"	"Sertoli cell"	"perfect match"	"SN194"	NA	3
"CGTAGGCTCCATGAGT"	""	"ERX6700419"	"ERP132580"	"testis"	"Early_Round_spermatids"	NA	NA	NA	"CL:4030036"	"early spermatid"	"perfect match"	"SN194"	NA	8
"CGTAGGCTCGGCGCTA"	""	"ERX6700419"	"ERP132580"	"testis"	"Other_somatic"	NA	NA	NA	"CL:0002371"	"somatic cell"	"perfect match"	"SN194"	NA	1
"CGTCACTCAGAGCCAA"	""	"ERX6700419"	"ERP132580"	"testis"	"Late_Round_spermatids"	NA	NA	NA	"CL:4030036"	"early spermatid"	"other"	"SN194"	NA	6
"CGTCACTTCCGTAGTA"	""	"ERX6700419"	"ERP132580"	"testis"	"Other_somatic"	NA	NA	NA	"CL:0002371"	"somatic cell"	"perfect match"	"SN194"	NA	1
"CGTCACTTCTGCCAGG"	""	"ERX6700419"	"ERP132580"	"testis"	"Sertoli"	NA	NA	NA	"CL:0000216"	"Sertoli cell"	"perfect match"	"SN194"	NA	3
"CGTCAGGAGGCCGAAT"	""	"ERX6700419"	"ERP132580"	"testis"	"Late_Round_spermatids"	NA	NA	NA	"CL:4030036"	"early spermatid"	"other"	"SN194"	NA	6
"CGTCAGGCATCCCACT"	""	"ERX6700419"	"ERP132580"	"testis"	"Elongated_spermatids"	NA	NA	NA	"CL:4030037"	"late spermatid"	"perfect match"	"SN194"	NA	2
"CGTCAGGCATTTCACT"	""	"ERX6700419"	"ERP132580"	"testis"	"Leptotene_Spermatocytes"	NA	NA	NA	"CL:0000017"	"spermatocyte"	"missing child term"	"SN194"	NA	11
"CGTCAGGGTCCTCCAT"	""	"ERX6700419"	"ERP132580"	"testis"	"Zygotene_Spermatocytes"	NA	NA	NA	"CL:0000017"	"spermatocyte"	"missing child term"	"SN194"	NA	5
"CGTCAGGGTCTCACCT"	""	"ERX6700419"	"ERP132580"	"testis"	"Other_somatic"	NA	NA	NA	"CL:0002371"	"somatic cell"	"perfect match"	"SN194"	NA	1
"CGTCAGGGTTACGGAG"	""	"ERX6700419"	"ERP132580"	"testis"	"Other_somatic"	NA	NA	NA	"CL:0002371"	"somatic cell"	"perfect match"	"SN194"	NA	1
"CGTCAGGGTTGAGGTG"	""	"ERX6700419"	"ERP132580"	"testis"	"Differentiated_Spermatogonia"	NA	NA	NA	"CL:0000020"	"spermatogonium"	"perfect match"	"SN194"	NA	7
"CGTCAGGTCCAAGTAC"	""	"ERX6700419"	"ERP132580"	"testis"	""	NA	NA	NA	"CL:0000000"	"cell"	"other"	"SN194"	NA	10
"CGTCAGGTCCATGCTC"	""	"ERX6700419"	"ERP132580"	"testis"	"Sertoli"	NA	NA	NA	"CL:0000216"	"Sertoli cell"	"perfect match"	"SN194"	NA	3
"CGTCAGGTCCGTCAAA"	""	"ERX6700419"	"ERP132580"	"testis"	"Leptotene_Spermatocytes"	NA	NA	NA	"CL:0000017"	"spermatocyte"	"missing child term"	"SN194"	NA	11
"CGTCAGGTCTGGTTCC"	""	"ERX6700419"	"ERP132580"	"testis"	"Other_somatic"	NA	NA	NA	"CL:0002371"	"somatic cell"	"perfect match"	"SN194"	NA	1
"CGTCCATAGCGTTCCG"	""	"ERX6700419"	"ERP132580"	"testis"	"Sertoli"	NA	NA	NA	"CL:0000216"	"Sertoli cell"	"perfect match"	"SN194"	NA	3
"CGTCCATAGTTGTCGT"	""	"ERX6700419"	"ERP132580"	"testis"	"Other_somatic"	NA	NA	NA	"CL:0002371"	"somatic cell"	"perfect match"	"SN194"	NA	1
"CGTCCATCAACTGCTA"	""	"ERX6700419"	"ERP132580"	"testis"	"Late_Round_spermatids"	NA	NA	NA	"CL:4030036"	"early spermatid"	"other"	"SN194"	NA	6
"CGTCCATCACGACTCG"	""	"ERX6700419"	"ERP132580"	"testis"	"Other_somatic"	NA	NA	NA	"CL:0002371"	"somatic cell"	"perfect match"	"SN194"	NA	1
"CGTCCATGTAATTGGA"	""	"ERX6700419"	"ERP132580"	"testis"	"Differentiated_Spermatogonia"	NA	NA	NA	"CL:0000020"	"spermatogonium"	"perfect match"	"SN194"	NA	7
"CGTCCATGTGATAAAC"	""	"ERX6700419"	"ERP132580"	"testis"	"Pachytene_Spermatocytes"	NA	NA	NA	"CL:0000017"	"spermatocyte"	"missing child term"	"SN194"	NA	4
"CGTCCATGTGCAGTAG"	""	"ERX6700419"	"ERP132580"	"testis"	"Sertoli"	NA	NA	NA	"CL:0000216"	"Sertoli cell"	"perfect match"	"SN194"	NA	3
"CGTCTACAGTGTTAGA"	""	"ERX6700419"	"ERP132580"	"testis"	"Pachytene_Spermatocytes"	NA	NA	NA	"CL:0000017"	"spermatocyte"	"missing child term"	"SN194"	NA	4
"CGTCTACAGTTCGCGC"	""	"ERX6700419"	"ERP132580"	"testis"	"Sertoli"	NA	NA	NA	"CL:0000216"	"Sertoli cell"	"perfect match"	"SN194"	NA	3
"CGTCTACCAATTCCTT"	""	"ERX6700419"	"ERP132580"	"testis"	"Other_somatic"	NA	NA	NA	"CL:0002371"	"somatic cell"	"perfect match"	"SN194"	NA	1
"CGTCTACCAGTAGAGC"	""	"ERX6700419"	"ERP132580"	"testis"	"Differentiated_Spermatogonia"	NA	NA	NA	"CL:0000020"	"spermatogonium"	"perfect match"	"SN194"	NA	7
"CGTCTACGTCAGAGGT"	""	"ERX6700419"	"ERP132580"	"testis"	"Other_somatic"	NA	NA	NA	"CL:0002371"	"somatic cell"	"perfect match"	"SN194"	NA	1
"CGTCTACGTGCGAAAC"	""	"ERX6700419"	"ERP132580"	"testis"	"Elongated_spermatids"	NA	NA	NA	"CL:4030037"	"late spermatid"	"perfect match"	"SN194"	NA	2
"CGTCTACTCATTTGGG"	""	"ERX6700419"	"ERP132580"	"testis"	"Zygotene_Spermatocytes"	NA	NA	NA	"CL:0000017"	"spermatocyte"	"missing child term"	"SN194"	NA	5
"CGTCTACTCCGTCATC"	""	"ERX6700419"	"ERP132580"	"testis"	"Other_somatic"	NA	NA	NA	"CL:0002371"	"somatic cell"	"perfect match"	"SN194"	NA	1
"CGTCTACTCGCGATCG"	""	"ERX6700419"	"ERP132580"	"testis"	"Early_Round_spermatids"	NA	NA	NA	"CL:4030036"	"early spermatid"	"perfect match"	"SN194"	NA	8
"CGTGAGCCAACACCCG"	""	"ERX6700419"	"ERP132580"	"testis"	"Early_Round_spermatids"	NA	NA	NA	"CL:4030036"	"early spermatid"	"perfect match"	"SN194"	NA	8
"CGTGAGCCACCTCGGA"	""	"ERX6700419"	"ERP132580"	"testis"	"Leptotene_Spermatocytes"	NA	NA	NA	"CL:0000017"	"spermatocyte"	"missing child term"	"SN194"	NA	11
"CGTGAGCGTTGGGACA"	""	"ERX6700419"	"ERP132580"	"testis"	"Late_Round_spermatids"	NA	NA	NA	"CL:4030036"	"early spermatid"	"other"	"SN194"	NA	6
"CGTGAGCGTTGTACAC"	""	"ERX6700419"	"ERP132580"	"testis"	"Other_somatic"	NA	NA	NA	"CL:0002371"	"somatic cell"	"perfect match"	"SN194"	NA	1
"CGTGAGCGTTGTCGCG"	""	"ERX6700419"	"ERP132580"	"testis"	"Leptotene_Spermatocytes"	NA	NA	NA	"CL:0000017"	"spermatocyte"	"missing child term"	"SN194"	NA	11
"CGTGAGCTCCCAAGTA"	""	"ERX6700419"	"ERP132580"	"testis"	"Elongated_spermatids"	NA	NA	NA	"CL:4030037"	"late spermatid"	"perfect match"	"SN194"	NA	2
"CGTGAGCTCCTTGACC"	""	"ERX6700419"	"ERP132580"	"testis"	"Zygotene_Spermatocytes"	NA	NA	NA	"CL:0000017"	"spermatocyte"	"missing child term"	"SN194"	NA	5
"CGTGAGCTCGCCTGAG"	""	"ERX6700419"	"ERP132580"	"testis"	"Late_Round_spermatids"	NA	NA	NA	"CL:4030036"	"early spermatid"	"other"	"SN194"	NA	6
"CGTGTAAAGAGGTAGA"	""	"ERX6700419"	"ERP132580"	"testis"	"Late_Round_spermatids"	NA	NA	NA	"CL:4030036"	"early spermatid"	"other"	"SN194"	NA	6
"CGTGTAAAGCTGCAAG"	""	"ERX6700419"	"ERP132580"	"testis"	"Leptotene_Spermatocytes"	NA	NA	NA	"CL:0000017"	"spermatocyte"	"missing child term"	"SN194"	NA	11
"CGTGTAAAGTTAGGTA"	""	"ERX6700419"	"ERP132580"	"testis"	"Zygotene_Spermatocytes"	NA	NA	NA	"CL:0000017"	"spermatocyte"	"missing child term"	"SN194"	NA	5
"CGTGTAACACGAAATA"	""	"ERX6700419"	"ERP132580"	"testis"	"Early_Round_spermatids"	NA	NA	NA	"CL:4030036"	"early spermatid"	"perfect match"	"SN194"	NA	8
"CGTGTAACATAGGATA"	""	"ERX6700419"	"ERP132580"	"testis"	"Other_somatic"	NA	NA	NA	"CL:0002371"	"somatic cell"	"perfect match"	"SN194"	NA	1
"CGTGTAAGTCAAAGAT"	""	"ERX6700419"	"ERP132580"	"testis"	"Late_Round_spermatids"	NA	NA	NA	"CL:4030036"	"early spermatid"	"other"	"SN194"	NA	6
"CGTGTAATCCAAACAC"	""	"ERX6700419"	"ERP132580"	"testis"	"Differentiated_Spermatogonia"	NA	NA	NA	"CL:0000020"	"spermatogonium"	"perfect match"	"SN194"	NA	7
"CGTGTAATCCTTGCCA"	""	"ERX6700419"	"ERP132580"	"testis"	"Sertoli"	NA	NA	NA	"CL:0000216"	"Sertoli cell"	"perfect match"	"SN194"	NA	3
"CGTGTAATCTTAGAGC"	""	"ERX6700419"	"ERP132580"	"testis"	"Leptotene_Spermatocytes"	NA	NA	NA	"CL:0000017"	"spermatocyte"	"missing child term"	"SN194"	NA	11
"CGTGTCTAGGAGCGTT"	""	"ERX6700419"	"ERP132580"	"testis"	"Leptotene_Spermatocytes"	NA	NA	NA	"CL:0000017"	"spermatocyte"	"missing child term"	"SN194"	NA	11
"CGTGTCTAGGGATCTG"	""	"ERX6700419"	"ERP132580"	"testis"	"Undifferentiated_Spermatogonia"	NA	NA	NA	"CL:0000016"	"male germ line stem cell"	"other"	"SN194"	NA	9
"CGTGTCTCACGAAACG"	""	"ERX6700419"	"ERP132580"	"testis"	"Zygotene_Spermatocytes"	NA	NA	NA	"CL:0000017"	"spermatocyte"	"missing child term"	"SN194"	NA	5
"CGTGTCTGTGTATGGG"	""	"ERX6700419"	"ERP132580"	"testis"	"Late_Round_spermatids"	NA	NA	NA	"CL:4030036"	"early spermatid"	"other"	"SN194"	NA	6
"CGTGTCTTCAGGCGAA"	""	"ERX6700419"	"ERP132580"	"testis"	"Pachytene_Spermatocytes"	NA	NA	NA	"CL:0000017"	"spermatocyte"	"missing child term"	"SN194"	NA	4
"CGTTAGAAGTATCTCG"	""	"ERX6700419"	"ERP132580"	"testis"	"Pachytene_Spermatocytes"	NA	NA	NA	"CL:0000017"	"spermatocyte"	"missing child term"	"SN194"	NA	4
"CGTTAGAAGTGACATA"	""	"ERX6700419"	"ERP132580"	"testis"	"Early_Round_spermatids"	NA	NA	NA	"CL:4030036"	"early spermatid"	"perfect match"	"SN194"	NA	8
"CGTTAGAGTTAAGATG"	""	"ERX6700419"	"ERP132580"	"testis"	"Leptotene_Spermatocytes"	NA	NA	NA	"CL:0000017"	"spermatocyte"	"missing child term"	"SN194"	NA	11
"CGTTAGAGTTCAGGCC"	""	"ERX6700419"	"ERP132580"	"testis"	"Sertoli"	NA	NA	NA	"CL:0000216"	"Sertoli cell"	"perfect match"	"SN194"	NA	3
"CGTTAGATCCAGTAGT"	""	"ERX6700419"	"ERP132580"	"testis"	"Late_Round_spermatids"	NA	NA	NA	"CL:4030036"	"early spermatid"	"other"	"SN194"	NA	6
"CGTTCTGAGACTTTCG"	""	"ERX6700419"	"ERP132580"	"testis"	"Zygotene_Spermatocytes"	NA	NA	NA	"CL:0000017"	"spermatocyte"	"missing child term"	"SN194"	NA	5
"CGTTCTGCAATAACGA"	""	"ERX6700419"	"ERP132580"	"testis"	"Pachytene_Spermatocytes"	NA	NA	NA	"CL:0000017"	"spermatocyte"	"missing child term"	"SN194"	NA	4
"CGTTCTGCACAACGCC"	""	"ERX6700419"	"ERP132580"	"testis"	"Differentiated_Spermatogonia"	NA	NA	NA	"CL:0000020"	"spermatogonium"	"perfect match"	"SN194"	NA	7
"CGTTCTGGTTCAGACT"	""	"ERX6700419"	"ERP132580"	"testis"	"Sertoli"	NA	NA	NA	"CL:0000216"	"Sertoli cell"	"perfect match"	"SN194"	NA	3
"CGTTGGGAGATATGCA"	""	"ERX6700419"	"ERP132580"	"testis"	"Sertoli"	NA	NA	NA	"CL:0000216"	"Sertoli cell"	"perfect match"	"SN194"	NA	3
"CGTTGGGAGCGATCCC"	""	"ERX6700419"	"ERP132580"	"testis"	"Pachytene_Spermatocytes"	NA	NA	NA	"CL:0000017"	"spermatocyte"	"missing child term"	"SN194"	NA	4
"CGTTGGGCAAAGGAAG"	""	"ERX6700419"	"ERP132580"	"testis"	"Zygotene_Spermatocytes"	NA	NA	NA	"CL:0000017"	"spermatocyte"	"missing child term"	"SN194"	NA	5
"CGTTGGGCAAGGTTCT"	""	"ERX6700419"	"ERP132580"	"testis"	"Other_somatic"	NA	NA	NA	"CL:0002371"	"somatic cell"	"perfect match"	"SN194"	NA	1
"CGTTGGGCACGCCAGT"	""	"ERX6700419"	"ERP132580"	"testis"	"Pachytene_Spermatocytes"	NA	NA	NA	"CL:0000017"	"spermatocyte"	"missing child term"	"SN194"	NA	4
"CGTTGGGCACGCTTTC"	""	"ERX6700419"	"ERP132580"	"testis"	"Differentiated_Spermatogonia"	NA	NA	NA	"CL:0000020"	"spermatogonium"	"perfect match"	"SN194"	NA	7
"CGTTGGGCAGATTGCT"	""	"ERX6700419"	"ERP132580"	"testis"	"Leptotene_Spermatocytes"	NA	NA	NA	"CL:0000017"	"spermatocyte"	"missing child term"	"SN194"	NA	11
"CGTTGGGGTCATCGGC"	""	"ERX6700419"	"ERP132580"	"testis"	"Undifferentiated_Spermatogonia"	NA	NA	NA	"CL:0000016"	"male germ line stem cell"	"other"	"SN194"	NA	9
"CGTTGGGGTCTCGTTC"	""	"ERX6700419"	"ERP132580"	"testis"	"Sertoli"	NA	NA	NA	"CL:0000216"	"Sertoli cell"	"perfect match"	"SN194"	NA	3
"CGTTGGGTCCAGTAGT"	""	"ERX6700419"	"ERP132580"	"testis"	"Leptotene_Spermatocytes"	NA	NA	NA	"CL:0000017"	"spermatocyte"	"missing child term"	"SN194"	NA	11
"CGTTGGGTCCCGACTT"	""	"ERX6700419"	"ERP132580"	"testis"	"Zygotene_Spermatocytes"	NA	NA	NA	"CL:0000017"	"spermatocyte"	"missing child term"	"SN194"	NA	5
"CGTTGGGTCGCGTAGC"	""	"ERX6700419"	"ERP132580"	"testis"	"Sertoli"	NA	NA	NA	"CL:0000216"	"Sertoli cell"	"perfect match"	"SN194"	NA	3
"CTAACTTAGTCTCAAC"	""	"ERX6700419"	"ERP132580"	"testis"	"Zygotene_Spermatocytes"	NA	NA	NA	"CL:0000017"	"spermatocyte"	"missing child term"	"SN194"	NA	5
"CTAACTTGTCGTCTTC"	""	"ERX6700419"	"ERP132580"	"testis"	"Elongated_spermatids"	NA	NA	NA	"CL:4030037"	"late spermatid"	"perfect match"	"SN194"	NA	2
"CTAAGACAGATGCGAC"	""	"ERX6700419"	"ERP132580"	"testis"	"Other_somatic"	NA	NA	NA	"CL:0002371"	"somatic cell"	"perfect match"	"SN194"	NA	1
"CTAAGACAGCGCCTTG"	""	"ERX6700419"	"ERP132580"	"testis"	"Pachytene_Spermatocytes"	NA	NA	NA	"CL:0000017"	"spermatocyte"	"missing child term"	"SN194"	NA	4
"CTAAGACAGCGTAGTG"	""	"ERX6700419"	"ERP132580"	"testis"	"Zygotene_Spermatocytes"	NA	NA	NA	"CL:0000017"	"spermatocyte"	"missing child term"	"SN194"	NA	5
"CTAAGACAGGCTAGCA"	""	"ERX6700419"	"ERP132580"	"testis"	"Sertoli"	NA	NA	NA	"CL:0000216"	"Sertoli cell"	"perfect match"	"SN194"	NA	3
"CTAAGACCAAACGCGA"	""	"ERX6700419"	"ERP132580"	"testis"	"Late_Round_spermatids"	NA	NA	NA	"CL:4030036"	"early spermatid"	"other"	"SN194"	NA	6
"CTAAGACCAATGTTGC"	""	"ERX6700419"	"ERP132580"	"testis"	"Differentiated_Spermatogonia"	NA	NA	NA	"CL:0000020"	"spermatogonium"	"perfect match"	"SN194"	NA	7
"CTAAGACCAGGTTTCA"	""	"ERX6700419"	"ERP132580"	"testis"	"Late_Round_spermatids"	NA	NA	NA	"CL:4030036"	"early spermatid"	"other"	"SN194"	NA	6
"CTAAGACCATATGGTC"	""	"ERX6700419"	"ERP132580"	"testis"	"Sertoli"	NA	NA	NA	"CL:0000216"	"Sertoli cell"	"perfect match"	"SN194"	NA	3
"CTAAGACCATGACGGA"	""	"ERX6700419"	"ERP132580"	"testis"	"Early_Round_spermatids"	NA	NA	NA	"CL:4030036"	"early spermatid"	"perfect match"	"SN194"	NA	8
"CTAAGACGTGAGGCTA"	""	"ERX6700419"	"ERP132580"	"testis"	"Sertoli"	NA	NA	NA	"CL:0000216"	"Sertoli cell"	"perfect match"	"SN194"	NA	3
"CTAAGACTCAAGATCC"	""	"ERX6700419"	"ERP132580"	"testis"	"Other_somatic"	NA	NA	NA	"CL:0002371"	"somatic cell"	"perfect match"	"SN194"	NA	1
"CTAATGGAGCCACCTG"	""	"ERX6700419"	"ERP132580"	"testis"	"Elongated_spermatids"	NA	NA	NA	"CL:4030037"	"late spermatid"	"perfect match"	"SN194"	NA	2
"CTAATGGCATATGCTG"	""	"ERX6700419"	"ERP132580"	"testis"	"Pachytene_Spermatocytes"	NA	NA	NA	"CL:0000017"	"spermatocyte"	"missing child term"	"SN194"	NA	4
"CTAATGGGTATTACCG"	""	"ERX6700419"	"ERP132580"	"testis"	"Late_Round_spermatids"	NA	NA	NA	"CL:4030036"	"early spermatid"	"other"	"SN194"	NA	6
"CTAATGGGTTGCCTCT"	""	"ERX6700419"	"ERP132580"	"testis"	"Differentiated_Spermatogonia"	NA	NA	NA	"CL:0000020"	"spermatogonium"	"perfect match"	"SN194"	NA	7
"CTAATGGGTTGTGGAG"	""	"ERX6700419"	"ERP132580"	"testis"	"Undifferentiated_Spermatogonia"	NA	NA	NA	"CL:0000016"	"male germ line stem cell"	"other"	"SN194"	NA	9
"CTACACCAGTTTGCGT"	""	"ERX6700419"	"ERP132580"	"testis"	"Sertoli"	NA	NA	NA	"CL:0000216"	"Sertoli cell"	"perfect match"	"SN194"	NA	3
"CTACACCCAAAGAATC"	""	"ERX6700419"	"ERP132580"	"testis"	"Late_Round_spermatids"	NA	NA	NA	"CL:4030036"	"early spermatid"	"other"	"SN194"	NA	6
"CTACACCCAGTAGAGC"	""	"ERX6700419"	"ERP132580"	"testis"	"Pachytene_Spermatocytes"	NA	NA	NA	"CL:0000017"	"spermatocyte"	"missing child term"	"SN194"	NA	4
"CTACACCCATAGAAAC"	""	"ERX6700419"	"ERP132580"	"testis"	"Differentiated_Spermatogonia"	NA	NA	NA	"CL:0000020"	"spermatogonium"	"perfect match"	"SN194"	NA	7
"CTACACCGTCCTCTTG"	""	"ERX6700419"	"ERP132580"	"testis"	"Early_Round_spermatids"	NA	NA	NA	"CL:4030036"	"early spermatid"	"perfect match"	"SN194"	NA	8
"CTACACCTCGCGGATC"	""	"ERX6700419"	"ERP132580"	"testis"	"Late_Round_spermatids"	NA	NA	NA	"CL:4030036"	"early spermatid"	"other"	"SN194"	NA	6
"CTACACCTCTGGTGTA"	""	"ERX6700419"	"ERP132580"	"testis"	"Differentiated_Spermatogonia"	NA	NA	NA	"CL:0000020"	"spermatogonium"	"perfect match"	"SN194"	NA	7
"CTACATTAGCGCTTAT"	""	"ERX6700419"	"ERP132580"	"testis"	"Early_Round_spermatids"	NA	NA	NA	"CL:4030036"	"early spermatid"	"perfect match"	"SN194"	NA	8
"CTACATTAGTACCGGA"	""	"ERX6700419"	"ERP132580"	"testis"	"Sertoli"	NA	NA	NA	"CL:0000216"	"Sertoli cell"	"perfect match"	"SN194"	NA	3
"CTACATTCACAGTCGC"	""	"ERX6700419"	"ERP132580"	"testis"	"Sertoli"	NA	NA	NA	"CL:0000216"	"Sertoli cell"	"perfect match"	"SN194"	NA	3
"CTACATTCACCTCGGA"	""	"ERX6700419"	"ERP132580"	"testis"	"Sertoli"	NA	NA	NA	"CL:0000216"	"Sertoli cell"	"perfect match"	"SN194"	NA	3
"CTACATTGTAAGGATT"	""	"ERX6700419"	"ERP132580"	"testis"	"Late_Round_spermatids"	NA	NA	NA	"CL:4030036"	"early spermatid"	"other"	"SN194"	NA	6
"CTACATTGTCTAGCCG"	""	"ERX6700419"	"ERP132580"	"testis"	"Pachytene_Spermatocytes"	NA	NA	NA	"CL:0000017"	"spermatocyte"	"missing child term"	"SN194"	NA	4
"CTACATTTCATGCATG"	""	"ERX6700419"	"ERP132580"	"testis"	"Elongated_spermatids"	NA	NA	NA	"CL:4030037"	"late spermatid"	"perfect match"	"SN194"	NA	2
"CTACATTTCCGCATCT"	""	"ERX6700419"	"ERP132580"	"testis"	"Elongated_spermatids"	NA	NA	NA	"CL:4030037"	"late spermatid"	"perfect match"	"SN194"	NA	2
"CTACATTTCTCTGTCG"	""	"ERX6700419"	"ERP132580"	"testis"	"Undifferentiated_Spermatogonia"	NA	NA	NA	"CL:0000016"	"male germ line stem cell"	"other"	"SN194"	NA	9
"CTACCCAAGCTGCGAA"	""	"ERX6700419"	"ERP132580"	"testis"	"Other_somatic"	NA	NA	NA	"CL:0002371"	"somatic cell"	"perfect match"	"SN194"	NA	1
"CTACCCACAAGTCATC"	""	"ERX6700419"	"ERP132580"	"testis"	"Pachytene_Spermatocytes"	NA	NA	NA	"CL:0000017"	"spermatocyte"	"missing child term"	"SN194"	NA	4
"CTACCCACAGTCGATT"	""	"ERX6700419"	"ERP132580"	"testis"	"Pachytene_Spermatocytes"	NA	NA	NA	"CL:0000017"	"spermatocyte"	"missing child term"	"SN194"	NA	4
"CTACCCACATTAGGCT"	""	"ERX6700419"	"ERP132580"	"testis"	"Sertoli"	NA	NA	NA	"CL:0000216"	"Sertoli cell"	"perfect match"	"SN194"	NA	3
"CTACCCAGTTACCGAT"	""	"ERX6700419"	"ERP132580"	"testis"	"Late_Round_spermatids"	NA	NA	NA	"CL:4030036"	"early spermatid"	"other"	"SN194"	NA	6
"CTACCCATCAGTTGAC"	""	"ERX6700419"	"ERP132580"	"testis"	"Other_somatic"	NA	NA	NA	"CL:0002371"	"somatic cell"	"perfect match"	"SN194"	NA	1
"CTACCCATCTAACGGT"	""	"ERX6700419"	"ERP132580"	"testis"	"Other_somatic"	NA	NA	NA	"CL:0002371"	"somatic cell"	"perfect match"	"SN194"	NA	1
"CTACGTCAGCTTATCG"	""	"ERX6700419"	"ERP132580"	"testis"	"Undifferentiated_Spermatogonia"	NA	NA	NA	"CL:0000016"	"male germ line stem cell"	"other"	"SN194"	NA	9
"CTACGTCAGTCGTTTG"	""	"ERX6700419"	"ERP132580"	"testis"	"Late_Round_spermatids"	NA	NA	NA	"CL:4030036"	"early spermatid"	"other"	"SN194"	NA	6
"CTACGTCGTCGGATCC"	""	"ERX6700419"	"ERP132580"	"testis"	"Undifferentiated_Spermatogonia"	NA	NA	NA	"CL:0000016"	"male germ line stem cell"	"other"	"SN194"	NA	9
"CTACGTCTCACCCTCA"	""	"ERX6700419"	"ERP132580"	"testis"	"Other_somatic"	NA	NA	NA	"CL:0002371"	"somatic cell"	"perfect match"	"SN194"	NA	1
"CTAGAGTAGCTAGGCA"	""	"ERX6700419"	"ERP132580"	"testis"	""	NA	NA	NA	"CL:0000000"	"cell"	"other"	"SN194"	NA	10
"CTAGAGTAGTTGTAGA"	""	"ERX6700419"	"ERP132580"	"testis"	"Pachytene_Spermatocytes"	NA	NA	NA	"CL:0000017"	"spermatocyte"	"missing child term"	"SN194"	NA	4
"CTAGAGTCACGCGAAA"	""	"ERX6700419"	"ERP132580"	"testis"	"Early_Round_spermatids"	NA	NA	NA	"CL:4030036"	"early spermatid"	"perfect match"	"SN194"	NA	8
"CTAGCCTAGGTGGGTT"	""	"ERX6700419"	"ERP132580"	"testis"	"Pachytene_Spermatocytes"	NA	NA	NA	"CL:0000017"	"spermatocyte"	"missing child term"	"SN194"	NA	4
"CTAGCCTAGTGCTGCC"	""	"ERX6700419"	"ERP132580"	"testis"	"Other_somatic"	NA	NA	NA	"CL:0002371"	"somatic cell"	"perfect match"	"SN194"	NA	1
"CTAGCCTCACGGTAGA"	""	"ERX6700419"	"ERP132580"	"testis"	"Leptotene_Spermatocytes"	NA	NA	NA	"CL:0000017"	"spermatocyte"	"missing child term"	"SN194"	NA	11
"CTAGCCTTCCGCAAGC"	""	"ERX6700419"	"ERP132580"	"testis"	"Sertoli"	NA	NA	NA	"CL:0000216"	"Sertoli cell"	"perfect match"	"SN194"	NA	3
"CTAGCCTTCCTGCTTG"	""	"ERX6700419"	"ERP132580"	"testis"	"Undifferentiated_Spermatogonia"	NA	NA	NA	"CL:0000016"	"male germ line stem cell"	"other"	"SN194"	NA	9
"CTAGTGAAGAGTAAGG"	""	"ERX6700419"	"ERP132580"	"testis"	"Other_somatic"	NA	NA	NA	"CL:0002371"	"somatic cell"	"perfect match"	"SN194"	NA	1
"CTAGTGAAGATCCCAT"	""	"ERX6700419"	"ERP132580"	"testis"	"Pachytene_Spermatocytes"	NA	NA	NA	"CL:0000017"	"spermatocyte"	"missing child term"	"SN194"	NA	4
"CTAGTGAAGGATGGAA"	""	"ERX6700419"	"ERP132580"	"testis"	"Sertoli"	NA	NA	NA	"CL:0000216"	"Sertoli cell"	"perfect match"	"SN194"	NA	3
"CTAGTGACATGTAGTC"	""	"ERX6700419"	"ERP132580"	"testis"	"Leptotene_Spermatocytes"	NA	NA	NA	"CL:0000017"	"spermatocyte"	"missing child term"	"SN194"	NA	11
"CTAGTGACATTACGAC"	""	"ERX6700419"	"ERP132580"	"testis"	"Differentiated_Spermatogonia"	NA	NA	NA	"CL:0000020"	"spermatogonium"	"perfect match"	"SN194"	NA	7
"CTAGTGATCTGGGCCA"	""	"ERX6700419"	"ERP132580"	"testis"	"Pachytene_Spermatocytes"	NA	NA	NA	"CL:0000017"	"spermatocyte"	"missing child term"	"SN194"	NA	4
"CTCACACAGTGCCAGA"	""	"ERX6700419"	"ERP132580"	"testis"	"Zygotene_Spermatocytes"	NA	NA	NA	"CL:0000017"	"spermatocyte"	"missing child term"	"SN194"	NA	5
"CTCACACCACAACTGT"	""	"ERX6700419"	"ERP132580"	"testis"	"Early_Round_spermatids"	NA	NA	NA	"CL:4030036"	"early spermatid"	"perfect match"	"SN194"	NA	8
"CTCACACCAGGATCGA"	""	"ERX6700419"	"ERP132580"	"testis"	"Leptotene_Spermatocytes"	NA	NA	NA	"CL:0000017"	"spermatocyte"	"missing child term"	"SN194"	NA	11
"CTCACACGTAGGGTAC"	""	"ERX6700419"	"ERP132580"	"testis"	"Sertoli"	NA	NA	NA	"CL:0000216"	"Sertoli cell"	"perfect match"	"SN194"	NA	3
"CTCACACGTCAGGACA"	""	"ERX6700419"	"ERP132580"	"testis"	"Late_Round_spermatids"	NA	NA	NA	"CL:4030036"	"early spermatid"	"other"	"SN194"	NA	6
"CTCACACTCAATAAGG"	""	"ERX6700419"	"ERP132580"	"testis"	"Leptotene_Spermatocytes"	NA	NA	NA	"CL:0000017"	"spermatocyte"	"missing child term"	"SN194"	NA	11
"CTCACACTCCAGAGGA"	""	"ERX6700419"	"ERP132580"	"testis"	"Leptotene_Spermatocytes"	NA	NA	NA	"CL:0000017"	"spermatocyte"	"missing child term"	"SN194"	NA	11
"CTCACACTCTGTTGAG"	""	"ERX6700419"	"ERP132580"	"testis"	"Early_Round_spermatids"	NA	NA	NA	"CL:4030036"	"early spermatid"	"perfect match"	"SN194"	NA	8
"CTCAGAAAGAGATGAG"	""	"ERX6700419"	"ERP132580"	"testis"	"Elongated_spermatids"	NA	NA	NA	"CL:4030037"	"late spermatid"	"perfect match"	"SN194"	NA	2
"CTCAGAAAGGCCATAG"	""	"ERX6700419"	"ERP132580"	"testis"	"Sertoli"	NA	NA	NA	"CL:0000216"	"Sertoli cell"	"perfect match"	"SN194"	NA	3
"CTCAGAAGTCAGTGGA"	""	"ERX6700419"	"ERP132580"	"testis"	"Sertoli"	NA	NA	NA	"CL:0000216"	"Sertoli cell"	"perfect match"	"SN194"	NA	3
"CTCAGAAGTCCGAACC"	""	"ERX6700419"	"ERP132580"	"testis"	"Leptotene_Spermatocytes"	NA	NA	NA	"CL:0000017"	"spermatocyte"	"missing child term"	"SN194"	NA	11
"CTCAGAAGTTGGAGGT"	""	"ERX6700419"	"ERP132580"	"testis"	"Late_Round_spermatids"	NA	NA	NA	"CL:4030036"	"early spermatid"	"other"	"SN194"	NA	6
"CTCATTAAGACTAGAT"	""	"ERX6700419"	"ERP132580"	"testis"	"Pachytene_Spermatocytes"	NA	NA	NA	"CL:0000017"	"spermatocyte"	"missing child term"	"SN194"	NA	4
"CTCATTAAGGAACTGC"	""	"ERX6700419"	"ERP132580"	"testis"	"Other_somatic"	NA	NA	NA	"CL:0002371"	"somatic cell"	"perfect match"	"SN194"	NA	1
"CTCATTAAGTAGGTGC"	""	"ERX6700419"	"ERP132580"	"testis"	"Early_Round_spermatids"	NA	NA	NA	"CL:4030036"	"early spermatid"	"perfect match"	"SN194"	NA	8
"CTCATTACAGTGAGTG"	""	"ERX6700419"	"ERP132580"	"testis"	"Early_Round_spermatids"	NA	NA	NA	"CL:4030036"	"early spermatid"	"perfect match"	"SN194"	NA	8
"CTCATTACATCGGAAG"	""	"ERX6700419"	"ERP132580"	"testis"	"Late_Round_spermatids"	NA	NA	NA	"CL:4030036"	"early spermatid"	"other"	"SN194"	NA	6
"CTCATTAGTGAGTGAC"	""	"ERX6700419"	"ERP132580"	"testis"	"Other_somatic"	NA	NA	NA	"CL:0002371"	"somatic cell"	"perfect match"	"SN194"	NA	1
"CTCATTATCCGAAGAG"	""	"ERX6700419"	"ERP132580"	"testis"	"Undifferentiated_Spermatogonia"	NA	NA	NA	"CL:0000016"	"male germ line stem cell"	"other"	"SN194"	NA	9
"CTCATTATCGCGTAGC"	""	"ERX6700419"	"ERP132580"	"testis"	"Sertoli"	NA	NA	NA	"CL:0000216"	"Sertoli cell"	"perfect match"	"SN194"	NA	3
"CTCCTAGAGAGGTTGC"	""	"ERX6700419"	"ERP132580"	"testis"	"Late_Round_spermatids"	NA	NA	NA	"CL:4030036"	"early spermatid"	"other"	"SN194"	NA	6
"CTCCTAGAGCCACGTC"	""	"ERX6700419"	"ERP132580"	"testis"	"Differentiated_Spermatogonia"	NA	NA	NA	"CL:0000020"	"spermatogonium"	"perfect match"	"SN194"	NA	7
"CTCCTAGAGCGACGTA"	""	"ERX6700419"	"ERP132580"	"testis"	"Differentiated_Spermatogonia"	NA	NA	NA	"CL:0000020"	"spermatogonium"	"perfect match"	"SN194"	NA	7
"CTCCTAGAGGATATAC"	""	"ERX6700419"	"ERP132580"	"testis"	"Other_somatic"	NA	NA	NA	"CL:0002371"	"somatic cell"	"perfect match"	"SN194"	NA	1
"CTCCTAGTCAACGGGA"	""	"ERX6700419"	"ERP132580"	"testis"	"Other_somatic"	NA	NA	NA	"CL:0002371"	"somatic cell"	"perfect match"	"SN194"	NA	1
"CTCCTAGTCCCTCTTT"	""	"ERX6700419"	"ERP132580"	"testis"	"Pachytene_Spermatocytes"	NA	NA	NA	"CL:0000017"	"spermatocyte"	"missing child term"	"SN194"	NA	4
"CTCCTAGTCGTAGGTT"	""	"ERX6700419"	"ERP132580"	"testis"	"Other_somatic"	NA	NA	NA	"CL:0002371"	"somatic cell"	"perfect match"	"SN194"	NA	1
"CTCGAAAAGAATGTTG"	""	"ERX6700419"	"ERP132580"	"testis"	"Sertoli"	NA	NA	NA	"CL:0000216"	"Sertoli cell"	"perfect match"	"SN194"	NA	3
"CTCGAAACACGTCAGC"	""	"ERX6700419"	"ERP132580"	"testis"	"Zygotene_Spermatocytes"	NA	NA	NA	"CL:0000017"	"spermatocyte"	"missing child term"	"SN194"	NA	5
"CTCGAAAGTCCGTGAC"	""	"ERX6700419"	"ERP132580"	"testis"	"Leptotene_Spermatocytes"	NA	NA	NA	"CL:0000017"	"spermatocyte"	"missing child term"	"SN194"	NA	11
"CTCGAGGAGGGCTCTC"	""	"ERX6700419"	"ERP132580"	"testis"	"Sertoli"	NA	NA	NA	"CL:0000216"	"Sertoli cell"	"perfect match"	"SN194"	NA	3
"CTCGAGGCATGCATGT"	""	"ERX6700419"	"ERP132580"	"testis"	"Other_somatic"	NA	NA	NA	"CL:0002371"	"somatic cell"	"perfect match"	"SN194"	NA	1
"CTCGAGGGTGACTACT"	""	"ERX6700419"	"ERP132580"	"testis"	"Differentiated_Spermatogonia"	NA	NA	NA	"CL:0000020"	"spermatogonium"	"perfect match"	"SN194"	NA	7
"CTCGAGGTCTGCGACG"	""	"ERX6700419"	"ERP132580"	"testis"	"Elongated_spermatids"	NA	NA	NA	"CL:4030037"	"late spermatid"	"perfect match"	"SN194"	NA	2
"CTCGGAGAGCAGCGTA"	""	"ERX6700419"	"ERP132580"	"testis"	"Sertoli"	NA	NA	NA	"CL:0000216"	"Sertoli cell"	"perfect match"	"SN194"	NA	3
"CTCGGAGAGCTGTTCA"	""	"ERX6700419"	"ERP132580"	"testis"	"Other_somatic"	NA	NA	NA	"CL:0002371"	"somatic cell"	"perfect match"	"SN194"	NA	1
"CTCGGAGAGTAGATGT"	""	"ERX6700419"	"ERP132580"	"testis"	"Late_Round_spermatids"	NA	NA	NA	"CL:4030036"	"early spermatid"	"other"	"SN194"	NA	6
"CTCGGAGCATATACCG"	""	"ERX6700419"	"ERP132580"	"testis"	"Leptotene_Spermatocytes"	NA	NA	NA	"CL:0000017"	"spermatocyte"	"missing child term"	"SN194"	NA	11
"CTCGGAGGTGTGCCTG"	""	"ERX6700419"	"ERP132580"	"testis"	"Pachytene_Spermatocytes"	NA	NA	NA	"CL:0000017"	"spermatocyte"	"missing child term"	"SN194"	NA	4
"CTCGGAGTCAAGGTAA"	""	"ERX6700419"	"ERP132580"	"testis"	"Pachytene_Spermatocytes"	NA	NA	NA	"CL:0000017"	"spermatocyte"	"missing child term"	"SN194"	NA	4
"CTCGGAGTCAGCATGT"	""	"ERX6700419"	"ERP132580"	"testis"	"Pachytene_Spermatocytes"	NA	NA	NA	"CL:0000017"	"spermatocyte"	"missing child term"	"SN194"	NA	4
"CTCGGAGTCCAGATCA"	""	"ERX6700419"	"ERP132580"	"testis"	"Sertoli"	NA	NA	NA	"CL:0000216"	"Sertoli cell"	"perfect match"	"SN194"	NA	3
"CTCGGAGTCCATGCTC"	""	"ERX6700419"	"ERP132580"	"testis"	"Late_Round_spermatids"	NA	NA	NA	"CL:4030036"	"early spermatid"	"other"	"SN194"	NA	6
"CTCGGAGTCGCTTGTC"	""	"ERX6700419"	"ERP132580"	"testis"	"Sertoli"	NA	NA	NA	"CL:0000216"	"Sertoli cell"	"perfect match"	"SN194"	NA	3
"CTCGGGAAGGCTCTTA"	""	"ERX6700419"	"ERP132580"	"testis"	"Sertoli"	NA	NA	NA	"CL:0000216"	"Sertoli cell"	"perfect match"	"SN194"	NA	3
"CTCGGGACAATAACGA"	""	"ERX6700419"	"ERP132580"	"testis"	"Other_somatic"	NA	NA	NA	"CL:0002371"	"somatic cell"	"perfect match"	"SN194"	NA	1
"CTCGGGAGTATGAATG"	""	"ERX6700419"	"ERP132580"	"testis"	"Early_Round_spermatids"	NA	NA	NA	"CL:4030036"	"early spermatid"	"perfect match"	"SN194"	NA	8
"CTCGGGAGTCTCTCGT"	""	"ERX6700419"	"ERP132580"	"testis"	"Differentiated_Spermatogonia"	NA	NA	NA	"CL:0000020"	"spermatogonium"	"perfect match"	"SN194"	NA	7
"CTCGGGAGTGACGCCT"	""	"ERX6700419"	"ERP132580"	"testis"	"Zygotene_Spermatocytes"	NA	NA	NA	"CL:0000017"	"spermatocyte"	"missing child term"	"SN194"	NA	5
"CTCGGGATCCCAGGTG"	""	"ERX6700419"	"ERP132580"	"testis"	"Differentiated_Spermatogonia"	NA	NA	NA	"CL:0000020"	"spermatogonium"	"perfect match"	"SN194"	NA	7
"CTCGGGATCTACTCAT"	""	"ERX6700419"	"ERP132580"	"testis"	"Leptotene_Spermatocytes"	NA	NA	NA	"CL:0000017"	"spermatocyte"	"missing child term"	"SN194"	NA	11
"CTCGGGATCTGCCCTA"	""	"ERX6700419"	"ERP132580"	"testis"	"Other_somatic"	NA	NA	NA	"CL:0002371"	"somatic cell"	"perfect match"	"SN194"	NA	1
"CTCGTACAGCACCGTC"	""	"ERX6700419"	"ERP132580"	"testis"	"Pachytene_Spermatocytes"	NA	NA	NA	"CL:0000017"	"spermatocyte"	"missing child term"	"SN194"	NA	4
"CTCGTACAGGTGTTAA"	""	"ERX6700419"	"ERP132580"	"testis"	"Late_Round_spermatids"	NA	NA	NA	"CL:4030036"	"early spermatid"	"other"	"SN194"	NA	6
"CTCGTACCAGGTGGAT"	""	"ERX6700419"	"ERP132580"	"testis"	"Other_somatic"	NA	NA	NA	"CL:0002371"	"somatic cell"	"perfect match"	"SN194"	NA	1
"CTCGTACCATCGGACC"	""	"ERX6700419"	"ERP132580"	"testis"	"Undifferentiated_Spermatogonia"	NA	NA	NA	"CL:0000016"	"male germ line stem cell"	"other"	"SN194"	NA	9
"CTCGTACGTAATCGTC"	""	"ERX6700419"	"ERP132580"	"testis"	"Pachytene_Spermatocytes"	NA	NA	NA	"CL:0000017"	"spermatocyte"	"missing child term"	"SN194"	NA	4
"CTCGTACGTATAATGG"	""	"ERX6700419"	"ERP132580"	"testis"	"Elongated_spermatids"	NA	NA	NA	"CL:4030037"	"late spermatid"	"perfect match"	"SN194"	NA	2
"CTCGTACGTCCTCTTG"	""	"ERX6700419"	"ERP132580"	"testis"	"Zygotene_Spermatocytes"	NA	NA	NA	"CL:0000017"	"spermatocyte"	"missing child term"	"SN194"	NA	5
"CTCGTACTCTCGGACG"	""	"ERX6700419"	"ERP132580"	"testis"	"Sertoli"	NA	NA	NA	"CL:0000216"	"Sertoli cell"	"perfect match"	"SN194"	NA	3
"CTCGTACTCTCTGTCG"	""	"ERX6700419"	"ERP132580"	"testis"	"Differentiated_Spermatogonia"	NA	NA	NA	"CL:0000020"	"spermatogonium"	"perfect match"	"SN194"	NA	7
"CTCGTCACACTCAGGC"	""	"ERX6700419"	"ERP132580"	"testis"	"Undifferentiated_Spermatogonia"	NA	NA	NA	"CL:0000016"	"male germ line stem cell"	"other"	"SN194"	NA	9
"CTCGTCAGTCAGCTAT"	""	"ERX6700419"	"ERP132580"	"testis"	"Other_somatic"	NA	NA	NA	"CL:0002371"	"somatic cell"	"perfect match"	"SN194"	NA	1
"CTCTAATAGAGCCTAG"	""	"ERX6700419"	"ERP132580"	"testis"	"Differentiated_Spermatogonia"	NA	NA	NA	"CL:0000020"	"spermatogonium"	"perfect match"	"SN194"	NA	7
"CTCTAATAGTGCTGCC"	""	"ERX6700419"	"ERP132580"	"testis"	"Undifferentiated_Spermatogonia"	NA	NA	NA	"CL:0000016"	"male germ line stem cell"	"other"	"SN194"	NA	9
"CTCTAATGTAGCGTCC"	""	"ERX6700419"	"ERP132580"	"testis"	"Differentiated_Spermatogonia"	NA	NA	NA	"CL:0000020"	"spermatogonium"	"perfect match"	"SN194"	NA	7
"CTCTAATGTTCCGGCA"	""	"ERX6700419"	"ERP132580"	"testis"	"Undifferentiated_Spermatogonia"	NA	NA	NA	"CL:0000016"	"male germ line stem cell"	"other"	"SN194"	NA	9
"CTCTAATTCGTCACGG"	""	"ERX6700419"	"ERP132580"	"testis"	"Sertoli"	NA	NA	NA	"CL:0000216"	"Sertoli cell"	"perfect match"	"SN194"	NA	3
"CTCTACGAGCTGCGAA"	""	"ERX6700419"	"ERP132580"	"testis"	"Differentiated_Spermatogonia"	NA	NA	NA	"CL:0000020"	"spermatogonium"	"perfect match"	"SN194"	NA	7
"CTCTACGCAATCGGTT"	""	"ERX6700419"	"ERP132580"	"testis"	"Other_somatic"	NA	NA	NA	"CL:0002371"	"somatic cell"	"perfect match"	"SN194"	NA	1
"CTCTACGCAGGGTATG"	""	"ERX6700419"	"ERP132580"	"testis"	"Other_somatic"	NA	NA	NA	"CL:0002371"	"somatic cell"	"perfect match"	"SN194"	NA	1
"CTCTACGTCAGAAATG"	""	"ERX6700419"	"ERP132580"	"testis"	"Other_somatic"	NA	NA	NA	"CL:0002371"	"somatic cell"	"perfect match"	"SN194"	NA	1
"CTCTGGTCAGTGAGTG"	""	"ERX6700419"	"ERP132580"	"testis"	"Other_somatic"	NA	NA	NA	"CL:0002371"	"somatic cell"	"perfect match"	"SN194"	NA	1
"CTCTGGTCATACTCTT"	""	"ERX6700419"	"ERP132580"	"testis"	"Undifferentiated_Spermatogonia"	NA	NA	NA	"CL:0000016"	"male germ line stem cell"	"other"	"SN194"	NA	9
"CTCTGGTCATATACCG"	""	"ERX6700419"	"ERP132580"	"testis"	"Zygotene_Spermatocytes"	NA	NA	NA	"CL:0000017"	"spermatocyte"	"missing child term"	"SN194"	NA	5
"CTCTGGTGTACCCAAT"	""	"ERX6700419"	"ERP132580"	"testis"	"Sertoli"	NA	NA	NA	"CL:0000216"	"Sertoli cell"	"perfect match"	"SN194"	NA	3
"CTCTGGTGTATCGCAT"	""	"ERX6700419"	"ERP132580"	"testis"	"Zygotene_Spermatocytes"	NA	NA	NA	"CL:0000017"	"spermatocyte"	"missing child term"	"SN194"	NA	5
"CTCTGGTGTCCGAAGA"	""	"ERX6700419"	"ERP132580"	"testis"	"Other_somatic"	NA	NA	NA	"CL:0002371"	"somatic cell"	"perfect match"	"SN194"	NA	1
"CTCTGGTTCAGATAAG"	""	"ERX6700419"	"ERP132580"	"testis"	"Zygotene_Spermatocytes"	NA	NA	NA	"CL:0000017"	"spermatocyte"	"missing child term"	"SN194"	NA	5
"CTCTGGTTCGCCAAAT"	""	"ERX6700419"	"ERP132580"	"testis"	"Undifferentiated_Spermatogonia"	NA	NA	NA	"CL:0000016"	"male germ line stem cell"	"other"	"SN194"	NA	9
"CTGAAACAGACCTTTG"	""	"ERX6700419"	"ERP132580"	"testis"	"Differentiated_Spermatogonia"	NA	NA	NA	"CL:0000020"	"spermatogonium"	"perfect match"	"SN194"	NA	7
"CTGAAACCAAGCTGTT"	""	"ERX6700419"	"ERP132580"	"testis"	"Sertoli"	NA	NA	NA	"CL:0000216"	"Sertoli cell"	"perfect match"	"SN194"	NA	3
"CTGAAACCAATGTAAG"	""	"ERX6700419"	"ERP132580"	"testis"	"Pachytene_Spermatocytes"	NA	NA	NA	"CL:0000017"	"spermatocyte"	"missing child term"	"SN194"	NA	4
"CTGAAACGTCAGCTAT"	""	"ERX6700419"	"ERP132580"	"testis"	"Sertoli"	NA	NA	NA	"CL:0000216"	"Sertoli cell"	"perfect match"	"SN194"	NA	3
"CTGAAACTCAACCATG"	""	"ERX6700419"	"ERP132580"	"testis"	"Other_somatic"	NA	NA	NA	"CL:0002371"	"somatic cell"	"perfect match"	"SN194"	NA	1
"CTGAAACTCATCGATG"	""	"ERX6700419"	"ERP132580"	"testis"	"Sertoli"	NA	NA	NA	"CL:0000216"	"Sertoli cell"	"perfect match"	"SN194"	NA	3
"CTGAAACTCGTGGGAA"	""	"ERX6700419"	"ERP132580"	"testis"	"Other_somatic"	NA	NA	NA	"CL:0002371"	"somatic cell"	"perfect match"	"SN194"	NA	1
"CTGAAGTAGCGTTTAC"	""	"ERX6700419"	"ERP132580"	"testis"	"Late_Round_spermatids"	NA	NA	NA	"CL:4030036"	"early spermatid"	"other"	"SN194"	NA	6
"CTGAAGTCACGACGAA"	""	"ERX6700419"	"ERP132580"	"testis"	"Elongated_spermatids"	NA	NA	NA	"CL:4030037"	"late spermatid"	"perfect match"	"SN194"	NA	2
"CTGAAGTGTCAACTGT"	""	"ERX6700419"	"ERP132580"	"testis"	"Late_Round_spermatids"	NA	NA	NA	"CL:4030036"	"early spermatid"	"other"	"SN194"	NA	6
"CTGAAGTGTCGGCTCA"	""	"ERX6700419"	"ERP132580"	"testis"	"Late_Round_spermatids"	NA	NA	NA	"CL:4030036"	"early spermatid"	"other"	"SN194"	NA	6
"CTGAAGTTCACAAACC"	""	"ERX6700419"	"ERP132580"	"testis"	"Undifferentiated_Spermatogonia"	NA	NA	NA	"CL:0000016"	"male germ line stem cell"	"other"	"SN194"	NA	9
"CTGATAGAGGCAGGTT"	""	"ERX6700419"	"ERP132580"	"testis"	"Sertoli"	NA	NA	NA	"CL:0000216"	"Sertoli cell"	"perfect match"	"SN194"	NA	3
"CTGATAGAGTTGCAGG"	""	"ERX6700419"	"ERP132580"	"testis"	"Late_Round_spermatids"	NA	NA	NA	"CL:4030036"	"early spermatid"	"other"	"SN194"	NA	6
"CTGATAGCAGAGTGTG"	""	"ERX6700419"	"ERP132580"	"testis"	"Sertoli"	NA	NA	NA	"CL:0000216"	"Sertoli cell"	"perfect match"	"SN194"	NA	3
"CTGATAGGTAGCGCTC"	""	"ERX6700419"	"ERP132580"	"testis"	"Pachytene_Spermatocytes"	NA	NA	NA	"CL:0000017"	"spermatocyte"	"missing child term"	"SN194"	NA	4
"CTGATAGGTGGAAAGA"	""	"ERX6700419"	"ERP132580"	"testis"	"Early_Round_spermatids"	NA	NA	NA	"CL:4030036"	"early spermatid"	"perfect match"	"SN194"	NA	8
"CTGATCCAGGCTCAGA"	""	"ERX6700419"	"ERP132580"	"testis"	"Sertoli"	NA	NA	NA	"CL:0000216"	"Sertoli cell"	"perfect match"	"SN194"	NA	3
"CTGATCCAGGGCTCTC"	""	"ERX6700419"	"ERP132580"	"testis"	"Elongated_spermatids"	NA	NA	NA	"CL:4030037"	"late spermatid"	"perfect match"	"SN194"	NA	2
"CTGATCCAGTACTTGC"	""	"ERX6700419"	"ERP132580"	"testis"	"Zygotene_Spermatocytes"	NA	NA	NA	"CL:0000017"	"spermatocyte"	"missing child term"	"SN194"	NA	5
"CTGATCCAGTTTAGGA"	""	"ERX6700419"	"ERP132580"	"testis"	"Sertoli"	NA	NA	NA	"CL:0000216"	"Sertoli cell"	"perfect match"	"SN194"	NA	3
"CTGATCCGTAAGGGAA"	""	"ERX6700419"	"ERP132580"	"testis"	"Other_somatic"	NA	NA	NA	"CL:0002371"	"somatic cell"	"perfect match"	"SN194"	NA	1
"CTGATCCGTAGCAAAT"	""	"ERX6700419"	"ERP132580"	"testis"	"Late_Round_spermatids"	NA	NA	NA	"CL:4030036"	"early spermatid"	"other"	"SN194"	NA	6
"CTGCCTAAGAGTAAGG"	""	"ERX6700419"	"ERP132580"	"testis"	"Other_somatic"	NA	NA	NA	"CL:0002371"	"somatic cell"	"perfect match"	"SN194"	NA	1
"CTGCCTAAGCCCAACC"	""	"ERX6700419"	"ERP132580"	"testis"	"Pachytene_Spermatocytes"	NA	NA	NA	"CL:0000017"	"spermatocyte"	"missing child term"	"SN194"	NA	4
"CTGCCTAAGGAGTCTG"	""	"ERX6700419"	"ERP132580"	"testis"	"Other_somatic"	NA	NA	NA	"CL:0002371"	"somatic cell"	"perfect match"	"SN194"	NA	1
"CTGCCTAAGTCTTGCA"	""	"ERX6700419"	"ERP132580"	"testis"	"Undifferentiated_Spermatogonia"	NA	NA	NA	"CL:0000016"	"male germ line stem cell"	"other"	"SN194"	NA	9
"CTGCCTACAAATCCGT"	""	"ERX6700419"	"ERP132580"	"testis"	"Early_Round_spermatids"	NA	NA	NA	"CL:4030036"	"early spermatid"	"perfect match"	"SN194"	NA	8
"CTGCCTACAAGGACTG"	""	"ERX6700419"	"ERP132580"	"testis"	"Other_somatic"	NA	NA	NA	"CL:0002371"	"somatic cell"	"perfect match"	"SN194"	NA	1
"CTGCCTAGTGGTAACG"	""	"ERX6700419"	"ERP132580"	"testis"	"Undifferentiated_Spermatogonia"	NA	NA	NA	"CL:0000016"	"male germ line stem cell"	"other"	"SN194"	NA	9
"CTGCCTAGTGTGCGTC"	""	"ERX6700419"	"ERP132580"	"testis"	"Pachytene_Spermatocytes"	NA	NA	NA	"CL:0000017"	"spermatocyte"	"missing child term"	"SN194"	NA	4
"CTGCCTAGTTTAAGCC"	""	"ERX6700419"	"ERP132580"	"testis"	"Sertoli"	NA	NA	NA	"CL:0000216"	"Sertoli cell"	"perfect match"	"SN194"	NA	3
"CTGCCTAGTTTGGGCC"	""	"ERX6700419"	"ERP132580"	"testis"	"Sertoli"	NA	NA	NA	"CL:0000216"	"Sertoli cell"	"perfect match"	"SN194"	NA	3
"CTGCCTATCAGCTCTC"	""	"ERX6700419"	"ERP132580"	"testis"	"Late_Round_spermatids"	NA	NA	NA	"CL:4030036"	"early spermatid"	"other"	"SN194"	NA	6
"CTGCGGAAGCTGAAAT"	""	"ERX6700419"	"ERP132580"	"testis"	"Late_Round_spermatids"	NA	NA	NA	"CL:4030036"	"early spermatid"	"other"	"SN194"	NA	6
"CTGCGGACATTAACCG"	""	"ERX6700419"	"ERP132580"	"testis"	"Undifferentiated_Spermatogonia"	NA	NA	NA	"CL:0000016"	"male germ line stem cell"	"other"	"SN194"	NA	9
"CTGCGGAGTGCCTGTG"	""	"ERX6700419"	"ERP132580"	"testis"	"Late_Round_spermatids"	NA	NA	NA	"CL:4030036"	"early spermatid"	"other"	"SN194"	NA	6
"CTGCTGTAGTACGATA"	""	"ERX6700419"	"ERP132580"	"testis"	"Undifferentiated_Spermatogonia"	NA	NA	NA	"CL:0000016"	"male germ line stem cell"	"other"	"SN194"	NA	9
"CTGCTGTAGTCAAGCG"	""	"ERX6700419"	"ERP132580"	"testis"	"Other_somatic"	NA	NA	NA	"CL:0002371"	"somatic cell"	"perfect match"	"SN194"	NA	1
"CTGCTGTAGTGAAGAG"	""	"ERX6700419"	"ERP132580"	"testis"	"Early_Round_spermatids"	NA	NA	NA	"CL:4030036"	"early spermatid"	"perfect match"	"SN194"	NA	8
"CTGCTGTCATAGTAAG"	""	"ERX6700419"	"ERP132580"	"testis"	"Pachytene_Spermatocytes"	NA	NA	NA	"CL:0000017"	"spermatocyte"	"missing child term"	"SN194"	NA	4
"CTGCTGTGTACAGTTC"	""	"ERX6700419"	"ERP132580"	"testis"	"Undifferentiated_Spermatogonia"	NA	NA	NA	"CL:0000016"	"male germ line stem cell"	"other"	"SN194"	NA	9
"CTGCTGTGTCATGCAT"	""	"ERX6700419"	"ERP132580"	"testis"	"Early_Round_spermatids"	NA	NA	NA	"CL:4030036"	"early spermatid"	"perfect match"	"SN194"	NA	8
"CTGCTGTGTCCCTACT"	""	"ERX6700419"	"ERP132580"	"testis"	"Other_somatic"	NA	NA	NA	"CL:0002371"	"somatic cell"	"perfect match"	"SN194"	NA	1
"CTGCTGTTCGTTGACA"	""	"ERX6700419"	"ERP132580"	"testis"	"Sertoli"	NA	NA	NA	"CL:0000216"	"Sertoli cell"	"perfect match"	"SN194"	NA	3
"CTGCTGTTCTCAAACG"	""	"ERX6700419"	"ERP132580"	"testis"	"Sertoli"	NA	NA	NA	"CL:0000216"	"Sertoli cell"	"perfect match"	"SN194"	NA	3
"CTGGTCTAGTCAATAG"	""	"ERX6700419"	"ERP132580"	"testis"	"Undifferentiated_Spermatogonia"	NA	NA	NA	"CL:0000016"	"male germ line stem cell"	"other"	"SN194"	NA	9
"CTGGTCTGTCCAGTAT"	""	"ERX6700419"	"ERP132580"	"testis"	"Other_somatic"	NA	NA	NA	"CL:0002371"	"somatic cell"	"perfect match"	"SN194"	NA	1
"CTGGTCTGTTGTGGAG"	""	"ERX6700419"	"ERP132580"	"testis"	"Early_Round_spermatids"	NA	NA	NA	"CL:4030036"	"early spermatid"	"perfect match"	"SN194"	NA	8
"CTGGTCTTCAAACCAC"	""	"ERX6700419"	"ERP132580"	"testis"	"Pachytene_Spermatocytes"	NA	NA	NA	"CL:0000017"	"spermatocyte"	"missing child term"	"SN194"	NA	4
"CTGGTCTTCAGCTTAG"	""	"ERX6700419"	"ERP132580"	"testis"	"Other_somatic"	NA	NA	NA	"CL:0002371"	"somatic cell"	"perfect match"	"SN194"	NA	1
"CTGGTCTTCCAACCAA"	""	"ERX6700419"	"ERP132580"	"testis"	"Pachytene_Spermatocytes"	NA	NA	NA	"CL:0000017"	"spermatocyte"	"missing child term"	"SN194"	NA	4
"CTGGTCTTCCGCGCAA"	""	"ERX6700419"	"ERP132580"	"testis"	"Pachytene_Spermatocytes"	NA	NA	NA	"CL:0000017"	"spermatocyte"	"missing child term"	"SN194"	NA	4
"CTGGTCTTCGCCTGTT"	""	"ERX6700419"	"ERP132580"	"testis"	"Elongated_spermatids"	NA	NA	NA	"CL:4030037"	"late spermatid"	"perfect match"	"SN194"	NA	2
"CTGTGCTCAAACCCAT"	""	"ERX6700419"	"ERP132580"	"testis"	"Sertoli"	NA	NA	NA	"CL:0000216"	"Sertoli cell"	"perfect match"	"SN194"	NA	3
"CTGTGCTCAAGTAATG"	""	"ERX6700419"	"ERP132580"	"testis"	"Early_Round_spermatids"	NA	NA	NA	"CL:4030036"	"early spermatid"	"perfect match"	"SN194"	NA	8
"CTGTGCTCACATTAGC"	""	"ERX6700419"	"ERP132580"	"testis"	"Late_Round_spermatids"	NA	NA	NA	"CL:4030036"	"early spermatid"	"other"	"SN194"	NA	6
"CTGTGCTGTCTCCCTA"	""	"ERX6700419"	"ERP132580"	"testis"	"Other_somatic"	NA	NA	NA	"CL:0002371"	"somatic cell"	"perfect match"	"SN194"	NA	1
"CTGTGCTGTGTAAGTA"	""	"ERX6700419"	"ERP132580"	"testis"	"Undifferentiated_Spermatogonia"	NA	NA	NA	"CL:0000016"	"male germ line stem cell"	"other"	"SN194"	NA	9
"CTGTGCTGTGTCAATC"	""	"ERX6700419"	"ERP132580"	"testis"	"Zygotene_Spermatocytes"	NA	NA	NA	"CL:0000017"	"spermatocyte"	"missing child term"	"SN194"	NA	5
"CTGTGCTTCACGCATA"	""	"ERX6700419"	"ERP132580"	"testis"	"Sertoli"	NA	NA	NA	"CL:0000216"	"Sertoli cell"	"perfect match"	"SN194"	NA	3
"CTGTGCTTCACTGGGC"	""	"ERX6700419"	"ERP132580"	"testis"	"Undifferentiated_Spermatogonia"	NA	NA	NA	"CL:0000016"	"male germ line stem cell"	"other"	"SN194"	NA	9
"CTGTGCTTCGAGCCCA"	""	"ERX6700419"	"ERP132580"	"testis"	"Differentiated_Spermatogonia"	NA	NA	NA	"CL:0000020"	"spermatogonium"	"perfect match"	"SN194"	NA	7
"CTGTTTAAGAGCTATA"	""	"ERX6700419"	"ERP132580"	"testis"	"Undifferentiated_Spermatogonia"	NA	NA	NA	"CL:0000016"	"male germ line stem cell"	"other"	"SN194"	NA	9
"CTGTTTACAGCTGCAC"	""	"ERX6700419"	"ERP132580"	"testis"	"Pachytene_Spermatocytes"	NA	NA	NA	"CL:0000017"	"spermatocyte"	"missing child term"	"SN194"	NA	4
"CTGTTTAGTCCGAACC"	""	"ERX6700419"	"ERP132580"	"testis"	"Sertoli"	NA	NA	NA	"CL:0000216"	"Sertoli cell"	"perfect match"	"SN194"	NA	3
"CTGTTTATCTTAGCCC"	""	"ERX6700419"	"ERP132580"	"testis"	"Other_somatic"	NA	NA	NA	"CL:0002371"	"somatic cell"	"perfect match"	"SN194"	NA	1
"CTTAACTAGCGCTTAT"	""	"ERX6700419"	"ERP132580"	"testis"	"Zygotene_Spermatocytes"	NA	NA	NA	"CL:0000017"	"spermatocyte"	"missing child term"	"SN194"	NA	5
"CTTAACTAGTCACGCC"	""	"ERX6700419"	"ERP132580"	"testis"	"Pachytene_Spermatocytes"	NA	NA	NA	"CL:0000017"	"spermatocyte"	"missing child term"	"SN194"	NA	4
"CTTAACTAGTCTCCTC"	""	"ERX6700419"	"ERP132580"	"testis"	"Late_Round_spermatids"	NA	NA	NA	"CL:4030036"	"early spermatid"	"other"	"SN194"	NA	6
"CTTAACTCAAACTGTC"	""	"ERX6700419"	"ERP132580"	"testis"	"Undifferentiated_Spermatogonia"	NA	NA	NA	"CL:0000016"	"male germ line stem cell"	"other"	"SN194"	NA	9
"CTTAACTCACAGAGGT"	""	"ERX6700419"	"ERP132580"	"testis"	"Early_Round_spermatids"	NA	NA	NA	"CL:4030036"	"early spermatid"	"perfect match"	"SN194"	NA	8
"CTTAACTCACCTGGTG"	""	"ERX6700419"	"ERP132580"	"testis"	"Late_Round_spermatids"	NA	NA	NA	"CL:4030036"	"early spermatid"	"other"	"SN194"	NA	6
"CTTAACTCATCGGGTC"	""	"ERX6700419"	"ERP132580"	"testis"	"Elongated_spermatids"	NA	NA	NA	"CL:4030037"	"late spermatid"	"perfect match"	"SN194"	NA	2
"CTTAACTGTAAAGGAG"	""	"ERX6700419"	"ERP132580"	"testis"	"Zygotene_Spermatocytes"	NA	NA	NA	"CL:0000017"	"spermatocyte"	"missing child term"	"SN194"	NA	5
"CTTAACTGTACAGACG"	""	"ERX6700419"	"ERP132580"	"testis"	"Late_Round_spermatids"	NA	NA	NA	"CL:4030036"	"early spermatid"	"other"	"SN194"	NA	6
"CTTAACTGTCCCTTGT"	""	"ERX6700419"	"ERP132580"	"testis"	"Late_Round_spermatids"	NA	NA	NA	"CL:4030036"	"early spermatid"	"other"	"SN194"	NA	6
"CTTAACTTCGATGAGG"	""	"ERX6700419"	"ERP132580"	"testis"	"Early_Round_spermatids"	NA	NA	NA	"CL:4030036"	"early spermatid"	"perfect match"	"SN194"	NA	8
"CTTACCGAGACCGGAT"	""	"ERX6700419"	"ERP132580"	"testis"	"Differentiated_Spermatogonia"	NA	NA	NA	"CL:0000020"	"spermatogonium"	"perfect match"	"SN194"	NA	7
"CTTACCGAGTCCAGGA"	""	"ERX6700419"	"ERP132580"	"testis"	"Sertoli"	NA	NA	NA	"CL:0000216"	"Sertoli cell"	"perfect match"	"SN194"	NA	3
"CTTACCGCACAACGCC"	""	"ERX6700419"	"ERP132580"	"testis"	"Late_Round_spermatids"	NA	NA	NA	"CL:4030036"	"early spermatid"	"other"	"SN194"	NA	6
"CTTACCGCACGACGAA"	""	"ERX6700419"	"ERP132580"	"testis"	"Late_Round_spermatids"	NA	NA	NA	"CL:4030036"	"early spermatid"	"other"	"SN194"	NA	6
"CTTACCGCATGCCTAA"	""	"ERX6700419"	"ERP132580"	"testis"	"Other_somatic"	NA	NA	NA	"CL:0002371"	"somatic cell"	"perfect match"	"SN194"	NA	1
"CTTACCGGTACCGAGA"	""	"ERX6700419"	"ERP132580"	"testis"	"Undifferentiated_Spermatogonia"	NA	NA	NA	"CL:0000016"	"male germ line stem cell"	"other"	"SN194"	NA	9
"CTTACCGGTCGACTAT"	""	"ERX6700419"	"ERP132580"	"testis"	"Pachytene_Spermatocytes"	NA	NA	NA	"CL:0000017"	"spermatocyte"	"missing child term"	"SN194"	NA	4
"CTTACCGGTTCCACAA"	""	"ERX6700419"	"ERP132580"	"testis"	"Differentiated_Spermatogonia"	NA	NA	NA	"CL:0000020"	"spermatogonium"	"perfect match"	"SN194"	NA	7
"CTTACCGTCCTCGCAT"	""	"ERX6700419"	"ERP132580"	"testis"	"Other_somatic"	NA	NA	NA	"CL:0002371"	"somatic cell"	"perfect match"	"SN194"	NA	1
"CTTAGGACAACGATGG"	""	"ERX6700419"	"ERP132580"	"testis"	"Other_somatic"	NA	NA	NA	"CL:0002371"	"somatic cell"	"perfect match"	"SN194"	NA	1
"CTTAGGACACATCCGG"	""	"ERX6700419"	"ERP132580"	"testis"	"Late_Round_spermatids"	NA	NA	NA	"CL:4030036"	"early spermatid"	"other"	"SN194"	NA	6
"CTTAGGACAGGACCCT"	""	"ERX6700419"	"ERP132580"	"testis"	"Undifferentiated_Spermatogonia"	NA	NA	NA	"CL:0000016"	"male germ line stem cell"	"other"	"SN194"	NA	9
"CTTAGGAGTCAGATAA"	""	"ERX6700419"	"ERP132580"	"testis"	"Early_Round_spermatids"	NA	NA	NA	"CL:4030036"	"early spermatid"	"perfect match"	"SN194"	NA	8
"CTTAGGAGTCCAACTA"	""	"ERX6700419"	"ERP132580"	"testis"	"Late_Round_spermatids"	NA	NA	NA	"CL:4030036"	"early spermatid"	"other"	"SN194"	NA	6
"CTTAGGATCCTATTCA"	""	"ERX6700419"	"ERP132580"	"testis"	"Other_somatic"	NA	NA	NA	"CL:0002371"	"somatic cell"	"perfect match"	"SN194"	NA	1
"CTTAGGATCGACAGCC"	""	"ERX6700419"	"ERP132580"	"testis"	"Other_somatic"	NA	NA	NA	"CL:0002371"	"somatic cell"	"perfect match"	"SN194"	NA	1
"CTTAGGATCGGTTCGG"	""	"ERX6700419"	"ERP132580"	"testis"	"Zygotene_Spermatocytes"	NA	NA	NA	"CL:0000017"	"spermatocyte"	"missing child term"	"SN194"	NA	5
"CTTAGGATCTACTATC"	""	"ERX6700419"	"ERP132580"	"testis"	"Differentiated_Spermatogonia"	NA	NA	NA	"CL:0000020"	"spermatogonium"	"perfect match"	"SN194"	NA	7
"CTTAGGATCTCGCATC"	""	"ERX6700419"	"ERP132580"	"testis"	"Zygotene_Spermatocytes"	NA	NA	NA	"CL:0000017"	"spermatocyte"	"missing child term"	"SN194"	NA	5
"CTTAGGATCTGATACG"	""	"ERX6700419"	"ERP132580"	"testis"	"Pachytene_Spermatocytes"	NA	NA	NA	"CL:0000017"	"spermatocyte"	"missing child term"	"SN194"	NA	4
"CTTAGGATCTGGTGTA"	""	"ERX6700419"	"ERP132580"	"testis"	"Sertoli"	NA	NA	NA	"CL:0000216"	"Sertoli cell"	"perfect match"	"SN194"	NA	3
"CTTCTCTCAGACAAAT"	""	"ERX6700419"	"ERP132580"	"testis"	"Sertoli"	NA	NA	NA	"CL:0000216"	"Sertoli cell"	"perfect match"	"SN194"	NA	3
"CTTCTCTGTCATGCCG"	""	"ERX6700419"	"ERP132580"	"testis"	"Late_Round_spermatids"	NA	NA	NA	"CL:4030036"	"early spermatid"	"other"	"SN194"	NA	6
"CTTCTCTTCGGCGGTT"	""	"ERX6700419"	"ERP132580"	"testis"	"Sertoli"	NA	NA	NA	"CL:0000216"	"Sertoli cell"	"perfect match"	"SN194"	NA	3
"CTTCTCTTCTTACCGC"	""	"ERX6700419"	"ERP132580"	"testis"	"Early_Round_spermatids"	NA	NA	NA	"CL:4030036"	"early spermatid"	"perfect match"	"SN194"	NA	8
"CTTGGCTAGTGTCCCG"	""	"ERX6700419"	"ERP132580"	"testis"	"Other_somatic"	NA	NA	NA	"CL:0002371"	"somatic cell"	"perfect match"	"SN194"	NA	1
"CTTGGCTCAAATTGCC"	""	"ERX6700419"	"ERP132580"	"testis"	"Undifferentiated_Spermatogonia"	NA	NA	NA	"CL:0000016"	"male germ line stem cell"	"other"	"SN194"	NA	9
"CTTGGCTCATTGGGCC"	""	"ERX6700419"	"ERP132580"	"testis"	"Elongated_spermatids"	NA	NA	NA	"CL:4030037"	"late spermatid"	"perfect match"	"SN194"	NA	2
"CTTGGCTTCTACTATC"	""	"ERX6700419"	"ERP132580"	"testis"	"Sertoli"	NA	NA	NA	"CL:0000216"	"Sertoli cell"	"perfect match"	"SN194"	NA	3
"CTTGGCTTCTCGCTTG"	""	"ERX6700419"	"ERP132580"	"testis"	"Undifferentiated_Spermatogonia"	NA	NA	NA	"CL:0000016"	"male germ line stem cell"	"other"	"SN194"	NA	9
"CTTGGCTTCTTGCCGT"	""	"ERX6700419"	"ERP132580"	"testis"	"Sertoli"	NA	NA	NA	"CL:0000216"	"Sertoli cell"	"perfect match"	"SN194"	NA	3
"CTTTGCGGTAAGCACG"	""	"ERX6700419"	"ERP132580"	"testis"	"Other_somatic"	NA	NA	NA	"CL:0002371"	"somatic cell"	"perfect match"	"SN194"	NA	1
"CTTTGCGGTTGGACCC"	""	"ERX6700419"	"ERP132580"	"testis"	"Early_Round_spermatids"	NA	NA	NA	"CL:4030036"	"early spermatid"	"perfect match"	"SN194"	NA	8
"CTTTGCGTCACATGCA"	""	"ERX6700419"	"ERP132580"	"testis"	"Pachytene_Spermatocytes"	NA	NA	NA	"CL:0000017"	"spermatocyte"	"missing child term"	"SN194"	NA	4
"GAAACTCAGAAGGTTT"	""	"ERX6700419"	"ERP132580"	"testis"	"Elongated_spermatids"	NA	NA	NA	"CL:4030037"	"late spermatid"	"perfect match"	"SN194"	NA	2
"GAAACTCAGGAGTTGC"	""	"ERX6700419"	"ERP132580"	"testis"	"Late_Round_spermatids"	NA	NA	NA	"CL:4030036"	"early spermatid"	"other"	"SN194"	NA	6
"GAAACTCCAATGTAAG"	""	"ERX6700419"	"ERP132580"	"testis"	"Sertoli"	NA	NA	NA	"CL:0000216"	"Sertoli cell"	"perfect match"	"SN194"	NA	3
"GAAACTCGTACAGACG"	""	"ERX6700419"	"ERP132580"	"testis"	"Other_somatic"	NA	NA	NA	"CL:0002371"	"somatic cell"	"perfect match"	"SN194"	NA	1
"GAAACTCGTAGTAGTA"	""	"ERX6700419"	"ERP132580"	"testis"	"Elongated_spermatids"	NA	NA	NA	"CL:4030037"	"late spermatid"	"perfect match"	"SN194"	NA	2
"GAAACTCGTATGCTTG"	""	"ERX6700419"	"ERP132580"	"testis"	"Early_Round_spermatids"	NA	NA	NA	"CL:4030036"	"early spermatid"	"perfect match"	"SN194"	NA	8
"GAAACTCTCCTTGACC"	""	"ERX6700419"	"ERP132580"	"testis"	"Sertoli"	NA	NA	NA	"CL:0000216"	"Sertoli cell"	"perfect match"	"SN194"	NA	3
"GAAACTCTCGAATGCT"	""	"ERX6700419"	"ERP132580"	"testis"	"Pachytene_Spermatocytes"	NA	NA	NA	"CL:0000017"	"spermatocyte"	"missing child term"	"SN194"	NA	4
"GAAATGAAGGCAATTA"	""	"ERX6700419"	"ERP132580"	"testis"	"Differentiated_Spermatogonia"	NA	NA	NA	"CL:0000020"	"spermatogonium"	"perfect match"	"SN194"	NA	7
"GAAATGACAACGATGG"	""	"ERX6700419"	"ERP132580"	"testis"	"Pachytene_Spermatocytes"	NA	NA	NA	"CL:0000017"	"spermatocyte"	"missing child term"	"SN194"	NA	4
"GAAATGACACTACAGT"	""	"ERX6700419"	"ERP132580"	"testis"	"Undifferentiated_Spermatogonia"	NA	NA	NA	"CL:0000016"	"male germ line stem cell"	"other"	"SN194"	NA	9
"GAAATGACAGCCTGTG"	""	"ERX6700419"	"ERP132580"	"testis"	"Sertoli"	NA	NA	NA	"CL:0000216"	"Sertoli cell"	"perfect match"	"SN194"	NA	3
"GAAATGAGTCAAAGCG"	""	"ERX6700419"	"ERP132580"	"testis"	"Leptotene_Spermatocytes"	NA	NA	NA	"CL:0000017"	"spermatocyte"	"missing child term"	"SN194"	NA	11
"GAAATGATCAGCTCGG"	""	"ERX6700419"	"ERP132580"	"testis"	"Undifferentiated_Spermatogonia"	NA	NA	NA	"CL:0000016"	"male germ line stem cell"	"other"	"SN194"	NA	9
"GAAATGATCATGTGGT"	""	"ERX6700419"	"ERP132580"	"testis"	"Other_somatic"	NA	NA	NA	"CL:0002371"	"somatic cell"	"perfect match"	"SN194"	NA	1
"GAACATCAGCCACTAT"	""	"ERX6700419"	"ERP132580"	"testis"	"Undifferentiated_Spermatogonia"	NA	NA	NA	"CL:0000016"	"male germ line stem cell"	"other"	"SN194"	NA	9
"GAACATCAGCCCAGCT"	""	"ERX6700419"	"ERP132580"	"testis"	""	NA	NA	NA	"CL:0000000"	"cell"	"other"	"SN194"	NA	10
"GAACATCCAAGCCTAT"	""	"ERX6700419"	"ERP132580"	"testis"	"Leptotene_Spermatocytes"	NA	NA	NA	"CL:0000017"	"spermatocyte"	"missing child term"	"SN194"	NA	11
"GAACATCCACTGAAGG"	""	"ERX6700419"	"ERP132580"	"testis"	"Sertoli"	NA	NA	NA	"CL:0000216"	"Sertoli cell"	"perfect match"	"SN194"	NA	3
"GAACATCGTAGAAAGG"	""	"ERX6700419"	"ERP132580"	"testis"	"Late_Round_spermatids"	NA	NA	NA	"CL:4030036"	"early spermatid"	"other"	"SN194"	NA	6
"GAACCTACAACCGCCA"	""	"ERX6700419"	"ERP132580"	"testis"	"Sertoli"	NA	NA	NA	"CL:0000216"	"Sertoli cell"	"perfect match"	"SN194"	NA	3
"GAACCTACAAGTTGTC"	""	"ERX6700419"	"ERP132580"	"testis"	"Other_somatic"	NA	NA	NA	"CL:0002371"	"somatic cell"	"perfect match"	"SN194"	NA	1
"GAACCTACACCACGTG"	""	"ERX6700419"	"ERP132580"	"testis"	"Leptotene_Spermatocytes"	NA	NA	NA	"CL:0000017"	"spermatocyte"	"missing child term"	"SN194"	NA	11
"GAACCTACAGTAGAGC"	""	"ERX6700419"	"ERP132580"	"testis"	"Zygotene_Spermatocytes"	NA	NA	NA	"CL:0000017"	"spermatocyte"	"missing child term"	"SN194"	NA	5
"GAACCTACATCGATGT"	""	"ERX6700419"	"ERP132580"	"testis"	"Zygotene_Spermatocytes"	NA	NA	NA	"CL:0000017"	"spermatocyte"	"missing child term"	"SN194"	NA	5
"GAACCTACATTACCTT"	""	"ERX6700419"	"ERP132580"	"testis"	"Sertoli"	NA	NA	NA	"CL:0000216"	"Sertoli cell"	"perfect match"	"SN194"	NA	3
"GAACGGAAGAAACCGC"	""	"ERX6700419"	"ERP132580"	"testis"	"Differentiated_Spermatogonia"	NA	NA	NA	"CL:0000020"	"spermatogonium"	"perfect match"	"SN194"	NA	7
"GAACGGAAGGCGCTCT"	""	"ERX6700419"	"ERP132580"	"testis"	"Early_Round_spermatids"	NA	NA	NA	"CL:4030036"	"early spermatid"	"perfect match"	"SN194"	NA	8
"GAACGGACACAGGCCT"	""	"ERX6700419"	"ERP132580"	"testis"	"Differentiated_Spermatogonia"	NA	NA	NA	"CL:0000020"	"spermatogonium"	"perfect match"	"SN194"	NA	7
"GAACGGAGTCGAATCT"	""	"ERX6700419"	"ERP132580"	"testis"	"Undifferentiated_Spermatogonia"	NA	NA	NA	"CL:0000016"	"male germ line stem cell"	"other"	"SN194"	NA	9
"GAACGGAGTTCTCATT"	""	"ERX6700419"	"ERP132580"	"testis"	"Late_Round_spermatids"	NA	NA	NA	"CL:4030036"	"early spermatid"	"other"	"SN194"	NA	6
"GAAGCAGAGGAGCGTT"	""	"ERX6700419"	"ERP132580"	"testis"	"Early_Round_spermatids"	NA	NA	NA	"CL:4030036"	"early spermatid"	"perfect match"	"SN194"	NA	8
"GAAGCAGAGGATTCGG"	""	"ERX6700419"	"ERP132580"	"testis"	"Other_somatic"	NA	NA	NA	"CL:0002371"	"somatic cell"	"perfect match"	"SN194"	NA	1
"GAAGCAGAGTAGCGGT"	""	"ERX6700419"	"ERP132580"	"testis"	"Undifferentiated_Spermatogonia"	NA	NA	NA	"CL:0000016"	"male germ line stem cell"	"other"	"SN194"	NA	9
"GAAGCAGAGTGTGGCA"	""	"ERX6700419"	"ERP132580"	"testis"	"Sertoli"	NA	NA	NA	"CL:0000216"	"Sertoli cell"	"perfect match"	"SN194"	NA	3
"GAAGCAGCAGTGGGAT"	""	"ERX6700419"	"ERP132580"	"testis"	"Zygotene_Spermatocytes"	NA	NA	NA	"CL:0000017"	"spermatocyte"	"missing child term"	"SN194"	NA	5
"GAAGCAGCATCACGTA"	""	"ERX6700419"	"ERP132580"	"testis"	"Sertoli"	NA	NA	NA	"CL:0000216"	"Sertoli cell"	"perfect match"	"SN194"	NA	3
"GAAGCAGCATGCCTTC"	""	"ERX6700419"	"ERP132580"	"testis"	"Zygotene_Spermatocytes"	NA	NA	NA	"CL:0000017"	"spermatocyte"	"missing child term"	"SN194"	NA	5
"GAAGCAGGTGCAACGA"	""	"ERX6700419"	"ERP132580"	"testis"	"Late_Round_spermatids"	NA	NA	NA	"CL:4030036"	"early spermatid"	"other"	"SN194"	NA	6
"GAAGCAGGTGTGGCTC"	""	"ERX6700419"	"ERP132580"	"testis"	"Early_Round_spermatids"	NA	NA	NA	"CL:4030036"	"early spermatid"	"perfect match"	"SN194"	NA	8
"GAAGCAGTCAAGAAGT"	""	"ERX6700419"	"ERP132580"	"testis"	"Early_Round_spermatids"	NA	NA	NA	"CL:4030036"	"early spermatid"	"perfect match"	"SN194"	NA	8
"GAAGCAGTCCGAAGAG"	""	"ERX6700419"	"ERP132580"	"testis"	"Pachytene_Spermatocytes"	NA	NA	NA	"CL:0000017"	"spermatocyte"	"missing child term"	"SN194"	NA	4
"GAAGCAGTCGGAAACG"	""	"ERX6700419"	"ERP132580"	"testis"	"Late_Round_spermatids"	NA	NA	NA	"CL:4030036"	"early spermatid"	"other"	"SN194"	NA	6
"GAATAAGAGAGACTAT"	""	"ERX6700419"	"ERP132580"	"testis"	"Elongated_spermatids"	NA	NA	NA	"CL:4030037"	"late spermatid"	"perfect match"	"SN194"	NA	2
"GAATAAGAGCCCTAAT"	""	"ERX6700419"	"ERP132580"	"testis"	"Pachytene_Spermatocytes"	NA	NA	NA	"CL:0000017"	"spermatocyte"	"missing child term"	"SN194"	NA	4
"GAATAAGAGCGCCTCA"	""	"ERX6700419"	"ERP132580"	"testis"	"Early_Round_spermatids"	NA	NA	NA	"CL:4030036"	"early spermatid"	"perfect match"	"SN194"	NA	8
"GAATAAGCACAAGTAA"	""	"ERX6700419"	"ERP132580"	"testis"	"Leptotene_Spermatocytes"	NA	NA	NA	"CL:0000017"	"spermatocyte"	"missing child term"	"SN194"	NA	11
"GAATAAGCACGGTAAG"	""	"ERX6700419"	"ERP132580"	"testis"	"Sertoli"	NA	NA	NA	"CL:0000216"	"Sertoli cell"	"perfect match"	"SN194"	NA	3
"GAATAAGCATGCCTTC"	""	"ERX6700419"	"ERP132580"	"testis"	"Pachytene_Spermatocytes"	NA	NA	NA	"CL:0000017"	"spermatocyte"	"missing child term"	"SN194"	NA	4
"GAATAAGGTGCAGGTA"	""	"ERX6700419"	"ERP132580"	"testis"	"Elongated_spermatids"	NA	NA	NA	"CL:4030037"	"late spermatid"	"perfect match"	"SN194"	NA	2
"GAATAAGTCGCAGGCT"	""	"ERX6700419"	"ERP132580"	"testis"	"Early_Round_spermatids"	NA	NA	NA	"CL:4030036"	"early spermatid"	"perfect match"	"SN194"	NA	8
"GAATGAAAGATATGGT"	""	"ERX6700419"	"ERP132580"	"testis"	"Late_Round_spermatids"	NA	NA	NA	"CL:4030036"	"early spermatid"	"other"	"SN194"	NA	6
"GAATGAAAGCAGCCTC"	""	"ERX6700419"	"ERP132580"	"testis"	"Leptotene_Spermatocytes"	NA	NA	NA	"CL:0000017"	"spermatocyte"	"missing child term"	"SN194"	NA	11
"GAATGAAAGGATGTAT"	""	"ERX6700419"	"ERP132580"	"testis"	"Sertoli"	NA	NA	NA	"CL:0000216"	"Sertoli cell"	"perfect match"	"SN194"	NA	3
"GAATGAAGTATCGCAT"	""	"ERX6700419"	"ERP132580"	"testis"	"Pachytene_Spermatocytes"	NA	NA	NA	"CL:0000017"	"spermatocyte"	"missing child term"	"SN194"	NA	4
"GAATGAAGTCTTCAAG"	""	"ERX6700419"	"ERP132580"	"testis"	"Pachytene_Spermatocytes"	NA	NA	NA	"CL:0000017"	"spermatocyte"	"missing child term"	"SN194"	NA	4
"GAATGAAGTGACGGTA"	""	"ERX6700419"	"ERP132580"	"testis"	"Differentiated_Spermatogonia"	NA	NA	NA	"CL:0000020"	"spermatogonium"	"perfect match"	"SN194"	NA	7
"GAATGAAGTTCCCGAG"	""	"ERX6700419"	"ERP132580"	"testis"	"Late_Round_spermatids"	NA	NA	NA	"CL:4030036"	"early spermatid"	"other"	"SN194"	NA	6
"GAATGAAGTTGTGGCC"	""	"ERX6700419"	"ERP132580"	"testis"	"Sertoli"	NA	NA	NA	"CL:0000216"	"Sertoli cell"	"perfect match"	"SN194"	NA	3
"GAATGAATCATGCTCC"	""	"ERX6700419"	"ERP132580"	"testis"	"Differentiated_Spermatogonia"	NA	NA	NA	"CL:0000020"	"spermatogonium"	"perfect match"	"SN194"	NA	7
"GAATGAATCATTGCGA"	""	"ERX6700419"	"ERP132580"	"testis"	"Late_Round_spermatids"	NA	NA	NA	"CL:4030036"	"early spermatid"	"other"	"SN194"	NA	6
"GAATGAATCCAGAAGG"	""	"ERX6700419"	"ERP132580"	"testis"	"Undifferentiated_Spermatogonia"	NA	NA	NA	"CL:0000016"	"male germ line stem cell"	"other"	"SN194"	NA	9
"GAATGAATCCCTAATT"	""	"ERX6700419"	"ERP132580"	"testis"	"Late_Round_spermatids"	NA	NA	NA	"CL:4030036"	"early spermatid"	"other"	"SN194"	NA	6
"GACACGCAGAAACGAG"	""	"ERX6700419"	"ERP132580"	"testis"	"Sertoli"	NA	NA	NA	"CL:0000216"	"Sertoli cell"	"perfect match"	"SN194"	NA	3
"GACACGCAGCTCCCAG"	""	"ERX6700419"	"ERP132580"	"testis"	"Differentiated_Spermatogonia"	NA	NA	NA	"CL:0000020"	"spermatogonium"	"perfect match"	"SN194"	NA	7
"GACACGCCACCACCAG"	""	"ERX6700419"	"ERP132580"	"testis"	"Early_Round_spermatids"	NA	NA	NA	"CL:4030036"	"early spermatid"	"perfect match"	"SN194"	NA	8
"GACACGCCACTAGTAC"	""	"ERX6700419"	"ERP132580"	"testis"	"Late_Round_spermatids"	NA	NA	NA	"CL:4030036"	"early spermatid"	"other"	"SN194"	NA	6
"GACACGCGTTCAGGCC"	""	"ERX6700419"	"ERP132580"	"testis"	"Sertoli"	NA	NA	NA	"CL:0000216"	"Sertoli cell"	"perfect match"	"SN194"	NA	3
"GACACGCTCAAACGGG"	""	"ERX6700419"	"ERP132580"	"testis"	"Zygotene_Spermatocytes"	NA	NA	NA	"CL:0000017"	"spermatocyte"	"missing child term"	"SN194"	NA	5
"GACACGCTCTTGTACT"	""	"ERX6700419"	"ERP132580"	"testis"	"Pachytene_Spermatocytes"	NA	NA	NA	"CL:0000017"	"spermatocyte"	"missing child term"	"SN194"	NA	4
"GACACGCTCTTGTTTG"	""	"ERX6700419"	"ERP132580"	"testis"	"Undifferentiated_Spermatogonia"	NA	NA	NA	"CL:0000016"	"male germ line stem cell"	"other"	"SN194"	NA	9
"GACAGAGAGTTTCCTT"	""	"ERX6700419"	"ERP132580"	"testis"	"Early_Round_spermatids"	NA	NA	NA	"CL:4030036"	"early spermatid"	"perfect match"	"SN194"	NA	8
"GACAGAGCAGAAGCAC"	""	"ERX6700419"	"ERP132580"	"testis"	"Late_Round_spermatids"	NA	NA	NA	"CL:4030036"	"early spermatid"	"other"	"SN194"	NA	6
"GACAGAGTCGAACTGT"	""	"ERX6700419"	"ERP132580"	"testis"	"Late_Round_spermatids"	NA	NA	NA	"CL:4030036"	"early spermatid"	"other"	"SN194"	NA	6
"GACCAATAGACTCGGA"	""	"ERX6700419"	"ERP132580"	"testis"	"Differentiated_Spermatogonia"	NA	NA	NA	"CL:0000020"	"spermatogonium"	"perfect match"	"SN194"	NA	7
"GACCAATCAAAGAATC"	""	"ERX6700419"	"ERP132580"	"testis"	"Elongated_spermatids"	NA	NA	NA	"CL:4030037"	"late spermatid"	"perfect match"	"SN194"	NA	2
"GACCAATCAGCTGCAC"	""	"ERX6700419"	"ERP132580"	"testis"	"Sertoli"	NA	NA	NA	"CL:0000216"	"Sertoli cell"	"perfect match"	"SN194"	NA	3
"GACCAATCAGGTCCAC"	""	"ERX6700419"	"ERP132580"	"testis"	"Leptotene_Spermatocytes"	NA	NA	NA	"CL:0000017"	"spermatocyte"	"missing child term"	"SN194"	NA	11
"GACCAATGTAAACCTC"	""	"ERX6700419"	"ERP132580"	"testis"	"Other_somatic"	NA	NA	NA	"CL:0002371"	"somatic cell"	"perfect match"	"SN194"	NA	1
"GACCAATGTCGTGGCT"	""	"ERX6700419"	"ERP132580"	"testis"	"Pachytene_Spermatocytes"	NA	NA	NA	"CL:0000017"	"spermatocyte"	"missing child term"	"SN194"	NA	4
"GACCAATGTTGCCTCT"	""	"ERX6700419"	"ERP132580"	"testis"	"Late_Round_spermatids"	NA	NA	NA	"CL:4030036"	"early spermatid"	"other"	"SN194"	NA	6
"GACCAATTCCCGACTT"	""	"ERX6700419"	"ERP132580"	"testis"	"Other_somatic"	NA	NA	NA	"CL:0002371"	"somatic cell"	"perfect match"	"SN194"	NA	1
"GACCTGGAGAGGGCTT"	""	"ERX6700419"	"ERP132580"	"testis"	"Late_Round_spermatids"	NA	NA	NA	"CL:4030036"	"early spermatid"	"other"	"SN194"	NA	6
"GACCTGGAGCGATGAC"	""	"ERX6700419"	"ERP132580"	"testis"	"Late_Round_spermatids"	NA	NA	NA	"CL:4030036"	"early spermatid"	"other"	"SN194"	NA	6
"GACCTGGGTGTTAAGA"	""	"ERX6700419"	"ERP132580"	"testis"	"Elongated_spermatids"	NA	NA	NA	"CL:4030037"	"late spermatid"	"perfect match"	"SN194"	NA	2
"GACCTGGTCAGCGATT"	""	"ERX6700419"	"ERP132580"	"testis"	"Undifferentiated_Spermatogonia"	NA	NA	NA	"CL:0000016"	"male germ line stem cell"	"other"	"SN194"	NA	9
"GACCTGGTCGAATGGG"	""	"ERX6700419"	"ERP132580"	"testis"	"Elongated_spermatids"	NA	NA	NA	"CL:4030037"	"late spermatid"	"perfect match"	"SN194"	NA	2
"GACGCGTAGAAGAAGC"	""	"ERX6700419"	"ERP132580"	"testis"	"Differentiated_Spermatogonia"	NA	NA	NA	"CL:0000020"	"spermatogonium"	"perfect match"	"SN194"	NA	7
"GACGCGTAGCACAGGT"	""	"ERX6700419"	"ERP132580"	"testis"	"Pachytene_Spermatocytes"	NA	NA	NA	"CL:0000017"	"spermatocyte"	"missing child term"	"SN194"	NA	4
"GACGCGTAGTCAAGGC"	""	"ERX6700419"	"ERP132580"	"testis"	"Leptotene_Spermatocytes"	NA	NA	NA	"CL:0000017"	"spermatocyte"	"missing child term"	"SN194"	NA	11
"GACGCGTCACCAGGTC"	""	"ERX6700419"	"ERP132580"	"testis"	"Sertoli"	NA	NA	NA	"CL:0000216"	"Sertoli cell"	"perfect match"	"SN194"	NA	3
"GACGCGTCACTGAAGG"	""	"ERX6700419"	"ERP132580"	"testis"	"Zygotene_Spermatocytes"	NA	NA	NA	"CL:0000017"	"spermatocyte"	"missing child term"	"SN194"	NA	5
"GACGCGTCAGACAAGC"	""	"ERX6700419"	"ERP132580"	"testis"	"Undifferentiated_Spermatogonia"	NA	NA	NA	"CL:0000016"	"male germ line stem cell"	"other"	"SN194"	NA	9
"GACGCGTGTACCGCTG"	""	"ERX6700419"	"ERP132580"	"testis"	"Undifferentiated_Spermatogonia"	NA	NA	NA	"CL:0000016"	"male germ line stem cell"	"other"	"SN194"	NA	9
"GACGCGTGTACTCGCG"	""	"ERX6700419"	"ERP132580"	"testis"	"Early_Round_spermatids"	NA	NA	NA	"CL:4030036"	"early spermatid"	"perfect match"	"SN194"	NA	8
"GACGCGTTCTCTGAGA"	""	"ERX6700419"	"ERP132580"	"testis"	"Differentiated_Spermatogonia"	NA	NA	NA	"CL:0000020"	"spermatogonium"	"perfect match"	"SN194"	NA	7
"GACGGCTAGATAGGAG"	""	"ERX6700419"	"ERP132580"	"testis"	"Zygotene_Spermatocytes"	NA	NA	NA	"CL:0000017"	"spermatocyte"	"missing child term"	"SN194"	NA	5
"GACGGCTAGCTGAAAT"	""	"ERX6700419"	"ERP132580"	"testis"	"Other_somatic"	NA	NA	NA	"CL:0002371"	"somatic cell"	"perfect match"	"SN194"	NA	1
"GACGGCTCACGACTCG"	""	"ERX6700419"	"ERP132580"	"testis"	"Pachytene_Spermatocytes"	NA	NA	NA	"CL:0000017"	"spermatocyte"	"missing child term"	"SN194"	NA	4
"GACGGCTGTAAGTGTA"	""	"ERX6700419"	"ERP132580"	"testis"	"Sertoli"	NA	NA	NA	"CL:0000216"	"Sertoli cell"	"perfect match"	"SN194"	NA	3
"GACGGCTGTAGGCTGA"	""	"ERX6700419"	"ERP132580"	"testis"	"Early_Round_spermatids"	NA	NA	NA	"CL:4030036"	"early spermatid"	"perfect match"	"SN194"	NA	8
"GACGGCTGTCAACATC"	""	"ERX6700419"	"ERP132580"	"testis"	"Zygotene_Spermatocytes"	NA	NA	NA	"CL:0000017"	"spermatocyte"	"missing child term"	"SN194"	NA	5
"GACGGCTGTTACCAGT"	""	"ERX6700419"	"ERP132580"	"testis"	"Sertoli"	NA	NA	NA	"CL:0000216"	"Sertoli cell"	"perfect match"	"SN194"	NA	3
"GACGGCTGTTATTCTC"	""	"ERX6700419"	"ERP132580"	"testis"	"Pachytene_Spermatocytes"	NA	NA	NA	"CL:0000017"	"spermatocyte"	"missing child term"	"SN194"	NA	4
"GACGGCTTCCACGAAT"	""	"ERX6700419"	"ERP132580"	"testis"	"Late_Round_spermatids"	NA	NA	NA	"CL:4030036"	"early spermatid"	"other"	"SN194"	NA	6
"GACGTGCAGCGCCTTG"	""	"ERX6700419"	"ERP132580"	"testis"	"Other_somatic"	NA	NA	NA	"CL:0002371"	"somatic cell"	"perfect match"	"SN194"	NA	1
"GACGTGCAGCTGAAAT"	""	"ERX6700419"	"ERP132580"	"testis"	"Pachytene_Spermatocytes"	NA	NA	NA	"CL:0000017"	"spermatocyte"	"missing child term"	"SN194"	NA	4
"GACGTGCAGGTACTCT"	""	"ERX6700419"	"ERP132580"	"testis"	"Sertoli"	NA	NA	NA	"CL:0000216"	"Sertoli cell"	"perfect match"	"SN194"	NA	3
"GACGTGCGTCTCTTAT"	""	"ERX6700419"	"ERP132580"	"testis"	"Other_somatic"	NA	NA	NA	"CL:0002371"	"somatic cell"	"perfect match"	"SN194"	NA	1
"GACGTGCGTGGAAAGA"	""	"ERX6700419"	"ERP132580"	"testis"	"Other_somatic"	NA	NA	NA	"CL:0002371"	"somatic cell"	"perfect match"	"SN194"	NA	1
"GACGTTAAGGCACATG"	""	"ERX6700419"	"ERP132580"	"testis"	"Leptotene_Spermatocytes"	NA	NA	NA	"CL:0000017"	"spermatocyte"	"missing child term"	"SN194"	NA	11
"GACGTTACATTGAGCT"	""	"ERX6700419"	"ERP132580"	"testis"	"Undifferentiated_Spermatogonia"	NA	NA	NA	"CL:0000016"	"male germ line stem cell"	"other"	"SN194"	NA	9
"GACGTTATCGGTCTAA"	""	"ERX6700419"	"ERP132580"	"testis"	"Pachytene_Spermatocytes"	NA	NA	NA	"CL:0000017"	"spermatocyte"	"missing child term"	"SN194"	NA	4
"GACTAACAGCACCGCT"	""	"ERX6700419"	"ERP132580"	"testis"	"Late_Round_spermatids"	NA	NA	NA	"CL:4030036"	"early spermatid"	"other"	"SN194"	NA	6
"GACTAACAGCGTGAGT"	""	"ERX6700419"	"ERP132580"	"testis"	"Early_Round_spermatids"	NA	NA	NA	"CL:4030036"	"early spermatid"	"perfect match"	"SN194"	NA	8
"GACTAACAGGCGTACA"	""	"ERX6700419"	"ERP132580"	"testis"	"Early_Round_spermatids"	NA	NA	NA	"CL:4030036"	"early spermatid"	"perfect match"	"SN194"	NA	8
"GACTAACAGTCGAGTG"	""	"ERX6700419"	"ERP132580"	"testis"	"Elongated_spermatids"	NA	NA	NA	"CL:4030037"	"late spermatid"	"perfect match"	"SN194"	NA	2
"GACTAACCAGTGAGTG"	""	"ERX6700419"	"ERP132580"	"testis"	"Sertoli"	NA	NA	NA	"CL:0000216"	"Sertoli cell"	"perfect match"	"SN194"	NA	3
"GACTAACCATCCGCGA"	""	"ERX6700419"	"ERP132580"	"testis"	"Undifferentiated_Spermatogonia"	NA	NA	NA	"CL:0000016"	"male germ line stem cell"	"other"	"SN194"	NA	9
"GACTAACGTCAATACC"	""	"ERX6700419"	"ERP132580"	"testis"	"Undifferentiated_Spermatogonia"	NA	NA	NA	"CL:0000016"	"male germ line stem cell"	"other"	"SN194"	NA	9
"GACTAACGTTGTGGAG"	""	"ERX6700419"	"ERP132580"	"testis"	"Undifferentiated_Spermatogonia"	NA	NA	NA	"CL:0000016"	"male germ line stem cell"	"other"	"SN194"	NA	9
"GACTACACAATCTGCA"	""	"ERX6700419"	"ERP132580"	"testis"	"Late_Round_spermatids"	NA	NA	NA	"CL:4030036"	"early spermatid"	"other"	"SN194"	NA	6
"GACTACAGTCGATTGT"	""	"ERX6700419"	"ERP132580"	"testis"	"Early_Round_spermatids"	NA	NA	NA	"CL:4030036"	"early spermatid"	"perfect match"	"SN194"	NA	8
"GACTACAGTTCGCGAC"	""	"ERX6700419"	"ERP132580"	"testis"	"Sertoli"	NA	NA	NA	"CL:0000216"	"Sertoli cell"	"perfect match"	"SN194"	NA	3
"GACTACAGTTGAACTC"	""	"ERX6700419"	"ERP132580"	"testis"	"Other_somatic"	NA	NA	NA	"CL:0002371"	"somatic cell"	"perfect match"	"SN194"	NA	1
"GACTACATCCTCAATT"	""	"ERX6700419"	"ERP132580"	"testis"	"Zygotene_Spermatocytes"	NA	NA	NA	"CL:0000017"	"spermatocyte"	"missing child term"	"SN194"	NA	5
"GACTGCGAGGGCTTCC"	""	"ERX6700419"	"ERP132580"	"testis"	"Differentiated_Spermatogonia"	NA	NA	NA	"CL:0000020"	"spermatogonium"	"perfect match"	"SN194"	NA	7
"GACTGCGCAATTCCTT"	""	"ERX6700419"	"ERP132580"	"testis"	"Pachytene_Spermatocytes"	NA	NA	NA	"CL:0000017"	"spermatocyte"	"missing child term"	"SN194"	NA	4
"GACTGCGCACACCGAC"	""	"ERX6700419"	"ERP132580"	"testis"	"Early_Round_spermatids"	NA	NA	NA	"CL:4030036"	"early spermatid"	"perfect match"	"SN194"	NA	8
"GACTGCGCATCCCATC"	""	"ERX6700419"	"ERP132580"	"testis"	"Zygotene_Spermatocytes"	NA	NA	NA	"CL:0000017"	"spermatocyte"	"missing child term"	"SN194"	NA	5
"GACTGCGGTAGGACAC"	""	"ERX6700419"	"ERP132580"	"testis"	"Pachytene_Spermatocytes"	NA	NA	NA	"CL:0000017"	"spermatocyte"	"missing child term"	"SN194"	NA	4
"GACTGCGGTATAATGG"	""	"ERX6700419"	"ERP132580"	"testis"	"Sertoli"	NA	NA	NA	"CL:0000216"	"Sertoli cell"	"perfect match"	"SN194"	NA	3
"GACTGCGGTCAGTGGA"	""	"ERX6700419"	"ERP132580"	"testis"	"Other_somatic"	NA	NA	NA	"CL:0002371"	"somatic cell"	"perfect match"	"SN194"	NA	1
"GACTGCGGTCCGTTAA"	""	"ERX6700419"	"ERP132580"	"testis"	"Pachytene_Spermatocytes"	NA	NA	NA	"CL:0000017"	"spermatocyte"	"missing child term"	"SN194"	NA	4
"GACTGCGTCCGCGCAA"	""	"ERX6700419"	"ERP132580"	"testis"	"Other_somatic"	NA	NA	NA	"CL:0002371"	"somatic cell"	"perfect match"	"SN194"	NA	1
"GAGCAGAAGCGTAGTG"	""	"ERX6700419"	"ERP132580"	"testis"	"Zygotene_Spermatocytes"	NA	NA	NA	"CL:0000017"	"spermatocyte"	"missing child term"	"SN194"	NA	5
"GAGCAGACAAAGGAAG"	""	"ERX6700419"	"ERP132580"	"testis"	"Sertoli"	NA	NA	NA	"CL:0000216"	"Sertoli cell"	"perfect match"	"SN194"	NA	3
"GAGCAGACAATGGAAT"	""	"ERX6700419"	"ERP132580"	"testis"	"Differentiated_Spermatogonia"	NA	NA	NA	"CL:0000020"	"spermatogonium"	"perfect match"	"SN194"	NA	7
"GAGCAGAGTGGCTCCA"	""	"ERX6700419"	"ERP132580"	"testis"	"Sertoli"	NA	NA	NA	"CL:0000216"	"Sertoli cell"	"perfect match"	"SN194"	NA	3
"GAGCAGAGTTAAGTAG"	""	"ERX6700419"	"ERP132580"	"testis"	"Sertoli"	NA	NA	NA	"CL:0000216"	"Sertoli cell"	"perfect match"	"SN194"	NA	3
"GAGCAGAGTTGTTTGG"	""	"ERX6700419"	"ERP132580"	"testis"	"Undifferentiated_Spermatogonia"	NA	NA	NA	"CL:0000016"	"male germ line stem cell"	"other"	"SN194"	NA	9
"GAGCAGAGTTTGGCGC"	""	"ERX6700419"	"ERP132580"	"testis"	"Late_Round_spermatids"	NA	NA	NA	"CL:4030036"	"early spermatid"	"other"	"SN194"	NA	6
"GAGGTGAAGAGACTTA"	""	"ERX6700419"	"ERP132580"	"testis"	"Other_somatic"	NA	NA	NA	"CL:0002371"	"somatic cell"	"perfect match"	"SN194"	NA	1
"GAGGTGAAGCGAAGGG"	""	"ERX6700419"	"ERP132580"	"testis"	"Other_somatic"	NA	NA	NA	"CL:0002371"	"somatic cell"	"perfect match"	"SN194"	NA	1
"GAGGTGACACCCAGTG"	""	"ERX6700419"	"ERP132580"	"testis"	"Early_Round_spermatids"	NA	NA	NA	"CL:4030036"	"early spermatid"	"perfect match"	"SN194"	NA	8
"GAGGTGACAGCTGGCT"	""	"ERX6700419"	"ERP132580"	"testis"	"Undifferentiated_Spermatogonia"	NA	NA	NA	"CL:0000016"	"male germ line stem cell"	"other"	"SN194"	NA	9
"GAGGTGAGTAATTGGA"	""	"ERX6700419"	"ERP132580"	"testis"	"Pachytene_Spermatocytes"	NA	NA	NA	"CL:0000017"	"spermatocyte"	"missing child term"	"SN194"	NA	4
"GAGGTGAGTCTGGAGA"	""	"ERX6700419"	"ERP132580"	"testis"	"Sertoli"	NA	NA	NA	"CL:0000216"	"Sertoli cell"	"perfect match"	"SN194"	NA	3
"GAGGTGAGTTCACCTC"	""	"ERX6700419"	"ERP132580"	"testis"	"Elongated_spermatids"	NA	NA	NA	"CL:4030037"	"late spermatid"	"perfect match"	"SN194"	NA	2
"GAGGTGAGTTCGCGAC"	""	"ERX6700419"	"ERP132580"	"testis"	"Differentiated_Spermatogonia"	NA	NA	NA	"CL:0000020"	"spermatogonium"	"perfect match"	"SN194"	NA	7
"GAGGTGATCGATCCCT"	""	"ERX6700419"	"ERP132580"	"testis"	"Undifferentiated_Spermatogonia"	NA	NA	NA	"CL:0000016"	"male germ line stem cell"	"other"	"SN194"	NA	9
"GAGTCCGAGTGACATA"	""	"ERX6700419"	"ERP132580"	"testis"	"Pachytene_Spermatocytes"	NA	NA	NA	"CL:0000017"	"spermatocyte"	"missing child term"	"SN194"	NA	4
"GAGTCCGAGTGTTTGC"	""	"ERX6700419"	"ERP132580"	"testis"	"Early_Round_spermatids"	NA	NA	NA	"CL:4030036"	"early spermatid"	"perfect match"	"SN194"	NA	8
"GAGTCCGCAAGCCCAC"	""	"ERX6700419"	"ERP132580"	"testis"	"Zygotene_Spermatocytes"	NA	NA	NA	"CL:0000017"	"spermatocyte"	"missing child term"	"SN194"	NA	5
"GAGTCCGCACAGTCGC"	""	"ERX6700419"	"ERP132580"	"testis"	"Other_somatic"	NA	NA	NA	"CL:0002371"	"somatic cell"	"perfect match"	"SN194"	NA	1
"GAGTCCGCAGCTCGAC"	""	"ERX6700419"	"ERP132580"	"testis"	"Late_Round_spermatids"	NA	NA	NA	"CL:4030036"	"early spermatid"	"other"	"SN194"	NA	6
"GAGTCCGGTTGGTAAA"	""	"ERX6700419"	"ERP132580"	"testis"	"Sertoli"	NA	NA	NA	"CL:0000216"	"Sertoli cell"	"perfect match"	"SN194"	NA	3
"GAGTCCGGTTTAGCTG"	""	"ERX6700419"	"ERP132580"	"testis"	"Late_Round_spermatids"	NA	NA	NA	"CL:4030036"	"early spermatid"	"other"	"SN194"	NA	6
"GAGTCCGTCATGGTCA"	""	"ERX6700419"	"ERP132580"	"testis"	"Other_somatic"	NA	NA	NA	"CL:0002371"	"somatic cell"	"perfect match"	"SN194"	NA	1
"GAGTCCGTCTCTGAGA"	""	"ERX6700419"	"ERP132580"	"testis"	"Leptotene_Spermatocytes"	NA	NA	NA	"CL:0000017"	"spermatocyte"	"missing child term"	"SN194"	NA	11
"GAGTCCGTCTGCGTAA"	""	"ERX6700419"	"ERP132580"	"testis"	"Elongated_spermatids"	NA	NA	NA	"CL:4030037"	"late spermatid"	"perfect match"	"SN194"	NA	2
"GATCAGTAGACCCACC"	""	"ERX6700419"	"ERP132580"	"testis"	"Undifferentiated_Spermatogonia"	NA	NA	NA	"CL:0000016"	"male germ line stem cell"	"other"	"SN194"	NA	9
"GATCAGTAGGTGCACA"	""	"ERX6700419"	"ERP132580"	"testis"	"Sertoli"	NA	NA	NA	"CL:0000216"	"Sertoli cell"	"perfect match"	"SN194"	NA	3
"GATCAGTCAATGGAGC"	""	"ERX6700419"	"ERP132580"	"testis"	"Differentiated_Spermatogonia"	NA	NA	NA	"CL:0000020"	"spermatogonium"	"perfect match"	"SN194"	NA	7
"GATCAGTCATTGAGCT"	""	"ERX6700419"	"ERP132580"	"testis"	"Leptotene_Spermatocytes"	NA	NA	NA	"CL:0000017"	"spermatocyte"	"missing child term"	"SN194"	NA	11
"GATCAGTGTAGGGACT"	""	"ERX6700419"	"ERP132580"	"testis"	"Sertoli"	NA	NA	NA	"CL:0000216"	"Sertoli cell"	"perfect match"	"SN194"	NA	3
"GATCAGTGTGAAATCA"	""	"ERX6700419"	"ERP132580"	"testis"	"Differentiated_Spermatogonia"	NA	NA	NA	"CL:0000020"	"spermatogonium"	"perfect match"	"SN194"	NA	7
"GATCAGTGTGAGTATA"	""	"ERX6700419"	"ERP132580"	"testis"	"Other_somatic"	NA	NA	NA	"CL:0002371"	"somatic cell"	"perfect match"	"SN194"	NA	1
"GATCAGTGTGCACTTA"	""	"ERX6700419"	"ERP132580"	"testis"	"Sertoli"	NA	NA	NA	"CL:0000216"	"Sertoli cell"	"perfect match"	"SN194"	NA	3
"GATCAGTGTGCATCTA"	""	"ERX6700419"	"ERP132580"	"testis"	"Undifferentiated_Spermatogonia"	NA	NA	NA	"CL:0000016"	"male germ line stem cell"	"other"	"SN194"	NA	9
"GATCAGTGTTAGTGGG"	""	"ERX6700419"	"ERP132580"	"testis"	"Undifferentiated_Spermatogonia"	NA	NA	NA	"CL:0000016"	"male germ line stem cell"	"other"	"SN194"	NA	9
"GATCAGTTCACGACTA"	""	"ERX6700419"	"ERP132580"	"testis"	"Sertoli"	NA	NA	NA	"CL:0000216"	"Sertoli cell"	"perfect match"	"SN194"	NA	3
"GATCGATAGGGTTCCC"	""	"ERX6700419"	"ERP132580"	"testis"	"Early_Round_spermatids"	NA	NA	NA	"CL:4030036"	"early spermatid"	"perfect match"	"SN194"	NA	8
"GATCGATAGGTAGCCA"	""	"ERX6700419"	"ERP132580"	"testis"	"Sertoli"	NA	NA	NA	"CL:0000216"	"Sertoli cell"	"perfect match"	"SN194"	NA	3
"GATCGATAGTGCCAGA"	""	"ERX6700419"	"ERP132580"	"testis"	"Pachytene_Spermatocytes"	NA	NA	NA	"CL:0000017"	"spermatocyte"	"missing child term"	"SN194"	NA	4
"GATCGATCACGGCGTT"	""	"ERX6700419"	"ERP132580"	"testis"	"Sertoli"	NA	NA	NA	"CL:0000216"	"Sertoli cell"	"perfect match"	"SN194"	NA	3
"GATCGATCATATACGC"	""	"ERX6700419"	"ERP132580"	"testis"	"Other_somatic"	NA	NA	NA	"CL:0002371"	"somatic cell"	"perfect match"	"SN194"	NA	1
"GATCGATCATGTAAGA"	""	"ERX6700419"	"ERP132580"	"testis"	"Sertoli"	NA	NA	NA	"CL:0000216"	"Sertoli cell"	"perfect match"	"SN194"	NA	3
"GATCGATGTAGCACGA"	""	"ERX6700419"	"ERP132580"	"testis"	"Undifferentiated_Spermatogonia"	NA	NA	NA	"CL:0000016"	"male germ line stem cell"	"other"	"SN194"	NA	9
"GATCGATGTAGCTGCC"	""	"ERX6700419"	"ERP132580"	"testis"	"Differentiated_Spermatogonia"	NA	NA	NA	"CL:0000020"	"spermatogonium"	"perfect match"	"SN194"	NA	7
"GATCGATGTATAATGG"	""	"ERX6700419"	"ERP132580"	"testis"	"Elongated_spermatids"	NA	NA	NA	"CL:4030037"	"late spermatid"	"perfect match"	"SN194"	NA	2
"GATCGATGTGCATCTA"	""	"ERX6700419"	"ERP132580"	"testis"	"Sertoli"	NA	NA	NA	"CL:0000216"	"Sertoli cell"	"perfect match"	"SN194"	NA	3
"GATCGATGTTAGTGGG"	""	"ERX6700419"	"ERP132580"	"testis"	"Early_Round_spermatids"	NA	NA	NA	"CL:4030036"	"early spermatid"	"perfect match"	"SN194"	NA	8
"GATCGATTCCGTTGCT"	""	"ERX6700419"	"ERP132580"	"testis"	"Undifferentiated_Spermatogonia"	NA	NA	NA	"CL:0000016"	"male germ line stem cell"	"other"	"SN194"	NA	9
"GATCGATTCGAGCCCA"	""	"ERX6700419"	"ERP132580"	"testis"	"Sertoli"	NA	NA	NA	"CL:0000216"	"Sertoli cell"	"perfect match"	"SN194"	NA	3
"GATCGCGAGATCGATA"	""	"ERX6700419"	"ERP132580"	"testis"	"Leptotene_Spermatocytes"	NA	NA	NA	"CL:0000017"	"spermatocyte"	"missing child term"	"SN194"	NA	11
"GATCGCGAGCGATATA"	""	"ERX6700419"	"ERP132580"	"testis"	"Undifferentiated_Spermatogonia"	NA	NA	NA	"CL:0000016"	"male germ line stem cell"	"other"	"SN194"	NA	9
"GATCGCGAGGCGTACA"	""	"ERX6700419"	"ERP132580"	"testis"	"Early_Round_spermatids"	NA	NA	NA	"CL:4030036"	"early spermatid"	"perfect match"	"SN194"	NA	8
"GATCGCGAGTTAGCGG"	""	"ERX6700419"	"ERP132580"	"testis"	"Late_Round_spermatids"	NA	NA	NA	"CL:4030036"	"early spermatid"	"other"	"SN194"	NA	6
"GATCGCGCAAGCTGAG"	""	"ERX6700419"	"ERP132580"	"testis"	"Early_Round_spermatids"	NA	NA	NA	"CL:4030036"	"early spermatid"	"perfect match"	"SN194"	NA	8
"GATCGCGCATGCGCAC"	""	"ERX6700419"	"ERP132580"	"testis"	"Undifferentiated_Spermatogonia"	NA	NA	NA	"CL:0000016"	"male germ line stem cell"	"other"	"SN194"	NA	9
"GATCGCGGTCCATGAT"	""	"ERX6700419"	"ERP132580"	"testis"	"Zygotene_Spermatocytes"	NA	NA	NA	"CL:0000017"	"spermatocyte"	"missing child term"	"SN194"	NA	5
"GATCGCGGTCTAACGT"	""	"ERX6700419"	"ERP132580"	"testis"	"Zygotene_Spermatocytes"	NA	NA	NA	"CL:0000017"	"spermatocyte"	"missing child term"	"SN194"	NA	5
"GATCGCGGTTAAAGAC"	""	"ERX6700419"	"ERP132580"	"testis"	"Undifferentiated_Spermatogonia"	NA	NA	NA	"CL:0000016"	"male germ line stem cell"	"other"	"SN194"	NA	9
"GATCGCGTCGGAAACG"	""	"ERX6700419"	"ERP132580"	"testis"	"Pachytene_Spermatocytes"	NA	NA	NA	"CL:0000017"	"spermatocyte"	"missing child term"	"SN194"	NA	4
"GATCGTAAGACTGGGT"	""	"ERX6700419"	"ERP132580"	"testis"	"Early_Round_spermatids"	NA	NA	NA	"CL:4030036"	"early spermatid"	"perfect match"	"SN194"	NA	8
"GATCGTACATTGGGCC"	""	"ERX6700419"	"ERP132580"	"testis"	"Sertoli"	NA	NA	NA	"CL:0000216"	"Sertoli cell"	"perfect match"	"SN194"	NA	3
"GATCGTATCAGTACGT"	""	"ERX6700419"	"ERP132580"	"testis"	"Late_Round_spermatids"	NA	NA	NA	"CL:4030036"	"early spermatid"	"other"	"SN194"	NA	6
"GATCTAGGTAGAGGAA"	""	"ERX6700419"	"ERP132580"	"testis"	"Leptotene_Spermatocytes"	NA	NA	NA	"CL:0000017"	"spermatocyte"	"missing child term"	"SN194"	NA	11
"GATCTAGTCCAGAAGG"	""	"ERX6700419"	"ERP132580"	"testis"	"Sertoli"	NA	NA	NA	"CL:0000216"	"Sertoli cell"	"perfect match"	"SN194"	NA	3
"GATGAAAAGCGTGAAC"	""	"ERX6700419"	"ERP132580"	"testis"	"Undifferentiated_Spermatogonia"	NA	NA	NA	"CL:0000016"	"male germ line stem cell"	"other"	"SN194"	NA	9
"GATGAAACACAGGTTT"	""	"ERX6700419"	"ERP132580"	"testis"	"Zygotene_Spermatocytes"	NA	NA	NA	"CL:0000017"	"spermatocyte"	"missing child term"	"SN194"	NA	5
"GATGAAACATGCATGT"	""	"ERX6700419"	"ERP132580"	"testis"	"Elongated_spermatids"	NA	NA	NA	"CL:4030037"	"late spermatid"	"perfect match"	"SN194"	NA	2
"GATGAAAGTATAGTAG"	""	"ERX6700419"	"ERP132580"	"testis"	"Other_somatic"	NA	NA	NA	"CL:0002371"	"somatic cell"	"perfect match"	"SN194"	NA	1
"GATGAGGAGCTAGTTC"	""	"ERX6700419"	"ERP132580"	"testis"	"Elongated_spermatids"	NA	NA	NA	"CL:4030037"	"late spermatid"	"perfect match"	"SN194"	NA	2
"GATGAGGAGGCTAGGT"	""	"ERX6700419"	"ERP132580"	"testis"	"Elongated_spermatids"	NA	NA	NA	"CL:4030037"	"late spermatid"	"perfect match"	"SN194"	NA	2
"GATGAGGAGGGAGTAA"	""	"ERX6700419"	"ERP132580"	"testis"	"Sertoli"	NA	NA	NA	"CL:0000216"	"Sertoli cell"	"perfect match"	"SN194"	NA	3
"GATGAGGAGGTGTGGT"	""	"ERX6700419"	"ERP132580"	"testis"	"Leptotene_Spermatocytes"	NA	NA	NA	"CL:0000017"	"spermatocyte"	"missing child term"	"SN194"	NA	11
"GATGAGGCACCAGTTA"	""	"ERX6700419"	"ERP132580"	"testis"	"Undifferentiated_Spermatogonia"	NA	NA	NA	"CL:0000016"	"male germ line stem cell"	"other"	"SN194"	NA	9
"GATGAGGCAGATCCAT"	""	"ERX6700419"	"ERP132580"	"testis"	"Pachytene_Spermatocytes"	NA	NA	NA	"CL:0000017"	"spermatocyte"	"missing child term"	"SN194"	NA	4
"GATGAGGGTACTCAAC"	""	"ERX6700419"	"ERP132580"	"testis"	"Sertoli"	NA	NA	NA	"CL:0000216"	"Sertoli cell"	"perfect match"	"SN194"	NA	3
"GATGAGGTCAAAGACA"	""	"ERX6700419"	"ERP132580"	"testis"	"Late_Round_spermatids"	NA	NA	NA	"CL:4030036"	"early spermatid"	"other"	"SN194"	NA	6
"GATGAGGTCCAGATCA"	""	"ERX6700419"	"ERP132580"	"testis"	"Other_somatic"	NA	NA	NA	"CL:0002371"	"somatic cell"	"perfect match"	"SN194"	NA	1
"GATGAGGTCCATGAGT"	""	"ERX6700419"	"ERP132580"	"testis"	"Elongated_spermatids"	NA	NA	NA	"CL:4030037"	"late spermatid"	"perfect match"	"SN194"	NA	2
"GATGCTAGTCCGTCAG"	""	"ERX6700419"	"ERP132580"	"testis"	"Late_Round_spermatids"	NA	NA	NA	"CL:4030036"	"early spermatid"	"other"	"SN194"	NA	6
"GATGCTAGTTCCGGCA"	""	"ERX6700419"	"ERP132580"	"testis"	"Elongated_spermatids"	NA	NA	NA	"CL:4030037"	"late spermatid"	"perfect match"	"SN194"	NA	2
"GATGCTATCACCTCGT"	""	"ERX6700419"	"ERP132580"	"testis"	"Elongated_spermatids"	NA	NA	NA	"CL:4030037"	"late spermatid"	"perfect match"	"SN194"	NA	2
"GATGCTATCAGGCCCA"	""	"ERX6700419"	"ERP132580"	"testis"	"Sertoli"	NA	NA	NA	"CL:0000216"	"Sertoli cell"	"perfect match"	"SN194"	NA	3
"GATTCAGAGAGTGACC"	""	"ERX6700419"	"ERP132580"	"testis"	"Other_somatic"	NA	NA	NA	"CL:0002371"	"somatic cell"	"perfect match"	"SN194"	NA	1
"GATTCAGAGCATCATC"	""	"ERX6700419"	"ERP132580"	"testis"	"Pachytene_Spermatocytes"	NA	NA	NA	"CL:0000017"	"spermatocyte"	"missing child term"	"SN194"	NA	4
"GATTCAGAGTCATCCA"	""	"ERX6700419"	"ERP132580"	"testis"	"Pachytene_Spermatocytes"	NA	NA	NA	"CL:0000017"	"spermatocyte"	"missing child term"	"SN194"	NA	4
"GATTCAGGTCCTAGCG"	""	"ERX6700419"	"ERP132580"	"testis"	"Sertoli"	NA	NA	NA	"CL:0000216"	"Sertoli cell"	"perfect match"	"SN194"	NA	3
"GATTCAGGTTATGCGT"	""	"ERX6700419"	"ERP132580"	"testis"	"Late_Round_spermatids"	NA	NA	NA	"CL:4030036"	"early spermatid"	"other"	"SN194"	NA	6
"GATTCAGTCCGATATG"	""	"ERX6700419"	"ERP132580"	"testis"	"Elongated_spermatids"	NA	NA	NA	"CL:4030037"	"late spermatid"	"perfect match"	"SN194"	NA	2
"GATTCAGTCTGTGCAA"	""	"ERX6700419"	"ERP132580"	"testis"	"Sertoli"	NA	NA	NA	"CL:0000216"	"Sertoli cell"	"perfect match"	"SN194"	NA	3
"GCAAACTGTACCGAGA"	""	"ERX6700419"	"ERP132580"	"testis"	"Elongated_spermatids"	NA	NA	NA	"CL:4030037"	"late spermatid"	"perfect match"	"SN194"	NA	2
"GCAAACTGTCAACATC"	""	"ERX6700419"	"ERP132580"	"testis"	"Sertoli"	NA	NA	NA	"CL:0000216"	"Sertoli cell"	"perfect match"	"SN194"	NA	3
"GCAAACTGTGTCAATC"	""	"ERX6700419"	"ERP132580"	"testis"	"Zygotene_Spermatocytes"	NA	NA	NA	"CL:0000017"	"spermatocyte"	"missing child term"	"SN194"	NA	5
"GCAAACTTCACCACCT"	""	"ERX6700419"	"ERP132580"	"testis"	"Pachytene_Spermatocytes"	NA	NA	NA	"CL:0000017"	"spermatocyte"	"missing child term"	"SN194"	NA	4
"GCAATCAAGACGACGT"	""	"ERX6700419"	"ERP132580"	"testis"	"Undifferentiated_Spermatogonia"	NA	NA	NA	"CL:0000016"	"male germ line stem cell"	"other"	"SN194"	NA	9
"GCAATCAAGGGTTTCT"	""	"ERX6700419"	"ERP132580"	"testis"	"Late_Round_spermatids"	NA	NA	NA	"CL:4030036"	"early spermatid"	"other"	"SN194"	NA	6
"GCAATCACAAGGGTCA"	""	"ERX6700419"	"ERP132580"	"testis"	"Differentiated_Spermatogonia"	NA	NA	NA	"CL:0000020"	"spermatogonium"	"perfect match"	"SN194"	NA	7
"GCAATCACAGCTGCAC"	""	"ERX6700419"	"ERP132580"	"testis"	"Pachytene_Spermatocytes"	NA	NA	NA	"CL:0000017"	"spermatocyte"	"missing child term"	"SN194"	NA	4
"GCAATCAGTATTCGTG"	""	"ERX6700419"	"ERP132580"	"testis"	"Elongated_spermatids"	NA	NA	NA	"CL:4030037"	"late spermatid"	"perfect match"	"SN194"	NA	2
"GCAATCAGTGGGTCAA"	""	"ERX6700419"	"ERP132580"	"testis"	"Zygotene_Spermatocytes"	NA	NA	NA	"CL:0000017"	"spermatocyte"	"missing child term"	"SN194"	NA	5
"GCAATCATCGTTGCCT"	""	"ERX6700419"	"ERP132580"	"testis"	"Other_somatic"	NA	NA	NA	"CL:0002371"	"somatic cell"	"perfect match"	"SN194"	NA	1
"GCAATCATCTATGTGG"	""	"ERX6700419"	"ERP132580"	"testis"	"Leptotene_Spermatocytes"	NA	NA	NA	"CL:0000017"	"spermatocyte"	"missing child term"	"SN194"	NA	11
"GCAATCATCTCTTATG"	""	"ERX6700419"	"ERP132580"	"testis"	"Sertoli"	NA	NA	NA	"CL:0000216"	"Sertoli cell"	"perfect match"	"SN194"	NA	3
"GCACATAAGCTAGTTC"	""	"ERX6700419"	"ERP132580"	"testis"	"Elongated_spermatids"	NA	NA	NA	"CL:4030037"	"late spermatid"	"perfect match"	"SN194"	NA	2
"GCACATACACAGGAGT"	""	"ERX6700419"	"ERP132580"	"testis"	"Pachytene_Spermatocytes"	NA	NA	NA	"CL:0000017"	"spermatocyte"	"missing child term"	"SN194"	NA	4
"GCACATACAGGGATTG"	""	"ERX6700419"	"ERP132580"	"testis"	"Pachytene_Spermatocytes"	NA	NA	NA	"CL:0000017"	"spermatocyte"	"missing child term"	"SN194"	NA	4
"GCACATAGTCTTCAAG"	""	"ERX6700419"	"ERP132580"	"testis"	"Undifferentiated_Spermatogonia"	NA	NA	NA	"CL:0000016"	"male germ line stem cell"	"other"	"SN194"	NA	9
"GCACATAGTGATGATA"	""	"ERX6700419"	"ERP132580"	"testis"	"Sertoli"	NA	NA	NA	"CL:0000216"	"Sertoli cell"	"perfect match"	"SN194"	NA	3
"GCACATAGTTACGGAG"	""	"ERX6700419"	"ERP132580"	"testis"	"Elongated_spermatids"	NA	NA	NA	"CL:4030037"	"late spermatid"	"perfect match"	"SN194"	NA	2
"GCACATATCACGGTTA"	""	"ERX6700419"	"ERP132580"	"testis"	"Other_somatic"	NA	NA	NA	"CL:0002371"	"somatic cell"	"perfect match"	"SN194"	NA	1
"GCACATATCGGTTCGG"	""	"ERX6700419"	"ERP132580"	"testis"	"Late_Round_spermatids"	NA	NA	NA	"CL:4030036"	"early spermatid"	"other"	"SN194"	NA	6
"GCACTCTAGACTTTCG"	""	"ERX6700419"	"ERP132580"	"testis"	"Early_Round_spermatids"	NA	NA	NA	"CL:4030036"	"early spermatid"	"perfect match"	"SN194"	NA	8
"GCACTCTAGCAGCGTA"	""	"ERX6700419"	"ERP132580"	"testis"	"Sertoli"	NA	NA	NA	"CL:0000216"	"Sertoli cell"	"perfect match"	"SN194"	NA	3
"GCACTCTAGGTGCAAC"	""	"ERX6700419"	"ERP132580"	"testis"	"Undifferentiated_Spermatogonia"	NA	NA	NA	"CL:0000016"	"male germ line stem cell"	"other"	"SN194"	NA	9
"GCACTCTGTAGAGGAA"	""	"ERX6700419"	"ERP132580"	"testis"	"Differentiated_Spermatogonia"	NA	NA	NA	"CL:0000020"	"spermatogonium"	"perfect match"	"SN194"	NA	7
"GCACTCTGTATTACCG"	""	"ERX6700419"	"ERP132580"	"testis"	"Pachytene_Spermatocytes"	NA	NA	NA	"CL:0000017"	"spermatocyte"	"missing child term"	"SN194"	NA	4
"GCACTCTGTGACTCAT"	""	"ERX6700419"	"ERP132580"	"testis"	"Elongated_spermatids"	NA	NA	NA	"CL:4030037"	"late spermatid"	"perfect match"	"SN194"	NA	2
"GCACTCTGTGTGAAAT"	""	"ERX6700419"	"ERP132580"	"testis"	"Undifferentiated_Spermatogonia"	NA	NA	NA	"CL:0000016"	"male germ line stem cell"	"other"	"SN194"	NA	9
"GCACTCTGTTACGGAG"	""	"ERX6700419"	"ERP132580"	"testis"	"Undifferentiated_Spermatogonia"	NA	NA	NA	"CL:0000016"	"male germ line stem cell"	"other"	"SN194"	NA	9
"GCAGCCAAGAGAGCTC"	""	"ERX6700419"	"ERP132580"	"testis"	"Pachytene_Spermatocytes"	NA	NA	NA	"CL:0000017"	"spermatocyte"	"missing child term"	"SN194"	NA	4
"GCAGCCAAGGGTCGAT"	""	"ERX6700419"	"ERP132580"	"testis"	"Differentiated_Spermatogonia"	NA	NA	NA	"CL:0000020"	"spermatogonium"	"perfect match"	"SN194"	NA	7
"GCAGCCACAAAGGTGC"	""	"ERX6700419"	"ERP132580"	"testis"	"Undifferentiated_Spermatogonia"	NA	NA	NA	"CL:0000016"	"male germ line stem cell"	"other"	"SN194"	NA	9
"GCAGCCACAATGGTCT"	""	"ERX6700419"	"ERP132580"	"testis"	"Other_somatic"	NA	NA	NA	"CL:0002371"	"somatic cell"	"perfect match"	"SN194"	NA	1
"GCAGCCAGTAAACCTC"	""	"ERX6700419"	"ERP132580"	"testis"	"Other_somatic"	NA	NA	NA	"CL:0002371"	"somatic cell"	"perfect match"	"SN194"	NA	1
"GCAGTTAAGACACGAC"	""	"ERX6700419"	"ERP132580"	"testis"	"Sertoli"	NA	NA	NA	"CL:0000216"	"Sertoli cell"	"perfect match"	"SN194"	NA	3
"GCAGTTAAGACGCAAC"	""	"ERX6700419"	"ERP132580"	"testis"	"Undifferentiated_Spermatogonia"	NA	NA	NA	"CL:0000016"	"male germ line stem cell"	"other"	"SN194"	NA	9
"GCAGTTACACCCATTC"	""	"ERX6700419"	"ERP132580"	"testis"	"Pachytene_Spermatocytes"	NA	NA	NA	"CL:0000017"	"spermatocyte"	"missing child term"	"SN194"	NA	4
"GCAGTTACATGAACCT"	""	"ERX6700419"	"ERP132580"	"testis"	"Other_somatic"	NA	NA	NA	"CL:0002371"	"somatic cell"	"perfect match"	"SN194"	NA	1
"GCAGTTAGTTCGAATC"	""	"ERX6700419"	"ERP132580"	"testis"	"Pachytene_Spermatocytes"	NA	NA	NA	"CL:0000017"	"spermatocyte"	"missing child term"	"SN194"	NA	4
"GCAGTTATCAGTCCCT"	""	"ERX6700419"	"ERP132580"	"testis"	"Late_Round_spermatids"	NA	NA	NA	"CL:4030036"	"early spermatid"	"other"	"SN194"	NA	6
"GCATACAAGTTAAGTG"	""	"ERX6700419"	"ERP132580"	"testis"	"Pachytene_Spermatocytes"	NA	NA	NA	"CL:0000017"	"spermatocyte"	"missing child term"	"SN194"	NA	4
"GCATACACAAGTAATG"	""	"ERX6700419"	"ERP132580"	"testis"	"Undifferentiated_Spermatogonia"	NA	NA	NA	"CL:0000016"	"male germ line stem cell"	"other"	"SN194"	NA	9
"GCATACACACAGAGGT"	""	"ERX6700419"	"ERP132580"	"testis"	"Zygotene_Spermatocytes"	NA	NA	NA	"CL:0000017"	"spermatocyte"	"missing child term"	"SN194"	NA	5
"GCATACACACAGATTC"	""	"ERX6700419"	"ERP132580"	"testis"	"Early_Round_spermatids"	NA	NA	NA	"CL:4030036"	"early spermatid"	"perfect match"	"SN194"	NA	8
"GCATACACACATCCAA"	""	"ERX6700419"	"ERP132580"	"testis"	"Early_Round_spermatids"	NA	NA	NA	"CL:4030036"	"early spermatid"	"perfect match"	"SN194"	NA	8
"GCATACAGTAGAGCTG"	""	"ERX6700419"	"ERP132580"	"testis"	"Leptotene_Spermatocytes"	NA	NA	NA	"CL:0000017"	"spermatocyte"	"missing child term"	"SN194"	NA	11
"GCATACATCATCGCTC"	""	"ERX6700419"	"ERP132580"	"testis"	"Sertoli"	NA	NA	NA	"CL:0000216"	"Sertoli cell"	"perfect match"	"SN194"	NA	3
"GCATGATAGAAGGCCT"	""	"ERX6700419"	"ERP132580"	"testis"	"Undifferentiated_Spermatogonia"	NA	NA	NA	"CL:0000016"	"male germ line stem cell"	"other"	"SN194"	NA	9
"GCATGATAGACCGGAT"	""	"ERX6700419"	"ERP132580"	"testis"	"Other_somatic"	NA	NA	NA	"CL:0002371"	"somatic cell"	"perfect match"	"SN194"	NA	1
"GCATGATAGTGGTCCC"	""	"ERX6700419"	"ERP132580"	"testis"	"Other_somatic"	NA	NA	NA	"CL:0002371"	"somatic cell"	"perfect match"	"SN194"	NA	1
"GCATGATCAGAAGCAC"	""	"ERX6700419"	"ERP132580"	"testis"	"Sertoli"	NA	NA	NA	"CL:0000216"	"Sertoli cell"	"perfect match"	"SN194"	NA	3
"GCATGATCAGCCAATT"	""	"ERX6700419"	"ERP132580"	"testis"	"Sertoli"	NA	NA	NA	"CL:0000216"	"Sertoli cell"	"perfect match"	"SN194"	NA	3
"GCATGATCAGCTTAAC"	""	"ERX6700419"	"ERP132580"	"testis"	"Zygotene_Spermatocytes"	NA	NA	NA	"CL:0000017"	"spermatocyte"	"missing child term"	"SN194"	NA	5
"GCATGATGTATTAGCC"	""	"ERX6700419"	"ERP132580"	"testis"	"Late_Round_spermatids"	NA	NA	NA	"CL:4030036"	"early spermatid"	"other"	"SN194"	NA	6
"GCATGATGTCTAGCCG"	""	"ERX6700419"	"ERP132580"	"testis"	"Late_Round_spermatids"	NA	NA	NA	"CL:4030036"	"early spermatid"	"other"	"SN194"	NA	6
"GCATGATTCAAGGTAA"	""	"ERX6700419"	"ERP132580"	"testis"	"Early_Round_spermatids"	NA	NA	NA	"CL:4030036"	"early spermatid"	"perfect match"	"SN194"	NA	8
"GCATGATTCACGAAGG"	""	"ERX6700419"	"ERP132580"	"testis"	"Early_Round_spermatids"	NA	NA	NA	"CL:4030036"	"early spermatid"	"perfect match"	"SN194"	NA	8
"GCATGATTCTCGTATT"	""	"ERX6700419"	"ERP132580"	"testis"	"Late_Round_spermatids"	NA	NA	NA	"CL:4030036"	"early spermatid"	"other"	"SN194"	NA	6
"GCATGATTCTTGAGAC"	""	"ERX6700419"	"ERP132580"	"testis"	"Pachytene_Spermatocytes"	NA	NA	NA	"CL:0000017"	"spermatocyte"	"missing child term"	"SN194"	NA	4
"GCATGCGAGGCAGGTT"	""	"ERX6700419"	"ERP132580"	"testis"	"Leptotene_Spermatocytes"	NA	NA	NA	"CL:0000017"	"spermatocyte"	"missing child term"	"SN194"	NA	11
"GCATGCGAGTCCGTAT"	""	"ERX6700419"	"ERP132580"	"testis"	"Early_Round_spermatids"	NA	NA	NA	"CL:4030036"	"early spermatid"	"perfect match"	"SN194"	NA	8
"GCATGCGCAAGTTAAG"	""	"ERX6700419"	"ERP132580"	"testis"	"Late_Round_spermatids"	NA	NA	NA	"CL:4030036"	"early spermatid"	"other"	"SN194"	NA	6
"GCATGCGCACCAGATT"	""	"ERX6700419"	"ERP132580"	"testis"	"Pachytene_Spermatocytes"	NA	NA	NA	"CL:0000017"	"spermatocyte"	"missing child term"	"SN194"	NA	4
"GCATGCGCACTTAACG"	""	"ERX6700419"	"ERP132580"	"testis"	"Differentiated_Spermatogonia"	NA	NA	NA	"CL:0000020"	"spermatogonium"	"perfect match"	"SN194"	NA	7
"GCATGCGGTGTCTGAT"	""	"ERX6700419"	"ERP132580"	"testis"	"Late_Round_spermatids"	NA	NA	NA	"CL:4030036"	"early spermatid"	"other"	"SN194"	NA	6
"GCATGCGGTTAGGGTG"	""	"ERX6700419"	"ERP132580"	"testis"	"Elongated_spermatids"	NA	NA	NA	"CL:4030037"	"late spermatid"	"perfect match"	"SN194"	NA	2
"GCATGCGGTTCGTTGA"	""	"ERX6700419"	"ERP132580"	"testis"	"Other_somatic"	NA	NA	NA	"CL:0002371"	"somatic cell"	"perfect match"	"SN194"	NA	1
"GCATGCGTCAGCGACC"	""	"ERX6700419"	"ERP132580"	"testis"	"Early_Round_spermatids"	NA	NA	NA	"CL:4030036"	"early spermatid"	"perfect match"	"SN194"	NA	8
"GCATGCGTCTCCAGGG"	""	"ERX6700419"	"ERP132580"	"testis"	"Early_Round_spermatids"	NA	NA	NA	"CL:4030036"	"early spermatid"	"perfect match"	"SN194"	NA	8
"GCATGTAAGGTGCTAG"	""	"ERX6700419"	"ERP132580"	"testis"	"Pachytene_Spermatocytes"	NA	NA	NA	"CL:0000017"	"spermatocyte"	"missing child term"	"SN194"	NA	4
"GCATGTACAAGTCTAC"	""	"ERX6700419"	"ERP132580"	"testis"	"Other_somatic"	NA	NA	NA	"CL:0002371"	"somatic cell"	"perfect match"	"SN194"	NA	1
"GCATGTACACGTCAGC"	""	"ERX6700419"	"ERP132580"	"testis"	"Pachytene_Spermatocytes"	NA	NA	NA	"CL:0000017"	"spermatocyte"	"missing child term"	"SN194"	NA	4
"GCATGTATCAAGGCTT"	""	"ERX6700419"	"ERP132580"	"testis"	"Zygotene_Spermatocytes"	NA	NA	NA	"CL:0000017"	"spermatocyte"	"missing child term"	"SN194"	NA	5
"GCATGTATCAATACCG"	""	"ERX6700419"	"ERP132580"	"testis"	"Pachytene_Spermatocytes"	NA	NA	NA	"CL:0000017"	"spermatocyte"	"missing child term"	"SN194"	NA	4
"GCATGTATCGCCAAAT"	""	"ERX6700419"	"ERP132580"	"testis"	"Other_somatic"	NA	NA	NA	"CL:0002371"	"somatic cell"	"perfect match"	"SN194"	NA	1
"GCCAAATAGCCGTCGT"	""	"ERX6700419"	"ERP132580"	"testis"	"Sertoli"	NA	NA	NA	"CL:0000216"	"Sertoli cell"	"perfect match"	"SN194"	NA	3
"GCCAAATAGGTAGCTG"	""	"ERX6700419"	"ERP132580"	"testis"	"Late_Round_spermatids"	NA	NA	NA	"CL:4030036"	"early spermatid"	"other"	"SN194"	NA	6
"GCCAAATAGTGGTCCC"	""	"ERX6700419"	"ERP132580"	"testis"	"Pachytene_Spermatocytes"	NA	NA	NA	"CL:0000017"	"spermatocyte"	"missing child term"	"SN194"	NA	4
"GCCAAATCAGCCTGTG"	""	"ERX6700419"	"ERP132580"	"testis"	"Sertoli"	NA	NA	NA	"CL:0000216"	"Sertoli cell"	"perfect match"	"SN194"	NA	3
"GCCAAATCAGCCTTGG"	""	"ERX6700419"	"ERP132580"	"testis"	"Sertoli"	NA	NA	NA	"CL:0000216"	"Sertoli cell"	"perfect match"	"SN194"	NA	3
"GCCAAATCAGGTTTCA"	""	"ERX6700419"	"ERP132580"	"testis"	"Pachytene_Spermatocytes"	NA	NA	NA	"CL:0000017"	"spermatocyte"	"missing child term"	"SN194"	NA	4
"GCCAAATGTGTCTGAT"	""	"ERX6700419"	"ERP132580"	"testis"	"Sertoli"	NA	NA	NA	"CL:0000216"	"Sertoli cell"	"perfect match"	"SN194"	NA	3
"GCCAAATGTTCGTCTC"	""	"ERX6700419"	"ERP132580"	"testis"	"Sertoli"	NA	NA	NA	"CL:0000216"	"Sertoli cell"	"perfect match"	"SN194"	NA	3
"GCCAAATGTTTGGGCC"	""	"ERX6700419"	"ERP132580"	"testis"	"Other_somatic"	NA	NA	NA	"CL:0002371"	"somatic cell"	"perfect match"	"SN194"	NA	1
"GCCAAATTCACTCTTA"	""	"ERX6700419"	"ERP132580"	"testis"	"Late_Round_spermatids"	NA	NA	NA	"CL:4030036"	"early spermatid"	"other"	"SN194"	NA	6
"GCCAAATTCCGCTGTT"	""	"ERX6700419"	"ERP132580"	"testis"	"Early_Round_spermatids"	NA	NA	NA	"CL:4030036"	"early spermatid"	"perfect match"	"SN194"	NA	8
"GCCTCTAAGTACACCT"	""	"ERX6700419"	"ERP132580"	"testis"	"Sertoli"	NA	NA	NA	"CL:0000216"	"Sertoli cell"	"perfect match"	"SN194"	NA	3
"GCCTCTACACCTCGTT"	""	"ERX6700419"	"ERP132580"	"testis"	"Other_somatic"	NA	NA	NA	"CL:0002371"	"somatic cell"	"perfect match"	"SN194"	NA	1
"GCCTCTATCCTAGGGC"	""	"ERX6700419"	"ERP132580"	"testis"	"Zygotene_Spermatocytes"	NA	NA	NA	"CL:0000017"	"spermatocyte"	"missing child term"	"SN194"	NA	5
"GCCTCTATCGTGGACC"	""	"ERX6700419"	"ERP132580"	"testis"	"Sertoli"	NA	NA	NA	"CL:0000216"	"Sertoli cell"	"perfect match"	"SN194"	NA	3
"GCCTCTATCTTGGGTA"	""	"ERX6700419"	"ERP132580"	"testis"	"Other_somatic"	NA	NA	NA	"CL:0002371"	"somatic cell"	"perfect match"	"SN194"	NA	1
"GCGACCACAATGGATA"	""	"ERX6700419"	"ERP132580"	"testis"	"Other_somatic"	NA	NA	NA	"CL:0002371"	"somatic cell"	"perfect match"	"SN194"	NA	1
"GCGACCATCATAGCAC"	""	"ERX6700419"	"ERP132580"	"testis"	"Leptotene_Spermatocytes"	NA	NA	NA	"CL:0000017"	"spermatocyte"	"missing child term"	"SN194"	NA	11
"GCGACCATCGTTTATC"	""	"ERX6700419"	"ERP132580"	"testis"	"Zygotene_Spermatocytes"	NA	NA	NA	"CL:0000017"	"spermatocyte"	"missing child term"	"SN194"	NA	5
"GCGAGAAAGATATACG"	""	"ERX6700419"	"ERP132580"	"testis"	"Other_somatic"	NA	NA	NA	"CL:0002371"	"somatic cell"	"perfect match"	"SN194"	NA	1
"GCGAGAACACGCTTTC"	""	"ERX6700419"	"ERP132580"	"testis"	"Elongated_spermatids"	NA	NA	NA	"CL:4030037"	"late spermatid"	"perfect match"	"SN194"	NA	2
"GCGAGAAGTCTGGAGA"	""	"ERX6700419"	"ERP132580"	"testis"	"Sertoli"	NA	NA	NA	"CL:0000216"	"Sertoli cell"	"perfect match"	"SN194"	NA	3
"GCGAGAATCATAAAGG"	""	"ERX6700419"	"ERP132580"	"testis"	"Undifferentiated_Spermatogonia"	NA	NA	NA	"CL:0000016"	"male germ line stem cell"	"other"	"SN194"	NA	9
"GCGAGAATCCGTACAA"	""	"ERX6700419"	"ERP132580"	"testis"	"Early_Round_spermatids"	NA	NA	NA	"CL:4030036"	"early spermatid"	"perfect match"	"SN194"	NA	8
"GCGAGAATCCTCTAGC"	""	"ERX6700419"	"ERP132580"	"testis"	"Pachytene_Spermatocytes"	NA	NA	NA	"CL:0000017"	"spermatocyte"	"missing child term"	"SN194"	NA	4
"GCGAGAATCGAATCCA"	""	"ERX6700419"	"ERP132580"	"testis"	"Elongated_spermatids"	NA	NA	NA	"CL:4030037"	"late spermatid"	"perfect match"	"SN194"	NA	2
"GCGAGAATCGCACTCT"	""	"ERX6700419"	"ERP132580"	"testis"	"Differentiated_Spermatogonia"	NA	NA	NA	"CL:0000020"	"spermatogonium"	"perfect match"	"SN194"	NA	7
"GCGAGAATCGCTTGTC"	""	"ERX6700419"	"ERP132580"	"testis"	"Late_Round_spermatids"	NA	NA	NA	"CL:4030036"	"early spermatid"	"other"	"SN194"	NA	6
"GCGAGAATCTGGTGTA"	""	"ERX6700419"	"ERP132580"	"testis"	"Other_somatic"	NA	NA	NA	"CL:0002371"	"somatic cell"	"perfect match"	"SN194"	NA	1
"GCGAGAATCTTCCTTC"	""	"ERX6700419"	"ERP132580"	"testis"	"Other_somatic"	NA	NA	NA	"CL:0002371"	"somatic cell"	"perfect match"	"SN194"	NA	1
"GCGCAACAGGATGCGT"	""	"ERX6700419"	"ERP132580"	"testis"	"Early_Round_spermatids"	NA	NA	NA	"CL:4030036"	"early spermatid"	"perfect match"	"SN194"	NA	8
"GCGCAACAGGCCATAG"	""	"ERX6700419"	"ERP132580"	"testis"	"Late_Round_spermatids"	NA	NA	NA	"CL:4030036"	"early spermatid"	"other"	"SN194"	NA	6
"GCGCAACAGTCCCACG"	""	"ERX6700419"	"ERP132580"	"testis"	"Differentiated_Spermatogonia"	NA	NA	NA	"CL:0000020"	"spermatogonium"	"perfect match"	"SN194"	NA	7
"GCGCAACGTCCGACGT"	""	"ERX6700419"	"ERP132580"	"testis"	"Early_Round_spermatids"	NA	NA	NA	"CL:4030036"	"early spermatid"	"perfect match"	"SN194"	NA	8
"GCGCAGTCATGCTGGC"	""	"ERX6700419"	"ERP132580"	"testis"	"Undifferentiated_Spermatogonia"	NA	NA	NA	"CL:0000016"	"male germ line stem cell"	"other"	"SN194"	NA	9
"GCGCAGTTCCGCATAA"	""	"ERX6700419"	"ERP132580"	"testis"	"Leptotene_Spermatocytes"	NA	NA	NA	"CL:0000017"	"spermatocyte"	"missing child term"	"SN194"	NA	11
"GCGCCAAAGCGTCTAT"	""	"ERX6700419"	"ERP132580"	"testis"	"Other_somatic"	NA	NA	NA	"CL:0002371"	"somatic cell"	"perfect match"	"SN194"	NA	1
"GCGCCAAAGGAATTAC"	""	"ERX6700419"	"ERP132580"	"testis"	"Sertoli"	NA	NA	NA	"CL:0000216"	"Sertoli cell"	"perfect match"	"SN194"	NA	3
"GCGCCAAAGTGTACCT"	""	"ERX6700419"	"ERP132580"	"testis"	"Undifferentiated_Spermatogonia"	NA	NA	NA	"CL:0000016"	"male germ line stem cell"	"other"	"SN194"	NA	9
"GCGCCAACACTCTGTC"	""	"ERX6700419"	"ERP132580"	"testis"	"Late_Round_spermatids"	NA	NA	NA	"CL:4030036"	"early spermatid"	"other"	"SN194"	NA	6
"GCGCCAACAGATCGGA"	""	"ERX6700419"	"ERP132580"	"testis"	"Other_somatic"	NA	NA	NA	"CL:0002371"	"somatic cell"	"perfect match"	"SN194"	NA	1
"GCGCCAAGTGACTACT"	""	"ERX6700419"	"ERP132580"	"testis"	"Sertoli"	NA	NA	NA	"CL:0000216"	"Sertoli cell"	"perfect match"	"SN194"	NA	3
"GCGCCAATCAATAAGG"	""	"ERX6700419"	"ERP132580"	"testis"	"Zygotene_Spermatocytes"	NA	NA	NA	"CL:0000017"	"spermatocyte"	"missing child term"	"SN194"	NA	5
"GCGCGATAGATCGGGT"	""	"ERX6700419"	"ERP132580"	"testis"	"Other_somatic"	NA	NA	NA	"CL:0002371"	"somatic cell"	"perfect match"	"SN194"	NA	1
"GCGCGATGTTTGCATG"	""	"ERX6700419"	"ERP132580"	"testis"	"Late_Round_spermatids"	NA	NA	NA	"CL:4030036"	"early spermatid"	"other"	"SN194"	NA	6
"GCGCGATTCCCATTAT"	""	"ERX6700419"	"ERP132580"	"testis"	"Differentiated_Spermatogonia"	NA	NA	NA	"CL:0000020"	"spermatogonium"	"perfect match"	"SN194"	NA	7
"GCGGGTTAGAAACCGC"	""	"ERX6700419"	"ERP132580"	"testis"	"Sertoli"	NA	NA	NA	"CL:0000216"	"Sertoli cell"	"perfect match"	"SN194"	NA	3
"GCGGGTTAGACTACAA"	""	"ERX6700419"	"ERP132580"	"testis"	"Undifferentiated_Spermatogonia"	NA	NA	NA	"CL:0000016"	"male germ line stem cell"	"other"	"SN194"	NA	9
"GCGGGTTAGATAGTCA"	""	"ERX6700419"	"ERP132580"	"testis"	"Undifferentiated_Spermatogonia"	NA	NA	NA	"CL:0000016"	"male germ line stem cell"	"other"	"SN194"	NA	9
"GCGGGTTAGCGTTTAC"	""	"ERX6700419"	"ERP132580"	"testis"	"Differentiated_Spermatogonia"	NA	NA	NA	"CL:0000020"	"spermatogonium"	"perfect match"	"SN194"	NA	7
"GCGGGTTAGGGCTTGA"	""	"ERX6700419"	"ERP132580"	"testis"	"Leptotene_Spermatocytes"	NA	NA	NA	"CL:0000017"	"spermatocyte"	"missing child term"	"SN194"	NA	11
"GCGGGTTCAGTAAGAT"	""	"ERX6700419"	"ERP132580"	"testis"	"Zygotene_Spermatocytes"	NA	NA	NA	"CL:0000017"	"spermatocyte"	"missing child term"	"SN194"	NA	5
"GCGGGTTGTATGCTTG"	""	"ERX6700419"	"ERP132580"	"testis"	"Differentiated_Spermatogonia"	NA	NA	NA	"CL:0000020"	"spermatogonium"	"perfect match"	"SN194"	NA	7
"GCGGGTTTCAAGGTAA"	""	"ERX6700419"	"ERP132580"	"testis"	"Leptotene_Spermatocytes"	NA	NA	NA	"CL:0000017"	"spermatocyte"	"missing child term"	"SN194"	NA	11
"GCGGGTTTCCATTCTA"	""	"ERX6700419"	"ERP132580"	"testis"	"Sertoli"	NA	NA	NA	"CL:0000216"	"Sertoli cell"	"perfect match"	"SN194"	NA	3
"GCGGGTTTCCGCATCT"	""	"ERX6700419"	"ERP132580"	"testis"	"Early_Round_spermatids"	NA	NA	NA	"CL:4030036"	"early spermatid"	"perfect match"	"SN194"	NA	8
"GCTCCTAAGGTACTCT"	""	"ERX6700419"	"ERP132580"	"testis"	"Zygotene_Spermatocytes"	NA	NA	NA	"CL:0000017"	"spermatocyte"	"missing child term"	"SN194"	NA	5
"GCTCCTAAGGTGATAT"	""	"ERX6700419"	"ERP132580"	"testis"	"Late_Round_spermatids"	NA	NA	NA	"CL:4030036"	"early spermatid"	"other"	"SN194"	NA	6
"GCTCCTACAAGGACAC"	""	"ERX6700419"	"ERP132580"	"testis"	"Early_Round_spermatids"	NA	NA	NA	"CL:4030036"	"early spermatid"	"perfect match"	"SN194"	NA	8
"GCTCCTACAGTAGAGC"	""	"ERX6700419"	"ERP132580"	"testis"	"Undifferentiated_Spermatogonia"	NA	NA	NA	"CL:0000016"	"male germ line stem cell"	"other"	"SN194"	NA	9
"GCTCCTACATTGTGCA"	""	"ERX6700419"	"ERP132580"	"testis"	"Sertoli"	NA	NA	NA	"CL:0000216"	"Sertoli cell"	"perfect match"	"SN194"	NA	3
"GCTCCTAGTAACGACG"	""	"ERX6700419"	"ERP132580"	"testis"	"Sertoli"	NA	NA	NA	"CL:0000216"	"Sertoli cell"	"perfect match"	"SN194"	NA	3
"GCTCCTAGTTCATGGT"	""	"ERX6700419"	"ERP132580"	"testis"	"Undifferentiated_Spermatogonia"	NA	NA	NA	"CL:0000016"	"male germ line stem cell"	"other"	"SN194"	NA	9
"GCTCCTATCATGGTCA"	""	"ERX6700419"	"ERP132580"	"testis"	"Other_somatic"	NA	NA	NA	"CL:0002371"	"somatic cell"	"perfect match"	"SN194"	NA	1
"GCTCTGTAGCTAGTGG"	""	"ERX6700419"	"ERP132580"	"testis"	"Elongated_spermatids"	NA	NA	NA	"CL:4030037"	"late spermatid"	"perfect match"	"SN194"	NA	2
"GCTCTGTAGCTCCTCT"	""	"ERX6700419"	"ERP132580"	"testis"	"Leptotene_Spermatocytes"	NA	NA	NA	"CL:0000017"	"spermatocyte"	"missing child term"	"SN194"	NA	11
"GCTCTGTGTCGAATCT"	""	"ERX6700419"	"ERP132580"	"testis"	"Sertoli"	NA	NA	NA	"CL:0000216"	"Sertoli cell"	"perfect match"	"SN194"	NA	3
"GCTCTGTGTCGCTTCT"	""	"ERX6700419"	"ERP132580"	"testis"	"Sertoli"	NA	NA	NA	"CL:0000216"	"Sertoli cell"	"perfect match"	"SN194"	NA	3
"GCTCTGTTCCTTCAAT"	""	"ERX6700419"	"ERP132580"	"testis"	"Early_Round_spermatids"	NA	NA	NA	"CL:4030036"	"early spermatid"	"perfect match"	"SN194"	NA	8
"GCTGCAGAGATCCCGC"	""	"ERX6700419"	"ERP132580"	"testis"	"Late_Round_spermatids"	NA	NA	NA	"CL:4030036"	"early spermatid"	"other"	"SN194"	NA	6
"GCTGCAGAGGAATGGA"	""	"ERX6700419"	"ERP132580"	"testis"	"Sertoli"	NA	NA	NA	"CL:0000216"	"Sertoli cell"	"perfect match"	"SN194"	NA	3
"GCTGCAGCAATAACGA"	""	"ERX6700419"	"ERP132580"	"testis"	"Sertoli"	NA	NA	NA	"CL:0000216"	"Sertoli cell"	"perfect match"	"SN194"	NA	3
"GCTGCAGCACTGTCGG"	""	"ERX6700419"	"ERP132580"	"testis"	"Undifferentiated_Spermatogonia"	NA	NA	NA	"CL:0000016"	"male germ line stem cell"	"other"	"SN194"	NA	9
"GCTGCAGCAGTTCATG"	""	"ERX6700419"	"ERP132580"	"testis"	"Early_Round_spermatids"	NA	NA	NA	"CL:4030036"	"early spermatid"	"perfect match"	"SN194"	NA	8
"GCTGCAGGTACCGCTG"	""	"ERX6700419"	"ERP132580"	"testis"	"Other_somatic"	NA	NA	NA	"CL:0002371"	"somatic cell"	"perfect match"	"SN194"	NA	1
"GCTGCAGTCAAACCGT"	""	"ERX6700419"	"ERP132580"	"testis"	"Sertoli"	NA	NA	NA	"CL:0000216"	"Sertoli cell"	"perfect match"	"SN194"	NA	3
"GCTGCAGTCCTTTACA"	""	"ERX6700419"	"ERP132580"	"testis"	"Pachytene_Spermatocytes"	NA	NA	NA	"CL:0000017"	"spermatocyte"	"missing child term"	"SN194"	NA	4
"GCTGCGAAGCTCCTTC"	""	"ERX6700419"	"ERP132580"	"testis"	"Early_Round_spermatids"	NA	NA	NA	"CL:4030036"	"early spermatid"	"perfect match"	"SN194"	NA	8
"GCTGCGAAGGCAGGTT"	""	"ERX6700419"	"ERP132580"	"testis"	"Undifferentiated_Spermatogonia"	NA	NA	NA	"CL:0000016"	"male germ line stem cell"	"other"	"SN194"	NA	9
"GCTGCGACAATACGCT"	""	"ERX6700419"	"ERP132580"	"testis"	"Sertoli"	NA	NA	NA	"CL:0000216"	"Sertoli cell"	"perfect match"	"SN194"	NA	3
"GCTGCGACATGGTCAT"	""	"ERX6700419"	"ERP132580"	"testis"	"Elongated_spermatids"	NA	NA	NA	"CL:4030037"	"late spermatid"	"perfect match"	"SN194"	NA	2
"GCTGCGAGTTCGTTGA"	""	"ERX6700419"	"ERP132580"	"testis"	"Late_Round_spermatids"	NA	NA	NA	"CL:4030036"	"early spermatid"	"other"	"SN194"	NA	6
"GCTGCTTAGCTGATAA"	""	"ERX6700419"	"ERP132580"	"testis"	"Elongated_spermatids"	NA	NA	NA	"CL:4030037"	"late spermatid"	"perfect match"	"SN194"	NA	2
"GCTGCTTAGGGAACGG"	""	"ERX6700419"	"ERP132580"	"testis"	"Sertoli"	NA	NA	NA	"CL:0000216"	"Sertoli cell"	"perfect match"	"SN194"	NA	3
"GCTGCTTCATATGGTC"	""	"ERX6700419"	"ERP132580"	"testis"	"Differentiated_Spermatogonia"	NA	NA	NA	"CL:0000020"	"spermatogonium"	"perfect match"	"SN194"	NA	7
"GCTGCTTGTATGAATG"	""	"ERX6700419"	"ERP132580"	"testis"	"Early_Round_spermatids"	NA	NA	NA	"CL:4030036"	"early spermatid"	"perfect match"	"SN194"	NA	8
"GCTGCTTGTCTAACGT"	""	"ERX6700419"	"ERP132580"	"testis"	"Other_somatic"	NA	NA	NA	"CL:0002371"	"somatic cell"	"perfect match"	"SN194"	NA	1
"GCTGCTTTCGAGCCCA"	""	"ERX6700419"	"ERP132580"	"testis"	"Other_somatic"	NA	NA	NA	"CL:0002371"	"somatic cell"	"perfect match"	"SN194"	NA	1
"GCTGGGTAGGGTATCG"	""	"ERX6700419"	"ERP132580"	"testis"	"Pachytene_Spermatocytes"	NA	NA	NA	"CL:0000017"	"spermatocyte"	"missing child term"	"SN194"	NA	4
"GCTGGGTCACGAAATA"	""	"ERX6700419"	"ERP132580"	"testis"	"Pachytene_Spermatocytes"	NA	NA	NA	"CL:0000017"	"spermatocyte"	"missing child term"	"SN194"	NA	4
"GCTGGGTCATACAGCT"	""	"ERX6700419"	"ERP132580"	"testis"	"Sertoli"	NA	NA	NA	"CL:0000216"	"Sertoli cell"	"perfect match"	"SN194"	NA	3
"GCTGGGTCATCGATGT"	""	"ERX6700419"	"ERP132580"	"testis"	"Pachytene_Spermatocytes"	NA	NA	NA	"CL:0000017"	"spermatocyte"	"missing child term"	"SN194"	NA	4
"GCTGGGTCATGGATGG"	""	"ERX6700419"	"ERP132580"	"testis"	"Pachytene_Spermatocytes"	NA	NA	NA	"CL:0000017"	"spermatocyte"	"missing child term"	"SN194"	NA	4
"GCTGGGTTCGTTTATC"	""	"ERX6700419"	"ERP132580"	"testis"	"Leptotene_Spermatocytes"	NA	NA	NA	"CL:0000017"	"spermatocyte"	"missing child term"	"SN194"	NA	11
"GCTTCCACACTCAGGC"	""	"ERX6700419"	"ERP132580"	"testis"	"Early_Round_spermatids"	NA	NA	NA	"CL:4030036"	"early spermatid"	"perfect match"	"SN194"	NA	8
"GCTTCCATCATCATTC"	""	"ERX6700419"	"ERP132580"	"testis"	"Late_Round_spermatids"	NA	NA	NA	"CL:4030036"	"early spermatid"	"other"	"SN194"	NA	6
"GCTTCCATCCAAACTG"	""	"ERX6700419"	"ERP132580"	"testis"	"Sertoli"	NA	NA	NA	"CL:0000216"	"Sertoli cell"	"perfect match"	"SN194"	NA	3
"GCTTGAAAGCACCGTC"	""	"ERX6700419"	"ERP132580"	"testis"	"Sertoli"	NA	NA	NA	"CL:0000216"	"Sertoli cell"	"perfect match"	"SN194"	NA	3
"GCTTGAACAGTGGAGT"	""	"ERX6700419"	"ERP132580"	"testis"	"Leptotene_Spermatocytes"	NA	NA	NA	"CL:0000017"	"spermatocyte"	"missing child term"	"SN194"	NA	11
"GCTTGAAGTATGGTTC"	""	"ERX6700419"	"ERP132580"	"testis"	"Sertoli"	NA	NA	NA	"CL:0000216"	"Sertoli cell"	"perfect match"	"SN194"	NA	3
"GCTTGAATCGCCCTTA"	""	"ERX6700419"	"ERP132580"	"testis"	"Sertoli"	NA	NA	NA	"CL:0000216"	"Sertoli cell"	"perfect match"	"SN194"	NA	3
"GCTTGAATCGCCGTGA"	""	"ERX6700419"	"ERP132580"	"testis"	"Other_somatic"	NA	NA	NA	"CL:0002371"	"somatic cell"	"perfect match"	"SN194"	NA	1
"GCTTGAATCGCTTGTC"	""	"ERX6700419"	"ERP132580"	"testis"	"Sertoli"	NA	NA	NA	"CL:0000216"	"Sertoli cell"	"perfect match"	"SN194"	NA	3
"GCTTGAATCGTAGGTT"	""	"ERX6700419"	"ERP132580"	"testis"	"Pachytene_Spermatocytes"	NA	NA	NA	"CL:0000017"	"spermatocyte"	"missing child term"	"SN194"	NA	4
"GCTTGAATCGTCCAGG"	""	"ERX6700419"	"ERP132580"	"testis"	"Other_somatic"	NA	NA	NA	"CL:0002371"	"somatic cell"	"perfect match"	"SN194"	NA	1
"GCTTGAATCTTTAGGG"	""	"ERX6700419"	"ERP132580"	"testis"	"Differentiated_Spermatogonia"	NA	NA	NA	"CL:0000020"	"spermatogonium"	"perfect match"	"SN194"	NA	7
"GGAAAGCAGATGTCGG"	""	"ERX6700419"	"ERP132580"	"testis"	"Undifferentiated_Spermatogonia"	NA	NA	NA	"CL:0000016"	"male germ line stem cell"	"other"	"SN194"	NA	9
"GGAAAGCAGGCAGGTT"	""	"ERX6700419"	"ERP132580"	"testis"	"Pachytene_Spermatocytes"	NA	NA	NA	"CL:0000017"	"spermatocyte"	"missing child term"	"SN194"	NA	4
"GGAAAGCCAGTTCATG"	""	"ERX6700419"	"ERP132580"	"testis"	"Pachytene_Spermatocytes"	NA	NA	NA	"CL:0000017"	"spermatocyte"	"missing child term"	"SN194"	NA	4
"GGAAAGCGTCCGAACC"	""	"ERX6700419"	"ERP132580"	"testis"	"Sertoli"	NA	NA	NA	"CL:0000216"	"Sertoli cell"	"perfect match"	"SN194"	NA	3
"GGAAAGCTCATCGGAT"	""	"ERX6700419"	"ERP132580"	"testis"	"Early_Round_spermatids"	NA	NA	NA	"CL:4030036"	"early spermatid"	"perfect match"	"SN194"	NA	8
"GGAAAGCTCTTCGGTC"	""	"ERX6700419"	"ERP132580"	"testis"	"Pachytene_Spermatocytes"	NA	NA	NA	"CL:0000017"	"spermatocyte"	"missing child term"	"SN194"	NA	4
"GGAACTTAGAGTACAT"	""	"ERX6700419"	"ERP132580"	"testis"	"Sertoli"	NA	NA	NA	"CL:0000216"	"Sertoli cell"	"perfect match"	"SN194"	NA	3
"GGAACTTCAGTAAGAT"	""	"ERX6700419"	"ERP132580"	"testis"	"Pachytene_Spermatocytes"	NA	NA	NA	"CL:0000017"	"spermatocyte"	"missing child term"	"SN194"	NA	4
"GGAACTTGTAACGTTC"	""	"ERX6700419"	"ERP132580"	"testis"	"Pachytene_Spermatocytes"	NA	NA	NA	"CL:0000017"	"spermatocyte"	"missing child term"	"SN194"	NA	4
"GGAACTTGTTGCGCAC"	""	"ERX6700419"	"ERP132580"	"testis"	"Zygotene_Spermatocytes"	NA	NA	NA	"CL:0000017"	"spermatocyte"	"missing child term"	"SN194"	NA	5
"GGAACTTTCAAACGGG"	""	"ERX6700419"	"ERP132580"	"testis"	"Zygotene_Spermatocytes"	NA	NA	NA	"CL:0000017"	"spermatocyte"	"missing child term"	"SN194"	NA	5
"GGAACTTTCCCAAGAT"	""	"ERX6700419"	"ERP132580"	"testis"	"Undifferentiated_Spermatogonia"	NA	NA	NA	"CL:0000016"	"male germ line stem cell"	"other"	"SN194"	NA	9
"GGAACTTTCGCACTCT"	""	"ERX6700419"	"ERP132580"	"testis"	"Early_Round_spermatids"	NA	NA	NA	"CL:4030036"	"early spermatid"	"perfect match"	"SN194"	NA	8
"GGAATAACACCACGTG"	""	"ERX6700419"	"ERP132580"	"testis"	"Differentiated_Spermatogonia"	NA	NA	NA	"CL:0000020"	"spermatogonium"	"perfect match"	"SN194"	NA	7
"GGAATAACATAACCTG"	""	"ERX6700419"	"ERP132580"	"testis"	"Other_somatic"	NA	NA	NA	"CL:0002371"	"somatic cell"	"perfect match"	"SN194"	NA	1
"GGAATAAGTGAGCGAT"	""	"ERX6700419"	"ERP132580"	"testis"	"Late_Round_spermatids"	NA	NA	NA	"CL:4030036"	"early spermatid"	"other"	"SN194"	NA	6
"GGAATAATCTCACATT"	""	"ERX6700419"	"ERP132580"	"testis"	"Other_somatic"	NA	NA	NA	"CL:0002371"	"somatic cell"	"perfect match"	"SN194"	NA	1
"GGAATAATCTCGCTTG"	""	"ERX6700419"	"ERP132580"	"testis"	"Leptotene_Spermatocytes"	NA	NA	NA	"CL:0000017"	"spermatocyte"	"missing child term"	"SN194"	NA	11
"GGAATAATCTTACCTA"	""	"ERX6700419"	"ERP132580"	"testis"	"Sertoli"	NA	NA	NA	"CL:0000216"	"Sertoli cell"	"perfect match"	"SN194"	NA	3
"GGACAAGAGACGCAAC"	""	"ERX6700419"	"ERP132580"	"testis"	"Sertoli"	NA	NA	NA	"CL:0000216"	"Sertoli cell"	"perfect match"	"SN194"	NA	3
"GGACAAGCAACGATGG"	""	"ERX6700419"	"ERP132580"	"testis"	"Sertoli"	NA	NA	NA	"CL:0000216"	"Sertoli cell"	"perfect match"	"SN194"	NA	3
"GGACAAGCAAGTCTAC"	""	"ERX6700419"	"ERP132580"	"testis"	"Pachytene_Spermatocytes"	NA	NA	NA	"CL:0000017"	"spermatocyte"	"missing child term"	"SN194"	NA	4
"GGACAAGCATATGCTG"	""	"ERX6700419"	"ERP132580"	"testis"	"Leptotene_Spermatocytes"	NA	NA	NA	"CL:0000017"	"spermatocyte"	"missing child term"	"SN194"	NA	11
"GGACAAGGTGAACCTT"	""	"ERX6700419"	"ERP132580"	"testis"	"Late_Round_spermatids"	NA	NA	NA	"CL:4030036"	"early spermatid"	"other"	"SN194"	NA	6
"GGACAAGTCGAATGCT"	""	"ERX6700419"	"ERP132580"	"testis"	"Late_Round_spermatids"	NA	NA	NA	"CL:4030036"	"early spermatid"	"other"	"SN194"	NA	6
"GGACAAGTCGTGGACC"	""	"ERX6700419"	"ERP132580"	"testis"	"Other_somatic"	NA	NA	NA	"CL:0002371"	"somatic cell"	"perfect match"	"SN194"	NA	1
"GGACAGACAAACCCAT"	""	"ERX6700419"	"ERP132580"	"testis"	"Late_Round_spermatids"	NA	NA	NA	"CL:4030036"	"early spermatid"	"other"	"SN194"	NA	6
"GGACAGACAAGTTCTG"	""	"ERX6700419"	"ERP132580"	"testis"	"Elongated_spermatids"	NA	NA	NA	"CL:4030037"	"late spermatid"	"perfect match"	"SN194"	NA	2
"GGACAGACACCCAGTG"	""	"ERX6700419"	"ERP132580"	"testis"	"Late_Round_spermatids"	NA	NA	NA	"CL:4030036"	"early spermatid"	"other"	"SN194"	NA	6
"GGACAGACAGACTCGC"	""	"ERX6700419"	"ERP132580"	"testis"	"Early_Round_spermatids"	NA	NA	NA	"CL:4030036"	"early spermatid"	"perfect match"	"SN194"	NA	8
"GGACAGAGTCATACTG"	""	"ERX6700419"	"ERP132580"	"testis"	"Elongated_spermatids"	NA	NA	NA	"CL:4030037"	"late spermatid"	"perfect match"	"SN194"	NA	2
"GGACAGAGTCGGCACT"	""	"ERX6700419"	"ERP132580"	"testis"	"Late_Round_spermatids"	NA	NA	NA	"CL:4030036"	"early spermatid"	"other"	"SN194"	NA	6
"GGACAGAGTTGTACAC"	""	"ERX6700419"	"ERP132580"	"testis"	"Early_Round_spermatids"	NA	NA	NA	"CL:4030036"	"early spermatid"	"perfect match"	"SN194"	NA	8
"GGACAGATCATGCAAC"	""	"ERX6700419"	"ERP132580"	"testis"	"Other_somatic"	NA	NA	NA	"CL:0002371"	"somatic cell"	"perfect match"	"SN194"	NA	1
"GGACAGATCCGCATCT"	""	"ERX6700419"	"ERP132580"	"testis"	"Leptotene_Spermatocytes"	NA	NA	NA	"CL:0000017"	"spermatocyte"	"missing child term"	"SN194"	NA	11
"GGACATTAGATCTGCT"	""	"ERX6700419"	"ERP132580"	"testis"	"Leptotene_Spermatocytes"	NA	NA	NA	"CL:0000017"	"spermatocyte"	"missing child term"	"SN194"	NA	11
"GGACATTAGGTGTTAA"	""	"ERX6700419"	"ERP132580"	"testis"	"Undifferentiated_Spermatogonia"	NA	NA	NA	"CL:0000016"	"male germ line stem cell"	"other"	"SN194"	NA	9
"GGACATTCACAACGTT"	""	"ERX6700419"	"ERP132580"	"testis"	"Other_somatic"	NA	NA	NA	"CL:0002371"	"somatic cell"	"perfect match"	"SN194"	NA	1
"GGACATTCACACAGAG"	""	"ERX6700419"	"ERP132580"	"testis"	"Late_Round_spermatids"	NA	NA	NA	"CL:4030036"	"early spermatid"	"other"	"SN194"	NA	6
"GGACATTCACGAAAGC"	""	"ERX6700419"	"ERP132580"	"testis"	"Sertoli"	NA	NA	NA	"CL:0000216"	"Sertoli cell"	"perfect match"	"SN194"	NA	3
"GGACATTGTTAGGGTG"	""	"ERX6700419"	"ERP132580"	"testis"	"Undifferentiated_Spermatogonia"	NA	NA	NA	"CL:0000016"	"male germ line stem cell"	"other"	"SN194"	NA	9
"GGACATTTCTGTTGAG"	""	"ERX6700419"	"ERP132580"	"testis"	"Sertoli"	NA	NA	NA	"CL:0000216"	"Sertoli cell"	"perfect match"	"SN194"	NA	3
"GGACGTCAGAGACTAT"	""	"ERX6700419"	"ERP132580"	"testis"	"Sertoli"	NA	NA	NA	"CL:0000216"	"Sertoli cell"	"perfect match"	"SN194"	NA	3
"GGACGTCAGCGGATCA"	""	"ERX6700419"	"ERP132580"	"testis"	"Differentiated_Spermatogonia"	NA	NA	NA	"CL:0000020"	"spermatogonium"	"perfect match"	"SN194"	NA	7
"GGACGTCAGGGCATGT"	""	"ERX6700419"	"ERP132580"	"testis"	"Leptotene_Spermatocytes"	NA	NA	NA	"CL:0000017"	"spermatocyte"	"missing child term"	"SN194"	NA	11
"GGACGTCCAACTGCGC"	""	"ERX6700419"	"ERP132580"	"testis"	"Undifferentiated_Spermatogonia"	NA	NA	NA	"CL:0000016"	"male germ line stem cell"	"other"	"SN194"	NA	9
"GGACGTCCACATTCGA"	""	"ERX6700419"	"ERP132580"	"testis"	"Other_somatic"	NA	NA	NA	"CL:0002371"	"somatic cell"	"perfect match"	"SN194"	NA	1
"GGACGTCCACGTCAGC"	""	"ERX6700419"	"ERP132580"	"testis"	"Sertoli"	NA	NA	NA	"CL:0000216"	"Sertoli cell"	"perfect match"	"SN194"	NA	3
"GGACGTCCACGTGAGA"	""	"ERX6700419"	"ERP132580"	"testis"	"Zygotene_Spermatocytes"	NA	NA	NA	"CL:0000017"	"spermatocyte"	"missing child term"	"SN194"	NA	5
"GGACGTCCAGCGTTCG"	""	"ERX6700419"	"ERP132580"	"testis"	"Leptotene_Spermatocytes"	NA	NA	NA	"CL:0000017"	"spermatocyte"	"missing child term"	"SN194"	NA	11
"GGACGTCGTTCAGGCC"	""	"ERX6700419"	"ERP132580"	"testis"	"Leptotene_Spermatocytes"	NA	NA	NA	"CL:0000017"	"spermatocyte"	"missing child term"	"SN194"	NA	11
"GGACGTCTCCAACCAA"	""	"ERX6700419"	"ERP132580"	"testis"	"Sertoli"	NA	NA	NA	"CL:0000216"	"Sertoli cell"	"perfect match"	"SN194"	NA	3
"GGAGCAAAGATCTGCT"	""	"ERX6700419"	"ERP132580"	"testis"	"Sertoli"	NA	NA	NA	"CL:0000216"	"Sertoli cell"	"perfect match"	"SN194"	NA	3
"GGAGCAAAGTACATGA"	""	"ERX6700419"	"ERP132580"	"testis"	""	NA	NA	NA	"CL:0000000"	"cell"	"other"	"SN194"	NA	10
"GGAGCAACAATACGCT"	""	"ERX6700419"	"ERP132580"	"testis"	"Late_Round_spermatids"	NA	NA	NA	"CL:4030036"	"early spermatid"	"other"	"SN194"	NA	6
"GGAGCAAGTGGTACAG"	""	"ERX6700419"	"ERP132580"	"testis"	"Early_Round_spermatids"	NA	NA	NA	"CL:4030036"	"early spermatid"	"perfect match"	"SN194"	NA	8
"GGAGCAATCATAACCG"	""	"ERX6700419"	"ERP132580"	"testis"	"Other_somatic"	NA	NA	NA	"CL:0002371"	"somatic cell"	"perfect match"	"SN194"	NA	1
"GGAGCAATCTAACTTC"	""	"ERX6700419"	"ERP132580"	"testis"	"Sertoli"	NA	NA	NA	"CL:0000216"	"Sertoli cell"	"perfect match"	"SN194"	NA	3
"GGAGCAATCTAAGCCA"	""	"ERX6700419"	"ERP132580"	"testis"	"Other_somatic"	NA	NA	NA	"CL:0002371"	"somatic cell"	"perfect match"	"SN194"	NA	1
"GGATGTTAGGCAAAGA"	""	"ERX6700419"	"ERP132580"	"testis"	"Early_Round_spermatids"	NA	NA	NA	"CL:4030036"	"early spermatid"	"perfect match"	"SN194"	NA	8
"GGATGTTCAGCGTTCG"	""	"ERX6700419"	"ERP132580"	"testis"	"Undifferentiated_Spermatogonia"	NA	NA	NA	"CL:0000016"	"male germ line stem cell"	"other"	"SN194"	NA	9
"GGATGTTCATCAGTAC"	""	"ERX6700419"	"ERP132580"	"testis"	"Undifferentiated_Spermatogonia"	NA	NA	NA	"CL:0000016"	"male germ line stem cell"	"other"	"SN194"	NA	9
"GGATGTTGTGTCCTCT"	""	"ERX6700419"	"ERP132580"	"testis"	"Early_Round_spermatids"	NA	NA	NA	"CL:4030036"	"early spermatid"	"perfect match"	"SN194"	NA	8
"GGATGTTTCGATCCCT"	""	"ERX6700419"	"ERP132580"	"testis"	"Early_Round_spermatids"	NA	NA	NA	"CL:4030036"	"early spermatid"	"perfect match"	"SN194"	NA	8
"GGATGTTTCGCATGGC"	""	"ERX6700419"	"ERP132580"	"testis"	"Sertoli"	NA	NA	NA	"CL:0000216"	"Sertoli cell"	"perfect match"	"SN194"	NA	3
"GGATGTTTCTTGACGA"	""	"ERX6700419"	"ERP132580"	"testis"	"Late_Round_spermatids"	NA	NA	NA	"CL:4030036"	"early spermatid"	"other"	"SN194"	NA	6
"GGATTACAGGAGTAGA"	""	"ERX6700419"	"ERP132580"	"testis"	"Undifferentiated_Spermatogonia"	NA	NA	NA	"CL:0000016"	"male germ line stem cell"	"other"	"SN194"	NA	9
"GGATTACAGGGATGGG"	""	"ERX6700419"	"ERP132580"	"testis"	"Elongated_spermatids"	NA	NA	NA	"CL:4030037"	"late spermatid"	"perfect match"	"SN194"	NA	2
"GGATTACAGTGTTAGA"	""	"ERX6700419"	"ERP132580"	"testis"	"Sertoli"	NA	NA	NA	"CL:0000216"	"Sertoli cell"	"perfect match"	"SN194"	NA	3
"GGATTACCAAGGACAC"	""	"ERX6700419"	"ERP132580"	"testis"	"Pachytene_Spermatocytes"	NA	NA	NA	"CL:0000017"	"spermatocyte"	"missing child term"	"SN194"	NA	4
"GGATTACCAGCCACCA"	""	"ERX6700419"	"ERP132580"	"testis"	"Other_somatic"	NA	NA	NA	"CL:0002371"	"somatic cell"	"perfect match"	"SN194"	NA	1
"GGATTACTCAAGGCTT"	""	"ERX6700419"	"ERP132580"	"testis"	"Early_Round_spermatids"	NA	NA	NA	"CL:4030036"	"early spermatid"	"perfect match"	"SN194"	NA	8
"GGCAATTCAAGGCTCC"	""	"ERX6700419"	"ERP132580"	"testis"	"Sertoli"	NA	NA	NA	"CL:0000216"	"Sertoli cell"	"perfect match"	"SN194"	NA	3
"GGCAATTCACCTCGTT"	""	"ERX6700419"	"ERP132580"	"testis"	"Leptotene_Spermatocytes"	NA	NA	NA	"CL:0000017"	"spermatocyte"	"missing child term"	"SN194"	NA	11
"GGCAATTCAGGGTATG"	""	"ERX6700419"	"ERP132580"	"testis"	"Other_somatic"	NA	NA	NA	"CL:0002371"	"somatic cell"	"perfect match"	"SN194"	NA	1
"GGCAATTTCACCGGGT"	""	"ERX6700419"	"ERP132580"	"testis"	"Leptotene_Spermatocytes"	NA	NA	NA	"CL:0000017"	"spermatocyte"	"missing child term"	"SN194"	NA	11
"GGCAATTTCGGTTCGG"	""	"ERX6700419"	"ERP132580"	"testis"	"Zygotene_Spermatocytes"	NA	NA	NA	"CL:0000017"	"spermatocyte"	"missing child term"	"SN194"	NA	5
"GGCCGATAGATGAGAG"	""	"ERX6700419"	"ERP132580"	"testis"	"Other_somatic"	NA	NA	NA	"CL:0002371"	"somatic cell"	"perfect match"	"SN194"	NA	1
"GGCCGATAGCTAGTCT"	""	"ERX6700419"	"ERP132580"	"testis"	"Early_Round_spermatids"	NA	NA	NA	"CL:4030036"	"early spermatid"	"perfect match"	"SN194"	NA	8
"GGCCGATCAAGCGATG"	""	"ERX6700419"	"ERP132580"	"testis"	"Undifferentiated_Spermatogonia"	NA	NA	NA	"CL:0000016"	"male germ line stem cell"	"other"	"SN194"	NA	9
"GGCCGATCAGCTATTG"	""	"ERX6700419"	"ERP132580"	"testis"	"Leptotene_Spermatocytes"	NA	NA	NA	"CL:0000017"	"spermatocyte"	"missing child term"	"SN194"	NA	11
"GGCCGATCATACGCCG"	""	"ERX6700419"	"ERP132580"	"testis"	"Zygotene_Spermatocytes"	NA	NA	NA	"CL:0000017"	"spermatocyte"	"missing child term"	"SN194"	NA	5
"GGCCGATGTTACGCGC"	""	"ERX6700419"	"ERP132580"	"testis"	"Other_somatic"	NA	NA	NA	"CL:0002371"	"somatic cell"	"perfect match"	"SN194"	NA	1
"GGCCGATGTTGACGTT"	""	"ERX6700419"	"ERP132580"	"testis"	"Other_somatic"	NA	NA	NA	"CL:0002371"	"somatic cell"	"perfect match"	"SN194"	NA	1
"GGCCGATTCAGGTTCA"	""	"ERX6700419"	"ERP132580"	"testis"	"Elongated_spermatids"	NA	NA	NA	"CL:4030037"	"late spermatid"	"perfect match"	"SN194"	NA	2
"GGCGACTAGAAGCCCA"	""	"ERX6700419"	"ERP132580"	"testis"	"Undifferentiated_Spermatogonia"	NA	NA	NA	"CL:0000016"	"male germ line stem cell"	"other"	"SN194"	NA	9
"GGCGACTAGCCCAATT"	""	"ERX6700419"	"ERP132580"	"testis"	"Elongated_spermatids"	NA	NA	NA	"CL:4030037"	"late spermatid"	"perfect match"	"SN194"	NA	2
"GGCGACTAGCGTTTAC"	""	"ERX6700419"	"ERP132580"	"testis"	"Elongated_spermatids"	NA	NA	NA	"CL:4030037"	"late spermatid"	"perfect match"	"SN194"	NA	2
"GGCGACTAGGCGACAT"	""	"ERX6700419"	"ERP132580"	"testis"	"Pachytene_Spermatocytes"	NA	NA	NA	"CL:0000017"	"spermatocyte"	"missing child term"	"SN194"	NA	4
"GGCGACTAGGTGCAAC"	""	"ERX6700419"	"ERP132580"	"testis"	"Late_Round_spermatids"	NA	NA	NA	"CL:4030036"	"early spermatid"	"other"	"SN194"	NA	6
"GGCGACTGTAGTAGTA"	""	"ERX6700419"	"ERP132580"	"testis"	"Other_somatic"	NA	NA	NA	"CL:0002371"	"somatic cell"	"perfect match"	"SN194"	NA	1
"GGCGACTGTTAAGTAG"	""	"ERX6700419"	"ERP132580"	"testis"	"Pachytene_Spermatocytes"	NA	NA	NA	"CL:0000017"	"spermatocyte"	"missing child term"	"SN194"	NA	4
"GGCTCGAAGAACTGTA"	""	"ERX6700419"	"ERP132580"	"testis"	"Late_Round_spermatids"	NA	NA	NA	"CL:4030036"	"early spermatid"	"other"	"SN194"	NA	6
"GGCTCGAAGAATCTCC"	""	"ERX6700419"	"ERP132580"	"testis"	"Leptotene_Spermatocytes"	NA	NA	NA	"CL:0000017"	"spermatocyte"	"missing child term"	"SN194"	NA	11
"GGCTCGAAGCTAAGAT"	""	"ERX6700419"	"ERP132580"	"testis"	"Late_Round_spermatids"	NA	NA	NA	"CL:4030036"	"early spermatid"	"other"	"SN194"	NA	6
"GGCTCGAGTAGGGTAC"	""	"ERX6700419"	"ERP132580"	"testis"	"Late_Round_spermatids"	NA	NA	NA	"CL:4030036"	"early spermatid"	"other"	"SN194"	NA	6
"GGCTCGAGTTGAACTC"	""	"ERX6700419"	"ERP132580"	"testis"	"Late_Round_spermatids"	NA	NA	NA	"CL:4030036"	"early spermatid"	"other"	"SN194"	NA	6
"GGCTCGATCACAAACC"	""	"ERX6700419"	"ERP132580"	"testis"	"Sertoli"	NA	NA	NA	"CL:0000216"	"Sertoli cell"	"perfect match"	"SN194"	NA	3
"GGCTCGATCCGAACGC"	""	"ERX6700419"	"ERP132580"	"testis"	"Early_Round_spermatids"	NA	NA	NA	"CL:4030036"	"early spermatid"	"perfect match"	"SN194"	NA	8
"GGCTCGATCTAGCACA"	""	"ERX6700419"	"ERP132580"	"testis"	"Sertoli"	NA	NA	NA	"CL:0000216"	"Sertoli cell"	"perfect match"	"SN194"	NA	3
"GGCTGGTAGAAGGCCT"	""	"ERX6700419"	"ERP132580"	"testis"	"Other_somatic"	NA	NA	NA	"CL:0002371"	"somatic cell"	"perfect match"	"SN194"	NA	1
"GGCTGGTAGATCCGAG"	""	"ERX6700419"	"ERP132580"	"testis"	"Zygotene_Spermatocytes"	NA	NA	NA	"CL:0000017"	"spermatocyte"	"missing child term"	"SN194"	NA	5
"GGCTGGTAGCTGCAAG"	""	"ERX6700419"	"ERP132580"	"testis"	"Leptotene_Spermatocytes"	NA	NA	NA	"CL:0000017"	"spermatocyte"	"missing child term"	"SN194"	NA	11
"GGCTGGTAGGACTGGT"	""	"ERX6700419"	"ERP132580"	"testis"	"Sertoli"	NA	NA	NA	"CL:0000216"	"Sertoli cell"	"perfect match"	"SN194"	NA	3
"GGCTGGTCATGGGAAC"	""	"ERX6700419"	"ERP132580"	"testis"	"Undifferentiated_Spermatogonia"	NA	NA	NA	"CL:0000016"	"male germ line stem cell"	"other"	"SN194"	NA	9
"GGCTGGTGTCGAGATG"	""	"ERX6700419"	"ERP132580"	"testis"	"Leptotene_Spermatocytes"	NA	NA	NA	"CL:0000017"	"spermatocyte"	"missing child term"	"SN194"	NA	11
"GGCTGGTGTGAGTGAC"	""	"ERX6700419"	"ERP132580"	"testis"	"Early_Round_spermatids"	NA	NA	NA	"CL:4030036"	"early spermatid"	"perfect match"	"SN194"	NA	8
"GGCTGGTGTGTGTGCC"	""	"ERX6700419"	"ERP132580"	"testis"	"Differentiated_Spermatogonia"	NA	NA	NA	"CL:0000020"	"spermatogonium"	"perfect match"	"SN194"	NA	7
"GGCTGGTGTTTCGCTC"	""	"ERX6700419"	"ERP132580"	"testis"	"Undifferentiated_Spermatogonia"	NA	NA	NA	"CL:0000016"	"male germ line stem cell"	"other"	"SN194"	NA	9
"GGGAATGAGATGCCTT"	""	"ERX6700419"	"ERP132580"	"testis"	"Other_somatic"	NA	NA	NA	"CL:0002371"	"somatic cell"	"perfect match"	"SN194"	NA	1
"GGGAATGAGGTGTGGT"	""	"ERX6700419"	"ERP132580"	"testis"	"Zygotene_Spermatocytes"	NA	NA	NA	"CL:0000017"	"spermatocyte"	"missing child term"	"SN194"	NA	5
"GGGAATGAGTAGGTGC"	""	"ERX6700419"	"ERP132580"	"testis"	"Sertoli"	NA	NA	NA	"CL:0000216"	"Sertoli cell"	"perfect match"	"SN194"	NA	3
"GGGAATGCAATCCGAT"	""	"ERX6700419"	"ERP132580"	"testis"	"Elongated_spermatids"	NA	NA	NA	"CL:4030037"	"late spermatid"	"perfect match"	"SN194"	NA	2
"GGGAATGCATCCGCGA"	""	"ERX6700419"	"ERP132580"	"testis"	"Other_somatic"	NA	NA	NA	"CL:0002371"	"somatic cell"	"perfect match"	"SN194"	NA	1
"GGGAATGGTAAGGGAA"	""	"ERX6700419"	"ERP132580"	"testis"	"Zygotene_Spermatocytes"	NA	NA	NA	"CL:0000017"	"spermatocyte"	"missing child term"	"SN194"	NA	5
"GGGAATGGTACCGTTA"	""	"ERX6700419"	"ERP132580"	"testis"	"Sertoli"	NA	NA	NA	"CL:0000216"	"Sertoli cell"	"perfect match"	"SN194"	NA	3
"GGGAATGGTCGCTTTC"	""	"ERX6700419"	"ERP132580"	"testis"	"Leptotene_Spermatocytes"	NA	NA	NA	"CL:0000017"	"spermatocyte"	"missing child term"	"SN194"	NA	11
"GGGACCTAGCTAACAA"	""	"ERX6700419"	"ERP132580"	"testis"	"Sertoli"	NA	NA	NA	"CL:0000216"	"Sertoli cell"	"perfect match"	"SN194"	NA	3
"GGGACCTAGCTCTCGG"	""	"ERX6700419"	"ERP132580"	"testis"	"Other_somatic"	NA	NA	NA	"CL:0002371"	"somatic cell"	"perfect match"	"SN194"	NA	1
"GGGACCTAGTGTTGAA"	""	"ERX6700419"	"ERP132580"	"testis"	"Early_Round_spermatids"	NA	NA	NA	"CL:4030036"	"early spermatid"	"perfect match"	"SN194"	NA	8
"GGGACCTCACGAGGTA"	""	"ERX6700419"	"ERP132580"	"testis"	"Early_Round_spermatids"	NA	NA	NA	"CL:4030036"	"early spermatid"	"perfect match"	"SN194"	NA	8
"GGGACCTCAGGAATGC"	""	"ERX6700419"	"ERP132580"	"testis"	"Pachytene_Spermatocytes"	NA	NA	NA	"CL:0000017"	"spermatocyte"	"missing child term"	"SN194"	NA	4
"GGGACCTGTTCCATGA"	""	"ERX6700419"	"ERP132580"	"testis"	"Zygotene_Spermatocytes"	NA	NA	NA	"CL:0000017"	"spermatocyte"	"missing child term"	"SN194"	NA	5
"GGGACCTTCAAGAAGT"	""	"ERX6700419"	"ERP132580"	"testis"	"Other_somatic"	NA	NA	NA	"CL:0002371"	"somatic cell"	"perfect match"	"SN194"	NA	1
"GGGAGATAGAGACGAA"	""	"ERX6700419"	"ERP132580"	"testis"	"Elongated_spermatids"	NA	NA	NA	"CL:4030037"	"late spermatid"	"perfect match"	"SN194"	NA	2
"GGGAGATAGCCAACAG"	""	"ERX6700419"	"ERP132580"	"testis"	"Sertoli"	NA	NA	NA	"CL:0000216"	"Sertoli cell"	"perfect match"	"SN194"	NA	3
"GGGAGATAGGTAGCTG"	""	"ERX6700419"	"ERP132580"	"testis"	"Elongated_spermatids"	NA	NA	NA	"CL:4030037"	"late spermatid"	"perfect match"	"SN194"	NA	2
"GGGAGATAGTACACCT"	""	"ERX6700419"	"ERP132580"	"testis"	"Leptotene_Spermatocytes"	NA	NA	NA	"CL:0000017"	"spermatocyte"	"missing child term"	"SN194"	NA	11
"GGGAGATCAAGAAAGG"	""	"ERX6700419"	"ERP132580"	"testis"	"Sertoli"	NA	NA	NA	"CL:0000216"	"Sertoli cell"	"perfect match"	"SN194"	NA	3
"GGGAGATCAGTGGGAT"	""	"ERX6700419"	"ERP132580"	"testis"	"Zygotene_Spermatocytes"	NA	NA	NA	"CL:0000017"	"spermatocyte"	"missing child term"	"SN194"	NA	5
"GGGAGATGTGCAACGA"	""	"ERX6700419"	"ERP132580"	"testis"	"Late_Round_spermatids"	NA	NA	NA	"CL:4030036"	"early spermatid"	"other"	"SN194"	NA	6
"GGGAGATTCGGAAACG"	""	"ERX6700419"	"ERP132580"	"testis"	"Early_Round_spermatids"	NA	NA	NA	"CL:4030036"	"early spermatid"	"perfect match"	"SN194"	NA	8
"GGGATGAAGGCTAGGT"	""	"ERX6700419"	"ERP132580"	"testis"	"Other_somatic"	NA	NA	NA	"CL:0002371"	"somatic cell"	"perfect match"	"SN194"	NA	1
"GGGATGACAAACCCAT"	""	"ERX6700419"	"ERP132580"	"testis"	"Undifferentiated_Spermatogonia"	NA	NA	NA	"CL:0000016"	"male germ line stem cell"	"other"	"SN194"	NA	9
"GGGATGACAAAGTCAA"	""	"ERX6700419"	"ERP132580"	"testis"	"Early_Round_spermatids"	NA	NA	NA	"CL:4030036"	"early spermatid"	"perfect match"	"SN194"	NA	8
"GGGATGACAGGAATCG"	""	"ERX6700419"	"ERP132580"	"testis"	"Other_somatic"	NA	NA	NA	"CL:0002371"	"somatic cell"	"perfect match"	"SN194"	NA	1
"GGGATGACATTCCTGC"	""	"ERX6700419"	"ERP132580"	"testis"	"Pachytene_Spermatocytes"	NA	NA	NA	"CL:0000017"	"spermatocyte"	"missing child term"	"SN194"	NA	4
"GGGATGAGTCTAAACC"	""	"ERX6700419"	"ERP132580"	"testis"	"Late_Round_spermatids"	NA	NA	NA	"CL:4030036"	"early spermatid"	"other"	"SN194"	NA	6
"GGGATGATCTTTAGTC"	""	"ERX6700419"	"ERP132580"	"testis"	"Late_Round_spermatids"	NA	NA	NA	"CL:4030036"	"early spermatid"	"other"	"SN194"	NA	6
"GGGCACTAGGAGTTGC"	""	"ERX6700419"	"ERP132580"	"testis"	"Pachytene_Spermatocytes"	NA	NA	NA	"CL:0000017"	"spermatocyte"	"missing child term"	"SN194"	NA	4
"GGGCACTCATCTATGG"	""	"ERX6700419"	"ERP132580"	"testis"	"Zygotene_Spermatocytes"	NA	NA	NA	"CL:0000017"	"spermatocyte"	"missing child term"	"SN194"	NA	5
"GGGCACTGTAAGGGCT"	""	"ERX6700419"	"ERP132580"	"testis"	"Zygotene_Spermatocytes"	NA	NA	NA	"CL:0000017"	"spermatocyte"	"missing child term"	"SN194"	NA	5
"GGGCACTTCTTGCATT"	""	"ERX6700419"	"ERP132580"	"testis"	"Pachytene_Spermatocytes"	NA	NA	NA	"CL:0000017"	"spermatocyte"	"missing child term"	"SN194"	NA	4
"GGGCATCAGAGTCTGG"	""	"ERX6700419"	"ERP132580"	"testis"	"Sertoli"	NA	NA	NA	"CL:0000216"	"Sertoli cell"	"perfect match"	"SN194"	NA	3
"GGGCATCAGTGGCACA"	""	"ERX6700419"	"ERP132580"	"testis"	"Undifferentiated_Spermatogonia"	NA	NA	NA	"CL:0000016"	"male germ line stem cell"	"other"	"SN194"	NA	9
"GGGCATCCACTGAAGG"	""	"ERX6700419"	"ERP132580"	"testis"	"Undifferentiated_Spermatogonia"	NA	NA	NA	"CL:0000016"	"male germ line stem cell"	"other"	"SN194"	NA	9
"GGGCATCCATTGCGGC"	""	"ERX6700419"	"ERP132580"	"testis"	"Sertoli"	NA	NA	NA	"CL:0000216"	"Sertoli cell"	"perfect match"	"SN194"	NA	3
"GGGCATCGTACCCAAT"	""	"ERX6700419"	"ERP132580"	"testis"	"Leptotene_Spermatocytes"	NA	NA	NA	"CL:0000017"	"spermatocyte"	"missing child term"	"SN194"	NA	11
"GGGCATCGTCATGCAT"	""	"ERX6700419"	"ERP132580"	"testis"	"Sertoli"	NA	NA	NA	"CL:0000216"	"Sertoli cell"	"perfect match"	"SN194"	NA	3
"GGGTCTGAGCCACTAT"	""	"ERX6700419"	"ERP132580"	"testis"	"Late_Round_spermatids"	NA	NA	NA	"CL:4030036"	"early spermatid"	"other"	"SN194"	NA	6
"GGGTCTGAGTGGAGAA"	""	"ERX6700419"	"ERP132580"	"testis"	"Zygotene_Spermatocytes"	NA	NA	NA	"CL:0000017"	"spermatocyte"	"missing child term"	"SN194"	NA	5
"GGGTCTGCAATAGCAA"	""	"ERX6700419"	"ERP132580"	"testis"	"Sertoli"	NA	NA	NA	"CL:0000216"	"Sertoli cell"	"perfect match"	"SN194"	NA	3
"GGGTCTGGTAATCGTC"	""	"ERX6700419"	"ERP132580"	"testis"	"Zygotene_Spermatocytes"	NA	NA	NA	"CL:0000017"	"spermatocyte"	"missing child term"	"SN194"	NA	5
"GGGTCTGGTAGAAGGA"	""	"ERX6700419"	"ERP132580"	"testis"	"Late_Round_spermatids"	NA	NA	NA	"CL:4030036"	"early spermatid"	"other"	"SN194"	NA	6
"GGGTCTGGTCCAACTA"	""	"ERX6700419"	"ERP132580"	"testis"	"Sertoli"	NA	NA	NA	"CL:0000216"	"Sertoli cell"	"perfect match"	"SN194"	NA	3
"GGGTCTGGTGAAATCA"	""	"ERX6700419"	"ERP132580"	"testis"	"Undifferentiated_Spermatogonia"	NA	NA	NA	"CL:0000016"	"male germ line stem cell"	"other"	"SN194"	NA	9
"GGGTCTGGTTAAGAAC"	""	"ERX6700419"	"ERP132580"	"testis"	"Other_somatic"	NA	NA	NA	"CL:0002371"	"somatic cell"	"perfect match"	"SN194"	NA	1
"GGGTTGCAGAATGTGT"	""	"ERX6700419"	"ERP132580"	"testis"	"Differentiated_Spermatogonia"	NA	NA	NA	"CL:0000020"	"spermatogonium"	"perfect match"	"SN194"	NA	7
"GGGTTGCAGAGCAATT"	""	"ERX6700419"	"ERP132580"	"testis"	"Undifferentiated_Spermatogonia"	NA	NA	NA	"CL:0000016"	"male germ line stem cell"	"other"	"SN194"	NA	9
"GGGTTGCAGATCTGAA"	""	"ERX6700419"	"ERP132580"	"testis"	"Other_somatic"	NA	NA	NA	"CL:0002371"	"somatic cell"	"perfect match"	"SN194"	NA	1
"GGGTTGCAGGTGTTAA"	""	"ERX6700419"	"ERP132580"	"testis"	"Sertoli"	NA	NA	NA	"CL:0000216"	"Sertoli cell"	"perfect match"	"SN194"	NA	3
"GGGTTGCCACACCGCA"	""	"ERX6700419"	"ERP132580"	"testis"	"Early_Round_spermatids"	NA	NA	NA	"CL:4030036"	"early spermatid"	"perfect match"	"SN194"	NA	8
"GGGTTGCCACGAGAGT"	""	"ERX6700419"	"ERP132580"	"testis"	"Sertoli"	NA	NA	NA	"CL:0000216"	"Sertoli cell"	"perfect match"	"SN194"	NA	3
"GGGTTGCCACTGAAGG"	""	"ERX6700419"	"ERP132580"	"testis"	"Early_Round_spermatids"	NA	NA	NA	"CL:4030036"	"early spermatid"	"perfect match"	"SN194"	NA	8
"GGGTTGCGTCGGCTCA"	""	"ERX6700419"	"ERP132580"	"testis"	"Other_somatic"	NA	NA	NA	"CL:0002371"	"somatic cell"	"perfect match"	"SN194"	NA	1
"GGGTTGCGTTCCAACA"	""	"ERX6700419"	"ERP132580"	"testis"	"Early_Round_spermatids"	NA	NA	NA	"CL:4030036"	"early spermatid"	"perfect match"	"SN194"	NA	8
"GGGTTGCTCAGCTCTC"	""	"ERX6700419"	"ERP132580"	"testis"	"Late_Round_spermatids"	NA	NA	NA	"CL:4030036"	"early spermatid"	"other"	"SN194"	NA	6
"GGGTTGCTCGAGAGCA"	""	"ERX6700419"	"ERP132580"	"testis"	"Undifferentiated_Spermatogonia"	NA	NA	NA	"CL:0000016"	"male germ line stem cell"	"other"	"SN194"	NA	9
"GGGTTGCTCTACTCAT"	""	"ERX6700419"	"ERP132580"	"testis"	"Leptotene_Spermatocytes"	NA	NA	NA	"CL:0000017"	"spermatocyte"	"missing child term"	"SN194"	NA	11
"GGGTTGCTCTACTTAC"	""	"ERX6700419"	"ERP132580"	"testis"	"Sertoli"	NA	NA	NA	"CL:0000216"	"Sertoli cell"	"perfect match"	"SN194"	NA	3
"GGTATTGCACAGCCCA"	""	"ERX6700419"	"ERP132580"	"testis"	"Undifferentiated_Spermatogonia"	NA	NA	NA	"CL:0000016"	"male germ line stem cell"	"other"	"SN194"	NA	9
"GGTATTGCAGTGAGTG"	""	"ERX6700419"	"ERP132580"	"testis"	"Leptotene_Spermatocytes"	NA	NA	NA	"CL:0000017"	"spermatocyte"	"missing child term"	"SN194"	NA	11
"GGTATTGCATTATCTC"	""	"ERX6700419"	"ERP132580"	"testis"	"Leptotene_Spermatocytes"	NA	NA	NA	"CL:0000017"	"spermatocyte"	"missing child term"	"SN194"	NA	11
"GGTATTGGTAGGCATG"	""	"ERX6700419"	"ERP132580"	"testis"	"Sertoli"	NA	NA	NA	"CL:0000216"	"Sertoli cell"	"perfect match"	"SN194"	NA	3
"GGTATTGGTATGAATG"	""	"ERX6700419"	"ERP132580"	"testis"	"Zygotene_Spermatocytes"	NA	NA	NA	"CL:0000017"	"spermatocyte"	"missing child term"	"SN194"	NA	5
"GGTATTGGTCGCGGTT"	""	"ERX6700419"	"ERP132580"	"testis"	"Sertoli"	NA	NA	NA	"CL:0000216"	"Sertoli cell"	"perfect match"	"SN194"	NA	3
"GGTATTGGTGCTCTTC"	""	"ERX6700419"	"ERP132580"	"testis"	"Other_somatic"	NA	NA	NA	"CL:0002371"	"somatic cell"	"perfect match"	"SN194"	NA	1
"GGTATTGGTGTTGGGA"	""	"ERX6700419"	"ERP132580"	"testis"	"Pachytene_Spermatocytes"	NA	NA	NA	"CL:0000017"	"spermatocyte"	"missing child term"	"SN194"	NA	4
"GGTATTGTCTATCGCC"	""	"ERX6700419"	"ERP132580"	"testis"	"Sertoli"	NA	NA	NA	"CL:0000216"	"Sertoli cell"	"perfect match"	"SN194"	NA	3
"GGTGAAGAGCGACGTA"	""	"ERX6700419"	"ERP132580"	"testis"	"Differentiated_Spermatogonia"	NA	NA	NA	"CL:0000020"	"spermatogonium"	"perfect match"	"SN194"	NA	7
"GGTGAAGAGGCATGTG"	""	"ERX6700419"	"ERP132580"	"testis"	"Pachytene_Spermatocytes"	NA	NA	NA	"CL:0000017"	"spermatocyte"	"missing child term"	"SN194"	NA	4
"GGTGAAGCACCTATCC"	""	"ERX6700419"	"ERP132580"	"testis"	"Elongated_spermatids"	NA	NA	NA	"CL:4030037"	"late spermatid"	"perfect match"	"SN194"	NA	2
"GGTGAAGGTTCAACCA"	""	"ERX6700419"	"ERP132580"	"testis"	"Sertoli"	NA	NA	NA	"CL:0000216"	"Sertoli cell"	"perfect match"	"SN194"	NA	3
"GGTGAAGGTTGAGTTC"	""	"ERX6700419"	"ERP132580"	"testis"	"Pachytene_Spermatocytes"	NA	NA	NA	"CL:0000017"	"spermatocyte"	"missing child term"	"SN194"	NA	4
"GGTGCGTAGAAGGACA"	""	"ERX6700419"	"ERP132580"	"testis"	"Early_Round_spermatids"	NA	NA	NA	"CL:4030036"	"early spermatid"	"perfect match"	"SN194"	NA	8
"GGTGCGTCACCAGCAC"	""	"ERX6700419"	"ERP132580"	"testis"	"Pachytene_Spermatocytes"	NA	NA	NA	"CL:0000017"	"spermatocyte"	"missing child term"	"SN194"	NA	4
"GGTGCGTCATTCACTT"	""	"ERX6700419"	"ERP132580"	"testis"	"Differentiated_Spermatogonia"	NA	NA	NA	"CL:0000020"	"spermatogonium"	"perfect match"	"SN194"	NA	7
"GGTGCGTGTAGAAGGA"	""	"ERX6700419"	"ERP132580"	"testis"	"Early_Round_spermatids"	NA	NA	NA	"CL:4030036"	"early spermatid"	"perfect match"	"SN194"	NA	8
"GGTGCGTGTCGATTGT"	""	"ERX6700419"	"ERP132580"	"testis"	"Zygotene_Spermatocytes"	NA	NA	NA	"CL:0000017"	"spermatocyte"	"missing child term"	"SN194"	NA	5
"GGTGCGTGTGCTAGCC"	""	"ERX6700419"	"ERP132580"	"testis"	"Elongated_spermatids"	NA	NA	NA	"CL:4030037"	"late spermatid"	"perfect match"	"SN194"	NA	2
"GGTGCGTGTTGGTTTG"	""	"ERX6700419"	"ERP132580"	"testis"	"Early_Round_spermatids"	NA	NA	NA	"CL:4030036"	"early spermatid"	"perfect match"	"SN194"	NA	8
"GGTGCGTTCCACGAAT"	""	"ERX6700419"	"ERP132580"	"testis"	"Late_Round_spermatids"	NA	NA	NA	"CL:4030036"	"early spermatid"	"other"	"SN194"	NA	6
"GGTGCGTTCGTTACAG"	""	"ERX6700419"	"ERP132580"	"testis"	"Early_Round_spermatids"	NA	NA	NA	"CL:4030036"	"early spermatid"	"perfect match"	"SN194"	NA	8
"GGTGTTAAGGGAACGG"	""	"ERX6700419"	"ERP132580"	"testis"	"Early_Round_spermatids"	NA	NA	NA	"CL:4030036"	"early spermatid"	"perfect match"	"SN194"	NA	8
"GGTGTTACAAGTTCTG"	""	"ERX6700419"	"ERP132580"	"testis"	"Other_somatic"	NA	NA	NA	"CL:0002371"	"somatic cell"	"perfect match"	"SN194"	NA	1
"GGTGTTACATATACGC"	""	"ERX6700419"	"ERP132580"	"testis"	"Pachytene_Spermatocytes"	NA	NA	NA	"CL:0000017"	"spermatocyte"	"missing child term"	"SN194"	NA	4
"GGTGTTAGTAAGGGCT"	""	"ERX6700419"	"ERP132580"	"testis"	"Undifferentiated_Spermatogonia"	NA	NA	NA	"CL:0000016"	"male germ line stem cell"	"other"	"SN194"	NA	9
"GGTGTTAGTAGCAAAT"	""	"ERX6700419"	"ERP132580"	"testis"	"Undifferentiated_Spermatogonia"	NA	NA	NA	"CL:0000016"	"male germ line stem cell"	"other"	"SN194"	NA	9
"GGTGTTATCATCACCC"	""	"ERX6700419"	"ERP132580"	"testis"	"Differentiated_Spermatogonia"	NA	NA	NA	"CL:0000020"	"spermatogonium"	"perfect match"	"SN194"	NA	7
"GGTGTTATCTTACCGC"	""	"ERX6700419"	"ERP132580"	"testis"	"Sertoli"	NA	NA	NA	"CL:0000216"	"Sertoli cell"	"perfect match"	"SN194"	NA	3
"GTAACGTAGAGCCCAA"	""	"ERX6700419"	"ERP132580"	"testis"	"Early_Round_spermatids"	NA	NA	NA	"CL:4030036"	"early spermatid"	"perfect match"	"SN194"	NA	8
"GTAACGTAGATCCGAG"	""	"ERX6700419"	"ERP132580"	"testis"	"Late_Round_spermatids"	NA	NA	NA	"CL:4030036"	"early spermatid"	"other"	"SN194"	NA	6
"GTAACGTAGATGTGGC"	""	"ERX6700419"	"ERP132580"	"testis"	"Late_Round_spermatids"	NA	NA	NA	"CL:4030036"	"early spermatid"	"other"	"SN194"	NA	6
"GTAACGTAGTACGTTC"	""	"ERX6700419"	"ERP132580"	"testis"	"Differentiated_Spermatogonia"	NA	NA	NA	"CL:0000020"	"spermatogonium"	"perfect match"	"SN194"	NA	7
"GTAACGTAGTCATCCA"	""	"ERX6700419"	"ERP132580"	"testis"	"Leptotene_Spermatocytes"	NA	NA	NA	"CL:0000017"	"spermatocyte"	"missing child term"	"SN194"	NA	11
"GTAACGTAGTTTCCTT"	""	"ERX6700419"	"ERP132580"	"testis"	"Sertoli"	NA	NA	NA	"CL:0000216"	"Sertoli cell"	"perfect match"	"SN194"	NA	3
"GTAACGTGTACCGCTG"	""	"ERX6700419"	"ERP132580"	"testis"	"Elongated_spermatids"	NA	NA	NA	"CL:4030037"	"late spermatid"	"perfect match"	"SN194"	NA	2
"GTAACGTGTATCGCAT"	""	"ERX6700419"	"ERP132580"	"testis"	"Pachytene_Spermatocytes"	NA	NA	NA	"CL:0000017"	"spermatocyte"	"missing child term"	"SN194"	NA	4
"GTAACGTGTGACGGTA"	""	"ERX6700419"	"ERP132580"	"testis"	"Undifferentiated_Spermatogonia"	NA	NA	NA	"CL:0000016"	"male germ line stem cell"	"other"	"SN194"	NA	9
"GTAACGTGTTTGTTGG"	""	"ERX6700419"	"ERP132580"	"testis"	"Other_somatic"	NA	NA	NA	"CL:0002371"	"somatic cell"	"perfect match"	"SN194"	NA	1
"GTAACGTTCCCTAACC"	""	"ERX6700419"	"ERP132580"	"testis"	"Undifferentiated_Spermatogonia"	NA	NA	NA	"CL:0000016"	"male germ line stem cell"	"other"	"SN194"	NA	9
"GTAACGTTCGTTACGA"	""	"ERX6700419"	"ERP132580"	"testis"	"Other_somatic"	NA	NA	NA	"CL:0002371"	"somatic cell"	"perfect match"	"SN194"	NA	1
"GTAACTGAGAAAGTGG"	""	"ERX6700419"	"ERP132580"	"testis"	"Early_Round_spermatids"	NA	NA	NA	"CL:4030036"	"early spermatid"	"perfect match"	"SN194"	NA	8
"GTAACTGAGAAGGTTT"	""	"ERX6700419"	"ERP132580"	"testis"	"Sertoli"	NA	NA	NA	"CL:0000216"	"Sertoli cell"	"perfect match"	"SN194"	NA	3
"GTAACTGCAGAGCCAA"	""	"ERX6700419"	"ERP132580"	"testis"	"Undifferentiated_Spermatogonia"	NA	NA	NA	"CL:0000016"	"male germ line stem cell"	"other"	"SN194"	NA	9
"GTAACTGGTAGCGTGA"	""	"ERX6700419"	"ERP132580"	"testis"	"Sertoli"	NA	NA	NA	"CL:0000216"	"Sertoli cell"	"perfect match"	"SN194"	NA	3
"GTAACTGGTCTAGCGC"	""	"ERX6700419"	"ERP132580"	"testis"	"Leptotene_Spermatocytes"	NA	NA	NA	"CL:0000017"	"spermatocyte"	"missing child term"	"SN194"	NA	11
"GTAACTGGTCTCCACT"	""	"ERX6700419"	"ERP132580"	"testis"	"Pachytene_Spermatocytes"	NA	NA	NA	"CL:0000017"	"spermatocyte"	"missing child term"	"SN194"	NA	4
"GTAACTGGTGCTAGCC"	""	"ERX6700419"	"ERP132580"	"testis"	"Early_Round_spermatids"	NA	NA	NA	"CL:4030036"	"early spermatid"	"perfect match"	"SN194"	NA	8
"GTAACTGTCTTGAGGT"	""	"ERX6700419"	"ERP132580"	"testis"	"Pachytene_Spermatocytes"	NA	NA	NA	"CL:0000017"	"spermatocyte"	"missing child term"	"SN194"	NA	4
"GTACGTAAGGGCACTA"	""	"ERX6700419"	"ERP132580"	"testis"	"Elongated_spermatids"	NA	NA	NA	"CL:4030037"	"late spermatid"	"perfect match"	"SN194"	NA	2
"GTACGTACACGGTTTA"	""	"ERX6700419"	"ERP132580"	"testis"	"Early_Round_spermatids"	NA	NA	NA	"CL:4030036"	"early spermatid"	"perfect match"	"SN194"	NA	8
"GTACGTAGTAGGACAC"	""	"ERX6700419"	"ERP132580"	"testis"	"Sertoli"	NA	NA	NA	"CL:0000216"	"Sertoli cell"	"perfect match"	"SN194"	NA	3
"GTACGTAGTTGTGGAG"	""	"ERX6700419"	"ERP132580"	"testis"	"Sertoli"	NA	NA	NA	"CL:0000216"	"Sertoli cell"	"perfect match"	"SN194"	NA	3
"GTACGTATCCTTCAAT"	""	"ERX6700419"	"ERP132580"	"testis"	"Zygotene_Spermatocytes"	NA	NA	NA	"CL:0000017"	"spermatocyte"	"missing child term"	"SN194"	NA	5
"GTACGTATCGCGGATC"	""	"ERX6700419"	"ERP132580"	"testis"	"Late_Round_spermatids"	NA	NA	NA	"CL:4030036"	"early spermatid"	"other"	"SN194"	NA	6
"GTACGTATCTTGGGTA"	""	"ERX6700419"	"ERP132580"	"testis"	"Other_somatic"	NA	NA	NA	"CL:0002371"	"somatic cell"	"perfect match"	"SN194"	NA	1
"GTACTCCAGGAATTAC"	""	"ERX6700419"	"ERP132580"	"testis"	"Other_somatic"	NA	NA	NA	"CL:0002371"	"somatic cell"	"perfect match"	"SN194"	NA	1
"GTACTCCGTCTTCTCG"	""	"ERX6700419"	"ERP132580"	"testis"	"Elongated_spermatids"	NA	NA	NA	"CL:4030037"	"late spermatid"	"perfect match"	"SN194"	NA	2
"GTACTCCTCGTATCAG"	""	"ERX6700419"	"ERP132580"	"testis"	"Elongated_spermatids"	NA	NA	NA	"CL:4030037"	"late spermatid"	"perfect match"	"SN194"	NA	2
"GTACTTTAGCGCCTCA"	""	"ERX6700419"	"ERP132580"	"testis"	"Sertoli"	NA	NA	NA	"CL:0000216"	"Sertoli cell"	"perfect match"	"SN194"	NA	3
"GTACTTTAGGCAATTA"	""	"ERX6700419"	"ERP132580"	"testis"	"Other_somatic"	NA	NA	NA	"CL:0002371"	"somatic cell"	"perfect match"	"SN194"	NA	1
"GTACTTTAGTCGCCGT"	""	"ERX6700419"	"ERP132580"	"testis"	"Other_somatic"	NA	NA	NA	"CL:0002371"	"somatic cell"	"perfect match"	"SN194"	NA	1
"GTACTTTAGTGGGATC"	""	"ERX6700419"	"ERP132580"	"testis"	"Other_somatic"	NA	NA	NA	"CL:0002371"	"somatic cell"	"perfect match"	"SN194"	NA	1
"GTACTTTCACGAAATA"	""	"ERX6700419"	"ERP132580"	"testis"	"Pachytene_Spermatocytes"	NA	NA	NA	"CL:0000017"	"spermatocyte"	"missing child term"	"SN194"	NA	4
"GTACTTTCAGCTGTTA"	""	"ERX6700419"	"ERP132580"	"testis"	"Early_Round_spermatids"	NA	NA	NA	"CL:4030036"	"early spermatid"	"perfect match"	"SN194"	NA	8
"GTACTTTGTCAATACC"	""	"ERX6700419"	"ERP132580"	"testis"	"Elongated_spermatids"	NA	NA	NA	"CL:4030037"	"late spermatid"	"perfect match"	"SN194"	NA	2
"GTACTTTGTGAAAGAG"	""	"ERX6700419"	"ERP132580"	"testis"	"Late_Round_spermatids"	NA	NA	NA	"CL:4030036"	"early spermatid"	"other"	"SN194"	NA	6
"GTACTTTGTGTCTGAT"	""	"ERX6700419"	"ERP132580"	"testis"	"Sertoli"	NA	NA	NA	"CL:0000216"	"Sertoli cell"	"perfect match"	"SN194"	NA	3
"GTAGGCCAGTGTACCT"	""	"ERX6700419"	"ERP132580"	"testis"	"Undifferentiated_Spermatogonia"	NA	NA	NA	"CL:0000016"	"male germ line stem cell"	"other"	"SN194"	NA	9
"GTAGGCCCAGGACCCT"	""	"ERX6700419"	"ERP132580"	"testis"	"Pachytene_Spermatocytes"	NA	NA	NA	"CL:0000017"	"spermatocyte"	"missing child term"	"SN194"	NA	4
"GTAGGCCGTAGCGTCC"	""	"ERX6700419"	"ERP132580"	"testis"	"Differentiated_Spermatogonia"	NA	NA	NA	"CL:0000020"	"spermatogonium"	"perfect match"	"SN194"	NA	7
"GTAGGCCTCCACGACG"	""	"ERX6700419"	"ERP132580"	"testis"	"Sertoli"	NA	NA	NA	"CL:0000216"	"Sertoli cell"	"perfect match"	"SN194"	NA	3
"GTAGTCAAGACAAAGG"	""	"ERX6700419"	"ERP132580"	"testis"	"Other_somatic"	NA	NA	NA	"CL:0002371"	"somatic cell"	"perfect match"	"SN194"	NA	1
"GTAGTCACAGGACCCT"	""	"ERX6700419"	"ERP132580"	"testis"	""	NA	NA	NA	"CL:0000000"	"cell"	"other"	"SN194"	NA	10
"GTAGTCAGTATGCTTG"	""	"ERX6700419"	"ERP132580"	"testis"	"Leptotene_Spermatocytes"	NA	NA	NA	"CL:0000017"	"spermatocyte"	"missing child term"	"SN194"	NA	11
"GTAGTCAGTGGTAACG"	""	"ERX6700419"	"ERP132580"	"testis"	"Late_Round_spermatids"	NA	NA	NA	"CL:4030036"	"early spermatid"	"other"	"SN194"	NA	6
"GTAGTCAGTGTGAAAT"	""	"ERX6700419"	"ERP132580"	"testis"	"Elongated_spermatids"	NA	NA	NA	"CL:4030037"	"late spermatid"	"perfect match"	"SN194"	NA	2
"GTAGTCAGTTGTCGCG"	""	"ERX6700419"	"ERP132580"	"testis"	"Early_Round_spermatids"	NA	NA	NA	"CL:4030036"	"early spermatid"	"perfect match"	"SN194"	NA	8
"GTAGTCATCCCACTTG"	""	"ERX6700419"	"ERP132580"	"testis"	"Pachytene_Spermatocytes"	NA	NA	NA	"CL:0000017"	"spermatocyte"	"missing child term"	"SN194"	NA	4
"GTAGTCATCGCACTCT"	""	"ERX6700419"	"ERP132580"	"testis"	"Sertoli"	NA	NA	NA	"CL:0000216"	"Sertoli cell"	"perfect match"	"SN194"	NA	3
"GTATCTTAGGGTCTCC"	""	"ERX6700419"	"ERP132580"	"testis"	"Sertoli"	NA	NA	NA	"CL:0000216"	"Sertoli cell"	"perfect match"	"SN194"	NA	3
"GTATCTTCAAGTCTAC"	""	"ERX6700419"	"ERP132580"	"testis"	"Late_Round_spermatids"	NA	NA	NA	"CL:4030036"	"early spermatid"	"other"	"SN194"	NA	6
"GTATCTTCACGTTGGC"	""	"ERX6700419"	"ERP132580"	"testis"	"Other_somatic"	NA	NA	NA	"CL:0002371"	"somatic cell"	"perfect match"	"SN194"	NA	1
"GTATCTTGTAAACGCG"	""	"ERX6700419"	"ERP132580"	"testis"	"Elongated_spermatids"	NA	NA	NA	"CL:4030037"	"late spermatid"	"perfect match"	"SN194"	NA	2
"GTATCTTGTGACTACT"	""	"ERX6700419"	"ERP132580"	"testis"	"Differentiated_Spermatogonia"	NA	NA	NA	"CL:0000020"	"spermatogonium"	"perfect match"	"SN194"	NA	7
"GTATCTTGTTCACGGC"	""	"ERX6700419"	"ERP132580"	"testis"	"Sertoli"	NA	NA	NA	"CL:0000216"	"Sertoli cell"	"perfect match"	"SN194"	NA	3
"GTATCTTTCAGTGTTG"	""	"ERX6700419"	"ERP132580"	"testis"	"Early_Round_spermatids"	NA	NA	NA	"CL:4030036"	"early spermatid"	"perfect match"	"SN194"	NA	8
"GTATTCTAGATCGGGT"	""	"ERX6700419"	"ERP132580"	"testis"	"Late_Round_spermatids"	NA	NA	NA	"CL:4030036"	"early spermatid"	"other"	"SN194"	NA	6
"GTATTCTAGCCCAACC"	""	"ERX6700419"	"ERP132580"	"testis"	"Late_Round_spermatids"	NA	NA	NA	"CL:4030036"	"early spermatid"	"other"	"SN194"	NA	6
"GTATTCTAGGAGCGAG"	""	"ERX6700419"	"ERP132580"	"testis"	"Other_somatic"	NA	NA	NA	"CL:0002371"	"somatic cell"	"perfect match"	"SN194"	NA	1
"GTATTCTAGGTAGCCA"	""	"ERX6700419"	"ERP132580"	"testis"	"Sertoli"	NA	NA	NA	"CL:0000216"	"Sertoli cell"	"perfect match"	"SN194"	NA	3
"GTATTCTCACCTTGTC"	""	"ERX6700419"	"ERP132580"	"testis"	"Leptotene_Spermatocytes"	NA	NA	NA	"CL:0000017"	"spermatocyte"	"missing child term"	"SN194"	NA	11
"GTATTCTCATACTCTT"	""	"ERX6700419"	"ERP132580"	"testis"	"Sertoli"	NA	NA	NA	"CL:0000216"	"Sertoli cell"	"perfect match"	"SN194"	NA	3
"GTATTCTGTAAAGGAG"	""	"ERX6700419"	"ERP132580"	"testis"	"Other_somatic"	NA	NA	NA	"CL:0002371"	"somatic cell"	"perfect match"	"SN194"	NA	1
"GTATTCTTCACCCTCA"	""	"ERX6700419"	"ERP132580"	"testis"	"Sertoli"	NA	NA	NA	"CL:0000216"	"Sertoli cell"	"perfect match"	"SN194"	NA	3
"GTCAAGTAGCCTTGAT"	""	"ERX6700419"	"ERP132580"	"testis"	"Early_Round_spermatids"	NA	NA	NA	"CL:4030036"	"early spermatid"	"perfect match"	"SN194"	NA	8
"GTCAAGTCACAAGCCC"	""	"ERX6700419"	"ERP132580"	"testis"	"Sertoli"	NA	NA	NA	"CL:0000216"	"Sertoli cell"	"perfect match"	"SN194"	NA	3
"GTCAAGTCAGGACGTA"	""	"ERX6700419"	"ERP132580"	"testis"	"Late_Round_spermatids"	NA	NA	NA	"CL:4030036"	"early spermatid"	"other"	"SN194"	NA	6
"GTCAAGTTCATTCACT"	""	"ERX6700419"	"ERP132580"	"testis"	"Undifferentiated_Spermatogonia"	NA	NA	NA	"CL:0000016"	"male germ line stem cell"	"other"	"SN194"	NA	9
"GTCAAGTTCTGGCGAC"	""	"ERX6700419"	"ERP132580"	"testis"	"Differentiated_Spermatogonia"	NA	NA	NA	"CL:0000020"	"spermatogonium"	"perfect match"	"SN194"	NA	7
"GTCACAAAGATGGGTC"	""	"ERX6700419"	"ERP132580"	"testis"	"Early_Round_spermatids"	NA	NA	NA	"CL:4030036"	"early spermatid"	"perfect match"	"SN194"	NA	8
"GTCACAACATCACGAT"	""	"ERX6700419"	"ERP132580"	"testis"	"Differentiated_Spermatogonia"	NA	NA	NA	"CL:0000020"	"spermatogonium"	"perfect match"	"SN194"	NA	7
"GTCACAACATCCCACT"	""	"ERX6700419"	"ERP132580"	"testis"	"Undifferentiated_Spermatogonia"	NA	NA	NA	"CL:0000016"	"male germ line stem cell"	"other"	"SN194"	NA	9
"GTCACAACATGCTAGT"	""	"ERX6700419"	"ERP132580"	"testis"	"Late_Round_spermatids"	NA	NA	NA	"CL:4030036"	"early spermatid"	"other"	"SN194"	NA	6
"GTCACAACATGTAAGA"	""	"ERX6700419"	"ERP132580"	"testis"	"Sertoli"	NA	NA	NA	"CL:0000216"	"Sertoli cell"	"perfect match"	"SN194"	NA	3
"GTCACAACATTCCTCG"	""	"ERX6700419"	"ERP132580"	"testis"	"Sertoli"	NA	NA	NA	"CL:0000216"	"Sertoli cell"	"perfect match"	"SN194"	NA	3
"GTCACAAGTTCCCTTG"	""	"ERX6700419"	"ERP132580"	"testis"	"Early_Round_spermatids"	NA	NA	NA	"CL:4030036"	"early spermatid"	"perfect match"	"SN194"	NA	8
"GTCACAATCTGCCCTA"	""	"ERX6700419"	"ERP132580"	"testis"	"Other_somatic"	NA	NA	NA	"CL:0002371"	"somatic cell"	"perfect match"	"SN194"	NA	1
"GTCACGGAGAGCTGCA"	""	"ERX6700419"	"ERP132580"	"testis"	"Elongated_spermatids"	NA	NA	NA	"CL:4030037"	"late spermatid"	"perfect match"	"SN194"	NA	2
"GTCACGGAGGCATGGT"	""	"ERX6700419"	"ERP132580"	"testis"	"Pachytene_Spermatocytes"	NA	NA	NA	"CL:0000017"	"spermatocyte"	"missing child term"	"SN194"	NA	4
"GTCACGGCACACGCTG"	""	"ERX6700419"	"ERP132580"	"testis"	"Late_Round_spermatids"	NA	NA	NA	"CL:4030036"	"early spermatid"	"other"	"SN194"	NA	6
"GTCACGGCATTGTGCA"	""	"ERX6700419"	"ERP132580"	"testis"	"Zygotene_Spermatocytes"	NA	NA	NA	"CL:0000017"	"spermatocyte"	"missing child term"	"SN194"	NA	5
"GTCACGGGTGAAATCA"	""	"ERX6700419"	"ERP132580"	"testis"	"Zygotene_Spermatocytes"	NA	NA	NA	"CL:0000017"	"spermatocyte"	"missing child term"	"SN194"	NA	5
"GTCATTTAGAGTTGGC"	""	"ERX6700419"	"ERP132580"	"testis"	"Elongated_spermatids"	NA	NA	NA	"CL:4030037"	"late spermatid"	"perfect match"	"SN194"	NA	2
"GTCATTTAGATGTAAC"	""	"ERX6700419"	"ERP132580"	"testis"	"Sertoli"	NA	NA	NA	"CL:0000216"	"Sertoli cell"	"perfect match"	"SN194"	NA	3
"GTCATTTAGCTTATCG"	""	"ERX6700419"	"ERP132580"	"testis"	"Sertoli"	NA	NA	NA	"CL:0000216"	"Sertoli cell"	"perfect match"	"SN194"	NA	3
"GTCATTTAGGACATTA"	""	"ERX6700419"	"ERP132580"	"testis"	""	NA	NA	NA	"CL:0000000"	"cell"	"other"	"SN194"	NA	10
"GTCATTTCACTTCGAA"	""	"ERX6700419"	"ERP132580"	"testis"	"Late_Round_spermatids"	NA	NA	NA	"CL:4030036"	"early spermatid"	"other"	"SN194"	NA	6
"GTCATTTGTATAGGTA"	""	"ERX6700419"	"ERP132580"	"testis"	"Zygotene_Spermatocytes"	NA	NA	NA	"CL:0000017"	"spermatocyte"	"missing child term"	"SN194"	NA	5
"GTCATTTGTCAACTGT"	""	"ERX6700419"	"ERP132580"	"testis"	"Other_somatic"	NA	NA	NA	"CL:0002371"	"somatic cell"	"perfect match"	"SN194"	NA	1
"GTCATTTGTCCGACGT"	""	"ERX6700419"	"ERP132580"	"testis"	"Pachytene_Spermatocytes"	NA	NA	NA	"CL:0000017"	"spermatocyte"	"missing child term"	"SN194"	NA	4
"GTCATTTGTCTCTCTG"	""	"ERX6700419"	"ERP132580"	"testis"	"Differentiated_Spermatogonia"	NA	NA	NA	"CL:0000020"	"spermatogonium"	"perfect match"	"SN194"	NA	7
"GTCATTTGTTATGTGC"	""	"ERX6700419"	"ERP132580"	"testis"	"Pachytene_Spermatocytes"	NA	NA	NA	"CL:0000017"	"spermatocyte"	"missing child term"	"SN194"	NA	4
"GTCATTTTCCTTGGTC"	""	"ERX6700419"	"ERP132580"	"testis"	"Zygotene_Spermatocytes"	NA	NA	NA	"CL:0000017"	"spermatocyte"	"missing child term"	"SN194"	NA	5
"GTCCTCAAGCAGGTCA"	""	"ERX6700419"	"ERP132580"	"testis"	"Zygotene_Spermatocytes"	NA	NA	NA	"CL:0000017"	"spermatocyte"	"missing child term"	"SN194"	NA	5
"GTCCTCAAGCGATGAC"	""	"ERX6700419"	"ERP132580"	"testis"	"Early_Round_spermatids"	NA	NA	NA	"CL:4030036"	"early spermatid"	"perfect match"	"SN194"	NA	8
"GTCCTCAAGCGTTGCC"	""	"ERX6700419"	"ERP132580"	"testis"	"Undifferentiated_Spermatogonia"	NA	NA	NA	"CL:0000016"	"male germ line stem cell"	"other"	"SN194"	NA	9
"GTCCTCAAGGACATTA"	""	"ERX6700419"	"ERP132580"	"testis"	"Leptotene_Spermatocytes"	NA	NA	NA	"CL:0000017"	"spermatocyte"	"missing child term"	"SN194"	NA	11
"GTCCTCAAGTGGTAAT"	""	"ERX6700419"	"ERP132580"	"testis"	"Pachytene_Spermatocytes"	NA	NA	NA	"CL:0000017"	"spermatocyte"	"missing child term"	"SN194"	NA	4
"GTCCTCACAGACGCTC"	""	"ERX6700419"	"ERP132580"	"testis"	"Late_Round_spermatids"	NA	NA	NA	"CL:4030036"	"early spermatid"	"other"	"SN194"	NA	6
"GTCCTCACAGGGATTG"	""	"ERX6700419"	"ERP132580"	"testis"	"Sertoli"	NA	NA	NA	"CL:0000216"	"Sertoli cell"	"perfect match"	"SN194"	NA	3
"GTCCTCACATAGAAAC"	""	"ERX6700419"	"ERP132580"	"testis"	"Late_Round_spermatids"	NA	NA	NA	"CL:4030036"	"early spermatid"	"other"	"SN194"	NA	6
"GTCCTCACATGAAGTA"	""	"ERX6700419"	"ERP132580"	"testis"	"Late_Round_spermatids"	NA	NA	NA	"CL:4030036"	"early spermatid"	"other"	"SN194"	NA	6
"GTCCTCATCCCGACTT"	""	"ERX6700419"	"ERP132580"	"testis"	"Sertoli"	NA	NA	NA	"CL:0000216"	"Sertoli cell"	"perfect match"	"SN194"	NA	3
"GTCCTCATCGCCTGTT"	""	"ERX6700419"	"ERP132580"	"testis"	"Other_somatic"	NA	NA	NA	"CL:0002371"	"somatic cell"	"perfect match"	"SN194"	NA	1
"GTCGGGTCAATCCGAT"	""	"ERX6700419"	"ERP132580"	"testis"	"Early_Round_spermatids"	NA	NA	NA	"CL:4030036"	"early spermatid"	"perfect match"	"SN194"	NA	8
"GTCGGGTCATCACCCT"	""	"ERX6700419"	"ERP132580"	"testis"	"Late_Round_spermatids"	NA	NA	NA	"CL:4030036"	"early spermatid"	"other"	"SN194"	NA	6
"GTCGGGTTCACAGTAC"	""	"ERX6700419"	"ERP132580"	"testis"	"Late_Round_spermatids"	NA	NA	NA	"CL:4030036"	"early spermatid"	"other"	"SN194"	NA	6
"GTCGGGTTCGCCTGAG"	""	"ERX6700419"	"ERP132580"	"testis"	"Pachytene_Spermatocytes"	NA	NA	NA	"CL:0000017"	"spermatocyte"	"missing child term"	"SN194"	NA	4
"GTCGTAAAGCCAGTAG"	""	"ERX6700419"	"ERP132580"	"testis"	"Undifferentiated_Spermatogonia"	NA	NA	NA	"CL:0000016"	"male germ line stem cell"	"other"	"SN194"	NA	9
"GTCGTAAAGTGGTAAT"	""	"ERX6700419"	"ERP132580"	"testis"	"Late_Round_spermatids"	NA	NA	NA	"CL:4030036"	"early spermatid"	"other"	"SN194"	NA	6
"GTCGTAACAGGAACGT"	""	"ERX6700419"	"ERP132580"	"testis"	"Differentiated_Spermatogonia"	NA	NA	NA	"CL:0000020"	"spermatogonium"	"perfect match"	"SN194"	NA	7
"GTCGTAAGTAAGAGAG"	""	"ERX6700419"	"ERP132580"	"testis"	"Zygotene_Spermatocytes"	NA	NA	NA	"CL:0000017"	"spermatocyte"	"missing child term"	"SN194"	NA	5
"GTCGTAAGTACTTGAC"	""	"ERX6700419"	"ERP132580"	"testis"	"Elongated_spermatids"	NA	NA	NA	"CL:4030037"	"late spermatid"	"perfect match"	"SN194"	NA	2
"GTCGTAAGTGTAATGA"	""	"ERX6700419"	"ERP132580"	"testis"	"Sertoli"	NA	NA	NA	"CL:0000216"	"Sertoli cell"	"perfect match"	"SN194"	NA	3
"GTCTCGTAGCGATCCC"	""	"ERX6700419"	"ERP132580"	"testis"	"Late_Round_spermatids"	NA	NA	NA	"CL:4030036"	"early spermatid"	"other"	"SN194"	NA	6
"GTCTCGTAGGATGCGT"	""	"ERX6700419"	"ERP132580"	"testis"	"Other_somatic"	NA	NA	NA	"CL:0002371"	"somatic cell"	"perfect match"	"SN194"	NA	1
"GTCTCGTAGTTAACGA"	""	"ERX6700419"	"ERP132580"	"testis"	"Differentiated_Spermatogonia"	NA	NA	NA	"CL:0000020"	"spermatogonium"	"perfect match"	"SN194"	NA	7
"GTCTCGTCATCAGTCA"	""	"ERX6700419"	"ERP132580"	"testis"	"Late_Round_spermatids"	NA	NA	NA	"CL:4030036"	"early spermatid"	"other"	"SN194"	NA	6
"GTCTCGTCATGGTAGG"	""	"ERX6700419"	"ERP132580"	"testis"	"Differentiated_Spermatogonia"	NA	NA	NA	"CL:0000020"	"spermatogonium"	"perfect match"	"SN194"	NA	7
"GTCTCGTGTTACCGAT"	""	"ERX6700419"	"ERP132580"	"testis"	"Pachytene_Spermatocytes"	NA	NA	NA	"CL:0000017"	"spermatocyte"	"missing child term"	"SN194"	NA	4
"GTCTCGTGTTATGTGC"	""	"ERX6700419"	"ERP132580"	"testis"	"Leptotene_Spermatocytes"	NA	NA	NA	"CL:0000017"	"spermatocyte"	"missing child term"	"SN194"	NA	11
"GTCTTCGAGACCCACC"	""	"ERX6700419"	"ERP132580"	"testis"	"Sertoli"	NA	NA	NA	"CL:0000216"	"Sertoli cell"	"perfect match"	"SN194"	NA	3
"GTCTTCGAGCAGGTCA"	""	"ERX6700419"	"ERP132580"	"testis"	"Early_Round_spermatids"	NA	NA	NA	"CL:4030036"	"early spermatid"	"perfect match"	"SN194"	NA	8
"GTCTTCGAGTTACGGG"	""	"ERX6700419"	"ERP132580"	"testis"	"Zygotene_Spermatocytes"	NA	NA	NA	"CL:0000017"	"spermatocyte"	"missing child term"	"SN194"	NA	5
"GTCTTCGTCCGCAGTG"	""	"ERX6700419"	"ERP132580"	"testis"	"Other_somatic"	NA	NA	NA	"CL:0002371"	"somatic cell"	"perfect match"	"SN194"	NA	1
"GTCTTCGTCGGAGCAA"	""	"ERX6700419"	"ERP132580"	"testis"	"Elongated_spermatids"	NA	NA	NA	"CL:4030037"	"late spermatid"	"perfect match"	"SN194"	NA	2
"GTCTTCGTCTGTCCGT"	""	"ERX6700419"	"ERP132580"	"testis"	"Elongated_spermatids"	NA	NA	NA	"CL:4030037"	"late spermatid"	"perfect match"	"SN194"	NA	2
"GTCTTCGTCTTGTACT"	""	"ERX6700419"	"ERP132580"	"testis"	"Sertoli"	NA	NA	NA	"CL:0000216"	"Sertoli cell"	"perfect match"	"SN194"	NA	3
"GTGAAGGAGGCTCATT"	""	"ERX6700419"	"ERP132580"	"testis"	"Other_somatic"	NA	NA	NA	"CL:0002371"	"somatic cell"	"perfect match"	"SN194"	NA	1
"GTGAAGGAGGTCATCT"	""	"ERX6700419"	"ERP132580"	"testis"	"Other_somatic"	NA	NA	NA	"CL:0002371"	"somatic cell"	"perfect match"	"SN194"	NA	1
"GTGAAGGAGTCGAGTG"	""	"ERX6700419"	"ERP132580"	"testis"	"Late_Round_spermatids"	NA	NA	NA	"CL:4030036"	"early spermatid"	"other"	"SN194"	NA	6
"GTGAAGGAGTTAGCGG"	""	"ERX6700419"	"ERP132580"	"testis"	"Differentiated_Spermatogonia"	NA	NA	NA	"CL:0000020"	"spermatogonium"	"perfect match"	"SN194"	NA	7
"GTGAAGGCACGGACAA"	""	"ERX6700419"	"ERP132580"	"testis"	"Other_somatic"	NA	NA	NA	"CL:0002371"	"somatic cell"	"perfect match"	"SN194"	NA	1
"GTGAAGGCATCAGTAC"	""	"ERX6700419"	"ERP132580"	"testis"	"Pachytene_Spermatocytes"	NA	NA	NA	"CL:0000017"	"spermatocyte"	"missing child term"	"SN194"	NA	4
"GTGAAGGCATGGTAGG"	""	"ERX6700419"	"ERP132580"	"testis"	"Early_Round_spermatids"	NA	NA	NA	"CL:4030036"	"early spermatid"	"perfect match"	"SN194"	NA	8
"GTGAAGGCATGTCTCC"	""	"ERX6700419"	"ERP132580"	"testis"	"Undifferentiated_Spermatogonia"	NA	NA	NA	"CL:0000016"	"male germ line stem cell"	"other"	"SN194"	NA	9
"GTGAAGGGTCGTTGTA"	""	"ERX6700419"	"ERP132580"	"testis"	"Pachytene_Spermatocytes"	NA	NA	NA	"CL:0000017"	"spermatocyte"	"missing child term"	"SN194"	NA	4
"GTGAAGGTCTAACCGA"	""	"ERX6700419"	"ERP132580"	"testis"	"Other_somatic"	NA	NA	NA	"CL:0002371"	"somatic cell"	"perfect match"	"SN194"	NA	1
"GTGAAGGTCTAACTCT"	""	"ERX6700419"	"ERP132580"	"testis"	"Undifferentiated_Spermatogonia"	NA	NA	NA	"CL:0000016"	"male germ line stem cell"	"other"	"SN194"	NA	9
"GTGCAGCAGATAGCAT"	""	"ERX6700419"	"ERP132580"	"testis"	"Sertoli"	NA	NA	NA	"CL:0000216"	"Sertoli cell"	"perfect match"	"SN194"	NA	3
"GTGCAGCAGCACCGTC"	""	"ERX6700419"	"ERP132580"	"testis"	"Late_Round_spermatids"	NA	NA	NA	"CL:4030036"	"early spermatid"	"other"	"SN194"	NA	6
"GTGCAGCAGCTCCTCT"	""	"ERX6700419"	"ERP132580"	"testis"	"Sertoli"	NA	NA	NA	"CL:0000216"	"Sertoli cell"	"perfect match"	"SN194"	NA	3
"GTGCAGCAGTATTGGA"	""	"ERX6700419"	"ERP132580"	"testis"	"Early_Round_spermatids"	NA	NA	NA	"CL:4030036"	"early spermatid"	"perfect match"	"SN194"	NA	8
"GTGCAGCCAAGCGCTC"	""	"ERX6700419"	"ERP132580"	"testis"	"Elongated_spermatids"	NA	NA	NA	"CL:4030037"	"late spermatid"	"perfect match"	"SN194"	NA	2
"GTGCAGCCAGTCAGCC"	""	"ERX6700419"	"ERP132580"	"testis"	"Differentiated_Spermatogonia"	NA	NA	NA	"CL:0000020"	"spermatogonium"	"perfect match"	"SN194"	NA	7
"GTGCAGCCATGTCCTC"	""	"ERX6700419"	"ERP132580"	"testis"	"Late_Round_spermatids"	NA	NA	NA	"CL:4030036"	"early spermatid"	"other"	"SN194"	NA	6
"GTGCAGCGTGTCAATC"	""	"ERX6700419"	"ERP132580"	"testis"	"Differentiated_Spermatogonia"	NA	NA	NA	"CL:0000020"	"spermatogonium"	"perfect match"	"SN194"	NA	7
"GTGCAGCTCAACCAAC"	""	"ERX6700419"	"ERP132580"	"testis"	"Differentiated_Spermatogonia"	NA	NA	NA	"CL:0000020"	"spermatogonium"	"perfect match"	"SN194"	NA	7
"GTGCAGCTCCAGAGGA"	""	"ERX6700419"	"ERP132580"	"testis"	"Differentiated_Spermatogonia"	NA	NA	NA	"CL:0000020"	"spermatogonium"	"perfect match"	"SN194"	NA	7
"GTGCAGCTCTGCGGCA"	""	"ERX6700419"	"ERP132580"	"testis"	"Early_Round_spermatids"	NA	NA	NA	"CL:4030036"	"early spermatid"	"perfect match"	"SN194"	NA	8
"GTGCATAAGGTGCAAC"	""	"ERX6700419"	"ERP132580"	"testis"	"Other_somatic"	NA	NA	NA	"CL:0002371"	"somatic cell"	"perfect match"	"SN194"	NA	1
"GTGCATACACAAGTAA"	""	"ERX6700419"	"ERP132580"	"testis"	"Pachytene_Spermatocytes"	NA	NA	NA	"CL:0000017"	"spermatocyte"	"missing child term"	"SN194"	NA	4
"GTGCATACATGGTAGG"	""	"ERX6700419"	"ERP132580"	"testis"	"Pachytene_Spermatocytes"	NA	NA	NA	"CL:0000017"	"spermatocyte"	"missing child term"	"SN194"	NA	4
"GTGCATAGTCACCCAG"	""	"ERX6700419"	"ERP132580"	"testis"	"Other_somatic"	NA	NA	NA	"CL:0002371"	"somatic cell"	"perfect match"	"SN194"	NA	1
"GTGCATAGTGCAACTT"	""	"ERX6700419"	"ERP132580"	"testis"	"Zygotene_Spermatocytes"	NA	NA	NA	"CL:0000017"	"spermatocyte"	"missing child term"	"SN194"	NA	5
"GTGCATATCACCTCGT"	""	"ERX6700419"	"ERP132580"	"testis"	"Sertoli"	NA	NA	NA	"CL:0000216"	"Sertoli cell"	"perfect match"	"SN194"	NA	3
"GTGCGGTAGATCCGAG"	""	"ERX6700419"	"ERP132580"	"testis"	"Zygotene_Spermatocytes"	NA	NA	NA	"CL:0000017"	"spermatocyte"	"missing child term"	"SN194"	NA	5
"GTGCGGTGTATGGTTC"	""	"ERX6700419"	"ERP132580"	"testis"	"Leptotene_Spermatocytes"	NA	NA	NA	"CL:0000017"	"spermatocyte"	"missing child term"	"SN194"	NA	11
"GTGCGGTGTCATATCG"	""	"ERX6700419"	"ERP132580"	"testis"	"Zygotene_Spermatocytes"	NA	NA	NA	"CL:0000017"	"spermatocyte"	"missing child term"	"SN194"	NA	5
"GTGCGGTGTGCTTCTC"	""	"ERX6700419"	"ERP132580"	"testis"	"Undifferentiated_Spermatogonia"	NA	NA	NA	"CL:0000016"	"male germ line stem cell"	"other"	"SN194"	NA	9
"GTGCTTCAGACCTTTG"	""	"ERX6700419"	"ERP132580"	"testis"	"Sertoli"	NA	NA	NA	"CL:0000216"	"Sertoli cell"	"perfect match"	"SN194"	NA	3
"GTGCTTCAGGGTTCCC"	""	"ERX6700419"	"ERP132580"	"testis"	"Pachytene_Spermatocytes"	NA	NA	NA	"CL:0000017"	"spermatocyte"	"missing child term"	"SN194"	NA	4
"GTGCTTCAGTCCATAC"	""	"ERX6700419"	"ERP132580"	"testis"	"Zygotene_Spermatocytes"	NA	NA	NA	"CL:0000017"	"spermatocyte"	"missing child term"	"SN194"	NA	5
"GTGCTTCAGTGTACCT"	""	"ERX6700419"	"ERP132580"	"testis"	"Late_Round_spermatids"	NA	NA	NA	"CL:4030036"	"early spermatid"	"other"	"SN194"	NA	6
"GTGCTTCCAACACCCG"	""	"ERX6700419"	"ERP132580"	"testis"	"Undifferentiated_Spermatogonia"	NA	NA	NA	"CL:0000016"	"male germ line stem cell"	"other"	"SN194"	NA	9
"GTGCTTCGTGTGACGA"	""	"ERX6700419"	"ERP132580"	"testis"	"Undifferentiated_Spermatogonia"	NA	NA	NA	"CL:0000016"	"male germ line stem cell"	"other"	"SN194"	NA	9
"GTGCTTCTCCAATGGT"	""	"ERX6700419"	"ERP132580"	"testis"	"Other_somatic"	NA	NA	NA	"CL:0002371"	"somatic cell"	"perfect match"	"SN194"	NA	1
"GTGCTTCTCCCAAGTA"	""	"ERX6700419"	"ERP132580"	"testis"	"Pachytene_Spermatocytes"	NA	NA	NA	"CL:0000017"	"spermatocyte"	"missing child term"	"SN194"	NA	4
"GTGCTTCTCCTTCAAT"	""	"ERX6700419"	"ERP132580"	"testis"	"Pachytene_Spermatocytes"	NA	NA	NA	"CL:0000017"	"spermatocyte"	"missing child term"	"SN194"	NA	4
"GTGCTTCTCGTCGTTC"	""	"ERX6700419"	"ERP132580"	"testis"	"Sertoli"	NA	NA	NA	"CL:0000216"	"Sertoli cell"	"perfect match"	"SN194"	NA	3
"GTGGGTCCAAAGAATC"	""	"ERX6700419"	"ERP132580"	"testis"	"Differentiated_Spermatogonia"	NA	NA	NA	"CL:0000020"	"spermatogonium"	"perfect match"	"SN194"	NA	7
"GTGGGTCCACATCCAA"	""	"ERX6700419"	"ERP132580"	"testis"	"Early_Round_spermatids"	NA	NA	NA	"CL:4030036"	"early spermatid"	"perfect match"	"SN194"	NA	8
"GTGGGTCCACCACCAG"	""	"ERX6700419"	"ERP132580"	"testis"	"Pachytene_Spermatocytes"	NA	NA	NA	"CL:0000017"	"spermatocyte"	"missing child term"	"SN194"	NA	4
"GTGGGTCCATCCTTGC"	""	"ERX6700419"	"ERP132580"	"testis"	"Other_somatic"	NA	NA	NA	"CL:0002371"	"somatic cell"	"perfect match"	"SN194"	NA	1
"GTGGGTCGTGTTGGGA"	""	"ERX6700419"	"ERP132580"	"testis"	"Pachytene_Spermatocytes"	NA	NA	NA	"CL:0000017"	"spermatocyte"	"missing child term"	"SN194"	NA	4
"GTGGGTCTCCCAAGAT"	""	"ERX6700419"	"ERP132580"	"testis"	"Zygotene_Spermatocytes"	NA	NA	NA	"CL:0000017"	"spermatocyte"	"missing child term"	"SN194"	NA	5
"GTGGGTCTCTCTTGAT"	""	"ERX6700419"	"ERP132580"	"testis"	"Differentiated_Spermatogonia"	NA	NA	NA	"CL:0000020"	"spermatogonium"	"perfect match"	"SN194"	NA	7
"GTGTGCGCACCATCCT"	""	"ERX6700419"	"ERP132580"	"testis"	"Zygotene_Spermatocytes"	NA	NA	NA	"CL:0000017"	"spermatocyte"	"missing child term"	"SN194"	NA	5
"GTGTGCGCAGGACGTA"	""	"ERX6700419"	"ERP132580"	"testis"	"Pachytene_Spermatocytes"	NA	NA	NA	"CL:0000017"	"spermatocyte"	"missing child term"	"SN194"	NA	4
"GTGTGCGCATATGAGA"	""	"ERX6700419"	"ERP132580"	"testis"	"Other_somatic"	NA	NA	NA	"CL:0002371"	"somatic cell"	"perfect match"	"SN194"	NA	1
"GTGTGCGGTTGAGTTC"	""	"ERX6700419"	"ERP132580"	"testis"	"Early_Round_spermatids"	NA	NA	NA	"CL:4030036"	"early spermatid"	"perfect match"	"SN194"	NA	8
"GTGTGCGTCAGATAAG"	""	"ERX6700419"	"ERP132580"	"testis"	"Late_Round_spermatids"	NA	NA	NA	"CL:4030036"	"early spermatid"	"other"	"SN194"	NA	6
"GTGTGCGTCCAGAAGG"	""	"ERX6700419"	"ERP132580"	"testis"	"Pachytene_Spermatocytes"	NA	NA	NA	"CL:0000017"	"spermatocyte"	"missing child term"	"SN194"	NA	4
"GTGTGCGTCTCGCATC"	""	"ERX6700419"	"ERP132580"	"testis"	"Sertoli"	NA	NA	NA	"CL:0000216"	"Sertoli cell"	"perfect match"	"SN194"	NA	3
"GTGTGCGTCTTCAACT"	""	"ERX6700419"	"ERP132580"	"testis"	"Late_Round_spermatids"	NA	NA	NA	"CL:4030036"	"early spermatid"	"other"	"SN194"	NA	6
"GTGTTAGAGAATTGTG"	""	"ERX6700419"	"ERP132580"	"testis"	"Other_somatic"	NA	NA	NA	"CL:0002371"	"somatic cell"	"perfect match"	"SN194"	NA	1
"GTGTTAGAGGTGCAAC"	""	"ERX6700419"	"ERP132580"	"testis"	"Undifferentiated_Spermatogonia"	NA	NA	NA	"CL:0000016"	"male germ line stem cell"	"other"	"SN194"	NA	9
"GTGTTAGAGTGAACAT"	""	"ERX6700419"	"ERP132580"	"testis"	"Pachytene_Spermatocytes"	NA	NA	NA	"CL:0000017"	"spermatocyte"	"missing child term"	"SN194"	NA	4
"GTGTTAGAGTTAACGA"	""	"ERX6700419"	"ERP132580"	"testis"	"Sertoli"	NA	NA	NA	"CL:0000216"	"Sertoli cell"	"perfect match"	"SN194"	NA	3
"GTGTTAGAGTTCGCAT"	""	"ERX6700419"	"ERP132580"	"testis"	"Other_somatic"	NA	NA	NA	"CL:0002371"	"somatic cell"	"perfect match"	"SN194"	NA	1
"GTGTTAGCACTTCGAA"	""	"ERX6700419"	"ERP132580"	"testis"	"Pachytene_Spermatocytes"	NA	NA	NA	"CL:0000017"	"spermatocyte"	"missing child term"	"SN194"	NA	4
"GTGTTAGCAGAAGCAC"	""	"ERX6700419"	"ERP132580"	"testis"	"Early_Round_spermatids"	NA	NA	NA	"CL:4030036"	"early spermatid"	"perfect match"	"SN194"	NA	8
"GTGTTAGCATGCCACG"	""	"ERX6700419"	"ERP132580"	"testis"	"Elongated_spermatids"	NA	NA	NA	"CL:4030037"	"late spermatid"	"perfect match"	"SN194"	NA	2
"GTGTTAGGTAGCAAAT"	""	"ERX6700419"	"ERP132580"	"testis"	"Sertoli"	NA	NA	NA	"CL:0000216"	"Sertoli cell"	"perfect match"	"SN194"	NA	3
"GTGTTAGTCACTGGGC"	""	"ERX6700419"	"ERP132580"	"testis"	"Sertoli"	NA	NA	NA	"CL:0000216"	"Sertoli cell"	"perfect match"	"SN194"	NA	3
"GTGTTAGTCATGGTCA"	""	"ERX6700419"	"ERP132580"	"testis"	"Elongated_spermatids"	NA	NA	NA	"CL:4030037"	"late spermatid"	"perfect match"	"SN194"	NA	2
"GTGTTAGTCTCAAGTG"	""	"ERX6700419"	"ERP132580"	"testis"	"Other_somatic"	NA	NA	NA	"CL:0002371"	"somatic cell"	"perfect match"	"SN194"	NA	1
"GTTAAGCCATCAGTAC"	""	"ERX6700419"	"ERP132580"	"testis"	"Zygotene_Spermatocytes"	NA	NA	NA	"CL:0000017"	"spermatocyte"	"missing child term"	"SN194"	NA	5
"GTTAAGCGTGTGACGA"	""	"ERX6700419"	"ERP132580"	"testis"	"Elongated_spermatids"	NA	NA	NA	"CL:4030037"	"late spermatid"	"perfect match"	"SN194"	NA	2
"GTTAAGCTCACCGGGT"	""	"ERX6700419"	"ERP132580"	"testis"	"Other_somatic"	NA	NA	NA	"CL:0002371"	"somatic cell"	"perfect match"	"SN194"	NA	1
"GTTACAGAGGCCCTTG"	""	"ERX6700419"	"ERP132580"	"testis"	"Pachytene_Spermatocytes"	NA	NA	NA	"CL:0000017"	"spermatocyte"	"missing child term"	"SN194"	NA	4
"GTTACAGAGTTAACGA"	""	"ERX6700419"	"ERP132580"	"testis"	"Sertoli"	NA	NA	NA	"CL:0000216"	"Sertoli cell"	"perfect match"	"SN194"	NA	3
"GTTACAGCAGACAAAT"	""	"ERX6700419"	"ERP132580"	"testis"	"Other_somatic"	NA	NA	NA	"CL:0002371"	"somatic cell"	"perfect match"	"SN194"	NA	1
"GTTACAGGTAAATGAC"	""	"ERX6700419"	"ERP132580"	"testis"	"Sertoli"	NA	NA	NA	"CL:0000216"	"Sertoli cell"	"perfect match"	"SN194"	NA	3
"GTTACAGGTAATCGTC"	""	"ERX6700419"	"ERP132580"	"testis"	"Early_Round_spermatids"	NA	NA	NA	"CL:4030036"	"early spermatid"	"perfect match"	"SN194"	NA	8
"GTTACAGTCCAAATGC"	""	"ERX6700419"	"ERP132580"	"testis"	"Elongated_spermatids"	NA	NA	NA	"CL:4030037"	"late spermatid"	"perfect match"	"SN194"	NA	2
"GTTACAGTCTCGATGA"	""	"ERX6700419"	"ERP132580"	"testis"	"Pachytene_Spermatocytes"	NA	NA	NA	"CL:0000017"	"spermatocyte"	"missing child term"	"SN194"	NA	4
"GTTCATTAGGATCGCA"	""	"ERX6700419"	"ERP132580"	"testis"	"Differentiated_Spermatogonia"	NA	NA	NA	"CL:0000020"	"spermatogonium"	"perfect match"	"SN194"	NA	7
"GTTCATTAGTGTTGAA"	""	"ERX6700419"	"ERP132580"	"testis"	"Sertoli"	NA	NA	NA	"CL:0000216"	"Sertoli cell"	"perfect match"	"SN194"	NA	3
"GTTCATTCATGGTCAT"	""	"ERX6700419"	"ERP132580"	"testis"	"Elongated_spermatids"	NA	NA	NA	"CL:4030037"	"late spermatid"	"perfect match"	"SN194"	NA	2
"GTTCATTCATTAGGCT"	""	"ERX6700419"	"ERP132580"	"testis"	"Differentiated_Spermatogonia"	NA	NA	NA	"CL:0000020"	"spermatogonium"	"perfect match"	"SN194"	NA	7
"GTTCATTGTTCCGTCT"	""	"ERX6700419"	"ERP132580"	"testis"	"Undifferentiated_Spermatogonia"	NA	NA	NA	"CL:0000016"	"male germ line stem cell"	"other"	"SN194"	NA	9
"GTTCATTTCGTGGTCG"	""	"ERX6700419"	"ERP132580"	"testis"	"Late_Round_spermatids"	NA	NA	NA	"CL:4030036"	"early spermatid"	"other"	"SN194"	NA	6
"GTTCGGGAGGCATGGT"	""	"ERX6700419"	"ERP132580"	"testis"	"Pachytene_Spermatocytes"	NA	NA	NA	"CL:0000017"	"spermatocyte"	"missing child term"	"SN194"	NA	4
"GTTCGGGCAGGGCATA"	""	"ERX6700419"	"ERP132580"	"testis"	"Sertoli"	NA	NA	NA	"CL:0000216"	"Sertoli cell"	"perfect match"	"SN194"	NA	3
"GTTCGGGGTACGACCC"	""	"ERX6700419"	"ERP132580"	"testis"	"Zygotene_Spermatocytes"	NA	NA	NA	"CL:0000017"	"spermatocyte"	"missing child term"	"SN194"	NA	5
"GTTCGGGGTTACGTCA"	""	"ERX6700419"	"ERP132580"	"testis"	"Elongated_spermatids"	NA	NA	NA	"CL:4030037"	"late spermatid"	"perfect match"	"SN194"	NA	2
"GTTCGGGTCAGCTTAG"	""	"ERX6700419"	"ERP132580"	"testis"	"Pachytene_Spermatocytes"	NA	NA	NA	"CL:0000017"	"spermatocyte"	"missing child term"	"SN194"	NA	4
"GTTCGGGTCGGGAGTA"	""	"ERX6700419"	"ERP132580"	"testis"	"Late_Round_spermatids"	NA	NA	NA	"CL:4030036"	"early spermatid"	"other"	"SN194"	NA	6
"GTTCGGGTCTTACCGC"	""	"ERX6700419"	"ERP132580"	"testis"	"Pachytene_Spermatocytes"	NA	NA	NA	"CL:0000017"	"spermatocyte"	"missing child term"	"SN194"	NA	4
"GTTCTCGCACCGATAT"	""	"ERX6700419"	"ERP132580"	"testis"	"Elongated_spermatids"	NA	NA	NA	"CL:4030037"	"late spermatid"	"perfect match"	"SN194"	NA	2
"GTTCTCGCATGTTCCC"	""	"ERX6700419"	"ERP132580"	"testis"	"Sertoli"	NA	NA	NA	"CL:0000216"	"Sertoli cell"	"perfect match"	"SN194"	NA	3
"GTTCTCGGTCGAAAGC"	""	"ERX6700419"	"ERP132580"	"testis"	"Differentiated_Spermatogonia"	NA	NA	NA	"CL:0000020"	"spermatogonium"	"perfect match"	"SN194"	NA	7
"GTTCTCGGTCTACCTC"	""	"ERX6700419"	"ERP132580"	"testis"	"Early_Round_spermatids"	NA	NA	NA	"CL:4030036"	"early spermatid"	"perfect match"	"SN194"	NA	8
"GTTCTCGTCACCATAG"	""	"ERX6700419"	"ERP132580"	"testis"	"Elongated_spermatids"	NA	NA	NA	"CL:4030037"	"late spermatid"	"perfect match"	"SN194"	NA	2
"GTTTCTAAGGATGGTC"	""	"ERX6700419"	"ERP132580"	"testis"	"Zygotene_Spermatocytes"	NA	NA	NA	"CL:0000017"	"spermatocyte"	"missing child term"	"SN194"	NA	5
"GTTTCTAGTCGCGTGT"	""	"ERX6700419"	"ERP132580"	"testis"	"Undifferentiated_Spermatogonia"	NA	NA	NA	"CL:0000016"	"male germ line stem cell"	"other"	"SN194"	NA	9
"TAAACCGAGAATCTCC"	""	"ERX6700419"	"ERP132580"	"testis"	"Differentiated_Spermatogonia"	NA	NA	NA	"CL:0000020"	"spermatogonium"	"perfect match"	"SN194"	NA	7
"TAAACCGAGCTCCTCT"	""	"ERX6700419"	"ERP132580"	"testis"	"Other_somatic"	NA	NA	NA	"CL:0002371"	"somatic cell"	"perfect match"	"SN194"	NA	1
"TAAACCGAGGACCACA"	""	"ERX6700419"	"ERP132580"	"testis"	"Pachytene_Spermatocytes"	NA	NA	NA	"CL:0000017"	"spermatocyte"	"missing child term"	"SN194"	NA	4
"TAAACCGGTCCCGACA"	""	"ERX6700419"	"ERP132580"	"testis"	"Other_somatic"	NA	NA	NA	"CL:0002371"	"somatic cell"	"perfect match"	"SN194"	NA	1
"TAAACCGGTCCGTGAC"	""	"ERX6700419"	"ERP132580"	"testis"	"Other_somatic"	NA	NA	NA	"CL:0002371"	"somatic cell"	"perfect match"	"SN194"	NA	1
"TAAACCGGTGTAAGTA"	""	"ERX6700419"	"ERP132580"	"testis"	"Early_Round_spermatids"	NA	NA	NA	"CL:4030036"	"early spermatid"	"perfect match"	"SN194"	NA	8
"TAAACCGTCACGCGGT"	""	"ERX6700419"	"ERP132580"	"testis"	"Late_Round_spermatids"	NA	NA	NA	"CL:4030036"	"early spermatid"	"other"	"SN194"	NA	6
"TAAACCGTCGTCTGCT"	""	"ERX6700419"	"ERP132580"	"testis"	"Late_Round_spermatids"	NA	NA	NA	"CL:4030036"	"early spermatid"	"other"	"SN194"	NA	6
"TAAGAGAAGATCGGGT"	""	"ERX6700419"	"ERP132580"	"testis"	"Late_Round_spermatids"	NA	NA	NA	"CL:4030036"	"early spermatid"	"other"	"SN194"	NA	6
"TAAGAGAAGCCACTAT"	""	"ERX6700419"	"ERP132580"	"testis"	"Pachytene_Spermatocytes"	NA	NA	NA	"CL:0000017"	"spermatocyte"	"missing child term"	"SN194"	NA	4
"TAAGAGACATGACGGA"	""	"ERX6700419"	"ERP132580"	"testis"	"Leptotene_Spermatocytes"	NA	NA	NA	"CL:0000017"	"spermatocyte"	"missing child term"	"SN194"	NA	11
"TAAGAGATCGCACTCT"	""	"ERX6700419"	"ERP132580"	"testis"	"Elongated_spermatids"	NA	NA	NA	"CL:4030037"	"late spermatid"	"perfect match"	"SN194"	NA	2
"TAAGAGATCTTGAGAC"	""	"ERX6700419"	"ERP132580"	"testis"	"Early_Round_spermatids"	NA	NA	NA	"CL:4030036"	"early spermatid"	"perfect match"	"SN194"	NA	8
"TAAGCGTCAAGAGTCG"	""	"ERX6700419"	"ERP132580"	"testis"	"Other_somatic"	NA	NA	NA	"CL:0002371"	"somatic cell"	"perfect match"	"SN194"	NA	1
"TAAGCGTCAAGGTTCT"	""	"ERX6700419"	"ERP132580"	"testis"	"Late_Round_spermatids"	NA	NA	NA	"CL:4030036"	"early spermatid"	"other"	"SN194"	NA	6
"TAAGCGTCACCAGTTA"	""	"ERX6700419"	"ERP132580"	"testis"	"Elongated_spermatids"	NA	NA	NA	"CL:4030037"	"late spermatid"	"perfect match"	"SN194"	NA	2
"TAAGCGTCACTACAGT"	""	"ERX6700419"	"ERP132580"	"testis"	"Leptotene_Spermatocytes"	NA	NA	NA	"CL:0000017"	"spermatocyte"	"missing child term"	"SN194"	NA	11
"TAAGCGTCATCTATGG"	""	"ERX6700419"	"ERP132580"	"testis"	"Elongated_spermatids"	NA	NA	NA	"CL:4030037"	"late spermatid"	"perfect match"	"SN194"	NA	2
"TAAGCGTCATTCCTGC"	""	"ERX6700419"	"ERP132580"	"testis"	"Undifferentiated_Spermatogonia"	NA	NA	NA	"CL:0000016"	"male germ line stem cell"	"other"	"SN194"	NA	9
"TAAGCGTCATTGCGGC"	""	"ERX6700419"	"ERP132580"	"testis"	"Early_Round_spermatids"	NA	NA	NA	"CL:4030036"	"early spermatid"	"perfect match"	"SN194"	NA	8
"TAAGCGTGTACTCTCC"	""	"ERX6700419"	"ERP132580"	"testis"	"Pachytene_Spermatocytes"	NA	NA	NA	"CL:0000017"	"spermatocyte"	"missing child term"	"SN194"	NA	4
"TAAGCGTGTCGCGGTT"	""	"ERX6700419"	"ERP132580"	"testis"	""	NA	NA	NA	"CL:0000000"	"cell"	"other"	"SN194"	NA	10
"TAAGCGTGTTGAGGTG"	""	"ERX6700419"	"ERP132580"	"testis"	"Zygotene_Spermatocytes"	NA	NA	NA	"CL:0000017"	"spermatocyte"	"missing child term"	"SN194"	NA	5
"TAAGCGTGTTGGAGGT"	""	"ERX6700419"	"ERP132580"	"testis"	"Pachytene_Spermatocytes"	NA	NA	NA	"CL:0000017"	"spermatocyte"	"missing child term"	"SN194"	NA	4
"TAAGTGCAGCTACCGC"	""	"ERX6700419"	"ERP132580"	"testis"	"Sertoli"	NA	NA	NA	"CL:0000216"	"Sertoli cell"	"perfect match"	"SN194"	NA	3
"TAAGTGCAGGTGACCA"	""	"ERX6700419"	"ERP132580"	"testis"	"Late_Round_spermatids"	NA	NA	NA	"CL:4030036"	"early spermatid"	"other"	"SN194"	NA	6
"TAAGTGCCAGCTGTGC"	""	"ERX6700419"	"ERP132580"	"testis"	"Other_somatic"	NA	NA	NA	"CL:0002371"	"somatic cell"	"perfect match"	"SN194"	NA	1
"TAAGTGCGTCATATGC"	""	"ERX6700419"	"ERP132580"	"testis"	"Leptotene_Spermatocytes"	NA	NA	NA	"CL:0000017"	"spermatocyte"	"missing child term"	"SN194"	NA	11
"TAAGTGCGTCCCTTGT"	""	"ERX6700419"	"ERP132580"	"testis"	"Leptotene_Spermatocytes"	NA	NA	NA	"CL:0000017"	"spermatocyte"	"missing child term"	"SN194"	NA	11
"TAAGTGCGTCTAGAGG"	""	"ERX6700419"	"ERP132580"	"testis"	"Undifferentiated_Spermatogonia"	NA	NA	NA	"CL:0000016"	"male germ line stem cell"	"other"	"SN194"	NA	9
"TAAGTGCGTGCTGTAT"	""	"ERX6700419"	"ERP132580"	"testis"	"Differentiated_Spermatogonia"	NA	NA	NA	"CL:0000020"	"spermatogonium"	"perfect match"	"SN194"	NA	7
"TAAGTGCGTTCCTCCA"	""	"ERX6700419"	"ERP132580"	"testis"	"Sertoli"	NA	NA	NA	"CL:0000216"	"Sertoli cell"	"perfect match"	"SN194"	NA	3
"TAAGTGCTCGCCCTTA"	""	"ERX6700419"	"ERP132580"	"testis"	"Differentiated_Spermatogonia"	NA	NA	NA	"CL:0000020"	"spermatogonium"	"perfect match"	"SN194"	NA	7
"TAAGTGCTCTCGCTTG"	""	"ERX6700419"	"ERP132580"	"testis"	"Other_somatic"	NA	NA	NA	"CL:0002371"	"somatic cell"	"perfect match"	"SN194"	NA	1
"TACACGAAGGAATTAC"	""	"ERX6700419"	"ERP132580"	"testis"	"Early_Round_spermatids"	NA	NA	NA	"CL:4030036"	"early spermatid"	"perfect match"	"SN194"	NA	8
"TACACGACAGTGGAGT"	""	"ERX6700419"	"ERP132580"	"testis"	"Late_Round_spermatids"	NA	NA	NA	"CL:4030036"	"early spermatid"	"other"	"SN194"	NA	6
"TACACGAGTACACCGC"	""	"ERX6700419"	"ERP132580"	"testis"	"Undifferentiated_Spermatogonia"	NA	NA	NA	"CL:0000016"	"male germ line stem cell"	"other"	"SN194"	NA	9
"TACACGAGTCTCTCGT"	""	"ERX6700419"	"ERP132580"	"testis"	"Pachytene_Spermatocytes"	NA	NA	NA	"CL:0000017"	"spermatocyte"	"missing child term"	"SN194"	NA	4
"TACACGAGTTCTGGTA"	""	"ERX6700419"	"ERP132580"	"testis"	"Undifferentiated_Spermatogonia"	NA	NA	NA	"CL:0000016"	"male germ line stem cell"	"other"	"SN194"	NA	9
"TACACGATCCGCAGTG"	""	"ERX6700419"	"ERP132580"	"testis"	"Late_Round_spermatids"	NA	NA	NA	"CL:4030036"	"early spermatid"	"other"	"SN194"	NA	6
"TACACGATCCTCATTA"	""	"ERX6700419"	"ERP132580"	"testis"	"Sertoli"	NA	NA	NA	"CL:0000216"	"Sertoli cell"	"perfect match"	"SN194"	NA	3
"TACAGTGAGACTAGGC"	""	"ERX6700419"	"ERP132580"	"testis"	"Late_Round_spermatids"	NA	NA	NA	"CL:4030036"	"early spermatid"	"other"	"SN194"	NA	6
"TACAGTGAGCTACCTA"	""	"ERX6700419"	"ERP132580"	"testis"	"Late_Round_spermatids"	NA	NA	NA	"CL:4030036"	"early spermatid"	"other"	"SN194"	NA	6
"TACAGTGAGTTAGGTA"	""	"ERX6700419"	"ERP132580"	"testis"	"Leptotene_Spermatocytes"	NA	NA	NA	"CL:0000017"	"spermatocyte"	"missing child term"	"SN194"	NA	11
"TACAGTGGTCTTTCAT"	""	"ERX6700419"	"ERP132580"	"testis"	"Other_somatic"	NA	NA	NA	"CL:0002371"	"somatic cell"	"perfect match"	"SN194"	NA	1
"TACCTATAGATATGCA"	""	"ERX6700419"	"ERP132580"	"testis"	"Early_Round_spermatids"	NA	NA	NA	"CL:4030036"	"early spermatid"	"perfect match"	"SN194"	NA	8
"TACCTATCAATACGCT"	""	"ERX6700419"	"ERP132580"	"testis"	"Late_Round_spermatids"	NA	NA	NA	"CL:4030036"	"early spermatid"	"other"	"SN194"	NA	6
"TACCTATCAGCGTAAG"	""	"ERX6700419"	"ERP132580"	"testis"	"Sertoli"	NA	NA	NA	"CL:0000216"	"Sertoli cell"	"perfect match"	"SN194"	NA	3
"TACCTATTCCGTAGTA"	""	"ERX6700419"	"ERP132580"	"testis"	"Sertoli"	NA	NA	NA	"CL:0000216"	"Sertoli cell"	"perfect match"	"SN194"	NA	3
"TACCTATTCTCTAGGA"	""	"ERX6700419"	"ERP132580"	"testis"	"Pachytene_Spermatocytes"	NA	NA	NA	"CL:0000017"	"spermatocyte"	"missing child term"	"SN194"	NA	4
"TACCTATTCTTCCTTC"	""	"ERX6700419"	"ERP132580"	"testis"	"Differentiated_Spermatogonia"	NA	NA	NA	"CL:0000020"	"spermatogonium"	"perfect match"	"SN194"	NA	7
"TACCTTAAGATGTTAG"	""	"ERX6700419"	"ERP132580"	"testis"	"Late_Round_spermatids"	NA	NA	NA	"CL:4030036"	"early spermatid"	"other"	"SN194"	NA	6
"TACCTTAAGGAGCGAG"	""	"ERX6700419"	"ERP132580"	"testis"	"Pachytene_Spermatocytes"	NA	NA	NA	"CL:0000017"	"spermatocyte"	"missing child term"	"SN194"	NA	4
"TACCTTACAGTAAGAT"	""	"ERX6700419"	"ERP132580"	"testis"	"Sertoli"	NA	NA	NA	"CL:0000216"	"Sertoli cell"	"perfect match"	"SN194"	NA	3
"TACCTTATCACAGTAC"	""	"ERX6700419"	"ERP132580"	"testis"	"Sertoli"	NA	NA	NA	"CL:0000216"	"Sertoli cell"	"perfect match"	"SN194"	NA	3
"TACCTTATCACTCTTA"	""	"ERX6700419"	"ERP132580"	"testis"	"Other_somatic"	NA	NA	NA	"CL:0002371"	"somatic cell"	"perfect match"	"SN194"	NA	1
"TACGGATAGAAGGCCT"	""	"ERX6700419"	"ERP132580"	"testis"	"Zygotene_Spermatocytes"	NA	NA	NA	"CL:0000017"	"spermatocyte"	"missing child term"	"SN194"	NA	5
"TACGGATAGGTTCCTA"	""	"ERX6700419"	"ERP132580"	"testis"	"Zygotene_Spermatocytes"	NA	NA	NA	"CL:0000017"	"spermatocyte"	"missing child term"	"SN194"	NA	5
"TACGGATAGTGTTAGA"	""	"ERX6700419"	"ERP132580"	"testis"	"Sertoli"	NA	NA	NA	"CL:0000216"	"Sertoli cell"	"perfect match"	"SN194"	NA	3
"TACGGATAGTTCGCAT"	""	"ERX6700419"	"ERP132580"	"testis"	"Other_somatic"	NA	NA	NA	"CL:0002371"	"somatic cell"	"perfect match"	"SN194"	NA	1
"TACGGATCATTACCTT"	""	"ERX6700419"	"ERP132580"	"testis"	"Early_Round_spermatids"	NA	NA	NA	"CL:4030036"	"early spermatid"	"perfect match"	"SN194"	NA	8
"TACGGATGTCTAACGT"	""	"ERX6700419"	"ERP132580"	"testis"	"Sertoli"	NA	NA	NA	"CL:0000216"	"Sertoli cell"	"perfect match"	"SN194"	NA	3
"TACGGATTCTGCTTGC"	""	"ERX6700419"	"ERP132580"	"testis"	"Sertoli"	NA	NA	NA	"CL:0000216"	"Sertoli cell"	"perfect match"	"SN194"	NA	3
"TACGGGCAGACACTAA"	""	"ERX6700419"	"ERP132580"	"testis"	"Leptotene_Spermatocytes"	NA	NA	NA	"CL:0000017"	"spermatocyte"	"missing child term"	"SN194"	NA	11
"TACGGGCAGCTGGAAC"	""	"ERX6700419"	"ERP132580"	"testis"	"Pachytene_Spermatocytes"	NA	NA	NA	"CL:0000017"	"spermatocyte"	"missing child term"	"SN194"	NA	4
"TACGGGCCACCTCGTT"	""	"ERX6700419"	"ERP132580"	"testis"	"Sertoli"	NA	NA	NA	"CL:0000216"	"Sertoli cell"	"perfect match"	"SN194"	NA	3
"TACGGGCCAGGTCGTC"	""	"ERX6700419"	"ERP132580"	"testis"	"Sertoli"	NA	NA	NA	"CL:0000216"	"Sertoli cell"	"perfect match"	"SN194"	NA	3
"TACGGGCTCATTGCCC"	""	"ERX6700419"	"ERP132580"	"testis"	"Undifferentiated_Spermatogonia"	NA	NA	NA	"CL:0000016"	"male germ line stem cell"	"other"	"SN194"	NA	9
"TACGGGCTCCAAAGTC"	""	"ERX6700419"	"ERP132580"	"testis"	"Differentiated_Spermatogonia"	NA	NA	NA	"CL:0000020"	"spermatogonium"	"perfect match"	"SN194"	NA	7
"TACGGTAAGACAGAGA"	""	"ERX6700419"	"ERP132580"	"testis"	"Leptotene_Spermatocytes"	NA	NA	NA	"CL:0000017"	"spermatocyte"	"missing child term"	"SN194"	NA	11
"TACGGTACAGACGCTC"	""	"ERX6700419"	"ERP132580"	"testis"	"Undifferentiated_Spermatogonia"	NA	NA	NA	"CL:0000016"	"male germ line stem cell"	"other"	"SN194"	NA	9
"TACGGTAGTCAAGCGA"	""	"ERX6700419"	"ERP132580"	"testis"	"Sertoli"	NA	NA	NA	"CL:0000216"	"Sertoli cell"	"perfect match"	"SN194"	NA	3
"TACGGTAGTTCTGTTT"	""	"ERX6700419"	"ERP132580"	"testis"	"Other_somatic"	NA	NA	NA	"CL:0002371"	"somatic cell"	"perfect match"	"SN194"	NA	1
"TACTCATAGCTCCTTC"	""	"ERX6700419"	"ERP132580"	"testis"	"Elongated_spermatids"	NA	NA	NA	"CL:4030037"	"late spermatid"	"perfect match"	"SN194"	NA	2
"TACTCATCACGCGAAA"	""	"ERX6700419"	"ERP132580"	"testis"	"Undifferentiated_Spermatogonia"	NA	NA	NA	"CL:0000016"	"male germ line stem cell"	"other"	"SN194"	NA	9
"TACTCATCAGGTCCAC"	""	"ERX6700419"	"ERP132580"	"testis"	"Sertoli"	NA	NA	NA	"CL:0000216"	"Sertoli cell"	"perfect match"	"SN194"	NA	3
"TACTCATGTCCGTTAA"	""	"ERX6700419"	"ERP132580"	"testis"	"Pachytene_Spermatocytes"	NA	NA	NA	"CL:0000017"	"spermatocyte"	"missing child term"	"SN194"	NA	4
"TACTCATGTGCAGGTA"	""	"ERX6700419"	"ERP132580"	"testis"	"Early_Round_spermatids"	NA	NA	NA	"CL:4030036"	"early spermatid"	"perfect match"	"SN194"	NA	8
"TACTCATTCAGAGACG"	""	"ERX6700419"	"ERP132580"	"testis"	"Differentiated_Spermatogonia"	NA	NA	NA	"CL:0000020"	"spermatogonium"	"perfect match"	"SN194"	NA	7
"TACTCATTCGGCTTGG"	""	"ERX6700419"	"ERP132580"	"testis"	"Early_Round_spermatids"	NA	NA	NA	"CL:4030036"	"early spermatid"	"perfect match"	"SN194"	NA	8
"TACTCATTCTTAGCCC"	""	"ERX6700419"	"ERP132580"	"testis"	"Differentiated_Spermatogonia"	NA	NA	NA	"CL:0000020"	"spermatogonium"	"perfect match"	"SN194"	NA	7
"TACTCGCCACATAACC"	""	"ERX6700419"	"ERP132580"	"testis"	"Leptotene_Spermatocytes"	NA	NA	NA	"CL:0000017"	"spermatocyte"	"missing child term"	"SN194"	NA	11
"TACTCGCCACCAACCG"	""	"ERX6700419"	"ERP132580"	"testis"	"Differentiated_Spermatogonia"	NA	NA	NA	"CL:0000020"	"spermatogonium"	"perfect match"	"SN194"	NA	7
"TACTCGCCACTCAGGC"	""	"ERX6700419"	"ERP132580"	"testis"	"Other_somatic"	NA	NA	NA	"CL:0002371"	"somatic cell"	"perfect match"	"SN194"	NA	1
"TACTCGCCAGGATTGG"	""	"ERX6700419"	"ERP132580"	"testis"	"Sertoli"	NA	NA	NA	"CL:0000216"	"Sertoli cell"	"perfect match"	"SN194"	NA	3
"TACTCGCGTAAACACA"	""	"ERX6700419"	"ERP132580"	"testis"	"Sertoli"	NA	NA	NA	"CL:0000216"	"Sertoli cell"	"perfect match"	"SN194"	NA	3
"TACTCGCGTCAGGACA"	""	"ERX6700419"	"ERP132580"	"testis"	"Pachytene_Spermatocytes"	NA	NA	NA	"CL:0000017"	"spermatocyte"	"missing child term"	"SN194"	NA	4
"TACTCGCGTCGAATCT"	""	"ERX6700419"	"ERP132580"	"testis"	"Pachytene_Spermatocytes"	NA	NA	NA	"CL:0000017"	"spermatocyte"	"missing child term"	"SN194"	NA	4
"TACTCGCGTGACGCCT"	""	"ERX6700419"	"ERP132580"	"testis"	"Pachytene_Spermatocytes"	NA	NA	NA	"CL:0000017"	"spermatocyte"	"missing child term"	"SN194"	NA	4
"TACTCGCTCAGTTGAC"	""	"ERX6700419"	"ERP132580"	"testis"	"Undifferentiated_Spermatogonia"	NA	NA	NA	"CL:0000016"	"male germ line stem cell"	"other"	"SN194"	NA	9
"TACTCGCTCGTCTGAA"	""	"ERX6700419"	"ERP132580"	"testis"	"Leptotene_Spermatocytes"	NA	NA	NA	"CL:0000017"	"spermatocyte"	"missing child term"	"SN194"	NA	11
"TACTTACCATCCCATC"	""	"ERX6700419"	"ERP132580"	"testis"	"Differentiated_Spermatogonia"	NA	NA	NA	"CL:0000020"	"spermatogonium"	"perfect match"	"SN194"	NA	7
"TACTTACGTCCGCTGA"	""	"ERX6700419"	"ERP132580"	"testis"	"Elongated_spermatids"	NA	NA	NA	"CL:4030037"	"late spermatid"	"perfect match"	"SN194"	NA	2
"TACTTACTCACGCGGT"	""	"ERX6700419"	"ERP132580"	"testis"	"Pachytene_Spermatocytes"	NA	NA	NA	"CL:0000017"	"spermatocyte"	"missing child term"	"SN194"	NA	4
"TACTTACTCCAACCAA"	""	"ERX6700419"	"ERP132580"	"testis"	"Late_Round_spermatids"	NA	NA	NA	"CL:4030036"	"early spermatid"	"other"	"SN194"	NA	6
"TACTTGTAGAATAGGG"	""	"ERX6700419"	"ERP132580"	"testis"	"Late_Round_spermatids"	NA	NA	NA	"CL:4030036"	"early spermatid"	"other"	"SN194"	NA	6
"TACTTGTAGCCTTGAT"	""	"ERX6700419"	"ERP132580"	"testis"	"Elongated_spermatids"	NA	NA	NA	"CL:4030037"	"late spermatid"	"perfect match"	"SN194"	NA	2
"TACTTGTAGTTCGCGC"	""	"ERX6700419"	"ERP132580"	"testis"	"Leptotene_Spermatocytes"	NA	NA	NA	"CL:0000017"	"spermatocyte"	"missing child term"	"SN194"	NA	11
"TACTTGTCAGGATTGG"	""	"ERX6700419"	"ERP132580"	"testis"	"Sertoli"	NA	NA	NA	"CL:0000216"	"Sertoli cell"	"perfect match"	"SN194"	NA	3
"TACTTGTCAGTAACGG"	""	"ERX6700419"	"ERP132580"	"testis"	"Late_Round_spermatids"	NA	NA	NA	"CL:4030036"	"early spermatid"	"other"	"SN194"	NA	6
"TACTTGTGTGAAAGAG"	""	"ERX6700419"	"ERP132580"	"testis"	"Differentiated_Spermatogonia"	NA	NA	NA	"CL:0000020"	"spermatogonium"	"perfect match"	"SN194"	NA	7
"TACTTGTTCCTCAACC"	""	"ERX6700419"	"ERP132580"	"testis"	"Elongated_spermatids"	NA	NA	NA	"CL:4030037"	"late spermatid"	"perfect match"	"SN194"	NA	2
"TACTTGTTCCTCTAGC"	""	"ERX6700419"	"ERP132580"	"testis"	"Other_somatic"	NA	NA	NA	"CL:0002371"	"somatic cell"	"perfect match"	"SN194"	NA	1
"TAGACCAAGAAGGGTA"	""	"ERX6700419"	"ERP132580"	"testis"	"Zygotene_Spermatocytes"	NA	NA	NA	"CL:0000017"	"spermatocyte"	"missing child term"	"SN194"	NA	5
"TAGACCAAGTTAAGTG"	""	"ERX6700419"	"ERP132580"	"testis"	"Early_Round_spermatids"	NA	NA	NA	"CL:4030036"	"early spermatid"	"perfect match"	"SN194"	NA	8
"TAGACCACAAGAAGAG"	""	"ERX6700419"	"ERP132580"	"testis"	"Elongated_spermatids"	NA	NA	NA	"CL:4030037"	"late spermatid"	"perfect match"	"SN194"	NA	2
"TAGACCACACAACGTT"	""	"ERX6700419"	"ERP132580"	"testis"	"Pachytene_Spermatocytes"	NA	NA	NA	"CL:0000017"	"spermatocyte"	"missing child term"	"SN194"	NA	4
"TAGACCACAGCGAACA"	""	"ERX6700419"	"ERP132580"	"testis"	"Undifferentiated_Spermatogonia"	NA	NA	NA	"CL:0000016"	"male germ line stem cell"	"other"	"SN194"	NA	9
"TAGACCACAGTGAGTG"	""	"ERX6700419"	"ERP132580"	"testis"	"Leptotene_Spermatocytes"	NA	NA	NA	"CL:0000017"	"spermatocyte"	"missing child term"	"SN194"	NA	11
"TAGACCACATTACCTT"	""	"ERX6700419"	"ERP132580"	"testis"	"Pachytene_Spermatocytes"	NA	NA	NA	"CL:0000017"	"spermatocyte"	"missing child term"	"SN194"	NA	4
"TAGACCAGTATGGTTC"	""	"ERX6700419"	"ERP132580"	"testis"	"Sertoli"	NA	NA	NA	"CL:0000216"	"Sertoli cell"	"perfect match"	"SN194"	NA	3
"TAGACCATCCGCATCT"	""	"ERX6700419"	"ERP132580"	"testis"	"Other_somatic"	NA	NA	NA	"CL:0002371"	"somatic cell"	"perfect match"	"SN194"	NA	1
"TAGAGCTAGCGCTCCA"	""	"ERX6700419"	"ERP132580"	"testis"	"Early_Round_spermatids"	NA	NA	NA	"CL:4030036"	"early spermatid"	"perfect match"	"SN194"	NA	8
"TAGAGCTAGGCAGGTT"	""	"ERX6700419"	"ERP132580"	"testis"	"Sertoli"	NA	NA	NA	"CL:0000216"	"Sertoli cell"	"perfect match"	"SN194"	NA	3
"TAGAGCTAGTCACGCC"	""	"ERX6700419"	"ERP132580"	"testis"	"Early_Round_spermatids"	NA	NA	NA	"CL:4030036"	"early spermatid"	"perfect match"	"SN194"	NA	8
"TAGAGCTCAAGGGTCA"	""	"ERX6700419"	"ERP132580"	"testis"	"Elongated_spermatids"	NA	NA	NA	"CL:4030037"	"late spermatid"	"perfect match"	"SN194"	NA	2
"TAGAGCTCAGATCTGT"	""	"ERX6700419"	"ERP132580"	"testis"	"Elongated_spermatids"	NA	NA	NA	"CL:4030037"	"late spermatid"	"perfect match"	"SN194"	NA	2
"TAGAGCTCAGCTCGCA"	""	"ERX6700419"	"ERP132580"	"testis"	"Other_somatic"	NA	NA	NA	"CL:0002371"	"somatic cell"	"perfect match"	"SN194"	NA	1
"TAGAGCTGTGGAAAGA"	""	"ERX6700419"	"ERP132580"	"testis"	"Sertoli"	NA	NA	NA	"CL:0000216"	"Sertoli cell"	"perfect match"	"SN194"	NA	3
"TAGCCGGAGAATGTGT"	""	"ERX6700419"	"ERP132580"	"testis"	"Sertoli"	NA	NA	NA	"CL:0000216"	"Sertoli cell"	"perfect match"	"SN194"	NA	3
"TAGCCGGAGTTAAGTG"	""	"ERX6700419"	"ERP132580"	"testis"	"Pachytene_Spermatocytes"	NA	NA	NA	"CL:0000017"	"spermatocyte"	"missing child term"	"SN194"	NA	4
"TAGCCGGAGTTCGATC"	""	"ERX6700419"	"ERP132580"	"testis"	"Undifferentiated_Spermatogonia"	NA	NA	NA	"CL:0000016"	"male germ line stem cell"	"other"	"SN194"	NA	9
"TAGCCGGCACGAAAGC"	""	"ERX6700419"	"ERP132580"	"testis"	"Differentiated_Spermatogonia"	NA	NA	NA	"CL:0000020"	"spermatogonium"	"perfect match"	"SN194"	NA	7
"TAGCCGGGTAGCCTAT"	""	"ERX6700419"	"ERP132580"	"testis"	"Pachytene_Spermatocytes"	NA	NA	NA	"CL:0000017"	"spermatocyte"	"missing child term"	"SN194"	NA	4
"TAGCCGGGTGAGGGTT"	""	"ERX6700419"	"ERP132580"	"testis"	"Other_somatic"	NA	NA	NA	"CL:0002371"	"somatic cell"	"perfect match"	"SN194"	NA	1
"TAGCCGGTCGACCAGC"	""	"ERX6700419"	"ERP132580"	"testis"	"Late_Round_spermatids"	NA	NA	NA	"CL:4030036"	"early spermatid"	"other"	"SN194"	NA	6
"TAGGCATAGTGGGTTG"	""	"ERX6700419"	"ERP132580"	"testis"	"Sertoli"	NA	NA	NA	"CL:0000216"	"Sertoli cell"	"perfect match"	"SN194"	NA	3
"TAGGCATCACATGGGA"	""	"ERX6700419"	"ERP132580"	"testis"	"Leptotene_Spermatocytes"	NA	NA	NA	"CL:0000017"	"spermatocyte"	"missing child term"	"SN194"	NA	11
"TAGGCATCACCCATGG"	""	"ERX6700419"	"ERP132580"	"testis"	"Pachytene_Spermatocytes"	NA	NA	NA	"CL:0000017"	"spermatocyte"	"missing child term"	"SN194"	NA	4
"TAGGCATTCATAGCAC"	""	"ERX6700419"	"ERP132580"	"testis"	"Differentiated_Spermatogonia"	NA	NA	NA	"CL:0000020"	"spermatogonium"	"perfect match"	"SN194"	NA	7
"TAGTGGTAGGCGCTCT"	""	"ERX6700419"	"ERP132580"	"testis"	"Late_Round_spermatids"	NA	NA	NA	"CL:4030036"	"early spermatid"	"other"	"SN194"	NA	6
"TAGTGGTCAAAGGCGT"	""	"ERX6700419"	"ERP132580"	"testis"	"Pachytene_Spermatocytes"	NA	NA	NA	"CL:0000017"	"spermatocyte"	"missing child term"	"SN194"	NA	4
"TAGTGGTCAGCTGCAC"	""	"ERX6700419"	"ERP132580"	"testis"	"Late_Round_spermatids"	NA	NA	NA	"CL:4030036"	"early spermatid"	"other"	"SN194"	NA	6
"TAGTGGTCAGTACACT"	""	"ERX6700419"	"ERP132580"	"testis"	"Undifferentiated_Spermatogonia"	NA	NA	NA	"CL:0000016"	"male germ line stem cell"	"other"	"SN194"	NA	9
"TAGTGGTCATATACCG"	""	"ERX6700419"	"ERP132580"	"testis"	"Late_Round_spermatids"	NA	NA	NA	"CL:4030036"	"early spermatid"	"other"	"SN194"	NA	6
"TAGTGGTGTACTCAAC"	""	"ERX6700419"	"ERP132580"	"testis"	"Sertoli"	NA	NA	NA	"CL:0000216"	"Sertoli cell"	"perfect match"	"SN194"	NA	3
"TAGTGGTGTTACGGAG"	""	"ERX6700419"	"ERP132580"	"testis"	"Zygotene_Spermatocytes"	NA	NA	NA	"CL:0000017"	"spermatocyte"	"missing child term"	"SN194"	NA	5
"TAGTGGTTCGCGGATC"	""	"ERX6700419"	"ERP132580"	"testis"	"Early_Round_spermatids"	NA	NA	NA	"CL:4030036"	"early spermatid"	"perfect match"	"SN194"	NA	8
"TAGTGGTTCGTTACGA"	""	"ERX6700419"	"ERP132580"	"testis"	"Undifferentiated_Spermatogonia"	NA	NA	NA	"CL:0000016"	"male germ line stem cell"	"other"	"SN194"	NA	9
"TAGTGGTTCGTTTAGG"	""	"ERX6700419"	"ERP132580"	"testis"	"Pachytene_Spermatocytes"	NA	NA	NA	"CL:0000017"	"spermatocyte"	"missing child term"	"SN194"	NA	4
"TAGTTGGAGCAAATCA"	""	"ERX6700419"	"ERP132580"	"testis"	"Late_Round_spermatids"	NA	NA	NA	"CL:4030036"	"early spermatid"	"other"	"SN194"	NA	6
"TAGTTGGAGGACAGAA"	""	"ERX6700419"	"ERP132580"	"testis"	"Elongated_spermatids"	NA	NA	NA	"CL:4030037"	"late spermatid"	"perfect match"	"SN194"	NA	2
"TAGTTGGCATATGGTC"	""	"ERX6700419"	"ERP132580"	"testis"	"Early_Round_spermatids"	NA	NA	NA	"CL:4030036"	"early spermatid"	"perfect match"	"SN194"	NA	8
"TAGTTGGCATTTCACT"	""	"ERX6700419"	"ERP132580"	"testis"	"Pachytene_Spermatocytes"	NA	NA	NA	"CL:0000017"	"spermatocyte"	"missing child term"	"SN194"	NA	4
"TAGTTGGGTCCGAGTC"	""	"ERX6700419"	"ERP132580"	"testis"	"Other_somatic"	NA	NA	NA	"CL:0002371"	"somatic cell"	"perfect match"	"SN194"	NA	1
"TATCAGGAGATGCCAG"	""	"ERX6700419"	"ERP132580"	"testis"	"Late_Round_spermatids"	NA	NA	NA	"CL:4030036"	"early spermatid"	"other"	"SN194"	NA	6
"TATCAGGCACGACTCG"	""	"ERX6700419"	"ERP132580"	"testis"	"Pachytene_Spermatocytes"	NA	NA	NA	"CL:0000017"	"spermatocyte"	"missing child term"	"SN194"	NA	4
"TATCAGGCAGCTGGCT"	""	"ERX6700419"	"ERP132580"	"testis"	"Undifferentiated_Spermatogonia"	NA	NA	NA	"CL:0000016"	"male germ line stem cell"	"other"	"SN194"	NA	9
"TATCAGGCAGTCCTTC"	""	"ERX6700419"	"ERP132580"	"testis"	"Late_Round_spermatids"	NA	NA	NA	"CL:4030036"	"early spermatid"	"other"	"SN194"	NA	6
"TATCAGGCATTGGCGC"	""	"ERX6700419"	"ERP132580"	"testis"	"Other_somatic"	NA	NA	NA	"CL:0002371"	"somatic cell"	"perfect match"	"SN194"	NA	1
"TATCAGGGTAAGGATT"	""	"ERX6700419"	"ERP132580"	"testis"	"Pachytene_Spermatocytes"	NA	NA	NA	"CL:0000017"	"spermatocyte"	"missing child term"	"SN194"	NA	4
"TATCAGGGTCAGATAA"	""	"ERX6700419"	"ERP132580"	"testis"	"Late_Round_spermatids"	NA	NA	NA	"CL:4030036"	"early spermatid"	"other"	"SN194"	NA	6
"TATCAGGGTCTTGTCC"	""	"ERX6700419"	"ERP132580"	"testis"	"Zygotene_Spermatocytes"	NA	NA	NA	"CL:0000017"	"spermatocyte"	"missing child term"	"SN194"	NA	5
"TATCAGGTCACCATAG"	""	"ERX6700419"	"ERP132580"	"testis"	"Sertoli"	NA	NA	NA	"CL:0000216"	"Sertoli cell"	"perfect match"	"SN194"	NA	3
"TATCTCACAAACCTAC"	""	"ERX6700419"	"ERP132580"	"testis"	"Elongated_spermatids"	NA	NA	NA	"CL:4030037"	"late spermatid"	"perfect match"	"SN194"	NA	2
"TATCTCACACATCCAA"	""	"ERX6700419"	"ERP132580"	"testis"	"Sertoli"	NA	NA	NA	"CL:0000216"	"Sertoli cell"	"perfect match"	"SN194"	NA	3
"TATCTCACATGCCTTC"	""	"ERX6700419"	"ERP132580"	"testis"	"Zygotene_Spermatocytes"	NA	NA	NA	"CL:0000017"	"spermatocyte"	"missing child term"	"SN194"	NA	5
"TATCTCAGTACTCAAC"	""	"ERX6700419"	"ERP132580"	"testis"	"Sertoli"	NA	NA	NA	"CL:0000216"	"Sertoli cell"	"perfect match"	"SN194"	NA	3
"TATCTCAGTCAATACC"	""	"ERX6700419"	"ERP132580"	"testis"	"Other_somatic"	NA	NA	NA	"CL:0002371"	"somatic cell"	"perfect match"	"SN194"	NA	1
"TATCTCATCTTAGCCC"	""	"ERX6700419"	"ERP132580"	"testis"	"Other_somatic"	NA	NA	NA	"CL:0002371"	"somatic cell"	"perfect match"	"SN194"	NA	1
"TATGCCCCAAGTAGTA"	""	"ERX6700419"	"ERP132580"	"testis"	"Sertoli"	NA	NA	NA	"CL:0000216"	"Sertoli cell"	"perfect match"	"SN194"	NA	3
"TATGCCCCAATCACAC"	""	"ERX6700419"	"ERP132580"	"testis"	"Sertoli"	NA	NA	NA	"CL:0000216"	"Sertoli cell"	"perfect match"	"SN194"	NA	3
"TATGCCCCAGACGCCT"	""	"ERX6700419"	"ERP132580"	"testis"	"Differentiated_Spermatogonia"	NA	NA	NA	"CL:0000020"	"spermatogonium"	"perfect match"	"SN194"	NA	7
"TATGCCCCAGTTAACC"	""	"ERX6700419"	"ERP132580"	"testis"	"Elongated_spermatids"	NA	NA	NA	"CL:4030037"	"late spermatid"	"perfect match"	"SN194"	NA	2
"TATGCCCGTACAGTTC"	""	"ERX6700419"	"ERP132580"	"testis"	"Sertoli"	NA	NA	NA	"CL:0000216"	"Sertoli cell"	"perfect match"	"SN194"	NA	3
"TATGCCCGTCTAACGT"	""	"ERX6700419"	"ERP132580"	"testis"	"Early_Round_spermatids"	NA	NA	NA	"CL:4030036"	"early spermatid"	"perfect match"	"SN194"	NA	8
"TATGCCCTCGAACTGT"	""	"ERX6700419"	"ERP132580"	"testis"	"Other_somatic"	NA	NA	NA	"CL:0002371"	"somatic cell"	"perfect match"	"SN194"	NA	1
"TATTACCAGATATACG"	""	"ERX6700419"	"ERP132580"	"testis"	"Late_Round_spermatids"	NA	NA	NA	"CL:4030036"	"early spermatid"	"other"	"SN194"	NA	6
"TATTACCAGGCTACGA"	""	"ERX6700419"	"ERP132580"	"testis"	"Zygotene_Spermatocytes"	NA	NA	NA	"CL:0000017"	"spermatocyte"	"missing child term"	"SN194"	NA	5
"TATTACCCAACGATGG"	""	"ERX6700419"	"ERP132580"	"testis"	"Undifferentiated_Spermatogonia"	NA	NA	NA	"CL:0000016"	"male germ line stem cell"	"other"	"SN194"	NA	9
"TATTACCGTCCAGTAT"	""	"ERX6700419"	"ERP132580"	"testis"	"Zygotene_Spermatocytes"	NA	NA	NA	"CL:0000017"	"spermatocyte"	"missing child term"	"SN194"	NA	5
"TATTACCGTTCGCGAC"	""	"ERX6700419"	"ERP132580"	"testis"	"Late_Round_spermatids"	NA	NA	NA	"CL:4030036"	"early spermatid"	"other"	"SN194"	NA	6
"TATTACCTCAAGGTAA"	""	"ERX6700419"	"ERP132580"	"testis"	"Early_Round_spermatids"	NA	NA	NA	"CL:4030036"	"early spermatid"	"perfect match"	"SN194"	NA	8
"TATTACCTCACGACTA"	""	"ERX6700419"	"ERP132580"	"testis"	"Undifferentiated_Spermatogonia"	NA	NA	NA	"CL:0000016"	"male germ line stem cell"	"other"	"SN194"	NA	9
"TATTACCTCGTACGGC"	""	"ERX6700419"	"ERP132580"	"testis"	"Late_Round_spermatids"	NA	NA	NA	"CL:4030036"	"early spermatid"	"other"	"SN194"	NA	6
"TCAACGAAGCCAGTAG"	""	"ERX6700419"	"ERP132580"	"testis"	"Other_somatic"	NA	NA	NA	"CL:0002371"	"somatic cell"	"perfect match"	"SN194"	NA	1
"TCAACGACATACTACG"	""	"ERX6700419"	"ERP132580"	"testis"	"Zygotene_Spermatocytes"	NA	NA	NA	"CL:0000017"	"spermatocyte"	"missing child term"	"SN194"	NA	5
"TCAACGAGTAGGCATG"	""	"ERX6700419"	"ERP132580"	"testis"	"Early_Round_spermatids"	NA	NA	NA	"CL:4030036"	"early spermatid"	"perfect match"	"SN194"	NA	8
"TCAACGAGTATATCCG"	""	"ERX6700419"	"ERP132580"	"testis"	"Pachytene_Spermatocytes"	NA	NA	NA	"CL:0000017"	"spermatocyte"	"missing child term"	"SN194"	NA	4
"TCAACGAGTCCGAATT"	""	"ERX6700419"	"ERP132580"	"testis"	"Pachytene_Spermatocytes"	NA	NA	NA	"CL:0000017"	"spermatocyte"	"missing child term"	"SN194"	NA	4
"TCAACGAGTGACTCAT"	""	"ERX6700419"	"ERP132580"	"testis"	"Late_Round_spermatids"	NA	NA	NA	"CL:4030036"	"early spermatid"	"other"	"SN194"	NA	6
"TCAACGATCCTTGGTC"	""	"ERX6700419"	"ERP132580"	"testis"	"Sertoli"	NA	NA	NA	"CL:0000216"	"Sertoli cell"	"perfect match"	"SN194"	NA	3
"TCAATCTAGAAACCTA"	""	"ERX6700419"	"ERP132580"	"testis"	"Sertoli"	NA	NA	NA	"CL:0000216"	"Sertoli cell"	"perfect match"	"SN194"	NA	3
"TCAATCTAGTATCTCG"	""	"ERX6700419"	"ERP132580"	"testis"	"Early_Round_spermatids"	NA	NA	NA	"CL:4030036"	"early spermatid"	"perfect match"	"SN194"	NA	8
"TCAATCTCAAACGTGG"	""	"ERX6700419"	"ERP132580"	"testis"	"Sertoli"	NA	NA	NA	"CL:0000216"	"Sertoli cell"	"perfect match"	"SN194"	NA	3
"TCAATCTCAGCTTCGG"	""	"ERX6700419"	"ERP132580"	"testis"	"Sertoli"	NA	NA	NA	"CL:0000216"	"Sertoli cell"	"perfect match"	"SN194"	NA	3
"TCAATCTGTGAGGCTA"	""	"ERX6700419"	"ERP132580"	"testis"	"Other_somatic"	NA	NA	NA	"CL:0002371"	"somatic cell"	"perfect match"	"SN194"	NA	1
"TCAATCTGTTAAGGGC"	""	"ERX6700419"	"ERP132580"	"testis"	"Sertoli"	NA	NA	NA	"CL:0000216"	"Sertoli cell"	"perfect match"	"SN194"	NA	3
"TCAATCTTCTACGAGT"	""	"ERX6700419"	"ERP132580"	"testis"	"Undifferentiated_Spermatogonia"	NA	NA	NA	"CL:0000016"	"male germ line stem cell"	"other"	"SN194"	NA	9
"TCACAAGAGATAGTCA"	""	"ERX6700419"	"ERP132580"	"testis"	"Pachytene_Spermatocytes"	NA	NA	NA	"CL:0000017"	"spermatocyte"	"missing child term"	"SN194"	NA	4
"TCACAAGAGTATCGAA"	""	"ERX6700419"	"ERP132580"	"testis"	"Other_somatic"	NA	NA	NA	"CL:0002371"	"somatic cell"	"perfect match"	"SN194"	NA	1
"TCACAAGGTCCGTGAC"	""	"ERX6700419"	"ERP132580"	"testis"	"Late_Round_spermatids"	NA	NA	NA	"CL:4030036"	"early spermatid"	"other"	"SN194"	NA	6
"TCACAAGGTGATAAGT"	""	"ERX6700419"	"ERP132580"	"testis"	"Late_Round_spermatids"	NA	NA	NA	"CL:4030036"	"early spermatid"	"other"	"SN194"	NA	6
"TCACAAGGTGATGTGG"	""	"ERX6700419"	"ERP132580"	"testis"	"Late_Round_spermatids"	NA	NA	NA	"CL:4030036"	"early spermatid"	"other"	"SN194"	NA	6
"TCACAAGGTTTGGCGC"	""	"ERX6700419"	"ERP132580"	"testis"	"Sertoli"	NA	NA	NA	"CL:0000216"	"Sertoli cell"	"perfect match"	"SN194"	NA	3
"TCACAAGTCACGCGGT"	""	"ERX6700419"	"ERP132580"	"testis"	"Leptotene_Spermatocytes"	NA	NA	NA	"CL:0000017"	"spermatocyte"	"missing child term"	"SN194"	NA	11
"TCACGAAGTACCGGCT"	""	"ERX6700419"	"ERP132580"	"testis"	"Other_somatic"	NA	NA	NA	"CL:0002371"	"somatic cell"	"perfect match"	"SN194"	NA	1
"TCACGAAGTTTGTTGG"	""	"ERX6700419"	"ERP132580"	"testis"	"Late_Round_spermatids"	NA	NA	NA	"CL:4030036"	"early spermatid"	"other"	"SN194"	NA	6
"TCACGAATCTGCTGTC"	""	"ERX6700419"	"ERP132580"	"testis"	"Differentiated_Spermatogonia"	NA	NA	NA	"CL:0000020"	"spermatogonium"	"perfect match"	"SN194"	NA	7
"TCAGATGAGAATCTCC"	""	"ERX6700419"	"ERP132580"	"testis"	"Early_Round_spermatids"	NA	NA	NA	"CL:4030036"	"early spermatid"	"perfect match"	"SN194"	NA	8
"TCAGATGAGCCAGAAC"	""	"ERX6700419"	"ERP132580"	"testis"	"Early_Round_spermatids"	NA	NA	NA	"CL:4030036"	"early spermatid"	"perfect match"	"SN194"	NA	8
"TCAGATGAGGTCGGAT"	""	"ERX6700419"	"ERP132580"	"testis"	"Other_somatic"	NA	NA	NA	"CL:0002371"	"somatic cell"	"perfect match"	"SN194"	NA	1
"TCAGATGCACGGCGTT"	""	"ERX6700419"	"ERP132580"	"testis"	"Early_Round_spermatids"	NA	NA	NA	"CL:4030036"	"early spermatid"	"perfect match"	"SN194"	NA	8
"TCAGATGCAGCCAATT"	""	"ERX6700419"	"ERP132580"	"testis"	"Early_Round_spermatids"	NA	NA	NA	"CL:4030036"	"early spermatid"	"perfect match"	"SN194"	NA	8
"TCAGATGGTACCGTTA"	""	"ERX6700419"	"ERP132580"	"testis"	"Pachytene_Spermatocytes"	NA	NA	NA	"CL:0000017"	"spermatocyte"	"missing child term"	"SN194"	NA	4
"TCAGATGTCAAACCAC"	""	"ERX6700419"	"ERP132580"	"testis"	"Elongated_spermatids"	NA	NA	NA	"CL:4030037"	"late spermatid"	"perfect match"	"SN194"	NA	2
"TCAGATGTCAGCTCTC"	""	"ERX6700419"	"ERP132580"	"testis"	"Leptotene_Spermatocytes"	NA	NA	NA	"CL:0000017"	"spermatocyte"	"missing child term"	"SN194"	NA	11
"TCAGATGTCCGGGTGT"	""	"ERX6700419"	"ERP132580"	"testis"	"Other_somatic"	NA	NA	NA	"CL:0002371"	"somatic cell"	"perfect match"	"SN194"	NA	1
"TCAGCAAAGATCGATA"	""	"ERX6700419"	"ERP132580"	"testis"	"Zygotene_Spermatocytes"	NA	NA	NA	"CL:0000017"	"spermatocyte"	"missing child term"	"SN194"	NA	5
"TCAGCAAAGATGAGAG"	""	"ERX6700419"	"ERP132580"	"testis"	"Other_somatic"	NA	NA	NA	"CL:0002371"	"somatic cell"	"perfect match"	"SN194"	NA	1
"TCAGCAAAGTCCAGGA"	""	"ERX6700419"	"ERP132580"	"testis"	"Sertoli"	NA	NA	NA	"CL:0000216"	"Sertoli cell"	"perfect match"	"SN194"	NA	3
"TCAGCAAAGTGCCAGA"	""	"ERX6700419"	"ERP132580"	"testis"	"Elongated_spermatids"	NA	NA	NA	"CL:4030037"	"late spermatid"	"perfect match"	"SN194"	NA	2
"TCAGCAAAGTTAGCGG"	""	"ERX6700419"	"ERP132580"	"testis"	"Early_Round_spermatids"	NA	NA	NA	"CL:4030036"	"early spermatid"	"perfect match"	"SN194"	NA	8
"TCAGCAACATATACCG"	""	"ERX6700419"	"ERP132580"	"testis"	"Late_Round_spermatids"	NA	NA	NA	"CL:4030036"	"early spermatid"	"other"	"SN194"	NA	6
"TCAGCAACATCTACGA"	""	"ERX6700419"	"ERP132580"	"testis"	"Differentiated_Spermatogonia"	NA	NA	NA	"CL:0000020"	"spermatogonium"	"perfect match"	"SN194"	NA	7
"TCAGCAAGTGGGTCAA"	""	"ERX6700419"	"ERP132580"	"testis"	"Zygotene_Spermatocytes"	NA	NA	NA	"CL:0000017"	"spermatocyte"	"missing child term"	"SN194"	NA	5
"TCAGCTCCATGATCCA"	""	"ERX6700419"	"ERP132580"	"testis"	"Zygotene_Spermatocytes"	NA	NA	NA	"CL:0000017"	"spermatocyte"	"missing child term"	"SN194"	NA	5
"TCAGCTCCATGTTGAC"	""	"ERX6700419"	"ERP132580"	"testis"	"Late_Round_spermatids"	NA	NA	NA	"CL:4030036"	"early spermatid"	"other"	"SN194"	NA	6
"TCAGCTCGTAGAAGGA"	""	"ERX6700419"	"ERP132580"	"testis"	"Late_Round_spermatids"	NA	NA	NA	"CL:4030036"	"early spermatid"	"other"	"SN194"	NA	6
"TCAGCTCGTATATGAG"	""	"ERX6700419"	"ERP132580"	"testis"	"Pachytene_Spermatocytes"	NA	NA	NA	"CL:0000017"	"spermatocyte"	"missing child term"	"SN194"	NA	4
"TCAGCTCGTCTAGAGG"	""	"ERX6700419"	"ERP132580"	"testis"	"Other_somatic"	NA	NA	NA	"CL:0002371"	"somatic cell"	"perfect match"	"SN194"	NA	1
"TCAGCTCGTGGAAAGA"	""	"ERX6700419"	"ERP132580"	"testis"	"Undifferentiated_Spermatogonia"	NA	NA	NA	"CL:0000016"	"male germ line stem cell"	"other"	"SN194"	NA	9
"TCAGCTCTCGCGTAGC"	""	"ERX6700419"	"ERP132580"	"testis"	"Leptotene_Spermatocytes"	NA	NA	NA	"CL:0000017"	"spermatocyte"	"missing child term"	"SN194"	NA	11
"TCAGGATTCAAAGTAG"	""	"ERX6700419"	"ERP132580"	"testis"	"Sertoli"	NA	NA	NA	"CL:0000216"	"Sertoli cell"	"perfect match"	"SN194"	NA	3
"TCAGGTAAGCGCTCCA"	""	"ERX6700419"	"ERP132580"	"testis"	"Other_somatic"	NA	NA	NA	"CL:0002371"	"somatic cell"	"perfect match"	"SN194"	NA	1
"TCAGGTAAGCTCCTTC"	""	"ERX6700419"	"ERP132580"	"testis"	"Elongated_spermatids"	NA	NA	NA	"CL:4030037"	"late spermatid"	"perfect match"	"SN194"	NA	2
"TCAGGTAAGCTGCCCA"	""	"ERX6700419"	"ERP132580"	"testis"	"Zygotene_Spermatocytes"	NA	NA	NA	"CL:0000017"	"spermatocyte"	"missing child term"	"SN194"	NA	5
"TCAGGTACAAGGACTG"	""	"ERX6700419"	"ERP132580"	"testis"	"Early_Round_spermatids"	NA	NA	NA	"CL:4030036"	"early spermatid"	"perfect match"	"SN194"	NA	8
"TCAGGTACAATGACCT"	""	"ERX6700419"	"ERP132580"	"testis"	"Zygotene_Spermatocytes"	NA	NA	NA	"CL:0000017"	"spermatocyte"	"missing child term"	"SN194"	NA	5
"TCAGGTACACGAAGCA"	""	"ERX6700419"	"ERP132580"	"testis"	"Other_somatic"	NA	NA	NA	"CL:0002371"	"somatic cell"	"perfect match"	"SN194"	NA	1
"TCAGGTAGTACCAGTT"	""	"ERX6700419"	"ERP132580"	"testis"	"Differentiated_Spermatogonia"	NA	NA	NA	"CL:0000020"	"spermatogonium"	"perfect match"	"SN194"	NA	7
"TCAGGTAGTATATGAG"	""	"ERX6700419"	"ERP132580"	"testis"	"Pachytene_Spermatocytes"	NA	NA	NA	"CL:0000017"	"spermatocyte"	"missing child term"	"SN194"	NA	4
"TCAGGTAGTTGTCTTT"	""	"ERX6700419"	"ERP132580"	"testis"	"Undifferentiated_Spermatogonia"	NA	NA	NA	"CL:0000016"	"male germ line stem cell"	"other"	"SN194"	NA	9
"TCAGGTATCCTATGTT"	""	"ERX6700419"	"ERP132580"	"testis"	"Early_Round_spermatids"	NA	NA	NA	"CL:4030036"	"early spermatid"	"perfect match"	"SN194"	NA	8
"TCAGGTATCTACTCAT"	""	"ERX6700419"	"ERP132580"	"testis"	"Late_Round_spermatids"	NA	NA	NA	"CL:4030036"	"early spermatid"	"other"	"SN194"	NA	6
"TCATTACAGACTGTAA"	""	"ERX6700419"	"ERP132580"	"testis"	"Differentiated_Spermatogonia"	NA	NA	NA	"CL:0000020"	"spermatogonium"	"perfect match"	"SN194"	NA	7
"TCATTACAGATATGGT"	""	"ERX6700419"	"ERP132580"	"testis"	"Other_somatic"	NA	NA	NA	"CL:0002371"	"somatic cell"	"perfect match"	"SN194"	NA	1
"TCATTACAGGCGTACA"	""	"ERX6700419"	"ERP132580"	"testis"	"Other_somatic"	NA	NA	NA	"CL:0002371"	"somatic cell"	"perfect match"	"SN194"	NA	1
"TCATTACCATGTTGAC"	""	"ERX6700419"	"ERP132580"	"testis"	"Leptotene_Spermatocytes"	NA	NA	NA	"CL:0000017"	"spermatocyte"	"missing child term"	"SN194"	NA	11
"TCATTACGTTCATGGT"	""	"ERX6700419"	"ERP132580"	"testis"	"Other_somatic"	NA	NA	NA	"CL:0002371"	"somatic cell"	"perfect match"	"SN194"	NA	1
"TCATTACTCAAGGTAA"	""	"ERX6700419"	"ERP132580"	"testis"	"Late_Round_spermatids"	NA	NA	NA	"CL:4030036"	"early spermatid"	"other"	"SN194"	NA	6
"TCATTTGAGACATAAC"	""	"ERX6700419"	"ERP132580"	"testis"	"Sertoli"	NA	NA	NA	"CL:0000216"	"Sertoli cell"	"perfect match"	"SN194"	NA	3
"TCATTTGAGAGCTGCA"	""	"ERX6700419"	"ERP132580"	"testis"	"Undifferentiated_Spermatogonia"	NA	NA	NA	"CL:0000016"	"male germ line stem cell"	"other"	"SN194"	NA	9
"TCATTTGCACCTATCC"	""	"ERX6700419"	"ERP132580"	"testis"	"Zygotene_Spermatocytes"	NA	NA	NA	"CL:0000017"	"spermatocyte"	"missing child term"	"SN194"	NA	5
"TCATTTGGTAAACCTC"	""	"ERX6700419"	"ERP132580"	"testis"	"Elongated_spermatids"	NA	NA	NA	"CL:4030037"	"late spermatid"	"perfect match"	"SN194"	NA	2
"TCATTTGGTGTCGCTG"	""	"ERX6700419"	"ERP132580"	"testis"	"Late_Round_spermatids"	NA	NA	NA	"CL:4030036"	"early spermatid"	"other"	"SN194"	NA	6
"TCATTTGTCAACGAAA"	""	"ERX6700419"	"ERP132580"	"testis"	"Late_Round_spermatids"	NA	NA	NA	"CL:4030036"	"early spermatid"	"other"	"SN194"	NA	6
"TCCACACAGTGTACCT"	""	"ERX6700419"	"ERP132580"	"testis"	"Other_somatic"	NA	NA	NA	"CL:0002371"	"somatic cell"	"perfect match"	"SN194"	NA	1
"TCCACACGTCCTGCTT"	""	"ERX6700419"	"ERP132580"	"testis"	"Pachytene_Spermatocytes"	NA	NA	NA	"CL:0000017"	"spermatocyte"	"missing child term"	"SN194"	NA	4
"TCCACACGTTAAGGGC"	""	"ERX6700419"	"ERP132580"	"testis"	"Leptotene_Spermatocytes"	NA	NA	NA	"CL:0000017"	"spermatocyte"	"missing child term"	"SN194"	NA	11
"TCCACACTCAGGATCT"	""	"ERX6700419"	"ERP132580"	"testis"	"Late_Round_spermatids"	NA	NA	NA	"CL:4030036"	"early spermatid"	"other"	"SN194"	NA	6
"TCCACACTCTGATTCT"	""	"ERX6700419"	"ERP132580"	"testis"	"Undifferentiated_Spermatogonia"	NA	NA	NA	"CL:0000016"	"male germ line stem cell"	"other"	"SN194"	NA	9
"TCCCGATGTCCGAAGA"	""	"ERX6700419"	"ERP132580"	"testis"	"Late_Round_spermatids"	NA	NA	NA	"CL:4030036"	"early spermatid"	"other"	"SN194"	NA	6
"TCCCGATGTTACGACT"	""	"ERX6700419"	"ERP132580"	"testis"	"Sertoli"	NA	NA	NA	"CL:0000216"	"Sertoli cell"	"perfect match"	"SN194"	NA	3
"TCCCGATTCAACCATG"	""	"ERX6700419"	"ERP132580"	"testis"	"Early_Round_spermatids"	NA	NA	NA	"CL:4030036"	"early spermatid"	"perfect match"	"SN194"	NA	8
"TCCCGATTCGAATGCT"	""	"ERX6700419"	"ERP132580"	"testis"	"Sertoli"	NA	NA	NA	"CL:0000216"	"Sertoli cell"	"perfect match"	"SN194"	NA	3
"TCCCGATTCGGGAGTA"	""	"ERX6700419"	"ERP132580"	"testis"	"Sertoli"	NA	NA	NA	"CL:0000216"	"Sertoli cell"	"perfect match"	"SN194"	NA	3
"TCCCGATTCTGCTGTC"	""	"ERX6700419"	"ERP132580"	"testis"	"Other_somatic"	NA	NA	NA	"CL:0002371"	"somatic cell"	"perfect match"	"SN194"	NA	1
"TCGAGGCAGAATCTCC"	""	"ERX6700419"	"ERP132580"	"testis"	"Pachytene_Spermatocytes"	NA	NA	NA	"CL:0000017"	"spermatocyte"	"missing child term"	"SN194"	NA	4
"TCGAGGCAGCGATATA"	""	"ERX6700419"	"ERP132580"	"testis"	"Sertoli"	NA	NA	NA	"CL:0000216"	"Sertoli cell"	"perfect match"	"SN194"	NA	3
"TCGAGGCAGCGTCTAT"	""	"ERX6700419"	"ERP132580"	"testis"	"Elongated_spermatids"	NA	NA	NA	"CL:4030037"	"late spermatid"	"perfect match"	"SN194"	NA	2
"TCGAGGCAGGATCGCA"	""	"ERX6700419"	"ERP132580"	"testis"	"Pachytene_Spermatocytes"	NA	NA	NA	"CL:0000017"	"spermatocyte"	"missing child term"	"SN194"	NA	4
"TCGAGGCAGTTAAGTG"	""	"ERX6700419"	"ERP132580"	"testis"	"Undifferentiated_Spermatogonia"	NA	NA	NA	"CL:0000016"	"male germ line stem cell"	"other"	"SN194"	NA	9
"TCGAGGCCATGCCACG"	""	"ERX6700419"	"ERP132580"	"testis"	"Undifferentiated_Spermatogonia"	NA	NA	NA	"CL:0000016"	"male germ line stem cell"	"other"	"SN194"	NA	9
"TCGAGGCTCAAGCCTA"	""	"ERX6700419"	"ERP132580"	"testis"	"Zygotene_Spermatocytes"	NA	NA	NA	"CL:0000017"	"spermatocyte"	"missing child term"	"SN194"	NA	5
"TCGAGGCTCCCATTAT"	""	"ERX6700419"	"ERP132580"	"testis"	"Leptotene_Spermatocytes"	NA	NA	NA	"CL:0000017"	"spermatocyte"	"missing child term"	"SN194"	NA	11
"TCGAGGCTCCCTAATT"	""	"ERX6700419"	"ERP132580"	"testis"	"Differentiated_Spermatogonia"	NA	NA	NA	"CL:0000020"	"spermatogonium"	"perfect match"	"SN194"	NA	7
"TCGAGGCTCGCGTAGC"	""	"ERX6700419"	"ERP132580"	"testis"	"Undifferentiated_Spermatogonia"	NA	NA	NA	"CL:0000016"	"male germ line stem cell"	"other"	"SN194"	NA	9
"TCGAGGCTCTCACATT"	""	"ERX6700419"	"ERP132580"	"testis"	"Early_Round_spermatids"	NA	NA	NA	"CL:4030036"	"early spermatid"	"perfect match"	"SN194"	NA	8
"TCGCGAGCAATGGACG"	""	"ERX6700419"	"ERP132580"	"testis"	"Other_somatic"	NA	NA	NA	"CL:0002371"	"somatic cell"	"perfect match"	"SN194"	NA	1
"TCGCGAGCAGCTGTTA"	""	"ERX6700419"	"ERP132580"	"testis"	"Elongated_spermatids"	NA	NA	NA	"CL:4030037"	"late spermatid"	"perfect match"	"SN194"	NA	2
"TCGCGAGGTCTAGAGG"	""	"ERX6700419"	"ERP132580"	"testis"	"Differentiated_Spermatogonia"	NA	NA	NA	"CL:0000020"	"spermatogonium"	"perfect match"	"SN194"	NA	7
"TCGCGAGTCCATGAAC"	""	"ERX6700419"	"ERP132580"	"testis"	"Pachytene_Spermatocytes"	NA	NA	NA	"CL:0000017"	"spermatocyte"	"missing child term"	"SN194"	NA	4
"TCGCGTTAGAATTGTG"	""	"ERX6700419"	"ERP132580"	"testis"	"Other_somatic"	NA	NA	NA	"CL:0002371"	"somatic cell"	"perfect match"	"SN194"	NA	1
"TCGCGTTAGCCAACAG"	""	"ERX6700419"	"ERP132580"	"testis"	"Sertoli"	NA	NA	NA	"CL:0000216"	"Sertoli cell"	"perfect match"	"SN194"	NA	3
"TCGCGTTAGCCGGTAA"	""	"ERX6700419"	"ERP132580"	"testis"	"Sertoli"	NA	NA	NA	"CL:0000216"	"Sertoli cell"	"perfect match"	"SN194"	NA	3
"TCGCGTTAGTTAACGA"	""	"ERX6700419"	"ERP132580"	"testis"	"Zygotene_Spermatocytes"	NA	NA	NA	"CL:0000017"	"spermatocyte"	"missing child term"	"SN194"	NA	5
"TCGCGTTCACATGACT"	""	"ERX6700419"	"ERP132580"	"testis"	"Sertoli"	NA	NA	NA	"CL:0000216"	"Sertoli cell"	"perfect match"	"SN194"	NA	3
"TCGCGTTCACGCTTTC"	""	"ERX6700419"	"ERP132580"	"testis"	"Pachytene_Spermatocytes"	NA	NA	NA	"CL:0000017"	"spermatocyte"	"missing child term"	"SN194"	NA	4
"TCGCGTTCATCCGCGA"	""	"ERX6700419"	"ERP132580"	"testis"	"Sertoli"	NA	NA	NA	"CL:0000216"	"Sertoli cell"	"perfect match"	"SN194"	NA	3
"TCGCGTTGTGGTTTCA"	""	"ERX6700419"	"ERP132580"	"testis"	"Undifferentiated_Spermatogonia"	NA	NA	NA	"CL:0000016"	"male germ line stem cell"	"other"	"SN194"	NA	9
"TCGCGTTGTTACCAGT"	""	"ERX6700419"	"ERP132580"	"testis"	"Sertoli"	NA	NA	NA	"CL:0000216"	"Sertoli cell"	"perfect match"	"SN194"	NA	3
"TCGGGACAGGACGAAA"	""	"ERX6700419"	"ERP132580"	"testis"	"Early_Round_spermatids"	NA	NA	NA	"CL:4030036"	"early spermatid"	"perfect match"	"SN194"	NA	8
"TCGGGACCACAAGACG"	""	"ERX6700419"	"ERP132580"	"testis"	"Zygotene_Spermatocytes"	NA	NA	NA	"CL:0000017"	"spermatocyte"	"missing child term"	"SN194"	NA	5
"TCGGGACCACATCCGG"	""	"ERX6700419"	"ERP132580"	"testis"	"Early_Round_spermatids"	NA	NA	NA	"CL:4030036"	"early spermatid"	"perfect match"	"SN194"	NA	8
"TCGGGACCAGCCTGTG"	""	"ERX6700419"	"ERP132580"	"testis"	"Sertoli"	NA	NA	NA	"CL:0000216"	"Sertoli cell"	"perfect match"	"SN194"	NA	3
"TCGGGACGTCCAGTAT"	""	"ERX6700419"	"ERP132580"	"testis"	"Late_Round_spermatids"	NA	NA	NA	"CL:4030036"	"early spermatid"	"other"	"SN194"	NA	6
"TCGGGACGTGGGTATG"	""	"ERX6700419"	"ERP132580"	"testis"	"Other_somatic"	NA	NA	NA	"CL:0002371"	"somatic cell"	"perfect match"	"SN194"	NA	1
"TCGGGACTCATTTGGG"	""	"ERX6700419"	"ERP132580"	"testis"	"Other_somatic"	NA	NA	NA	"CL:0002371"	"somatic cell"	"perfect match"	"SN194"	NA	1
"TCGGTAAAGCGTTTAC"	""	"ERX6700419"	"ERP132580"	"testis"	"Pachytene_Spermatocytes"	NA	NA	NA	"CL:0000017"	"spermatocyte"	"missing child term"	"SN194"	NA	4
"TCGGTAAAGCTGGAAC"	""	"ERX6700419"	"ERP132580"	"testis"	"Late_Round_spermatids"	NA	NA	NA	"CL:4030036"	"early spermatid"	"other"	"SN194"	NA	6
"TCGGTAAAGGCCCTTG"	""	"ERX6700419"	"ERP132580"	"testis"	"Late_Round_spermatids"	NA	NA	NA	"CL:4030036"	"early spermatid"	"other"	"SN194"	NA	6
"TCGGTAAAGTAACCCT"	""	"ERX6700419"	"ERP132580"	"testis"	"Late_Round_spermatids"	NA	NA	NA	"CL:4030036"	"early spermatid"	"other"	"SN194"	NA	6
"TCGGTAACAATACGCT"	""	"ERX6700419"	"ERP132580"	"testis"	"Pachytene_Spermatocytes"	NA	NA	NA	"CL:0000017"	"spermatocyte"	"missing child term"	"SN194"	NA	4
"TCGGTAACAATCCGAT"	""	"ERX6700419"	"ERP132580"	"testis"	"Early_Round_spermatids"	NA	NA	NA	"CL:4030036"	"early spermatid"	"perfect match"	"SN194"	NA	8
"TCGGTAAGTGCGAAAC"	""	"ERX6700419"	"ERP132580"	"testis"	"Early_Round_spermatids"	NA	NA	NA	"CL:4030036"	"early spermatid"	"perfect match"	"SN194"	NA	8
"TCGTACCAGGGCTTCC"	""	"ERX6700419"	"ERP132580"	"testis"	"Late_Round_spermatids"	NA	NA	NA	"CL:4030036"	"early spermatid"	"other"	"SN194"	NA	6
"TCGTACCCACCTGGTG"	""	"ERX6700419"	"ERP132580"	"testis"	"Other_somatic"	NA	NA	NA	"CL:0002371"	"somatic cell"	"perfect match"	"SN194"	NA	1
"TCGTACCGTAAATGAC"	""	"ERX6700419"	"ERP132580"	"testis"	"Undifferentiated_Spermatogonia"	NA	NA	NA	"CL:0000016"	"male germ line stem cell"	"other"	"SN194"	NA	9
"TCGTACCGTCACACGC"	""	"ERX6700419"	"ERP132580"	"testis"	"Other_somatic"	NA	NA	NA	"CL:0002371"	"somatic cell"	"perfect match"	"SN194"	NA	1
"TCGTACCGTCCGAGTC"	""	"ERX6700419"	"ERP132580"	"testis"	"Sertoli"	NA	NA	NA	"CL:0000216"	"Sertoli cell"	"perfect match"	"SN194"	NA	3
"TCGTACCGTCTCTCGT"	""	"ERX6700419"	"ERP132580"	"testis"	"Differentiated_Spermatogonia"	NA	NA	NA	"CL:0000020"	"spermatogonium"	"perfect match"	"SN194"	NA	7
"TCGTACCTCACCGGGT"	""	"ERX6700419"	"ERP132580"	"testis"	"Other_somatic"	NA	NA	NA	"CL:0002371"	"somatic cell"	"perfect match"	"SN194"	NA	1
"TCGTACCTCCAAGTAC"	""	"ERX6700419"	"ERP132580"	"testis"	"Late_Round_spermatids"	NA	NA	NA	"CL:4030036"	"early spermatid"	"other"	"SN194"	NA	6
"TCGTACCTCGATAGAA"	""	"ERX6700419"	"ERP132580"	"testis"	"Elongated_spermatids"	NA	NA	NA	"CL:4030037"	"late spermatid"	"perfect match"	"SN194"	NA	2
"TCGTAGAAGCACACAG"	""	"ERX6700419"	"ERP132580"	"testis"	"Elongated_spermatids"	NA	NA	NA	"CL:4030037"	"late spermatid"	"perfect match"	"SN194"	NA	2
"TCGTAGAAGCCTTGAT"	""	"ERX6700419"	"ERP132580"	"testis"	"Late_Round_spermatids"	NA	NA	NA	"CL:4030036"	"early spermatid"	"other"	"SN194"	NA	6
"TCGTAGAAGTCCGGTC"	""	"ERX6700419"	"ERP132580"	"testis"	"Sertoli"	NA	NA	NA	"CL:0000216"	"Sertoli cell"	"perfect match"	"SN194"	NA	3
"TCGTAGAAGTGAACGC"	""	"ERX6700419"	"ERP132580"	"testis"	"Late_Round_spermatids"	NA	NA	NA	"CL:4030036"	"early spermatid"	"other"	"SN194"	NA	6
"TCGTAGAGTAGGCTGA"	""	"ERX6700419"	"ERP132580"	"testis"	"Undifferentiated_Spermatogonia"	NA	NA	NA	"CL:0000016"	"male germ line stem cell"	"other"	"SN194"	NA	9
"TCGTAGAGTCACCTAA"	""	"ERX6700419"	"ERP132580"	"testis"	"Late_Round_spermatids"	NA	NA	NA	"CL:4030036"	"early spermatid"	"other"	"SN194"	NA	6
"TCGTAGATCTGATTCT"	""	"ERX6700419"	"ERP132580"	"testis"	"Leptotene_Spermatocytes"	NA	NA	NA	"CL:0000017"	"spermatocyte"	"missing child term"	"SN194"	NA	11
"TCTATTGCAATGTAAG"	""	"ERX6700419"	"ERP132580"	"testis"	"Sertoli"	NA	NA	NA	"CL:0000216"	"Sertoli cell"	"perfect match"	"SN194"	NA	3
"TCTATTGCATGTCCTC"	""	"ERX6700419"	"ERP132580"	"testis"	"Late_Round_spermatids"	NA	NA	NA	"CL:4030036"	"early spermatid"	"other"	"SN194"	NA	6
"TCTATTGGTCGAATCT"	""	"ERX6700419"	"ERP132580"	"testis"	"Differentiated_Spermatogonia"	NA	NA	NA	"CL:0000020"	"spermatogonium"	"perfect match"	"SN194"	NA	7
"TCTATTGTCACCTCGT"	""	"ERX6700419"	"ERP132580"	"testis"	"Pachytene_Spermatocytes"	NA	NA	NA	"CL:0000017"	"spermatocyte"	"missing child term"	"SN194"	NA	4
"TCTCATAAGAGGACGG"	""	"ERX6700419"	"ERP132580"	"testis"	"Pachytene_Spermatocytes"	NA	NA	NA	"CL:0000017"	"spermatocyte"	"missing child term"	"SN194"	NA	4
"TCTCATAAGGCAAAGA"	""	"ERX6700419"	"ERP132580"	"testis"	"Early_Round_spermatids"	NA	NA	NA	"CL:4030036"	"early spermatid"	"perfect match"	"SN194"	NA	8
"TCTCATAAGTGCCAGA"	""	"ERX6700419"	"ERP132580"	"testis"	"Undifferentiated_Spermatogonia"	NA	NA	NA	"CL:0000016"	"male germ line stem cell"	"other"	"SN194"	NA	9
"TCTCATAAGTTCGCAT"	""	"ERX6700419"	"ERP132580"	"testis"	"Other_somatic"	NA	NA	NA	"CL:0002371"	"somatic cell"	"perfect match"	"SN194"	NA	1
"TCTCATACACCAGGCT"	""	"ERX6700419"	"ERP132580"	"testis"	"Differentiated_Spermatogonia"	NA	NA	NA	"CL:0000020"	"spermatogonium"	"perfect match"	"SN194"	NA	7
"TCTCATACAGTGGAGT"	""	"ERX6700419"	"ERP132580"	"testis"	"Other_somatic"	NA	NA	NA	"CL:0002371"	"somatic cell"	"perfect match"	"SN194"	NA	1
"TCTCATACATCGTCGG"	""	"ERX6700419"	"ERP132580"	"testis"	"Other_somatic"	NA	NA	NA	"CL:0002371"	"somatic cell"	"perfect match"	"SN194"	NA	1
"TCTCATACATTACCTT"	""	"ERX6700419"	"ERP132580"	"testis"	"Early_Round_spermatids"	NA	NA	NA	"CL:4030036"	"early spermatid"	"perfect match"	"SN194"	NA	8
"TCTCATAGTGTGAATA"	""	"ERX6700419"	"ERP132580"	"testis"	"Leptotene_Spermatocytes"	NA	NA	NA	"CL:0000017"	"spermatocyte"	"missing child term"	"SN194"	NA	11
"TCTCTAAAGAATCTCC"	""	"ERX6700419"	"ERP132580"	"testis"	"Leptotene_Spermatocytes"	NA	NA	NA	"CL:0000017"	"spermatocyte"	"missing child term"	"SN194"	NA	11
"TCTCTAAAGCTCCTTC"	""	"ERX6700419"	"ERP132580"	"testis"	"Sertoli"	NA	NA	NA	"CL:0000216"	"Sertoli cell"	"perfect match"	"SN194"	NA	3
"TCTCTAAAGGGTCTCC"	""	"ERX6700419"	"ERP132580"	"testis"	"Other_somatic"	NA	NA	NA	"CL:0002371"	"somatic cell"	"perfect match"	"SN194"	NA	1
"TCTCTAACACCCTATC"	""	"ERX6700419"	"ERP132580"	"testis"	"Leptotene_Spermatocytes"	NA	NA	NA	"CL:0000017"	"spermatocyte"	"missing child term"	"SN194"	NA	11
"TCTCTAAGTGTGAATA"	""	"ERX6700419"	"ERP132580"	"testis"	"Pachytene_Spermatocytes"	NA	NA	NA	"CL:0000017"	"spermatocyte"	"missing child term"	"SN194"	NA	4
"TCTGAGAAGATGCGAC"	""	"ERX6700419"	"ERP132580"	"testis"	"Undifferentiated_Spermatogonia"	NA	NA	NA	"CL:0000016"	"male germ line stem cell"	"other"	"SN194"	NA	9
"TCTGAGAAGTCATCCA"	""	"ERX6700419"	"ERP132580"	"testis"	"Undifferentiated_Spermatogonia"	NA	NA	NA	"CL:0000016"	"male germ line stem cell"	"other"	"SN194"	NA	9
"TCTGAGACAATCAGAA"	""	"ERX6700419"	"ERP132580"	"testis"	"Undifferentiated_Spermatogonia"	NA	NA	NA	"CL:0000016"	"male germ line stem cell"	"other"	"SN194"	NA	9
"TCTGAGAGTGTTTGGT"	""	"ERX6700419"	"ERP132580"	"testis"	"Other_somatic"	NA	NA	NA	"CL:0002371"	"somatic cell"	"perfect match"	"SN194"	NA	1
"TCTGAGAGTTCGGGCT"	""	"ERX6700419"	"ERP132580"	"testis"	"Undifferentiated_Spermatogonia"	NA	NA	NA	"CL:0000016"	"male germ line stem cell"	"other"	"SN194"	NA	9
"TCTGAGATCAAGCCTA"	""	"ERX6700419"	"ERP132580"	"testis"	"Early_Round_spermatids"	NA	NA	NA	"CL:4030036"	"early spermatid"	"perfect match"	"SN194"	NA	8
"TCTGAGATCGGTGTTA"	""	"ERX6700419"	"ERP132580"	"testis"	"Pachytene_Spermatocytes"	NA	NA	NA	"CL:0000017"	"spermatocyte"	"missing child term"	"SN194"	NA	4
"TCTGAGATCTACGAGT"	""	"ERX6700419"	"ERP132580"	"testis"	"Differentiated_Spermatogonia"	NA	NA	NA	"CL:0000020"	"spermatogonium"	"perfect match"	"SN194"	NA	7
"TCTGGAAAGATGGGTC"	""	"ERX6700419"	"ERP132580"	"testis"	"Other_somatic"	NA	NA	NA	"CL:0002371"	"somatic cell"	"perfect match"	"SN194"	NA	1
"TCTGGAAAGTGAAGAG"	""	"ERX6700419"	"ERP132580"	"testis"	"Pachytene_Spermatocytes"	NA	NA	NA	"CL:0000017"	"spermatocyte"	"missing child term"	"SN194"	NA	4
"TCTGGAAGTATGGTTC"	""	"ERX6700419"	"ERP132580"	"testis"	"Elongated_spermatids"	NA	NA	NA	"CL:4030037"	"late spermatid"	"perfect match"	"SN194"	NA	2
"TCTGGAATCCCTCTTT"	""	"ERX6700419"	"ERP132580"	"testis"	"Undifferentiated_Spermatogonia"	NA	NA	NA	"CL:0000016"	"male germ line stem cell"	"other"	"SN194"	NA	9
"TCTGGAATCTAACTCT"	""	"ERX6700419"	"ERP132580"	"testis"	"Pachytene_Spermatocytes"	NA	NA	NA	"CL:0000017"	"spermatocyte"	"missing child term"	"SN194"	NA	4
"TCTGGAATCTAACTGG"	""	"ERX6700419"	"ERP132580"	"testis"	"Sertoli"	NA	NA	NA	"CL:0000216"	"Sertoli cell"	"perfect match"	"SN194"	NA	3
"TCTTCGGAGGTGCAAC"	""	"ERX6700419"	"ERP132580"	"testis"	"Early_Round_spermatids"	NA	NA	NA	"CL:4030036"	"early spermatid"	"perfect match"	"SN194"	NA	8
"TCTTCGGAGTGGACGT"	""	"ERX6700419"	"ERP132580"	"testis"	"Undifferentiated_Spermatogonia"	NA	NA	NA	"CL:0000016"	"male germ line stem cell"	"other"	"SN194"	NA	9
"TCTTCGGGTCACCCAG"	""	"ERX6700419"	"ERP132580"	"testis"	"Leptotene_Spermatocytes"	NA	NA	NA	"CL:0000017"	"spermatocyte"	"missing child term"	"SN194"	NA	11
"TCTTCGGGTCATCCCT"	""	"ERX6700419"	"ERP132580"	"testis"	"Other_somatic"	NA	NA	NA	"CL:0002371"	"somatic cell"	"perfect match"	"SN194"	NA	1
"TCTTCGGTCGCCTGTT"	""	"ERX6700419"	"ERP132580"	"testis"	"Pachytene_Spermatocytes"	NA	NA	NA	"CL:0000017"	"spermatocyte"	"missing child term"	"SN194"	NA	4
"TCTTCGGTCTACCAGA"	""	"ERX6700419"	"ERP132580"	"testis"	"Sertoli"	NA	NA	NA	"CL:0000216"	"Sertoli cell"	"perfect match"	"SN194"	NA	3
"TCTTTCCAGCGTTGCC"	""	"ERX6700419"	"ERP132580"	"testis"	"Other_somatic"	NA	NA	NA	"CL:0002371"	"somatic cell"	"perfect match"	"SN194"	NA	1
"TCTTTCCAGGTGACCA"	""	"ERX6700419"	"ERP132580"	"testis"	"Sertoli"	NA	NA	NA	"CL:0000216"	"Sertoli cell"	"perfect match"	"SN194"	NA	3
"TCTTTCCCACAGAGGT"	""	"ERX6700419"	"ERP132580"	"testis"	"Zygotene_Spermatocytes"	NA	NA	NA	"CL:0000017"	"spermatocyte"	"missing child term"	"SN194"	NA	5
"TCTTTCCCATAGAAAC"	""	"ERX6700419"	"ERP132580"	"testis"	"Sertoli"	NA	NA	NA	"CL:0000216"	"Sertoli cell"	"perfect match"	"SN194"	NA	3
"TCTTTCCCATGGTTGT"	""	"ERX6700419"	"ERP132580"	"testis"	"Late_Round_spermatids"	NA	NA	NA	"CL:4030036"	"early spermatid"	"other"	"SN194"	NA	6
"TCTTTCCCATTTGCTT"	""	"ERX6700419"	"ERP132580"	"testis"	"Zygotene_Spermatocytes"	NA	NA	NA	"CL:0000017"	"spermatocyte"	"missing child term"	"SN194"	NA	5
"TCTTTCCTCAGGATCT"	""	"ERX6700419"	"ERP132580"	"testis"	"Undifferentiated_Spermatogonia"	NA	NA	NA	"CL:0000016"	"male germ line stem cell"	"other"	"SN194"	NA	9
"TCTTTCCTCTTCCTTC"	""	"ERX6700419"	"ERP132580"	"testis"	"Sertoli"	NA	NA	NA	"CL:0000216"	"Sertoli cell"	"perfect match"	"SN194"	NA	3
"TGAAAGAAGCGTGAGT"	""	"ERX6700419"	"ERP132580"	"testis"	"Leptotene_Spermatocytes"	NA	NA	NA	"CL:0000017"	"spermatocyte"	"missing child term"	"SN194"	NA	11
"TGAAAGAAGGGTGTGT"	""	"ERX6700419"	"ERP132580"	"testis"	"Early_Round_spermatids"	NA	NA	NA	"CL:4030036"	"early spermatid"	"perfect match"	"SN194"	NA	8
"TGAAAGAAGGGTTTCT"	""	"ERX6700419"	"ERP132580"	"testis"	"Other_somatic"	NA	NA	NA	"CL:0002371"	"somatic cell"	"perfect match"	"SN194"	NA	1
"TGAAAGAAGTTGTAGA"	""	"ERX6700419"	"ERP132580"	"testis"	"Undifferentiated_Spermatogonia"	NA	NA	NA	"CL:0000016"	"male germ line stem cell"	"other"	"SN194"	NA	9
"TGAAAGACAATCGGTT"	""	"ERX6700419"	"ERP132580"	"testis"	"Early_Round_spermatids"	NA	NA	NA	"CL:4030036"	"early spermatid"	"perfect match"	"SN194"	NA	8
"TGAAAGACAGGATTGG"	""	"ERX6700419"	"ERP132580"	"testis"	"Sertoli"	NA	NA	NA	"CL:0000216"	"Sertoli cell"	"perfect match"	"SN194"	NA	3
"TGAAAGACATGACATC"	""	"ERX6700419"	"ERP132580"	"testis"	"Other_somatic"	NA	NA	NA	"CL:0002371"	"somatic cell"	"perfect match"	"SN194"	NA	1
"TGAAAGAGTACCCAAT"	""	"ERX6700419"	"ERP132580"	"testis"	"Leptotene_Spermatocytes"	NA	NA	NA	"CL:0000017"	"spermatocyte"	"missing child term"	"SN194"	NA	11
"TGAAAGAGTAGAGCTG"	""	"ERX6700419"	"ERP132580"	"testis"	"Elongated_spermatids"	NA	NA	NA	"CL:4030037"	"late spermatid"	"perfect match"	"SN194"	NA	2
"TGAAAGAGTCGAGATG"	""	"ERX6700419"	"ERP132580"	"testis"	"Zygotene_Spermatocytes"	NA	NA	NA	"CL:0000017"	"spermatocyte"	"missing child term"	"SN194"	NA	5
"TGAAAGAGTTATGTGC"	""	"ERX6700419"	"ERP132580"	"testis"	"Undifferentiated_Spermatogonia"	NA	NA	NA	"CL:0000016"	"male germ line stem cell"	"other"	"SN194"	NA	9
"TGAAAGAGTTGTGGAG"	""	"ERX6700419"	"ERP132580"	"testis"	"Sertoli"	NA	NA	NA	"CL:0000216"	"Sertoli cell"	"perfect match"	"SN194"	NA	3
"TGAAAGATCGTAGGTT"	""	"ERX6700419"	"ERP132580"	"testis"	"Other_somatic"	NA	NA	NA	"CL:0002371"	"somatic cell"	"perfect match"	"SN194"	NA	1
"TGACAACAGGTTCCTA"	""	"ERX6700419"	"ERP132580"	"testis"	"Elongated_spermatids"	NA	NA	NA	"CL:4030037"	"late spermatid"	"perfect match"	"SN194"	NA	2
"TGACAACCATCGGACC"	""	"ERX6700419"	"ERP132580"	"testis"	"Sertoli"	NA	NA	NA	"CL:0000216"	"Sertoli cell"	"perfect match"	"SN194"	NA	3
"TGACAACCATTAGCCA"	""	"ERX6700419"	"ERP132580"	"testis"	"Other_somatic"	NA	NA	NA	"CL:0002371"	"somatic cell"	"perfect match"	"SN194"	NA	1
"TGACAACGTGATGATA"	""	"ERX6700419"	"ERP132580"	"testis"	"Early_Round_spermatids"	NA	NA	NA	"CL:4030036"	"early spermatid"	"perfect match"	"SN194"	NA	8
"TGACAACTCAGAGACG"	""	"ERX6700419"	"ERP132580"	"testis"	"Other_somatic"	NA	NA	NA	"CL:0002371"	"somatic cell"	"perfect match"	"SN194"	NA	1
"TGACAACTCAGTTGAC"	""	"ERX6700419"	"ERP132580"	"testis"	"Zygotene_Spermatocytes"	NA	NA	NA	"CL:0000017"	"spermatocyte"	"missing child term"	"SN194"	NA	5
"TGACAACTCGAACTGT"	""	"ERX6700419"	"ERP132580"	"testis"	"Other_somatic"	NA	NA	NA	"CL:0002371"	"somatic cell"	"perfect match"	"SN194"	NA	1
"TGACGGCAGGTGCAAC"	""	"ERX6700419"	"ERP132580"	"testis"	"Early_Round_spermatids"	NA	NA	NA	"CL:4030036"	"early spermatid"	"perfect match"	"SN194"	NA	8
"TGACGGCGTCCGAACC"	""	"ERX6700419"	"ERP132580"	"testis"	"Other_somatic"	NA	NA	NA	"CL:0002371"	"somatic cell"	"perfect match"	"SN194"	NA	1
"TGACGGCTCACAAACC"	""	"ERX6700419"	"ERP132580"	"testis"	"Early_Round_spermatids"	NA	NA	NA	"CL:4030036"	"early spermatid"	"perfect match"	"SN194"	NA	8
"TGACTAGAGAGCCCAA"	""	"ERX6700419"	"ERP132580"	"testis"	"Late_Round_spermatids"	NA	NA	NA	"CL:4030036"	"early spermatid"	"other"	"SN194"	NA	6
"TGACTAGAGCTGATAA"	""	"ERX6700419"	"ERP132580"	"testis"	"Pachytene_Spermatocytes"	NA	NA	NA	"CL:0000017"	"spermatocyte"	"missing child term"	"SN194"	NA	4
"TGACTAGAGTATCTCG"	""	"ERX6700419"	"ERP132580"	"testis"	"Sertoli"	NA	NA	NA	"CL:0000216"	"Sertoli cell"	"perfect match"	"SN194"	NA	3
"TGACTAGAGTCCCACG"	""	"ERX6700419"	"ERP132580"	"testis"	"Pachytene_Spermatocytes"	NA	NA	NA	"CL:0000017"	"spermatocyte"	"missing child term"	"SN194"	NA	4
"TGACTAGTCATGTCTT"	""	"ERX6700419"	"ERP132580"	"testis"	"Pachytene_Spermatocytes"	NA	NA	NA	"CL:0000017"	"spermatocyte"	"missing child term"	"SN194"	NA	4
"TGACTAGTCCCTTGCA"	""	"ERX6700419"	"ERP132580"	"testis"	"Sertoli"	NA	NA	NA	"CL:0000216"	"Sertoli cell"	"perfect match"	"SN194"	NA	3
"TGACTTTAGACAGAGA"	""	"ERX6700419"	"ERP132580"	"testis"	"Pachytene_Spermatocytes"	NA	NA	NA	"CL:0000017"	"spermatocyte"	"missing child term"	"SN194"	NA	4
"TGACTTTAGTGCAAGC"	""	"ERX6700419"	"ERP132580"	"testis"	"Late_Round_spermatids"	NA	NA	NA	"CL:4030036"	"early spermatid"	"other"	"SN194"	NA	6
"TGACTTTCAGAGTGTG"	""	"ERX6700419"	"ERP132580"	"testis"	"Pachytene_Spermatocytes"	NA	NA	NA	"CL:0000017"	"spermatocyte"	"missing child term"	"SN194"	NA	4
"TGACTTTCATAGTAAG"	""	"ERX6700419"	"ERP132580"	"testis"	"Other_somatic"	NA	NA	NA	"CL:0002371"	"somatic cell"	"perfect match"	"SN194"	NA	1
"TGACTTTTCAACACTG"	""	"ERX6700419"	"ERP132580"	"testis"	"Elongated_spermatids"	NA	NA	NA	"CL:4030037"	"late spermatid"	"perfect match"	"SN194"	NA	2
"TGACTTTTCATGCTCC"	""	"ERX6700419"	"ERP132580"	"testis"	"Early_Round_spermatids"	NA	NA	NA	"CL:4030036"	"early spermatid"	"perfect match"	"SN194"	NA	8
"TGAGAGGGTGATGTCT"	""	"ERX6700419"	"ERP132580"	"testis"	"Pachytene_Spermatocytes"	NA	NA	NA	"CL:0000017"	"spermatocyte"	"missing child term"	"SN194"	NA	4
"TGAGCATTCATTTGGG"	""	"ERX6700419"	"ERP132580"	"testis"	"Sertoli"	NA	NA	NA	"CL:0000216"	"Sertoli cell"	"perfect match"	"SN194"	NA	3
"TGAGCATTCGGAGCAA"	""	"ERX6700419"	"ERP132580"	"testis"	"Other_somatic"	NA	NA	NA	"CL:0002371"	"somatic cell"	"perfect match"	"SN194"	NA	1
"TGAGCCGAGCGTTGCC"	""	"ERX6700419"	"ERP132580"	"testis"	"Elongated_spermatids"	NA	NA	NA	"CL:4030037"	"late spermatid"	"perfect match"	"SN194"	NA	2
"TGAGCCGAGTCCGGTC"	""	"ERX6700419"	"ERP132580"	"testis"	"Pachytene_Spermatocytes"	NA	NA	NA	"CL:0000017"	"spermatocyte"	"missing child term"	"SN194"	NA	4
"TGAGCCGCAGCGTAAG"	""	"ERX6700419"	"ERP132580"	"testis"	"Late_Round_spermatids"	NA	NA	NA	"CL:4030036"	"early spermatid"	"other"	"SN194"	NA	6
"TGAGCCGGTCAAAGCG"	""	"ERX6700419"	"ERP132580"	"testis"	"Late_Round_spermatids"	NA	NA	NA	"CL:4030036"	"early spermatid"	"other"	"SN194"	NA	6
"TGAGCCGTCAAAGACA"	""	"ERX6700419"	"ERP132580"	"testis"	"Early_Round_spermatids"	NA	NA	NA	"CL:4030036"	"early spermatid"	"perfect match"	"SN194"	NA	8
"TGAGGGAAGATCCCGC"	""	"ERX6700419"	"ERP132580"	"testis"	"Other_somatic"	NA	NA	NA	"CL:0002371"	"somatic cell"	"perfect match"	"SN194"	NA	1
"TGAGGGAAGCGTTCCG"	""	"ERX6700419"	"ERP132580"	"testis"	"Late_Round_spermatids"	NA	NA	NA	"CL:4030036"	"early spermatid"	"other"	"SN194"	NA	6
"TGAGGGAAGTAGGTGC"	""	"ERX6700419"	"ERP132580"	"testis"	"Other_somatic"	NA	NA	NA	"CL:0002371"	"somatic cell"	"perfect match"	"SN194"	NA	1
"TGAGGGACATTGCGGC"	""	"ERX6700419"	"ERP132580"	"testis"	"Elongated_spermatids"	NA	NA	NA	"CL:4030037"	"late spermatid"	"perfect match"	"SN194"	NA	2
"TGAGGGAGTCGGCTCA"	""	"ERX6700419"	"ERP132580"	"testis"	"Elongated_spermatids"	NA	NA	NA	"CL:4030037"	"late spermatid"	"perfect match"	"SN194"	NA	2
"TGAGGGAGTCTCTTTA"	""	"ERX6700419"	"ERP132580"	"testis"	"Sertoli"	NA	NA	NA	"CL:0000216"	"Sertoli cell"	"perfect match"	"SN194"	NA	3
"TGAGGGATCCTGCAGG"	""	"ERX6700419"	"ERP132580"	"testis"	"Early_Round_spermatids"	NA	NA	NA	"CL:4030036"	"early spermatid"	"perfect match"	"SN194"	NA	8
"TGAGGGATCGATGAGG"	""	"ERX6700419"	"ERP132580"	"testis"	"Undifferentiated_Spermatogonia"	NA	NA	NA	"CL:0000016"	"male germ line stem cell"	"other"	"SN194"	NA	9
"TGATTTCAGGTGATAT"	""	"ERX6700419"	"ERP132580"	"testis"	"Pachytene_Spermatocytes"	NA	NA	NA	"CL:0000017"	"spermatocyte"	"missing child term"	"SN194"	NA	4
"TGATTTCCAAGTAATG"	""	"ERX6700419"	"ERP132580"	"testis"	"Sertoli"	NA	NA	NA	"CL:0000216"	"Sertoli cell"	"perfect match"	"SN194"	NA	3
"TGATTTCCACCTTGTC"	""	"ERX6700419"	"ERP132580"	"testis"	"Late_Round_spermatids"	NA	NA	NA	"CL:4030036"	"early spermatid"	"other"	"SN194"	NA	6
"TGATTTCGTAAGTGTA"	""	"ERX6700419"	"ERP132580"	"testis"	"Other_somatic"	NA	NA	NA	"CL:0002371"	"somatic cell"	"perfect match"	"SN194"	NA	1
"TGATTTCGTGTCCTCT"	""	"ERX6700419"	"ERP132580"	"testis"	"Differentiated_Spermatogonia"	NA	NA	NA	"CL:0000020"	"spermatogonium"	"perfect match"	"SN194"	NA	7
"TGATTTCTCAACCATG"	""	"ERX6700419"	"ERP132580"	"testis"	"Other_somatic"	NA	NA	NA	"CL:0002371"	"somatic cell"	"perfect match"	"SN194"	NA	1
"TGATTTCTCGGTCCGA"	""	"ERX6700419"	"ERP132580"	"testis"	"Other_somatic"	NA	NA	NA	"CL:0002371"	"somatic cell"	"perfect match"	"SN194"	NA	1
"TGCACCTAGATCACGG"	""	"ERX6700419"	"ERP132580"	"testis"	"Pachytene_Spermatocytes"	NA	NA	NA	"CL:0000017"	"spermatocyte"	"missing child term"	"SN194"	NA	4
"TGCACCTCAATAACGA"	""	"ERX6700419"	"ERP132580"	"testis"	"Sertoli"	NA	NA	NA	"CL:0000216"	"Sertoli cell"	"perfect match"	"SN194"	NA	3
"TGCACCTCATTACCTT"	""	"ERX6700419"	"ERP132580"	"testis"	"Late_Round_spermatids"	NA	NA	NA	"CL:4030036"	"early spermatid"	"other"	"SN194"	NA	6
"TGCACCTGTCAACTGT"	""	"ERX6700419"	"ERP132580"	"testis"	"Elongated_spermatids"	NA	NA	NA	"CL:4030037"	"late spermatid"	"perfect match"	"SN194"	NA	2
"TGCACCTGTGGCCCTA"	""	"ERX6700419"	"ERP132580"	"testis"	"Late_Round_spermatids"	NA	NA	NA	"CL:4030036"	"early spermatid"	"other"	"SN194"	NA	6
"TGCACCTGTTGTGGCC"	""	"ERX6700419"	"ERP132580"	"testis"	"Undifferentiated_Spermatogonia"	NA	NA	NA	"CL:0000016"	"male germ line stem cell"	"other"	"SN194"	NA	9
"TGCACCTGTTTGTGTG"	""	"ERX6700419"	"ERP132580"	"testis"	"Leptotene_Spermatocytes"	NA	NA	NA	"CL:0000017"	"spermatocyte"	"missing child term"	"SN194"	NA	11
"TGCCAAAAGAGTTGGC"	""	"ERX6700419"	"ERP132580"	"testis"	"Pachytene_Spermatocytes"	NA	NA	NA	"CL:0000017"	"spermatocyte"	"missing child term"	"SN194"	NA	4
"TGCCAAAAGCCGGTAA"	""	"ERX6700419"	"ERP132580"	"testis"	"Early_Round_spermatids"	NA	NA	NA	"CL:4030036"	"early spermatid"	"perfect match"	"SN194"	NA	8
"TGCCAAACAAGAAGAG"	""	"ERX6700419"	"ERP132580"	"testis"	"Other_somatic"	NA	NA	NA	"CL:0002371"	"somatic cell"	"perfect match"	"SN194"	NA	1
"TGCCAAACAGCTGGCT"	""	"ERX6700419"	"ERP132580"	"testis"	"Late_Round_spermatids"	NA	NA	NA	"CL:4030036"	"early spermatid"	"other"	"SN194"	NA	6
"TGCCAAACAGTGGAGT"	""	"ERX6700419"	"ERP132580"	"testis"	"Undifferentiated_Spermatogonia"	NA	NA	NA	"CL:0000016"	"male germ line stem cell"	"other"	"SN194"	NA	9
"TGCCAAACATCATCCC"	""	"ERX6700419"	"ERP132580"	"testis"	"Zygotene_Spermatocytes"	NA	NA	NA	"CL:0000017"	"spermatocyte"	"missing child term"	"SN194"	NA	5
"TGCCAAAGTGCGCTTG"	""	"ERX6700419"	"ERP132580"	"testis"	"Other_somatic"	NA	NA	NA	"CL:0002371"	"somatic cell"	"perfect match"	"SN194"	NA	1
"TGCCAAAGTTCCAACA"	""	"ERX6700419"	"ERP132580"	"testis"	"Other_somatic"	NA	NA	NA	"CL:0002371"	"somatic cell"	"perfect match"	"SN194"	NA	1
"TGCCAAATCCACGAAT"	""	"ERX6700419"	"ERP132580"	"testis"	"Sertoli"	NA	NA	NA	"CL:0000216"	"Sertoli cell"	"perfect match"	"SN194"	NA	3
"TGCCAAATCCCATTTA"	""	"ERX6700419"	"ERP132580"	"testis"	"Zygotene_Spermatocytes"	NA	NA	NA	"CL:0000017"	"spermatocyte"	"missing child term"	"SN194"	NA	5
"TGCCCATGTCATGCAT"	""	"ERX6700419"	"ERP132580"	"testis"	"Sertoli"	NA	NA	NA	"CL:0000216"	"Sertoli cell"	"perfect match"	"SN194"	NA	3
"TGCCCATTCAGAGACG"	""	"ERX6700419"	"ERP132580"	"testis"	"Other_somatic"	NA	NA	NA	"CL:0002371"	"somatic cell"	"perfect match"	"SN194"	NA	1
"TGCCCATTCTCTAGGA"	""	"ERX6700419"	"ERP132580"	"testis"	"Pachytene_Spermatocytes"	NA	NA	NA	"CL:0000017"	"spermatocyte"	"missing child term"	"SN194"	NA	4
"TGCCCTAAGAGAACAG"	""	"ERX6700419"	"ERP132580"	"testis"	"Leptotene_Spermatocytes"	NA	NA	NA	"CL:0000017"	"spermatocyte"	"missing child term"	"SN194"	NA	11
"TGCCCTAAGCTAGCCC"	""	"ERX6700419"	"ERP132580"	"testis"	"Sertoli"	NA	NA	NA	"CL:0000216"	"Sertoli cell"	"perfect match"	"SN194"	NA	3
"TGCCCTACACGGATAG"	""	"ERX6700419"	"ERP132580"	"testis"	"Undifferentiated_Spermatogonia"	NA	NA	NA	"CL:0000016"	"male germ line stem cell"	"other"	"SN194"	NA	9
"TGCCCTACAGCGTTCG"	""	"ERX6700419"	"ERP132580"	"testis"	"Leptotene_Spermatocytes"	NA	NA	NA	"CL:0000017"	"spermatocyte"	"missing child term"	"SN194"	NA	11
"TGCCCTAGTGCAACTT"	""	"ERX6700419"	"ERP132580"	"testis"	"Pachytene_Spermatocytes"	NA	NA	NA	"CL:0000017"	"spermatocyte"	"missing child term"	"SN194"	NA	4
"TGCCCTATCAGTACGT"	""	"ERX6700419"	"ERP132580"	"testis"	"Sertoli"	NA	NA	NA	"CL:0000216"	"Sertoli cell"	"perfect match"	"SN194"	NA	3
"TGCCCTATCCCTAACC"	""	"ERX6700419"	"ERP132580"	"testis"	"Zygotene_Spermatocytes"	NA	NA	NA	"CL:0000017"	"spermatocyte"	"missing child term"	"SN194"	NA	5
"TGCCCTATCTATGTGG"	""	"ERX6700419"	"ERP132580"	"testis"	"Late_Round_spermatids"	NA	NA	NA	"CL:4030036"	"early spermatid"	"other"	"SN194"	NA	6
"TGCCCTATCTTTAGGG"	""	"ERX6700419"	"ERP132580"	"testis"	"Other_somatic"	NA	NA	NA	"CL:0002371"	"somatic cell"	"perfect match"	"SN194"	NA	1
"TGCGCAGCAATGTAAG"	""	"ERX6700419"	"ERP132580"	"testis"	"Elongated_spermatids"	NA	NA	NA	"CL:4030037"	"late spermatid"	"perfect match"	"SN194"	NA	2
"TGCGCAGCACGGTAGA"	""	"ERX6700419"	"ERP132580"	"testis"	"Other_somatic"	NA	NA	NA	"CL:0002371"	"somatic cell"	"perfect match"	"SN194"	NA	1
"TGCGCAGTCAACACCA"	""	"ERX6700419"	"ERP132580"	"testis"	"Late_Round_spermatids"	NA	NA	NA	"CL:4030036"	"early spermatid"	"other"	"SN194"	NA	6
"TGCGCAGTCATGTCCC"	""	"ERX6700419"	"ERP132580"	"testis"	"Undifferentiated_Spermatogonia"	NA	NA	NA	"CL:0000016"	"male germ line stem cell"	"other"	"SN194"	NA	9
"TGCGGGTAGCGCCTTG"	""	"ERX6700419"	"ERP132580"	"testis"	"Late_Round_spermatids"	NA	NA	NA	"CL:4030036"	"early spermatid"	"other"	"SN194"	NA	6
"TGCGGGTAGGACGAAA"	""	"ERX6700419"	"ERP132580"	"testis"	"Late_Round_spermatids"	NA	NA	NA	"CL:4030036"	"early spermatid"	"other"	"SN194"	NA	6
"TGCGGGTAGTCGTACT"	""	"ERX6700419"	"ERP132580"	"testis"	"Late_Round_spermatids"	NA	NA	NA	"CL:4030036"	"early spermatid"	"other"	"SN194"	NA	6
"TGCGGGTCATGCTGGC"	""	"ERX6700419"	"ERP132580"	"testis"	"Other_somatic"	NA	NA	NA	"CL:0002371"	"somatic cell"	"perfect match"	"SN194"	NA	1
"TGCGGGTTCCCTGACT"	""	"ERX6700419"	"ERP132580"	"testis"	"Leptotene_Spermatocytes"	NA	NA	NA	"CL:0000017"	"spermatocyte"	"missing child term"	"SN194"	NA	11
"TGCGTGGAGAATTCCC"	""	"ERX6700419"	"ERP132580"	"testis"	"Sertoli"	NA	NA	NA	"CL:0000216"	"Sertoli cell"	"perfect match"	"SN194"	NA	3
"TGCGTGGAGGATGGAA"	""	"ERX6700419"	"ERP132580"	"testis"	"Differentiated_Spermatogonia"	NA	NA	NA	"CL:0000020"	"spermatogonium"	"perfect match"	"SN194"	NA	7
"TGCGTGGCAAAGAATC"	""	"ERX6700419"	"ERP132580"	"testis"	"Other_somatic"	NA	NA	NA	"CL:0002371"	"somatic cell"	"perfect match"	"SN194"	NA	1
"TGCGTGGCAGTATGCT"	""	"ERX6700419"	"ERP132580"	"testis"	"Pachytene_Spermatocytes"	NA	NA	NA	"CL:0000017"	"spermatocyte"	"missing child term"	"SN194"	NA	4
"TGCGTGGCAGTCCTTC"	""	"ERX6700419"	"ERP132580"	"testis"	"Zygotene_Spermatocytes"	NA	NA	NA	"CL:0000017"	"spermatocyte"	"missing child term"	"SN194"	NA	5
"TGCGTGGCATAGACTC"	""	"ERX6700419"	"ERP132580"	"testis"	"Elongated_spermatids"	NA	NA	NA	"CL:4030037"	"late spermatid"	"perfect match"	"SN194"	NA	2
"TGCGTGGGTATGAAAC"	""	"ERX6700419"	"ERP132580"	"testis"	"Zygotene_Spermatocytes"	NA	NA	NA	"CL:0000017"	"spermatocyte"	"missing child term"	"SN194"	NA	5
"TGCGTGGTCAGCGATT"	""	"ERX6700419"	"ERP132580"	"testis"	"Other_somatic"	NA	NA	NA	"CL:0002371"	"somatic cell"	"perfect match"	"SN194"	NA	1
"TGCGTGGTCAGCTCTC"	""	"ERX6700419"	"ERP132580"	"testis"	"Sertoli"	NA	NA	NA	"CL:0000216"	"Sertoli cell"	"perfect match"	"SN194"	NA	3
"TGCGTGGTCCTGCCAT"	""	"ERX6700419"	"ERP132580"	"testis"	"Sertoli"	NA	NA	NA	"CL:0000216"	"Sertoli cell"	"perfect match"	"SN194"	NA	3
"TGCGTGGTCTCTGCTG"	""	"ERX6700419"	"ERP132580"	"testis"	"Undifferentiated_Spermatogonia"	NA	NA	NA	"CL:0000016"	"male germ line stem cell"	"other"	"SN194"	NA	9
"TGCTACCCACCAACCG"	""	"ERX6700419"	"ERP132580"	"testis"	"Pachytene_Spermatocytes"	NA	NA	NA	"CL:0000017"	"spermatocyte"	"missing child term"	"SN194"	NA	4
"TGCTACCGTATGCTTG"	""	"ERX6700419"	"ERP132580"	"testis"	"Pachytene_Spermatocytes"	NA	NA	NA	"CL:0000017"	"spermatocyte"	"missing child term"	"SN194"	NA	4
"TGCTACCGTCTCCACT"	""	"ERX6700419"	"ERP132580"	"testis"	"Sertoli"	NA	NA	NA	"CL:0000216"	"Sertoli cell"	"perfect match"	"SN194"	NA	3
"TGCTACCGTTTAGGAA"	""	"ERX6700419"	"ERP132580"	"testis"	"Pachytene_Spermatocytes"	NA	NA	NA	"CL:0000017"	"spermatocyte"	"missing child term"	"SN194"	NA	4
"TGCTACCTCCGAACGC"	""	"ERX6700419"	"ERP132580"	"testis"	"Undifferentiated_Spermatogonia"	NA	NA	NA	"CL:0000016"	"male germ line stem cell"	"other"	"SN194"	NA	9
"TGCTACCTCTATCGCC"	""	"ERX6700419"	"ERP132580"	"testis"	"Pachytene_Spermatocytes"	NA	NA	NA	"CL:0000017"	"spermatocyte"	"missing child term"	"SN194"	NA	4
"TGCTGCTCAGGGTACA"	""	"ERX6700419"	"ERP132580"	"testis"	"Sertoli"	NA	NA	NA	"CL:0000216"	"Sertoli cell"	"perfect match"	"SN194"	NA	3
"TGCTGCTGTTCCGTCT"	""	"ERX6700419"	"ERP132580"	"testis"	"Sertoli"	NA	NA	NA	"CL:0000216"	"Sertoli cell"	"perfect match"	"SN194"	NA	3
"TGGACGCAGCACAGGT"	""	"ERX6700419"	"ERP132580"	"testis"	"Zygotene_Spermatocytes"	NA	NA	NA	"CL:0000017"	"spermatocyte"	"missing child term"	"SN194"	NA	5
"TGGACGCAGTGACATA"	""	"ERX6700419"	"ERP132580"	"testis"	"Late_Round_spermatids"	NA	NA	NA	"CL:4030036"	"early spermatid"	"other"	"SN194"	NA	6
"TGGACGCAGTGTTGAA"	""	"ERX6700419"	"ERP132580"	"testis"	"Pachytene_Spermatocytes"	NA	NA	NA	"CL:0000017"	"spermatocyte"	"missing child term"	"SN194"	NA	4
"TGGACGCCAAAGTGCG"	""	"ERX6700419"	"ERP132580"	"testis"	"Late_Round_spermatids"	NA	NA	NA	"CL:4030036"	"early spermatid"	"other"	"SN194"	NA	6
"TGGACGCCACGCGAAA"	""	"ERX6700419"	"ERP132580"	"testis"	"Elongated_spermatids"	NA	NA	NA	"CL:4030037"	"late spermatid"	"perfect match"	"SN194"	NA	2
"TGGACGCCACTACAGT"	""	"ERX6700419"	"ERP132580"	"testis"	"Early_Round_spermatids"	NA	NA	NA	"CL:4030036"	"early spermatid"	"perfect match"	"SN194"	NA	8
"TGGACGCGTCATACTG"	""	"ERX6700419"	"ERP132580"	"testis"	"Zygotene_Spermatocytes"	NA	NA	NA	"CL:0000017"	"spermatocyte"	"missing child term"	"SN194"	NA	5
"TGGCCAGCACCACCAG"	""	"ERX6700419"	"ERP132580"	"testis"	"Undifferentiated_Spermatogonia"	NA	NA	NA	"CL:0000016"	"male germ line stem cell"	"other"	"SN194"	NA	9
"TGGCCAGCAGTTTACG"	""	"ERX6700419"	"ERP132580"	"testis"	"Pachytene_Spermatocytes"	NA	NA	NA	"CL:0000017"	"spermatocyte"	"missing child term"	"SN194"	NA	4
"TGGCCAGGTAAGGGAA"	""	"ERX6700419"	"ERP132580"	"testis"	"Late_Round_spermatids"	NA	NA	NA	"CL:4030036"	"early spermatid"	"other"	"SN194"	NA	6
"TGGCCAGGTCAAGCGA"	""	"ERX6700419"	"ERP132580"	"testis"	"Late_Round_spermatids"	NA	NA	NA	"CL:4030036"	"early spermatid"	"other"	"SN194"	NA	6
"TGGCCAGGTCCGTGAC"	""	"ERX6700419"	"ERP132580"	"testis"	"Leptotene_Spermatocytes"	NA	NA	NA	"CL:0000017"	"spermatocyte"	"missing child term"	"SN194"	NA	11
"TGGCCAGGTTCACGGC"	""	"ERX6700419"	"ERP132580"	"testis"	"Other_somatic"	NA	NA	NA	"CL:0002371"	"somatic cell"	"perfect match"	"SN194"	NA	1
"TGGCCAGTCACGATGT"	""	"ERX6700419"	"ERP132580"	"testis"	"Sertoli"	NA	NA	NA	"CL:0000216"	"Sertoli cell"	"perfect match"	"SN194"	NA	3
"TGGCCAGTCAGTCCCT"	""	"ERX6700419"	"ERP132580"	"testis"	"Undifferentiated_Spermatogonia"	NA	NA	NA	"CL:0000016"	"male germ line stem cell"	"other"	"SN194"	NA	9
"TGGCCAGTCATGTAGC"	""	"ERX6700419"	"ERP132580"	"testis"	"Sertoli"	NA	NA	NA	"CL:0000216"	"Sertoli cell"	"perfect match"	"SN194"	NA	3
"TGGCCAGTCATTGCCC"	""	"ERX6700419"	"ERP132580"	"testis"	"Differentiated_Spermatogonia"	NA	NA	NA	"CL:0000020"	"spermatogonium"	"perfect match"	"SN194"	NA	7
"TGGCCAGTCGGCATCG"	""	"ERX6700419"	"ERP132580"	"testis"	"Zygotene_Spermatocytes"	NA	NA	NA	"CL:0000017"	"spermatocyte"	"missing child term"	"SN194"	NA	5
"TGGCGCAAGTAGCCGA"	""	"ERX6700419"	"ERP132580"	"testis"	"Other_somatic"	NA	NA	NA	"CL:0002371"	"somatic cell"	"perfect match"	"SN194"	NA	1
"TGGCGCACAGCGAACA"	""	"ERX6700419"	"ERP132580"	"testis"	"Sertoli"	NA	NA	NA	"CL:0000216"	"Sertoli cell"	"perfect match"	"SN194"	NA	3
"TGGCGCAGTACTCAAC"	""	"ERX6700419"	"ERP132580"	"testis"	"Pachytene_Spermatocytes"	NA	NA	NA	"CL:0000017"	"spermatocyte"	"missing child term"	"SN194"	NA	4
"TGGCGCAGTGTTGGGA"	""	"ERX6700419"	"ERP132580"	"testis"	"Pachytene_Spermatocytes"	NA	NA	NA	"CL:0000017"	"spermatocyte"	"missing child term"	"SN194"	NA	4
"TGGCGCATCCTTAATC"	""	"ERX6700419"	"ERP132580"	"testis"	"Zygotene_Spermatocytes"	NA	NA	NA	"CL:0000017"	"spermatocyte"	"missing child term"	"SN194"	NA	5
"TGGCTGGAGACTTGAA"	""	"ERX6700419"	"ERP132580"	"testis"	"Leptotene_Spermatocytes"	NA	NA	NA	"CL:0000017"	"spermatocyte"	"missing child term"	"SN194"	NA	11
"TGGCTGGAGCTGAAAT"	""	"ERX6700419"	"ERP132580"	"testis"	"Differentiated_Spermatogonia"	NA	NA	NA	"CL:0000020"	"spermatogonium"	"perfect match"	"SN194"	NA	7
"TGGCTGGCAAATCCGT"	""	"ERX6700419"	"ERP132580"	"testis"	"Differentiated_Spermatogonia"	NA	NA	NA	"CL:0000020"	"spermatogonium"	"perfect match"	"SN194"	NA	7
"TGGCTGGCACAGTCGC"	""	"ERX6700419"	"ERP132580"	"testis"	"Early_Round_spermatids"	NA	NA	NA	"CL:4030036"	"early spermatid"	"perfect match"	"SN194"	NA	8
"TGGCTGGTCTGCCCTA"	""	"ERX6700419"	"ERP132580"	"testis"	"Early_Round_spermatids"	NA	NA	NA	"CL:4030036"	"early spermatid"	"perfect match"	"SN194"	NA	8
"TGGGAAGAGGAGTTGC"	""	"ERX6700419"	"ERP132580"	"testis"	"Zygotene_Spermatocytes"	NA	NA	NA	"CL:0000017"	"spermatocyte"	"missing child term"	"SN194"	NA	5
"TGGGAAGAGGTCGGAT"	""	"ERX6700419"	"ERP132580"	"testis"	"Late_Round_spermatids"	NA	NA	NA	"CL:4030036"	"early spermatid"	"other"	"SN194"	NA	6
"TGGGAAGCAATGAAAC"	""	"ERX6700419"	"ERP132580"	"testis"	"Sertoli"	NA	NA	NA	"CL:0000216"	"Sertoli cell"	"perfect match"	"SN194"	NA	3
"TGGGAAGTCACTCCTG"	""	"ERX6700419"	"ERP132580"	"testis"	"Undifferentiated_Spermatogonia"	NA	NA	NA	"CL:0000016"	"male germ line stem cell"	"other"	"SN194"	NA	9
"TGGGAAGTCCCGGATG"	""	"ERX6700419"	"ERP132580"	"testis"	"Zygotene_Spermatocytes"	NA	NA	NA	"CL:0000017"	"spermatocyte"	"missing child term"	"SN194"	NA	5
"TGGGAAGTCCTCATTA"	""	"ERX6700419"	"ERP132580"	"testis"	"Undifferentiated_Spermatogonia"	NA	NA	NA	"CL:0000016"	"male germ line stem cell"	"other"	"SN194"	NA	9
"TGGGCGTAGATCGGGT"	""	"ERX6700419"	"ERP132580"	"testis"	"Leptotene_Spermatocytes"	NA	NA	NA	"CL:0000017"	"spermatocyte"	"missing child term"	"SN194"	NA	11
"TGGGCGTAGCTACCGC"	""	"ERX6700419"	"ERP132580"	"testis"	"Other_somatic"	NA	NA	NA	"CL:0002371"	"somatic cell"	"perfect match"	"SN194"	NA	1
"TGGGCGTAGTCTCAAC"	""	"ERX6700419"	"ERP132580"	"testis"	"Other_somatic"	NA	NA	NA	"CL:0002371"	"somatic cell"	"perfect match"	"SN194"	NA	1
"TGGGCGTAGTTTCCTT"	""	"ERX6700419"	"ERP132580"	"testis"	"Sertoli"	NA	NA	NA	"CL:0000216"	"Sertoli cell"	"perfect match"	"SN194"	NA	3
"TGGGCGTCATGCCCGA"	""	"ERX6700419"	"ERP132580"	"testis"	"Leptotene_Spermatocytes"	NA	NA	NA	"CL:0000017"	"spermatocyte"	"missing child term"	"SN194"	NA	11
"TGGGCGTCATTCTTAC"	""	"ERX6700419"	"ERP132580"	"testis"	"Zygotene_Spermatocytes"	NA	NA	NA	"CL:0000017"	"spermatocyte"	"missing child term"	"SN194"	NA	5
"TGGGCGTGTCGGCACT"	""	"ERX6700419"	"ERP132580"	"testis"	"Differentiated_Spermatogonia"	NA	NA	NA	"CL:0000020"	"spermatogonium"	"perfect match"	"SN194"	NA	7
"TGGGCGTTCAGAGACG"	""	"ERX6700419"	"ERP132580"	"testis"	"Pachytene_Spermatocytes"	NA	NA	NA	"CL:0000017"	"spermatocyte"	"missing child term"	"SN194"	NA	4
"TGGTTAGAGAGAGCTC"	""	"ERX6700419"	"ERP132580"	"testis"	"Elongated_spermatids"	NA	NA	NA	"CL:4030037"	"late spermatid"	"perfect match"	"SN194"	NA	2
"TGGTTAGCAACGATCT"	""	"ERX6700419"	"ERP132580"	"testis"	"Late_Round_spermatids"	NA	NA	NA	"CL:4030036"	"early spermatid"	"other"	"SN194"	NA	6
"TGGTTAGCACGTCAGC"	""	"ERX6700419"	"ERP132580"	"testis"	"Zygotene_Spermatocytes"	NA	NA	NA	"CL:0000017"	"spermatocyte"	"missing child term"	"SN194"	NA	5
"TGGTTAGCAGCTGTTA"	""	"ERX6700419"	"ERP132580"	"testis"	"Leptotene_Spermatocytes"	NA	NA	NA	"CL:0000017"	"spermatocyte"	"missing child term"	"SN194"	NA	11
"TGGTTAGCATATGGTC"	""	"ERX6700419"	"ERP132580"	"testis"	"Elongated_spermatids"	NA	NA	NA	"CL:4030037"	"late spermatid"	"perfect match"	"SN194"	NA	2
"TGGTTAGCATCCGCGA"	""	"ERX6700419"	"ERP132580"	"testis"	"Sertoli"	NA	NA	NA	"CL:0000216"	"Sertoli cell"	"perfect match"	"SN194"	NA	3
"TGGTTAGCATGCGCAC"	""	"ERX6700419"	"ERP132580"	"testis"	"Pachytene_Spermatocytes"	NA	NA	NA	"CL:0000017"	"spermatocyte"	"missing child term"	"SN194"	NA	4
"TGGTTAGTCGTTGACA"	""	"ERX6700419"	"ERP132580"	"testis"	"Sertoli"	NA	NA	NA	"CL:0000216"	"Sertoli cell"	"perfect match"	"SN194"	NA	3
"TGGTTAGTCTGTCAAG"	""	"ERX6700419"	"ERP132580"	"testis"	"Sertoli"	NA	NA	NA	"CL:0000216"	"Sertoli cell"	"perfect match"	"SN194"	NA	3
"TGGTTCCAGACTAAGT"	""	"ERX6700419"	"ERP132580"	"testis"	"Sertoli"	NA	NA	NA	"CL:0000216"	"Sertoli cell"	"perfect match"	"SN194"	NA	3
"TGGTTCCAGCGTCAAG"	""	"ERX6700419"	"ERP132580"	"testis"	"Differentiated_Spermatogonia"	NA	NA	NA	"CL:0000020"	"spermatogonium"	"perfect match"	"SN194"	NA	7
"TGGTTCCAGTAGTGCG"	""	"ERX6700419"	"ERP132580"	"testis"	"Late_Round_spermatids"	NA	NA	NA	"CL:4030036"	"early spermatid"	"other"	"SN194"	NA	6
"TGGTTCCCACCCATGG"	""	"ERX6700419"	"ERP132580"	"testis"	"Other_somatic"	NA	NA	NA	"CL:0002371"	"somatic cell"	"perfect match"	"SN194"	NA	1
"TGGTTCCCACGAAACG"	""	"ERX6700419"	"ERP132580"	"testis"	"Zygotene_Spermatocytes"	NA	NA	NA	"CL:0000017"	"spermatocyte"	"missing child term"	"SN194"	NA	5
"TGGTTCCTCGTTGACA"	""	"ERX6700419"	"ERP132580"	"testis"	"Pachytene_Spermatocytes"	NA	NA	NA	"CL:0000017"	"spermatocyte"	"missing child term"	"SN194"	NA	4
"TGTATTCAGCTTCGCG"	""	"ERX6700419"	"ERP132580"	"testis"	"Elongated_spermatids"	NA	NA	NA	"CL:4030037"	"late spermatid"	"perfect match"	"SN194"	NA	2
"TGTATTCAGGGAACGG"	""	"ERX6700419"	"ERP132580"	"testis"	"Early_Round_spermatids"	NA	NA	NA	"CL:4030036"	"early spermatid"	"perfect match"	"SN194"	NA	8
"TGTATTCCAACCGCCA"	""	"ERX6700419"	"ERP132580"	"testis"	"Sertoli"	NA	NA	NA	"CL:0000216"	"Sertoli cell"	"perfect match"	"SN194"	NA	3
"TGTATTCCAAGCGATG"	""	"ERX6700419"	"ERP132580"	"testis"	"Elongated_spermatids"	NA	NA	NA	"CL:4030037"	"late spermatid"	"perfect match"	"SN194"	NA	2
"TGTATTCCAGGTGGAT"	""	"ERX6700419"	"ERP132580"	"testis"	"Other_somatic"	NA	NA	NA	"CL:0002371"	"somatic cell"	"perfect match"	"SN194"	NA	1
"TGTATTCCATCCGGGT"	""	"ERX6700419"	"ERP132580"	"testis"	"Undifferentiated_Spermatogonia"	NA	NA	NA	"CL:0000016"	"male germ line stem cell"	"other"	"SN194"	NA	9
"TGTATTCGTCTTGATG"	""	"ERX6700419"	"ERP132580"	"testis"	"Late_Round_spermatids"	NA	NA	NA	"CL:4030036"	"early spermatid"	"other"	"SN194"	NA	6
"TGTATTCGTTGATTCG"	""	"ERX6700419"	"ERP132580"	"testis"	"Leptotene_Spermatocytes"	NA	NA	NA	"CL:0000017"	"spermatocyte"	"missing child term"	"SN194"	NA	11
"TGTATTCTCAAAGACA"	""	"ERX6700419"	"ERP132580"	"testis"	"Pachytene_Spermatocytes"	NA	NA	NA	"CL:0000017"	"spermatocyte"	"missing child term"	"SN194"	NA	4
"TGTATTCTCACAGGCC"	""	"ERX6700419"	"ERP132580"	"testis"	"Late_Round_spermatids"	NA	NA	NA	"CL:4030036"	"early spermatid"	"other"	"SN194"	NA	6
"TGTATTCTCTATCCCG"	""	"ERX6700419"	"ERP132580"	"testis"	"Sertoli"	NA	NA	NA	"CL:0000216"	"Sertoli cell"	"perfect match"	"SN194"	NA	3
"TGTCCCAAGACGCAAC"	""	"ERX6700419"	"ERP132580"	"testis"	"Undifferentiated_Spermatogonia"	NA	NA	NA	"CL:0000016"	"male germ line stem cell"	"other"	"SN194"	NA	9
"TGTCCCAAGACTAGAT"	""	"ERX6700419"	"ERP132580"	"testis"	"Other_somatic"	NA	NA	NA	"CL:0002371"	"somatic cell"	"perfect match"	"SN194"	NA	1
"TGTCCCAAGAGTAAGG"	""	"ERX6700419"	"ERP132580"	"testis"	"Leptotene_Spermatocytes"	NA	NA	NA	"CL:0000017"	"spermatocyte"	"missing child term"	"SN194"	NA	11
"TGTCCCAAGATGTAAC"	""	"ERX6700419"	"ERP132580"	"testis"	"Zygotene_Spermatocytes"	NA	NA	NA	"CL:0000017"	"spermatocyte"	"missing child term"	"SN194"	NA	5
"TGTCCCAAGGACATTA"	""	"ERX6700419"	"ERP132580"	"testis"	"Sertoli"	NA	NA	NA	"CL:0000216"	"Sertoli cell"	"perfect match"	"SN194"	NA	3
"TGTCCCACAGCGTAAG"	""	"ERX6700419"	"ERP132580"	"testis"	"Sertoli"	NA	NA	NA	"CL:0000216"	"Sertoli cell"	"perfect match"	"SN194"	NA	3
"TGTCCCACATGGTTGT"	""	"ERX6700419"	"ERP132580"	"testis"	"Elongated_spermatids"	NA	NA	NA	"CL:4030037"	"late spermatid"	"perfect match"	"SN194"	NA	2
"TGTCCCATCAGATAAG"	""	"ERX6700419"	"ERP132580"	"testis"	"Differentiated_Spermatogonia"	NA	NA	NA	"CL:0000020"	"spermatogonium"	"perfect match"	"SN194"	NA	7
"TGTCCCATCCATTCTA"	""	"ERX6700419"	"ERP132580"	"testis"	"Pachytene_Spermatocytes"	NA	NA	NA	"CL:0000017"	"spermatocyte"	"missing child term"	"SN194"	NA	4
"TGTCCCATCGACCAGC"	""	"ERX6700419"	"ERP132580"	"testis"	"Pachytene_Spermatocytes"	NA	NA	NA	"CL:0000017"	"spermatocyte"	"missing child term"	"SN194"	NA	4
"TGTCCCATCGGTTAAC"	""	"ERX6700419"	"ERP132580"	"testis"	"Late_Round_spermatids"	NA	NA	NA	"CL:4030036"	"early spermatid"	"other"	"SN194"	NA	6
"TGTCCCATCTTACCGC"	""	"ERX6700419"	"ERP132580"	"testis"	"Early_Round_spermatids"	NA	NA	NA	"CL:4030036"	"early spermatid"	"perfect match"	"SN194"	NA	8
"TGTGGTAAGAGTTGGC"	""	"ERX6700419"	"ERP132580"	"testis"	"Elongated_spermatids"	NA	NA	NA	"CL:4030037"	"late spermatid"	"perfect match"	"SN194"	NA	2
"TGTGGTAAGCCCAATT"	""	"ERX6700419"	"ERP132580"	"testis"	"Sertoli"	NA	NA	NA	"CL:0000216"	"Sertoli cell"	"perfect match"	"SN194"	NA	3
"TGTGGTACAATAACGA"	""	"ERX6700419"	"ERP132580"	"testis"	"Elongated_spermatids"	NA	NA	NA	"CL:4030037"	"late spermatid"	"perfect match"	"SN194"	NA	2
"TGTGGTACAGCTGCAC"	""	"ERX6700419"	"ERP132580"	"testis"	"Early_Round_spermatids"	NA	NA	NA	"CL:4030036"	"early spermatid"	"perfect match"	"SN194"	NA	8
"TGTGGTACAGGGAGAG"	""	"ERX6700419"	"ERP132580"	"testis"	"Other_somatic"	NA	NA	NA	"CL:0002371"	"somatic cell"	"perfect match"	"SN194"	NA	1
"TGTGGTACAGTTCCCT"	""	"ERX6700419"	"ERP132580"	"testis"	"Late_Round_spermatids"	NA	NA	NA	"CL:4030036"	"early spermatid"	"other"	"SN194"	NA	6
"TGTGGTAGTCGGATCC"	""	"ERX6700419"	"ERP132580"	"testis"	"Differentiated_Spermatogonia"	NA	NA	NA	"CL:0000020"	"spermatogonium"	"perfect match"	"SN194"	NA	7
"TGTGGTAGTGCACGAA"	""	"ERX6700419"	"ERP132580"	"testis"	"Sertoli"	NA	NA	NA	"CL:0000216"	"Sertoli cell"	"perfect match"	"SN194"	NA	3
"TGTGGTAGTGGTCCGT"	""	"ERX6700419"	"ERP132580"	"testis"	"Other_somatic"	NA	NA	NA	"CL:0002371"	"somatic cell"	"perfect match"	"SN194"	NA	1
"TGTGGTATCTACCTGC"	""	"ERX6700419"	"ERP132580"	"testis"	"Leptotene_Spermatocytes"	NA	NA	NA	"CL:0000017"	"spermatocyte"	"missing child term"	"SN194"	NA	11
"TGTGTTTAGAGGTTAT"	""	"ERX6700419"	"ERP132580"	"testis"	"Pachytene_Spermatocytes"	NA	NA	NA	"CL:0000017"	"spermatocyte"	"missing child term"	"SN194"	NA	4
"TGTGTTTAGCTTCGCG"	""	"ERX6700419"	"ERP132580"	"testis"	"Late_Round_spermatids"	NA	NA	NA	"CL:4030036"	"early spermatid"	"other"	"SN194"	NA	6
"TGTGTTTCAATAAGCA"	""	"ERX6700419"	"ERP132580"	"testis"	"Zygotene_Spermatocytes"	NA	NA	NA	"CL:0000017"	"spermatocyte"	"missing child term"	"SN194"	NA	5
"TGTGTTTGTTCCATGA"	""	"ERX6700419"	"ERP132580"	"testis"	"Pachytene_Spermatocytes"	NA	NA	NA	"CL:0000017"	"spermatocyte"	"missing child term"	"SN194"	NA	4
"TGTGTTTTCACCGGGT"	""	"ERX6700419"	"ERP132580"	"testis"	"Pachytene_Spermatocytes"	NA	NA	NA	"CL:0000017"	"spermatocyte"	"missing child term"	"SN194"	NA	4
"TGTGTTTTCCGCTGTT"	""	"ERX6700419"	"ERP132580"	"testis"	"Sertoli"	NA	NA	NA	"CL:0000216"	"Sertoli cell"	"perfect match"	"SN194"	NA	3
"TGTGTTTTCGGTCCGA"	""	"ERX6700419"	"ERP132580"	"testis"	"Late_Round_spermatids"	NA	NA	NA	"CL:4030036"	"early spermatid"	"other"	"SN194"	NA	6
"TGTTCCGAGAATAGGG"	""	"ERX6700419"	"ERP132580"	"testis"	"Early_Round_spermatids"	NA	NA	NA	"CL:4030036"	"early spermatid"	"perfect match"	"SN194"	NA	8
"TGTTCCGCAATCGAAA"	""	"ERX6700419"	"ERP132580"	"testis"	"Other_somatic"	NA	NA	NA	"CL:0002371"	"somatic cell"	"perfect match"	"SN194"	NA	1
"TGTTCCGCAGCATGAG"	""	"ERX6700419"	"ERP132580"	"testis"	"Zygotene_Spermatocytes"	NA	NA	NA	"CL:0000017"	"spermatocyte"	"missing child term"	"SN194"	NA	5
"TGTTCCGCAGGGTACA"	""	"ERX6700419"	"ERP132580"	"testis"	"Other_somatic"	NA	NA	NA	"CL:0002371"	"somatic cell"	"perfect match"	"SN194"	NA	1
"TGTTCCGGTACTTCTT"	""	"ERX6700419"	"ERP132580"	"testis"	"Pachytene_Spermatocytes"	NA	NA	NA	"CL:0000017"	"spermatocyte"	"missing child term"	"SN194"	NA	4
"TGTTCCGGTGTTGAGG"	""	"ERX6700419"	"ERP132580"	"testis"	"Other_somatic"	NA	NA	NA	"CL:0002371"	"somatic cell"	"perfect match"	"SN194"	NA	1
"TGTTCCGGTGTTTGGT"	""	"ERX6700419"	"ERP132580"	"testis"	"Elongated_spermatids"	NA	NA	NA	"CL:4030037"	"late spermatid"	"perfect match"	"SN194"	NA	2
"TGTTCCGGTTCGAATC"	""	"ERX6700419"	"ERP132580"	"testis"	"Other_somatic"	NA	NA	NA	"CL:0002371"	"somatic cell"	"perfect match"	"SN194"	NA	1
"TTAACTCAGAGTCTGG"	""	"ERX6700419"	"ERP132580"	"testis"	"Early_Round_spermatids"	NA	NA	NA	"CL:4030036"	"early spermatid"	"perfect match"	"SN194"	NA	8
"TTAACTCAGGTACTCT"	""	"ERX6700419"	"ERP132580"	"testis"	"Pachytene_Spermatocytes"	NA	NA	NA	"CL:0000017"	"spermatocyte"	"missing child term"	"SN194"	NA	4
"TTAACTCCAAGACGTG"	""	"ERX6700419"	"ERP132580"	"testis"	"Other_somatic"	NA	NA	NA	"CL:0002371"	"somatic cell"	"perfect match"	"SN194"	NA	1
"TTAACTCCACTCGACG"	""	"ERX6700419"	"ERP132580"	"testis"	"Elongated_spermatids"	NA	NA	NA	"CL:4030037"	"late spermatid"	"perfect match"	"SN194"	NA	2
"TTAACTCTCATCACCC"	""	"ERX6700419"	"ERP132580"	"testis"	"Undifferentiated_Spermatogonia"	NA	NA	NA	"CL:0000016"	"male germ line stem cell"	"other"	"SN194"	NA	9
"TTAACTCTCCCTAATT"	""	"ERX6700419"	"ERP132580"	"testis"	"Undifferentiated_Spermatogonia"	NA	NA	NA	"CL:0000016"	"male germ line stem cell"	"other"	"SN194"	NA	9
"TTAACTCTCGTCCGTT"	""	"ERX6700419"	"ERP132580"	"testis"	"Sertoli"	NA	NA	NA	"CL:0000216"	"Sertoli cell"	"perfect match"	"SN194"	NA	3
"TTAGGACAGAGTAAGG"	""	"ERX6700419"	"ERP132580"	"testis"	"Sertoli"	NA	NA	NA	"CL:0000216"	"Sertoli cell"	"perfect match"	"SN194"	NA	3
"TTAGGACCACCATCCT"	""	"ERX6700419"	"ERP132580"	"testis"	"Zygotene_Spermatocytes"	NA	NA	NA	"CL:0000017"	"spermatocyte"	"missing child term"	"SN194"	NA	5
"TTAGGACGTCTTCAAG"	""	"ERX6700419"	"ERP132580"	"testis"	"Zygotene_Spermatocytes"	NA	NA	NA	"CL:0000017"	"spermatocyte"	"missing child term"	"SN194"	NA	5
"TTAGGACGTGCTAGCC"	""	"ERX6700419"	"ERP132580"	"testis"	"Undifferentiated_Spermatogonia"	NA	NA	NA	"CL:0000016"	"male germ line stem cell"	"other"	"SN194"	NA	9
"TTAGGACGTTCGAATC"	""	"ERX6700419"	"ERP132580"	"testis"	"Zygotene_Spermatocytes"	NA	NA	NA	"CL:0000017"	"spermatocyte"	"missing child term"	"SN194"	NA	5
"TTAGGACGTTTGACAC"	""	"ERX6700419"	"ERP132580"	"testis"	"Sertoli"	NA	NA	NA	"CL:0000216"	"Sertoli cell"	"perfect match"	"SN194"	NA	3
"TTAGGCAAGAAGAAGC"	""	"ERX6700419"	"ERP132580"	"testis"	"Zygotene_Spermatocytes"	NA	NA	NA	"CL:0000017"	"spermatocyte"	"missing child term"	"SN194"	NA	5
"TTAGGCAAGCTTTGGT"	""	"ERX6700419"	"ERP132580"	"testis"	"Sertoli"	NA	NA	NA	"CL:0000216"	"Sertoli cell"	"perfect match"	"SN194"	NA	3
"TTAGGCACAGCCTATA"	""	"ERX6700419"	"ERP132580"	"testis"	"Late_Round_spermatids"	NA	NA	NA	"CL:4030036"	"early spermatid"	"other"	"SN194"	NA	6
"TTAGGCAGTGCGAAAC"	""	"ERX6700419"	"ERP132580"	"testis"	"Elongated_spermatids"	NA	NA	NA	"CL:4030037"	"late spermatid"	"perfect match"	"SN194"	NA	2
"TTAGTTCAGGGAGTAA"	""	"ERX6700419"	"ERP132580"	"testis"	"Differentiated_Spermatogonia"	NA	NA	NA	"CL:0000020"	"spermatogonium"	"perfect match"	"SN194"	NA	7
"TTAGTTCGTCGCCATG"	""	"ERX6700419"	"ERP132580"	"testis"	"Pachytene_Spermatocytes"	NA	NA	NA	"CL:0000017"	"spermatocyte"	"missing child term"	"SN194"	NA	4
"TTAGTTCGTGAAATCA"	""	"ERX6700419"	"ERP132580"	"testis"	"Other_somatic"	NA	NA	NA	"CL:0002371"	"somatic cell"	"perfect match"	"SN194"	NA	1
"TTAGTTCTCAAACGGG"	""	"ERX6700419"	"ERP132580"	"testis"	"Leptotene_Spermatocytes"	NA	NA	NA	"CL:0000017"	"spermatocyte"	"missing child term"	"SN194"	NA	11
"TTAGTTCTCGTCTGCT"	""	"ERX6700419"	"ERP132580"	"testis"	"Other_somatic"	NA	NA	NA	"CL:0002371"	"somatic cell"	"perfect match"	"SN194"	NA	1
"TTATGCTAGATAGTCA"	""	"ERX6700419"	"ERP132580"	"testis"	"Elongated_spermatids"	NA	NA	NA	"CL:4030037"	"late spermatid"	"perfect match"	"SN194"	NA	2
"TTATGCTAGCTCCTCT"	""	"ERX6700419"	"ERP132580"	"testis"	"Pachytene_Spermatocytes"	NA	NA	NA	"CL:0000017"	"spermatocyte"	"missing child term"	"SN194"	NA	4
"TTATGCTAGGCGCTCT"	""	"ERX6700419"	"ERP132580"	"testis"	"Undifferentiated_Spermatogonia"	NA	NA	NA	"CL:0000016"	"male germ line stem cell"	"other"	"SN194"	NA	9
"TTATGCTAGTGTACTC"	""	"ERX6700419"	"ERP132580"	"testis"	"Other_somatic"	NA	NA	NA	"CL:0002371"	"somatic cell"	"perfect match"	"SN194"	NA	1
"TTATGCTCACCAACCG"	""	"ERX6700419"	"ERP132580"	"testis"	"Leptotene_Spermatocytes"	NA	NA	NA	"CL:0000017"	"spermatocyte"	"missing child term"	"SN194"	NA	11
"TTATGCTCATTCCTGC"	""	"ERX6700419"	"ERP132580"	"testis"	"Late_Round_spermatids"	NA	NA	NA	"CL:4030036"	"early spermatid"	"other"	"SN194"	NA	6
"TTATGCTGTACCTACA"	""	"ERX6700419"	"ERP132580"	"testis"	"Sertoli"	NA	NA	NA	"CL:0000216"	"Sertoli cell"	"perfect match"	"SN194"	NA	3
"TTATGCTGTCCGTGAC"	""	"ERX6700419"	"ERP132580"	"testis"	"Leptotene_Spermatocytes"	NA	NA	NA	"CL:0000017"	"spermatocyte"	"missing child term"	"SN194"	NA	11
"TTATGCTTCAGCGACC"	""	"ERX6700419"	"ERP132580"	"testis"	"Pachytene_Spermatocytes"	NA	NA	NA	"CL:0000017"	"spermatocyte"	"missing child term"	"SN194"	NA	4
"TTATGCTTCATAAAGG"	""	"ERX6700419"	"ERP132580"	"testis"	"Pachytene_Spermatocytes"	NA	NA	NA	"CL:0000017"	"spermatocyte"	"missing child term"	"SN194"	NA	4
"TTATGCTTCGAACTGT"	""	"ERX6700419"	"ERP132580"	"testis"	"Sertoli"	NA	NA	NA	"CL:0000216"	"Sertoli cell"	"perfect match"	"SN194"	NA	3
"TTATGCTTCTGATACG"	""	"ERX6700419"	"ERP132580"	"testis"	"Sertoli"	NA	NA	NA	"CL:0000216"	"Sertoli cell"	"perfect match"	"SN194"	NA	3
"TTCCCAGAGACACTAA"	""	"ERX6700419"	"ERP132580"	"testis"	"Leptotene_Spermatocytes"	NA	NA	NA	"CL:0000017"	"spermatocyte"	"missing child term"	"SN194"	NA	11
"TTCCCAGCACTGCCAG"	""	"ERX6700419"	"ERP132580"	"testis"	"Other_somatic"	NA	NA	NA	"CL:0002371"	"somatic cell"	"perfect match"	"SN194"	NA	1
"TTCCCAGGTCCGAACC"	""	"ERX6700419"	"ERP132580"	"testis"	"Undifferentiated_Spermatogonia"	NA	NA	NA	"CL:0000016"	"male germ line stem cell"	"other"	"SN194"	NA	9
"TTCCCAGGTCGCATCG"	""	"ERX6700419"	"ERP132580"	"testis"	"Pachytene_Spermatocytes"	NA	NA	NA	"CL:0000017"	"spermatocyte"	"missing child term"	"SN194"	NA	4
"TTCCCAGGTCGGCACT"	""	"ERX6700419"	"ERP132580"	"testis"	"Elongated_spermatids"	NA	NA	NA	"CL:4030037"	"late spermatid"	"perfect match"	"SN194"	NA	2
"TTCCCAGGTGCTCTTC"	""	"ERX6700419"	"ERP132580"	"testis"	"Sertoli"	NA	NA	NA	"CL:0000216"	"Sertoli cell"	"perfect match"	"SN194"	NA	3
"TTCGAAGAGGGTTCCC"	""	"ERX6700419"	"ERP132580"	"testis"	"Sertoli"	NA	NA	NA	"CL:0000216"	"Sertoli cell"	"perfect match"	"SN194"	NA	3
"TTCGAAGAGTGGGTTG"	""	"ERX6700419"	"ERP132580"	"testis"	"Sertoli"	NA	NA	NA	"CL:0000216"	"Sertoli cell"	"perfect match"	"SN194"	NA	3
"TTCGAAGCAAATACAG"	""	"ERX6700419"	"ERP132580"	"testis"	"Zygotene_Spermatocytes"	NA	NA	NA	"CL:0000017"	"spermatocyte"	"missing child term"	"SN194"	NA	5
"TTCGAAGGTCTGCAAT"	""	"ERX6700419"	"ERP132580"	"testis"	"Differentiated_Spermatogonia"	NA	NA	NA	"CL:0000020"	"spermatogonium"	"perfect match"	"SN194"	NA	7
"TTCGAAGGTGTGGTTT"	""	"ERX6700419"	"ERP132580"	"testis"	"Late_Round_spermatids"	NA	NA	NA	"CL:4030036"	"early spermatid"	"other"	"SN194"	NA	6
"TTCGAAGTCGCTTGTC"	""	"ERX6700419"	"ERP132580"	"testis"	"Undifferentiated_Spermatogonia"	NA	NA	NA	"CL:0000016"	"male germ line stem cell"	"other"	"SN194"	NA	9
"TTCGGTCAGGCAATTA"	""	"ERX6700419"	"ERP132580"	"testis"	"Late_Round_spermatids"	NA	NA	NA	"CL:4030036"	"early spermatid"	"other"	"SN194"	NA	6
"TTCGGTCCAACTGCTA"	""	"ERX6700419"	"ERP132580"	"testis"	"Pachytene_Spermatocytes"	NA	NA	NA	"CL:0000017"	"spermatocyte"	"missing child term"	"SN194"	NA	4
"TTCGGTCCAATCGGTT"	""	"ERX6700419"	"ERP132580"	"testis"	"Late_Round_spermatids"	NA	NA	NA	"CL:4030036"	"early spermatid"	"other"	"SN194"	NA	6
"TTCGGTCCACTGTGTA"	""	"ERX6700419"	"ERP132580"	"testis"	"Early_Round_spermatids"	NA	NA	NA	"CL:4030036"	"early spermatid"	"perfect match"	"SN194"	NA	8
"TTCGGTCCATCACGTA"	""	"ERX6700419"	"ERP132580"	"testis"	"Other_somatic"	NA	NA	NA	"CL:0002371"	"somatic cell"	"perfect match"	"SN194"	NA	1
"TTCGGTCGTAACGTTC"	""	"ERX6700419"	"ERP132580"	"testis"	"Zygotene_Spermatocytes"	NA	NA	NA	"CL:0000017"	"spermatocyte"	"missing child term"	"SN194"	NA	5
"TTCGGTCTCTCAACTT"	""	"ERX6700419"	"ERP132580"	"testis"	"Zygotene_Spermatocytes"	NA	NA	NA	"CL:0000017"	"spermatocyte"	"missing child term"	"SN194"	NA	5
"TTCGGTCTCTGCAAGT"	""	"ERX6700419"	"ERP132580"	"testis"	"Zygotene_Spermatocytes"	NA	NA	NA	"CL:0000017"	"spermatocyte"	"missing child term"	"SN194"	NA	5
"TTCTACAAGCTAGTTC"	""	"ERX6700419"	"ERP132580"	"testis"	"Late_Round_spermatids"	NA	NA	NA	"CL:4030036"	"early spermatid"	"other"	"SN194"	NA	6
"TTCTACAAGTTCGCGC"	""	"ERX6700419"	"ERP132580"	"testis"	"Sertoli"	NA	NA	NA	"CL:0000216"	"Sertoli cell"	"perfect match"	"SN194"	NA	3
"TTCTACACAAAGTCAA"	""	"ERX6700419"	"ERP132580"	"testis"	"Late_Round_spermatids"	NA	NA	NA	"CL:4030036"	"early spermatid"	"other"	"SN194"	NA	6
"TTCTACACACGCCAGT"	""	"ERX6700419"	"ERP132580"	"testis"	"Differentiated_Spermatogonia"	NA	NA	NA	"CL:0000020"	"spermatogonium"	"perfect match"	"SN194"	NA	7
"TTCTACAGTTGAGGTG"	""	"ERX6700419"	"ERP132580"	"testis"	"Late_Round_spermatids"	NA	NA	NA	"CL:4030036"	"early spermatid"	"other"	"SN194"	NA	6
"TTCTCAAAGCGATGAC"	""	"ERX6700419"	"ERP132580"	"testis"	"Undifferentiated_Spermatogonia"	NA	NA	NA	"CL:0000016"	"male germ line stem cell"	"other"	"SN194"	NA	9
"TTCTCAACACAGACAG"	""	"ERX6700419"	"ERP132580"	"testis"	"Other_somatic"	NA	NA	NA	"CL:0002371"	"somatic cell"	"perfect match"	"SN194"	NA	1
"TTCTCAACACGACTCG"	""	"ERX6700419"	"ERP132580"	"testis"	"Sertoli"	NA	NA	NA	"CL:0000216"	"Sertoli cell"	"perfect match"	"SN194"	NA	3
"TTCTCAACACTAGTAC"	""	"ERX6700419"	"ERP132580"	"testis"	"Late_Round_spermatids"	NA	NA	NA	"CL:4030036"	"early spermatid"	"other"	"SN194"	NA	6
"TTCTCAACAGGTCGTC"	""	"ERX6700419"	"ERP132580"	"testis"	"Elongated_spermatids"	NA	NA	NA	"CL:4030037"	"late spermatid"	"perfect match"	"SN194"	NA	2
"TTCTCAAGTCAAAGCG"	""	"ERX6700419"	"ERP132580"	"testis"	"Early_Round_spermatids"	NA	NA	NA	"CL:4030036"	"early spermatid"	"perfect match"	"SN194"	NA	8
"TTCTCAAGTCTCTCGT"	""	"ERX6700419"	"ERP132580"	"testis"	"Zygotene_Spermatocytes"	NA	NA	NA	"CL:0000017"	"spermatocyte"	"missing child term"	"SN194"	NA	5
"TTCTCAAGTGTTGAGG"	""	"ERX6700419"	"ERP132580"	"testis"	"Sertoli"	NA	NA	NA	"CL:0000216"	"Sertoli cell"	"perfect match"	"SN194"	NA	3
"TTCTCAAGTTACAGAA"	""	"ERX6700419"	"ERP132580"	"testis"	"Elongated_spermatids"	NA	NA	NA	"CL:4030037"	"late spermatid"	"perfect match"	"SN194"	NA	2
"TTCTCAATCATCACCC"	""	"ERX6700419"	"ERP132580"	"testis"	"Other_somatic"	NA	NA	NA	"CL:0002371"	"somatic cell"	"perfect match"	"SN194"	NA	1
"TTCTCAATCGCCTGAG"	""	"ERX6700419"	"ERP132580"	"testis"	"Early_Round_spermatids"	NA	NA	NA	"CL:4030036"	"early spermatid"	"perfect match"	"SN194"	NA	8
"TTCTCCTAGTCAATAG"	""	"ERX6700419"	"ERP132580"	"testis"	"Leptotene_Spermatocytes"	NA	NA	NA	"CL:0000017"	"spermatocyte"	"missing child term"	"SN194"	NA	11
"TTCTCCTCAAATACAG"	""	"ERX6700419"	"ERP132580"	"testis"	"Early_Round_spermatids"	NA	NA	NA	"CL:4030036"	"early spermatid"	"perfect match"	"SN194"	NA	8
"TTCTCCTCACAAGTAA"	""	"ERX6700419"	"ERP132580"	"testis"	"Undifferentiated_Spermatogonia"	NA	NA	NA	"CL:0000016"	"male germ line stem cell"	"other"	"SN194"	NA	9
"TTCTCCTCATTACGAC"	""	"ERX6700419"	"ERP132580"	"testis"	"Zygotene_Spermatocytes"	NA	NA	NA	"CL:0000017"	"spermatocyte"	"missing child term"	"SN194"	NA	5
"TTCTCCTGTCTAAAGA"	""	"ERX6700419"	"ERP132580"	"testis"	"Sertoli"	NA	NA	NA	"CL:0000216"	"Sertoli cell"	"perfect match"	"SN194"	NA	3
"TTCTCCTTCGAGAGCA"	""	"ERX6700419"	"ERP132580"	"testis"	"Early_Round_spermatids"	NA	NA	NA	"CL:4030036"	"early spermatid"	"perfect match"	"SN194"	NA	8
"TTCTCCTTCTTAGAGC"	""	"ERX6700419"	"ERP132580"	"testis"	"Other_somatic"	NA	NA	NA	"CL:0002371"	"somatic cell"	"perfect match"	"SN194"	NA	1
"TTCTTAGAGACTAAGT"	""	"ERX6700419"	"ERP132580"	"testis"	"Zygotene_Spermatocytes"	NA	NA	NA	"CL:0000017"	"spermatocyte"	"missing child term"	"SN194"	NA	5
"TTCTTAGAGATACACA"	""	"ERX6700419"	"ERP132580"	"testis"	"Pachytene_Spermatocytes"	NA	NA	NA	"CL:0000017"	"spermatocyte"	"missing child term"	"SN194"	NA	4
"TTCTTAGAGCTAGTGG"	""	"ERX6700419"	"ERP132580"	"testis"	"Pachytene_Spermatocytes"	NA	NA	NA	"CL:0000017"	"spermatocyte"	"missing child term"	"SN194"	NA	4
"TTCTTAGCACACATGT"	""	"ERX6700419"	"ERP132580"	"testis"	"Late_Round_spermatids"	NA	NA	NA	"CL:4030036"	"early spermatid"	"other"	"SN194"	NA	6
"TTCTTAGCATTGGTAC"	""	"ERX6700419"	"ERP132580"	"testis"	"Undifferentiated_Spermatogonia"	NA	NA	NA	"CL:0000016"	"male germ line stem cell"	"other"	"SN194"	NA	9
"TTCTTAGGTAAAGGAG"	""	"ERX6700419"	"ERP132580"	"testis"	"Undifferentiated_Spermatogonia"	NA	NA	NA	"CL:0000016"	"male germ line stem cell"	"other"	"SN194"	NA	9
"TTCTTAGGTACCTACA"	""	"ERX6700419"	"ERP132580"	"testis"	"Pachytene_Spermatocytes"	NA	NA	NA	"CL:0000017"	"spermatocyte"	"missing child term"	"SN194"	NA	4
"TTCTTAGGTCTGATCA"	""	"ERX6700419"	"ERP132580"	"testis"	"Early_Round_spermatids"	NA	NA	NA	"CL:4030036"	"early spermatid"	"perfect match"	"SN194"	NA	8
"TTCTTAGGTGCGAAAC"	""	"ERX6700419"	"ERP132580"	"testis"	"Differentiated_Spermatogonia"	NA	NA	NA	"CL:0000020"	"spermatogonium"	"perfect match"	"SN194"	NA	7
"TTCTTAGTCCTAGGGC"	""	"ERX6700419"	"ERP132580"	"testis"	"Early_Round_spermatids"	NA	NA	NA	"CL:4030036"	"early spermatid"	"perfect match"	"SN194"	NA	8
"TTCTTAGTCGCGGATC"	""	"ERX6700419"	"ERP132580"	"testis"	"Leptotene_Spermatocytes"	NA	NA	NA	"CL:0000017"	"spermatocyte"	"missing child term"	"SN194"	NA	11
"TTCTTAGTCTCGTATT"	""	"ERX6700419"	"ERP132580"	"testis"	"Early_Round_spermatids"	NA	NA	NA	"CL:4030036"	"early spermatid"	"perfect match"	"SN194"	NA	8
"TTGAACGAGATATGGT"	""	"ERX6700419"	"ERP132580"	"testis"	"Sertoli"	NA	NA	NA	"CL:0000216"	"Sertoli cell"	"perfect match"	"SN194"	NA	3
"TTGAACGAGTGGACGT"	""	"ERX6700419"	"ERP132580"	"testis"	"Differentiated_Spermatogonia"	NA	NA	NA	"CL:0000020"	"spermatogonium"	"perfect match"	"SN194"	NA	7
"TTGAACGCAGAAGCAC"	""	"ERX6700419"	"ERP132580"	"testis"	"Other_somatic"	NA	NA	NA	"CL:0002371"	"somatic cell"	"perfect match"	"SN194"	NA	1
"TTGAACGGTGTAAGTA"	""	"ERX6700419"	"ERP132580"	"testis"	"Early_Round_spermatids"	NA	NA	NA	"CL:4030036"	"early spermatid"	"perfect match"	"SN194"	NA	8
"TTGAACGGTTTGTGTG"	""	"ERX6700419"	"ERP132580"	"testis"	"Sertoli"	NA	NA	NA	"CL:0000216"	"Sertoli cell"	"perfect match"	"SN194"	NA	3
"TTGACTTAGCCTTGAT"	""	"ERX6700419"	"ERP132580"	"testis"	"Other_somatic"	NA	NA	NA	"CL:0002371"	"somatic cell"	"perfect match"	"SN194"	NA	1
"TTGACTTCATACGCCG"	""	"ERX6700419"	"ERP132580"	"testis"	"Pachytene_Spermatocytes"	NA	NA	NA	"CL:0000017"	"spermatocyte"	"missing child term"	"SN194"	NA	4
"TTGACTTCATGGGACA"	""	"ERX6700419"	"ERP132580"	"testis"	"Sertoli"	NA	NA	NA	"CL:0000216"	"Sertoli cell"	"perfect match"	"SN194"	NA	3
"TTGACTTCATTTGCTT"	""	"ERX6700419"	"ERP132580"	"testis"	"Late_Round_spermatids"	NA	NA	NA	"CL:4030036"	"early spermatid"	"other"	"SN194"	NA	6
"TTGACTTGTACTTGAC"	""	"ERX6700419"	"ERP132580"	"testis"	"Pachytene_Spermatocytes"	NA	NA	NA	"CL:0000017"	"spermatocyte"	"missing child term"	"SN194"	NA	4
"TTGACTTGTCCTCCAT"	""	"ERX6700419"	"ERP132580"	"testis"	"Sertoli"	NA	NA	NA	"CL:0000216"	"Sertoli cell"	"perfect match"	"SN194"	NA	3
"TTGACTTTCTGCTGCT"	""	"ERX6700419"	"ERP132580"	"testis"	"Other_somatic"	NA	NA	NA	"CL:0002371"	"somatic cell"	"perfect match"	"SN194"	NA	1
"TTGACTTTCTTGGGTA"	""	"ERX6700419"	"ERP132580"	"testis"	"Undifferentiated_Spermatogonia"	NA	NA	NA	"CL:0000016"	"male germ line stem cell"	"other"	"SN194"	NA	9
"TTGCCGTAGCGAGAAA"	""	"ERX6700419"	"ERP132580"	"testis"	"Late_Round_spermatids"	NA	NA	NA	"CL:4030036"	"early spermatid"	"other"	"SN194"	NA	6
"TTGCCGTAGTGTTTGC"	""	"ERX6700419"	"ERP132580"	"testis"	"Sertoli"	NA	NA	NA	"CL:0000216"	"Sertoli cell"	"perfect match"	"SN194"	NA	3
"TTGCCGTGTCAACTGT"	""	"ERX6700419"	"ERP132580"	"testis"	"Early_Round_spermatids"	NA	NA	NA	"CL:4030036"	"early spermatid"	"perfect match"	"SN194"	NA	8
"TTGCCGTTCCTCAATT"	""	"ERX6700419"	"ERP132580"	"testis"	"Leptotene_Spermatocytes"	NA	NA	NA	"CL:0000017"	"spermatocyte"	"missing child term"	"SN194"	NA	11
"TTGCGTCAGCGTAGTG"	""	"ERX6700419"	"ERP132580"	"testis"	"Other_somatic"	NA	NA	NA	"CL:0002371"	"somatic cell"	"perfect match"	"SN194"	NA	1
"TTGCGTCAGGACCACA"	""	"ERX6700419"	"ERP132580"	"testis"	"Pachytene_Spermatocytes"	NA	NA	NA	"CL:0000017"	"spermatocyte"	"missing child term"	"SN194"	NA	4
"TTGCGTCAGGCCGAAT"	""	"ERX6700419"	"ERP132580"	"testis"	"Sertoli"	NA	NA	NA	"CL:0000216"	"Sertoli cell"	"perfect match"	"SN194"	NA	3
"TTGCGTCAGGTGATAT"	""	"ERX6700419"	"ERP132580"	"testis"	"Early_Round_spermatids"	NA	NA	NA	"CL:4030036"	"early spermatid"	"perfect match"	"SN194"	NA	8
"TTGCGTCAGTACGTAA"	""	"ERX6700419"	"ERP132580"	"testis"	"Leptotene_Spermatocytes"	NA	NA	NA	"CL:0000017"	"spermatocyte"	"missing child term"	"SN194"	NA	11
"TTGCGTCAGTGTACTC"	""	"ERX6700419"	"ERP132580"	"testis"	"Leptotene_Spermatocytes"	NA	NA	NA	"CL:0000017"	"spermatocyte"	"missing child term"	"SN194"	NA	11
"TTGCGTCCACCCATGG"	""	"ERX6700419"	"ERP132580"	"testis"	"Late_Round_spermatids"	NA	NA	NA	"CL:4030036"	"early spermatid"	"other"	"SN194"	NA	6
"TTGCGTCCAGTGAGTG"	""	"ERX6700419"	"ERP132580"	"testis"	"Undifferentiated_Spermatogonia"	NA	NA	NA	"CL:0000016"	"male germ line stem cell"	"other"	"SN194"	NA	9
"TTGCGTCCATACAGCT"	""	"ERX6700419"	"ERP132580"	"testis"	"Zygotene_Spermatocytes"	NA	NA	NA	"CL:0000017"	"spermatocyte"	"missing child term"	"SN194"	NA	5
"TTGCGTCGTAAGTTCC"	""	"ERX6700419"	"ERP132580"	"testis"	"Elongated_spermatids"	NA	NA	NA	"CL:4030037"	"late spermatid"	"perfect match"	"SN194"	NA	2
"TTGCGTCGTAGCCTAT"	""	"ERX6700419"	"ERP132580"	"testis"	"Sertoli"	NA	NA	NA	"CL:0000216"	"Sertoli cell"	"perfect match"	"SN194"	NA	3
"TTGCGTCGTCAGAGGT"	""	"ERX6700419"	"ERP132580"	"testis"	"Other_somatic"	NA	NA	NA	"CL:0002371"	"somatic cell"	"perfect match"	"SN194"	NA	1
"TTGGAACAGACTGTAA"	""	"ERX6700419"	"ERP132580"	"testis"	"Sertoli"	NA	NA	NA	"CL:0000216"	"Sertoli cell"	"perfect match"	"SN194"	NA	3
"TTGGAACAGCACGCCT"	""	"ERX6700419"	"ERP132580"	"testis"	"Undifferentiated_Spermatogonia"	NA	NA	NA	"CL:0000016"	"male germ line stem cell"	"other"	"SN194"	NA	9
"TTGGAACCACCACGTG"	""	"ERX6700419"	"ERP132580"	"testis"	"Differentiated_Spermatogonia"	NA	NA	NA	"CL:0000020"	"spermatogonium"	"perfect match"	"SN194"	NA	7
"TTGGAACCAGCAGTTT"	""	"ERX6700419"	"ERP132580"	"testis"	"Late_Round_spermatids"	NA	NA	NA	"CL:4030036"	"early spermatid"	"other"	"SN194"	NA	6
"TTGGAACCATATACGC"	""	"ERX6700419"	"ERP132580"	"testis"	"Pachytene_Spermatocytes"	NA	NA	NA	"CL:0000017"	"spermatocyte"	"missing child term"	"SN194"	NA	4
"TTGGCAAAGAATTCCC"	""	"ERX6700419"	"ERP132580"	"testis"	"Differentiated_Spermatogonia"	NA	NA	NA	"CL:0000020"	"spermatogonium"	"perfect match"	"SN194"	NA	7
"TTGGCAACAAACTGCT"	""	"ERX6700419"	"ERP132580"	"testis"	"Elongated_spermatids"	NA	NA	NA	"CL:4030037"	"late spermatid"	"perfect match"	"SN194"	NA	2
"TTGGCAAGTCAACTGT"	""	"ERX6700419"	"ERP132580"	"testis"	"Other_somatic"	NA	NA	NA	"CL:0002371"	"somatic cell"	"perfect match"	"SN194"	NA	1
"TTGGCAAGTCTGCAAT"	""	"ERX6700419"	"ERP132580"	"testis"	"Pachytene_Spermatocytes"	NA	NA	NA	"CL:0000017"	"spermatocyte"	"missing child term"	"SN194"	NA	4
"TTGGCAAGTGAGTATA"	""	"ERX6700419"	"ERP132580"	"testis"	"Leptotene_Spermatocytes"	NA	NA	NA	"CL:0000017"	"spermatocyte"	"missing child term"	"SN194"	NA	11
"TTGGCAAGTGGAAAGA"	""	"ERX6700419"	"ERP132580"	"testis"	"Early_Round_spermatids"	NA	NA	NA	"CL:4030036"	"early spermatid"	"perfect match"	"SN194"	NA	8
"TTGTAGGCACCAGATT"	""	"ERX6700419"	"ERP132580"	"testis"	"Other_somatic"	NA	NA	NA	"CL:0002371"	"somatic cell"	"perfect match"	"SN194"	NA	1
"TTGTAGGCAGCCTTGG"	""	"ERX6700419"	"ERP132580"	"testis"	"Leptotene_Spermatocytes"	NA	NA	NA	"CL:0000017"	"spermatocyte"	"missing child term"	"SN194"	NA	11
"TTGTAGGGTAAGGGCT"	""	"ERX6700419"	"ERP132580"	"testis"	"Sertoli"	NA	NA	NA	"CL:0000216"	"Sertoli cell"	"perfect match"	"SN194"	NA	3
"TTGTAGGTCAAACCGT"	""	"ERX6700419"	"ERP132580"	"testis"	"Late_Round_spermatids"	NA	NA	NA	"CL:4030036"	"early spermatid"	"other"	"SN194"	NA	6
"TTTACTGAGCCTCGTG"	""	"ERX6700419"	"ERP132580"	"testis"	"Early_Round_spermatids"	NA	NA	NA	"CL:4030036"	"early spermatid"	"perfect match"	"SN194"	NA	8
"TTTACTGCATGGAATA"	""	"ERX6700419"	"ERP132580"	"testis"	"Sertoli"	NA	NA	NA	"CL:0000216"	"Sertoli cell"	"perfect match"	"SN194"	NA	3
"TTTACTGGTCGGCTCA"	""	"ERX6700419"	"ERP132580"	"testis"	"Leptotene_Spermatocytes"	NA	NA	NA	"CL:0000017"	"spermatocyte"	"missing child term"	"SN194"	NA	11
"TTTACTGGTGAACCTT"	""	"ERX6700419"	"ERP132580"	"testis"	"Pachytene_Spermatocytes"	NA	NA	NA	"CL:0000017"	"spermatocyte"	"missing child term"	"SN194"	NA	4
"TTTACTGTCGTCTGCT"	""	"ERX6700419"	"ERP132580"	"testis"	"Pachytene_Spermatocytes"	NA	NA	NA	"CL:0000017"	"spermatocyte"	"missing child term"	"SN194"	NA	4
"TTTATGCAGTATTGGA"	""	"ERX6700419"	"ERP132580"	"testis"	"Sertoli"	NA	NA	NA	"CL:0000216"	"Sertoli cell"	"perfect match"	"SN194"	NA	3
"TTTATGCCAAGCCTAT"	""	"ERX6700419"	"ERP132580"	"testis"	"Differentiated_Spermatogonia"	NA	NA	NA	"CL:0000020"	"spermatogonium"	"perfect match"	"SN194"	NA	7
"TTTATGCCATCTCCCA"	""	"ERX6700419"	"ERP132580"	"testis"	"Undifferentiated_Spermatogonia"	NA	NA	NA	"CL:0000016"	"male germ line stem cell"	"other"	"SN194"	NA	9
"TTTATGCGTAAATGTG"	""	"ERX6700419"	"ERP132580"	"testis"	"Early_Round_spermatids"	NA	NA	NA	"CL:4030036"	"early spermatid"	"perfect match"	"SN194"	NA	8
"TTTATGCGTCACCCAG"	""	"ERX6700419"	"ERP132580"	"testis"	"Zygotene_Spermatocytes"	NA	NA	NA	"CL:0000017"	"spermatocyte"	"missing child term"	"SN194"	NA	5
"TTTATGCGTCGCATCG"	""	"ERX6700419"	"ERP132580"	"testis"	"Sertoli"	NA	NA	NA	"CL:0000216"	"Sertoli cell"	"perfect match"	"SN194"	NA	3
"TTTATGCTCAAAGACA"	""	"ERX6700419"	"ERP132580"	"testis"	"Other_somatic"	NA	NA	NA	"CL:0002371"	"somatic cell"	"perfect match"	"SN194"	NA	1
"TTTATGCTCTTATCTG"	""	"ERX6700419"	"ERP132580"	"testis"	"Elongated_spermatids"	NA	NA	NA	"CL:4030037"	"late spermatid"	"perfect match"	"SN194"	NA	2
"TTTCCTCAGCTAAGAT"	""	"ERX6700419"	"ERP132580"	"testis"	"Late_Round_spermatids"	NA	NA	NA	"CL:4030036"	"early spermatid"	"other"	"SN194"	NA	6
"TTTCCTCAGTACGATA"	""	"ERX6700419"	"ERP132580"	"testis"	"Undifferentiated_Spermatogonia"	NA	NA	NA	"CL:0000016"	"male germ line stem cell"	"other"	"SN194"	NA	9
"TTTCCTCCATTCCTGC"	""	"ERX6700419"	"ERP132580"	"testis"	"Elongated_spermatids"	NA	NA	NA	"CL:4030037"	"late spermatid"	"perfect match"	"SN194"	NA	2
"TTTCCTCGTAAGTAGT"	""	"ERX6700419"	"ERP132580"	"testis"	"Elongated_spermatids"	NA	NA	NA	"CL:4030037"	"late spermatid"	"perfect match"	"SN194"	NA	2
"TTTCCTCGTACCTACA"	""	"ERX6700419"	"ERP132580"	"testis"	"Sertoli"	NA	NA	NA	"CL:0000216"	"Sertoli cell"	"perfect match"	"SN194"	NA	3
"TTTGCGCAGCAGATCG"	""	"ERX6700419"	"ERP132580"	"testis"	"Sertoli"	NA	NA	NA	"CL:0000216"	"Sertoli cell"	"perfect match"	"SN194"	NA	3
"TTTGCGCCAGATCCAT"	""	"ERX6700419"	"ERP132580"	"testis"	"Sertoli"	NA	NA	NA	"CL:0000216"	"Sertoli cell"	"perfect match"	"SN194"	NA	3
"TTTGCGCGTCTAACGT"	""	"ERX6700419"	"ERP132580"	"testis"	"Late_Round_spermatids"	NA	NA	NA	"CL:4030036"	"early spermatid"	"other"	"SN194"	NA	6
"TTTGCGCTCAGAGGTG"	""	"ERX6700419"	"ERP132580"	"testis"	"Other_somatic"	NA	NA	NA	"CL:0002371"	"somatic cell"	"perfect match"	"SN194"	NA	1
"TTTGCGCTCTGTTTGT"	""	"ERX6700419"	"ERP132580"	"testis"	"Other_somatic"	NA	NA	NA	"CL:0002371"	"somatic cell"	"perfect match"	"SN194"	NA	1
"TTTGGTTAGAAGATTC"	""	"ERX6700419"	"ERP132580"	"testis"	"Other_somatic"	NA	NA	NA	"CL:0002371"	"somatic cell"	"perfect match"	"SN194"	NA	1
"TTTGGTTCACGACGAA"	""	"ERX6700419"	"ERP132580"	"testis"	"Pachytene_Spermatocytes"	NA	NA	NA	"CL:0000017"	"spermatocyte"	"missing child term"	"SN194"	NA	4
"TTTGGTTCATACGCCG"	""	"ERX6700419"	"ERP132580"	"testis"	"Undifferentiated_Spermatogonia"	NA	NA	NA	"CL:0000016"	"male germ line stem cell"	"other"	"SN194"	NA	9
"TTTGGTTTCGCATGAT"	""	"ERX6700419"	"ERP132580"	"testis"	"Other_somatic"	NA	NA	NA	"CL:0002371"	"somatic cell"	"perfect match"	"SN194"	NA	1
"TTTGGTTTCGTAGGAG"	""	"ERX6700419"	"ERP132580"	"testis"	"Early_Round_spermatids"	NA	NA	NA	"CL:4030036"	"early spermatid"	"perfect match"	"SN194"	NA	8
"TTTGTCAAGGCTAGGT"	""	"ERX6700419"	"ERP132580"	"testis"	"Undifferentiated_Spermatogonia"	NA	NA	NA	"CL:0000016"	"male germ line stem cell"	"other"	"SN194"	NA	9
"TTTGTCAAGTGAAGAG"	""	"ERX6700419"	"ERP132580"	"testis"	"Zygotene_Spermatocytes"	NA	NA	NA	"CL:0000017"	"spermatocyte"	"missing child term"	"SN194"	NA	5
"TTTGTCATCATTGCGA"	""	"ERX6700419"	"ERP132580"	"testis"	"Sertoli"	NA	NA	NA	"CL:0000216"	"Sertoli cell"	"perfect match"	"SN194"	NA	3
"TTTGTCATCGCTTAGA"	""	"ERX6700419"	"ERP132580"	"testis"	"Elongated_spermatids"	NA	NA	NA	"CL:4030037"	"late spermatid"	"perfect match"	"SN194"	NA	2
"TTTGTCATCTTCGAGA"	""	"ERX6700419"	"ERP132580"	"testis"	"Other_somatic"	NA	NA	NA	"CL:0002371"	"somatic cell"	"perfect match"	"SN194"	NA	1
