libraryId	cutoffTPM	proportionGenicPresent	numberGenicPresent	numberGenic	proportionCodingPresent	numberPresentCoding	numberCoding	proportionIntergenicPresent	numberIntergenicPresent	numberIntergenic	pValueCutoff	meanIntergenic	sdIntergenic	speciesId
SRX18425413	3.18396	39.3333333333333	15163	38550	46.1810688527528	10309	22323	0	0	37834	0.05	0.475097546515652	3.38989049141713	9541
SRX18425414	3.213006	38.0778210116732	14679	38550	44.0397795995162	9831	22323	0	0	37834	0.05	0.48013223502644	3.42160990301556	9541
SRX18425415	2.650303	40.7392996108949	15705	38550	48.1879675670833	10757	22323	0	0	37834	0.05	0.395945249171345	3.38281633834278	9541
SRX18425416	4.70908	35.1309987029831	13543	38550	40.1290149173498	8958	22323	0	0	37834	0.05	0.696090909949103	3.48798678440664	9541
SRX18425417	4.685538	35.6498054474708	13743	38550	40.2992429332975	8996	22323	0	0	37834	0.05	0.674204923939599	3.53657587280138	9541
SRX18425418	2.30966	37.8884565499351	14606	38550	44.9849930564888	10042	22323	0	0	37834	0.05	0.429177720367906	3.05998212349596	9541
SRX18425419	2.028423	37.7898832684825	14568	38550	44.5191058549478	9938	22323	0	0	37834	0.05	0.377852778258464	3.07925796421663	9541
SRX18425420	2.22465	37.1647211413748	14327	38550	44.5818214397706	9952	22323	0	0	37834	0.05	0.390448275971294	3.16695873238573	9541
SRX18425421	3.911334	37.5616083009079	14480	38550	43.5156564977826	9714	22323	0	0	37834	0.05	0.589939671752142	3.38650075199344	9541
SRX18425422	3.647686	38.6692607003891	14907	38550	45.343367826905	10122	22323	0	0	37834	0.05	0.595639844299286	3.24052205083635	9541
SRX18425423	4.34241732	36.8586251621271	14209	38550	42.3554181785602	9455	22323	0	0	37834	0.05	0.66890301696326	3.33682112293035	9541
SRX18425424	1.177642	46.7652399481193	18028	38550	57.8551269990593	12915	22323	0	0	37834	0.05	0.247690112840496	2.84278910401608	9541
SRX18425425	0.651264	48.8949416342412	18849	38550	61.0625811942839	13631	22323	0	0	37834	0.05	0.15038993043429	2.70556568785878	9541
SRX18425426	1.57024	44.5447470817121	17172	38550	54.0294763248667	12061	22323	0	0	37834	0.05	0.290482700377583	3.07210228830154	9541
SRX18425427	0.80143	48.2127107652399	18586	38550	60.5115799847691	13508	22323	0	0	37834	0.05	0.180681895053793	2.73049209666449	9541
SRX18425428	4.261161	36.7444876783398	14165	38550	42.0866371007481	9395	22323	0	0	37834	0.05	0.608598613587511	3.52738127406169	9541
SRX18425429	3.995693	37.0583657587549	14286	38550	42.4853290328361	9484	22323	0	0	37834	0.05	0.57683302761281	3.50893357710391	9541
SRX18425430	4.250342	36.378728923476	14024	38550	41.2892532365721	9217	22323	0	0	37834	0.05	0.630836297334962	3.45683919377999	9541
SRX18425431	2.38341	43.4760051880674	16760	38550	52.5780585046813	11737	22323	0	0	37834	0.05	0.460659192005943	2.96565523650258	9541
SRX18425432	2.14345	43.5667963683528	16795	38550	53.4202392151592	11925	22323	0	0	37834	0.05	0.457487822260612	2.82364857859873	9541
SRX18425433	1.62965	44.9494163424124	17328	38550	55.1314787438964	12307	22323	0	0	37834	0.05	0.346012108271909	2.82297355842002	9541
SRX18425434	1.61488	38.4332036316472	14816	38550	45.3792053039466	10130	22323	0	0	37834	0.05	0.319512424644746	2.98597835064966	9541
SRX18425435	1.71923	38.3605706874189	14788	38550	44.7251713479371	9984	22323	0	0	37834	0.05	0.333176821083725	3.02749776332719	9541
SRX18425436	1.4767760397	37.6809338521401	14526	38550	44.4205527930834	9916	22323	0	0	37834	0.05	0.292483098258417	2.99993710681171	9541
SRX18425437	2.1803	43.6939040207523	16844	38550	52.2420821574161	11662	22323	0	0	37834	0.05	0.380713804667328	3.14742347473019	9541
SRX18425438	2.3853	41.3748378728923	15950	38550	49.4198808403888	11032	22323	0	0	37834	0.05	0.377131466386846	3.30381439409459	9541
SRX18425439	2.67555	41.2892347600519	15917	38550	48.9898311158894	10936	22323	0	0	37834	0.05	0.450929966820442	3.19283990606255	9541
SRX18425440	2.48948	41.8910505836576	16149	38550	49.1376607086861	10969	22323	0	0	37834	0.05	0.430951394433073	3.14389939600328	9541
SRX18425441	3.50838	39.5071335927367	15230	38550	45.9122877749406	10249	22323	0	0	37834	0.05	0.532969379705755	3.39514154234512	9541
SRX18425442	3.7856	39.3981841763943	15188	38550	45.8809299825292	10242	22323	0	0	37834	0.05	0.692862293478025	3.06885698572501	9541
SRX18425443	4.13294	38.189364461738	14722	38550	43.6545267213188	9745	22323	0	0	37834	0.05	0.70590328644553	3.1774926853564	9541
SRX18425444	4.62354	36.2568093385214	13977	38550	42.0418402544461	9385	22323	0	0	37834	0.05	0.780788272122128	3.22632697618682	9541
SRX18425445	3.01353	36.3631647211414	14018	38550	42.7585897952784	9545	22323	0	0	37834	0.05	0.555275089850869	3.12173243694576	9541
SRX18425446	2.70876	37.4267185473411	14428	38550	44.1741701384223	9861	22323	0	0	37834	0.05	0.470195399787621	3.18500711888778	9541
SRX18425447	2.709875	37.6031128404669	14496	38550	44.1965685615733	9866	22323	0	0	37834	0.05	0.453978008982835	3.26567903959385	9541
SRX18425448	4.02458	35.1180285343709	13538	38550	39.8736728934283	8901	22323	0	0	37834	0.05	0.592677130381018	3.51178143929671	9541
SRX18425449	0.53969	47.6005188067445	18350	38550	59.7321148591139	13334	22323	0	0	37834	0.05	0.132673677392104	2.61978625887028	9541
SRX18425450	0.40417	48.2256809338521	18591	38550	62.3437709985217	13917	22323	0	0	37834	0.05	0.118441528824732	2.39398780890102	9541
SRX18425451	4.28363	37.6809338521401	14526	38550	43.3095910047933	9668	22323	0	0	37834	0.05	0.677481527426412	3.3323438591331	9541
SRX18425452	3.61855	38.0726329442283	14677	38550	43.6724454598396	9749	22323	0	0	37834	0.05	0.53637959811815	3.45252918990757	9541
SRX18425453	3.51632	37.3022049286641	14380	38550	43.2647941584912	9658	22323	0	0	37834	0.05	0.553127181734821	3.35646543414677	9541
SRX18425454	3.13024936115	39.935149156939	15395	38550	46.9874120861891	10489	22323	0	0	37834	0.05	0.458693740813463	3.43828971157173	9541
SRX18425455	2.67846	42.1426718547341	16246	38550	50.1500694351118	11195	22323	0	0	37834	0.05	0.421563130368454	3.30380837719941	9541
SRX18425456	3.24941	40.5343709468223	15626	38550	47.981902074094	10711	22323	0	0	37834	0.05	0.487725146252865	3.38775986222746	9541
SRX18425457	5.85285	37.201037613489	14341	38550	43.3723065896161	9682	22323	0	0	37834	0.05	0.808917154065816	3.59798407943326	9541
SRX18425458	3.11167	39.0220492866407	15043	38550	45.3388881422748	10121	22323	0	0	37834	0.05	0.448345367305589	3.51641467452942	9541
SRX18425459	3.72983	38.5369649805447	14856	38550	44.8640415714734	10015	22323	0	0	37834	0.05	0.534556301378867	3.52296787760604	9541
SRX18425460	1.765513	37.8702983138781	14599	38550	44.012901491735	9825	22323	0	0	37834	0.05	0.314262088777298	3.1772297702639	9541
SRX18425461	1.77117	38.7392996108949	14934	38550	44.8595618868432	10014	22323	0	0	37834	0.05	0.309964722468451	3.19766359017882	9541
SRX18425462	5.05984	36.3242542153048	14003	38550	42.0642386775971	9390	22323	0	0	37834	0.05	0.849237318377887	3.22514916181812	9541
SRX18425463	5.028403	36.0466926070039	13896	38550	41.7775388612642	9326	22323	0	0	37834	0.05	0.82903251810177	3.23946367242849	9541
SRX18425464	6.64384	31.2892347600519	12062	38550	35.1924024548672	7856	22323	0	0	37834	0.05	0.973419799559918	3.36547327214049	9541
SRX18425465	4.90389	33.727626459144	13002	38550	38.0504412489361	8494	22323	0	0	37834	0.05	0.798361957779671	3.32286957687231	9541
SRX18425466	7.22158	30.2178988326848	11649	38550	33.3781301796353	7451	22323	0	0	37834	0.05	1.02835152857303	3.4304690061448	9541
SRX18425467	7.01975	30.8378728923476	11888	38550	33.9425704430408	7577	22323	0	0	37834	0.05	1.04580947934963	3.33112931829388	9541
SRX18425468	0.117832	43.0920881971466	16612	38550	54.7103883886574	12213	22323	0	0	37834	0.05	0.0361731507437992	2.3497392551	9541
SRX18425469	0.178714	42.3242542153048	16316	38550	52.7034896743269	11765	22323	0	0	37834	0.05	0.0490715579783204	2.48845684754385	9541
SRX18425470	1.661047	39.8002594033722	15343	38550	46.5528826770595	10392	22323	0	0	37834	0.05	0.309164095965812	3.0629629898863	9541
SRX18425471	1.48641	39.2658884565499	15137	38550	46.319939076289	10340	22323	0	0	37834	0.05	0.306333649321386	2.91407093985922	9541
SRX18425472	2.13165	42.6874189364462	16456	38550	52.0091385566456	11610	22323	0	0	37834	0.05	0.408162457598724	2.99910106422451	9541
SRX18425473	1.83992	44.8352788586252	17284	38550	53.6128656542579	11968	22323	0	0	37834	0.05	0.334677852302396	3.07300492841363	9541
SRX18425474	1.966027	44.3346303501946	17091	38550	53.3754423688572	11915	22323	0	0	37834	0.05	0.391104894124252	2.92965536886676	9541
SRX18425475	2.107641	39.9974059662776	15419	38550	47.516014872553	10607	22323	0	0	37834	0.05	0.348045130977422	3.27494318151145	9541
SRX18425476	1.45746	40.3190661478599	15543	38550	47.3592259104959	10572	22323	0	0	37834	0.05	0.236566714622445	3.29336155378956	9541
SRX18425477	1.853119	41.4215304798962	15968	38550	48.8599202616136	10907	22323	0	0	37834	0.05	0.291944529690607	3.34415271049603	9541
SRX18425478	2.82358	38.4487678339818	14822	38550	45.365766250056	10127	22323	0	0	37834	0.05	0.42230659925188	3.45205988826569	9541
SRX18425479	1.46612	42.3605706874189	16330	38550	50.0963132195494	11183	22323	0	0	37834	0.05	0.25800316590043	3.14200054628018	9541
SRX18425480	4.20752	37.2607003891051	14364	38550	42.6107602024817	9512	22323	0	0	37834	0.05	0.609152620620531	3.5219203907095	9541
SRX18425481	4.379145	37.2529182879377	14361	38550	42.9422568651167	9586	22323	0	0	37834	0.05	0.658161592581009	3.43463555980988	9541
SRX18425482	3.70156	38.0103761348898	14653	38550	43.6186892442772	9737	22323	0	0	37834	0.05	0.541890465429583	3.48155740892861	9541
SRX18425483	3.4348259	40.2127107652399	15502	38550	47.560811718855	10617	22323	0	0	37834	0.05	0.542897061705402	3.31140578210631	9541
SRX18425484	2.60516	40.591439688716	15648	38550	48.0804551359584	10733	22323	0	0	37834	0.05	0.411926758158486	3.299962338658	9541
SRX18425485	1.93016	43.1750972762646	16644	38550	51.0728844689334	11401	22323	0	0	37834	0.05	0.336056160824843	3.13049448918121	9541
SRX18425522	1.858467	41.7120622568093	16080	38550	49.5318729561439	11057	22323	0	0	37834	0.05	0.301682036773495	3.2922667355215	9541
SRX18425583	5.21661	36.1271076523995	13927	38550	41.4146844062178	9245	22323	0	0	37834	0.05	0.814194146493501	3.37284043498605	9541
SRX18425584	5.37966	35.201037613489	13570	38550	39.4033060072571	8796	22323	0	0	37834	0.05	0.805644303825666	3.44884487535078	9541
SRX18425585	4.09768	37.4578469520104	14440	38550	43.6500470366886	9744	22323	0	0	37834	0.05	0.700447759178533	3.1896054662601	9541
SRX18425586	2.848143011	38.7029831387808	14920	38550	45.8002956591856	10224	22323	0	0	37834	0.05	0.473718600533547	3.25031431630862	9541
SRX18425587	2.511371593647	37.3592736705577	14402	38550	44.8147650405411	10004	22323	0	0	37834	0.05	0.439211546814715	3.19198681227977	9541
SRX18425588	2.98533	38.1686121919585	14714	38550	44.7968463020203	10000	22323	0	0	37834	0.05	0.510497390895824	3.20270896492667	9541
SRX18425589	2.49898	38.8352788586252	14971	38550	45.2940912959728	10111	22323	0	0	37834	0.05	0.401359855516065	3.30086190913225	9541
SRX18425590	2.04868	39.1699092088197	15100	38550	45.298570980603	10112	22323	0	0	37834	0.05	0.357390388615649	3.16863362843059	9541
SRX18425591	3.28302	37.8417639429313	14588	38550	43.8247547372665	9783	22323	0	0	37834	0.05	0.511435266902766	3.36209104242997	9541
SRX18425592	2.3546778	43.3722438391699	16720	38550	52.2779196344577	11670	22323	0	0	37834	0.05	0.487566103626439	2.87532977672755	9541
SRX18425593	3.8562100009	36.822308690013	14195	38550	41.9746449849931	9370	22323	0	0	37834	0.05	0.59116404157473	3.41209641407864	9541
SRX18425594	2.383005	39.8417639429313	15359	38550	46.6200779465126	10407	22323	0	0	37834	0.05	0.387407448215709	3.28570653505352	9541
SRX18425595	3.47461	40.0129701686122	15425	38550	47.2561931640013	10549	22323	0	0	37834	0.05	0.508054024014191	3.44087537564632	9541
SRX18425596	2.52935	42.3968871595331	16344	38550	50.7727455987099	11334	22323	0	0	37834	0.05	0.38852513169883	3.33968722374541	9541
SRX18425597	2.83756	40.9079118028534	15770	38550	48.6180172915827	10853	22323	0	0	37834	0.05	0.440136455758038	3.3314394775785	9541
SRX18425598	4.411074	38.3553826199741	14786	38550	44.2368857232451	9875	22323	0	0	37834	0.05	0.61531616179262	3.58173527271404	9541
SRX18425599	3.2316	38.6459143968872	14898	38550	44.6982932401559	9978	22323	0	0	37834	0.05	0.476850873355639	3.46287866476601	9541
SRX18425600	2.98997	38.2749675745785	14755	38550	44.5594230166196	9947	22323	0	0	37834	0.05	0.438014663741228	3.48482492341048	9541
SRX18425601	3.57668	37.3852140077821	14412	38550	43.2468754199704	9654	22323	0	0	37834	0.05	0.691546345075403	2.98771317295259	9541
SRX18425602	3.92176152252	37.1750972762646	14331	38550	43.3364691125745	9674	22323	0	0	37834	0.05	0.707218307417352	3.09295168250518	9541
SRX18425603	3.34627	37.3229571984436	14388	38550	43.3275097433141	9672	22323	0	0	37834	0.05	0.643481659669847	3.01364880735855	9541
SRX18425604	0.653863	48.6355382619974	18749	38550	60.8161985396228	13576	22323	0	0	37834	0.05	0.156535262185645	2.64817139752613	9541
SRX18425605	0.716485	48.0544747081712	18525	38550	59.5753258970568	13299	22323	0	0	37834	0.05	0.163183732184363	2.72438583169115	9541
SRX18425606	0.638145	48.6614785992218	18759	38550	60.7355642162792	13558	22323	0	0	37834	0.05	0.151457356127274	2.66348245164707	9541
SRX18425608	3.48221	37.579766536965	14487	38550	43.4260628051785	9694	22323	0	0	37834	0.05	0.544212313922746	3.34225901310721	9541
SRX18425609	3.333163382183	37.9844357976654	14643	38550	44.3847153160417	9908	22323	0	0	37834	0.05	0.517985412708762	3.34847940905683	9541
SRX18425610	3.779132	36.9208819714656	14233	38550	42.7406710567576	9541	22323	0	0	37834	0.05	0.554770089027079	3.45921347103613	9541
SRX18425611	1.0649	39.0012970168612	15035	38550	46.9426152398871	10479	22323	0	0	37834	0.05	0.245393003064813	2.74575489777141	9541
SRX18425612	1.16525	38.591439688716	14877	38550	45.4732786811808	10151	22323	0	0	37834	0.05	0.241551931611686	2.92372804072588	9541
SRX18425613	1.881015	38.6900129701686	14915	38550	44.6534963938539	9968	22323	0	0	37834	0.05	0.326183319648277	3.19076265699588	9541
SRX18425614	6.44724	33.556420233463	12936	38550	37.5128790933118	8374	22323	0	0	37834	0.05	0.829459800225529	3.75157980853496	9541
SRX18425615	5.50685	35.1050583657588	13533	38550	39.9229494243605	8912	22323	0	0	37834	0.05	0.8470293538868	3.39482458524318	9541
SRX18425616	5.70303	33.8313878080415	13042	38550	38.1534739954307	8517	22323	0	0	37834	0.05	0.811262558448847	3.54253090544122	9541
SRX18425617	3.09706	40.0051880674449	15422	38550	46.9963714554495	10491	22323	0	0	37834	0.05	0.581207531791947	3.03274684543849	9541
SRX18425618	1.29094	47.9507133592737	18485	38550	59.1228777494064	13198	22323	0	0	37834	0.05	0.252970743411385	2.92266927571875	9541
SRX18425619	2.519	45.3229571984436	17472	38550	55.4271379294898	12373	22323	0	0	37834	0.05	0.449332904099283	3.08033183274459	9541
SRX18425620	1.68093000577774	46.0778210116732	17763	38550	56.4261076020248	12596	22323	0	0	37834	0.05	0.343598887110173	2.85980830397687	9541
SRX18425621	4.56151	37.6498054474708	14514	38550	43.6545267213188	9745	22323	0	0	37834	0.05	0.686404978599674	3.42557194777203	9541
SRX18425622	4.3617	37.3177691309987	14386	38550	42.8571428571429	9567	22323	0	0	37834	0.05	0.648304957577444	3.44988763379437	9541
SRX18425623	5.27848	36.5940337224384	14107	38550	41.8088966536756	9333	22323	0	0	37834	0.05	0.789195115743421	3.43557985536973	9541
SRX18425624	4.035262123	35.9610894941634	13863	38550	40.7606504502083	9099	22323	0	0	37834	0.05	0.531856732474884	3.70377744738065	9541
SRX18425625	4.40717	37.029831387808	14275	38550	41.8044169690454	9332	22323	0	0	37834	0.05	0.752598729863186	3.18286536731607	9541
SRX18425626	4.89451	34.8326848249027	13428	38550	38.7671907897684	8654	22323	0	0	37834	0.05	0.68364689362878	3.59669391502811	9541
SRX18425627	2.982711	42.2153047989624	16274	38550	50.7189893831474	11322	22323	0	0	37834	0.05	0.549223362620946	3.04418719330884	9541
SRX18425628	3.59825	41.1284046692607	15855	38550	49.7916946646956	11115	22323	0	0	37834	0.05	0.649467417775386	3.07301881468433	9541
SRX18425629	2.261852	40.3164721141375	15542	38550	47.6772835192402	10643	22323	0	0	37834	0.05	0.438504163398303	2.96939957552746	9541
SRX18425630	0.515543	47.6809338521401	18381	38550	59.7903507593065	13347	22323	0	0	37834	0.05	0.123989854859759	2.66088898699021	9541
SRX18425631	0.441866	47.5304798962387	18323	38550	60.9416297092685	13604	22323	0	0	37834	0.05	0.122190572461439	2.47412778307749	9541
SRX18425632	0.6600728724564	46.7704280155642	18030	38550	57.3578820051068	12804	22323	0	0	37834	0.05	0.144925481491895	2.78603871430484	9541
SRX18425633	4.43039	39.875486381323	15372	38550	47.3099493795637	10561	22323	0	0	37834	0.05	0.662239553267291	3.38313956131925	9541
SRX18425634	4.64134	36.2645914396887	13980	38550	42.3867759709716	9462	22323	0	0	37834	0.05	0.647083860881081	3.55813412218099	9541
SRX18425635	4.738563	37.5460440985733	14474	38550	44.2055279308337	9868	22323	0	0	37834	0.05	0.651388803420953	3.55869945190848	9541
SRX18425636	0.399348	48.9987029831388	18889	38550	63.1411548626977	14095	22323	0	0	37834	0.05	0.112674628351022	2.4418937884834	9541
SRX18425637	1.30471	39.219195849546	15119	38550	46.3468171840702	10346	22323	0	0	37834	0.05	0.253682397438295	3.01236074523474	9541
SRX18425638	5.31079	35.3955901426719	13645	38550	40.6038614881512	9064	22323	0	0	37834	0.05	0.770811707562376	3.50685513295062	9541
SRX18425639	5.60485	33.1750972762646	12789	38550	37.6517493168481	8405	22323	0	0	37834	0.05	0.628089732170412	4.06132686094561	9541
SRX18425640	6.22858	32.8871595330739	12678	38550	36.6886171213547	8190	22323	0	0	37834	0.05	0.931006259865233	3.46001733573309	9541
SRX18425641	4.71168	36.8508430609598	14206	38550	42.6734757873046	9526	22323	0	0	37834	0.05	0.725472040302349	3.38786419208404	9541
SRX18425642	4.40139	37.2062256809339	14343	38550	42.660036733414	9523	22323	0	0	37834	0.05	0.632345493623277	3.51297681526237	9541
SRX18425643	3.6717555	37.9092088197147	14614	38550	43.6903641983604	9753	22323	0	0	37834	0.05	0.537354206001605	3.4837046676022	9541
SRX18425644	1.46021299	45.8443579766537	17673	38550	55.6600815302603	12425	22323	0	0	37834	0.05	0.270657215458035	3.02606978157384	9541
SRX18425645	2.04681	44.7859922178988	17265	38550	54.3161761411997	12125	22323	0	0	37834	0.05	0.390749951398934	2.98973223458639	9541
SRX18425646	1.52401	39.029831387808	15046	38550	46.0780361062581	10286	22323	0	0	37834	0.05	0.287138826491063	3.06861217751404	9541
SRX18425647	2.14849	44.6147859922179	17199	38550	54.078752855799	12072	22323	0	0	37834	0.05	0.40596827411057	2.99913968954283	9541
SRX18425755	2.72723	42.2153047989624	16274	38550	50.6473144290642	11306	22323	0	0	37834	0.05	0.40717080704148	3.44824250014831	9541
SRX18425756	1.809554	41.3540856031128	15942	38550	49.4736370559513	11044	22323	0	0	37834	0.05	0.304061418210176	3.2567379900137	9541
SRX18425757	2.25309	41.029831387808	15817	38550	49.5945885409667	11071	22323	0	0	37834	0.05	0.421830136626232	3.03191499924573	9541
SRX18425758	2.626168	40.4072632944228	15577	38550	46.9963714554495	10491	22323	0	0	37834	0.05	0.480200909961063	3.07961791909203	9541
SRX18425759	2.66631	39.9792477302205	15412	38550	47.1979572638086	10536	22323	0	0	37834	0.05	0.429703332836136	3.30603326475989	9541
SRX18425795	5.21075	35.3800259403372	13639	38550	41.1459033284057	9185	22323	0	0	37834	0.05	0.89094180031881	3.19417803345555	9541
SRX18425796	3.177923	42.0570687418936	16213	38550	50.5935582135018	11294	22323	0	0	37834	0.05	0.532945840912515	3.19971856136273	9541
SRX18425797	3.03061	41.6186770428016	16044	38550	50.6249160059132	11301	22323	0	0	37834	0.05	0.502371063102207	3.21542702474601	9541
SRX18425798	3.404646	38.9675745784695	15022	38550	45.5942301661963	10178	22323	0	0	37834	0.05	0.508721844804964	3.38031648709879	9541
SRX18425799	0.443739	48.4176394293126	18665	38550	61.5598261882363	13742	22323	0	0	37834	0.05	0.115376898901679	2.54978918791221	9541
SRX18425800	0.711109	47.0817120622568	18150	38550	58.8899341486359	13146	22323	0	0	37834	0.05	0.1686603287289	2.67599138544299	9541
SRX18425801	0.756805	47.5667963683528	18337	38550	59.4991712583434	13282	22323	0	0	37834	0.05	0.170948035329035	2.7330544077995	9541
SRX18425802	0.511503	47.7587548638132	18411	38550	60.1890426913945	13436	22323	0	0	37834	0.05	0.126721499186515	2.61104764128189	9541
SRX18425803	0.535064	47.4241245136187	18282	38550	60.9281906553779	13601	22323	0	0	37834	0.05	0.153484064858691	2.41192724170754	9541
SRX18425804	0.406977	47.8443579766537	18444	38550	61.6315011423196	13758	22323	0	0	37834	0.05	0.120691752119374	2.37445299404505	9541
SRX18425805	3.8786	37.4500648508431	14437	38550	42.9198584419657	9581	22323	0	0	37834	0.05	0.589678736248994	3.40569631576568	9541
SRX18425806	6.10315	32.0207522697795	12344	38550	35.7926801953143	7990	22323	0	0	37834	0.05	0.832746743718503	3.56938425502133	9541
SRX18425807	5.34171	33.2788586251621	12829	38550	37.8174976481656	8442	22323	0	0	37834	0.05	0.792037801166913	3.48395407367569	9541
SRX18425808	5.32286	31.8158236057069	12265	38550	35.8509160955069	8003	22323	0	0	37834	0.05	0.776226148184844	3.51415472291379	9541
SRX18425809	4.5238	36.9727626459144	14253	38550	43.7306813600322	9762	22323	0	0	37834	0.05	0.672482099962047	3.43790610097792	9541
SRX18425810	4.290743	38.5551232166018	14863	38550	45.4732786811808	10151	22323	0	0	37834	0.05	0.675771162628934	3.30441277018669	9541
SRX18425811	4.64439	36.4565499351492	14054	38550	42.0776777314877	9393	22323	0	0	37834	0.05	0.705906865416852	3.3994455263348	9541
SRX18425812	4.91242	36.6822308690013	14141	38550	43.3857456435067	9685	22323	0	0	37834	0.05	0.759246677484332	3.35739098225285	9541
SRX18425813	4.70245	35.1309987029831	13543	38550	40.4605115799848	9032	22323	0	0	37834	0.05	0.62593106819484	3.6525285878179	9541
SRX18425814	0.1566	43.7224383916991	16855	38550	55.6421627917395	12421	22323	0	0	37834	0.05	0.0480612576338239	2.34109413495772	9541
SRX18425815	0.141762	41.7561608300908	16097	38550	52.8065224208216	11788	22323	0	0	37834	0.05	0.0441165313586359	2.33819015213048	9541
SRX18425817	0.1351368464	42.3709468223087	16334	38550	53.2679299377324	11891	22323	0	0	37834	0.05	0.0421310934708043	2.3235226376941	9541
SRX18425818	0.227347	38.7367055771725	14933	38550	47.2248353715898	10542	22323	0	0	37834	0.05	0.0566104968766932	2.63331886502996	9541
SRX18425819	0.2173494	39.0843060959793	15067	38550	47.2920306410429	10557	22323	0	0	37834	0.05	0.0551215850373035	2.60577893617574	9541
SRX18425820	0.381627	38.1712062256809	14715	38550	44.6310979707029	9963	22323	0	0	37834	0.05	0.0768421217504148	2.9373874190367	9541
SRX18425821	3.19683	39.6964980544747	15303	38550	46.78582627783	10444	22323	0	0	37834	0.05	0.491854299419794	3.35203796757639	9541
SRX18425822	3.74137	38.3994811932555	14803	38550	45.8137347130762	10227	22323	0	0	37834	0.05	0.583153087661105	3.32410030009471	9541
SRX18425823	3.33562	39.9377431906615	15396	38550	47.2561931640013	10549	22323	0	0	37834	0.05	0.544798241161072	3.24127199716491	9541
SRX18425824	3.46739	38.8015564202335	14958	38550	46.7365497468978	10433	22323	0	0	37834	0.05	0.601079190356374	3.1720188210457	9541
SRX18425825	3.127381	39.6238651102464	15275	38550	46.9336558706267	10477	22323	0	0	37834	0.05	0.498231608183422	3.3337316063374	9541
SRX18425826	3.54816	38.609597924773	14884	38550	45.6121489047171	10182	22323	0	0	37834	0.05	0.520728803141644	3.46492369131976	9541
SRX18425827	3.085692	40.3086900129702	15539	38550	47.1710791560274	10530	22323	0	0	37834	0.05	0.525529325226374	3.18527728291481	9541
SRX18425828	3.02277	38.8949416342412	14994	38550	46.1049142140393	10292	22323	0	0	37834	0.05	0.483239057136775	3.32022743195179	9541
SRX18425829	3.22652	38.0025940337224	14650	38550	43.5335752363034	9718	22323	0	0	37834	0.05	0.451832489919244	3.54042486132147	9541
SRX18425830	4.36691	35.6809338521401	13755	38550	41.2892532365721	9217	22323	0	0	37834	0.05	0.620403457656608	3.56125491984306	9541
SRX18425831	4.1585	36.0207522697795	13886	38550	41.1817408054473	9193	22323	0	0	37834	0.05	0.599616507751577	3.53915993621171	9541
SRX18425832	4.61575	35.621271076524	13732	38550	40.021502486225	8934	22323	0	0	37834	0.05	0.653187204890412	3.57812115419549	9541
SRX18425833	3.23141	39.8210116731518	15351	38550	47.6100882497872	10628	22323	0	0	37834	0.05	0.579366064321341	3.0807146031241	9541
SRX18425834	3.597984	38.9805447470817	15027	38550	47.4309008645791	10588	22323	0	0	37834	0.05	0.65276969848882	3.05927300445621	9541
SRX18425835	1.109319	47.307392996109	18237	38550	58.8585763562245	13139	22323	0	0	37834	0.05	0.257126368759165	2.68737504687311	9541
SRX18425836	0.7004263	48.9416342412451	18867	38550	61.0267437172423	13623	22323	0	0	37834	0.05	0.168937961213398	2.63026625130574	9541
SRX18425837	0.9147857	48.1193255512322	18550	38550	59.7724320207857	13343	22323	0	0	37834	0.05	0.215017042088387	2.66913523234175	9541
SRX18425838	5.32792	34.6536964980545	13359	38550	39.8333557317565	8892	22323	0	0	37834	0.05	0.904227863535362	3.22217828657874	9541
SRX18425839	8.30468	31.5226977950713	12152	38550	34.9146620077946	7794	22323	0	0	37834	0.05	1.38006074622378	3.27698737852252	9541
SRX18425840	6.932534	33.9066147859922	13071	38550	38.4132957039824	8575	22323	0	0	37834	0.05	1.11457354096256	3.31466142830934	9541
SRX18425841	0.667736	48.4902723735409	18693	38550	60.30999417641	13463	22323	0	0	37834	0.05	0.151330306005776	2.73974871191512	9541
SRX18425842	0.73237	46.9831387808042	18112	38550	59.5484477892756	13293	22323	0	0	37834	0.05	0.191508397247808	2.54308863416458	9541
SRX18425843	0.591402	47.7743190661479	18417	38550	59.7500335976347	13338	22323	0	0	37834	0.05	0.139094082332706	2.68596328348054	9541
SRX18425844	0.949205	47.3463035019455	18252	38550	58.6793889710164	13099	22323	0	0	37834	0.05	0.220858356510342	2.69751065680771	9541
SRX18425845	3.85399	38.5369649805447	14856	38550	45.0477086413117	10056	22323	0	0	37834	0.05	0.578722537317495	3.44480233417129	9541
SRX18425846	3.17545900014491	39.0791180285344	15065	38550	45.8495721901178	10235	22323	0	0	37834	0.05	0.497828952722855	3.35307112082896	9541
SRX18425847	3.16587	38.5239948119326	14851	38550	45.4284818348788	10141	22323	0	0	37834	0.05	0.492990807453097	3.361703962564	9541
SRX18425848	1.367374	35.3774319066148	13638	38550	41.4012453523272	9242	22323	0	0	37834	0.05	0.259504388946602	3.03349690341217	9541
SRX18425849	1.33407	34.9234760051881	13463	38550	40.863683196703	9122	22323	0	0	37834	0.05	0.251704901612194	3.03684364955573	9541
SRX18425850	1.97887400028293	36.9753566796368	14254	38550	42.9601756036375	9590	22323	0	0	37834	0.05	0.336572921829844	3.2078566217565	9541
SRX18425851	2.31405	36.7367055771725	14162	38550	42.7765085337992	9549	22323	0	0	37834	0.05	0.383943238110203	3.29668862552373	9541
SRX18425852	0.330875	45.0428015564202	17364	38550	54.6924696501366	12209	22323	0	0	37834	0.05	0.0775323205685756	2.66958685058454	9541
SRX18425853	0.719	48.6251621271077	18745	38550	61.3358419567262	13692	22323	0	0	37834	0.05	0.182178709489603	2.57033997634438	9541
SRX18425854	0.773392	48.1348897535668	18556	38550	59.5036509429736	13283	22323	0	0	37834	0.05	0.175639303423108	2.71978807091385	9541
SRX18425855	0.704509	47.6887159533074	18384	38550	59.8709850826502	13365	22323	0	0	37834	0.05	0.175406030829025	2.60567647281024	9541
SRX18425856	3.20966	40.1141374837873	15464	38550	47.6772835192402	10643	22323	0	0	37834	0.05	0.542927780048417	3.1743576868959	9541
SRX18425857	4.31116	36.6874189364462	14143	38550	42.704833579716	9533	22323	0	0	37834	0.05	0.734796174320222	3.20053665786042	9541
SRX18425858	3.79447	36.1322957198444	13929	38550	42.3374994400394	9451	22323	0	0	37834	0.05	0.634467032861573	3.2355603141484	9541
SRX18425859	4.88295	35.1802853437095	13562	38550	39.8826322626887	8903	22323	0	0	37834	0.05	0.768153290845071	3.33904287748715	9541
SRX18425860	3.88462	36.6536964980545	14130	38550	41.9925637235139	9374	22323	0	0	37834	0.05	0.534006983910764	3.64379902311947	9541
SRX18425861	3.90131	40.1841763942931	15491	38550	47.4219414953187	10586	22323	0	0	37834	0.05	0.627149258520108	3.2766505454798	9541
SRX18425862	4.15806	39.1647211413748	15098	38550	45.3792053039466	10130	22323	0	0	37834	0.05	0.595844137305517	3.50460435869908	9541
SRX18425863	1.8010014	39.2373540856031	15126	38550	46.6648747928146	10417	22323	0	0	37834	0.05	0.318363658285137	3.14596825184577	9541
SRX18425864	1.15976	38.9494163424125	15015	38550	45.7151816512118	10205	22323	0	0	37834	0.05	0.227168954564916	3.00210982646817	9541
SRX18425865	3.4654	39.5901426718547	15262	38550	47.0994042019442	10514	22323	0	0	37834	0.05	0.574462085449275	3.22171733694853	9541
SRX18425866	4.231969	38.5214007782101	14850	38550	45.7599784975138	10215	22323	0	0	37834	0.05	0.621384723270542	3.50009005796556	9541
SRX18425867	4.06109	37.9143968871595	14616	38550	44.2637638310263	9881	22323	0	0	37834	0.05	0.596414532865899	3.46628849202181	9541
SRX18425868	3.76751	38.3761348897536	14794	38550	45.7689378667742	10217	22323	0	0	37834	0.05	0.550943468726935	3.48360698516926	9541
SRX18425869	2.95616	39.6368352788586	15280	38550	47.2024369484388	10537	22323	0	0	37834	0.05	0.45413563450445	3.38357762583709	9541
SRX18425870	3.25013	39.2788586251621	15142	38550	46.3557765533306	10348	22323	0	0	37834	0.05	0.530518459105914	3.26829683169763	9541
SRX18425871	3.19714	40.2931258106355	15533	38550	46.9112574474757	10472	22323	0	0	37834	0.05	0.559789213152883	3.14072095317383	9541
SRX18425872	1.53656	48.1193255512322	18550	38550	58.6390718093446	13090	22323	0	0	37834	0.05	0.272295778733209	3.09110538594877	9541
SRX18425873	1.70637	46.7133592736706	18008	38550	56.784482372441	12676	22323	0	0	37834	0.05	0.319960836560579	2.98465989272654	9541
SRX18425874	1.5809	46.526588845655	17936	38550	57.1876539891592	12766	22323	0	0	37834	0.05	0.297828668733352	2.99411957647089	9541
SRX18426029	4.93632	34.9961089494163	13491	38550	39.4167450611477	8799	22323	0	0	37834	0.05	0.709766231289438	3.54458760809917	9541
SRX18426030	2.99917	40.4669260700389	15600	38550	47.9639833355732	10707	22323	0	0	37834	0.05	0.490053118107911	3.23189661681863	9541
SRX18426031	3.309656	39.7743190661479	15333	38550	48.3313174752497	10789	22323	0	0	37834	0.05	0.526611922982835	3.28067284293631	9541
SRX18426032	5.07015	35.2632944228275	13594	38550	40.0259821708552	8935	22323	0	0	37834	0.05	0.726900105387706	3.52957710438736	9541
SRX18426033	4.58274	37.1543450064851	14323	38550	42.79442727232	9553	22323	0	0	37834	0.05	0.700614845183438	3.39451171000537	9541
SRX18426034	4.75637	36.3164721141375	14000	38550	42.5390852483985	9496	22323	0	0	37834	0.05	0.671516816929966	3.53872087146995	9541
SRX18426035	0.627586	48.8975356679637	18850	38550	61.9137212740223	13821	22323	0	0	37834	0.05	0.166051468897474	2.51063440063537	9541
SRX18426036	0.710992100211162	48.0051880674449	18506	38550	60.1442458450925	13426	22323	0	0	37834	0.05	0.170869556496126	2.64632491094519	9541
SRX18426037	0.859287	47.9559014267185	18487	38550	59.6962773820723	13326	22323	0	0	37834	0.05	0.205858164997961	2.64296485682704	9541
SRX18426038	6.239610034	34.988326848249	13488	38550	39.8826322626887	8903	22323	0	0	37834	0.05	0.983353415577934	3.34365775689847	9541
SRX18426039	5.50179	35.2581063553826	13592	38550	40.7651301348385	9100	22323	0	0	37834	0.05	0.921128772670984	3.23822026772943	9541
SRX18426040	0.796151	47.3047989623865	18236	38550	58.7734623482507	13120	22323	0	0	37834	0.05	0.178753657886108	2.75807263460296	9541
SRX18426041	0.918048	47.0609597924773	18142	38550	58.1552658692828	12982	22323	0	0	37834	0.05	0.193746847990278	2.85113403429924	9541
SRX18426042	3.234703	39.2814526588846	15143	38550	46.3154593916588	10339	22323	0	0	37834	0.05	0.507456786328817	3.33667767479483	9541
SRX18426043	3.38873	38.7263294422827	14929	38550	45.7778972360346	10219	22323	0	0	37834	0.05	0.519113547377854	3.39360052691544	9541
SRX18426044	3.2204	38.5966277561608	14879	38550	45.7375800743628	10210	22323	0	0	37834	0.05	0.505303783544438	3.34947384836561	9541
SRX18426045	1.29191	37.0428015564202	14280	38550	43.9053890606101	9801	22323	0	0	37834	0.05	0.236590443832859	3.09618603352605	9541
SRX18426046	2.20019	36.8015564202335	14187	38550	42.4360525019039	9473	22323	0	0	37834	0.05	0.349991501975984	3.30068493418134	9541
SRX18426047	1.871530189346	38.4824902723735	14835	38550	45.0253102181606	10051	22323	0	0	37834	0.05	0.33961134469459	3.13333782418279	9541
SRX18426048	1.95891	38.3450064850843	14782	38550	44.6534963938539	9968	22323	0	0	37834	0.05	0.349678904403319	3.16645286014216	9541
SRX18426049	1.9094258	39.1154345006485	15079	38550	45.6211082739775	10184	22323	0	0	37834	0.05	0.320891136491951	3.26383859708476	9541
SRX18426050	3.28849	39.5071335927367	15230	38550	46.6783138467052	10420	22323	0	0	37834	0.05	0.541135487838193	3.21476973118429	9541
SRX18426051	5.79662	33.6705577172503	12980	38550	38.0907584106079	8503	22323	0	0	37834	0.05	0.877220345721575	3.40857414854738	9541
SRX18426052	1.76917	45.1180285343709	17393	38550	53.4381579536801	11929	22323	0	0	37834	0.05	0.311770497590775	3.13065905505683	9541
SRX18426053	1.84187	44.7859922178988	17265	38550	53.4202392151592	11925	22323	0	0	37834	0.05	0.320161735907162	3.15117732660626	9541
SRX18426054	2.0513	40.461738002594	15598	38550	49.1152622855351	10964	22323	0	0	37834	0.05	0.362826967375142	3.14213925441464	9541
SRX18426055	1.91514	41.3592736705577	15944	38550	49.1555794472069	10973	22323	0	0	37834	0.05	0.325289965613985	3.214202834306	9541
SRX18426056	2.34715	40.7522697795071	15710	38550	47.9550239663128	10705	22323	0	0	37834	0.05	0.396902868003071	3.21569838978596	9541
SRX18426057	1.8349	40.5654993514916	15638	38550	48.7748062536397	10888	22323	0	0	37834	0.05	0.315813604709561	3.19544139844356	9541
SRX18426058	1.79841	40.6121919584955	15656	38550	48.1969269363437	10759	22323	0	0	37834	0.05	0.299907119494785	3.24694424376338	9541
SRX18426059	1.8822243	41.935149156939	16166	38550	49.8096134032164	11119	22323	0	0	37834	0.05	0.302742022116539	3.29422354420917	9541
SRX18426060	2.56272	41.6238651102464	16046	38550	50.3023787125386	11229	22323	0	0	37834	0.05	0.403469209069122	3.3017510599648	9541
SRX18426061	3.00353	40.8352788586252	15742	38550	48.3895533754424	10802	22323	0	0	37834	0.05	0.456100955979532	3.37181325452077	9541
SRX18426062	3.07631	39.6523994811933	15286	38550	46.9470949245173	10480	22323	0	0	37834	0.05	0.470964778403471	3.37458878896222	9541
SRX18426063	3.41443	37.662775616083	14519	38550	43.6321282981678	9740	22323	0	0	37834	0.05	0.536743981763704	3.35965771786532	9541
SRX18426064	3.46686	37.9040207522698	14612	38550	43.5604533440846	9724	22323	0	0	37834	0.05	0.575234539784619	3.26143925857813	9541
SRX18426065	0.787775	42	16191	38550	51.3327061774851	11459	22323	0	0	37834	0.05	0.172902981873587	2.82477457484132	9541
SRX18426066	2.02842	42.863813229572	16524	38550	51.175917215428	11424	22323	0	0	37834	0.05	0.399881836450469	2.95650871704407	9541
SRX18426067	1.8451415	44.3527885862516	17098	38550	53.5008735385029	11943	22323	0	0	37834	0.05	0.313221322754672	3.1919870181172	9541
SRX18426068	3.7466	39.3774319066148	15180	38550	46.6827935313354	10421	22323	0	0	37834	0.05	0.587844692192957	3.33264197277709	9541
SRX18426069	2.347	39.4760051880674	15218	38550	46.696232585226	10424	22323	0	0	37834	0.05	0.400406083580921	3.21648489835013	9541
SRX18426070	3.25555	39.2555123216602	15133	38550	46.319939076289	10340	22323	0	0	37834	0.05	0.526952839947087	3.27910585917355	9541
SRX18426071	3.188752	38.8664072632944	14983	38550	45.9929220982843	10267	22323	0	0	37834	0.05	0.479095476660681	3.40815643292412	9541
SRX18426072	3.336	38.0233463035019	14658	38550	43.7172423061416	9759	22323	0	0	37834	0.05	0.473510686181691	3.50421692733913	9541
SRX18426073	3.18831	37.727626459144	14544	38550	43.9591452761726	9813	22323	0	0	37834	0.05	0.627377194053069	2.95154315622126	9541
SRX18426074	3.30909	36.9027237354086	14226	38550	43.4798190207409	9706	22323	0	0	37834	0.05	0.578987434051852	3.14834705694124	9541
SRX18426075	3.28216	38.4643320363165	14828	38550	44.1517717152712	9856	22323	0	0	37834	0.05	0.580898897554263	3.13217177744906	9541
SRX18426076	2.46673	37.3203631647211	14387	38550	44.2055279308337	9868	22323	0	0	37834	0.05	0.454807903545789	3.08008760869286	9541
SRX18426077	2.25283	38.2230869001297	14735	38550	44.6624557631143	9970	22323	0	0	37834	0.05	0.415266856498596	3.07926966063842	9541
SRX18426078	2.4254	37.7639429312581	14558	38550	45.0387492720512	10054	22323	0	0	37834	0.05	0.441182983150179	3.09875193706895	9541
SRX18426079	4.37857	36.6874189364462	14143	38550	42.2792635398468	9438	22323	0	0	37834	0.05	0.69428262222952	3.29867652319922	9541
SRX18426080	3.872	37.7016861219196	14534	38550	44.8730009407338	10017	22323	0	0	37834	0.05	0.644156883033675	3.21151554068901	9541
SRX18426081	3.56826	39.4760051880674	15218	38550	46.4677686690857	10373	22323	0	0	37834	0.05	0.615326951758151	3.14485214760802	9541
SRX18426082	0.8482002	46.6536964980545	17985	38550	57.0891009272947	12744	22323	0	0	37834	0.05	0.165938735718665	2.96006675121464	9541
SRX18426083	0.708816	48.9001297016861	18851	38550	60.843076647404	13582	22323	0	0	37834	0.05	0.161323554486362	2.71478420082469	9541
SRX18426084	3.110376907	39.9559014267185	15403	38550	47.0322089324912	10499	22323	0	0	37834	0.05	0.447454928994049	3.48477315742975	9541
SRX18426085	3.43248	39.3177691309987	15157	38550	46.297540653138	10335	22323	0	0	37834	0.05	0.506648160599205	3.43272245384985	9541
SRX18426086	2.81405	40.84046692607	15744	38550	48.3985127447028	10804	22323	0	0	37834	0.05	0.408065722908418	3.46408113081842	9541
SRX18426087	0.33787	38.4046692607004	14805	38550	45.3344084576446	10120	22323	0	0	37834	0.05	0.0723323794988231	2.85477594114423	9541
SRX18426088	0.405554	37.4837872892348	14450	38550	44.0487389687766	9833	22323	0	0	37834	0.05	0.0868534471830238	2.84092788200942	9541
SRX18426089	0.329048	37.7821011673152	14565	38550	46.8888590243247	10467	22323	0	0	37834	0.05	0.0718742246780437	2.81692084792258	9541
SRX18426090	5.5351	38.8171206225681	14964	38550	46.8933387089549	10468	22323	0	0	37834	0.05	0.705628807751823	3.63340294481978	9541
SRX18426091	4.65186	40.3112840466926	15540	38550	48.4119517985934	10807	22323	0	0	37834	0.05	0.584387316547936	3.66160545053752	9541
SRX18426092	4.7189	40.9727626459144	15795	38550	49.2317340859204	10990	22323	0	0	37834	0.05	0.612350650920746	3.5993981244687	9541
SRX18426093	3.79343	39.1024643320363	15074	38550	46.5170452000179	10384	22323	0	0	37834	0.05	0.631448792547599	3.21112404262504	9541
SRX18426094	3.65667	38.9649805447471	15021	38550	46.5573623616897	10393	22323	0	0	37834	0.05	0.603974592765976	3.23193469745292	9541
SRX18425486	2.3277	37.4409562674721	11652	31121	48.2	9881	20500	0	0	33043	0.05	0.300307823157911	3.81406489259938	9615
SRX18425487	2.16321	38.1800070691816	11882	31121	49.2341463414634	10093	20500	0	0	33043	0.05	0.284111984427279	3.76961211980824	9615
SRX18425488	2.197314	38.5880916422994	12009	31121	49.7463414634146	10198	20500	0	0	33043	0.05	0.289364102212223	3.77761318939368	9615
SRX18425489	3.451686	34.841425404068	10843	31121	44.7463414634146	9173	20500	0	0	33043	0.05	0.431611314021077	3.9042245510692	9615
SRX18425490	3.70784	33.1673146749783	10322	31121	42.4926829268293	8711	20500	0	0	33043	0.05	0.486767357341872	3.80455645851241	9615
SRX18425491	3.02415	37.3734777160117	11631	31121	48.3414634146341	9910	20500	0	0	33043	0.05	0.389721541413749	3.8179802992531	9615
SRX18425492	2.42221	41.2743806432955	12845	31121	52.390243902439	10740	20500	0	0	33043	0.05	0.320993105016731	3.65755232919959	9615
SRX18425493	2.70663	40.4292921178625	12582	31121	51.3804878048781	10533	20500	0	0	33043	0.05	0.342908444047989	3.75041030719175	9615
SRX18425494	2.8957	40.3682400951126	12563	31121	50.9170731707317	10438	20500	0	0	33043	0.05	0.367320766262761	3.75851880828283	9615
SRX18425495	3.17611	35.9339352848559	11183	31121	46.1219512195122	9455	20500	0	0	33043	0.05	0.476200562893857	3.53655964747563	9615
SRX18425496	2.12951	37.2963593714855	11607	31121	48.219512195122	9885	20500	0	0	33043	0.05	0.313507004595063	3.56812078698508	9615
SRX18425497	3.34662	36.1331576748819	11245	31121	46.4292682926829	9518	20500	0	0	33043	0.05	0.483946425100236	3.59462847685558	9615
SRX18425498	3.509634	36.3645127084605	11317	31121	46.8	9594	20500	0	0	33043	0.05	0.438412690873776	3.86662494877646	9615
SRX18425499	3.51345	36.0624658590662	11223	31121	46.3853658536585	9509	20500	0	0	33043	0.05	0.475442416291727	3.71612892734392	9615
SRX18425500	2.899864121793	38.4563478037338	11968	31121	49.8	10209	20500	0	0	33043	0.05	0.362974934598463	3.88885082506912	9615
SRX18425501	4.14171	33.7039298223065	10489	31121	42.9268292682927	8800	20500	0	0	33043	0.05	0.464672897628163	4.13958945424003	9615
SRX18425502	3.0158142	34.9603161852126	10880	31121	45.019512195122	9229	20500	0	0	33043	0.05	0.358442893430334	4.0657264957959	9615
SRX18425503	4.61887	33.0034381928601	10271	31121	42.3804878048781	8688	20500	0	0	33043	0.05	0.634458547958588	3.77182682643633	9615
SRX18425504	2.686882	37.9775714148003	11819	31121	48.8243902439024	10009	20500	0	0	33043	0.05	0.357182876833809	3.73503099380905	9615
SRX18425505	2.24938313068	37.7237235307349	11740	31121	48.6341463414634	9970	20500	0	0	33043	0.05	0.330614260743555	3.55393540297616	9615
SRX18425506	3.05721	36.9429002924071	11497	31121	47.4195121951219	9721	20500	0	0	33043	0.05	0.387175367261329	3.85793831194726	9615
SRX18425507	3.147718	38.7969538253912	12074	31121	50.3170731707317	10315	20500	0	0	33043	0.05	0.463449211127131	3.54248356848732	9615
SRX18425508	4.60989	35.4647986889881	11037	31121	45.5512195121951	9338	20500	0	0	33043	0.05	0.652902912877686	3.6284564977423	9615
SRX18425509	4.20609	37.8715336910768	11786	31121	49	10045	20500	0	0	33043	0.05	0.571031196239179	3.68640922215306	9615
SRX18425510	0.0928482	44.1984512065808	13755	31121	58.8536585365854	12065	20500	0	0	33043	0.05	0.0363695523438206	2.11944761075264	9615
SRX18425511	0.0786527	43.0963015327271	13412	31121	56.7170731707317	11627	20500	0	0	33043	0.05	0.0229816711741988	2.50583036599146	9615
SRX18425512	0.763376	38.6009446997204	12013	31121	49.6243902439024	10173	20500	0	0	33043	0.05	0.126998283553539	3.34074757125991	9615
SRX18425513	0.860058	38.6812763086019	12038	31121	49.6390243902439	10176	20500	0	0	33043	0.05	0.132406045697269	3.4827703003087	9615
SRX18425514	0.956035	38.1285948394974	11866	31121	48.8341463414634	10011	20500	0	0	33043	0.05	0.167770302494371	3.27759026441968	9615
SRX18425515	3.19352	33.6782237074644	10481	31121	43.1463414634146	8845	20500	0	0	33043	0.05	0.394870767575787	3.92174645722246	9615
SRX18425516	3.87094	32.7238841939526	10184	31121	42.0390243902439	8618	20500	0	0	33043	0.05	0.516398968093696	3.76027189205352	9615
SRX18425517	3.710252	34.5393785546737	10749	31121	44.3658536585366	9095	20500	0	0	33043	0.05	0.438370015645277	4.02123366785011	9615
SRX18425518	3.71339	38.6941293660229	12042	31121	49.7219512195122	10193	20500	0	0	33043	0.05	0.396745466118791	4.08425615468981	9615
SRX18425519	3.70674	38.5173998264837	11987	31121	49.190243902439	10084	20500	0	0	33043	0.05	0.424472382375605	3.93761055066231	9615
SRX18425520	2.72252	41.0526654027827	12776	31121	52.5024390243902	10763	20500	0	0	33043	0.05	0.332857828610685	3.8058140320607	9615
SRX18425521	2.97655	39.5970566498506	12323	31121	50.5170731707317	10356	20500	0	0	33043	0.05	0.424004774754998	3.52949628578767	9615
SRX18425523	2.68566	40.6349410365991	12646	31121	51.9170731707317	10643	20500	0	0	33043	0.05	0.414134655925129	3.38538499768964	9615
SRX18425648	2.13357	39.018669065904	12143	31121	50.6536585365854	10384	20500	0	0	33043	0.05	0.331095846625379	3.45871204561785	9615
SRX18425649	2.63922	42.6560843160567	13275	31121	55.2341463414634	11323	20500	0	0	33043	0.05	0.359438564959972	3.64562017767304	9615
SRX18425650	2.03402	34.4204877735291	10712	31121	44.0878048780488	9038	20500	0	0	33043	0.05	0.307207963311532	3.5047092805113	9615
SRX18425651	1.89808	35.1306191960413	10933	31121	44.6975609756098	9163	20500	0	0	33043	0.05	0.33124529579469	3.26125832666853	9615
SRX18425652	1.93338	36.9589666141833	11502	31121	47.0975609756098	9655	20500	0	0	33043	0.05	0.354471142492534	3.11355251511357	9615
SRX18425653	1.86339	36.0078403650268	11206	31121	46.2048780487805	9472	20500	0	0	33043	0.05	0.209625387365851	4.07616992161391	9615
SRX18425654	2.10142	32.8749076186498	10231	31121	41.9609756097561	8602	20500	0	0	33043	0.05	0.264888750515458	3.87924286934121	9615
SRX18425655	2.31211	35.5097843899618	11051	31121	45.4731707317073	9322	20500	0	0	33043	0.05	0.269768666758857	3.99156705743258	9615
SRX18425656	3.14634	36.4384177886315	11340	31121	46.790243902439	9592	20500	0	0	33043	0.05	0.371886584776078	4.01065192138954	9615
SRX18425657	2.60062	38.1800070691816	11882	31121	50.0585365853659	10262	20500	0	0	33043	0.05	0.435256233543176	3.31900840014662	9615
SRX18425658	0.590462	49.3461007037049	15357	31121	64.8487804878049	13294	20500	0	0	33043	0.05	0.132821300029197	2.82723846606738	9615
SRX18425659	0.641083	49.0312007968896	15259	31121	64.1853658536585	13158	20500	0	0	33043	0.05	0.140058210351759	2.88253647510291	9615
SRX18425660	1.80006	39.079721088654	12162	31121	50.6878048780488	10391	20500	0	0	33043	0.05	0.238677406038276	3.77086547352649	9615
SRX18425661	2.0217123	38.6491436650493	12028	31121	50.1707317073171	10285	20500	0	0	33043	0.05	0.268600801813234	3.76468607908238	9615
SRX18425662	2.23399	38.5302528839048	11991	31121	49.8390243902439	10217	20500	0	0	33043	0.05	0.292749788759363	3.79089391526879	9615
SRX18425663	1.600871	35.0181549436072	10898	31121	44.8536585365854	9195	20500	0	0	33043	0.05	0.240988184221512	3.56085615788542	9615
SRX18425664	4.41452	35.0727804376466	10915	31121	44.8634146341463	9197	20500	0	0	33043	0.05	0.544043343436264	3.87397725761468	9615
SRX18425665	3.928901	35.4969313325407	11047	31121	45.409756097561	9309	20500	0	0	33043	0.05	0.497633132824643	3.85130292506671	9615
SRX18425666	4.631723	35.0792069663571	10917	31121	45.5121951219512	9330	20500	0	0	33043	0.05	0.589184805466131	3.82392881822104	9615
SRX18425667	4.864035	34.2919571993188	10672	31121	44.4048780487805	9103	20500	0	0	33043	0.05	0.58285614419131	3.91301242883101	9615
SRX18425668	5.542422	33.883872626201	10545	31121	43.6	8938	20500	0	0	33043	0.05	0.632028743650392	4.05865345458564	9615
SRX18425669	2.5883549	35.5901159988432	11076	31121	46.0585365853659	9442	20500	0	0	33043	0.05	0.335760857695738	3.85637600178089	9615
SRX18425670	4.12833	35.3362681147778	10997	31121	45.3804878048781	9303	20500	0	0	33043	0.05	0.550011940552501	3.74666906997031	9615
SRX18425671	5.96188	32.1519231387166	10006	31121	41.1414634146341	8434	20500	0	0	33043	0.05	0.667965535318549	4.12318828204521	9615
SRX18425672	1.425082	35.512997654317	11052	31121	45.3121951219512	9289	20500	0	0	33043	0.05	0.276158329528323	3.13261630467775	9615
SRX18425673	1.2764	36.5348157192892	11370	31121	46.6975609756098	9573	20500	0	0	33043	0.05	0.225867511806148	3.26163510309733	9615
SRX18425674	1.48953	36.3291668005527	11306	31121	46.7365853658537	9581	20500	0	0	33043	0.05	0.274744206056243	3.20738251257553	9615
SRX18425675	1.06835	45.1624305131583	14055	31121	58.1853658536585	11928	20500	0	0	33043	0.05	0.193436456271763	3.14245839562166	9615
SRX18425676	0.818749	46.1167700266701	14352	31121	59.4439024390244	12186	20500	0	0	33043	0.05	0.149771360707066	3.12125462629971	9615
SRX18425677	0.931078	44.3077021946596	13789	31121	57.2439024390244	11735	20500	0	0	33043	0.05	0.174606696519008	3.10559299822598	9615
SRX18425678	4.324529	32.4700363098872	10105	31121	41.0439024390244	8414	20500	0	0	33043	0.05	0.499691967226181	4.00293304167011	9615
SRX18425679	4.20282	32.4507567237557	10099	31121	40.980487804878	8401	20500	0	0	33043	0.05	0.457916891086935	4.15201554851278	9615
SRX18425680	3.80587	34.1152276597796	10617	31121	43.4439024390244	8906	20500	0	0	33043	0.05	0.429621061087777	4.05854772543912	9615
SRX18425681	8.84019	29.1153883229973	9061	31121	37.2878048780488	7644	20500	0	0	33043	0.05	1.13486720993272	3.83668840457888	9615
SRX18425682	2.68736	38.9158446065358	12111	31121	49.3073170731707	10108	20500	0	0	33043	0.05	0.347263192710266	3.74681433579807	9615
SRX18425683	3.25423	38.6941293660229	12042	31121	48.6975609756098	9983	20500	0	0	33043	0.05	0.436360995542986	3.66289319303675	9615
SRX18425684	2.90291	38.7391150669966	12056	31121	49.1609756097561	10078	20500	0	0	33043	0.05	0.376724620558659	3.7281740068494	9615
SRX18425685	1.88519	35.9628546640532	11192	31121	45.5414634146342	9336	20500	0	0	33043	0.05	0.301139255448382	3.40836525341001	9615
SRX18425686	5.39316	39.2403843064169	12212	31121	50.0634146341463	10263	20500	0	0	33043	0.05	0.864518904580799	3.35951528462562	9615
SRX18425687	3.072632	38.9415507213779	12119	31121	49.6682926829268	10182	20500	0	0	33043	0.05	0.498331351578165	3.34324769913328	9615
SRX18425688	5.61553	40.6413675653096	12648	31121	53.019512195122	10869	20500	0	0	33043	0.05	0.828958913554373	3.51820917584769	9615
SRX18425689	5.3322	40.7731114038752	12689	31121	52.9707317073171	10859	20500	0	0	33043	0.05	0.783238412348623	3.52459401823933	9615
SRX18425690	3.904069	41.0590919314932	12778	31121	53.5756097560976	10983	20500	0	0	33043	0.05	0.632541198136617	3.34056343729414	9615
SRX18425691	1.508193	35.2173773336332	10960	31121	44.9463414634146	9214	20500	0	0	33043	0.05	0.217194001341889	3.61996718879598	9615
SRX18425692	1.332305	35.4423058385013	11030	31121	45.0829268292683	9242	20500	0	0	33043	0.05	0.20021915006812	3.55223459683734	9615
SRX18425693	3.9219918306	35.512997654317	11052	31121	45.5707317073171	9342	20500	0	0	33043	0.05	0.556014246896189	3.60585223856622	9615
SRX18425694	4.737872	34.5490183477395	10752	31121	44.1756097560976	9056	20500	0	0	33043	0.05	0.656431739424353	3.63720620346417	9615
SRX18425695	4.70962	35.0535008515151	10909	31121	44.6487804878049	9153	20500	0	0	33043	0.05	0.691450776955685	3.51969022802652	9615
SRX18425696	3.81045	32.0458854149931	9973	31121	40.9121951219512	8387	20500	0	0	33043	0.05	0.515689916826725	3.79415088667654	9615
SRX18425697	4.54932	33.523987018412	10433	31121	42.9317073170732	8801	20500	0	0	33043	0.05	0.556450003507044	3.94593854424985	9615
SRX18425698	4.41605	33.2476462838598	10347	31121	42.4439024390244	8701	20500	0	0	33043	0.05	0.584157365325052	3.79253167446658	9615
SRX18425699	2.08796	46.4830821631696	14466	31121	60.7560975609756	12455	20500	0	0	33043	0.05	0.42424632277965	2.94095386969794	9615
SRX18425700	3.31496	43.2184055782269	13450	31121	56.2536585365854	11532	20500	0	0	33043	0.05	0.52626144787583	3.35905450881744	9615
SRX18425701	2.5399260249045	38.0354101731949	11837	31121	48.6926829268293	9982	20500	0	0	33043	0.05	0.459373879151593	3.16465789474412	9615
SRX18425702	1.30929	37.4120368882748	11643	31121	47.7707317073171	9793	20500	0	0	33043	0.05	0.251811039054483	3.09378863029237	9615
SRX18425703	1.71718	42.4407956042544	13208	31121	54.990243902439	11273	20500	0	0	33043	0.05	0.304118224535664	3.17165754265781	9615
SRX18425704	6.13939	37.675524565406	11725	31121	48.8048780487805	10005	20500	0	0	33043	0.05	0.86951042006969	3.6026006944791	9615
SRX18425705	4.56094	38.1061019890106	11859	31121	49.1707317073171	10080	20500	0	0	33043	0.05	0.683162369620189	3.48248398581361	9615
SRX18425706	3.1036	38.5302528839048	11991	31121	48.8634146341463	10017	20500	0	0	33043	0.05	0.417560144781534	3.68004153251617	9615
SRX18425707	4.27227	44.8314642845667	13952	31121	57.3463414634146	11756	20500	0	0	33043	0.05	0.677815492704692	3.32674335923928	9615
SRX18425708	4.19002	43.8964043571865	13661	31121	56.1707317073171	11515	20500	0	0	33043	0.05	0.624322229627564	3.43463096155559	9615
SRX18425709	2.44795	35.9178689630796	11178	31121	46.6390243902439	9561	20500	0	0	33043	0.05	0.426077447284598	3.26311695675784	9615
SRX18425710	5.04685	32.8684810899393	10229	31121	42.409756097561	8694	20500	0	0	33043	0.05	0.790705677870711	3.4376339633606	9615
SRX18425711	5.90255	30.3589216284824	9448	31121	38.7463414634146	7943	20500	0	0	33043	0.05	0.786643169495982	3.77169547183817	9615
SRX18425712	0.1276998	35.8150445037113	11146	31121	47.9853658536585	9837	20500	0	0	33043	0.05	0.0462770792355357	2.26735742458354	9615
SRX18425714	5.44544	29.5973779762861	9211	31121	38.3658536585366	7865	20500	0	0	33043	0.05	0.792654232608204	3.65933848213563	9615
SRX18425816	4.443946	34.9860223000546	10888	31121	44.5853658536585	9140	20500	0	0	33043	0.05	0.627279045682897	3.5997525591402	9615
SRX18425875	3.21722	38.2539121493525	11905	31121	48.3219512195122	9906	20500	0	0	33043	0.05	0.399048992439971	3.81610704244007	9615
SRX18425876	3.05513	39.3689148806272	12252	31121	50.8146341463415	10417	20500	0	0	33043	0.05	0.37825310823167	3.82298058126762	9615
SRX18425877	2.56541	40.3200411297837	12548	31121	51.5609756097561	10570	20500	0	0	33043	0.05	0.353397969082997	3.60512579948876	9615
SRX18425878	2.6385112	40.2911217505864	12539	31121	51.7658536585366	10612	20500	0	0	33043	0.05	0.37431090641916	3.56018530820561	9615
SRX18425879	1.810169	43.7357411394235	13611	31121	56.590243902439	11601	20500	0	0	33043	0.05	0.272646660979291	3.49305336407278	9615
SRX18425880	1.17929	47.3378104816683	14732	31121	61.5268292682927	12613	20500	0	0	33043	0.05	0.227225458224335	3.04586562527184	9615
SRX18425881	1.04349	46.9907779313004	14624	31121	60.8341463414634	12471	20500	0	0	33043	0.05	0.182887403301662	3.21442679695393	9615
SRX18425882	3.07993	35.5162109186723	11053	31121	45.790243902439	9387	20500	0	0	33043	0.05	0.33287110049469	4.23844857032224	9615
SRX18425883	2.708493	35.4198129880145	11023	31121	45.5073170731707	9329	20500	0	0	33043	0.05	0.336816878710656	3.91812040031522	9615
SRX18425884	2.586738	36.2873943639343	11293	31121	46.5268292682927	9538	20500	0	0	33043	0.05	0.320884005128816	3.94221705854676	9615
SRX18425885	1.91645	33.6846502361749	10483	31121	43.0341463414634	8822	20500	0	0	33043	0.05	0.38632541385073	3.03843021294438	9615
SRX18425886	3.990814	35.2816426207384	10980	31121	45.6146341463415	9351	20500	0	0	33043	0.05	0.528048673804487	3.76624882242049	9615
SRX18425887	4.47957	35.7379261591851	11122	31121	46.3024390243902	9492	20500	0	0	33043	0.05	0.597330334282183	3.77461021150966	9615
SRX18425888	3.41929	36.4801902252498	11353	31121	47.1121951219512	9658	20500	0	0	33043	0.05	0.457484156556495	3.77012468663157	9615
SRX18425889	1.16421	36.3612994441053	11316	31121	46.6536585365854	9564	20500	0	0	33043	0.05	0.2193254979476	3.17324529315427	9615
SRX18425890	1.25969	36.4255647312104	11336	31121	46.7951219512195	9593	20500	0	0	33043	0.05	0.229906038692055	3.2121767448136	9615
SRX18425891	1.4359	36.5733748915523	11382	31121	46.7658536585366	9587	20500	0	0	33043	0.05	0.264990990211261	3.19271630287986	9615
SRX18425892	4.79144	34.4590469457922	10724	31121	43.780487804878	8975	20500	0	0	33043	0.05	0.536541704524205	4.07423999568614	9615
SRX18425893	4.31175	35.3876803444619	11013	31121	45.190243902439	9264	20500	0	0	33043	0.05	0.51806976605311	3.90706018720141	9615
SRX18425894	3.80976	37.5823398991035	11696	31121	48.1707317073171	9875	20500	0	0	33043	0.05	0.435841785386702	4.00171007721539	9615
SRX18425895	4.87958	33.151248353202	10317	31121	42.6439024390244	8742	20500	0	0	33043	0.05	0.543100304004006	4.13241373894315	9615
SRX18425896	3.378	37.1646155329199	11566	31121	47.5512195121951	9748	20500	0	0	33043	0.05	0.437481315970376	3.7568121174537	9615
SRX18425897	4.193177	35.3941068731725	11015	31121	44.9707317073171	9219	20500	0	0	33043	0.05	0.521479387430164	3.85302464606754	9615
SRX18425898	0.9451611	35.3202017930015	10992	31121	45.7365853658537	9376	20500	0	0	33043	0.05	0.119762792172678	3.81231437890686	9615
SRX18425899	1.96305	26.9785675267504	8396	31121	34.7609756097561	7126	20500	0	0	33043	0.05	0.247517776660762	3.59470380445393	9615
SRX18425900	1.07643	48.1893255358118	14997	31121	62.7560975609756	12865	20500	0	0	33043	0.05	0.190851183927752	3.17177164939813	9615
SRX18425901	0.8213501	46.164968991999	14367	31121	60.1609756097561	12333	20500	0	0	33043	0.05	0.140527906002979	3.2763227578998	9615
SRX18425902	1.0887235	44.3044889303043	13788	31121	57.9463414634146	11879	20500	0	0	33043	0.05	0.174056049901243	3.42568776268008	9615
SRX18425903	0.909412	38.1575142186948	11875	31121	49.590243902439	10166	20500	0	0	33043	0.05	0.138703919390165	3.56522072843852	9615
SRX18425904	1.0413282	37.9390122425372	11807	31121	49.0878048780488	10063	20500	0	0	33043	0.05	0.158717848327097	3.5700414051471	9615
SRX18425905	2.89739	33.983483821214	10576	31121	43.2048780487805	8857	20500	0	0	33043	0.05	0.393509201497337	3.7124372345771	9615
SRX18425906	0.883861	38.3181774364577	11925	31121	49.8439024390244	10218	20500	0	0	33043	0.05	0.141981575242212	3.47569464664784	9615
SRX18425907	7.93048	36.9686064072491	11505	31121	48.2487804878049	9891	20500	0	0	33043	0.05	1.00968927811001	3.84098133159367	9615
SRX18425908	7.68145	37.762282702998	11752	31121	48.8439024390244	10013	20500	0	0	33043	0.05	1.16027898212603	3.50761555431288	9615
SRX18425909	4.31587	35.7025802512773	11111	31121	46.4829268292683	9529	20500	0	0	33043	0.05	0.728951591691269	3.33770747160574	9615
SRX18425910	6.00324	34.7000417724366	10799	31121	44.7658536585366	9177	20500	0	0	33043	0.05	0.89294973016962	3.54120538636591	9615
SRX18425911	4.53286	34.8735580476206	10853	31121	45.2975609756098	9286	20500	0	0	33043	0.05	0.767163803151374	3.35311291462996	9615
SRX18425912	8.47028	37.8522541049452	11780	31121	49.2878048780488	10104	20500	0	0	33043	0.05	1.13848120833616	3.67775773129619	9615
SRX18425913	5.29381	40.0726197744288	12471	31121	51.4585365853659	10549	20500	0	0	33043	0.05	0.774006078258326	3.5018166439402	9615
SRX18425914	4.391242	40.7409787603226	12679	31121	52.1268292682927	10686	20500	0	0	33043	0.05	0.571776205998504	3.73102916186365	9615
SRX18425915	5.0600291	34.8703447832653	10852	31121	45.209756097561	9268	20500	0	0	33043	0.05	0.805077219727395	3.4420134923671	9615
SRX18425916	5.57946	34.0734552231612	10604	31121	44.2975609756098	9081	20500	0	0	33043	0.05	0.73129157072351	3.77421812681746	9615
SRX18425917	11.69177	28.6719578419717	8923	31121	37.0731707317073	7600	20500	0	0	33043	0.05	1.3798507392428	4.07051003997426	9615
SRX18425918	0.458333	38.3085376433919	11922	31121	49.5756097560976	10163	20500	0	0	33043	0.05	0.0710400337955481	3.45885464294849	9615
SRX18425919	2.64893	35.6479547572379	11094	31121	46.009756097561	9432	20500	0	0	33043	0.05	0.444472408634243	3.36514732182115	9615
SRX18425920	2.469274	36.7629574885126	11441	31121	47.3317073170732	9703	20500	0	0	33043	0.05	0.383637324893379	3.48714137632121	9615
SRX18425921	1.89216	37.1421226824331	11559	31121	47.9707317073171	9834	20500	0	0	33043	0.05	0.334605698146243	3.24992576615194	9615
SRX18425922	6.537603	31.7759712091514	9889	31121	40.4243902439024	8287	20500	0	0	33043	0.05	0.701034110355972	4.15485839705542	9615
SRX18425923	10.36585	37.3445583368144	11622	31121	48.2634146341463	9894	20500	0	0	33043	0.05	1.31579180861987	3.7549406083965	9615
SRX18425924	9.02109	37.2770797853539	11601	31121	48.2634146341463	9894	20500	0	0	33043	0.05	1.19928252736496	3.67992917249266	9615
SRX18425925	3.8241	41.2133286205456	12826	31121	53.0975609756098	10885	20500	0	0	33043	0.05	0.615568927866147	3.34758538009594	9615
SRX18425926	3.32251	43.716461553292	13605	31121	56.3463414634146	11551	20500	0	0	33043	0.05	0.610991618473743	3.09519140532007	9615
SRX18425927	3.693227	38.5173998264837	11987	31121	49.4731707317073	10142	20500	0	0	33043	0.05	0.553781013481263	3.46625619693013	9615
SRX18425928	1.464938	35.400533401883	11017	31121	45.2048780487805	9267	20500	0	0	33043	0.05	0.20932458539039	3.65204353485647	9615
SRX18425929	6.703689	32.0458854149931	9973	31121	41.5560975609756	8519	20500	0	0	33043	0.05	0.935559628564811	3.65251198763323	9615
SRX18425930	3.826265	31.5671090260596	9824	31121	40.6829268292683	8340	20500	0	0	33043	0.05	0.615490495750695	3.42046179850452	9615
SRX18425931	4.21141	32.3768516435847	10076	31121	42.009756097561	8612	20500	0	0	33043	0.05	0.666442530401416	3.42744322010401	9615
SRX18425932	12.9428	26.2330901963305	8164	31121	33.3414634146341	6835	20500	0	0	33043	0.05	1.56906676782774	3.90415881798376	9615
SRX18425933	6.535409	34.4654734745027	10726	31121	44.190243902439	9059	20500	0	0	33043	0.05	0.993762152471173	3.43345965408649	9615
SRX18425934	6.79455	33.3440442145175	10377	31121	42.819512195122	8778	20500	0	0	33043	0.05	1.04383609428291	3.4231872476176	9615
SRX18425935	4.304220407395	34.0734552231612	10604	31121	43.7560975609756	8970	20500	0	0	33043	0.05	0.765388463961934	3.2095351990925	9615
SRX18425936	4.96643	32.8299219176762	10217	31121	42.5365853658537	8720	20500	0	0	33043	0.05	0.709067510901501	3.61282525551728	9615
SRX18425937	3.15815	38.2796182641946	11913	31121	49.6292682926829	10174	20500	0	0	33043	0.05	0.543918304134484	3.25156259294727	9615
SRX18425938	1.621613	36.2167025481186	11271	31121	46.7609756097561	9586	20500	0	0	33043	0.05	0.384939940962026	2.78435281878875	9615
SRX18425939	4.48656	35.3587609652646	11004	31121	45.0731707317073	9240	20500	0	0	33043	0.05	0.655804448510686	3.52758742265628	9615
SRX18425940	6.837202	40.0533401882973	12465	31121	51.8390243902439	10627	20500	0	0	33043	0.05	0.941159434753935	3.64197878182424	9615
SRX18425941	4.742106	33.0130779859259	10274	31121	41.9658536585366	8603	20500	0	0	33043	0.05	0.609135251513104	3.80112313965467	9615
SRX18425942	5.50729	39.9922881655474	12446	31121	51.7756097560976	10614	20500	0	0	33043	0.05	0.830251122285559	3.46738982888676	9615
SRX18425943	12.399	27.9296937759069	8692	31121	35.780487804878	7335	20500	0	0	33043	0.05	1.59502417945399	3.77863888563011	9615
SRX18425944	12.3379995	26.1591851161595	8141	31121	32.8048780487805	6725	20500	0	0	33043	0.05	1.58232580325586	3.79319690910014	9615
SRX18425945	5.629249	33.6493043282671	10472	31121	43.009756097561	8817	20500	0	0	33043	0.05	0.792728728846607	3.59130604948803	9615
SRX18425946	4.277729	43.5365187493975	13549	31121	56.4585365853658	11574	20500	0	0	33043	0.05	0.766558857612271	3.16603870844064	9615
SRX18425947	3.29007	44.3848205391858	13813	31121	57.7658536585366	11842	20500	0	0	33043	0.05	0.627730859448139	3.07284722145605	9615
SRX18425948	4.04621	44.201664470936	13756	31121	57.5756097560976	11803	20500	0	0	33043	0.05	0.750838947922565	3.11986724890113	9615
SRX18425949	3.23057	41.181195976993	12816	31121	53.2341463414634	10913	20500	0	0	33043	0.05	0.414946389121965	3.76104390633396	9615
SRX18425950	4.44436	31.1204652806786	9685	31121	40.3512195121951	8272	20500	0	0	33043	0.05	0.66209744867695	3.61990654443688	9615
SRX18425951	2.8899899	35.3716140226856	11008	31121	45.0731707317073	9240	20500	0	0	33043	0.05	0.341333511360323	3.98762696076664	9615
SRX18425952	3.36478	34.1891327399505	10640	31121	43.7073170731707	8960	20500	0	0	33043	0.05	0.429042136696413	3.82900927087291	9615
SRX18425953	8.48947	28.0453712926963	8728	31121	36.2926829268293	7440	20500	0	0	33043	0.05	1.0465064819968	3.92876638995756	9615
SRX18425954	4.416924	33.2797789274124	10357	31121	42.4634146341463	8705	20500	0	0	33043	0.05	0.613220459025995	3.64863313029215	9615
SRX18425955	4.67229	35.6158221136853	11084	31121	45.3853658536585	9304	20500	0	0	33043	0.05	0.653820494192704	3.59747207616424	9615
SRX18425956	0.569086	38.3856559879181	11946	31121	51.4780487804878	10553	20500	0	0	33043	0.05	0.159024435830996	2.74837128105192	9615
SRX18425957	3.15179	35.7604190096719	11129	31121	46.0926829268293	9449	20500	0	0	33043	0.05	0.437105300001084	3.67900133408912	9615
SRX18425958	2.34706	38.7230487452203	12051	31121	50.190243902439	10289	20500	0	0	33043	0.05	0.363691260627206	3.43180166439802	9615
SRX18425959	3.497264	35.7764853314482	11134	31121	46.3170731707317	9495	20500	0	0	33043	0.05	0.466159392456978	3.74479942875272	9615
SRX18425960	2.68338	37.5502072555509	11686	31121	47.5609756097561	9750	20500	0	0	33043	0.05	0.332282703890842	3.84852374763195	9615
SRX18425961	2.52464	38.6973426303782	12043	31121	49.0536585365854	10056	20500	0	0	33043	0.05	0.327028021465393	3.73687947398794	9615
SRX18425962	7.23307	31.2843417627968	9736	31121	40.3853658536585	8279	20500	0	0	33043	0.05	0.959637456832642	3.75500509173073	9615
SRX18425963	2.85235	37.3220654863276	11615	31121	48.3756097560976	9917	20500	0	0	33043	0.05	0.488457977984732	3.27725521108293	9615
SRX18425964	2.6943	34.070241958806	10603	31121	42.9024390243902	8795	20500	0	0	33043	0.05	0.442749300044817	3.36505593586289	9615
SRX18425965	2.759917	32.8010025384788	10208	31121	41.5024390243902	8508	20500	0	0	33043	0.05	0.391979918237786	3.63868285771659	9615
SRX18425966	2.911939	32.5857138266765	10141	31121	41.4048780487805	8488	20500	0	0	33043	0.05	0.428972486558632	3.55632771873093	9615
SRX18425967	1.75591	47.5273930786286	14791	31121	61.3560975609756	12578	20500	0	0	33043	0.05	0.35966731523903	2.88063166295578	9615
SRX18425968	2.31131	47.6012981587995	14814	31121	61.1365853658537	12533	20500	0	0	33043	0.05	0.408237030012785	3.11189868182331	9615
SRX18425969	3.01303	47.0936023906687	14656	31121	60.5463414634146	12412	20500	0	0	33043	0.05	0.507743060042145	3.19570424488444	9615
SRX18425970	9.22058	36.1556505253687	11252	31121	46.790243902439	9592	20500	0	0	33043	0.05	1.28640960830113	3.65552598614819	9615
SRX18425971	6.92083	38.9029915491147	12107	31121	50.7365853658537	10401	20500	0	0	33043	0.05	1.01021724436089	3.55943621809647	9615
SRX18425972	6.79657	39.3946209954693	12260	31121	51.4048780487805	10538	20500	0	0	33043	0.05	0.952575684842091	3.62204414985515	9615
SRX18425973	2.75074	44.6997204460011	13911	31121	58.2829268292683	11948	20500	0	0	33043	0.05	0.473090354631549	3.23288485021819	9615
SRX18425974	4.85617	40.422865589152	12580	31121	52.2634146341463	10714	20500	0	0	33043	0.05	0.610298320911812	3.81386181085574	9615
SRX18425975	6.18544	39.751293338903	12371	31121	51.3414634146341	10525	20500	0	0	33043	0.05	0.857960598700689	3.59671976036295	9615
SRX18425976	4.07124	35.5097843899618	11051	31121	45.3170731707317	9290	20500	0	0	33043	0.05	0.487848642178349	3.89929406325521	9615
SRX18425977	0.0662748	41.5057356768741	12917	31121	55.3658536585366	11350	20500	0	0	33043	0.05	0.0297604783838235	2.0266247919747	9615
SRX18425978	0.0549697	41.8495549628868	13024	31121	55.6487804878049	11408	20500	0	0	33043	0.05	0.0237089048544677	2.05389400228774	9615
SRX18425979	0.87736	44.4522990906462	13834	31121	57.2487804878049	11736	20500	0	0	33043	0.05	0.187984735516743	2.85128473864725	9615
SRX18425980	11.38272	32.7849362167025	10203	31121	42.2439024390244	8660	20500	0	0	33043	0.05	1.51304135654645	3.7634574584371	9615
SRX18425981	11.4757	32.8106423315446	10211	31121	42.4439024390244	8701	20500	0	0	33043	0.05	1.44739742173751	3.85027685119358	9615
SRX18425982	12.4064	31.4964172102439	9802	31121	40.590243902439	8321	20500	0	0	33043	0.05	1.52857776964777	3.91314324340196	9615
SRX18425983	1.63789	36.158863789724	11253	31121	46.2829268292683	9488	20500	0	0	33043	0.05	0.221396448688372	3.72553107783901	9615
SRX18426095	3.68829	35.1177661386202	10929	31121	45.1951219512195	9265	20500	0	0	33043	0.05	0.48630338190957	3.79423242082009	9615
SRX18426096	0.384746	44.4683654124225	13839	31121	58.4	11972	20500	0	0	33043	0.05	0.0934500418516082	2.77003386545768	9615
SRX18426097	0.465409	42.9484913723852	13366	31121	56.1365853658537	11508	20500	0	0	33043	0.05	0.115613243163854	2.74308550109707	9615
SRX18426098	2.976992	35.6929404582115	11108	31121	46.3951219512195	9511	20500	0	0	33043	0.05	0.421437481635433	3.6604073213352	9615
SRX18426099	3.31764	36.1813566402108	11260	31121	47.0048780487805	9636	20500	0	0	33043	0.05	0.445609030098505	3.75615512022679	9615
SRX18426100	3.6556795	35.7507792166061	11126	31121	46.2487804878049	9481	20500	0	0	33043	0.05	0.500487595897256	3.74865611049306	9615
SRX18426101	2.4276	41.4960958838084	12914	31121	52.9268292682927	10850	20500	0	0	33043	0.05	0.297151893269642	3.81523662337529	9615
SRX18426102	2.69687	38.919057870891	12112	31121	49.4634146341463	10140	20500	0	0	33043	0.05	0.372994083594646	3.57655810910097	9615
SRX18426103	2.54887	39.0026027441278	12138	31121	49.4829268292683	10144	20500	0	0	33043	0.05	0.322606066730594	3.76329123101143	9615
SRX18426104	2.92729	38.4049355740497	11952	31121	49.0829268292683	10062	20500	0	0	33043	0.05	0.374398686567308	3.74585603210534	9615
SRX18426105	4.03913	34.9249702773047	10869	31121	44.8975609756098	9204	20500	0	0	33043	0.05	0.454498296641792	4.12023635553237	9615
SRX18426106	1.55802	35.712220044343	11114	31121	45.5365853658537	9335	20500	0	0	33043	0.05	0.232846862532737	3.55263294472636	9615
SRX18426107	1.88932	35.4969313325407	11047	31121	45.1463414634146	9255	20500	0	0	33043	0.05	0.268813046212489	3.64362419094452	9615
SRX18426108	1.60774	36.4062851450789	11330	31121	46.4585365853659	9524	20500	0	0	33043	0.05	0.241490182622571	3.56935133948815	9615
SRX18426109	1.98286	41.8816876064394	13034	31121	53.3463414634146	10936	20500	0	0	33043	0.05	0.33142651611419	3.2358203592209	9615
SRX18426110	2.67161	40.8727225988882	12720	31121	51.3609756097561	10529	20500	0	0	33043	0.05	0.424972330174109	3.32080564636374	9615
SRX18426111	2.541708	41.3900581600848	12881	31121	52.6975609756098	10803	20500	0	0	33043	0.05	0.44796530921393	3.13860373202857	9615
SRX18426112	0.508989	50.2843738954404	15649	31121	66.3560975609756	13603	20500	0	0	33043	0.05	0.123946099451059	2.71210839601087	9615
SRX18426113	0.725307	49.9887535747566	15557	31121	65.4	13407	20500	0	0	33043	0.05	0.146839395272046	2.96891179814467	9615
SRX18426114	0.776701	49.9534076668488	15546	31121	65.2585365853659	13378	20500	0	0	33043	0.05	0.160089270334484	2.946080765067	9615
SRX18426115	0.481947	48.5363580861797	15105	31121	64.1219512195122	13145	20500	0	0	33043	0.05	0.1230801149076	2.6563850142977	9615
SRX18426116	0.0729417	44.3398348382121	13799	31121	58.7268292682927	12039	20500	0	0	33043	0.05	0.0252848744992033	2.28488081295941	9615
SRX18426117	3.345711	35.2334436554095	10965	31121	45.3853658536585	9304	20500	0	0	33043	0.05	0.417921566078402	3.90033059120851	9615
SRX18426118	1.4291	35.2784293563831	10979	31121	45.190243902439	9264	20500	0	0	33043	0.05	0.210163250949826	3.6012154356787	9615
SRX18426119	1.39815	36.4930432826709	11357	31121	46.9121951219512	9617	20500	0	0	33043	0.05	0.208927290659978	3.56312542393945	9615
SRX18426120	2.05341	35.1756048970149	10947	31121	45.1219512195122	9250	20500	0	0	33043	0.05	0.271439655340308	3.86092232138184	9615
SRX18426121	2.100523	35.6961537225668	11109	31121	46.0536585365854	9441	20500	0	0	33043	0.05	0.294139933941175	3.74652501996405	9615
SRX18426122	3.35969	35.9500016066322	11188	31121	45.819512195122	9393	20500	0	0	33043	0.05	0.47284915827441	3.61220190528215	9615
SRX18426123	3.30757	36.8914880627229	11481	31121	47.3024390243902	9697	20500	0	0	33043	0.05	0.428501246179445	3.76625275385888	9615
SRX18426124	4.81516	35.0567141158703	10910	31121	44.7560975609756	9175	20500	0	0	33043	0.05	0.668373529386011	3.6348611171854	9615
SRX18426125	1.59079	34.828572346647	10839	31121	43.9560975609756	9011	20500	0	0	33043	0.05	0.262590924289363	3.38665250839017	9615
SRX18426126	2.27874	35.7218598374088	11117	31121	45.3560975609756	9298	20500	0	0	33043	0.05	0.41915243898188	3.17949511488668	9615
SRX18426127	3.81328	39.1086404678513	12171	31121	50.190243902439	10289	20500	0	0	33043	0.05	0.585516289416916	3.41245507786529	9615
SRX18426128	4.07852	34.4879663249896	10733	31121	44.1512195121951	9051	20500	0	0	33043	0.05	0.590697307334913	3.60052679355662	9615
SRX18426129	3.621335	34.8028662318049	10831	31121	44.9512195121951	9215	20500	0	0	33043	0.05	0.493218381026701	3.7230833609366	9615
SRX18426130	4.3088	33.8485267182931	10534	31121	43.4682926829268	8911	20500	0	0	33043	0.05	0.600278404013084	3.68951807301875	9615
SRX18426131	2.8778394	36.7983033964204	11452	31121	47.5756097560976	9753	20500	0	0	33043	0.05	0.419570171845191	3.56662571863491	9615
SRX18426132	3.03443	37.2931461071302	11606	31121	48.3463414634146	9911	20500	0	0	33043	0.05	0.426481491514864	3.61654299050522	9615
SRX18426133	2.9363	36.8047299251309	11454	31121	47.4926829268293	9736	20500	0	0	33043	0.05	0.414793787760415	3.63058954076419	9615
SRX18426134	2.6901500251432	36.5798014202628	11384	31121	46.9463414634146	9624	20500	0	0	33043	0.05	0.406693788873643	3.51026524164286	9615
SRX18426135	2.84796	36.8240095112625	11460	31121	47.4341463414634	9724	20500	0	0	33043	0.05	0.381355455916645	3.72836297727747	9615
SRX18426136	3.68494	36.4159249381447	11333	31121	46.8634146341463	9607	20500	0	0	33043	0.05	0.49178209680285	3.74246854792662	9615
SRX18426137	3.61737	36.7019054657627	11422	31121	46.8682926829268	9608	20500	0	0	33043	0.05	0.444888413005538	3.86102383013126	9615
SRX18426138	3.10371	37.0457247517753	11529	31121	47.2292682926829	9682	20500	0	0	33043	0.05	0.5131922070525	3.29516271972459	9615
SRX18426139	5.20840022468	39.6838147874426	12350	31121	51.7951219512195	10618	20500	0	0	33043	0.05	0.750536826153098	3.54568221858758	9615
SRX18426140	5.18562	40.8984287137303	12728	31121	52.8878048780488	10842	20500	0	0	33043	0.05	0.782932623007718	3.44970630858371	9615
SRX18426141	4.27723	44.3430481025674	13800	31121	57.4536585365854	11778	20500	0	0	33043	0.05	0.675007168155918	3.33143939561711	9615
SRX18426142	8.60834	33.0934095948074	10299	31121	42.7317073170732	8760	20500	0	0	33043	0.05	1.10680926528569	3.76400296359679	9615
SRX18426143	4.208553	38.8226599402333	12082	31121	49.3414634146341	10115	20500	0	0	33043	0.05	0.548735245446172	3.71311407114237	9615
SRX18426144	2.94873	39.3399955014299	12243	31121	50.590243902439	10371	20500	0	0	33043	0.05	0.416039080299333	3.58384421927908	9615
SRX18426145	6.32347	40.0822595674946	12474	31121	51.1756097560976	10491	20500	0	0	33043	0.05	1.09428407083532	3.21397477113766	9615
SRX18426146	5.19393	40.7795379325857	12691	31121	52.7951219512195	10823	20500	0	0	33043	0.05	0.761759859420908	3.51452236942568	9615
SRX18426147	6.63354	41.5121622055847	12919	31121	53.2439024390244	10915	20500	0	0	33043	0.05	1.13761761227935	3.2254231393496	9615
SRX18426148	2.72502	39.7352270171267	12366	31121	50.2439024390244	10300	20500	0	0	33043	0.05	0.358398560578901	3.68059367923162	9615
SRX18426149	11.3149	32.6403393207159	10158	31121	41.8926829268293	8588	20500	0	0	33043	0.05	1.36304100209788	3.98128032419461	9615
SRX18426150	6.444747	34.3947816586871	10704	31121	44.590243902439	9141	20500	0	0	33043	0.05	0.838215050453473	3.8165461961463	9615
SRX18426151	6.18195	35.6704476077247	11101	31121	46.3609756097561	9504	20500	0	0	33043	0.05	0.833284451076206	3.744160600049	9615
SRX18426152	6.027079	35.8278975611324	11150	31121	46.4682926829268	9526	20500	0	0	33043	0.05	0.689218737102418	4.09642097549095	9615
SRX18426153	2.70437	33.6621573856881	10476	31121	43.0682926829268	8829	20500	0	0	33043	0.05	0.327619700286025	3.96917683412954	9615
SRX18426154	2.776224	34.0220429934771	10588	31121	43.5170731707317	8921	20500	0	0	33043	0.05	0.386126579910083	3.655243510681	9615
SRX18426155	2.41796	34.0991613380033	10612	31121	43.7707317073171	8973	20500	0	0	33043	0.05	0.296745339111347	3.92853051170675	9615
SRX18426156	3.97617	36.2873943639343	11293	31121	46.4	9512	20500	0	0	33043	0.05	0.601429355392614	3.46578515621803	9615
SRX18426157	7.26853	30.4810256739822	9486	31121	38.7121951219512	7936	20500	0	0	33043	0.05	1.01572810481678	3.62747317991379	9615
SRX18426158	3.38843	38.0097040583529	11829	31121	49.3024390243902	10107	20500	0	0	33043	0.05	0.605081828791712	3.19829882095173	9615
SRX18426159	0.228173	37.0778573953279	11539	31121	49.2975609756098	10106	20500	0	0	33043	0.05	0.0663588193730592	2.66827423573912	9615
SRX18426160	0.390807	37.4634491179589	11659	31121	48.5853658536585	9960	20500	0	0	33043	0.05	0.0894142187440518	2.87400637419059	9615
SRX18426161	2.39241	35.0245814723177	10900	31121	44.5463414634146	9132	20500	0	0	33043	0.05	0.339769528177847	3.61197961865592	9615
SRX18426162	1.959045	37.029658429999	11524	31121	47.4878048780488	9735	20500	0	0	33043	0.05	0.238423332763002	3.92325569350137	9615
SRX18426163	5.96991	38.135021368208	11868	31121	49.6926829268293	10187	20500	0	0	33043	0.05	0.81424147025897	3.70199231879684	9615
SRX18426164	6.00399	37.8426143118794	11777	31121	49.2	10086	20500	0	0	33043	0.05	0.910344279181858	3.49068775886181	9615
SRX18426165	5.91047	38.1285948394974	11866	31121	49.6390243902439	10176	20500	0	0	33043	0.05	0.748583182709844	3.84582173115399	9615
SRX18426166	5.035523	31.3293274637704	9750	31121	39.2634146341463	8049	20500	0	0	33043	0.05	0.548693168304964	4.12758626222673	9615
SRX18426167	5.23742	32.4603965168214	10102	31121	40.6780487804878	8339	20500	0	0	33043	0.05	0.619257313524927	3.94118704034473	9615
SRX18426168	6.01179	29.7998136306674	9274	31121	37.4536585365854	7678	20500	0	0	33043	0.05	0.65012155570585	4.13865719080618	9615
SRX18426169	3.6007	35.4776517464092	11041	31121	45.4682926829268	9321	20500	0	0	33043	0.05	0.494057466104742	3.67761095570076	9615
SRX18426170	2.47933	35.8503904116192	11157	31121	45.6634146341463	9361	20500	0	0	33043	0.05	0.354383559821997	3.60655737245088	9615
SRX18426171	3.1097199	35.8150445037113	11146	31121	45.7121951219512	9371	20500	0	0	33043	0.05	0.411923022908687	3.74494650102123	9615
SRX18426172	2.493996	40.2043636129944	12512	31121	51.3024390243902	10517	20500	0	0	33043	0.05	0.338498650558545	3.64874814808022	9615
SRX18426173	2.349508	41.5025224125189	12916	31121	52.9073170731707	10846	20500	0	0	33043	0.05	0.321192969598902	3.63295119868472	9615
SRX18426174	2.3476	40.8020307830725	12698	31121	52.2292682926829	10707	20500	0	0	33043	0.05	0.334217725873906	3.55392907698564	9615
SRX18426175	5.26375	31.4257253944282	9780	31121	40.1317073170732	8227	20500	0	0	33043	0.05	0.674858998877409	3.83388800848137	9615
SRX18426176	4.84717	31.7374120368883	9877	31121	40.2243902439024	8246	20500	0	0	33043	0.05	0.690364548987026	3.61938399426483	9615
SRX18426177	4.91781	32.0780180585457	9983	31121	40.5951219512195	8322	20500	0	0	33043	0.05	0.651366691756146	3.75367638832727	9615
SRX18426178	2.37463	37.4505960605379	11655	31121	48.3853658536585	9919	20500	0	0	33043	0.05	0.351311826318302	3.53409572904756	9615
SRX18426179	2.434863	36.7693840172231	11443	31121	47.4341463414634	9724	20500	0	0	33043	0.05	0.368234694307702	3.49920929742233	9615
SRX18426180	2.152363	38.732688538286	12054	31121	49.9268292682927	10235	20500	0	0	33043	0.05	0.324312220216111	3.47661185007398	9615
SRX18426181	4.66594	42.4375823398991	13207	31121	54.5268292682927	11178	20500	0	0	33043	0.05	0.76246242426007	3.29539147080596	9615
SRX18425558	1.92374	27.180770900917	21282	78298	57.1316902703697	12425	21748	0	0	61577	0.05	0.281671857411741	3.61217686859474	10090
SRX18425559	1.648745	27.6277810416613	21632	78298	58.2628287658635	12671	21748	0	0	61577	0.05	0.244581303737647	3.57943977602676	10090
SRX18425560	1.67662	28.7580781118292	22517	78298	59.0491079639507	12842	21748	0	0	61577	0.05	0.281697872994752	3.4111947959175	10090
SRX18425561	0.256185	28.7197629569082	22487	78298	58.0697075593158	12629	21748	0	0	61577	0.05	0.063589926832859	2.80324334628745	10090
SRX18425562	1.08194521	29.3404684666275	22973	78298	59.8077984182453	13007	21748	0	0	61577	0.05	0.194682599424928	3.30794943804433	10090
SRX18425563	1.793604	33.1515492094306	25957	78298	57.9777450800074	12609	21748	0	0	61577	0.05	0.270335229060246	3.51312292097972	10090
SRX18425564	1.547244	27.5984060895553	21609	78298	59.324995401876	12902	21748	0	0	61577	0.05	0.230551371881063	3.57050389824001	10090
SRX18425565	0.75106	28.1092748218345	22009	78298	56.3638035681442	12258	21748	0	0	61577	0.05	0.160260494028797	3.03784986172179	10090
SRX18425566	1.08408	28.8679148892692	22603	78298	59.8445834099687	13015	21748	0	0	61577	0.05	0.185067621094035	3.31146216939486	10090
SRX18425567	1.12335	28.0019923880559	21925	78298	57.0949052786463	12417	21748	0	0	61577	0.05	0.208685488169758	3.27430481133618	10090
SRX18425568	0.554457	25.5332192393165	19992	78298	53.333639874931	11599	21748	0	0	61577	0.05	0.201565791373455	2.42188981827593	10090
SRX18425570	0.65962	29.4477509004061	23057	78298	60.9159462939121	13248	21748	0	0	61577	0.05	0.209988237386072	2.49043730861071	10090
SRX18425571	0.898976	27.9598457176428	21892	78298	57.2788302372632	12457	21748	0	0	61577	0.05	0.362764930103891	2.2545859275702	10090
SRX18425572	1.17338	29.2050882525735	22867	78298	59.476733492735	12935	21748	0	0	61577	0.05	0.265424750079241	2.97389712666893	10090
SRX18425573	0.632481	30.023755396051	23508	78298	62.2356078719882	13535	21748	0	0	61577	0.05	0.141361261997522	2.98456359112406	10090
SRX18425574	0.779587	29.3289739201512	22964	78298	59.5135184844583	12943	21748	0	0	61577	0.05	0.188097801936649	2.88750718542667	10090
SRX18425575	1.1725687	30.1667986410892	23620	78298	61.8723560787199	13456	21748	0	0	61577	0.05	0.234148106217545	3.13415240668822	10090
SRX18425576	1.14285	28.9994635878311	22706	78298	58.5984918153393	12744	21748	0	0	61577	0.05	0.234356970012061	3.13414403667995	10090
SRX18425577	0.556017	30.0748422692789	23548	78298	62.4655140702593	13585	21748	0	0	61577	0.05	0.177360328156423	2.47796216676042	10090
SRX18425578	1.597019	29.2165827990498	22876	78298	59.3801728894611	12914	21748	0	0	61577	0.05	0.307379528338225	3.20319924776162	10090
SRX18425579	0.824585	29.3557945285959	22985	78298	60.980320029428	13262	21748	0	0	61577	0.05	0.312026033673311	2.29282613468184	10090
SRX18425580	0.495612	27.4591943600092	21500	78298	54.8786095273129	11935	21748	0	0	61577	0.05	0.112409383450917	2.94913745779844	10090
SRX18425581	0.862327	28.0786226978978	21985	78298	56.2626448409049	12236	21748	0	0	61577	0.05	0.188817997884621	2.97626639389743	10090
SRX18425582	0.642676	25.4067792280773	19893	78298	57.7524370057017	12560	21748	0	0	61577	0.05	0.409319103844476	1.9785965334448	10090
SRX18425607	0.6107304	28.3557689851593	22202	78298	57.7708295015634	12564	21748	0	0	61577	0.05	0.1287210546062	3.03103558465449	10090
SRX18425744	0.797433	29.8934838693198	23406	78298	60.2584145668567	13105	21748	0	0	61577	0.05	0.16489795815405	3.04744535122334	10090
SRX18425745	1.07671	28.682724973818	22458	78298	57.6052970388082	12528	21748	0	0	61577	0.05	0.187475590115916	3.33283330172832	10090
SRX18425746	0.9291283289939	30.5154665508698	23893	78298	61.3251793268347	13337	21748	0	0	61577	0.05	0.162363678280879	3.32421174758695	10090
SRX18425747	2.04897	24.5497969296789	19222	78298	51.1403347434247	11122	21748	0	0	61577	0.05	0.297647584799336	3.71103506697869	10090
SRX18425748	1.4165	26.1462617180515	20472	78298	54.1567040647416	11778	21748	0	0	61577	0.05	0.230869917980111	3.45951856323568	10090
SRX18425749	1.128443	28.5243556668114	22334	78298	58.0559131874195	12626	21748	0	0	61577	0.05	0.243435945971111	3.03901640979982	10090
SRX18425750	1.117279	29.2612838131242	22911	78298	59.4215560051499	12923	21748	0	0	61577	0.05	0.198669946730351	3.32136014622756	10090
SRX18425751	0.868917	30.1706301565813	23623	78298	60.7780025749494	13218	21748	0	0	61577	0.05	0.181202217619407	2.99417187895086	10090
SRX18425752	0.41787951409	28.1054433063424	22006	78298	57.2604377414015	12453	21748	0	0	61577	0.05	0.113457142517708	2.67586425092317	10090
SRX18425753	1.10956	30.4196786635674	23818	78298	62.7735883759426	13652	21748	0	0	61577	0.05	0.255189848905069	2.87837307606059	10090
SRX18425754	0.7369021	27.8729980331554	21824	78298	55.3246275519588	12032	21748	0	0	61577	0.05	0.1679641399472	2.95908802919059	10090
SRX18425769	0.903918	29.2153056272191	22875	78298	59.0445098399853	12841	21748	0	0	61577	0.05	0.16858358059096	3.15401336100962	10090
SRX18425770	1.48475	29.19870239342	22862	78298	59.4629391208387	12932	21748	0	0	61577	0.05	0.301922922403467	3.13516250294024	10090
SRX18425771	2.04152932	26.0772944391938	20418	78298	54.6027220893875	11875	21748	0	0	61577	0.05	0.306226931646156	3.62958596458635	10090
SRX18425772	1.06039	30.0122608495747	23499	78298	59.7986021703145	13005	21748	0	0	61577	0.05	0.198604695611227	3.24777965122249	10090
SRX18425773	1.8784300172707	26.1603106081892	20483	78298	54.5337502299062	11860	21748	0	0	61577	0.05	0.29130214608145	3.5738193644054	10090
SRX18425774	1.58271	27.7503895374084	21728	78298	57.2236527496781	12445	21748	0	0	61577	0.05	0.242408488490879	3.56593765195408	10090
SRX18425775	1.441798	27.8487317683721	21805	78298	57.5915026669119	12525	21748	0	0	61577	0.05	0.232288227795233	3.48100034582631	10090
SRX18425776	1.29781	28.7861758921045	22539	78298	58.9939304763656	12830	21748	0	0	61577	0.05	0.242784455941662	3.26111550545562	10090
SRX18425777	0.960202	28.9751973230478	22687	78298	59.4169578811845	12922	21748	0	0	61577	0.05	0.204171397572974	3.11518945577471	10090
SRX18425778	0.978432	30.3660374466781	23776	78298	62.0194960456134	13488	21748	0	0	61577	0.05	0.194042514900595	3.13766370399243	10090
SRX18425779	2.02132	28.46688293443	22289	78298	59.5732940960088	12956	21748	0	0	61577	0.05	0.320767627692062	3.49990486600294	10090
SRX18425780	0.584437	28.4822089963984	22301	78298	57.2926246091595	12460	21748	0	0	61577	0.05	0.132224607579516	2.94775287779768	10090
SRX18425781	0.72587	27.802753582467	21769	78298	57.1086996505426	12420	21748	0	0	61577	0.05	0.158700174952224	3.04882278986521	10090
SRX18425782	0.438923	25.1040895042019	19656	78298	53.0347618171786	11534	21748	0	0	61577	0.05	0.145215418945218	2.56813600816905	10090
SRX18425783	1.39613	29.2778870469233	22924	78298	59.0720985837778	12847	21748	0	0	61577	0.05	0.27490793784879	3.18139081120911	10090
SRX18425784	1.38344	26.4438427546042	20705	78298	54.8188339157624	11922	21748	0	0	61577	0.05	0.230027155330299	3.43008933316339	10090
SRX18425785	0.887692	30.2127768269943	23656	78298	61.2608055913187	13323	21748	0	0	61577	0.05	0.196886047215537	2.9391533896417	10090
SRX18425786	0.937654	29.495006258142	23094	78298	59.9273496413463	13033	21748	0	0	61577	0.05	0.174668481766747	3.24071508876013	10090
SRX18425787	0.912907	29.2038110807428	22866	78298	58.2122494022439	12660	21748	0	0	61577	0.05	0.182144119632451	3.1348424530381	10090
SRX18425788	0.0637463	25.2905565914838	19802	78298	54.4050027588744	11832	21748	0	0	61577	0.05	0.0335388102196471	1.99300123619254	10090
SRX18425789	0.232143	28.6597358808654	22440	78298	58.3042118815523	12680	21748	0	0	61577	0.05	0.0568714088882067	2.77293843795775	10090
SRX18425790	0.370426	28.0569107767759	21968	78298	57.4765495677763	12500	21748	0	0	61577	0.05	0.106714870843552	2.60663433077881	10090
SRX18425791	0.64352	28.399192827403	22236	78298	56.2442523450432	12232	21748	0	0	61577	0.05	0.149256184001667	2.91296953201755	10090
SRX18425792	1.4726365	26.8819126925337	21048	78298	53.3842192385507	11610	21748	0	0	61577	0.05	0.278620275296954	3.27981795273044	10090
SRX18425793	0.768444	29.7121254693606	23264	78298	60.6630494758139	13193	21748	0	0	61577	0.05	0.202695865824027	2.69087432764681	10090
SRX18425794	0.040819559	25.8984903828961	20278	78298	52.745080007357	11471	21748	0	0	61577	0.05	0.0209402709181545	2.03764477019311	10090
SRX18426006	1.463069	29.5639735369997	23148	78298	59.1778554349825	12870	21748	0	0	61577	0.05	0.282307854580907	3.20078442730693	10090
SRX18426007	1.30205	29.5218268665866	23115	78298	60.0974802280669	13070	21748	0	0	61577	0.05	0.355157039844451	2.63585722484163	10090
SRX18426008	0.0921755	24.8575953408772	19463	78298	53.6739010483723	11673	21748	0	0	61577	0.05	0.0446623650194227	2.16430630808815	10090
SRX18426009	1.31413	29.3008761398759	22942	78298	59.4031635092882	12919	21748	0	0	61577	0.05	0.253682469084066	3.21524445747026	10090
SRX18426010	0.758352	29.4771258525122	23080	78298	59.858377781865	13018	21748	0	0	61577	0.05	0.156401991668534	3.09931432113741	10090
SRX18426011	1.214182	28.763186799152	22521	78298	59.2008460548096	12875	21748	0	0	61577	0.05	0.289527775752589	2.94005963883227	10090
SRX18426012	0.691872	28.9675342920637	22681	78298	59.4997241125621	12940	21748	0	0	61577	0.05	0.14466415465335	3.02711006447724	10090
SRX18426013	0.846862	29.5448159595392	23133	78298	60.1802464594445	13088	21748	0	0	61577	0.05	0.243848584945344	2.58231388652987	10090
SRX18426014	0.783249	29.7082939538686	23261	78298	60.4745263932316	13152	21748	0	0	61577	0.05	0.175857491010507	2.9455727146646	10090
SRX18426015	0.7887529	26.3506092109632	20632	78298	54.8602170314512	11931	21748	0	0	61577	0.05	0.162627589513741	3.14882135325797	10090
SRX18426016	1.108582	29.8704947763672	23388	78298	59.2974066580835	12896	21748	0	0	61577	0.05	0.211625776810715	3.20793665350768	10090
SRX18426017	0.999971	29.3366369511354	22970	78298	58.322604377414	12684	21748	0	0	61577	0.05	0.204553030366027	3.10784269073529	10090
SRX18426018	0.53078041	30.256200669238	23690	78298	61.9413279382012	13471	21748	0	0	61577	0.05	0.134310632483535	2.75353584757444	10090
SRX18426019	1.329018	26.4591688165726	20717	78298	52.4829869413279	11414	21748	0	0	61577	0.05	0.251285567500679	3.27661536130771	10090
SRX18426020	0.678436	30.2791897621906	23708	78298	61.5458892771749	13385	21748	0	0	61577	0.05	0.185014201894238	2.61580703256297	10090
SRX18426021	0.753659	29.4847888834964	23086	78298	60.4239470296119	13141	21748	0	0	61577	0.05	0.163145413203947	2.97325927305104	10090
SRX18426022	0.0491719	26.0938976729929	20431	78298	52.2852676108148	11371	21748	0	0	61577	0.05	0.0245659045308831	2.04843147916536	10090
SRX18426023	0.4447153	27.219086055838	21312	78298	55.0579363619643	11974	21748	0	0	61577	0.05	0.110035229405969	2.81720797333139	10090
SRX18426024	0.7179285	28.8142736723799	22561	78298	58.5800993194777	12740	21748	0	0	61577	0.05	0.135305604472491	3.21730924883941	10090
SRX18426025	0.911201093	29.1578328948377	22830	78298	58.4789405922384	12718	21748	0	0	61577	0.05	0.191722429612286	3.04169952331211	10090
SRX18426026	0.810609	27.6073462923702	21616	78298	53.9405922383667	11731	21748	0	0	61577	0.05	0.195660973619877	2.87725117088587	10090
SRX18426027	1.0455736	30.3570972438632	23769	78298	60.5572926246092	13170	21748	0	0	61577	0.05	0.220114945144045	3.02042047219414	10090
SRX18426028	1.86214	25.0440624281591	19609	78298	52.0783520323708	11326	21748	0	0	61577	0.05	0.297946238644645	3.56095752279243	10090
SRX18425524	0.755331	51.7701721091552	15822	30562	59.6501861633042	13778	23098	0	0	36266	0.05	0.152254685692891	2.99000065033851	10116
SRX18425525	0.641111	51.711275440089	15804	30562	59.6415274049701	13776	23098	0	0	36266	0.05	0.135213545270679	2.92848497413209	10116
SRX18425526	2.22163	43.1581702768143	13190	30562	49.2683349207724	11380	23098	0	0	36266	0.05	0.322710901305048	3.57661837249863	10116
SRX18425527	3.06714	41.9802368954911	12830	30562	47.956533033163	11077	23098	0	0	36266	0.05	0.38789077736969	3.87162868736969	10116
SRX18425528	4.99402	33.2733459852104	10169	30562	37.5660230322972	8677	23098	0	0	36266	0.05	0.585994735700949	4.12118024005644	10116
SRX18425529	3.75408	35.5081473725541	10852	30562	40.2588968741882	9299	23098	0	0	36266	0.05	0.453088010664418	4.05793289395856	10116
SRX18425530	1.4163517	39.6440023558668	12116	30562	45.0558489912547	10407	23098	0	0	36266	0.05	0.201879603459748	3.65520730470198	10116
SRX18425531	2.1021953	41.0477063019436	12545	30562	46.8612001039051	10824	23098	0	0	36266	0.05	0.269684403087658	3.86947727910636	10116
SRX18425532	2.50445	40.1282638570774	12264	30562	45.6143389038012	10536	23098	0	0	36266	0.05	0.32835044375509	3.81976649787013	10116
SRX18425533	2.40468	40.7434068451018	12452	30562	46.3979565330332	10717	23098	0	0	36266	0.05	0.323868860242982	3.76766706769589	10116
SRX18425534	3.21107	38.9143380668804	11893	30562	43.7180708286432	10098	23098	0	0	36266	0.05	0.374919093113242	4.07560960908734	10116
SRX18425535	3.06731	39.6767227275702	12126	30562	44.635899212053	10310	23098	0	0	36266	0.05	0.367142547350207	4.01307704008925	10116
SRX18425536	2.975814	40.3114979386166	12320	30562	45.2550004329379	10453	23098	0	0	36266	0.05	0.348301951981729	4.03984083668194	10116
SRX18425537	3.55723	38.891433806688	11886	30562	43.7830115161486	10113	23098	0	0	36266	0.05	0.393194220497282	4.16595623714563	10116
SRX18425538	3.85957	38.394084156796	11734	30562	43.1812278119318	9974	23098	0	0	36266	0.05	0.421061039097736	4.21723699323997	10116
SRX18425539	3.03242	40.7793992539755	12463	30562	45.900077928825	10602	23098	0	0	36266	0.05	0.347565292244062	4.07912189755044	10116
SRX18425540	2.43656	40.2951377527649	12315	30562	45.6576326954715	10546	23098	0	0	36266	0.05	0.324513980856593	3.77433581956551	10116
SRX18425541	2.26819	40.5372685033702	12389	30562	45.9217248246601	10607	23098	0	0	36266	0.05	0.30825520383956	3.73638745599466	10116
SRX18425542	1.5782	43.776585302009	13379	30562	49.7575547666465	11493	23098	0	0	36266	0.05	0.223758957581433	3.62482994563667	10116
SRX18425543	1.42304	44.6633073751718	13650	30562	50.8052645250671	11735	23098	0	0	36266	0.05	0.21207002876114	3.52358881390845	10116
SRX18425544	0.920047	42.4481382108501	12973	30562	48.0258030998355	11093	23098	0	0	36266	0.05	0.152755650340712	3.42518437823632	10116
SRX18425545	0.943177	42.4579543223611	12976	30562	47.943544895662	11074	23098	0	0	36266	0.05	0.166119227112114	3.31812068235814	10116
SRX18425546	1.15263400731982	41.5712322491984	12705	30562	47.5885358039657	10992	23098	0	0	36266	0.05	0.207415321724517	3.22690613536254	10116
SRX18425547	0.727697	50.3304757542046	15382	30562	58.1262446965105	13426	23098	0	0	36266	0.05	0.163762430528743	2.8600739043632	10116
SRX18425548	0.888122	49.263791636673	15056	30562	56.8057840505672	13121	23098	0	0	36266	0.05	0.18205549896356	2.97145930944651	10116
SRX18425549	0.876074	43.5704469602775	13316	30562	49.7792016624816	11498	23098	0	0	36266	0.05	0.140348525606146	3.47492638690751	10116
SRX18425550	0.961997	43.5900791832995	13322	30562	49.6363321499697	11465	23098	0	0	36266	0.05	0.155085529223797	3.45796899392665	10116
SRX18425551	0.805571	43.8518421569269	13402	30562	49.7921897999827	11501	23098	0	0	36266	0.05	0.131269853234407	3.39248018981993	10116
SRX18425552	0.725805	43.4362934362934	13275	30562	49.372240020781	11404	23098	0	0	36266	0.05	0.122062828043451	3.35751235170932	10116
SRX18425553	1.901474	40.7434068451018	12452	30562	46.7616243830635	10801	23098	0	0	36266	0.05	0.276442438124305	3.60004680748027	10116
SRX18425554	1.57069	40.7630390681238	12458	30562	46.7659537622305	10802	23098	0	0	36266	0.05	0.234492172098799	3.55252156537316	10116
SRX18425555	0.48491	52.3100582422616	15987	30562	60.4381331717032	13960	23098	0	0	36266	0.05	0.113778847936789	2.80800257790629	10116
SRX18425556	0.567711	52.1922649041293	15951	30562	60.3428868300286	13938	23098	0	0	36266	0.05	0.135228364832786	2.79315203632375	10116
SRX18425557	1.64884	46.0375629867155	14070	30562	52.9829422460819	12238	23098	0	0	36266	0.05	0.219877509910948	3.76825122761307	10116
SRX18425569	1.5757	44.2772069890714	13532	30562	50.6623950125552	11702	23098	0	0	36266	0.05	0.281079501010221	3.22194951680315	10116
SRX18425715	2.064321	41.5286957659839	12692	30562	47.6231708373019	11000	23098	0	0	36266	0.05	0.321045360208047	3.48745002445815	10116
SRX18425717	0.230958	45.9361298344349	14039	30562	52.3768291626981	12098	23098	0	0	36266	0.05	0.0483215546022905	2.98609735838981	10116
SRX18425719	0.2317439	45.7659839015771	13987	30562	51.9655381418305	12003	23098	0	0	36266	0.05	0.0504551878392754	2.93058092156748	10116
SRX18425722	1.09707	46.567633008311	14232	30562	53.4375270586198	12343	23098	0	0	36266	0.05	0.162182631130892	3.53306146105479	10116
SRX18425725	0.782244	46.6298017145475	14251	30562	53.2686812711057	12304	23098	0	0	36266	0.05	0.122879478975568	3.44275115382309	10116
SRX18425727	2.07633	37.7658530200903	11542	30562	43.0210407827518	9937	23098	0	0	36266	0.05	0.252005124978619	4.09066032669516	10116
SRX18425728	2.18295	36.7613376087952	11235	30562	41.8780846826565	9673	23098	0	0	36266	0.05	0.291281699250548	3.88065987923045	10116
SRX18425729	1.45405	43.3904849159086	13261	30562	49.4371807082864	11419	23098	0	0	36266	0.05	0.227152160248772	3.45609006876566	10116
SRX18425730	1.50247	43.7046004842615	13357	30562	49.8657892458221	11518	23098	0	0	36266	0.05	0.247625211705324	3.36131775288817	10116
SRX18425731	1.68837	42.8669589686539	13101	30562	48.9176552082431	11299	23098	0	0	36266	0.05	0.262543389542535	3.46710914032244	10116
SRX18425732	1.56152	42.6444604410706	13033	30562	48.7185037665599	11253	23098	0	0	36266	0.05	0.226861489543606	3.60567500162655	10116
SRX18425733	1.684729	46.2273411425954	14128	30562	53.2556931336046	12301	23098	0	0	36266	0.05	0.226266084079399	3.75968621358411	10116
SRX18425734	0.707832	43.5017341797003	13295	30562	49.4198631916183	11415	23098	0	0	36266	0.05	0.133489285576621	3.17403078851456	10116
SRX18425735	0.795514	42.8767750801649	13104	30562	48.8180794874015	11276	23098	0	0	36266	0.05	0.150844774990767	3.16062465636851	10116
SRX18425736	1.56715	46.3843989267718	14176	30562	51.575894016798	11913	23098	0	0	36266	0.05	0.182594192602298	4.01605617802011	10116
SRX18425737	1.1747	45.7005431581703	13967	30562	52.524028054377	12132	23098	0	0	36266	0.05	0.160430807608672	3.69299763728174	10116
SRX18425738	1.844223	41.6072246580721	12716	30562	47.4889600831241	10969	23098	0	0	36266	0.05	0.241069319520281	3.83069062098086	10116
SRX18425739	1.82867	44.7941888619855	13690	30562	51.4416832626201	11882	23098	0	0	36266	0.05	0.245409200667336	3.75434180035283	10116
SRX18425740	0.882889	35.8909757214842	10969	30562	40.5576240367131	9368	23098	0	0	36266	0.05	0.231584108365841	2.66678676928878	10116
SRX18425741	1.59784	35.2071199528827	10760	30562	39.0423413282535	9018	23098	0	0	36266	0.05	0.325867195602281	3.05239993145199	10116
SRX18425742	0.343459	40.3671225705124	12337	30562	47.0993159580916	10879	23098	0	0	36266	0.05	0.111736084292105	2.38238181933098	10116
SRX18425743	0.237163	39.8697729206204	12185	30562	46.9174820330765	10837	23098	0	0	36266	0.05	0.0938103735917037	2.1716817468604	10116
SRX18425760	0.0682604	31.8205614815784	9725	30562	37.8041388864837	8732	23098	0	0	36266	0.05	0.0444875624516711	1.76387851570867	10116
SRX18425761	1.39696	44.617498854787	13636	30562	50.9048402459087	11758	23098	0	0	36266	0.05	0.217587539423865	3.44547903642857	10116
SRX18425762	1.55877	43.4003010274197	13264	30562	49.1904060957659	11362	23098	0	0	36266	0.05	0.254793162725436	3.37090338322781	10116
SRX18425763	2.426428	41.9540605981284	12822	30562	48.1167200623431	11114	23098	0	0	36266	0.05	0.334435413379792	3.69035616677022	10116
SRX18425764	2.88473	42.0293174530463	12845	30562	48.2379426790198	11142	23098	0	0	36266	0.05	0.391691175505722	3.71446477329951	10116
SRX18425765	2.83706	42.4546822851908	12975	30562	48.6708805957226	11242	23098	0	0	36266	0.05	0.404902737354477	3.61534858595809	10116
SRX18425766	3.8589	40.5503566520516	12393	30562	46.2983808121915	10694	23098	0	0	36266	0.05	0.467444777242188	3.94528723358937	10116
SRX18425767	0.1244734	41.6955696616714	12743	30562	47.7270759373106	11024	23098	0	0	36266	0.05	0.0358974041609307	2.55525462563831	10116
SRX18425768	0.135449	41.9671487468098	12826	30562	48.2769070915231	11151	23098	0	0	36266	0.05	0.0407196212477414	2.50375035891597	10116
SRX18425984	0.685466	39.4018716052614	12042	30562	45.3199411204433	10468	23098	0	0	36266	0.05	0.129067232101253	3.24873308426458	10116
SRX18425985	1.040069	38.6656632419344	11817	30562	44.4887003203741	10276	23098	0	0	36266	0.05	0.173652060653218	3.43689101148894	10116
SRX18425986	0.969207	45.0428636869315	13766	30562	51.4113776084509	11875	23098	0	0	36266	0.05	0.1584706049964	3.35081808609548	10116
SRX18425987	1.78566	43.9336430861855	13427	30562	50.0735994458395	11566	23098	0	0	36266	0.05	0.285547709332956	3.42809213347301	10116
SRX18425988	0.7044341	46.0539231725672	14075	30562	53.0478829335873	12253	23098	0	0	36266	0.05	0.143844024300366	3.00030618398288	10116
SRX18425989	0.4830755	48.9496760683201	14960	30562	56.5590094380466	13064	23098	0	0	36266	0.05	0.11263623568712	2.81129443510385	10116
SRX18425990	0.862745	47.4510830443034	14502	30562	54.8185990129016	12662	23098	0	0	36266	0.05	0.189364362422751	2.89668322115936	10116
SRX18425991	0.700889	48.7533538380996	14900	30562	56.4377868213698	13036	23098	0	0	36266	0.05	0.150198590580915	2.94684437567523	10116
SRX18425992	0.642457	49.9934559256593	15279	30562	57.9660576673305	13389	23098	0	0	36266	0.05	0.156743054245459	2.73255183005909	10116
SRX18425993	0.500919	50.1374255611544	15323	30562	58.0353277340029	13405	23098	0	0	36266	0.05	0.123666385738111	2.71986359855748	10116
SRX18425994	1.01286	42.3663372815915	12948	30562	48.4760585332063	11197	23098	0	0	36266	0.05	0.187716019395797	3.16688621289727	10116
SRX18425995	0.248686	36.0447614684903	11016	30562	42.4149276993679	9797	23098	0	0	36266	0.05	0.0942515716769941	2.30960254529742	10116
SRX18425996	0.334613	37.5204502323146	11467	30562	43.5795306952983	10066	23098	0	0	36266	0.05	0.105352587160221	2.52371540047594	10116
SRX18425997	0.409178	37.7102283881945	11525	30562	43.0383582994199	9941	23098	0	0	36266	0.05	0.120650585149749	2.51560552096559	10116
SRX18425998	0.402434	39.7585236568287	12151	30562	45.3589055329466	10477	23098	0	0	36266	0.05	0.121528480496428	2.48492495841821	10116
SRX18425999	0.424632	39.971206072901	12216	30562	46.3330158455278	10702	23098	0	0	36266	0.05	0.117921132852772	2.58737180853345	10116
SRX18426000	0.454869	38.986322884628	11915	30562	45.3372586371114	10472	23098	0	0	36266	0.05	0.140566576738348	2.45743981752192	10116
SRX18426001	0.234572	40.1217197827367	12262	30562	47.3850549831154	10945	23098	0	0	36266	0.05	0.0878003014514632	2.22884914768042	10116
SRX18426002	0.2450068	38.4758850860546	11759	30562	44.9865789245822	10391	23098	0	0	36266	0.05	0.088952867946462	2.31090682478969	10116
SRX18426003	0.12458143	32.9690465283686	10076	30562	39.1981989782665	9054	23098	0	0	36266	0.05	0.0612384344022036	2.10955254606521	10116
SRX18426004	0.516143	42.7687978535436	13071	30562	48.9955840332496	11317	23098	0	0	36266	0.05	0.142170037125437	2.57609066833126	10116
SRX18426005	0.0754659	29.6806491721746	9071	30562	35.3970040696164	8176	23098	0	0	36266	0.05	0.0573571882892749	1.63426251520234	10116
